PlayerName,Player01
VisualCondition,Base
LoadCondition,Low
GrabbedObject,50-10
Timestamp,Frame,PoseType,JointName,PosX,PosY,PosZ,RotX,RotY,RotZ,RotW
0.0024,5672,Real,Wrist,-17.708530,0.985642,20.820980,0.667855,0.162641,0.073350,-0.722591
0.0024,5672,Real,Thumb_CMC,-17.680700,1.019384,20.839080,0.072159,0.424959,-0.333613,-0.838394
0.0024,5672,Real,Thumb_MCP,-17.662430,1.046641,20.868250,0.006382,0.430995,-0.201598,-0.879523
0.0024,5672,Real,Thumb_IP,-17.635600,1.064297,20.905290,-0.111353,0.416411,0.045803,-0.901169
0.0024,5672,Real,Thumb_FingerTip,-17.617100,1.059302,20.926390,-0.111353,0.416411,0.045803,-0.901169
0.0024,5672,Real,Index_MCP,-17.611870,1.029445,20.864110,0.620763,0.214989,0.124833,-0.743539
0.0024,5672,Real,Index_PIP,-17.570830,1.033251,20.886340,0.588086,0.292784,0.219109,-0.721405
0.0024,5672,Real,Index_DIP,-17.551820,1.033984,20.903990,0.550362,0.358704,0.300910,-0.691294
0.0024,5672,Real,Index_FingerTip,-17.536710,1.033414,20.926240,0.550362,0.358704,0.300910,-0.691294
0.0024,5672,Real,Middle_MCP,-17.606700,1.002746,20.860530,0.641278,0.247478,0.165999,-0.707080
0.0024,5672,Real,Middle_PIP,-17.563270,1.007110,20.890250,0.582510,0.364917,0.297438,-0.662607
0.0024,5672,Real,Middle_DIP,-17.547840,1.007969,20.913260,0.511363,0.459337,0.406581,-0.601838
0.0024,5672,Real,Middle_FingerTip,-17.540840,1.007413,20.940670,0.511363,0.459337,0.406581,-0.601838
0.0024,5672,Real,Ring_MCP,-17.607850,0.978224,20.859270,0.665847,0.231950,0.151254,-0.692799
0.0024,5672,Real,Ring_PIP,-17.568450,0.982845,20.883590,0.622046,0.331981,0.256414,-0.661135
0.0024,5672,Real,Ring_DIP,-17.551370,0.984794,20.903560,0.569831,0.415265,0.345869,-0.619050
0.0024,5672,Real,Ring_FingerTip,-17.540650,0.985956,20.927000,0.569831,0.415265,0.345869,-0.619050
0.0024,5672,Real,Pinky_MCP,-17.614140,0.956793,20.858010,0.678121,0.231861,0.152759,-0.680483
0.0024,5672,Real,Pinky_PIP,-17.580840,0.960989,20.878590,0.634187,0.333788,0.256000,-0.648735
0.0024,5672,Real,Pinky_DIP,-17.568990,0.962662,20.892490,0.581603,0.418743,0.343734,-0.606827
0.0024,5672,Real,Pinky_FingerTip,-17.561080,0.964001,20.909890,0.581603,0.418743,0.343734,-0.606827
0.0024,5672,Virtual,Wrist,-17.704440,0.994012,20.804670,0.668619,0.154996,0.067915,-0.724095
0.0024,5672,Virtual,Thumb_CMC,-17.676200,1.027683,20.822240,0.069400,0.416971,-0.333226,-0.842781
0.0024,5672,Virtual,Thumb_MCP,-17.657310,1.054888,20.851060,0.004876,0.422679,-0.200545,-0.883799
0.0024,5672,Virtual,Thumb_IP,-17.629740,1.072470,20.887610,-0.110535,0.407999,0.047982,-0.904996
0.0024,5672,Virtual,Thumb_FingerTip,-17.610860,1.067425,20.908350,-0.110535,0.407999,0.047982,-0.904996
0.0024,5672,Virtual,Index_MCP,-17.606880,1.037573,20.845970,0.622075,0.207194,0.119873,-0.745469
0.0024,5672,Virtual,Index_PIP,-17.565420,1.041275,20.867420,0.590386,0.285221,0.214437,-0.723955
0.0024,5672,Virtual,Index_DIP,-17.546070,1.041958,20.884710,0.553520,0.351458,0.296563,-0.694366
0.0024,5672,Virtual,Index_FingerTip,-17.530550,1.041345,20.906670,0.553520,0.351458,0.296563,-0.694366
0.0024,5672,Virtual,Middle_MCP,-17.601840,1.010862,20.842290,0.643022,0.239996,0.160804,-0.709273
0.0024,5672,Virtual,Middle_PIP,-17.557850,1.015115,20.871180,0.585645,0.357903,0.292755,-0.665748
0.0024,5672,Virtual,Middle_DIP,-17.541980,1.015930,20.893900,0.515654,0.452964,0.402506,-0.605735
0.0024,5672,Virtual,Middle_FingerTip,-17.534460,1.015351,20.921170,0.515654,0.452964,0.402506,-0.605735
0.0024,5672,Virtual,Ring_MCP,-17.603070,0.986344,20.841040,0.667433,0.224577,0.145808,-0.694866
0.0024,5672,Virtual,Ring_PIP,-17.563210,0.990865,20.864620,0.624752,0.324941,0.251353,-0.664019
0.0024,5672,Virtual,Ring_DIP,-17.545750,0.992767,20.884260,0.573490,0.408670,0.341258,-0.622609
0.0024,5672,Virtual,Ring_FingerTip,-17.534580,0.993897,20.907490,0.573490,0.408670,0.341258,-0.622609
0.0024,5672,Virtual,Pinky_MCP,-17.609440,0.964929,20.839900,0.679723,0.224590,0.147183,-0.682550
0.0024,5672,Virtual,Pinky_PIP,-17.575740,0.969039,20.859850,0.636892,0.326851,0.250809,-0.651638
0.0024,5672,Virtual,Pinky_DIP,-17.563630,0.970680,20.873520,0.585247,0.412250,0.338998,-0.610424
0.0024,5672,Virtual,Pinky_FingerTip,-17.555380,0.971996,20.890760,0.585247,0.412250,0.338998,-0.610424
0.0024,5672,Render,Wrist,-17.704440,0.994012,20.804670,0.668619,0.154996,0.067915,-0.724095
0.0024,5672,Render,Thumb_CMC,-17.676200,1.027683,20.822240,0.026790,0.428977,-0.217898,-0.876232
0.0024,5672,Render,Thumb_MCP,-17.652620,1.045460,20.854730,-0.017155,0.429470,-0.127283,-0.893902
0.0024,5672,Render,Thumb_IP,-17.623260,1.055895,20.892590,-0.101850,0.417571,0.052227,-0.901407
0.0024,5672,Render,Thumb_FingerTip,-17.604860,1.050787,20.913750,-0.101850,0.417571,0.052227,-0.901407
0.0024,5672,Render,Index_MCP,-17.606880,1.037573,20.845970,0.625093,0.197903,0.108753,-0.747172
0.0024,5672,Render,Index_PIP,-17.564830,1.041549,20.866180,0.599206,0.266192,0.191172,-0.730443
0.0024,5672,Render,Index_DIP,-17.544450,1.042580,20.882220,0.569541,0.324853,0.263351,-0.707630
0.0024,5672,Render,Index_FingerTip,-17.526960,1.042508,20.902660,0.569541,0.324853,0.263351,-0.707630
0.0024,5672,Render,Middle_MCP,-17.601840,1.010862,20.842290,0.646384,0.230786,0.150655,-0.711497
0.0024,5672,Render,Middle_PIP,-17.557060,1.015297,20.869910,0.597626,0.337517,0.269648,-0.675437
0.0024,5672,Render,Middle_DIP,-17.539690,1.016382,20.891480,0.538758,0.425223,0.370098,-0.626062
0.0024,5672,Render,Middle_FingerTip,-17.529370,1.016234,20.917840,0.538758,0.425223,0.370098,-0.626062
0.0024,5672,Render,Ring_MCP,-17.603070,0.986344,20.841040,0.672450,0.209075,0.129693,-0.698053
0.0024,5672,Render,Ring_PIP,-17.562170,0.991003,20.862740,0.642262,0.288793,0.213086,-0.677269
0.0024,5672,Render,Ring_DIP,-17.542610,0.993172,20.880250,0.607031,0.356953,0.285504,-0.650066
0.0024,5672,Render,Ring_FingerTip,-17.527590,0.994776,20.901170,0.607031,0.356953,0.285504,-0.650066
0.0024,5672,Render,Pinky_MCP,-17.609440,0.964929,20.839900,0.684737,0.208804,0.131353,-0.685772
0.0024,5672,Render,Pinky_PIP,-17.574860,0.969094,20.858260,0.654491,0.290009,0.213250,-0.664877
0.0024,5672,Render,Pinky_DIP,-17.561270,0.970856,20.870450,0.619055,0.359492,0.284319,-0.637730
0.0024,5672,Render,Pinky_FingerTip,-17.550160,0.972436,20.885980,0.619055,0.359492,0.284319,-0.637730
0.0171,5673,Real,Wrist,-17.710130,0.985477,20.823220,0.667516,0.168251,0.077745,-0.721159
0.0171,5673,Real,Thumb_CMC,-17.682600,1.019263,20.841690,0.074694,0.430926,-0.333692,-0.835089
0.0171,5673,Real,Thumb_MCP,-17.664780,1.046562,20.871100,0.007976,0.437279,-0.202181,-0.876269
0.0171,5673,Real,Thumb_IP,-17.638510,1.064277,20.908520,-0.111532,0.422891,0.044356,-0.898197
0.0171,5673,Real,Thumb_FingerTip,-17.620310,1.059318,20.929890,-0.111532,0.422891,0.044356,-0.898197
0.0171,5673,Real,Index_MCP,-17.614150,1.029416,20.867710,0.620033,0.220746,0.128853,-0.741773
0.0171,5673,Real,Index_PIP,-17.573440,1.033283,20.890530,0.586623,0.298400,0.222869,-0.719139
0.0171,5673,Real,Index_DIP,-17.554690,1.034050,20.908450,0.548261,0.364114,0.304383,-0.688608
0.0171,5673,Real,Index_FingerTip,-17.539910,1.033514,20.930930,0.548261,0.364114,0.304383,-0.688608
0.0171,5673,Real,Middle_MCP,-17.608900,1.002719,20.864230,0.640217,0.252998,0.170172,-0.705093
0.0171,5673,Real,Middle_PIP,-17.565910,1.007154,20.894570,0.580419,0.370134,0.301158,-0.659863
0.0171,5673,Real,Middle_DIP,-17.550810,1.008047,20.917800,0.508409,0.464118,0.409776,-0.598497
0.0171,5673,Real,Middle_FingerTip,-17.544210,1.007521,20.945320,0.508409,0.464118,0.409776,-0.598497
0.0171,5673,Real,Ring_MCP,-17.610000,0.978195,20.862970,0.664894,0.237373,0.155619,-0.690907
0.0171,5673,Real,Ring_PIP,-17.570960,0.982878,20.887860,0.620268,0.337192,0.260435,-0.658592
0.0171,5673,Real,Ring_DIP,-17.554190,0.984860,20.908080,0.567345,0.420178,0.349497,-0.615972
0.0171,5673,Real,Ring_FingerTip,-17.543800,0.986053,20.931660,0.567345,0.420178,0.349497,-0.615972
0.0171,5673,Real,Pinky_MCP,-17.616250,0.956757,20.861640,0.677153,0.237203,0.157220,-0.678588
0.0171,5673,Real,Pinky_PIP,-17.583260,0.961004,20.882700,0.632405,0.338916,0.260115,-0.646174
0.0171,5673,Real,Pinky_DIP,-17.571610,0.962701,20.896770,0.579125,0.423573,0.347453,-0.603719
0.0171,5673,Real,Pinky_FingerTip,-17.563960,0.964063,20.914280,0.579125,0.423573,0.347453,-0.603719
0.0171,5673,Virtual,Wrist,-17.706970,0.993980,20.816540,0.667855,0.162640,0.073350,-0.722591
0.0171,5673,Virtual,Thumb_CMC,-17.679140,1.027723,20.834630,0.072159,0.424959,-0.333614,-0.838395
0.0171,5673,Virtual,Thumb_MCP,-17.660860,1.054979,20.863810,0.006382,0.430995,-0.201598,-0.879524
0.0171,5673,Virtual,Thumb_IP,-17.634030,1.072636,20.900850,-0.111353,0.416410,0.045803,-0.901169
0.0171,5673,Virtual,Thumb_FingerTip,-17.615540,1.067641,20.921950,-0.111353,0.416410,0.045803,-0.901169
0.0171,5673,Virtual,Index_MCP,-17.610310,1.037784,20.859670,0.620763,0.214989,0.124833,-0.743539
0.0171,5673,Virtual,Index_PIP,-17.569270,1.041590,20.881900,0.588086,0.292784,0.219109,-0.721405
0.0171,5673,Virtual,Index_DIP,-17.550260,1.042323,20.899550,0.550362,0.358704,0.300909,-0.691294
0.0171,5673,Virtual,Index_FingerTip,-17.535150,1.041752,20.921800,0.550362,0.358704,0.300909,-0.691294
0.0171,5673,Virtual,Middle_MCP,-17.605130,1.011084,20.856080,0.641278,0.247478,0.165999,-0.707080
0.0171,5673,Virtual,Middle_PIP,-17.561710,1.015449,20.885810,0.582511,0.364917,0.297439,-0.662607
0.0171,5673,Virtual,Middle_DIP,-17.546270,1.016307,20.908820,0.511364,0.459337,0.406581,-0.601838
0.0171,5673,Virtual,Middle_FingerTip,-17.539270,1.015752,20.936230,0.511364,0.459337,0.406581,-0.601838
0.0171,5673,Virtual,Ring_MCP,-17.606280,0.986563,20.854820,0.665847,0.231950,0.151253,-0.692799
0.0171,5673,Virtual,Ring_PIP,-17.566880,0.991184,20.879150,0.622046,0.331981,0.256414,-0.661135
0.0171,5673,Virtual,Ring_DIP,-17.549810,0.993133,20.899120,0.569831,0.415265,0.345868,-0.619050
0.0171,5673,Virtual,Ring_FingerTip,-17.539080,0.994295,20.922560,0.569831,0.415265,0.345868,-0.619050
0.0171,5673,Virtual,Pinky_MCP,-17.612580,0.965132,20.853570,0.678121,0.231861,0.152759,-0.680483
0.0171,5673,Virtual,Pinky_PIP,-17.579280,0.969327,20.874150,0.634187,0.333788,0.256000,-0.648735
0.0171,5673,Virtual,Pinky_DIP,-17.567420,0.971001,20.888050,0.581603,0.418743,0.343734,-0.606828
0.0171,5673,Virtual,Pinky_FingerTip,-17.559510,0.972340,20.905450,0.581603,0.418743,0.343734,-0.606828
0.0171,5673,Render,Wrist,-17.706970,0.993980,20.816540,0.667855,0.162640,0.073350,-0.722591
0.0171,5673,Render,Thumb_CMC,-17.679140,1.027723,20.834630,0.028364,0.436595,-0.218837,-0.872176
0.0171,5673,Render,Thumb_MCP,-17.656180,1.045572,20.867530,-0.016366,0.437209,-0.128633,-0.889963
0.0171,5673,Render,Thumb_IP,-17.627520,1.056096,20.905890,-0.102606,0.425314,0.050118,-0.897813
0.0171,5673,Render,Thumb_FingerTip,-17.609470,1.051044,20.927360,-0.102606,0.425314,0.050118,-0.897813
0.0171,5673,Render,Index_MCP,-17.610310,1.037784,20.859670,0.620763,0.214989,0.124833,-0.743539
0.0171,5673,Render,Index_PIP,-17.569270,1.041590,20.881900,0.588086,0.292784,0.219109,-0.721405
0.0171,5673,Render,Index_DIP,-17.550260,1.042323,20.899550,0.550362,0.358704,0.300909,-0.691294
0.0171,5673,Render,Index_FingerTip,-17.535150,1.041752,20.921800,0.550362,0.358704,0.300909,-0.691294
0.0171,5673,Render,Middle_MCP,-17.605130,1.011084,20.856080,0.641278,0.247478,0.165999,-0.707080
0.0171,5673,Render,Middle_PIP,-17.561710,1.015449,20.885810,0.582511,0.364917,0.297439,-0.662607
0.0171,5673,Render,Middle_DIP,-17.546270,1.016307,20.908820,0.511364,0.459337,0.406581,-0.601838
0.0171,5673,Render,Middle_FingerTip,-17.539270,1.015752,20.936230,0.511364,0.459337,0.406581,-0.601838
0.0171,5673,Render,Ring_MCP,-17.606280,0.986563,20.854820,0.665847,0.231950,0.151253,-0.692799
0.0171,5673,Render,Ring_PIP,-17.566880,0.991184,20.879150,0.622046,0.331981,0.256414,-0.661135
0.0171,5673,Render,Ring_DIP,-17.549810,0.993133,20.899120,0.569831,0.415265,0.345868,-0.619050
0.0171,5673,Render,Ring_FingerTip,-17.539080,0.994295,20.922560,0.569831,0.415265,0.345868,-0.619050
0.0171,5673,Render,Pinky_MCP,-17.612580,0.965132,20.853570,0.678121,0.231861,0.152759,-0.680483
0.0171,5673,Render,Pinky_PIP,-17.579280,0.969327,20.874150,0.634187,0.333788,0.256000,-0.648735
0.0171,5673,Render,Pinky_DIP,-17.567420,0.971001,20.888050,0.581603,0.418743,0.343734,-0.606828
0.0171,5673,Render,Pinky_FingerTip,-17.559510,0.972340,20.905450,0.581603,0.418743,0.343734,-0.606828
0.0318,5674,Real,Wrist,-17.712270,0.985252,20.824620,0.667964,0.173374,0.081734,-0.719086
0.0318,5674,Real,Thumb_CMC,-17.685010,1.019109,20.843350,0.076920,0.436270,-0.332074,-0.832754
0.0318,5674,Real,Thumb_MCP,-17.667490,1.046341,20.873010,0.009203,0.442904,-0.200629,-0.873785
0.0318,5674,Real,Thumb_IP,-17.641650,1.063932,20.910780,-0.112159,0.428566,0.045742,-0.895354
0.0318,5674,Real,Thumb_FingerTip,-17.623740,1.058858,20.932360,-0.112159,0.428566,0.045742,-0.895354
0.0318,5674,Real,Index_MCP,-17.616910,1.029380,20.870250,0.617794,0.232438,0.140050,-0.738030
0.0318,5674,Real,Index_PIP,-17.576980,1.033148,20.894420,0.579451,0.316124,0.241361,-0.711370
0.0318,5674,Real,Index_DIP,-17.559240,1.033744,20.913360,0.535281,0.386228,0.328581,-0.675527
0.0318,5674,Real,Index_FingerTip,-17.546170,1.032925,20.936860,0.535281,0.386228,0.328581,-0.675527
0.0318,5674,Real,Middle_MCP,-17.611600,1.002676,20.866910,0.637819,0.263481,0.179732,-0.701043
0.0318,5674,Real,Middle_PIP,-17.569540,1.007118,20.898530,0.571846,0.386299,0.316967,-0.650613
0.0318,5674,Real,Middle_DIP,-17.555660,1.007931,20.922510,0.492418,0.483486,0.429568,-0.582441
0.0318,5674,Real,Middle_FingerTip,-17.551030,1.007245,20.950420,0.492418,0.483486,0.429568,-0.582441
0.0318,5674,Real,Ring_MCP,-17.612670,0.978148,20.865720,0.661390,0.251451,0.168877,-0.686161
0.0318,5674,Real,Ring_PIP,-17.574680,0.982842,20.892170,0.607762,0.362340,0.285313,-0.646477
0.0318,5674,Real,Ring_DIP,-17.559540,0.984726,20.913640,0.543690,0.452841,0.382808,-0.593965
0.0318,5674,Real,Ring_FingerTip,-17.551880,0.985698,20.938260,0.543690,0.452841,0.382808,-0.593965
0.0318,5674,Real,Pinky_MCP,-17.618890,0.956702,20.864370,0.673622,0.251371,0.170395,-0.673804
0.0318,5674,Real,Pinky_PIP,-17.586790,0.960995,20.886740,0.619822,0.364382,0.284666,-0.634045
0.0318,5674,Real,Pinky_DIP,-17.576280,0.962659,20.901690,0.555284,0.456742,0.380227,-0.581786
0.0318,5674,Real,Pinky_FingerTip,-17.570660,0.963901,20.919960,0.555284,0.456742,0.380227,-0.581786
0.0318,5674,Virtual,Wrist,-17.708360,0.993980,20.820330,0.667516,0.168251,0.077745,-0.721159
0.0318,5674,Virtual,Thumb_CMC,-17.680840,1.027766,20.838800,0.073642,0.431157,-0.331698,-0.835857
0.0318,5674,Virtual,Thumb_MCP,-17.662910,1.054903,20.868300,0.006746,0.437349,-0.199783,-0.876794
0.0318,5674,Virtual,Thumb_IP,-17.636550,1.072370,20.905770,-0.113004,0.422552,0.047378,-0.898018
0.0318,5674,Virtual,Thumb_FingerTip,-17.618360,1.067223,20.927100,-0.113004,0.422552,0.047378,-0.898018
0.0318,5674,Virtual,Index_MCP,-17.612380,1.037920,20.864820,0.617727,0.227119,0.136485,-0.740407
0.0318,5674,Virtual,Index_PIP,-17.572130,1.041595,20.888460,0.580124,0.310847,0.238161,-0.714220
0.0318,5674,Virtual,Index_DIP,-17.554140,1.042126,20.907160,0.536610,0.381077,0.325763,-0.678756
0.0318,5674,Virtual,Index_FingerTip,-17.540760,1.041232,20.930480,0.536610,0.381077,0.325763,-0.678756
0.0318,5674,Virtual,Middle_MCP,-17.607130,1.011223,20.861330,0.638078,0.258345,0.176065,-0.703645
0.0318,5674,Virtual,Middle_PIP,-17.564650,1.015548,20.892400,0.573132,0.381320,0.313898,-0.653898
0.0318,5674,Virtual,Middle_DIP,-17.550450,1.016285,20.916190,0.494585,0.478822,0.427144,-0.586228
0.0318,5674,Virtual,Middle_FingerTip,-17.545460,1.015516,20.944040,0.494585,0.478822,0.427144,-0.586228
0.0318,5674,Virtual,Ring_MCP,-17.608240,0.986699,20.860080,0.661594,0.246422,0.165031,-0.688720
0.0318,5674,Virtual,Ring_PIP,-17.569890,0.991294,20.886030,0.608834,0.357423,0.281969,-0.649664
0.0318,5674,Virtual,Ring_DIP,-17.554460,0.993108,20.907310,0.545518,0.448152,0.380004,-0.597635
0.0318,5674,Virtual,Ring_FingerTip,-17.546480,0.994004,20.931830,0.545518,0.448152,0.380004,-0.597635
0.0318,5674,Virtual,Pinky_MCP,-17.614490,0.965261,20.858740,0.673853,0.246419,0.166464,-0.676380
0.0318,5674,Virtual,Pinky_PIP,-17.582080,0.969470,20.880700,0.620908,0.359545,0.281240,-0.637263
0.0318,5674,Virtual,Pinky_DIP,-17.571380,0.971085,20.895520,0.557113,0.452135,0.377346,-0.585500
0.0318,5674,Virtual,Pinky_FingerTip,-17.565510,0.972271,20.913720,0.557113,0.452135,0.377346,-0.585500
0.0318,5674,Render,Wrist,-17.708360,0.993980,20.820330,0.667516,0.168251,0.077745,-0.721159
0.0318,5674,Render,Thumb_CMC,-17.680840,1.027766,20.838800,0.030077,0.442830,-0.219258,-0.868863
0.0318,5674,Render,Thumb_MCP,-17.658370,1.045666,20.872010,-0.015299,0.443586,-0.129390,-0.886711
0.0318,5674,Render,Thumb_IP,-17.630270,1.056252,20.910770,-0.102822,0.431776,0.048732,-0.894775
0.0318,5674,Render,Thumb_FingerTip,-17.612540,1.051236,20.932510,-0.102822,0.431776,0.048732,-0.894775
0.0318,5674,Render,Index_MCP,-17.612380,1.037920,20.864820,0.620033,0.220746,0.128853,-0.741773
0.0318,5674,Render,Index_PIP,-17.571670,1.041787,20.887630,0.586623,0.298400,0.222869,-0.719139
0.0318,5674,Render,Index_DIP,-17.552920,1.042554,20.905560,0.548261,0.364114,0.304384,-0.688608
0.0318,5674,Render,Index_FingerTip,-17.538140,1.042017,20.928030,0.548261,0.364114,0.304384,-0.688608
0.0318,5674,Render,Middle_MCP,-17.607130,1.011223,20.861330,0.640217,0.252998,0.170172,-0.705093
0.0318,5674,Render,Middle_PIP,-17.564140,1.015657,20.891680,0.580419,0.370134,0.301158,-0.659863
0.0318,5674,Render,Middle_DIP,-17.549050,1.016550,20.914910,0.508409,0.464118,0.409776,-0.598497
0.0318,5674,Render,Middle_FingerTip,-17.542440,1.016024,20.942420,0.508409,0.464118,0.409776,-0.598497
0.0318,5674,Render,Ring_MCP,-17.608240,0.986699,20.860080,0.664894,0.237373,0.155619,-0.690907
0.0318,5674,Render,Ring_PIP,-17.569200,0.991381,20.884970,0.620268,0.337192,0.260435,-0.658592
0.0318,5674,Render,Ring_DIP,-17.552420,0.993364,20.905180,0.567345,0.420178,0.349497,-0.615972
0.0318,5674,Render,Ring_FingerTip,-17.542030,0.994556,20.928770,0.567345,0.420178,0.349497,-0.615972
0.0318,5674,Render,Pinky_MCP,-17.614490,0.965261,20.858740,0.677152,0.237202,0.157220,-0.678588
0.0318,5674,Render,Pinky_PIP,-17.581490,0.969508,20.879800,0.632405,0.338916,0.260115,-0.646174
0.0318,5674,Render,Pinky_DIP,-17.569840,0.971205,20.893870,0.579125,0.423573,0.347453,-0.603719
0.0318,5674,Render,Pinky_FingerTip,-17.562190,0.972566,20.911380,0.579125,0.423573,0.347453,-0.603719
0.0470,5675,Real,Wrist,-17.714760,0.985051,20.826280,0.668656,0.178204,0.083312,-0.717079
0.0470,5675,Real,Thumb_CMC,-17.687810,1.019078,20.845150,0.078092,0.440468,-0.332240,-0.830365
0.0470,5675,Real,Thumb_MCP,-17.670630,1.046327,20.874990,0.009280,0.447241,-0.200306,-0.871646
0.0470,5675,Real,Thumb_IP,-17.645150,1.063856,20.913030,-0.114032,0.432559,0.047043,-0.893128
0.0470,5675,Real,Thumb_FingerTip,-17.627440,1.058649,20.934750,-0.114032,0.432559,0.047043,-0.893128
0.0470,5675,Real,Index_MCP,-17.620010,1.029702,20.872670,0.616032,0.242791,0.147680,-0.734676
0.0470,5675,Real,Index_PIP,-17.580750,1.033548,20.897890,0.572749,0.332267,0.255987,-0.704293
0.0470,5675,Real,Index_DIP,-17.563920,1.034068,20.917650,0.522726,0.406448,0.348598,-0.663353
0.0470,5675,Real,Index_FingerTip,-17.552450,1.033058,20.941960,0.522726,0.406448,0.348598,-0.663353
0.0470,5675,Real,Middle_MCP,-17.614570,1.003005,20.869480,0.636327,0.271930,0.184931,-0.697813
0.0470,5675,Real,Middle_PIP,-17.573190,1.007651,20.901950,0.565711,0.398534,0.326254,-0.643973
0.0470,5675,Real,Middle_DIP,-17.560170,1.008502,20.926410,0.480817,0.497667,0.441368,-0.571259
0.0470,5675,Real,Middle_FingerTip,-17.556910,1.007775,20.954510,0.480817,0.497667,0.441368,-0.571259
0.0470,5675,Real,Ring_MCP,-17.615540,0.978469,20.868370,0.658684,0.263324,0.177617,-0.682092
0.0470,5675,Real,Ring_PIP,-17.578400,0.983336,20.895980,0.597298,0.382674,0.302909,-0.636430
0.0470,5675,Real,Ring_DIP,-17.564600,0.985222,20.918340,0.523691,0.478488,0.406522,-0.575792
0.0470,5675,Real,Ring_FingerTip,-17.559140,0.986074,20.943540,0.523691,0.478488,0.406522,-0.575792
0.0470,5675,Real,Pinky_MCP,-17.621670,0.956995,20.867040,0.670884,0.263340,0.179085,-0.669698
0.0470,5675,Real,Pinky_PIP,-17.590290,0.961463,20.890390,0.609277,0.384987,0.302016,-0.623981
0.0470,5675,Real,Pinky_DIP,-17.580730,0.963155,20.905950,0.535104,0.482801,0.403530,-0.563676
0.0470,5675,Real,Pinky_FingerTip,-17.576740,0.964339,20.924660,0.535104,0.482801,0.403530,-0.563676
0.0470,5675,Virtual,Wrist,-17.709820,0.993889,20.822180,0.667964,0.173374,0.081735,-0.719086
0.0470,5675,Virtual,Thumb_CMC,-17.682560,1.027745,20.840920,0.075659,0.436970,-0.330247,-0.833229
0.0470,5675,Virtual,Thumb_MCP,-17.665000,1.054815,20.870700,0.007415,0.443410,-0.197895,-0.874169
0.0470,5675,Virtual,Thumb_IP,-17.639090,1.072101,20.908560,-0.114772,0.428363,0.050054,-0.894890
0.0470,5675,Virtual,Thumb_FingerTip,-17.621190,1.066746,20.930090,-0.114772,0.428363,0.050054,-0.894890
0.0470,5675,Virtual,Index_MCP,-17.614470,1.038016,20.867820,0.615734,0.237844,0.146513,-0.736775
0.0470,5675,Virtual,Index_PIP,-17.574950,1.041622,20.892680,0.573195,0.327331,0.255147,-0.706543
0.0470,5675,Virtual,Index_DIP,-17.557930,1.042004,20.912280,0.523833,0.401617,0.348070,-0.665695
0.0470,5675,Virtual,Index_FingerTip,-17.546240,1.040856,20.936480,0.523833,0.401617,0.348070,-0.665695
0.0470,5675,Virtual,Middle_MCP,-17.609150,1.011313,20.864480,0.636333,0.267050,0.183657,-0.700025
0.0470,5675,Virtual,Middle_PIP,-17.567440,1.015682,20.896570,0.566733,0.393762,0.325469,-0.646402
0.0470,5675,Virtual,Middle_DIP,-17.554190,1.016390,20.920910,0.482717,0.493173,0.441053,-0.573793
0.0470,5675,Virtual,Middle_FingerTip,-17.550670,1.015540,20.948970,0.482717,0.493173,0.441053,-0.573793
0.0470,5675,Virtual,Ring_MCP,-17.610230,0.986785,20.863280,0.658669,0.258494,0.176190,-0.684320
0.0470,5675,Virtual,Ring_PIP,-17.572800,0.991410,20.890550,0.598193,0.377927,0.301927,-0.638887
0.0470,5675,Virtual,Ring_DIP,-17.558780,0.993158,20.912780,0.525379,0.473963,0.405971,-0.578380
0.0470,5675,Virtual,Ring_FingerTip,-17.553080,0.993891,20.937930,0.525379,0.473963,0.405971,-0.578380
0.0470,5675,Virtual,Pinky_MCP,-17.616450,0.965339,20.861930,0.670901,0.258545,0.177576,-0.671948
0.0470,5675,Virtual,Pinky_PIP,-17.584820,0.969602,20.884990,0.610197,0.380281,0.300959,-0.626475
0.0470,5675,Virtual,Pinky_DIP,-17.575110,0.971198,20.900470,0.536809,0.478319,0.402910,-0.566313
0.0470,5675,Virtual,Pinky_FingerTip,-17.570940,0.972294,20.919140,0.536809,0.478319,0.402910,-0.566313
0.0470,5675,Render,Wrist,-17.709820,0.993889,20.822180,0.667964,0.173374,0.081735,-0.719086
0.0470,5675,Render,Thumb_CMC,-17.682560,1.027745,20.840920,0.032650,0.448311,-0.219954,-0.865778
0.0470,5675,Render,Thumb_MCP,-17.660550,1.045755,20.874370,-0.013299,0.449301,-0.130397,-0.883713
0.0470,5675,Render,Thumb_IP,-17.632990,1.056468,20.913480,-0.101994,0.437774,0.047151,-0.892036
0.0470,5675,Render,Thumb_FingerTip,-17.615540,1.051526,20.935460,-0.101994,0.437774,0.047151,-0.892036
0.0470,5675,Render,Index_MCP,-17.614470,1.038016,20.867820,0.617794,0.232438,0.140050,-0.738030
0.0470,5675,Render,Index_PIP,-17.574540,1.041785,20.891990,0.579451,0.316124,0.241361,-0.711371
0.0470,5675,Render,Index_DIP,-17.556800,1.042381,20.910930,0.535281,0.386228,0.328582,-0.675527
0.0470,5675,Render,Index_FingerTip,-17.543730,1.041562,20.934430,0.535281,0.386228,0.328582,-0.675527
0.0470,5675,Render,Middle_MCP,-17.609150,1.011313,20.864480,0.637819,0.263481,0.179732,-0.701043
0.0470,5675,Render,Middle_PIP,-17.567090,1.015754,20.896100,0.571846,0.386299,0.316967,-0.650613
0.0470,5675,Render,Middle_DIP,-17.553220,1.016568,20.920080,0.492419,0.483486,0.429568,-0.582441
0.0470,5675,Render,Middle_FingerTip,-17.548590,1.015882,20.947990,0.492419,0.483486,0.429568,-0.582441
0.0470,5675,Render,Ring_MCP,-17.610230,0.986785,20.863280,0.661390,0.251451,0.168877,-0.686161
0.0470,5675,Render,Ring_PIP,-17.572230,0.991478,20.889730,0.607762,0.362340,0.285313,-0.646477
0.0470,5675,Render,Ring_DIP,-17.557100,0.993363,20.911210,0.543691,0.452841,0.382808,-0.593965
0.0470,5675,Render,Ring_FingerTip,-17.549440,0.994335,20.935830,0.543691,0.452841,0.382808,-0.593965
0.0470,5675,Render,Pinky_MCP,-17.616450,0.965339,20.861930,0.673622,0.251371,0.170395,-0.673804
0.0470,5675,Render,Pinky_PIP,-17.584340,0.969632,20.884310,0.619822,0.364382,0.284666,-0.634045
0.0470,5675,Render,Pinky_DIP,-17.573840,0.971296,20.899260,0.555284,0.456742,0.380227,-0.581786
0.0470,5675,Render,Pinky_FingerTip,-17.568220,0.972538,20.917530,0.555284,0.456742,0.380227,-0.581786
0.0611,5676,Real,Wrist,-17.716270,0.984539,20.827820,0.668038,0.182875,0.083791,-0.716423
0.0611,5676,Real,Thumb_CMC,-17.689660,1.018730,20.846870,0.069083,0.452086,-0.325643,-0.827528
0.0611,5676,Real,Thumb_MCP,-17.673010,1.045138,20.877750,-0.003484,0.457320,-0.190291,-0.868698
0.0611,5676,Real,Thumb_IP,-17.648040,1.061192,20.916770,-0.132648,0.437674,0.063097,-0.887054
0.0611,5676,Real,Thumb_FingerTip,-17.630680,1.054693,20.938420,-0.132648,0.437674,0.063097,-0.887054
0.0611,5676,Real,Index_MCP,-17.622140,1.029753,20.874900,0.608849,0.262147,0.165532,-0.730193
0.0611,5676,Real,Index_PIP,-17.584310,1.033381,20.902270,0.554363,0.363456,0.289273,-0.690582
0.0611,5676,Real,Index_DIP,-17.569560,1.033471,20.923620,0.490994,0.445357,0.393293,-0.637105
0.0611,5676,Real,Index_FingerTip,-17.561650,1.031754,20.949280,0.490994,0.445357,0.393293,-0.637105
0.0611,5676,Real,Middle_MCP,-17.616520,1.003086,20.871770,0.632563,0.282104,0.191507,-0.695419
0.0611,5676,Real,Middle_PIP,-17.575990,1.007867,20.905290,0.556752,0.412001,0.337109,-0.637683
0.0611,5676,Real,Middle_DIP,-17.563980,1.008666,20.930260,0.465948,0.512455,0.454741,-0.559904
0.0611,5676,Real,Middle_FingerTip,-17.562250,1.007770,20.958490,0.465948,0.512455,0.454741,-0.559904
0.0611,5676,Real,Ring_MCP,-17.617350,0.978544,20.870670,0.651591,0.281817,0.192618,-0.677427
0.0611,5676,Real,Ring_PIP,-17.581660,0.983490,20.900120,0.576184,0.414734,0.333131,-0.620510
0.0611,5676,Real,Ring_DIP,-17.570220,0.985190,20.923790,0.485364,0.518087,0.446566,-0.544598
0.0611,5676,Real,Ring_FingerTip,-17.568560,0.985616,20.949530,0.485364,0.518087,0.446566,-0.544598
0.0611,5676,Real,Pinky_MCP,-17.623350,0.957035,20.869310,0.663779,0.282080,0.193903,-0.665004
0.0611,5676,Real,Pinky_PIP,-17.593200,0.961626,20.894220,0.588033,0.417599,0.331727,-0.608100
0.0611,5676,Real,Pinky_DIP,-17.585290,0.963234,20.910690,0.496438,0.523184,0.442795,-0.532692
0.0611,5676,Real,Pinky_FingerTip,-17.584140,0.964148,20.929790,0.496438,0.523184,0.442795,-0.532692
0.0611,5676,Virtual,Wrist,-17.712050,0.993739,20.824120,0.668656,0.178204,0.083312,-0.717079
0.0611,5676,Virtual,Thumb_CMC,-17.685090,1.027767,20.842990,0.068867,0.448806,-0.323423,-0.830198
0.0611,5676,Virtual,Thumb_MCP,-17.668060,1.054062,20.873750,-0.003177,0.454048,-0.187676,-0.870981
0.0611,5676,Virtual,Thumb_IP,-17.642700,1.069950,20.912590,-0.131429,0.434622,0.066251,-0.888505
0.0611,5676,Virtual,Thumb_FingerTip,-17.625220,1.063339,20.934100,-0.131429,0.434622,0.066251,-0.888505
0.0611,5676,Virtual,Index_MCP,-17.617300,1.038390,20.870510,0.610002,0.257566,0.165342,-0.730903
0.0611,5676,Virtual,Index_PIP,-17.579250,1.041787,20.897580,0.556290,0.359144,0.289209,-0.691314
0.0611,5676,Virtual,Index_DIP,-17.564330,1.041780,20.918820,0.493570,0.441397,0.393344,-0.637839
0.0611,5676,Virtual,Index_FingerTip,-17.556230,1.040002,20.944410,0.493570,0.441397,0.393344,-0.637839
0.0611,5676,Virtual,Middle_MCP,-17.611860,1.011694,20.867320,0.633882,0.277581,0.191133,-0.696140
0.0611,5676,Virtual,Middle_PIP,-17.571050,1.016224,20.900520,0.559017,0.407870,0.336900,-0.638468
0.0611,5676,Virtual,Middle_DIP,-17.558840,1.016940,20.925400,0.468973,0.508844,0.454689,-0.560715
0.0611,5676,Virtual,Middle_FingerTip,-17.556900,1.016016,20.953620,0.468973,0.508844,0.454689,-0.560715
0.0611,5676,Virtual,Ring_MCP,-17.612830,0.987157,20.866210,0.652919,0.277309,0.192121,-0.678149
0.0611,5676,Virtual,Ring_PIP,-17.576890,0.991883,20.895380,0.578446,0.410615,0.332799,-0.621322
0.0611,5676,Virtual,Ring_DIP,-17.565270,0.993503,20.918970,0.488378,0.514481,0.446398,-0.545459
0.0611,5676,Virtual,Ring_FingerTip,-17.563410,0.993904,20.944700,0.488378,0.514481,0.446398,-0.545459
0.0611,5676,Virtual,Pinky_MCP,-17.618970,0.965684,20.864880,0.665117,0.277585,0.193324,-0.665727
0.0611,5676,Virtual,Pinky_PIP,-17.588600,0.970088,20.889560,0.590302,0.413495,0.331316,-0.608931
0.0611,5676,Virtual,Pinky_DIP,-17.580560,0.971641,20.905970,0.499456,0.519594,0.442552,-0.533587
0.0611,5676,Virtual,Pinky_FingerTip,-17.579250,0.972537,20.925060,0.499456,0.519594,0.442552,-0.533587
0.0611,5676,Render,Wrist,-17.712050,0.993739,20.824120,0.668656,0.178204,0.083312,-0.717079
0.0611,5676,Render,Thumb_CMC,-17.685090,1.027767,20.842990,0.034678,0.452749,-0.222138,-0.862828
0.0611,5676,Render,Thumb_MCP,-17.663520,1.045978,20.876620,-0.011734,0.453923,-0.132871,-0.881001
0.0611,5676,Render,Thumb_IP,-17.636430,1.056935,20.915980,-0.101374,0.442614,0.044189,-0.889867
0.0611,5676,Render,Thumb_FingerTip,-17.619200,1.052136,20.938180,-0.101374,0.442614,0.044189,-0.889867
0.0611,5676,Render,Index_MCP,-17.617300,1.038390,20.870510,0.616032,0.242791,0.147680,-0.734676
0.0611,5676,Render,Index_PIP,-17.578040,1.042237,20.895730,0.572749,0.332267,0.255986,-0.704293
0.0611,5676,Render,Index_DIP,-17.561210,1.042757,20.915490,0.522726,0.406448,0.348598,-0.663353
0.0611,5676,Render,Index_FingerTip,-17.549740,1.041746,20.939800,0.522726,0.406448,0.348598,-0.663353
0.0611,5676,Render,Middle_MCP,-17.611860,1.011694,20.867320,0.635626,0.273564,0.186724,-0.697336
0.0611,5676,Render,Middle_PIP,-17.570640,1.016306,20.900000,0.565225,0.399222,0.327038,-0.643575
0.0611,5676,Render,Middle_DIP,-17.557690,1.017148,20.924500,0.480817,0.497667,0.441368,-0.571259
0.0611,5676,Render,Middle_FingerTip,-17.554430,1.016420,20.952590,0.480817,0.497667,0.441368,-0.571259
0.0611,5676,Render,Ring_MCP,-17.612830,0.987157,20.866210,0.658684,0.263324,0.177617,-0.682091
0.0611,5676,Render,Ring_PIP,-17.575690,0.992025,20.893810,0.597298,0.382673,0.302909,-0.636430
0.0611,5676,Render,Ring_DIP,-17.561890,0.993910,20.916180,0.523691,0.478488,0.406522,-0.575792
0.0611,5676,Render,Ring_FingerTip,-17.556440,0.994762,20.941380,0.523691,0.478488,0.406522,-0.575792
0.0611,5676,Render,Pinky_MCP,-17.618970,0.965684,20.864880,0.670884,0.263340,0.179085,-0.669698
0.0611,5676,Render,Pinky_PIP,-17.587580,0.970152,20.888230,0.609277,0.384987,0.302016,-0.623982
0.0611,5676,Render,Pinky_DIP,-17.578020,0.971844,20.903800,0.535104,0.482801,0.403529,-0.563676
0.0611,5676,Render,Pinky_FingerTip,-17.574030,0.973027,20.922490,0.535104,0.482801,0.403529,-0.563676
0.0746,5677,Real,Wrist,-17.718570,0.983862,20.828810,0.666662,0.186807,0.083027,-0.716779
0.0746,5677,Real,Thumb_CMC,-17.692290,1.018207,20.848040,0.061425,0.460053,-0.322445,-0.824990
0.0746,5677,Real,Thumb_MCP,-17.676100,1.044051,20.879630,-0.013903,0.463927,-0.184559,-0.866324
0.0746,5677,Real,Thumb_IP,-17.651510,1.059097,20.919290,-0.147237,0.440162,0.073388,-0.882719
0.0746,5677,Real,Thumb_FingerTip,-17.634360,1.051711,20.940820,-0.147237,0.440162,0.073388,-0.882719
0.0746,5677,Real,Index_MCP,-17.624980,1.029654,20.876400,0.605531,0.269166,0.168640,-0.729687
0.0746,5677,Real,Index_PIP,-17.587600,1.033394,20.904360,0.548958,0.371165,0.293964,-0.688816
0.0746,5677,Real,Index_DIP,-17.573280,1.033460,20.926010,0.483440,0.453215,0.399075,-0.633737
0.0746,5677,Real,Index_FingerTip,-17.566000,1.031641,20.951840,0.483440,0.453215,0.399075,-0.633737
0.0746,5677,Real,Middle_MCP,-17.619160,1.003031,20.873270,0.629721,0.287726,0.192952,-0.695295
0.0746,5677,Real,Middle_PIP,-17.579030,1.007998,20.907220,0.552051,0.417821,0.339581,-0.636671
0.0746,5677,Real,Middle_DIP,-17.567380,1.008800,20.932370,0.459409,0.517956,0.457827,-0.557728
0.0746,5677,Real,Middle_FingerTip,-17.566130,1.007815,20.960620,0.459409,0.517956,0.457827,-0.557728
0.0746,5677,Real,Ring_MCP,-17.619820,0.978486,20.872120,0.648760,0.287524,0.194119,-0.677317
0.0746,5677,Real,Ring_PIP,-17.584480,0.983610,20.901960,0.571461,0.420705,0.335659,-0.619495
0.0746,5677,Real,Ring_DIP,-17.573390,0.985321,20.925800,0.478753,0.523790,0.449706,-0.542406
0.0746,5677,Real,Ring_FingerTip,-17.572190,0.985674,20.951570,0.478753,0.523790,0.449706,-0.542406
0.0746,5677,Real,Pinky_MCP,-17.625650,0.956938,20.870700,0.660953,0.287837,0.195438,-0.664903
0.0746,5677,Real,Pinky_PIP,-17.595820,0.961687,20.895940,0.583299,0.423640,0.334268,-0.607088
0.0746,5677,Real,Pinky_DIP,-17.588150,0.963308,20.912530,0.489795,0.528971,0.445930,-0.530507
0.0746,5677,Real,Pinky_FingerTip,-17.587340,0.964170,20.931650,0.489795,0.528971,0.445930,-0.530507
0.0746,5677,Virtual,Wrist,-17.713440,0.993782,20.825460,0.668038,0.182875,0.083790,-0.716423
0.0746,5677,Virtual,Thumb_CMC,-17.686830,1.027973,20.844510,0.062877,0.457648,-0.320083,-0.827135
0.0746,5677,Virtual,Thumb_MCP,-17.670310,1.053751,20.875980,-0.012081,0.461790,-0.181881,-0.868058
0.0746,5677,Virtual,Thumb_IP,-17.645430,1.068686,20.915500,-0.144875,0.438642,0.076452,-0.883606
0.0746,5677,Virtual,Thumb_FingerTip,-17.628230,1.061214,20.936960,-0.144875,0.438642,0.076452,-0.883606
0.0746,5677,Virtual,Index_MCP,-17.619310,1.038997,20.872540,0.607404,0.265479,0.169529,-0.729275
0.0746,5677,Virtual,Index_PIP,-17.581770,1.042520,20.900310,0.551448,0.367863,0.294767,-0.688255
0.0746,5677,Virtual,Index_DIP,-17.567350,1.042519,20.921900,0.486421,0.450348,0.399779,-0.633055
0.0746,5677,Virtual,Index_FingerTip,-17.559960,1.040689,20.947690,0.486421,0.450348,0.399779,-0.633055
0.0746,5677,Virtual,Middle_MCP,-17.613690,1.012330,20.869410,0.631689,0.284054,0.193651,-0.694825
0.0746,5677,Virtual,Middle_PIP,-17.573360,1.017070,20.903180,0.554771,0.414665,0.340161,-0.636060
0.0746,5677,Virtual,Middle_DIP,-17.561590,1.017828,20.928260,0.462695,0.515395,0.458276,-0.557015
0.0746,5677,Virtual,Middle_FingerTip,-17.560210,1.016878,20.956510,0.462695,0.515395,0.458276,-0.557015
0.0746,5677,Virtual,Ring_MCP,-17.614520,0.987788,20.868300,0.650717,0.283830,0.194711,-0.676828
0.0746,5677,Virtual,Ring_PIP,-17.579010,0.992712,20.897980,0.574168,0.417520,0.336132,-0.618890
0.0746,5677,Virtual,Ring_DIP,-17.567800,0.994382,20.921760,0.482028,0.521192,0.450053,-0.541721
0.0746,5677,Virtual,Ring_FingerTip,-17.566470,0.994765,20.947520,0.482028,0.521192,0.450053,-0.541721
0.0746,5677,Virtual,Pinky_MCP,-17.620510,0.966279,20.866950,0.662904,0.284131,0.195958,-0.664401
0.0746,5677,Virtual,Pinky_PIP,-17.590530,0.970859,20.892040,0.586004,0.420442,0.334668,-0.606486
0.0746,5677,Virtual,Pinky_DIP,-17.582770,0.972451,20.908590,0.493069,0.526360,0.446205,-0.529838
0.0746,5677,Virtual,Pinky_FingerTip,-17.581860,0.973337,20.927710,0.493069,0.526360,0.446205,-0.529838
0.0746,5677,Render,Wrist,-17.713440,0.993782,20.825460,0.668038,0.182875,0.083790,-0.716423
0.0746,5677,Render,Thumb_CMC,-17.686830,1.027973,20.844510,0.035719,0.465710,-0.223067,-0.855617
0.0746,5677,Render,Thumb_MCP,-17.666330,1.046196,20.878800,-0.012022,0.466923,-0.134532,-0.873922
0.0746,5677,Render,Thumb_IP,-17.640460,1.057174,20.918970,-0.104231,0.455299,0.041160,-0.883258
0.0746,5677,Render,Thumb_FingerTip,-17.623870,1.052397,20.941650,-0.104231,0.455299,0.041160,-0.883258
0.0746,5677,Render,Index_MCP,-17.619310,1.038997,20.872540,0.608849,0.262148,0.165532,-0.730193
0.0746,5677,Render,Index_PIP,-17.581480,1.042625,20.899910,0.554363,0.363456,0.289273,-0.690582
0.0746,5677,Render,Index_DIP,-17.566730,1.042714,20.921260,0.490994,0.445357,0.393293,-0.637105
0.0746,5677,Render,Index_FingerTip,-17.558820,1.040998,20.946910,0.490994,0.445357,0.393293,-0.637105
0.0746,5677,Render,Middle_MCP,-17.613690,1.012330,20.869410,0.634335,0.278095,0.187102,-0.696617
0.0746,5677,Render,Middle_PIP,-17.572750,1.017195,20.902410,0.563024,0.403388,0.327259,-0.642794
0.0746,5677,Render,Middle_DIP,-17.559990,1.018124,20.927000,0.477878,0.501349,0.441440,-0.570450
0.0746,5677,Render,Middle_FingerTip,-17.556940,1.017431,20.955120,0.477878,0.501349,0.441440,-0.570450
0.0746,5677,Render,Ring_MCP,-17.614520,0.987788,20.868300,0.651589,0.281822,0.192623,-0.677425
0.0746,5677,Render,Ring_PIP,-17.578820,0.992734,20.897760,0.576182,0.414736,0.333133,-0.620509
0.0746,5677,Render,Ring_DIP,-17.567390,0.994433,20.921430,0.485364,0.518087,0.446566,-0.544598
0.0746,5677,Render,Ring_FingerTip,-17.565730,0.994859,20.947170,0.485364,0.518087,0.446566,-0.544598
0.0746,5677,Render,Pinky_MCP,-17.620510,0.966279,20.866950,0.663777,0.282086,0.193908,-0.665002
0.0746,5677,Render,Pinky_PIP,-17.590370,0.970869,20.891850,0.588032,0.417602,0.331729,-0.608099
0.0746,5677,Render,Pinky_DIP,-17.582460,0.972478,20.908330,0.496438,0.523184,0.442795,-0.532692
0.0746,5677,Render,Pinky_FingerTip,-17.581300,0.973392,20.927430,0.496438,0.523184,0.442795,-0.532692
0.0872,5678,Real,Wrist,-17.720310,0.982673,20.829500,0.664114,0.191456,0.080820,-0.718168
0.0872,5678,Real,Thumb_CMC,-17.694450,1.017217,20.848950,0.057971,0.462494,-0.325779,-0.822561
0.0872,5678,Real,Thumb_MCP,-17.678650,1.043106,20.880700,-0.017707,0.465777,-0.188242,-0.864467
0.0872,5678,Real,Thumb_IP,-17.654370,1.058254,20.920510,-0.151413,0.440835,0.069325,-0.882005
0.0872,5678,Real,Thumb_FingerTip,-17.637220,1.050965,20.942080,-0.151413,0.440835,0.069325,-0.882005
0.0872,5678,Real,Index_MCP,-17.627370,1.029262,20.877610,0.602370,0.273348,0.166413,-0.731259
0.0872,5678,Real,Index_PIP,-17.590140,1.033286,20.905720,0.545112,0.374727,0.292048,-0.690754
0.0872,5678,Real,Index_DIP,-17.575900,1.033417,20.927420,0.479080,0.456126,0.397488,-0.635953
0.0872,5678,Real,Index_FingerTip,-17.568690,1.031574,20.953260,0.479080,0.456126,0.397488,-0.635953
0.0872,5678,Real,Middle_MCP,-17.621270,1.002714,20.874390,0.626485,0.291925,0.190986,-0.697009
0.0872,5678,Real,Middle_PIP,-17.581310,1.007970,20.908510,0.547979,0.421215,0.338035,-0.638772
0.0872,5678,Real,Middle_DIP,-17.569770,1.008795,20.933700,0.454750,0.520486,0.456723,-0.560090
0.0872,5678,Real,Middle_FingerTip,-17.568600,1.007714,20.961950,0.454750,0.520486,0.456723,-0.560090
0.0872,5678,Real,Ring_MCP,-17.621660,0.978168,20.873140,0.645557,0.291789,0.192283,-0.679075
0.0872,5678,Real,Ring_PIP,-17.586480,0.983546,20.903130,0.567414,0.424178,0.334245,-0.621607
0.0872,5678,Real,Ring_DIP,-17.575510,0.985281,20.927020,0.474108,0.526410,0.448730,-0.544754
0.0872,5678,Real,Ring_FingerTip,-17.574390,0.985545,20.952800,0.474108,0.526410,0.448730,-0.544754
0.0872,5678,Real,Pinky_MCP,-17.627260,0.956566,20.871610,0.657770,0.292141,0.193689,-0.666691
0.0872,5678,Real,Pinky_PIP,-17.597560,0.961529,20.896980,0.579263,0.427156,0.332947,-0.609212
0.0872,5678,Real,Pinky_DIP,-17.589980,0.963165,20.913600,0.485152,0.531635,0.445047,-0.532847
0.0872,5678,Real,Pinky_FingerTip,-17.589240,0.963962,20.932740,0.485152,0.531635,0.445047,-0.532847
0.0872,5678,Virtual,Wrist,-17.715220,0.993897,20.826620,0.666662,0.186807,0.083027,-0.716779
0.0872,5678,Virtual,Thumb_CMC,-17.688930,1.028242,20.845850,0.061425,0.460053,-0.322445,-0.824990
0.0872,5678,Virtual,Thumb_MCP,-17.672740,1.054085,20.877440,-0.013903,0.463927,-0.184559,-0.866324
0.0872,5678,Virtual,Thumb_IP,-17.648160,1.069131,20.917100,-0.147237,0.440162,0.073388,-0.882719
0.0872,5678,Virtual,Thumb_FingerTip,-17.631000,1.061745,20.938630,-0.147237,0.440162,0.073388,-0.882719
0.0872,5678,Virtual,Index_MCP,-17.621630,1.039689,20.874220,0.605531,0.269166,0.168640,-0.729687
0.0872,5678,Virtual,Index_PIP,-17.584250,1.043429,20.902170,0.548958,0.371165,0.293964,-0.688816
0.0872,5678,Virtual,Index_DIP,-17.569930,1.043495,20.923820,0.483440,0.453215,0.399075,-0.633737
0.0872,5678,Virtual,Index_FingerTip,-17.562650,1.041676,20.949650,0.483440,0.453215,0.399075,-0.633737
0.0872,5678,Virtual,Middle_MCP,-17.615810,1.013066,20.871070,0.629721,0.287726,0.192952,-0.695295
0.0872,5678,Virtual,Middle_PIP,-17.575680,1.018033,20.905040,0.552051,0.417821,0.339581,-0.636671
0.0872,5678,Virtual,Middle_DIP,-17.564030,1.018834,20.930180,0.459409,0.517956,0.457827,-0.557728
0.0872,5678,Virtual,Middle_FingerTip,-17.562780,1.017850,20.958430,0.459409,0.517956,0.457827,-0.557728
0.0872,5678,Virtual,Ring_MCP,-17.616460,0.988520,20.869930,0.648760,0.287524,0.194119,-0.677317
0.0872,5678,Virtual,Ring_PIP,-17.581120,0.993644,20.899770,0.571461,0.420705,0.335659,-0.619494
0.0872,5678,Virtual,Ring_DIP,-17.570040,0.995355,20.923610,0.478753,0.523790,0.449707,-0.542406
0.0872,5678,Virtual,Ring_FingerTip,-17.568830,0.995708,20.949380,0.478753,0.523790,0.449707,-0.542406
0.0872,5678,Virtual,Pinky_MCP,-17.622300,0.966973,20.868510,0.660953,0.287837,0.195438,-0.664903
0.0872,5678,Virtual,Pinky_PIP,-17.592460,0.971721,20.893750,0.583299,0.423640,0.334268,-0.607088
0.0872,5678,Virtual,Pinky_DIP,-17.584800,0.973342,20.910340,0.489795,0.528971,0.445930,-0.530507
0.0872,5678,Virtual,Pinky_FingerTip,-17.583980,0.974205,20.929460,0.489795,0.528971,0.445930,-0.530507
0.0872,5678,Render,Wrist,-17.715220,0.993897,20.826620,0.666662,0.186807,0.083027,-0.716779
0.0872,5678,Render,Thumb_CMC,-17.688930,1.028242,20.845850,0.034775,0.474393,-0.224542,-0.850484
0.0872,5678,Render,Thumb_MCP,-17.669210,1.046462,20.880590,-0.013848,0.475465,-0.136523,-0.868967
0.0872,5678,Render,Thumb_IP,-17.644180,1.057449,20.921300,-0.107712,0.463310,0.038227,-0.878795
0.0872,5678,Render,Thumb_FingerTip,-17.628000,1.052690,20.944270,-0.107712,0.463310,0.038227,-0.878795
0.0872,5678,Render,Index_MCP,-17.621630,1.039689,20.874220,0.605531,0.269166,0.168640,-0.729687
0.0872,5678,Render,Index_PIP,-17.584250,1.043429,20.902170,0.548958,0.371165,0.293964,-0.688816
0.0872,5678,Render,Index_DIP,-17.569930,1.043495,20.923820,0.483440,0.453215,0.399075,-0.633737
0.0872,5678,Render,Index_FingerTip,-17.562650,1.041676,20.949650,0.483440,0.453215,0.399075,-0.633737
0.0872,5678,Render,Middle_MCP,-17.615810,1.013066,20.871070,0.632402,0.281785,0.186398,-0.697081
0.0872,5678,Render,Middle_PIP,-17.575060,1.018163,20.904270,0.560369,0.406598,0.326667,-0.643393
0.0872,5678,Render,Middle_DIP,-17.562420,1.019143,20.928920,0.474670,0.504007,0.440970,-0.571149
0.0872,5678,Render,Middle_FingerTip,-17.559510,1.018428,20.957060,0.474670,0.504007,0.440970,-0.571149
0.0872,5678,Render,Ring_MCP,-17.616460,0.988520,20.869930,0.649644,0.285522,0.192030,-0.677912
0.0872,5678,Render,Ring_PIP,-17.580940,0.993668,20.899560,0.573490,0.417934,0.332657,-0.621112
0.0872,5678,Render,Ring_DIP,-17.569630,0.995410,20.923280,0.482106,0.520706,0.446216,-0.545282
0.0872,5678,Render,Ring_FingerTip,-17.568100,0.995808,20.949040,0.482106,0.520706,0.446216,-0.545282
0.0872,5678,Render,Pinky_MCP,-17.622300,0.966973,20.868510,0.661838,0.285797,0.193386,-0.665502
0.0872,5678,Render,Pinky_PIP,-17.592310,0.971733,20.893560,0.585342,0.420813,0.331327,-0.608699
0.0872,5678,Render,Pinky_DIP,-17.584490,0.973371,20.910080,0.493180,0.525816,0.442516,-0.533359
0.0872,5678,Render,Pinky_FingerTip,-17.583430,0.974264,20.929180,0.493180,0.525816,0.442516,-0.533359
0.0991,5679,Real,Wrist,-17.722180,0.981755,20.830570,0.661546,0.196244,0.081680,-0.719148
0.0991,5679,Real,Thumb_CMC,-17.696700,1.016371,20.850390,0.049848,0.472151,-0.322094,-0.819051
0.0991,5679,Real,Thumb_MCP,-17.681480,1.041606,20.882940,-0.027297,0.473990,-0.185157,-0.860410
0.0991,5679,Real,Thumb_IP,-17.657840,1.055960,20.923430,-0.162982,0.445924,0.071140,-0.877228
0.0991,5679,Real,Thumb_FingerTip,-17.640960,1.048260,20.945060,-0.162982,0.445924,0.071140,-0.877228
0.0991,5679,Real,Index_MCP,-17.629930,1.028703,20.879640,0.597271,0.281862,0.172136,-0.730884
0.0991,5679,Real,Index_PIP,-17.593320,1.032687,20.908560,0.539550,0.380873,0.295897,-0.690121
0.0991,5679,Real,Index_DIP,-17.579430,1.032754,20.930500,0.473651,0.460254,0.399765,-0.635618
0.0991,5679,Real,Index_FingerTip,-17.572530,1.030812,20.956420,0.473651,0.460254,0.399765,-0.635618
0.0991,5679,Real,Middle_MCP,-17.623630,1.002209,20.876350,0.621565,0.299687,0.195829,-0.696776
0.0991,5679,Real,Middle_PIP,-17.584360,1.007471,20.911260,0.540843,0.428537,0.343673,-0.636973
0.0991,5679,Real,Middle_DIP,-17.573360,1.008184,20.936700,0.445602,0.526872,0.462654,-0.556594
0.0991,5679,Real,Middle_FingerTip,-17.572890,1.006898,20.964960,0.445602,0.526872,0.462654,-0.556594
0.0991,5679,Real,Ring_MCP,-17.623850,0.977667,20.874990,0.640511,0.299990,0.197529,-0.678775
0.0991,5679,Real,Ring_PIP,-17.589320,0.983071,20.905720,0.559716,0.432395,0.340740,-0.619394
0.0991,5679,Real,Ring_DIP,-17.578950,0.984703,20.929870,0.463846,0.533942,0.455799,-0.540370
0.0991,5679,Real,Ring_FingerTip,-17.578580,0.984773,20.955670,0.463846,0.533942,0.455799,-0.540370
0.0991,5679,Real,Pinky_MCP,-17.629310,0.956037,20.873320,0.652742,0.300401,0.198950,-0.666413
0.0991,5679,Real,Pinky_PIP,-17.600160,0.961038,20.899310,0.571564,0.435463,0.339432,-0.607020
0.0991,5679,Real,Pinky_DIP,-17.593010,0.962610,20.916130,0.474861,0.539278,0.452085,-0.528494
0.0991,5679,Real,Pinky_FingerTip,-17.592820,0.963267,20.935270,0.474861,0.539278,0.452085,-0.528494
0.0991,5679,Virtual,Wrist,-17.716360,0.994054,20.827240,0.664114,0.191456,0.080820,-0.718168
0.0991,5679,Virtual,Thumb_CMC,-17.690510,1.028599,20.846690,0.051890,0.467955,-0.320797,-0.821836
0.0991,5679,Virtual,Thumb_MCP,-17.674870,1.053885,20.879010,-0.024602,0.470180,-0.183426,-0.862949
0.0991,5679,Virtual,Thumb_IP,-17.650810,1.068272,20.919240,-0.159302,0.443055,0.073530,-0.879158
0.0991,5679,Virtual,Thumb_FingerTip,-17.633810,1.060565,20.940770,-0.159302,0.443055,0.073530,-0.879158
0.0991,5679,Virtual,Index_MCP,-17.623430,1.040643,20.875350,0.600499,0.277433,0.171376,-0.730111
0.0991,5679,Virtual,Index_PIP,-17.586560,1.044527,20.903960,0.543496,0.377068,0.295015,-0.689492
0.0991,5679,Virtual,Index_DIP,-17.572500,1.044606,20.925780,0.478141,0.457110,0.398795,-0.635133
0.0991,5679,Virtual,Index_FingerTip,-17.565400,1.042738,20.951660,0.478141,0.457110,0.398795,-0.635133
0.0991,5679,Virtual,Middle_MCP,-17.617320,1.014095,20.872130,0.624867,0.295372,0.194823,-0.695946
0.0991,5679,Virtual,Middle_PIP,-17.577730,1.019268,20.906700,0.545010,0.425050,0.342510,-0.636384
0.0991,5679,Virtual,Middle_DIP,-17.566540,1.020027,20.932040,0.450375,0.524276,0.461398,-0.556246
0.0991,5679,Virtual,Middle_FingerTip,-17.565840,1.018865,20.960310,0.450375,0.524276,0.461398,-0.556246
0.0991,5679,Virtual,Ring_MCP,-17.617700,0.989549,20.870890,0.643779,0.295692,0.196390,-0.677898
0.0991,5679,Virtual,Ring_PIP,-17.582900,0.994875,20.901310,0.563843,0.428913,0.339437,-0.618787
0.0991,5679,Virtual,Ring_DIP,-17.572320,0.996551,20.925370,0.468577,0.531339,0.454402,-0.540031
0.0991,5679,Virtual,Ring_FingerTip,-17.571740,0.996735,20.951170,0.468577,0.531339,0.454402,-0.540031
0.0991,5679,Virtual,Pinky_MCP,-17.623320,0.967947,20.869360,0.655990,0.296118,0.197722,-0.665506
0.0991,5679,Virtual,Pinky_PIP,-17.593930,0.972881,20.895090,0.575667,0.431991,0.338035,-0.606403
0.0991,5679,Virtual,Pinky_DIP,-17.586620,0.974485,20.911840,0.479566,0.536679,0.450595,-0.528164
0.0991,5679,Virtual,Pinky_FingerTip,-17.586280,0.975227,20.930980,0.479566,0.536679,0.450595,-0.528164
0.0991,5679,Render,Wrist,-17.716360,0.994054,20.827240,0.664114,0.191456,0.080820,-0.718168
0.0991,5679,Render,Thumb_CMC,-17.690510,1.028599,20.846690,0.031018,0.476549,-0.228032,-0.848493
0.0991,5679,Render,Thumb_MCP,-17.671110,1.046889,20.881580,-0.017805,0.477226,-0.140199,-0.867343
0.0991,5679,Render,Thumb_IP,-17.646340,1.057980,20.922420,-0.111939,0.464253,0.034303,-0.877931
0.0991,5679,Render,Thumb_FingerTip,-17.630190,1.053301,20.945430,-0.111939,0.464253,0.034303,-0.877931
0.0991,5679,Render,Index_MCP,-17.623430,1.040643,20.875350,0.602370,0.273348,0.166413,-0.731259
0.0991,5679,Render,Index_PIP,-17.586190,1.044667,20.903460,0.545112,0.374727,0.292047,-0.690754
0.0991,5679,Render,Index_DIP,-17.571950,1.044799,20.925160,0.479080,0.456126,0.397488,-0.635952
0.0991,5679,Render,Index_FingerTip,-17.564740,1.042955,20.951010,0.479080,0.456126,0.397488,-0.635952
0.0991,5679,Render,Middle_MCP,-17.617320,1.014095,20.872130,0.629205,0.286015,0.184417,-0.698776
0.0991,5679,Render,Middle_PIP,-17.576740,1.019492,20.905490,0.556365,0.410074,0.325079,-0.645462
0.0991,5679,Render,Middle_DIP,-17.564200,1.020507,20.930190,0.470089,0.506675,0.439796,-0.573478
0.0991,5679,Render,Middle_FingerTip,-17.561380,1.019713,20.958340,0.470089,0.506675,0.439796,-0.573478
0.0991,5679,Render,Ring_MCP,-17.617700,0.989549,20.870890,0.646454,0.289797,0.190188,-0.679664
0.0991,5679,Render,Ring_PIP,-17.582350,0.994954,20.900660,0.569460,0.421427,0.331233,-0.623218
0.0991,5679,Render,Ring_DIP,-17.571150,0.996722,20.924440,0.477477,0.523356,0.445224,-0.547623
0.0991,5679,Render,Ring_FingerTip,-17.569710,0.997036,20.950190,0.477477,0.523356,0.445224,-0.547623
0.0991,5679,Render,Pinky_MCP,-17.623320,0.967947,20.869360,0.658668,0.290111,0.191632,-0.667285
0.0991,5679,Render,Pinky_PIP,-17.593470,0.972925,20.894540,0.581323,0.424348,0.329995,-0.610816
0.0991,5679,Render,Pinky_DIP,-17.585720,0.974580,20.911090,0.488554,0.528510,0.441617,-0.535693
0.0991,5679,Render,Pinky_FingerTip,-17.584740,0.975409,20.930210,0.488554,0.528510,0.441617,-0.535693
0.1118,5680,Real,Wrist,-17.724520,0.980309,20.830530,0.656493,0.201903,0.083235,-0.722028
0.1118,5680,Real,Thumb_CMC,-17.699510,1.014904,20.850970,0.045213,0.478111,-0.322451,-0.815715
0.1118,5680,Real,Thumb_MCP,-17.684800,1.039901,20.883940,-0.032836,0.479120,-0.186049,-0.857176
0.1118,5680,Real,Thumb_IP,-17.661680,1.053997,20.924810,-0.169766,0.449237,0.069352,-0.874389
0.1118,5680,Real,Thumb_FingerTip,-17.644960,1.046194,20.946530,-0.169766,0.449237,0.069352,-0.874389
0.1118,5680,Real,Index_MCP,-17.633130,1.027429,20.881010,0.591380,0.286842,0.173786,-0.733342
0.1118,5680,Real,Index_PIP,-17.596830,1.031381,20.910340,0.532888,0.384759,0.297947,-0.692257
0.1118,5680,Real,Index_DIP,-17.583170,1.031317,20.932410,0.466464,0.463055,0.402122,-0.637409
0.1118,5680,Real,Index_FingerTip,-17.576510,1.029148,20.958380,0.466464,0.463055,0.402122,-0.637409
0.1118,5680,Real,Middle_MCP,-17.626590,1.001021,20.877500,0.615671,0.304463,0.197825,-0.699369
0.1118,5680,Real,Middle_PIP,-17.587700,1.006206,20.912850,0.534046,0.431907,0.346188,-0.639066
0.1118,5680,Real,Middle_DIP,-17.576970,1.006729,20.938400,0.438274,0.528833,0.465534,-0.558149
0.1118,5680,Real,Middle_FingerTip,-17.576770,1.005140,20.966660,0.438274,0.528833,0.465534,-0.558149
0.1118,5680,Real,Ring_MCP,-17.626610,0.976494,20.875870,0.634703,0.304741,0.199690,-0.681476
0.1118,5680,Real,Ring_PIP,-17.592430,0.981830,20.907000,0.553013,0.435766,0.343437,-0.621559
0.1118,5680,Real,Ring_DIP,-17.582300,0.983280,20.931280,0.456612,0.535930,0.458870,-0.541963
0.1118,5680,Real,Ring_FingerTip,-17.582190,0.983075,20.957080,0.456612,0.535930,0.458870,-0.541963
0.1118,5680,Real,Pinky_MCP,-17.631880,0.954843,20.873920,0.646993,0.305130,0.201221,-0.669184
0.1118,5680,Real,Pinky_PIP,-17.603030,0.959785,20.900250,0.564922,0.438825,0.342252,-0.609229
0.1118,5680,Real,Pinky_DIP,-17.596050,0.961230,20.917150,0.467687,0.541269,0.455285,-0.530106
0.1118,5680,Real,Pinky_FingerTip,-17.596060,0.961682,20.936310,0.467687,0.541269,0.455285,-0.530106
0.1118,5680,Virtual,Wrist,-17.717870,0.994307,20.828000,0.661546,0.196244,0.081680,-0.719148
0.1118,5680,Virtual,Thumb_CMC,-17.692400,1.028923,20.847810,0.049848,0.472151,-0.322095,-0.819051
0.1118,5680,Virtual,Thumb_MCP,-17.677170,1.054158,20.880370,-0.027297,0.473990,-0.185157,-0.860410
0.1118,5680,Virtual,Thumb_IP,-17.653530,1.068512,20.920850,-0.162982,0.445924,0.071139,-0.877228
0.1118,5680,Virtual,Thumb_FingerTip,-17.636660,1.060812,20.942490,-0.162982,0.445924,0.071139,-0.877228
0.1118,5680,Virtual,Index_MCP,-17.625630,1.041255,20.877060,0.597271,0.281862,0.172136,-0.730884
0.1118,5680,Virtual,Index_PIP,-17.589010,1.045239,20.905990,0.539550,0.380873,0.295897,-0.690121
0.1118,5680,Virtual,Index_DIP,-17.575130,1.045306,20.927920,0.473651,0.460254,0.399765,-0.635618
0.1118,5680,Virtual,Index_FingerTip,-17.568220,1.043364,20.953850,0.473651,0.460254,0.399765,-0.635618
0.1118,5680,Virtual,Middle_MCP,-17.619320,1.014761,20.873780,0.621565,0.299687,0.195829,-0.696776
0.1118,5680,Virtual,Middle_PIP,-17.580050,1.020023,20.908680,0.540843,0.428537,0.343672,-0.636973
0.1118,5680,Virtual,Middle_DIP,-17.569060,1.020736,20.934120,0.445602,0.526872,0.462654,-0.556594
0.1118,5680,Virtual,Middle_FingerTip,-17.568590,1.019449,20.962390,0.445602,0.526872,0.462654,-0.556594
0.1118,5680,Virtual,Ring_MCP,-17.619540,0.990219,20.872420,0.640511,0.299990,0.197529,-0.678775
0.1118,5680,Virtual,Ring_PIP,-17.585020,0.995623,20.903140,0.559716,0.432395,0.340740,-0.619394
0.1118,5680,Virtual,Ring_DIP,-17.574640,0.997255,20.927310,0.463846,0.533942,0.455799,-0.540370
0.1118,5680,Virtual,Ring_FingerTip,-17.574270,0.997325,20.953100,0.463846,0.533942,0.455799,-0.540370
0.1118,5680,Virtual,Pinky_MCP,-17.625010,0.968589,20.870740,0.652742,0.300401,0.198950,-0.666413
0.1118,5680,Virtual,Pinky_PIP,-17.595860,0.973589,20.896730,0.571564,0.435463,0.339431,-0.607020
0.1118,5680,Virtual,Pinky_DIP,-17.588700,0.975162,20.913560,0.474861,0.539278,0.452085,-0.528495
0.1118,5680,Virtual,Pinky_FingerTip,-17.588510,0.975819,20.932700,0.474861,0.539278,0.452085,-0.528495
0.1118,5680,Render,Wrist,-17.717870,0.994307,20.828000,0.661546,0.196244,0.081680,-0.719148
0.1118,5680,Render,Thumb_CMC,-17.692400,1.028923,20.847810,0.029253,0.486912,-0.228364,-0.842562
0.1118,5680,Render,Thumb_MCP,-17.673890,1.047072,20.883260,-0.020619,0.487354,-0.141134,-0.861477
0.1118,5680,Render,Thumb_IP,-17.650100,1.058009,20.924710,-0.116703,0.473624,0.032224,-0.872366
0.1118,5680,Render,Thumb_FingerTip,-17.634450,1.053256,20.948050,-0.116703,0.473624,0.032224,-0.872366
0.1118,5680,Render,Index_MCP,-17.625630,1.041255,20.877060,0.597271,0.281862,0.172136,-0.730884
0.1118,5680,Render,Index_PIP,-17.589010,1.045239,20.905990,0.539550,0.380873,0.295897,-0.690121
0.1118,5680,Render,Index_DIP,-17.575130,1.045306,20.927920,0.473651,0.460254,0.399765,-0.635618
0.1118,5680,Render,Index_FingerTip,-17.568220,1.043364,20.953850,0.473651,0.460254,0.399765,-0.635618
0.1118,5680,Render,Middle_MCP,-17.619320,1.014761,20.873780,0.625968,0.290378,0.185410,-0.699620
0.1118,5680,Render,Middle_PIP,-17.579050,1.020258,20.907490,0.552295,0.413673,0.326225,-0.646082
0.1118,5680,Render,Middle_DIP,-17.566720,1.021239,20.932290,0.465418,0.509452,0.441038,-0.573874
0.1118,5680,Render,Middle_FingerTip,-17.564120,1.020334,20.960460,0.465418,0.509452,0.441038,-0.573874
0.1118,5680,Render,Ring_MCP,-17.619540,0.990219,20.872420,0.643225,0.294124,0.191318,-0.680551
0.1118,5680,Render,Ring_PIP,-17.584470,0.995708,20.902500,0.565379,0.424964,0.332527,-0.623842
0.1118,5680,Render,Ring_DIP,-17.573470,0.997438,20.926370,0.472791,0.526038,0.446615,-0.547985
0.1118,5680,Render,Ring_FingerTip,-17.572240,0.997643,20.952140,0.472791,0.526038,0.446615,-0.547985
0.1118,5680,Render,Pinky_MCP,-17.625010,0.968589,20.870740,0.655460,0.294424,0.192852,-0.668203
0.1118,5680,Render,Pinky_PIP,-17.595390,0.973638,20.896190,0.577267,0.427874,0.331383,-0.611451
0.1118,5680,Render,Pinky_DIP,-17.587790,0.975266,20.912810,0.483894,0.531187,0.443102,-0.536049
0.1118,5680,Render,Pinky_FingerTip,-17.586970,0.976014,20.931930,0.483894,0.531187,0.443102,-0.536049
0.1239,5681,Real,Wrist,-17.724520,0.980309,20.830530,0.656493,0.201903,0.083235,-0.722028
0.1239,5681,Real,Thumb_CMC,-17.699510,1.014904,20.850970,0.045213,0.478111,-0.322451,-0.815715
0.1239,5681,Real,Thumb_MCP,-17.684800,1.039901,20.883940,-0.032836,0.479120,-0.186049,-0.857176
0.1239,5681,Real,Thumb_IP,-17.661680,1.053997,20.924810,-0.169766,0.449237,0.069352,-0.874389
0.1239,5681,Real,Thumb_FingerTip,-17.644960,1.046194,20.946530,-0.169766,0.449237,0.069352,-0.874389
0.1239,5681,Real,Index_MCP,-17.633130,1.027429,20.881010,0.591380,0.286842,0.173786,-0.733342
0.1239,5681,Real,Index_PIP,-17.596830,1.031381,20.910340,0.532888,0.384759,0.297947,-0.692257
0.1239,5681,Real,Index_DIP,-17.583170,1.031317,20.932410,0.466464,0.463055,0.402122,-0.637409
0.1239,5681,Real,Index_FingerTip,-17.576510,1.029148,20.958380,0.466464,0.463055,0.402122,-0.637409
0.1239,5681,Real,Middle_MCP,-17.626590,1.001021,20.877500,0.615671,0.304463,0.197825,-0.699369
0.1239,5681,Real,Middle_PIP,-17.587700,1.006206,20.912850,0.534046,0.431907,0.346188,-0.639066
0.1239,5681,Real,Middle_DIP,-17.576970,1.006729,20.938400,0.438274,0.528833,0.465534,-0.558149
0.1239,5681,Real,Middle_FingerTip,-17.576770,1.005140,20.966660,0.438274,0.528833,0.465534,-0.558149
0.1239,5681,Real,Ring_MCP,-17.626610,0.976494,20.875870,0.634703,0.304741,0.199690,-0.681476
0.1239,5681,Real,Ring_PIP,-17.592430,0.981830,20.907000,0.553013,0.435766,0.343437,-0.621559
0.1239,5681,Real,Ring_DIP,-17.582300,0.983280,20.931280,0.456612,0.535930,0.458870,-0.541963
0.1239,5681,Real,Ring_FingerTip,-17.582190,0.983075,20.957080,0.456612,0.535930,0.458870,-0.541963
0.1239,5681,Real,Pinky_MCP,-17.631880,0.954843,20.873920,0.646993,0.305130,0.201221,-0.669184
0.1239,5681,Real,Pinky_PIP,-17.603030,0.959785,20.900250,0.564922,0.438825,0.342252,-0.609229
0.1239,5681,Real,Pinky_DIP,-17.596050,0.961230,20.917150,0.467687,0.541269,0.455285,-0.530106
0.1239,5681,Real,Pinky_FingerTip,-17.596060,0.961682,20.936310,0.467687,0.541269,0.455285,-0.530106
0.1239,5681,Virtual,Wrist,-17.719270,0.994733,20.828160,0.656494,0.201903,0.083235,-0.722028
0.1239,5681,Virtual,Thumb_CMC,-17.694260,1.029327,20.848600,0.045213,0.478111,-0.322451,-0.815715
0.1239,5681,Virtual,Thumb_MCP,-17.679550,1.054325,20.881570,-0.032836,0.479120,-0.186049,-0.857177
0.1239,5681,Virtual,Thumb_IP,-17.656430,1.068421,20.922440,-0.169766,0.449237,0.069352,-0.874389
0.1239,5681,Virtual,Thumb_FingerTip,-17.639710,1.060617,20.944160,-0.169766,0.449237,0.069352,-0.874389
0.1239,5681,Virtual,Index_MCP,-17.627880,1.041853,20.878640,0.591380,0.286842,0.173786,-0.733342
0.1239,5681,Virtual,Index_PIP,-17.591580,1.045804,20.907970,0.532888,0.384759,0.297947,-0.692257
0.1239,5681,Virtual,Index_DIP,-17.577920,1.045741,20.930040,0.466464,0.463055,0.402122,-0.637409
0.1239,5681,Virtual,Index_FingerTip,-17.571250,1.043571,20.956010,0.466464,0.463055,0.402122,-0.637409
0.1239,5681,Virtual,Middle_MCP,-17.621340,1.015445,20.875130,0.615671,0.304463,0.197826,-0.699369
0.1239,5681,Virtual,Middle_PIP,-17.582450,1.020630,20.910480,0.534046,0.431907,0.346188,-0.639066
0.1239,5681,Virtual,Middle_DIP,-17.571720,1.021152,20.936040,0.438274,0.528833,0.465534,-0.558149
0.1239,5681,Virtual,Middle_FingerTip,-17.571520,1.019564,20.964290,0.438274,0.528833,0.465534,-0.558149
0.1239,5681,Virtual,Ring_MCP,-17.621360,0.990918,20.873510,0.634704,0.304741,0.199690,-0.681475
0.1239,5681,Virtual,Ring_PIP,-17.587180,0.996254,20.904630,0.553013,0.435766,0.343438,-0.621559
0.1239,5681,Virtual,Ring_DIP,-17.577050,0.997704,20.928910,0.456612,0.535930,0.458870,-0.541963
0.1239,5681,Virtual,Ring_FingerTip,-17.576940,0.997499,20.954710,0.456612,0.535930,0.458870,-0.541963
0.1239,5681,Virtual,Pinky_MCP,-17.626630,0.969266,20.871550,0.646993,0.305130,0.201221,-0.669184
0.1239,5681,Virtual,Pinky_PIP,-17.597780,0.974209,20.897880,0.564922,0.438825,0.342252,-0.609229
0.1239,5681,Virtual,Pinky_DIP,-17.590800,0.975654,20.914780,0.467688,0.541269,0.455285,-0.530106
0.1239,5681,Virtual,Pinky_FingerTip,-17.590810,0.976106,20.933940,0.467688,0.541269,0.455285,-0.530106
0.1239,5681,Render,Wrist,-17.719270,0.994733,20.828160,0.656494,0.201903,0.083235,-0.722028
0.1239,5681,Render,Thumb_CMC,-17.694260,1.029327,20.848600,0.023972,0.492405,-0.228836,-0.839403
0.1239,5681,Render,Thumb_MCP,-17.676240,1.047233,20.884410,-0.026434,0.492278,-0.141927,-0.858382
0.1239,5681,Render,Thumb_IP,-17.652950,1.057903,20.926220,-0.123377,0.477300,0.030835,-0.869490
0.1239,5681,Render,Thumb_FingerTip,-17.637490,1.053019,20.949660,-0.123377,0.477300,0.030835,-0.869490
0.1239,5681,Render,Index_MCP,-17.627880,1.041853,20.878640,0.591380,0.286842,0.173786,-0.733342
0.1239,5681,Render,Index_PIP,-17.591580,1.045804,20.907970,0.532888,0.384759,0.297947,-0.692257
0.1239,5681,Render,Index_DIP,-17.577920,1.045741,20.930040,0.466464,0.463055,0.402122,-0.637409
0.1239,5681,Render,Index_FingerTip,-17.571250,1.043571,20.956010,0.466464,0.463055,0.402122,-0.637409
0.1239,5681,Render,Middle_MCP,-17.621340,1.015445,20.875130,0.620146,0.295242,0.187368,-0.702243
0.1239,5681,Render,Middle_PIP,-17.581440,1.020885,20.909300,0.545593,0.417226,0.328684,-0.648243
0.1239,5681,Render,Middle_DIP,-17.569360,1.021693,20.934240,0.458171,0.511692,0.443856,-0.575538
0.1239,5681,Render,Middle_FingerTip,-17.567030,1.020504,20.962410,0.458171,0.511692,0.443856,-0.575538
0.1239,5681,Render,Ring_MCP,-17.621360,0.990918,20.873510,0.637462,0.298928,0.193455,-0.683272
0.1239,5681,Render,Ring_PIP,-17.586620,0.996351,20.903990,0.558722,0.428422,0.335196,-0.626042
0.1239,5681,Render,Ring_DIP,-17.575870,0.997906,20.927990,0.465591,0.528148,0.449658,-0.549630
0.1239,5681,Render,Ring_FingerTip,-17.574900,0.997842,20.953770,0.465591,0.528148,0.449658,-0.549630
0.1239,5681,Render,Pinky_MCP,-17.626630,0.969266,20.871550,0.649754,0.299205,0.195098,-0.670994
0.1239,5681,Render,Pinky_PIP,-17.597310,0.974267,20.897340,0.570670,0.431324,0.334174,-0.613697
0.1239,5681,Render,Pinky_DIP,-17.589890,0.975773,20.914050,0.476755,0.533299,0.446274,-0.537714
0.1239,5681,Render,Pinky_FingerTip,-17.589260,0.976321,20.933200,0.476755,0.533299,0.446274,-0.537714
0.1345,5682,Real,Wrist,-17.730320,0.978707,20.830130,0.654528,0.212327,0.086951,-0.720382
0.1345,5682,Real,Thumb_CMC,-17.706050,1.013510,20.851100,0.032148,0.496638,-0.312094,-0.809268
0.1345,5682,Real,Thumb_MCP,-17.692350,1.037092,20.885520,-0.047228,0.495432,-0.179448,-0.848596
0.1345,5682,Real,Thumb_IP,-17.670550,1.049731,20.927570,-0.185737,0.461719,0.068477,-0.864655
0.1345,5682,Real,Thumb_FingerTip,-17.654470,1.041468,20.949600,-0.185737,0.461719,0.068477,-0.864655
0.1345,5682,Real,Index_MCP,-17.640420,1.026605,20.882530,0.582594,0.307716,0.190050,-0.727857
0.1345,5682,Real,Index_PIP,-17.605840,1.030440,20.913870,0.525334,0.397655,0.304960,-0.687673
0.1345,5682,Real,Index_DIP,-17.592920,1.030398,20.936380,0.461987,0.469758,0.401632,-0.636071
0.1345,5682,Real,Index_FingerTip,-17.586570,1.028329,20.962450,0.461987,0.469758,0.401632,-0.636071
0.1345,5682,Real,Middle_MCP,-17.633580,1.000258,20.879140,0.606814,0.324448,0.212653,-0.693750
0.1345,5682,Real,Middle_PIP,-17.596660,1.005470,20.916540,0.519934,0.450731,0.360955,-0.629461
0.1345,5682,Real,Middle_DIP,-17.587430,1.005866,20.942680,0.419533,0.545420,0.479306,-0.544772
0.1345,5682,Real,Middle_FingerTip,-17.588970,1.004038,20.970880,0.419533,0.545420,0.479306,-0.544772
0.1345,5682,Real,Ring_MCP,-17.633340,0.975732,20.877510,0.625473,0.325609,0.215231,-0.675603
0.1345,5682,Real,Ring_PIP,-17.600990,0.981154,20.910520,0.537711,0.456184,0.359667,-0.611067
0.1345,5682,Real,Ring_DIP,-17.592430,0.982498,20.935390,0.435688,0.554449,0.474541,-0.526853
0.1345,5682,Real,Ring_FingerTip,-17.594100,0.982062,20.961130,0.435688,0.554449,0.474541,-0.526853
0.1345,5682,Real,Pinky_MCP,-17.638390,0.954036,20.875440,0.637738,0.326139,0.216729,-0.663289
0.1345,5682,Real,Pinky_PIP,-17.611090,0.959095,20.903360,0.549555,0.459420,0.358398,-0.598727
0.1345,5682,Real,Pinky_DIP,-17.605200,0.960485,20.920670,0.446646,0.559986,0.470831,-0.515016
0.1345,5682,Real,Pinky_FingerTip,-17.606550,0.960777,20.939790,0.446646,0.559986,0.470831,-0.515016
0.1345,5682,Virtual,Wrist,-17.719270,0.994733,20.828160,0.656494,0.201903,0.083235,-0.722028
0.1345,5682,Virtual,Thumb_CMC,-17.694260,1.029327,20.848600,0.031255,0.487929,-0.308943,-0.815784
0.1345,5682,Virtual,Thumb_MCP,-17.679640,1.052800,20.882710,-0.046724,0.486691,-0.175301,-0.854528
0.1345,5682,Virtual,Thumb_IP,-17.656850,1.065260,20.924300,-0.182776,0.453480,0.074135,-0.869168
0.1345,5682,Virtual,Thumb_FingerTip,-17.640380,1.056862,20.945990,-0.182776,0.453480,0.074135,-0.869168
0.1345,5682,Virtual,Index_MCP,-17.627880,1.041853,20.878640,0.586066,0.297548,0.187093,-0.730060
0.1345,5682,Virtual,Index_PIP,-17.592620,1.045393,20.909260,0.530400,0.388180,0.302396,-0.690325
0.1345,5682,Virtual,Index_DIP,-17.579230,1.045244,20.931500,0.468376,0.461121,0.399481,-0.639067
0.1345,5682,Virtual,Index_FingerTip,-17.572350,1.043129,20.957420,0.468376,0.461121,0.399481,-0.639067
0.1345,5682,Virtual,Middle_MCP,-17.621340,1.015445,20.875130,0.610587,0.314534,0.209286,-0.696025
0.1345,5682,Virtual,Middle_PIP,-17.583600,1.020343,20.911750,0.525808,0.441899,0.358176,-0.632426
0.1345,5682,Virtual,Middle_DIP,-17.573820,1.020667,20.937680,0.427051,0.537937,0.477174,-0.548231
0.1345,5682,Virtual,Middle_FingerTip,-17.574790,1.018863,20.965910,0.427051,0.537937,0.477174,-0.548231
0.1345,5682,Virtual,Ring_MCP,-17.621360,0.990918,20.873510,0.629273,0.315803,0.211588,-0.677876
0.1345,5682,Virtual,Ring_PIP,-17.588270,0.996064,20.905820,0.543591,0.447464,0.356619,-0.614091
0.1345,5682,Virtual,Ring_DIP,-17.579180,0.997341,20.930510,0.443192,0.547080,0.472158,-0.530426
0.1345,5682,Virtual,Ring_FingerTip,-17.580320,0.996929,20.956290,0.443192,0.547080,0.472158,-0.530426
0.1345,5682,Virtual,Pinky_MCP,-17.626630,0.969266,20.871550,0.641553,0.316408,0.212903,-0.665559
0.1345,5682,Virtual,Pinky_PIP,-17.598710,0.974093,20.898890,0.555432,0.450777,0.355171,-0.601789
0.1345,5682,Virtual,Pinky_DIP,-17.592450,0.975437,20.916080,0.454132,0.552692,0.468281,-0.518662
0.1345,5682,Virtual,Pinky_FingerTip,-17.593400,0.975748,20.935210,0.454132,0.552692,0.468281,-0.518662
0.1345,5682,Render,Wrist,-17.719270,0.994733,20.828160,0.656494,0.201903,0.083235,-0.722028
0.1345,5682,Render,Thumb_CMC,-17.694260,1.029327,20.848600,0.024914,0.500576,-0.227303,-0.834947
0.1345,5682,Render,Thumb_MCP,-17.676890,1.047090,20.884810,-0.026332,0.500504,-0.140856,-0.853793
0.1345,5682,Render,Thumb_IP,-17.654370,1.057590,20.927070,-0.124905,0.485382,0.030976,-0.864780
0.1345,5682,Render,Thumb_FingerTip,-17.639350,1.052608,20.950780,-0.124905,0.485382,0.030976,-0.864780
0.1345,5682,Render,Index_MCP,-17.627880,1.041853,20.878640,0.587623,0.294462,0.183251,-0.731034
0.1345,5682,Render,Index_PIP,-17.592320,1.045512,20.908890,0.531197,0.387090,0.300978,-0.690945
0.1345,5682,Render,Index_DIP,-17.578840,1.045391,20.931070,0.467994,0.461509,0.400011,-0.638736
0.1345,5682,Render,Index_FingerTip,-17.572010,1.043265,20.957000,0.467994,0.461509,0.400011,-0.638736
0.1345,5682,Render,Middle_MCP,-17.621340,1.015445,20.875130,0.620146,0.295242,0.187368,-0.702243
0.1345,5682,Render,Middle_PIP,-17.581440,1.020885,20.909300,0.545593,0.417226,0.328684,-0.648243
0.1345,5682,Render,Middle_DIP,-17.569360,1.021693,20.934240,0.458171,0.511692,0.443856,-0.575538
0.1345,5682,Render,Middle_FingerTip,-17.567030,1.020504,20.962410,0.458171,0.511692,0.443856,-0.575538
0.1345,5682,Render,Ring_MCP,-17.621360,0.990918,20.873510,0.637462,0.298928,0.193455,-0.683272
0.1345,5682,Render,Ring_PIP,-17.586620,0.996351,20.903990,0.558722,0.428422,0.335196,-0.626042
0.1345,5682,Render,Ring_DIP,-17.575870,0.997906,20.927990,0.465591,0.528148,0.449658,-0.549630
0.1345,5682,Render,Ring_FingerTip,-17.574900,0.997842,20.953770,0.465591,0.528148,0.449658,-0.549630
0.1345,5682,Render,Pinky_MCP,-17.626630,0.969266,20.871550,0.649754,0.299205,0.195098,-0.670994
0.1345,5682,Render,Pinky_PIP,-17.597310,0.974267,20.897340,0.570670,0.431324,0.334174,-0.613697
0.1345,5682,Render,Pinky_DIP,-17.589890,0.975773,20.914050,0.476755,0.533299,0.446274,-0.537714
0.1345,5682,Render,Pinky_FingerTip,-17.589260,0.976321,20.933200,0.476755,0.533299,0.446274,-0.537714
0.1464,5683,Real,Wrist,-17.733030,0.978070,20.830490,0.654685,0.216845,0.087423,-0.718835
0.1464,5683,Real,Thumb_CMC,-17.709090,1.013051,20.851550,0.028328,0.501991,-0.309186,-0.807222
0.1464,5683,Real,Thumb_MCP,-17.695700,1.036218,20.886360,-0.050874,0.500210,-0.178552,-0.845767
0.1464,5683,Real,Thumb_IP,-17.674330,1.048531,20.928740,-0.188954,0.465934,0.065508,-0.861923
0.1464,5683,Real,Thumb_FingerTip,-17.658450,1.040295,20.950930,-0.188954,0.465934,0.065508,-0.861923
0.1464,5683,Real,Index_MCP,-17.643770,1.026557,20.883450,0.579717,0.316687,0.195653,-0.724815
0.1464,5683,Real,Index_PIP,-17.609920,1.030470,20.915570,0.523209,0.403256,0.306342,-0.685414
0.1464,5683,Real,Index_DIP,-17.597280,1.030522,20.938240,0.461349,0.472779,0.399621,-0.635563
0.1464,5683,Real,Index_FingerTip,-17.590990,1.028593,20.964320,0.461349,0.472779,0.399621,-0.635563
0.1464,5683,Real,Middle_MCP,-17.636770,1.000234,20.880190,0.603872,0.333126,0.217648,-0.690649
0.1464,5683,Real,Middle_PIP,-17.600690,1.005604,20.918380,0.515001,0.458703,0.365335,-0.625217
0.1464,5683,Real,Middle_DIP,-17.592040,1.006038,20.944700,0.412952,0.552363,0.482902,-0.539603
0.1464,5683,Real,Middle_FingerTip,-17.594200,1.004200,20.972860,0.412952,0.552363,0.482902,-0.539603
0.1464,5683,Real,Ring_MCP,-17.636410,0.975706,20.878630,0.622511,0.334343,0.220158,-0.672477
0.1464,5683,Real,Ring_PIP,-17.604790,0.981298,20.912310,0.532795,0.464150,0.363900,-0.606854
0.1464,5683,Real,Ring_DIP,-17.596770,0.982692,20.937370,0.429177,0.561349,0.477940,-0.521794
0.1464,5683,Real,Ring_FingerTip,-17.599020,0.982255,20.963070,0.429177,0.561349,0.477940,-0.521794
0.1464,5683,Real,Pinky_MCP,-17.641330,0.953979,20.876580,0.634749,0.334941,0.221648,-0.660137
0.1464,5683,Real,Pinky_PIP,-17.614660,0.959199,20.905070,0.544594,0.467449,0.362615,-0.594491
0.1464,5683,Real,Pinky_DIP,-17.609160,0.960630,20.922520,0.440078,0.566941,0.474208,-0.509937
0.1464,5683,Real,Pinky_FingerTip,-17.610930,0.960924,20.941590,0.440078,0.566941,0.474208,-0.509937
0.1464,5683,Virtual,Wrist,-17.724200,0.994598,20.828440,0.654529,0.212327,0.086950,-0.720382
0.1464,5683,Virtual,Thumb_CMC,-17.699920,1.029401,20.849410,0.027214,0.499223,-0.306603,-0.809957
0.1464,5683,Virtual,Thumb_MCP,-17.686150,1.052403,20.884190,-0.051540,0.497301,-0.175572,-0.848063
0.1464,5683,Virtual,Thumb_IP,-17.664400,1.064491,20.926430,-0.188778,0.462955,0.069012,-0.863292
0.1464,5683,Virtual,Thumb_FingerTip,-17.648380,1.056114,20.948470,-0.188778,0.462955,0.069012,-0.863292
0.1464,5683,Virtual,Index_MCP,-17.634290,1.042497,20.880840,0.580218,0.312174,0.195626,-0.726378
0.1464,5683,Virtual,Index_PIP,-17.600180,1.046152,20.912710,0.524407,0.398877,0.306560,-0.686962
0.1464,5683,Virtual,Index_DIP,-17.587360,1.046079,20.935280,0.463150,0.468612,0.400054,-0.637065
0.1464,5683,Virtual,Index_FingerTip,-17.580890,1.044044,20.961310,0.463150,0.468612,0.400054,-0.637065
0.1464,5683,Virtual,Middle_MCP,-17.627450,1.016150,20.877460,0.604546,0.328655,0.217467,-0.692256
0.1464,5683,Virtual,Middle_PIP,-17.591050,1.021234,20.915370,0.516649,0.454493,0.365515,-0.626825
0.1464,5683,Virtual,Middle_DIP,-17.582180,1.021550,20.941640,0.415408,0.548567,0.483400,-0.541142
0.1464,5683,Virtual,Middle_FingerTip,-17.584140,1.019642,20.969800,0.415408,0.548567,0.483400,-0.541142
0.1464,5683,Virtual,Ring_MCP,-17.627220,0.991624,20.875830,0.623223,0.329894,0.219862,-0.674110
0.1464,5683,Virtual,Ring_PIP,-17.595310,0.996965,20.909280,0.534476,0.459970,0.363974,-0.608512
0.1464,5683,Virtual,Ring_DIP,-17.587100,0.998249,20.934270,0.431661,0.557589,0.478344,-0.523403
0.1464,5683,Virtual,Ring_FingerTip,-17.589140,0.997749,20.959990,0.431661,0.557589,0.478344,-0.523403
0.1464,5683,Virtual,Pinky_MCP,-17.632270,0.969928,20.873760,0.635486,0.330507,0.221276,-0.661786
0.1464,5683,Virtual,Pinky_PIP,-17.605350,0.974936,20.902050,0.546297,0.463289,0.362618,-0.596181
0.1464,5683,Virtual,Pinky_DIP,-17.599700,0.976290,20.919450,0.442578,0.563206,0.474548,-0.511593
0.1464,5683,Virtual,Pinky_FingerTip,-17.601330,0.976539,20.938540,0.442578,0.563206,0.474548,-0.511593
0.1464,5683,Render,Wrist,-17.724200,0.994598,20.828440,0.654529,0.212327,0.086950,-0.720382
0.1464,5683,Render,Thumb_CMC,-17.699920,1.029401,20.849410,0.025167,0.511931,-0.230122,-0.827247
0.1464,5683,Render,Thumb_MCP,-17.683680,1.047251,20.886100,-0.027240,0.511825,-0.144447,-0.846421
0.1464,5683,Render,Thumb_IP,-17.662380,1.057873,20.928970,-0.128037,0.496299,0.025997,-0.858264
0.1464,5683,Render,Thumb_FingerTip,-17.647960,1.052979,20.953050,-0.128037,0.496299,0.025997,-0.858264
0.1464,5683,Render,Index_MCP,-17.634290,1.042497,20.880840,0.582595,0.307716,0.190050,-0.727857
0.1464,5683,Render,Index_PIP,-17.599720,1.046332,20.912190,0.525334,0.397655,0.304960,-0.687673
0.1464,5683,Render,Index_DIP,-17.586800,1.046289,20.934700,0.461987,0.469758,0.401632,-0.636071
0.1464,5683,Render,Index_FingerTip,-17.580450,1.044221,20.960760,0.461987,0.469758,0.401632,-0.636071
0.1464,5683,Render,Middle_MCP,-17.627450,1.016150,20.877460,0.616686,0.305269,0.190804,-0.700074
0.1464,5683,Render,Middle_PIP,-17.588330,1.021924,20.912460,0.540131,0.426319,0.331597,-0.645410
0.1464,5683,Render,Middle_DIP,-17.576790,1.022825,20.937640,0.451109,0.519607,0.446189,-0.572211
0.1464,5683,Render,Middle_FingerTip,-17.575030,1.021641,20.965860,0.451109,0.519607,0.446189,-0.572211
0.1464,5683,Render,Ring_MCP,-17.627220,0.991624,20.875830,0.633925,0.308832,0.197157,-0.681096
0.1464,5683,Render,Ring_PIP,-17.593180,0.997347,20.907040,0.553147,0.437340,0.338347,-0.623125
0.1464,5683,Render,Ring_DIP,-17.582940,0.998985,20.931260,0.458401,0.535823,0.452187,-0.546159
0.1464,5683,Render,Ring_FingerTip,-17.582510,0.998916,20.957050,0.458401,0.535823,0.452187,-0.546159
0.1464,5683,Render,Pinky_MCP,-17.632270,0.969928,20.873760,0.646200,0.309034,0.198983,-0.668827
0.1464,5683,Render,Pinky_PIP,-17.603530,0.975173,20.900160,0.565095,0.440165,0.337505,-0.610749
0.1464,5683,Render,Pinky_DIP,-17.596470,0.976737,20.917020,0.469580,0.540899,0.448973,-0.534178
0.1464,5683,Render,Pinky_FingerTip,-17.596250,0.977279,20.936170,0.469580,0.540899,0.448973,-0.534178
0.1595,5684,Real,Wrist,-17.736330,0.977665,20.830410,0.657364,0.221235,0.087853,-0.714989
0.1595,5684,Real,Thumb_CMC,-17.712670,1.012923,20.851330,0.028403,0.505428,-0.307552,-0.805697
0.1595,5684,Real,Thumb_MCP,-17.699500,1.035945,20.886320,-0.050402,0.503710,-0.178749,-0.843673
0.1595,5684,Real,Thumb_IP,-17.678490,1.048244,20.928880,-0.187906,0.470059,0.061848,-0.860181
0.1595,5684,Real,Thumb_FingerTip,-17.662800,1.040177,20.951260,-0.187906,0.470059,0.061848,-0.860181
0.1595,5684,Real,Index_MCP,-17.647660,1.026948,20.883620,0.579628,0.325432,0.200189,-0.719757
0.1595,5684,Real,Index_PIP,-17.614510,1.031119,20.916420,0.523949,0.409088,0.306399,-0.681355
0.1595,5684,Real,Index_DIP,-17.602110,1.031409,20.939230,0.463557,0.476435,0.396067,-0.633448
0.1595,5684,Real,Index_FingerTip,-17.595860,1.029793,20.965350,0.463557,0.476435,0.396067,-0.633448
0.1595,5684,Real,Middle_MCP,-17.640550,1.000619,20.880680,0.603671,0.341548,0.221469,-0.685477
0.1595,5684,Real,Middle_PIP,-17.605250,1.006361,20.919520,0.513137,0.466651,0.367649,-0.619485
0.1595,5684,Real,Middle_DIP,-17.597090,1.007010,20.946010,0.409753,0.559621,0.483819,-0.533710
0.1595,5684,Real,Middle_FingerTip,-17.599770,1.005373,20.974130,0.409753,0.559621,0.483819,-0.533710
0.1595,5684,Real,Ring_MCP,-17.640100,0.976078,20.879350,0.622237,0.342784,0.223904,-0.667224
0.1595,5684,Real,Ring_PIP,-17.609160,0.982025,20.913600,0.530910,0.472032,0.366061,-0.601099
0.1595,5684,Real,Ring_DIP,-17.601620,0.983636,20.938790,0.426032,0.568486,0.478653,-0.515957
0.1595,5684,Real,Ring_FingerTip,-17.604310,0.983389,20.964450,0.426032,0.568486,0.478653,-0.515957
0.1595,5684,Real,Pinky_MCP,-17.644930,0.954317,20.877460,0.634405,0.343431,0.225389,-0.654817
0.1595,5684,Real,Pinky_PIP,-17.618840,0.959852,20.906430,0.542633,0.475357,0.364762,-0.588672
0.1595,5684,Real,Pinky_DIP,-17.613670,0.961437,20.923960,0.436856,0.574083,0.474901,-0.504039
0.1595,5684,Real,Pinky_FingerTip,-17.615780,0.961875,20.943000,0.436856,0.574083,0.474901,-0.504039
0.1595,5684,Virtual,Wrist,-17.726670,0.994539,20.828790,0.654685,0.216845,0.087423,-0.718835
0.1595,5684,Virtual,Thumb_CMC,-17.702730,1.029520,20.849850,0.024179,0.503574,-0.303940,-0.808362
0.1595,5684,Virtual,Thumb_MCP,-17.689200,1.052166,20.884950,-0.054287,0.501223,-0.174768,-0.845745
0.1595,5684,Virtual,Thumb_IP,-17.667800,1.063993,20.927450,-0.190951,0.466593,0.066248,-0.861069
0.1595,5684,Virtual,Thumb_FingerTip,-17.651960,1.055663,20.949630,-0.190951,0.466593,0.066248,-0.861069
0.1595,5684,Virtual,Index_MCP,-17.637410,1.043026,20.881750,0.577553,0.320617,0.200571,-0.723470
0.1595,5684,Virtual,Index_PIP,-17.603980,1.046779,20.914320,0.522623,0.404015,0.307337,-0.684968
0.1595,5684,Virtual,Index_DIP,-17.591400,1.046811,20.937020,0.462932,0.471229,0.397487,-0.636900
0.1595,5684,Virtual,Index_FingerTip,-17.584950,1.044928,20.963070,0.462932,0.471229,0.397487,-0.636900
0.1595,5684,Virtual,Middle_MCP,-17.630420,1.016703,20.878490,0.601870,0.336730,0.221773,-0.689335
0.1595,5684,Virtual,Middle_PIP,-17.594780,1.021962,20.917110,0.512447,0.461555,0.368800,-0.623179
0.1595,5684,Virtual,Middle_DIP,-17.586410,1.022333,20.943530,0.410093,0.554489,0.485684,-0.537101
0.1595,5684,Virtual,Middle_FingerTip,-17.588870,1.020439,20.971650,0.410093,0.554489,0.485684,-0.537101
0.1595,5684,Virtual,Ring_MCP,-17.630050,0.992175,20.876930,0.620534,0.337999,0.224109,-0.671171
0.1595,5684,Virtual,Ring_PIP,-17.598820,0.997696,20.910980,0.530309,0.466988,0.367135,-0.604903
0.1595,5684,Virtual,Ring_DIP,-17.591070,0.999043,20.936130,0.426450,0.563424,0.480465,-0.519470
0.1595,5684,Virtual,Ring_FingerTip,-17.593570,0.998563,20.961800,0.426450,0.563424,0.480465,-0.519470
0.1595,5684,Virtual,Pinky_MCP,-17.634980,0.970449,20.874880,0.632768,0.338668,0.225527,-0.658822
0.1595,5684,Virtual,Pinky_PIP,-17.608640,0.975623,20.903690,0.542091,0.470349,0.365784,-0.592547
0.1595,5684,Virtual,Pinky_DIP,-17.603320,0.977026,20.921190,0.437324,0.569069,0.476675,-0.507632
0.1595,5684,Virtual,Pinky_FingerTip,-17.605280,0.977290,20.940240,0.437324,0.569069,0.476675,-0.507632
0.1595,5684,Render,Wrist,-17.726670,0.994539,20.828790,0.654685,0.216845,0.087423,-0.718835
0.1595,5684,Render,Thumb_CMC,-17.702730,1.029520,20.849850,0.026241,0.517353,-0.232285,-0.823227
0.1595,5684,Render,Thumb_MCP,-17.687070,1.047506,20.886710,-0.026724,0.517328,-0.147009,-0.842643
0.1595,5684,Render,Thumb_IP,-17.666400,1.058297,20.929850,-0.128621,0.501796,0.022737,-0.855068
0.1595,5684,Render,Thumb_FingerTip,-17.652280,1.053510,20.954140,-0.128621,0.501796,0.022737,-0.855068
0.1595,5684,Render,Index_MCP,-17.637410,1.043026,20.881750,0.579718,0.316687,0.195653,-0.724815
0.1595,5684,Render,Index_PIP,-17.603570,1.046939,20.913870,0.523209,0.403256,0.306342,-0.685414
0.1595,5684,Render,Index_DIP,-17.590930,1.046992,20.936540,0.461349,0.472779,0.399621,-0.635563
0.1595,5684,Render,Index_FingerTip,-17.584640,1.045062,20.962620,0.461349,0.472779,0.399621,-0.635563
0.1595,5684,Render,Middle_MCP,-17.630420,1.016703,20.878490,0.616183,0.309762,0.191046,-0.698475
0.1595,5684,Render,Middle_PIP,-17.591600,1.022769,20.913770,0.538710,0.430611,0.331503,-0.643795
0.1595,5684,Render,Middle_DIP,-17.580250,1.023797,20.939040,0.448912,0.523558,0.445795,-0.570642
0.1595,5684,Render,Middle_FingerTip,-17.578710,1.022702,20.967280,0.448912,0.523558,0.445795,-0.570642
0.1595,5684,Render,Ring_MCP,-17.630050,0.992175,20.876930,0.633362,0.313302,0.197507,-0.679475
0.1595,5684,Render,Ring_PIP,-17.596290,0.998153,20.908390,0.551641,0.441586,0.338342,-0.621466
0.1595,5684,Render,Ring_DIP,-17.586250,0.999909,20.932680,0.456104,0.539699,0.451862,-0.544532
0.1595,5684,Render,Ring_FingerTip,-17.586010,0.999915,20.958480,0.456104,0.539699,0.451862,-0.544532
0.1595,5684,Render,Pinky_MCP,-17.634980,0.970449,20.874880,0.645613,0.313490,0.199411,-0.667192
0.1595,5684,Render,Pinky_PIP,-17.606470,0.975909,20.901490,0.563567,0.444391,0.337573,-0.609060
0.1595,5684,Render,Pinky_DIP,-17.599550,0.977555,20.918400,0.467266,0.544752,0.448714,-0.532508
0.1595,5684,Render,Pinky_FingerTip,-17.599480,0.978152,20.937550,0.467266,0.544752,0.448714,-0.532508
0.1742,5685,Real,Wrist,-17.739730,0.977489,20.830300,0.660088,0.225683,0.090170,-0.710789
0.1742,5685,Real,Thumb_CMC,-17.716320,1.012952,20.851150,0.033607,0.508358,-0.309948,-0.802730
0.1742,5685,Real,Thumb_MCP,-17.703540,1.036303,20.886080,-0.045716,0.507412,-0.181577,-0.841114
0.1742,5685,Real,Thumb_IP,-17.682990,1.049005,20.928740,-0.184428,0.474914,0.058423,-0.858505
0.1742,5685,Real,Thumb_FingerTip,-17.667550,1.041154,20.951360,-0.184428,0.474914,0.058423,-0.858505
0.1742,5685,Real,Index_MCP,-17.651670,1.027314,20.884010,0.581739,0.330395,0.201604,-0.715384
0.1742,5685,Real,Index_PIP,-17.618880,1.031808,20.917130,0.525287,0.414312,0.307139,-0.676819
0.1742,5685,Real,Index_DIP,-17.606730,1.032314,20.940070,0.464174,0.481793,0.396185,-0.628853
0.1742,5685,Real,Index_FingerTip,-17.600760,1.030942,20.966260,0.464174,0.481793,0.396185,-0.628853
0.1742,5685,Real,Middle_MCP,-17.644520,1.000964,20.881380,0.605504,0.346430,0.222949,-0.680915
0.1742,5685,Real,Middle_PIP,-17.609640,1.007085,20.920560,0.513845,0.471818,0.368084,-0.614708
0.1742,5685,Real,Middle_DIP,-17.601770,1.007982,20.947120,0.409416,0.564825,0.483292,-0.528942
0.1742,5685,Real,Middle_FingerTip,-17.604740,1.006602,20.975230,0.409416,0.564825,0.483292,-0.528942
0.1742,5685,Real,Ring_MCP,-17.644030,0.976412,20.880290,0.623973,0.347585,0.225484,-0.662570
0.1742,5685,Real,Ring_PIP,-17.613470,0.982693,20.914820,0.531541,0.477098,0.366571,-0.596212
0.1742,5685,Real,Ring_DIP,-17.606200,0.984540,20.940070,0.425639,0.573576,0.478178,-0.511066
0.1742,5685,Real,Ring_FingerTip,-17.609180,0.984527,20.965700,0.425639,0.573576,0.478178,-0.511066
0.1742,5685,Real,Pinky_MCP,-17.648830,0.954632,20.878560,0.636076,0.348175,0.227035,-0.650105
0.1742,5685,Real,Pinky_PIP,-17.623070,0.960449,20.907750,0.543212,0.480353,0.365324,-0.583712
0.1742,5685,Real,Pinky_DIP,-17.618090,0.962198,20.925320,0.436426,0.579095,0.474462,-0.499067
0.1742,5685,Real,Pinky_FingerTip,-17.620400,0.962809,20.944330,0.436426,0.579095,0.474462,-0.499067
0.1742,5685,Virtual,Wrist,-17.729830,0.994235,20.829140,0.657364,0.221235,0.087853,-0.714989
0.1742,5685,Virtual,Thumb_CMC,-17.706170,1.029493,20.850060,0.028403,0.505428,-0.307552,-0.805697
0.1742,5685,Virtual,Thumb_MCP,-17.693000,1.052515,20.885050,-0.050402,0.503710,-0.178749,-0.843673
0.1742,5685,Virtual,Thumb_IP,-17.671990,1.064813,20.927600,-0.187906,0.470059,0.061848,-0.860181
0.1742,5685,Virtual,Thumb_FingerTip,-17.656300,1.056747,20.949990,-0.187906,0.470059,0.061848,-0.860181
0.1742,5685,Virtual,Index_MCP,-17.641160,1.043517,20.882350,0.579628,0.325432,0.200189,-0.719757
0.1742,5685,Virtual,Index_PIP,-17.608010,1.047689,20.915160,0.523948,0.409088,0.306399,-0.681355
0.1742,5685,Virtual,Index_DIP,-17.595610,1.047979,20.937960,0.463557,0.476435,0.396067,-0.633448
0.1742,5685,Virtual,Index_FingerTip,-17.589370,1.046363,20.964080,0.463557,0.476435,0.396067,-0.633448
0.1742,5685,Virtual,Middle_MCP,-17.634050,1.017189,20.879400,0.603670,0.341548,0.221469,-0.685477
0.1742,5685,Virtual,Middle_PIP,-17.598750,1.022931,20.918250,0.513137,0.466651,0.367650,-0.619485
0.1742,5685,Virtual,Middle_DIP,-17.590590,1.023580,20.944740,0.409753,0.559621,0.483819,-0.533710
0.1742,5685,Virtual,Middle_FingerTip,-17.593270,1.021943,20.972860,0.409753,0.559621,0.483819,-0.533710
0.1742,5685,Virtual,Ring_MCP,-17.633600,0.992648,20.878070,0.622237,0.342784,0.223904,-0.667224
0.1742,5685,Virtual,Ring_PIP,-17.602660,0.998595,20.912330,0.530910,0.472032,0.366061,-0.601099
0.1742,5685,Virtual,Ring_DIP,-17.595120,1.000205,20.937520,0.426032,0.568486,0.478653,-0.515957
0.1742,5685,Virtual,Ring_FingerTip,-17.597810,0.999959,20.963180,0.426032,0.568486,0.478653,-0.515957
0.1742,5685,Virtual,Pinky_MCP,-17.638430,0.970887,20.876190,0.634405,0.343431,0.225389,-0.654817
0.1742,5685,Virtual,Pinky_PIP,-17.612340,0.976421,20.905160,0.542633,0.475357,0.364762,-0.588672
0.1742,5685,Virtual,Pinky_DIP,-17.607170,0.978007,20.922690,0.436856,0.574083,0.474901,-0.504039
0.1742,5685,Virtual,Pinky_FingerTip,-17.609280,0.978445,20.941720,0.436856,0.574083,0.474901,-0.504039
0.1742,5685,Render,Wrist,-17.729830,0.994235,20.829140,0.657364,0.221235,0.087853,-0.714989
0.1742,5685,Render,Thumb_CMC,-17.706170,1.029493,20.850060,0.030349,0.520847,-0.235739,-0.819893
0.1742,5685,Render,Thumb_MCP,-17.690970,1.047855,20.886930,-0.022995,0.521224,-0.150785,-0.839679
0.1742,5685,Render,Thumb_IP,-17.670810,1.059095,20.930190,-0.125738,0.506353,0.018449,-0.852911
0.1742,5685,Render,Thumb_FingerTip,-17.656940,1.054569,20.954670,-0.125738,0.506353,0.018449,-0.852911
0.1742,5685,Render,Index_MCP,-17.641160,1.043517,20.882350,0.579628,0.325432,0.200189,-0.719757
0.1742,5685,Render,Index_PIP,-17.608010,1.047689,20.915160,0.523948,0.409088,0.306399,-0.681355
0.1742,5685,Render,Index_DIP,-17.595610,1.047979,20.937960,0.463557,0.476435,0.396067,-0.633448
0.1742,5685,Render,Index_FingerTip,-17.589370,1.046363,20.964080,0.463557,0.476435,0.396067,-0.633448
0.1742,5685,Render,Middle_MCP,-17.634050,1.017189,20.879400,0.618196,0.314495,0.190913,-0.694608
0.1742,5685,Render,Middle_PIP,-17.595540,1.023716,20.914940,0.539699,0.435658,0.330572,-0.640039
0.1742,5685,Render,Middle_DIP,-17.584400,1.025022,20.940290,0.448941,0.528701,0.444180,-0.567126
0.1742,5685,Render,Middle_FingerTip,-17.583090,1.024198,20.968550,0.448941,0.528701,0.444180,-0.567126
0.1742,5685,Render,Ring_MCP,-17.633600,0.992648,20.878070,0.635252,0.318017,0.197458,-0.675523
0.1742,5685,Render,Ring_PIP,-17.600100,0.999036,20.909750,0.552477,0.446597,0.337448,-0.617616
0.1742,5685,Render,Ring_DIP,-17.590270,1.001055,20.934100,0.455959,0.544776,0.450242,-0.540927
0.1742,5685,Render,Ring_FingerTip,-17.590240,1.001305,20.959900,0.455959,0.544776,0.450242,-0.540927
0.1742,5685,Render,Pinky_MCP,-17.638430,0.970887,20.876190,0.647436,0.318185,0.199430,-0.663184
0.1742,5685,Render,Pinky_PIP,-17.610160,0.976694,20.902980,0.564344,0.449367,0.336734,-0.605141
0.1742,5685,Render,Pinky_DIP,-17.603380,0.978522,20.919930,0.467068,0.549784,0.447135,-0.528825
0.1742,5685,Render,Pinky_FingerTip,-17.603470,0.979301,20.939070,0.467068,0.549784,0.447135,-0.528825
0.1886,5686,Real,Wrist,-17.742810,0.977219,20.829930,0.661108,0.229454,0.092663,-0.708308
0.1886,5686,Real,Thumb_CMC,-17.719620,1.012784,20.850840,0.032598,0.512738,-0.305589,-0.801656
0.1886,5686,Real,Thumb_MCP,-17.707000,1.035766,20.886070,-0.046426,0.511672,-0.179024,-0.839040
0.1886,5686,Real,Thumb_IP,-17.686780,1.048166,20.928980,-0.184660,0.479441,0.057389,-0.856004
0.1886,5686,Real,Thumb_FingerTip,-17.671570,1.040320,20.951770,-0.184660,0.479441,0.057389,-0.856004
0.1886,5686,Real,Index_MCP,-17.655290,1.027322,20.884270,0.579775,0.338606,0.208642,-0.711109
0.1886,5686,Real,Index_PIP,-17.623280,1.031813,20.918150,0.524206,0.419526,0.310101,-0.673086
0.1886,5686,Real,Index_DIP,-17.611450,1.032394,20.941250,0.464574,0.484732,0.395805,-0.626534
0.1886,5686,Real,Index_FingerTip,-17.605620,1.031168,20.967480,0.464574,0.484732,0.395805,-0.626534
0.1886,5686,Real,Middle_MCP,-17.648100,1.000965,20.881820,0.603588,0.354112,0.229169,-0.676586
0.1886,5686,Real,Middle_PIP,-17.614080,1.007163,20.921730,0.510489,0.478659,0.372920,-0.609277
0.1886,5686,Real,Middle_DIP,-17.606770,1.008113,20.948450,0.404992,0.570697,0.486738,-0.522851
0.1886,5686,Real,Middle_FingerTip,-17.610320,1.006790,20.976500,0.404992,0.570697,0.486738,-0.522851
0.1886,5686,Real,Ring_MCP,-17.647590,0.976409,20.880830,0.621944,0.355399,0.231779,-0.658147
0.1886,5686,Real,Ring_PIP,-17.617810,0.982784,20.916020,0.527977,0.484110,0.371554,-0.590615
0.1886,5686,Real,Ring_DIP,-17.611090,0.984688,20.941420,0.420903,0.579623,0.481808,-0.504717
0.1886,5686,Real,Ring_FingerTip,-17.614600,0.984729,20.966980,0.420903,0.579623,0.481808,-0.504717
0.1886,5686,Real,Pinky_MCP,-17.652360,0.954618,20.879140,0.634008,0.356013,0.233310,-0.645643
0.1886,5686,Real,Pinky_PIP,-17.627260,0.960531,20.908890,0.539607,0.487377,0.370282,-0.578083
0.1886,5686,Real,Pinky_DIP,-17.622660,0.962326,20.926560,0.431649,0.585142,0.478064,-0.492690
0.1886,5686,Real,Pinky_FingerTip,-17.625380,0.962979,20.945510,0.431649,0.585142,0.478064,-0.492690
0.1886,5686,Virtual,Wrist,-17.733200,0.994068,20.829220,0.660088,0.225682,0.090169,-0.710789
0.1886,5686,Virtual,Thumb_CMC,-17.709790,1.029531,20.850070,0.029552,0.509533,-0.304432,-0.804254
0.1886,5686,Virtual,Thumb_MCP,-17.696820,1.052356,20.885270,-0.048944,0.508037,-0.177483,-0.841429
0.1886,5686,Virtual,Thumb_IP,-17.676190,1.064562,20.928040,-0.186087,0.475256,0.059525,-0.857881
0.1886,5686,Virtual,Thumb_FingerTip,-17.660760,1.056610,20.950650,-0.186087,0.475256,0.059525,-0.857881
0.1886,5686,Virtual,Index_MCP,-17.645140,1.043893,20.882930,0.579335,0.334593,0.206771,-0.713908
0.1886,5686,Virtual,Index_PIP,-17.612800,1.048223,20.916530,0.524356,0.415491,0.308658,-0.676128
0.1886,5686,Virtual,Index_DIP,-17.600750,1.048699,20.939510,0.465252,0.480751,0.394775,-0.629740
0.1886,5686,Virtual,Index_FingerTip,-17.594670,1.047358,20.965680,0.465252,0.480751,0.394775,-0.629740
0.1886,5686,Virtual,Middle_MCP,-17.637980,1.017543,20.880300,0.603324,0.350214,0.227207,-0.679506
0.1886,5686,Virtual,Middle_PIP,-17.603580,1.023553,20.919910,0.511093,0.474798,0.371652,-0.612557
0.1886,5686,Virtual,Middle_DIP,-17.596020,1.024385,20.946570,0.406352,0.567034,0.486148,-0.526318
0.1886,5686,Virtual,Middle_FingerTip,-17.599290,1.022944,20.974640,0.406352,0.567034,0.486148,-0.526318
0.1886,5686,Virtual,Ring_MCP,-17.637500,0.992991,20.879210,0.621732,0.351578,0.229727,-0.661111
0.1886,5686,Virtual,Ring_PIP,-17.607380,0.999200,20.914140,0.528615,0.480338,0.370208,-0.593960
0.1886,5686,Virtual,Ring_DIP,-17.600410,1.000993,20.939480,0.422281,0.576053,0.481156,-0.508263
0.1886,5686,Virtual,Ring_FingerTip,-17.603680,1.000926,20.965070,0.422281,0.576053,0.481156,-0.508263
0.1886,5686,Virtual,Pinky_MCP,-17.642300,0.971211,20.877480,0.633831,0.352246,0.231198,-0.648636
0.1886,5686,Virtual,Pinky_PIP,-17.616910,0.976983,20.907000,0.540266,0.483664,0.368885,-0.581469
0.1886,5686,Virtual,Pinky_DIP,-17.612140,0.978701,20.924630,0.433035,0.581635,0.477370,-0.496286
0.1886,5686,Virtual,Pinky_FingerTip,-17.614670,0.979274,20.943620,0.433035,0.581635,0.477370,-0.496286
0.1886,5686,Render,Wrist,-17.733200,0.994068,20.829220,0.660088,0.225682,0.090169,-0.710789
0.1886,5686,Render,Thumb_CMC,-17.709790,1.029531,20.850070,0.035226,0.524183,-0.238201,-0.816855
0.1886,5686,Render,Thumb_MCP,-17.694990,1.048241,20.886940,-0.018484,0.525040,-0.153544,-0.836908
0.1886,5686,Render,Thumb_IP,-17.675300,1.059890,20.930310,-0.122071,0.510987,0.015195,-0.850741
0.1886,5686,Render,Thumb_FingerTip,-17.661700,1.055598,20.954980,-0.122071,0.510987,0.015195,-0.850741
0.1886,5686,Render,Index_MCP,-17.645140,1.043893,20.882930,0.581740,0.330395,0.201604,-0.715384
0.1886,5686,Render,Index_PIP,-17.612340,1.048387,20.916060,0.525288,0.414312,0.307139,-0.676819
0.1886,5686,Render,Index_DIP,-17.600190,1.048894,20.938990,0.464174,0.481792,0.396184,-0.628854
0.1886,5686,Render,Index_FingerTip,-17.594230,1.047521,20.965190,0.464174,0.481792,0.396184,-0.628854
0.1886,5686,Render,Middle_MCP,-17.637980,1.017543,20.880300,0.620244,0.319291,0.192594,-0.690115
0.1886,5686,Render,Middle_PIP,-17.599860,1.024421,20.916190,0.540710,0.440774,0.331286,-0.635296
0.1886,5686,Render,Middle_DIP,-17.588990,1.025966,20.941650,0.448980,0.533916,0.443997,-0.562333
0.1886,5686,Render,Middle_FingerTip,-17.587990,1.025403,20.969920,0.448980,0.533916,0.443997,-0.562333
0.1886,5686,Render,Ring_MCP,-17.637500,0.992991,20.879210,0.637176,0.322746,0.199220,-0.670935
0.1886,5686,Render,Ring_PIP,-17.604350,0.999691,20.911180,0.553345,0.451627,0.338187,-0.612758
0.1886,5686,Render,Ring_DIP,-17.594780,1.001940,20.935620,0.455840,0.549880,0.450031,-0.536018
0.1886,5686,Render,Ring_FingerTip,-17.595040,1.002426,20.961410,0.455840,0.549880,0.450031,-0.536018
0.1886,5686,Render,Pinky_MCP,-17.642300,0.971211,20.877480,0.649292,0.322859,0.201260,-0.658541
0.1886,5686,Render,Pinky_PIP,-17.614320,0.977282,20.904510,0.565157,0.454331,0.337528,-0.600214
0.1886,5686,Render,Pinky_DIP,-17.607730,0.979269,20.921510,0.466908,0.554811,0.446964,-0.523837
0.1886,5686,Render,Pinky_FingerTip,-17.608020,0.980224,20.940640,0.466908,0.554811,0.446964,-0.523837
0.2032,5687,Real,Wrist,-17.745840,0.976922,20.829580,0.661181,0.232963,0.093841,-0.706938
0.2032,5687,Real,Thumb_CMC,-17.722890,1.012591,20.850590,0.033812,0.515332,-0.307064,-0.799376
0.2032,5687,Real,Thumb_MCP,-17.710580,1.035678,20.885850,-0.045624,0.514421,-0.180832,-0.837012
0.2032,5687,Real,Thumb_IP,-17.690710,1.048219,20.928890,-0.184640,0.482305,0.055096,-0.854549
0.2032,5687,Real,Thumb_FingerTip,-17.675640,1.040459,20.951800,-0.184640,0.482305,0.055096,-0.854549
0.2032,5687,Real,Index_MCP,-17.658850,1.027369,20.884440,0.579291,0.342132,0.209415,-0.709587
0.2032,5687,Real,Index_PIP,-17.627090,1.032014,20.918540,0.523212,0.422944,0.310643,-0.671468
0.2032,5687,Real,Index_DIP,-17.615430,1.032674,20.941720,0.463140,0.487989,0.396130,-0.624859
0.2032,5687,Real,Index_FingerTip,-17.609780,1.031516,20.967990,0.463140,0.487989,0.396130,-0.624859
0.2032,5687,Real,Middle_MCP,-17.651560,1.001026,20.882100,0.602974,0.357568,0.230056,-0.675013
0.2032,5687,Real,Middle_PIP,-17.617850,1.007396,20.922240,0.509128,0.481894,0.373438,-0.607546
0.2032,5687,Real,Middle_DIP,-17.610740,1.008420,20.949010,0.403014,0.573596,0.486902,-0.521052
0.2032,5687,Real,Middle_FingerTip,-17.614480,1.007144,20.977030,0.403014,0.573596,0.486902,-0.521052
0.2032,5687,Real,Ring_MCP,-17.650980,0.976470,20.881160,0.621300,0.358816,0.232756,-0.656554
0.2032,5687,Real,Ring_PIP,-17.621470,0.982996,20.916550,0.526593,0.487300,0.372154,-0.588846
0.2032,5687,Real,Ring_DIP,-17.614940,0.984970,20.942000,0.418912,0.582473,0.482044,-0.502864
0.2032,5687,Real,Ring_FingerTip,-17.618630,0.985052,20.967530,0.418912,0.582473,0.482044,-0.502864
0.2032,5687,Real,Pinky_MCP,-17.655690,0.954664,20.879490,0.633346,0.359403,0.234346,-0.644038
0.2032,5687,Real,Pinky_PIP,-17.630810,0.960703,20.909400,0.538211,0.490537,0.370938,-0.576288
0.2032,5687,Real,Pinky_DIP,-17.626340,0.962547,20.927100,0.429652,0.587960,0.478349,-0.490801
0.2032,5687,Real,Pinky_FingerTip,-17.629200,0.963230,20.946030,0.429652,0.587960,0.478349,-0.490801
0.2032,5687,Virtual,Wrist,-17.736110,0.994092,20.829070,0.661108,0.229455,0.092663,-0.708308
0.2032,5687,Virtual,Thumb_CMC,-17.712920,1.029656,20.849990,0.032598,0.512739,-0.305589,-0.801656
0.2032,5687,Virtual,Thumb_MCP,-17.700300,1.052638,20.885220,-0.046426,0.511672,-0.179024,-0.839039
0.2032,5687,Virtual,Thumb_IP,-17.680090,1.065039,20.928130,-0.184660,0.479442,0.057389,-0.856004
0.2032,5687,Virtual,Thumb_FingerTip,-17.664880,1.057192,20.950920,-0.184660,0.479442,0.057389,-0.856004
0.2032,5687,Virtual,Index_MCP,-17.648600,1.044194,20.883410,0.579775,0.338606,0.208643,-0.711108
0.2032,5687,Virtual,Index_PIP,-17.616590,1.048685,20.917290,0.524206,0.419526,0.310101,-0.673086
0.2032,5687,Virtual,Index_DIP,-17.604760,1.049266,20.940390,0.464574,0.484732,0.395806,-0.626534
0.2032,5687,Virtual,Index_FingerTip,-17.598930,1.048040,20.966620,0.464574,0.484732,0.395806,-0.626534
0.2032,5687,Virtual,Middle_MCP,-17.641410,1.017837,20.880960,0.603587,0.354112,0.229169,-0.676586
0.2032,5687,Virtual,Middle_PIP,-17.607390,1.024035,20.920880,0.510489,0.478659,0.372920,-0.609276
0.2032,5687,Virtual,Middle_DIP,-17.600080,1.024985,20.947600,0.404992,0.570697,0.486738,-0.522851
0.2032,5687,Virtual,Middle_FingerTip,-17.603620,1.023663,20.975640,0.404992,0.570697,0.486738,-0.522851
0.2032,5687,Virtual,Ring_MCP,-17.640900,0.993281,20.879980,0.621943,0.355399,0.231779,-0.658147
0.2032,5687,Virtual,Ring_PIP,-17.611120,0.999656,20.915160,0.527976,0.484110,0.371554,-0.590615
0.2032,5687,Virtual,Ring_DIP,-17.604390,1.001561,20.940570,0.420903,0.579623,0.481808,-0.504717
0.2032,5687,Virtual,Ring_FingerTip,-17.607910,1.001601,20.966120,0.420903,0.579623,0.481808,-0.504717
0.2032,5687,Virtual,Pinky_MCP,-17.645670,0.971491,20.878290,0.634008,0.356014,0.233310,-0.645643
0.2032,5687,Virtual,Pinky_PIP,-17.620570,0.977403,20.908040,0.539607,0.487377,0.370283,-0.578083
0.2032,5687,Virtual,Pinky_DIP,-17.615970,0.979198,20.925700,0.431649,0.585142,0.478065,-0.492690
0.2032,5687,Virtual,Pinky_FingerTip,-17.618680,0.979851,20.944660,0.431649,0.585142,0.478065,-0.492690
0.2032,5687,Render,Wrist,-17.736110,0.994092,20.829070,0.661108,0.229455,0.092663,-0.708308
0.2032,5687,Render,Thumb_CMC,-17.712920,1.029656,20.849990,0.038036,0.528209,-0.239248,-0.813824
0.2032,5687,Render,Thumb_MCP,-17.698540,1.048520,20.886940,-0.016100,0.529331,-0.154896,-0.834000
0.2032,5687,Render,Thumb_IP,-17.679340,1.060352,20.930480,-0.120584,0.515665,0.013295,-0.848158
0.2032,5687,Render,Thumb_FingerTip,-17.666010,1.056165,20.955310,-0.120584,0.515665,0.013295,-0.848158
0.2032,5687,Render,Index_MCP,-17.648600,1.044194,20.883410,0.579775,0.338606,0.208643,-0.711108
0.2032,5687,Render,Index_PIP,-17.616590,1.048685,20.917290,0.524206,0.419526,0.310101,-0.673086
0.2032,5687,Render,Index_DIP,-17.604760,1.049266,20.940390,0.464574,0.484732,0.395806,-0.626534
0.2032,5687,Render,Index_FingerTip,-17.598930,1.048040,20.966620,0.464574,0.484732,0.395806,-0.626534
0.2032,5687,Render,Middle_MCP,-17.641410,1.017837,20.880960,0.620704,0.323172,0.194700,-0.687298
0.2032,5687,Render,Middle_PIP,-17.603630,1.024889,20.917180,0.540357,0.444666,0.332764,-0.632104
0.2032,5687,Render,Middle_DIP,-17.593020,1.026549,20.942740,0.447907,0.537673,0.444853,-0.558921
0.2032,5687,Render,Middle_FingerTip,-17.592270,1.026107,20.971020,0.447907,0.537673,0.444853,-0.558921
0.2032,5687,Render,Ring_MCP,-17.640900,0.993281,20.879980,0.637562,0.326553,0.201405,-0.668068
0.2032,5687,Render,Ring_PIP,-17.608060,1.000135,20.912240,0.552908,0.455429,0.339708,-0.609489
0.2032,5687,Render,Ring_DIP,-17.598730,1.002494,20.936750,0.454677,0.553526,0.450893,-0.532517
0.2032,5687,Render,Ring_FingerTip,-17.599230,1.003091,20.962540,0.454677,0.553526,0.450893,-0.532517
0.2032,5687,Render,Pinky_MCP,-17.645670,0.971491,20.878290,0.649642,0.326614,0.203507,-0.655648
0.2032,5687,Render,Pinky_PIP,-17.617960,0.977692,20.905560,0.564695,0.458074,0.339104,-0.596907
0.2032,5687,Render,Pinky_DIP,-17.611530,0.979756,20.922620,0.465733,0.558395,0.447872,-0.520288
0.2032,5687,Render,Pinky_FingerTip,-17.612010,0.980792,20.941740,0.465733,0.558395,0.447872,-0.520288
0.2172,5688,Real,Wrist,-17.748690,0.976273,20.829240,0.660798,0.237010,0.094431,-0.705872
0.2172,5688,Real,Thumb_CMC,-17.726060,1.012073,20.850360,0.026419,0.520706,-0.299322,-0.799109
0.2172,5688,Real,Thumb_MCP,-17.713820,1.034287,20.886210,-0.052033,0.518772,-0.175992,-0.834982
0.2172,5688,Real,Thumb_IP,-17.694220,1.046050,20.929590,-0.189099,0.485874,0.054112,-0.851610
0.2172,5688,Real,Thumb_FingerTip,-17.679340,1.038187,20.952590,-0.189099,0.485874,0.054112,-0.851610
0.2172,5688,Real,Index_MCP,-17.662320,1.027184,20.884650,0.573889,0.353277,0.218466,-0.705777
0.2172,5688,Real,Index_PIP,-17.631650,1.031732,20.919740,0.520231,0.428384,0.312860,-0.669303
0.2172,5688,Real,Index_DIP,-17.620300,1.032431,20.943070,0.463561,0.489146,0.392844,-0.625717
0.2172,5688,Real,Index_FingerTip,-17.614580,1.031405,20.969340,0.463561,0.489146,0.392844,-0.625717
0.2172,5688,Real,Middle_MCP,-17.654900,1.000872,20.882390,0.597717,0.368188,0.237969,-0.671226
0.2172,5688,Real,Middle_PIP,-17.622390,1.007244,20.923510,0.502209,0.490523,0.379639,-0.602535
0.2172,5688,Real,Middle_DIP,-17.616000,1.008220,20.950470,0.395107,0.580274,0.491457,-0.515406
0.2172,5688,Real,Middle_FingerTip,-17.620430,1.006860,20.978390,0.395107,0.580274,0.491457,-0.515406
0.2172,5688,Real,Ring_MCP,-17.654210,0.976317,20.881490,0.615984,0.369650,0.240599,-0.652714
0.2172,5688,Real,Ring_PIP,-17.625770,0.982893,20.917740,0.519564,0.496116,0.378309,-0.583786
0.2172,5688,Real,Ring_DIP,-17.619940,0.984838,20.943360,0.410854,0.589302,0.486571,-0.497164
0.2172,5688,Real,Ring_FingerTip,-17.624280,0.984849,20.968790,0.410854,0.589302,0.486571,-0.497164
0.2172,5688,Real,Pinky_MCP,-17.658790,0.954487,20.879810,0.628007,0.370357,0.242119,-0.640174
0.2172,5688,Real,Pinky_PIP,-17.634840,0.960597,20.910460,0.531136,0.499451,0.377032,-0.571219
0.2172,5688,Real,Pinky_DIP,-17.630870,0.962428,20.928270,0.421535,0.594866,0.482827,-0.485100
0.2172,5688,Real,Pinky_FingerTip,-17.634200,0.963062,20.947130,0.421535,0.594866,0.482827,-0.485100
0.2172,5688,Virtual,Wrist,-17.739000,0.994102,20.828910,0.661181,0.232963,0.093841,-0.706938
0.2172,5688,Virtual,Thumb_CMC,-17.716060,1.029771,20.849920,0.025991,0.518018,-0.297264,-0.801633
0.2172,5688,Virtual,Thumb_MCP,-17.703480,1.051881,20.885710,-0.052053,0.516051,-0.173579,-0.837169
0.2172,5688,Virtual,Thumb_IP,-17.683510,1.063497,20.928970,-0.188389,0.483247,0.057023,-0.853071
0.2172,5688,Virtual,Thumb_FingerTip,-17.668510,1.055535,20.951850,-0.188389,0.483247,0.057023,-0.853071
0.2172,5688,Virtual,Index_MCP,-17.652020,1.044550,20.883770,0.574973,0.349340,0.218260,-0.706916
0.2172,5688,Virtual,Index_PIP,-17.621080,1.048911,20.918660,0.521843,0.424632,0.312811,-0.670460
0.2172,5688,Virtual,Index_DIP,-17.609560,1.049527,20.941910,0.465623,0.485621,0.392939,-0.626871
0.2172,5688,Virtual,Index_FingerTip,-17.603660,1.048440,20.968130,0.465623,0.485621,0.392939,-0.626871
0.2172,5688,Virtual,Middle_MCP,-17.644730,1.018207,20.881430,0.598927,0.364306,0.237611,-0.672391
0.2172,5688,Virtual,Middle_PIP,-17.611910,1.024377,20.922330,0.504243,0.487003,0.379545,-0.603750
0.2172,5688,Virtual,Middle_DIP,-17.605320,1.025288,20.949240,0.397797,0.577226,0.491606,-0.516616
0.2172,5688,Virtual,Middle_FingerTip,-17.609560,1.023909,20.977190,0.397797,0.577226,0.491606,-0.516616
0.2172,5688,Virtual,Ring_MCP,-17.644150,0.993650,20.880500,0.617219,0.365791,0.240136,-0.653890
0.2172,5688,Virtual,Ring_PIP,-17.615430,1.000049,20.916560,0.521617,0.492624,0.378116,-0.585035
0.2172,5688,Virtual,Ring_DIP,-17.609420,1.001933,20.942130,0.413559,0.586286,0.486630,-0.498427
0.2172,5688,Virtual,Ring_FingerTip,-17.613570,1.001928,20.967590,0.413559,0.586286,0.486630,-0.498427
0.2172,5688,Virtual,Pinky_MCP,-17.648860,0.971844,20.878820,0.629257,0.366514,0.241585,-0.641358
0.2172,5688,Virtual,Pinky_PIP,-17.624660,0.977804,20.909300,0.533201,0.495978,0.376772,-0.572491
0.2172,5688,Virtual,Pinky_DIP,-17.620540,0.979593,20.927090,0.424248,0.591871,0.482825,-0.486398
0.2172,5688,Virtual,Pinky_FingerTip,-17.623740,0.980216,20.945970,0.424248,0.591871,0.482825,-0.486398
0.2172,5688,Render,Wrist,-17.739000,0.994102,20.828910,0.661181,0.232963,0.093841,-0.706938
0.2172,5688,Render,Thumb_CMC,-17.716060,1.029771,20.849920,0.039005,0.530919,-0.240737,-0.811572
0.2172,5688,Render,Thumb_MCP,-17.701990,1.048748,20.886940,-0.015413,0.532127,-0.156607,-0.831912
0.2172,5688,Render,Thumb_IP,-17.683130,1.060720,20.930590,-0.120464,0.518541,0.011204,-0.846450
0.2172,5688,Render,Thumb_FingerTip,-17.669970,1.056619,20.955530,-0.120464,0.518541,0.011204,-0.846450
0.2172,5688,Render,Index_MCP,-17.652020,1.044550,20.883770,0.579291,0.342132,0.209415,-0.709587
0.2172,5688,Render,Index_PIP,-17.620250,1.049195,20.917870,0.523213,0.422944,0.310643,-0.671468
0.2172,5688,Render,Index_DIP,-17.608600,1.049854,20.941050,0.463140,0.487989,0.396130,-0.624859
0.2172,5688,Render,Index_FingerTip,-17.602950,1.048696,20.967330,0.463140,0.487989,0.396130,-0.624859
0.2172,5688,Render,Middle_MCP,-17.644730,1.018207,20.881430,0.620266,0.326653,0.195666,-0.685772
0.2172,5688,Render,Middle_PIP,-17.607240,1.025434,20.917910,0.539208,0.447982,0.333393,-0.630411
0.2172,5688,Render,Middle_DIP,-17.596810,1.027174,20.943530,0.446160,0.540716,0.445155,-0.557140
0.2172,5688,Render,Middle_FingerTip,-17.596270,1.026791,20.971820,0.446160,0.540716,0.445155,-0.557140
0.2172,5688,Render,Ring_MCP,-17.644150,0.993650,20.880500,0.637076,0.329995,0.202453,-0.666521
0.2172,5688,Render,Ring_PIP,-17.611570,1.000658,20.912970,0.551696,0.458687,0.340402,-0.607754
0.2172,5688,Render,Ring_DIP,-17.602410,1.003091,20.937550,0.452860,0.556489,0.451238,-0.530681
0.2172,5688,Render,Ring_FingerTip,-17.603100,1.003738,20.963340,0.452860,0.556489,0.451238,-0.530681
0.2172,5688,Render,Pinky_MCP,-17.648860,0.971844,20.878820,0.649136,0.330031,0.204615,-0.654092
0.2172,5688,Render,Pinky_PIP,-17.621360,0.978175,20.906280,0.563469,0.461303,0.339853,-0.595150
0.2172,5688,Render,Pinky_DIP,-17.615060,0.980291,20.923380,0.463907,0.561327,0.448269,-0.518419
0.2172,5688,Render,Pinky_FingerTip,-17.615670,0.981364,20.942500,0.463907,0.561327,0.448269,-0.518419
0.2316,5689,Real,Wrist,-17.752060,0.975771,20.828520,0.660083,0.243145,0.094281,-0.704474
0.2316,5689,Real,Thumb_CMC,-17.729930,1.011803,20.849770,0.026446,0.524196,-0.303086,-0.795398
0.2316,5689,Real,Thumb_MCP,-17.718210,1.034191,20.885690,-0.052531,0.522228,-0.180271,-0.831878
0.2316,5689,Real,Thumb_IP,-17.699110,1.046207,20.929220,-0.190504,0.489070,0.049158,-0.849766
0.2316,5689,Real,Thumb_FingerTip,-17.684390,1.038515,20.952370,-0.190504,0.489070,0.049158,-0.849766
0.2316,5689,Real,Index_MCP,-17.666640,1.027519,20.884610,0.572113,0.359172,0.217791,-0.704450
0.2316,5689,Real,Index_PIP,-17.636330,1.032395,20.919980,0.517666,0.433981,0.312010,-0.668081
0.2316,5689,Real,Index_DIP,-17.625210,1.033237,20.943410,0.460327,0.494385,0.391850,-0.624609
0.2316,5689,Real,Index_FingerTip,-17.619720,1.032313,20.969730,0.460327,0.494385,0.391850,-0.624609
0.2316,5689,Real,Middle_MCP,-17.658980,1.001265,20.882480,0.595752,0.374043,0.237533,-0.669888
0.2316,5689,Real,Middle_PIP,-17.626910,1.007994,20.923890,0.499006,0.495804,0.378920,-0.601325
0.2316,5689,Real,Middle_DIP,-17.620780,1.009078,20.950900,0.390921,0.584815,0.490512,-0.514363
0.2316,5689,Real,Middle_FingerTip,-17.625450,1.007738,20.978780,0.390921,0.584815,0.490512,-0.514363
0.2316,5689,Real,Ring_MCP,-17.658070,0.976715,20.881640,0.613982,0.375499,0.240325,-0.651362
0.2316,5689,Real,Ring_PIP,-17.630030,0.983603,20.918140,0.516323,0.501381,0.377743,-0.582527
0.2316,5689,Real,Ring_DIP,-17.624450,0.985649,20.943810,0.406634,0.593820,0.485767,-0.496043
0.2316,5689,Real,Ring_FingerTip,-17.629020,0.985675,20.969190,0.406634,0.593820,0.485767,-0.496043
0.2316,5689,Real,Pinky_MCP,-17.662460,0.954844,20.879960,0.625981,0.376200,0.241951,-0.638812
0.2316,5689,Real,Pinky_PIP,-17.638850,0.961217,20.910810,0.527875,0.504705,0.376569,-0.569928
0.2316,5689,Real,Pinky_DIP,-17.635050,0.963118,20.928660,0.417296,0.599368,0.482118,-0.483926
0.2316,5689,Real,Pinky_FingerTip,-17.638560,0.963762,20.947490,0.417296,0.599368,0.482118,-0.483926
0.2316,5689,Virtual,Wrist,-17.741590,0.994099,20.828670,0.660798,0.237010,0.094431,-0.705872
0.2316,5689,Virtual,Thumb_CMC,-17.718950,1.029899,20.849790,0.026419,0.520705,-0.299322,-0.799109
0.2316,5689,Virtual,Thumb_MCP,-17.706720,1.052113,20.885640,-0.052033,0.518772,-0.175992,-0.834982
0.2316,5689,Virtual,Thumb_IP,-17.687120,1.063876,20.929020,-0.189098,0.485874,0.054112,-0.851610
0.2316,5689,Virtual,Thumb_FingerTip,-17.672240,1.056013,20.952020,-0.189098,0.485874,0.054112,-0.851610
0.2316,5689,Virtual,Index_MCP,-17.655210,1.045011,20.884080,0.573889,0.353277,0.218466,-0.705776
0.2316,5689,Virtual,Index_PIP,-17.624540,1.049558,20.919170,0.520231,0.428384,0.312860,-0.669303
0.2316,5689,Virtual,Index_DIP,-17.613200,1.050257,20.942500,0.463562,0.489146,0.392844,-0.625717
0.2316,5689,Virtual,Index_FingerTip,-17.607470,1.049231,20.968770,0.463562,0.489146,0.392844,-0.625717
0.2316,5689,Virtual,Middle_MCP,-17.647790,1.018698,20.881820,0.597717,0.368188,0.237969,-0.671225
0.2316,5689,Virtual,Middle_PIP,-17.615290,1.025071,20.922940,0.502210,0.490523,0.379639,-0.602534
0.2316,5689,Virtual,Middle_DIP,-17.608900,1.026046,20.949900,0.395107,0.580274,0.491457,-0.515406
0.2316,5689,Virtual,Middle_FingerTip,-17.613330,1.024686,20.977820,0.395107,0.580274,0.491457,-0.515406
0.2316,5689,Virtual,Ring_MCP,-17.647100,0.994143,20.880920,0.615985,0.369650,0.240599,-0.652713
0.2316,5689,Virtual,Ring_PIP,-17.618670,1.000719,20.917170,0.519564,0.496116,0.378309,-0.583785
0.2316,5689,Virtual,Ring_DIP,-17.612830,1.002664,20.942790,0.410854,0.589302,0.486571,-0.497164
0.2316,5689,Virtual,Ring_FingerTip,-17.617170,1.002675,20.968230,0.410854,0.589302,0.486571,-0.497164
0.2316,5689,Virtual,Pinky_MCP,-17.651690,0.972313,20.879240,0.628007,0.370357,0.242119,-0.640173
0.2316,5689,Virtual,Pinky_PIP,-17.627740,0.978423,20.909890,0.531137,0.499451,0.377032,-0.571218
0.2316,5689,Virtual,Pinky_DIP,-17.623760,0.980254,20.927700,0.421536,0.594865,0.482827,-0.485100
0.2316,5689,Virtual,Pinky_FingerTip,-17.627090,0.980888,20.946560,0.421536,0.594865,0.482827,-0.485100
0.2316,5689,Render,Wrist,-17.741590,0.994099,20.828670,0.660798,0.237010,0.094431,-0.705872
0.2316,5689,Render,Thumb_CMC,-17.718950,1.029899,20.849790,0.039376,0.535549,-0.242425,-0.808002
0.2316,5689,Render,Thumb_MCP,-17.705390,1.048953,20.886960,-0.015516,0.536770,-0.158651,-0.828533
0.2316,5689,Render,Thumb_IP,-17.687080,1.061027,20.930810,-0.121485,0.523072,0.008532,-0.843543
0.2316,5689,Render,Thumb_FingerTip,-17.674180,1.056994,20.955900,-0.121485,0.523072,0.008532,-0.843543
0.2316,5689,Render,Index_MCP,-17.655210,1.045011,20.884080,0.573889,0.353277,0.218466,-0.705776
0.2316,5689,Render,Index_PIP,-17.624540,1.049558,20.919170,0.520231,0.428384,0.312860,-0.669303
0.2316,5689,Render,Index_DIP,-17.613200,1.050257,20.942500,0.463562,0.489146,0.392844,-0.625717
0.2316,5689,Render,Index_FingerTip,-17.607470,1.049231,20.968770,0.463562,0.489146,0.392844,-0.625717
0.2316,5689,Render,Middle_MCP,-17.647790,1.018698,20.881820,0.619298,0.330602,0.196095,-0.684631
0.2316,5689,Render,Middle_PIP,-17.610590,1.026142,20.918550,0.537443,0.451644,0.333576,-0.629206
0.2316,5689,Render,Middle_DIP,-17.600350,1.027963,20.944240,0.443743,0.543985,0.445111,-0.555922
0.2316,5689,Render,Middle_FingerTip,-17.600020,1.027620,20.972540,0.443743,0.543985,0.445111,-0.555922
0.2316,5689,Render,Ring_MCP,-17.647100,0.994143,20.880920,0.636063,0.333918,0.202983,-0.665373
0.2316,5689,Render,Ring_PIP,-17.614780,1.001341,20.913620,0.549867,0.462302,0.340673,-0.606518
0.2316,5689,Render,Ring_DIP,-17.605810,1.003847,20.938260,0.450368,0.559684,0.451266,-0.529416
0.2316,5689,Render,Ring_FingerTip,-17.606680,1.004526,20.964040,0.450368,0.559684,0.451266,-0.529416
0.2316,5689,Render,Pinky_MCP,-17.651690,0.972313,20.879240,0.648107,0.333938,0.205215,-0.652940
0.2316,5689,Render,Pinky_PIP,-17.624420,0.978805,20.906880,0.561628,0.464899,0.340193,-0.593896
0.2316,5689,Render,Pinky_DIP,-17.618250,0.980972,20.924020,0.461407,0.564501,0.448360,-0.517124
0.2316,5689,Render,Pinky_FingerTip,-17.619010,0.982068,20.943140,0.461407,0.564501,0.448360,-0.517124
0.2458,5690,Real,Wrist,-17.755160,0.974915,20.828140,0.659021,0.248718,0.090894,-0.703967
0.2458,5690,Real,Thumb_CMC,-17.733560,1.011261,20.849410,0.018797,0.527373,-0.301541,-0.794102
0.2458,5690,Real,Thumb_MCP,-17.722060,1.033161,20.885700,-0.059096,0.524388,-0.181272,-0.829859
0.2458,5690,Real,Thumb_IP,-17.703210,1.044873,20.929420,-0.194928,0.490386,0.043359,-0.848319
0.2458,5690,Real,Thumb_FingerTip,-17.688530,1.037328,20.952650,-0.194928,0.490386,0.043359,-0.848319
0.2458,5690,Real,Index_MCP,-17.670600,1.027835,20.884470,0.566712,0.369537,0.220600,-0.702578
0.2458,5690,Real,Index_PIP,-17.641130,1.032933,20.920490,0.514045,0.439861,0.309787,-0.668066
0.2458,5690,Real,Index_DIP,-17.630190,1.033927,20.944010,0.459204,0.496842,0.385630,-0.627351
0.2458,5690,Real,Index_FingerTip,-17.624570,1.033186,20.970310,0.459204,0.496842,0.385630,-0.627351
0.2458,5690,Real,Middle_MCP,-17.662610,1.001675,20.882410,0.590221,0.384460,0.239973,-0.668015
0.2458,5690,Real,Middle_PIP,-17.631500,1.008710,20.924500,0.491775,0.504308,0.380350,-0.599304
0.2458,5690,Real,Middle_DIP,-17.625900,1.009822,20.951620,0.382628,0.591410,0.491099,-0.512497
0.2458,5690,Real,Middle_FingerTip,-17.631040,1.008385,20.979410,0.382628,0.591410,0.491099,-0.512497
0.2458,5690,Real,Ring_MCP,-17.661390,0.977137,20.881620,0.608543,0.385938,0.242518,-0.649549
0.2458,5690,Real,Ring_PIP,-17.634190,0.984335,20.918700,0.509347,0.509743,0.378771,-0.580742
0.2458,5690,Real,Ring_DIP,-17.629090,0.986425,20.944450,0.398801,0.600191,0.485875,-0.494626
0.2458,5690,Real,Ring_FingerTip,-17.634060,0.986375,20.969780,0.398801,0.600191,0.485875,-0.494626
0.2458,5690,Real,Pinky_MCP,-17.665500,0.955210,20.879970,0.620516,0.386792,0.244141,-0.636984
0.2458,5690,Real,Pinky_PIP,-17.642600,0.961864,20.911300,0.520843,0.513196,0.377605,-0.568126
0.2458,5690,Real,Pinky_DIP,-17.639150,0.963800,20.929220,0.409390,0.605844,0.482243,-0.482488
0.2458,5690,Real,Pinky_FingerTip,-17.642970,0.964388,20.947980,0.409390,0.605844,0.482243,-0.482488
0.2458,5690,Virtual,Wrist,-17.744770,0.994035,20.828190,0.660083,0.243145,0.094282,-0.704473
0.2458,5690,Virtual,Thumb_CMC,-17.722630,1.030067,20.849450,0.020786,0.526006,-0.296094,-0.797004
0.2458,5690,Virtual,Thumb_MCP,-17.710720,1.051752,20.885720,-0.056927,0.523329,-0.175457,-0.831926
0.2458,5690,Virtual,Thumb_IP,-17.691560,1.063144,20.929390,-0.192557,0.489935,0.049513,-0.848784
0.2458,5690,Virtual,Thumb_FingerTip,-17.676880,1.055371,20.952560,-0.192557,0.489935,0.049513,-0.848784
0.2458,5690,Virtual,Index_MCP,-17.659350,1.045783,20.884280,0.568784,0.364422,0.224265,-0.702416
0.2458,5690,Virtual,Index_PIP,-17.629660,1.050443,20.920200,0.516762,0.435058,0.313400,-0.667430
0.2458,5690,Virtual,Index_DIP,-17.618630,1.051255,20.943690,0.462462,0.492388,0.389144,-0.626298
0.2458,5690,Virtual,Index_FingerTip,-17.612920,1.050394,20.969960,0.462462,0.492388,0.389144,-0.626298
0.2458,5690,Virtual,Middle_MCP,-17.651680,1.019529,20.882150,0.592454,0.379245,0.243390,-0.667782
0.2458,5690,Virtual,Middle_PIP,-17.620320,1.026093,20.924130,0.495096,0.499709,0.383633,-0.598329
0.2458,5690,Virtual,Middle_DIP,-17.614610,1.027084,20.951230,0.386790,0.587556,0.494125,-0.510893
0.2458,5690,Virtual,Middle_FingerTip,-17.619670,1.025658,20.979040,0.386790,0.587556,0.494125,-0.510893
0.2458,5690,Virtual,Ring_MCP,-17.650770,0.994979,20.881310,0.610807,0.380641,0.245785,-0.649321
0.2458,5690,Virtual,Ring_PIP,-17.623350,1.001764,20.918290,0.512716,0.505070,0.381910,-0.579804
0.2458,5690,Virtual,Ring_DIP,-17.618130,1.003742,20.944030,0.403025,0.596275,0.488766,-0.493087
0.2458,5690,Virtual,Ring_FingerTip,-17.623000,1.003706,20.969370,0.403025,0.596275,0.488766,-0.493087
0.2458,5690,Virtual,Pinky_MCP,-17.655170,0.973108,20.879640,0.622801,0.381442,0.247307,-0.636758
0.2458,5690,Virtual,Pinky_PIP,-17.632070,0.979415,20.910890,0.524243,0.508476,0.380645,-0.567213
0.2458,5690,Virtual,Pinky_DIP,-17.628530,0.981273,20.928800,0.413654,0.601888,0.485044,-0.480993
0.2458,5690,Virtual,Pinky_FingerTip,-17.632270,0.981874,20.947580,0.413654,0.601888,0.485044,-0.480993
0.2458,5690,Render,Wrist,-17.744770,0.994035,20.828190,0.660083,0.243145,0.094282,-0.704473
0.2458,5690,Render,Thumb_CMC,-17.722630,1.030067,20.849450,0.039086,0.539194,-0.246183,-0.804448
0.2458,5690,Render,Thumb_MCP,-17.709580,1.049310,20.886690,-0.016177,0.540367,-0.162752,-0.825381
0.2458,5690,Render,Thumb_IP,-17.691770,1.061625,20.930690,-0.122845,0.526467,0.003888,-0.841265
0.2458,5690,Render,Thumb_FingerTip,-17.679070,1.057753,20.955900,-0.122845,0.526467,0.003888,-0.841265
0.2458,5690,Render,Index_MCP,-17.659350,1.045783,20.884280,0.572113,0.359172,0.217791,-0.704450
0.2458,5690,Render,Index_PIP,-17.629040,1.050659,20.919650,0.517666,0.433981,0.312010,-0.668081
0.2458,5690,Render,Index_DIP,-17.617910,1.051501,20.943080,0.460327,0.494385,0.391851,-0.624608
0.2458,5690,Render,Index_FingerTip,-17.612420,1.050577,20.969410,0.460327,0.494385,0.391851,-0.624608
0.2458,5690,Render,Middle_MCP,-17.651680,1.019529,20.882150,0.617698,0.336567,0.195744,-0.683269
0.2458,5690,Render,Middle_PIP,-17.614890,1.027360,20.919210,0.534643,0.457149,0.332950,-0.627946
0.2458,5690,Render,Middle_DIP,-17.604900,1.029319,20.944990,0.439965,0.548871,0.444261,-0.554801
0.2458,5690,Render,Middle_FingerTip,-17.604820,1.029037,20.973290,0.439965,0.548871,0.444261,-0.554801
0.2458,5690,Render,Ring_MCP,-17.650770,0.994979,20.881310,0.634397,0.339872,0.202786,-0.664007
0.2458,5690,Render,Ring_PIP,-17.618820,1.002514,20.914300,0.546966,0.467762,0.340189,-0.605227
0.2458,5690,Render,Ring_DIP,-17.610100,1.005147,20.939010,0.446468,0.564481,0.450542,-0.528242
0.2458,5690,Render,Ring_FingerTip,-17.611210,1.005870,20.964780,0.446468,0.564481,0.450542,-0.528242
0.2458,5690,Render,Pinky_MCP,-17.655170,0.973108,20.879640,0.646417,0.339887,0.205126,-0.651571
0.2458,5690,Render,Pinky_PIP,-17.628210,0.979885,20.907520,0.558704,0.470349,0.339813,-0.592578
0.2458,5690,Render,Pinky_DIP,-17.622210,0.982138,20.924710,0.457487,0.569284,0.447733,-0.515904
0.2458,5690,Render,Pinky_FingerTip,-17.623150,0.983267,20.943810,0.457487,0.569284,0.447733,-0.515904
0.2598,5691,Real,Wrist,-17.758300,0.974606,20.827440,0.657046,0.253096,0.086152,-0.704849
0.2598,5691,Real,Thumb_CMC,-17.737180,1.011226,20.848750,0.011358,0.529341,-0.303480,-0.792193
0.2598,5691,Real,Thumb_MCP,-17.725970,1.032867,20.885270,-0.065939,0.525341,-0.184739,-0.827974
0.2598,5691,Real,Thumb_IP,-17.707350,1.044470,20.929120,-0.200431,0.490059,0.037184,-0.847518
0.2598,5691,Real,Thumb_FingerTip,-17.692620,1.037075,20.952360,-0.200431,0.490059,0.037184,-0.847518
0.2598,5691,Real,Index_MCP,-17.674460,1.028626,20.883800,0.562206,0.375824,0.219158,-0.703314
0.2598,5691,Real,Index_PIP,-17.645360,1.033979,20.920090,0.510503,0.443516,0.305830,-0.670186
0.2598,5691,Real,Index_DIP,-17.634470,1.035092,20.943630,0.457020,0.498451,0.379725,-0.631261
0.2598,5691,Real,Index_FingerTip,-17.628690,1.034452,20.969890,0.457020,0.498451,0.379725,-0.631261
0.2598,5691,Real,Middle_MCP,-17.666110,1.002579,20.881720,0.585713,0.390777,0.238346,-0.668898
0.2598,5691,Real,Middle_PIP,-17.635430,1.009914,20.924070,0.486436,0.509064,0.378434,-0.600851
0.2598,5691,Real,Middle_DIP,-17.630020,1.011036,20.951230,0.376920,0.594725,0.489124,-0.514773
0.2598,5691,Real,Middle_FingerTip,-17.635280,1.009473,20.978990,0.376920,0.594725,0.489124,-0.514773
0.2598,5691,Real,Ring_MCP,-17.664560,0.978060,20.880910,0.604074,0.392383,0.240858,-0.650476
0.2598,5691,Real,Ring_PIP,-17.637750,0.985539,20.918210,0.504074,0.514566,0.376791,-0.582375
0.2598,5691,Real,Ring_DIP,-17.632840,0.987644,20.944010,0.393206,0.603538,0.483822,-0.497039
0.2598,5691,Real,Ring_FingerTip,-17.637910,0.987480,20.969310,0.393206,0.603538,0.483822,-0.497039
0.2598,5691,Real,Pinky_MCP,-17.668370,0.956080,20.879240,0.616042,0.393367,0.242514,-0.637920
0.2598,5691,Real,Pinky_PIP,-17.645810,0.962980,20.910770,0.515541,0.518135,0.375671,-0.569760
0.2598,5691,Real,Pinky_DIP,-17.642490,0.964928,20.928710,0.403749,0.609289,0.480247,-0.484889
0.2598,5691,Real,Pinky_FingerTip,-17.646400,0.965431,20.947460,0.403749,0.609289,0.480247,-0.484889
0.2598,5691,Virtual,Wrist,-17.747530,0.994009,20.828000,0.659021,0.248718,0.090895,-0.703967
0.2598,5691,Virtual,Thumb_CMC,-17.725930,1.030356,20.849280,0.015292,0.529198,-0.298298,-0.794188
0.2598,5691,Virtual,Thumb_MCP,-17.714420,1.051872,20.885790,-0.062026,0.525773,-0.179321,-0.829193
0.2598,5691,Virtual,Thumb_IP,-17.695660,1.063254,20.929630,-0.196765,0.491495,0.042732,-0.847284
0.2598,5691,Virtual,Thumb_FingerTip,-17.681030,1.055678,20.952880,-0.196765,0.491495,0.042732,-0.847284
0.2598,5691,Virtual,Index_MCP,-17.662980,1.046929,20.884330,0.565006,0.372140,0.223830,-0.701556
0.2598,5691,Virtual,Index_PIP,-17.633810,1.051915,20.920620,0.513744,0.440213,0.310244,-0.667854
0.2598,5691,Virtual,Index_DIP,-17.622910,1.052899,20.944160,0.460613,0.495536,0.383847,-0.628444
0.2598,5691,Virtual,Index_FingerTip,-17.617150,1.052201,20.970430,0.460613,0.495536,0.383847,-0.628444
0.2598,5691,Virtual,Middle_MCP,-17.654980,1.020769,20.882280,0.588599,0.386938,0.242780,-0.667000
0.2598,5691,Virtual,Middle_PIP,-17.624210,1.027721,20.924620,0.490089,0.505947,0.382348,-0.598031
0.2598,5691,Virtual,Middle_DIP,-17.618790,1.028791,20.951790,0.381115,0.592386,0.492408,-0.511240
0.2598,5691,Virtual,Middle_FingerTip,-17.624070,1.027321,20.979550,0.381115,0.592386,0.492408,-0.511240
0.2598,5691,Virtual,Ring_MCP,-17.653760,0.996231,20.881490,0.606962,0.388418,0.245168,-0.648553
0.2598,5691,Virtual,Ring_PIP,-17.626860,1.003375,20.918780,0.507757,0.511326,0.380578,-0.579559
0.2598,5691,Virtual,Ring_DIP,-17.621920,1.005433,20.944580,0.397454,0.601084,0.486983,-0.493535
0.2598,5691,Virtual,Ring_FingerTip,-17.627000,1.005359,20.969870,0.397454,0.601084,0.486983,-0.493535
0.2598,5691,Virtual,Pinky_MCP,-17.657870,0.974304,20.879830,0.618932,0.389321,0.246739,-0.635982
0.2598,5691,Virtual,Pinky_PIP,-17.635230,0.980922,20.911360,0.519243,0.514815,0.379372,-0.566947
0.2598,5691,Virtual,Pinky_DIP,-17.631890,0.982838,20.929290,0.408031,0.606761,0.483324,-0.481405
0.2598,5691,Virtual,Pinky_FingerTip,-17.635790,0.983409,20.948040,0.408031,0.606761,0.483324,-0.481405
0.2598,5691,Render,Wrist,-17.747530,0.994009,20.828000,0.659021,0.248718,0.090895,-0.703967
0.2598,5691,Render,Thumb_CMC,-17.725930,1.030356,20.849280,0.037019,0.541958,-0.251412,-0.801064
0.2598,5691,Render,Thumb_MCP,-17.713360,1.049804,20.886590,-0.018516,0.542905,-0.168299,-0.822549
0.2598,5691,Render,Thumb_IP,-17.696020,1.062394,20.930680,-0.125639,0.528492,-0.002110,-0.839588
0.2598,5691,Render,Thumb_FingerTip,-17.683430,1.058710,20.955990,-0.125639,0.528492,-0.002110,-0.839588
0.2598,5691,Render,Index_MCP,-17.662980,1.046929,20.884330,0.566712,0.369537,0.220600,-0.702578
0.2598,5691,Render,Index_PIP,-17.633500,1.052027,20.920350,0.514045,0.439861,0.309787,-0.668066
0.2598,5691,Render,Index_DIP,-17.622570,1.053021,20.943870,0.459204,0.496842,0.385630,-0.627351
0.2598,5691,Render,Index_FingerTip,-17.616950,1.052280,20.970170,0.459204,0.496842,0.385630,-0.627351
0.2598,5691,Render,Middle_MCP,-17.654980,1.020769,20.882280,0.615838,0.341926,0.192319,-0.683260
0.2598,5691,Render,Middle_PIP,-17.618430,1.029131,20.919450,0.531713,0.462007,0.329598,-0.628646
0.2598,5691,Render,Middle_DIP,-17.608560,1.031262,20.945270,0.436180,0.553097,0.441098,-0.556115
0.2598,5691,Render,Middle_FingerTip,-17.608590,1.031033,20.973570,0.436180,0.553097,0.441098,-0.556115
0.2598,5691,Render,Ring_MCP,-17.653760,0.996231,20.881490,0.632484,0.345305,0.199511,-0.664021
0.2598,5691,Render,Ring_PIP,-17.622020,1.004228,20.914570,0.543934,0.472660,0.336993,-0.605941
0.2598,5691,Render,Ring_DIP,-17.613440,1.007015,20.939320,0.442549,0.568703,0.447543,-0.529560
0.2598,5691,Render,Ring_FingerTip,-17.614660,1.007773,20.965080,0.442549,0.568703,0.447543,-0.529560
0.2598,5691,Render,Pinky_MCP,-17.657870,0.974304,20.879830,0.644488,0.345374,0.201952,-0.651589
0.2598,5691,Render,Pinky_PIP,-17.631100,0.981470,20.907800,0.555645,0.475296,0.336716,-0.593275
0.2598,5691,Render,Pinky_DIP,-17.625210,0.983830,20.925010,0.453531,0.573548,0.444829,-0.517185
0.2598,5691,Render,Pinky_FingerTip,-17.626240,0.984982,20.944110,0.453531,0.573548,0.444829,-0.517185
0.2739,5692,Real,Wrist,-17.761420,0.974313,20.826710,0.654963,0.257429,0.083021,-0.705594
0.2739,5692,Real,Thumb_CMC,-17.740760,1.011134,20.848110,0.008041,0.530420,-0.307517,-0.789952
0.2739,5692,Real,Thumb_MCP,-17.729870,1.032843,20.884680,-0.069377,0.525924,-0.189059,-0.826346
0.2739,5692,Real,Thumb_IP,-17.711470,1.044585,20.928590,-0.203903,0.489728,0.032588,-0.847071
0.2739,5692,Real,Thumb_FingerTip,-17.696700,1.037320,20.951850,-0.203903,0.489728,0.032588,-0.847071
0.2739,5692,Real,Index_MCP,-17.678310,1.029186,20.883310,0.559302,0.379514,0.216036,-0.704613
0.2739,5692,Real,Index_PIP,-17.649340,1.034809,20.919670,0.507158,0.446811,0.302897,-0.671867
0.2739,5692,Real,Index_DIP,-17.638510,1.036008,20.943230,0.453322,0.501346,0.377001,-0.633263
0.2739,5692,Real,Index_FingerTip,-17.632780,1.035391,20.969510,0.453322,0.501346,0.377001,-0.633263
0.2739,5692,Real,Middle_MCP,-17.669660,1.003238,20.881210,0.582732,0.394550,0.235454,-0.670311
0.2739,5692,Real,Middle_PIP,-17.639150,1.010851,20.923640,0.482704,0.512096,0.375919,-0.602859
0.2739,5692,Real,Middle_DIP,-17.633800,1.011991,20.950810,0.372665,0.596965,0.487053,-0.517237
0.2739,5692,Real,Middle_FingerTip,-17.639100,1.010324,20.978560,0.372665,0.596965,0.487053,-0.517237
0.2739,5692,Real,Ring_MCP,-17.667830,0.978740,20.880370,0.601095,0.396239,0.238089,-0.651916
0.2739,5692,Real,Ring_PIP,-17.641180,0.986461,20.917730,0.500327,0.517680,0.374402,-0.584383
0.2739,5692,Real,Ring_DIP,-17.636340,0.988580,20.943540,0.388921,0.605856,0.481874,-0.499477
0.2739,5692,Real,Ring_FingerTip,-17.641460,0.988319,20.968830,0.388921,0.605856,0.481874,-0.499477
0.2739,5692,Real,Pinky_MCP,-17.671390,0.956721,20.878660,0.613066,0.397277,0.239828,-0.639378
0.2739,5692,Real,Pinky_PIP,-17.648970,0.963825,20.910240,0.511784,0.521302,0.373368,-0.571767
0.2739,5692,Real,Pinky_DIP,-17.645710,0.965781,20.928180,0.399443,0.611657,0.478383,-0.487310
0.2739,5692,Real,Pinky_FingerTip,-17.649660,0.966210,20.946930,0.399443,0.611657,0.478383,-0.487310
0.2739,5692,Virtual,Wrist,-17.750490,0.994157,20.827830,0.657046,0.253096,0.086153,-0.704849
0.2739,5692,Virtual,Thumb_CMC,-17.729380,1.030776,20.849130,0.011358,0.529341,-0.303480,-0.792193
0.2739,5692,Virtual,Thumb_MCP,-17.718160,1.052418,20.885660,-0.065939,0.525341,-0.184739,-0.827974
0.2739,5692,Virtual,Thumb_IP,-17.699540,1.064020,20.929500,-0.200431,0.490060,0.037184,-0.847518
0.2739,5692,Virtual,Thumb_FingerTip,-17.684810,1.056625,20.952750,-0.200431,0.490060,0.037184,-0.847518
0.2739,5692,Virtual,Index_MCP,-17.666650,1.048176,20.884190,0.562206,0.375825,0.219158,-0.703314
0.2739,5692,Virtual,Index_PIP,-17.637550,1.053529,20.920480,0.510503,0.443516,0.305830,-0.670185
0.2739,5692,Virtual,Index_DIP,-17.626660,1.054643,20.944010,0.457019,0.498451,0.379725,-0.631261
0.2739,5692,Virtual,Index_FingerTip,-17.620880,1.054003,20.970280,0.457019,0.498451,0.379725,-0.631261
0.2739,5692,Virtual,Middle_MCP,-17.658300,1.022129,20.882110,0.585713,0.390778,0.238346,-0.668898
0.2739,5692,Virtual,Middle_PIP,-17.627620,1.029464,20.924460,0.486436,0.509065,0.378434,-0.600851
0.2739,5692,Virtual,Middle_DIP,-17.622210,1.030587,20.951620,0.376920,0.594725,0.489124,-0.514773
0.2739,5692,Virtual,Middle_FingerTip,-17.627470,1.029023,20.979390,0.376920,0.594725,0.489124,-0.514773
0.2739,5692,Virtual,Ring_MCP,-17.656740,0.997611,20.881300,0.604073,0.392383,0.240858,-0.650476
0.2739,5692,Virtual,Ring_PIP,-17.629940,1.005090,20.918600,0.504074,0.514566,0.376791,-0.582375
0.2739,5692,Virtual,Ring_DIP,-17.625030,1.007194,20.944400,0.393206,0.603538,0.483822,-0.497039
0.2739,5692,Virtual,Ring_FingerTip,-17.630100,1.007031,20.969690,0.393206,0.603538,0.483822,-0.497039
0.2739,5692,Virtual,Pinky_MCP,-17.660560,0.975631,20.879630,0.616042,0.393368,0.242514,-0.637920
0.2739,5692,Virtual,Pinky_PIP,-17.638000,0.982531,20.911160,0.515540,0.518135,0.375671,-0.569759
0.2739,5692,Virtual,Pinky_DIP,-17.634690,0.984478,20.929100,0.403748,0.609289,0.480247,-0.484889
0.2739,5692,Virtual,Pinky_FingerTip,-17.638590,0.984982,20.947840,0.403748,0.609289,0.480247,-0.484889
0.2739,5692,Render,Wrist,-17.750490,0.994157,20.827830,0.657046,0.253096,0.086153,-0.704849
0.2739,5692,Render,Thumb_CMC,-17.729380,1.030776,20.849130,0.033127,0.544061,-0.256264,-0.798267
0.2739,5692,Render,Thumb_MCP,-17.717230,1.050324,20.886530,-0.022602,0.544600,-0.173412,-0.820262
0.2739,5692,Render,Thumb_IP,-17.700230,1.063066,20.930720,-0.129980,0.529344,-0.007574,-0.838358
0.2739,5692,Render,Thumb_FingerTip,-17.687700,1.059506,20.956070,-0.129980,0.529344,-0.007574,-0.838358
0.2739,5692,Render,Index_MCP,-17.666650,1.048176,20.884190,0.562206,0.375825,0.219158,-0.703314
0.2739,5692,Render,Index_PIP,-17.637550,1.053529,20.920480,0.510503,0.443516,0.305830,-0.670185
0.2739,5692,Render,Index_DIP,-17.626660,1.054643,20.944010,0.457019,0.498451,0.379725,-0.631261
0.2739,5692,Render,Index_FingerTip,-17.620880,1.054003,20.970280,0.457019,0.498451,0.379725,-0.631261
0.2739,5692,Render,Middle_MCP,-17.658300,1.022129,20.882110,0.613246,0.345971,0.187756,-0.684822
0.2739,5692,Render,Middle_PIP,-17.621860,1.030957,20.919290,0.528341,0.465428,0.325457,-0.631119
0.2739,5692,Render,Middle_DIP,-17.612020,1.033202,20.945110,0.432229,0.555828,0.437491,-0.559317
0.2739,5692,Render,Middle_FingerTip,-17.612040,1.032951,20.973410,0.432229,0.555828,0.437491,-0.559317
0.2739,5692,Render,Ring_MCP,-17.656740,0.997611,20.881300,0.629877,0.349461,0.195078,-0.665640
0.2739,5692,Render,Ring_PIP,-17.625120,1.006012,20.914390,0.540499,0.476162,0.333009,-0.608471
0.2739,5692,Render,Ring_DIP,-17.616560,1.008896,20.939140,0.438502,0.571476,0.444122,-0.532810
0.2739,5692,Render,Ring_FingerTip,-17.617790,1.009616,20.964900,0.438502,0.571476,0.444122,-0.532810
0.2739,5692,Render,Pinky_MCP,-17.660560,0.975631,20.879630,0.641886,0.349612,0.197603,-0.653229
0.2739,5692,Render,Pinky_PIP,-17.633890,0.983138,20.907600,0.552196,0.478879,0.332819,-0.595807
0.2739,5692,Render,Pinky_DIP,-17.628020,0.985564,20.924820,0.449456,0.576398,0.441493,-0.520421
0.2739,5692,Render,Pinky_FingerTip,-17.629060,0.986687,20.943910,0.449456,0.576398,0.441493,-0.520421
0.2887,5693,Real,Wrist,-17.764300,0.974002,20.825800,0.651740,0.261049,0.074426,-0.708201
0.2887,5693,Real,Thumb_CMC,-17.744200,1.011148,20.847160,-0.002306,0.528576,-0.309868,-0.790307
0.2887,5693,Real,Thumb_MCP,-17.733260,1.032548,20.883910,-0.078315,0.522747,-0.192964,-0.826661
0.2887,5693,Real,Thumb_IP,-17.714680,1.044175,20.927770,-0.209985,0.485082,0.025890,-0.848488
0.2887,5693,Real,Thumb_FingerTip,-17.699630,1.037117,20.950920,-0.209985,0.485082,0.025890,-0.848488
0.2887,5693,Real,Index_MCP,-17.681850,1.030280,20.881990,0.553290,0.385065,0.211834,-0.707617
0.2887,5693,Real,Index_PIP,-17.653120,1.036195,20.918480,0.502741,0.449062,0.295736,-0.676858
0.2887,5693,Real,Index_DIP,-17.642170,1.037523,20.941980,0.450931,0.501064,0.367580,-0.640688
0.2887,5693,Real,Index_FingerTip,-17.636040,1.037009,20.968170,0.450931,0.501064,0.367580,-0.640688
0.2887,5693,Real,Middle_MCP,-17.672730,1.004507,20.879750,0.576828,0.400227,0.230963,-0.673605
0.2887,5693,Real,Middle_PIP,-17.642470,1.012458,20.922290,0.476379,0.515728,0.371461,-0.607540
0.2887,5693,Real,Middle_DIP,-17.637150,1.013567,20.949470,0.366454,0.598852,0.482987,-0.523271
0.2887,5693,Real,Middle_FingerTip,-17.642350,1.011683,20.977220,0.366454,0.598852,0.482987,-0.523271
0.2887,5693,Real,Ring_MCP,-17.670440,0.980050,20.878820,0.595141,0.402329,0.233718,-0.655221
0.2887,5693,Real,Ring_PIP,-17.644050,0.988083,20.916300,0.493807,0.521743,0.370159,-0.589000
0.2887,5693,Real,Ring_DIP,-17.639270,0.990170,20.942130,0.382378,0.608152,0.478082,-0.505348
0.2887,5693,Real,Ring_FingerTip,-17.644350,0.989703,20.967410,0.382378,0.608152,0.478082,-0.505348
0.2887,5693,Real,Pinky_MCP,-17.673600,0.957973,20.877070,0.607119,0.403584,0.235472,-0.642712
0.2887,5693,Real,Pinky_PIP,-17.651420,0.965350,20.908750,0.505230,0.525563,0.369161,-0.576408
0.2887,5693,Real,Pinky_DIP,-17.648200,0.967285,20.926710,0.392834,0.614129,0.474644,-0.493193
0.2887,5693,Real,Pinky_FingerTip,-17.652130,0.967560,20.945460,0.392834,0.614129,0.474644,-0.493193
0.2887,5693,Virtual,Wrist,-17.753440,0.994335,20.827350,0.654963,0.257429,0.083022,-0.705593
0.2887,5693,Virtual,Thumb_CMC,-17.732790,1.031157,20.848750,0.004945,0.530865,-0.303142,-0.791368
0.2887,5693,Virtual,Thumb_MCP,-17.721690,1.052456,20.885520,-0.071469,0.526056,-0.186155,-0.826743
0.2887,5693,Virtual,Thumb_IP,-17.703200,1.063861,20.929470,-0.204219,0.490038,0.032491,-0.846819
0.2887,5693,Virtual,Thumb_FingerTip,-17.688450,1.056588,20.952740,-0.204219,0.490038,0.032491,-0.846819
0.2887,5693,Virtual,Index_MCP,-17.670330,1.049208,20.883960,0.557214,0.382572,0.219893,-0.703419
0.2887,5693,Virtual,Index_PIP,-17.641740,1.054687,20.920640,0.506937,0.447061,0.303229,-0.671717
0.2887,5693,Virtual,Index_DIP,-17.630930,1.055878,20.944210,0.455321,0.499531,0.374469,-0.634763
0.2887,5693,Virtual,Index_FingerTip,-17.625000,1.055327,20.970440,0.455321,0.499531,0.374469,-0.634763
0.2887,5693,Virtual,Middle_MCP,-17.661680,1.023260,20.881860,0.580778,0.397420,0.238758,-0.669141
0.2887,5693,Virtual,Middle_PIP,-17.631580,1.030764,20.924590,0.480844,0.513843,0.378103,-0.601492
0.2887,5693,Virtual,Middle_DIP,-17.626420,1.031854,20.951800,0.371201,0.597876,0.488319,-0.516042
0.2887,5693,Virtual,Middle_FingerTip,-17.631850,1.030152,20.979520,0.371201,0.597876,0.488319,-0.516042
0.2887,5693,Virtual,Ring_MCP,-17.659850,0.998762,20.881010,0.599074,0.399288,0.241399,-0.650697
0.2887,5693,Virtual,Ring_PIP,-17.633580,1.006406,20.918660,0.498306,0.519627,0.376677,-0.582919
0.2887,5693,Virtual,Ring_DIP,-17.628930,1.008480,20.944510,0.387204,0.606954,0.483287,-0.498110
0.2887,5693,Virtual,Ring_FingerTip,-17.634200,1.008185,20.969760,0.387204,0.606954,0.483287,-0.498110
0.2887,5693,Virtual,Pinky_MCP,-17.663420,0.976744,20.879310,0.611039,0.400388,0.243075,-0.638150
0.2887,5693,Virtual,Pinky_PIP,-17.641320,0.983794,20.911120,0.509749,0.523293,0.375594,-0.570307
0.2887,5693,Virtual,Pinky_DIP,-17.638190,0.985722,20.929100,0.397710,0.612786,0.479761,-0.485953
0.2887,5693,Virtual,Pinky_FingerTip,-17.642250,0.986127,20.947820,0.397710,0.612786,0.479761,-0.485953
0.2887,5693,Render,Wrist,-17.753440,0.994335,20.827350,0.654963,0.257429,0.083022,-0.705593
0.2887,5693,Render,Thumb_CMC,-17.732790,1.031157,20.848750,0.029676,0.545230,-0.260303,-0.796295
0.2887,5693,Render,Thumb_MCP,-17.720940,1.050782,20.886210,-0.026154,0.545411,-0.177630,-0.818713
0.2887,5693,Render,Thumb_IP,-17.704170,1.063644,20.930450,-0.133623,0.529435,-0.012016,-0.837675
0.2887,5693,Render,Thumb_FingerTip,-17.691650,1.060185,20.955810,-0.133623,0.529435,-0.012016,-0.837675
0.2887,5693,Render,Index_MCP,-17.670330,1.049208,20.883960,0.559302,0.379514,0.216037,-0.704613
0.2887,5693,Render,Index_PIP,-17.641360,1.054832,20.920320,0.507158,0.446811,0.302897,-0.671867
0.2887,5693,Render,Index_DIP,-17.630530,1.056031,20.943870,0.453323,0.501346,0.377001,-0.633263
0.2887,5693,Render,Index_FingerTip,-17.624800,1.055413,20.970150,0.453323,0.501346,0.377001,-0.633263
0.2887,5693,Render,Middle_MCP,-17.661680,1.023260,20.881860,0.610555,0.349955,0.184766,-0.686015
0.2887,5693,Render,Middle_PIP,-17.625420,1.032440,20.919130,0.524883,0.468768,0.322779,-0.632905
0.2887,5693,Render,Middle_DIP,-17.615660,1.034755,20.944970,0.428208,0.558465,0.435193,-0.561571
0.2887,5693,Render,Middle_FingerTip,-17.615730,1.034458,20.973270,0.428208,0.558465,0.435193,-0.561571
0.2887,5693,Render,Ring_MCP,-17.659850,0.998762,20.881010,0.627174,0.353515,0.192216,-0.666883
0.2887,5693,Render,Ring_PIP,-17.628390,1.007467,20.914180,0.536991,0.479543,0.330479,-0.610298
0.2887,5693,Render,Ring_DIP,-17.619910,1.010408,20.938950,0.434408,0.574117,0.441993,-0.535091
0.2887,5693,Render,Ring_FingerTip,-17.621200,1.011074,20.964710,0.434408,0.574117,0.441993,-0.535091
0.2887,5693,Render,Pinky_MCP,-17.663420,0.976744,20.879310,0.639189,0.353719,0.194823,-0.654496
0.2887,5693,Render,Pinky_PIP,-17.636880,0.984506,20.907340,0.548683,0.482314,0.330374,-0.597641
0.2887,5693,Render,Pinky_DIP,-17.631070,0.986972,20.924570,0.445346,0.579091,0.439448,-0.522692
0.2887,5693,Render,Pinky_FingerTip,-17.632170,0.988052,20.943660,0.445346,0.579091,0.439448,-0.522692
0.3029,5694,Real,Wrist,-17.767180,0.973642,20.825010,0.649570,0.265276,0.066545,-0.709408
0.3029,5694,Real,Thumb_CMC,-17.747650,1.011146,20.846280,-0.012494,0.528108,-0.311435,-0.789908
0.3029,5694,Real,Thumb_MCP,-17.736750,1.032171,20.883250,-0.087002,0.521042,-0.196678,-0.825992
0.3029,5694,Real,Thumb_IP,-17.718140,1.043657,20.927140,-0.215731,0.482198,0.018232,-0.848890
0.3029,5694,Real,Thumb_FingerTip,-17.702910,1.036845,20.950240,-0.215731,0.482198,0.018232,-0.848890
0.3029,5694,Real,Index_MCP,-17.685500,1.031401,20.880820,0.547502,0.392377,0.209304,-0.708854
0.3029,5694,Real,Index_PIP,-17.657190,1.037626,20.917600,0.499022,0.452433,0.289020,-0.680257
0.3029,5694,Real,Index_DIP,-17.646200,1.039140,20.941060,0.449768,0.501425,0.357548,-0.646871
0.3029,5694,Real,Index_FingerTip,-17.639700,1.038830,20.967160,0.449768,0.501425,0.357548,-0.646871
0.3029,5694,Real,Middle_MCP,-17.675920,1.005796,20.878540,0.571156,0.407546,0.227902,-0.675091
0.3029,5694,Real,Middle_PIP,-17.646150,1.014131,20.921340,0.470211,0.520782,0.367677,-0.610329
0.3029,5694,Real,Middle_DIP,-17.640960,1.015266,20.948550,0.360412,0.602010,0.478950,-0.527537
0.3029,5694,Real,Middle_FingerTip,-17.646150,1.013246,20.976290,0.360412,0.602010,0.478950,-0.527537
0.3029,5694,Real,Ring_MCP,-17.673200,0.981385,20.877600,0.589375,0.410065,0.230765,-0.656682
0.3029,5694,Real,Ring_PIP,-17.647270,0.989774,20.915320,0.487408,0.527210,0.366578,-0.591697
0.3029,5694,Real,Ring_DIP,-17.642650,0.991885,20.941170,0.375980,0.611683,0.474311,-0.509425
0.3029,5694,Real,Ring_FingerTip,-17.647770,0.991284,20.966450,0.375980,0.611683,0.474311,-0.509425
0.3029,5694,Real,Pinky_MCP,-17.675970,0.959254,20.875860,0.601336,0.411534,0.232522,-0.644180
0.3029,5694,Real,Pinky_PIP,-17.654190,0.966946,20.907750,0.498773,0.531217,0.365605,-0.579109
0.3029,5694,Real,Pinky_DIP,-17.651100,0.968899,20.925730,0.386353,0.617816,0.470917,-0.497265
0.3029,5694,Real,Pinky_FingerTip,-17.655070,0.969072,20.944470,0.386353,0.617816,0.470917,-0.497265
0.3029,5694,Virtual,Wrist,-17.756280,0.994434,20.827340,0.651740,0.261049,0.074426,-0.708201
0.3029,5694,Virtual,Thumb_CMC,-17.736180,1.031580,20.848700,-0.007068,0.530027,-0.304322,-0.791461
0.3029,5694,Virtual,Thumb_MCP,-17.725070,1.052403,20.885730,-0.081901,0.523709,-0.189417,-0.826525
0.3029,5694,Virtual,Thumb_IP,-17.706450,1.063549,20.929700,-0.211469,0.486065,0.025392,-0.847571
0.3029,5694,Virtual,Thumb_FingerTip,-17.691460,1.056464,20.952880,-0.211469,0.486065,0.025392,-0.847571
0.3029,5694,Virtual,Index_MCP,-17.673830,1.050711,20.883530,0.550492,0.389055,0.216945,-0.706067
0.3029,5694,Virtual,Index_PIP,-17.645590,1.056424,20.920440,0.502372,0.449475,0.296292,-0.676614
0.3029,5694,Virtual,Index_DIP,-17.634670,1.057739,20.943950,0.453405,0.498828,0.364406,-0.642498
0.3029,5694,Virtual,Index_FingerTip,-17.628310,1.057310,20.970090,0.453405,0.498828,0.364406,-0.642498
0.3029,5694,Virtual,Middle_MCP,-17.664710,1.024938,20.881290,0.574240,0.403932,0.235294,-0.672105
0.3029,5694,Virtual,Middle_PIP,-17.634980,1.032734,20.924240,0.474000,0.517916,0.374254,-0.605824
0.3029,5694,Virtual,Middle_DIP,-17.629900,1.033774,20.951460,0.364684,0.599932,0.484530,-0.521842
0.3029,5694,Virtual,Middle_FingerTip,-17.635260,1.031846,20.979190,0.364684,0.599932,0.484530,-0.521842
0.3029,5694,Virtual,Ring_MCP,-17.662420,1.000482,20.880360,0.592475,0.406245,0.238033,-0.653666
0.3029,5694,Virtual,Ring_PIP,-17.636510,1.008402,20.918200,0.491257,0.524145,0.373027,-0.587188
0.3029,5694,Virtual,Ring_DIP,-17.631980,1.010428,20.944080,0.380350,0.609423,0.479764,-0.503751
0.3029,5694,Virtual,Ring_FingerTip,-17.637220,1.009918,20.969340,0.380350,0.609423,0.479764,-0.503751
0.3029,5694,Virtual,Pinky_MCP,-17.665580,0.978405,20.878610,0.604446,0.407578,0.239705,-0.641146
0.3029,5694,Virtual,Pinky_PIP,-17.643810,0.985702,20.910590,0.502661,0.528021,0.371968,-0.574601
0.3029,5694,Virtual,Pinky_DIP,-17.640770,0.987598,20.928590,0.390786,0.615435,0.476285,-0.491609
0.3029,5694,Virtual,Pinky_FingerTip,-17.644810,0.987842,20.947310,0.390786,0.615435,0.476285,-0.491609
0.3029,5694,Render,Wrist,-17.756280,0.994434,20.827340,0.651740,0.261049,0.074426,-0.708201
0.3029,5694,Render,Thumb_CMC,-17.736180,1.031580,20.848700,0.022430,0.543095,-0.267143,-0.795726
0.3029,5694,Render,Thumb_MCP,-17.724440,1.051318,20.886130,-0.033144,0.542546,-0.184493,-0.818846
0.3029,5694,Render,Thumb_IP,-17.707610,1.064369,20.930290,-0.139907,0.525244,-0.018716,-0.839163
0.3029,5694,Render,Thumb_FingerTip,-17.694860,1.061075,20.955570,-0.139907,0.525244,-0.018716,-0.839163
0.3029,5694,Render,Index_MCP,-17.673830,1.050711,20.883530,0.553290,0.385065,0.211835,-0.707617
0.3029,5694,Render,Index_PIP,-17.645090,1.056626,20.920020,0.502741,0.449062,0.295736,-0.676857
0.3029,5694,Render,Index_DIP,-17.634150,1.057955,20.943520,0.450932,0.501064,0.367580,-0.640688
0.3029,5694,Render,Index_FingerTip,-17.628020,1.057441,20.969710,0.450932,0.501064,0.367580,-0.640688
0.3029,5694,Render,Middle_MCP,-17.664710,1.024938,20.881290,0.606841,0.353068,0.176641,-0.689845
0.3029,5694,Render,Middle_PIP,-17.628360,1.034697,20.918330,0.520605,0.471045,0.315623,-0.638334
0.3029,5694,Render,Middle_DIP,-17.618470,1.037123,20.944120,0.423580,0.559904,0.429176,-0.568240
0.3029,5694,Render,Middle_FingerTip,-17.618340,1.036743,20.972410,0.423580,0.559904,0.429176,-0.568240
0.3029,5694,Render,Ring_MCP,-17.662420,1.000482,20.880360,0.623479,0.356841,0.184220,-0.670822
0.3029,5694,Render,Ring_PIP,-17.630890,1.009687,20.913330,0.532669,0.482001,0.323511,-0.615857
0.3029,5694,Render,Ring_DIP,-17.622300,1.012717,20.938060,0.429694,0.575695,0.436227,-0.541890
0.3029,5694,Render,Ring_FingerTip,-17.623420,1.013284,20.963820,0.429694,0.575695,0.436227,-0.541890
0.3029,5694,Render,Pinky_MCP,-17.665580,0.978405,20.878610,0.635518,0.357198,0.186902,-0.658479
0.3029,5694,Render,Pinky_PIP,-17.639000,0.986589,20.906490,0.544353,0.484927,0.323489,-0.603226
0.3029,5694,Render,Pinky_DIP,-17.633120,0.989115,20.923680,0.440593,0.580820,0.433770,-0.529500
0.3029,5694,Render,Pinky_FingerTip,-17.634100,0.990119,20.942790,0.440593,0.580820,0.433770,-0.529500
0.3170,5695,Real,Wrist,-17.770450,0.973253,20.824250,0.647690,0.269563,0.061651,-0.709953
0.3170,5695,Real,Thumb_CMC,-17.751420,1.011014,20.845520,-0.016212,0.527920,-0.316736,-0.787856
0.3170,5695,Real,Thumb_MCP,-17.740800,1.032178,20.882500,-0.090656,0.520330,-0.202216,-0.824711
0.3170,5695,Real,Thumb_IP,-17.722330,1.043905,20.926380,-0.219087,0.480586,0.012550,-0.849047
0.3170,5695,Real,Thumb_FingerTip,-17.707010,1.037297,20.949480,-0.219087,0.480586,0.012550,-0.849047
0.3170,5695,Real,Index_MCP,-17.689540,1.032104,20.880040,0.544783,0.395954,0.204439,-0.710378
0.3170,5695,Real,Index_PIP,-17.661310,1.038705,20.916820,0.495912,0.455675,0.284361,-0.682328
0.3170,5695,Real,Index_DIP,-17.650340,1.040363,20.940280,0.446340,0.504330,0.353128,-0.649410
0.3170,5695,Real,Index_FingerTip,-17.643830,1.040136,20.966380,0.446340,0.504330,0.353128,-0.649410
0.3170,5695,Real,Middle_MCP,-17.679620,1.006632,20.877760,0.568340,0.411285,0.223264,-0.676747
0.3170,5695,Real,Middle_PIP,-17.649950,1.015361,20.920560,0.466658,0.523829,0.363503,-0.612944
0.3170,5695,Real,Middle_DIP,-17.644770,1.016561,20.947760,0.356335,0.604311,0.475362,-0.530910
0.3170,5695,Real,Middle_FingerTip,-17.649920,1.014465,20.975500,0.356335,0.604311,0.475362,-0.530910
0.3170,5695,Real,Ring_MCP,-17.676570,0.982260,20.876810,0.586544,0.413931,0.226249,-0.658361
0.3170,5695,Real,Ring_PIP,-17.650740,0.990993,20.914530,0.483812,0.530377,0.362529,-0.594307
0.3170,5695,Real,Ring_DIP,-17.646140,0.993161,20.940380,0.371838,0.614092,0.470844,-0.512770
0.3170,5695,Real,Ring_FingerTip,-17.651240,0.992486,20.965660,0.371838,0.614092,0.470844,-0.512770
0.3170,5695,Real,Pinky_MCP,-17.679030,0.960094,20.875070,0.598496,0.415483,0.228089,-0.645872
0.3170,5695,Real,Pinky_PIP,-17.657350,0.968075,20.906960,0.495151,0.534463,0.361640,-0.581715
0.3170,5695,Real,Pinky_DIP,-17.654280,0.970066,20.924930,0.382170,0.620299,0.467532,-0.500589
0.3170,5695,Real,Pinky_FingerTip,-17.658240,0.970181,20.943680,0.382170,0.620299,0.467532,-0.500589
0.3170,5695,Virtual,Wrist,-17.759100,0.994459,20.827010,0.649571,0.265275,0.066545,-0.709408
0.3170,5695,Virtual,Thumb_CMC,-17.739570,1.031963,20.848290,-0.012494,0.528108,-0.311435,-0.789908
0.3170,5695,Virtual,Thumb_MCP,-17.728680,1.052988,20.885260,-0.087001,0.521042,-0.196678,-0.825992
0.3170,5695,Virtual,Thumb_IP,-17.710060,1.064473,20.929150,-0.215731,0.482198,0.018232,-0.848890
0.3170,5695,Virtual,Thumb_FingerTip,-17.694840,1.057662,20.952250,-0.215731,0.482198,0.018232,-0.848890
0.3170,5695,Virtual,Index_MCP,-17.677420,1.052217,20.882820,0.547502,0.392377,0.209304,-0.708854
0.3170,5695,Virtual,Index_PIP,-17.649120,1.058442,20.919610,0.499022,0.452433,0.289020,-0.680257
0.3170,5695,Virtual,Index_DIP,-17.638120,1.059956,20.943070,0.449768,0.501425,0.357548,-0.646870
0.3170,5695,Virtual,Index_FingerTip,-17.631630,1.059646,20.969170,0.449768,0.501425,0.357548,-0.646870
0.3170,5695,Virtual,Middle_MCP,-17.667850,1.026612,20.880550,0.571156,0.407546,0.227902,-0.675091
0.3170,5695,Virtual,Middle_PIP,-17.638070,1.034947,20.923350,0.470212,0.520782,0.367677,-0.610329
0.3170,5695,Virtual,Middle_DIP,-17.632880,1.036082,20.950560,0.360412,0.602010,0.478950,-0.527536
0.3170,5695,Virtual,Middle_FingerTip,-17.638080,1.034062,20.978300,0.360412,0.602010,0.478950,-0.527536
0.3170,5695,Virtual,Ring_MCP,-17.665120,1.002201,20.879610,0.589375,0.410065,0.230765,-0.656682
0.3170,5695,Virtual,Ring_PIP,-17.639190,1.010591,20.917330,0.487408,0.527210,0.366578,-0.591696
0.3170,5695,Virtual,Ring_DIP,-17.634570,1.012702,20.943180,0.375980,0.611683,0.474310,-0.509425
0.3170,5695,Virtual,Ring_FingerTip,-17.639690,1.012101,20.968460,0.375980,0.611683,0.474310,-0.509425
0.3170,5695,Virtual,Pinky_MCP,-17.667890,0.980070,20.877870,0.601336,0.411534,0.232522,-0.644180
0.3170,5695,Virtual,Pinky_PIP,-17.646110,0.987762,20.909760,0.498773,0.531217,0.365605,-0.579109
0.3170,5695,Virtual,Pinky_DIP,-17.643030,0.989715,20.927740,0.386353,0.617817,0.470917,-0.497265
0.3170,5695,Virtual,Pinky_FingerTip,-17.646990,0.989889,20.946480,0.386353,0.617817,0.470917,-0.497265
0.3170,5695,Render,Wrist,-17.759100,0.994459,20.827010,0.649571,0.265275,0.066545,-0.709408
0.3170,5695,Render,Thumb_CMC,-17.739570,1.031963,20.848290,0.017030,0.542657,-0.274093,-0.793793
0.3170,5695,Render,Thumb_MCP,-17.728120,1.051882,20.885700,-0.038471,0.541559,-0.191604,-0.817632
0.3170,5695,Render,Thumb_IP,-17.711450,1.065201,20.929850,-0.144934,0.523221,-0.025928,-0.839382
0.3170,5695,Render,Thumb_FingerTip,-17.698600,1.062119,20.955090,-0.144934,0.523221,-0.025928,-0.839382
0.3170,5695,Render,Index_MCP,-17.677420,1.052217,20.882820,0.547502,0.392377,0.209304,-0.708854
0.3170,5695,Render,Index_PIP,-17.649120,1.058442,20.919610,0.499022,0.452433,0.289020,-0.680257
0.3170,5695,Render,Index_DIP,-17.638120,1.059956,20.943070,0.449768,0.501425,0.357548,-0.646870
0.3170,5695,Render,Index_FingerTip,-17.631630,1.059646,20.969170,0.449768,0.501425,0.357548,-0.646870
0.3170,5695,Render,Middle_MCP,-17.667850,1.026612,20.880550,0.604079,0.356933,0.169020,-0.692185
0.3170,5695,Render,Middle_PIP,-17.631510,1.037028,20.917420,0.517103,0.474255,0.308651,-0.642201
0.3170,5695,Render,Middle_DIP,-17.621550,1.039635,20.943150,0.419541,0.562404,0.423048,-0.573340
0.3170,5695,Render,Middle_FingerTip,-17.621280,1.039261,20.971450,0.419541,0.562404,0.423048,-0.573340
0.3170,5695,Render,Ring_MCP,-17.665120,1.002201,20.879610,0.620700,0.360900,0.176731,-0.673239
0.3170,5695,Render,Ring_PIP,-17.633620,1.011976,20.912430,0.529085,0.485371,0.316712,-0.619820
0.3170,5695,Render,Ring_DIP,-17.624970,1.015164,20.937110,0.425527,0.578311,0.430321,-0.547090
0.3170,5695,Render,Ring_FingerTip,-17.625980,1.015714,20.962880,0.425527,0.578311,0.430321,-0.547090
0.3170,5695,Render,Pinky_MCP,-17.667890,0.980070,20.877870,0.632740,0.361394,0.179496,-0.660920
0.3170,5695,Render,Pinky_PIP,-17.641340,0.988735,20.905620,0.540742,0.488431,0.316777,-0.607196
0.3170,5695,Render,Pinky_DIP,-17.635430,0.991368,20.922790,0.436374,0.583561,0.427950,-0.534690
0.3170,5695,Render,Pinky_FingerTip,-17.636340,0.992358,20.941900,0.436374,0.583561,0.427950,-0.534690
0.3308,5696,Real,Wrist,-17.773640,0.972976,20.823500,0.646436,0.273985,0.059008,-0.709628
0.3308,5696,Real,Thumb_CMC,-17.755070,1.010940,20.844810,-0.018138,0.528988,-0.320903,-0.785407
0.3308,5696,Real,Thumb_MCP,-17.744780,1.032232,20.881810,-0.092713,0.521116,-0.206688,-0.822875
0.3308,5696,Real,Thumb_IP,-17.726560,1.044173,20.925740,-0.221276,0.480827,0.007759,-0.848400
0.3308,5696,Real,Thumb_FingerTip,-17.711250,1.037733,20.948890,-0.221276,0.480827,0.007759,-0.848400
0.3308,5696,Real,Index_MCP,-17.693520,1.032676,20.879520,0.542664,0.399898,0.201590,-0.710605
0.3308,5696,Real,Index_PIP,-17.665460,1.039584,20.916380,0.493355,0.459351,0.281557,-0.682879
0.3308,5696,Real,Index_DIP,-17.654580,1.041367,20.939870,0.443419,0.507722,0.350395,-0.650248
0.3308,5696,Real,Index_FingerTip,-17.648150,1.041221,20.965990,0.443419,0.507722,0.350395,-0.650248
0.3308,5696,Real,Middle_MCP,-17.683330,1.007304,20.877280,0.566103,0.415301,0.220618,-0.677039
0.3308,5696,Real,Middle_PIP,-17.653880,1.016359,20.920170,0.463609,0.527270,0.360981,-0.613797
0.3308,5696,Real,Middle_DIP,-17.648790,1.017627,20.947390,0.352678,0.607096,0.473053,-0.532235
0.3308,5696,Real,Middle_FingerTip,-17.654020,1.015495,20.975120,0.352678,0.607096,0.473053,-0.532235
0.3308,5696,Real,Ring_MCP,-17.680020,0.982964,20.876360,0.584283,0.418010,0.223724,-0.658657
0.3308,5696,Real,Ring_PIP,-17.654400,0.991981,20.914150,0.480726,0.533874,0.360126,-0.595139
0.3308,5696,Real,Ring_DIP,-17.649910,0.994210,20.940020,0.368133,0.616925,0.468649,-0.514053
0.3308,5696,Real,Ring_FingerTip,-17.655080,0.993498,20.965280,0.368133,0.616925,0.468649,-0.514053
0.3308,5696,Real,Pinky_MCP,-17.682260,0.960773,20.874630,0.596220,0.419603,0.225646,-0.646173
0.3308,5696,Real,Pinky_PIP,-17.660760,0.968992,20.906570,0.492042,0.537997,0.359318,-0.582533
0.3308,5696,Real,Pinky_DIP,-17.657770,0.971024,20.924560,0.378435,0.623163,0.465413,-0.501843
0.3308,5696,Real,Pinky_FingerTip,-17.661790,0.971111,20.943290,0.378435,0.623163,0.465413,-0.501843
0.3308,5696,Virtual,Wrist,-17.762150,0.994593,20.826220,0.647690,0.269563,0.061651,-0.709953
0.3308,5696,Virtual,Thumb_CMC,-17.743120,1.032355,20.847490,-0.016212,0.527920,-0.316736,-0.787856
0.3308,5696,Virtual,Thumb_MCP,-17.732500,1.053518,20.884470,-0.090656,0.520330,-0.202216,-0.824710
0.3308,5696,Virtual,Thumb_IP,-17.714030,1.065246,20.928350,-0.219087,0.480586,0.012550,-0.849047
0.3308,5696,Virtual,Thumb_FingerTip,-17.698700,1.058637,20.951450,-0.219087,0.480586,0.012550,-0.849047
0.3308,5696,Virtual,Index_MCP,-17.681240,1.053445,20.882010,0.544783,0.395954,0.204439,-0.710378
0.3308,5696,Virtual,Index_PIP,-17.653010,1.060046,20.918790,0.495912,0.455675,0.284361,-0.682328
0.3308,5696,Virtual,Index_DIP,-17.642030,1.061704,20.942250,0.446340,0.504330,0.353128,-0.649410
0.3308,5696,Virtual,Index_FingerTip,-17.635520,1.061477,20.968350,0.446340,0.504330,0.353128,-0.649410
0.3308,5696,Virtual,Middle_MCP,-17.671320,1.027973,20.879730,0.568340,0.411286,0.223264,-0.676747
0.3308,5696,Virtual,Middle_PIP,-17.641640,1.036702,20.922520,0.466657,0.523830,0.363503,-0.612944
0.3308,5696,Virtual,Middle_DIP,-17.636460,1.037902,20.949730,0.356335,0.604311,0.475362,-0.530910
0.3308,5696,Virtual,Middle_FingerTip,-17.641620,1.035806,20.977470,0.356335,0.604311,0.475362,-0.530910
0.3308,5696,Virtual,Ring_MCP,-17.668260,1.003601,20.878780,0.586544,0.413931,0.226249,-0.658361
0.3308,5696,Virtual,Ring_PIP,-17.642440,1.012334,20.916500,0.483811,0.530377,0.362529,-0.594307
0.3308,5696,Virtual,Ring_DIP,-17.637840,1.014502,20.942350,0.371838,0.614093,0.470844,-0.512770
0.3308,5696,Virtual,Ring_FingerTip,-17.642940,1.013826,20.967630,0.371838,0.614093,0.470844,-0.512770
0.3308,5696,Virtual,Pinky_MCP,-17.670730,0.981435,20.877050,0.598496,0.415484,0.228089,-0.645872
0.3308,5696,Virtual,Pinky_PIP,-17.649050,0.989415,20.908920,0.495150,0.534463,0.361640,-0.581715
0.3308,5696,Virtual,Pinky_DIP,-17.645980,0.991406,20.926900,0.382170,0.620299,0.467532,-0.500590
0.3308,5696,Virtual,Pinky_FingerTip,-17.649940,0.991522,20.945650,0.382170,0.620299,0.467532,-0.500590
0.3308,5696,Render,Wrist,-17.762150,0.994593,20.826220,0.647690,0.269563,0.061651,-0.709953
0.3308,5696,Render,Thumb_CMC,-17.743120,1.032355,20.847490,0.013217,0.542664,-0.279425,-0.792000
0.3308,5696,Render,Thumb_MCP,-17.731930,1.052420,20.884910,-0.042265,0.541177,-0.197091,-0.816393
0.3308,5696,Render,Thumb_IP,-17.715430,1.065955,20.929050,-0.148576,0.522095,-0.031551,-0.839254
0.3308,5696,Render,Thumb_FingerTip,-17.702520,1.063043,20.954300,-0.148576,0.522095,-0.031551,-0.839254
0.3308,5696,Render,Index_MCP,-17.681240,1.053445,20.882010,0.544783,0.395954,0.204439,-0.710378
0.3308,5696,Render,Index_PIP,-17.653010,1.060046,20.918790,0.495912,0.455675,0.284361,-0.682328
0.3308,5696,Render,Index_DIP,-17.642030,1.061704,20.942250,0.446340,0.504330,0.353128,-0.649410
0.3308,5696,Render,Index_FingerTip,-17.635520,1.061477,20.968350,0.446340,0.504330,0.353128,-0.649410
0.3308,5696,Render,Middle_MCP,-17.671320,1.027973,20.879730,0.601595,0.360902,0.164257,-0.693436
0.3308,5696,Render,Middle_PIP,-17.635120,1.038873,20.916590,0.513851,0.477623,0.304250,-0.644411
0.3308,5696,Render,Middle_DIP,-17.625180,1.041610,20.942330,0.415718,0.565106,0.419136,-0.576332
0.3308,5696,Render,Middle_FingerTip,-17.624900,1.041234,20.970620,0.415718,0.565106,0.419136,-0.576332
0.3308,5696,Render,Ring_MCP,-17.668260,1.003601,20.878780,0.618191,0.364983,0.172094,-0.674545
0.3308,5696,Render,Ring_PIP,-17.636880,1.013796,20.911600,0.525761,0.488823,0.312463,-0.622089
0.3308,5696,Render,Ring_DIP,-17.628270,1.017096,20.936280,0.421599,0.581057,0.426589,-0.550136
0.3308,5696,Render,Ring_FingerTip,-17.629280,1.017627,20.962060,0.421599,0.581057,0.426589,-0.550136
0.3308,5696,Render,Pinky_MCP,-17.670730,0.981435,20.877050,0.630230,0.365561,0.174941,-0.662248
0.3308,5696,Render,Pinky_PIP,-17.644290,0.990453,20.904790,0.537398,0.491964,0.312612,-0.609467
0.3308,5696,Render,Pinky_DIP,-17.638410,0.993163,20.921950,0.432411,0.586383,0.424301,-0.537722
0.3308,5696,Render,Pinky_FingerTip,-17.639320,0.994137,20.941060,0.432411,0.586383,0.424301,-0.537722
0.3446,5697,Real,Wrist,-17.777160,0.972845,20.822490,0.646341,0.278415,0.059573,-0.707940
0.3446,5697,Real,Thumb_CMC,-17.758940,1.010946,20.843860,-0.019636,0.532794,-0.321325,-0.782621
0.3446,5697,Real,Thumb_MCP,-17.749030,1.032112,20.881040,-0.094186,0.524770,-0.208356,-0.819959
0.3446,5697,Real,Thumb_IP,-17.731260,1.044018,20.925160,-0.222713,0.484411,0.003818,-0.846009
0.3446,5697,Real,Thumb_FingerTip,-17.716140,1.037685,20.948470,-0.222713,0.484411,0.003818,-0.846009
0.3446,5697,Real,Index_MCP,-17.697770,1.033054,20.879010,0.540461,0.405904,0.203770,-0.708253
0.3446,5697,Real,Index_PIP,-17.670260,1.040083,20.916250,0.491637,0.463841,0.281757,-0.680998
0.3446,5697,Real,Index_DIP,-17.659600,1.041960,20.939840,0.442394,0.511021,0.348945,-0.649140
0.3446,5697,Real,Index_FingerTip,-17.653300,1.041937,20.965990,0.442394,0.511021,0.348945,-0.649140
0.3446,5697,Real,Middle_MCP,-17.687450,1.007726,20.876910,0.563762,0.421241,0.222754,-0.674618
0.3446,5697,Real,Middle_PIP,-17.658620,1.016936,20.920190,0.460359,0.532298,0.362188,-0.611186
0.3446,5697,Real,Middle_DIP,-17.653880,1.018249,20.947460,0.348838,0.611215,0.473452,-0.529690
0.3446,5697,Real,Middle_FingerTip,-17.659420,1.016123,20.975130,0.348838,0.611215,0.473452,-0.529690
0.3446,5697,Real,Ring_MCP,-17.684020,0.983400,20.876070,0.581889,0.423984,0.225927,-0.656201
0.3446,5697,Real,Ring_PIP,-17.658960,0.992563,20.914200,0.477417,0.538916,0.361405,-0.592477
0.3446,5697,Real,Ring_DIP,-17.654810,0.994838,20.940120,0.364235,0.621040,0.469119,-0.511439
0.3446,5697,Real,Ring_FingerTip,-17.660260,0.994129,20.965320,0.364235,0.621040,0.469119,-0.511439
0.3446,5697,Real,Pinky_MCP,-17.686130,0.961195,20.874370,0.593797,0.425593,0.227887,-0.643695
0.3446,5697,Real,Pinky_PIP,-17.665120,0.969543,20.906600,0.488702,0.543041,0.360638,-0.579842
0.3446,5697,Real,Pinky_DIP,-17.662360,0.971608,20.924620,0.374509,0.627269,0.465924,-0.499190
0.3446,5697,Real,Pinky_FingerTip,-17.666600,0.971697,20.943300,0.374509,0.627269,0.465924,-0.499190
0.3446,5697,Virtual,Wrist,-17.765140,0.994674,20.825230,0.646436,0.273985,0.059008,-0.709628
0.3446,5697,Virtual,Thumb_CMC,-17.746560,1.032639,20.846540,-0.020525,0.530085,-0.318771,-0.785477
0.3446,5697,Virtual,Thumb_MCP,-17.736260,1.053673,20.883680,-0.094686,0.521963,-0.205427,-0.822429
0.3446,5697,Virtual,Thumb_IP,-17.718080,1.065394,20.927690,-0.222494,0.481568,0.007272,-0.847665
0.3446,5697,Virtual,Thumb_FingerTip,-17.702800,1.058935,20.950860,-0.222494,0.481568,0.007272,-0.847665
0.3446,5697,Virtual,Index_MCP,-17.685010,1.054374,20.881250,0.541435,0.401560,0.203769,-0.709984
0.3446,5697,Virtual,Index_PIP,-17.657180,1.061188,20.918280,0.493091,0.459634,0.281949,-0.682717
0.3446,5697,Virtual,Index_DIP,-17.646310,1.062960,20.941790,0.444265,0.506982,0.349310,-0.650831
0.3446,5697,Virtual,Index_FingerTip,-17.639800,1.062847,20.967890,0.444265,0.506982,0.349310,-0.650831
0.3446,5697,Virtual,Middle_MCP,-17.674830,1.029003,20.879010,0.564886,0.416954,0.222597,-0.676391
0.3446,5697,Virtual,Middle_PIP,-17.645610,1.037976,20.922080,0.462375,0.528352,0.362415,-0.612951
0.3446,5697,Virtual,Middle_DIP,-17.640660,1.039205,20.949320,0.351579,0.607733,0.474015,-0.531379
0.3446,5697,Virtual,Middle_FingerTip,-17.645970,1.037042,20.977030,0.351579,0.607733,0.474015,-0.531379
0.3446,5697,Virtual,Ring_MCP,-17.671520,1.004662,20.878090,0.583053,0.419723,0.225657,-0.657998
0.3446,5697,Virtual,Ring_PIP,-17.646120,1.013619,20.916040,0.479468,0.535004,0.361526,-0.594290
0.3446,5697,Virtual,Ring_DIP,-17.641740,1.015815,20.941930,0.367003,0.617598,0.469589,-0.513194
0.3446,5697,Virtual,Ring_FingerTip,-17.647010,1.015075,20.967170,0.367003,0.617598,0.469589,-0.513194
0.3446,5697,Virtual,Pinky_MCP,-17.673760,0.982472,20.876360,0.594986,0.421352,0.227542,-0.645507
0.3446,5697,Virtual,Pinky_PIP,-17.652440,0.990647,20.908440,0.490774,0.539154,0.360689,-0.581686
0.3446,5697,Virtual,Pinky_DIP,-17.649530,0.992657,20.926440,0.377293,0.623855,0.466331,-0.500989
0.3446,5697,Virtual,Pinky_FingerTip,-17.653620,0.992724,20.945150,0.377293,0.623855,0.466331,-0.500989
0.3446,5697,Render,Wrist,-17.765140,0.994674,20.825230,0.646436,0.273985,0.059008,-0.709628
0.3446,5697,Render,Thumb_CMC,-17.746560,1.032639,20.846540,0.011159,0.543899,-0.283571,-0.789707
0.3446,5697,Render,Thumb_MCP,-17.735700,1.052839,20.883990,-0.044438,0.542195,-0.201450,-0.814535
0.3446,5697,Render,Thumb_IP,-17.719470,1.066566,20.928170,-0.150908,0.522664,-0.036191,-0.838296
0.3446,5697,Render,Thumb_FingerTip,-17.706620,1.063800,20.953450,-0.150908,0.522664,-0.036191,-0.838296
0.3446,5697,Render,Index_MCP,-17.685010,1.054374,20.881250,0.542664,0.399898,0.201590,-0.710605
0.3446,5697,Render,Index_PIP,-17.656970,1.061283,20.918110,0.493355,0.459351,0.281557,-0.682879
0.3446,5697,Render,Index_DIP,-17.646080,1.063066,20.941600,0.443419,0.507722,0.350395,-0.650248
0.3446,5697,Render,Index_FingerTip,-17.639650,1.062920,20.967720,0.443419,0.507722,0.350395,-0.650248
0.3446,5697,Render,Middle_MCP,-17.674830,1.029003,20.879010,0.599711,0.365094,0.161595,-0.693499
0.3446,5697,Render,Middle_PIP,-17.638860,1.040291,20.915980,0.511140,0.481335,0.301659,-0.645024
0.3446,5697,Render,Middle_DIP,-17.629030,1.043144,20.941750,0.412362,0.568247,0.416705,-0.577417
0.3446,5697,Render,Middle_FingerTip,-17.628830,1.042788,20.970040,0.412362,0.568247,0.416705,-0.577417
0.3446,5697,Render,Ring_MCP,-17.671520,1.004662,20.878090,0.616268,0.369232,0.169553,-0.674636
0.3446,5697,Render,Ring_PIP,-17.640350,1.015194,20.911000,0.522974,0.492562,0.310000,-0.622721
0.3446,5697,Render,Ring_DIP,-17.631850,1.018595,20.935710,0.418143,0.584188,0.424294,-0.551232
0.3446,5697,Render,Ring_FingerTip,-17.632950,1.019132,20.961470,0.418143,0.584188,0.424294,-0.551232
0.3446,5697,Render,Pinky_MCP,-17.673760,0.982472,20.876360,0.628296,0.369851,0.172481,-0.662348
0.3446,5697,Render,Pinky_PIP,-17.647500,0.991774,20.904180,0.534590,0.495741,0.310230,-0.610092
0.3446,5697,Render,Pinky_DIP,-17.641700,0.994553,20.921360,0.428928,0.589548,0.422084,-0.538795
0.3446,5697,Render,Pinky_FingerTip,-17.642690,0.995529,20.940470,0.428928,0.589548,0.422084,-0.538795
0.3585,5698,Real,Wrist,-17.780970,0.973058,20.821280,0.648491,0.283358,0.062092,-0.703784
0.3585,5698,Real,Thumb_CMC,-17.763050,1.011342,20.842580,-0.018725,0.537602,-0.319992,-0.779897
0.3585,5698,Real,Thumb_MCP,-17.753510,1.032375,20.879920,-0.092914,0.529843,-0.209028,-0.816665
0.3585,5698,Real,Thumb_IP,-17.736300,1.044287,20.924260,-0.221015,0.490427,-0.000649,-0.842991
0.3585,5698,Real,Thumb_FingerTip,-17.721500,1.038140,20.947830,-0.221015,0.490427,-0.000649,-0.842991
0.3585,5698,Real,Index_MCP,-17.702340,1.033788,20.878300,0.539303,0.414412,0.209155,-0.702617
0.3585,5698,Real,Index_PIP,-17.675690,1.040956,20.916140,0.491547,0.470071,0.283591,-0.676012
0.3585,5698,Real,Index_DIP,-17.665380,1.042999,20.939870,0.443663,0.515508,0.347788,-0.645336
0.3585,5698,Real,Index_FingerTip,-17.659290,1.043229,20.966070,0.443663,0.515508,0.347788,-0.645336
0.3585,5698,Real,Middle_MCP,-17.691970,1.008457,20.876520,0.562357,0.429636,0.227903,-0.668751
0.3585,5698,Real,Middle_PIP,-17.664140,1.017877,20.920400,0.457727,0.539739,0.365356,-0.604718
0.3585,5698,Real,Middle_DIP,-17.659970,1.019325,20.947770,0.345374,0.617697,0.474839,-0.523159
0.3585,5698,Real,Middle_FingerTip,-17.666030,1.017340,20.975340,0.345374,0.617697,0.474839,-0.523159
0.3585,5698,Real,Ring_MCP,-17.688500,0.984129,20.875920,0.580121,0.432732,0.231473,-0.650095
0.3585,5698,Real,Ring_PIP,-17.664380,0.993488,20.914600,0.474140,0.546798,0.365164,-0.585542
0.3585,5698,Real,Ring_DIP,-17.660810,0.995882,20.940590,0.359832,0.627947,0.471197,-0.504160
0.3585,5698,Real,Ring_FingerTip,-17.666820,0.995284,20.965670,0.359832,0.627947,0.471197,-0.504160
0.3585,5698,Real,Pinky_MCP,-17.690570,0.961909,20.874360,0.591957,0.434350,0.233432,-0.637524
0.3585,5698,Real,Pinky_PIP,-17.670350,0.970437,20.907040,0.485356,0.550911,0.364388,-0.572842
0.3585,5698,Real,Pinky_DIP,-17.668010,0.972589,20.925110,0.370045,0.634145,0.467987,-0.491848
0.3585,5698,Real,Pinky_FingerTip,-17.672650,0.972761,20.943690,0.370045,0.634145,0.467987,-0.491848
0.3585,5698,Virtual,Wrist,-17.768550,0.994703,20.823930,0.646341,0.278415,0.059573,-0.707941
0.3585,5698,Virtual,Thumb_CMC,-17.750330,1.032804,20.845300,-0.023356,0.534014,-0.317384,-0.783295
0.3585,5698,Virtual,Thumb_MCP,-17.740310,1.053541,20.882690,-0.097004,0.525649,-0.205975,-0.819670
0.3585,5698,Virtual,Thumb_IP,-17.722530,1.065097,20.926900,-0.223941,0.485352,0.003053,-0.845148
0.3585,5698,Virtual,Thumb_FingerTip,-17.707460,1.058755,20.950240,-0.223941,0.485352,0.003053,-0.845148
0.3585,5698,Virtual,Index_MCP,-17.689150,1.054911,20.880450,0.538140,0.408976,0.207801,-0.707081
0.3585,5698,Virtual,Index_PIP,-17.662030,1.061763,20.918000,0.490976,0.464541,0.282726,-0.680596
0.3585,5698,Virtual,Index_DIP,-17.651430,1.063614,20.941620,0.443630,0.509948,0.347372,-0.649983
0.3585,5698,Virtual,Index_FingerTip,-17.645010,1.063638,20.967750,0.443630,0.509948,0.347372,-0.649983
0.3585,5698,Virtual,Middle_MCP,-17.678830,1.029584,20.878350,0.561446,0.424324,0.226447,-0.673388
0.3585,5698,Virtual,Middle_PIP,-17.650450,1.038640,20.921950,0.457970,0.534355,0.364922,-0.609558
0.3585,5698,Virtual,Middle_DIP,-17.645950,1.039875,20.949280,0.346649,0.612459,0.475344,-0.527993
0.3585,5698,Virtual,Middle_FingerTip,-17.651670,1.037686,20.976900,0.346649,0.612459,0.475344,-0.527993
0.3585,5698,Virtual,Ring_MCP,-17.675400,1.005258,20.877510,0.579303,0.427510,0.229908,-0.654817
0.3585,5698,Virtual,Ring_PIP,-17.650790,1.014296,20.915960,0.474458,0.541523,0.364645,-0.590489
0.3585,5698,Virtual,Ring_DIP,-17.646910,1.016488,20.941930,0.361161,0.622832,0.471641,-0.509114
0.3585,5698,Virtual,Ring_FingerTip,-17.652600,1.015705,20.967080,0.361161,0.622832,0.471641,-0.509114
0.3585,5698,Virtual,Pinky_MCP,-17.677520,0.983052,20.875810,0.591201,0.429192,0.231793,-0.642299
0.3585,5698,Virtual,Pinky_PIP,-17.656880,0.991309,20.908310,0.485720,0.545711,0.363809,-0.577858
0.3585,5698,Virtual,Pinky_DIP,-17.654320,0.993321,20.926360,0.371405,0.629113,0.468385,-0.496882
0.3585,5698,Virtual,Pinky_FingerTip,-17.658730,0.993357,20.945000,0.371405,0.629113,0.468385,-0.496882
0.3585,5698,Render,Wrist,-17.768550,0.994703,20.823930,0.646341,0.278415,0.059573,-0.707941
0.3585,5698,Render,Thumb_CMC,-17.750330,1.032804,20.845300,0.011919,0.547959,-0.285745,-0.786097
0.3585,5698,Render,Thumb_MCP,-17.739950,1.053104,20.882830,-0.044097,0.546312,-0.203981,-0.811166
0.3585,5698,Render,Thumb_IP,-17.724270,1.066967,20.927170,-0.151389,0.526767,-0.039339,-0.835495
0.3585,5698,Render,Thumb_FingerTip,-17.711680,1.064295,20.952590,-0.151389,0.526767,-0.039339,-0.835495
0.3585,5698,Render,Index_MCP,-17.689150,1.054911,20.880450,0.540461,0.405903,0.203770,-0.708253
0.3585,5698,Render,Index_PIP,-17.661640,1.061941,20.917680,0.491637,0.463841,0.281757,-0.680998
0.3585,5698,Render,Index_DIP,-17.650980,1.063818,20.941270,0.442395,0.511021,0.348945,-0.649140
0.3585,5698,Render,Index_FingerTip,-17.644680,1.063795,20.967420,0.442395,0.511021,0.348945,-0.649140
0.3585,5698,Render,Middle_MCP,-17.678830,1.029584,20.878350,0.598973,0.369464,0.161908,-0.691747
0.3585,5698,Render,Middle_PIP,-17.643210,1.041127,20.915580,0.509513,0.485457,0.301603,-0.643245
0.3585,5698,Render,Middle_DIP,-17.633600,1.044084,20.941410,0.409995,0.571993,0.416318,-0.575680
0.3585,5698,Render,Middle_FingerTip,-17.633630,1.043793,20.969710,0.409995,0.571993,0.416318,-0.575680
0.3585,5698,Render,Ring_MCP,-17.675400,1.005258,20.877510,0.615467,0.373575,0.169972,-0.672869
0.3585,5698,Render,Ring_PIP,-17.644540,1.016012,20.910640,0.521261,0.496633,0.310031,-0.620905
0.3585,5698,Render,Ring_DIP,-17.636260,1.019510,20.935400,0.415678,0.587852,0.423975,-0.549443
0.3585,5698,Render,Ring_FingerTip,-17.637560,1.020098,20.961170,0.415678,0.587852,0.423975,-0.549443
0.3585,5698,Render,Pinky_MCP,-17.677520,0.983052,20.875810,0.627467,0.374178,0.172977,-0.660572
0.3585,5698,Render,Pinky_PIP,-17.651530,0.992543,20.903820,0.532855,0.499790,0.310335,-0.608250
0.3585,5698,Render,Pinky_DIP,-17.645880,0.995388,20.921040,0.426444,0.593186,0.421832,-0.536968
0.3585,5698,Render,Pinky_FingerTip,-17.647020,0.996402,20.940130,0.426444,0.593186,0.421832,-0.536968
0.3722,5699,Real,Wrist,-17.784810,0.973592,20.820110,0.653005,0.287972,0.063738,-0.697563
0.3722,5699,Real,Thumb_CMC,-17.767160,1.012179,20.841080,-0.013095,0.540032,-0.321796,-0.777587
0.3722,5699,Real,Thumb_MCP,-17.757950,1.033533,20.878330,-0.087109,0.533121,-0.211998,-0.814402
0.3722,5699,Real,Thumb_IP,-17.741200,1.045909,20.922710,-0.215256,0.495450,-0.005691,-0.841524
0.3722,5699,Real,Thumb_FingerTip,-17.726690,1.040103,20.946550,-0.215256,0.495450,-0.005691,-0.841524
0.3722,5699,Real,Index_MCP,-17.706870,1.035150,20.877190,0.541740,0.421574,0.211223,-0.695829
0.3722,5699,Real,Index_PIP,-17.680860,1.042775,20.915370,0.494387,0.476223,0.283248,-0.669749
0.3722,5699,Real,Index_DIP,-17.670850,1.045149,20.939200,0.447063,0.520905,0.345405,-0.639913
0.3722,5699,Real,Index_FingerTip,-17.664960,1.045786,20.965440,0.447063,0.520905,0.345405,-0.639913
0.3722,5699,Real,Middle_MCP,-17.696470,1.009801,20.875890,0.564455,0.436732,0.229824,-0.661693
0.3722,5699,Real,Middle_PIP,-17.669390,1.019775,20.920100,0.458639,0.546804,0.365314,-0.597664
0.3722,5699,Real,Middle_DIP,-17.665640,1.021574,20.947510,0.345298,0.624590,0.473121,-0.516539
0.3722,5699,Real,Middle_FingerTip,-17.672090,1.019949,20.975020,0.345298,0.624590,0.473121,-0.516539
0.3722,5699,Real,Ring_MCP,-17.692990,0.985469,20.875660,0.581798,0.440139,0.233806,-0.642748
0.3722,5699,Real,Ring_PIP,-17.669570,0.995315,20.914650,0.474363,0.554247,0.365694,-0.577978
0.3722,5699,Real,Ring_DIP,-17.666460,0.998031,20.940660,0.358791,0.635200,0.470121,-0.496766
0.3722,5699,Real,Ring_FingerTip,-17.672880,0.997740,20.965650,0.358791,0.635200,0.470121,-0.496766
0.3722,5699,Real,Pinky_MCP,-17.695040,0.963228,20.874390,0.593529,0.441739,0.235782,-0.630078
0.3722,5699,Real,Pinky_PIP,-17.675410,0.972175,20.907320,0.485482,0.558316,0.364918,-0.565178
0.3722,5699,Real,Pinky_DIP,-17.673390,0.974553,20.925400,0.368918,0.641334,0.466896,-0.484355
0.3722,5699,Real,Pinky_FingerTip,-17.678340,0.974954,20.943900,0.368918,0.641334,0.466896,-0.484355
0.3722,5699,Virtual,Wrist,-17.772480,0.994484,20.822520,0.648491,0.283358,0.062092,-0.703785
0.3722,5699,Virtual,Thumb_CMC,-17.754570,1.032768,20.843820,-0.020336,0.537767,-0.317779,-0.780648
0.3722,5699,Virtual,Thumb_MCP,-17.744920,1.053593,20.881250,-0.093971,0.529883,-0.207598,-0.816883
0.3722,5699,Virtual,Thumb_IP,-17.727650,1.065340,20.925610,-0.221114,0.490627,-0.000817,-0.842848
0.3722,5699,Virtual,Thumb_FingerTip,-17.712880,1.059196,20.949190,-0.221114,0.490627,-0.000817,-0.842848
0.3722,5699,Virtual,Index_MCP,-17.693860,1.055214,20.879550,0.538121,0.415946,0.211155,-0.702018
0.3722,5699,Virtual,Index_PIP,-17.667410,1.062294,20.917530,0.491380,0.470245,0.283831,-0.675911
0.3722,5699,Virtual,Index_DIP,-17.657110,1.064330,20.941270,0.444635,0.514669,0.346570,-0.645991
0.3722,5699,Virtual,Index_FingerTip,-17.650930,1.064597,20.967450,0.444635,0.514669,0.346570,-0.645991
0.3722,5699,Virtual,Middle_MCP,-17.683480,1.029883,20.877760,0.561184,0.431167,0.229724,-0.668128
0.3722,5699,Virtual,Middle_PIP,-17.655880,1.039227,20.921800,0.456628,0.540670,0.366586,-0.603973
0.3722,5699,Virtual,Middle_DIP,-17.651820,1.040640,20.949190,0.344500,0.618185,0.475579,-0.522487
0.3722,5699,Virtual,Middle_FingerTip,-17.657950,1.038629,20.976740,0.344500,0.618185,0.475579,-0.522487
0.3722,5699,Virtual,Ring_MCP,-17.680020,1.005555,20.877160,0.578683,0.434652,0.233626,-0.649325
0.3722,5699,Virtual,Ring_PIP,-17.656140,1.014846,20.916010,0.472493,0.548222,0.366923,-0.584441
0.3722,5699,Virtual,Ring_DIP,-17.652730,1.017195,20.942020,0.358115,0.628928,0.472572,-0.502872
0.3722,5699,Virtual,Ring_FingerTip,-17.658860,1.016555,20.967070,0.358115,0.628928,0.472572,-0.502872
0.3722,5699,Virtual,Pinky_MCP,-17.682090,0.983335,20.875600,0.590515,0.436309,0.235543,-0.636747
0.3722,5699,Virtual,Pinky_PIP,-17.662070,0.991813,20.908430,0.483697,0.552368,0.366109,-0.571744
0.3722,5699,Virtual,Pinky_DIP,-17.659840,0.993936,20.926510,0.368312,0.635154,0.469329,-0.490568
0.3722,5699,Virtual,Pinky_FingerTip,-17.664580,0.994078,20.945070,0.368312,0.635154,0.469329,-0.490568
0.3722,5699,Render,Wrist,-17.772480,0.994484,20.822520,0.648491,0.283358,0.062092,-0.703785
0.3722,5699,Render,Thumb_CMC,-17.754570,1.032768,20.843820,0.016390,0.552920,-0.287914,-0.781740
0.3722,5699,Render,Thumb_MCP,-17.744790,1.053330,20.881370,-0.040156,0.551703,-0.206583,-0.807053
0.3722,5699,Render,Thumb_IP,-17.729790,1.067506,20.925840,-0.148593,0.532831,-0.042705,-0.831978
0.3722,5699,Render,Thumb_FingerTip,-17.717580,1.065019,20.951470,-0.148593,0.532831,-0.042705,-0.831978
0.3722,5699,Render,Index_MCP,-17.693860,1.055214,20.879550,0.539303,0.414412,0.209154,-0.702616
0.3722,5699,Render,Index_PIP,-17.667210,1.062382,20.917380,0.491547,0.470070,0.283591,-0.676012
0.3722,5699,Render,Index_DIP,-17.656900,1.064425,20.941110,0.443663,0.515508,0.347788,-0.645336
0.3722,5699,Render,Index_FingerTip,-17.650800,1.064655,20.967310,0.443663,0.515508,0.347788,-0.645336
0.3722,5699,Render,Middle_MCP,-17.683480,1.029883,20.877760,0.600381,0.374666,0.163796,-0.687269
0.3722,5699,Render,Middle_PIP,-17.648330,1.041751,20.915350,0.509814,0.490838,0.302523,-0.638473
0.3722,5699,Render,Middle_DIP,-17.639040,1.044915,20.941270,0.409286,0.577336,0.416332,-0.570821
0.3722,5699,Render,Middle_FingerTip,-17.639420,1.044839,20.969570,0.409286,0.577336,0.416332,-0.570821
0.3722,5699,Render,Ring_MCP,-17.680020,1.005555,20.877160,0.616751,0.378701,0.171956,-0.668308
0.3722,5699,Render,Ring_PIP,-17.649580,1.016598,20.910580,0.521419,0.501915,0.310994,-0.616025
0.3722,5699,Render,Ring_DIP,-17.641600,1.020292,20.935410,0.414813,0.593065,0.423978,-0.544470
0.3722,5699,Render,Ring_FingerTip,-17.643230,1.021075,20.961150,0.414813,0.593065,0.423978,-0.544470
0.3722,5699,Render,Pinky_MCP,-17.682090,0.983335,20.875600,0.628686,0.379246,0.175039,-0.655964
0.3722,5699,Render,Pinky_PIP,-17.656450,0.993069,20.903850,0.532960,0.505002,0.311364,-0.603307
0.3722,5699,Render,Pinky_DIP,-17.651020,0.996051,20.921120,0.425542,0.598320,0.421888,-0.531919
0.3722,5699,Render,Pinky_FingerTip,-17.652400,0.997209,20.940190,0.425542,0.598320,0.421888,-0.531919
0.3869,5700,Real,Wrist,-17.788470,0.973816,20.819080,0.655453,0.291984,0.063496,-0.693610
0.3869,5700,Real,Thumb_CMC,-17.771100,1.012659,20.839820,-0.009330,0.541330,-0.325754,-0.775087
0.3869,5700,Real,Thumb_MCP,-17.762250,1.034389,20.876930,-0.083559,0.534923,-0.216261,-0.812469
0.3869,5700,Real,Thumb_IP,-17.745860,1.047236,20.921320,-0.212256,0.498069,-0.010298,-0.840696
0.3869,5700,Real,Thumb_FingerTip,-17.731510,1.041703,20.945310,-0.212256,0.498069,-0.010298,-0.840696
0.3869,5700,Real,Index_MCP,-17.711170,1.036185,20.876140,0.543403,0.426054,0.209961,-0.692176
0.3869,5700,Real,Index_PIP,-17.685470,1.044257,20.914450,0.495570,0.480853,0.281609,-0.666249
0.3869,5700,Real,Index_DIP,-17.675630,1.046887,20.938320,0.447802,0.525626,0.343442,-0.636584
0.3869,5700,Real,Index_FingerTip,-17.669940,1.047788,20.964600,0.447802,0.525626,0.343442,-0.636584
0.3869,5700,Real,Middle_MCP,-17.700660,1.010864,20.875150,0.565864,0.441215,0.228637,-0.657915
0.3869,5700,Real,Middle_PIP,-17.673930,1.021345,20.919470,0.459063,0.551484,0.363351,-0.594225
0.3869,5700,Real,Middle_DIP,-17.670400,1.023410,20.946880,0.344817,0.629265,0.470535,-0.513540
0.3869,5700,Real,Middle_FingerTip,-17.677040,1.022015,20.974360,0.344817,0.629265,0.470535,-0.513540
0.3869,5700,Real,Ring_MCP,-17.697090,0.986543,20.875170,0.583099,0.444603,0.232700,-0.638886
0.3869,5700,Real,Ring_PIP,-17.673990,0.996835,20.914240,0.474681,0.558886,0.363789,-0.574440
0.3869,5700,Real,Ring_DIP,-17.671080,0.999802,20.940250,0.358209,0.639814,0.467571,-0.493661
0.3869,5700,Real,Ring_FingerTip,-17.677680,0.999718,20.965190,0.358209,0.639814,0.467571,-0.493661
0.3869,5700,Real,Pinky_MCP,-17.699050,0.964284,20.874090,0.594761,0.446188,0.234734,-0.626159
0.3869,5700,Real,Pinky_PIP,-17.679690,0.973607,20.907090,0.485736,0.562926,0.363058,-0.561574
0.3869,5700,Real,Pinky_DIP,-17.677810,0.976159,20.925160,0.368280,0.645906,0.464377,-0.481176
0.3869,5700,Real,Pinky_FingerTip,-17.682900,0.976712,20.943620,0.368280,0.645906,0.464377,-0.481176
0.3869,5700,Virtual,Wrist,-17.776840,0.993755,20.821300,0.653005,0.287972,0.063738,-0.697563
0.3869,5700,Virtual,Thumb_CMC,-17.759190,1.032341,20.842260,-0.013095,0.540032,-0.321797,-0.777587
0.3869,5700,Virtual,Thumb_MCP,-17.749980,1.053695,20.879520,-0.087109,0.533121,-0.211998,-0.814402
0.3869,5700,Virtual,Thumb_IP,-17.733230,1.066072,20.923900,-0.215256,0.495450,-0.005691,-0.841523
0.3869,5700,Virtual,Thumb_FingerTip,-17.718720,1.060266,20.947730,-0.215256,0.495450,-0.005691,-0.841523
0.3869,5700,Virtual,Index_MCP,-17.698900,1.055313,20.878370,0.541740,0.421575,0.211222,-0.695829
0.3869,5700,Virtual,Index_PIP,-17.672890,1.062937,20.916560,0.494387,0.476224,0.283248,-0.669749
0.3869,5700,Virtual,Index_DIP,-17.662870,1.065312,20.940390,0.447063,0.520905,0.345405,-0.639913
0.3869,5700,Virtual,Index_FingerTip,-17.656990,1.065949,20.966630,0.447063,0.520905,0.345405,-0.639913
0.3869,5700,Virtual,Middle_MCP,-17.688490,1.029964,20.877070,0.564454,0.436732,0.229824,-0.661693
0.3869,5700,Virtual,Middle_PIP,-17.661410,1.039938,20.921290,0.458639,0.546804,0.365314,-0.597664
0.3869,5700,Virtual,Middle_DIP,-17.657670,1.041737,20.948700,0.345298,0.624590,0.473121,-0.516539
0.3869,5700,Virtual,Middle_FingerTip,-17.664120,1.040112,20.976200,0.345298,0.624590,0.473121,-0.516539
0.3869,5700,Virtual,Ring_MCP,-17.685020,1.005631,20.876840,0.581797,0.440139,0.233806,-0.642748
0.3869,5700,Virtual,Ring_PIP,-17.661600,1.015478,20.915830,0.474363,0.554247,0.365694,-0.577978
0.3869,5700,Virtual,Ring_DIP,-17.658480,1.018194,20.941850,0.358790,0.635201,0.470121,-0.496766
0.3869,5700,Virtual,Ring_FingerTip,-17.664910,1.017903,20.966840,0.358790,0.635201,0.470121,-0.496766
0.3869,5700,Virtual,Pinky_MCP,-17.687070,0.983391,20.875570,0.593528,0.441739,0.235781,-0.630078
0.3869,5700,Virtual,Pinky_PIP,-17.667430,0.992338,20.908510,0.485482,0.558316,0.364918,-0.565178
0.3869,5700,Virtual,Pinky_DIP,-17.665410,0.994716,20.926580,0.368918,0.641334,0.466896,-0.484355
0.3869,5700,Virtual,Pinky_FingerTip,-17.670370,0.995117,20.945090,0.368918,0.641334,0.466896,-0.484355
0.3869,5700,Render,Wrist,-17.776840,0.993755,20.821300,0.653005,0.287972,0.063738,-0.697563
0.3869,5700,Render,Thumb_CMC,-17.759190,1.032341,20.842260,0.023462,0.555408,-0.291827,-0.778338
0.3869,5700,Render,Thumb_MCP,-17.749840,1.053434,20.879630,-0.033375,0.554900,-0.210823,-0.804068
0.3869,5700,Render,Thumb_IP,-17.735370,1.068240,20.924070,-0.142579,0.537307,-0.047452,-0.829892
0.3869,5700,Render,Thumb_FingerTip,-17.723450,1.066118,20.949870,-0.142579,0.537307,-0.047452,-0.829892
0.3869,5700,Render,Index_MCP,-17.698900,1.055313,20.878370,0.541740,0.421575,0.211222,-0.695829
0.3869,5700,Render,Index_PIP,-17.672890,1.062937,20.916560,0.494387,0.476224,0.283248,-0.669749
0.3869,5700,Render,Index_DIP,-17.662870,1.065312,20.940390,0.447063,0.520905,0.345405,-0.639913
0.3869,5700,Render,Index_FingerTip,-17.656990,1.065949,20.966630,0.447063,0.520905,0.345405,-0.639913
0.3869,5700,Render,Middle_MCP,-17.688490,1.029964,20.877070,0.604176,0.379889,0.164519,-0.680874
0.3869,5700,Render,Middle_PIP,-17.653790,1.042374,20.914880,0.512445,0.496733,0.301907,-0.632067
0.3869,5700,Render,Middle_DIP,-17.644800,1.045906,20.940870,0.410772,0.583618,0.414531,-0.564642
0.3869,5700,Render,Middle_FingerTip,-17.645510,1.046227,20.969160,0.410772,0.583618,0.414531,-0.564642
0.3869,5700,Render,Ring_MCP,-17.685020,1.005631,20.876840,0.620364,0.383873,0.172749,-0.661776
0.3869,5700,Render,Ring_PIP,-17.654970,1.017156,20.910460,0.523841,0.507741,0.310370,-0.609476
0.3869,5700,Render,Ring_DIP,-17.647290,1.021203,20.935330,0.416066,0.599249,0.422103,-0.538163
0.3869,5700,Render,Ring_FingerTip,-17.649210,1.022346,20.961030,0.416066,0.599249,0.422103,-0.538163
0.3869,5700,Render,Pinky_MCP,-17.687070,0.983391,20.875570,0.632193,0.384371,0.175900,-0.649346
0.3869,5700,Render,Pinky_PIP,-17.661760,0.993531,20.903980,0.535290,0.510758,0.310788,-0.596659
0.3869,5700,Render,Pinky_DIP,-17.656530,0.996759,20.921270,0.426718,0.604418,0.420040,-0.525507
0.3869,5700,Render,Pinky_FingerTip,-17.658130,0.998184,20.940300,0.426718,0.604418,0.420040,-0.525507
0.4007,5701,Real,Wrist,-17.792160,0.974059,20.817700,0.658589,0.296179,0.063158,-0.688876
0.4007,5701,Real,Thumb_CMC,-17.775090,1.013195,20.838130,-0.007909,0.543272,-0.326463,-0.773444
0.4007,5701,Real,Thumb_MCP,-17.766460,1.034993,20.875260,-0.081373,0.537201,-0.218767,-0.810515
0.4007,5701,Real,Thumb_IP,-17.750430,1.048094,20.919700,-0.208941,0.501548,-0.016146,-0.839365
0.4007,5701,Real,Thumb_FingerTip,-17.736280,1.042893,20.943890,-0.208941,0.501548,-0.016146,-0.839365
0.4007,5701,Real,Index_MCP,-17.715520,1.037343,20.874650,0.543551,0.433613,0.211895,-0.686755
0.4007,5701,Real,Index_PIP,-17.690500,1.045788,20.913330,0.497177,0.486090,0.279901,-0.661957
0.4007,5701,Real,Index_DIP,-17.680880,1.048716,20.937260,0.451114,0.529117,0.338698,-0.633889
0.4007,5701,Real,Index_FingerTip,-17.675220,1.050007,20.963520,0.451114,0.529117,0.338698,-0.633889
0.4007,5701,Real,Middle_MCP,-17.704920,1.012050,20.874030,0.565754,0.448758,0.230297,-0.652305
0.4007,5701,Real,Middle_PIP,-17.678990,1.022998,20.918700,0.458121,0.558199,0.362968,-0.588892
0.4007,5701,Real,Middle_DIP,-17.675850,1.025325,20.946150,0.343394,0.635249,0.468505,-0.508962
0.4007,5701,Real,Middle_FingerTip,-17.682810,1.024176,20.973550,0.343394,0.635249,0.468505,-0.508962
0.4007,5701,Real,Ring_MCP,-17.701270,0.987745,20.874360,0.582171,0.453072,0.235290,-0.632805
0.4007,5701,Real,Ring_PIP,-17.678990,0.998436,20.913790,0.472232,0.566740,0.364753,-0.568119
0.4007,5701,Real,Ring_DIP,-17.676580,1.001619,20.939830,0.354568,0.646899,0.467094,-0.487470
0.4007,5701,Real,Ring_FingerTip,-17.683630,1.001705,20.964640,0.354568,0.646899,0.467094,-0.487470
0.4007,5701,Real,Pinky_MCP,-17.703140,0.965468,20.873510,0.593740,0.454712,0.237302,-0.619998
0.4007,5701,Real,Pinky_PIP,-17.684480,0.975142,20.906810,0.483186,0.570808,0.363989,-0.555177
0.4007,5701,Real,Pinky_DIP,-17.682950,0.977847,20.924890,0.364537,0.652996,0.463858,-0.474916
0.4007,5701,Real,Pinky_FingerTip,-17.688380,0.978527,20.943250,0.364537,0.652996,0.463858,-0.474916
0.4007,5701,Virtual,Wrist,-17.781110,0.992455,20.820260,0.655453,0.291984,0.063496,-0.693610
0.4007,5701,Virtual,Thumb_CMC,-17.763750,1.031298,20.841000,-0.012577,0.542120,-0.321992,-0.776061
0.4007,5701,Virtual,Thumb_MCP,-17.754750,1.052645,20.878300,-0.085842,0.535428,-0.213982,-0.812502
0.4007,5701,Virtual,Thumb_IP,-17.738330,1.065187,20.922760,-0.212848,0.498746,-0.011023,-0.840135
0.4007,5701,Virtual,Thumb_FingerTip,-17.724010,1.059664,20.946780,-0.212848,0.498746,-0.011023,-0.840135
0.4007,5701,Virtual,Index_MCP,-17.703810,1.054824,20.877330,0.541249,0.428787,0.213447,-0.691109
0.4007,5701,Virtual,Index_PIP,-17.678470,1.062744,20.915900,0.495372,0.481057,0.281883,-0.666133
0.4007,5701,Virtual,Index_DIP,-17.668650,1.065368,20.939790,0.449772,0.523941,0.341050,-0.637869
0.4007,5701,Virtual,Index_FingerTip,-17.662780,1.066342,20.966020,0.449772,0.523941,0.341050,-0.637869
0.4007,5701,Virtual,Middle_MCP,-17.693310,1.029503,20.876330,0.563744,0.443922,0.231787,-0.656812
0.4007,5701,Virtual,Middle_PIP,-17.666980,1.039855,20.920930,0.457179,0.553047,0.365376,-0.592982
0.4007,5701,Virtual,Middle_DIP,-17.663620,1.041861,20.948370,0.343451,0.630012,0.471649,-0.512518
0.4007,5701,Virtual,Middle_FingerTip,-17.670380,1.040426,20.975810,0.343451,0.630012,0.471649,-0.512518
0.4007,5701,Virtual,Ring_MCP,-17.689730,1.005183,20.876360,0.580297,0.448254,0.236706,-0.637413
0.4007,5701,Virtual,Ring_PIP,-17.667110,1.015350,20.915730,0.471429,0.561633,0.367118,-0.572319
0.4007,5701,Virtual,Ring_DIP,-17.664490,1.018230,20.941790,0.354761,0.641733,0.470222,-0.491137
0.4007,5701,Virtual,Ring_FingerTip,-17.671350,1.018060,20.966660,0.354761,0.641733,0.470222,-0.491137
0.4007,5701,Virtual,Pinky_MCP,-17.691690,0.982924,20.875270,0.591949,0.449912,0.238660,-0.624674
0.4007,5701,Virtual,Pinky_PIP,-17.672740,0.992156,20.908540,0.482460,0.565736,0.366312,-0.559456
0.4007,5701,Virtual,Pinky_DIP,-17.671060,0.994651,20.926630,0.364798,0.647879,0.466960,-0.478669
0.4007,5701,Virtual,Pinky_FingerTip,-17.676350,0.995143,20.945040,0.364798,0.647879,0.466960,-0.478669
0.4007,5701,Render,Wrist,-17.781110,0.992455,20.820260,0.655453,0.291984,0.063496,-0.693610
0.4007,5701,Render,Thumb_CMC,-17.763750,1.031298,20.841000,0.027093,0.556913,-0.295725,-0.775668
0.4007,5701,Render,Thumb_MCP,-17.754760,1.052768,20.878230,-0.029917,0.556768,-0.214973,-0.801811
0.4007,5701,Render,Thumb_IP,-17.740650,1.068038,20.922640,-0.139560,0.539823,-0.051967,-0.828501
0.4007,5701,Render,Thumb_FingerTip,-17.728920,1.066197,20.948540,-0.139560,0.539823,-0.051967,-0.828501
0.4007,5701,Render,Index_MCP,-17.703810,1.054824,20.877330,0.543403,0.426054,0.209961,-0.692176
0.4007,5701,Render,Index_PIP,-17.678110,1.062896,20.915630,0.495570,0.480853,0.281609,-0.666249
0.4007,5701,Render,Index_DIP,-17.668270,1.065527,20.939510,0.447802,0.525626,0.343442,-0.636584
0.4007,5701,Render,Index_FingerTip,-17.662580,1.066428,20.965780,0.447802,0.525626,0.343442,-0.636584
0.4007,5701,Render,Middle_MCP,-17.693310,1.029503,20.876330,0.606014,0.384214,0.163705,-0.676999
0.4007,5701,Render,Middle_PIP,-17.658920,1.042389,20.914280,0.513349,0.501345,0.300308,-0.628444
0.4007,5701,Render,Middle_DIP,-17.650130,1.046194,20.940300,0.410799,0.588318,0.412284,-0.561381
0.4007,5701,Render,Middle_FingerTip,-17.651040,1.046773,20.968570,0.410799,0.588318,0.412284,-0.561381
0.4007,5701,Render,Ring_MCP,-17.689730,1.005183,20.876360,0.622077,0.388196,0.172010,-0.657827
0.4007,5701,Render,Ring_PIP,-17.659980,1.017127,20.910080,0.524589,0.512330,0.308803,-0.605776
0.4007,5701,Render,Ring_DIP,-17.652490,1.021431,20.934970,0.415915,0.603897,0.419851,-0.534836
0.4007,5701,Render,Ring_FingerTip,-17.654600,1.022805,20.960650,0.415915,0.603897,0.419851,-0.534836
0.4007,5701,Render,Pinky_MCP,-17.691690,0.982924,20.875270,0.633836,0.388685,0.175224,-0.645347
0.4007,5701,Render,Pinky_PIP,-17.666630,0.993419,20.903770,0.535972,0.515324,0.309271,-0.592897
0.4007,5701,Render,Pinky_DIP,-17.661540,0.996825,20.921060,0.426506,0.609030,0.417827,-0.522108
0.4007,5701,Render,Pinky_FingerTip,-17.663290,0.998419,20.940080,0.426506,0.609030,0.417827,-0.522108
0.4191,5702,Real,Wrist,-17.795570,0.974141,20.816300,0.659742,0.299945,0.061315,-0.686305
0.4191,5702,Real,Thumb_CMC,-17.778840,1.013520,20.836540,-0.006467,0.543771,-0.330763,-0.771276
0.4191,5702,Real,Thumb_MCP,-17.770510,1.035615,20.873560,-0.080012,0.537892,-0.223320,-0.808949
0.4191,5702,Real,Thumb_IP,-17.754730,1.049110,20.917980,-0.207787,0.502547,-0.020943,-0.838947
0.4191,5702,Real,Thumb_FingerTip,-17.740660,1.044159,20.942260,-0.207787,0.502547,-0.020943,-0.838947
0.4191,5702,Real,Index_MCP,-17.719570,1.038293,20.873150,0.543945,0.437486,0.209370,-0.684759
0.4191,5702,Real,Index_PIP,-17.694780,1.047153,20.911870,0.497179,0.489982,0.277188,-0.660225
0.4191,5702,Real,Index_DIP,-17.685270,1.050299,20.935820,0.450763,0.532994,0.335840,-0.632410
0.4191,5702,Real,Index_FingerTip,-17.679720,1.051798,20.962100,0.450763,0.532994,0.335840,-0.632410
0.4191,5702,Real,Middle_MCP,-17.708810,1.013066,20.872730,0.565947,0.452691,0.227880,-0.650266
0.4191,5702,Real,Middle_PIP,-17.683130,1.024474,20.917440,0.457479,0.562084,0.360174,-0.587409
0.4191,5702,Real,Middle_DIP,-17.680120,1.027000,20.944880,0.342024,0.638941,0.465480,-0.508038
0.4191,5702,Real,Middle_FingerTip,-17.687190,1.025984,20.972260,0.342024,0.638941,0.465480,-0.508038
0.4191,5702,Real,Ring_MCP,-17.705000,0.988787,20.873230,0.582276,0.457034,0.232956,-0.630719
0.4191,5702,Real,Ring_PIP,-17.682960,0.999880,20.912680,0.471490,0.570633,0.362028,-0.566578
0.4191,5702,Real,Ring_DIP,-17.680670,1.003249,20.938710,0.353092,0.650578,0.464123,-0.486481
0.4191,5702,Real,Ring_FingerTip,-17.687830,1.003451,20.963500,0.353092,0.650578,0.464123,-0.486481
0.4191,5702,Real,Pinky_MCP,-17.706720,0.966494,20.872530,0.593794,0.458692,0.235028,-0.617877
0.4191,5702,Real,Pinky_PIP,-17.688270,0.976506,20.905830,0.482390,0.574708,0.361316,-0.553590
0.4191,5702,Real,Pinky_DIP,-17.686830,0.979339,20.923900,0.363006,0.656671,0.460930,-0.473872
0.4191,5702,Real,Pinky_FingerTip,-17.692340,0.980104,20.942240,0.363006,0.656671,0.460930,-0.473872
0.4191,5702,Virtual,Wrist,-17.789410,0.990008,20.817830,0.659742,0.299945,0.061315,-0.686305
0.4191,5702,Virtual,Thumb_CMC,-17.772680,1.029387,20.838080,-0.006467,0.543771,-0.330763,-0.771276
0.4191,5702,Virtual,Thumb_MCP,-17.764350,1.051483,20.875100,-0.080011,0.537892,-0.223320,-0.808950
0.4191,5702,Virtual,Thumb_IP,-17.748580,1.064978,20.919520,-0.207787,0.502547,-0.020943,-0.838947
0.4191,5702,Virtual,Thumb_FingerTip,-17.734500,1.060027,20.943790,-0.207787,0.502547,-0.020943,-0.838947
0.4191,5702,Virtual,Index_MCP,-17.713420,1.054161,20.874690,0.543945,0.437486,0.209370,-0.684759
0.4191,5702,Virtual,Index_PIP,-17.688620,1.063021,20.913410,0.497179,0.489982,0.277188,-0.660225
0.4191,5702,Virtual,Index_DIP,-17.679120,1.066167,20.937360,0.450764,0.532994,0.335840,-0.632410
0.4191,5702,Virtual,Index_FingerTip,-17.673570,1.067666,20.963630,0.450764,0.532994,0.335840,-0.632410
0.4191,5702,Virtual,Middle_MCP,-17.702660,1.028934,20.874270,0.565948,0.452691,0.227880,-0.650265
0.4191,5702,Virtual,Middle_PIP,-17.676980,1.040341,20.918980,0.457479,0.562084,0.360174,-0.587409
0.4191,5702,Virtual,Middle_DIP,-17.673960,1.042868,20.946420,0.342024,0.638941,0.465480,-0.508038
0.4191,5702,Virtual,Middle_FingerTip,-17.681030,1.041852,20.973800,0.342024,0.638941,0.465480,-0.508038
0.4191,5702,Virtual,Ring_MCP,-17.698850,1.004655,20.874770,0.582276,0.457034,0.232956,-0.630719
0.4191,5702,Virtual,Ring_PIP,-17.676800,1.015748,20.914220,0.471491,0.570633,0.362028,-0.566578
0.4191,5702,Virtual,Ring_DIP,-17.674520,1.019116,20.940250,0.353092,0.650578,0.464123,-0.486481
0.4191,5702,Virtual,Ring_FingerTip,-17.681670,1.019319,20.965040,0.353092,0.650578,0.464123,-0.486481
0.4191,5702,Virtual,Pinky_MCP,-17.700570,0.982362,20.874060,0.593794,0.458692,0.235028,-0.617877
0.4191,5702,Virtual,Pinky_PIP,-17.682110,0.992374,20.907370,0.482390,0.574708,0.361316,-0.553590
0.4191,5702,Virtual,Pinky_DIP,-17.680680,0.995207,20.925440,0.363006,0.656671,0.460930,-0.473872
0.4191,5702,Virtual,Pinky_FingerTip,-17.686180,0.995972,20.943770,0.363006,0.656671,0.460930,-0.473872
0.4191,5702,Render,Wrist,-17.785460,0.991152,20.819050,0.658589,0.296179,0.063158,-0.688876
0.4191,5702,Render,Thumb_CMC,-17.768390,1.030289,20.839480,0.031636,0.558886,-0.299997,-0.772430
0.4191,5702,Render,Thumb_MCP,-17.759820,1.052192,20.876560,-0.025599,0.559195,-0.219554,-0.799026
0.4191,5702,Render,Thumb_IP,-17.746180,1.067991,20.920930,-0.135808,0.543056,-0.057008,-0.826678
0.4191,5702,Render,Thumb_FingerTip,-17.734670,1.066473,20.946950,-0.135808,0.543056,-0.057008,-0.826678
0.4191,5702,Render,Index_MCP,-17.708820,1.054437,20.876000,0.543551,0.433614,0.211895,-0.686755
0.4191,5702,Render,Index_PIP,-17.683800,1.062882,20.914670,0.497177,0.486090,0.279901,-0.661957
0.4191,5702,Render,Index_DIP,-17.674180,1.065809,20.938610,0.451114,0.529117,0.338698,-0.633889
0.4191,5702,Render,Index_FingerTip,-17.668520,1.067100,20.964870,0.451114,0.529117,0.338698,-0.633889
0.4191,5702,Render,Middle_MCP,-17.698220,1.029144,20.875370,0.608507,0.388820,0.162682,-0.672364
0.4191,5702,Render,Middle_PIP,-17.664180,1.042580,20.913440,0.514833,0.506368,0.298347,-0.624122
0.4191,5702,Render,Middle_DIP,-17.655610,1.046709,20.939480,0.411320,0.593530,0.409552,-0.557500
0.4191,5702,Render,Middle_FingerTip,-17.656740,1.047604,20.967740,0.411320,0.593530,0.409552,-0.557500
0.4191,5702,Render,Ring_MCP,-17.694570,1.004838,20.875700,0.624421,0.392804,0.171060,-0.653102
0.4191,5702,Render,Ring_PIP,-17.665120,1.017268,20.909520,0.525893,0.517333,0.306864,-0.601363
0.4191,5702,Render,Ring_DIP,-17.657830,1.021880,20.934410,0.416229,0.609057,0.417097,-0.530880
0.4191,5702,Render,Ring_FingerTip,-17.660150,1.023535,20.960050,0.416229,0.609057,0.417097,-0.530880
0.4191,5702,Render,Pinky_MCP,-17.696440,0.982562,20.874860,0.636096,0.393284,0.174339,-0.640559
0.4191,5702,Render,Pinky_PIP,-17.671640,0.993467,20.903430,0.537195,0.520300,0.307382,-0.588409
0.4191,5702,Render,Pinky_DIP,-17.666700,0.997086,20.920720,0.426747,0.614148,0.415107,-0.518069
0.4191,5702,Render,Pinky_FingerTip,-17.668590,0.998888,20.939700,0.426747,0.614148,0.415107,-0.518069
0.4322,5703,Real,Wrist,-17.798850,0.974047,20.814840,0.659835,0.303322,0.059632,-0.684879
0.4322,5703,Real,Thumb_CMC,-17.782440,1.013604,20.835000,-0.006381,0.544434,-0.334225,-0.769314
0.4322,5703,Real,Thumb_MCP,-17.774370,1.035879,20.871980,-0.080016,0.538560,-0.227016,-0.807474
0.4322,5703,Real,Thumb_IP,-17.758840,1.049629,20.916400,-0.207953,0.503195,-0.024886,-0.838410
0.4322,5703,Real,Thumb_FingerTip,-17.744810,1.044854,20.940740,-0.207953,0.503195,-0.024886,-0.838410
0.4322,5703,Real,Index_MCP,-17.723460,1.038889,20.871720,0.543346,0.440735,0.207266,-0.683791
0.4322,5703,Real,Index_PIP,-17.698850,1.048044,20.910490,0.496256,0.493155,0.274997,-0.659474
0.4322,5703,Real,Index_DIP,-17.689450,1.051334,20.934460,0.449557,0.536069,0.333589,-0.631860
0.4322,5703,Real,Index_FingerTip,-17.683990,1.052959,20.960750,0.449557,0.536069,0.333589,-0.631860
0.4322,5703,Real,Middle_MCP,-17.712530,1.013732,20.871420,0.565209,0.455988,0.225898,-0.649296
0.4322,5703,Real,Middle_PIP,-17.687070,1.025460,20.916180,0.456060,0.565150,0.358031,-0.586880
0.4322,5703,Real,Middle_DIP,-17.684170,1.028100,20.943620,0.340047,0.641681,0.463276,-0.507927
0.4322,5703,Real,Middle_FingerTip,-17.691320,1.027132,20.970980,0.340047,0.641681,0.463276,-0.507927
0.4322,5703,Real,Ring_MCP,-17.708560,0.989480,20.872020,0.581481,0.460361,0.231057,-0.629731
0.4322,5703,Real,Ring_PIP,-17.686720,1.000852,20.911510,0.470005,0.573714,0.359962,-0.566017
0.4322,5703,Real,Ring_DIP,-17.684550,1.004325,20.937530,0.351043,0.653316,0.461988,-0.486328
0.4322,5703,Real,Ring_FingerTip,-17.691780,1.004565,20.962300,0.351043,0.653316,0.461988,-0.486328
0.4322,5703,Real,Pinky_MCP,-17.710140,0.967174,20.871390,0.592968,0.462039,0.233187,-0.616874
0.4322,5703,Real,Pinky_PIP,-17.691860,0.977421,20.904720,0.480870,0.577802,0.359303,-0.553001
0.4322,5703,Real,Pinky_DIP,-17.690500,0.980325,20.922780,0.360920,0.659415,0.458841,-0.473681
0.4322,5703,Real,Pinky_FingerTip,-17.696070,0.981116,20.941100,0.360920,0.659415,0.458841,-0.473681
0.4322,5703,Virtual,Wrist,-17.789800,0.989003,20.817740,0.659742,0.299944,0.061315,-0.686305
0.4322,5703,Virtual,Thumb_CMC,-17.773080,1.028382,20.837980,-0.006467,0.543771,-0.330763,-0.771277
0.4322,5703,Virtual,Thumb_MCP,-17.764740,1.050477,20.875000,-0.080011,0.537892,-0.223320,-0.808950
0.4322,5703,Virtual,Thumb_IP,-17.748970,1.063972,20.919420,-0.207787,0.502547,-0.020943,-0.838947
0.4322,5703,Virtual,Thumb_FingerTip,-17.734890,1.059022,20.943700,-0.207787,0.502547,-0.020943,-0.838947
0.4322,5703,Virtual,Index_MCP,-17.713810,1.053155,20.874590,0.543945,0.437486,0.209370,-0.684759
0.4322,5703,Virtual,Index_PIP,-17.689010,1.062015,20.913310,0.497180,0.489982,0.277188,-0.660225
0.4322,5703,Virtual,Index_DIP,-17.679510,1.065161,20.937260,0.450764,0.532994,0.335840,-0.632410
0.4322,5703,Virtual,Index_FingerTip,-17.673960,1.066660,20.963540,0.450764,0.532994,0.335840,-0.632410
0.4322,5703,Virtual,Middle_MCP,-17.703050,1.027928,20.874170,0.565948,0.452691,0.227880,-0.650265
0.4322,5703,Virtual,Middle_PIP,-17.677370,1.039336,20.918880,0.457479,0.562084,0.360174,-0.587409
0.4322,5703,Virtual,Middle_DIP,-17.674350,1.041862,20.946320,0.342024,0.638941,0.465480,-0.508038
0.4322,5703,Virtual,Middle_FingerTip,-17.681430,1.040847,20.973710,0.342024,0.638941,0.465480,-0.508038
0.4322,5703,Virtual,Ring_MCP,-17.699240,1.003649,20.874670,0.582276,0.457034,0.232956,-0.630719
0.4322,5703,Virtual,Ring_PIP,-17.677190,1.014742,20.914130,0.471491,0.570633,0.362028,-0.566578
0.4322,5703,Virtual,Ring_DIP,-17.674910,1.018111,20.940160,0.353092,0.650578,0.464124,-0.486481
0.4322,5703,Virtual,Ring_FingerTip,-17.682060,1.018313,20.964940,0.353092,0.650578,0.464124,-0.486481
0.4322,5703,Virtual,Pinky_MCP,-17.700960,0.981356,20.873970,0.593794,0.458692,0.235028,-0.617877
0.4322,5703,Virtual,Pinky_PIP,-17.682510,0.991368,20.907280,0.482390,0.574708,0.361316,-0.553590
0.4322,5703,Virtual,Pinky_DIP,-17.681070,0.994201,20.925340,0.363007,0.656670,0.460930,-0.473872
0.4322,5703,Virtual,Pinky_FingerTip,-17.686570,0.994966,20.943680,0.363007,0.656670,0.460930,-0.473872
0.4322,5703,Render,Wrist,-17.789800,0.989003,20.817740,0.659742,0.299944,0.061315,-0.686305
0.4322,5703,Render,Thumb_CMC,-17.773080,1.028382,20.837980,0.032969,0.559598,-0.304262,-0.770187
0.4322,5703,Render,Thumb_MCP,-17.764800,1.050582,20.874950,-0.024346,0.560039,-0.224026,-0.797230
0.4322,5703,Render,Thumb_IP,-17.751440,1.066759,20.919270,-0.134746,0.544133,-0.061747,-0.825803
0.4322,5703,Render,Thumb_FingerTip,-17.740040,1.065486,20.945360,-0.134746,0.544133,-0.061747,-0.825803
0.4322,5703,Render,Index_MCP,-17.713810,1.053155,20.874590,0.543945,0.437486,0.209370,-0.684759
0.4322,5703,Render,Index_PIP,-17.689010,1.062015,20.913310,0.497180,0.489982,0.277188,-0.660225
0.4322,5703,Render,Index_DIP,-17.679510,1.065161,20.937260,0.450764,0.532994,0.335840,-0.632410
0.4322,5703,Render,Index_FingerTip,-17.673960,1.066660,20.963540,0.450764,0.532994,0.335840,-0.632410
0.4322,5703,Render,Middle_MCP,-17.703050,1.027928,20.874170,0.609100,0.392713,0.160485,-0.670089
0.4322,5703,Render,Middle_PIP,-17.669250,1.041833,20.912290,0.514608,0.510299,0.295727,-0.622350
0.4322,5703,Render,Middle_DIP,-17.660820,1.046188,20.938330,0.410365,0.597350,0.406647,-0.556249
0.4322,5703,Render,Middle_FingerTip,-17.662070,1.047260,20.966590,0.410365,0.597350,0.406647,-0.556249
0.4322,5703,Render,Ring_MCP,-17.699240,1.003649,20.874670,0.624921,0.396736,0.168946,-0.650793
0.4322,5703,Render,Ring_PIP,-17.670010,1.016491,20.908530,0.525540,0.521281,0.304305,-0.599561
0.4322,5703,Render,Ring_DIP,-17.662860,1.021312,20.933430,0.415121,0.612862,0.414239,-0.529605
0.4322,5703,Render,Ring_FingerTip,-17.665290,1.023120,20.959050,0.415121,0.612862,0.414239,-0.529605
0.4322,5703,Render,Pinky_MCP,-17.700960,0.981356,20.873970,0.636547,0.397238,0.172288,-0.638222
0.4322,5703,Render,Pinky_PIP,-17.676350,0.992609,20.902570,0.536789,0.524259,0.304879,-0.586566
0.4322,5703,Render,Pinky_DIP,-17.671500,0.996373,20.919860,0.425584,0.617954,0.412295,-0.516743
0.4322,5703,Render,Pinky_FingerTip,-17.673490,0.998286,20.938820,0.425584,0.617954,0.412295,-0.516743
0.4488,5704,Real,Wrist,-17.802150,0.973817,20.813460,0.659741,0.307020,0.058128,-0.683449
0.4488,5704,Real,Thumb_CMC,-17.786090,1.013547,20.833560,-0.006380,0.545411,-0.337707,-0.767099
0.4488,5704,Real,Thumb_MCP,-17.778320,1.035992,20.870500,-0.080147,0.539528,-0.230766,-0.805750
0.4488,5704,Real,Thumb_IP,-17.763060,1.049985,20.914940,-0.208315,0.504102,-0.028942,-0.837645
0.4488,5704,Real,Thumb_FingerTip,-17.749090,1.045382,20.939350,-0.208315,0.504102,-0.028942,-0.837645
0.4488,5704,Real,Index_MCP,-17.727430,1.039349,20.870430,0.542490,0.444262,0.205320,-0.682774
0.4488,5704,Real,Index_PIP,-17.703040,1.048791,20.909270,0.495050,0.496578,0.272959,-0.658658
0.4488,5704,Real,Index_DIP,-17.693750,1.052220,20.933270,0.448046,0.539369,0.331486,-0.631232
0.4488,5704,Real,Index_FingerTip,-17.688410,1.053964,20.959570,0.448046,0.539369,0.331486,-0.631232
0.4488,5704,Real,Middle_MCP,-17.716330,1.014266,20.870260,0.564210,0.459550,0.224090,-0.648279
0.4488,5704,Real,Middle_PIP,-17.691130,1.026307,20.915080,0.454332,0.568421,0.356049,-0.586268
0.4488,5704,Real,Middle_DIP,-17.688350,1.029052,20.942520,0.337727,0.644562,0.461214,-0.507704
0.4488,5704,Real,Middle_FingerTip,-17.695600,1.028119,20.969860,0.337727,0.644562,0.461214,-0.507704
0.4488,5704,Real,Ring_MCP,-17.712200,0.990044,20.870940,0.580427,0.463948,0.229340,-0.628697
0.4488,5704,Real,Ring_PIP,-17.690590,1.001688,20.910480,0.468210,0.576994,0.358065,-0.565373
0.4488,5704,Real,Ring_DIP,-17.688540,1.005255,20.936500,0.348651,0.656190,0.460003,-0.486061
0.4488,5704,Real,Ring_FingerTip,-17.695880,1.005523,20.961240,0.348651,0.656190,0.460003,-0.486061
0.4488,5704,Real,Pinky_MCP,-17.713620,0.967726,20.870370,0.591884,0.465643,0.231535,-0.615827
0.4488,5704,Real,Pinky_PIP,-17.695540,0.978200,20.903750,0.479043,0.581092,0.357465,-0.552331
0.4488,5704,Real,Pinky_DIP,-17.694270,0.981170,20.921810,0.358495,0.662293,0.456909,-0.473376
0.4488,5704,Real,Pinky_FingerTip,-17.699920,0.981980,20.940100,0.358495,0.662293,0.456909,-0.473376
0.4488,5704,Virtual,Wrist,-17.793200,0.988745,20.816470,0.659835,0.303322,0.059631,-0.684879
0.4488,5704,Virtual,Thumb_CMC,-17.776790,1.028302,20.836630,-0.006381,0.544435,-0.334225,-0.769314
0.4488,5704,Virtual,Thumb_MCP,-17.768720,1.050578,20.873600,-0.080016,0.538560,-0.227016,-0.807474
0.4488,5704,Virtual,Thumb_IP,-17.753190,1.064328,20.918030,-0.207953,0.503195,-0.024886,-0.838410
0.4488,5704,Virtual,Thumb_FingerTip,-17.739160,1.059553,20.942370,-0.207953,0.503195,-0.024886,-0.838410
0.4488,5704,Virtual,Index_MCP,-17.717820,1.053588,20.873350,0.543345,0.440735,0.207265,-0.683791
0.4488,5704,Virtual,Index_PIP,-17.693200,1.062742,20.912120,0.496256,0.493155,0.274997,-0.659474
0.4488,5704,Virtual,Index_DIP,-17.683800,1.066032,20.936090,0.449557,0.536070,0.333589,-0.631860
0.4488,5704,Virtual,Index_FingerTip,-17.678340,1.067658,20.962380,0.449557,0.536070,0.333589,-0.631860
0.4488,5704,Virtual,Middle_MCP,-17.706880,1.028430,20.873060,0.565209,0.455988,0.225898,-0.649296
0.4488,5704,Virtual,Middle_PIP,-17.681430,1.040159,20.917810,0.456060,0.565150,0.358031,-0.586880
0.4488,5704,Virtual,Middle_DIP,-17.678520,1.042799,20.945250,0.340047,0.641681,0.463276,-0.507927
0.4488,5704,Virtual,Middle_FingerTip,-17.685670,1.041831,20.972610,0.340047,0.641681,0.463276,-0.507927
0.4488,5704,Virtual,Ring_MCP,-17.702920,1.004179,20.873650,0.581481,0.460361,0.231056,-0.629731
0.4488,5704,Virtual,Ring_PIP,-17.681080,1.015551,20.913140,0.470005,0.573714,0.359961,-0.566017
0.4488,5704,Virtual,Ring_DIP,-17.678900,1.019023,20.939160,0.351042,0.653316,0.461988,-0.486328
0.4488,5704,Virtual,Ring_FingerTip,-17.686140,1.019264,20.963920,0.351042,0.653316,0.461988,-0.486328
0.4488,5704,Virtual,Pinky_MCP,-17.704490,0.981873,20.873020,0.592968,0.462039,0.233186,-0.616874
0.4488,5704,Virtual,Pinky_PIP,-17.686210,0.992119,20.906350,0.480870,0.577802,0.359302,-0.553002
0.4488,5704,Virtual,Pinky_DIP,-17.684850,0.995024,20.924410,0.360920,0.659415,0.458841,-0.473681
0.4488,5704,Virtual,Pinky_FingerTip,-17.690430,0.995815,20.942730,0.360920,0.659415,0.458841,-0.473681
0.4488,5704,Render,Wrist,-17.793200,0.988745,20.816470,0.659835,0.303322,0.059631,-0.684879
0.4488,5704,Render,Thumb_CMC,-17.776790,1.028302,20.836630,0.032958,0.560434,-0.307684,-0.768218
0.4488,5704,Render,Thumb_MCP,-17.768780,1.050682,20.873550,-0.024442,0.560869,-0.227631,-0.795621
0.4488,5704,Render,Thumb_IP,-17.755680,1.067098,20.917860,-0.135005,0.544927,-0.065599,-0.824940
0.4488,5704,Render,Thumb_FingerTip,-17.744350,1.065989,20.943990,-0.135005,0.544927,-0.065599,-0.824940
0.4488,5704,Render,Index_MCP,-17.717820,1.053588,20.873350,0.543345,0.440735,0.207265,-0.683791
0.4488,5704,Render,Index_PIP,-17.693200,1.062742,20.912120,0.496256,0.493155,0.274997,-0.659474
0.4488,5704,Render,Index_DIP,-17.683800,1.066032,20.936090,0.449557,0.536070,0.333589,-0.631860
0.4488,5704,Render,Index_FingerTip,-17.678340,1.067658,20.962380,0.449557,0.536070,0.333589,-0.631860
0.4488,5704,Render,Middle_MCP,-17.706880,1.028430,20.873060,0.608700,0.396068,0.158612,-0.668922
0.4488,5704,Render,Middle_PIP,-17.673300,1.042686,20.911230,0.513522,0.513498,0.293653,-0.621597
0.4488,5704,Render,Middle_DIP,-17.664980,1.047186,20.937290,0.408702,0.600291,0.404469,-0.555895
0.4488,5704,Render,Middle_FingerTip,-17.666340,1.048346,20.965530,0.408702,0.600291,0.404469,-0.555895
0.4488,5704,Render,Ring_MCP,-17.702920,1.004179,20.873650,0.624461,0.400126,0.167154,-0.649621
0.4488,5704,Render,Ring_PIP,-17.673880,1.017327,20.907560,0.524365,0.524494,0.302304,-0.598799
0.4488,5704,Render,Ring_DIP,-17.666850,1.022280,20.932460,0.413349,0.615788,0.412128,-0.529243
0.4488,5704,Render,Ring_FingerTip,-17.669380,1.024160,20.958060,0.413349,0.615788,0.412128,-0.529243
0.4488,5704,Render,Pinky_MCP,-17.704490,0.981873,20.873020,0.636058,0.400651,0.170555,-0.637040
0.4488,5704,Render,Pinky_PIP,-17.680060,0.993384,20.901660,0.535581,0.527488,0.302933,-0.585782
0.4488,5704,Render,Pinky_DIP,-17.675280,0.997239,20.918950,0.423777,0.620890,0.410235,-0.516349
0.4488,5704,Render,Pinky_FingerTip,-17.677340,0.999204,20.937890,0.423777,0.620890,0.410235,-0.516349
0.4614,5705,Real,Wrist,-17.805550,0.973601,20.812080,0.658925,0.309236,0.057049,-0.683327
0.4614,5705,Real,Thumb_CMC,-17.789730,1.013409,20.832220,-0.009790,0.546359,-0.336451,-0.766940
0.4614,5705,Real,Thumb_MCP,-17.781970,1.035600,20.869300,-0.082797,0.540137,-0.230820,-0.805058
0.4614,5705,Real,Thumb_IP,-17.766770,1.049437,20.913820,-0.209594,0.504653,-0.031551,-0.836900
0.4614,5705,Real,Thumb_FingerTip,-17.752850,1.044913,20.938270,-0.209594,0.504653,-0.031551,-0.836900
0.4614,5705,Real,Index_MCP,-17.731260,1.039495,20.869190,0.539445,0.448319,0.206832,-0.682078
0.4614,5705,Real,Index_PIP,-17.707260,1.048933,20.908280,0.493568,0.498379,0.271815,-0.658883
0.4614,5705,Real,Index_DIP,-17.698030,1.052405,20.932290,0.448311,0.539452,0.328138,-0.632720
0.4614,5705,Real,Index_FingerTip,-17.692580,1.054246,20.958570,0.448311,0.539452,0.328138,-0.632720
0.4614,5705,Real,Middle_MCP,-17.720030,1.014467,20.869040,0.561107,0.463648,0.225491,-0.647568
0.4614,5705,Real,Middle_PIP,-17.695300,1.026521,20.914110,0.451113,0.571233,0.356571,-0.585703
0.4614,5705,Real,Middle_DIP,-17.692720,1.029229,20.941570,0.334725,0.646351,0.461074,-0.507544
0.4614,5705,Real,Middle_FingerTip,-17.700090,1.028229,20.968880,0.334725,0.646351,0.461074,-0.507544
0.4614,5705,Real,Ring_MCP,-17.715780,0.990265,20.869730,0.576793,0.468743,0.231397,-0.627730
0.4614,5705,Real,Ring_PIP,-17.694680,1.001910,20.909540,0.463990,0.580624,0.359526,-0.564208
0.4614,5705,Real,Ring_DIP,-17.692910,1.005416,20.935590,0.344172,0.658754,0.460949,-0.484888
0.4614,5705,Real,Ring_FingerTip,-17.700460,1.005582,20.960250,0.344172,0.658754,0.460949,-0.484888
0.4614,5705,Real,Pinky_MCP,-17.717090,0.967940,20.869160,0.588236,0.470511,0.233570,-0.614853
0.4614,5705,Real,Pinky_PIP,-17.699450,0.978426,20.902760,0.474795,0.584783,0.358912,-0.551163
0.4614,5705,Real,Pinky_DIP,-17.698380,0.981355,20.920830,0.353980,0.664906,0.457848,-0.472202
0.4614,5705,Real,Pinky_FingerTip,-17.704190,0.982090,20.939080,0.353980,0.664906,0.457848,-0.472202
0.4614,5705,Virtual,Wrist,-17.796830,0.987680,20.815030,0.659741,0.307020,0.058128,-0.683449
0.4614,5705,Virtual,Thumb_CMC,-17.780780,1.027410,20.835130,-0.008741,0.545695,-0.334576,-0.768245
0.4614,5705,Virtual,Thumb_MCP,-17.772850,1.049564,20.872200,-0.081669,0.539619,-0.228788,-0.806100
0.4614,5705,Virtual,Thumb_IP,-17.757500,1.063328,20.916690,-0.208374,0.504420,-0.029329,-0.837426
0.4614,5705,Virtual,Thumb_FingerTip,-17.743560,1.058737,20.941110,-0.208374,0.504420,-0.029329,-0.837426
0.4614,5705,Virtual,Index_MCP,-17.722120,1.053211,20.871990,0.540734,0.446398,0.208011,-0.681959
0.4614,5705,Virtual,Index_PIP,-17.698000,1.062533,20.911040,0.495036,0.496591,0.272977,-0.658650
0.4614,5705,Virtual,Index_DIP,-17.688720,1.065961,20.935040,0.449929,0.537799,0.329276,-0.632388
0.4614,5705,Virtual,Index_FingerTip,-17.683210,1.067776,20.961300,0.449929,0.537799,0.329276,-0.632388
0.4614,5705,Virtual,Middle_MCP,-17.711010,1.028128,20.871830,0.562449,0.461704,0.226567,-0.647417
0.4614,5705,Virtual,Middle_PIP,-17.686140,1.040063,20.916850,0.452834,0.569615,0.357591,-0.585329
0.4614,5705,Virtual,Middle_DIP,-17.683500,1.042759,20.944310,0.336721,0.645088,0.462005,-0.506984
0.4614,5705,Virtual,Middle_FingerTip,-17.690830,1.041796,20.971620,0.336721,0.645088,0.462005,-0.506984
0.4614,5705,Virtual,Ring_MCP,-17.706880,1.003906,20.872510,0.578153,0.466779,0.232410,-0.627570
0.4614,5705,Virtual,Ring_PIP,-17.685650,1.015449,20.912280,0.465736,0.578993,0.360482,-0.563836
0.4614,5705,Virtual,Ring_DIP,-17.683820,1.018948,20.938330,0.346197,0.657488,0.461816,-0.484339
0.4614,5705,Virtual,Ring_FingerTip,-17.691330,1.019151,20.963010,0.346197,0.657488,0.461816,-0.484339
0.4614,5705,Virtual,Pinky_MCP,-17.708310,0.981588,20.871940,0.589601,0.468530,0.234541,-0.614688
0.4614,5705,Virtual,Pinky_PIP,-17.690550,0.991988,20.905510,0.476550,0.583138,0.359827,-0.550795
0.4614,5705,Virtual,Pinky_DIP,-17.689430,0.994913,20.923590,0.356018,0.663627,0.458675,-0.471666
0.4614,5705,Virtual,Pinky_FingerTip,-17.695210,0.995676,20.941840,0.356018,0.663627,0.458675,-0.471666
0.4614,5705,Render,Wrist,-17.796830,0.987680,20.815030,0.659741,0.307020,0.058128,-0.683449
0.4614,5705,Render,Thumb_CMC,-17.780780,1.027410,20.835130,0.032849,0.561583,-0.311110,-0.766000
0.4614,5705,Render,Thumb_MCP,-17.773060,1.049959,20.872010,-0.024667,0.562002,-0.231265,-0.793765
0.4614,5705,Render,Thumb_IP,-17.760250,1.066600,20.916310,-0.135450,0.545993,-0.069529,-0.823839
0.4614,5705,Render,Thumb_FingerTip,-17.749020,1.065650,20.942490,-0.135450,0.545993,-0.069529,-0.823839
0.4614,5705,Render,Index_MCP,-17.722120,1.053211,20.871990,0.542490,0.444262,0.205320,-0.682774
0.4614,5705,Render,Index_PIP,-17.697720,1.062654,20.910840,0.495050,0.496578,0.272959,-0.658658
0.4614,5705,Render,Index_DIP,-17.688440,1.066082,20.934830,0.448046,0.539369,0.331486,-0.631232
0.4614,5705,Render,Index_FingerTip,-17.683100,1.067826,20.961140,0.448046,0.539369,0.331486,-0.631232
0.4614,5705,Render,Middle_MCP,-17.711010,1.028128,20.871830,0.608070,0.399713,0.156917,-0.667727
0.4614,5705,Render,Middle_PIP,-17.677680,1.042732,20.910090,0.512151,0.516934,0.291747,-0.620778
0.4614,5705,Render,Middle_DIP,-17.669490,1.047369,20.936160,0.406713,0.603410,0.402443,-0.555446
0.4614,5705,Render,Middle_FingerTip,-17.670970,1.048607,20.964400,0.406713,0.603410,0.402443,-0.555446
0.4614,5705,Render,Ring_MCP,-17.706880,1.003906,20.872510,0.623770,0.403800,0.165550,-0.648422
0.4614,5705,Render,Ring_PIP,-17.678070,1.017358,20.906490,0.522904,0.527934,0.300480,-0.597971
0.4614,5705,Render,Ring_DIP,-17.671170,1.022436,20.931400,0.411251,0.618882,0.410179,-0.528783
0.4614,5705,Render,Ring_FingerTip,-17.673820,1.024378,20.957000,0.411251,0.618882,0.410179,-0.528783
0.4614,5705,Render,Pinky_MCP,-17.708310,0.981588,20.871940,0.635339,0.404345,0.169016,-0.635834
0.4614,5705,Render,Pinky_PIP,-17.684060,0.993355,20.900640,0.534088,0.530943,0.301171,-0.584933
0.4614,5705,Render,Pinky_DIP,-17.679380,0.997296,20.917940,0.421645,0.623991,0.408342,-0.515856
0.4614,5705,Render,Pinky_FingerTip,-17.681530,0.999306,20.936870,0.421645,0.623991,0.408342,-0.515856
0.4732,5706,Real,Wrist,-17.809100,0.973272,20.810110,0.657375,0.312127,0.056440,-0.683557
0.4732,5706,Real,Thumb_CMC,-17.793560,1.013133,20.830360,-0.011449,0.547838,-0.338154,-0.765111
0.4732,5706,Real,Thumb_MCP,-17.786050,1.035304,20.867520,-0.084640,0.541381,-0.232752,-0.803474
0.4732,5706,Real,Thumb_IP,-17.771070,1.049149,20.912100,-0.211680,0.505420,-0.033807,-0.835823
0.4732,5706,Real,Thumb_FingerTip,-17.757200,1.044662,20.936590,-0.211680,0.505420,-0.033807,-0.835823
0.4732,5706,Real,Index_MCP,-17.735360,1.039484,20.867570,0.537266,0.450743,0.206155,-0.682405
0.4732,5706,Real,Index_PIP,-17.711540,1.048989,20.906750,0.491165,0.500581,0.271172,-0.659274
0.4732,5706,Real,Index_DIP,-17.702410,1.052472,20.930790,0.445726,0.541436,0.327532,-0.633166
0.4732,5706,Real,Index_FingerTip,-17.697050,1.054299,20.957090,0.445726,0.541436,0.327532,-0.633166
0.4732,5706,Real,Middle_MCP,-17.723990,1.014520,20.867410,0.558885,0.466061,0.224959,-0.647942
0.4732,5706,Real,Middle_PIP,-17.699470,1.026635,20.912580,0.448434,0.573125,0.356129,-0.586180
0.4732,5706,Real,Middle_DIP,-17.696990,1.029310,20.940060,0.331735,0.647701,0.460731,-0.508097
0.4732,5706,Real,Middle_FingerTip,-17.704450,1.028222,20.967330,0.331735,0.647701,0.460731,-0.508097
0.4732,5706,Real,Ring_MCP,-17.719610,0.990342,20.868070,0.574565,0.471164,0.230949,-0.628127
0.4732,5706,Real,Ring_PIP,-17.698700,1.002036,20.907970,0.461298,0.582516,0.359173,-0.564690
0.4732,5706,Real,Ring_DIP,-17.697030,1.005507,20.934030,0.341167,0.660095,0.460695,-0.485428
0.4732,5706,Real,Ring_FingerTip,-17.704670,1.005588,20.958670,0.341167,0.660095,0.460695,-0.485428
0.4732,5706,Real,Pinky_MCP,-17.720790,0.968011,20.867460,0.586010,0.472941,0.233178,-0.615262
0.4732,5706,Real,Pinky_PIP,-17.703320,0.978537,20.901130,0.472103,0.586685,0.358617,-0.551646
0.4732,5706,Real,Pinky_DIP,-17.702320,0.981441,20.919220,0.350974,0.666257,0.457650,-0.472732
0.4732,5706,Real,Pinky_FingerTip,-17.708190,0.982112,20.937440,0.350974,0.666257,0.457650,-0.472732
0.4732,5706,Virtual,Wrist,-17.800710,0.986251,20.813570,0.658925,0.309236,0.057049,-0.683327
0.4732,5706,Virtual,Thumb_CMC,-17.784890,1.026058,20.833710,-0.009790,0.546359,-0.336451,-0.766941
0.4732,5706,Virtual,Thumb_MCP,-17.777140,1.048249,20.870790,-0.082797,0.540137,-0.230820,-0.805058
0.4732,5706,Virtual,Thumb_IP,-17.761940,1.062086,20.915310,-0.209593,0.504652,-0.031551,-0.836900
0.4732,5706,Virtual,Thumb_FingerTip,-17.748010,1.057562,20.939760,-0.209593,0.504652,-0.031551,-0.836900
0.4732,5706,Virtual,Index_MCP,-17.726420,1.052144,20.870680,0.539445,0.448319,0.206831,-0.682078
0.4732,5706,Virtual,Index_PIP,-17.702430,1.061582,20.909770,0.493568,0.498379,0.271814,-0.658883
0.4732,5706,Virtual,Index_DIP,-17.693200,1.065055,20.933780,0.448311,0.539452,0.328138,-0.632721
0.4732,5706,Virtual,Index_FingerTip,-17.687750,1.066896,20.960060,0.448311,0.539452,0.328138,-0.632721
0.4732,5706,Virtual,Middle_MCP,-17.715190,1.027116,20.870530,0.561107,0.463647,0.225491,-0.647568
0.4732,5706,Virtual,Middle_PIP,-17.690470,1.039170,20.915600,0.451113,0.571233,0.356571,-0.585703
0.4732,5706,Virtual,Middle_DIP,-17.687880,1.041878,20.943060,0.334725,0.646351,0.461074,-0.507544
0.4732,5706,Virtual,Middle_FingerTip,-17.695260,1.040878,20.970360,0.334725,0.646351,0.461074,-0.507544
0.4732,5706,Virtual,Ring_MCP,-17.710950,1.002915,20.871220,0.576793,0.468743,0.231396,-0.627731
0.4732,5706,Virtual,Ring_PIP,-17.689850,1.014559,20.911030,0.463990,0.580623,0.359526,-0.564209
0.4732,5706,Virtual,Ring_DIP,-17.688070,1.018066,20.937080,0.344172,0.658754,0.460949,-0.484888
0.4732,5706,Virtual,Ring_FingerTip,-17.695630,1.018232,20.961750,0.344172,0.658754,0.460949,-0.484888
0.4732,5706,Virtual,Pinky_MCP,-17.712260,0.980590,20.870650,0.588236,0.470511,0.233569,-0.614853
0.4732,5706,Virtual,Pinky_PIP,-17.694620,0.991075,20.904250,0.474795,0.584783,0.358912,-0.551163
0.4732,5706,Virtual,Pinky_DIP,-17.693540,0.994005,20.922320,0.353980,0.664906,0.457848,-0.472202
0.4732,5706,Virtual,Pinky_FingerTip,-17.699360,0.994739,20.940570,0.353980,0.664906,0.457848,-0.472202
0.4732,5706,Render,Wrist,-17.800710,0.986251,20.813570,0.658925,0.309236,0.057049,-0.683327
0.4732,5706,Render,Thumb_CMC,-17.784890,1.026058,20.833710,0.031740,0.562347,-0.312942,-0.764740
0.4732,5706,Render,Thumb_MCP,-17.777350,1.048643,20.870600,-0.025849,0.562648,-0.233216,-0.792698
0.4732,5706,Render,Thumb_IP,-17.764700,1.065345,20.914930,-0.136736,0.546392,-0.071653,-0.823180
0.4732,5706,Render,Thumb_FingerTip,-17.753510,1.064449,20.941120,-0.136736,0.546392,-0.071653,-0.823180
0.4732,5706,Render,Index_MCP,-17.726420,1.052144,20.870680,0.539445,0.448319,0.206831,-0.682078
0.4732,5706,Render,Index_PIP,-17.702430,1.061582,20.909770,0.493568,0.498379,0.271814,-0.658883
0.4732,5706,Render,Index_DIP,-17.693200,1.065055,20.933780,0.448311,0.539452,0.328138,-0.632721
0.4732,5706,Render,Index_FingerTip,-17.687750,1.066896,20.960060,0.448311,0.539452,0.328138,-0.632721
0.4732,5706,Render,Middle_MCP,-17.715190,1.027116,20.870530,0.606940,0.401787,0.155831,-0.667763
0.4732,5706,Render,Middle_PIP,-17.682000,1.041881,20.908850,0.510617,0.518729,0.290692,-0.621038
0.4732,5706,Render,Middle_DIP,-17.673890,1.046557,20.934940,0.404871,0.604888,0.401456,-0.555899
0.4732,5706,Render,Middle_FingerTip,-17.675420,1.047787,20.963170,0.404871,0.604888,0.401456,-0.555899
0.4732,5706,Render,Ring_MCP,-17.710950,1.002915,20.871220,0.622623,0.405895,0.164525,-0.648476
0.4732,5706,Render,Ring_PIP,-17.682270,1.016506,20.905250,0.521335,0.529736,0.299490,-0.598244
0.4732,5706,Render,Ring_DIP,-17.675430,1.021617,20.930170,0.409365,0.620347,0.409261,-0.529241
0.4732,5706,Render,Ring_FingerTip,-17.678130,1.023544,20.955760,0.409365,0.620347,0.409261,-0.529241
0.4732,5706,Render,Pinky_MCP,-17.712260,0.980590,20.870650,0.634188,0.406457,0.168032,-0.635896
0.4732,5706,Render,Pinky_PIP,-17.688120,0.992474,20.899390,0.532512,0.532760,0.300224,-0.585205
0.4732,5706,Render,Pinky_DIP,-17.683500,0.996437,20.916700,0.419748,0.625470,0.407465,-0.516305
0.4732,5706,Render,Pinky_FingerTip,-17.685690,0.998435,20.935620,0.419748,0.625470,0.407465,-0.516305
0.4850,5707,Real,Wrist,-17.809100,0.973272,20.810110,0.657375,0.312127,0.056440,-0.683557
0.4850,5707,Real,Thumb_CMC,-17.793560,1.013133,20.830360,-0.011449,0.547838,-0.338154,-0.765111
0.4850,5707,Real,Thumb_MCP,-17.786050,1.035304,20.867520,-0.084640,0.541381,-0.232752,-0.803474
0.4850,5707,Real,Thumb_IP,-17.771070,1.049149,20.912100,-0.211680,0.505420,-0.033807,-0.835823
0.4850,5707,Real,Thumb_FingerTip,-17.757200,1.044662,20.936590,-0.211680,0.505420,-0.033807,-0.835823
0.4850,5707,Real,Index_MCP,-17.735360,1.039484,20.867570,0.537266,0.450743,0.206155,-0.682405
0.4850,5707,Real,Index_PIP,-17.711540,1.048989,20.906750,0.491165,0.500581,0.271172,-0.659274
0.4850,5707,Real,Index_DIP,-17.702410,1.052472,20.930790,0.445726,0.541436,0.327532,-0.633166
0.4850,5707,Real,Index_FingerTip,-17.697050,1.054299,20.957090,0.445726,0.541436,0.327532,-0.633166
0.4850,5707,Real,Middle_MCP,-17.723990,1.014520,20.867410,0.558885,0.466061,0.224959,-0.647942
0.4850,5707,Real,Middle_PIP,-17.699470,1.026635,20.912580,0.448434,0.573125,0.356129,-0.586180
0.4850,5707,Real,Middle_DIP,-17.696990,1.029310,20.940060,0.331735,0.647701,0.460731,-0.508097
0.4850,5707,Real,Middle_FingerTip,-17.704450,1.028222,20.967330,0.331735,0.647701,0.460731,-0.508097
0.4850,5707,Real,Ring_MCP,-17.719610,0.990342,20.868070,0.574565,0.471164,0.230949,-0.628127
0.4850,5707,Real,Ring_PIP,-17.698700,1.002036,20.907970,0.461298,0.582516,0.359173,-0.564690
0.4850,5707,Real,Ring_DIP,-17.697030,1.005507,20.934030,0.341167,0.660095,0.460695,-0.485428
0.4850,5707,Real,Ring_FingerTip,-17.704670,1.005588,20.958670,0.341167,0.660095,0.460695,-0.485428
0.4850,5707,Real,Pinky_MCP,-17.720790,0.968011,20.867460,0.586010,0.472941,0.233178,-0.615262
0.4850,5707,Real,Pinky_PIP,-17.703320,0.978537,20.901130,0.472103,0.586685,0.358617,-0.551646
0.4850,5707,Real,Pinky_DIP,-17.702320,0.981441,20.919220,0.350974,0.666257,0.457650,-0.472732
0.4850,5707,Real,Pinky_FingerTip,-17.708190,0.982112,20.937440,0.350974,0.666257,0.457650,-0.472732
0.4850,5707,Virtual,Wrist,-17.804760,0.984748,20.811630,0.657375,0.312127,0.056440,-0.683557
0.4850,5707,Virtual,Thumb_CMC,-17.789230,1.024609,20.831890,-0.011449,0.547838,-0.338154,-0.765111
0.4850,5707,Virtual,Thumb_MCP,-17.781720,1.046780,20.869040,-0.084639,0.541381,-0.232752,-0.803474
0.4850,5707,Virtual,Thumb_IP,-17.766740,1.060625,20.913620,-0.211680,0.505420,-0.033807,-0.835823
0.4850,5707,Virtual,Thumb_FingerTip,-17.752870,1.056137,20.938110,-0.211680,0.505420,-0.033807,-0.835823
0.4850,5707,Virtual,Index_MCP,-17.731030,1.050960,20.869090,0.537267,0.450743,0.206155,-0.682405
0.4850,5707,Virtual,Index_PIP,-17.707210,1.060465,20.908270,0.491165,0.500581,0.271173,-0.659274
0.4850,5707,Virtual,Index_DIP,-17.698080,1.063948,20.932320,0.445726,0.541436,0.327533,-0.633166
0.4850,5707,Virtual,Index_FingerTip,-17.692720,1.065774,20.958610,0.445726,0.541436,0.327533,-0.633166
0.4850,5707,Virtual,Middle_MCP,-17.719660,1.025995,20.868930,0.558885,0.466061,0.224959,-0.647942
0.4850,5707,Virtual,Middle_PIP,-17.695140,1.038111,20.914100,0.448434,0.573125,0.356130,-0.586180
0.4850,5707,Virtual,Middle_DIP,-17.692660,1.040786,20.941580,0.331735,0.647701,0.460731,-0.508097
0.4850,5707,Virtual,Middle_FingerTip,-17.700120,1.039697,20.968850,0.331735,0.647701,0.460731,-0.508097
0.4850,5707,Virtual,Ring_MCP,-17.715280,1.001817,20.869600,0.574565,0.471164,0.230949,-0.628126
0.4850,5707,Virtual,Ring_PIP,-17.694370,1.013511,20.909490,0.461298,0.582516,0.359173,-0.564690
0.4850,5707,Virtual,Ring_DIP,-17.692700,1.016983,20.935550,0.341167,0.660095,0.460695,-0.485428
0.4850,5707,Virtual,Ring_FingerTip,-17.700330,1.017064,20.960190,0.341167,0.660095,0.460695,-0.485428
0.4850,5707,Virtual,Pinky_MCP,-17.716460,0.979486,20.868980,0.586010,0.472941,0.233178,-0.615262
0.4850,5707,Virtual,Pinky_PIP,-17.698980,0.990013,20.902650,0.472103,0.586685,0.358617,-0.551646
0.4850,5707,Virtual,Pinky_DIP,-17.697980,0.992917,20.920740,0.350974,0.666257,0.457650,-0.472732
0.4850,5707,Virtual,Pinky_FingerTip,-17.703860,0.993587,20.938960,0.350974,0.666257,0.457650,-0.472732
0.4850,5707,Render,Wrist,-17.804760,0.984748,20.811630,0.657375,0.312127,0.056440,-0.683557
0.4850,5707,Render,Thumb_CMC,-17.789230,1.024609,20.831890,0.030000,0.563919,-0.314558,-0.762987
0.4850,5707,Render,Thumb_MCP,-17.781940,1.047172,20.868840,-0.027740,0.564034,-0.235004,-0.791119
0.4850,5707,Render,Thumb_IP,-17.769520,1.063869,20.913240,-0.138864,0.547377,-0.073717,-0.821987
0.4850,5707,Render,Thumb_FingerTip,-17.758400,1.062990,20.939470,-0.138864,0.547377,-0.073717,-0.821987
0.4850,5707,Render,Index_MCP,-17.731030,1.050960,20.869090,0.537267,0.450743,0.206155,-0.682405
0.4850,5707,Render,Index_PIP,-17.707210,1.060465,20.908270,0.491165,0.500581,0.271173,-0.659274
0.4850,5707,Render,Index_DIP,-17.698080,1.063948,20.932320,0.445726,0.541436,0.327533,-0.633166
0.4850,5707,Render,Index_FingerTip,-17.692720,1.065774,20.958610,0.445726,0.541436,0.327533,-0.633166
0.4850,5707,Render,Middle_MCP,-17.719660,1.025995,20.868930,0.604986,0.404422,0.155262,-0.668079
0.4850,5707,Render,Middle_PIP,-17.686670,1.040881,20.907380,0.508159,0.520903,0.290201,-0.621465
0.4850,5707,Render,Middle_DIP,-17.678670,1.045557,20.933500,0.402051,0.606564,0.401053,-0.556410
0.4850,5707,Render,Middle_FingerTip,-17.680290,1.046730,20.961730,0.402051,0.606564,0.401053,-0.556410
0.4850,5707,Render,Ring_MCP,-17.715280,1.001817,20.869600,0.620660,0.408536,0.164039,-0.648823
0.4850,5707,Render,Ring_PIP,-17.686780,1.015511,20.903740,0.518852,0.531895,0.299090,-0.598687
0.4850,5707,Render,Ring_DIP,-17.680060,1.020617,20.928700,0.406512,0.621987,0.408953,-0.529753
0.4850,5707,Render,Ring_FingerTip,-17.682850,1.022485,20.954280,0.406512,0.621987,0.408953,-0.529753
0.4850,5707,Render,Pinky_MCP,-17.716460,0.979486,20.868980,0.632228,0.409107,0.167600,-0.636262
0.4850,5707,Render,Pinky_PIP,-17.692480,0.991456,20.897820,0.530030,0.534929,0.299880,-0.585654
0.4850,5707,Render,Pinky_DIP,-17.687930,0.995415,20.915150,0.416895,0.627120,0.407215,-0.516813
0.4850,5707,Render,Pinky_FingerTip,-17.690200,0.997369,20.934070,0.416895,0.627120,0.407215,-0.516813
0.4955,5708,Real,Wrist,-17.816040,0.972533,20.806650,0.656882,0.315859,0.047687,-0.682983
0.4955,5708,Real,Thumb_CMC,-17.801070,1.012775,20.826570,-0.017240,0.544662,-0.343149,-0.765046
0.4955,5708,Real,Thumb_MCP,-17.793560,1.035006,20.863680,-0.089146,0.537594,-0.238920,-0.803719
0.4955,5708,Real,Thumb_IP,-17.778470,1.049136,20.908140,-0.213795,0.501245,-0.042001,-0.837426
0.4955,5708,Real,Thumb_FingerTip,-17.764390,1.045033,20.932580,-0.213795,0.501245,-0.042001,-0.837426
0.4955,5708,Real,Index_MCP,-17.743110,1.040341,20.863260,0.534443,0.455767,0.199747,-0.683190
0.4955,5708,Real,Index_PIP,-17.719470,1.050373,20.902420,0.490024,0.503219,0.262045,-0.661801
0.4955,5708,Real,Index_DIP,-17.710230,1.054171,20.926380,0.446447,0.542252,0.316210,-0.637698
0.4955,5708,Real,Index_FingerTip,-17.704530,1.056347,20.952580,0.446447,0.542252,0.316210,-0.637698
0.4955,5708,Real,Middle_MCP,-17.731320,1.015574,20.863180,0.555709,0.471644,0.218778,-0.648750
0.4955,5708,Real,Middle_PIP,-17.707060,1.028265,20.908330,0.444831,0.577395,0.349567,-0.588679
0.4955,5708,Real,Middle_DIP,-17.704600,1.031096,20.935800,0.328076,0.650866,0.454221,-0.512273
0.4955,5708,Real,Middle_FingerTip,-17.711950,1.030012,20.963110,0.328076,0.650866,0.454221,-0.512273
0.4955,5708,Real,Ring_MCP,-17.726520,0.991479,20.863960,0.570628,0.477800,0.225664,-0.628623
0.4955,5708,Real,Ring_PIP,-17.705970,1.003651,20.903910,0.456304,0.587959,0.353860,-0.566458
0.4955,5708,Real,Ring_DIP,-17.704440,1.007226,20.929960,0.335491,0.664345,0.455621,-0.488365
0.4955,5708,Real,Ring_FingerTip,-17.712120,1.007245,20.954590,0.335491,0.664345,0.455621,-0.488365
0.4955,5708,Real,Pinky_MCP,-17.727330,0.969127,20.863490,0.582015,0.479779,0.227897,-0.615738
0.4955,5708,Real,Pinky_PIP,-17.710170,0.980066,20.897200,0.467013,0.592308,0.353309,-0.553392
0.4955,5708,Real,Pinky_DIP,-17.709270,0.983042,20.915280,0.345171,0.670662,0.452583,-0.475646
0.4955,5708,Real,Pinky_FingerTip,-17.715200,0.983663,20.933490,0.345171,0.670662,0.452583,-0.475646
0.4955,5708,Virtual,Wrist,-17.804760,0.984748,20.811630,0.657375,0.312127,0.056440,-0.683557
0.4955,5708,Virtual,Thumb_CMC,-17.789230,1.024609,20.831890,-0.013831,0.548101,-0.335013,-0.766264
0.4955,5708,Virtual,Thumb_MCP,-17.781560,1.046488,20.869170,-0.086222,0.541453,-0.230694,-0.803850
0.4955,5708,Virtual,Thumb_IP,-17.766490,1.060094,20.913810,-0.211867,0.505686,-0.033978,-0.835608
0.4955,5708,Virtual,Thumb_FingerTip,-17.752640,1.055606,20.938300,-0.211867,0.505686,-0.033978,-0.835608
0.4955,5708,Virtual,Index_MCP,-17.731030,1.050960,20.869090,0.535683,0.452624,0.208546,-0.681678
0.4955,5708,Virtual,Index_PIP,-17.707460,1.060354,20.908450,0.491549,0.500204,0.270667,-0.659481
0.4955,5708,Virtual,Index_DIP,-17.698290,1.063851,20.932480,0.448218,0.539375,0.324609,-0.634670
0.4955,5708,Virtual,Index_FingerTip,-17.692710,1.065774,20.958720,0.448218,0.539375,0.324609,-0.634670
0.4955,5708,Virtual,Middle_MCP,-17.719660,1.025995,20.868930,0.557129,0.468158,0.227393,-0.647092
0.4955,5708,Virtual,Middle_PIP,-17.695460,1.038002,20.914300,0.446950,0.574283,0.357644,-0.585257
0.4955,5708,Virtual,Middle_DIP,-17.693120,1.040627,20.941800,0.330743,0.648209,0.461509,-0.507390
0.4955,5708,Virtual,Middle_FingerTip,-17.700650,1.039508,20.969050,0.330743,0.648209,0.461509,-0.507390
0.4955,5708,Virtual,Ring_MCP,-17.715280,1.001817,20.869600,0.572140,0.474105,0.234169,-0.626933
0.4955,5708,Virtual,Ring_PIP,-17.694770,1.013399,20.909730,0.458566,0.584669,0.361813,-0.563003
0.4955,5708,Virtual,Ring_DIP,-17.693330,1.016793,20.935810,0.338340,0.661548,0.462767,-0.483453
0.4955,5708,Virtual,Ring_FingerTip,-17.701160,1.016798,20.960400,0.338340,0.661548,0.462767,-0.483453
0.4955,5708,Virtual,Pinky_MCP,-17.716460,0.979486,20.868980,0.583576,0.475942,0.236332,-0.614058
0.4955,5708,Virtual,Pinky_PIP,-17.699320,0.989930,20.902850,0.469352,0.588889,0.361196,-0.549961
0.4955,5708,Virtual,Pinky_DIP,-17.698490,0.992783,20.920960,0.348121,0.667752,0.459668,-0.470770
0.4955,5708,Virtual,Pinky_FingerTip,-17.704510,0.993398,20.939130,0.348121,0.667752,0.459668,-0.470770
0.4955,5708,Render,Wrist,-17.804760,0.984748,20.811630,0.657375,0.312127,0.056440,-0.683557
0.4955,5708,Render,Thumb_CMC,-17.789230,1.024609,20.831890,0.030000,0.563919,-0.314558,-0.762987
0.4955,5708,Render,Thumb_MCP,-17.781940,1.047172,20.868840,-0.027740,0.564034,-0.235004,-0.791119
0.4955,5708,Render,Thumb_IP,-17.769520,1.063869,20.913240,-0.138864,0.547377,-0.073717,-0.821987
0.4955,5708,Render,Thumb_FingerTip,-17.758400,1.062990,20.939470,-0.138864,0.547377,-0.073717,-0.821987
0.4955,5708,Render,Index_MCP,-17.731030,1.050960,20.869090,0.535683,0.452624,0.208546,-0.681678
0.4955,5708,Render,Index_PIP,-17.707460,1.060354,20.908450,0.491549,0.500204,0.270667,-0.659481
0.4955,5708,Render,Index_DIP,-17.698290,1.063851,20.932480,0.448218,0.539375,0.324609,-0.634670
0.4955,5708,Render,Index_FingerTip,-17.692710,1.065774,20.958720,0.448218,0.539375,0.324609,-0.634670
0.4955,5708,Render,Middle_MCP,-17.719660,1.025995,20.868930,0.604986,0.404422,0.155262,-0.668079
0.4955,5708,Render,Middle_PIP,-17.686670,1.040881,20.907380,0.508159,0.520903,0.290201,-0.621465
0.4955,5708,Render,Middle_DIP,-17.678670,1.045557,20.933500,0.402051,0.606564,0.401053,-0.556410
0.4955,5708,Render,Middle_FingerTip,-17.680290,1.046730,20.961730,0.402051,0.606564,0.401053,-0.556410
0.4955,5708,Render,Ring_MCP,-17.715280,1.001817,20.869600,0.620660,0.408536,0.164039,-0.648823
0.4955,5708,Render,Ring_PIP,-17.686780,1.015511,20.903740,0.518852,0.531895,0.299090,-0.598687
0.4955,5708,Render,Ring_DIP,-17.680060,1.020617,20.928700,0.406512,0.621987,0.408953,-0.529753
0.4955,5708,Render,Ring_FingerTip,-17.682850,1.022485,20.954280,0.406512,0.621987,0.408953,-0.529753
0.4955,5708,Render,Pinky_MCP,-17.716460,0.979486,20.868980,0.632228,0.409107,0.167600,-0.636262
0.4955,5708,Render,Pinky_PIP,-17.692480,0.991456,20.897820,0.530030,0.534929,0.299880,-0.585654
0.4955,5708,Render,Pinky_DIP,-17.687930,0.995415,20.915150,0.416895,0.627120,0.407215,-0.516813
0.4955,5708,Render,Pinky_FingerTip,-17.690200,0.997369,20.934070,0.416895,0.627120,0.407215,-0.516813
0.5089,5709,Real,Wrist,-17.819520,0.971862,20.804580,0.656431,0.316868,0.040277,-0.683426
0.5089,5709,Real,Thumb_CMC,-17.804860,1.012349,20.824230,-0.020244,0.540209,-0.348292,-0.765805
0.5089,5709,Real,Thumb_MCP,-17.797230,1.034812,20.861180,-0.091503,0.532788,-0.243964,-0.805137
0.5089,5709,Real,Thumb_IP,-17.781870,1.049293,20.905440,-0.214896,0.496040,-0.046655,-0.839993
0.5089,5709,Real,Thumb_FingerTip,-17.767520,1.045451,20.929760,-0.214896,0.496040,-0.046655,-0.839993
0.5089,5709,Real,Index_MCP,-17.746910,1.040727,20.860330,0.533726,0.456439,0.192758,-0.685307
0.5089,5709,Real,Index_PIP,-17.723070,1.051171,20.899260,0.489247,0.503822,0.255282,-0.664554
0.5089,5709,Real,Index_DIP,-17.713680,1.055160,20.923120,0.445623,0.542789,0.309699,-0.641005
0.5089,5709,Real,Index_FingerTip,-17.707790,1.057493,20.949270,0.445623,0.542789,0.309699,-0.641005
0.5089,5709,Real,Middle_MCP,-17.734830,1.016100,20.860230,0.554971,0.472560,0.211785,-0.651031
0.5089,5709,Real,Middle_PIP,-17.710340,1.029236,20.905140,0.443952,0.578111,0.343171,-0.592392
0.5089,5709,Real,Middle_DIP,-17.707680,1.032195,20.932570,0.327112,0.651387,0.448612,-0.517148
0.5089,5709,Real,Middle_FingerTip,-17.714790,1.031124,20.959940,0.327112,0.651387,0.448612,-0.517148
0.5089,5709,Real,Ring_MCP,-17.729740,0.992066,20.861060,0.569776,0.478989,0.218806,-0.630912
0.5089,5709,Real,Ring_PIP,-17.709020,1.004618,20.900790,0.455204,0.588952,0.347658,-0.570140
0.5089,5709,Real,Ring_DIP,-17.707310,1.008300,20.926820,0.334206,0.665118,0.450249,-0.493154
0.5089,5709,Real,Ring_FingerTip,-17.714800,1.008313,20.951510,0.334206,0.665118,0.450249,-0.493154
0.5089,5709,Real,Pinky_MCP,-17.730290,0.969705,20.860670,0.581137,0.481097,0.221059,-0.618028
0.5089,5709,Real,Pinky_PIP,-17.712990,0.980963,20.894200,0.465860,0.593422,0.347127,-0.557071
0.5089,5709,Real,Pinky_DIP,-17.711980,0.984011,20.912260,0.343810,0.671543,0.447230,-0.480428
0.5089,5709,Real,Pinky_FingerTip,-17.717770,0.984625,20.930520,0.343810,0.671543,0.447230,-0.480428
0.5089,5709,Virtual,Wrist,-17.812580,0.982243,20.808400,0.656882,0.315859,0.047686,-0.682983
0.5089,5709,Virtual,Thumb_CMC,-17.797610,1.022485,20.828320,-0.016938,0.544227,-0.342895,-0.765476
0.5089,5709,Virtual,Thumb_MCP,-17.790040,1.044726,20.865410,-0.088757,0.537207,-0.238657,-0.804098
0.5089,5709,Virtual,Thumb_IP,-17.774890,1.058869,20.909850,-0.213273,0.500984,-0.041745,-0.837728
0.5089,5709,Virtual,Thumb_FingerTip,-17.760800,1.054772,20.934280,-0.213273,0.500984,-0.041745,-0.837728
0.5089,5709,Virtual,Index_MCP,-17.739650,1.050051,20.865010,0.534343,0.455884,0.199896,-0.683147
0.5089,5709,Virtual,Index_PIP,-17.716030,1.060076,20.904180,0.489913,0.503326,0.262190,-0.661743
0.5089,5709,Virtual,Index_DIP,-17.706790,1.063870,20.928140,0.446328,0.542350,0.316350,-0.637629
0.5089,5709,Virtual,Index_FingerTip,-17.701100,1.066041,20.954340,0.446328,0.542350,0.316350,-0.637629
0.5089,5709,Virtual,Middle_MCP,-17.727860,1.025284,20.864930,0.555663,0.471698,0.218841,-0.648729
0.5089,5709,Virtual,Middle_PIP,-17.703610,1.037971,20.910090,0.444809,0.577413,0.349590,-0.588666
0.5089,5709,Virtual,Middle_DIP,-17.701150,1.040802,20.937560,0.328084,0.650862,0.454214,-0.512279
0.5089,5709,Virtual,Middle_FingerTip,-17.708500,1.039718,20.964860,0.328084,0.650862,0.454214,-0.512279
0.5089,5709,Virtual,Ring_MCP,-17.723060,1.001188,20.865710,0.570510,0.477941,0.225819,-0.628568
0.5089,5709,Virtual,Ring_PIP,-17.702530,1.013355,20.905660,0.456144,0.588083,0.354014,-0.566362
0.5089,5709,Virtual,Ring_DIP,-17.701010,1.016925,20.931720,0.335295,0.664445,0.455766,-0.488230
0.5089,5709,Virtual,Ring_FingerTip,-17.708710,1.016939,20.956340,0.335295,0.664445,0.455766,-0.488230
0.5089,5709,Virtual,Pinky_MCP,-17.723860,0.978837,20.865240,0.581897,0.479922,0.228049,-0.615682
0.5089,5709,Virtual,Pinky_PIP,-17.706720,0.989771,20.898950,0.466852,0.592435,0.353460,-0.553296
0.5089,5709,Virtual,Pinky_DIP,-17.705840,0.992744,20.917040,0.344972,0.670764,0.452724,-0.475512
0.5089,5709,Virtual,Pinky_FingerTip,-17.711770,0.993361,20.935240,0.344972,0.670764,0.452724,-0.475512
0.5089,5709,Render,Wrist,-17.812580,0.982243,20.808400,0.656882,0.315859,0.047686,-0.682983
0.5089,5709,Render,Thumb_CMC,-17.797610,1.022485,20.828320,0.026505,0.560925,-0.322846,-0.761860
0.5089,5709,Render,Thumb_MCP,-17.790490,1.045391,20.865090,-0.030911,0.560700,-0.243363,-0.790845
0.5089,5709,Render,Thumb_IP,-17.778100,1.062565,20.909320,-0.141312,0.543480,-0.081965,-0.823373
0.5089,5709,Render,Thumb_FingerTip,-17.766810,1.062034,20.935480,-0.141312,0.543480,-0.081965,-0.823373
0.5089,5709,Render,Index_MCP,-17.739650,1.050051,20.865010,0.534443,0.455767,0.199747,-0.683190
0.5089,5709,Render,Index_PIP,-17.716010,1.060083,20.904170,0.490024,0.503219,0.262045,-0.661801
0.5089,5709,Render,Index_DIP,-17.706770,1.063881,20.928130,0.446447,0.542252,0.316210,-0.637698
0.5089,5709,Render,Index_FingerTip,-17.701070,1.066057,20.954320,0.446447,0.542252,0.316210,-0.637698
0.5089,5709,Render,Middle_MCP,-17.727860,1.025284,20.864930,0.603955,0.408042,0.146518,-0.668784
0.5089,5709,Render,Middle_PIP,-17.694900,1.040962,20.903100,0.506401,0.524231,0.281793,-0.623966
0.5089,5709,Render,Middle_DIP,-17.686820,1.045931,20.929140,0.399703,0.609506,0.393259,-0.560436
0.5089,5709,Render,Middle_FingerTip,-17.688300,1.047246,20.957370,0.399703,0.609506,0.393259,-0.560436
0.5089,5709,Render,Ring_MCP,-17.723060,1.001188,20.865710,0.619562,0.412374,0.155400,-0.649571
0.5089,5709,Render,Ring_PIP,-17.694600,1.015572,20.899600,0.516958,0.535409,0.290811,-0.601266
0.5089,5709,Render,Ring_DIP,-17.687810,1.020943,20.924490,0.403976,0.625070,0.401327,-0.533880
0.5089,5709,Render,Ring_FingerTip,-17.690490,1.022916,20.950070,0.403976,0.625070,0.401327,-0.533880
0.5089,5709,Render,Pinky_MCP,-17.723860,0.978837,20.865240,0.631098,0.413093,0.159032,-0.637008
0.5089,5709,Render,Pinky_PIP,-17.699920,0.991389,20.893860,0.528073,0.538580,0.291670,-0.588217
0.5089,5709,Render,Pinky_DIP,-17.695340,0.995529,20.911140,0.414270,0.630326,0.399654,-0.520910
0.5089,5709,Render,Pinky_FingerTip,-17.697520,0.997558,20.930060,0.414270,0.630326,0.399654,-0.520910
0.5228,5710,Real,Wrist,-17.822930,0.971423,20.802720,0.656019,0.317857,0.034591,-0.683674
0.5228,5710,Real,Thumb_CMC,-17.808520,1.012101,20.822160,-0.023589,0.537711,-0.352148,-0.765704
0.5228,5710,Real,Thumb_MCP,-17.800890,1.034667,20.859050,-0.094349,0.529895,-0.248012,-0.805482
0.5228,5710,Real,Thumb_IP,-17.785430,1.049354,20.903200,-0.216742,0.492659,-0.050907,-0.841260
0.5228,5710,Real,Thumb_FingerTip,-17.770910,1.045709,20.927450,-0.216742,0.492659,-0.050907,-0.841260
0.5228,5710,Real,Index_MCP,-17.750620,1.041121,20.857820,0.532841,0.457410,0.187699,-0.686751
0.5228,5710,Real,Index_PIP,-17.726690,1.051875,20.896600,0.488636,0.504359,0.249904,-0.666638
0.5228,5710,Real,Index_DIP,-17.717180,1.056020,20.920400,0.445317,0.542988,0.304101,-0.643724
0.5228,5710,Real,Index_FingerTip,-17.711120,1.058498,20.946490,0.445317,0.542988,0.304101,-0.643724
0.5228,5710,Real,Middle_MCP,-17.738310,1.016608,20.857720,0.554010,0.473779,0.206777,-0.652572
0.5228,5710,Real,Middle_PIP,-17.713730,1.030078,20.902460,0.442883,0.579006,0.338466,-0.595019
0.5228,5710,Real,Middle_DIP,-17.710940,1.033129,20.929870,0.326021,0.652000,0.444384,-0.520701
0.5228,5710,Real,Middle_FingerTip,-17.717880,1.032064,20.957290,0.326021,0.652000,0.444384,-0.520701
0.5228,5710,Real,Ring_MCP,-17.732990,0.992625,20.858580,0.568697,0.480449,0.213923,-0.632447
0.5228,5710,Real,Ring_PIP,-17.712200,1.005463,20.898180,0.453927,0.590083,0.343128,-0.572726
0.5228,5710,Real,Ring_DIP,-17.710400,1.009221,20.924190,0.332824,0.665940,0.446232,-0.496618
0.5228,5710,Real,Ring_FingerTip,-17.717760,1.009223,20.948920,0.332824,0.665940,0.446232,-0.496618
0.5228,5710,Real,Pinky_MCP,-17.733330,0.970259,20.858250,0.580036,0.482663,0.216188,-0.619562
0.5228,5710,Real,Pinky_PIP,-17.715980,0.981757,20.891670,0.464539,0.594650,0.342610,-0.559654
0.5228,5710,Real,Pinky_DIP,-17.714920,0.984857,20.909720,0.342368,0.672451,0.443226,-0.483886
0.5228,5710,Real,Pinky_FingerTip,-17.720610,0.985461,20.928010,0.342368,0.672451,0.443226,-0.483886
0.5228,5710,Virtual,Wrist,-17.817310,0.978678,20.806180,0.656431,0.316868,0.040277,-0.683426
0.5228,5710,Virtual,Thumb_CMC,-17.802650,1.019165,20.825830,-0.021046,0.540693,-0.347884,-0.765628
0.5228,5710,Virtual,Thumb_MCP,-17.795040,1.041557,20.862830,-0.092222,0.533185,-0.243796,-0.804844
0.5228,5710,Virtual,Thumb_IP,-17.779710,1.055976,20.907120,-0.215452,0.496359,-0.046960,-0.839645
0.5228,5710,Virtual,Thumb_FingerTip,-17.765380,1.052128,20.931450,-0.215452,0.496359,-0.046960,-0.839645
0.5228,5710,Virtual,Index_MCP,-17.744700,1.047543,20.861930,0.533425,0.456790,0.193208,-0.685180
0.5228,5710,Virtual,Index_PIP,-17.720910,1.057966,20.900900,0.489275,0.503795,0.255245,-0.664568
0.5228,5710,Virtual,Index_DIP,-17.711510,1.061956,20.924760,0.446001,0.542479,0.309253,-0.641220
0.5228,5710,Virtual,Index_FingerTip,-17.705590,1.064304,20.950890,0.446001,0.542479,0.309253,-0.641220
0.5228,5710,Virtual,Middle_MCP,-17.732620,1.022917,20.861830,0.554659,0.472927,0.212215,-0.650891
0.5228,5710,Virtual,Middle_PIP,-17.708190,1.036032,20.906770,0.443696,0.578308,0.343433,-0.592240
0.5228,5710,Virtual,Middle_DIP,-17.705550,1.038981,20.934210,0.326951,0.651467,0.448739,-0.517037
0.5228,5710,Virtual,Middle_FingerTip,-17.712670,1.037905,20.961580,0.326951,0.651467,0.448739,-0.517037
0.5228,5710,Virtual,Ring_MCP,-17.727530,0.998882,20.862660,0.569383,0.479455,0.219322,-0.630733
0.5228,5710,Virtual,Ring_PIP,-17.706870,1.011415,20.902430,0.454808,0.589257,0.348041,-0.569906
0.5228,5710,Virtual,Ring_DIP,-17.705200,1.015085,20.928460,0.333847,0.665298,0.450515,-0.492912
0.5228,5710,Virtual,Ring_FingerTip,-17.712710,1.015087,20.953150,0.333847,0.665298,0.450515,-0.492912
0.5228,5710,Virtual,Pinky_MCP,-17.728080,0.976522,20.862270,0.580743,0.481573,0.221565,-0.617847
0.5228,5710,Virtual,Pinky_PIP,-17.710830,0.987765,20.895830,0.465461,0.593735,0.347501,-0.556838
0.5228,5710,Virtual,Pinky_DIP,-17.709850,0.990805,20.913900,0.343448,0.671728,0.447489,-0.480187
0.5228,5710,Virtual,Pinky_FingerTip,-17.715650,0.991411,20.932140,0.343448,0.671728,0.447489,-0.480187
0.5228,5710,Render,Wrist,-17.817310,0.978678,20.806180,0.656431,0.316868,0.040277,-0.683426
0.5228,5710,Render,Thumb_CMC,-17.802650,1.019165,20.825830,0.023195,0.556609,-0.328575,-0.762684
0.5228,5710,Render,Thumb_MCP,-17.795430,1.042307,20.862450,-0.033764,0.556068,-0.248978,-0.792249
0.5228,5710,Render,Thumb_IP,-17.782790,1.059809,20.906470,-0.143191,0.538375,-0.087191,-0.825861
0.5228,5710,Render,Thumb_FingerTip,-17.771250,1.059519,20.932530,-0.143191,0.538375,-0.087191,-0.825861
0.5228,5710,Render,Index_MCP,-17.744700,1.047543,20.861930,0.533726,0.456439,0.192758,-0.685307
0.5228,5710,Render,Index_PIP,-17.720870,1.057988,20.900860,0.489247,0.503822,0.255282,-0.664554
0.5228,5710,Render,Index_DIP,-17.711470,1.061977,20.924720,0.445623,0.542789,0.309699,-0.641005
0.5228,5710,Render,Index_FingerTip,-17.705580,1.064310,20.950870,0.445623,0.542789,0.309699,-0.641005
0.5228,5710,Render,Middle_MCP,-17.732620,1.022917,20.861830,0.603362,0.408975,0.139252,-0.670301
0.5228,5710,Render,Middle_PIP,-17.699520,1.039120,20.899660,0.505628,0.525021,0.274998,-0.626953
0.5228,5710,Render,Middle_DIP,-17.691280,1.044279,20.925620,0.398796,0.610138,0.387141,-0.564638
0.5228,5710,Render,Middle_FingerTip,-17.692530,1.045678,20.953850,0.398796,0.610138,0.387141,-0.564638
0.5228,5710,Render,Ring_MCP,-17.727530,0.998882,20.862660,0.618947,0.413497,0.148172,-0.651130
0.5228,5710,Render,Ring_PIP,-17.698950,1.013723,20.896260,0.516117,0.536375,0.284084,-0.604336
0.5228,5710,Render,Ring_DIP,-17.692020,1.019263,20.921060,0.402964,0.625855,0.395319,-0.538190
0.5228,5710,Render,Ring_FingerTip,-17.694490,1.021298,20.946660,0.402964,0.625855,0.395319,-0.538190
0.5228,5710,Render,Pinky_MCP,-17.728080,0.976522,20.862270,0.630471,0.414344,0.151827,-0.638572
0.5228,5710,Render,Pinky_PIP,-17.704040,0.989458,20.890640,0.527193,0.539669,0.284967,-0.591286
0.5228,5710,Render,Pinky_DIP,-17.699350,0.993714,20.907860,0.413197,0.631224,0.393668,-0.525215
0.5228,5710,Render,Pinky_FingerTip,-17.701400,0.995786,20.926800,0.413197,0.631224,0.393668,-0.525215
0.5376,5711,Real,Wrist,-17.826200,0.970518,20.800490,0.654270,0.317623,0.027534,-0.685776
0.5376,5711,Real,Thumb_CMC,-17.812020,1.011334,20.819810,-0.029166,0.533606,-0.355119,-0.767011
0.5376,5711,Real,Thumb_MCP,-17.804190,1.033888,20.856660,-0.099184,0.525117,-0.251015,-0.807097
0.5376,5711,Real,Thumb_IP,-17.788380,1.048647,20.900670,-0.220063,0.486989,-0.053879,-0.843512
0.5376,5711,Real,Thumb_FingerTip,-17.773560,1.045129,20.924750,-0.220063,0.486989,-0.053879,-0.843512
0.5376,5711,Real,Index_MCP,-17.754040,1.040944,20.854860,0.530881,0.456799,0.181788,-0.690256
0.5376,5711,Real,Index_PIP,-17.729850,1.051905,20.893430,0.487278,0.503051,0.243622,-0.670931
0.5376,5711,Real,Index_DIP,-17.720110,1.056144,20.917110,0.444593,0.541145,0.297572,-0.648808
0.5376,5711,Real,Index_FingerTip,-17.713730,1.058701,20.943120,0.444593,0.541145,0.297572,-0.648808
0.5376,5711,Real,Middle_MCP,-17.741470,1.016563,20.854610,0.551943,0.473617,0.201087,-0.656209
0.5376,5711,Real,Middle_PIP,-17.716630,1.030235,20.899150,0.441010,0.578329,0.333542,-0.599830
0.5376,5711,Real,Middle_DIP,-17.713620,1.033283,20.926540,0.324424,0.650924,0.440360,-0.526431
0.5376,5711,Real,Middle_FingerTip,-17.720270,1.032115,20.954020,0.324424,0.650924,0.440360,-0.526431
0.5376,5711,Real,Ring_MCP,-17.735890,0.992637,20.855390,0.566556,0.480575,0.208346,-0.636124
0.5376,5711,Real,Ring_PIP,-17.714890,1.005643,20.894830,0.451886,0.589693,0.338381,-0.577547
0.5376,5711,Real,Ring_DIP,-17.712900,1.009386,20.920830,0.330974,0.665128,0.442434,-0.502309
0.5376,5711,Real,Ring_FingerTip,-17.720030,1.009278,20.945630,0.330974,0.665128,0.442434,-0.502309
0.5376,5711,Real,Pinky_MCP,-17.735990,0.970269,20.855050,0.577897,0.482930,0.210605,-0.623265
0.5376,5711,Real,Pinky_PIP,-17.718480,0.981909,20.888340,0.462470,0.594397,0.337865,-0.564501
0.5376,5711,Real,Pinky_DIP,-17.717290,0.984997,20.906380,0.340466,0.671766,0.439435,-0.489602
0.5376,5711,Real,Pinky_FingerTip,-17.722820,0.985517,20.924720,0.340466,0.671766,0.439435,-0.489602
0.5376,5711,Virtual,Wrist,-17.821430,0.976148,20.803870,0.656019,0.317857,0.034591,-0.683674
0.5376,5711,Virtual,Thumb_CMC,-17.807030,1.016825,20.823320,-0.024161,0.537764,-0.351382,-0.766001
0.5376,5711,Virtual,Thumb_MCP,-17.799360,1.039322,20.860240,-0.094770,0.529899,-0.247445,-0.805604
0.5376,5711,Virtual,Thumb_IP,-17.783870,1.053946,20.904400,-0.216899,0.492676,-0.050760,-0.841219
0.5376,5711,Virtual,Thumb_FingerTip,-17.769350,1.050289,20.928650,-0.216899,0.492676,-0.050760,-0.841219
0.5376,5711,Virtual,Index_MCP,-17.749130,1.045846,20.858970,0.532540,0.457760,0.188151,-0.686627
0.5376,5711,Virtual,Index_PIP,-17.725230,1.056578,20.897790,0.488843,0.504158,0.249630,-0.666740
0.5376,5711,Virtual,Index_DIP,-17.715710,1.060731,20.921580,0.446062,0.542376,0.303217,-0.644140
0.5376,5711,Virtual,Index_FingerTip,-17.709580,1.063239,20.947650,0.446062,0.542376,0.303217,-0.644140
0.5376,5711,Virtual,Middle_MCP,-17.736810,1.021333,20.858870,0.553574,0.474288,0.207377,-0.652381
0.5376,5711,Virtual,Middle_PIP,-17.712310,1.034773,20.903680,0.442465,0.579325,0.338896,-0.594774
0.5376,5711,Virtual,Middle_DIP,-17.709560,1.037810,20.931090,0.325667,0.652177,0.444667,-0.520459
0.5376,5711,Virtual,Middle_FingerTip,-17.716520,1.036732,20.958500,0.325667,0.652177,0.444667,-0.520459
0.5376,5711,Virtual,Ring_MCP,-17.731490,0.997349,20.859730,0.568178,0.481063,0.214606,-0.632216
0.5376,5711,Virtual,Ring_PIP,-17.710790,1.010161,20.899390,0.453368,0.590513,0.343671,-0.572401
0.5376,5711,Virtual,Ring_DIP,-17.709040,1.013902,20.925410,0.332272,0.666216,0.446644,-0.496248
0.5376,5711,Virtual,Ring_FingerTip,-17.716430,1.013887,20.950120,0.332272,0.666216,0.446644,-0.496248
0.5376,5711,Virtual,Pinky_MCP,-17.731830,0.974984,20.859410,0.579515,0.483289,0.216857,-0.619329
0.5376,5711,Virtual,Pinky_PIP,-17.714560,0.986462,20.892870,0.463975,0.595090,0.343141,-0.559329
0.5376,5711,Virtual,Pinky_DIP,-17.713520,0.989551,20.910930,0.341810,0.672734,0.443627,-0.483518
0.5376,5711,Virtual,Pinky_FingerTip,-17.719250,0.990142,20.929200,0.341810,0.672734,0.443627,-0.483518
0.5376,5711,Render,Wrist,-17.821430,0.976148,20.803870,0.656019,0.317857,0.034591,-0.683674
0.5376,5711,Render,Thumb_CMC,-17.807030,1.016825,20.823320,0.020614,0.554477,-0.332849,-0.762458
0.5376,5711,Render,Thumb_MCP,-17.799840,1.040117,20.859840,-0.036113,0.553684,-0.253253,-0.792461
0.5376,5711,Render,Thumb_IP,-17.787170,1.057836,20.903770,-0.145022,0.535573,-0.091340,-0.826915
0.5376,5711,Render,Thumb_FingerTip,-17.775500,1.057714,20.929770,-0.145022,0.535573,-0.091340,-0.826915
0.5376,5711,Render,Index_MCP,-17.749130,1.045846,20.858970,0.532841,0.457410,0.187699,-0.686751
0.5376,5711,Render,Index_PIP,-17.725190,1.056600,20.897760,0.488636,0.504359,0.249904,-0.666638
0.5376,5711,Render,Index_DIP,-17.715680,1.060745,20.921550,0.445317,0.542988,0.304101,-0.643724
0.5376,5711,Render,Index_FingerTip,-17.709620,1.063222,20.947650,0.445317,0.542988,0.304101,-0.643724
0.5376,5711,Render,Middle_MCP,-17.736810,1.021333,20.858870,0.602811,0.409894,0.133662,-0.671373
0.5376,5711,Render,Middle_PIP,-17.703640,1.037951,20.896440,0.504898,0.525805,0.269751,-0.629159
0.5376,5711,Render,Middle_DIP,-17.695280,1.043260,20.922340,0.397933,0.610772,0.382398,-0.567784
0.5376,5711,Render,Middle_FingerTip,-17.696370,1.044727,20.950570,0.397933,0.610772,0.382398,-0.567784
0.5376,5711,Render,Ring_MCP,-17.731490,0.997349,20.859730,0.618375,0.414560,0.142617,-0.652237
0.5376,5711,Render,Ring_PIP,-17.702850,1.012551,20.893110,0.515331,0.537291,0.278895,-0.606606
0.5376,5711,Render,Ring_DIP,-17.695810,1.018226,20.917850,0.402016,0.626603,0.390665,-0.541418
0.5376,5711,Render,Ring_FingerTip,-17.698150,1.020310,20.943460,0.402016,0.626603,0.390665,-0.541418
0.5376,5711,Render,Pinky_MCP,-17.731830,0.974984,20.859410,0.629889,0.415506,0.146294,-0.639682
0.5376,5711,Render,Pinky_PIP,-17.707740,0.988224,20.887590,0.526376,0.540679,0.279799,-0.593555
0.5376,5711,Render,Pinky_DIP,-17.703000,0.992572,20.904770,0.412200,0.632057,0.389035,-0.528438
0.5376,5711,Render,Pinky_FingerTip,-17.704940,0.994678,20.923710,0.412200,0.632057,0.389035,-0.528438
0.5514,5712,Real,Wrist,-17.829680,0.969715,20.798240,0.652100,0.316805,0.021770,-0.688423
0.5514,5712,Real,Thumb_CMC,-17.815640,1.010595,20.817530,-0.034294,0.530051,-0.357414,-0.768197
0.5514,5712,Real,Thumb_MCP,-17.807620,1.033111,20.854370,-0.103800,0.520918,-0.253135,-0.808575
0.5514,5712,Real,Thumb_IP,-17.791480,1.047879,20.898250,-0.223559,0.481821,-0.055591,-0.845447
0.5514,5712,Real,Thumb_FingerTip,-17.776390,1.044419,20.922170,-0.223559,0.481821,-0.055591,-0.845447
0.5514,5712,Real,Index_MCP,-17.757560,1.040592,20.852070,0.528915,0.455221,0.176829,-0.694085
0.5514,5712,Real,Index_PIP,-17.733070,1.051647,20.890420,0.485463,0.501301,0.239031,-0.675194
0.5514,5712,Real,Index_DIP,-17.723120,1.055902,20.914020,0.442926,0.539253,0.293343,-0.653431
0.5514,5712,Real,Index_FingerTip,-17.716500,1.058440,20.939960,0.442926,0.539253,0.293343,-0.653431
0.5514,5712,Real,Middle_MCP,-17.744790,1.016318,20.851620,0.550052,0.472274,0.196186,-0.660236
0.5514,5712,Real,Middle_PIP,-17.719610,1.030073,20.895950,0.439441,0.576620,0.329589,-0.604790
0.5514,5712,Real,Middle_DIP,-17.716340,1.033070,20.923310,0.323205,0.648952,0.437410,-0.532046
0.5514,5712,Real,Middle_FingerTip,-17.722710,1.031770,20.950860,0.323205,0.648952,0.437410,-0.532046
0.5514,5712,Real,Ring_MCP,-17.739000,0.992437,20.852280,0.564702,0.479385,0.203464,-0.640238
0.5514,5712,Real,Ring_PIP,-17.717710,1.005508,20.891540,0.450326,0.588137,0.334481,-0.582601
0.5514,5712,Real,Ring_DIP,-17.715490,1.009196,20.917530,0.329740,0.663303,0.439571,-0.508015
0.5514,5712,Real,Ring_FingerTip,-17.722360,1.008959,20.942390,0.329740,0.663303,0.439571,-0.508015
0.5514,5712,Real,Pinky_MCP,-17.738920,0.970070,20.851880,0.576062,0.481850,0.205722,-0.627416
0.5514,5712,Real,Pinky_PIP,-17.721170,0.981764,20.885020,0.460906,0.592953,0.333971,-0.569593
0.5514,5712,Real,Pinky_DIP,-17.719820,0.984812,20.903060,0.339206,0.670050,0.436586,-0.495343
0.5514,5712,Real,Pinky_FingerTip,-17.725160,0.985234,20.921450,0.339206,0.670050,0.436586,-0.495343
0.5514,5712,Virtual,Wrist,-17.825330,0.973700,20.801430,0.654270,0.317623,0.027534,-0.685776
0.5514,5712,Virtual,Thumb_CMC,-17.811150,1.014516,20.820750,-0.029166,0.533606,-0.355119,-0.767011
0.5514,5712,Virtual,Thumb_MCP,-17.803320,1.037070,20.857600,-0.099184,0.525117,-0.251015,-0.807097
0.5514,5712,Virtual,Thumb_IP,-17.787500,1.051829,20.901600,-0.220063,0.486989,-0.053879,-0.843512
0.5514,5712,Virtual,Thumb_FingerTip,-17.772690,1.048311,20.925690,-0.220063,0.486989,-0.053879,-0.843512
0.5514,5712,Virtual,Index_MCP,-17.753180,1.044126,20.855800,0.530881,0.456799,0.181788,-0.690256
0.5514,5712,Virtual,Index_PIP,-17.728980,1.055086,20.894370,0.487278,0.503051,0.243622,-0.670931
0.5514,5712,Virtual,Index_DIP,-17.719250,1.059326,20.918050,0.444593,0.541145,0.297572,-0.648808
0.5514,5712,Virtual,Index_FingerTip,-17.712870,1.061883,20.944060,0.444593,0.541145,0.297572,-0.648808
0.5514,5712,Virtual,Middle_MCP,-17.740610,1.019745,20.855550,0.551943,0.473617,0.201087,-0.656209
0.5514,5712,Virtual,Middle_PIP,-17.715760,1.033417,20.900090,0.441010,0.578329,0.333543,-0.599830
0.5514,5712,Virtual,Middle_DIP,-17.712750,1.036465,20.927480,0.324425,0.650924,0.440360,-0.526431
0.5514,5712,Virtual,Middle_FingerTip,-17.719410,1.035297,20.954960,0.324425,0.650924,0.440360,-0.526431
0.5514,5712,Virtual,Ring_MCP,-17.735030,0.995819,20.856330,0.566556,0.480575,0.208347,-0.636124
0.5514,5712,Virtual,Ring_PIP,-17.714030,1.008825,20.895770,0.451886,0.589693,0.338381,-0.577547
0.5514,5712,Virtual,Ring_DIP,-17.712040,1.012568,20.921770,0.330974,0.665128,0.442434,-0.502309
0.5514,5712,Virtual,Ring_FingerTip,-17.719170,1.012460,20.946570,0.330974,0.665128,0.442434,-0.502309
0.5514,5712,Virtual,Pinky_MCP,-17.735130,0.973451,20.855990,0.577897,0.482930,0.210605,-0.623265
0.5514,5712,Virtual,Pinky_PIP,-17.717620,0.985091,20.889280,0.462470,0.594397,0.337865,-0.564501
0.5514,5712,Virtual,Pinky_DIP,-17.716420,0.988179,20.907320,0.340466,0.671766,0.439436,-0.489602
0.5514,5712,Virtual,Pinky_FingerTip,-17.721950,0.988699,20.925660,0.340466,0.671766,0.439436,-0.489602
0.5514,5712,Render,Wrist,-17.825330,0.973700,20.801430,0.654270,0.317623,0.027534,-0.685776
0.5514,5712,Render,Thumb_CMC,-17.811150,1.014516,20.820750,0.015620,0.550568,-0.336804,-0.763672
0.5514,5712,Render,Thumb_MCP,-17.803820,1.037859,20.857210,-0.040682,0.549285,-0.257062,-0.794072
0.5514,5712,Render,Thumb_IP,-17.790860,1.055685,20.901010,-0.148630,0.530357,-0.094755,-0.829248
0.5514,5712,Render,Thumb_FingerTip,-17.778900,1.055671,20.926880,-0.148630,0.530357,-0.094755,-0.829248
0.5514,5712,Render,Index_MCP,-17.753180,1.044126,20.855800,0.530881,0.456799,0.181788,-0.690256
0.5514,5712,Render,Index_PIP,-17.728980,1.055086,20.894370,0.487278,0.503051,0.243622,-0.670931
0.5514,5712,Render,Index_DIP,-17.719250,1.059326,20.918050,0.444593,0.541145,0.297572,-0.648808
0.5514,5712,Render,Index_FingerTip,-17.712870,1.061883,20.944060,0.444593,0.541145,0.297572,-0.648808
0.5514,5712,Render,Middle_MCP,-17.740610,1.019745,20.855550,0.601115,0.409408,0.126986,-0.674479
0.5514,5712,Render,Middle_PIP,-17.707210,1.036691,20.892770,0.503340,0.524979,0.263863,-0.633580
0.5514,5712,Render,Middle_DIP,-17.698630,1.042072,20.918570,0.396556,0.609670,0.377437,-0.573226
0.5514,5712,Render,Middle_FingerTip,-17.699420,1.043510,20.946820,0.396556,0.609670,0.377437,-0.573226
0.5514,5712,Render,Ring_MCP,-17.735030,0.995819,20.856330,0.616709,0.414257,0.135960,-0.655421
0.5514,5712,Render,Ring_PIP,-17.706180,1.011303,20.889410,0.513768,0.536638,0.273073,-0.611141
0.5514,5712,Render,Ring_DIP,-17.698940,1.017036,20.914080,0.400609,0.625661,0.385827,-0.546991
0.5514,5712,Render,Ring_FingerTip,-17.701020,1.019080,20.939710,0.400609,0.625661,0.385827,-0.546991
0.5514,5712,Render,Pinky_MCP,-17.735130,0.973451,20.855990,0.628242,0.415330,0.139641,-0.642895
0.5514,5712,Render,Pinky_PIP,-17.710870,0.986928,20.883920,0.524805,0.540154,0.273988,-0.598117
0.5514,5712,Render,Pinky_DIP,-17.705990,0.991317,20.901060,0.410759,0.631240,0.384213,-0.534036
0.5514,5712,Render,Pinky_FingerTip,-17.707760,0.993390,20.920020,0.410759,0.631240,0.384213,-0.534036
0.5651,5713,Real,Wrist,-17.833280,0.968740,20.795790,0.651250,0.316326,0.018026,-0.689555
0.5651,5713,Real,Thumb_CMC,-17.819330,1.009685,20.815000,-0.036876,0.527622,-0.359192,-0.768919
0.5651,5713,Real,Thumb_MCP,-17.811200,1.032232,20.851800,-0.106039,0.518170,-0.254802,-0.809525
0.5651,5713,Real,Thumb_IP,-17.794860,1.047071,20.895580,-0.225089,0.478623,-0.056987,-0.846763
0.5651,5713,Real,Thumb_FingerTip,-17.779610,1.043681,20.919410,-0.225089,0.478623,-0.056987,-0.846763
0.5651,5713,Real,Index_MCP,-17.761190,1.039970,20.849190,0.528193,0.454386,0.173473,-0.696027
0.5651,5713,Real,Index_PIP,-17.736520,1.051139,20.887390,0.484820,0.500404,0.235865,-0.677432
0.5651,5713,Real,Index_DIP,-17.726450,1.055439,20.910930,0.442359,0.538306,0.290371,-0.655920
0.5651,5713,Real,Index_FingerTip,-17.719680,1.058003,20.936830,0.442359,0.538306,0.290371,-0.655920
0.5651,5713,Real,Middle_MCP,-17.748300,1.015762,20.848650,0.549352,0.471595,0.192854,-0.662283
0.5651,5713,Real,Middle_PIP,-17.722920,1.029633,20.892830,0.438898,0.575810,0.326757,-0.607488
0.5651,5713,Real,Middle_DIP,-17.719500,1.032639,20.920170,0.322823,0.648054,0.435135,-0.535228
0.5651,5713,Real,Middle_FingerTip,-17.725680,1.031299,20.947750,0.322823,0.648054,0.435135,-0.535228
0.5651,5713,Real,Ring_MCP,-17.742390,0.991911,20.849270,0.564009,0.478805,0.200139,-0.642328
0.5651,5713,Real,Ring_PIP,-17.720920,1.005080,20.888400,0.449771,0.587423,0.331674,-0.585348
0.5651,5713,Real,Ring_DIP,-17.718560,1.008771,20.914380,0.329332,0.662496,0.437340,-0.511248
0.5651,5713,Real,Ring_FingerTip,-17.725270,1.008492,20.939290,0.329332,0.662496,0.437340,-0.511248
0.5651,5713,Real,Pinky_MCP,-17.742200,0.969544,20.848860,0.575372,0.481338,0.202394,-0.629522
0.5651,5713,Real,Pinky_PIP,-17.724300,0.981320,20.881890,0.460339,0.592306,0.331165,-0.572355
0.5651,5713,Real,Pinky_DIP,-17.722850,0.984369,20.899930,0.338773,0.669307,0.434360,-0.498591
0.5651,5713,Real,Pinky_FingerTip,-17.728080,0.984759,20.918350,0.338773,0.669307,0.434360,-0.498591
0.5651,5713,Virtual,Wrist,-17.829180,0.971597,20.798810,0.652100,0.316805,0.021770,-0.688423
0.5651,5713,Virtual,Thumb_CMC,-17.815140,1.012477,20.818100,-0.034294,0.530051,-0.357414,-0.768197
0.5651,5713,Virtual,Thumb_MCP,-17.807120,1.034993,20.854930,-0.103800,0.520918,-0.253135,-0.808575
0.5651,5713,Virtual,Thumb_IP,-17.790980,1.049762,20.898810,-0.223559,0.481821,-0.055591,-0.845447
0.5651,5713,Virtual,Thumb_FingerTip,-17.775890,1.046301,20.922740,-0.223559,0.481821,-0.055591,-0.845447
0.5651,5713,Virtual,Index_MCP,-17.757060,1.042474,20.852630,0.528915,0.455221,0.176829,-0.694085
0.5651,5713,Virtual,Index_PIP,-17.732570,1.053530,20.890990,0.485463,0.501301,0.239031,-0.675194
0.5651,5713,Virtual,Index_DIP,-17.722620,1.057785,20.914580,0.442927,0.539253,0.293343,-0.653431
0.5651,5713,Virtual,Index_FingerTip,-17.716000,1.060323,20.940530,0.442927,0.539253,0.293343,-0.653431
0.5651,5713,Virtual,Middle_MCP,-17.744290,1.018200,20.852180,0.550052,0.472274,0.196186,-0.660236
0.5651,5713,Virtual,Middle_PIP,-17.719110,1.031956,20.896510,0.439442,0.576620,0.329589,-0.604791
0.5651,5713,Virtual,Middle_DIP,-17.715840,1.034953,20.923870,0.323205,0.648952,0.437409,-0.532046
0.5651,5713,Virtual,Middle_FingerTip,-17.722210,1.033652,20.951420,0.323205,0.648952,0.437409,-0.532046
0.5651,5713,Virtual,Ring_MCP,-17.738500,0.994320,20.852840,0.564702,0.479385,0.203464,-0.640238
0.5651,5713,Virtual,Ring_PIP,-17.717210,1.007391,20.892100,0.450326,0.588137,0.334481,-0.582601
0.5651,5713,Virtual,Ring_DIP,-17.714980,1.011078,20.918090,0.329740,0.663303,0.439571,-0.508015
0.5651,5713,Virtual,Ring_FingerTip,-17.721860,1.010841,20.942960,0.329740,0.663303,0.439571,-0.508015
0.5651,5713,Virtual,Pinky_MCP,-17.738430,0.971953,20.852450,0.576063,0.481850,0.205722,-0.627417
0.5651,5713,Virtual,Pinky_PIP,-17.720670,0.983646,20.885580,0.460906,0.592953,0.333972,-0.569593
0.5651,5713,Virtual,Pinky_DIP,-17.719320,0.986694,20.903620,0.339206,0.670050,0.436586,-0.495344
0.5651,5713,Virtual,Pinky_FingerTip,-17.724660,0.987117,20.922010,0.339206,0.670050,0.436586,-0.495344
0.5651,5713,Render,Wrist,-17.829180,0.971597,20.798810,0.652100,0.316805,0.021770,-0.688423
0.5651,5713,Render,Thumb_CMC,-17.815140,1.012477,20.818100,0.010518,0.547191,-0.339290,-0.765084
0.5651,5713,Render,Thumb_MCP,-17.807630,1.035780,20.854550,-0.045412,0.545405,-0.259392,-0.795731
0.5651,5713,Render,Thumb_IP,-17.794370,1.053591,20.898260,-0.152498,0.525617,-0.096710,-0.831336
0.5651,5713,Render,Thumb_FingerTip,-17.782150,1.053605,20.924010,-0.152498,0.525617,-0.096710,-0.831336
0.5651,5713,Render,Index_MCP,-17.757060,1.042474,20.852630,0.528915,0.455221,0.176829,-0.694085
0.5651,5713,Render,Index_PIP,-17.732570,1.053530,20.890990,0.485463,0.501301,0.239031,-0.675194
0.5651,5713,Render,Index_DIP,-17.722620,1.057785,20.914580,0.442927,0.539253,0.293343,-0.653431
0.5651,5713,Render,Index_FingerTip,-17.716000,1.060323,20.940530,0.442927,0.539253,0.293343,-0.653431
0.5651,5713,Render,Middle_MCP,-17.744290,1.018200,20.852180,0.599087,0.408282,0.121668,-0.677936
0.5651,5713,Render,Middle_PIP,-17.710660,1.035321,20.889110,0.501589,0.523458,0.259376,-0.638063
0.5651,5713,Render,Middle_DIP,-17.701850,1.040702,20.914840,0.395120,0.607849,0.373865,-0.578468
0.5651,5713,Render,Middle_FingerTip,-17.702380,1.042055,20.943110,0.395120,0.607849,0.373865,-0.578468
0.5651,5713,Render,Ring_MCP,-17.738500,0.994320,20.852840,0.614733,0.413282,0.130648,-0.658963
0.5651,5713,Render,Ring_PIP,-17.709460,1.009952,20.885670,0.512047,0.535263,0.268643,-0.615738
0.5651,5713,Render,Ring_DIP,-17.702010,1.015678,20.910280,0.399185,0.623979,0.382367,-0.552356
0.5651,5713,Render,Ring_FingerTip,-17.703840,1.017632,20.935940,0.399185,0.623979,0.382367,-0.552356
0.5651,5713,Render,Pinky_MCP,-17.738430,0.971953,20.852450,0.626298,0.414462,0.134324,-0.646475
0.5651,5713,Render,Pinky_PIP,-17.714000,0.985555,20.880170,0.523092,0.538890,0.269561,-0.602752
0.5651,5713,Render,Pinky_DIP,-17.708980,0.989936,20.897260,0.409322,0.629669,0.380763,-0.539437
0.5651,5713,Render,Pinky_FingerTip,-17.710560,0.991942,20.916250,0.409322,0.629669,0.380763,-0.539437
0.5789,5714,Real,Wrist,-17.837020,0.967906,20.793380,0.651037,0.316599,0.014794,-0.689708
0.5789,5714,Real,Thumb_CMC,-17.823200,1.008950,20.812470,-0.038174,0.525316,-0.360907,-0.769632
0.5789,5714,Real,Thumb_MCP,-17.814960,1.031583,20.849190,-0.106951,0.515728,-0.256521,-0.810422
0.5789,5714,Real,Thumb_IP,-17.798460,1.046560,20.892870,-0.225279,0.476092,-0.058661,-0.848024
0.5789,5714,Real,Thumb_FingerTip,-17.783080,1.043282,20.916630,-0.225279,0.476092,-0.058661,-0.848024
0.5789,5714,Real,Index_MCP,-17.765070,1.039576,20.846390,0.527750,0.454693,0.170663,-0.696857
0.5789,5714,Real,Index_PIP,-17.740340,1.050912,20.884500,0.484529,0.500497,0.232900,-0.678596
0.5789,5714,Real,Index_DIP,-17.730200,1.055296,20.907990,0.442233,0.538234,0.287300,-0.657414
0.5789,5714,Real,Index_FingerTip,-17.723330,1.057940,20.933860,0.442233,0.538234,0.287300,-0.657414
0.5789,5714,Real,Middle_MCP,-17.752070,1.015431,20.845830,0.548932,0.471972,0.189969,-0.663195
0.5789,5714,Real,Middle_PIP,-17.726600,1.029487,20.889900,0.438514,0.576012,0.324016,-0.609040
0.5789,5714,Real,Middle_DIP,-17.723090,1.032550,20.917230,0.322514,0.648127,0.432647,-0.537339
0.5789,5714,Real,Middle_FingerTip,-17.729160,1.031223,20.944840,0.322514,0.648127,0.432647,-0.537339
0.5789,5714,Real,Ring_MCP,-17.746030,0.991610,20.846470,0.563423,0.479438,0.197457,-0.643199
0.5789,5714,Real,Ring_PIP,-17.724520,1.004931,20.885520,0.449077,0.587908,0.329226,-0.586775
0.5789,5714,Real,Ring_DIP,-17.722100,1.008663,20.911480,0.328570,0.662833,0.435199,-0.513123
0.5789,5714,Real,Ring_FingerTip,-17.728740,1.008378,20.936410,0.328570,0.662833,0.435199,-0.513123
0.5789,5714,Real,Pinky_MCP,-17.745730,0.969245,20.846090,0.574773,0.482033,0.199712,-0.630393
0.5789,5714,Real,Pinky_PIP,-17.727800,0.981148,20.879060,0.459619,0.592849,0.328717,-0.573782
0.5789,5714,Real,Pinky_DIP,-17.726310,0.984225,20.897080,0.337975,0.669696,0.432220,-0.500467
0.5789,5714,Real,Pinky_FingerTip,-17.731500,0.984610,20.915520,0.337975,0.669696,0.432220,-0.500467
0.5789,5714,Virtual,Wrist,-17.833290,0.968740,20.795800,0.651250,0.316326,0.018026,-0.689556
0.5789,5714,Virtual,Thumb_CMC,-17.819330,1.009686,20.815010,-0.036767,0.527199,-0.358663,-0.769461
0.5789,5714,Virtual,Thumb_MCP,-17.811130,1.032221,20.851800,-0.105803,0.517781,-0.254320,-0.809957
0.5789,5714,Virtual,Thumb_IP,-17.794730,1.047048,20.895560,-0.224647,0.478356,-0.056630,-0.847055
0.5789,5714,Virtual,Thumb_FingerTip,-17.779460,1.043657,20.919380,-0.224647,0.478356,-0.056630,-0.847055
0.5789,5714,Virtual,Index_MCP,-17.761200,1.039971,20.849190,0.527994,0.454617,0.173778,-0.695951
0.5789,5714,Virtual,Index_PIP,-17.736550,1.051125,20.887420,0.484779,0.500444,0.235921,-0.677412
0.5789,5714,Virtual,Index_DIP,-17.726490,1.055422,20.910960,0.442487,0.538201,0.290215,-0.655989
0.5789,5714,Virtual,Index_FingerTip,-17.719700,1.057992,20.936860,0.442487,0.538201,0.290215,-0.655989
0.5789,5714,Virtual,Middle_MCP,-17.748310,1.015762,20.848660,0.549207,0.471763,0.193057,-0.662224
0.5789,5714,Virtual,Middle_PIP,-17.722950,1.029624,20.892850,0.438826,0.575865,0.326833,-0.607447
0.5789,5714,Virtual,Middle_DIP,-17.719530,1.032627,20.920190,0.322849,0.648041,0.435114,-0.535245
0.5789,5714,Virtual,Middle_FingerTip,-17.725710,1.031287,20.947780,0.322849,0.648041,0.435114,-0.535245
0.5789,5714,Virtual,Ring_MCP,-17.742400,0.991911,20.849270,0.563718,0.479147,0.200529,-0.642206
0.5789,5714,Virtual,Ring_PIP,-17.720970,1.005064,20.888430,0.449426,0.587687,0.332018,-0.585154
0.5789,5714,Virtual,Ring_DIP,-17.718630,1.008744,20.914420,0.328955,0.662683,0.437630,-0.510999
0.5789,5714,Virtual,Ring_FingerTip,-17.725370,1.008453,20.939320,0.328955,0.662683,0.437630,-0.510999
0.5789,5714,Virtual,Pinky_MCP,-17.742200,0.969545,20.848870,0.575079,0.481688,0.202777,-0.629399
0.5789,5714,Virtual,Pinky_PIP,-17.724340,0.981308,20.881920,0.459992,0.592576,0.331502,-0.572161
0.5789,5714,Virtual,Pinky_DIP,-17.722910,0.984350,20.899950,0.338392,0.669499,0.434643,-0.498344
0.5789,5714,Virtual,Pinky_FingerTip,-17.728160,0.984731,20.918380,0.338392,0.669499,0.434643,-0.498344
0.5789,5714,Render,Wrist,-17.833290,0.968740,20.795800,0.651250,0.316326,0.018026,-0.689556
0.5789,5714,Render,Thumb_CMC,-17.819330,1.009686,20.815010,0.007949,0.544884,-0.341197,-0.765913
0.5789,5714,Render,Thumb_MCP,-17.811720,1.033017,20.851420,-0.047732,0.542848,-0.261204,-0.796750
0.5789,5714,Render,Thumb_IP,-17.798280,1.050884,20.895060,-0.154266,0.522651,-0.098284,-0.832694
0.5789,5714,Render,Thumb_FingerTip,-17.785900,1.050953,20.920730,-0.154266,0.522651,-0.098284,-0.832694
0.5789,5714,Render,Index_MCP,-17.761200,1.039971,20.849190,0.528193,0.454386,0.173473,-0.696027
0.5789,5714,Render,Index_PIP,-17.736520,1.051140,20.887400,0.484820,0.500404,0.235865,-0.677432
0.5789,5714,Render,Index_DIP,-17.726460,1.055440,20.910930,0.442359,0.538306,0.290371,-0.655920
0.5789,5714,Render,Index_FingerTip,-17.719680,1.058004,20.936840,0.442359,0.538306,0.290371,-0.655920
0.5789,5714,Render,Middle_MCP,-17.748310,1.015762,20.848660,0.598315,0.407686,0.118129,-0.679601
0.5789,5714,Render,Middle_PIP,-17.714530,1.033045,20.885380,0.500957,0.522714,0.256258,-0.640425
0.5789,5714,Render,Middle_DIP,-17.705600,1.038464,20.911060,0.394638,0.607001,0.371243,-0.581369
0.5789,5714,Render,Middle_FingerTip,-17.705950,1.039806,20.939330,0.394638,0.607001,0.371243,-0.581369
0.5789,5714,Render,Ring_MCP,-17.742400,0.991911,20.849270,0.613979,0.412782,0.127110,-0.660669
0.5789,5714,Render,Ring_PIP,-17.713220,1.007683,20.881920,0.511418,0.534614,0.265551,-0.618161
0.5789,5714,Render,Ring_DIP,-17.705650,1.013440,20.906490,0.398693,0.623221,0.379801,-0.555331
0.5789,5714,Render,Ring_FingerTip,-17.707340,1.015378,20.932160,0.398693,0.623221,0.379801,-0.555331
0.5789,5714,Render,Pinky_MCP,-17.742200,0.969545,20.848870,0.625554,0.414030,0.130782,-0.648196
0.5789,5714,Render,Pinky_PIP,-17.717680,0.983264,20.876440,0.522457,0.538310,0.266469,-0.605191
0.5789,5714,Render,Pinky_DIP,-17.712570,0.987667,20.893500,0.408812,0.628977,0.378200,-0.542427
0.5789,5714,Render,Pinky_FingerTip,-17.714050,0.989659,20.912500,0.408812,0.628977,0.378200,-0.542427
0.5931,5715,Real,Wrist,-17.841360,0.967377,20.790680,0.653072,0.315385,0.011119,-0.688409
0.5931,5715,Real,Thumb_CMC,-17.827520,1.008580,20.809410,-0.038245,0.522343,-0.362591,-0.770859
0.5931,5715,Real,Thumb_MCP,-17.819120,1.031372,20.845990,-0.106417,0.512816,-0.258366,-0.811753
0.5931,5715,Real,Thumb_IP,-17.802420,1.046587,20.889510,-0.223723,0.473554,-0.060774,-0.849707
0.5931,5715,Real,Thumb_FingerTip,-17.786910,1.043492,20.913220,-0.223723,0.473554,-0.060774,-0.849707
0.5931,5715,Real,Index_MCP,-17.769270,1.039560,20.842780,0.529707,0.454318,0.167471,-0.696391
0.5931,5715,Real,Index_PIP,-17.744400,1.051176,20.880720,0.487224,0.499607,0.228713,-0.678747
0.5931,5715,Real,Index_DIP,-17.734120,1.055754,20.904110,0.445680,0.536994,0.282296,-0.658267
0.5931,5715,Real,Index_FingerTip,-17.727020,1.058632,20.929900,0.445680,0.536994,0.282296,-0.658267
0.5931,5715,Real,Middle_MCP,-17.756220,1.015440,20.842320,0.550536,0.472102,0.187029,-0.662608
0.5931,5715,Real,Middle_PIP,-17.730650,1.029801,20.886230,0.440145,0.576405,0.320924,-0.609129
0.5931,5715,Real,Middle_DIP,-17.727050,1.033028,20.913530,0.324133,0.648775,0.429551,-0.538067
0.5931,5715,Real,Middle_FingerTip,-17.733020,1.031849,20.941170,0.324133,0.648775,0.429551,-0.538067
0.5931,5715,Real,Ring_MCP,-17.750130,0.991637,20.843080,0.564528,0.480196,0.195024,-0.642406
0.5931,5715,Real,Ring_PIP,-17.728590,1.005207,20.882040,0.449805,0.589029,0.326870,-0.586409
0.5931,5715,Real,Ring_DIP,-17.726160,1.009067,20.907980,0.328877,0.664169,0.432966,-0.513089
0.5931,5715,Real,Ring_FingerTip,-17.732800,1.008875,20.932910,0.328877,0.664169,0.432966,-0.513089
0.5931,5715,Real,Pinky_MCP,-17.749780,0.969270,20.842860,0.575831,0.482875,0.197222,-0.629567
0.5931,5715,Real,Pinky_PIP,-17.731830,0.981388,20.875730,0.460283,0.594045,0.326294,-0.573396
0.5931,5715,Real,Pinky_DIP,-17.730340,0.984556,20.893740,0.338203,0.671095,0.429913,-0.500426
0.5931,5715,Real,Pinky_FingerTip,-17.735530,0.985009,20.912190,0.338203,0.671095,0.429913,-0.500426
0.5931,5715,Virtual,Wrist,-17.837020,0.967906,20.793380,0.651037,0.316599,0.014794,-0.689708
0.5931,5715,Virtual,Thumb_CMC,-17.823200,1.008950,20.812480,-0.039264,0.525806,-0.360089,-0.769625
0.5931,5715,Virtual,Thumb_MCP,-17.814960,1.031475,20.849260,-0.107881,0.516115,-0.256048,-0.810202
0.5931,5715,Virtual,Thumb_IP,-17.798480,1.046358,20.892970,-0.225920,0.476418,-0.058884,-0.847655
0.5931,5715,Virtual,Thumb_FingerTip,-17.783120,1.043068,20.916750,-0.225920,0.476418,-0.058884,-0.847655
0.5931,5715,Virtual,Index_MCP,-17.765080,1.039575,20.846390,0.527351,0.455155,0.171273,-0.696707
0.5931,5715,Virtual,Index_PIP,-17.740400,1.050880,20.884550,0.484803,0.500232,0.232528,-0.678723
0.5931,5715,Virtual,Index_DIP,-17.730240,1.055276,20.908020,0.443217,0.537423,0.286097,-0.657939
0.5931,5715,Virtual,Index_FingerTip,-17.723290,1.057964,20.933870,0.443217,0.537423,0.286097,-0.657939
0.5931,5715,Virtual,Middle_MCP,-17.752080,1.015431,20.845840,0.548259,0.472754,0.190915,-0.662924
0.5931,5715,Virtual,Middle_PIP,-17.726720,1.029438,20.889990,0.437781,0.576569,0.324789,-0.608628
0.5931,5715,Virtual,Middle_DIP,-17.723280,1.032472,20.917330,0.321780,0.648492,0.433254,-0.536849
0.5931,5715,Virtual,Middle_FingerTip,-17.729410,1.031119,20.944920,0.321780,0.648492,0.433254,-0.536849
0.5931,5715,Virtual,Ring_MCP,-17.746040,0.991610,20.846470,0.562305,0.480749,0.198955,-0.642737
0.5931,5715,Virtual,Ring_PIP,-17.724700,1.004868,20.885640,0.447516,0.589098,0.330781,-0.585899
0.5931,5715,Virtual,Ring_DIP,-17.722400,1.008547,20.911620,0.326617,0.663798,0.436708,-0.511840
0.5931,5715,Virtual,Ring_FingerTip,-17.729180,1.008201,20.936510,0.326617,0.663798,0.436708,-0.511840
0.5931,5715,Virtual,Pinky_MCP,-17.745740,0.969245,20.846090,0.573648,0.483371,0.201180,-0.629927
0.5931,5715,Virtual,Pinky_PIP,-17.727950,0.981100,20.879160,0.458045,0.594066,0.330238,-0.572908
0.5931,5715,Virtual,Pinky_DIP,-17.726560,0.984142,20.897190,0.336002,0.670688,0.433691,-0.499192
0.5931,5715,Virtual,Pinky_FingerTip,-17.731840,0.984482,20.915610,0.336002,0.670688,0.433691,-0.499192
0.5931,5715,Render,Wrist,-17.837020,0.967906,20.793380,0.651037,0.316599,0.014794,-0.689708
0.5931,5715,Render,Thumb_CMC,-17.823200,1.008950,20.812480,0.006553,0.542520,-0.343676,-0.766496
0.5931,5715,Render,Thumb_MCP,-17.815510,1.032397,20.848800,-0.048879,0.540353,-0.263611,-0.797583
0.5931,5715,Render,Thumb_IP,-17.801930,1.050424,20.892330,-0.154896,0.519979,-0.100478,-0.833987
0.5931,5715,Render,Thumb_FingerTip,-17.789420,1.050610,20.917930,-0.154896,0.519979,-0.100478,-0.833987
0.5931,5715,Render,Index_MCP,-17.765080,1.039575,20.846390,0.527750,0.454693,0.170663,-0.696856
0.5931,5715,Render,Index_PIP,-17.740350,1.050911,20.884500,0.484529,0.500497,0.232900,-0.678596
0.5931,5715,Render,Index_DIP,-17.730210,1.055296,20.907990,0.442233,0.538233,0.287300,-0.657414
0.5931,5715,Render,Index_FingerTip,-17.723340,1.057940,20.933860,0.442233,0.538233,0.287300,-0.657414
0.5931,5715,Render,Middle_MCP,-17.752080,1.015431,20.845840,0.598065,0.407924,0.114953,-0.680222
0.5931,5715,Render,Middle_PIP,-17.718240,1.032938,20.882400,0.500663,0.522896,0.253279,-0.641690
0.5931,5715,Render,Middle_DIP,-17.709230,1.038441,20.908040,0.394315,0.607124,0.368553,-0.583168
0.5931,5715,Render,Middle_FingerTip,-17.709480,1.039826,20.936300,0.394315,0.607124,0.368553,-0.583168
0.5931,5715,Render,Ring_MCP,-17.746040,0.991610,20.846470,0.613719,0.413104,0.123946,-0.661310
0.5931,5715,Render,Ring_PIP,-17.716820,1.007578,20.878970,0.511095,0.534872,0.262598,-0.619465
0.5931,5715,Render,Ring_DIP,-17.709180,1.013410,20.903500,0.398326,0.623412,0.377154,-0.557179
0.5931,5715,Render,Ring_FingerTip,-17.710770,1.015380,20.929180,0.398326,0.623412,0.377154,-0.557179
0.5931,5715,Render,Pinky_MCP,-17.745740,0.969245,20.846090,0.625288,0.414408,0.127625,-0.648840
0.5931,5715,Render,Pinky_PIP,-17.721170,0.983128,20.873550,0.522117,0.538622,0.263523,-0.606495
0.5931,5715,Render,Pinky_DIP,-17.716020,0.987583,20.890580,0.408418,0.629217,0.375561,-0.544275
0.5931,5715,Render,Pinky_FingerTip,-17.717440,0.989597,20.909580,0.408418,0.629217,0.375561,-0.544275
0.6074,5716,Real,Wrist,-17.845430,0.966553,20.787550,0.655070,0.313896,0.005573,-0.687257
0.6074,5716,Real,Thumb_CMC,-17.831610,1.007960,20.805850,-0.037980,0.517530,-0.366134,-0.772442
0.6074,5716,Real,Thumb_MCP,-17.823000,1.031071,20.842170,-0.105523,0.508080,-0.261670,-0.813787
0.6074,5716,Real,Thumb_IP,-17.806000,1.046695,20.885430,-0.221743,0.469159,-0.063509,-0.852459
0.6074,5716,Real,Thumb_FingerTip,-17.790270,1.043851,20.909030,-0.221743,0.469159,-0.063509,-0.852459
0.6074,5716,Real,Index_MCP,-17.773220,1.039451,20.838470,0.532105,0.453124,0.161899,-0.696658
0.6074,5716,Real,Index_PIP,-17.748080,1.051469,20.876110,0.489718,0.498631,0.223187,-0.679508
0.6074,5716,Real,Index_DIP,-17.737620,1.056273,20.899370,0.448245,0.536221,0.276848,-0.659468
0.6074,5716,Real,Index_FingerTip,-17.730310,1.059382,20.925070,0.448245,0.536221,0.276848,-0.659468
0.6074,5716,Real,Middle_MCP,-17.760070,1.015386,20.838090,0.552849,0.471175,0.181373,-0.662915
0.6074,5716,Real,Middle_PIP,-17.734180,1.030198,20.881660,0.442599,0.575980,0.315455,-0.610607
0.6074,5716,Real,Middle_DIP,-17.730370,1.033652,20.908900,0.326624,0.648818,0.424458,-0.540545
0.6074,5716,Real,Middle_FingerTip,-17.736090,1.032661,20.936600,0.326624,0.648818,0.424458,-0.540545
0.6074,5716,Real,Ring_MCP,-17.753860,0.991616,20.838980,0.566779,0.479418,0.189321,-0.642712
0.6074,5716,Real,Ring_PIP,-17.732050,1.005581,20.877640,0.452170,0.588746,0.321361,-0.587918
0.6074,5716,Real,Ring_DIP,-17.729410,1.009653,20.903530,0.331253,0.664342,0.427848,-0.515623
0.6074,5716,Real,Ring_FingerTip,-17.735830,1.009625,20.928520,0.331253,0.664342,0.427848,-0.515623
0.6074,5716,Real,Pinky_MCP,-17.753420,0.969250,20.838920,0.578036,0.482184,0.191488,-0.629846
0.6074,5716,Real,Pinky_PIP,-17.735240,0.981701,20.871550,0.462584,0.593838,0.320750,-0.574885
0.6074,5716,Real,Pinky_DIP,-17.733610,0.985014,20.889520,0.340501,0.671332,0.424755,-0.502947
0.6074,5716,Real,Pinky_FingerTip,-17.738630,0.985587,20.908000,0.340501,0.671332,0.424755,-0.502947
0.6074,5716,Virtual,Wrist,-17.841370,0.967378,20.790680,0.653072,0.315385,0.011119,-0.688409
0.6074,5716,Virtual,Thumb_CMC,-17.827520,1.008580,20.809420,-0.038245,0.522343,-0.362591,-0.770859
0.6074,5716,Virtual,Thumb_MCP,-17.819120,1.031373,20.846000,-0.106417,0.512817,-0.258366,-0.811753
0.6074,5716,Virtual,Thumb_IP,-17.802430,1.046588,20.889520,-0.223723,0.473554,-0.060773,-0.849707
0.6074,5716,Virtual,Thumb_FingerTip,-17.786920,1.043492,20.913230,-0.223723,0.473554,-0.060773,-0.849707
0.6074,5716,Virtual,Index_MCP,-17.769280,1.039560,20.842790,0.529707,0.454318,0.167471,-0.696391
0.6074,5716,Virtual,Index_PIP,-17.744410,1.051177,20.880730,0.487224,0.499607,0.228713,-0.678747
0.6074,5716,Virtual,Index_DIP,-17.734120,1.055754,20.904120,0.445680,0.536994,0.282296,-0.658267
0.6074,5716,Virtual,Index_FingerTip,-17.727030,1.058633,20.929910,0.445680,0.536994,0.282296,-0.658267
0.6074,5716,Virtual,Middle_MCP,-17.756220,1.015440,20.842330,0.550536,0.472102,0.187030,-0.662608
0.6074,5716,Virtual,Middle_PIP,-17.730650,1.029801,20.886240,0.440145,0.576405,0.320924,-0.609129
0.6074,5716,Virtual,Middle_DIP,-17.727060,1.033029,20.913540,0.324133,0.648775,0.429551,-0.538067
0.6074,5716,Virtual,Middle_FingerTip,-17.733020,1.031850,20.941180,0.324133,0.648775,0.429551,-0.538067
0.6074,5716,Virtual,Ring_MCP,-17.750130,0.991638,20.843090,0.564528,0.480196,0.195024,-0.642406
0.6074,5716,Virtual,Ring_PIP,-17.728600,1.005207,20.882050,0.449806,0.589029,0.326870,-0.586409
0.6074,5716,Virtual,Ring_DIP,-17.726160,1.009068,20.907990,0.328878,0.664169,0.432967,-0.513089
0.6074,5716,Virtual,Ring_FingerTip,-17.732800,1.008876,20.932920,0.328878,0.664169,0.432967,-0.513089
0.6074,5716,Virtual,Pinky_MCP,-17.749780,0.969271,20.842860,0.575832,0.482874,0.197222,-0.629567
0.6074,5716,Virtual,Pinky_PIP,-17.731840,0.981388,20.875740,0.460283,0.594045,0.326294,-0.573396
0.6074,5716,Virtual,Pinky_DIP,-17.730350,0.984556,20.893750,0.338203,0.671095,0.429913,-0.500426
0.6074,5716,Virtual,Pinky_FingerTip,-17.735530,0.985009,20.912190,0.338203,0.671095,0.429913,-0.500426
0.6074,5716,Render,Wrist,-17.841370,0.967378,20.790680,0.653072,0.315385,0.011119,-0.688409
0.6074,5716,Render,Thumb_CMC,-17.827520,1.008580,20.809420,0.007564,0.539785,-0.346221,-0.767272
0.6074,5716,Render,Thumb_MCP,-17.819730,1.032268,20.845560,-0.047595,0.537736,-0.266063,-0.798615
0.6074,5716,Render,Thumb_IP,-17.806000,1.050595,20.888920,-0.153119,0.517667,-0.102677,-0.835484
0.6074,5716,Render,Thumb_FingerTip,-17.793370,1.050967,20.914460,-0.153119,0.517667,-0.102677,-0.835484
0.6074,5716,Render,Index_MCP,-17.769280,1.039560,20.842790,0.529707,0.454318,0.167471,-0.696391
0.6074,5716,Render,Index_PIP,-17.744410,1.051177,20.880730,0.487224,0.499607,0.228713,-0.678747
0.6074,5716,Render,Index_DIP,-17.734120,1.055754,20.904120,0.445680,0.536994,0.282296,-0.658267
0.6074,5716,Render,Index_FingerTip,-17.727030,1.058633,20.929910,0.445680,0.536994,0.282296,-0.658267
0.6074,5716,Render,Middle_MCP,-17.756220,1.015440,20.842330,0.600255,0.407019,0.111129,-0.679471
0.6074,5716,Render,Middle_PIP,-17.722220,1.033268,20.878580,0.502993,0.522464,0.249382,-0.641747
0.6074,5716,Render,Middle_DIP,-17.713080,1.038965,20.904130,0.396685,0.607134,0.364734,-0.583951
0.6074,5716,Render,Middle_FingerTip,-17.713170,1.040541,20.932380,0.396685,0.607134,0.364734,-0.583951
0.6074,5716,Render,Ring_MCP,-17.750130,0.991638,20.843090,0.615865,0.412300,0.120079,-0.660531
0.6074,5716,Render,Ring_PIP,-17.720760,1.007888,20.875320,0.513363,0.534546,0.258654,-0.619530
0.6074,5716,Render,Ring_DIP,-17.713000,1.013904,20.899760,0.400614,0.623530,0.373297,-0.558005
0.6074,5716,Render,Ring_FingerTip,-17.714450,1.016045,20.925430,0.400614,0.623530,0.373297,-0.558005
0.6074,5716,Render,Pinky_MCP,-17.749780,0.969271,20.842860,0.627400,0.413665,0.123735,-0.648028
0.6074,5716,Render,Pinky_PIP,-17.725100,0.983393,20.870080,0.524339,0.538348,0.259549,-0.606535
0.6074,5716,Render,Pinky_DIP,-17.719850,0.987974,20.887060,0.410651,0.629377,0.371669,-0.545081
0.6074,5716,Render,Pinky_FingerTip,-17.721160,0.990115,20.906050,0.410651,0.629377,0.371669,-0.545081
0.6219,5717,Real,Wrist,-17.849770,0.965994,20.784480,0.656908,0.311355,-0.001265,-0.686680
0.6219,5717,Real,Thumb_CMC,-17.835940,1.007605,20.802300,-0.038489,0.510944,-0.369120,-0.775374
0.6219,5717,Real,Thumb_MCP,-17.826920,1.031013,20.838340,-0.105115,0.501493,-0.264325,-0.817060
0.6219,5717,Real,Thumb_IP,-17.809400,1.047022,20.881240,-0.219721,0.462890,-0.065471,-0.856253
0.6219,5717,Real,Thumb_FingerTip,-17.793360,1.044420,20.904650,-0.219721,0.462890,-0.065471,-0.856253
0.6219,5717,Real,Index_MCP,-17.777310,1.039626,20.833970,0.534389,0.451044,0.155559,-0.697703
0.6219,5717,Real,Index_PIP,-17.751800,1.052036,20.871230,0.492355,0.496587,0.216722,-0.681190
0.6219,5717,Real,Index_DIP,-17.741080,1.057065,20.894330,0.451208,0.534251,0.270327,-0.661749
0.6219,5717,Real,Index_FingerTip,-17.733470,1.060409,20.919920,0.451208,0.534251,0.270327,-0.661749
0.6219,5717,Real,Middle_MCP,-17.764040,1.015623,20.833610,0.554993,0.469524,0.175016,-0.664003
0.6219,5717,Real,Middle_PIP,-17.737750,1.030870,20.876790,0.445048,0.574806,0.309456,-0.612999
0.6219,5717,Real,Middle_DIP,-17.733650,1.034536,20.903960,0.329257,0.648120,0.419008,-0.544025
0.6219,5717,Real,Middle_FingerTip,-17.739070,1.033712,20.931720,0.329257,0.648120,0.419008,-0.544025
0.6219,5717,Real,Ring_MCP,-17.757710,0.991892,20.834600,0.568584,0.478301,0.183269,-0.643703
0.6219,5717,Real,Ring_PIP,-17.735590,1.006223,20.872950,0.453989,0.588178,0.315841,-0.590072
0.6219,5717,Real,Ring_DIP,-17.732730,1.010473,20.898790,0.332961,0.664226,0.422986,-0.518675
0.6219,5717,Real,Ring_FingerTip,-17.738920,1.010564,20.923840,0.332961,0.664226,0.422986,-0.518675
0.6219,5717,Real,Pinky_MCP,-17.757150,0.969528,20.834710,0.579795,0.481194,0.185374,-0.630814
0.6219,5717,Real,Pinky_PIP,-17.738720,0.982289,20.867070,0.464329,0.593388,0.315159,-0.577031
0.6219,5717,Real,Pinky_DIP,-17.736940,0.985726,20.885000,0.342112,0.671319,0.419820,-0.506005
0.6219,5717,Real,Pinky_FingerTip,-17.741800,0.986386,20.903520,0.342112,0.671319,0.419820,-0.506005
0.6219,5717,Virtual,Wrist,-17.845440,0.966553,20.787560,0.655070,0.313896,0.005572,-0.687257
0.6219,5717,Virtual,Thumb_CMC,-17.831620,1.007960,20.805850,-0.037925,0.517111,-0.365512,-0.773020
0.6219,5717,Virtual,Thumb_MCP,-17.822920,1.031051,20.842180,-0.105364,0.507681,-0.261057,-0.814253
0.6219,5717,Virtual,Thumb_IP,-17.805850,1.046650,20.885410,-0.221414,0.468848,-0.062952,-0.852758
0.6219,5717,Virtual,Thumb_FingerTip,-17.790100,1.043793,20.909000,-0.221414,0.468848,-0.062952,-0.852758
0.6219,5717,Virtual,Index_MCP,-17.773230,1.039451,20.838480,0.531906,0.453357,0.162204,-0.696587
0.6219,5717,Virtual,Index_PIP,-17.748110,1.051454,20.876140,0.489677,0.498671,0.223242,-0.679490
0.6219,5717,Virtual,Index_DIP,-17.737650,1.056255,20.899400,0.448373,0.536114,0.276691,-0.659535
0.6219,5717,Virtual,Index_FingerTip,-17.730330,1.059370,20.925100,0.448373,0.536114,0.276691,-0.659535
0.6219,5717,Virtual,Middle_MCP,-17.760070,1.015385,20.838090,0.552565,0.471508,0.181772,-0.662806
0.6219,5717,Virtual,Middle_PIP,-17.734230,1.030177,20.881710,0.442260,0.576241,0.315815,-0.610421
0.6219,5717,Virtual,Middle_DIP,-17.730450,1.033618,20.908950,0.326249,0.649006,0.424770,-0.540300
0.6219,5717,Virtual,Middle_FingerTip,-17.736200,1.032613,20.936640,0.326249,0.649006,0.424770,-0.540300
0.6219,5717,Virtual,Ring_MCP,-17.753860,0.991616,20.838980,0.566203,0.480097,0.190091,-0.642485
0.6219,5717,Virtual,Ring_PIP,-17.732140,1.005549,20.877710,0.451281,0.589428,0.322248,-0.587433
0.6219,5717,Virtual,Ring_DIP,-17.729580,1.009590,20.903610,0.330064,0.664934,0.428770,-0.514857
0.6219,5717,Virtual,Ring_FingerTip,-17.736070,1.009524,20.928580,0.330064,0.664934,0.428770,-0.514857
0.6219,5717,Virtual,Pinky_MCP,-17.753420,0.969250,20.838930,0.577457,0.482877,0.192243,-0.629616
0.6219,5717,Virtual,Pinky_PIP,-17.735320,0.981676,20.871610,0.461687,0.594535,0.321617,-0.574401
0.6219,5717,Virtual,Pinky_DIP,-17.733740,0.984969,20.889590,0.339299,0.671940,0.425654,-0.502187
0.6219,5717,Virtual,Pinky_FingerTip,-17.738820,0.985514,20.908050,0.339299,0.671940,0.425654,-0.502187
0.6219,5717,Render,Wrist,-17.845440,0.966553,20.787560,0.655070,0.313896,0.005572,-0.687257
0.6219,5717,Render,Thumb_CMC,-17.831620,1.007960,20.805850,0.007845,0.535151,-0.350021,-0.768790
0.6219,5717,Render,Thumb_MCP,-17.823620,1.031960,20.841750,-0.046842,0.533155,-0.269688,-0.800513
0.6219,5717,Render,Thumb_IP,-17.809590,1.050682,20.884840,-0.151474,0.513326,-0.105855,-0.838062
0.6219,5717,Render,Thumb_FingerTip,-17.796750,1.051306,20.910270,-0.151474,0.513326,-0.105855,-0.838062
0.6219,5717,Render,Index_MCP,-17.773230,1.039451,20.838480,0.532105,0.453124,0.161899,-0.696658
0.6219,5717,Render,Index_PIP,-17.748080,1.051469,20.876120,0.489718,0.498631,0.223186,-0.679508
0.6219,5717,Render,Index_DIP,-17.737620,1.056273,20.899380,0.448245,0.536221,0.276848,-0.659469
0.6219,5717,Render,Index_FingerTip,-17.730310,1.059382,20.925080,0.448245,0.536221,0.276848,-0.659469
0.6219,5717,Render,Middle_MCP,-17.760070,1.015385,20.838090,0.602448,0.405837,0.105473,-0.679138
0.6219,5717,Render,Middle_PIP,-17.725830,1.033642,20.873910,0.505383,0.521761,0.243780,-0.642592
0.6219,5717,Render,Middle_DIP,-17.716500,1.039576,20.899330,0.399164,0.606890,0.359389,-0.585827
0.6219,5717,Render,Middle_FingerTip,-17.716350,1.041371,20.927570,0.399164,0.606890,0.359389,-0.585827
0.6219,5717,Render,Ring_MCP,-17.753860,0.991616,20.838980,0.618011,0.411268,0.114378,-0.660181
0.6219,5717,Render,Ring_PIP,-17.724290,1.008244,20.870830,0.515680,0.533998,0.253010,-0.620409
0.6219,5717,Render,Ring_DIP,-17.716340,1.014483,20.895160,0.402994,0.623438,0.367928,-0.559955
0.6219,5717,Render,Ring_FingerTip,-17.717580,1.016816,20.920830,0.402994,0.623438,0.367928,-0.559955
0.6219,5717,Render,Pinky_MCP,-17.753420,0.969250,20.838930,0.629511,0.412726,0.118006,-0.647648
0.6219,5717,Render,Pinky_PIP,-17.728560,0.983691,20.865820,0.526602,0.537883,0.253872,-0.607390
0.6219,5717,Render,Pinky_DIP,-17.723190,0.988426,20.882720,0.412961,0.629357,0.366263,-0.547014
0.6219,5717,Render,Pinky_FingerTip,-17.724350,0.990708,20.901700,0.412961,0.629357,0.366263,-0.547014
0.6362,5718,Real,Wrist,-17.853820,0.965101,20.781040,0.657010,0.308166,-0.008350,-0.687969
0.6362,5718,Real,Thumb_CMC,-17.839960,1.006838,20.798540,-0.041980,0.505130,-0.371640,-0.777795
0.6362,5718,Real,Thumb_MCP,-17.830590,1.030361,20.834420,-0.107807,0.495274,-0.266519,-0.819786
0.6362,5718,Real,Thumb_IP,-17.812580,1.046551,20.877050,-0.220868,0.456219,-0.066988,-0.859415
0.6362,5718,Real,Thumb_FingerTip,-17.796200,1.044089,20.900240,-0.220868,0.456219,-0.066988,-0.859415
0.6362,5718,Real,Index_MCP,-17.781060,1.039270,20.829280,0.535167,0.447778,0.149280,-0.700576
0.6362,5718,Real,Index_PIP,-17.755100,1.051919,20.866140,0.493419,0.493403,0.210722,-0.684608
0.6362,5718,Real,Index_DIP,-17.744090,1.057068,20.889070,0.452523,0.531161,0.264618,-0.665635
0.6362,5718,Real,Index_FingerTip,-17.736130,1.060524,20.914540,0.452523,0.531161,0.264618,-0.665635
0.6362,5718,Real,Middle_MCP,-17.767660,1.015339,20.828790,0.555796,0.466605,0.168663,-0.667027
0.6362,5718,Real,Middle_PIP,-17.740860,1.030846,20.871550,0.446426,0.572129,0.303888,-0.617271
0.6362,5718,Real,Middle_DIP,-17.736400,1.034606,20.898660,0.331098,0.645758,0.414354,-0.549256
0.6362,5718,Real,Middle_FingerTip,-17.741420,1.033827,20.926490,0.331098,0.645758,0.414354,-0.549256
0.6362,5718,Real,Ring_MCP,-17.761190,0.991645,20.829750,0.569180,0.475833,0.177143,-0.646713
0.6362,5718,Real,Ring_PIP,-17.738650,1.006190,20.867780,0.454935,0.586018,0.310656,-0.594231
0.6362,5718,Real,Ring_DIP,-17.735480,1.010510,20.893570,0.334140,0.662369,0.418823,-0.523646
0.6362,5718,Real,Ring_FingerTip,-17.741370,1.010614,20.918690,0.334140,0.662369,0.418823,-0.523646
0.6362,5718,Real,Pinky_MCP,-17.760510,0.969285,20.829910,0.580377,0.478862,0.179189,-0.633834
0.6362,5718,Real,Pinky_PIP,-17.741720,0.982226,20.862010,0.465232,0.591359,0.309916,-0.581211
0.6362,5718,Real,Pinky_DIP,-17.739730,0.985712,20.879910,0.343222,0.669585,0.415599,-0.511010
0.6362,5718,Real,Pinky_FingerTip,-17.744370,0.986380,20.898480,0.343222,0.669585,0.415599,-0.511010
0.6362,5718,Virtual,Wrist,-17.849770,0.965994,20.784480,0.656908,0.311355,-0.001265,-0.686680
0.6362,5718,Virtual,Thumb_CMC,-17.835940,1.007605,20.802300,-0.039018,0.511397,-0.369080,-0.775068
0.6362,5718,Virtual,Thumb_MCP,-17.826960,1.030975,20.838370,-0.105692,0.501875,-0.264338,-0.816747
0.6362,5718,Virtual,Thumb_IP,-17.809480,1.046945,20.881310,-0.220358,0.463133,-0.065581,-0.855950
0.6362,5718,Virtual,Thumb_FingerTip,-17.793450,1.044327,20.904730,-0.220358,0.463133,-0.065581,-0.855950
0.6362,5718,Virtual,Index_MCP,-17.777310,1.039626,20.833970,0.534290,0.451162,0.155712,-0.697669
0.6362,5718,Virtual,Index_PIP,-17.751810,1.052028,20.871250,0.492246,0.496695,0.216871,-0.681142
0.6362,5718,Virtual,Index_DIP,-17.741110,1.057052,20.894350,0.451091,0.534349,0.270472,-0.661690
0.6362,5718,Virtual,Index_FingerTip,-17.733510,1.060392,20.919940,0.451091,0.534349,0.270472,-0.661690
0.6362,5718,Virtual,Middle_MCP,-17.764040,1.015623,20.833610,0.554878,0.469660,0.175179,-0.663960
0.6362,5718,Virtual,Middle_PIP,-17.737770,1.030862,20.876810,0.444892,0.574927,0.309623,-0.612915
0.6362,5718,Virtual,Middle_DIP,-17.733690,1.034521,20.903980,0.329065,0.648217,0.419168,-0.543901
0.6362,5718,Virtual,Middle_FingerTip,-17.739110,1.033690,20.931740,0.329065,0.648217,0.419168,-0.543901
0.6362,5718,Virtual,Ring_MCP,-17.757710,0.991892,20.834600,0.568254,0.478693,0.183713,-0.643576
0.6362,5718,Virtual,Ring_PIP,-17.735640,1.006205,20.872990,0.453422,0.588615,0.316409,-0.589768
0.6362,5718,Virtual,Ring_DIP,-17.732830,1.010435,20.898840,0.332158,0.664628,0.423613,-0.518163
0.6362,5718,Virtual,Ring_FingerTip,-17.739080,1.010500,20.923870,0.332158,0.664628,0.423613,-0.518163
0.6362,5718,Virtual,Pinky_MCP,-17.757150,0.969528,20.834710,0.579463,0.481594,0.185809,-0.630686
0.6362,5718,Virtual,Pinky_PIP,-17.738760,0.982275,20.867100,0.463758,0.593835,0.315715,-0.576727
0.6362,5718,Virtual,Pinky_DIP,-17.737010,0.985699,20.885040,0.341301,0.671732,0.420432,-0.505497
0.6362,5718,Virtual,Pinky_FingerTip,-17.741920,0.986340,20.903550,0.341301,0.671732,0.420432,-0.505497
0.6362,5718,Render,Wrist,-17.849770,0.965994,20.784480,0.656908,0.311355,-0.001265,-0.686680
0.6362,5718,Render,Thumb_CMC,-17.835940,1.007605,20.802300,0.007344,0.528562,-0.354103,-0.771480
0.6362,5718,Render,Thumb_MCP,-17.827570,1.031937,20.837880,-0.046667,0.526549,-0.273474,-0.803605
0.6362,5718,Render,Thumb_IP,-17.813060,1.051078,20.880620,-0.149995,0.506885,-0.108954,-0.841842
0.6362,5718,Render,Thumb_FingerTip,-17.799880,1.051973,20.905880,-0.149995,0.506885,-0.108954,-0.841842
0.6362,5718,Render,Index_MCP,-17.777310,1.039626,20.833970,0.534389,0.451044,0.155559,-0.697703
0.6362,5718,Render,Index_PIP,-17.751800,1.052036,20.871230,0.492355,0.496587,0.216722,-0.681190
0.6362,5718,Render,Index_DIP,-17.741090,1.057065,20.894340,0.451208,0.534251,0.270327,-0.661749
0.6362,5718,Render,Index_FingerTip,-17.733470,1.060409,20.919920,0.451208,0.534251,0.270327,-0.661749
0.6362,5718,Render,Middle_MCP,-17.764040,1.015623,20.833610,0.604636,0.403590,0.098625,-0.679562
0.6362,5718,Render,Middle_PIP,-17.729460,1.034317,20.868870,0.507989,0.520017,0.237168,-0.644424
0.6362,5718,Render,Middle_DIP,-17.719850,1.040488,20.894130,0.402049,0.605662,0.353234,-0.588860
0.6362,5718,Render,Middle_FingerTip,-17.719380,1.042498,20.922350,0.402049,0.605662,0.353234,-0.588860
0.6362,5718,Render,Ring_MCP,-17.757710,0.991892,20.834600,0.620168,0.409208,0.107461,-0.660601
0.6362,5718,Render,Ring_PIP,-17.727830,1.008904,20.865960,0.518228,0.532447,0.246343,-0.622299
0.6362,5718,Render,Ring_DIP,-17.719620,1.015365,20.890140,0.405793,0.622408,0.361751,-0.563096
0.6362,5718,Render,Ring_FingerTip,-17.720560,1.017887,20.915810,0.405793,0.622408,0.361751,-0.563096
0.6362,5718,Render,Pinky_MCP,-17.757150,0.969528,20.834710,0.631639,0.410784,0.111045,-0.648042
0.6362,5718,Render,Pinky_PIP,-17.732040,0.984293,20.861200,0.529096,0.536441,0.247156,-0.609265
0.6362,5718,Render,Pinky_DIP,-17.726500,0.989182,20.877990,0.415686,0.628423,0.360035,-0.550150
0.6362,5718,Render,Pinky_FingerTip,-17.727440,0.991602,20.896970,0.415686,0.628423,0.360035,-0.550150
0.6507,5719,Real,Wrist,-17.857990,0.964332,20.777970,0.657069,0.304951,-0.015280,-0.689226
0.6507,5719,Real,Thumb_CMC,-17.844100,1.006190,20.795150,-0.044423,0.498479,-0.374023,-0.780803
0.6507,5719,Real,Thumb_MCP,-17.834300,1.029893,20.830800,-0.109336,0.488365,-0.268523,-0.823068
0.6507,5719,Real,Thumb_IP,-17.815730,1.046329,20.873090,-0.220699,0.449162,-0.068235,-0.863070
0.6507,5719,Real,Thumb_FingerTip,-17.798990,1.044036,20.896040,-0.220699,0.449162,-0.068235,-0.863070
0.6507,5719,Real,Index_MCP,-17.784940,1.039016,20.824960,0.536008,0.444365,0.142992,-0.703413
0.6507,5719,Real,Index_PIP,-17.758520,1.051903,20.861410,0.494559,0.490078,0.204710,-0.687990
0.6507,5719,Real,Index_DIP,-17.747210,1.057174,20.884170,0.453924,0.527937,0.258894,-0.669485
0.6507,5719,Real,Index_FingerTip,-17.738910,1.060742,20.909510,0.453924,0.527937,0.258894,-0.669485
0.6507,5719,Real,Middle_MCP,-17.771430,1.015153,20.824340,0.556679,0.463512,0.162289,-0.670021
0.6507,5719,Real,Middle_PIP,-17.744090,1.030920,20.866680,0.447935,0.569289,0.298278,-0.621527
0.6507,5719,Real,Middle_DIP,-17.739270,1.034779,20.893700,0.333112,0.643251,0.409642,-0.554490
0.6507,5719,Real,Middle_FingerTip,-17.743890,1.034051,20.921610,0.333112,0.643251,0.409642,-0.554490
0.6507,5719,Real,Ring_MCP,-17.764810,0.991497,20.825280,0.569932,0.473100,0.170905,-0.649728
0.6507,5719,Real,Ring_PIP,-17.741830,1.006257,20.862950,0.456153,0.583584,0.305303,-0.598452
0.6507,5719,Real,Ring_DIP,-17.738340,1.010656,20.888690,0.335703,0.660265,0.414457,-0.528753
0.6507,5719,Real,Ring_FingerTip,-17.743900,1.010786,20.913880,0.335703,0.660265,0.414457,-0.528753
0.6507,5719,Real,Pinky_MCP,-17.764020,0.969141,20.825490,0.581117,0.476256,0.172896,-0.636860
0.6507,5719,Real,Pinky_PIP,-17.744860,0.982264,20.857290,0.466410,0.589049,0.304509,-0.585455
0.6507,5719,Real,Pinky_DIP,-17.742650,0.985803,20.875150,0.344721,0.667596,0.411185,-0.516150
0.6507,5719,Real,Pinky_FingerTip,-17.747040,0.986489,20.893780,0.344721,0.667596,0.411185,-0.516150
0.6507,5719,Virtual,Wrist,-17.853830,0.965101,20.781060,0.657010,0.308166,-0.008350,-0.687969
0.6507,5719,Virtual,Thumb_CMC,-17.839970,1.006838,20.798550,-0.041513,0.504680,-0.371592,-0.778135
0.6507,5719,Virtual,Thumb_MCP,-17.830550,1.030391,20.834400,-0.107263,0.494894,-0.266462,-0.820105
0.6507,5719,Virtual,Thumb_IP,-17.812500,1.046615,20.877000,-0.220214,0.455994,-0.066927,-0.859707
0.6507,5719,Virtual,Thumb_FingerTip,-17.796100,1.044171,20.900180,-0.220214,0.455994,-0.066927,-0.859707
0.6507,5719,Virtual,Index_MCP,-17.781070,1.039270,20.829290,0.535167,0.447778,0.149280,-0.700576
0.6507,5719,Virtual,Index_PIP,-17.755110,1.051919,20.866150,0.493419,0.493403,0.210722,-0.684608
0.6507,5719,Virtual,Index_DIP,-17.744090,1.057068,20.889080,0.452523,0.531161,0.264618,-0.665634
0.6507,5719,Virtual,Index_FingerTip,-17.736140,1.060524,20.914550,0.452523,0.531161,0.264618,-0.665634
0.6507,5719,Virtual,Middle_MCP,-17.767670,1.015338,20.828790,0.555796,0.466604,0.168663,-0.667027
0.6507,5719,Virtual,Middle_PIP,-17.740860,1.030846,20.871570,0.446426,0.572129,0.303888,-0.617271
0.6507,5719,Virtual,Middle_DIP,-17.736410,1.034606,20.898660,0.331098,0.645758,0.414354,-0.549257
0.6507,5719,Virtual,Middle_FingerTip,-17.741430,1.033827,20.926510,0.331098,0.645758,0.414354,-0.549257
0.6507,5719,Virtual,Ring_MCP,-17.761190,0.991645,20.829760,0.569040,0.476001,0.177333,-0.646661
0.6507,5719,Virtual,Ring_PIP,-17.738670,1.006182,20.867800,0.454664,0.586228,0.310931,-0.594087
0.6507,5719,Virtual,Ring_DIP,-17.735530,1.010492,20.893600,0.333734,0.662574,0.419144,-0.523389
0.6507,5719,Virtual,Ring_FingerTip,-17.741440,1.010583,20.918710,0.333734,0.662574,0.419144,-0.523389
0.6507,5719,Virtual,Pinky_MCP,-17.760520,0.969285,20.829930,0.580236,0.479033,0.179375,-0.633781
0.6507,5719,Virtual,Pinky_PIP,-17.741750,0.982220,20.862030,0.464959,0.591574,0.310184,-0.581068
0.6507,5719,Virtual,Pinky_DIP,-17.739770,0.985699,20.879930,0.342812,0.669796,0.415913,-0.510755
0.6507,5719,Virtual,Pinky_FingerTip,-17.744430,0.986358,20.898500,0.342812,0.669796,0.415913,-0.510755
0.6507,5719,Render,Wrist,-17.853830,0.965101,20.781060,0.657010,0.308166,-0.008350,-0.687969
0.6507,5719,Render,Thumb_CMC,-17.839970,1.006838,20.798550,0.004405,0.523089,-0.356875,-0.773950
0.6507,5719,Render,Thumb_MCP,-17.831270,1.031297,20.833970,-0.049032,0.520804,-0.275980,-0.806346
0.6507,5719,Render,Thumb_IP,-17.816310,1.050615,20.876480,-0.151176,0.500787,-0.110867,-0.845025
0.6507,5719,Render,Thumb_FingerTip,-17.802800,1.051640,20.901550,-0.151176,0.500787,-0.110867,-0.845025
0.6507,5719,Render,Index_MCP,-17.781070,1.039270,20.829290,0.535167,0.447778,0.149280,-0.700576
0.6507,5719,Render,Index_PIP,-17.755110,1.051919,20.866150,0.493419,0.493403,0.210722,-0.684608
0.6507,5719,Render,Index_DIP,-17.744090,1.057068,20.889080,0.452523,0.531161,0.264618,-0.665634
0.6507,5719,Render,Index_FingerTip,-17.736140,1.060524,20.914550,0.452523,0.531161,0.264618,-0.665634
0.6507,5719,Render,Middle_MCP,-17.767670,1.015338,20.828790,0.605201,0.400450,0.091803,-0.681868
0.6507,5719,Render,Middle_PIP,-17.732690,1.034323,20.863500,0.509192,0.517061,0.230971,-0.648093
0.6507,5719,Render,Middle_DIP,-17.722740,1.040620,20.888600,0.403782,0.602983,0.347831,-0.593621
0.6507,5719,Render,Middle_FingerTip,-17.721870,1.042714,20.916810,0.403782,0.602983,0.347831,-0.593621
0.6507,5719,Render,Ring_MCP,-17.761190,0.991645,20.829760,0.620754,0.406260,0.100570,-0.662950
0.6507,5719,Render,Ring_PIP,-17.730960,1.008911,20.860640,0.519431,0.529693,0.240114,-0.626069
0.6507,5719,Render,Ring_DIP,-17.722440,1.015487,20.884680,0.407505,0.619938,0.356367,-0.567997
0.6507,5719,Render,Ring_FingerTip,-17.723020,1.018078,20.910350,0.407505,0.619938,0.356367,-0.567997
0.6507,5719,Render,Pinky_MCP,-17.760520,0.969285,20.829930,0.632228,0.407964,0.104102,-0.650397
0.6507,5719,Render,Pinky_PIP,-17.735100,0.984264,20.856000,0.530275,0.533812,0.240879,-0.613051
0.6507,5719,Render,Pinky_DIP,-17.729340,0.989231,20.872700,0.417350,0.626071,0.354606,-0.555075
0.6507,5719,Render,Pinky_FingerTip,-17.730020,0.991701,20.891680,0.417350,0.626071,0.354606,-0.555075
0.6642,5720,Real,Wrist,-17.861860,0.962980,20.774570,0.656382,0.299900,-0.023964,-0.691844
0.6642,5720,Real,Thumb_CMC,-17.847870,1.004935,20.791440,-0.049355,0.490333,-0.375744,-0.784828
0.6642,5720,Real,Thumb_MCP,-17.837480,1.028708,20.826860,-0.113119,0.479653,-0.269770,-0.827262
0.6642,5720,Real,Thumb_IP,-17.818140,1.045272,20.868760,-0.222271,0.439839,-0.068593,-0.867429
0.6642,5720,Real,Thumb_FingerTip,-17.800940,1.043091,20.891380,-0.222271,0.439839,-0.068593,-0.867429
0.6642,5720,Real,Index_MCP,-17.788310,1.038129,20.820010,0.536425,0.439024,0.135550,-0.707908
0.6642,5720,Real,Index_PIP,-17.761260,1.051199,20.855930,0.495620,0.484618,0.197448,-0.693196
0.6642,5720,Real,Index_DIP,-17.749520,1.056562,20.878450,0.455584,0.522433,0.251855,-0.675334
0.6642,5720,Real,Index_FingerTip,-17.740710,1.060216,20.903600,0.455584,0.522433,0.251855,-0.675334
0.6642,5720,Real,Middle_MCP,-17.774680,1.014343,20.819150,0.557217,0.458571,0.154710,-0.674750
0.6642,5720,Real,Middle_PIP,-17.746610,1.030304,20.860930,0.449560,0.564512,0.291771,-0.627768
0.6642,5720,Real,Middle_DIP,-17.741280,1.034219,20.887850,0.335677,0.638826,0.404359,-0.561887
0.6642,5720,Real,Middle_FingerTip,-17.745330,1.033496,20.915850,0.335677,0.638826,0.404359,-0.561887
0.6642,5720,Real,Ring_MCP,-17.767910,0.990725,20.819980,0.570443,0.468494,0.163341,-0.654544
0.6642,5720,Real,Ring_PIP,-17.744290,1.005648,20.857190,0.457663,0.579169,0.298907,-0.604784
0.6642,5720,Real,Ring_DIP,-17.740320,1.010089,20.882850,0.338062,0.656206,0.409371,-0.536213
0.6642,5720,Real,Ring_FingerTip,-17.745390,1.010209,20.908150,0.338062,0.656206,0.409371,-0.536213
0.6642,5720,Real,Pinky_MCP,-17.766980,0.968375,20.820200,0.581630,0.471816,0.165251,-0.641708
0.6642,5720,Real,Pinky_PIP,-17.747290,0.981633,20.851610,0.467887,0.584795,0.298041,-0.591835
0.6642,5720,Real,Pinky_DIP,-17.744750,0.985201,20.869420,0.347017,0.663689,0.406037,-0.523671
0.6642,5720,Real,Pinky_FingerTip,-17.748790,0.985878,20.888140,0.347017,0.663689,0.406037,-0.523671
0.6642,5720,Virtual,Wrist,-17.858000,0.964332,20.777980,0.657069,0.304951,-0.015280,-0.689226
0.6642,5720,Virtual,Thumb_CMC,-17.844110,1.006190,20.795160,-0.044622,0.498491,-0.373730,-0.780924
0.6642,5720,Virtual,Thumb_MCP,-17.834290,1.029868,20.830810,-0.109495,0.488360,-0.268285,-0.823128
0.6642,5720,Virtual,Thumb_IP,-17.815700,1.046279,20.873110,-0.220787,0.449153,-0.068118,-0.863062
0.6642,5720,Virtual,Thumb_FingerTip,-17.798960,1.043978,20.896060,-0.220787,0.449153,-0.068118,-0.863062
0.6642,5720,Virtual,Index_MCP,-17.784940,1.039016,20.824960,0.535910,0.444483,0.143146,-0.703381
0.6642,5720,Virtual,Index_PIP,-17.758540,1.051895,20.861430,0.494626,0.490010,0.204615,-0.688018
0.6642,5720,Virtual,Index_DIP,-17.747220,1.057169,20.884180,0.454165,0.527730,0.258588,-0.669603
0.6642,5720,Virtual,Index_FingerTip,-17.738900,1.060748,20.909510,0.454165,0.527730,0.258588,-0.669603
0.6642,5720,Virtual,Middle_MCP,-17.771430,1.015153,20.824340,0.556582,0.463628,0.162429,-0.669987
0.6642,5720,Virtual,Middle_PIP,-17.744110,1.030913,20.866700,0.447887,0.569326,0.298330,-0.621502
0.6642,5720,Virtual,Middle_DIP,-17.739300,1.034770,20.893720,0.333130,0.643241,0.409626,-0.554502
0.6642,5720,Virtual,Middle_FingerTip,-17.743910,1.034043,20.921630,0.333130,0.643241,0.409626,-0.554502
0.6642,5720,Virtual,Ring_MCP,-17.764820,0.991497,20.825280,0.569760,0.473307,0.171140,-0.649666
0.6642,5720,Virtual,Ring_PIP,-17.741860,1.006247,20.862970,0.455972,0.583726,0.305489,-0.598357
0.6642,5720,Virtual,Ring_DIP,-17.738380,1.010640,20.888720,0.335528,0.660354,0.414597,-0.528643
0.6642,5720,Virtual,Ring_FingerTip,-17.743950,1.010764,20.913910,0.335528,0.660354,0.414597,-0.528643
0.6642,5720,Virtual,Pinky_MCP,-17.764020,0.969141,20.825490,0.580944,0.476467,0.173127,-0.636797
0.6642,5720,Virtual,Pinky_PIP,-17.744880,0.982256,20.857300,0.466227,0.589194,0.304691,-0.585361
0.6642,5720,Virtual,Pinky_DIP,-17.742680,0.985791,20.875170,0.344544,0.667688,0.411322,-0.516041
0.6642,5720,Virtual,Pinky_FingerTip,-17.747090,0.986473,20.893800,0.344544,0.667688,0.411322,-0.516041
0.6642,5720,Render,Wrist,-17.858000,0.964332,20.777980,0.657069,0.304951,-0.015280,-0.689226
0.6642,5720,Render,Thumb_CMC,-17.844110,1.006190,20.795160,0.001578,0.516435,-0.359788,-0.777075
0.6642,5720,Render,Thumb_MCP,-17.834990,1.030815,20.830350,-0.051164,0.513896,-0.278558,-0.809752
0.6642,5720,Render,Thumb_IP,-17.819460,1.050356,20.872550,-0.151898,0.493593,-0.112720,-0.848874
0.6642,5720,Render,Thumb_FingerTip,-17.805580,1.051536,20.897410,-0.151898,0.493593,-0.112720,-0.848874
0.6642,5720,Render,Index_MCP,-17.784940,1.039016,20.824960,0.536008,0.444365,0.142992,-0.703413
0.6642,5720,Render,Index_PIP,-17.758530,1.051903,20.861410,0.494559,0.490078,0.204709,-0.687990
0.6642,5720,Render,Index_DIP,-17.747210,1.057174,20.884170,0.453924,0.527937,0.258894,-0.669485
0.6642,5720,Render,Index_FingerTip,-17.738910,1.060742,20.909510,0.453924,0.527937,0.258894,-0.669485
0.6642,5720,Render,Middle_MCP,-17.771430,1.015153,20.824340,0.605727,0.397277,0.085129,-0.684119
0.6642,5720,Render,Middle_PIP,-17.736060,1.034417,20.858490,0.510364,0.514066,0.224908,-0.651676
0.6642,5720,Render,Middle_DIP,-17.725800,1.040837,20.883430,0.405492,0.600259,0.342543,-0.598272
0.6642,5720,Render,Middle_FingerTip,-17.724530,1.043014,20.911610,0.405492,0.600259,0.342543,-0.598272
0.6642,5720,Render,Ring_MCP,-17.764820,0.991497,20.825280,0.621301,0.403276,0.093827,-0.665245
0.6642,5720,Render,Ring_PIP,-17.734240,1.009007,20.855670,0.520604,0.526894,0.234019,-0.629754
0.6642,5720,Render,Ring_DIP,-17.725410,1.015694,20.879570,0.409196,0.617418,0.351096,-0.572788
0.6642,5720,Render,Ring_FingerTip,-17.725640,1.018354,20.905240,0.409196,0.617418,0.351096,-0.572788
0.6642,5720,Render,Pinky_MCP,-17.764020,0.969141,20.825490,0.632778,0.405103,0.097308,-0.652698
0.6642,5720,Render,Pinky_PIP,-17.738320,0.984325,20.851160,0.531424,0.531136,0.234734,-0.616752
0.6642,5720,Render,Pinky_DIP,-17.732340,0.989370,20.867760,0.418994,0.623667,0.349290,-0.559893
0.6642,5720,Render,Pinky_FingerTip,-17.732760,0.991889,20.886750,0.418994,0.623667,0.349290,-0.559893
0.6783,5721,Real,Wrist,-17.866090,0.961607,20.771230,0.656072,0.294279,-0.031562,-0.694243
0.6783,5721,Real,Thumb_CMC,-17.851910,1.003628,20.787770,-0.053256,0.482459,-0.376816,-0.788928
0.6783,5721,Real,Thumb_MCP,-17.840910,1.027479,20.822960,-0.115956,0.471336,-0.270296,-0.831467
0.6783,5721,Real,Thumb_IP,-17.820830,1.044158,20.864460,-0.223082,0.431089,-0.068121,-0.871640
0.6783,5721,Real,Thumb_FingerTip,-17.803190,1.042061,20.886750,-0.223082,0.431089,-0.068121,-0.871640
0.6783,5721,Real,Index_MCP,-17.791920,1.037048,20.815160,0.537440,0.433149,0.128983,-0.711972
0.6783,5721,Real,Index_PIP,-17.764230,1.050250,20.850530,0.497149,0.478856,0.191265,-0.697824
0.6783,5721,Real,Index_DIP,-17.752070,1.055680,20.872810,0.457566,0.516811,0.246059,-0.680438
0.6783,5721,Real,Index_FingerTip,-17.742790,1.059395,20.897790,0.457566,0.516811,0.246059,-0.680438
0.6783,5721,Real,Middle_MCP,-17.778230,1.013304,20.814060,0.558362,0.453059,0.147984,-0.679021
0.6783,5721,Real,Middle_PIP,-17.749410,1.029409,20.855280,0.451828,0.559360,0.286081,-0.633345
0.6783,5721,Real,Middle_DIP,-17.743580,1.033375,20.882080,0.338871,0.634191,0.399817,-0.568433
0.6783,5721,Real,Middle_FingerTip,-17.747090,1.032676,20.910150,0.338871,0.634191,0.399817,-0.568433
0.6783,5721,Real,Ring_MCP,-17.771380,0.989710,20.814790,0.571642,0.463203,0.156514,-0.658917
0.6783,5721,Real,Ring_PIP,-17.747090,1.004755,20.851520,0.459961,0.574254,0.293167,-0.610510
0.6783,5721,Real,Ring_DIP,-17.742650,1.009242,20.877100,0.341260,0.651823,0.404835,-0.542934
0.6783,5721,Real,Ring_FingerTip,-17.747220,1.009378,20.902490,0.341260,0.651823,0.404835,-0.542934
0.6783,5721,Real,Pinky_MCP,-17.770370,0.967363,20.815020,0.582834,0.466666,0.158334,-0.646110
0.6783,5721,Real,Pinky_PIP,-17.750120,0.980725,20.846030,0.470159,0.580020,0.292220,-0.597608
0.6783,5721,Real,Pinky_DIP,-17.747250,0.984323,20.863790,0.350163,0.659438,0.401431,-0.530453
0.6783,5721,Real,Pinky_FingerTip,-17.750930,0.985011,20.882580,0.350163,0.659438,0.401431,-0.530453
0.6783,5721,Virtual,Wrist,-17.861870,0.962981,20.774580,0.656382,0.299900,-0.023964,-0.691844
0.6783,5721,Virtual,Thumb_CMC,-17.847880,1.004936,20.791440,-0.049354,0.490333,-0.375744,-0.784828
0.6783,5721,Virtual,Thumb_MCP,-17.837480,1.028708,20.826870,-0.113118,0.479653,-0.269769,-0.827262
0.6783,5721,Virtual,Thumb_IP,-17.818150,1.045272,20.868770,-0.222271,0.439839,-0.068593,-0.867429
0.6783,5721,Virtual,Thumb_FingerTip,-17.800940,1.043091,20.891380,-0.222271,0.439839,-0.068593,-0.867429
0.6783,5721,Virtual,Index_MCP,-17.788320,1.038129,20.820020,0.536425,0.439024,0.135550,-0.707908
0.6783,5721,Virtual,Index_PIP,-17.761260,1.051199,20.855940,0.495620,0.484618,0.197448,-0.693196
0.6783,5721,Virtual,Index_DIP,-17.749520,1.056562,20.878460,0.455585,0.522433,0.251855,-0.675334
0.6783,5721,Virtual,Index_FingerTip,-17.740720,1.060217,20.903610,0.455585,0.522433,0.251855,-0.675334
0.6783,5721,Virtual,Middle_MCP,-17.774680,1.014343,20.819150,0.557217,0.458571,0.154710,-0.674750
0.6783,5721,Virtual,Middle_PIP,-17.746610,1.030304,20.860940,0.449560,0.564512,0.291771,-0.627768
0.6783,5721,Virtual,Middle_DIP,-17.741280,1.034219,20.887860,0.335677,0.638826,0.404359,-0.561887
0.6783,5721,Virtual,Middle_FingerTip,-17.745330,1.033497,20.915860,0.335677,0.638826,0.404359,-0.561887
0.6783,5721,Virtual,Ring_MCP,-17.767920,0.990725,20.819980,0.570443,0.468494,0.163342,-0.654544
0.6783,5721,Virtual,Ring_PIP,-17.744290,1.005648,20.857200,0.457663,0.579169,0.298907,-0.604784
0.6783,5721,Virtual,Ring_DIP,-17.740330,1.010089,20.882860,0.338062,0.656206,0.409371,-0.536213
0.6783,5721,Virtual,Ring_FingerTip,-17.745400,1.010209,20.908160,0.338062,0.656206,0.409371,-0.536213
0.6783,5721,Virtual,Pinky_MCP,-17.766990,0.968375,20.820210,0.581630,0.471815,0.165251,-0.641708
0.6783,5721,Virtual,Pinky_PIP,-17.747300,0.981634,20.851620,0.467887,0.584795,0.298041,-0.591835
0.6783,5721,Virtual,Pinky_DIP,-17.744760,0.985201,20.869430,0.347017,0.663689,0.406037,-0.523671
0.6783,5721,Virtual,Pinky_FingerTip,-17.748790,0.985879,20.888150,0.347017,0.663689,0.406037,-0.523671
0.6783,5721,Render,Wrist,-17.861870,0.962981,20.774580,0.656382,0.299900,-0.023964,-0.691844
0.6783,5721,Render,Thumb_CMC,-17.847880,1.004936,20.791440,-0.003070,0.508452,-0.362262,-0.781174
0.6783,5721,Render,Thumb_MCP,-17.838190,1.029651,20.826420,-0.054973,0.505481,-0.280601,-0.814082
0.6783,5721,Render,Thumb_IP,-17.821940,1.049327,20.868290,-0.153966,0.484590,-0.113866,-0.853523
0.6783,5721,Render,Thumb_FingerTip,-17.807570,1.050613,20.892860,-0.153966,0.484590,-0.113866,-0.853523
0.6783,5721,Render,Index_MCP,-17.788320,1.038129,20.820020,0.536425,0.439024,0.135550,-0.707908
0.6783,5721,Render,Index_PIP,-17.761260,1.051199,20.855940,0.495620,0.484618,0.197448,-0.693196
0.6783,5721,Render,Index_DIP,-17.749520,1.056562,20.878460,0.455585,0.522433,0.251855,-0.675334
0.6783,5721,Render,Index_FingerTip,-17.740720,1.060217,20.903610,0.455585,0.522433,0.251855,-0.675334
0.6783,5721,Render,Middle_MCP,-17.774680,1.014343,20.819150,0.605782,0.392181,0.076919,-0.687973
0.6783,5721,Render,Middle_PIP,-17.738740,1.033845,20.852570,0.511472,0.509091,0.217673,-0.657146
0.6783,5721,Render,Middle_DIP,-17.728020,1.040350,20.877290,0.407510,0.595578,0.336456,-0.604996
0.6783,5721,Render,Middle_FingerTip,-17.726200,1.042566,20.905450,0.407510,0.595578,0.336456,-0.604996
0.6783,5721,Render,Ring_MCP,-17.767920,0.990725,20.819980,0.621415,0.398416,0.085510,-0.669176
0.6783,5721,Render,Ring_PIP,-17.736840,1.008442,20.849750,0.521755,0.522171,0.226736,-0.635373
0.6783,5721,Render,Ring_DIP,-17.727570,1.015207,20.873460,0.411236,0.613006,0.345035,-0.579707
0.6783,5721,Render,Ring_FingerTip,-17.727300,1.017893,20.899120,0.411236,0.613006,0.345035,-0.579707
0.6783,5721,Render,Pinky_MCP,-17.766990,0.968375,20.820210,0.632914,0.400403,0.088911,-0.656652
0.6783,5721,Render,Pinky_PIP,-17.740860,0.983733,20.845340,0.532563,0.526574,0.227378,-0.622412
0.6783,5721,Render,Pinky_DIP,-17.734590,0.988830,20.861810,0.420992,0.619411,0.343164,-0.566864
0.6783,5721,Render,Pinky_FingerTip,-17.734650,0.991368,20.880800,0.420992,0.619411,0.343164,-0.566864
0.6924,5722,Real,Wrist,-17.870470,0.960265,20.767720,0.655880,0.288244,-0.037351,-0.696665
0.6924,5722,Real,Thumb_CMC,-17.856010,1.002293,20.784000,-0.056417,0.475505,-0.376455,-0.793091
0.6924,5722,Real,Thumb_MCP,-17.844400,1.026157,20.818980,-0.118131,0.464040,-0.269479,-0.835520
0.6924,5722,Real,Thumb_IP,-17.823610,1.042861,20.860120,-0.223411,0.423528,-0.066539,-0.875377
0.6924,5722,Real,Thumb_FingerTip,-17.805590,1.040788,20.882100,-0.223411,0.423528,-0.066539,-0.875377
0.6924,5722,Real,Index_MCP,-17.795560,1.035728,20.810330,0.538554,0.427096,0.124353,-0.715602
0.6924,5722,Real,Index_PIP,-17.767260,1.048936,20.845220,0.498793,0.472924,0.186973,-0.701848
0.6924,5722,Real,Index_DIP,-17.754730,1.054369,20.867290,0.459675,0.511028,0.242100,-0.684790
0.6924,5722,Real,Index_FingerTip,-17.745030,1.058088,20.892110,0.459675,0.511028,0.242100,-0.684790
0.6924,5722,Real,Middle_MCP,-17.781880,1.011984,20.809000,0.559618,0.447316,0.143180,-0.682815
0.6924,5722,Real,Middle_PIP,-17.752370,1.028096,20.849720,0.454237,0.554015,0.282189,-0.638049
0.6924,5722,Real,Middle_DIP,-17.746080,1.032066,20.876420,0.342226,0.629401,0.396889,-0.573774
0.6924,5722,Real,Middle_FingerTip,-17.749120,1.031368,20.904550,0.342226,0.629401,0.396889,-0.573774
0.6924,5722,Real,Ring_MCP,-17.775010,0.988390,20.809620,0.572897,0.457724,0.151687,-0.662774
0.6924,5722,Real,Ring_PIP,-17.750120,1.003439,20.845940,0.462294,0.569216,0.289335,-0.615275
0.6924,5722,Real,Ring_DIP,-17.745260,1.007924,20.871440,0.344456,0.647358,0.402040,-0.548308
0.6924,5722,Real,Ring_FingerTip,-17.749420,1.008056,20.896900,0.344456,0.647358,0.402040,-0.548308
0.6924,5722,Real,Pinky_MCP,-17.774000,0.966043,20.809840,0.584101,0.461304,0.153405,-0.649994
0.6924,5722,Real,Pinky_PIP,-17.753240,0.979409,20.840510,0.472478,0.575100,0.288292,-0.602422
0.6924,5722,Real,Pinky_DIP,-17.750080,0.983007,20.858220,0.353322,0.655087,0.398550,-0.535894
0.6924,5722,Real,Pinky_FingerTip,-17.753450,0.983692,20.877060,0.353322,0.655087,0.398550,-0.535894
0.6924,5722,Virtual,Wrist,-17.866100,0.961607,20.771240,0.656072,0.294280,-0.031563,-0.694243
0.6924,5722,Virtual,Thumb_CMC,-17.851920,1.003628,20.787770,-0.053254,0.482459,-0.376819,-0.788926
0.6924,5722,Virtual,Thumb_MCP,-17.840920,1.027479,20.822970,-0.115906,0.471348,-0.270385,-0.831438
0.6924,5722,Virtual,Thumb_IP,-17.820840,1.044167,20.864470,-0.222957,0.431153,-0.068375,-0.871621
0.6924,5722,Virtual,Thumb_FingerTip,-17.803210,1.042085,20.886750,-0.222957,0.431153,-0.068375,-0.871621
0.6924,5722,Virtual,Index_MCP,-17.791930,1.037048,20.815160,0.537345,0.433267,0.129139,-0.711944
0.6924,5722,Virtual,Index_PIP,-17.764240,1.050242,20.850550,0.497044,0.478965,0.191418,-0.697782
0.6924,5722,Virtual,Index_DIP,-17.752100,1.055667,20.872840,0.457452,0.516911,0.246207,-0.680384
0.6924,5722,Virtual,Index_FingerTip,-17.742830,1.059376,20.897820,0.457452,0.516911,0.246207,-0.680384
0.6924,5722,Virtual,Middle_MCP,-17.778240,1.013304,20.814070,0.558251,0.453197,0.148150,-0.678985
0.6924,5722,Virtual,Middle_PIP,-17.749440,1.029400,20.855300,0.451675,0.559483,0.286253,-0.633268
0.6924,5722,Virtual,Middle_DIP,-17.743620,1.033360,20.882110,0.338684,0.634291,0.399984,-0.568315
0.6924,5722,Virtual,Middle_FingerTip,-17.747140,1.032653,20.910180,0.338684,0.634291,0.399984,-0.568315
0.6924,5722,Virtual,Ring_MCP,-17.771380,0.989709,20.814790,0.571459,0.463429,0.156774,-0.658856
0.6924,5722,Virtual,Ring_PIP,-17.747120,1.004744,20.851550,0.459674,0.574484,0.293471,-0.610364
0.6924,5722,Virtual,Ring_DIP,-17.742700,1.009220,20.877130,0.340874,0.652025,0.405157,-0.542694
0.6924,5722,Virtual,Ring_FingerTip,-17.747310,1.009343,20.902520,0.340874,0.652025,0.405157,-0.542694
0.6924,5722,Virtual,Pinky_MCP,-17.770370,0.967363,20.815030,0.582650,0.466897,0.158589,-0.646047
0.6924,5722,Virtual,Pinky_PIP,-17.750150,0.980716,20.846050,0.469869,0.580255,0.292517,-0.597462
0.6924,5722,Virtual,Pinky_DIP,-17.747300,0.984307,20.863820,0.349772,0.659646,0.401745,-0.530215
0.6924,5722,Virtual,Pinky_FingerTip,-17.751000,0.984986,20.882600,0.349772,0.659646,0.401745,-0.530215
0.6924,5722,Render,Wrist,-17.866100,0.961607,20.771240,0.656072,0.294280,-0.031563,-0.694243
0.6924,5722,Render,Thumb_CMC,-17.851920,1.003628,20.787770,-0.006876,0.500695,-0.363786,-0.785441
0.6924,5722,Render,Thumb_MCP,-17.841640,1.028419,20.822530,-0.057967,0.497376,-0.281681,-0.818482
0.6924,5722,Render,Thumb_IP,-17.824650,1.048200,20.864050,-0.155296,0.476053,-0.114053,-0.858050
0.6924,5722,Render,Thumb_FingerTip,-17.809820,1.049564,20.888350,-0.155296,0.476053,-0.114053,-0.858050
0.6924,5722,Render,Index_MCP,-17.791930,1.037048,20.815160,0.537440,0.433150,0.128983,-0.711972
0.6924,5722,Render,Index_PIP,-17.764230,1.050250,20.850540,0.497149,0.478856,0.191265,-0.697824
0.6924,5722,Render,Index_DIP,-17.752070,1.055680,20.872820,0.457566,0.516811,0.246058,-0.680438
0.6924,5722,Render,Index_FingerTip,-17.742800,1.059394,20.897800,0.457566,0.516811,0.246058,-0.680438
0.6924,5722,Render,Middle_MCP,-17.778240,1.013304,20.814070,0.606293,0.386575,0.069749,-0.691451
0.6924,5722,Render,Middle_PIP,-17.741730,1.032964,20.846760,0.513132,0.503712,0.211379,-0.662033
0.6924,5722,Render,Middle_DIP,-17.730550,1.039535,20.871260,0.410144,0.590604,0.331184,-0.610972
0.6924,5722,Render,Middle_FingerTip,-17.728200,1.041793,20.899370,0.410144,0.590604,0.331184,-0.610972
0.6924,5722,Render,Ring_MCP,-17.771380,0.989709,20.814790,0.621986,0.393021,0.078217,-0.672719
0.6924,5722,Render,Ring_PIP,-17.739790,1.007564,20.843930,0.523468,0.517023,0.220370,-0.640395
0.6924,5722,Render,Ring_DIP,-17.730090,1.014388,20.867450,0.413909,0.608285,0.339756,-0.585862
0.6924,5722,Render,Ring_FingerTip,-17.729340,1.017109,20.893100,0.413909,0.608285,0.339756,-0.585862
0.6924,5722,Render,Pinky_MCP,-17.770370,0.967363,20.815030,0.633506,0.395149,0.081526,-0.660213
0.6924,5722,Render,Pinky_PIP,-17.743820,0.982836,20.839630,0.534266,0.521568,0.220926,-0.627471
0.6924,5722,Render,Pinky_DIP,-17.737250,0.987974,20.855970,0.423628,0.614827,0.337809,-0.573073
0.6924,5722,Render,Pinky_FingerTip,-17.736950,0.990536,20.874960,0.423628,0.614827,0.337809,-0.573073
0.7068,5723,Real,Wrist,-17.874620,0.959078,20.764270,0.656102,0.282885,-0.043525,-0.698292
0.7068,5723,Real,Thumb_CMC,-17.859950,1.001159,20.780210,-0.058986,0.468512,-0.377008,-0.796795
0.7068,5723,Real,Thumb_MCP,-17.847800,1.025113,20.814950,-0.119764,0.456770,-0.269543,-0.839264
0.7068,5723,Real,Thumb_IP,-17.826350,1.041932,20.855700,-0.223298,0.416078,-0.065725,-0.879032
0.7068,5723,Real,Thumb_FingerTip,-17.807970,1.039930,20.877390,-0.223298,0.416078,-0.065725,-0.879032
0.7068,5723,Real,Index_MCP,-17.799110,1.034729,20.805470,0.540041,0.421670,0.118980,-0.718606
0.7068,5723,Real,Index_PIP,-17.770270,1.048048,20.839860,0.500753,0.467650,0.181887,-0.705314
0.7068,5723,Real,Index_DIP,-17.757380,1.053545,20.861710,0.462048,0.505927,0.237304,-0.688649
0.7068,5723,Real,Index_FingerTip,-17.747280,1.057330,20.886360,0.462048,0.505927,0.237304,-0.688649
0.7068,5723,Real,Middle_MCP,-17.785430,1.011000,20.803960,0.561212,0.442193,0.137633,-0.685977
0.7068,5723,Real,Middle_PIP,-17.755280,1.027238,20.844160,0.456862,0.549337,0.277422,-0.642296
0.7068,5723,Real,Middle_DIP,-17.748560,1.031273,20.870740,0.345682,0.625298,0.393003,-0.578840
0.7068,5723,Real,Middle_FingerTip,-17.751130,1.030632,20.898920,0.345682,0.625298,0.393003,-0.578840
0.7068,5723,Real,Ring_MCP,-17.778530,0.987417,20.804520,0.574532,0.452785,0.146033,-0.666013
0.7068,5723,Real,Ring_PIP,-17.753050,1.002576,20.840390,0.464943,0.564738,0.284500,-0.619644
0.7068,5723,Real,Ring_DIP,-17.747780,1.007122,20.865800,0.347915,0.643472,0.398134,-0.553524
0.7068,5723,Real,Ring_FingerTip,-17.751520,1.007303,20.891330,0.347915,0.643472,0.398134,-0.553524
0.7068,5723,Real,Pinky_MCP,-17.777480,0.965072,20.804770,0.585734,0.456480,0.147663,-0.653253
0.7068,5723,Real,Pinky_PIP,-17.756230,0.978530,20.835060,0.475101,0.570733,0.283376,-0.606829
0.7068,5723,Real,Pinky_DIP,-17.752780,0.982170,20.852710,0.356734,0.651305,0.394571,-0.541163
0.7068,5723,Real,Pinky_FingerTip,-17.755850,0.982891,20.871610,0.356734,0.651305,0.394571,-0.541163
0.7068,5723,Virtual,Wrist,-17.870480,0.960266,20.767730,0.655880,0.288244,-0.037352,-0.696665
0.7068,5723,Virtual,Thumb_CMC,-17.856020,1.002293,20.784010,-0.056417,0.475505,-0.376455,-0.793091
0.7068,5723,Virtual,Thumb_MCP,-17.844410,1.026158,20.818990,-0.118132,0.464040,-0.269479,-0.835520
0.7068,5723,Virtual,Thumb_IP,-17.823610,1.042861,20.860130,-0.223411,0.423527,-0.066539,-0.875377
0.7068,5723,Virtual,Thumb_FingerTip,-17.805590,1.040788,20.882110,-0.223411,0.423527,-0.066539,-0.875377
0.7068,5723,Virtual,Index_MCP,-17.795560,1.035728,20.810330,0.538554,0.427095,0.124353,-0.715602
0.7068,5723,Virtual,Index_PIP,-17.767270,1.048936,20.845230,0.498793,0.472924,0.186973,-0.701848
0.7068,5723,Virtual,Index_DIP,-17.754730,1.054369,20.867300,0.459675,0.511028,0.242100,-0.684790
0.7068,5723,Virtual,Index_FingerTip,-17.745040,1.058088,20.892120,0.459675,0.511028,0.242100,-0.684790
0.7068,5723,Virtual,Middle_MCP,-17.781890,1.011984,20.809010,0.559618,0.447315,0.143180,-0.682815
0.7068,5723,Virtual,Middle_PIP,-17.752380,1.028097,20.849730,0.454237,0.554015,0.282189,-0.638049
0.7068,5723,Virtual,Middle_DIP,-17.746090,1.032066,20.876430,0.342226,0.629400,0.396889,-0.573774
0.7068,5723,Virtual,Middle_FingerTip,-17.749130,1.031369,20.904560,0.342226,0.629400,0.396889,-0.573774
0.7068,5723,Virtual,Ring_MCP,-17.775020,0.988390,20.809620,0.572897,0.457724,0.151687,-0.662774
0.7068,5723,Virtual,Ring_PIP,-17.750120,1.003440,20.845950,0.462294,0.569216,0.289335,-0.615275
0.7068,5723,Virtual,Ring_DIP,-17.745260,1.007925,20.871450,0.344456,0.647358,0.402040,-0.548308
0.7068,5723,Virtual,Ring_FingerTip,-17.749430,1.008056,20.896910,0.344456,0.647358,0.402040,-0.548308
0.7068,5723,Virtual,Pinky_MCP,-17.774010,0.966044,20.809840,0.584101,0.461304,0.153405,-0.649994
0.7068,5723,Virtual,Pinky_PIP,-17.753240,0.979409,20.840510,0.472478,0.575100,0.288292,-0.602423
0.7068,5723,Virtual,Pinky_DIP,-17.750080,0.983007,20.858220,0.353322,0.655087,0.398550,-0.535894
0.7068,5723,Virtual,Pinky_FingerTip,-17.753460,0.983692,20.877070,0.353322,0.655087,0.398550,-0.535894
0.7068,5723,Render,Wrist,-17.870480,0.960266,20.767730,0.655880,0.288244,-0.037352,-0.696665
0.7068,5723,Render,Thumb_CMC,-17.856020,1.002293,20.784010,-0.009928,0.493775,-0.363829,-0.789757
0.7068,5723,Render,Thumb_MCP,-17.845140,1.027097,20.818570,-0.060297,0.490180,-0.281283,-0.822781
0.7068,5723,Render,Thumb_IP,-17.827430,1.046894,20.859780,-0.156154,0.468538,-0.112812,-0.862184
0.7068,5723,Render,Thumb_FingerTip,-17.812170,1.048267,20.883810,-0.156154,0.468538,-0.112812,-0.862184
0.7068,5723,Render,Index_MCP,-17.795560,1.035728,20.810330,0.538554,0.427095,0.124353,-0.715602
0.7068,5723,Render,Index_PIP,-17.767270,1.048936,20.845230,0.498793,0.472924,0.186973,-0.701848
0.7068,5723,Render,Index_DIP,-17.754730,1.054369,20.867300,0.459675,0.511028,0.242100,-0.684790
0.7068,5723,Render,Index_FingerTip,-17.745040,1.058088,20.892120,0.459675,0.511028,0.242100,-0.684790
0.7068,5723,Render,Middle_MCP,-17.781890,1.011984,20.809010,0.606981,0.380576,0.064374,-0.694689
0.7068,5723,Render,Middle_PIP,-17.744820,1.031658,20.841060,0.515047,0.497986,0.206791,-0.666314
0.7068,5723,Render,Middle_DIP,-17.733220,1.038239,20.865360,0.413094,0.585335,0.327475,-0.616033
0.7068,5723,Render,Middle_FingerTip,-17.730380,1.040506,20.893420,0.413094,0.585335,0.327475,-0.616033
0.7068,5723,Render,Ring_MCP,-17.775020,0.988390,20.809620,0.622743,0.387187,0.072704,-0.676012
0.7068,5723,Render,Ring_PIP,-17.742930,1.006257,20.838200,0.525456,0.511486,0.215690,-0.644791
0.7068,5723,Render,Ring_DIP,-17.732820,1.013090,20.861550,0.416928,0.603236,0.336012,-0.591078
0.7068,5723,Render,Ring_FingerTip,-17.731620,1.015820,20.887170,0.416928,0.603236,0.336012,-0.591078
0.7068,5723,Render,Pinky_MCP,-17.774010,0.966044,20.809840,0.634290,0.389425,0.075913,-0.663523
0.7068,5723,Render,Pinky_PIP,-17.747030,0.981528,20.833980,0.536256,0.516144,0.216151,-0.631905
0.7068,5723,Render,Pinky_DIP,-17.740170,0.986672,20.850200,0.426627,0.609889,0.333980,-0.578345
0.7068,5723,Render,Pinky_FingerTip,-17.739540,0.989241,20.869180,0.426627,0.609889,0.333980,-0.578345
0.7210,5724,Real,Wrist,-17.879390,0.957713,20.760440,0.655972,0.275677,-0.052305,-0.700691
0.7210,5724,Real,Thumb_CMC,-17.864480,0.999870,20.775950,-0.063277,0.458837,-0.377501,-0.801847
0.7210,5724,Real,Thumb_MCP,-17.851570,1.023903,20.810360,-0.122735,0.446622,-0.269403,-0.844327
0.7210,5724,Real,Thumb_IP,-17.829220,1.040833,20.850580,-0.223784,0.405532,-0.064467,-0.883917
0.7210,5724,Real,Thumb_FingerTip,-17.810330,1.038908,20.871830,-0.223784,0.405532,-0.064467,-0.883917
0.7210,5724,Real,Index_MCP,-17.803170,1.033658,20.799730,0.541531,0.414367,0.111496,-0.722920
0.7210,5724,Real,Index_PIP,-17.773580,1.047125,20.833440,0.503045,0.460328,0.174559,-0.710333
0.7210,5724,Real,Index_DIP,-17.760210,1.052709,20.854970,0.465074,0.498661,0.230176,-0.694308
0.7210,5724,Real,Index_FingerTip,-17.749540,1.056588,20.879360,0.465074,0.498661,0.230176,-0.694308
0.7210,5724,Real,Middle_MCP,-17.789460,1.009962,20.797970,0.562785,0.435396,0.130013,-0.690507
0.7210,5724,Real,Middle_PIP,-17.758460,1.026360,20.837450,0.459838,0.542997,0.270885,-0.648325
0.7210,5724,Real,Middle_DIP,-17.751160,1.030466,20.863860,0.349818,0.619616,0.387692,-0.586002
0.7210,5724,Real,Middle_FingerTip,-17.753090,1.029875,20.892090,0.349818,0.619616,0.387692,-0.586002
0.7210,5724,Real,Ring_MCP,-17.782470,0.986398,20.798410,0.575961,0.446505,0.138566,-0.670598
0.7210,5724,Real,Ring_PIP,-17.756280,1.001685,20.833710,0.467566,0.558999,0.278305,-0.625659
0.7210,5724,Real,Ring_DIP,-17.750480,1.006282,20.858990,0.351477,0.638406,0.393308,-0.560546
0.7210,5724,Real,Ring_FingerTip,-17.753700,1.006484,20.884590,0.351477,0.638406,0.393308,-0.560546
0.7210,5724,Real,Pinky_MCP,-17.781370,0.964057,20.798690,0.587158,0.450372,0.140070,-0.657869
0.7210,5724,Real,Pinky_PIP,-17.759510,0.977624,20.828500,0.477682,0.565163,0.277061,-0.612901
0.7210,5724,Real,Pinky_DIP,-17.755700,0.981299,20.846060,0.360221,0.646398,0.389637,-0.548265
0.7210,5724,Real,Pinky_FingerTip,-17.758370,0.982035,20.865020,0.360221,0.646398,0.389637,-0.548265
0.7210,5724,Virtual,Wrist,-17.874630,0.959077,20.764270,0.656102,0.282885,-0.043525,-0.698292
0.7210,5724,Virtual,Thumb_CMC,-17.859960,1.001159,20.780210,-0.059236,0.468522,-0.376612,-0.796958
0.7210,5724,Virtual,Thumb_MCP,-17.847780,1.025080,20.814960,-0.119995,0.456752,-0.269161,-0.839364
0.7210,5724,Virtual,Thumb_IP,-17.826320,1.041860,20.855730,-0.223489,0.416022,-0.065393,-0.879035
0.7210,5724,Virtual,Thumb_FingerTip,-17.807920,1.039837,20.877410,-0.223489,0.416022,-0.065393,-0.879035
0.7210,5724,Virtual,Index_MCP,-17.799120,1.034728,20.805470,0.539949,0.421788,0.119138,-0.718579
0.7210,5724,Virtual,Index_PIP,-17.770280,1.048040,20.839880,0.500817,0.467582,0.181790,-0.705339
0.7210,5724,Virtual,Index_DIP,-17.757390,1.053540,20.861730,0.462279,0.505716,0.236989,-0.688757
0.7210,5724,Virtual,Index_FingerTip,-17.747280,1.057336,20.886360,0.462279,0.505716,0.236989,-0.688757
0.7210,5724,Virtual,Middle_MCP,-17.785440,1.011000,20.803970,0.561054,0.442394,0.137879,-0.685927
0.7210,5724,Virtual,Middle_PIP,-17.755310,1.027225,20.844180,0.456688,0.549481,0.277625,-0.642208
0.7210,5724,Virtual,Middle_DIP,-17.748610,1.031253,20.870780,0.345507,0.625395,0.393165,-0.578730
0.7210,5724,Virtual,Middle_FingerTip,-17.751190,1.030604,20.898950,0.345507,0.625395,0.393165,-0.578730
0.7210,5724,Virtual,Ring_MCP,-17.778530,0.987416,20.804520,0.574168,0.453247,0.146568,-0.665895
0.7210,5724,Virtual,Ring_PIP,-17.753110,1.002553,20.840440,0.464378,0.565204,0.285121,-0.619358
0.7210,5724,Virtual,Ring_DIP,-17.747890,1.007078,20.865870,0.347156,0.643882,0.398787,-0.553053
0.7210,5724,Virtual,Ring_FingerTip,-17.751690,1.007232,20.891380,0.347156,0.643882,0.398787,-0.553053
0.7210,5724,Virtual,Pinky_MCP,-17.777490,0.965071,20.804770,0.585367,0.456950,0.148188,-0.653133
0.7210,5724,Virtual,Pinky_PIP,-17.756280,0.978513,20.835100,0.474529,0.571209,0.283983,-0.606545
0.7210,5724,Virtual,Pinky_DIP,-17.752870,0.982138,20.852760,0.355965,0.651726,0.395209,-0.540697
0.7210,5724,Virtual,Pinky_FingerTip,-17.755980,0.982839,20.871660,0.355965,0.651726,0.395209,-0.540697
0.7210,5724,Render,Wrist,-17.874630,0.959077,20.764270,0.656102,0.282885,-0.043525,-0.698292
0.7210,5724,Render,Thumb_CMC,-17.859960,1.001159,20.780210,-0.012410,0.486853,-0.364783,-0.793571
0.7210,5724,Render,Thumb_MCP,-17.848550,1.026051,20.814540,-0.062059,0.483041,-0.281843,-0.826671
0.7210,5724,Render,Thumb_IP,-17.830190,1.045959,20.855410,-0.156468,0.461191,-0.112590,-0.866109
0.7210,5724,Render,Thumb_FingerTip,-17.814540,1.047404,20.879180,-0.156468,0.461191,-0.112590,-0.866109
0.7210,5724,Render,Index_MCP,-17.799120,1.034728,20.805470,0.540042,0.421670,0.118981,-0.718605
0.7210,5724,Render,Index_PIP,-17.770270,1.048048,20.839870,0.500753,0.467650,0.181887,-0.705314
0.7210,5724,Render,Index_DIP,-17.757390,1.053545,20.861720,0.462048,0.505927,0.237304,-0.688648
0.7210,5724,Render,Index_FingerTip,-17.747290,1.057329,20.886360,0.462048,0.505927,0.237304,-0.688648
0.7210,5724,Render,Middle_MCP,-17.785440,1.011000,20.803970,0.607980,0.375305,0.058504,-0.697197
0.7210,5724,Render,Middle_PIP,-17.747880,1.030790,20.835360,0.517116,0.493036,0.201567,-0.669983
0.7210,5724,Render,Middle_DIP,-17.735880,1.037438,20.859450,0.416050,0.580858,0.323027,-0.620613
0.7210,5724,Render,Middle_FingerTip,-17.732590,1.039770,20.887460,0.416050,0.580858,0.323027,-0.620613
0.7210,5724,Render,Ring_MCP,-17.778530,0.987416,20.804520,0.623786,0.382089,0.066709,-0.678564
0.7210,5724,Render,Ring_PIP,-17.746000,1.005386,20.832520,0.527566,0.506731,0.210379,-0.648567
0.7210,5724,Render,Ring_DIP,-17.735520,1.012282,20.855690,0.419916,0.598976,0.331530,-0.595808
0.7210,5724,Render,Ring_FingerTip,-17.733900,1.015068,20.881290,0.419916,0.598976,0.331530,-0.595808
0.7210,5724,Render,Pinky_MCP,-17.777490,0.965071,20.804770,0.635344,0.384441,0.069828,-0.666083
0.7210,5724,Render,Pinky_PIP,-17.750140,0.980642,20.828430,0.538353,0.511501,0.210755,-0.635709
0.7210,5724,Render,Pinky_DIP,-17.743020,0.985830,20.844520,0.429580,0.605738,0.329418,-0.583118
0.7210,5724,Render,Pinky_FingerTip,-17.742080,0.988440,20.863480,0.429580,0.605738,0.329418,-0.583118
0.7345,5725,Real,Wrist,-17.883380,0.956415,20.756670,0.655503,0.267398,-0.062667,-0.703482
0.7345,5725,Real,Thumb_CMC,-17.868200,0.998661,20.771680,-0.068253,0.447515,-0.378592,-0.807305
0.7345,5725,Real,Thumb_MCP,-17.854470,1.022820,20.805680,-0.126187,0.434747,-0.269771,-0.849880
0.7345,5725,Real,Thumb_IP,-17.831100,1.039923,20.845250,-0.224363,0.393179,-0.063526,-0.889402
0.7345,5725,Real,Thumb_FingerTip,-17.811650,1.038116,20.865990,-0.224363,0.393179,-0.063526,-0.889402
0.7345,5725,Real,Index_MCP,-17.806400,1.032724,20.793740,0.543040,0.405756,0.102454,-0.727992
0.7345,5725,Real,Index_PIP,-17.775980,1.046375,20.826610,0.505304,0.451883,0.165997,-0.716181
0.7345,5725,Real,Index_DIP,-17.762050,1.052057,20.847760,0.467994,0.490421,0.222103,-0.700814
0.7345,5725,Real,Index_FingerTip,-17.750740,1.056031,20.871850,0.467994,0.490421,0.222103,-0.700814
0.7345,5725,Real,Middle_MCP,-17.792660,1.009074,20.791660,0.564465,0.427276,0.120720,-0.695874
0.7345,5725,Real,Middle_PIP,-17.760680,1.025674,20.830260,0.463172,0.535405,0.262913,-0.655508
0.7345,5725,Real,Middle_DIP,-17.752680,1.029868,20.856460,0.354516,0.612784,0.381209,-0.594554
0.7345,5725,Real,Middle_FingerTip,-17.753860,1.029335,20.884740,0.354516,0.612784,0.381209,-0.594554
0.7345,5725,Real,Ring_MCP,-17.785580,0.985537,20.791970,0.577712,0.438685,0.129119,-0.676116
0.7345,5725,Real,Ring_PIP,-17.758510,1.000999,20.826520,0.470944,0.551732,0.270251,-0.633063
0.7345,5725,Real,Ring_DIP,-17.752050,1.005675,20.851620,0.356188,0.631922,0.386826,-0.569360
0.7345,5725,Real,Ring_FingerTip,-17.754580,1.005925,20.877300,0.356188,0.631922,0.386826,-0.569360
0.7345,5725,Real,Pinky_MCP,-17.784380,0.963200,20.792270,0.588906,0.442744,0.130492,-0.663430
0.7345,5725,Real,Pinky_PIP,-17.761790,0.976914,20.821450,0.481016,0.558083,0.268888,-0.620376
0.7345,5725,Real,Pinky_DIP,-17.757520,0.980643,20.838900,0.364852,0.640090,0.383052,-0.557170
0.7345,5725,Real,Pinky_FingerTip,-17.759680,0.981414,20.857910,0.364852,0.640090,0.383052,-0.557170
0.7345,5725,Virtual,Wrist,-17.879400,0.957713,20.760450,0.655972,0.275677,-0.052305,-0.700691
0.7345,5725,Virtual,Thumb_CMC,-17.864480,0.999869,20.775960,-0.063277,0.458837,-0.377501,-0.801847
0.7345,5725,Virtual,Thumb_MCP,-17.851570,1.023903,20.810370,-0.122735,0.446622,-0.269403,-0.844326
0.7345,5725,Virtual,Thumb_IP,-17.829220,1.040833,20.850590,-0.223784,0.405532,-0.064467,-0.883917
0.7345,5725,Virtual,Thumb_FingerTip,-17.810330,1.038908,20.871840,-0.223784,0.405532,-0.064467,-0.883917
0.7345,5725,Virtual,Index_MCP,-17.803170,1.033657,20.799730,0.541532,0.414367,0.111496,-0.722920
0.7345,5725,Virtual,Index_PIP,-17.773590,1.047124,20.833450,0.503045,0.460328,0.174559,-0.710333
0.7345,5725,Virtual,Index_DIP,-17.760220,1.052709,20.854970,0.465074,0.498661,0.230175,-0.694308
0.7345,5725,Virtual,Index_FingerTip,-17.749540,1.056588,20.879360,0.465074,0.498661,0.230175,-0.694308
0.7345,5725,Virtual,Middle_MCP,-17.789460,1.009962,20.797970,0.562785,0.435396,0.130013,-0.690507
0.7345,5725,Virtual,Middle_PIP,-17.758460,1.026359,20.837450,0.459838,0.542997,0.270885,-0.648325
0.7345,5725,Virtual,Middle_DIP,-17.751160,1.030466,20.863870,0.349818,0.619616,0.387692,-0.586002
0.7345,5725,Virtual,Middle_FingerTip,-17.753100,1.029875,20.892100,0.349818,0.619616,0.387692,-0.586002
0.7345,5725,Virtual,Ring_MCP,-17.782480,0.986398,20.798420,0.575961,0.446505,0.138566,-0.670598
0.7345,5725,Virtual,Ring_PIP,-17.756290,1.001685,20.833720,0.467566,0.558999,0.278305,-0.625659
0.7345,5725,Virtual,Ring_DIP,-17.750490,1.006282,20.859000,0.351478,0.638406,0.393308,-0.560546
0.7345,5725,Virtual,Ring_FingerTip,-17.753700,1.006484,20.884600,0.351478,0.638406,0.393308,-0.560546
0.7345,5725,Virtual,Pinky_MCP,-17.781370,0.964057,20.798700,0.587158,0.450372,0.140070,-0.657869
0.7345,5725,Virtual,Pinky_PIP,-17.759520,0.977624,20.828500,0.477682,0.565163,0.277061,-0.612902
0.7345,5725,Virtual,Pinky_DIP,-17.755710,0.981298,20.846070,0.360221,0.646398,0.389637,-0.548265
0.7345,5725,Virtual,Pinky_FingerTip,-17.758380,0.982035,20.865030,0.360221,0.646398,0.389637,-0.548265
0.7345,5725,Render,Wrist,-17.879400,0.957713,20.760450,0.655972,0.275677,-0.052305,-0.700691
0.7345,5725,Render,Thumb_CMC,-17.864480,0.999869,20.775960,-0.016347,0.477281,-0.366227,-0.798633
0.7345,5725,Render,Thumb_MCP,-17.852360,1.024870,20.809960,-0.064998,0.473117,-0.282762,-0.831854
0.7345,5725,Render,Thumb_IP,-17.833110,1.044920,20.850350,-0.157384,0.450882,-0.112465,-0.871371
0.7345,5725,Render,Thumb_FingerTip,-17.816930,1.046461,20.873760,-0.157384,0.450882,-0.112465,-0.871371
0.7345,5725,Render,Index_MCP,-17.803170,1.033657,20.799730,0.541532,0.414367,0.111496,-0.722920
0.7345,5725,Render,Index_PIP,-17.773590,1.047124,20.833450,0.503045,0.460328,0.174559,-0.710333
0.7345,5725,Render,Index_DIP,-17.760220,1.052709,20.854970,0.465074,0.498661,0.230175,-0.694308
0.7345,5725,Render,Index_FingerTip,-17.749540,1.056588,20.879360,0.465074,0.498661,0.230175,-0.694308
0.7345,5725,Render,Middle_MCP,-17.789460,1.009962,20.797970,0.608900,0.368155,0.050166,-0.700847
0.7345,5725,Render,Middle_PIP,-17.751240,1.029924,20.828450,0.519496,0.486231,0.194165,-0.675280
0.7345,5725,Render,Middle_DIP,-17.738720,1.036659,20.852240,0.419658,0.574617,0.316744,-0.627198
0.7345,5725,Render,Middle_FingerTip,-17.734780,1.039063,20.880160,0.419658,0.574617,0.316744,-0.627198
0.7345,5725,Render,Ring_MCP,-17.782480,0.986398,20.798420,0.624769,0.375183,0.058206,-0.682286
0.7345,5725,Render,Ring_PIP,-17.749360,1.004518,20.825630,0.530004,0.500194,0.202870,-0.654023
0.7345,5725,Render,Ring_DIP,-17.738370,1.011495,20.848530,0.423569,0.593033,0.325214,-0.602610
0.7345,5725,Render,Ring_FingerTip,-17.736170,1.014344,20.874080,0.423569,0.593033,0.325214,-0.602610
0.7345,5725,Render,Pinky_MCP,-17.781370,0.964057,20.798700,0.636345,0.377697,0.061206,-0.669825
0.7345,5725,Render,Pinky_PIP,-17.753530,0.979754,20.821690,0.540773,0.505127,0.203134,-0.641208
0.7345,5725,Render,Pinky_DIP,-17.746060,0.984998,20.837600,0.433185,0.599950,0.323001,-0.589984
0.7345,5725,Render,Pinky_FingerTip,-17.744690,0.987654,20.856520,0.433185,0.599950,0.323001,-0.589984
0.7483,5726,Real,Wrist,-17.888030,0.955113,20.752910,0.654000,0.258970,-0.072307,-0.707101
0.7483,5726,Real,Thumb_CMC,-17.872580,0.997393,20.767540,-0.074307,0.436756,-0.378454,-0.812709
0.7483,5726,Real,Thumb_MCP,-17.858010,1.021555,20.801190,-0.130729,0.423305,-0.269036,-0.855186
0.7483,5726,Real,Thumb_IP,-17.833640,1.038690,20.840130,-0.226017,0.381043,-0.061773,-0.894375
0.7483,5726,Real,Thumb_FingerTip,-17.813640,1.036930,20.860360,-0.226017,0.381043,-0.061773,-0.894375
0.7483,5726,Real,Index_MCP,-17.810310,1.031620,20.787970,0.543452,0.396894,0.094466,-0.733630
0.7483,5726,Real,Index_PIP,-17.779080,1.045331,20.820050,0.506650,0.442911,0.158279,-0.722554
0.7483,5726,Real,Index_DIP,-17.764600,1.051043,20.840820,0.470199,0.481432,0.214686,-0.707846
0.7483,5726,Real,Index_FingerTip,-17.752650,1.055046,20.864590,0.470199,0.481432,0.214686,-0.707846
0.7483,5726,Real,Middle_MCP,-17.796570,1.008011,20.785510,0.565035,0.418947,0.112589,-0.701814
0.7483,5726,Real,Middle_PIP,-17.763630,1.024667,20.823280,0.465484,0.527357,0.256169,-0.663021
0.7483,5726,Real,Middle_DIP,-17.754970,1.028860,20.849270,0.358320,0.605300,0.375971,-0.603212
0.7483,5726,Real,Middle_FingerTip,-17.755410,1.028299,20.877560,0.358320,0.605300,0.375971,-0.603212
0.7483,5726,Real,Ring_MCP,-17.789420,0.984494,20.785620,0.578249,0.430812,0.121041,-0.682187
0.7483,5726,Real,Ring_PIP,-17.761510,0.999995,20.819490,0.473084,0.544208,0.263724,-0.640687
0.7483,5726,Real,Ring_DIP,-17.754440,1.004657,20.844430,0.359671,0.624986,0.381944,-0.578056
0.7483,5726,Real,Ring_FingerTip,-17.756320,1.004864,20.870160,0.359671,0.624986,0.381944,-0.578056
0.7483,5726,Real,Pinky_MCP,-17.788150,0.962161,20.785870,0.589456,0.435062,0.122275,-0.669561
0.7483,5726,Real,Pinky_PIP,-17.764850,0.975908,20.814480,0.483128,0.550750,0.262238,-0.628088
0.7483,5726,Real,Pinky_DIP,-17.760160,0.979627,20.831820,0.368269,0.633337,0.378064,-0.565978
0.7483,5726,Real,Pinky_FingerTip,-17.761850,0.980365,20.850890,0.368269,0.633337,0.378064,-0.565978
0.7483,5726,Virtual,Wrist,-17.883380,0.956416,20.756680,0.655503,0.267398,-0.062667,-0.703482
0.7483,5726,Virtual,Thumb_CMC,-17.868210,0.998661,20.771690,-0.068375,0.447518,-0.378387,-0.807389
0.7483,5726,Virtual,Thumb_MCP,-17.854450,1.022804,20.805690,-0.126254,0.434750,-0.269664,-0.849903
0.7483,5726,Virtual,Thumb_IP,-17.831090,1.039896,20.845260,-0.224340,0.393216,-0.063619,-0.889385
0.7483,5726,Virtual,Thumb_FingerTip,-17.811640,1.038093,20.866010,-0.224340,0.393216,-0.063619,-0.889385
0.7483,5726,Virtual,Index_MCP,-17.806410,1.032724,20.793740,0.542951,0.405875,0.102613,-0.727970
0.7483,5726,Virtual,Index_PIP,-17.775990,1.046368,20.826630,0.505366,0.451814,0.165899,-0.716204
0.7483,5726,Virtual,Index_DIP,-17.762060,1.052053,20.847780,0.468218,0.490207,0.221782,-0.700915
0.7483,5726,Virtual,Index_FingerTip,-17.750740,1.056038,20.871860,0.468218,0.490207,0.221782,-0.700915
0.7483,5726,Virtual,Middle_MCP,-17.792670,1.009074,20.791670,0.564312,0.427478,0.120968,-0.695831
0.7483,5726,Virtual,Middle_PIP,-17.760700,1.025662,20.830290,0.463002,0.535551,0.263120,-0.655425
0.7483,5726,Virtual,Middle_DIP,-17.752720,1.029848,20.856500,0.354345,0.612883,0.381374,-0.594448
0.7483,5726,Virtual,Middle_FingerTip,-17.753910,1.029308,20.884770,0.354345,0.612883,0.381374,-0.594448
0.7483,5726,Virtual,Ring_MCP,-17.785580,0.985537,20.791980,0.577423,0.439064,0.129563,-0.676031
0.7483,5726,Virtual,Ring_PIP,-17.758550,1.000981,20.826570,0.470518,0.552094,0.270738,-0.632855
0.7483,5726,Virtual,Ring_DIP,-17.752130,1.005640,20.851690,0.355637,0.632232,0.387322,-0.569022
0.7483,5726,Virtual,Ring_FingerTip,-17.754700,1.005870,20.877360,0.355637,0.632232,0.387322,-0.569022
0.7483,5726,Virtual,Pinky_MCP,-17.784390,0.963200,20.792270,0.588615,0.443131,0.130928,-0.663344
0.7483,5726,Virtual,Pinky_PIP,-17.761830,0.976900,20.821490,0.480586,0.558453,0.269366,-0.620169
0.7483,5726,Virtual,Pinky_DIP,-17.757590,0.980618,20.838950,0.364294,0.640408,0.383537,-0.556837
0.7483,5726,Virtual,Pinky_FingerTip,-17.759780,0.981374,20.857960,0.364294,0.640408,0.383537,-0.556837
0.7483,5726,Render,Wrist,-17.883380,0.956416,20.756680,0.655503,0.267398,-0.062667,-0.703482
0.7483,5726,Render,Thumb_CMC,-17.868210,0.998661,20.771690,-0.021214,0.466099,-0.367962,-0.804305
0.7483,5726,Render,Thumb_MCP,-17.855270,1.023784,20.805300,-0.068697,0.461496,-0.283909,-0.837674
0.7483,5726,Render,Thumb_IP,-17.835020,1.043996,20.845120,-0.158709,0.438759,-0.112437,-0.877303
0.7483,5726,Render,Thumb_FingerTip,-17.818220,1.045650,20.868080,-0.158709,0.438759,-0.112437,-0.877303
0.7483,5726,Render,Index_MCP,-17.806410,1.032724,20.793740,0.543040,0.405756,0.102454,-0.727992
0.7483,5726,Render,Index_PIP,-17.775980,1.046376,20.826620,0.505304,0.451883,0.165997,-0.716181
0.7483,5726,Render,Index_DIP,-17.762050,1.052058,20.847770,0.467994,0.490421,0.222103,-0.700814
0.7483,5726,Render,Index_FingerTip,-17.750750,1.056031,20.871860,0.467994,0.490421,0.222103,-0.700814
0.7483,5726,Render,Middle_MCP,-17.792670,1.009074,20.791670,0.609640,0.359897,0.040319,-0.705116
0.7483,5726,Render,Middle_PIP,-17.753710,1.029244,20.821060,0.521929,0.478305,0.185416,-0.681495
0.7483,5726,Render,Middle_DIP,-17.740580,1.036079,20.844500,0.423527,0.567284,0.309307,-0.634936
0.7483,5726,Render,Middle_FingerTip,-17.735910,1.038562,20.872300,0.423527,0.567284,0.309307,-0.634936
0.7483,5726,Render,Ring_MCP,-17.785580,0.985537,20.791980,0.625581,0.367210,0.048172,-0.686647
0.7483,5726,Render,Ring_PIP,-17.751810,1.003839,20.818250,0.532504,0.492580,0.194002,-0.660430
0.7483,5726,Render,Ring_DIP,-17.740240,1.010908,20.840830,0.427490,0.586044,0.317748,-0.610607
0.7483,5726,Render,Ring_FingerTip,-17.737370,1.013824,20.866310,0.427490,0.586044,0.317748,-0.610607
0.7483,5726,Render,Pinky_MCP,-17.784390,0.963200,20.792270,0.637178,0.369915,0.051037,-0.674213
0.7483,5726,Render,Pinky_PIP,-17.755990,0.979051,20.814470,0.543252,0.497704,0.194139,-0.647671
0.7483,5726,Render,Pinky_DIP,-17.748120,0.984358,20.830170,0.437049,0.593145,0.315422,-0.598061
0.7483,5726,Render,Pinky_FingerTip,-17.746260,0.987063,20.849040,0.437049,0.593145,0.315422,-0.598061
0.7622,5727,Real,Wrist,-17.892070,0.953794,20.749270,0.652725,0.250642,-0.081060,-0.710323
0.7622,5727,Real,Thumb_CMC,-17.876340,0.996096,20.763520,-0.079582,0.426521,-0.378017,-0.817833
0.7622,5727,Real,Thumb_MCP,-17.860950,1.020266,20.796790,-0.134598,0.412477,-0.267984,-0.860193
0.7622,5727,Real,Thumb_IP,-17.835650,1.037426,20.835120,-0.227209,0.369635,-0.059676,-0.898992
0.7622,5727,Real,Thumb_FingerTip,-17.815130,1.035697,20.854840,-0.227209,0.369635,-0.059676,-0.898992
0.7622,5727,Real,Index_MCP,-17.813630,1.030423,20.782380,0.544072,0.388225,0.087245,-0.738685
0.7622,5727,Real,Index_PIP,-17.781630,1.044169,20.813690,0.508027,0.434330,0.151527,-0.728221
0.7622,5727,Real,Index_DIP,-17.766660,1.049896,20.834110,0.472247,0.472986,0.208402,-0.714028
0.7622,5727,Real,Index_FingerTip,-17.754130,1.053907,20.857570,0.472247,0.472986,0.208402,-0.714028
0.7622,5727,Real,Middle_MCP,-17.799910,1.006837,20.779570,0.565851,0.410712,0.105138,-0.707160
0.7622,5727,Real,Middle_PIP,-17.766090,1.023530,20.816530,0.467983,0.519484,0.250010,-0.669794
0.7622,5727,Real,Middle_DIP,-17.756790,1.027724,20.842310,0.362237,0.598043,0.371206,-0.611012
0.7622,5727,Real,Middle_FingerTip,-17.756530,1.027148,20.870600,0.362237,0.598043,0.371206,-0.611012
0.7622,5727,Real,Ring_MCP,-17.792720,0.983332,20.779500,0.578972,0.423091,0.113741,-0.687640
0.7622,5727,Real,Ring_PIP,-17.764050,0.998851,20.812700,0.475294,0.536945,0.257928,-0.647502
0.7622,5727,Real,Ring_DIP,-17.756400,1.003498,20.837480,0.363087,0.618371,0.377706,-0.585767
0.7622,5727,Real,Ring_FingerTip,-17.757690,1.003667,20.863250,0.363087,0.618371,0.377706,-0.585767
0.7622,5727,Real,Pinky_MCP,-17.791400,0.961001,20.779710,0.590189,0.427516,0.114837,-0.675070
0.7622,5727,Real,Pinky_PIP,-17.767460,0.974765,20.807770,0.485308,0.543663,0.256316,-0.634987
0.7622,5727,Real,Pinky_DIP,-17.762370,0.978474,20.825000,0.371621,0.626891,0.373716,-0.573797
0.7622,5727,Real,Pinky_FingerTip,-17.763620,0.979184,20.844110,0.371621,0.626891,0.373716,-0.573797
0.7622,5727,Virtual,Wrist,-17.888040,0.955113,20.752920,0.654000,0.258971,-0.072308,-0.707100
0.7622,5727,Virtual,Thumb_CMC,-17.872590,0.997393,20.767550,-0.074363,0.436757,-0.378359,-0.812748
0.7622,5727,Virtual,Thumb_MCP,-17.858000,1.021547,20.801200,-0.130760,0.423306,-0.268986,-0.855196
0.7622,5727,Virtual,Thumb_IP,-17.833640,1.038676,20.840140,-0.226006,0.381061,-0.061818,-0.894367
0.7622,5727,Virtual,Thumb_FingerTip,-17.813630,1.036919,20.860360,-0.226006,0.381061,-0.061818,-0.894367
0.7622,5727,Virtual,Index_MCP,-17.810320,1.031620,20.787970,0.543364,0.397013,0.094626,-0.733609
0.7622,5727,Virtual,Index_PIP,-17.779090,1.045323,20.820060,0.506553,0.443022,0.158436,-0.722519
0.7622,5727,Virtual,Index_DIP,-17.764630,1.051030,20.840850,0.470093,0.481536,0.214840,-0.707799
0.7622,5727,Virtual,Index_FingerTip,-17.752690,1.055027,20.864620,0.470093,0.481536,0.214840,-0.707799
0.7622,5727,Virtual,Middle_MCP,-17.796570,1.008011,20.785510,0.564931,0.419087,0.112761,-0.701786
0.7622,5727,Virtual,Middle_PIP,-17.763660,1.024658,20.823300,0.465340,0.527484,0.256348,-0.662952
0.7622,5727,Virtual,Middle_DIP,-17.755000,1.028844,20.849300,0.358141,0.605406,0.376148,-0.603102
0.7622,5727,Virtual,Middle_FingerTip,-17.755460,1.028276,20.877590,0.358141,0.605406,0.376148,-0.603102
0.7622,5727,Virtual,Ring_MCP,-17.789420,0.984494,20.785620,0.577951,0.431211,0.121510,-0.682103
0.7622,5727,Virtual,Ring_PIP,-17.761570,0.999975,20.819530,0.472564,0.544660,0.264336,-0.640434
0.7622,5727,Virtual,Ring_DIP,-17.754530,1.004616,20.844490,0.358922,0.625416,0.382635,-0.577599
0.7622,5727,Virtual,Ring_FingerTip,-17.756470,1.004795,20.870220,0.358922,0.625416,0.382635,-0.577599
0.7622,5727,Virtual,Pinky_MCP,-17.788150,0.962161,20.785870,0.589156,0.435469,0.122736,-0.669476
0.7622,5727,Virtual,Pinky_PIP,-17.764900,0.975893,20.814520,0.482600,0.551212,0.262838,-0.627837
0.7622,5727,Virtual,Pinky_DIP,-17.760230,0.979598,20.831870,0.367511,0.633777,0.378740,-0.565525
0.7622,5727,Virtual,Pinky_FingerTip,-17.761960,0.980316,20.850940,0.367511,0.633777,0.378740,-0.565525
0.7622,5727,Render,Wrist,-17.888040,0.955113,20.752920,0.654000,0.258971,-0.072308,-0.707100
0.7622,5727,Render,Thumb_CMC,-17.872590,0.997393,20.767550,-0.027037,0.455440,-0.368648,-0.809902
0.7622,5727,Render,Thumb_MCP,-17.858830,1.022532,20.800820,-0.073402,0.450299,-0.284020,-0.843313
0.7622,5727,Render,Thumb_IP,-17.837590,1.042778,20.840100,-0.161104,0.426852,-0.111430,-0.882852
0.7622,5727,Render,Thumb_FingerTip,-17.820190,1.044466,20.862600,-0.161104,0.426852,-0.111430,-0.882852
0.7622,5727,Render,Index_MCP,-17.810320,1.031620,20.787970,0.543451,0.396894,0.094466,-0.733630
0.7622,5727,Render,Index_PIP,-17.779080,1.045331,20.820050,0.506650,0.442911,0.158278,-0.722554
0.7622,5727,Render,Index_DIP,-17.764610,1.051043,20.840830,0.470199,0.481433,0.214685,-0.707846
0.7622,5727,Render,Index_FingerTip,-17.752660,1.055046,20.864600,0.470199,0.481433,0.214685,-0.707846
0.7622,5727,Render,Middle_MCP,-17.796570,1.008011,20.785510,0.609378,0.351340,0.031308,-0.710098
0.7622,5727,Render,Middle_PIP,-17.756900,1.028275,20.813880,0.523445,0.469879,0.177631,-0.688234
0.7622,5727,Render,Middle_DIP,-17.743180,1.035133,20.836960,0.426588,0.559289,0.302916,-0.643009
0.7622,5727,Render,Middle_FingerTip,-17.737780,1.037612,20.864630,0.426588,0.559289,0.302916,-0.643009
0.7622,5727,Render,Ring_MCP,-17.789420,0.984494,20.785620,0.625418,0.358919,0.038976,-0.691745
0.7622,5727,Render,Ring_PIP,-17.755010,1.002877,20.811000,0.534119,0.484446,0.186110,-0.667377
0.7622,5727,Render,Ring_DIP,-17.742860,1.009965,20.833270,0.430644,0.578374,0.311345,-0.618946
0.7622,5727,Render,Ring_FingerTip,-17.739320,1.012874,20.858660,0.430644,0.578374,0.311345,-0.618946
0.7622,5727,Render,Pinky_MCP,-17.788150,0.962161,20.785870,0.637052,0.361805,0.041705,-0.679355
0.7622,5727,Render,Pinky_PIP,-17.759220,0.978079,20.807320,0.544865,0.489755,0.186124,-0.654691
0.7622,5727,Render,Pinky_DIP,-17.750950,0.983399,20.822800,0.440164,0.585656,0.308912,-0.606495
0.7622,5727,Render,Pinky_FingerTip,-17.748590,0.986098,20.841630,0.440164,0.585656,0.308912,-0.606495
0.7761,5728,Real,Wrist,-17.896260,0.952238,20.745570,0.650959,0.240763,-0.088650,-0.714442
0.7761,5728,Real,Thumb_CMC,-17.880070,0.994475,20.759500,-0.085491,0.416273,-0.375016,-0.823876
0.7761,5728,Real,Thumb_MCP,-17.863730,1.018484,20.792430,-0.139010,0.401582,-0.264451,-0.865722
0.7761,5728,Real,Thumb_IP,-17.837370,1.035460,20.830130,-0.228782,0.358121,-0.055386,-0.903516
0.7761,5728,Real,Thumb_FingerTip,-17.816360,1.033642,20.849300,-0.228782,0.358121,-0.055386,-0.903516
0.7761,5728,Real,Index_MCP,-17.816830,1.028637,20.776800,0.544376,0.378213,0.081756,-0.744263
0.7761,5728,Real,Index_PIP,-17.784020,1.042222,20.807330,0.509507,0.424020,0.146024,-0.734362
0.7761,5728,Real,Index_DIP,-17.768510,1.047870,20.827360,0.474831,0.462521,0.202937,-0.720713
0.7761,5728,Real,Index_FingerTip,-17.755330,1.051817,20.850480,0.474831,0.462521,0.202937,-0.720713
0.7761,5728,Real,Middle_MCP,-17.803230,1.005034,20.773570,0.566370,0.401173,0.099450,-0.713019
0.7761,5728,Real,Middle_PIP,-17.768470,1.021541,20.809730,0.470549,0.510194,0.245569,-0.676744
0.7761,5728,Real,Middle_DIP,-17.758520,1.025637,20.835280,0.366576,0.589352,0.368067,-0.618719
0.7761,5728,Real,Middle_FingerTip,-17.757550,1.024976,20.863550,0.366576,0.589352,0.368067,-0.618719
0.7761,5728,Real,Ring_MCP,-17.796090,0.981515,20.773240,0.579440,0.414060,0.108177,-0.693615
0.7761,5728,Real,Ring_PIP,-17.766600,0.996862,20.805810,0.477642,0.528256,0.253815,-0.654509
0.7761,5728,Real,Ring_DIP,-17.758350,1.001403,20.830410,0.367023,0.610320,0.375057,-0.593411
0.7761,5728,Real,Ring_FingerTip,-17.759030,1.001477,20.856200,0.367023,0.610320,0.375057,-0.593411
0.7761,5728,Real,Pinky_MCP,-17.794810,0.959181,20.773370,0.590685,0.418652,0.109103,-0.681116
0.7761,5728,Real,Pinky_PIP,-17.770180,0.972802,20.800890,0.487646,0.535144,0.252051,-0.642101
0.7761,5728,Real,Pinky_DIP,-17.764670,0.976439,20.818010,0.375514,0.619005,0.370937,-0.581574
0.7761,5728,Real,Pinky_FingerTip,-17.765470,0.977080,20.837140,0.375514,0.619005,0.370937,-0.581574
0.7761,5728,Virtual,Wrist,-17.892080,0.953794,20.749280,0.652725,0.250642,-0.081060,-0.710323
0.7761,5728,Virtual,Thumb_CMC,-17.876340,0.996097,20.763530,-0.079926,0.426522,-0.377404,-0.818081
0.7761,5728,Virtual,Thumb_MCP,-17.860920,1.020217,20.796820,-0.134828,0.412469,-0.267575,-0.860288
0.7761,5728,Virtual,Thumb_IP,-17.835590,1.037337,20.835150,-0.227253,0.369683,-0.059690,-0.898959
0.7761,5728,Virtual,Thumb_FingerTip,-17.815090,1.035607,20.854870,-0.227253,0.369683,-0.059690,-0.898959
0.7761,5728,Virtual,Index_MCP,-17.813640,1.030423,20.782390,0.543817,0.388583,0.087731,-0.738627
0.7761,5728,Virtual,Index_PIP,-17.781670,1.044145,20.813740,0.508051,0.434302,0.151488,-0.728230
0.7761,5728,Virtual,Index_DIP,-17.766700,1.049873,20.834160,0.472576,0.472658,0.207905,-0.714172
0.7761,5728,Virtual,Index_FingerTip,-17.754140,1.053902,20.857600,0.472576,0.472658,0.207905,-0.714172
0.7761,5728,Virtual,Middle_MCP,-17.799920,1.006838,20.779580,0.565516,0.411173,0.105714,-0.707074
0.7761,5728,Virtual,Middle_PIP,-17.766150,1.023501,20.816600,0.467634,0.519798,0.250459,-0.669626
0.7761,5728,Virtual,Middle_DIP,-17.756880,1.027679,20.842390,0.361913,0.598239,0.371537,-0.610810
0.7761,5728,Virtual,Middle_FingerTip,-17.756650,1.027089,20.870680,0.361913,0.598239,0.371537,-0.610810
0.7761,5728,Virtual,Ring_MCP,-17.792720,0.983333,20.779500,0.578435,0.423826,0.114614,-0.687495
0.7761,5728,Virtual,Ring_PIP,-17.764130,0.998816,20.812790,0.474574,0.537583,0.258797,-0.647155
0.7761,5728,Virtual,Ring_DIP,-17.756540,1.003433,20.837590,0.362217,0.618882,0.378530,-0.585235
0.7761,5728,Virtual,Ring_FingerTip,-17.757900,1.003570,20.863360,0.362217,0.618882,0.378530,-0.585235
0.7761,5728,Virtual,Pinky_MCP,-17.791410,0.961001,20.779710,0.589646,0.428266,0.115695,-0.674923
0.7761,5728,Virtual,Pinky_PIP,-17.767530,0.974737,20.807850,0.484578,0.544314,0.257168,-0.634643
0.7761,5728,Virtual,Pinky_DIP,-17.762490,0.978427,20.825100,0.370738,0.627413,0.374523,-0.573270
0.7761,5728,Virtual,Pinky_FingerTip,-17.763790,0.979113,20.844200,0.370738,0.627413,0.374523,-0.573270
0.7761,5728,Render,Wrist,-17.892080,0.953794,20.749280,0.652725,0.250642,-0.081060,-0.710323
0.7761,5728,Render,Thumb_CMC,-17.876340,0.996097,20.763530,-0.032153,0.445277,-0.368896,-0.815237
0.7761,5728,Render,Thumb_MCP,-17.861790,1.021250,20.796450,-0.077453,0.439666,-0.283722,-0.848644
0.7761,5728,Render,Thumb_IP,-17.839610,1.041522,20.835190,-0.162970,0.415628,-0.110081,-0.888019
0.7761,5728,Render,Thumb_FingerTip,-17.821650,1.043233,20.857250,-0.162970,0.415628,-0.110081,-0.888019
0.7761,5728,Render,Index_MCP,-17.813640,1.030423,20.782390,0.544072,0.388225,0.087245,-0.738685
0.7761,5728,Render,Index_PIP,-17.781640,1.044170,20.813690,0.508027,0.434330,0.151527,-0.728221
0.7761,5728,Render,Index_DIP,-17.766670,1.049896,20.834110,0.472247,0.472986,0.208402,-0.714028
0.7761,5728,Render,Index_FingerTip,-17.754140,1.053907,20.857580,0.472247,0.472986,0.208402,-0.714028
0.7761,5728,Render,Middle_MCP,-17.799920,1.006838,20.779580,0.609328,0.342914,0.023117,-0.714559
0.7761,5728,Render,Middle_PIP,-17.759580,1.027161,20.806950,0.525141,0.461626,0.170541,-0.694295
0.7761,5728,Render,Middle_DIP,-17.745290,1.034036,20.829680,0.429794,0.551497,0.297082,-0.650286
0.7761,5728,Render,Middle_FingerTip,-17.739200,1.036517,20.857210,0.429794,0.551497,0.297082,-0.650286
0.7761,5728,Render,Ring_MCP,-17.792720,0.983333,20.779500,0.625460,0.350735,0.030601,-0.696311
0.7761,5728,Render,Ring_PIP,-17.757720,1.001766,20.804020,0.535911,0.476461,0.178906,-0.673630
0.7761,5728,Render,Ring_DIP,-17.745030,1.008870,20.825980,0.433942,0.570885,0.305482,-0.626471
0.7761,5728,Render,Ring_FingerTip,-17.740860,1.011778,20.851270,0.433942,0.570885,0.305482,-0.626471
0.7761,5728,Render,Pinky_MCP,-17.791410,0.961001,20.779710,0.637126,0.353786,0.033194,-0.683962
0.7761,5728,Render,Pinky_PIP,-17.761980,0.976963,20.800440,0.546654,0.481937,0.178796,-0.661013
0.7761,5728,Render,Pinky_DIP,-17.753330,0.982293,20.815710,0.443427,0.578330,0.302941,-0.614112
0.7761,5728,Render,Pinky_FingerTip,-17.750510,0.984991,20.834470,0.443427,0.578330,0.302941,-0.614112
0.7899,5729,Real,Wrist,-17.901350,0.950650,20.742090,0.650379,0.231554,-0.094091,-0.717313
0.7899,5729,Real,Thumb_CMC,-17.884680,0.992809,20.755680,-0.088764,0.407546,-0.372168,-0.829167
0.7899,5729,Real,Thumb_MCP,-17.867520,1.016733,20.788260,-0.141118,0.392503,-0.260939,-0.870597
0.7899,5729,Real,Thumb_IP,-17.840270,1.033578,20.825380,-0.228716,0.348801,-0.050834,-0.907438
0.7899,5729,Real,Thumb_FingerTip,-17.818850,1.031660,20.844090,-0.228716,0.348801,-0.050834,-0.907438
0.7899,5729,Real,Index_MCP,-17.820920,1.026684,20.771610,0.545954,0.368883,0.077550,-0.748229
0.7899,5729,Real,Index_PIP,-17.787400,1.040112,20.801430,0.511888,0.414861,0.142178,-0.738679
0.7899,5729,Real,Index_DIP,-17.771430,1.045684,20.821110,0.477921,0.453576,0.199440,-0.725317
0.7899,5729,Real,Index_FingerTip,-17.757740,1.049564,20.843940,0.477921,0.453576,0.199440,-0.725317
0.7899,5729,Real,Middle_MCP,-17.807500,1.003021,20.768080,0.568194,0.392129,0.094938,-0.717201
0.7899,5729,Real,Middle_PIP,-17.771890,1.019361,20.803480,0.474215,0.501727,0.242026,-0.681773
0.7899,5729,Real,Middle_DIP,-17.761370,1.023404,20.828810,0.371764,0.581722,0.365529,-0.624323
0.7899,5729,Real,Middle_FingerTip,-17.759790,1.022728,20.857050,0.371764,0.581722,0.365529,-0.624323
0.7899,5729,Real,Ring_MCP,-17.800470,0.979472,20.767600,0.581391,0.405195,0.103481,-0.697921
0.7899,5729,Real,Ring_PIP,-17.770220,0.994675,20.799520,0.481440,0.520013,0.250148,-0.659719
0.7899,5729,Real,Ring_DIP,-17.761420,0.999171,20.823930,0.372337,0.602962,0.372461,-0.599229
0.7899,5729,Real,Ring_FingerTip,-17.761540,0.999239,20.849740,0.372337,0.602962,0.372461,-0.599229
0.7899,5729,Real,Pinky_MCP,-17.799300,0.957132,20.767680,0.592657,0.409898,0.104259,-0.685473
0.7899,5729,Real,Pinky_PIP,-17.774010,0.970634,20.794670,0.491442,0.527013,0.248248,-0.647391
0.7899,5729,Real,Pinky_DIP,-17.768120,0.974240,20.811670,0.380804,0.611757,0.368225,-0.587497
0.7899,5729,Real,Pinky_FingerTip,-17.768490,0.974877,20.830810,0.380804,0.611757,0.368225,-0.587497
0.7899,5729,Virtual,Wrist,-17.896270,0.952238,20.745570,0.650959,0.240763,-0.088650,-0.714442
0.7899,5729,Virtual,Thumb_CMC,-17.880080,0.994475,20.759500,-0.085491,0.416273,-0.375016,-0.823876
0.7899,5729,Virtual,Thumb_MCP,-17.863740,1.018483,20.792440,-0.139010,0.401582,-0.264451,-0.865722
0.7899,5729,Virtual,Thumb_IP,-17.837370,1.035460,20.830140,-0.228782,0.358121,-0.055386,-0.903516
0.7899,5729,Virtual,Thumb_FingerTip,-17.816360,1.033642,20.849300,-0.228782,0.358121,-0.055386,-0.903516
0.7899,5729,Virtual,Index_MCP,-17.816830,1.028637,20.776800,0.544375,0.378213,0.081756,-0.744263
0.7899,5729,Virtual,Index_PIP,-17.784030,1.042221,20.807330,0.509507,0.424020,0.146024,-0.734362
0.7899,5729,Virtual,Index_DIP,-17.768510,1.047870,20.827360,0.474831,0.462521,0.202937,-0.720713
0.7899,5729,Virtual,Index_FingerTip,-17.755340,1.051817,20.850480,0.474831,0.462521,0.202937,-0.720713
0.7899,5729,Virtual,Middle_MCP,-17.803230,1.005033,20.773570,0.566370,0.401173,0.099449,-0.713019
0.7899,5729,Virtual,Middle_PIP,-17.768470,1.021541,20.809730,0.470549,0.510194,0.245569,-0.676744
0.7899,5729,Virtual,Middle_DIP,-17.758520,1.025637,20.835280,0.366576,0.589352,0.368067,-0.618719
0.7899,5729,Virtual,Middle_FingerTip,-17.757550,1.024976,20.863550,0.366576,0.589352,0.368067,-0.618719
0.7899,5729,Virtual,Ring_MCP,-17.796090,0.981515,20.773250,0.579440,0.414060,0.108177,-0.693615
0.7899,5729,Virtual,Ring_PIP,-17.766600,0.996862,20.805810,0.477642,0.528256,0.253815,-0.654509
0.7899,5729,Virtual,Ring_DIP,-17.758350,1.001403,20.830420,0.367023,0.610320,0.375057,-0.593411
0.7899,5729,Virtual,Ring_FingerTip,-17.759030,1.001477,20.856210,0.367023,0.610320,0.375057,-0.593411
0.7899,5729,Virtual,Pinky_MCP,-17.794820,0.959181,20.773370,0.590685,0.418652,0.109103,-0.681116
0.7899,5729,Virtual,Pinky_PIP,-17.770180,0.972802,20.800900,0.487646,0.535144,0.252051,-0.642101
0.7899,5729,Virtual,Pinky_DIP,-17.764680,0.976439,20.818010,0.375514,0.619005,0.370937,-0.581574
0.7899,5729,Virtual,Pinky_FingerTip,-17.765470,0.977080,20.837140,0.375514,0.619005,0.370937,-0.581574
0.7899,5729,Render,Wrist,-17.896270,0.952238,20.745570,0.650959,0.240763,-0.088650,-0.714442
0.7899,5729,Render,Thumb_CMC,-17.880080,0.994475,20.759500,-0.037589,0.435008,-0.367116,-0.821329
0.7899,5729,Render,Thumb_MCP,-17.864620,1.019519,20.792090,-0.081812,0.428896,-0.281329,-0.854523
0.7899,5729,Render,Thumb_IP,-17.841390,1.039652,20.830290,-0.165110,0.404207,-0.106572,-0.893307
0.7899,5729,Render,Thumb_FingerTip,-17.822850,1.041275,20.851870,-0.165110,0.404207,-0.106572,-0.893307
0.7899,5729,Render,Index_MCP,-17.816830,1.028637,20.776800,0.544375,0.378213,0.081756,-0.744263
0.7899,5729,Render,Index_PIP,-17.784030,1.042221,20.807330,0.509507,0.424020,0.146024,-0.734362
0.7899,5729,Render,Index_DIP,-17.768510,1.047870,20.827360,0.474831,0.462521,0.202937,-0.720713
0.7899,5729,Render,Index_FingerTip,-17.755340,1.051817,20.850480,0.474831,0.462521,0.202937,-0.720713
0.7899,5729,Render,Middle_MCP,-17.803230,1.005033,20.773570,0.609018,0.332883,0.016207,-0.719739
0.7899,5729,Render,Middle_PIP,-17.762160,1.025212,20.799920,0.526913,0.451748,0.164852,-0.700792
0.7899,5729,Render,Middle_DIP,-17.747260,1.032004,20.822280,0.433379,0.542123,0.292705,-0.657731
0.7899,5729,Render,Middle_FingerTip,-17.740440,1.034405,20.849640,0.433379,0.542123,0.292705,-0.657731
0.7899,5729,Render,Ring_MCP,-17.796090,0.981515,20.773250,0.625276,0.340919,0.023470,-0.701608
0.7899,5729,Render,Ring_PIP,-17.760420,0.999822,20.796880,0.537832,0.466833,0.173073,-0.680331
0.7899,5729,Render,Ring_DIP,-17.747140,1.006847,20.818510,0.437685,0.561808,0.301051,-0.634171
0.7899,5729,Render,Ring_FingerTip,-17.742310,1.009684,20.843690,0.437685,0.561808,0.301051,-0.634171
0.7899,5729,Render,Pinky_MCP,-17.794820,0.959181,20.773370,0.636994,0.344117,0.025902,-0.689313
0.7899,5729,Render,Pinky_PIP,-17.764820,0.975036,20.793340,0.548594,0.472465,0.172818,-0.667800
0.7899,5729,Render,Pinky_DIP,-17.755760,0.980311,20.808400,0.447158,0.569410,0.298384,-0.621924
0.7899,5729,Render,Pinky_FingerTip,-17.752440,0.982957,20.827080,0.447158,0.569410,0.298384,-0.621924
0.8042,5730,Real,Wrist,-17.905860,0.949262,20.738560,0.651686,0.222905,-0.098474,-0.718277
0.8042,5730,Real,Thumb_CMC,-17.888690,0.991381,20.751660,-0.089435,0.399392,-0.369412,-0.834280
0.8042,5730,Real,Thumb_MCP,-17.870780,1.015310,20.783820,-0.140666,0.384351,-0.257664,-0.875270
0.8042,5730,Real,Thumb_IP,-17.842740,1.032124,20.820370,-0.226289,0.341036,-0.046794,-0.911207
0.8042,5730,Real,Thumb_FingerTip,-17.821000,1.030156,20.838680,-0.226289,0.341036,-0.046794,-0.911207
0.8042,5730,Real,Index_MCP,-17.824460,1.024953,20.766270,0.549140,0.360851,0.074239,-0.750147
0.8042,5730,Real,Index_PIP,-17.790350,1.038297,20.795440,0.515905,0.406953,0.138782,-0.740926
0.8042,5730,Real,Index_DIP,-17.773990,1.043858,20.814810,0.482685,0.445852,0.195997,-0.727885
0.8042,5730,Real,Index_FingerTip,-17.759850,1.047760,20.837360,0.482685,0.445852,0.195997,-0.727885
0.8042,5730,Real,Middle_MCP,-17.811250,1.001199,20.762600,0.571465,0.384459,0.091390,-0.719213
0.8042,5730,Real,Middle_PIP,-17.774930,1.017461,20.797320,0.479018,0.494896,0.238961,-0.684483
0.8042,5730,Real,Middle_DIP,-17.763960,1.021535,20.822440,0.377773,0.575907,0.363017,-0.627565
0.8042,5730,Real,Middle_FingerTip,-17.761890,1.020955,20.850660,0.377773,0.575907,0.363017,-0.627565
0.8042,5730,Real,Ring_MCP,-17.804360,0.977607,20.762080,0.584374,0.398209,0.100339,-0.699907
0.8042,5730,Real,Ring_PIP,-17.773520,0.992729,20.793480,0.485615,0.514044,0.247800,-0.662218
0.8042,5730,Real,Ring_DIP,-17.764340,0.997235,20.817760,0.377340,0.598061,0.370883,-0.601983
0.8042,5730,Real,Ring_FingerTip,-17.764090,0.997359,20.843560,0.377340,0.598061,0.370883,-0.601983
0.8042,5730,Real,Pinky_MCP,-17.803310,0.955262,20.762250,0.595626,0.403011,0.100949,-0.687475
0.8042,5730,Real,Pinky_PIP,-17.777530,0.968699,20.788800,0.495579,0.521143,0.245735,-0.649943
0.8042,5730,Real,Pinky_DIP,-17.771360,0.972315,20.805690,0.385748,0.606949,0.366489,-0.590337
0.8042,5730,Real,Pinky_FingerTip,-17.771470,0.972996,20.824840,0.385748,0.606949,0.366489,-0.590337
0.8042,5730,Virtual,Wrist,-17.901360,0.950651,20.742100,0.650378,0.231555,-0.094091,-0.717313
0.8042,5730,Virtual,Thumb_CMC,-17.884690,0.992810,20.755690,-0.088982,0.407544,-0.371758,-0.829329
0.8042,5730,Virtual,Thumb_MCP,-17.867500,1.016701,20.788280,-0.141278,0.392492,-0.260634,-0.870667
0.8042,5730,Virtual,Thumb_IP,-17.840240,1.033517,20.825400,-0.228779,0.348812,-0.050754,-0.907422
0.8042,5730,Virtual,Thumb_FingerTip,-17.818820,1.031593,20.844100,-0.228779,0.348812,-0.050754,-0.907422
0.8042,5730,Virtual,Index_MCP,-17.820930,1.026685,20.771620,0.545792,0.369122,0.077878,-0.748195
0.8042,5730,Virtual,Index_PIP,-17.787430,1.040096,20.801470,0.511854,0.414904,0.142239,-0.738667
0.8042,5730,Virtual,Index_DIP,-17.771460,1.045667,20.821160,0.478028,0.453463,0.199267,-0.725364
0.8042,5730,Virtual,Index_FingerTip,-17.757760,1.049552,20.843980,0.478028,0.453463,0.199267,-0.725364
0.8042,5730,Virtual,Middle_MCP,-17.807510,1.003022,20.768090,0.567957,0.392473,0.095372,-0.717143
0.8042,5730,Virtual,Middle_PIP,-17.771930,1.019341,20.803540,0.473920,0.502005,0.242425,-0.681631
0.8042,5730,Virtual,Middle_DIP,-17.761440,1.023369,20.828870,0.371433,0.581934,0.365885,-0.624114
0.8042,5730,Virtual,Middle_FingerTip,-17.759890,1.022678,20.857130,0.371433,0.581934,0.365885,-0.624114
0.8042,5730,Virtual,Ring_MCP,-17.800480,0.979473,20.767600,0.580785,0.406063,0.104524,-0.697766
0.8042,5730,Virtual,Ring_PIP,-17.770310,0.994634,20.799620,0.480428,0.520948,0.251430,-0.659231
0.8042,5730,Virtual,Ring_DIP,-17.761590,0.999088,20.824080,0.370919,0.603835,0.373868,-0.598352
0.8042,5730,Virtual,Ring_FingerTip,-17.761820,0.999102,20.849890,0.370919,0.603835,0.373868,-0.598352
0.8042,5730,Virtual,Pinky_MCP,-17.799300,0.957133,20.767690,0.592044,0.410782,0.105283,-0.685316
0.8042,5730,Virtual,Pinky_PIP,-17.774090,0.970602,20.794770,0.490416,0.527968,0.249507,-0.646907
0.8042,5730,Virtual,Pinky_DIP,-17.768260,0.974180,20.811790,0.379365,0.612650,0.369604,-0.586630
0.8042,5730,Virtual,Pinky_FingerTip,-17.768710,0.974778,20.830930,0.379365,0.612650,0.369604,-0.586630
0.8042,5730,Render,Wrist,-17.901360,0.950651,20.742100,0.650378,0.231555,-0.094091,-0.717313
0.8042,5730,Render,Thumb_CMC,-17.884690,0.992810,20.755690,-0.040737,0.426200,-0.364792,-0.826814
0.8042,5730,Render,Thumb_MCP,-17.868420,1.017774,20.787950,-0.084045,0.419813,-0.278457,-0.859742
0.8042,5730,Render,Thumb_IP,-17.844270,1.037790,20.825640,-0.165500,0.394862,-0.102724,-0.897854
0.8042,5730,Render,Thumb_FingerTip,-17.825260,1.039322,20.846810,-0.165500,0.394862,-0.102724,-0.897854
0.8042,5730,Render,Index_MCP,-17.820930,1.026685,20.771620,0.545953,0.368883,0.077550,-0.748229
0.8042,5730,Render,Index_PIP,-17.787410,1.040112,20.801430,0.511888,0.414862,0.142178,-0.738679
0.8042,5730,Render,Index_DIP,-17.771430,1.045685,20.821120,0.477920,0.453577,0.199440,-0.725317
0.8042,5730,Render,Index_FingerTip,-17.757740,1.049564,20.843950,0.477920,0.453577,0.199440,-0.725317
0.8042,5730,Render,Middle_MCP,-17.807510,1.003022,20.768090,0.609783,0.323689,0.011241,-0.723370
0.8042,5730,Render,Middle_PIP,-17.765780,1.023009,20.793540,0.529565,0.442911,0.160747,-0.705373
0.8042,5730,Render,Middle_DIP,-17.750370,1.029726,20.815580,0.437632,0.533936,0.289526,-0.662997
0.8042,5730,Render,Middle_FingerTip,-17.742950,1.032087,20.842790,0.437632,0.533936,0.289526,-0.662997
0.8042,5730,Render,Ring_MCP,-17.800480,0.979473,20.767600,0.626140,0.331884,0.018288,-0.705314
0.8042,5730,Render,Ring_PIP,-17.764230,0.997613,20.790460,0.540609,0.458192,0.168805,-0.685060
0.8042,5730,Render,Ring_DIP,-17.750440,1.004571,20.811800,0.442077,0.553865,0.297776,-0.639634
0.8042,5730,Render,Ring_FingerTip,-17.745050,1.007377,20.836880,0.442077,0.553865,0.297776,-0.639634
0.8042,5730,Render,Pinky_MCP,-17.799300,0.957133,20.767690,0.637892,0.335189,0.020566,-0.693051
0.8042,5730,Render,Pinky_PIP,-17.768810,0.972847,20.787020,0.551382,0.463935,0.168406,-0.672593
0.8042,5730,Render,Pinky_DIP,-17.759410,0.978077,20.801870,0.451539,0.561578,0.294979,-0.627479
0.8042,5730,Render,Pinky_FingerTip,-17.755660,0.980701,20.820480,0.451539,0.561578,0.294979,-0.627479
0.8179,5731,Real,Wrist,-17.910700,0.948151,20.735010,0.653298,0.214976,-0.103841,-0.718473
0.8179,5731,Real,Thumb_CMC,-17.893160,0.990289,20.747540,-0.089600,0.390839,-0.368374,-0.838760
0.8179,5731,Real,Thumb_MCP,-17.874580,1.014348,20.779230,-0.139716,0.375850,-0.256052,-0.879576
0.8179,5731,Real,Thumb_IP,-17.845830,1.031284,20.815160,-0.223386,0.332990,-0.044223,-0.915020
0.8179,5731,Real,Thumb_FingerTip,-17.823760,1.029351,20.833080,-0.223386,0.332990,-0.044223,-0.915020
0.8179,5731,Real,Index_MCP,-17.828560,1.023727,20.760780,0.552654,0.353320,0.069433,-0.751610
0.8179,5731,Real,Index_PIP,-17.793880,1.037127,20.789250,0.520057,0.399753,0.134121,-0.742799
0.8179,5731,Real,Index_DIP,-17.777150,1.042748,20.808280,0.487385,0.438996,0.191495,-0.730115
0.8179,5731,Real,Index_FingerTip,-17.762590,1.046737,20.830550,0.487385,0.438996,0.191495,-0.730115
0.8179,5731,Real,Middle_MCP,-17.815490,0.999906,20.757010,0.575081,0.377221,0.086258,-0.720796
0.8179,5731,Real,Middle_PIP,-17.778500,1.016250,20.790970,0.484061,0.488568,0.234270,-0.687099
0.8179,5731,Real,Middle_DIP,-17.767060,1.020437,20.815870,0.383912,0.570636,0.358899,-0.631014
0.8179,5731,Real,Middle_FingerTip,-17.764480,1.020019,20.844040,0.383912,0.570636,0.358899,-0.631014
0.8179,5731,Real,Ring_MCP,-17.808700,0.976288,20.756520,0.588036,0.391150,0.095015,-0.701562
0.8179,5731,Real,Ring_PIP,-17.777240,0.991491,20.787260,0.490703,0.507932,0.242953,-0.664974
0.8179,5731,Real,Ring_DIP,-17.767600,0.996111,20.811330,0.383511,0.593046,0.366659,-0.605622
0.8179,5731,Real,Ring_FingerTip,-17.766890,0.996389,20.837130,0.383511,0.593046,0.366659,-0.605622
0.8179,5731,Real,Pinky_MCP,-17.807720,0.953940,20.756800,0.599263,0.396048,0.095487,-0.689139
0.8179,5731,Real,Pinky_PIP,-17.781420,0.967447,20.782790,0.500622,0.515120,0.240756,-0.652737
0.8179,5731,Real,Pinky_DIP,-17.774930,0.971143,20.799550,0.391858,0.602012,0.362143,-0.594039
0.8179,5731,Real,Pinky_FingerTip,-17.774690,0.971939,20.818700,0.391858,0.602012,0.362143,-0.594039
0.8179,5731,Virtual,Wrist,-17.905860,0.949262,20.738560,0.651686,0.222905,-0.098474,-0.718277
0.8179,5731,Virtual,Thumb_CMC,-17.888700,0.991381,20.751660,-0.089436,0.399391,-0.369412,-0.834280
0.8179,5731,Virtual,Thumb_MCP,-17.870780,1.015310,20.783830,-0.140666,0.384350,-0.257664,-0.875270
0.8179,5731,Virtual,Thumb_IP,-17.842740,1.032124,20.820370,-0.226289,0.341036,-0.046794,-0.911207
0.8179,5731,Virtual,Thumb_FingerTip,-17.821000,1.030155,20.838690,-0.226289,0.341036,-0.046794,-0.911207
0.8179,5731,Virtual,Index_MCP,-17.824470,1.024953,20.766270,0.549140,0.360851,0.074239,-0.750147
0.8179,5731,Virtual,Index_PIP,-17.790350,1.038296,20.795440,0.515905,0.406953,0.138782,-0.740926
0.8179,5731,Virtual,Index_DIP,-17.773990,1.043857,20.814810,0.482685,0.445851,0.195997,-0.727885
0.8179,5731,Virtual,Index_FingerTip,-17.759860,1.047760,20.837360,0.482685,0.445851,0.195997,-0.727885
0.8179,5731,Virtual,Middle_MCP,-17.811250,1.001198,20.762600,0.571465,0.384459,0.091390,-0.719213
0.8179,5731,Virtual,Middle_PIP,-17.774930,1.017460,20.797320,0.479018,0.494896,0.238961,-0.684483
0.8179,5731,Virtual,Middle_DIP,-17.763960,1.021535,20.822450,0.377773,0.575907,0.363016,-0.627566
0.8179,5731,Virtual,Middle_FingerTip,-17.761890,1.020954,20.850660,0.377773,0.575907,0.363016,-0.627566
0.8179,5731,Virtual,Ring_MCP,-17.804370,0.977607,20.762090,0.584374,0.398209,0.100339,-0.699907
0.8179,5731,Virtual,Ring_PIP,-17.773530,0.992728,20.793490,0.485615,0.514044,0.247800,-0.662218
0.8179,5731,Virtual,Ring_DIP,-17.764340,0.997235,20.817760,0.377340,0.598061,0.370883,-0.601983
0.8179,5731,Virtual,Ring_FingerTip,-17.764090,0.997359,20.843560,0.377340,0.598061,0.370883,-0.601983
0.8179,5731,Virtual,Pinky_MCP,-17.803310,0.955261,20.762250,0.595626,0.403011,0.100949,-0.687475
0.8179,5731,Virtual,Pinky_PIP,-17.777530,0.968698,20.788800,0.495579,0.521143,0.245735,-0.649943
0.8179,5731,Virtual,Pinky_DIP,-17.771370,0.972314,20.805700,0.385748,0.606949,0.366489,-0.590337
0.8179,5731,Virtual,Pinky_FingerTip,-17.771470,0.972996,20.824850,0.385748,0.606949,0.366489,-0.590337
0.8179,5731,Render,Wrist,-17.905860,0.949262,20.738560,0.651686,0.222905,-0.098474,-0.718277
0.8179,5731,Render,Thumb_CMC,-17.888700,0.991381,20.751660,-0.041081,0.417946,-0.362936,-0.831812
0.8179,5731,Render,Thumb_MCP,-17.871690,1.016386,20.783500,-0.083544,0.411567,-0.276100,-0.864525
0.8179,5731,Render,Thumb_IP,-17.846750,1.036421,20.820650,-0.163377,0.386878,-0.099466,-0.902075
0.8179,5731,Render,Thumb_FingerTip,-17.827350,1.037932,20.841480,-0.163377,0.386878,-0.099466,-0.902075
0.8179,5731,Render,Index_MCP,-17.824470,1.024953,20.766270,0.549140,0.360851,0.074239,-0.750147
0.8179,5731,Render,Index_PIP,-17.790350,1.038296,20.795440,0.515905,0.406953,0.138782,-0.740926
0.8179,5731,Render,Index_DIP,-17.773990,1.043857,20.814810,0.482685,0.445851,0.195997,-0.727885
0.8179,5731,Render,Index_FingerTip,-17.759860,1.047760,20.837360,0.482685,0.445851,0.195997,-0.727885
0.8179,5731,Render,Middle_MCP,-17.811250,1.001198,20.762600,0.612335,0.315321,0.007045,-0.724962
0.8179,5731,Render,Middle_PIP,-17.768950,1.021051,20.787200,0.533794,0.435253,0.156971,-0.707799
0.8179,5731,Render,Middle_DIP,-17.753100,1.027772,20.808930,0.443216,0.527201,0.286270,-0.666085
0.8179,5731,Render,Middle_FingerTip,-17.745170,1.030205,20.835980,0.443216,0.527201,0.286270,-0.666085
0.8179,5731,Render,Ring_MCP,-17.804370,0.977607,20.762090,0.628740,0.323649,0.013873,-0.706927
0.8179,5731,Render,Ring_PIP,-17.767590,0.995633,20.784190,0.544912,0.450704,0.164837,-0.687580
0.8179,5731,Render,Ring_DIP,-17.753390,1.002601,20.805260,0.447743,0.547347,0.294368,-0.642873
0.8179,5731,Render,Ring_FingerTip,-17.747520,1.005482,20.830220,0.447743,0.547347,0.294368,-0.642873
0.8179,5731,Render,Pinky_MCP,-17.803310,0.955261,20.762250,0.640496,0.327037,0.016001,-0.694663
0.8179,5731,Render,Pinky_PIP,-17.772380,0.970880,20.780950,0.555670,0.456530,0.164291,-0.675145
0.8179,5731,Render,Pinky_DIP,-17.762680,0.976118,20.795610,0.457175,0.555139,0.291434,-0.630776
0.8179,5731,Render,Pinky_FingerTip,-17.758580,0.978799,20.814130,0.457175,0.555139,0.291434,-0.630776
0.8323,5732,Real,Wrist,-17.915690,0.947611,20.731580,0.657495,0.206864,-0.107514,-0.716484
0.8323,5732,Real,Thumb_CMC,-17.897690,0.989774,20.743350,-0.086531,0.382750,-0.366143,-0.843774
0.8323,5732,Real,Thumb_MCP,-17.878420,1.013997,20.774500,-0.135427,0.368299,-0.253649,-0.884125
0.8323,5732,Real,Thumb_IP,-17.849000,1.031097,20.809800,-0.217150,0.326850,-0.041690,-0.918846
0.8323,5732,Real,Thumb_FingerTip,-17.826680,1.029235,20.827430,-0.217150,0.326850,-0.041690,-0.918846
0.8323,5732,Real,Index_MCP,-17.832680,1.022926,20.755240,0.558414,0.346936,0.066604,-0.750582
0.8323,5732,Real,Index_PIP,-17.797540,1.036389,20.783120,0.526906,0.393141,0.130157,-0.742206
0.8323,5732,Real,Index_DIP,-17.780490,1.042127,20.801820,0.495283,0.432303,0.186561,-0.730072
0.8323,5732,Real,Index_FingerTip,-17.765520,1.046319,20.823770,0.495283,0.432303,0.186561,-0.730072
0.8323,5732,Real,Middle_MCP,-17.819830,0.998974,20.751570,0.580726,0.371281,0.083192,-0.719714
0.8323,5732,Real,Middle_PIP,-17.782310,1.015421,20.784890,0.490971,0.483776,0.230828,-0.686751
0.8323,5732,Real,Middle_DIP,-17.770520,1.019801,20.809600,0.391760,0.567112,0.355272,-0.631420
0.8323,5732,Real,Middle_FingerTip,-17.767570,1.019679,20.837740,0.391760,0.567112,0.355272,-0.631420
0.8323,5732,Real,Ring_MCP,-17.813200,0.975306,20.751260,0.592797,0.386699,0.093239,-0.700259
0.8323,5732,Real,Ring_PIP,-17.781390,0.990564,20.781600,0.495890,0.505013,0.241488,-0.663882
0.8323,5732,Real,Ring_DIP,-17.771550,0.995312,20.805580,0.388725,0.591470,0.365459,-0.604562
0.8323,5732,Real,Ring_FingerTip,-17.770700,0.995775,20.831360,0.388725,0.591470,0.365459,-0.604562
0.8323,5732,Real,Pinky_MCP,-17.812360,0.952957,20.751790,0.603953,0.391694,0.093513,-0.687803
0.8323,5732,Real,Pinky_PIP,-17.785760,0.966520,20.777450,0.505712,0.512287,0.239080,-0.651658
0.8323,5732,Real,Pinky_DIP,-17.779140,0.970309,20.794130,0.396953,0.600509,0.360730,-0.593036
0.8323,5732,Real,Pinky_FingerTip,-17.778790,0.971246,20.813270,0.396953,0.600509,0.360730,-0.593036
0.8323,5732,Virtual,Wrist,-17.910700,0.948152,20.735020,0.653298,0.214976,-0.103841,-0.718473
0.8323,5732,Virtual,Thumb_CMC,-17.893170,0.990289,20.747550,-0.090132,0.390831,-0.367319,-0.839169
0.8323,5732,Virtual,Thumb_MCP,-17.874520,1.014266,20.779260,-0.140047,0.375846,-0.255411,-0.879712
0.8323,5732,Virtual,Thumb_IP,-17.845740,1.031138,20.815190,-0.223393,0.333119,-0.044428,-0.914961
0.8323,5732,Virtual,Thumb_FingerTip,-17.823670,1.029213,20.833130,-0.223393,0.333119,-0.044428,-0.914961
0.8323,5732,Virtual,Index_MCP,-17.828570,1.023727,20.760790,0.552267,0.353925,0.070256,-0.751533
0.8323,5732,Virtual,Index_PIP,-17.793930,1.037089,20.789340,0.520188,0.399583,0.133877,-0.742843
0.8323,5732,Virtual,Index_DIP,-17.777200,1.042716,20.808360,0.488091,0.438211,0.190319,-0.730423
0.8323,5732,Virtual,Index_FingerTip,-17.762580,1.046745,20.830570,0.488091,0.438211,0.190319,-0.730423
0.8323,5732,Virtual,Middle_MCP,-17.815500,0.999906,20.757020,0.574558,0.378017,0.087256,-0.720676
0.8323,5732,Virtual,Middle_PIP,-17.778590,1.016203,20.791090,0.483539,0.489085,0.235003,-0.686848
0.8323,5732,Virtual,Middle_DIP,-17.767190,1.020365,20.816010,0.383466,0.570936,0.359391,-0.630733
0.8323,5732,Virtual,Middle_FingerTip,-17.764650,1.019927,20.844190,0.383466,0.570936,0.359391,-0.630733
0.8323,5732,Virtual,Ring_MCP,-17.808700,0.976288,20.756530,0.586619,0.393272,0.097549,-0.701214
0.8323,5732,Virtual,Ring_PIP,-17.777450,0.991393,20.787520,0.488444,0.510105,0.245902,-0.663889
0.8323,5732,Virtual,Ring_DIP,-17.768000,0.995919,20.811690,0.380434,0.595025,0.369791,-0.603714
0.8323,5732,Virtual,Ring_FingerTip,-17.767530,0.996080,20.837480,0.380434,0.595025,0.369791,-0.603714
0.8323,5732,Virtual,Pinky_MCP,-17.807720,0.953940,20.756810,0.597829,0.398211,0.097976,-0.688789
0.8323,5732,Virtual,Pinky_PIP,-17.781600,0.967372,20.783020,0.498331,0.517336,0.243650,-0.651662
0.8323,5732,Virtual,Pinky_DIP,-17.775250,0.971006,20.799840,0.388734,0.604034,0.365215,-0.592155
0.8323,5732,Virtual,Pinky_FingerTip,-17.775180,0.971716,20.818980,0.388734,0.604034,0.365215,-0.592155
0.8323,5732,Render,Wrist,-17.910700,0.948152,20.735020,0.653298,0.214976,-0.103841,-0.718473
0.8323,5732,Render,Thumb_CMC,-17.893170,0.990289,20.747550,-0.041165,0.409354,-0.362396,-0.836304
0.8323,5732,Render,Thumb_MCP,-17.875500,1.015426,20.778920,-0.082750,0.403010,-0.275105,-0.868938
0.8323,5732,Render,Thumb_IP,-17.849820,1.035597,20.815500,-0.160904,0.378648,-0.097617,-0.906204
0.8323,5732,Render,Thumb_FingerTip,-17.830040,1.037166,20.835950,-0.160904,0.378648,-0.097617,-0.906204
0.8323,5732,Render,Index_MCP,-17.828570,1.023727,20.760790,0.552654,0.353320,0.069433,-0.751610
0.8323,5732,Render,Index_PIP,-17.793880,1.037128,20.789250,0.520057,0.399754,0.134121,-0.742799
0.8323,5732,Render,Index_DIP,-17.777160,1.042748,20.808290,0.487385,0.438996,0.191495,-0.730115
0.8323,5732,Render,Index_FingerTip,-17.762600,1.046737,20.830550,0.487385,0.438996,0.191495,-0.730115
0.8323,5732,Render,Middle_MCP,-17.815500,0.999906,20.757020,0.615083,0.307711,0.001764,-0.725936
0.8323,5732,Render,Middle_PIP,-17.772690,1.019760,20.780730,0.538058,0.428377,0.152005,-0.709846
0.8323,5732,Render,Middle_DIP,-17.756430,1.026556,20.802120,0.448688,0.521241,0.281773,-0.669022
0.8323,5732,Render,Middle_FingerTip,-17.748000,1.029124,20.829010,0.448688,0.521241,0.281773,-0.669022
0.8323,5732,Render,Ring_MCP,-17.808700,0.976288,20.756530,0.631510,0.316195,0.008386,-0.707917
0.8323,5732,Render,Ring_PIP,-17.771480,0.994320,20.777850,0.549212,0.444016,0.159689,-0.689721
0.8323,5732,Render,Ring_DIP,-17.756870,1.001365,20.798610,0.453253,0.541614,0.289730,-0.645967
0.8323,5732,Render,Ring_FingerTip,-17.750540,1.004375,20.823440,0.453253,0.541614,0.289730,-0.645967
0.8323,5732,Render,Pinky_MCP,-17.807720,0.953940,20.756810,0.643253,0.319681,0.010376,-0.695645
0.8323,5732,Render,Pinky_PIP,-17.776410,0.969565,20.774840,0.559937,0.449934,0.159007,-0.677308
0.8323,5732,Render,Pinky_DIP,-17.766420,0.974857,20.789290,0.462635,0.549491,0.286666,-0.633918
0.8323,5732,Render,Pinky_FingerTip,-17.761980,0.977634,20.807720,0.462635,0.549491,0.286666,-0.633918
0.8459,5733,Real,Wrist,-17.920500,0.946959,20.728150,0.660713,0.197394,-0.111803,-0.715538
0.8459,5733,Real,Thumb_CMC,-17.901980,0.989096,20.739190,-0.084696,0.373632,-0.363312,-0.849253
0.8459,5733,Real,Thumb_MCP,-17.881920,1.013414,20.769750,-0.132344,0.359526,-0.250333,-0.889134
0.8459,5733,Real,Thumb_IP,-17.851710,1.030574,20.804350,-0.211985,0.319118,-0.037681,-0.922934
0.8459,5733,Real,Thumb_FingerTip,-17.829100,1.028700,20.821590,-0.211985,0.319118,-0.037681,-0.922934
0.8459,5733,Real,Index_MCP,-17.836530,1.021871,20.749570,0.563679,0.338730,0.063146,-0.750694
0.8459,5733,Real,Index_PIP,-17.800820,1.035314,20.776720,0.533125,0.385033,0.126191,-0.742701
0.8459,5733,Real,Index_DIP,-17.783390,1.041105,20.795060,0.502375,0.424372,0.182177,-0.730985
0.8459,5733,Real,Index_FingerTip,-17.767960,1.045410,20.816670,0.502375,0.424372,0.182177,-0.730985
0.8459,5733,Real,Middle_MCP,-17.823920,0.997788,20.745900,0.585953,0.363546,0.079500,-0.719843
0.8459,5733,Real,Middle_PIP,-17.785740,1.014242,20.778460,0.497723,0.477261,0.227196,-0.687660
0.8459,5733,Real,Middle_DIP,-17.773510,1.018750,20.802920,0.399647,0.561951,0.351836,-0.633013
0.8459,5733,Real,Middle_FingerTip,-17.770090,1.018855,20.831010,0.399647,0.561951,0.351836,-0.633013
0.8459,5733,Real,Ring_MCP,-17.817470,0.974069,20.745700,0.597172,0.380557,0.090915,-0.700212
0.8459,5733,Real,Ring_PIP,-17.785180,0.989296,20.775550,0.500903,0.500534,0.239977,-0.664059
0.8459,5733,Real,Ring_DIP,-17.775070,0.994109,20.799400,0.393897,0.588458,0.364641,-0.604648
0.8459,5733,Real,Ring_FingerTip,-17.774000,0.994693,20.825170,0.393897,0.588458,0.364641,-0.604648
0.8459,5733,Real,Pinky_MCP,-17.816790,0.951721,20.746430,0.608270,0.385661,0.090976,-0.687747
0.8459,5733,Real,Pinky_PIP,-17.789780,0.965266,20.771680,0.510637,0.507914,0.237345,-0.651875
0.8459,5733,Real,Pinky_DIP,-17.782970,0.969106,20.788270,0.402009,0.597592,0.359688,-0.593210
0.8459,5733,Real,Pinky_FingerTip,-17.782450,0.970135,20.807390,0.402009,0.597592,0.359688,-0.593210
0.8459,5733,Virtual,Wrist,-17.915690,0.947611,20.731590,0.657495,0.206864,-0.107514,-0.716484
0.8459,5733,Virtual,Thumb_CMC,-17.897690,0.989774,20.743360,-0.086892,0.382747,-0.365409,-0.844057
0.8459,5733,Virtual,Thumb_MCP,-17.878370,1.013939,20.774520,-0.135702,0.368281,-0.253085,-0.884253
0.8459,5733,Virtual,Thumb_IP,-17.848920,1.030984,20.809830,-0.217279,0.326857,-0.041488,-0.918822
0.8459,5733,Virtual,Thumb_FingerTip,-17.826610,1.029109,20.827460,-0.217279,0.326857,-0.041488,-0.918822
0.8459,5733,Virtual,Index_MCP,-17.832690,1.022926,20.755250,0.558186,0.347303,0.067097,-0.750539
0.8459,5733,Virtual,Index_PIP,-17.797580,1.036366,20.783170,0.526928,0.393113,0.130115,-0.742213
0.8459,5733,Virtual,Index_DIP,-17.780530,1.042106,20.801880,0.495583,0.431958,0.186053,-0.730202
0.8459,5733,Virtual,Index_FingerTip,-17.765520,1.046314,20.823810,0.495583,0.431958,0.186053,-0.730202
0.8459,5733,Virtual,Middle_MCP,-17.819830,0.998973,20.751580,0.580367,0.371842,0.083887,-0.719633
0.8459,5733,Virtual,Middle_PIP,-17.782370,1.015389,20.784980,0.490536,0.484217,0.231444,-0.686544
0.8459,5733,Virtual,Middle_DIP,-17.770620,1.019749,20.809700,0.391285,0.567439,0.355800,-0.631122
0.8459,5733,Virtual,Middle_FingerTip,-17.767710,1.019606,20.837850,0.391285,0.567439,0.355800,-0.631122
0.8459,5733,Virtual,Ring_MCP,-17.813200,0.975306,20.751260,0.591513,0.388661,0.095558,-0.699946
0.8459,5733,Virtual,Ring_PIP,-17.781580,0.990477,20.781850,0.493627,0.507225,0.244453,-0.662796
0.8459,5733,Virtual,Ring_DIP,-17.771930,0.995133,20.805920,0.385459,0.593604,0.368786,-0.602539
0.8459,5733,Virtual,Ring_FingerTip,-17.771340,0.995473,20.831710,0.385459,0.593604,0.368786,-0.602539
0.8459,5733,Virtual,Pinky_MCP,-17.812370,0.952957,20.751790,0.602651,0.393693,0.095791,-0.687490
0.8459,5733,Virtual,Pinky_PIP,-17.785920,0.966454,20.777660,0.503417,0.514543,0.241990,-0.650583
0.8459,5733,Virtual,Pinky_DIP,-17.779440,0.970181,20.794400,0.393637,0.602688,0.363993,-0.591039
0.8459,5733,Virtual,Pinky_FingerTip,-17.779270,0.971028,20.813550,0.393637,0.602688,0.363993,-0.591039
0.8459,5733,Render,Wrist,-17.915690,0.947611,20.731590,0.657495,0.206864,-0.107514,-0.716484
0.8459,5733,Render,Thumb_CMC,-17.897690,0.989774,20.743360,-0.037485,0.401157,-0.361702,-0.840738
0.8459,5733,Render,Thumb_MCP,-17.879400,1.015159,20.774170,-0.078252,0.395232,-0.273962,-0.873277
0.8459,5733,Render,Thumb_IP,-17.853050,1.035587,20.810120,-0.154955,0.371915,-0.095637,-0.910232
0.8459,5733,Render,Thumb_FingerTip,-17.832960,1.037264,20.830260,-0.154955,0.371915,-0.095637,-0.910232
0.8459,5733,Render,Index_MCP,-17.832690,1.022926,20.755250,0.558414,0.346936,0.066603,-0.750582
0.8459,5733,Render,Index_PIP,-17.797550,1.036389,20.783120,0.526906,0.393141,0.130156,-0.742206
0.8459,5733,Render,Index_DIP,-17.780500,1.042127,20.801830,0.495282,0.432303,0.186561,-0.730072
0.8459,5733,Render,Index_FingerTip,-17.765520,1.046319,20.823780,0.495282,0.432303,0.186561,-0.730072
0.8459,5733,Render,Middle_MCP,-17.819830,0.998973,20.751580,0.620415,0.300295,-0.002160,-0.724503
0.8459,5733,Render,Middle_PIP,-17.776550,1.018815,20.774410,0.544810,0.422225,0.147870,-0.709255
0.8459,5733,Render,Middle_DIP,-17.759930,1.025753,20.795480,0.456469,0.516457,0.277600,-0.669214
0.8459,5733,Render,Middle_FingerTip,-17.751090,1.028582,20.822210,0.456469,0.516457,0.277600,-0.669214
0.8459,5733,Render,Ring_MCP,-17.813200,0.975306,20.751260,0.636811,0.308896,0.004231,-0.706426
0.8459,5733,Render,Ring_PIP,-17.775550,0.993335,20.771820,0.555953,0.438020,0.155311,-0.689155
0.8459,5733,Render,Ring_DIP,-17.760590,1.000526,20.792280,0.461023,0.537031,0.285325,-0.646255
0.8459,5733,Render,Ring_FingerTip,-17.753870,1.003787,20.816970,0.461023,0.537031,0.285325,-0.646255
0.8459,5733,Render,Pinky_MCP,-17.812370,0.952957,20.751790,0.648507,0.312444,0.006072,-0.694104
0.8459,5733,Render,Pinky_PIP,-17.780690,0.968580,20.769180,0.566618,0.443989,0.154473,-0.676724
0.8459,5733,Render,Pinky_DIP,-17.770450,0.973975,20.783420,0.470337,0.544946,0.282105,-0.634220
0.8459,5733,Render,Pinky_FingerTip,-17.765720,0.976940,20.801740,0.470337,0.544946,0.282105,-0.634220
0.8600,5734,Real,Wrist,-17.925620,0.946081,20.724770,0.663284,0.188164,-0.117960,-0.714657
0.8600,5734,Real,Thumb_CMC,-17.906710,0.988238,20.735020,-0.084100,0.363419,-0.361410,-0.854539
0.8600,5734,Real,Thumb_MCP,-17.885860,1.012677,20.764960,-0.130269,0.349537,-0.248178,-0.894015
0.8600,5734,Real,Thumb_IP,-17.854860,1.029969,20.798780,-0.207394,0.310054,-0.035231,-0.927153
0.8600,5734,Real,Thumb_FingerTip,-17.831910,1.028166,20.815580,-0.207394,0.310054,-0.035231,-0.927153
0.8600,5734,Real,Index_MCP,-17.840920,1.020827,20.743760,0.568214,0.330650,0.058041,-0.751289
0.8600,5734,Real,Index_PIP,-17.804650,1.034339,20.770110,0.538861,0.376597,0.120096,-0.743895
0.8600,5734,Real,Index_DIP,-17.786810,1.040236,20.788020,0.509269,0.415743,0.175251,-0.732865
0.8600,5734,Real,Index_FingerTip,-17.770850,1.044717,20.809220,0.509269,0.415743,0.175251,-0.732865
0.8600,5734,Real,Middle_MCP,-17.828490,0.996657,20.740060,0.590392,0.356074,0.074258,-0.720510
0.8600,5734,Real,Middle_PIP,-17.789660,1.013209,20.771790,0.503742,0.470739,0.222023,-0.689460
0.8600,5734,Real,Middle_DIP,-17.776960,1.017868,20.795980,0.406914,0.556572,0.346938,-0.635833
0.8600,5734,Real,Middle_FingerTip,-17.773000,1.018201,20.824000,0.406914,0.556572,0.346938,-0.635833
0.8600,5734,Real,Ring_MCP,-17.822150,0.972910,20.739950,0.600714,0.374831,0.087164,-0.700748
0.8600,5734,Real,Ring_PIP,-17.789390,0.988181,20.769270,0.505112,0.496202,0.237081,-0.665160
0.8600,5734,Real,Ring_DIP,-17.778980,0.993078,20.792970,0.398354,0.585379,0.362548,-0.605974
0.8600,5734,Real,Ring_FingerTip,-17.777650,0.993775,20.818730,0.398354,0.585379,0.362548,-0.605974
0.8600,5734,Real,Pinky_MCP,-17.821540,0.950566,20.740880,0.611745,0.380081,0.087014,-0.688285
0.8600,5734,Real,Pinky_PIP,-17.794140,0.964159,20.765670,0.514742,0.503720,0.234231,-0.653026
0.8600,5734,Real,Pinky_DIP,-17.787120,0.968061,20.782160,0.406329,0.594635,0.357382,-0.594631
0.8600,5734,Real,Pinky_FingerTip,-17.786400,0.969176,20.801280,0.406329,0.594635,0.357382,-0.594631
0.8600,5734,Virtual,Wrist,-17.920510,0.946959,20.728160,0.660713,0.197394,-0.111803,-0.715538
0.8600,5734,Virtual,Thumb_CMC,-17.901990,0.989096,20.739190,-0.085158,0.373631,-0.362345,-0.849620
0.8600,5734,Virtual,Thumb_MCP,-17.881870,1.013338,20.769780,-0.132635,0.359528,-0.249740,-0.889257
0.8600,5734,Virtual,Thumb_IP,-17.851630,1.030439,20.804380,-0.212002,0.319230,-0.037848,-0.922885
0.8600,5734,Virtual,Thumb_FingerTip,-17.829020,1.028573,20.821630,-0.212002,0.319230,-0.037848,-0.922885
0.8600,5734,Virtual,Index_MCP,-17.836540,1.021871,20.749580,0.563382,0.339224,0.063804,-0.750638
0.8600,5734,Virtual,Index_PIP,-17.800870,1.035285,20.776790,0.533335,0.384741,0.125784,-0.742770
0.8600,5734,Virtual,Index_DIP,-17.783420,1.041087,20.795110,0.503151,0.423452,0.180840,-0.731318
0.8600,5734,Virtual,Index_FingerTip,-17.767920,1.045434,20.816670,0.503151,0.423452,0.180840,-0.731318
0.8600,5734,Virtual,Middle_MCP,-17.823930,0.997788,20.745900,0.585483,0.364302,0.080430,-0.719740
0.8600,5734,Virtual,Middle_PIP,-17.785820,1.014201,20.778570,0.497234,0.477771,0.227901,-0.687427
0.8600,5734,Virtual,Middle_DIP,-17.773630,1.018686,20.803060,0.399206,0.562264,0.352332,-0.632737
0.8600,5734,Virtual,Middle_FingerTip,-17.770250,1.018772,20.831160,0.399206,0.562264,0.352332,-0.632737
0.8600,5734,Virtual,Ring_MCP,-17.817480,0.974069,20.745710,0.595725,0.382818,0.093569,-0.699863
0.8600,5734,Virtual,Ring_PIP,-17.785390,0.989200,20.775830,0.498510,0.502917,0.243141,-0.662907
0.8600,5734,Virtual,Ring_DIP,-17.775500,0.993917,20.799780,0.390566,0.590674,0.368051,-0.602579
0.8600,5734,Virtual,Ring_FingerTip,-17.774680,0.994377,20.825570,0.390566,0.590674,0.368051,-0.602579
0.8600,5734,Virtual,Pinky_MCP,-17.816800,0.951721,20.746440,0.606804,0.387964,0.093582,-0.687398
0.8600,5734,Virtual,Pinky_PIP,-17.789960,0.965193,20.771910,0.508209,0.510344,0.240451,-0.650735
0.8600,5734,Virtual,Pinky_DIP,-17.783290,0.968968,20.788580,0.398627,0.599853,0.363033,-0.591168
0.8600,5734,Virtual,Pinky_FingerTip,-17.782980,0.969907,20.807710,0.398627,0.599853,0.363033,-0.591168
0.8600,5734,Render,Wrist,-17.920510,0.946959,20.728160,0.660713,0.197394,-0.111803,-0.715538
0.8600,5734,Render,Thumb_CMC,-17.901990,0.989096,20.739190,-0.035206,0.391905,-0.360154,-0.845849
0.8600,5734,Render,Thumb_MCP,-17.882950,1.014638,20.769410,-0.075040,0.386261,-0.271900,-0.878204
0.8600,5734,Render,Thumb_IP,-17.855800,1.035211,20.804680,-0.150031,0.363757,-0.092641,-0.914653
0.8600,5734,Render,Thumb_FingerTip,-17.835330,1.036930,20.824440,-0.150031,0.363757,-0.092641,-0.914653
0.8600,5734,Render,Index_MCP,-17.836540,1.021871,20.749580,0.563679,0.338730,0.063146,-0.750694
0.8600,5734,Render,Index_PIP,-17.800830,1.035314,20.776730,0.533124,0.385033,0.126191,-0.742701
0.8600,5734,Render,Index_DIP,-17.783390,1.041105,20.795060,0.502375,0.424372,0.182177,-0.730986
0.8600,5734,Render,Index_FingerTip,-17.767970,1.045410,20.816680,0.502375,0.424372,0.182177,-0.730986
0.8600,5734,Render,Middle_MCP,-17.823930,0.997788,20.745900,0.624977,0.291395,-0.006540,-0.724190
0.8600,5734,Render,Middle_PIP,-17.780090,1.017522,20.767760,0.551115,0.414462,0.143520,-0.709856
0.8600,5734,Render,Middle_DIP,-17.763040,1.024537,20.788460,0.464112,0.510007,0.273438,-0.670616
0.8600,5734,Render,Middle_FingerTip,-17.753690,1.027555,20.815000,0.464112,0.510007,0.273438,-0.670616
0.8600,5734,Render,Ring_MCP,-17.817480,0.974069,20.745710,0.641374,0.300128,-0.000408,-0.706090
0.8600,5734,Render,Ring_PIP,-17.779330,0.992012,20.765400,0.562286,0.430432,0.150708,-0.689819
0.8600,5734,Render,Ring_DIP,-17.763940,0.999286,20.785510,0.468701,0.530808,0.280937,-0.647794
0.8600,5734,Render,Ring_FingerTip,-17.756750,1.002733,20.810050,0.468701,0.530808,0.280937,-0.647794
0.8600,5734,Render,Pinky_MCP,-17.816800,0.951721,20.746440,0.653040,0.303754,0.001265,-0.693737
0.8600,5734,Render,Pinky_PIP,-17.784690,0.967272,20.763100,0.572906,0.436470,0.149699,-0.677395
0.8600,5734,Render,Pinky_DIP,-17.774150,0.972726,20.777090,0.477957,0.538781,0.277549,-0.635799
0.8600,5734,Render,Pinky_FingerTip,-17.769070,0.975831,20.795300,0.477957,0.538781,0.277549,-0.635799
0.8741,5735,Real,Wrist,-17.929950,0.944901,20.721310,0.664421,0.178786,-0.124860,-0.714836
0.8741,5735,Real,Thumb_CMC,-17.910690,0.987062,20.730880,-0.084933,0.352850,-0.360269,-0.859354
0.8741,5735,Real,Thumb_MCP,-17.889110,1.011620,20.760190,-0.129732,0.338949,-0.246426,-0.898642
0.8741,5735,Real,Thumb_IP,-17.857300,1.029023,20.793200,-0.204429,0.299876,-0.032458,-0.931252
0.8741,5735,Real,Thumb_FingerTip,-17.833990,1.027252,20.809490,-0.204429,0.299876,-0.032458,-0.931252
0.8741,5735,Real,Index_MCP,-17.844630,1.019499,20.737950,0.571656,0.321544,0.051806,-0.753084
0.8741,5735,Real,Index_PIP,-17.807740,1.033060,20.763400,0.543046,0.367807,0.114031,-0.746202
0.8741,5735,Real,Index_DIP,-17.789480,1.039012,20.780860,0.514097,0.407290,0.169375,-0.735617
0.8741,5735,Real,Index_FingerTip,-17.773050,1.043574,20.801670,0.514097,0.407290,0.169375,-0.735617
0.8741,5735,Real,Middle_MCP,-17.832360,0.995268,20.734120,0.593957,0.347326,0.067649,-0.722499
0.8741,5735,Real,Middle_PIP,-17.792770,1.011893,20.764870,0.509043,0.462920,0.215969,-0.692776
0.8741,5735,Real,Middle_DIP,-17.779520,1.016663,20.788740,0.413582,0.549882,0.341610,-0.640221
0.8741,5735,Real,Middle_FingerTip,-17.774940,1.017156,20.816660,0.413582,0.549882,0.341610,-0.640221
0.8741,5735,Real,Ring_MCP,-17.826090,0.971501,20.734010,0.604389,0.366327,0.080349,-0.702896
0.8741,5735,Real,Ring_PIP,-17.792640,0.986851,20.762500,0.510545,0.488698,0.230894,-0.668735
0.8741,5735,Real,Ring_DIP,-17.781690,0.991861,20.785930,0.405149,0.579082,0.357181,-0.610689
0.8741,5735,Real,Ring_FingerTip,-17.779770,0.992712,20.811640,0.405149,0.579082,0.357181,-0.610689
0.8741,5735,Real,Pinky_MCP,-17.825530,0.949162,20.735060,0.615387,0.371699,0.080041,-0.690458
0.8741,5735,Real,Pinky_PIP,-17.797540,0.962822,20.759150,0.520116,0.496327,0.227896,-0.656660
0.8741,5735,Real,Pinky_DIP,-17.790140,0.966803,20.775460,0.413044,0.588435,0.351879,-0.599433
0.8741,5735,Real,Pinky_FingerTip,-17.788990,0.968033,20.794550,0.413044,0.588435,0.351879,-0.599433
0.8741,5735,Virtual,Wrist,-17.925620,0.946081,20.724780,0.663284,0.188164,-0.117960,-0.714657
0.8741,5735,Virtual,Thumb_CMC,-17.906710,0.988239,20.735030,-0.084100,0.363418,-0.361410,-0.854539
0.8741,5735,Virtual,Thumb_MCP,-17.885870,1.012677,20.764980,-0.130269,0.349536,-0.248179,-0.894015
0.8741,5735,Virtual,Thumb_IP,-17.854860,1.029969,20.798790,-0.207395,0.310054,-0.035231,-0.927153
0.8741,5735,Virtual,Thumb_FingerTip,-17.831910,1.028166,20.815590,-0.207395,0.310054,-0.035231,-0.927153
0.8741,5735,Virtual,Index_MCP,-17.840930,1.020827,20.743770,0.568214,0.330650,0.058041,-0.751289
0.8741,5735,Virtual,Index_PIP,-17.804650,1.034340,20.770130,0.538861,0.376597,0.120095,-0.743896
0.8741,5735,Virtual,Index_DIP,-17.786810,1.040236,20.788030,0.509269,0.415743,0.175250,-0.732865
0.8741,5735,Virtual,Index_FingerTip,-17.770860,1.044718,20.809220,0.509269,0.415743,0.175250,-0.732865
0.8741,5735,Virtual,Middle_MCP,-17.828490,0.996657,20.740070,0.590392,0.356074,0.074258,-0.720510
0.8741,5735,Virtual,Middle_PIP,-17.789660,1.013209,20.771800,0.503742,0.470739,0.222023,-0.689460
0.8741,5735,Virtual,Middle_DIP,-17.776960,1.017869,20.795990,0.406914,0.556572,0.346938,-0.635833
0.8741,5735,Virtual,Middle_FingerTip,-17.773000,1.018201,20.824010,0.406914,0.556572,0.346938,-0.635833
0.8741,5735,Virtual,Ring_MCP,-17.822150,0.972910,20.739960,0.600714,0.374831,0.087163,-0.700748
0.8741,5735,Virtual,Ring_PIP,-17.789390,0.988182,20.769280,0.505112,0.496202,0.237080,-0.665160
0.8741,5735,Virtual,Ring_DIP,-17.778990,0.993078,20.792980,0.398354,0.585379,0.362548,-0.605974
0.8741,5735,Virtual,Ring_FingerTip,-17.777650,0.993775,20.818740,0.398354,0.585379,0.362548,-0.605974
0.8741,5735,Virtual,Pinky_MCP,-17.821540,0.950567,20.740890,0.611745,0.380081,0.087013,-0.688285
0.8741,5735,Virtual,Pinky_PIP,-17.794140,0.964160,20.765680,0.514742,0.503720,0.234231,-0.653026
0.8741,5735,Virtual,Pinky_DIP,-17.787120,0.968061,20.782180,0.406329,0.594634,0.357381,-0.594631
0.8741,5735,Virtual,Pinky_FingerTip,-17.786400,0.969176,20.801290,0.406329,0.594634,0.357381,-0.594631
0.8741,5735,Render,Wrist,-17.925620,0.946081,20.724780,0.663284,0.188164,-0.117960,-0.714657
0.8741,5735,Render,Thumb_CMC,-17.906710,0.988239,20.735030,-0.034108,0.381634,-0.359823,-0.850717
0.8741,5735,Render,Thumb_MCP,-17.886960,1.013978,20.764620,-0.072900,0.376156,-0.271073,-0.883013
0.8741,5735,Render,Thumb_IP,-17.859010,1.034761,20.799130,-0.145932,0.354277,-0.090879,-0.919203
0.8741,5735,Render,Thumb_FingerTip,-17.838140,1.036576,20.818450,-0.145932,0.354277,-0.090879,-0.919203
0.8741,5735,Render,Index_MCP,-17.840930,1.020827,20.743770,0.568214,0.330650,0.058041,-0.751289
0.8741,5735,Render,Index_PIP,-17.804650,1.034340,20.770130,0.538861,0.376597,0.120095,-0.743896
0.8741,5735,Render,Index_DIP,-17.786810,1.040236,20.788030,0.509269,0.415743,0.175250,-0.732865
0.8741,5735,Render,Index_FingerTip,-17.770860,1.044718,20.809220,0.509269,0.415743,0.175250,-0.732865
0.8741,5735,Render,Middle_MCP,-17.828490,0.996657,20.740070,0.628863,0.282636,-0.012760,-0.724214
0.8741,5735,Render,Middle_PIP,-17.784140,1.016405,20.760840,0.556730,0.406698,0.137440,-0.711168
0.8741,5735,Render,Middle_DIP,-17.766640,1.023538,20.781120,0.471077,0.503426,0.267710,-0.673038
0.8741,5735,Render,Middle_FingerTip,-17.756740,1.026763,20.807440,0.471077,0.503426,0.267710,-0.673038
0.8741,5735,Render,Ring_MCP,-17.822150,0.972910,20.739960,0.645255,0.291548,-0.006874,-0.706115
0.8741,5735,Render,Ring_PIP,-17.783530,0.990870,20.758710,0.567914,0.422882,0.144397,-0.691227
0.8741,5735,Render,Ring_DIP,-17.767710,0.998265,20.778430,0.475680,0.524485,0.275016,-0.650394
0.8741,5735,Render,Ring_FingerTip,-17.760000,1.001909,20.802780,0.475680,0.524485,0.275016,-0.650394
0.8741,5735,Render,Pinky_MCP,-17.821540,0.950567,20.740890,0.656887,0.295283,-0.005364,-0.693742
0.8741,5735,Render,Pinky_PIP,-17.789040,0.966133,20.756740,0.578477,0.429019,0.143225,-0.678818
0.8741,5735,Render,Pinky_DIP,-17.778200,0.971672,20.770470,0.484861,0.532544,0.271472,-0.638444
0.8741,5735,Render,Pinky_FingerTip,-17.772730,0.974925,20.788540,0.484861,0.532544,0.271472,-0.638444
0.8880,5736,Real,Wrist,-17.934530,0.943385,20.717850,0.665265,0.168546,-0.131758,-0.715300
0.8880,5736,Real,Thumb_CMC,-17.914880,0.985516,20.726720,-0.086479,0.341779,-0.357464,-0.864829
0.8880,5736,Real,Thumb_MCP,-17.892440,1.010070,20.755390,-0.129688,0.327830,-0.243352,-0.903598
0.8880,5736,Real,Thumb_IP,-17.859760,1.027464,20.787540,-0.201583,0.289233,-0.029094,-0.935341
0.8880,5736,Real,Thumb_FingerTip,-17.836070,1.025692,20.803290,-0.201583,0.289233,-0.029094,-0.935341
0.8880,5736,Real,Index_MCP,-17.848530,1.017712,20.732030,0.574669,0.312157,0.046503,-0.755084
0.8880,5736,Real,Index_PIP,-17.811040,1.031224,20.756610,0.547209,0.358118,0.108112,-0.748750
0.8880,5736,Real,Index_DIP,-17.792340,1.037195,20.773600,0.519353,0.397440,0.162952,-0.738756
0.8880,5736,Real,Index_FingerTip,-17.775370,1.041824,20.793950,0.519353,0.397440,0.162952,-0.738756
0.8880,5736,Real,Middle_MCP,-17.836450,0.993409,20.728050,0.597134,0.338255,0.061826,-0.724702
0.8880,5736,Real,Middle_PIP,-17.796130,1.010008,20.757840,0.514225,0.454487,0.210435,-0.696227
0.8880,5736,Real,Middle_DIP,-17.782320,1.014843,20.781380,0.420455,0.542405,0.336573,-0.644774
0.8880,5736,Real,Middle_FingerTip,-17.777080,1.015468,20.809180,0.420455,0.542405,0.336573,-0.644774
0.8880,5736,Real,Ring_MCP,-17.830280,0.969615,20.727930,0.606838,0.358943,0.075951,-0.705081
0.8880,5736,Real,Ring_PIP,-17.796270,0.984904,20.755780,0.514191,0.482390,0.227557,-0.671659
0.8880,5736,Real,Ring_DIP,-17.784920,0.989919,20.779010,0.409588,0.573873,0.354876,-0.613980
0.8880,5736,Real,Ring_FingerTip,-17.782610,0.990805,20.804690,0.409588,0.573873,0.354876,-0.613980
0.8880,5736,Real,Pinky_MCP,-17.829790,0.947280,20.729100,0.617790,0.364474,0.075429,-0.692679
0.8880,5736,Real,Pinky_PIP,-17.801330,0.960896,20.752650,0.523677,0.490172,0.224349,-0.659668
0.8880,5736,Real,Pinky_DIP,-17.793640,0.964884,20.768820,0.417363,0.583365,0.349379,-0.602851
0.8880,5736,Real,Pinky_FingerTip,-17.792200,0.966143,20.787880,0.417363,0.583365,0.349379,-0.602851
0.8880,5736,Virtual,Wrist,-17.929960,0.944901,20.721320,0.664421,0.178786,-0.124861,-0.714836
0.8880,5736,Virtual,Thumb_CMC,-17.910690,0.987062,20.730880,-0.085365,0.352850,-0.359306,-0.859715
0.8880,5736,Virtual,Thumb_MCP,-17.889050,1.011544,20.760220,-0.130006,0.338952,-0.245835,-0.898763
0.8880,5736,Virtual,Thumb_IP,-17.857220,1.028890,20.793220,-0.204449,0.299984,-0.032623,-0.931207
0.8880,5736,Virtual,Thumb_FingerTip,-17.833910,1.027125,20.809520,-0.204449,0.299984,-0.032623,-0.931207
0.8880,5736,Virtual,Index_MCP,-17.844640,1.019498,20.737950,0.571303,0.322170,0.052629,-0.753028
0.8880,5736,Virtual,Index_PIP,-17.807790,1.033025,20.763490,0.543035,0.367822,0.114050,-0.746199
0.8880,5736,Virtual,Index_DIP,-17.789530,1.038976,20.780950,0.514477,0.406809,0.168686,-0.735775
0.8880,5736,Virtual,Index_FingerTip,-17.773070,1.043559,20.801720,0.514477,0.406809,0.168686,-0.735775
0.8880,5736,Virtual,Middle_MCP,-17.832360,0.995268,20.734120,0.593615,0.347908,0.068355,-0.722432
0.8880,5736,Virtual,Middle_PIP,-17.792830,1.011863,20.764950,0.508785,0.463204,0.216354,-0.692656
0.8880,5736,Virtual,Middle_DIP,-17.779600,1.016621,20.788840,0.413485,0.549954,0.341721,-0.640162
0.8880,5736,Virtual,Middle_FingerTip,-17.775030,1.017110,20.816760,0.413485,0.549954,0.341721,-0.640162
0.8880,5736,Virtual,Ring_MCP,-17.826090,0.971500,20.734020,0.603163,0.368342,0.082693,-0.702625
0.8880,5736,Virtual,Ring_PIP,-17.792820,0.986770,20.762750,0.508559,0.490764,0.233603,-0.667794
0.8880,5736,Virtual,Ring_DIP,-17.782040,0.991701,20.786270,0.402422,0.580980,0.360046,-0.609004
0.8880,5736,Virtual,Ring_FingerTip,-17.780350,0.992451,20.812010,0.402422,0.580980,0.360046,-0.609004
0.8880,5736,Virtual,Pinky_MCP,-17.825530,0.949161,20.735070,0.614143,0.373750,0.082343,-0.690188
0.8880,5736,Virtual,Pinky_PIP,-17.797690,0.962761,20.759360,0.518099,0.498432,0.230555,-0.655732
0.8880,5736,Virtual,Pinky_DIP,-17.790410,0.966689,20.775740,0.410273,0.590370,0.354692,-0.597774
0.8880,5736,Virtual,Pinky_FingerTip,-17.789430,0.967845,20.794840,0.410273,0.590370,0.354692,-0.597774
0.8880,5736,Render,Wrist,-17.929960,0.944901,20.721320,0.664421,0.178786,-0.124861,-0.714836
0.8880,5736,Render,Thumb_CMC,-17.910690,0.987062,20.730880,-0.034912,0.371035,-0.359304,-0.855579
0.8880,5736,Render,Thumb_MCP,-17.890210,1.012921,20.759860,-0.072616,0.365531,-0.270061,-0.887796
0.8880,5736,Render,Thumb_IP,-17.861430,1.033829,20.793610,-0.143551,0.343917,-0.088939,-0.923691
0.8880,5736,Render,Thumb_FingerTip,-17.840130,1.035698,20.812440,-0.143551,0.343917,-0.088939,-0.923691
0.8880,5736,Render,Index_MCP,-17.844640,1.019498,20.737950,0.571655,0.321544,0.051804,-0.753085
0.8880,5736,Render,Index_PIP,-17.807740,1.033060,20.763400,0.543045,0.367807,0.114029,-0.746202
0.8880,5736,Render,Index_DIP,-17.789480,1.039011,20.780860,0.514097,0.407290,0.169373,-0.735617
0.8880,5736,Render,Index_FingerTip,-17.773050,1.043573,20.801670,0.514097,0.407290,0.169373,-0.735617
0.8880,5736,Render,Middle_MCP,-17.832360,0.995268,20.734120,0.631351,0.273524,-0.019562,-0.725395
0.8880,5736,Render,Middle_PIP,-17.787490,1.015004,20.753770,0.561051,0.398298,0.131030,-0.713731
0.8880,5736,Render,Middle_DIP,-17.769520,1.022208,20.773610,0.476889,0.495980,0.261891,-0.676753
0.8880,5736,Render,Middle_FingerTip,-17.759030,1.025564,20.799670,0.476889,0.495980,0.261891,-0.676753
0.8880,5736,Render,Ring_MCP,-17.826090,0.971500,20.734020,0.647766,0.282631,-0.013915,-0.707337
0.8880,5736,Render,Ring_PIP,-17.787000,0.989456,20.751780,0.572275,0.414708,0.137781,-0.693928
0.8880,5736,Render,Ring_DIP,-17.770720,0.996922,20.771100,0.481535,0.517306,0.269045,-0.654320
0.8880,5736,Render,Ring_FingerTip,-17.762470,1.000692,20.795250,0.481535,0.517306,0.269045,-0.654320
0.8880,5736,Render,Pinky_MCP,-17.825530,0.949161,20.735070,0.659381,0.286491,-0.012565,-0.694969
0.8880,5736,Render,Pinky_PIP,-17.792630,0.964724,20.750100,0.582795,0.420964,0.136453,-0.681557
0.8880,5736,Render,Pinky_DIP,-17.781470,0.970314,20.763540,0.490651,0.525474,0.265355,-0.642438
0.8880,5736,Render,Pinky_FingerTip,-17.775590,0.973660,20.781470,0.490651,0.525474,0.265355,-0.642438
0.9018,5737,Real,Wrist,-17.939070,0.942117,20.714550,0.666665,0.158375,-0.135968,-0.715534
0.9018,5737,Real,Thumb_CMC,-17.918900,0.984137,20.722780,-0.086145,0.332482,-0.354094,-0.869858
0.9018,5737,Real,Thumb_MCP,-17.895710,1.008672,20.750860,-0.128161,0.318653,-0.239364,-0.908152
0.9018,5737,Real,Thumb_IP,-17.862260,1.025984,20.782250,-0.197988,0.280653,-0.024166,-0.938856
0.9018,5737,Real,Thumb_FingerTip,-17.838280,1.024110,20.797530,-0.197988,0.280653,-0.024166,-0.938856
0.9018,5737,Real,Index_MCP,-17.852220,1.015825,20.726590,0.578537,0.302462,0.042926,-0.756287
0.9018,5737,Real,Index_PIP,-17.814130,1.029173,20.750340,0.551857,0.348772,0.104645,-0.750241
0.9018,5737,Real,Index_DIP,-17.795060,1.035089,20.766920,0.524677,0.388461,0.159605,-0.740499
0.9018,5737,Real,Index_FingerTip,-17.777640,1.039696,20.786900,0.524677,0.388461,0.159605,-0.740499
0.9018,5737,Real,Middle_MCP,-17.840410,0.991402,20.722510,0.601170,0.328814,0.057828,-0.726039
0.9018,5737,Real,Middle_PIP,-17.799370,1.007844,20.751400,0.520127,0.446086,0.206800,-0.698362
0.9018,5737,Real,Middle_DIP,-17.785050,1.012701,20.774630,0.427820,0.535252,0.333399,-0.647550
0.9018,5737,Real,Middle_FingerTip,-17.779260,1.013442,20.802320,0.427820,0.535252,0.333399,-0.647550
0.9018,5737,Real,Ring_MCP,-17.834430,0.967558,20.722410,0.611040,0.349698,0.071716,-0.706540
0.9018,5737,Real,Ring_PIP,-17.799760,0.982730,20.749490,0.520304,0.474280,0.223741,-0.674004
0.9018,5737,Real,Ring_DIP,-17.787900,0.987786,20.772460,0.417173,0.567120,0.351594,-0.617028
0.9018,5737,Real,Ring_FingerTip,-17.785080,0.988800,20.798080,0.417173,0.567120,0.351594,-0.617028
0.9018,5737,Real,Pinky_MCP,-17.834100,0.945227,20.723700,0.621973,0.355306,0.071020,-0.694164
0.9018,5737,Real,Pinky_PIP,-17.805060,0.958747,20.746600,0.529754,0.482134,0.220368,-0.662077
0.9018,5737,Real,Pinky_DIP,-17.797030,0.962765,20.762590,0.424899,0.576675,0.345948,-0.605994
0.9018,5737,Real,Pinky_FingerTip,-17.795190,0.964121,20.781620,0.424899,0.576675,0.345948,-0.605994
0.9018,5737,Virtual,Wrist,-17.934540,0.943385,20.717860,0.665265,0.168546,-0.131758,-0.715300
0.9018,5737,Virtual,Thumb_CMC,-17.914880,0.985517,20.726730,-0.086479,0.341779,-0.357464,-0.864829
0.9018,5737,Virtual,Thumb_MCP,-17.892450,1.010071,20.755400,-0.129687,0.327830,-0.243351,-0.903598
0.9018,5737,Virtual,Thumb_IP,-17.859770,1.027464,20.787540,-0.201583,0.289233,-0.029094,-0.935341
0.9018,5737,Virtual,Thumb_FingerTip,-17.836080,1.025692,20.803300,-0.201583,0.289233,-0.029094,-0.935341
0.9018,5737,Virtual,Index_MCP,-17.848540,1.017713,20.732040,0.574669,0.312157,0.046503,-0.755084
0.9018,5737,Virtual,Index_PIP,-17.811040,1.031225,20.756620,0.547209,0.358118,0.108112,-0.748750
0.9018,5737,Virtual,Index_DIP,-17.792350,1.037196,20.773610,0.519354,0.397439,0.162952,-0.738756
0.9018,5737,Virtual,Index_FingerTip,-17.775380,1.041824,20.793960,0.519354,0.397439,0.162952,-0.738756
0.9018,5737,Virtual,Middle_MCP,-17.836460,0.993409,20.728060,0.597134,0.338254,0.061826,-0.724701
0.9018,5737,Virtual,Middle_PIP,-17.796140,1.010009,20.757850,0.514225,0.454487,0.210436,-0.696227
0.9018,5737,Virtual,Middle_DIP,-17.782330,1.014843,20.781390,0.420455,0.542405,0.336573,-0.644774
0.9018,5737,Virtual,Middle_FingerTip,-17.777090,1.015468,20.809190,0.420455,0.542405,0.336573,-0.644774
0.9018,5737,Virtual,Ring_MCP,-17.830290,0.969615,20.727940,0.606838,0.358942,0.075951,-0.705081
0.9018,5737,Virtual,Ring_PIP,-17.796280,0.984904,20.755790,0.514191,0.482390,0.227557,-0.671659
0.9018,5737,Virtual,Ring_DIP,-17.784920,0.989920,20.779020,0.409588,0.573873,0.354876,-0.613980
0.9018,5737,Virtual,Ring_FingerTip,-17.782620,0.990806,20.804700,0.409588,0.573873,0.354876,-0.613980
0.9018,5737,Virtual,Pinky_MCP,-17.829800,0.947280,20.729110,0.617790,0.364474,0.075429,-0.692680
0.9018,5737,Virtual,Pinky_PIP,-17.801330,0.960897,20.752660,0.523677,0.490172,0.224349,-0.659668
0.9018,5737,Virtual,Pinky_DIP,-17.793650,0.964885,20.768830,0.417363,0.583364,0.349379,-0.602851
0.9018,5737,Virtual,Pinky_FingerTip,-17.792210,0.966144,20.787890,0.417363,0.583364,0.349379,-0.602851
0.9018,5737,Render,Wrist,-17.934540,0.943385,20.717860,0.665265,0.168546,-0.131758,-0.715300
0.9018,5737,Render,Thumb_CMC,-17.914880,0.985517,20.726730,-0.036003,0.359907,-0.358121,-0.860767
0.9018,5737,Render,Thumb_MCP,-17.893610,1.011451,20.755070,-0.072566,0.354350,-0.268354,-0.892837
0.9018,5737,Render,Thumb_IP,-17.863950,1.032424,20.788000,-0.141287,0.332967,-0.086268,-0.928294
0.9018,5737,Render,Thumb_FingerTip,-17.842200,1.034307,20.806310,-0.141287,0.332967,-0.086268,-0.928294
0.9018,5737,Render,Index_MCP,-17.848540,1.017713,20.732040,0.574669,0.312157,0.046503,-0.755084
0.9018,5737,Render,Index_PIP,-17.811040,1.031225,20.756620,0.547209,0.358118,0.108112,-0.748750
0.9018,5737,Render,Index_DIP,-17.792350,1.037196,20.773610,0.519354,0.397439,0.162952,-0.738756
0.9018,5737,Render,Index_FingerTip,-17.775380,1.041824,20.793960,0.519354,0.397439,0.162952,-0.738756
0.9018,5737,Render,Middle_MCP,-17.836460,0.993409,20.728060,0.633676,0.263515,-0.026317,-0.726858
0.9018,5737,Render,Middle_PIP,-17.791060,1.013065,20.746520,0.565397,0.388988,0.124723,-0.716561
0.9018,5737,Render,Middle_DIP,-17.772590,1.020303,20.765890,0.482896,0.487644,0.256223,-0.680709
0.9018,5737,Render,Middle_FingerTip,-17.761470,1.023759,20.791680,0.482896,0.487644,0.256223,-0.680709
0.9018,5737,Render,Ring_MCP,-17.830290,0.969615,20.727940,0.650125,0.272818,-0.020929,-0.708851
0.9018,5737,Render,Ring_PIP,-17.790720,0.987504,20.744670,0.576679,0.405627,0.131254,-0.696908
0.9018,5737,Render,Ring_DIP,-17.773950,0.995009,20.763560,0.487608,0.509245,0.263215,-0.658503
0.9018,5737,Render,Ring_FingerTip,-17.765110,0.998878,20.787480,0.487608,0.509245,0.263215,-0.658503
0.9018,5737,Render,Pinky_MCP,-17.829800,0.947280,20.729110,0.661729,0.276804,-0.019754,-0.696494
0.9018,5737,Render,Pinky_PIP,-17.796490,0.962787,20.743260,0.587161,0.412004,0.129757,-0.684586
0.9018,5737,Render,Pinky_DIP,-17.784990,0.968404,20.756400,0.496664,0.517524,0.259369,-0.646701
0.9018,5737,Render,Pinky_FingerTip,-17.778670,0.971826,20.774160,0.496664,0.517524,0.259369,-0.646701
0.9162,5738,Real,Wrist,-17.943680,0.941378,20.710970,0.668048,0.147897,-0.141934,-0.715328
0.9162,5738,Real,Thumb_CMC,-17.923090,0.983336,20.718440,-0.086295,0.321681,-0.351288,-0.875027
0.9162,5738,Real,Thumb_MCP,-17.899110,1.007893,20.745830,-0.126843,0.307955,-0.236148,-0.912858
0.9162,5738,Real,Thumb_IP,-17.864840,1.025201,20.776330,-0.194122,0.270633,-0.020385,-0.942688
0.9162,5738,Real,Thumb_FingerTip,-17.840540,1.023302,20.791100,-0.194122,0.270633,-0.020385,-0.942688
0.9162,5738,Real,Index_MCP,-17.856150,1.014655,20.720530,0.582373,0.292652,0.037885,-0.757470
0.9162,5738,Real,Index_PIP,-17.817480,1.027929,20.743350,0.556725,0.338913,0.099183,-0.751904
0.9162,5738,Real,Index_DIP,-17.798000,1.033853,20.759450,0.530500,0.378647,0.153803,-0.742658
0.9162,5738,Real,Index_FingerTip,-17.780090,1.038515,20.778970,0.530500,0.378647,0.153803,-0.742658
0.9162,5738,Real,Middle_MCP,-17.844580,0.990135,20.716350,0.605137,0.319329,0.052326,-0.727393
0.9162,5738,Real,Middle_PIP,-17.802840,1.006523,20.744230,0.526082,0.437492,0.201518,-0.700877
0.9162,5738,Real,Middle_DIP,-17.787980,1.011453,20.767110,0.435395,0.527819,0.328529,-0.651082
0.9162,5738,Real,Middle_FingerTip,-17.781560,1.012353,20.794660,0.435395,0.527819,0.328529,-0.651082
0.9162,5738,Real,Ring_MCP,-17.838750,0.966257,20.716290,0.615087,0.340561,0.066087,-0.708039
0.9162,5738,Real,Ring_PIP,-17.803420,0.981398,20.742510,0.526350,0.466122,0.218417,-0.676743
0.9162,5738,Real,Ring_DIP,-17.791030,0.986537,20.765190,0.424817,0.560219,0.346782,-0.620829
0.9162,5738,Real,Ring_FingerTip,-17.787630,0.987708,20.790740,0.424817,0.560219,0.346782,-0.620829
0.9162,5738,Real,Pinky_MCP,-17.838510,0.943934,20.717730,0.625981,0.346281,0.065205,-0.695692
0.9162,5738,Real,Pinky_PIP,-17.808920,0.957430,20.739910,0.535739,0.474073,0.214872,-0.664882
0.9162,5738,Real,Pinky_DIP,-17.800510,0.961507,20.755700,0.432466,0.569855,0.340982,-0.609893
0.9162,5738,Real,Pinky_FingerTip,-17.798250,0.962982,20.774670,0.432466,0.569855,0.340982,-0.609893
0.9162,5738,Virtual,Wrist,-17.939070,0.942116,20.714560,0.666665,0.158375,-0.135968,-0.715534
0.9162,5738,Virtual,Thumb_CMC,-17.918910,0.984137,20.722790,-0.086330,0.332482,-0.353652,-0.870019
0.9162,5738,Virtual,Thumb_MCP,-17.895690,1.008638,20.750870,-0.128264,0.318662,-0.239135,-0.908195
0.9162,5738,Virtual,Thumb_IP,-17.862220,1.025927,20.782260,-0.197961,0.280729,-0.024362,-0.938834
0.9162,5738,Virtual,Thumb_FingerTip,-17.838250,1.024063,20.797560,-0.197961,0.280729,-0.024362,-0.938834
0.9162,5738,Virtual,Index_MCP,-17.852220,1.015824,20.726590,0.578404,0.302716,0.043257,-0.756268
0.9162,5738,Virtual,Index_PIP,-17.814140,1.029159,20.750380,0.551953,0.348621,0.104440,-0.750269
0.9162,5738,Virtual,Index_DIP,-17.795070,1.035080,20.766950,0.525033,0.387981,0.158927,-0.740644
0.9162,5738,Virtual,Index_FingerTip,-17.777620,1.039707,20.786890,0.525033,0.387981,0.158927,-0.740644
0.9162,5738,Virtual,Middle_MCP,-17.840410,0.991401,20.722520,0.601032,0.329068,0.058134,-0.726014
0.9162,5738,Virtual,Middle_PIP,-17.799400,1.007832,20.751440,0.520053,0.446172,0.206916,-0.698328
0.9162,5738,Virtual,Middle_DIP,-17.785090,1.012685,20.774680,0.427855,0.535224,0.333358,-0.647571
0.9162,5738,Virtual,Middle_FingerTip,-17.779290,1.013428,20.802370,0.427855,0.535224,0.333358,-0.647571
0.9162,5738,Virtual,Ring_MCP,-17.834440,0.967558,20.722410,0.610832,0.350061,0.072136,-0.706497
0.9162,5738,Virtual,Ring_PIP,-17.799790,0.982716,20.749530,0.520131,0.474470,0.223987,-0.673923
0.9162,5738,Virtual,Ring_DIP,-17.787950,0.987765,20.772520,0.417083,0.567186,0.351691,-0.616972
0.9162,5738,Virtual,Ring_FingerTip,-17.785130,0.988776,20.798140,0.417083,0.567186,0.351691,-0.616972
0.9162,5738,Virtual,Pinky_MCP,-17.834100,0.945227,20.723700,0.621761,0.355676,0.071433,-0.694122
0.9162,5738,Virtual,Pinky_PIP,-17.805090,0.958736,20.746640,0.529578,0.482327,0.220610,-0.661996
0.9162,5738,Virtual,Pinky_DIP,-17.797070,0.962750,20.762640,0.424808,0.576742,0.346044,-0.605939
0.9162,5738,Virtual,Pinky_FingerTip,-17.795240,0.964103,20.781660,0.424808,0.576742,0.346044,-0.605939
0.9162,5738,Render,Wrist,-17.939070,0.942116,20.714560,0.666665,0.158375,-0.135968,-0.715534
0.9162,5738,Render,Thumb_CMC,-17.918910,0.984137,20.722790,-0.035617,0.350445,-0.355322,-0.865833
0.9162,5738,Render,Thumb_MCP,-17.896870,1.010059,20.750540,-0.071216,0.344976,-0.265052,-0.897590
0.9162,5738,Render,Thumb_IP,-17.866400,1.030979,20.782760,-0.138108,0.324046,-0.082090,-0.932299
0.9162,5738,Render,Thumb_FingerTip,-17.844270,1.032791,20.800630,-0.138108,0.324046,-0.082090,-0.932299
0.9162,5738,Render,Index_MCP,-17.852220,1.015824,20.726590,0.578537,0.302462,0.042926,-0.756286
0.9162,5738,Render,Index_PIP,-17.814130,1.029172,20.750340,0.551857,0.348772,0.104645,-0.750241
0.9162,5738,Render,Index_DIP,-17.795060,1.035089,20.766920,0.524678,0.388461,0.159605,-0.740499
0.9162,5738,Render,Index_FingerTip,-17.777650,1.039696,20.786910,0.524678,0.388461,0.159605,-0.740499
0.9162,5738,Render,Middle_MCP,-17.840410,0.991401,20.722520,0.636540,0.253656,-0.030448,-0.727701
0.9162,5738,Render,Middle_PIP,-17.794500,1.010794,20.739960,0.570240,0.379935,0.120856,-0.718241
0.9162,5738,Render,Middle_DIP,-17.775590,1.017992,20.758910,0.489343,0.479654,0.252737,-0.683081
0.9162,5738,Render,Middle_FingerTip,-17.763930,1.021506,20.784450,0.489343,0.479654,0.252737,-0.683081
0.9162,5738,Render,Ring_MCP,-17.834440,0.967558,20.722410,0.653027,0.263086,-0.025323,-0.709719
0.9162,5738,Render,Ring_PIP,-17.794400,0.985221,20.738250,0.581596,0.396742,0.127147,-0.698696
0.9162,5738,Render,Ring_DIP,-17.777200,0.992697,20.756750,0.494147,0.501475,0.259530,-0.661049
0.9162,5738,Render,Ring_FingerTip,-17.767850,0.996631,20.780480,0.494147,0.501475,0.259530,-0.661049
0.9162,5738,Render,Pinky_MCP,-17.834100,0.945227,20.723700,0.664622,0.267152,-0.024324,-0.697364
0.9162,5738,Render,Pinky_PIP,-17.800400,0.960544,20.737100,0.592053,0.403195,0.125478,-0.686413
0.9162,5738,Render,Pinky_DIP,-17.788590,0.966142,20.749980,0.503163,0.509823,0.255523,-0.649320
0.9162,5738,Render,Pinky_FingerTip,-17.781890,0.969614,20.767590,0.503163,0.509823,0.255523,-0.649320
0.9299,5739,Real,Wrist,-17.947860,0.940392,20.707310,0.667862,0.137370,-0.149659,-0.716026
0.9299,5739,Real,Thumb_CMC,-17.926960,0.982313,20.714080,-0.088501,0.309855,-0.349426,-0.879807
0.9299,5739,Real,Thumb_MCP,-17.902210,1.006904,20.740740,-0.127515,0.295944,-0.233688,-0.917359
0.9299,5739,Real,Thumb_IP,-17.867120,1.024225,20.770290,-0.192019,0.258788,-0.016958,-0.946504
0.9299,5739,Real,Thumb_FingerTip,-17.842450,1.022307,20.784440,-0.192019,0.258788,-0.016958,-0.946504
0.9299,5739,Real,Index_MCP,-17.859900,1.013426,20.714320,0.584814,0.282074,0.031014,-0.759911
0.9299,5739,Real,Index_PIP,-17.820610,1.026668,20.736100,0.560015,0.328567,0.092532,-0.754894
0.9299,5739,Real,Index_DIP,-17.800700,1.032594,20.751660,0.534537,0.368569,0.147389,-0.746126
0.9299,5739,Real,Index_FingerTip,-17.782280,1.037277,20.770700,0.534537,0.368569,0.147389,-0.746126
0.9299,5739,Real,Middle_MCP,-17.848510,0.988852,20.709960,0.607742,0.309128,0.045061,-0.730110
0.9299,5739,Real,Middle_PIP,-17.806010,1.005219,20.736690,0.530739,0.428049,0.194971,-0.705037
0.9299,5739,Real,Middle_DIP,-17.790560,1.010193,20.759160,0.441729,0.519409,0.322871,-0.656388
0.9299,5739,Real,Middle_FingerTip,-17.783430,1.011184,20.786520,0.441729,0.519409,0.322871,-0.656388
0.9299,5739,Real,Ring_MCP,-17.842750,0.964955,20.709840,0.617862,0.330618,0.058619,-0.710987
0.9299,5739,Real,Ring_PIP,-17.806710,0.980089,20.735090,0.531219,0.457020,0.211769,-0.681244
0.9299,5739,Real,Ring_DIP,-17.793740,0.985279,20.757420,0.431375,0.552247,0.341144,-0.626546
0.9299,5739,Real,Ring_FingerTip,-17.789680,0.986542,20.782870,0.431375,0.552247,0.341144,-0.626546
0.9299,5739,Real,Pinky_MCP,-17.842550,0.942637,20.711360,0.628727,0.336477,0.057566,-0.698694
0.9299,5739,Real,Pinky_PIP,-17.812360,0.956129,20.732720,0.540551,0.465101,0.208069,-0.669473
0.9299,5739,Real,Pinky_DIP,-17.803530,0.960242,20.748270,0.438943,0.561999,0.335210,-0.615728
0.9299,5739,Real,Pinky_FingerTip,-17.800790,0.961786,20.767170,0.438943,0.561999,0.335210,-0.615728
0.9299,5739,Virtual,Wrist,-17.943680,0.941378,20.710970,0.668048,0.147897,-0.141934,-0.715328
0.9299,5739,Virtual,Thumb_CMC,-17.923090,0.983336,20.718450,-0.086295,0.321681,-0.351288,-0.875027
0.9299,5739,Virtual,Thumb_MCP,-17.899110,1.007893,20.745830,-0.126844,0.307954,-0.236148,-0.912858
0.9299,5739,Virtual,Thumb_IP,-17.864850,1.025201,20.776330,-0.194122,0.270633,-0.020385,-0.942688
0.9299,5739,Virtual,Thumb_FingerTip,-17.840550,1.023302,20.791110,-0.194122,0.270633,-0.020385,-0.942688
0.9299,5739,Virtual,Index_MCP,-17.856160,1.014655,20.720530,0.582373,0.292652,0.037885,-0.757470
0.9299,5739,Virtual,Index_PIP,-17.817490,1.027930,20.743360,0.556725,0.338912,0.099183,-0.751904
0.9299,5739,Virtual,Index_DIP,-17.798000,1.033853,20.759460,0.530501,0.378647,0.153803,-0.742658
0.9299,5739,Virtual,Index_FingerTip,-17.780090,1.038515,20.778970,0.530501,0.378647,0.153803,-0.742658
0.9299,5739,Virtual,Middle_MCP,-17.844590,0.990135,20.716360,0.605137,0.319329,0.052326,-0.727393
0.9299,5739,Virtual,Middle_PIP,-17.802840,1.006524,20.744240,0.526082,0.437492,0.201518,-0.700877
0.9299,5739,Virtual,Middle_DIP,-17.787980,1.011453,20.767110,0.435395,0.527819,0.328529,-0.651082
0.9299,5739,Virtual,Middle_FingerTip,-17.781560,1.012354,20.794660,0.435395,0.527819,0.328529,-0.651082
0.9299,5739,Virtual,Ring_MCP,-17.838750,0.966257,20.716300,0.615087,0.340561,0.066087,-0.708039
0.9299,5739,Virtual,Ring_PIP,-17.803420,0.981398,20.742520,0.526350,0.466122,0.218417,-0.676743
0.9299,5739,Virtual,Ring_DIP,-17.791030,0.986537,20.765200,0.424817,0.560218,0.346782,-0.620829
0.9299,5739,Virtual,Ring_FingerTip,-17.787630,0.987708,20.790740,0.424817,0.560218,0.346782,-0.620829
0.9299,5739,Virtual,Pinky_MCP,-17.838520,0.943934,20.717730,0.625981,0.346281,0.065205,-0.695692
0.9299,5739,Virtual,Pinky_PIP,-17.808920,0.957431,20.739910,0.535739,0.474073,0.214872,-0.664882
0.9299,5739,Virtual,Pinky_DIP,-17.800510,0.961507,20.755700,0.432466,0.569855,0.340982,-0.609893
0.9299,5739,Virtual,Pinky_FingerTip,-17.798250,0.962982,20.774670,0.432466,0.569855,0.340982,-0.609893
0.9299,5739,Render,Wrist,-17.943680,0.941378,20.710970,0.668048,0.147897,-0.141934,-0.715328
0.9299,5739,Render,Thumb_CMC,-17.923090,0.983336,20.718450,-0.035567,0.339536,-0.353603,-0.870871
0.9299,5739,Render,Thumb_MCP,-17.900290,1.009319,20.745520,-0.070052,0.334129,-0.262828,-0.902426
0.9299,5739,Render,Thumb_IP,-17.868980,1.030282,20.776900,-0.134820,0.313645,-0.078953,-0.936599
0.9299,5739,Render,Thumb_FingerTip,-17.846440,1.032087,20.794250,-0.134820,0.313645,-0.078953,-0.936599
0.9299,5739,Render,Index_MCP,-17.856160,1.014655,20.720530,0.582373,0.292652,0.037885,-0.757470
0.9299,5739,Render,Index_PIP,-17.817490,1.027930,20.743360,0.556725,0.338912,0.099183,-0.751904
0.9299,5739,Render,Index_DIP,-17.798000,1.033853,20.759460,0.530501,0.378647,0.153803,-0.742658
0.9299,5739,Render,Index_FingerTip,-17.780090,1.038515,20.778970,0.530501,0.378647,0.153803,-0.742658
0.9299,5739,Render,Middle_MCP,-17.844590,0.990135,20.716360,0.639433,0.243491,-0.036381,-0.728365
0.9299,5739,Render,Middle_PIP,-17.798180,1.009377,20.732640,0.575175,0.370588,0.115190,-0.720118
0.9299,5739,Render,Middle_DIP,-17.778810,1.016595,20.751100,0.495935,0.471392,0.247520,-0.685983
0.9299,5739,Render,Middle_FingerTip,-17.766560,1.020217,20.776350,0.495935,0.471392,0.247520,-0.685983
0.9299,5739,Render,Ring_MCP,-17.838750,0.966257,20.716300,0.655941,0.253093,-0.031527,-0.710417
0.9299,5739,Render,Ring_PIP,-17.798270,0.983793,20.731110,0.586581,0.387604,0.121236,-0.700706
0.9299,5739,Render,Ring_DIP,-17.780610,0.991296,20.749160,0.500801,0.493470,0.254118,-0.664162
0.9299,5739,Render,Ring_FingerTip,-17.770710,0.995339,20.772640,0.500801,0.493470,0.254118,-0.664162
0.9299,5739,Render,Pinky_MCP,-17.838520,0.943934,20.717730,0.667515,0.257267,-0.030709,-0.698066
0.9299,5739,Render,Pinky_PIP,-17.804430,0.959144,20.730260,0.596994,0.394158,0.119392,-0.688465
0.9299,5739,Render,Pinky_DIP,-17.792310,0.964762,20.742830,0.509754,0.501909,0.249947,-0.652507
0.9299,5739,Render,Pinky_FingerTip,-17.785190,0.968316,20.760260,0.509754,0.501909,0.249947,-0.652507
0.9435,5740,Real,Wrist,-17.951470,0.939204,20.703600,0.664532,0.124541,-0.161655,-0.718856
0.9435,5740,Real,Thumb_CMC,-17.930340,0.981118,20.709670,-0.095957,0.294661,-0.347452,-0.885011
0.9435,5740,Real,Thumb_MCP,-17.904660,1.005640,20.735500,-0.132955,0.279921,-0.231080,-0.922263
0.9435,5740,Real,Thumb_IP,-17.868550,1.022889,20.763830,-0.193630,0.241951,-0.013325,-0.950679
0.9435,5740,Real,Thumb_FingerTip,-17.843400,1.020941,20.777090,-0.193630,0.241951,-0.013325,-0.950679
0.9435,5740,Real,Index_MCP,-17.863320,1.012240,20.707530,0.584668,0.268424,0.020758,-0.765299
0.9435,5740,Real,Index_PIP,-17.823270,1.025450,20.727900,0.560976,0.314950,0.082747,-0.761095
0.9435,5740,Real,Index_DIP,-17.802820,1.031353,20.742760,0.536490,0.355059,0.138082,-0.753025
0.9435,5740,Real,Index_FingerTip,-17.783730,1.036007,20.761130,0.536490,0.355059,0.138082,-0.753025
0.9435,5740,Real,Middle_MCP,-17.852090,0.987674,20.702720,0.607806,0.296118,0.034534,-0.735999
0.9435,5740,Real,Middle_PIP,-17.808670,1.003998,20.727950,0.533449,0.415386,0.185959,-0.712956
0.9435,5740,Real,Middle_DIP,-17.792440,1.008932,20.749870,0.446705,0.507512,0.315551,-0.665818
0.9435,5740,Real,Middle_FingerTip,-17.784350,1.009872,20.776980,0.446705,0.507512,0.315551,-0.665818
0.9435,5740,Real,Ring_MCP,-17.846340,0.963778,20.702360,0.617992,0.318298,0.048325,-0.717243
0.9435,5740,Real,Ring_PIP,-17.809460,0.978860,20.726390,0.533853,0.445229,0.203346,-0.689510
0.9435,5740,Real,Ring_DIP,-17.795730,0.983996,20.748280,0.436080,0.541351,0.334725,-0.636186
0.9435,5740,Real,Ring_FingerTip,-17.790840,0.985189,20.773580,0.436080,0.541351,0.334725,-0.636186
0.9435,5740,Real,Pinky_MCP,-17.846080,0.941458,20.703840,0.628838,0.324390,0.047069,-0.705066
0.9435,5740,Real,Pinky_PIP,-17.815170,0.954908,20.724180,0.543112,0.453537,0.199469,-0.677899
0.9435,5740,Real,Pinky_DIP,-17.805830,0.958984,20.739440,0.443529,0.551315,0.328644,-0.625561
0.9435,5740,Real,Pinky_FingerTip,-17.802460,0.960476,20.758240,0.443529,0.551315,0.328644,-0.625561
0.9435,5740,Virtual,Wrist,-17.947870,0.940392,20.707320,0.667862,0.137370,-0.149659,-0.716026
0.9435,5740,Virtual,Thumb_CMC,-17.926970,0.982313,20.714090,-0.089017,0.310378,-0.349289,-0.879624
0.9435,5740,Virtual,Thumb_MCP,-17.902230,1.006869,20.740800,-0.128087,0.296398,-0.233593,-0.917157
0.9435,5740,Virtual,Thumb_IP,-17.867170,1.024155,20.770390,-0.192672,0.259105,-0.016942,-0.946285
0.9435,5740,Virtual,Thumb_FingerTip,-17.842510,1.022223,20.784550,-0.192672,0.259105,-0.016942,-0.946285
0.9435,5740,Virtual,Index_MCP,-17.859910,1.013425,20.714330,0.584752,0.282202,0.031181,-0.759905
0.9435,5740,Virtual,Index_PIP,-17.820620,1.026661,20.736120,0.559943,0.328689,0.092698,-0.754874
0.9435,5740,Virtual,Index_DIP,-17.800720,1.032583,20.751690,0.534457,0.368686,0.147553,-0.746094
0.9435,5740,Virtual,Index_FingerTip,-17.782300,1.037261,20.770730,0.534457,0.368686,0.147553,-0.746094
0.9435,5740,Virtual,Middle_MCP,-17.848520,0.988852,20.709960,0.607618,0.309370,0.045352,-0.730092
0.9435,5740,Virtual,Middle_PIP,-17.806040,1.005208,20.736720,0.530526,0.428313,0.195322,-0.704940
0.9435,5740,Virtual,Middle_DIP,-17.790610,1.010172,20.759210,0.441424,0.519668,0.323257,-0.656198
0.9435,5740,Virtual,Middle_FingerTip,-17.783510,1.011150,20.786590,0.441424,0.519668,0.323257,-0.656198
0.9435,5740,Virtual,Ring_MCP,-17.842760,0.964955,20.709840,0.617541,0.331216,0.059308,-0.710930
0.9435,5740,Virtual,Ring_PIP,-17.806760,0.980068,20.735170,0.530600,0.457739,0.212691,-0.680957
0.9435,5740,Virtual,Ring_DIP,-17.793840,0.985233,20.757540,0.430435,0.552980,0.342210,-0.625965
0.9435,5740,Virtual,Ring_FingerTip,-17.789870,0.986462,20.783000,0.430435,0.552980,0.342210,-0.625965
0.9435,5740,Virtual,Pinky_MCP,-17.842560,0.942637,20.711370,0.628400,0.337086,0.058243,-0.698638
0.9435,5740,Virtual,Pinky_PIP,-17.812400,0.956113,20.732790,0.539920,0.465832,0.208975,-0.669191
0.9435,5740,Virtual,Pinky_DIP,-17.803620,0.960210,20.748370,0.437986,0.562745,0.336257,-0.615157
0.9435,5740,Virtual,Pinky_FingerTip,-17.800930,0.961728,20.767280,0.437986,0.562745,0.336257,-0.615157
0.9435,5740,Render,Wrist,-17.947870,0.940392,20.707320,0.667862,0.137370,-0.149659,-0.716026
0.9435,5740,Render,Thumb_CMC,-17.926970,0.982313,20.714090,-0.037788,0.327677,-0.352434,-0.875780
0.9435,5740,Render,Thumb_MCP,-17.903400,1.008332,20.740460,-0.071050,0.322106,-0.261164,-0.907190
0.9435,5740,Render,Thumb_IP,-17.871230,1.029321,20.770940,-0.133418,0.301662,-0.076378,-0.940939
0.9435,5740,Render,Thumb_FingerTip,-17.848250,1.031123,20.787700,-0.133418,0.301662,-0.076378,-0.940939
0.9435,5740,Render,Index_MCP,-17.859910,1.013425,20.714330,0.584814,0.282074,0.031014,-0.759911
0.9435,5740,Render,Index_PIP,-17.820620,1.026668,20.736100,0.560015,0.328567,0.092532,-0.754894
0.9435,5740,Render,Index_DIP,-17.800710,1.032593,20.751670,0.534537,0.368569,0.147389,-0.746126
0.9435,5740,Render,Index_FingerTip,-17.782290,1.037277,20.770700,0.534537,0.368569,0.147389,-0.746126
0.9435,5740,Render,Middle_MCP,-17.848520,0.988852,20.709960,0.640779,0.233048,-0.043923,-0.730179
0.9435,5740,Render,Middle_PIP,-17.801650,1.008010,20.724960,0.578654,0.360651,0.108187,-0.723454
0.9435,5740,Render,Middle_DIP,-17.781800,1.015241,20.742900,0.501207,0.462279,0.241263,-0.690567
0.9435,5740,Render,Middle_FingerTip,-17.768890,1.018925,20.767810,0.501207,0.462279,0.241263,-0.690567
0.9435,5740,Render,Ring_MCP,-17.842760,0.964955,20.709840,0.657327,0.242863,-0.039328,-0.712315
0.9435,5740,Render,Ring_PIP,-17.801860,0.982420,20.723540,0.590124,0.377908,0.114022,-0.704229
0.9435,5740,Render,Ring_DIP,-17.783730,0.989940,20.741110,0.506148,0.484639,0.247718,-0.669011
0.9435,5740,Render,Ring_FingerTip,-17.773210,0.994046,20.764310,0.506148,0.484639,0.247718,-0.669011
0.9435,5740,Render,Pinky_MCP,-17.842560,0.942637,20.711370,0.668892,0.247179,-0.038687,-0.699993
0.9435,5740,Render,Pinky_PIP,-17.808110,0.957789,20.722950,0.600498,0.384598,0.112011,-0.692055
0.9435,5740,Render,Pinky_DIP,-17.795660,0.963418,20.735190,0.515036,0.493205,0.243397,-0.657453
0.9435,5740,Render,Pinky_FingerTip,-17.788090,0.967020,20.752420,0.515036,0.493205,0.243397,-0.657453
0.9606,5741,Real,Wrist,-17.955230,0.937577,20.699540,0.658534,0.110469,-0.175139,-0.723503
0.9606,5741,Real,Thumb_CMC,-17.933890,0.979466,20.705020,-0.106484,0.277496,-0.344010,-0.890682
0.9606,5741,Real,Thumb_MCP,-17.907130,1.003780,20.729940,-0.141148,0.261573,-0.227098,-0.927407
0.9606,5741,Real,Thumb_IP,-17.869870,1.020812,20.756870,-0.197326,0.222273,-0.008564,-0.954769
0.9606,5741,Real,Thumb_FingerTip,-17.844190,1.018778,20.769070,-0.197326,0.222273,-0.008564,-0.954769
0.9606,5741,Real,Index_MCP,-17.867020,1.010656,20.700330,0.582129,0.252962,0.009700,-0.772685
0.9606,5741,Real,Index_PIP,-17.826190,1.023746,20.719160,0.559913,0.298935,0.071777,-0.769405
0.9606,5741,Real,Index_DIP,-17.805150,1.029568,20.733190,0.536816,0.338664,0.127260,-0.762195
0.9606,5741,Real,Index_FingerTip,-17.785290,1.034130,20.750750,0.536816,0.338664,0.127260,-0.762195
0.9606,5741,Real,Middle_MCP,-17.856000,0.986133,20.694890,0.605546,0.281397,0.023301,-0.744035
0.9606,5741,Real,Middle_PIP,-17.811610,1.002298,20.718500,0.534321,0.400464,0.176559,-0.723158
0.9606,5741,Real,Middle_DIP,-17.794510,1.007082,20.739780,0.450386,0.492974,0.308157,-0.677621
0.9606,5741,Real,Middle_FingerTip,-17.785340,1.007830,20.766540,0.450386,0.492974,0.308157,-0.677621
0.9606,5741,Real,Ring_MCP,-17.850250,0.962245,20.694130,0.615612,0.304817,0.038002,-0.725716
0.9606,5741,Real,Ring_PIP,-17.812500,0.977143,20.716900,0.534208,0.431873,0.195535,-0.699910
0.9606,5741,Real,Ring_DIP,-17.798000,0.982088,20.738330,0.438766,0.528561,0.329456,-0.647740
0.9606,5741,Real,Ring_FingerTip,-17.792210,0.983043,20.763450,0.438766,0.528561,0.329456,-0.647740
0.9606,5741,Real,Pinky_MCP,-17.849920,0.939915,20.695450,0.626457,0.311191,0.036522,-0.713708
0.9606,5741,Real,Pinky_PIP,-17.818280,0.953214,20.714740,0.543399,0.440460,0.191468,-0.688515
0.9606,5741,Real,Pinky_DIP,-17.808390,0.957159,20.729680,0.446087,0.538790,0.323226,-0.637368
0.9606,5741,Real,Pinky_FingerTip,-17.804360,0.958474,20.748370,0.446087,0.538790,0.323226,-0.637368
0.9606,5741,Virtual,Wrist,-17.955230,0.937577,20.699540,0.658534,0.110469,-0.175139,-0.723503
0.9606,5741,Virtual,Thumb_CMC,-17.933890,0.979465,20.705020,-0.106484,0.277497,-0.344010,-0.890682
0.9606,5741,Virtual,Thumb_MCP,-17.907140,1.003779,20.729940,-0.141148,0.261573,-0.227098,-0.927407
0.9606,5741,Virtual,Thumb_IP,-17.869870,1.020812,20.756880,-0.197326,0.222273,-0.008564,-0.954769
0.9606,5741,Virtual,Thumb_FingerTip,-17.844200,1.018778,20.769070,-0.197326,0.222273,-0.008564,-0.954769
0.9606,5741,Virtual,Index_MCP,-17.867020,1.010655,20.700330,0.582129,0.252962,0.009700,-0.772685
0.9606,5741,Virtual,Index_PIP,-17.826200,1.023745,20.719160,0.559913,0.298935,0.071777,-0.769405
0.9606,5741,Virtual,Index_DIP,-17.805150,1.029567,20.733190,0.536816,0.338664,0.127260,-0.762195
0.9606,5741,Virtual,Index_FingerTip,-17.785290,1.034130,20.750760,0.536816,0.338664,0.127260,-0.762195
0.9606,5741,Virtual,Middle_MCP,-17.856000,0.986133,20.694900,0.605546,0.281397,0.023301,-0.744035
0.9606,5741,Virtual,Middle_PIP,-17.811610,1.002298,20.718500,0.534321,0.400464,0.176559,-0.723158
0.9606,5741,Virtual,Middle_DIP,-17.794510,1.007082,20.739780,0.450386,0.492974,0.308157,-0.677620
0.9606,5741,Virtual,Middle_FingerTip,-17.785350,1.007830,20.766540,0.450386,0.492974,0.308157,-0.677620
0.9606,5741,Virtual,Ring_MCP,-17.850250,0.962244,20.694130,0.615612,0.304818,0.038002,-0.725716
0.9606,5741,Virtual,Ring_PIP,-17.812500,0.977142,20.716900,0.534208,0.431873,0.195535,-0.699910
0.9606,5741,Virtual,Ring_DIP,-17.798000,0.982087,20.738330,0.438766,0.528561,0.329456,-0.647740
0.9606,5741,Virtual,Ring_FingerTip,-17.792220,0.983043,20.763450,0.438766,0.528561,0.329456,-0.647740
0.9606,5741,Virtual,Pinky_MCP,-17.849920,0.939915,20.695450,0.626457,0.311191,0.036522,-0.713708
0.9606,5741,Virtual,Pinky_PIP,-17.818280,0.953213,20.714740,0.543399,0.440461,0.191468,-0.688515
0.9606,5741,Virtual,Pinky_DIP,-17.808400,0.957158,20.729690,0.446087,0.538790,0.323226,-0.637367
0.9606,5741,Virtual,Pinky_FingerTip,-17.804370,0.958474,20.748370,0.446087,0.538790,0.323226,-0.637367
0.9606,5741,Render,Wrist,-17.951480,0.939205,20.703610,0.664532,0.124541,-0.161655,-0.718856
0.9606,5741,Render,Thumb_CMC,-17.930350,0.981119,20.709680,-0.044791,0.312724,-0.351395,-0.881317
0.9606,5741,Render,Thumb_MCP,-17.905870,1.007086,20.735260,-0.076490,0.306516,-0.259565,-0.912592
0.9606,5741,Render,Thumb_IP,-17.872660,1.028015,20.764640,-0.135663,0.285304,-0.073742,-0.945917
0.9606,5741,Render,Thumb_FingerTip,-17.849110,1.029785,20.780600,-0.135663,0.285304,-0.073742,-0.945917
0.9606,5741,Render,Index_MCP,-17.863320,1.012240,20.707530,0.584668,0.268424,0.020758,-0.765298
0.9606,5741,Render,Index_PIP,-17.823280,1.025450,20.727910,0.560976,0.314950,0.082747,-0.761095
0.9606,5741,Render,Index_DIP,-17.802830,1.031353,20.742760,0.536490,0.355059,0.138082,-0.753025
0.9606,5741,Render,Index_FingerTip,-17.783740,1.036007,20.761130,0.536490,0.355059,0.138082,-0.753025
0.9606,5741,Render,Middle_MCP,-17.852100,0.987674,20.702730,0.639352,0.219872,-0.055380,-0.734724
0.9606,5741,Render,Middle_PIP,-17.804720,1.006818,20.716050,0.579985,0.347465,0.097919,-0.730273
0.9606,5741,Render,Middle_DIP,-17.784230,1.014026,20.733260,0.504974,0.449572,0.232447,-0.699181
0.9606,5741,Render,Middle_FingerTip,-17.770430,1.017676,20.757700,0.504974,0.449572,0.232447,-0.699181
0.9606,5741,Render,Ring_MCP,-17.846350,0.963778,20.702370,0.655991,0.230006,-0.051077,-0.717052
0.9606,5741,Render,Ring_PIP,-17.804980,0.981230,20.714600,0.591571,0.365063,0.103559,-0.711371
0.9606,5741,Render,Ring_DIP,-17.786220,0.988727,20.731510,0.510045,0.472315,0.238829,-0.678037
0.9606,5741,Render,Ring_FingerTip,-17.774880,0.992802,20.754320,0.510045,0.472315,0.238829,-0.678037
0.9606,5741,Render,Pinky_MCP,-17.846090,0.941458,20.703850,0.667575,0.234544,-0.050641,-0.704819
0.9606,5741,Render,Pinky_PIP,-17.811250,0.956598,20.714200,0.601915,0.371974,0.101366,-0.699328
0.9606,5741,Render,Pinky_DIP,-17.798360,0.962212,20.725980,0.518862,0.481091,0.234355,-0.666642
0.9606,5741,Render,Pinky_FingerTip,-17.790170,0.965791,20.742940,0.518862,0.481091,0.234355,-0.666642
0.9738,5742,Real,Wrist,-17.958910,0.936102,20.695660,0.654282,0.097253,-0.185951,-0.726553
0.9738,5742,Real,Thumb_CMC,-17.937310,0.977934,20.700510,-0.113719,0.262273,-0.340785,-0.895627
0.9738,5742,Real,Thumb_MCP,-17.909640,1.002119,20.724540,-0.146374,0.245548,-0.223266,-0.931898
0.9738,5742,Real,Thumb_IP,-17.871400,1.018997,20.750190,-0.198741,0.205477,-0.003805,-0.958262
0.9738,5742,Real,Thumb_FingerTip,-17.845310,1.016877,20.761460,-0.198741,0.205477,-0.003805,-0.958262
0.9738,5742,Real,Index_MCP,-17.870590,1.009016,20.693550,0.581230,0.238631,0.000486,-0.777963
0.9738,5742,Real,Index_PIP,-17.829090,1.021971,20.710960,0.560169,0.284577,0.063017,-0.775407
0.9738,5742,Real,Index_DIP,-17.807540,1.027709,20.724250,0.538110,0.324363,0.118957,-0.768815
0.9738,5742,Real,Index_FingerTip,-17.787070,1.032180,20.741110,0.538110,0.324363,0.118957,-0.768815
0.9738,5742,Real,Middle_MCP,-17.859810,0.984491,20.687640,0.604957,0.267526,0.013687,-0.749847
0.9738,5742,Real,Middle_PIP,-17.814580,1.000499,20.709710,0.536611,0.386771,0.168354,-0.730831
0.9738,5742,Real,Middle_DIP,-17.796730,1.005184,20.730390,0.455186,0.479947,0.301524,-0.686688
0.9738,5742,Real,Middle_FingerTip,-17.786610,1.005830,20.756810,0.455186,0.479947,0.301524,-0.686688
0.9738,5742,Real,Ring_MCP,-17.854150,0.960594,20.686610,0.615334,0.291236,0.028227,-0.731949
0.9738,5742,Real,Ring_PIP,-17.815570,0.975351,20.708070,0.536901,0.418558,0.187356,-0.708127
0.9738,5742,Real,Ring_DIP,-17.800310,0.980201,20.728980,0.444027,0.516037,0.323054,-0.657406
0.9738,5742,Real,Ring_FingerTip,-17.793630,0.981065,20.753880,0.444027,0.516037,0.323054,-0.657406
0.9738,5742,Real,Pinky_MCP,-17.853800,0.938260,20.687840,0.626175,0.297814,0.026552,-0.720074
0.9738,5742,Real,Pinky_PIP,-17.821470,0.951439,20.706040,0.546045,0.427344,0.183129,-0.696905
0.9738,5742,Real,Pinky_DIP,-17.811060,0.955318,20.720630,0.451263,0.526451,0.316701,-0.647234
0.9738,5742,Real,Pinky_FingerTip,-17.806360,0.956567,20.739170,0.451263,0.526451,0.316701,-0.647234
0.9738,5742,Virtual,Wrist,-17.955230,0.937577,20.699540,0.658534,0.110469,-0.175138,-0.723503
0.9738,5742,Virtual,Thumb_CMC,-17.933890,0.979465,20.705020,-0.106484,0.277497,-0.344010,-0.890682
0.9738,5742,Virtual,Thumb_MCP,-17.907140,1.003779,20.729940,-0.141148,0.261573,-0.227098,-0.927407
0.9738,5742,Virtual,Thumb_IP,-17.869870,1.020811,20.756880,-0.197326,0.222274,-0.008564,-0.954769
0.9738,5742,Virtual,Thumb_FingerTip,-17.844200,1.018777,20.769070,-0.197326,0.222274,-0.008564,-0.954769
0.9738,5742,Virtual,Index_MCP,-17.867020,1.010655,20.700330,0.582130,0.252962,0.009701,-0.772685
0.9738,5742,Virtual,Index_PIP,-17.826200,1.023745,20.719160,0.559913,0.298935,0.071777,-0.769405
0.9738,5742,Virtual,Index_DIP,-17.805150,1.029567,20.733190,0.536816,0.338664,0.127260,-0.762195
0.9738,5742,Virtual,Index_FingerTip,-17.785290,1.034130,20.750760,0.536816,0.338664,0.127260,-0.762195
0.9738,5742,Virtual,Middle_MCP,-17.856000,0.986133,20.694900,0.605546,0.281397,0.023301,-0.744034
0.9738,5742,Virtual,Middle_PIP,-17.811610,1.002298,20.718500,0.534321,0.400464,0.176559,-0.723158
0.9738,5742,Virtual,Middle_DIP,-17.794510,1.007082,20.739780,0.450386,0.492974,0.308157,-0.677620
0.9738,5742,Virtual,Middle_FingerTip,-17.785350,1.007830,20.766540,0.450386,0.492974,0.308157,-0.677620
0.9738,5742,Virtual,Ring_MCP,-17.850250,0.962244,20.694130,0.615612,0.304818,0.038003,-0.725716
0.9738,5742,Virtual,Ring_PIP,-17.812500,0.977142,20.716900,0.534208,0.431873,0.195535,-0.699910
0.9738,5742,Virtual,Ring_DIP,-17.798000,0.982087,20.738330,0.438766,0.528561,0.329456,-0.647740
0.9738,5742,Virtual,Ring_FingerTip,-17.792220,0.983043,20.763450,0.438766,0.528561,0.329456,-0.647740
0.9738,5742,Virtual,Pinky_MCP,-17.849920,0.939915,20.695450,0.626457,0.311191,0.036522,-0.713708
0.9738,5742,Virtual,Pinky_PIP,-17.818280,0.953213,20.714740,0.543399,0.440461,0.191468,-0.688515
0.9738,5742,Virtual,Pinky_DIP,-17.808400,0.957158,20.729690,0.446087,0.538790,0.323226,-0.637367
0.9738,5742,Virtual,Pinky_FingerTip,-17.804370,0.958474,20.748370,0.446087,0.538790,0.323226,-0.637367
0.9738,5742,Render,Wrist,-17.955230,0.937577,20.699540,0.658534,0.110469,-0.175138,-0.723503
0.9738,5742,Render,Thumb_CMC,-17.933890,0.979465,20.705020,-0.055171,0.295675,-0.349614,-0.887301
0.9738,5742,Render,Thumb_MCP,-17.908390,1.005276,20.729760,-0.085075,0.288496,-0.257182,-0.918363
0.9738,5742,Render,Thumb_IP,-17.874010,1.026030,20.757880,-0.140510,0.265941,-0.070263,-0.951102
0.9738,5742,Render,Thumb_FingerTip,-17.849820,1.027709,20.772870,-0.140510,0.265941,-0.070263,-0.951102
0.9738,5742,Render,Index_MCP,-17.867020,1.010655,20.700330,0.582130,0.252962,0.009701,-0.772685
0.9738,5742,Render,Index_PIP,-17.826200,1.023745,20.719160,0.559913,0.298935,0.071777,-0.769405
0.9738,5742,Render,Index_DIP,-17.805150,1.029567,20.733190,0.536816,0.338664,0.127260,-0.762195
0.9738,5742,Render,Index_FingerTip,-17.785290,1.034130,20.750760,0.536816,0.338664,0.127260,-0.762195
0.9738,5742,Render,Middle_MCP,-17.856000,0.986133,20.694900,0.635463,0.205077,-0.068043,-0.741283
0.9738,5742,Render,Middle_PIP,-17.808120,1.005223,20.706380,0.579244,0.332185,0.086887,-0.739311
0.9738,5742,Render,Middle_DIP,-17.786940,1.012329,20.722790,0.507097,0.434423,0.223296,-0.710119
0.9738,5742,Render,Middle_FingerTip,-17.772150,1.015823,20.746660,0.507097,0.434423,0.223296,-0.710119
0.9738,5742,Render,Ring_MCP,-17.850250,0.962244,20.694130,0.652246,0.215565,-0.064044,-0.723883
0.9738,5742,Render,Ring_PIP,-17.808430,0.979645,20.704770,0.591003,0.350154,0.092354,-0.720818
0.9738,5742,Render,Ring_DIP,-17.788990,0.987041,20.720940,0.512364,0.457576,0.229657,-0.689468
0.9738,5742,Render,Ring_FingerTip,-17.776720,0.990968,20.743290,0.512364,0.457576,0.229657,-0.689468
0.9738,5742,Render,Pinky_MCP,-17.849920,0.939915,20.695450,0.663876,0.220356,-0.063828,-0.711785
0.9738,5742,Render,Pinky_PIP,-17.814690,0.955012,20.704460,0.601338,0.357323,0.089976,-0.708955
0.9738,5742,Render,Pinky_DIP,-17.801330,0.960555,20.715750,0.521122,0.466604,0.225036,-0.678286
0.9738,5742,Render,Pinky_FingerTip,-17.792450,0.964023,20.732360,0.521122,0.466604,0.225036,-0.678286
0.9867,5743,Real,Wrist,-17.962370,0.934625,20.691450,0.647281,0.081312,-0.199402,-0.731201
0.9867,5743,Real,Thumb_CMC,-17.940500,0.976385,20.695660,-0.124137,0.243233,-0.336030,-0.901394
0.9867,5743,Real,Thumb_MCP,-17.911700,1.000334,20.718580,-0.154201,0.225376,-0.218089,-0.936945
0.9867,5743,Real,Thumb_IP,-17.872320,1.016963,20.742590,-0.201640,0.184156,0.001879,-0.961990
0.9867,5743,Real,Thumb_FingerTip,-17.845750,1.014744,20.752660,-0.201640,0.184156,0.001879,-0.961990
0.9867,5743,Real,Index_MCP,-17.874100,1.007419,20.685990,0.578199,0.221111,-0.010462,-0.785294
0.9867,5743,Real,Index_PIP,-17.831860,1.020162,20.701680,0.558745,0.266473,0.052135,-0.783631
0.9867,5743,Real,Index_DIP,-17.809730,1.025771,20.714040,0.538196,0.305859,0.108201,-0.777874
0.9867,5743,Real,Index_FingerTip,-17.788490,1.030099,20.729970,0.538196,0.305859,0.108201,-0.777874
0.9867,5743,Real,Middle_MCP,-17.863640,0.982924,20.679430,0.602298,0.250644,0.002388,-0.757898
0.9867,5743,Real,Middle_PIP,-17.817470,0.998676,20.699640,0.537564,0.369607,0.158830,-0.741073
0.9867,5743,Real,Middle_DIP,-17.798720,1.003165,20.719560,0.459394,0.463187,0.293963,-0.698571
0.9867,5743,Real,Middle_FingerTip,-17.787450,1.003586,20.745520,0.459394,0.463187,0.293963,-0.698571
0.9867,5743,Real,Ring_MCP,-17.858070,0.959028,20.677950,0.613023,0.274788,0.016885,-0.740547
0.9867,5743,Real,Ring_PIP,-17.818590,0.973542,20.697850,0.538303,0.401914,0.178048,-0.719023
0.9867,5743,Real,Ring_DIP,-17.802420,0.978196,20.718130,0.448750,0.499928,0.315974,-0.669967
0.9867,5743,Real,Ring_FingerTip,-17.794670,0.978849,20.742730,0.448750,0.499928,0.315974,-0.669967
0.9867,5743,Real,Pinky_MCP,-17.857720,0.936684,20.679000,0.623871,0.281632,0.014978,-0.728866
0.9867,5743,Real,Pinky_PIP,-17.824610,0.949660,20.695900,0.547396,0.410961,0.173638,-0.708039
0.9867,5743,Real,Pinky_DIP,-17.813570,0.953403,20.710060,0.455887,0.510586,0.309490,-0.660065
0.9867,5743,Real,Pinky_FingerTip,-17.808070,0.954495,20.728380,0.455887,0.510586,0.309490,-0.660065
0.9867,5743,Virtual,Wrist,-17.958910,0.936103,20.695670,0.654282,0.097253,-0.185951,-0.726553
0.9867,5743,Virtual,Thumb_CMC,-17.937310,0.977934,20.700520,-0.113396,0.261726,-0.340389,-0.895978
0.9867,5743,Virtual,Thumb_MCP,-17.909590,1.002112,20.724510,-0.145912,0.245090,-0.223104,-0.932130
0.9867,5743,Virtual,Thumb_IP,-17.871330,1.018998,20.750100,-0.198077,0.205243,-0.004104,-0.958449
0.9867,5743,Virtual,Thumb_FingerTip,-17.845240,1.016905,20.761360,-0.198077,0.205243,-0.004104,-0.958449
0.9867,5743,Virtual,Index_MCP,-17.870590,1.009017,20.693560,0.581126,0.238885,0.000827,-0.777963
0.9867,5743,Virtual,Index_PIP,-17.829110,1.021958,20.711010,0.560247,0.284424,0.062804,-0.775424
0.9867,5743,Virtual,Index_DIP,-17.807560,1.027702,20.724280,0.538406,0.323871,0.118254,-0.768923
0.9867,5743,Virtual,Index_FingerTip,-17.787050,1.032191,20.741110,0.538406,0.323871,0.118254,-0.768923
0.9867,5743,Virtual,Middle_MCP,-17.859820,0.984491,20.687660,0.604803,0.267873,0.014117,-0.749839
0.9867,5743,Virtual,Middle_PIP,-17.814610,1.000483,20.709770,0.536458,0.386983,0.168642,-0.730765
0.9867,5743,Virtual,Middle_DIP,-17.796770,1.005160,20.730470,0.455074,0.480053,0.301685,-0.686617
0.9867,5743,Virtual,Middle_FingerTip,-17.786660,1.005801,20.756890,0.455074,0.480053,0.301685,-0.686617
0.9867,5743,Virtual,Ring_MCP,-17.854150,0.960595,20.686610,0.615118,0.291692,0.028769,-0.731928
0.9867,5743,Virtual,Ring_PIP,-17.815610,0.975334,20.708140,0.536659,0.418869,0.187765,-0.708019
0.9867,5743,Virtual,Ring_DIP,-17.800370,0.980174,20.729070,0.443805,0.516228,0.323337,-0.657267
0.9867,5743,Virtual,Ring_FingerTip,-17.793710,0.981030,20.753980,0.443805,0.516228,0.323337,-0.657267
0.9867,5743,Virtual,Pinky_MCP,-17.853810,0.938261,20.687850,0.625954,0.298278,0.027086,-0.720054
0.9867,5743,Virtual,Pinky_PIP,-17.821500,0.951427,20.706090,0.545798,0.427660,0.183532,-0.696798
0.9867,5743,Virtual,Pinky_DIP,-17.811100,0.955299,20.720710,0.451036,0.526645,0.316980,-0.647098
0.9867,5743,Virtual,Pinky_FingerTip,-17.806420,0.956541,20.739240,0.451036,0.526645,0.316980,-0.647098
0.9867,5743,Render,Wrist,-17.958910,0.936103,20.695670,0.654282,0.097253,-0.185951,-0.726553
0.9867,5743,Render,Thumb_CMC,-17.937310,0.977934,20.700520,-0.062491,0.280469,-0.347274,-0.892655
0.9867,5743,Render,Thumb_MCP,-17.910900,1.003619,20.724420,-0.090804,0.272622,-0.254307,-0.923450
0.9867,5743,Render,Thumb_IP,-17.875500,1.024221,20.751370,-0.142983,0.249246,-0.066439,-0.955520
0.9867,5743,Render,Thumb_FingerTip,-17.850790,1.025808,20.765490,-0.142983,0.249246,-0.066439,-0.955520
0.9867,5743,Render,Index_MCP,-17.870590,1.009017,20.693560,0.581231,0.238631,0.000486,-0.777963
0.9867,5743,Render,Index_PIP,-17.829100,1.021971,20.710970,0.560169,0.284577,0.063017,-0.775407
0.9867,5743,Render,Index_DIP,-17.807550,1.027710,20.724260,0.538110,0.324363,0.118957,-0.768815
0.9867,5743,Render,Index_FingerTip,-17.787070,1.032180,20.741120,0.538110,0.324363,0.118957,-0.768815
0.9867,5743,Render,Middle_MCP,-17.859820,0.984491,20.687660,0.633179,0.191383,-0.078298,-0.745873
0.9867,5743,Render,Middle_PIP,-17.811530,1.003457,20.697500,0.579844,0.318315,0.077805,-0.745925
0.9867,5743,Render,Middle_DIP,-17.789760,1.010472,20.713160,0.510274,0.420908,0.215607,-0.718311
0.9867,5743,Render,Middle_FingerTip,-17.774120,1.013862,20.736500,0.510274,0.420908,0.215607,-0.718311
0.9867,5743,Render,Ring_MCP,-17.854150,0.960595,20.686610,0.650067,0.202156,-0.074597,-0.728685
0.9867,5743,Render,Ring_PIP,-17.811940,0.977885,20.695810,0.591745,0.336590,0.083073,-0.727767
0.9867,5743,Render,Ring_DIP,-17.791930,0.985194,20.711310,0.515708,0.444410,0.221891,-0.698076
0.9867,5743,Render,Ring_FingerTip,-17.778850,0.989027,20.733220,0.515708,0.444410,0.221891,-0.698076
0.9867,5743,Render,Pinky_MCP,-17.853810,0.938261,20.687850,0.661723,0.207150,-0.074591,-0.716693
0.9867,5743,Render,Pinky_PIP,-17.818260,0.953264,20.695650,0.602062,0.343962,0.080512,-0.716052
0.9867,5743,Render,Pinky_DIP,-17.804490,0.958747,20.706470,0.524409,0.453634,0.217119,-0.687075
0.9867,5743,Render,Pinky_FingerTip,-17.795020,0.962146,20.722780,0.524409,0.453634,0.217119,-0.687075
0.9994,5744,Real,Wrist,-17.962370,0.934625,20.691450,0.647281,0.081312,-0.199402,-0.731201
0.9994,5744,Real,Thumb_CMC,-17.940500,0.976385,20.695660,-0.124137,0.243233,-0.336030,-0.901394
0.9994,5744,Real,Thumb_MCP,-17.911700,1.000334,20.718580,-0.154201,0.225376,-0.218089,-0.936945
0.9994,5744,Real,Thumb_IP,-17.872320,1.016963,20.742590,-0.201640,0.184156,0.001879,-0.961990
0.9994,5744,Real,Thumb_FingerTip,-17.845750,1.014744,20.752660,-0.201640,0.184156,0.001879,-0.961990
0.9994,5744,Real,Index_MCP,-17.874100,1.007419,20.685990,0.578199,0.221111,-0.010462,-0.785294
0.9994,5744,Real,Index_PIP,-17.831860,1.020162,20.701680,0.558745,0.266473,0.052135,-0.783631
0.9994,5744,Real,Index_DIP,-17.809730,1.025771,20.714040,0.538196,0.305859,0.108201,-0.777874
0.9994,5744,Real,Index_FingerTip,-17.788490,1.030099,20.729970,0.538196,0.305859,0.108201,-0.777874
0.9994,5744,Real,Middle_MCP,-17.863640,0.982924,20.679430,0.602298,0.250644,0.002388,-0.757898
0.9994,5744,Real,Middle_PIP,-17.817470,0.998676,20.699640,0.537564,0.369607,0.158830,-0.741073
0.9994,5744,Real,Middle_DIP,-17.798720,1.003165,20.719560,0.459394,0.463187,0.293963,-0.698571
0.9994,5744,Real,Middle_FingerTip,-17.787450,1.003586,20.745520,0.459394,0.463187,0.293963,-0.698571
0.9994,5744,Real,Ring_MCP,-17.858070,0.959028,20.677950,0.613023,0.274788,0.016885,-0.740547
0.9994,5744,Real,Ring_PIP,-17.818590,0.973542,20.697850,0.538303,0.401914,0.178048,-0.719023
0.9994,5744,Real,Ring_DIP,-17.802420,0.978196,20.718130,0.448750,0.499928,0.315974,-0.669967
0.9994,5744,Real,Ring_FingerTip,-17.794670,0.978849,20.742730,0.448750,0.499928,0.315974,-0.669967
0.9994,5744,Real,Pinky_MCP,-17.857720,0.936684,20.679000,0.623871,0.281632,0.014978,-0.728866
0.9994,5744,Real,Pinky_PIP,-17.824610,0.949660,20.695900,0.547396,0.410961,0.173638,-0.708039
0.9994,5744,Real,Pinky_DIP,-17.813570,0.953403,20.710060,0.455887,0.510586,0.309490,-0.660065
0.9994,5744,Real,Pinky_FingerTip,-17.808070,0.954495,20.728380,0.455887,0.510586,0.309490,-0.660065
0.9994,5744,Virtual,Wrist,-17.962380,0.934624,20.691460,0.647281,0.081312,-0.199402,-0.731201
0.9994,5744,Virtual,Thumb_CMC,-17.940510,0.976384,20.695670,-0.124137,0.243233,-0.336030,-0.901394
0.9994,5744,Virtual,Thumb_MCP,-17.911710,1.000333,20.718590,-0.154201,0.225376,-0.218089,-0.936945
0.9994,5744,Virtual,Thumb_IP,-17.872320,1.016963,20.742590,-0.201640,0.184156,0.001879,-0.961990
0.9994,5744,Virtual,Thumb_FingerTip,-17.845750,1.014743,20.752670,-0.201640,0.184156,0.001879,-0.961990
0.9994,5744,Virtual,Index_MCP,-17.874100,1.007418,20.686000,0.578199,0.221111,-0.010462,-0.785294
0.9994,5744,Virtual,Index_PIP,-17.831860,1.020162,20.701690,0.558746,0.266473,0.052135,-0.783631
0.9994,5744,Virtual,Index_DIP,-17.809740,1.025770,20.714040,0.538196,0.305859,0.108201,-0.777874
0.9994,5744,Virtual,Index_FingerTip,-17.788500,1.030098,20.729970,0.538196,0.305859,0.108201,-0.777874
0.9994,5744,Virtual,Middle_MCP,-17.863640,0.982923,20.679430,0.602298,0.250644,0.002388,-0.757898
0.9994,5744,Virtual,Middle_PIP,-17.817470,0.998675,20.699650,0.537564,0.369607,0.158830,-0.741073
0.9994,5744,Virtual,Middle_DIP,-17.798720,1.003165,20.719570,0.459394,0.463187,0.293963,-0.698571
0.9994,5744,Virtual,Middle_FingerTip,-17.787460,1.003585,20.745520,0.459394,0.463187,0.293963,-0.698571
0.9994,5744,Virtual,Ring_MCP,-17.858070,0.959027,20.677960,0.613023,0.274788,0.016885,-0.740547
0.9994,5744,Virtual,Ring_PIP,-17.818590,0.973541,20.697860,0.538303,0.401914,0.178048,-0.719023
0.9994,5744,Virtual,Ring_DIP,-17.802430,0.978195,20.718140,0.448751,0.499928,0.315974,-0.669967
0.9994,5744,Virtual,Ring_FingerTip,-17.794680,0.978848,20.742740,0.448751,0.499928,0.315974,-0.669967
0.9994,5744,Virtual,Pinky_MCP,-17.857720,0.936684,20.679010,0.623871,0.281632,0.014978,-0.728866
0.9994,5744,Virtual,Pinky_PIP,-17.824610,0.949659,20.695910,0.547396,0.410961,0.173638,-0.708039
0.9994,5744,Virtual,Pinky_DIP,-17.813570,0.953403,20.710070,0.455887,0.510586,0.309490,-0.660065
0.9994,5744,Virtual,Pinky_FingerTip,-17.808070,0.954494,20.728390,0.455887,0.510586,0.309490,-0.660065
0.9994,5744,Render,Wrist,-17.962380,0.934624,20.691460,0.647281,0.081312,-0.199402,-0.731201
0.9994,5744,Render,Thumb_CMC,-17.940510,0.976384,20.695670,-0.073379,0.261327,-0.344092,-0.898847
0.9994,5744,Render,Thumb_MCP,-17.912990,1.001862,20.718510,-0.099680,0.252468,-0.250509,-0.929284
0.9994,5744,Render,Thumb_IP,-17.876360,1.022222,20.743970,-0.147693,0.227735,-0.061560,-0.960487
0.9994,5744,Render,Thumb_FingerTip,-17.851040,1.023675,20.756950,-0.147693,0.227735,-0.061560,-0.960487
0.9994,5744,Render,Index_MCP,-17.874100,1.007418,20.686000,0.578199,0.221111,-0.010462,-0.785294
0.9994,5744,Render,Index_PIP,-17.831860,1.020162,20.701690,0.558746,0.266473,0.052135,-0.783631
0.9994,5744,Render,Index_DIP,-17.809740,1.025770,20.714040,0.538196,0.305859,0.108201,-0.777874
0.9994,5744,Render,Index_FingerTip,-17.788500,1.030098,20.729970,0.538196,0.305859,0.108201,-0.777874
0.9994,5744,Render,Middle_MCP,-17.863640,0.982923,20.679430,0.628571,0.174593,-0.090929,-0.752428
0.9994,5744,Render,Middle_PIP,-17.814930,1.001739,20.687270,0.578812,0.300935,0.066804,-0.754952
0.9994,5744,Render,Middle_DIP,-17.792480,1.008600,20.702010,0.512503,0.403640,0.206484,-0.729233
0.9994,5744,Render,Middle_FingerTip,-17.775820,1.011786,20.724660,0.512503,0.403640,0.206484,-0.729233
0.9994,5744,Render,Ring_MCP,-17.858070,0.959027,20.677960,0.645612,0.185715,-0.087577,-0.735544
0.9994,5744,Render,Ring_PIP,-17.815460,0.976182,20.685410,0.590911,0.319576,0.071862,-0.737245
0.9994,5744,Render,Ring_DIP,-17.794770,0.983340,20.700060,0.518172,0.427555,0.212719,-0.709539
0.9994,5744,Render,Ring_FingerTip,-17.780740,0.986984,20.721410,0.518172,0.427555,0.212719,-0.709539
0.9994,5744,Render,Pinky_MCP,-17.857720,0.936684,20.679010,0.657316,0.190963,-0.087819,-0.723711
0.9994,5744,Render,Pinky_PIP,-17.821830,0.951573,20.685340,0.601221,0.327208,0.069093,-0.725738
0.9994,5744,Render,Pinky_DIP,-17.807580,0.956951,20.695580,0.526815,0.437032,0.207782,-0.698782
0.9994,5744,Render,Pinky_FingerTip,-17.797400,0.960209,20.711470,0.526815,0.437032,0.207782,-0.698782
1.0124,5745,Real,Wrist,-17.969200,0.931853,20.682770,0.635194,0.050346,-0.221434,-0.738215
1.0124,5745,Real,Thumb_CMC,-17.946680,0.973381,20.685660,-0.141405,0.209411,-0.325001,-0.911333
1.0124,5745,Real,Thumb_MCP,-17.915900,0.996792,20.706460,-0.167005,0.189625,-0.205884,-0.945391
1.0124,5745,Real,Thumb_IP,-17.874550,1.012773,20.727410,-0.205931,0.146427,0.015684,-0.967422
1.0124,5745,Real,Thumb_FingerTip,-17.847280,1.010190,20.735300,-0.205931,0.146427,0.015684,-0.967422
1.0124,5745,Real,Index_MCP,-17.880980,1.003972,20.671050,0.573979,0.187278,-0.028727,-0.796650
1.0124,5745,Real,Index_PIP,-17.837520,1.016183,20.683480,0.557317,0.232212,0.034549,-0.796418
1.0124,5745,Real,Index_DIP,-17.814420,1.021473,20.694070,0.539315,0.271411,0.091323,-0.791919
1.0124,5745,Real,Index_FingerTip,-17.791930,1.025457,20.708290,0.539315,0.271411,0.091323,-0.791919
1.0124,5745,Real,Middle_MCP,-17.871300,0.979466,20.663420,0.598841,0.217705,-0.016820,-0.770526
1.0124,5745,Real,Middle_PIP,-17.823530,0.994604,20.680070,0.541027,0.336595,0.142546,-0.757413
1.0124,5745,Real,Middle_DIP,-17.803220,0.998714,20.698480,0.468990,0.431341,0.280921,-0.717689
1.0124,5745,Real,Middle_FingerTip,-17.789910,0.998752,20.723460,0.468990,0.431341,0.280921,-0.717689
1.0124,5745,Real,Ring_MCP,-17.866080,0.955543,20.661250,0.610187,0.242758,-0.002266,-0.754145
1.0124,5745,Real,Ring_PIP,-17.825030,0.969488,20.678170,0.542471,0.370115,0.162429,-0.736449
1.0124,5745,Real,Ring_DIP,-17.807300,0.973764,20.697170,0.459031,0.469628,0.304175,-0.690086
1.0124,5745,Real,Ring_FingerTip,-17.797650,0.974057,20.721100,0.459031,0.469628,0.304175,-0.690086
1.0124,5745,Real,Pinky_MCP,-17.865850,0.933187,20.662040,0.621037,0.250034,-0.004627,-0.742816
1.0124,5745,Real,Pinky_PIP,-17.831410,0.945685,20.676440,0.551471,0.379584,0.157651,-0.725908
1.0124,5745,Real,Pinky_DIP,-17.819260,0.949167,20.689730,0.465991,0.480683,0.297417,-0.680690
1.0124,5745,Real,Pinky_FingerTip,-17.812340,0.949992,20.707580,0.465991,0.480683,0.297417,-0.680690
1.0124,5745,Virtual,Wrist,-17.962380,0.934624,20.691460,0.647281,0.081312,-0.199402,-0.731201
1.0124,5745,Virtual,Thumb_CMC,-17.940510,0.976384,20.695670,-0.124306,0.243212,-0.335471,-0.901585
1.0124,5745,Virtual,Thumb_MCP,-17.911670,1.000291,20.718590,-0.154365,0.225334,-0.217514,-0.937061
1.0124,5745,Virtual,Thumb_IP,-17.872260,1.016867,20.742590,-0.201789,0.184080,0.002458,-0.961972
1.0124,5745,Virtual,Thumb_FingerTip,-17.845690,1.014615,20.752650,-0.201789,0.184080,0.002458,-0.961972
1.0124,5745,Virtual,Index_MCP,-17.874100,1.007418,20.686000,0.578151,0.221238,-0.010290,-0.785296
1.0124,5745,Virtual,Index_PIP,-17.831870,1.020155,20.701710,0.558782,0.266397,0.052028,-0.783638
1.0124,5745,Virtual,Index_DIP,-17.809740,1.025766,20.714050,0.538336,0.305612,0.107845,-0.777924
1.0124,5745,Virtual,Index_FingerTip,-17.788490,1.030104,20.729970,0.538336,0.305612,0.107845,-0.777924
1.0124,5745,Virtual,Middle_MCP,-17.863640,0.982923,20.679430,0.602245,0.250771,0.002548,-0.757898
1.0124,5745,Virtual,Middle_PIP,-17.817480,0.998669,20.699670,0.537534,0.369652,0.158892,-0.741060
1.0124,5745,Virtual,Middle_DIP,-17.798730,1.003157,20.719590,0.459409,0.463172,0.293940,-0.698581
1.0124,5745,Virtual,Middle_FingerTip,-17.787470,1.003578,20.745550,0.459409,0.463172,0.293940,-0.698581
1.0124,5745,Virtual,Ring_MCP,-17.858070,0.959027,20.677960,0.612803,0.275278,0.017478,-0.740533
1.0124,5745,Virtual,Ring_PIP,-17.818620,0.973523,20.697930,0.537924,0.402422,0.178725,-0.718855
1.0124,5745,Virtual,Ring_DIP,-17.802490,0.978159,20.718240,0.448215,0.500408,0.316691,-0.669628
1.0124,5745,Virtual,Ring_FingerTip,-17.794780,0.978790,20.742850,0.448215,0.500408,0.316691,-0.669628
1.0124,5745,Virtual,Pinky_MCP,-17.857720,0.936684,20.679010,0.623645,0.282131,0.015562,-0.728853
1.0124,5745,Virtual,Pinky_PIP,-17.824630,0.949646,20.695960,0.547009,0.411476,0.174305,-0.707875
1.0124,5745,Virtual,Pinky_DIP,-17.813620,0.953377,20.710150,0.455340,0.511074,0.310196,-0.659733
1.0124,5745,Virtual,Pinky_FingerTip,-17.808160,0.954452,20.728480,0.455340,0.511074,0.310196,-0.659733
1.0124,5745,Render,Wrist,-17.962380,0.934624,20.691460,0.647281,0.081312,-0.199402,-0.731201
1.0124,5745,Render,Thumb_CMC,-17.940510,0.976384,20.695670,-0.073368,0.262029,-0.343971,-0.898689
1.0124,5745,Render,Thumb_MCP,-17.913020,1.001843,20.718560,-0.099741,0.253167,-0.250405,-0.929115
1.0124,5745,Render,Thumb_IP,-17.876420,1.022182,20.744080,-0.147892,0.228408,-0.061492,-0.960301
1.0124,5745,Render,Thumb_FingerTip,-17.851110,1.023622,20.757100,-0.147892,0.228408,-0.061492,-0.960301
1.0124,5745,Render,Index_MCP,-17.874100,1.007418,20.686000,0.578151,0.221238,-0.010290,-0.785296
1.0124,5745,Render,Index_PIP,-17.831870,1.020155,20.701710,0.558782,0.266397,0.052028,-0.783638
1.0124,5745,Render,Index_DIP,-17.809740,1.025766,20.714050,0.538336,0.305612,0.107845,-0.777924
1.0124,5745,Render,Index_FingerTip,-17.788490,1.030104,20.729970,0.538336,0.305612,0.107845,-0.777924
1.0124,5745,Render,Middle_MCP,-17.863640,0.982923,20.679430,0.628571,0.174593,-0.090929,-0.752428
1.0124,5745,Render,Middle_PIP,-17.814930,1.001739,20.687270,0.578812,0.300935,0.066804,-0.754952
1.0124,5745,Render,Middle_DIP,-17.792480,1.008600,20.702010,0.512503,0.403640,0.206484,-0.729233
1.0124,5745,Render,Middle_FingerTip,-17.775820,1.011786,20.724660,0.512503,0.403640,0.206484,-0.729233
1.0124,5745,Render,Ring_MCP,-17.858070,0.959027,20.677960,0.645612,0.185715,-0.087577,-0.735544
1.0124,5745,Render,Ring_PIP,-17.815460,0.976182,20.685410,0.590911,0.319576,0.071862,-0.737245
1.0124,5745,Render,Ring_DIP,-17.794770,0.983340,20.700060,0.518172,0.427555,0.212719,-0.709539
1.0124,5745,Render,Ring_FingerTip,-17.780740,0.986984,20.721410,0.518172,0.427555,0.212719,-0.709539
1.0124,5745,Render,Pinky_MCP,-17.857720,0.936684,20.679010,0.657316,0.190963,-0.087819,-0.723711
1.0124,5745,Render,Pinky_PIP,-17.821830,0.951573,20.685340,0.601221,0.327208,0.069093,-0.725738
1.0124,5745,Render,Pinky_DIP,-17.807580,0.956951,20.695580,0.526815,0.437032,0.207782,-0.698782
1.0124,5745,Render,Pinky_FingerTip,-17.797400,0.960209,20.711470,0.526815,0.437032,0.207782,-0.698782
1.0266,5746,Real,Wrist,-17.972740,0.930591,20.678420,0.630786,0.036249,-0.231297,-0.739795
1.0266,5746,Real,Thumb_CMC,-17.949990,0.972035,20.680560,-0.147350,0.193684,-0.320666,-0.915395
1.0266,5746,Real,Thumb_MCP,-17.918400,0.995308,20.700280,-0.170892,0.173268,-0.201066,-0.948866
1.0266,5746,Real,Thumb_IP,-17.876280,1.011113,20.719770,-0.205976,0.129614,0.021168,-0.969704
1.0266,5746,Real,Thumb_FingerTip,-17.848760,1.008421,20.726690,-0.205976,0.129614,0.021168,-0.969704
1.0266,5746,Real,Index_MCP,-17.884740,1.002410,20.663670,0.573206,0.172109,-0.037343,-0.800262
1.0266,5746,Real,Index_PIP,-17.840810,1.014449,20.674560,0.557749,0.217030,0.026247,-0.800703
1.0266,5746,Real,Index_DIP,-17.817340,1.019642,20.684340,0.540830,0.256298,0.083348,-0.796786
1.0266,5746,Real,Index_FingerTip,-17.794350,1.023526,20.697760,0.540830,0.256298,0.083348,-0.796786
1.0266,5746,Real,Middle_MCP,-17.875420,0.977880,20.655670,0.598347,0.202943,-0.025906,-0.774677
1.0266,5746,Real,Middle_PIP,-17.827040,0.992824,20.670640,0.543590,0.322048,0.134512,-0.763349
1.0266,5746,Real,Middle_DIP,-17.806070,0.996837,20.688320,0.474213,0.417525,0.274131,-0.725016
1.0266,5746,Real,Middle_FingerTip,-17.791890,0.996794,20.712810,0.474213,0.417525,0.274131,-0.725016
1.0266,5746,Real,Ring_MCP,-17.870370,0.953941,20.653290,0.610005,0.228252,-0.011569,-0.758724
1.0266,5746,Real,Ring_PIP,-17.828700,0.967717,20.668750,0.545460,0.355919,0.154350,-0.742948
1.0266,5746,Real,Ring_DIP,-17.810280,0.971904,20.687120,0.464755,0.456298,0.297533,-0.698047
1.0266,5746,Real,Ring_FingerTip,-17.799790,0.972129,20.710690,0.464755,0.456298,0.297533,-0.698047
1.0266,5746,Real,Pinky_MCP,-17.870190,0.931584,20.654040,0.620831,0.235710,-0.014138,-0.747536
1.0266,5746,Real,Pinky_PIP,-17.835210,0.943939,20.667220,0.554397,0.365560,0.149401,-0.732591
1.0266,5746,Real,Pinky_DIP,-17.822590,0.947359,20.680090,0.471620,0.467510,0.290642,-0.688866
1.0266,5746,Real,Pinky_FingerTip,-17.815040,0.948136,20.697680,0.471620,0.467510,0.290642,-0.688866
1.0266,5746,Virtual,Wrist,-17.969200,0.931854,20.682780,0.635195,0.050346,-0.221434,-0.738214
1.0266,5746,Virtual,Thumb_CMC,-17.946690,0.973383,20.685670,-0.141405,0.209410,-0.325001,-0.911333
1.0266,5746,Virtual,Thumb_MCP,-17.915900,0.996793,20.706470,-0.167005,0.189624,-0.205884,-0.945391
1.0266,5746,Virtual,Thumb_IP,-17.874550,1.012775,20.727420,-0.205930,0.146426,0.015684,-0.967423
1.0266,5746,Virtual,Thumb_FingerTip,-17.847290,1.010191,20.735310,-0.205930,0.146426,0.015684,-0.967423
1.0266,5746,Virtual,Index_MCP,-17.880990,1.003973,20.671060,0.573979,0.187277,-0.028728,-0.796649
1.0266,5746,Virtual,Index_PIP,-17.837520,1.016184,20.683490,0.557317,0.232212,0.034549,-0.796418
1.0266,5746,Virtual,Index_DIP,-17.814420,1.021474,20.694080,0.539316,0.271410,0.091323,-0.791919
1.0266,5746,Virtual,Index_FingerTip,-17.791930,1.025459,20.708300,0.539316,0.271410,0.091323,-0.791919
1.0266,5746,Virtual,Middle_MCP,-17.871300,0.979467,20.663430,0.598842,0.217705,-0.016820,-0.770526
1.0266,5746,Virtual,Middle_PIP,-17.823530,0.994605,20.680080,0.541028,0.336595,0.142546,-0.757413
1.0266,5746,Virtual,Middle_DIP,-17.803220,0.998715,20.698490,0.468990,0.431341,0.280920,-0.717689
1.0266,5746,Virtual,Middle_FingerTip,-17.789920,0.998754,20.723470,0.468990,0.431341,0.280920,-0.717689
1.0266,5746,Virtual,Ring_MCP,-17.866090,0.955544,20.661270,0.610188,0.242757,-0.002267,-0.754145
1.0266,5746,Virtual,Ring_PIP,-17.825040,0.969490,20.678180,0.542472,0.370114,0.162428,-0.736449
1.0266,5746,Virtual,Ring_DIP,-17.807300,0.973766,20.697180,0.459032,0.469628,0.304175,-0.690086
1.0266,5746,Virtual,Ring_FingerTip,-17.797650,0.974058,20.721110,0.459032,0.469628,0.304175,-0.690086
1.0266,5746,Virtual,Pinky_MCP,-17.865860,0.933188,20.662050,0.621038,0.250034,-0.004628,-0.742815
1.0266,5746,Virtual,Pinky_PIP,-17.831410,0.945686,20.676440,0.551471,0.379584,0.157651,-0.725908
1.0266,5746,Virtual,Pinky_DIP,-17.819260,0.949168,20.689740,0.465992,0.480683,0.297416,-0.680691
1.0266,5746,Virtual,Pinky_FingerTip,-17.812350,0.949993,20.707590,0.465992,0.480683,0.297416,-0.680691
1.0266,5746,Render,Wrist,-17.969200,0.931854,20.682780,0.635195,0.050346,-0.221434,-0.738214
1.0266,5746,Render,Thumb_CMC,-17.946690,0.973383,20.685670,-0.090770,0.227445,-0.335559,-0.909632
1.0266,5746,Render,Thumb_MCP,-17.917210,0.998376,20.706520,-0.113520,0.216987,-0.240920,-0.939142
1.0266,5746,Render,Thumb_IP,-17.878480,1.018147,20.729180,-0.154235,0.190216,-0.050210,-0.968251
1.0266,5746,Render,Thumb_FingerTip,-17.852190,1.019246,20.740120,-0.154235,0.190216,-0.050210,-0.968251
1.0266,5746,Render,Index_MCP,-17.880990,1.003973,20.671060,0.573979,0.187277,-0.028728,-0.796649
1.0266,5746,Render,Index_PIP,-17.837520,1.016184,20.683490,0.557317,0.232212,0.034549,-0.796418
1.0266,5746,Render,Index_DIP,-17.814420,1.021474,20.694080,0.539316,0.271410,0.091323,-0.791919
1.0266,5746,Render,Index_FingerTip,-17.791930,1.025459,20.708300,0.539316,0.271410,0.091323,-0.791919
1.0266,5746,Render,Middle_MCP,-17.871300,0.979467,20.663430,0.621117,0.142198,-0.111707,-0.762571
1.0266,5746,Render,Middle_PIP,-17.821950,0.997792,20.667550,0.578225,0.267699,0.048576,-0.769177
1.0266,5746,Render,Middle_DIP,-17.798340,1.004302,20.680530,0.518128,0.370878,0.191230,-0.746609
1.0266,5746,Render,Middle_FingerTip,-17.779890,1.007097,20.701810,0.518128,0.370878,0.191230,-0.746609
1.0266,5746,Render,Ring_MCP,-17.866090,0.955544,20.661270,0.638418,0.153892,-0.109050,-0.746223
1.0266,5746,Render,Ring_PIP,-17.822860,0.972262,20.665470,0.590694,0.286951,0.053171,-0.752272
1.0266,5746,Render,Ring_DIP,-17.801000,0.979085,20.678500,0.524251,0.395501,0.197278,-0.727889
1.0266,5746,Render,Ring_FingerTip,-17.785280,0.982374,20.698690,0.524251,0.395501,0.197278,-0.727889
1.0266,5746,Render,Pinky_MCP,-17.865860,0.933188,20.662050,0.650189,0.159559,-0.109783,-0.734673
1.0266,5746,Render,Pinky_PIP,-17.829440,0.947708,20.665660,0.600979,0.295006,0.049984,-0.741146
1.0266,5746,Render,Pinky_DIP,-17.814380,0.952854,20.674780,0.532790,0.405388,0.192004,-0.717587
1.0266,5746,Render,Pinky_FingerTip,-17.802930,0.955851,20.689850,0.532790,0.405388,0.192004,-0.717587
1.0406,5747,Real,Wrist,-17.975890,0.929637,20.673880,0.627073,0.022099,-0.240827,-0.740469
1.0406,5747,Real,Thumb_CMC,-17.952920,0.970996,20.675190,-0.152144,0.177890,-0.316300,-0.919327
1.0406,5747,Real,Thumb_MCP,-17.920570,0.994156,20.693780,-0.173619,0.157001,-0.196290,-0.952196
1.0406,5747,Real,Thumb_IP,-17.877740,1.009811,20.711780,-0.204900,0.113176,0.026476,-0.971857
1.0406,5747,Real,Thumb_FingerTip,-17.850010,1.007023,20.717740,-0.204900,0.113176,0.026476,-0.971857
1.0406,5747,Real,Index_MCP,-17.888180,1.001108,20.656010,0.573119,0.157210,-0.045673,-0.802953
1.0406,5747,Real,Index_PIP,-17.843860,1.012982,20.665380,0.558844,0.202172,0.018157,-0.804046
1.0406,5747,Real,Index_DIP,-17.820050,1.018089,20.674340,0.542983,0.241556,0.075517,-0.800698
1.0406,5747,Real,Index_FingerTip,-17.796590,1.021892,20.686960,0.542983,0.241556,0.075517,-0.800698
1.0406,5747,Real,Middle_MCP,-17.879240,0.976536,20.647720,0.598518,0.188374,-0.034835,-0.777868
1.0406,5747,Real,Middle_PIP,-17.830310,0.991305,20.660990,0.546782,0.307796,0.126387,-0.768322
1.0406,5747,Real,Middle_DIP,-17.808730,0.995252,20.677930,0.480022,0.404089,0.267033,-0.731427
1.0406,5747,Real,Middle_FingerTip,-17.793710,0.995176,20.701910,0.480022,0.404089,0.267033,-0.731427
1.0406,5747,Real,Ring_MCP,-17.874370,0.952576,20.645190,0.610398,0.214122,-0.020522,-0.762329
1.0406,5747,Real,Ring_PIP,-17.832140,0.966197,20.659210,0.548903,0.342257,0.146456,-0.748410
1.0406,5747,Real,Ring_DIP,-17.813090,0.970320,20.676940,0.470789,0.443612,0.290916,-0.704936
1.0406,5747,Real,Ring_FingerTip,-17.801820,0.970515,20.700150,0.470789,0.443612,0.290916,-0.704936
1.0406,5747,Real,Pinky_MCP,-17.874250,0.930219,20.645940,0.621184,0.221756,-0.023307,-0.751273
1.0406,5747,Real,Pinky_PIP,-17.838790,0.942445,20.657930,0.557762,0.352062,0.141324,-0.738229
1.0406,5747,Real,Pinky_DIP,-17.825730,0.945822,20.670360,0.477544,0.454969,0.283880,-0.695965
1.0406,5747,Real,Pinky_FingerTip,-17.817590,0.946576,20.687680,0.477544,0.454969,0.283880,-0.695965
1.0406,5747,Virtual,Wrist,-17.972750,0.930593,20.678430,0.630786,0.036249,-0.231297,-0.739795
1.0406,5747,Virtual,Thumb_CMC,-17.949990,0.972036,20.680570,-0.147377,0.193678,-0.320557,-0.915430
1.0406,5747,Virtual,Thumb_MCP,-17.918400,0.995301,20.700290,-0.170907,0.173268,-0.201010,-0.948875
1.0406,5747,Virtual,Thumb_IP,-17.876280,1.011100,20.719780,-0.205977,0.129633,0.021122,-0.969703
1.0406,5747,Virtual,Thumb_FingerTip,-17.848760,1.008411,20.726700,-0.205977,0.129633,0.021122,-0.969703
1.0406,5747,Virtual,Index_MCP,-17.884740,1.002411,20.663670,0.573168,0.172235,-0.037168,-0.800270
1.0406,5747,Virtual,Index_PIP,-17.840820,1.014443,20.674580,0.557702,0.217153,0.026423,-0.800697
1.0406,5747,Virtual,Index_DIP,-17.817350,1.019632,20.684380,0.540774,0.256417,0.083523,-0.796767
1.0406,5747,Virtual,Index_FingerTip,-17.794360,1.023512,20.697800,0.540774,0.256417,0.083523,-0.796767
1.0406,5747,Virtual,Middle_MCP,-17.875420,0.977881,20.655670,0.598327,0.203002,-0.025829,-0.774680
1.0406,5747,Virtual,Middle_PIP,-17.827040,0.992822,20.670650,0.543577,0.322069,0.134542,-0.763344
1.0406,5747,Virtual,Middle_DIP,-17.806070,0.996834,20.688340,0.474219,0.417518,0.274120,-0.725020
1.0406,5747,Virtual,Middle_FingerTip,-17.791900,0.996792,20.712830,0.474219,0.417518,0.274120,-0.725020
1.0406,5747,Virtual,Ring_MCP,-17.870370,0.953942,20.653300,0.609915,0.228492,-0.011271,-0.758728
1.0406,5747,Virtual,Ring_PIP,-17.828700,0.967709,20.668790,0.545293,0.356174,0.154698,-0.742876
1.0406,5747,Virtual,Ring_DIP,-17.810310,0.971887,20.687180,0.464510,0.456547,0.297907,-0.697888
1.0406,5747,Virtual,Ring_FingerTip,-17.799840,0.972102,20.710760,0.464510,0.456547,0.297907,-0.697888
1.0406,5747,Virtual,Pinky_MCP,-17.870200,0.931585,20.654050,0.620739,0.235954,-0.013844,-0.747541
1.0406,5747,Virtual,Pinky_PIP,-17.835220,0.943933,20.667260,0.554226,0.365820,0.149744,-0.732521
1.0406,5747,Virtual,Pinky_DIP,-17.822610,0.947347,20.680130,0.471369,0.467763,0.291012,-0.688710
1.0406,5747,Virtual,Pinky_FingerTip,-17.815080,0.948116,20.697730,0.471369,0.467763,0.291012,-0.688710
1.0406,5747,Render,Wrist,-17.972750,0.930593,20.678430,0.630786,0.036249,-0.231297,-0.739795
1.0406,5747,Render,Thumb_CMC,-17.949990,0.972036,20.680570,-0.096877,0.211662,-0.332113,-0.914066
1.0406,5747,Render,Thumb_MCP,-17.919700,0.996896,20.700380,-0.117984,0.200663,-0.237039,-0.943201
1.0406,5747,Render,Thumb_IP,-17.880130,1.016498,20.721690,-0.155378,0.173331,-0.045601,-0.971460
1.0406,5747,Render,Thumb_FingerTip,-17.853460,1.017488,20.731690,-0.155378,0.173331,-0.045601,-0.971460
1.0406,5747,Render,Index_MCP,-17.884740,1.002411,20.663670,0.573206,0.172109,-0.037343,-0.800262
1.0406,5747,Render,Index_PIP,-17.840820,1.014450,20.674560,0.557749,0.217031,0.026247,-0.800703
1.0406,5747,Render,Index_DIP,-17.817340,1.019643,20.684350,0.540830,0.256299,0.083348,-0.796786
1.0406,5747,Render,Index_FingerTip,-17.794350,1.023528,20.697760,0.540830,0.256299,0.083348,-0.796786
1.0406,5747,Render,Middle_MCP,-17.875420,0.977881,20.655670,0.618806,0.127610,-0.121235,-0.765570
1.0406,5747,Render,Middle_PIP,-17.825890,0.996023,20.658070,0.578984,0.252948,0.039875,-0.774084
1.0406,5747,Render,Middle_DIP,-17.801810,1.002431,20.670210,0.521625,0.356528,0.183597,-0.753052
1.0406,5747,Render,Middle_FingerTip,-17.782610,1.005132,20.690820,0.521625,0.356528,0.183597,-0.753052
1.0406,5747,Render,Ring_MCP,-17.870370,0.953942,20.653300,0.636182,0.139559,-0.118908,-0.749438
1.0406,5747,Render,Ring_PIP,-17.826970,0.970500,20.655990,0.591577,0.272472,0.044230,-0.757522
1.0406,5747,Render,Ring_DIP,-17.804640,0.977227,20.668250,0.527911,0.381464,0.189517,-0.734765
1.0406,5747,Render,Ring_FingerTip,-17.788200,0.980433,20.687870,0.527911,0.381464,0.189517,-0.734765
1.0406,5747,Render,Pinky_MCP,-17.870200,0.931585,20.654050,0.647956,0.145409,-0.119866,-0.737999
1.0406,5747,Render,Pinky_PIP,-17.833620,0.945970,20.656380,0.601827,0.280705,0.040846,-0.746553
1.0406,5747,Render,Pinky_DIP,-17.818230,0.951049,20.664970,0.536380,0.391520,0.184081,-0.724654
1.0406,5747,Render,Pinky_FingerTip,-17.806240,0.953984,20.679620,0.536380,0.391520,0.184081,-0.724654
1.0551,5748,Real,Wrist,-17.979070,0.928812,20.668980,0.623400,0.007323,-0.251642,-0.740267
1.0551,5748,Real,Thumb_CMC,-17.955970,0.970121,20.669330,-0.156694,0.160548,-0.312591,-0.923016
1.0551,5748,Real,Thumb_MCP,-17.922910,0.993251,20.686650,-0.175916,0.139219,-0.192141,-0.955382
1.0551,5748,Real,Thumb_IP,-17.879400,1.008850,20.703000,-0.203073,0.095340,0.031243,-0.974010
1.0551,5748,Real,Thumb_FingerTip,-17.851470,1.006012,20.707930,-0.203073,0.095340,0.031243,-0.974010
1.0551,5748,Real,Index_MCP,-17.891920,1.000039,20.647680,0.573314,0.141544,-0.055610,-0.805099
1.0551,5748,Real,Index_PIP,-17.847260,1.011832,20.655360,0.560282,0.186570,0.008421,-0.806973
1.0551,5748,Real,Index_DIP,-17.823120,1.016906,20.663430,0.545531,0.226097,0.066015,-0.804313
1.0551,5748,Real,Index_FingerTip,-17.799200,1.020685,20.675150,0.545531,0.226097,0.066015,-0.804313
1.0551,5748,Real,Middle_MCP,-17.883360,0.975427,20.639120,0.598915,0.173154,-0.045313,-0.780555
1.0551,5748,Real,Middle_PIP,-17.833930,0.990114,20.650530,0.550311,0.292985,0.116689,-0.773112
1.0551,5748,Real,Middle_DIP,-17.811720,0.994052,20.666640,0.486243,0.390192,0.258395,-0.737937
1.0551,5748,Real,Middle_FingerTip,-17.795820,0.993998,20.690060,0.486243,0.390192,0.258395,-0.737937
1.0551,5748,Real,Ring_MCP,-17.878630,0.951450,20.636470,0.611041,0.199277,-0.031163,-0.765472
1.0551,5748,Real,Ring_PIP,-17.835880,0.965003,20.648900,0.552748,0.327952,0.136815,-0.753790
1.0551,5748,Real,Ring_DIP,-17.816190,0.969120,20.665910,0.477346,0.430376,0.282571,-0.712090
1.0551,5748,Real,Ring_FingerTip,-17.804070,0.969338,20.688680,0.477346,0.430376,0.282571,-0.712090
1.0551,5748,Real,Pinky_MCP,-17.878530,0.929094,20.637280,0.621768,0.207101,-0.034171,-0.754550
1.0551,5748,Real,Pinky_PIP,-17.842630,0.941264,20.647920,0.561507,0.337930,0.131494,-0.743790
1.0551,5748,Real,Pinky_DIP,-17.829110,0.944638,20.659850,0.483968,0.441884,0.275384,-0.703333
1.0551,5748,Real,Pinky_FingerTip,-17.820340,0.945410,20.676860,0.483968,0.441884,0.275384,-0.703333
1.0551,5748,Virtual,Wrist,-17.975890,0.929638,20.673890,0.627073,0.022099,-0.240827,-0.740469
1.0551,5748,Virtual,Thumb_CMC,-17.952920,0.970996,20.675200,-0.152144,0.177890,-0.316300,-0.919327
1.0551,5748,Virtual,Thumb_MCP,-17.920580,0.994156,20.693790,-0.173619,0.157001,-0.196290,-0.952196
1.0551,5748,Virtual,Thumb_IP,-17.877740,1.009812,20.711790,-0.204900,0.113177,0.026476,-0.971857
1.0551,5748,Virtual,Thumb_FingerTip,-17.850010,1.007023,20.717750,-0.204900,0.113177,0.026476,-0.971857
1.0551,5748,Virtual,Index_MCP,-17.888180,1.001109,20.656010,0.573119,0.157210,-0.045673,-0.802953
1.0551,5748,Virtual,Index_PIP,-17.843870,1.012982,20.665380,0.558844,0.202172,0.018157,-0.804046
1.0551,5748,Virtual,Index_DIP,-17.820050,1.018089,20.674350,0.542983,0.241556,0.075517,-0.800698
1.0551,5748,Virtual,Index_FingerTip,-17.796590,1.021893,20.686960,0.542983,0.241556,0.075517,-0.800698
1.0551,5748,Virtual,Middle_MCP,-17.879240,0.976536,20.647720,0.598518,0.188374,-0.034835,-0.777868
1.0551,5748,Virtual,Middle_PIP,-17.830310,0.991306,20.660990,0.546782,0.307796,0.126387,-0.768322
1.0551,5748,Virtual,Middle_DIP,-17.808730,0.995252,20.677940,0.480022,0.404089,0.267033,-0.731427
1.0551,5748,Virtual,Middle_FingerTip,-17.793710,0.995176,20.701920,0.480022,0.404089,0.267033,-0.731427
1.0551,5748,Virtual,Ring_MCP,-17.874370,0.952577,20.645200,0.610367,0.214209,-0.020413,-0.762332
1.0551,5748,Virtual,Ring_PIP,-17.832140,0.966194,20.659230,0.548828,0.342376,0.146619,-0.748378
1.0551,5748,Virtual,Ring_DIP,-17.813100,0.970313,20.676970,0.470662,0.443746,0.291117,-0.704853
1.0551,5748,Virtual,Ring_FingerTip,-17.801840,0.970502,20.700180,0.470662,0.443746,0.291117,-0.704853
1.0551,5748,Virtual,Pinky_MCP,-17.874250,0.930219,20.645960,0.621153,0.221844,-0.023200,-0.751277
1.0551,5748,Virtual,Pinky_PIP,-17.838790,0.942443,20.657940,0.557685,0.352183,0.141485,-0.738198
1.0551,5748,Virtual,Pinky_DIP,-17.825740,0.945817,20.670380,0.477415,0.455105,0.284078,-0.695884
1.0551,5748,Virtual,Pinky_FingerTip,-17.817600,0.946567,20.687710,0.477415,0.455105,0.284078,-0.695884
1.0551,5748,Render,Wrist,-17.975890,0.929638,20.673890,0.627073,0.022099,-0.240827,-0.740469
1.0551,5748,Render,Thumb_CMC,-17.952920,0.970996,20.675200,-0.101819,0.195794,-0.328741,-0.918274
1.0551,5748,Render,Thumb_MCP,-17.921870,0.995757,20.693920,-0.121280,0.184374,-0.233255,-0.947043
1.0551,5748,Render,Thumb_IP,-17.881510,1.015226,20.713820,-0.155384,0.156712,-0.041132,-0.974477
1.0551,5748,Render,Thumb_FingerTip,-17.854500,1.016122,20.722890,-0.155384,0.156712,-0.041132,-0.974477
1.0551,5748,Render,Index_MCP,-17.888180,1.001109,20.656010,0.573119,0.157210,-0.045673,-0.802953
1.0551,5748,Render,Index_PIP,-17.843870,1.012982,20.665380,0.558844,0.202172,0.018157,-0.804046
1.0551,5748,Render,Index_DIP,-17.820050,1.018089,20.674350,0.542983,0.241556,0.075517,-0.800698
1.0551,5748,Render,Index_FingerTip,-17.796590,1.021893,20.686960,0.542983,0.241556,0.075517,-0.800698
1.0551,5748,Render,Middle_MCP,-17.879240,0.976536,20.647720,0.617190,0.113071,-0.130566,-0.767623
1.0551,5748,Render,Middle_PIP,-17.829590,0.994492,20.648380,0.580413,0.238389,0.031172,-0.778023
1.0551,5748,Render,Middle_DIP,-17.805070,1.000818,20.659670,0.525745,0.342492,0.175781,-0.758547
1.0551,5748,Render,Middle_FingerTip,-17.785160,1.003463,20.679600,0.525745,0.342492,0.175781,-0.758547
1.0551,5748,Render,Ring_MCP,-17.874370,0.952577,20.645200,0.634620,0.125266,-0.128576,-0.751688
1.0551,5748,Render,Ring_PIP,-17.830830,0.968971,20.646370,0.593110,0.258176,0.035267,-0.761789
1.0551,5748,Render,Ring_DIP,-17.808070,0.975623,20.657830,0.532172,0.367732,0.181546,-0.740681
1.0551,5748,Render,Ring_FingerTip,-17.790940,0.978783,20.676870,0.532172,0.367732,0.181546,-0.740681
1.0551,5748,Render,Pinky_MCP,-17.874250,0.930219,20.645960,0.646381,0.131291,-0.129763,-0.740349
1.0551,5748,Render,Pinky_PIP,-17.837560,0.944467,20.647010,0.603309,0.266578,0.031681,-0.750967
1.0551,5748,Render,Pinky_DIP,-17.821860,0.949495,20.655050,0.540560,0.377943,0.175940,-0.730753
1.0551,5748,Render,Pinky_FingerTip,-17.809360,0.952396,20.669280,0.540560,0.377943,0.175940,-0.730753
1.0689,5749,Real,Wrist,-17.981890,0.927667,20.663930,0.617814,-0.008946,-0.262253,-0.741249
1.0689,5749,Real,Thumb_CMC,-17.958600,0.968860,20.663400,-0.163541,0.143113,-0.306738,-0.926653
1.0689,5749,Real,Thumb_MCP,-17.924750,0.991767,20.679450,-0.180465,0.121076,-0.185993,-0.958217
1.0689,5749,Real,Thumb_IP,-17.880550,1.007101,20.694120,-0.203338,0.076684,0.037652,-0.975375
1.0689,5749,Real,Thumb_FingerTip,-17.852460,1.004119,20.697950,-0.203338,0.076684,0.037652,-0.975375
1.0689,5749,Real,Index_MCP,-17.895320,0.998487,20.639230,0.571942,0.124084,-0.064840,-0.808258
1.0689,5749,Real,Index_PIP,-17.850320,1.010042,20.645150,0.560359,0.168857,-0.000818,-0.810854
1.0689,5749,Real,Index_DIP,-17.825850,1.014988,20.652230,0.546940,0.208259,0.056818,-0.808862
1.0689,5749,Real,Index_FingerTip,-17.801460,1.018644,20.662970,0.546940,0.208259,0.056818,-0.808862
1.0689,5749,Real,Middle_MCP,-17.887220,0.973843,20.630310,0.597832,0.156111,-0.055112,-0.784340
1.0689,5749,Real,Middle_PIP,-17.837310,0.988265,20.639760,0.552802,0.276014,0.107781,-0.778852
1.0689,5749,Real,Middle_DIP,-17.814460,0.992070,20.654980,0.491889,0.373923,0.250622,-0.745262
1.0689,5749,Real,Middle_FingerTip,-17.797630,0.991909,20.677730,0.491889,0.373923,0.250622,-0.745262
1.0689,5749,Real,Ring_MCP,-17.882730,0.949846,20.627450,0.610305,0.182506,-0.041221,-0.769754
1.0689,5749,Real,Ring_PIP,-17.839450,0.963166,20.638180,0.555742,0.311337,0.127815,-0.760186
1.0689,5749,Real,Ring_DIP,-17.819070,0.967163,20.654390,0.483612,0.414608,0.274903,-0.720172
1.0689,5749,Real,Ring_FingerTip,-17.806040,0.967294,20.676660,0.483612,0.414608,0.274903,-0.720172
1.0689,5749,Real,Pinky_MCP,-17.882710,0.927489,20.628230,0.620993,0.190525,-0.044470,-0.759006
1.0689,5749,Real,Pinky_PIP,-17.846360,0.939464,20.637440,0.564422,0.321496,0.122298,-0.750407
1.0689,5749,Real,Pinky_DIP,-17.832350,0.942754,20.648820,0.490124,0.426276,0.267570,-0.711670
1.0689,5749,Real,Pinky_FingerTip,-17.822900,0.943463,20.665470,0.490124,0.426276,0.267570,-0.711670
1.0689,5749,Virtual,Wrist,-17.979080,0.928812,20.668980,0.623400,0.007323,-0.251642,-0.740267
1.0689,5749,Virtual,Thumb_CMC,-17.955980,0.970121,20.669330,-0.157174,0.161098,-0.312351,-0.922920
1.0689,5749,Virtual,Thumb_MCP,-17.922910,0.993214,20.686700,-0.176444,0.139726,-0.192036,-0.955231
1.0689,5749,Virtual,Thumb_IP,-17.879410,1.008784,20.703110,-0.203681,0.095760,0.031087,-0.973847
1.0689,5749,Virtual,Thumb_FingerTip,-17.851500,1.005947,20.708070,-0.203681,0.095760,0.031087,-0.973847
1.0689,5749,Virtual,Index_MCP,-17.891930,1.000039,20.647680,0.573283,0.141670,-0.055434,-0.805111
1.0689,5749,Virtual,Index_PIP,-17.847270,1.011825,20.655380,0.560307,0.186494,0.008310,-0.806975
1.0689,5749,Virtual,Index_DIP,-17.823120,1.016901,20.663440,0.545634,0.225847,0.065647,-0.804343
1.0689,5749,Virtual,Index_FingerTip,-17.799200,1.020691,20.675140,0.545634,0.225847,0.065647,-0.804343
1.0689,5749,Virtual,Middle_MCP,-17.883360,0.975426,20.639120,0.598878,0.173280,-0.045148,-0.780564
1.0689,5749,Virtual,Middle_PIP,-17.833940,0.990108,20.650550,0.550286,0.293030,0.116753,-0.773103
1.0689,5749,Virtual,Middle_DIP,-17.811740,0.994043,20.666670,0.486256,0.390176,0.258370,-0.737946
1.0689,5749,Virtual,Middle_FingerTip,-17.795830,0.993990,20.690080,0.486256,0.390176,0.258370,-0.737946
1.0689,5749,Virtual,Ring_MCP,-17.878640,0.951449,20.636470,0.610996,0.199416,-0.030988,-0.765479
1.0689,5749,Virtual,Ring_PIP,-17.835890,0.964997,20.648920,0.552725,0.327990,0.136868,-0.753780
1.0689,5749,Virtual,Ring_DIP,-17.816200,0.969113,20.665930,0.477377,0.430341,0.282519,-0.712110
1.0689,5749,Virtual,Ring_FingerTip,-17.804080,0.969333,20.688710,0.477377,0.430341,0.282519,-0.712110
1.0689,5749,Virtual,Pinky_MCP,-17.878540,0.929094,20.637290,0.621721,0.207243,-0.033999,-0.754558
1.0689,5749,Virtual,Pinky_PIP,-17.842640,0.941260,20.647940,0.561483,0.337969,0.131546,-0.743781
1.0689,5749,Virtual,Pinky_DIP,-17.829120,0.944632,20.659870,0.484000,0.441849,0.275333,-0.703353
1.0689,5749,Virtual,Pinky_FingerTip,-17.820350,0.945406,20.676880,0.484000,0.441849,0.275333,-0.703353
1.0689,5749,Render,Wrist,-17.979080,0.928812,20.668980,0.623400,0.007323,-0.251642,-0.740267
1.0689,5749,Render,Thumb_CMC,-17.955980,0.970121,20.669330,-0.106590,0.178396,-0.325990,-0.922250
1.0689,5749,Render,Thumb_MCP,-17.924200,0.994854,20.686830,-0.124249,0.166580,-0.230112,-0.950717
1.0689,5749,Render,Thumb_IP,-17.883080,1.014277,20.705170,-0.154771,0.138682,-0.037324,-0.977456
1.0689,5749,Render,Thumb_FingerTip,-17.855750,1.015133,20.713220,-0.154771,0.138682,-0.037324,-0.977456
1.0689,5749,Render,Index_MCP,-17.891930,1.000039,20.647680,0.573314,0.141544,-0.055610,-0.805099
1.0689,5749,Render,Index_PIP,-17.847270,1.011832,20.655370,0.560281,0.186570,0.008421,-0.806973
1.0689,5749,Render,Index_DIP,-17.823120,1.016906,20.663430,0.545531,0.226097,0.066015,-0.804313
1.0689,5749,Render,Index_FingerTip,-17.799210,1.020685,20.675150,0.545531,0.226097,0.066015,-0.804313
1.0689,5749,Render,Middle_MCP,-17.883360,0.975426,20.639120,0.615706,0.097918,-0.141295,-0.768996
1.0689,5749,Render,Middle_PIP,-17.833680,0.993269,20.637890,0.582098,0.223257,0.020959,-0.781588
1.0689,5749,Render,Middle_DIP,-17.808740,0.999565,20.648240,0.530224,0.327939,0.166413,-0.763954
1.0689,5749,Render,Middle_FingerTip,-17.788100,1.002211,20.667410,0.530224,0.327939,0.166413,-0.763954
1.0689,5749,Render,Ring_MCP,-17.878640,0.951449,20.636470,0.633164,0.110390,-0.139663,-0.753268
1.0689,5749,Render,Ring_PIP,-17.835050,0.967746,20.635980,0.594871,0.243332,0.024776,-0.765705
1.0689,5749,Render,Ring_DIP,-17.811860,0.974373,20.646580,0.536764,0.353507,0.172006,-0.746547
1.0689,5749,Render,Ring_FingerTip,-17.794030,0.977538,20.664960,0.536764,0.353507,0.172006,-0.746547
1.0689,5749,Render,Pinky_MCP,-17.878540,0.929094,20.637290,0.644894,0.116610,-0.141088,-0.742030
1.0689,5749,Render,Pinky_PIP,-17.841810,0.943259,20.636930,0.604999,0.251918,0.020978,-0.755032
1.0689,5749,Render,Pinky_DIP,-17.825810,0.948270,20.644380,0.545045,0.363885,0.166222,-0.736807
1.0689,5749,Render,Pinky_FingerTip,-17.812780,0.951177,20.658120,0.545045,0.363885,0.166222,-0.736807
1.0845,5750,Real,Wrist,-17.985060,0.926487,20.658960,0.612454,-0.024586,-0.271728,-0.741930
1.0845,5750,Real,Thumb_CMC,-17.961560,0.967547,20.657580,-0.169231,0.126206,-0.300891,-0.929999
1.0845,5750,Real,Thumb_MCP,-17.927000,0.990246,20.672360,-0.183951,0.103581,-0.179767,-0.960790
1.0845,5750,Real,Thumb_IP,-17.882190,1.005314,20.685360,-0.202739,0.058856,0.044301,-0.976458
1.0845,5750,Real,Thumb_FingerTip,-17.854000,1.002169,20.688130,-0.202739,0.058856,0.044301,-0.976458
1.0845,5750,Real,Index_MCP,-17.899070,0.996832,20.631060,0.570667,0.107214,-0.073245,-0.810851
1.0845,5750,Real,Index_PIP,-17.853820,1.008125,20.635280,0.560420,0.151939,-0.008992,-0.814103
1.0845,5750,Real,Index_DIP,-17.829070,1.012925,20.641450,0.548203,0.191388,0.048896,-0.812683
1.0845,5750,Real,Index_FingerTip,-17.804270,1.016432,20.651260,0.548203,0.191388,0.048896,-0.812683
1.0845,5750,Real,Middle_MCP,-17.891460,0.972150,20.621820,0.596836,0.139608,-0.064063,-0.787523
1.0845,5750,Real,Middle_PIP,-17.841150,0.986279,20.629400,0.555230,0.259660,0.099679,-0.783812
1.0845,5750,Real,Middle_DIP,-17.817710,0.989940,20.643750,0.497314,0.358305,0.243582,-0.751641
1.0845,5750,Real,Middle_FingerTip,-17.800040,0.989663,20.665850,0.497314,0.358305,0.243582,-0.751641
1.0845,5750,Real,Ring_MCP,-17.887210,0.948131,20.618780,0.609650,0.166232,-0.050442,-0.773402
1.0845,5750,Real,Ring_PIP,-17.843490,0.961194,20.627880,0.558656,0.295313,0.119613,-0.765759
1.0845,5750,Real,Ring_DIP,-17.822490,0.965060,20.643320,0.489622,0.399470,0.267958,-0.727250
1.0845,5750,Real,Ring_FingerTip,-17.808630,0.965097,20.665080,0.489622,0.399470,0.267958,-0.727250
1.0845,5750,Real,Pinky_MCP,-17.887290,0.925773,20.619550,0.620302,0.174423,-0.053919,-0.762821
1.0845,5750,Real,Pinky_PIP,-17.850550,0.937532,20.627390,0.567263,0.305632,0.113910,-0.756192
1.0845,5750,Real,Pinky_DIP,-17.836110,0.940733,20.638240,0.496031,0.411281,0.260484,-0.718993
1.0845,5750,Real,Pinky_FingerTip,-17.826030,0.941373,20.654520,0.496031,0.411281,0.260484,-0.718993
1.0845,5750,Virtual,Wrist,-17.985060,0.926487,20.658970,0.612454,-0.024586,-0.271729,-0.741930
1.0845,5750,Virtual,Thumb_CMC,-17.961560,0.967547,20.657590,-0.169231,0.126206,-0.300891,-0.929999
1.0845,5750,Virtual,Thumb_MCP,-17.927000,0.990246,20.672370,-0.183951,0.103581,-0.179767,-0.960790
1.0845,5750,Virtual,Thumb_IP,-17.882190,1.005314,20.685370,-0.202739,0.058855,0.044301,-0.976458
1.0845,5750,Virtual,Thumb_FingerTip,-17.854000,1.002169,20.688130,-0.202739,0.058855,0.044301,-0.976458
1.0845,5750,Virtual,Index_MCP,-17.899080,0.996832,20.631060,0.570667,0.107214,-0.073245,-0.810851
1.0845,5750,Virtual,Index_PIP,-17.853830,1.008125,20.635290,0.560420,0.151939,-0.008992,-0.814103
1.0845,5750,Virtual,Index_DIP,-17.829070,1.012925,20.641450,0.548203,0.191388,0.048895,-0.812683
1.0845,5750,Virtual,Index_FingerTip,-17.804270,1.016432,20.651260,0.548203,0.191388,0.048895,-0.812683
1.0845,5750,Virtual,Middle_MCP,-17.891460,0.972150,20.621830,0.596836,0.139608,-0.064064,-0.787523
1.0845,5750,Virtual,Middle_PIP,-17.841150,0.986278,20.629400,0.555230,0.259660,0.099678,-0.783812
1.0845,5750,Virtual,Middle_DIP,-17.817720,0.989940,20.643750,0.497314,0.358305,0.243582,-0.751641
1.0845,5750,Virtual,Middle_FingerTip,-17.800050,0.989663,20.665850,0.497314,0.358305,0.243582,-0.751641
1.0845,5750,Virtual,Ring_MCP,-17.887220,0.948131,20.618790,0.609650,0.166232,-0.050442,-0.773402
1.0845,5750,Virtual,Ring_PIP,-17.843490,0.961194,20.627890,0.558656,0.295313,0.119612,-0.765759
1.0845,5750,Virtual,Ring_DIP,-17.822490,0.965060,20.643320,0.489622,0.399470,0.267958,-0.727250
1.0845,5750,Virtual,Ring_FingerTip,-17.808630,0.965097,20.665080,0.489622,0.399470,0.267958,-0.727250
1.0845,5750,Virtual,Pinky_MCP,-17.887300,0.925773,20.619550,0.620302,0.174423,-0.053919,-0.762820
1.0845,5750,Virtual,Pinky_PIP,-17.850550,0.937532,20.627400,0.567263,0.305632,0.113910,-0.756192
1.0845,5750,Virtual,Pinky_DIP,-17.836110,0.940732,20.638240,0.496031,0.411281,0.260484,-0.718993
1.0845,5750,Virtual,Pinky_FingerTip,-17.826030,0.941373,20.654530,0.496031,0.411281,0.260484,-0.718993
1.0845,5750,Render,Wrist,-17.981900,0.927667,20.663940,0.617813,-0.008946,-0.262253,-0.741249
1.0845,5750,Render,Thumb_CMC,-17.958600,0.968860,20.663410,-0.113165,0.161017,-0.321262,-0.926315
1.0845,5750,Render,Thumb_MCP,-17.926030,0.993395,20.679700,-0.129015,0.148620,-0.224994,-0.954277
1.0845,5750,Render,Thumb_IP,-17.884130,1.012569,20.696450,-0.155886,0.120134,-0.031602,-0.979933
1.0845,5750,Render,Thumb_FingerTip,-17.856510,1.013267,20.703450,-0.155886,0.120134,-0.031602,-0.979933
1.0845,5750,Render,Index_MCP,-17.895320,0.998487,20.639240,0.571942,0.124084,-0.064841,-0.808258
1.0845,5750,Render,Index_PIP,-17.850330,1.010042,20.645160,0.560359,0.168857,-0.000818,-0.810855
1.0845,5750,Render,Index_DIP,-17.825850,1.014989,20.652240,0.546939,0.208259,0.056817,-0.808862
1.0845,5750,Render,Index_FingerTip,-17.801460,1.018645,20.662980,0.546939,0.208259,0.056817,-0.808862
1.0845,5750,Render,Middle_MCP,-17.887220,0.973844,20.630320,0.612545,0.081010,-0.151651,-0.771511
1.0845,5750,Render,Middle_PIP,-17.837540,0.991441,20.627110,0.582505,0.206061,0.011348,-0.786192
1.0845,5750,Render,Middle_DIP,-17.812180,0.997601,20.636450,0.533833,0.311121,0.157830,-0.770271
1.0845,5750,Render,Middle_FingerTip,-17.790770,1.000120,20.654790,0.533833,0.311121,0.157830,-0.770271
1.0845,5750,Render,Ring_MCP,-17.882730,0.949847,20.627460,0.630072,0.093750,-0.150401,-0.756042
1.0845,5750,Render,Ring_PIP,-17.839110,0.965928,20.625230,0.595412,0.226417,0.014880,-0.770713
1.0845,5750,Render,Ring_DIP,-17.815490,0.972426,20.634900,0.540557,0.337013,0.163262,-0.753370
1.0845,5750,Render,Ring_FingerTip,-17.796920,0.975480,20.652550,0.540557,0.337013,0.163262,-0.753370
1.0845,5750,Render,Pinky_MCP,-17.882710,0.927490,20.628240,0.641794,0.100166,-0.152086,-0.744942
1.0845,5750,Render,Pinky_PIP,-17.845950,0.941473,20.626430,0.605489,0.235192,0.010858,-0.760230
1.0845,5750,Render,Pinky_DIP,-17.829640,0.946395,20.633230,0.548752,0.347568,0.157295,-0.743859
1.0845,5750,Render,Pinky_FingerTip,-17.816060,0.949220,20.646440,0.548752,0.347568,0.157295,-0.743859
1.0971,5751,Real,Wrist,-17.985060,0.926487,20.658960,0.612454,-0.024586,-0.271728,-0.741930
1.0971,5751,Real,Thumb_CMC,-17.961560,0.967547,20.657580,-0.169231,0.126206,-0.300891,-0.929999
1.0971,5751,Real,Thumb_MCP,-17.927000,0.990246,20.672360,-0.183951,0.103581,-0.179767,-0.960790
1.0971,5751,Real,Thumb_IP,-17.882190,1.005314,20.685360,-0.202739,0.058856,0.044301,-0.976458
1.0971,5751,Real,Thumb_FingerTip,-17.854000,1.002169,20.688130,-0.202739,0.058856,0.044301,-0.976458
1.0971,5751,Real,Index_MCP,-17.899070,0.996832,20.631060,0.570667,0.107214,-0.073245,-0.810851
1.0971,5751,Real,Index_PIP,-17.853820,1.008125,20.635280,0.560420,0.151939,-0.008992,-0.814103
1.0971,5751,Real,Index_DIP,-17.829070,1.012925,20.641450,0.548203,0.191388,0.048896,-0.812683
1.0971,5751,Real,Index_FingerTip,-17.804270,1.016432,20.651260,0.548203,0.191388,0.048896,-0.812683
1.0971,5751,Real,Middle_MCP,-17.891460,0.972150,20.621820,0.596836,0.139608,-0.064063,-0.787523
1.0971,5751,Real,Middle_PIP,-17.841150,0.986279,20.629400,0.555230,0.259660,0.099679,-0.783812
1.0971,5751,Real,Middle_DIP,-17.817710,0.989940,20.643750,0.497314,0.358305,0.243582,-0.751641
1.0971,5751,Real,Middle_FingerTip,-17.800040,0.989663,20.665850,0.497314,0.358305,0.243582,-0.751641
1.0971,5751,Real,Ring_MCP,-17.887210,0.948131,20.618780,0.609650,0.166232,-0.050442,-0.773402
1.0971,5751,Real,Ring_PIP,-17.843490,0.961194,20.627880,0.558656,0.295313,0.119613,-0.765759
1.0971,5751,Real,Ring_DIP,-17.822490,0.965060,20.643320,0.489622,0.399470,0.267958,-0.727250
1.0971,5751,Real,Ring_FingerTip,-17.808630,0.965097,20.665080,0.489622,0.399470,0.267958,-0.727250
1.0971,5751,Real,Pinky_MCP,-17.887290,0.925773,20.619550,0.620302,0.174423,-0.053919,-0.762821
1.0971,5751,Real,Pinky_PIP,-17.850550,0.937532,20.627390,0.567263,0.305632,0.113910,-0.756192
1.0971,5751,Real,Pinky_DIP,-17.836110,0.940733,20.638240,0.496031,0.411281,0.260484,-0.718993
1.0971,5751,Real,Pinky_FingerTip,-17.826030,0.941373,20.654520,0.496031,0.411281,0.260484,-0.718993
1.0971,5751,Virtual,Wrist,-17.985070,0.926487,20.658970,0.612453,-0.024585,-0.271729,-0.741930
1.0971,5751,Virtual,Thumb_CMC,-17.961570,0.967547,20.657580,-0.169232,0.126206,-0.300892,-0.929999
1.0971,5751,Virtual,Thumb_MCP,-17.927010,0.990246,20.672370,-0.183952,0.103581,-0.179767,-0.960790
1.0971,5751,Virtual,Thumb_IP,-17.882200,1.005314,20.685360,-0.202740,0.058855,0.044300,-0.976458
1.0971,5751,Virtual,Thumb_FingerTip,-17.854010,1.002169,20.688130,-0.202740,0.058855,0.044300,-0.976458
1.0971,5751,Virtual,Index_MCP,-17.899080,0.996832,20.631060,0.570667,0.107214,-0.073245,-0.810851
1.0971,5751,Virtual,Index_PIP,-17.853830,1.008125,20.635290,0.560420,0.151939,-0.008992,-0.814103
1.0971,5751,Virtual,Index_DIP,-17.829070,1.012925,20.641450,0.548203,0.191388,0.048895,-0.812683
1.0971,5751,Virtual,Index_FingerTip,-17.804270,1.016432,20.651260,0.548203,0.191388,0.048895,-0.812683
1.0971,5751,Virtual,Middle_MCP,-17.891460,0.972150,20.621820,0.596836,0.139609,-0.064064,-0.787523
1.0971,5751,Virtual,Middle_PIP,-17.841150,0.986278,20.629400,0.555230,0.259660,0.099678,-0.783812
1.0971,5751,Virtual,Middle_DIP,-17.817720,0.989940,20.643750,0.497314,0.358306,0.243582,-0.751641
1.0971,5751,Virtual,Middle_FingerTip,-17.800050,0.989663,20.665850,0.497314,0.358306,0.243582,-0.751641
1.0971,5751,Virtual,Ring_MCP,-17.887220,0.948131,20.618790,0.609649,0.166233,-0.050442,-0.773402
1.0971,5751,Virtual,Ring_PIP,-17.843490,0.961194,20.627880,0.558655,0.295313,0.119612,-0.765759
1.0971,5751,Virtual,Ring_DIP,-17.822500,0.965060,20.643320,0.489622,0.399470,0.267958,-0.727250
1.0971,5751,Virtual,Ring_FingerTip,-17.808630,0.965097,20.665080,0.489622,0.399470,0.267958,-0.727250
1.0971,5751,Virtual,Pinky_MCP,-17.887300,0.925773,20.619550,0.620302,0.174424,-0.053919,-0.762821
1.0971,5751,Virtual,Pinky_PIP,-17.850550,0.937532,20.627400,0.567263,0.305632,0.113909,-0.756193
1.0971,5751,Virtual,Pinky_DIP,-17.836110,0.940733,20.638240,0.496030,0.411281,0.260484,-0.718993
1.0971,5751,Virtual,Pinky_FingerTip,-17.826030,0.941373,20.654530,0.496030,0.411281,0.260484,-0.718993
1.0971,5751,Render,Wrist,-17.985070,0.926487,20.658970,0.612453,-0.024585,-0.271729,-0.741930
1.0971,5751,Render,Thumb_CMC,-17.961570,0.967547,20.657580,-0.119087,0.143975,-0.316355,-0.930059
1.0971,5751,Render,Thumb_MCP,-17.928260,0.991880,20.672650,-0.133166,0.131062,-0.219731,-0.957501
1.0971,5751,Render,Thumb_IP,-17.885650,1.010800,20.687830,-0.156479,0.102102,-0.025805,-0.982051
1.0971,5751,Render,Thumb_FingerTip,-17.857790,1.011334,20.693770,-0.156479,0.102102,-0.025805,-0.982051
1.0971,5751,Render,Index_MCP,-17.899080,0.996832,20.631060,0.570667,0.107214,-0.073245,-0.810851
1.0971,5751,Render,Index_PIP,-17.853830,1.008125,20.635290,0.560420,0.151939,-0.008992,-0.814103
1.0971,5751,Render,Index_DIP,-17.829070,1.012925,20.641450,0.548203,0.191388,0.048895,-0.812683
1.0971,5751,Render,Index_FingerTip,-17.804270,1.016432,20.651260,0.548203,0.191388,0.048895,-0.812683
1.0971,5751,Render,Middle_MCP,-17.891460,0.972150,20.621820,0.609516,0.064756,-0.160927,-0.773563
1.0971,5751,Render,Middle_PIP,-17.841830,0.989466,20.616760,0.582907,0.189533,0.002698,-0.790120
1.0971,5751,Render,Middle_DIP,-17.816110,0.995473,20.625150,0.537311,0.294959,0.150064,-0.775743
1.0971,5751,Render,Middle_FingerTip,-17.794010,0.997854,20.642660,0.537311,0.294959,0.150064,-0.775743
1.0971,5751,Render,Ring_MCP,-17.887220,0.948131,20.618790,0.627107,0.077736,-0.160047,-0.758340
1.0971,5751,Render,Ring_PIP,-17.843630,0.963964,20.614930,0.595943,0.210139,0.005949,-0.775022
1.0971,5751,Render,Ring_DIP,-17.819610,0.970319,20.623700,0.544218,0.321143,0.155331,-0.759320
1.0971,5751,Render,Ring_FingerTip,-17.800380,0.973251,20.640640,0.544218,0.321143,0.155331,-0.759320
1.0971,5751,Render,Pinky_MCP,-17.887300,0.925773,20.619550,0.638817,0.084327,-0.161982,-0.747372
1.0971,5751,Render,Pinky_PIP,-17.850560,0.939548,20.616370,0.605971,0.219083,0.001712,-0.764722
1.0971,5751,Render,Pinky_DIP,-17.833970,0.944371,20.622550,0.552332,0.331853,0.149186,-0.750031
1.0971,5751,Render,Pinky_FingerTip,-17.819880,0.947107,20.635250,0.552332,0.331853,0.149186,-0.750031
1.1107,5752,Real,Wrist,-17.990900,0.924659,20.648070,0.602259,-0.056358,-0.291396,-0.741079
1.1107,5752,Real,Thumb_CMC,-17.967180,0.965482,20.644780,-0.179029,0.090875,-0.289646,-0.935840
1.1107,5752,Real,Thumb_MCP,-17.931360,0.987859,20.656800,-0.189164,0.067281,-0.167829,-0.965155
1.1107,5752,Real,Thumb_IP,-17.885530,1.002495,20.666280,-0.199529,0.022309,0.056991,-0.977979
1.1107,5752,Real,Thumb_FingerTip,-17.857250,0.999064,20.666880,-0.199529,0.022309,0.056991,-0.977979
1.1107,5752,Real,Index_MCP,-17.906630,0.994102,20.613460,0.568847,0.073120,-0.091265,-0.814087
1.1107,5752,Real,Index_PIP,-17.861080,1.004956,20.614180,0.561298,0.117808,-0.026700,-0.818751
1.1107,5752,Real,Index_DIP,-17.835880,1.009524,20.618410,0.551505,0.157405,0.031562,-0.818579
1.1107,5752,Real,Index_FingerTip,-17.810370,1.012804,20.626280,0.551505,0.157405,0.031562,-0.818579
1.1107,5752,Real,Middle_MCP,-17.899980,0.969329,20.603730,0.595498,0.106179,-0.083365,-0.791934
1.1107,5752,Real,Middle_PIP,-17.849100,0.982980,20.607380,0.560831,0.226629,0.081639,-0.792114
1.1107,5752,Real,Middle_DIP,-17.824600,0.986441,20.619870,0.508977,0.326854,0.227346,-0.763166
1.1107,5752,Real,Middle_FingerTip,-17.805270,0.986037,20.640530,0.508977,0.326854,0.227346,-0.763166
1.1107,5752,Real,Ring_MCP,-17.896220,0.945264,20.600440,0.608942,0.133280,-0.070336,-0.778767
1.1107,5752,Real,Ring_PIP,-17.851800,0.957915,20.606110,0.565179,0.262959,0.101312,-0.775346
1.1107,5752,Real,Ring_DIP,-17.829630,0.961607,20.619870,0.502409,0.368999,0.251852,-0.740268
1.1107,5752,Real,Ring_FingerTip,-17.814140,0.961553,20.640490,0.502409,0.368999,0.251852,-0.740268
1.1107,5752,Real,Pinky_MCP,-17.896460,0.922910,20.601260,0.619483,0.141814,-0.074279,-0.768514
1.1107,5752,Real,Pinky_PIP,-17.859100,0.934322,20.606220,0.573603,0.273587,0.095226,-0.766200
1.1107,5752,Real,Pinky_DIP,-17.843840,0.937403,20.615920,0.508577,0.381076,0.244086,-0.732497
1.1107,5752,Real,Pinky_FingerTip,-17.832530,0.937979,20.631370,0.508577,0.381076,0.244086,-0.732497
1.1107,5752,Virtual,Wrist,-17.985070,0.926487,20.658970,0.612453,-0.024585,-0.271729,-0.741930
1.1107,5752,Virtual,Thumb_CMC,-17.961570,0.967547,20.657580,-0.169250,0.126197,-0.300778,-0.930033
1.1107,5752,Virtual,Thumb_MCP,-17.927000,0.990237,20.672360,-0.183974,0.103562,-0.179611,-0.960817
1.1107,5752,Virtual,Thumb_IP,-17.882180,1.005292,20.685360,-0.202761,0.058817,0.044530,-0.976446
1.1107,5752,Virtual,Thumb_FingerTip,-17.853990,1.002134,20.688120,-0.202761,0.058817,0.044530,-0.976446
1.1107,5752,Virtual,Index_MCP,-17.899080,0.996832,20.631060,0.570667,0.107214,-0.073245,-0.810851
1.1107,5752,Virtual,Index_PIP,-17.853830,1.008125,20.635290,0.560420,0.151939,-0.008992,-0.814103
1.1107,5752,Virtual,Index_DIP,-17.829070,1.012925,20.641450,0.548203,0.191388,0.048895,-0.812683
1.1107,5752,Virtual,Index_FingerTip,-17.804270,1.016432,20.651260,0.548203,0.191388,0.048895,-0.812683
1.1107,5752,Virtual,Middle_MCP,-17.891460,0.972150,20.621820,0.596857,0.139519,-0.064183,-0.787513
1.1107,5752,Virtual,Middle_PIP,-17.841150,0.986283,20.629390,0.555289,0.259533,0.099499,-0.783835
1.1107,5752,Virtual,Middle_DIP,-17.817710,0.989949,20.643730,0.497421,0.358157,0.243357,-0.751714
1.1107,5752,Virtual,Middle_FingerTip,-17.800020,0.989678,20.665810,0.497421,0.358157,0.243357,-0.751714
1.1107,5752,Virtual,Ring_MCP,-17.887220,0.948131,20.618790,0.609673,0.166145,-0.050553,-0.773395
1.1107,5752,Virtual,Ring_PIP,-17.843490,0.961197,20.627880,0.558720,0.295192,0.119446,-0.765785
1.1107,5752,Virtual,Ring_DIP,-17.822490,0.965068,20.643300,0.489735,0.399331,0.267751,-0.727327
1.1107,5752,Virtual,Ring_FingerTip,-17.808620,0.965110,20.665050,0.489735,0.399331,0.267751,-0.727327
1.1107,5752,Virtual,Pinky_MCP,-17.887300,0.925773,20.619550,0.620327,0.174335,-0.054029,-0.762813
1.1107,5752,Virtual,Pinky_PIP,-17.850550,0.937534,20.627380,0.567329,0.305509,0.113745,-0.756217
1.1107,5752,Virtual,Pinky_DIP,-17.836110,0.940738,20.638230,0.496147,0.411140,0.260279,-0.719067
1.1107,5752,Virtual,Pinky_FingerTip,-17.826020,0.941382,20.654500,0.496147,0.411140,0.260279,-0.719067
1.1107,5752,Render,Wrist,-17.985070,0.926487,20.658970,0.612453,-0.024585,-0.271729,-0.741930
1.1107,5752,Render,Thumb_CMC,-17.961570,0.967547,20.657580,-0.119087,0.143975,-0.316355,-0.930059
1.1107,5752,Render,Thumb_MCP,-17.928260,0.991880,20.672650,-0.133166,0.131062,-0.219731,-0.957501
1.1107,5752,Render,Thumb_IP,-17.885650,1.010800,20.687830,-0.156479,0.102102,-0.025805,-0.982051
1.1107,5752,Render,Thumb_FingerTip,-17.857790,1.011334,20.693770,-0.156479,0.102102,-0.025805,-0.982051
1.1107,5752,Render,Index_MCP,-17.899080,0.996832,20.631060,0.570667,0.107214,-0.073245,-0.810851
1.1107,5752,Render,Index_PIP,-17.853830,1.008125,20.635290,0.560420,0.151939,-0.008992,-0.814103
1.1107,5752,Render,Index_DIP,-17.829070,1.012925,20.641450,0.548203,0.191388,0.048895,-0.812683
1.1107,5752,Render,Index_FingerTip,-17.804270,1.016432,20.651260,0.548203,0.191388,0.048895,-0.812683
1.1107,5752,Render,Middle_MCP,-17.891460,0.972150,20.621820,0.609516,0.064756,-0.160927,-0.773563
1.1107,5752,Render,Middle_PIP,-17.841830,0.989466,20.616760,0.582907,0.189533,0.002698,-0.790120
1.1107,5752,Render,Middle_DIP,-17.816110,0.995473,20.625150,0.537311,0.294959,0.150064,-0.775743
1.1107,5752,Render,Middle_FingerTip,-17.794010,0.997854,20.642660,0.537311,0.294959,0.150064,-0.775743
1.1107,5752,Render,Ring_MCP,-17.887220,0.948131,20.618790,0.627107,0.077736,-0.160047,-0.758340
1.1107,5752,Render,Ring_PIP,-17.843630,0.963964,20.614930,0.595943,0.210139,0.005949,-0.775022
1.1107,5752,Render,Ring_DIP,-17.819610,0.970319,20.623700,0.544218,0.321143,0.155331,-0.759320
1.1107,5752,Render,Ring_FingerTip,-17.800380,0.973251,20.640640,0.544218,0.321143,0.155331,-0.759320
1.1107,5752,Render,Pinky_MCP,-17.887300,0.925773,20.619550,0.638817,0.084327,-0.161982,-0.747372
1.1107,5752,Render,Pinky_PIP,-17.850560,0.939548,20.616370,0.605971,0.219083,0.001712,-0.764722
1.1107,5752,Render,Pinky_DIP,-17.833970,0.944371,20.622550,0.552332,0.331853,0.149186,-0.750031
1.1107,5752,Render,Pinky_FingerTip,-17.819880,0.947107,20.635250,0.552332,0.331853,0.149186,-0.750031
1.1245,5753,Real,Wrist,-17.993840,0.923686,20.642430,0.596295,-0.071685,-0.302395,-0.740170
1.1245,5753,Real,Thumb_CMC,-17.970170,0.964455,20.638200,-0.184628,0.072578,-0.285085,-0.937749
1.1245,5753,Real,Thumb_MCP,-17.933860,0.986756,20.648800,-0.192380,0.048426,-0.163101,-0.966459
1.1245,5753,Real,Thumb_IP,-17.887670,1.001300,20.656470,-0.198355,0.003233,0.061821,-0.978174
1.1245,5753,Real,Thumb_FingerTip,-17.859380,0.997816,20.655950,-0.198355,0.003233,0.061821,-0.978174
1.1245,5753,Real,Index_MCP,-17.910840,0.992938,20.604520,0.566995,0.056357,-0.101556,-0.815493
1.1245,5753,Real,Index_PIP,-17.865270,1.003687,20.603430,0.560774,0.100950,-0.036848,-0.820965
1.1245,5753,Real,Index_DIP,-17.839920,1.008196,20.606660,0.552181,0.140553,0.021598,-0.821508
1.1245,5753,Real,Index_FingerTip,-17.814110,1.011417,20.613520,0.552181,0.140553,0.021598,-0.821508
1.1245,5753,Real,Middle_MCP,-17.904650,0.968151,20.594530,0.593848,0.089727,-0.094328,-0.793975
1.1245,5753,Real,Middle_PIP,-17.853630,0.981688,20.596140,0.562624,0.210146,0.071270,-0.796376
1.1245,5753,Real,Middle_DIP,-17.828640,0.985096,20.607650,0.513823,0.310955,0.217894,-0.769296
1.1245,5753,Real,Middle_FingerTip,-17.808500,0.984652,20.627520,0.513823,0.310955,0.217894,-0.769296
1.1245,5753,Real,Ring_MCP,-17.901070,0.944077,20.591090,0.607566,0.117156,-0.081463,-0.781346
1.1245,5753,Real,Ring_PIP,-17.856430,0.956626,20.595000,0.567354,0.246924,0.091016,-0.780291
1.1245,5753,Real,Ring_DIP,-17.833730,0.960265,20.607880,0.507696,0.353705,0.242731,-0.747141
1.1245,5753,Real,Ring_FingerTip,-17.817430,0.960173,20.627870,0.507696,0.353705,0.242731,-0.747141
1.1245,5753,Real,Pinky_MCP,-17.901330,0.921723,20.591930,0.618036,0.125879,-0.085625,-0.771268
1.1245,5753,Real,Pinky_PIP,-17.863780,0.933050,20.595410,0.575669,0.257721,0.084755,-0.771364
1.1245,5753,Real,Pinky_DIP,-17.848140,0.936094,20.604490,0.513724,0.365926,0.234836,-0.739620
1.1245,5753,Real,Pinky_FingerTip,-17.836220,0.936642,20.619480,0.513724,0.365926,0.234836,-0.739620
1.1245,5753,Virtual,Wrist,-17.990900,0.924660,20.648080,0.602259,-0.056357,-0.291396,-0.741079
1.1245,5753,Virtual,Thumb_CMC,-17.967180,0.965483,20.644790,-0.179015,0.090885,-0.289761,-0.935806
1.1245,5753,Virtual,Thumb_MCP,-17.931370,0.987868,20.656820,-0.189148,0.067301,-0.167987,-0.965129
1.1245,5753,Virtual,Thumb_IP,-17.885550,1.002518,20.666300,-0.199517,0.022346,0.056761,-0.977994
1.1245,5753,Virtual,Thumb_FingerTip,-17.857260,0.999100,20.666900,-0.199517,0.022346,0.056761,-0.977994
1.1245,5753,Virtual,Index_MCP,-17.906630,0.994103,20.613480,0.568847,0.073120,-0.091265,-0.814087
1.1245,5753,Virtual,Index_PIP,-17.861080,1.004957,20.614190,0.561298,0.117808,-0.026700,-0.818751
1.1245,5753,Virtual,Index_DIP,-17.835880,1.009525,20.618420,0.551505,0.157406,0.031562,-0.818578
1.1245,5753,Virtual,Index_FingerTip,-17.810370,1.012805,20.626290,0.551505,0.157406,0.031562,-0.818578
1.1245,5753,Virtual,Middle_MCP,-17.899990,0.969330,20.603750,0.595514,0.106089,-0.083484,-0.791921
1.1245,5753,Virtual,Middle_PIP,-17.849110,0.982985,20.607370,0.560882,0.226501,0.081458,-0.792132
1.1245,5753,Virtual,Middle_DIP,-17.824600,0.986451,20.619850,0.509075,0.326702,0.227117,-0.763234
1.1245,5753,Virtual,Middle_FingerTip,-17.805260,0.986053,20.640510,0.509075,0.326702,0.227117,-0.763234
1.1245,5753,Virtual,Ring_MCP,-17.896220,0.945265,20.600450,0.608942,0.133280,-0.070336,-0.778767
1.1245,5753,Virtual,Ring_PIP,-17.851800,0.957916,20.606120,0.565179,0.262959,0.101312,-0.775346
1.1245,5753,Virtual,Ring_DIP,-17.829640,0.961608,20.619880,0.502409,0.368999,0.251852,-0.740268
1.1245,5753,Virtual,Ring_FingerTip,-17.814130,0.961554,20.640510,0.502409,0.368999,0.251852,-0.740268
1.1245,5753,Virtual,Pinky_MCP,-17.896460,0.922911,20.601280,0.619483,0.141814,-0.074279,-0.768513
1.1245,5753,Virtual,Pinky_PIP,-17.859100,0.934323,20.606240,0.573603,0.273587,0.095226,-0.766200
1.1245,5753,Virtual,Pinky_DIP,-17.843840,0.937404,20.615930,0.508577,0.381076,0.244086,-0.732497
1.1245,5753,Virtual,Pinky_FingerTip,-17.832530,0.937980,20.631380,0.508577,0.381076,0.244086,-0.732497
1.1245,5753,Render,Wrist,-17.990900,0.924660,20.648080,0.602259,-0.056357,-0.291396,-0.741079
1.1245,5753,Render,Thumb_CMC,-17.967180,0.965483,20.644790,-0.129414,0.108376,-0.307159,-0.936569
1.1245,5753,Render,Thumb_MCP,-17.932590,0.989516,20.657200,-0.139805,0.094595,-0.209917,-0.963038
1.1245,5753,Render,Thumb_IP,-17.888750,1.008043,20.669010,-0.155766,0.065042,-0.015089,-0.985535
1.1245,5753,Render,Thumb_FingerTip,-17.860510,1.008313,20.672800,-0.155766,0.065042,-0.015089,-0.985535
1.1245,5753,Render,Index_MCP,-17.906630,0.994103,20.613480,0.568847,0.073120,-0.091265,-0.814087
1.1245,5753,Render,Index_PIP,-17.861080,1.004957,20.614190,0.561298,0.117808,-0.026700,-0.818751
1.1245,5753,Render,Index_DIP,-17.835880,1.009525,20.618420,0.551505,0.157406,0.031562,-0.818578
1.1245,5753,Render,Index_FingerTip,-17.810370,1.012805,20.626290,0.551505,0.157406,0.031562,-0.818578
1.1245,5753,Render,Middle_MCP,-17.899990,0.969330,20.603750,0.604051,0.031839,-0.180508,-0.775581
1.1245,5753,Render,Middle_PIP,-17.850730,0.986147,20.594840,0.584375,0.156197,-0.016041,-0.796148
1.1245,5753,Render,Middle_DIP,-17.824380,0.991915,20.601220,0.544972,0.262482,0.132779,-0.785162
1.1245,5753,Render,Middle_FingerTip,-17.800980,0.994111,20.616970,0.544972,0.262482,0.132779,-0.785162
1.1245,5753,Render,Ring_MCP,-17.896220,0.945265,20.600450,0.621709,0.045309,-0.180394,-0.760844
1.1245,5753,Render,Ring_PIP,-17.852910,0.960661,20.593220,0.597609,0.177308,-0.013390,-0.781823
1.1245,5753,Render,Ring_DIP,-17.828220,0.966795,20.600110,0.552186,0.289250,0.137666,-0.769723
1.1245,5753,Render,Ring_FingerTip,-17.807720,0.969569,20.615520,0.552186,0.289250,0.137666,-0.769723
1.1245,5753,Render,Pinky_MCP,-17.896460,0.922911,20.601280,0.633356,0.052257,-0.182838,-0.750134
1.1245,5753,Render,Pinky_PIP,-17.859940,0.936317,20.595250,0.607499,0.186587,-0.018070,-0.771883
1.1245,5753,Render,Pinky_DIP,-17.842880,0.940987,20.600130,0.560100,0.300263,0.131157,-0.760873
1.1245,5753,Render,Pinky_FingerTip,-17.827830,0.943608,20.611700,0.560100,0.300263,0.131157,-0.760873
1.1392,5754,Real,Wrist,-17.996310,0.923184,20.636300,0.588977,-0.087475,-0.314378,-0.739339
1.1392,5754,Real,Thumb_CMC,-17.972780,0.963924,20.631160,-0.191066,0.052620,-0.280337,-0.939221
1.1392,5754,Real,Thumb_MCP,-17.936010,0.986164,20.640210,-0.196218,0.027811,-0.158203,-0.967314
1.1392,5754,Real,Thumb_IP,-17.889510,1.000636,20.645890,-0.197386,-0.017714,0.066784,-0.977888
1.1392,5754,Real,Thumb_FingerTip,-17.861280,0.997113,20.644150,-0.197386,-0.017714,0.066784,-0.977888
1.1392,5754,Real,Index_MCP,-17.914870,0.992382,20.595060,0.563951,0.038770,-0.112774,-0.817153
1.1392,5754,Real,Index_PIP,-17.869380,1.003060,20.592080,0.559129,0.083179,-0.047900,-0.823506
1.1392,5754,Real,Index_DIP,-17.843890,1.007522,20.594240,0.551803,0.122710,0.010754,-0.824828
1.1392,5754,Real,Index_FingerTip,-17.817820,1.010688,20.600000,0.551803,0.122710,0.010754,-0.824828
1.1392,5754,Real,Middle_MCP,-17.909150,0.967605,20.584780,0.591000,0.072558,-0.106099,-0.796365
1.1392,5754,Real,Middle_PIP,-17.858080,0.981058,20.584260,0.563374,0.192759,0.060243,-0.801140
1.1392,5754,Real,Middle_DIP,-17.832630,0.984402,20.594700,0.517788,0.294009,0.207944,-0.776025
1.1392,5754,Real,Middle_FingerTip,-17.811670,0.983885,20.613710,0.517788,0.294009,0.207944,-0.776025
1.1392,5754,Real,Ring_MCP,-17.905760,0.943533,20.581140,0.605050,0.100051,-0.093734,-0.784295
1.1392,5754,Real,Ring_PIP,-17.860970,0.956009,20.583160,0.568666,0.229597,0.079568,-0.785859
1.1392,5754,Real,Ring_DIP,-17.837740,0.959593,20.595050,0.512436,0.336905,0.232500,-0.754883
1.1392,5754,Real,Ring_FingerTip,-17.820580,0.959446,20.614330,0.512436,0.336905,0.232500,-0.754883
1.1392,5754,Real,Pinky_MCP,-17.906020,0.921178,20.581940,0.615450,0.108977,-0.098113,-0.774416
1.1392,5754,Real,Pinky_PIP,-17.868340,0.932442,20.583830,0.576869,0.240576,0.073140,-0.777172
1.1392,5754,Real,Pinky_DIP,-17.852310,0.935448,20.592240,0.518320,0.349283,0.224490,-0.747630
1.1392,5754,Real,Pinky_FingerTip,-17.839760,0.935955,20.606700,0.518320,0.349283,0.224490,-0.747630
1.1392,5754,Virtual,Wrist,-17.996320,0.923185,20.636310,0.588977,-0.087475,-0.314377,-0.739339
1.1392,5754,Virtual,Thumb_CMC,-17.972780,0.963924,20.631170,-0.191066,0.052621,-0.280336,-0.939221
1.1392,5754,Virtual,Thumb_MCP,-17.936020,0.986165,20.640220,-0.196218,0.027811,-0.158203,-0.967314
1.1392,5754,Virtual,Thumb_IP,-17.889520,1.000636,20.645900,-0.197386,-0.017714,0.066784,-0.977888
1.1392,5754,Virtual,Thumb_FingerTip,-17.861290,0.997113,20.644160,-0.197386,-0.017714,0.066784,-0.977888
1.1392,5754,Virtual,Index_MCP,-17.914880,0.992382,20.595070,0.563951,0.038771,-0.112774,-0.817153
1.1392,5754,Virtual,Index_PIP,-17.869380,1.003060,20.592080,0.559129,0.083179,-0.047900,-0.823506
1.1392,5754,Virtual,Index_DIP,-17.843900,1.007522,20.594250,0.551803,0.122710,0.010754,-0.824828
1.1392,5754,Virtual,Index_FingerTip,-17.817820,1.010688,20.600020,0.551803,0.122710,0.010754,-0.824828
1.1392,5754,Virtual,Middle_MCP,-17.909150,0.967605,20.584790,0.591000,0.072558,-0.106099,-0.796365
1.1392,5754,Virtual,Middle_PIP,-17.858090,0.981058,20.584270,0.563374,0.192759,0.060244,-0.801140
1.1392,5754,Virtual,Middle_DIP,-17.832640,0.984402,20.594710,0.517788,0.294009,0.207945,-0.776024
1.1392,5754,Virtual,Middle_FingerTip,-17.811670,0.983885,20.613720,0.517788,0.294009,0.207945,-0.776024
1.1392,5754,Virtual,Ring_MCP,-17.905770,0.943533,20.581150,0.605050,0.100051,-0.093733,-0.784295
1.1392,5754,Virtual,Ring_PIP,-17.860980,0.956009,20.583170,0.568666,0.229597,0.079568,-0.785859
1.1392,5754,Virtual,Ring_DIP,-17.837750,0.959594,20.595060,0.512436,0.336906,0.232500,-0.754883
1.1392,5754,Virtual,Ring_FingerTip,-17.820590,0.959446,20.614340,0.512436,0.336906,0.232500,-0.754883
1.1392,5754,Virtual,Pinky_MCP,-17.906020,0.921178,20.581950,0.615450,0.108977,-0.098112,-0.774416
1.1392,5754,Virtual,Pinky_PIP,-17.868340,0.932442,20.583840,0.576869,0.240576,0.073140,-0.777172
1.1392,5754,Virtual,Pinky_DIP,-17.852320,0.935449,20.592250,0.518320,0.349283,0.224490,-0.747629
1.1392,5754,Virtual,Pinky_FingerTip,-17.839770,0.935955,20.606710,0.518320,0.349283,0.224490,-0.747629
1.1392,5754,Render,Wrist,-17.993840,0.923685,20.642430,0.596295,-0.071685,-0.302395,-0.740170
1.1392,5754,Render,Thumb_CMC,-17.970180,0.964454,20.638210,-0.135361,0.089994,-0.303458,-0.938878
1.1392,5754,Render,Thumb_MCP,-17.935060,0.988406,20.649230,-0.143843,0.075701,-0.206001,-0.964957
1.1392,5754,Render,Thumb_IP,-17.890760,1.006831,20.659300,-0.155984,0.045723,-0.010870,-0.986641
1.1392,5754,Render,Thumb_FingerTip,-17.862380,1.007035,20.661970,-0.155984,0.045723,-0.010870,-0.986641
1.1392,5754,Render,Index_MCP,-17.910840,0.992938,20.604520,0.566995,0.056357,-0.101555,-0.815492
1.1392,5754,Render,Index_PIP,-17.865280,1.003687,20.603430,0.560774,0.100950,-0.036847,-0.820965
1.1392,5754,Render,Index_DIP,-17.839930,1.008196,20.606660,0.552181,0.140554,0.021598,-0.821508
1.1392,5754,Render,Index_FingerTip,-17.814110,1.011417,20.613520,0.552181,0.140554,0.021598,-0.821508
1.1392,5754,Render,Middle_MCP,-17.904650,0.968151,20.594540,0.600380,0.015807,-0.191522,-0.776282
1.1392,5754,Render,Middle_PIP,-17.855750,0.984855,20.583690,0.584103,0.139753,-0.026672,-0.799114
1.1392,5754,Render,Middle_DIP,-17.829150,0.990562,20.589020,0.547773,0.246275,0.122888,-0.790058
1.1392,5754,Render,Middle_FingerTip,-17.805140,0.992702,20.603840,0.547773,0.246275,0.122888,-0.790058
1.1392,5754,Render,Ring_MCP,-17.901070,0.944077,20.591090,0.618053,0.029545,-0.191773,-0.761815
1.1392,5754,Render,Ring_PIP,-17.858040,0.959373,20.582160,0.597411,0.161127,-0.024299,-0.785206
1.1392,5754,Render,Ring_DIP,-17.833100,0.965450,20.588060,0.555113,0.273335,0.127615,-0.775147
1.1392,5754,Render,Ring_FingerTip,-17.811990,0.968175,20.602640,0.555113,0.273335,0.127615,-0.775147
1.1392,5754,Render,Pinky_MCP,-17.901330,0.921723,20.591930,0.629657,0.036690,-0.194459,-0.751247
1.1392,5754,Render,Pinky_PIP,-17.865040,0.935046,20.584460,0.607218,0.170589,-0.029184,-0.775458
1.1392,5754,Render,Pinky_DIP,-17.847800,0.939677,20.588660,0.562910,0.284511,0.120941,-0.766524
1.1392,5754,Render,Pinky_FingerTip,-17.832300,0.942261,20.599620,0.562910,0.284511,0.120941,-0.766524
1.1531,5755,Real,Wrist,-17.998640,0.922610,20.629630,0.581039,-0.103691,-0.325057,-0.738905
1.1531,5755,Real,Thumb_CMC,-17.975160,0.963261,20.623630,-0.198104,0.033891,-0.274144,-0.940453
1.1531,5755,Real,Thumb_MCP,-17.937950,0.985314,20.631200,-0.200809,0.008337,-0.151904,-0.967746
1.1531,5755,Real,Thumb_IP,-17.891190,0.999565,20.634980,-0.197410,-0.037722,0.073016,-0.976870
1.1531,5755,Real,Thumb_FingerTip,-17.863080,0.995924,20.632060,-0.197410,-0.037722,0.073016,-0.976870
1.1531,5755,Real,Index_MCP,-17.918680,0.991574,20.585230,0.560380,0.020671,-0.122622,-0.818847
1.1531,5755,Real,Index_PIP,-17.873300,1.002063,20.580380,0.556999,0.064854,-0.057583,-0.825973
1.1531,5755,Real,Index_DIP,-17.847740,1.006407,20.581490,0.550980,0.104280,0.001271,-0.827977
1.1531,5755,Real,Index_FingerTip,-17.821420,1.009442,20.586180,0.550980,0.104280,0.001271,-0.827977
1.1531,5755,Real,Middle_MCP,-17.913500,0.966803,20.574640,0.587667,0.054814,-0.116508,-0.798792
1.1531,5755,Real,Middle_PIP,-17.862440,0.980034,20.572040,0.563768,0.174709,0.050558,-0.805659
1.1531,5755,Real,Middle_DIP,-17.836560,0.983237,20.581420,0.521527,0.276346,0.199266,-0.782263
1.1531,5755,Real,Middle_FingerTip,-17.814830,0.982571,20.599540,0.521527,0.276346,0.199266,-0.782263
1.1531,5755,Real,Ring_MCP,-17.910370,0.942727,20.570800,0.602050,0.082503,-0.104425,-0.787290
1.1531,5755,Real,Ring_PIP,-17.865490,0.955002,20.570990,0.569565,0.211817,0.069787,-0.791113
1.1531,5755,Real,Ring_DIP,-17.841760,0.958450,20.581910,0.516813,0.319649,0.223943,-0.761958
1.1531,5755,Real,Ring_FingerTip,-17.823820,0.958169,20.600460,0.516813,0.319649,0.223943,-0.761958
1.1531,5755,Real,Pinky_MCP,-17.910700,0.920372,20.571550,0.612391,0.091616,-0.109028,-0.777623
1.1531,5755,Real,Pinky_PIP,-17.872920,0.931466,20.571900,0.577670,0.222966,0.063187,-0.782683
1.1531,5755,Real,Pinky_DIP,-17.856550,0.934377,20.579640,0.522567,0.332174,0.215814,-0.754989
1.1531,5755,Real,Pinky_FingerTip,-17.843410,0.934785,20.593580,0.522567,0.332174,0.215814,-0.754989
1.1531,5755,Virtual,Wrist,-17.996320,0.923185,20.636310,0.588977,-0.087476,-0.314377,-0.739339
1.1531,5755,Virtual,Thumb_CMC,-17.972780,0.963924,20.631170,-0.191065,0.052620,-0.280336,-0.939222
1.1531,5755,Virtual,Thumb_MCP,-17.936020,0.986165,20.640220,-0.196218,0.027811,-0.158203,-0.967315
1.1531,5755,Virtual,Thumb_IP,-17.889520,1.000636,20.645900,-0.197386,-0.017714,0.066784,-0.977888
1.1531,5755,Virtual,Thumb_FingerTip,-17.861290,0.997113,20.644160,-0.197386,-0.017714,0.066784,-0.977888
1.1531,5755,Virtual,Index_MCP,-17.914880,0.992382,20.595070,0.563951,0.038770,-0.112774,-0.817153
1.1531,5755,Virtual,Index_PIP,-17.869380,1.003060,20.592080,0.559129,0.083179,-0.047900,-0.823506
1.1531,5755,Virtual,Index_DIP,-17.843900,1.007522,20.594250,0.551803,0.122710,0.010754,-0.824828
1.1531,5755,Virtual,Index_FingerTip,-17.817820,1.010688,20.600020,0.551803,0.122710,0.010754,-0.824828
1.1531,5755,Virtual,Middle_MCP,-17.909150,0.967605,20.584790,0.591000,0.072558,-0.106099,-0.796365
1.1531,5755,Virtual,Middle_PIP,-17.858090,0.981058,20.584270,0.563374,0.192759,0.060243,-0.801140
1.1531,5755,Virtual,Middle_DIP,-17.832640,0.984402,20.594710,0.517788,0.294009,0.207944,-0.776024
1.1531,5755,Virtual,Middle_FingerTip,-17.811670,0.983885,20.613720,0.517788,0.294009,0.207944,-0.776024
1.1531,5755,Virtual,Ring_MCP,-17.905770,0.943533,20.581150,0.605050,0.100051,-0.093734,-0.784295
1.1531,5755,Virtual,Ring_PIP,-17.860980,0.956009,20.583170,0.568666,0.229596,0.079568,-0.785859
1.1531,5755,Virtual,Ring_DIP,-17.837750,0.959594,20.595060,0.512436,0.336905,0.232500,-0.754883
1.1531,5755,Virtual,Ring_FingerTip,-17.820590,0.959446,20.614330,0.512436,0.336905,0.232500,-0.754883
1.1531,5755,Virtual,Pinky_MCP,-17.906020,0.921178,20.581950,0.615450,0.108977,-0.098112,-0.774416
1.1531,5755,Virtual,Pinky_PIP,-17.868350,0.932442,20.583840,0.576869,0.240576,0.073140,-0.777172
1.1531,5755,Virtual,Pinky_DIP,-17.852320,0.935449,20.592250,0.518321,0.349283,0.224490,-0.747629
1.1531,5755,Virtual,Pinky_FingerTip,-17.839770,0.935955,20.606710,0.518321,0.349283,0.224490,-0.747629
1.1531,5755,Render,Wrist,-17.996320,0.923185,20.636310,0.588977,-0.087476,-0.314377,-0.739339
1.1531,5755,Render,Thumb_CMC,-17.972780,0.963924,20.631170,-0.142657,0.069856,-0.299789,-0.940689
1.1531,5755,Render,Thumb_MCP,-17.937190,0.987816,20.640700,-0.149045,0.054924,-0.202166,-0.966384
1.1531,5755,Render,Thumb_IP,-17.892470,1.006171,20.648860,-0.156969,0.024327,-0.006829,-0.987281
1.1531,5755,Render,Thumb_FingerTip,-17.864000,1.006338,20.650290,-0.156969,0.024327,-0.006829,-0.987281
1.1531,5755,Render,Index_MCP,-17.914880,0.992382,20.595070,0.563951,0.038770,-0.112774,-0.817153
1.1531,5755,Render,Index_PIP,-17.869380,1.003060,20.592080,0.559129,0.083179,-0.047900,-0.823506
1.1531,5755,Render,Index_DIP,-17.843900,1.007522,20.594250,0.551803,0.122710,0.010754,-0.824828
1.1531,5755,Render,Index_FingerTip,-17.817820,1.010688,20.600020,0.551803,0.122710,0.010754,-0.824828
1.1531,5755,Render,Middle_MCP,-17.909150,0.967605,20.584790,0.595437,-0.000880,-0.203499,-0.777202
1.1531,5755,Render,Middle_PIP,-17.860720,0.984254,20.571920,0.582721,0.122404,-0.038198,-0.802493
1.1531,5755,Render,Middle_DIP,-17.833910,0.989907,20.576130,0.549652,0.228974,0.112195,-0.795529
1.1531,5755,Render,Middle_FingerTip,-17.809290,0.991979,20.589930,0.549652,0.228974,0.112195,-0.795529
1.1531,5755,Render,Ring_MCP,-17.905770,0.943533,20.581150,0.613126,0.013146,-0.204121,-0.763046
1.1531,5755,Render,Ring_PIP,-17.863120,0.958779,20.570430,0.596108,0.144054,-0.036096,-0.789051
1.1531,5755,Render,Ring_DIP,-17.837940,0.964804,20.575290,0.557127,0.256331,0.116781,-0.781196
1.1531,5755,Render,Ring_FingerTip,-17.816230,0.967466,20.588980,0.557127,0.256331,0.116781,-0.781196
1.1531,5755,Render,Pinky_MCP,-17.906020,0.921178,20.581950,0.624688,0.020506,-0.207053,-0.752645
1.1531,5755,Render,Pinky_PIP,-17.870060,0.934458,20.572980,0.605827,0.153717,-0.041186,-0.779519
1.1531,5755,Render,Pinky_DIP,-17.852650,0.939053,20.576460,0.564800,0.267687,0.109948,-0.772824
1.1531,5755,Render,Pinky_FingerTip,-17.836690,0.941590,20.586770,0.564800,0.267687,0.109948,-0.772824
1.1670,5756,Real,Wrist,-18.000790,0.922432,20.623170,0.574388,-0.119416,-0.335003,-0.737287
1.1670,5756,Real,Thumb_CMC,-17.977410,0.962991,20.616240,-0.203303,0.015700,-0.268453,-0.941464
1.1670,5756,Real,Thumb_MCP,-17.939850,0.984906,20.622330,-0.203645,-0.010339,-0.146275,-0.968001
1.1670,5756,Real,Thumb_IP,-17.892920,0.998998,20.624270,-0.195924,-0.056500,0.078293,-0.975855
1.1670,5756,Real,Thumb_FingerTip,-17.864960,0.995274,20.620250,-0.195924,-0.056500,0.078293,-0.975855
1.1670,5756,Real,Index_MCP,-17.922380,0.991077,20.575630,0.557979,0.003406,-0.132058,-0.819274
1.1670,5756,Real,Index_PIP,-17.877180,1.001388,20.568990,0.555984,0.047255,-0.067251,-0.827119
1.1670,5756,Real,Index_DIP,-17.851580,1.005639,20.569080,0.551247,0.086477,-0.008557,-0.829804
1.1670,5756,Real,Index_FingerTip,-17.825080,1.008586,20.572690,0.551247,0.086477,-0.008557,-0.829804
1.1670,5756,Real,Middle_MCP,-17.917710,0.966285,20.564860,0.585453,0.037775,-0.126678,-0.799857
1.1670,5756,Real,Middle_PIP,-17.866750,0.979322,20.560210,0.565147,0.157451,0.040644,-0.808806
1.1670,5756,Real,Middle_DIP,-17.840500,0.982433,20.568550,0.526138,0.259538,0.189949,-0.787234
1.1670,5756,Real,Middle_FingerTip,-17.818060,0.981698,20.585770,0.526138,0.259538,0.189949,-0.787234
1.1670,5756,Real,Ring_MCP,-17.914830,0.942197,20.560900,0.600118,0.065756,-0.114772,-0.788900
1.1670,5756,Real,Ring_PIP,-17.869930,0.954296,20.559320,0.571363,0.194961,0.059914,-0.794950
1.1670,5756,Real,Ring_DIP,-17.845780,0.957656,20.569290,0.521932,0.303401,0.214908,-0.767691
1.1670,5756,Real,Ring_FingerTip,-17.827110,0.957314,20.587090,0.521932,0.303401,0.214908,-0.767691
1.1670,5756,Real,Pinky_MCP,-17.915220,0.919842,20.561670,0.610383,0.075037,-0.119598,-0.779422
1.1670,5756,Real,Pinky_PIP,-17.877420,0.930789,20.560530,0.579358,0.206256,0.053139,-0.786752
1.1670,5756,Real,Pinky_DIP,-17.860740,0.933640,20.567610,0.527553,0.316047,0.206654,-0.760984
1.1670,5756,Real,Pinky_FingerTip,-17.847040,0.934003,20.581000,0.527553,0.316047,0.206654,-0.760984
1.1670,5756,Virtual,Wrist,-17.998650,0.922610,20.629630,0.581039,-0.103691,-0.325057,-0.738905
1.1670,5756,Virtual,Thumb_CMC,-17.975170,0.963262,20.623640,-0.198097,0.033902,-0.274246,-0.940424
1.1670,5756,Virtual,Thumb_MCP,-17.937960,0.985322,20.631210,-0.200802,0.008379,-0.152153,-0.967708
1.1670,5756,Virtual,Thumb_IP,-17.891210,0.999595,20.635000,-0.197423,-0.037627,0.072502,-0.976909
1.1670,5756,Virtual,Thumb_FingerTip,-17.863090,0.995982,20.632090,-0.197423,-0.037627,0.072502,-0.976909
1.1670,5756,Virtual,Index_MCP,-17.918680,0.991574,20.585240,0.560381,0.020671,-0.122622,-0.818847
1.1670,5756,Virtual,Index_PIP,-17.873300,1.002063,20.580390,0.557022,0.064655,-0.057877,-0.825952
1.1670,5756,Virtual,Index_DIP,-17.847740,1.006414,20.581480,0.551051,0.103907,0.000711,-0.827977
1.1670,5756,Virtual,Index_FingerTip,-17.821420,1.009463,20.586130,0.551051,0.103907,0.000711,-0.827977
1.1670,5756,Virtual,Middle_MCP,-17.913500,0.966804,20.574650,0.587678,0.054703,-0.116659,-0.798770
1.1670,5756,Virtual,Middle_PIP,-17.862450,0.980040,20.572030,0.563840,0.174475,0.050224,-0.805680
1.1670,5756,Virtual,Middle_DIP,-17.836560,0.983251,20.581390,0.521698,0.276025,0.198783,-0.782386
1.1670,5756,Virtual,Middle_FingerTip,-17.814810,0.982599,20.599480,0.521698,0.276025,0.198783,-0.782386
1.1670,5756,Virtual,Ring_MCP,-17.910380,0.942728,20.570800,0.602052,0.082490,-0.104442,-0.787287
1.1670,5756,Virtual,Ring_PIP,-17.865490,0.955003,20.571000,0.569604,0.211714,0.069644,-0.791125
1.1670,5756,Virtual,Ring_DIP,-17.841760,0.958454,20.581910,0.516916,0.319482,0.223697,-0.762030
1.1670,5756,Virtual,Ring_FingerTip,-17.823810,0.958179,20.600440,0.516916,0.319482,0.223697,-0.762030
1.1670,5756,Virtual,Pinky_MCP,-17.910700,0.920372,20.571560,0.612393,0.091602,-0.109045,-0.777621
1.1670,5756,Virtual,Pinky_PIP,-17.872930,0.931466,20.571910,0.577710,0.222862,0.063046,-0.782694
1.1670,5756,Virtual,Pinky_DIP,-17.856550,0.934380,20.579640,0.522674,0.332005,0.215570,-0.755059
1.1670,5756,Virtual,Pinky_FingerTip,-17.843400,0.934792,20.593560,0.522674,0.332005,0.215570,-0.755059
1.1670,5756,Render,Wrist,-17.998650,0.922610,20.629630,0.581039,-0.103691,-0.325057,-0.738905
1.1670,5756,Render,Thumb_CMC,-17.975170,0.963262,20.623640,-0.150075,0.051014,-0.294571,-0.942392
1.1670,5756,Render,Thumb_MCP,-17.939100,0.986969,20.631740,-0.154500,0.035422,-0.196801,-0.967546
1.1670,5756,Render,Thumb_IP,-17.893990,1.005104,20.638080,-0.158455,0.004132,-0.001340,-0.987357
1.1670,5756,Render,Thumb_FingerTip,-17.865490,1.005142,20.638330,-0.158455,0.004132,-0.001340,-0.987357
1.1670,5756,Render,Index_MCP,-17.918680,0.991574,20.585240,0.560381,0.020671,-0.122622,-0.818847
1.1670,5756,Render,Index_PIP,-17.873300,1.002063,20.580390,0.556999,0.064854,-0.057583,-0.825973
1.1670,5756,Render,Index_DIP,-17.847740,1.006407,20.581500,0.550980,0.104280,0.001271,-0.827977
1.1670,5756,Render,Index_FingerTip,-17.821430,1.009442,20.586190,0.550980,0.104280,0.001271,-0.827977
1.1670,5756,Render,Middle_MCP,-17.913500,0.966804,20.574650,0.589942,-0.018077,-0.214128,-0.778326
1.1670,5756,Render,Middle_PIP,-17.865580,0.983279,20.559820,0.580904,0.104441,-0.048364,-0.805794
1.1670,5756,Render,Middle_DIP,-17.838590,0.988803,20.562930,0.551219,0.210988,0.102823,-0.800669
1.1670,5756,Render,Middle_FingerTip,-17.813410,0.990726,20.575700,0.551219,0.210988,0.102823,-0.800669
1.1670,5756,Render,Ring_MCP,-17.910380,0.942728,20.570800,0.607665,-0.003798,-0.215128,-0.764493
1.1670,5756,Render,Ring_PIP,-17.868150,0.957820,20.558370,0.594400,0.126333,-0.046540,-0.792820
1.1670,5756,Render,Ring_DIP,-17.842760,0.963720,20.562190,0.558869,0.238614,0.107261,-0.786908
1.1670,5756,Render,Ring_FingerTip,-17.820490,0.966246,20.574970,0.558869,0.238614,0.107261,-0.786908
1.1670,5756,Render,Pinky_MCP,-17.910700,0.920372,20.571560,0.619194,0.003755,-0.218313,-0.754270
1.1670,5756,Render,Pinky_PIP,-17.875090,0.933522,20.561140,0.604046,0.136179,-0.051838,-0.783516
1.1670,5756,Render,Pinky_DIP,-17.857520,0.938030,20.563900,0.566435,0.250135,0.100268,-0.778801
1.1670,5756,Render,Pinky_FingerTip,-17.841140,0.940467,20.573540,0.566435,0.250135,0.100268,-0.778801
1.1807,5757,Real,Wrist,-18.002570,0.921929,20.616460,0.568364,-0.134427,-0.344158,-0.735151
1.1807,5757,Real,Thumb_CMC,-17.979310,0.962390,20.608600,-0.207962,-0.001016,-0.262908,-0.942142
1.1807,5757,Real,Thumb_MCP,-17.941470,0.984162,20.613320,-0.206138,-0.027504,-0.140728,-0.967960
1.1807,5757,Real,Thumb_IP,-17.894460,0.998075,20.613550,-0.194442,-0.073767,0.083613,-0.974556
1.1807,5757,Real,Thumb_FingerTip,-17.866670,0.994248,20.608520,-0.194442,-0.073767,0.083613,-0.974556
1.1807,5757,Real,Index_MCP,-17.925730,0.990213,20.565930,0.556022,-0.012974,-0.140878,-0.819040
1.1807,5757,Real,Index_PIP,-17.880770,1.000344,20.557600,0.555321,0.030772,-0.076062,-0.827579
1.1807,5757,Real,Index_DIP,-17.855170,1.004498,20.556730,0.551752,0.069988,-0.017313,-0.830886
1.1807,5757,Real,Index_FingerTip,-17.828550,1.007350,20.559340,0.551752,0.069988,-0.017313,-0.830886
1.1807,5757,Real,Middle_MCP,-17.921560,0.965389,20.555030,0.583648,0.021526,-0.136312,-0.800195
1.1807,5757,Real,Middle_PIP,-17.870770,0.978235,20.548440,0.566746,0.141090,0.031158,-0.811124
1.1807,5757,Real,Middle_DIP,-17.844200,0.981267,20.555770,0.530779,0.243683,0.180946,-0.791297
1.1807,5757,Real,Middle_FingerTip,-17.821120,0.980484,20.572120,0.530779,0.243683,0.180946,-0.791297
1.1807,5757,Real,Ring_MCP,-17.918920,0.941284,20.551000,0.598584,0.049691,-0.124708,-0.789732
1.1807,5757,Real,Ring_PIP,-17.874060,0.953218,20.547700,0.573394,0.178863,0.050280,-0.797935
1.1807,5757,Real,Ring_DIP,-17.849540,0.956508,20.556740,0.527124,0.287946,0.205945,-0.772538
1.1807,5757,Real,Ring_FingerTip,-17.830200,0.956130,20.573820,0.527124,0.287946,0.205945,-0.772538
1.1807,5757,Real,Pinky_MCP,-17.919360,0.918932,20.551820,0.608771,0.059122,-0.129745,-0.780429
1.1807,5757,Real,Pinky_PIP,-17.881590,0.929740,20.549230,0.581282,0.190286,0.043338,-0.789953
1.1807,5757,Real,Pinky_DIP,-17.864640,0.932542,20.555670,0.532616,0.300694,0.197570,-0.766074
1.1807,5757,Real,Pinky_FingerTip,-17.850440,0.932879,20.568530,0.532616,0.300694,0.197570,-0.766074
1.1807,5757,Virtual,Wrist,-18.000800,0.922432,20.623170,0.574388,-0.119416,-0.335003,-0.737287
1.1807,5757,Virtual,Thumb_CMC,-17.977410,0.962990,20.616240,-0.203713,0.016306,-0.268497,-0.941353
1.1807,5757,Virtual,Thumb_MCP,-17.939860,0.984896,20.622390,-0.204131,-0.009782,-0.146373,-0.967890
1.1807,5757,Virtual,Thumb_IP,-17.892930,0.998984,20.624390,-0.196527,-0.056054,0.078101,-0.975774
1.1807,5757,Virtual,Thumb_FingerTip,-17.864960,0.995268,20.620400,-0.196527,-0.056054,0.078101,-0.975774
1.1807,5757,Virtual,Index_MCP,-17.922380,0.991077,20.575630,0.557979,0.003406,-0.132058,-0.819274
1.1807,5757,Virtual,Index_PIP,-17.877190,1.001388,20.568990,0.555984,0.047255,-0.067250,-0.827119
1.1807,5757,Virtual,Index_DIP,-17.851590,1.005639,20.569080,0.551247,0.086477,-0.008556,-0.829805
1.1807,5757,Virtual,Index_FingerTip,-17.825090,1.008586,20.572690,0.551247,0.086477,-0.008556,-0.829805
1.1807,5757,Virtual,Middle_MCP,-17.917720,0.966285,20.564860,0.585464,0.037598,-0.126918,-0.799819
1.1807,5757,Virtual,Middle_PIP,-17.866760,0.979331,20.560190,0.565219,0.157192,0.040273,-0.808824
1.1807,5757,Virtual,Middle_DIP,-17.840500,0.982450,20.568490,0.526294,0.259223,0.189477,-0.787348
1.1807,5757,Virtual,Middle_FingerTip,-17.818040,0.981728,20.585690,0.526294,0.259223,0.189477,-0.787348
1.1807,5757,Virtual,Ring_MCP,-17.914840,0.942196,20.560900,0.600136,0.065584,-0.114998,-0.788867
1.1807,5757,Virtual,Ring_PIP,-17.869930,0.954303,20.559290,0.571447,0.194712,0.059568,-0.794976
1.1807,5757,Virtual,Ring_DIP,-17.845780,0.957670,20.569240,0.522104,0.303104,0.214471,-0.767814
1.1807,5757,Virtual,Ring_FingerTip,-17.827090,0.957339,20.587020,0.522104,0.303104,0.214471,-0.767814
1.1807,5757,Virtual,Pinky_MCP,-17.915220,0.919842,20.561670,0.610404,0.074862,-0.119821,-0.779388
1.1807,5757,Virtual,Pinky_PIP,-17.877420,0.930794,20.560500,0.579448,0.206004,0.052797,-0.786776
1.1807,5757,Virtual,Pinky_DIP,-17.860740,0.933650,20.567570,0.527732,0.315746,0.206221,-0.761102
1.1807,5757,Virtual,Pinky_FingerTip,-17.847030,0.934020,20.580950,0.527732,0.315746,0.206221,-0.761102
1.1807,5757,Render,Wrist,-18.000800,0.922432,20.623170,0.574388,-0.119416,-0.335003,-0.737287
1.1807,5757,Render,Thumb_CMC,-17.977410,0.962990,20.616240,-0.155657,0.032673,-0.289719,-0.943804
1.1807,5757,Render,Thumb_MCP,-17.940970,0.986558,20.622910,-0.158180,0.016608,-0.191831,-0.968455
1.1807,5757,Render,Thumb_IP,-17.895570,1.004518,20.627460,-0.158337,-0.015039,0.003712,-0.987264
1.1807,5757,Render,Thumb_FingerTip,-17.867080,1.004444,20.626580,-0.158337,-0.015039,0.003712,-0.987264
1.1807,5757,Render,Index_MCP,-17.922380,0.991077,20.575630,0.557979,0.003406,-0.132058,-0.819274
1.1807,5757,Render,Index_PIP,-17.877190,1.001388,20.568990,0.555984,0.047255,-0.067250,-0.827119
1.1807,5757,Render,Index_DIP,-17.851590,1.005639,20.569080,0.551247,0.086477,-0.008556,-0.829805
1.1807,5757,Render,Index_FingerTip,-17.825090,1.008586,20.572690,0.551247,0.086477,-0.008556,-0.829805
1.1807,5757,Render,Middle_MCP,-17.917720,0.966285,20.564860,0.585649,-0.034602,-0.224204,-0.778172
1.1807,5757,Render,Middle_PIP,-17.870350,0.982571,20.548150,0.580125,0.087385,-0.058253,-0.807729
1.1807,5757,Render,Middle_DIP,-17.843240,0.987990,20.550190,0.553636,0.194085,0.093468,-0.804415
1.1807,5757,Render,Middle_FingerTip,-17.817570,0.989816,20.561950,0.553636,0.194085,0.093468,-0.804415
1.1807,5757,Render,Ring_MCP,-17.914840,0.942196,20.560900,0.603375,-0.020088,-0.225582,-0.764623
1.1807,5757,Render,Ring_PIP,-17.873080,0.957122,20.546800,0.593695,0.109503,-0.056723,-0.795184
1.1807,5757,Render,Ring_DIP,-17.847540,0.962924,20.549610,0.561424,0.221964,0.097724,-0.791192
1.1807,5757,Render,Ring_FingerTip,-17.824770,0.965364,20.561510,0.561424,0.221964,0.097724,-0.791192
1.1807,5757,Render,Pinky_MCP,-17.915220,0.919842,20.561670,0.614853,-0.012357,-0.229014,-0.754557
1.1807,5757,Render,Pinky_PIP,-17.880000,0.932851,20.549850,0.603253,0.119510,-0.062230,-0.786086
1.1807,5757,Render,Pinky_DIP,-17.862320,0.937291,20.551910,0.568872,0.233627,0.090566,-0.783327
1.1807,5757,Render,Pinky_FingerTip,-17.845560,0.939665,20.560900,0.568872,0.233627,0.090566,-0.783327
1.1946,5758,Real,Wrist,-18.004670,0.921284,20.609840,0.562664,-0.148682,-0.352520,-0.732826
1.1946,5758,Real,Thumb_CMC,-17.981540,0.961640,20.601100,-0.211262,-0.017934,-0.257616,-0.942699
1.1946,5758,Real,Thumb_MCP,-17.943480,0.983301,20.604390,-0.207258,-0.044696,-0.135447,-0.967833
1.1946,5758,Real,Thumb_IP,-17.896450,0.997064,20.602900,-0.191620,-0.090747,0.088655,-0.973236
1.1946,5758,Real,Thumb_FingerTip,-17.868870,0.993137,20.596900,-0.191620,-0.090747,0.088655,-0.973236
1.1946,5758,Real,Index_MCP,-17.929370,0.989180,20.556530,0.554192,-0.028508,-0.149005,-0.818448
1.1946,5758,Real,Index_PIP,-17.884700,0.999122,20.546610,0.554718,0.015143,-0.084210,-0.827628
1.1946,5758,Real,Index_DIP,-17.859130,1.003176,20.544830,0.552256,0.054355,-0.025438,-0.831512
1.1946,5758,Real,Index_FingerTip,-17.832420,1.005929,20.546510,0.552256,0.054355,-0.025438,-0.831512
1.1946,5758,Real,Middle_MCP,-17.925690,0.964321,20.545530,0.581945,0.006092,-0.145233,-0.800132
1.1946,5758,Real,Middle_PIP,-17.875110,0.976968,20.537120,0.568273,0.125547,0.022287,-0.812900
1.1946,5758,Real,Middle_DIP,-17.848290,0.979919,20.543480,0.535193,0.228616,0.172446,-0.794711
1.1946,5758,Real,Middle_FingerTip,-17.824630,0.979087,20.558980,0.535193,0.228616,0.172446,-0.794711
1.1946,5758,Real,Ring_MCP,-17.923280,0.940199,20.541460,0.597135,0.034423,-0.133923,-0.790133
1.1946,5758,Real,Ring_PIP,-17.878520,0.951960,20.536550,0.575329,0.163560,0.041255,-0.800340
1.1946,5758,Real,Ring_DIP,-17.853680,0.955179,20.544700,0.532062,0.273248,0.197463,-0.776694
1.1946,5758,Real,Ring_FingerTip,-17.833750,0.954767,20.561070,0.532062,0.273248,0.197463,-0.776694
1.1946,5758,Real,Pinky_MCP,-17.923780,0.917851,20.542340,0.607244,0.043987,-0.139162,-0.780996
1.1946,5758,Real,Pinky_PIP,-17.886080,0.928512,20.538380,0.583114,0.175095,0.034153,-0.792562
1.1946,5758,Real,Pinky_DIP,-17.868900,0.931265,20.544210,0.537433,0.286087,0.188973,-0.770461
1.1946,5758,Real,Pinky_FingerTip,-17.854250,0.931578,20.556550,0.537433,0.286087,0.188973,-0.770461
1.1946,5758,Virtual,Wrist,-18.002580,0.921929,20.616460,0.568364,-0.134427,-0.344158,-0.735151
1.1946,5758,Virtual,Thumb_CMC,-17.979320,0.962390,20.608600,-0.207546,-0.001598,-0.263102,-0.942178
1.1946,5758,Virtual,Thumb_MCP,-17.941480,0.984189,20.613270,-0.205652,-0.028019,-0.140955,-0.968016
1.1946,5758,Virtual,Thumb_IP,-17.894480,0.998134,20.613450,-0.193857,-0.074144,0.083333,-0.974668
1.1946,5758,Virtual,Thumb_FingerTip,-17.866690,0.994324,20.608410,-0.193857,-0.074144,0.083333,-0.974668
1.1946,5758,Virtual,Index_MCP,-17.925730,0.990213,20.565940,0.556022,-0.012974,-0.140878,-0.819039
1.1946,5758,Virtual,Index_PIP,-17.880780,1.000344,20.557610,0.555321,0.030772,-0.076062,-0.827579
1.1946,5758,Virtual,Index_DIP,-17.855170,1.004498,20.556740,0.551752,0.069988,-0.017313,-0.830886
1.1946,5758,Virtual,Index_FingerTip,-17.828550,1.007350,20.559350,0.551752,0.069988,-0.017313,-0.830886
1.1946,5758,Virtual,Middle_MCP,-17.921560,0.965389,20.555040,0.583654,0.021350,-0.136554,-0.800154
1.1946,5758,Virtual,Middle_PIP,-17.870780,0.978244,20.548430,0.566811,0.140830,0.030785,-0.811138
1.1946,5758,Virtual,Middle_DIP,-17.844210,0.981285,20.555720,0.530925,0.243364,0.180471,-0.791406
1.1946,5758,Virtual,Middle_FingerTip,-17.821100,0.980514,20.572050,0.530925,0.243364,0.180471,-0.791406
1.1946,5758,Virtual,Ring_MCP,-17.918920,0.941284,20.551010,0.598598,0.049520,-0.124934,-0.789696
1.1946,5758,Virtual,Ring_PIP,-17.874070,0.953225,20.547690,0.573471,0.178613,0.049933,-0.797957
1.1946,5758,Virtual,Ring_DIP,-17.849530,0.956523,20.556710,0.527288,0.287645,0.205504,-0.772655
1.1946,5758,Virtual,Ring_FingerTip,-17.830180,0.956156,20.573770,0.527288,0.287645,0.205504,-0.772655
1.1946,5758,Virtual,Pinky_MCP,-17.919360,0.918932,20.551820,0.608788,0.058947,-0.129969,-0.780392
1.1946,5758,Virtual,Pinky_PIP,-17.881590,0.929745,20.549220,0.581365,0.190032,0.042993,-0.789972
1.1946,5758,Virtual,Pinky_DIP,-17.864640,0.932552,20.555640,0.532787,0.300391,0.197133,-0.766187
1.1946,5758,Virtual,Pinky_FingerTip,-17.850430,0.932897,20.568490,0.532787,0.300391,0.197133,-0.766187
1.1946,5758,Render,Wrist,-18.002580,0.921929,20.616460,0.568364,-0.134427,-0.344158,-0.735151
1.1946,5758,Render,Thumb_CMC,-17.979320,0.962390,20.608600,-0.160214,0.015914,-0.284914,-0.944935
1.1946,5758,Render,Thumb_MCP,-17.942560,0.985810,20.613930,-0.161002,-0.000529,-0.186935,-0.969089
1.1946,5758,Render,Thumb_IP,-17.896960,1.003583,20.616830,-0.157710,-0.032395,0.008636,-0.986916
1.1946,5758,Render,Thumb_FingerTip,-17.868520,1.003388,20.614930,-0.157710,-0.032395,0.008636,-0.986916
1.1946,5758,Render,Index_MCP,-17.925730,0.990213,20.565940,0.556022,-0.012974,-0.140878,-0.819039
1.1946,5758,Render,Index_PIP,-17.880780,1.000344,20.557610,0.555321,0.030772,-0.076062,-0.827579
1.1946,5758,Render,Index_DIP,-17.855170,1.004498,20.556740,0.551752,0.069988,-0.017313,-0.830886
1.1946,5758,Render,Index_FingerTip,-17.828550,1.007350,20.559350,0.551752,0.069988,-0.017313,-0.830886
1.1946,5758,Render,Middle_MCP,-17.921560,0.965389,20.555040,0.581872,-0.050329,-0.233572,-0.777391
1.1946,5758,Render,Middle_PIP,-17.874780,0.981472,20.536550,0.579686,0.071217,-0.067581,-0.808904
1.1946,5758,Render,Middle_DIP,-17.847600,0.986792,20.537570,0.556221,0.178119,0.084524,-0.807309
1.1946,5758,Render,Middle_FingerTip,-17.821500,0.988537,20.548370,0.556221,0.178119,0.084524,-0.807309
1.1946,5758,Render,Ring_MCP,-17.918920,0.941284,20.551010,0.599587,-0.035600,-0.235316,-0.764104
1.1946,5758,Render,Ring_PIP,-17.877660,0.956032,20.535340,0.593315,0.093539,-0.066343,-0.796760
1.1946,5758,Render,Ring_DIP,-17.852010,0.961741,20.537200,0.564130,0.206227,0.088589,-0.794594
1.1946,5758,Render,Ring_FingerTip,-17.828810,0.964112,20.548230,0.564130,0.206227,0.088589,-0.794594
1.1946,5758,Render,Pinky_MCP,-17.919360,0.918932,20.551820,0.611007,-0.027708,-0.238985,-0.754181
1.1946,5758,Render,Pinky_PIP,-17.884550,0.931792,20.538680,0.602781,0.103693,-0.072050,-0.787853
1.1946,5758,Render,Pinky_DIP,-17.866790,0.936168,20.540080,0.571460,0.218015,0.081271,-0.786955
1.1946,5758,Render,Pinky_FingerTip,-17.849700,0.938491,20.548440,0.571460,0.218015,0.081271,-0.786955
1.2084,5759,Real,Wrist,-18.006420,0.921199,20.603470,0.560742,-0.160208,-0.357764,-0.729319
1.2084,5759,Real,Thumb_CMC,-17.983390,0.961407,20.593830,-0.210891,-0.030440,-0.253268,-0.943639
1.2084,5759,Real,Thumb_MCP,-17.945190,0.982959,20.596000,-0.205297,-0.057053,-0.131016,-0.968212
1.2084,5759,Real,Thumb_IP,-17.898170,0.996547,20.593220,-0.186895,-0.102333,0.093056,-0.972594
1.2084,5759,Real,Thumb_FingerTip,-17.870760,0.992479,20.586550,-0.186895,-0.102333,0.093056,-0.972594
1.2084,5759,Real,Index_MCP,-17.932280,0.988423,20.547750,0.555367,-0.040325,-0.154478,-0.816136
1.2084,5759,Real,Index_PIP,-17.887830,0.998133,20.536640,0.556819,0.003454,-0.089848,-0.825753
1.2084,5759,Real,Index_DIP,-17.862300,1.002085,20.534190,0.555179,0.042845,-0.031194,-0.830041
1.2084,5759,Real,Index_FingerTip,-17.835550,1.004758,20.535170,0.555179,0.042845,-0.031194,-0.830041
1.2084,5759,Real,Middle_MCP,-17.928950,0.963468,20.536860,0.583154,-0.005530,-0.151220,-0.798145
1.2084,5759,Real,Middle_PIP,-17.878560,0.975874,20.527080,0.571845,0.114422,0.016019,-0.812186
1.2084,5759,Real,Middle_DIP,-17.851580,0.978780,20.532740,0.540763,0.218344,0.166154,-0.795170
1.2084,5759,Real,Middle_FingerTip,-17.827540,0.977985,20.547660,0.540763,0.218344,0.166154,-0.795170
1.2084,5759,Real,Ring_MCP,-17.926720,0.939307,20.532920,0.598494,0.022942,-0.140228,-0.788426
1.2084,5759,Real,Ring_PIP,-17.882070,0.950875,20.526790,0.579154,0.152650,0.034729,-0.800046
1.2084,5759,Real,Ring_DIP,-17.857010,0.954069,20.534280,0.537953,0.263301,0.191006,-0.777686
1.2084,5759,Real,Ring_FingerTip,-17.836670,0.953713,20.550150,0.537953,0.263301,0.191006,-0.777686
1.2084,5759,Real,Pinky_MCP,-17.927270,0.916968,20.533980,0.608517,0.032583,-0.145646,-0.779380
1.2084,5759,Real,Pinky_PIP,-17.889650,0.927468,20.528990,0.586838,0.164242,0.027472,-0.792396
1.2084,5759,Real,Pinky_DIP,-17.872320,0.930206,20.534360,0.543214,0.276175,0.182389,-0.771609
1.2084,5759,Real,Pinky_FingerTip,-17.857360,0.930562,20.546320,0.543214,0.276175,0.182389,-0.771609
1.2084,5759,Virtual,Wrist,-18.004670,0.921283,20.609840,0.562663,-0.148683,-0.352521,-0.732825
1.2084,5759,Virtual,Thumb_CMC,-17.981540,0.961640,20.601100,-0.211263,-0.017934,-0.257616,-0.942699
1.2084,5759,Virtual,Thumb_MCP,-17.943490,0.983300,20.604390,-0.207258,-0.044697,-0.135447,-0.967833
1.2084,5759,Virtual,Thumb_IP,-17.896450,0.997064,20.602910,-0.191620,-0.090748,0.088654,-0.973236
1.2084,5759,Virtual,Thumb_FingerTip,-17.868870,0.993137,20.596900,-0.191620,-0.090748,0.088654,-0.973236
1.2084,5759,Virtual,Index_MCP,-17.929380,0.989179,20.556530,0.554192,-0.028508,-0.149006,-0.818448
1.2084,5759,Virtual,Index_PIP,-17.884710,0.999121,20.546610,0.554718,0.015142,-0.084211,-0.827628
1.2084,5759,Virtual,Index_DIP,-17.859130,1.003175,20.544840,0.552256,0.054355,-0.025438,-0.831512
1.2084,5759,Virtual,Index_FingerTip,-17.832420,1.005929,20.546510,0.552256,0.054355,-0.025438,-0.831512
1.2084,5759,Virtual,Middle_MCP,-17.925690,0.964320,20.545540,0.581945,0.006092,-0.145233,-0.800132
1.2084,5759,Virtual,Middle_PIP,-17.875110,0.976967,20.537120,0.568273,0.125547,0.022287,-0.812900
1.2084,5759,Virtual,Middle_DIP,-17.848300,0.979918,20.543480,0.535193,0.228616,0.172445,-0.794712
1.2084,5759,Virtual,Middle_FingerTip,-17.824640,0.979087,20.558990,0.535193,0.228616,0.172445,-0.794712
1.2084,5759,Virtual,Ring_MCP,-17.923290,0.940198,20.541460,0.597135,0.034422,-0.133923,-0.790133
1.2084,5759,Virtual,Ring_PIP,-17.878530,0.951960,20.536550,0.575329,0.163559,0.041254,-0.800340
1.2084,5759,Virtual,Ring_DIP,-17.853680,0.955178,20.544700,0.532062,0.273248,0.197462,-0.776695
1.2084,5759,Virtual,Ring_FingerTip,-17.833750,0.954766,20.561070,0.532062,0.273248,0.197462,-0.776695
1.2084,5759,Virtual,Pinky_MCP,-17.923780,0.917850,20.542340,0.607244,0.043987,-0.139162,-0.780996
1.2084,5759,Virtual,Pinky_PIP,-17.886090,0.928512,20.538390,0.583114,0.175095,0.034152,-0.792562
1.2084,5759,Virtual,Pinky_DIP,-17.868910,0.931265,20.544210,0.537433,0.286086,0.188972,-0.770461
1.2084,5759,Virtual,Pinky_FingerTip,-17.854250,0.931577,20.556550,0.537433,0.286086,0.188972,-0.770461
1.2084,5759,Render,Wrist,-18.004670,0.921283,20.609840,0.562663,-0.148683,-0.352521,-0.732825
1.2084,5759,Render,Thumb_CMC,-17.981540,0.961640,20.601100,-0.164350,-0.001301,-0.280375,-0.945715
1.2084,5759,Render,Thumb_MCP,-17.944540,0.984945,20.605040,-0.163358,-0.018076,-0.182340,-0.969402
1.2084,5759,Render,Thumb_IP,-17.898800,1.002568,20.606240,-0.156545,-0.050062,0.013202,-0.986313
1.2084,5759,Render,Thumb_FingerTip,-17.870450,1.002272,20.603310,-0.156545,-0.050062,0.013202,-0.986313
1.2084,5759,Render,Index_MCP,-17.929380,0.989179,20.556530,0.554192,-0.028508,-0.149006,-0.818448
1.2084,5759,Render,Index_PIP,-17.884710,0.999121,20.546610,0.554718,0.015142,-0.084211,-0.827628
1.2084,5759,Render,Index_DIP,-17.859130,1.003175,20.544840,0.552256,0.054355,-0.025438,-0.831512
1.2084,5759,Render,Index_FingerTip,-17.832420,1.005929,20.546510,0.552256,0.054355,-0.025438,-0.831512
1.2084,5759,Render,Middle_MCP,-17.925690,0.964320,20.545540,0.578306,-0.065263,-0.242184,-0.776306
1.2084,5759,Render,Middle_PIP,-17.879530,0.980190,20.525390,0.579289,0.055869,-0.076230,-0.809625
1.2084,5759,Render,Middle_DIP,-17.852300,0.985406,20.525460,0.558694,0.162966,0.076161,-0.809632
1.2084,5759,Render,Middle_FingerTip,-17.825840,0.987069,20.535320,0.558694,0.162966,0.076161,-0.809632
1.2084,5759,Render,Ring_MCP,-17.923290,0.940198,20.541460,0.596004,-0.050338,-0.244277,-0.763266
1.2084,5759,Render,Ring_PIP,-17.882540,0.954759,20.524340,0.592969,0.078375,-0.075275,-0.797859
1.2084,5759,Render,Ring_DIP,-17.856820,0.960372,20.525280,0.566715,0.191281,0.080037,-0.797396
1.2084,5759,Render,Ring_FingerTip,-17.833240,0.962672,20.535490,0.566715,0.191281,0.080037,-0.797396
1.2084,5759,Render,Pinky_MCP,-17.923780,0.917850,20.542340,0.607363,-0.042299,-0.248172,-0.753480
1.2084,5759,Render,Pinky_PIP,-17.889390,0.930552,20.527960,0.602345,0.088659,-0.081174,-0.789133
1.2084,5759,Render,Pinky_DIP,-17.871580,0.934861,20.528730,0.573932,0.203180,0.072566,-0.789971
1.2084,5759,Render,Pinky_FingerTip,-17.854210,0.937133,20.536480,0.573932,0.203180,0.072566,-0.789971
1.2229,5760,Real,Wrist,-18.007690,0.921035,20.596590,0.560290,-0.171165,-0.362481,-0.724835
1.2229,5760,Real,Thumb_CMC,-17.984800,0.961081,20.585990,-0.208779,-0.042412,-0.249550,-0.944636
1.2229,5760,Real,Thumb_MCP,-17.946520,0.982561,20.587050,-0.201677,-0.068658,-0.127200,-0.968728
1.2229,5760,Real,Thumb_IP,-17.899530,0.996002,20.583040,-0.180726,-0.112808,0.096888,-0.972227
1.2229,5760,Real,Thumb_FingerTip,-17.872290,0.991795,20.575790,-0.180726,-0.112808,0.096888,-0.972227
1.2229,5760,Real,Index_MCP,-17.934700,0.987478,20.538460,0.557861,-0.051198,-0.159689,-0.812816
1.2229,5760,Real,Index_PIP,-17.890500,0.996959,20.526220,0.560159,-0.007189,-0.095303,-0.822853
1.2229,5760,Real,Index_DIP,-17.865020,1.000821,20.523140,0.559264,0.032465,-0.036841,-0.827534
1.2229,5760,Real,Index_FingerTip,-17.838250,1.003438,20.523480,0.559264,0.032465,-0.036841,-0.827534
1.2229,5760,Real,Middle_MCP,-17.931680,0.962399,20.527760,0.585627,-0.016213,-0.156958,-0.795074
1.2229,5760,Real,Middle_PIP,-17.881500,0.974576,20.516700,0.576461,0.104474,0.009773,-0.810360
1.2229,5760,Real,Middle_DIP,-17.854390,0.977476,20.521700,0.547141,0.209424,0.159678,-0.794532
1.2229,5760,Real,Middle_FingerTip,-17.830020,0.976781,20.536060,0.547141,0.209424,0.159678,-0.794532
1.2229,5760,Real,Ring_MCP,-17.929600,0.938193,20.524030,0.601074,0.012409,-0.146307,-0.785589
1.2229,5760,Real,Ring_PIP,-17.885070,0.949584,20.516750,0.583965,0.142931,0.028178,-0.798600
1.2229,5760,Real,Ring_DIP,-17.859840,0.952796,20.523630,0.544577,0.254715,0.184299,-0.777554
1.2229,5760,Real,Ring_FingerTip,-17.839150,0.952559,20.539030,0.544577,0.254715,0.184299,-0.777554
1.2229,5760,Real,Pinky_MCP,-17.930170,0.915868,20.525340,0.610997,0.022113,-0.151903,-0.776608
1.2229,5760,Real,Pinky_PIP,-17.892660,0.926221,20.519380,0.591538,0.154562,0.020762,-0.791052
1.2229,5760,Real,Pinky_DIP,-17.875200,0.928973,20.524320,0.549722,0.267605,0.175546,-0.771607
1.2229,5760,Real,Pinky_FingerTip,-17.859970,0.929420,20.535930,0.549722,0.267605,0.175546,-0.771607
1.2229,5760,Virtual,Wrist,-18.006420,0.921199,20.603470,0.560742,-0.160208,-0.357764,-0.729320
1.2229,5760,Virtual,Thumb_CMC,-17.983390,0.961407,20.593840,-0.210891,-0.030440,-0.253268,-0.943639
1.2229,5760,Virtual,Thumb_MCP,-17.945200,0.982959,20.596000,-0.205297,-0.057053,-0.131016,-0.968211
1.2229,5760,Virtual,Thumb_IP,-17.898170,0.996547,20.593220,-0.186895,-0.102333,0.093056,-0.972594
1.2229,5760,Virtual,Thumb_FingerTip,-17.870760,0.992478,20.586560,-0.186895,-0.102333,0.093056,-0.972594
1.2229,5760,Virtual,Index_MCP,-17.932280,0.988423,20.547760,0.555367,-0.040325,-0.154478,-0.816136
1.2229,5760,Virtual,Index_PIP,-17.887840,0.998133,20.536640,0.556819,0.003454,-0.089848,-0.825754
1.2229,5760,Virtual,Index_DIP,-17.862300,1.002084,20.534190,0.555179,0.042845,-0.031194,-0.830041
1.2229,5760,Virtual,Index_FingerTip,-17.835550,1.004757,20.535170,0.555179,0.042845,-0.031194,-0.830041
1.2229,5760,Virtual,Middle_MCP,-17.928950,0.963468,20.536870,0.583153,-0.005530,-0.151220,-0.798145
1.2229,5760,Virtual,Middle_PIP,-17.878560,0.975874,20.527090,0.571844,0.114422,0.016020,-0.812186
1.2229,5760,Virtual,Middle_DIP,-17.851580,0.978780,20.532740,0.540762,0.218344,0.166154,-0.795170
1.2229,5760,Virtual,Middle_FingerTip,-17.827550,0.977985,20.547660,0.540762,0.218344,0.166154,-0.795170
1.2229,5760,Virtual,Ring_MCP,-17.926730,0.939307,20.532920,0.598494,0.022942,-0.140228,-0.788426
1.2229,5760,Virtual,Ring_PIP,-17.882070,0.950875,20.526790,0.579154,0.152650,0.034729,-0.800046
1.2229,5760,Virtual,Ring_DIP,-17.857020,0.954069,20.534290,0.537953,0.263301,0.191006,-0.777686
1.2229,5760,Virtual,Ring_FingerTip,-17.836680,0.953713,20.550160,0.537953,0.263301,0.191006,-0.777686
1.2229,5760,Virtual,Pinky_MCP,-17.927270,0.916968,20.533980,0.608517,0.032583,-0.145646,-0.779380
1.2229,5760,Virtual,Pinky_PIP,-17.889650,0.927468,20.529000,0.586838,0.164242,0.027472,-0.792396
1.2229,5760,Virtual,Pinky_DIP,-17.872330,0.930206,20.534370,0.543214,0.276175,0.182389,-0.771609
1.2229,5760,Virtual,Pinky_FingerTip,-17.857360,0.930561,20.546330,0.543214,0.276175,0.182389,-0.771609
1.2229,5760,Render,Wrist,-18.006420,0.921199,20.603470,0.560742,-0.160208,-0.357764,-0.729320
1.2229,5760,Render,Thumb_CMC,-17.983390,0.961407,20.593840,-0.164230,-0.014012,-0.276675,-0.946722
1.2229,5760,Render,Thumb_MCP,-17.946220,0.984612,20.596660,-0.161941,-0.030709,-0.178557,-0.970026
1.2229,5760,Render,Thumb_IP,-17.900410,1.002084,20.596580,-0.152655,-0.062164,0.017034,-0.986176
1.2229,5760,Render,Thumb_FingerTip,-17.872150,1.001668,20.592940,-0.152655,-0.062164,0.017034,-0.986176
1.2229,5760,Render,Index_MCP,-17.932280,0.988423,20.547760,0.555367,-0.040325,-0.154478,-0.816136
1.2229,5760,Render,Index_PIP,-17.887840,0.998133,20.536640,0.556819,0.003454,-0.089848,-0.825754
1.2229,5760,Render,Index_DIP,-17.862300,1.002084,20.534190,0.555179,0.042845,-0.031194,-0.830041
1.2229,5760,Render,Index_FingerTip,-17.835550,1.004757,20.535170,0.555179,0.042845,-0.031194,-0.830041
1.2229,5760,Render,Middle_MCP,-17.928950,0.963468,20.536870,0.578081,-0.076945,-0.247881,-0.773600
1.2229,5760,Render,Middle_PIP,-17.883260,0.979022,20.515450,0.581487,0.044393,-0.082365,-0.808157
1.2229,5760,Render,Middle_DIP,-17.856030,0.984143,20.514780,0.562995,0.152102,0.069860,-0.809334
1.2229,5760,Render,Middle_FingerTip,-17.829310,0.985790,20.523970,0.562995,0.152102,0.069860,-0.809334
1.2229,5760,Render,Ring_MCP,-17.926730,0.939307,20.532920,0.595726,-0.061896,-0.250277,-0.760685
1.2229,5760,Render,Ring_PIP,-17.886380,0.953594,20.514660,0.595171,0.067027,-0.081688,-0.796622
1.2229,5760,Render,Ring_DIP,-17.860620,0.959125,20.514920,0.571065,0.180570,0.073505,-0.797419
1.2229,5760,Render,Ring_FingerTip,-17.836780,0.961421,20.524510,0.571065,0.180570,0.073505,-0.797419
1.2229,5760,Render,Pinky_MCP,-17.927270,0.916968,20.533980,0.607012,-0.053768,-0.254362,-0.750963
1.2229,5760,Render,Pinky_PIP,-17.893220,0.929439,20.518640,0.604456,0.077381,-0.087759,-0.788000
1.2229,5760,Render,Pinky_DIP,-17.875380,0.933693,20.518930,0.578178,0.192521,0.065886,-0.790130
1.2229,5760,Render,Pinky_FingerTip,-17.857810,0.935963,20.526220,0.578178,0.192521,0.065886,-0.790130
1.2369,5761,Real,Wrist,-18.009240,0.921117,20.590430,0.559573,-0.182011,-0.367846,-0.720028
1.2369,5761,Real,Thumb_CMC,-17.986560,0.961022,20.578870,-0.206911,-0.054711,-0.247659,-0.944913
1.2369,5761,Real,Thumb_MCP,-17.948310,0.982568,20.578830,-0.198248,-0.080642,-0.125181,-0.968775
1.2369,5761,Real,Thumb_IP,-17.901450,0.996027,20.573610,-0.174632,-0.123730,0.099060,-0.971793
1.2369,5761,Real,Thumb_FingerTip,-17.874380,0.991772,20.565770,-0.174632,-0.123730,0.099060,-0.971793
1.2369,5761,Real,Index_MCP,-17.937590,0.986862,20.529890,0.560011,-0.062788,-0.166678,-0.809113
1.2369,5761,Real,Index_PIP,-17.893730,0.996199,20.516390,0.563213,-0.018575,-0.102562,-0.819712
1.2369,5761,Real,Index_DIP,-17.868340,1.000020,20.512600,0.563116,0.021324,-0.044304,-0.824914
1.2369,5761,Real,Index_FingerTip,-17.841570,1.002632,20.512200,0.563116,0.021324,-0.044304,-0.824914
1.2369,5761,Real,Middle_MCP,-17.934850,0.961670,20.519380,0.587746,-0.028361,-0.165429,-0.791444
1.2369,5761,Real,Middle_PIP,-17.885020,0.973737,20.506740,0.581093,0.092630,0.000192,-0.808549
1.2369,5761,Real,Middle_DIP,-17.857770,0.976713,20.510900,0.554007,0.198307,0.149446,-0.794617
1.2369,5761,Real,Middle_FingerTip,-17.832960,0.976209,20.524500,0.554007,0.198307,0.149446,-0.794617
1.2369,5761,Real,Ring_MCP,-17.932880,0.937423,20.515850,0.603359,0.000667,-0.154719,-0.782317
1.2369,5761,Real,Ring_PIP,-17.888580,0.948726,20.507210,0.588792,0.131785,0.019008,-0.797243
1.2369,5761,Real,Ring_DIP,-17.863170,0.952016,20.513340,0.551565,0.244579,0.174823,-0.778071
1.2369,5761,Real,Ring_FingerTip,-17.842030,0.951958,20.528130,0.551565,0.244579,0.174823,-0.778071
1.2369,5761,Real,Pinky_MCP,-17.933450,0.915114,20.517410,0.613194,0.010423,-0.160470,-0.773392
1.2369,5761,Real,Pinky_PIP,-17.896110,0.925390,20.510290,0.596271,0.143445,0.011455,-0.789781
1.2369,5761,Real,Pinky_DIP,-17.878520,0.928196,20.514700,0.556615,0.257478,0.165955,-0.772233
1.2369,5761,Real,Pinky_FingerTip,-17.862960,0.928777,20.525860,0.556615,0.257478,0.165955,-0.772233
1.2369,5761,Virtual,Wrist,-18.007700,0.921037,20.596600,0.560290,-0.171165,-0.362481,-0.724835
1.2369,5761,Virtual,Thumb_CMC,-17.984810,0.961083,20.586000,-0.208804,-0.042248,-0.250931,-0.944272
1.2369,5761,Virtual,Thumb_MCP,-17.946580,0.982667,20.587100,-0.201715,-0.068521,-0.128508,-0.968557
1.2369,5761,Virtual,Thumb_IP,-17.899630,0.996227,20.583130,-0.180772,-0.112719,0.095771,-0.972340
1.2369,5761,Virtual,Thumb_FingerTip,-17.872380,0.992081,20.575900,-0.180772,-0.112719,0.095771,-0.972340
1.2369,5761,Virtual,Index_MCP,-17.934710,0.987480,20.538470,0.557794,-0.051931,-0.160757,-0.812605
1.2369,5761,Virtual,Index_PIP,-17.890550,0.997001,20.526120,0.560150,-0.007926,-0.096385,-0.822727
1.2369,5761,Virtual,Index_DIP,-17.865080,1.000887,20.522980,0.559306,0.031729,-0.037929,-0.827485
1.2369,5761,Virtual,Index_FingerTip,-17.838310,1.003531,20.523250,0.559306,0.031729,-0.037929,-0.827485
1.2369,5761,Virtual,Middle_MCP,-17.931680,0.962401,20.527770,0.585584,-0.017709,-0.158988,-0.794671
1.2369,5761,Virtual,Middle_PIP,-17.881580,0.974650,20.516450,0.576795,0.102613,0.007158,-0.810387
1.2369,5761,Virtual,Middle_DIP,-17.854450,0.977609,20.521290,0.547940,0.207325,0.156631,-0.795139
1.2369,5761,Virtual,Middle_FingerTip,-17.829970,0.976990,20.535480,0.547940,0.207325,0.156631,-0.795139
1.2369,5761,Virtual,Ring_MCP,-17.929610,0.938195,20.524040,0.601099,0.011161,-0.147937,-0.785284
1.2369,5761,Virtual,Ring_PIP,-17.885120,0.949632,20.516580,0.584304,0.141537,0.026273,-0.798665
1.2369,5761,Virtual,Ring_DIP,-17.859870,0.952883,20.523340,0.545254,0.253262,0.182226,-0.778043
1.2369,5761,Virtual,Ring_FingerTip,-17.839090,0.952693,20.538640,0.545254,0.253262,0.182226,-0.778043
1.2369,5761,Virtual,Pinky_MCP,-17.930180,0.915870,20.525350,0.611042,0.020844,-0.153514,-0.776291
1.2369,5761,Virtual,Pinky_PIP,-17.892690,0.926257,20.519240,0.591905,0.153150,0.018875,-0.791099
1.2369,5761,Virtual,Pinky_DIP,-17.875220,0.929035,20.524090,0.550433,0.266139,0.173489,-0.772072
1.2369,5761,Virtual,Pinky_FingerTip,-17.859940,0.929516,20.535630,0.550433,0.266139,0.173489,-0.772072
1.2369,5761,Render,Wrist,-18.007700,0.921037,20.596600,0.560290,-0.171165,-0.362481,-0.724835
1.2369,5761,Render,Thumb_CMC,-17.984810,0.961083,20.586000,-0.162356,-0.026202,-0.273577,-0.947687
1.2369,5761,Render,Thumb_MCP,-17.947530,0.984226,20.587720,-0.158831,-0.042643,-0.175376,-0.970669
1.2369,5761,Render,Thumb_IP,-17.901690,1.001583,20.586390,-0.147244,-0.073246,0.020279,-0.986176
1.2369,5761,Render,Thumb_FingerTip,-17.873520,1.001058,20.582110,-0.147244,-0.073246,0.020279,-0.986176
1.2369,5761,Render,Index_MCP,-17.934710,0.987480,20.538470,0.557861,-0.051198,-0.159689,-0.812816
1.2369,5761,Render,Index_PIP,-17.890510,0.996961,20.526230,0.560160,-0.007189,-0.095304,-0.822853
1.2369,5761,Render,Index_DIP,-17.865030,1.000823,20.523150,0.559264,0.032465,-0.036841,-0.827534
1.2369,5761,Render,Index_FingerTip,-17.838260,1.003440,20.523490,0.559264,0.032465,-0.036841,-0.827534
1.2369,5761,Render,Middle_MCP,-17.931680,0.962401,20.527770,0.579227,-0.087852,-0.253200,-0.769849
1.2369,5761,Render,Middle_PIP,-17.886470,0.977614,20.505140,0.584866,0.033960,-0.088345,-0.805589
1.2369,5761,Render,Middle_DIP,-17.859240,0.982660,20.503790,0.568261,0.142483,0.063506,-0.807927
1.2369,5761,Render,Middle_FingerTip,-17.832320,0.984339,20.512350,0.568261,0.142483,0.063506,-0.807927
1.2369,5761,Render,Ring_MCP,-17.929610,0.938195,20.524040,0.596792,-0.072688,-0.255894,-0.757017
1.2369,5761,Render,Ring_PIP,-17.889660,0.952187,20.504700,0.598522,0.056712,-0.087960,-0.794241
1.2369,5761,Render,Ring_DIP,-17.863890,0.957656,20.504300,0.576343,0.171095,0.066892,-0.796293
1.2369,5761,Render,Ring_FingerTip,-17.839830,0.959996,20.513320,0.576343,0.171095,0.066892,-0.796293
1.2369,5761,Render,Pinky_MCP,-17.930180,0.915870,20.525350,0.607987,-0.064484,-0.260164,-0.747335
1.2369,5761,Render,Pinky_PIP,-17.896460,0.928093,20.509100,0.607701,0.067122,-0.094203,-0.785697
1.2369,5761,Render,Pinky_DIP,-17.878610,0.932305,20.508940,0.583342,0.183080,0.059118,-0.789113
1.2369,5761,Render,Pinky_FingerTip,-17.860870,0.934610,20.515790,0.583342,0.183080,0.059118,-0.789113
1.2512,5762,Real,Wrist,-18.011090,0.921009,20.584040,0.556227,-0.194120,-0.374648,-0.715939
1.2512,5762,Real,Thumb_CMC,-17.988680,0.960795,20.571590,-0.207608,-0.068969,-0.243533,-0.944899
1.2512,5762,Real,Thumb_MCP,-17.950400,0.982261,20.570300,-0.197122,-0.094872,-0.121091,-0.968235
1.2512,5762,Real,Thumb_IP,-17.903690,0.995592,20.563640,-0.170290,-0.137328,0.102920,-0.970335
1.2512,5762,Real,Thumb_FingerTip,-17.876870,0.991233,20.555050,-0.170290,-0.137328,0.102920,-0.970335
1.2512,5762,Real,Index_MCP,-17.941100,0.986231,20.521040,0.559975,-0.075580,-0.173790,-0.806544
1.2512,5762,Real,Index_PIP,-17.897640,0.995395,20.506220,0.564183,-0.031329,-0.109854,-0.817709
1.2512,5762,Real,Index_DIP,-17.872360,0.999141,20.501670,0.564986,0.008670,-0.051719,-0.823433
1.2512,5762,Real,Index_FingerTip,-17.845610,1.001696,20.500480,0.564986,0.008670,-0.051719,-0.823433
1.2512,5762,Real,Middle_MCP,-17.938710,0.960970,20.510620,0.587704,-0.040924,-0.173067,-0.789289
1.2512,5762,Real,Middle_PIP,-17.889250,0.972857,20.496470,0.583626,0.080325,-0.007725,-0.808004
1.2512,5762,Real,Middle_DIP,-17.861890,0.975802,20.499810,0.558768,0.186681,0.141564,-0.795543
1.2512,5762,Real,Middle_FingerTip,-17.836700,0.975331,20.512700,0.558768,0.186681,0.141564,-0.795543
1.2512,5762,Real,Ring_MCP,-17.936900,0.936698,20.507180,0.603472,-0.011748,-0.162684,-0.780524
1.2512,5762,Real,Ring_PIP,-17.892840,0.947856,20.497190,0.591600,0.119691,0.010844,-0.797225
1.2512,5762,Real,Ring_DIP,-17.867260,0.951132,20.502560,0.556688,0.233269,0.166814,-0.779652
1.2512,5762,Real,Ring_FingerTip,-17.845700,0.951121,20.516730,0.556688,0.233269,0.166814,-0.779652
1.2512,5762,Real,Pinky_MCP,-17.937460,0.914400,20.508890,0.613204,-0.001892,-0.168615,-0.771717
1.2512,5762,Real,Pinky_PIP,-17.900330,0.924555,20.500640,0.598957,0.131427,0.003140,-0.789917
1.2512,5762,Real,Pinky_DIP,-17.882620,0.927352,20.504520,0.561604,0.246218,0.157828,-0.773995
1.2512,5762,Real,Pinky_FingerTip,-17.866740,0.927970,20.515210,0.561604,0.246218,0.157828,-0.773995
1.2512,5762,Virtual,Wrist,-18.009240,0.921117,20.590430,0.559573,-0.182010,-0.367846,-0.720028
1.2512,5762,Virtual,Thumb_CMC,-17.986570,0.961022,20.578880,-0.206911,-0.054711,-0.247659,-0.944913
1.2512,5762,Virtual,Thumb_MCP,-17.948310,0.982567,20.578830,-0.198249,-0.080641,-0.125182,-0.968775
1.2512,5762,Virtual,Thumb_IP,-17.901450,0.996027,20.573610,-0.174633,-0.123730,0.099060,-0.971793
1.2512,5762,Virtual,Thumb_FingerTip,-17.874390,0.991772,20.565770,-0.174633,-0.123730,0.099060,-0.971793
1.2512,5762,Virtual,Index_MCP,-17.937600,0.986861,20.529890,0.560010,-0.062788,-0.166678,-0.809114
1.2512,5762,Virtual,Index_PIP,-17.893740,0.996199,20.516390,0.563213,-0.018574,-0.102562,-0.819712
1.2512,5762,Virtual,Index_DIP,-17.868350,1.000020,20.512600,0.563116,0.021324,-0.044304,-0.824914
1.2512,5762,Virtual,Index_FingerTip,-17.841570,1.002632,20.512210,0.563116,0.021324,-0.044304,-0.824914
1.2512,5762,Virtual,Middle_MCP,-17.934850,0.961670,20.519390,0.587746,-0.028361,-0.165429,-0.791444
1.2512,5762,Virtual,Middle_PIP,-17.885020,0.973737,20.506740,0.581093,0.092630,0.000192,-0.808549
1.2512,5762,Virtual,Middle_DIP,-17.857780,0.976712,20.510900,0.554007,0.198307,0.149446,-0.794617
1.2512,5762,Virtual,Middle_FingerTip,-17.832970,0.976209,20.524510,0.554007,0.198307,0.149446,-0.794617
1.2512,5762,Virtual,Ring_MCP,-17.932890,0.937423,20.515850,0.603359,0.000667,-0.154719,-0.782317
1.2512,5762,Virtual,Ring_PIP,-17.888580,0.948726,20.507220,0.588791,0.131786,0.019008,-0.797243
1.2512,5762,Virtual,Ring_DIP,-17.863170,0.952016,20.513340,0.551565,0.244579,0.174823,-0.778071
1.2512,5762,Virtual,Ring_FingerTip,-17.842040,0.951958,20.528140,0.551565,0.244579,0.174823,-0.778071
1.2512,5762,Virtual,Pinky_MCP,-17.933450,0.915114,20.517410,0.613194,0.010423,-0.160470,-0.773392
1.2512,5762,Virtual,Pinky_PIP,-17.896120,0.925390,20.510300,0.596270,0.143445,0.011455,-0.789781
1.2512,5762,Virtual,Pinky_DIP,-17.878530,0.928196,20.514700,0.556615,0.257478,0.165955,-0.772233
1.2512,5762,Virtual,Pinky_FingerTip,-17.862970,0.928777,20.525860,0.556615,0.257478,0.165955,-0.772233
1.2512,5762,Render,Wrist,-18.009240,0.921117,20.590430,0.559573,-0.182010,-0.367846,-0.720028
1.2512,5762,Render,Thumb_CMC,-17.986570,0.961022,20.578880,-0.160710,-0.038851,-0.270939,-0.948291
1.2512,5762,Render,Thumb_MCP,-17.949240,0.984134,20.579470,-0.155903,-0.055058,-0.172690,-0.971000
1.2512,5762,Render,Thumb_IP,-17.903430,1.001419,20.576860,-0.141916,-0.084836,0.022977,-0.985969
1.2512,5762,Render,Thumb_FingerTip,-17.875370,1.000813,20.571910,-0.141916,-0.084836,0.022977,-0.985969
1.2512,5762,Render,Index_MCP,-17.937600,0.986861,20.529890,0.560010,-0.062788,-0.166678,-0.809114
1.2512,5762,Render,Index_PIP,-17.893740,0.996199,20.516390,0.563213,-0.018574,-0.102562,-0.819712
1.2512,5762,Render,Index_DIP,-17.868350,1.000020,20.512600,0.563116,0.021324,-0.044304,-0.824914
1.2512,5762,Render,Index_FingerTip,-17.841570,1.002632,20.512210,0.563116,0.021324,-0.044304,-0.824914
1.2512,5762,Render,Middle_MCP,-17.934850,0.961670,20.519390,0.580095,-0.098686,-0.259207,-0.765874
1.2512,5762,Render,Middle_PIP,-17.890170,0.976590,20.495530,0.587959,0.023540,-0.095045,-0.802943
1.2512,5762,Render,Middle_DIP,-17.862980,0.981588,20.493470,0.573243,0.132823,0.056430,-0.806577
1.2512,5762,Render,Middle_FingerTip,-17.835860,0.983321,20.501370,0.573243,0.132823,0.056430,-0.806577
1.2512,5762,Render,Ring_MCP,-17.932890,0.937423,20.515850,0.597569,-0.083394,-0.262197,-0.753134
1.2512,5762,Render,Ring_PIP,-17.893400,0.951164,20.495420,0.601571,0.046420,-0.094948,-0.791797
1.2512,5762,Render,Ring_DIP,-17.867650,0.956596,20.494350,0.581320,0.161585,0.059564,-0.795242
1.2512,5762,Render,Ring_FingerTip,-17.843380,0.958999,20.502770,0.581320,0.161585,0.059564,-0.795242
1.2512,5762,Render,Pinky_MCP,-17.933450,0.915114,20.517410,0.608666,-0.075104,-0.266648,-0.743495
1.2512,5762,Render,Pinky_PIP,-17.900130,0.927125,20.500230,0.610637,0.056893,-0.101359,-0.783334
1.2512,5762,Render,Pinky_DIP,-17.882270,0.931313,20.499600,0.588196,0.173610,0.051641,-0.788174
1.2512,5762,Render,Pinky_FingerTip,-17.864370,0.933666,20.506010,0.588196,0.173610,0.051641,-0.788174
1.2643,5763,Real,Wrist,-18.012020,0.921010,20.576800,0.552402,-0.205904,-0.381054,-0.712218
1.2643,5763,Real,Thumb_CMC,-17.989880,0.960673,20.563510,-0.209166,-0.082062,-0.239139,-0.944632
1.2643,5763,Real,Thumb_MCP,-17.951580,0.982019,20.561100,-0.197005,-0.108045,-0.116822,-0.967403
1.2643,5763,Real,Thumb_IP,-17.905040,0.995189,20.553100,-0.167187,-0.150110,0.106787,-0.968562
1.2643,5763,Real,Thumb_FingerTip,-17.878470,0.990724,20.543800,-0.167187,-0.150110,0.106787,-0.968562
1.2643,5763,Real,Index_MCP,-17.943680,0.985730,20.511520,0.559336,-0.088407,-0.180800,-0.804138
1.2643,5763,Real,Index_PIP,-17.900640,0.994715,20.495380,0.564524,-0.044569,-0.117613,-0.815779
1.2643,5763,Real,Index_DIP,-17.875510,0.998390,20.490050,0.566259,-0.004876,-0.060122,-0.822017
1.2643,5763,Real,Index_FingerTip,-17.848810,1.000900,20.488000,0.566259,-0.004876,-0.060122,-0.822017
1.2643,5763,Real,Middle_MCP,-17.941660,0.960411,20.501150,0.587076,-0.053729,-0.180802,-0.787253
1.2643,5763,Real,Middle_PIP,-17.892610,0.972112,20.485480,0.585661,0.067420,-0.016048,-0.807588
1.2643,5763,Real,Middle_DIP,-17.865150,0.975019,20.487970,0.563215,0.174164,0.133011,-0.796721
1.2643,5763,Real,Middle_FingerTip,-17.839570,0.974573,20.500070,0.563215,0.174164,0.133011,-0.796721
1.2643,5763,Real,Ring_MCP,-17.940000,0.936117,20.497790,0.603030,-0.024328,-0.170579,-0.778888
1.2643,5763,Real,Ring_PIP,-17.896230,0.947117,20.486460,0.593938,0.107125,0.002526,-0.797344
1.2643,5763,Real,Ring_DIP,-17.870490,0.950363,20.491040,0.561506,0.221242,0.158455,-0.781444
1.2643,5763,Real,Ring_FingerTip,-17.848510,0.950384,20.504540,0.561506,0.221242,0.158455,-0.781444
1.2643,5763,Real,Pinky_MCP,-17.940570,0.913829,20.499630,0.612674,-0.014381,-0.176679,-0.770201
1.2643,5763,Real,Pinky_PIP,-17.903670,0.923851,20.490230,0.601192,0.118928,-0.005314,-0.790188
1.2643,5763,Real,Pinky_DIP,-17.885850,0.926628,20.493560,0.566312,0.234236,0.149366,-0.775960
1.2643,5763,Real,Pinky_FingerTip,-17.869650,0.927270,20.503770,0.566312,0.234236,0.149366,-0.775960
1.2643,5763,Virtual,Wrist,-18.011090,0.921009,20.584050,0.556226,-0.194119,-0.374648,-0.715940
1.2643,5763,Virtual,Thumb_CMC,-17.988690,0.960795,20.571600,-0.208016,-0.068357,-0.243524,-0.944856
1.2643,5763,Virtual,Thumb_MCP,-17.950400,0.982251,20.570380,-0.197610,-0.094306,-0.121143,-0.968185
1.2643,5763,Virtual,Thumb_IP,-17.903680,0.995580,20.563770,-0.170909,-0.136871,0.102758,-0.970308
1.2643,5763,Virtual,Thumb_FingerTip,-17.876850,0.991230,20.555200,-0.170909,-0.136871,0.102758,-0.970308
1.2643,5763,Virtual,Index_MCP,-17.941110,0.986232,20.521060,0.559941,-0.075825,-0.174143,-0.806469
1.2643,5763,Virtual,Index_PIP,-17.897660,0.995408,20.506190,0.564146,-0.031978,-0.110795,-0.817583
1.2643,5763,Virtual,Index_DIP,-17.872390,0.999174,20.501590,0.564999,0.007658,-0.053194,-0.823339
1.2643,5763,Virtual,Index_FingerTip,-17.845650,1.001763,20.500320,0.564999,0.007658,-0.053194,-0.823339
1.2643,5763,Virtual,Middle_MCP,-17.938720,0.960970,20.510630,0.587673,-0.041353,-0.173643,-0.789163
1.2643,5763,Virtual,Middle_PIP,-17.889280,0.972876,20.496400,0.583716,0.079657,-0.008650,-0.807995
1.2643,5763,Virtual,Middle_DIP,-17.861920,0.975841,20.499700,0.559049,0.185833,0.140357,-0.795758
1.2643,5763,Virtual,Middle_FingerTip,-17.836690,0.975400,20.512510,0.559049,0.185833,0.140357,-0.795758
1.2643,5763,Virtual,Ring_MCP,-17.936910,0.936698,20.507190,0.603464,-0.012079,-0.163111,-0.780436
1.2643,5763,Virtual,Ring_PIP,-17.892860,0.947868,20.497160,0.591702,0.119177,0.010152,-0.797234
1.2643,5763,Virtual,Ring_DIP,-17.867270,0.951157,20.502480,0.556957,0.232624,0.165912,-0.779845
1.2643,5763,Virtual,Ring_FingerTip,-17.845680,0.951166,20.516610,0.556957,0.232624,0.165912,-0.779845
1.2643,5763,Virtual,Pinky_MCP,-17.937470,0.914400,20.508900,0.613201,-0.002228,-0.169038,-0.771625
1.2643,5763,Virtual,Pinky_PIP,-17.900340,0.924563,20.500600,0.599070,0.130907,0.002455,-0.789920
1.2643,5763,Virtual,Pinky_DIP,-17.882630,0.927370,20.504460,0.561887,0.245568,0.156932,-0.774178
1.2643,5763,Virtual,Pinky_FingerTip,-17.866720,0.928001,20.515120,0.561887,0.245568,0.156932,-0.774178
1.2643,5763,Render,Wrist,-18.011090,0.921009,20.584050,0.556226,-0.194119,-0.374648,-0.715940
1.2643,5763,Render,Thumb_CMC,-17.988690,0.960795,20.571600,-0.161725,-0.053277,-0.267526,-0.948386
1.2643,5763,Render,Thumb_MCP,-17.951310,0.983833,20.570960,-0.155439,-0.069513,-0.169286,-0.970747
1.2643,5763,Render,Thumb_IP,-17.905570,1.001008,20.566920,-0.138599,-0.098912,0.026265,-0.985047
1.2643,5763,Render,Thumb_FingerTip,-17.877670,1.000314,20.561160,-0.138599,-0.098912,0.026265,-0.985047
1.2643,5763,Render,Index_MCP,-17.941110,0.986232,20.521060,0.559974,-0.075580,-0.173790,-0.806545
1.2643,5763,Render,Index_PIP,-17.897640,0.995396,20.506230,0.564182,-0.031329,-0.109854,-0.817710
1.2643,5763,Render,Index_DIP,-17.872370,0.999141,20.501680,0.564985,0.008670,-0.051719,-0.823433
1.2643,5763,Render,Index_FingerTip,-17.845610,1.001696,20.500490,0.564985,0.008670,-0.051719,-0.823433
1.2643,5763,Render,Middle_MCP,-17.938720,0.960970,20.510630,0.578546,-0.111153,-0.266532,-0.762818
1.2643,5763,Render,Middle_PIP,-17.894720,0.975651,20.485390,0.589023,0.011023,-0.102843,-0.801470
1.2643,5763,Render,Middle_DIP,-17.867600,0.980581,20.482520,0.576624,0.120724,0.048494,-0.806585
1.2643,5763,Render,Middle_FingerTip,-17.840250,0.982307,20.489610,0.576624,0.120724,0.048494,-0.806585
1.2643,5763,Render,Ring_MCP,-17.936910,0.936698,20.507190,0.595949,-0.095704,-0.269834,-0.750250
1.2643,5763,Render,Ring_PIP,-17.898000,0.950232,20.485540,0.602624,0.034049,-0.103026,-0.790615
1.2643,5763,Render,Ring_DIP,-17.872280,0.955604,20.483690,0.584739,0.149649,0.051410,-0.795640
1.2643,5763,Render,Ring_FingerTip,-17.847770,0.958009,20.491390,0.584739,0.149649,0.051410,-0.795640
1.2643,5763,Render,Pinky_MCP,-17.937470,0.914400,20.508900,0.606959,-0.087300,-0.274481,-0.740702
1.2643,5763,Render,Pinky_PIP,-17.904630,0.926237,20.490690,0.611580,0.044615,-0.109608,-0.782282
1.2643,5763,Render,Pinky_DIP,-17.886800,0.930384,20.489510,0.591489,0.161744,0.043344,-0.788734
1.2643,5763,Render,Pinky_FingerTip,-17.868710,0.932740,20.495380,0.591489,0.161744,0.043344,-0.788734
1.2784,5764,Real,Wrist,-18.013170,0.921157,20.570140,0.546671,-0.218207,-0.388765,-0.708801
1.2784,5764,Real,Thumb_CMC,-17.991370,0.960743,20.556090,-0.212185,-0.097049,-0.234589,-0.943677
1.2784,5764,Real,Thumb_MCP,-17.953120,0.981993,20.552420,-0.198090,-0.123295,-0.112431,-0.965877
1.2784,5764,Real,Thumb_IP,-17.906820,0.995037,20.542920,-0.164767,-0.165206,0.110714,-0.966075
1.2784,5764,Real,Thumb_FingerTip,-17.880580,0.990492,20.532790,-0.164767,-0.165206,0.110714,-0.966075
1.2784,5764,Real,Index_MCP,-17.946790,0.985597,20.502600,0.557013,-0.102014,-0.188645,-0.802336
1.2784,5764,Real,Index_PIP,-17.904270,0.994450,20.485090,0.563266,-0.058316,-0.125574,-0.814593
1.2784,5764,Real,Index_DIP,-17.879310,0.998056,20.478950,0.565969,-0.018677,-0.068147,-0.821393
1.2784,5764,Real,Index_FingerTip,-17.852690,1.000498,20.476060,0.565969,-0.018677,-0.068147,-0.821393
1.2784,5764,Real,Middle_MCP,-17.945160,0.960255,20.492230,0.584774,-0.067104,-0.189140,-0.785979
1.2784,5764,Real,Middle_PIP,-17.896610,0.971811,20.474980,0.586142,0.053857,-0.024469,-0.808046
1.2784,5764,Real,Middle_DIP,-17.869080,0.974657,20.476590,0.566187,0.160921,0.124818,-0.798723
1.2784,5764,Real,Middle_FingerTip,-17.843130,0.974171,20.487870,0.566187,0.160921,0.124818,-0.798723
1.2784,5764,Real,Ring_MCP,-17.943670,0.935951,20.488860,0.600916,-0.037584,-0.179208,-0.778056
1.2784,5764,Real,Ring_PIP,-17.900250,0.946827,20.476110,0.594751,0.093727,-0.006078,-0.798405
1.2784,5764,Real,Ring_DIP,-17.874370,0.950019,20.479870,0.564925,0.208262,0.150225,-0.784168
1.2784,5764,Real,Ring_FingerTip,-17.851980,0.950011,20.492670,0.564925,0.208262,0.150225,-0.784168
1.2784,5764,Real,Pinky_MCP,-17.944230,0.913668,20.490760,0.610465,-0.027517,-0.185480,-0.769527
1.2784,5764,Real,Pinky_PIP,-17.907630,0.923585,20.480170,0.601887,0.105626,-0.014051,-0.791440
1.2784,5764,Real,Pinky_DIP,-17.889700,0.926325,20.482930,0.569596,0.221327,0.141043,-0.778898
1.2784,5764,Real,Pinky_FingerTip,-17.873180,0.926946,20.492610,0.569596,0.221327,0.141043,-0.778898
1.2784,5764,Virtual,Wrist,-18.012020,0.921010,20.576800,0.552403,-0.205905,-0.381054,-0.712217
1.2784,5764,Virtual,Thumb_CMC,-17.989880,0.960673,20.563520,-0.209165,-0.082062,-0.239138,-0.944632
1.2784,5764,Virtual,Thumb_MCP,-17.951590,0.982019,20.561110,-0.197004,-0.108045,-0.116821,-0.967403
1.2784,5764,Virtual,Thumb_IP,-17.905040,0.995189,20.553110,-0.167186,-0.150110,0.106787,-0.968562
1.2784,5764,Virtual,Thumb_FingerTip,-17.878470,0.990724,20.543810,-0.167186,-0.150110,0.106787,-0.968562
1.2784,5764,Virtual,Index_MCP,-17.943690,0.985729,20.511520,0.559337,-0.088407,-0.180800,-0.804138
1.2784,5764,Virtual,Index_PIP,-17.900650,0.994715,20.495390,0.564524,-0.044569,-0.117612,-0.815778
1.2784,5764,Virtual,Index_DIP,-17.875510,0.998389,20.490060,0.566260,-0.004876,-0.060121,-0.822017
1.2784,5764,Virtual,Index_FingerTip,-17.848810,1.000900,20.488010,0.566260,-0.004876,-0.060121,-0.822017
1.2784,5764,Virtual,Middle_MCP,-17.941660,0.960410,20.501160,0.587076,-0.053729,-0.180802,-0.787252
1.2784,5764,Virtual,Middle_PIP,-17.892610,0.972111,20.485490,0.585662,0.067420,-0.016047,-0.807587
1.2784,5764,Virtual,Middle_DIP,-17.865160,0.975019,20.487980,0.563216,0.174164,0.133011,-0.796720
1.2784,5764,Virtual,Middle_FingerTip,-17.839570,0.974573,20.500080,0.563216,0.174164,0.133011,-0.796720
1.2784,5764,Virtual,Ring_MCP,-17.940000,0.936117,20.497800,0.603031,-0.024329,-0.170578,-0.778887
1.2784,5764,Virtual,Ring_PIP,-17.896230,0.947117,20.486460,0.593938,0.107125,0.002526,-0.797343
1.2784,5764,Virtual,Ring_DIP,-17.870490,0.950363,20.491040,0.561507,0.221242,0.158455,-0.781443
1.2784,5764,Virtual,Ring_FingerTip,-17.848510,0.950384,20.504550,0.561507,0.221242,0.158455,-0.781443
1.2784,5764,Virtual,Pinky_MCP,-17.940570,0.913829,20.499630,0.612675,-0.014382,-0.176678,-0.770200
1.2784,5764,Virtual,Pinky_PIP,-17.903670,0.923850,20.490240,0.601193,0.118928,-0.005313,-0.790187
1.2784,5764,Virtual,Pinky_DIP,-17.885850,0.926628,20.493570,0.566313,0.234236,0.149367,-0.775959
1.2784,5764,Virtual,Pinky_FingerTip,-17.869650,0.927270,20.503770,0.566313,0.234236,0.149367,-0.775959
1.2784,5764,Render,Wrist,-18.012020,0.921010,20.576800,0.552403,-0.205905,-0.381054,-0.712217
1.2784,5764,Render,Thumb_CMC,-17.989880,0.960673,20.563520,-0.163111,-0.066440,-0.263734,-0.948380
1.2784,5764,Render,Thumb_MCP,-17.952470,0.983591,20.561760,-0.155474,-0.082749,-0.165514,-0.970354
1.2784,5764,Render,Thumb_IP,-17.906790,1.000602,20.556410,-0.136013,-0.111893,0.029884,-0.983915
1.2784,5764,Render,Thumb_FingerTip,-17.879060,0.999793,20.549910,-0.136013,-0.111893,0.029884,-0.983915
1.2784,5764,Render,Index_MCP,-17.943690,0.985729,20.511520,0.559337,-0.088407,-0.180800,-0.804138
1.2784,5764,Render,Index_PIP,-17.900650,0.994715,20.495390,0.564524,-0.044569,-0.117612,-0.815778
1.2784,5764,Render,Index_DIP,-17.875510,0.998389,20.490060,0.566260,-0.004876,-0.060121,-0.822017
1.2784,5764,Render,Index_FingerTip,-17.848810,1.000900,20.488010,0.566260,-0.004876,-0.060121,-0.822017
1.2784,5764,Render,Middle_MCP,-17.941660,0.960410,20.501160,0.576477,-0.123369,-0.273411,-0.760067
1.2784,5764,Render,Middle_PIP,-17.898360,0.974847,20.474610,0.589528,-0.001357,-0.110143,-0.800202
1.2784,5764,Render,Middle_DIP,-17.871310,0.979688,20.470950,0.579430,0.108655,0.041086,-0.806701
1.2784,5764,Render,Middle_FingerTip,-17.843770,0.981376,20.477260,0.579430,0.108655,0.041086,-0.806701
1.2784,5764,Render,Ring_MCP,-17.940000,0.936117,20.497800,0.593821,-0.107776,-0.277014,-0.747680
1.2784,5764,Render,Ring_PIP,-17.901690,0.949437,20.474990,0.603128,0.021801,-0.110590,-0.789640
1.2784,5764,Render,Ring_DIP,-17.876020,0.954731,20.472380,0.587596,0.137729,0.043800,-0.796143
1.2784,5764,Render,Ring_FingerTip,-17.851300,0.957107,20.479370,0.587596,0.137729,0.043800,-0.796143
1.2784,5764,Render,Pinky_MCP,-17.940570,0.913829,20.499630,0.604751,-0.099263,-0.281850,-0.738230
1.2784,5764,Render,Pinky_PIP,-17.908230,0.925486,20.480440,0.611983,0.032456,-0.117335,-0.781445
1.2784,5764,Render,Pinky_DIP,-17.890430,0.929579,20.478740,0.594230,0.149891,0.035600,-0.789402
1.2784,5764,Render,Pinky_FingerTip,-17.872180,0.931915,20.484080,0.594230,0.149891,0.035600,-0.789402
1.2930,5765,Real,Wrist,-18.013640,0.921217,20.562670,0.539838,-0.230068,-0.395364,-0.706634
1.2930,5765,Real,Thumb_CMC,-17.992080,0.960711,20.547990,-0.216528,-0.110529,-0.230376,-0.942245
1.2930,5765,Real,Thumb_MCP,-17.953900,0.981876,20.543230,-0.200699,-0.137191,-0.108569,-0.963905
1.2930,5765,Real,Thumb_IP,-17.907880,0.994838,20.532390,-0.164184,-0.179289,0.113784,-0.963303
1.2930,5765,Real,Thumb_FingerTip,-17.881950,0.990268,20.521490,-0.164184,-0.179289,0.113784,-0.963303
1.2930,5765,Real,Index_MCP,-17.949030,0.985402,20.493200,0.553195,-0.116640,-0.196893,-0.801002
1.2930,5765,Real,Index_PIP,-17.907100,0.994130,20.474250,0.560442,-0.074392,-0.135639,-0.813617
1.2930,5765,Real,Index_DIP,-17.882380,0.997694,20.467160,0.564211,-0.035997,-0.079834,-0.820974
1.2930,5765,Real,Index_FingerTip,-17.855900,1.000128,20.463150,0.564211,-0.035997,-0.079834,-0.820974
1.2930,5765,Real,Middle_MCP,-17.947820,0.960063,20.482760,0.581071,-0.081934,-0.198227,-0.785080
1.2930,5765,Real,Middle_PIP,-17.899880,0.971470,20.463800,0.585591,0.037940,-0.034437,-0.808986
1.2930,5765,Real,Middle_DIP,-17.872300,0.974247,20.464390,0.568721,0.144613,0.114401,-0.801596
1.2930,5765,Real,Middle_FingerTip,-17.845930,0.973711,20.474630,0.568721,0.144613,0.114401,-0.801596
1.2930,5765,Real,Ring_MCP,-17.946560,0.935756,20.479330,0.597532,-0.052247,-0.188343,-0.777659
1.2930,5765,Real,Ring_PIP,-17.903580,0.946482,20.465070,0.594700,0.078139,-0.015807,-0.799985
1.2930,5765,Real,Ring_DIP,-17.877570,0.949597,20.467870,0.568082,0.192502,0.140349,-0.787736
1.2930,5765,Real,Ring_FingerTip,-17.854700,0.949535,20.479810,0.568082,0.192502,0.140349,-0.787736
1.2930,5765,Real,Pinky_MCP,-17.947170,0.913474,20.481220,0.607039,-0.042096,-0.194754,-0.769288
1.2930,5765,Real,Pinky_PIP,-17.910920,0.923259,20.469360,0.601788,0.090105,-0.023876,-0.793198
1.2930,5765,Real,Pinky_DIP,-17.892900,0.925944,20.471450,0.572703,0.205619,0.131113,-0.782650
1.2930,5765,Real,Pinky_FingerTip,-17.876020,0.926524,20.480500,0.572703,0.205619,0.131113,-0.782650
1.2930,5765,Virtual,Wrist,-18.013180,0.921157,20.570160,0.546671,-0.218208,-0.388766,-0.708801
1.2930,5765,Virtual,Thumb_CMC,-17.991380,0.960743,20.556100,-0.212284,-0.096892,-0.235887,-0.943348
1.2930,5765,Virtual,Thumb_MCP,-17.953180,0.982092,20.552470,-0.198225,-0.123124,-0.113895,-0.965700
1.2930,5765,Virtual,Thumb_IP,-17.906910,0.995271,20.543030,-0.164979,-0.165029,0.109006,-0.966264
1.2930,5765,Virtual,Thumb_FingerTip,-17.880630,0.990819,20.532910,-0.164979,-0.165029,0.109006,-0.966264
1.2930,5765,Virtual,Index_MCP,-17.946800,0.985597,20.502610,0.556788,-0.103235,-0.190403,-0.801921
1.2930,5765,Virtual,Index_PIP,-17.904370,0.994514,20.484930,0.563009,-0.060753,-0.129098,-0.814042
1.2930,5765,Virtual,Index_DIP,-17.879460,0.998194,20.478590,0.565841,-0.022214,-0.073279,-0.820951
1.2930,5765,Virtual,Index_FingerTip,-17.852880,1.000754,20.475380,0.565841,-0.022214,-0.073279,-0.820951
1.2930,5765,Virtual,Middle_MCP,-17.945160,0.960255,20.492240,0.584588,-0.068706,-0.191292,-0.785458
1.2930,5765,Virtual,Middle_PIP,-17.896720,0.971881,20.474730,0.586345,0.051606,-0.027571,-0.807946
1.2930,5765,Virtual,Middle_DIP,-17.869190,0.974793,20.476140,0.566957,0.158186,0.120961,-0.799316
1.2930,5765,Virtual,Middle_FingerTip,-17.843140,0.974397,20.487180,0.566957,0.158186,0.120961,-0.799316
1.2930,5765,Virtual,Ring_MCP,-17.943670,0.935951,20.488870,0.600820,-0.039089,-0.181156,-0.777605
1.2930,5765,Virtual,Ring_PIP,-17.900330,0.946876,20.475910,0.595067,0.091697,-0.008802,-0.798380
1.2930,5765,Virtual,Ring_DIP,-17.874440,0.950121,20.479490,0.565801,0.205871,0.146907,-0.784797
1.2930,5765,Virtual,Ring_FingerTip,-17.851940,0.950183,20.492120,0.565801,0.205871,0.146907,-0.784797
1.2930,5765,Virtual,Pinky_MCP,-17.944240,0.913668,20.490770,0.610394,-0.029046,-0.187407,-0.769061
1.2930,5765,Virtual,Pinky_PIP,-17.907700,0.923621,20.480000,0.602244,0.103572,-0.016751,-0.791388
1.2930,5765,Virtual,Pinky_DIP,-17.889750,0.926396,20.482640,0.570527,0.218917,0.137748,-0.779488
1.2930,5765,Virtual,Pinky_FingerTip,-17.873160,0.927068,20.492190,0.570527,0.218917,0.137748,-0.779488
1.2930,5765,Render,Wrist,-18.013180,0.921157,20.570160,0.546671,-0.218208,-0.388766,-0.708801
1.2930,5765,Render,Thumb_CMC,-17.991380,0.960743,20.556100,-0.166507,-0.081567,-0.259924,-0.947661
1.2930,5765,Render,Thumb_MCP,-17.953990,0.983568,20.553110,-0.157308,-0.098143,-0.161798,-0.969249
1.2930,5765,Render,Thumb_IP,-17.908460,1.000460,20.546280,-0.134762,-0.127346,0.033308,-0.982096
1.2930,5765,Render,Thumb_FingerTip,-17.880950,0.999574,20.538890,-0.134762,-0.127346,0.033308,-0.982096
1.2930,5765,Render,Index_MCP,-17.946800,0.985597,20.502610,0.557012,-0.102015,-0.188646,-0.802336
1.2930,5765,Render,Index_PIP,-17.904280,0.994450,20.485100,0.563266,-0.058316,-0.125575,-0.814593
1.2930,5765,Render,Index_DIP,-17.879320,0.998056,20.478970,0.565969,-0.018677,-0.068147,-0.821393
1.2930,5765,Render,Index_FingerTip,-17.852690,1.000498,20.476060,0.565969,-0.018677,-0.068147,-0.821393
1.2930,5765,Render,Middle_MCP,-17.945160,0.960255,20.492240,0.572595,-0.136375,-0.281538,-0.757809
1.2930,5765,Render,Middle_PIP,-17.902690,0.974540,20.464300,0.588423,-0.014885,-0.118561,-0.799675
1.2930,5765,Render,Middle_DIP,-17.875770,0.979311,20.459770,0.580868,0.095159,0.032717,-0.807754
1.2930,5765,Render,Middle_FingerTip,-17.848040,0.980943,20.465200,0.580868,0.095159,0.032717,-0.807754
1.2930,5765,Render,Ring_MCP,-17.943670,0.935951,20.488870,0.589887,-0.120610,-0.285446,-0.745660
1.2930,5765,Render,Ring_PIP,-17.906070,0.949139,20.464830,0.602032,0.008423,-0.119258,-0.789471
1.2930,5765,Render,Ring_DIP,-17.880480,0.954367,20.461400,0.589101,0.124390,0.035262,-0.797649
1.2930,5765,Render,Ring_FingerTip,-17.855550,0.956697,20.467590,0.589101,0.124390,0.035262,-0.797649
1.2930,5765,Render,Pinky_MCP,-17.944240,0.913668,20.490770,0.600740,-0.111966,-0.290473,-0.736343
1.2930,5765,Render,Pinky_PIP,-17.912490,0.925214,20.470530,0.610784,0.019190,-0.126163,-0.781446
1.2930,5765,Render,Pinky_DIP,-17.894750,0.929261,20.468250,0.595612,0.136643,0.026939,-0.791107
1.2930,5765,Render,Pinky_FingerTip,-17.876330,0.931563,20.473010,0.595612,0.136643,0.026939,-0.791107
1.3061,5766,Real,Wrist,-18.014890,0.921080,20.555980,0.533433,-0.242401,-0.400972,-0.704211
1.3061,5766,Real,Thumb_CMC,-17.993520,0.960425,20.540650,-0.219823,-0.124134,-0.226879,-0.940635
1.3061,5766,Real,Thumb_MCP,-17.955480,0.981563,20.534770,-0.202117,-0.151261,-0.104556,-0.961945
1.3061,5766,Real,Thumb_IP,-17.909770,0.994424,20.522570,-0.162090,-0.193541,0.118594,-0.960315
1.3061,5766,Real,Thumb_FingerTip,-17.884210,0.989720,20.510890,-0.162090,-0.193541,0.118594,-0.960315
1.3061,5766,Real,Index_MCP,-17.951950,0.984803,20.484580,0.549757,-0.131923,-0.204737,-0.799029
1.3061,5766,Real,Index_PIP,-17.910680,0.993332,20.464160,0.558299,-0.089096,-0.142453,-0.812448
1.3061,5766,Real,Index_DIP,-17.886190,0.996758,20.456280,0.563141,-0.050091,-0.085661,-0.820382
1.3061,5766,Real,Index_FingerTip,-17.859820,0.999021,20.451470,0.563141,-0.050091,-0.085661,-0.820382
1.3061,5766,Real,Middle_MCP,-17.951230,0.959450,20.474130,0.577794,-0.097278,-0.206671,-0.783568
1.3061,5766,Real,Middle_PIP,-17.903930,0.970617,20.453470,0.585497,0.022403,-0.042802,-0.809234
1.3061,5766,Real,Middle_DIP,-17.876340,0.973264,20.453080,0.571446,0.129456,0.106412,-0.803348
1.3061,5766,Real,Middle_FingerTip,-17.849630,0.972613,20.462410,0.571446,0.129456,0.106412,-0.803348
1.3061,5766,Real,Ring_MCP,-17.950220,0.935134,20.470680,0.594578,-0.067633,-0.197110,-0.776564
1.3061,5766,Real,Ring_PIP,-17.907720,0.945637,20.454880,0.595107,0.062802,-0.024167,-0.800824
1.3061,5766,Real,Ring_DIP,-17.881620,0.948626,20.456780,0.571382,0.177818,0.132700,-0.790123
1.3061,5766,Real,Ring_FingerTip,-17.858360,0.948458,20.467940,0.571382,0.177818,0.132700,-0.790123
1.3061,5766,Real,Pinky_MCP,-17.950910,0.912857,20.472610,0.604050,-0.057422,-0.203666,-0.768340
1.3061,5766,Real,Pinky_PIP,-17.915070,0.922448,20.459450,0.602143,0.074823,-0.032350,-0.794216
1.3061,5766,Real,Pinky_DIP,-17.896970,0.925044,20.460910,0.575934,0.190982,0.123385,-0.785240
1.3061,5766,Real,Pinky_FingerTip,-17.879790,0.925546,20.469380,0.575934,0.190982,0.123385,-0.785240
1.3061,5766,Virtual,Wrist,-18.013650,0.921217,20.562670,0.539838,-0.230068,-0.395364,-0.706634
1.3061,5766,Virtual,Thumb_CMC,-17.992090,0.960711,20.547990,-0.216380,-0.110790,-0.233180,-0.941559
1.3061,5766,Virtual,Thumb_MCP,-17.954030,0.982097,20.543260,-0.200411,-0.137587,-0.110686,-0.963667
1.3061,5766,Virtual,Thumb_IP,-17.908060,0.995261,20.532440,-0.163562,-0.179839,0.113021,-0.963396
1.3061,5766,Virtual,Thumb_FingerTip,-17.882130,0.990731,20.521510,-0.163562,-0.179839,0.113021,-0.963396
1.3061,5766,Virtual,Index_MCP,-17.949030,0.985402,20.493200,0.552860,-0.118215,-0.199174,-0.800438
1.3061,5766,Virtual,Index_PIP,-17.907220,0.994212,20.474030,0.560335,-0.075190,-0.136798,-0.813423
1.3061,5766,Virtual,Index_DIP,-17.882530,0.997802,20.466870,0.564205,-0.036077,-0.079951,-0.820962
1.3061,5766,Virtual,Index_FingerTip,-17.856040,1.000238,20.462850,0.564205,-0.036077,-0.079951,-0.820962
1.3061,5766,Virtual,Middle_MCP,-17.947830,0.960063,20.482760,0.580817,-0.083713,-0.200630,-0.784469
1.3061,5766,Virtual,Middle_PIP,-17.900010,0.971550,20.463520,0.585695,0.036299,-0.036703,-0.808886
1.3061,5766,Virtual,Middle_DIP,-17.872440,0.974374,20.463960,0.569090,0.143153,0.112343,-0.801887
1.3061,5766,Virtual,Middle_FingerTip,-17.846020,0.973887,20.474070,0.569090,0.143153,0.112343,-0.801887
1.3061,5766,Virtual,Ring_MCP,-17.946560,0.935756,20.479330,0.597364,-0.054125,-0.190787,-0.777063
1.3061,5766,Virtual,Ring_PIP,-17.903690,0.946545,20.464800,0.594901,0.076593,-0.017886,-0.799942
1.3061,5766,Virtual,Ring_DIP,-17.877670,0.949700,20.467470,0.568486,0.191303,0.138688,-0.788031
1.3061,5766,Virtual,Ring_FingerTip,-17.854750,0.949672,20.479320,0.568486,0.191303,0.138688,-0.788031
1.3061,5766,Virtual,Pinky_MCP,-17.947180,0.913474,20.481220,0.606903,-0.044004,-0.197172,-0.768671
1.3061,5766,Virtual,Pinky_PIP,-17.911020,0.923305,20.469130,0.602020,0.088541,-0.025937,-0.793133
1.3061,5766,Virtual,Pinky_DIP,-17.892980,0.926016,20.471140,0.573135,0.204411,0.129462,-0.782926
1.3061,5766,Virtual,Pinky_FingerTip,-17.876070,0.926621,20.480110,0.573135,0.204411,0.129462,-0.782926
1.3061,5766,Render,Wrist,-18.013650,0.921217,20.562670,0.539838,-0.230068,-0.395364,-0.706634
1.3061,5766,Render,Thumb_CMC,-17.992090,0.960711,20.547990,-0.171086,-0.095372,-0.255085,-0.946872
1.3061,5766,Render,Thumb_MCP,-17.954690,0.983355,20.543890,-0.160453,-0.112343,-0.157065,-0.967970
1.3061,5766,Render,Thumb_IP,-17.909320,1.000032,20.535700,-0.135033,-0.141887,0.037694,-0.979905
1.3061,5766,Render,Thumb_FingerTip,-17.882040,0.999018,20.527490,-0.135033,-0.141887,0.037694,-0.979905
1.3061,5766,Render,Index_MCP,-17.949030,0.985402,20.493200,0.553195,-0.116640,-0.196893,-0.801002
1.3061,5766,Render,Index_PIP,-17.907110,0.994130,20.474250,0.560442,-0.074392,-0.135639,-0.813618
1.3061,5766,Render,Index_DIP,-17.882390,0.997694,20.467160,0.564210,-0.035996,-0.079834,-0.820974
1.3061,5766,Render,Index_FingerTip,-17.855900,1.000128,20.463150,0.564210,-0.035996,-0.079834,-0.820974
1.3061,5766,Render,Middle_MCP,-17.947830,0.960063,20.482760,0.567560,-0.149103,-0.288381,-0.756625
1.3061,5766,Render,Middle_PIP,-17.906150,0.974170,20.453560,0.586132,-0.028379,-0.125501,-0.799934
1.3061,5766,Render,Middle_DIP,-17.879360,0.978813,20.448220,0.581135,0.081474,0.025947,-0.809303
1.3061,5766,Render,Middle_FingerTip,-17.851470,0.980304,20.452810,0.581135,0.081474,0.025947,-0.809303
1.3061,5766,Render,Ring_MCP,-17.946560,0.935756,20.479330,0.584835,-0.133196,-0.292572,-0.744734
1.3061,5766,Render,Ring_PIP,-17.909650,0.948785,20.454170,0.599791,-0.004953,-0.126418,-0.790092
1.3061,5766,Render,Ring_DIP,-17.884150,0.953891,20.449970,0.589482,0.110833,0.028356,-0.799639
1.3061,5766,Render,Ring_FingerTip,-17.859020,0.956092,20.455400,0.589482,0.110833,0.028356,-0.799639
1.3061,5766,Render,Pinky_MCP,-17.947180,0.913474,20.481220,0.595637,-0.124436,-0.297782,-0.735567
1.3061,5766,Render,Pinky_PIP,-17.916010,0.924886,20.460040,0.608468,0.005916,-0.133469,-0.782252
1.3061,5766,Render,Pinky_DIP,-17.898320,0.928848,20.457230,0.595900,0.123172,0.019925,-0.793307
1.3061,5766,Render,Pinky_FingerTip,-17.879750,0.931055,20.461430,0.595900,0.123172,0.019925,-0.793307
1.3204,5767,Real,Wrist,-18.014840,0.920377,20.548830,0.527220,-0.255040,-0.403266,-0.703115
1.3204,5767,Real,Thumb_CMC,-17.993390,0.959434,20.532880,-0.223229,-0.134563,-0.221652,-0.939645
1.3204,5767,Real,Thumb_MCP,-17.955390,0.980363,20.526120,-0.203947,-0.162308,-0.098240,-0.960422
1.3204,5767,Real,Thumb_IP,-17.909890,0.992861,20.512800,-0.160858,-0.205093,0.126649,-0.957090
1.3204,5767,Real,Thumb_FingerTip,-17.884700,0.987832,20.500450,-0.160858,-0.205093,0.126649,-0.957090
1.3204,5767,Real,Index_MCP,-17.952980,0.983223,20.475730,0.546276,-0.147790,-0.209726,-0.797344
1.3204,5767,Real,Index_PIP,-17.912320,0.991323,20.453960,0.556351,-0.103600,-0.145246,-0.811570
1.3204,5767,Real,Index_DIP,-17.888020,0.994450,20.445400,0.562368,-0.063253,-0.086406,-0.819924
1.3204,5767,Real,Index_FingerTip,-17.861730,0.996348,20.439990,0.562368,-0.063253,-0.086406,-0.819924
1.3204,5767,Real,Middle_MCP,-17.952840,0.957850,20.465310,0.574635,-0.113139,-0.211962,-0.782347
1.3204,5767,Real,Middle_PIP,-17.906130,0.968497,20.443090,0.585629,0.006745,-0.047521,-0.809158
1.3204,5767,Real,Middle_DIP,-17.878540,0.970848,20.441850,0.574357,0.114541,0.102394,-0.804058
1.3204,5767,Real,Middle_FingerTip,-17.851580,0.969911,20.450390,0.574357,0.114541,0.102394,-0.804058
1.3204,5767,Real,Ring_MCP,-17.952220,0.933518,20.461870,0.591810,-0.083667,-0.202793,-0.775652
1.3204,5767,Real,Ring_PIP,-17.910160,0.943549,20.444650,0.595820,0.047306,-0.028896,-0.801203
1.3204,5767,Real,Ring_DIP,-17.883980,0.946254,20.445750,0.574922,0.163416,0.129040,-0.791271
1.3204,5767,Real,Ring_FingerTip,-17.860420,0.945833,20.456250,0.574922,0.163416,0.129040,-0.791271
1.3204,5767,Real,Pinky_MCP,-17.953140,0.911254,20.463850,0.601293,-0.073450,-0.209498,-0.767570
1.3204,5767,Real,Pinky_PIP,-17.917660,0.920439,20.449490,0.602849,0.059344,-0.037202,-0.794776
1.3204,5767,Real,Pinky_DIP,-17.899490,0.922837,20.450400,0.579448,0.176600,0.119634,-0.786601
1.3204,5767,Real,Pinky_FingerTip,-17.882080,0.923152,20.458380,0.579448,0.176600,0.119634,-0.786601
1.3204,5767,Virtual,Wrist,-18.014890,0.921080,20.556000,0.533433,-0.242401,-0.400971,-0.704211
1.3204,5767,Virtual,Thumb_CMC,-17.993520,0.960425,20.540660,-0.220195,-0.123667,-0.230421,-0.939748
1.3204,5767,Virtual,Thumb_MCP,-17.955620,0.981833,20.534910,-0.202348,-0.151112,-0.106922,-0.961659
1.3204,5767,Virtual,Thumb_IP,-17.909950,0.994914,20.522780,-0.161893,-0.193831,0.118488,-0.960303
1.3204,5767,Virtual,Thumb_FingerTip,-17.884400,0.990217,20.511070,-0.161893,-0.193831,0.118488,-0.960303
1.3204,5767,Virtual,Index_MCP,-17.951960,0.984803,20.484590,0.549262,-0.133969,-0.207711,-0.798261
1.3204,5767,Virtual,Index_PIP,-17.910850,0.993441,20.463890,0.558221,-0.089585,-0.143165,-0.812323
1.3204,5767,Virtual,Index_DIP,-17.886370,0.996882,20.455960,0.563224,-0.049140,-0.084276,-0.820525
1.3204,5767,Virtual,Index_FingerTip,-17.859980,0.999113,20.451240,0.563224,-0.049140,-0.084276,-0.820525
1.3204,5767,Virtual,Middle_MCP,-17.951230,0.959451,20.474140,0.577443,-0.099338,-0.209465,-0.782826
1.3204,5767,Virtual,Middle_PIP,-17.904100,0.970710,20.453160,0.585555,0.020828,-0.044978,-0.809116
1.3204,5767,Virtual,Middle_DIP,-17.876520,0.973404,20.452630,0.571690,0.128371,0.104885,-0.803549
1.3204,5767,Virtual,Middle_FingerTip,-17.849770,0.972787,20.461860,0.571690,0.128371,0.104885,-0.803549
1.3204,5767,Virtual,Ring_MCP,-17.950220,0.935134,20.470690,0.594321,-0.069855,-0.200012,-0.775821
1.3204,5767,Virtual,Ring_PIP,-17.907860,0.945712,20.454580,0.595260,0.061333,-0.026145,-0.800762
1.3204,5767,Virtual,Ring_DIP,-17.881750,0.948739,20.456350,0.571618,0.177059,0.131651,-0.790299
1.3204,5767,Virtual,Ring_FingerTip,-17.858460,0.948593,20.467460,0.571618,0.177059,0.131651,-0.790299
1.3204,5767,Virtual,Pinky_MCP,-17.950920,0.912857,20.472620,0.603831,-0.059679,-0.206537,-0.767573
1.3204,5767,Virtual,Pinky_PIP,-17.915180,0.922503,20.459190,0.602325,0.073336,-0.034311,-0.794134
1.3204,5767,Virtual,Pinky_DIP,-17.897080,0.925124,20.460570,0.576187,0.190217,0.122342,-0.785404
1.3204,5767,Virtual,Pinky_FingerTip,-17.879880,0.925642,20.469000,0.576187,0.190217,0.122342,-0.785404
1.3204,5767,Render,Wrist,-18.014890,0.921080,20.556000,0.533433,-0.242401,-0.400971,-0.704211
1.3204,5767,Render,Thumb_CMC,-17.993520,0.960425,20.540660,-0.174895,-0.109657,-0.249532,-0.946109
1.3204,5767,Render,Thumb_MCP,-17.956140,0.982842,20.535380,-0.162783,-0.126943,-0.151618,-0.966644
1.3204,5767,Render,Thumb_IP,-17.910940,0.999241,20.525770,-0.134427,-0.156659,0.042770,-0.977527
1.3204,5767,Render,Thumb_FingerTip,-17.883950,0.998058,20.516710,-0.134427,-0.156659,0.042770,-0.977527
1.3204,5767,Render,Index_MCP,-17.951960,0.984803,20.484590,0.549757,-0.131922,-0.204737,-0.799029
1.3204,5767,Render,Index_PIP,-17.910680,0.993332,20.464170,0.558299,-0.089096,-0.142453,-0.812448
1.3204,5767,Render,Index_DIP,-17.886190,0.996758,20.456290,0.563141,-0.050090,-0.085660,-0.820382
1.3204,5767,Render,Index_FingerTip,-17.859820,0.999022,20.451490,0.563141,-0.050090,-0.085660,-0.820382
1.3204,5767,Render,Middle_MCP,-17.951230,0.959451,20.474140,0.563017,-0.162236,-0.294281,-0.755043
1.3204,5767,Render,Middle_PIP,-17.910350,0.973270,20.443710,0.584406,-0.042169,-0.131601,-0.799608
1.3204,5767,Render,Middle_DIP,-17.883690,0.977738,20.437570,0.582012,0.067605,0.019894,-0.810121
1.3204,5767,Render,Middle_FingerTip,-17.855670,0.979053,20.441330,0.582012,0.067605,0.019894,-0.810121
1.3204,5767,Render,Ring_MCP,-17.950220,0.935134,20.470690,0.580275,-0.146212,-0.298772,-0.743397
1.3204,5767,Render,Ring_PIP,-17.913980,0.947909,20.444440,0.598121,-0.018644,-0.132760,-0.790113
1.3204,5767,Render,Ring_DIP,-17.888580,0.952848,20.439480,0.590485,0.097078,0.022137,-0.800883
1.3204,5767,Render,Ring_FingerTip,-17.863300,0.954891,20.444160,0.590485,0.097078,0.022137,-0.800883
1.3204,5767,Render,Pinky_MCP,-17.950920,0.912857,20.472620,0.591023,-0.137354,-0.304174,-0.734373
1.3204,5767,Render,Pinky_PIP,-17.920320,0.924055,20.450520,0.606725,-0.007690,-0.139968,-0.782455
1.3204,5767,Render,Pinky_DIP,-17.902690,0.927902,20.447190,0.596814,0.109485,0.013587,-0.794759
1.3204,5767,Render,Pinky_FingerTip,-17.884000,0.929992,20.450830,0.596814,0.109485,0.013587,-0.794759
1.3341,5768,Real,Wrist,-18.014840,0.919120,20.542730,0.525269,-0.265841,-0.399923,-0.702484
1.3341,5768,Real,Thumb_CMC,-17.992960,0.957682,20.526170,-0.221915,-0.139998,-0.211775,-0.941438
1.3341,5768,Real,Thumb_MCP,-17.954710,0.977920,20.518710,-0.201941,-0.167528,-0.088214,-0.960923
1.3341,5768,Real,Thumb_IP,-17.909200,0.989550,20.504680,-0.157698,-0.209707,0.136518,-0.955258
1.3341,5768,Real,Thumb_FingerTip,-17.884270,0.984001,20.492030,-0.157698,-0.209707,0.136518,-0.955258
1.3341,5768,Real,Index_MCP,-17.952950,0.980325,20.468270,0.546918,-0.158587,-0.206191,-0.795749
1.3341,5768,Real,Index_PIP,-17.912460,0.987568,20.445890,0.557854,-0.114312,-0.141850,-0.809698
1.3341,5768,Real,Index_DIP,-17.888220,0.990220,20.436970,0.564640,-0.073829,-0.083154,-0.817812
1.3341,5768,Real,Index_FingerTip,-17.861990,0.991636,20.431200,0.564640,-0.073829,-0.083154,-0.817812
1.3341,5768,Real,Middle_MCP,-17.953370,0.954868,20.458060,0.575485,-0.124082,-0.208888,-0.780889
1.3341,5768,Real,Middle_PIP,-17.906800,0.964554,20.435130,0.588697,-0.003793,-0.044810,-0.807102
1.3341,5768,Real,Middle_DIP,-17.879190,0.966435,20.433500,0.579315,0.104749,0.104680,-0.801538
1.3341,5768,Real,Middle_FingerTip,-17.852130,0.965121,20.441680,0.579315,0.104749,0.104680,-0.801538
1.3341,5768,Real,Ring_MCP,-17.953200,0.930502,20.454820,0.592937,-0.094670,-0.200014,-0.774247
1.3341,5768,Real,Ring_PIP,-17.911220,0.939690,20.436960,0.599317,0.036812,-0.026490,-0.799226
1.3341,5768,Real,Ring_DIP,-17.884980,0.941968,20.437670,0.580412,0.153814,0.131011,-0.788860
1.3341,5768,Real,Ring_FingerTip,-17.861290,0.941242,20.447860,0.580412,0.153814,0.131011,-0.788860
1.3341,5768,Real,Pinky_MCP,-17.954460,0.908274,20.457000,0.602424,-0.084505,-0.206893,-0.766250
1.3341,5768,Real,Pinky_PIP,-17.919020,0.916748,20.442090,0.606362,0.048801,-0.034946,-0.792920
1.3341,5768,Real,Pinky_DIP,-17.900810,0.918851,20.442730,0.584964,0.166952,0.121481,-0.784338
1.3341,5768,Real,Pinky_FingerTip,-17.883290,0.918942,20.450470,0.584964,0.166952,0.121481,-0.784338
1.3341,5768,Virtual,Wrist,-18.014850,0.920376,20.548830,0.527220,-0.255041,-0.403266,-0.703115
1.3341,5768,Virtual,Thumb_CMC,-17.993400,0.959433,20.532890,-0.223229,-0.134563,-0.221651,-0.939645
1.3341,5768,Virtual,Thumb_MCP,-17.955390,0.980362,20.526130,-0.203947,-0.162309,-0.098240,-0.960422
1.3341,5768,Virtual,Thumb_IP,-17.909890,0.992860,20.512800,-0.160857,-0.205094,0.126649,-0.957090
1.3341,5768,Virtual,Thumb_FingerTip,-17.884700,0.987832,20.500460,-0.160857,-0.205094,0.126649,-0.957090
1.3341,5768,Virtual,Index_MCP,-17.952980,0.983222,20.475730,0.546276,-0.147790,-0.209726,-0.797343
1.3341,5768,Virtual,Index_PIP,-17.912320,0.991323,20.453960,0.556351,-0.103601,-0.145246,-0.811569
1.3341,5768,Virtual,Index_DIP,-17.888020,0.994450,20.445400,0.562369,-0.063254,-0.086406,-0.819924
1.3341,5768,Virtual,Index_FingerTip,-17.861740,0.996348,20.440000,0.562369,-0.063254,-0.086406,-0.819924
1.3341,5768,Virtual,Middle_MCP,-17.952840,0.957849,20.465310,0.574635,-0.113139,-0.211963,-0.782346
1.3341,5768,Virtual,Middle_PIP,-17.906140,0.968496,20.443090,0.585629,0.006744,-0.047521,-0.809157
1.3341,5768,Virtual,Middle_DIP,-17.878550,0.970847,20.441850,0.574358,0.114541,0.102394,-0.804058
1.3341,5768,Virtual,Middle_FingerTip,-17.851580,0.969911,20.450400,0.574358,0.114541,0.102394,-0.804058
1.3341,5768,Virtual,Ring_MCP,-17.952230,0.933517,20.461870,0.591810,-0.083667,-0.202793,-0.775652
1.3341,5768,Virtual,Ring_PIP,-17.910170,0.943549,20.444660,0.595820,0.047305,-0.028896,-0.801203
1.3341,5768,Virtual,Ring_DIP,-17.883990,0.946254,20.445750,0.574922,0.163415,0.129040,-0.791271
1.3341,5768,Virtual,Ring_FingerTip,-17.860420,0.945833,20.456250,0.574922,0.163415,0.129040,-0.791271
1.3341,5768,Virtual,Pinky_MCP,-17.953150,0.911254,20.463850,0.601293,-0.073450,-0.209498,-0.767569
1.3341,5768,Virtual,Pinky_PIP,-17.917660,0.920438,20.449490,0.602849,0.059344,-0.037202,-0.794776
1.3341,5768,Virtual,Pinky_DIP,-17.899490,0.922836,20.450400,0.579449,0.176600,0.119634,-0.786600
1.3341,5768,Virtual,Pinky_FingerTip,-17.882080,0.923151,20.458380,0.579449,0.176600,0.119634,-0.786600
1.3341,5768,Render,Wrist,-18.014850,0.920376,20.548830,0.527220,-0.255041,-0.403266,-0.703115
1.3341,5768,Render,Thumb_CMC,-17.993400,0.959433,20.532890,-0.178088,-0.120931,-0.241315,-0.946271
1.3341,5768,Render,Thumb_MCP,-17.955880,0.981378,20.526610,-0.164808,-0.138484,-0.143427,-0.965966
1.3341,5768,Render,Thumb_IP,-17.910750,0.997203,20.515810,-0.134127,-0.168373,0.050665,-0.975241
1.3341,5768,Render,Thumb_FingerTip,-17.884010,0.995673,20.506070,-0.134127,-0.168373,0.050665,-0.975241
1.3341,5768,Render,Index_MCP,-17.952980,0.983222,20.475730,0.546276,-0.147790,-0.209726,-0.797343
1.3341,5768,Render,Index_PIP,-17.912320,0.991323,20.453960,0.556351,-0.103601,-0.145246,-0.811569
1.3341,5768,Render,Index_DIP,-17.888020,0.994450,20.445400,0.562369,-0.063254,-0.086406,-0.819924
1.3341,5768,Render,Index_FingerTip,-17.861740,0.996348,20.440000,0.562369,-0.063254,-0.086406,-0.819924
1.3341,5768,Render,Middle_MCP,-17.952840,0.957849,20.465310,0.558709,-0.175645,-0.296711,-0.754292
1.3341,5768,Render,Middle_PIP,-17.912590,0.971122,20.433800,0.582967,-0.056179,-0.134134,-0.799376
1.3341,5768,Render,Middle_DIP,-17.886050,0.975250,20.426980,0.583212,0.053572,0.017362,-0.810366
1.3341,5768,Render,Middle_FingerTip,-17.857930,0.976222,20.430010,0.583212,0.053572,0.017362,-0.810366
1.3341,5768,Render,Ring_MCP,-17.952230,0.933517,20.461870,0.575997,-0.159583,-0.301508,-0.742869
1.3341,5768,Render,Ring_PIP,-17.916520,0.945808,20.434670,0.596804,-0.032620,-0.135545,-0.790183
1.3341,5768,Render,Ring_DIP,-17.891200,0.950426,20.429050,0.591889,0.083109,0.019418,-0.801489
1.3341,5768,Render,Ring_FingerTip,-17.865780,0.952161,20.433080,0.591889,0.083109,0.019418,-0.801489
1.3341,5768,Render,Pinky_MCP,-17.953150,0.911254,20.463850,0.586723,-0.150680,-0.307110,-0.733986
1.3341,5768,Render,Pinky_PIP,-17.922990,0.922042,20.440950,0.605376,-0.021627,-0.142919,-0.782705
1.3341,5768,Render,Pinky_DIP,-17.905410,0.925666,20.437160,0.598179,0.095549,0.010740,-0.795573
1.3341,5768,Render,Pinky_FingerTip,-17.886610,0.927529,20.440320,0.598179,0.095549,0.010740,-0.795573
1.3480,5769,Real,Wrist,-18.014950,0.917791,20.536730,0.527080,-0.274910,-0.394307,-0.700809
1.3480,5769,Real,Thumb_CMC,-17.992600,0.955772,20.519470,-0.218323,-0.141235,-0.215216,-0.941313
1.3480,5769,Real,Thumb_MCP,-17.954510,0.976272,20.511920,-0.197448,-0.169194,-0.087246,-0.961653
1.3480,5769,Real,Thumb_IP,-17.909030,0.987775,20.497650,-0.151206,-0.211540,0.145491,-0.954579
1.3480,5769,Real,Thumb_FingerTip,-17.884290,0.981682,20.484880,-0.151206,-0.211540,0.145491,-0.954579
1.3480,5769,Real,Index_MCP,-17.952620,0.976964,20.461000,0.548851,-0.173096,-0.209922,-0.790400
1.3480,5769,Real,Index_PIP,-17.912720,0.983606,20.437400,0.562459,-0.121819,-0.136247,-0.806373
1.3480,5769,Real,Index_DIP,-17.888500,0.985753,20.428320,0.570622,-0.074773,-0.068930,-0.814892
1.3480,5769,Real,Index_FingerTip,-17.862160,0.986479,20.422920,0.570622,-0.074773,-0.068930,-0.814892
1.3480,5769,Real,Middle_MCP,-17.953490,0.951371,20.451170,0.578045,-0.138753,-0.212411,-0.775560
1.3480,5769,Real,Middle_PIP,-17.907480,0.960299,20.426830,0.594265,-0.015417,-0.046357,-0.802784
1.3480,5769,Real,Middle_DIP,-17.879890,0.961854,20.424620,0.586610,0.096319,0.105038,-0.797232
1.3480,5769,Real,Middle_FingerTip,-17.852740,0.960312,20.432450,0.586610,0.096319,0.105038,-0.797232
1.3480,5769,Real,Ring_MCP,-17.953700,0.926961,20.448280,0.595959,-0.109913,-0.204205,-0.768800
1.3480,5769,Real,Ring_PIP,-17.912170,0.935476,20.429090,0.605465,0.025704,-0.027686,-0.794975
1.3480,5769,Real,Ring_DIP,-17.885910,0.937456,20.429280,0.587949,0.146848,0.132629,-0.784323
1.3480,5769,Real,Ring_FingerTip,-17.862130,0.936543,20.439250,0.587949,0.146848,0.132629,-0.784323
1.3480,5769,Real,Pinky_MCP,-17.955290,0.904789,20.450800,0.605559,-0.099955,-0.211155,-0.760738
1.3480,5769,Real,Pinky_PIP,-17.920220,0.912671,20.434740,0.612603,0.037551,-0.036258,-0.788666
1.3480,5769,Real,Pinky_DIP,-17.901970,0.914564,20.435010,0.592561,0.159888,0.122964,-0.779864
1.3480,5769,Real,Pinky_FingerTip,-17.884370,0.914520,20.442580,0.592561,0.159888,0.122964,-0.779864
1.3480,5769,Virtual,Wrist,-18.014840,0.919119,20.542730,0.525268,-0.265842,-0.399924,-0.702483
1.3480,5769,Virtual,Thumb_CMC,-17.992970,0.957681,20.526170,-0.223412,-0.138355,-0.224030,-0.938486
1.3480,5769,Virtual,Thumb_MCP,-17.955140,0.978860,20.519160,-0.202876,-0.167022,-0.096359,-0.960031
1.3480,5769,Virtual,Thumb_IP,-17.909760,0.991254,20.505350,-0.156996,-0.210731,0.136255,-0.955186
1.3480,5769,Virtual,Thumb_FingerTip,-17.884850,0.985722,20.492660,-0.156996,-0.210731,0.136255,-0.955186
1.3480,5769,Virtual,Index_MCP,-17.952950,0.980324,20.468280,0.545039,-0.164929,-0.215419,-0.793301
1.3480,5769,Virtual,Index_PIP,-17.913020,0.987910,20.445020,0.557910,-0.114038,-0.141453,-0.809767
1.3480,5769,Virtual,Index_DIP,-17.888770,0.990553,20.436140,0.565444,-0.067396,-0.073837,-0.818706
1.3480,5769,Virtual,Index_FingerTip,-17.862410,0.991755,20.430920,0.565444,-0.067396,-0.073837,-0.818706
1.3480,5769,Virtual,Middle_MCP,-17.953370,0.954867,20.458060,0.574086,-0.130396,-0.217454,-0.778547
1.3480,5769,Virtual,Middle_PIP,-17.907350,0.964841,20.434160,0.588654,-0.008067,-0.050668,-0.806756
1.3480,5769,Virtual,Middle_DIP,-17.879780,0.966844,20.432140,0.579720,0.102486,0.101549,-0.801941
1.3480,5769,Virtual,Middle_FingerTip,-17.852660,0.965597,20.440130,0.579720,0.102486,0.101549,-0.801941
1.3480,5769,Virtual,Ring_MCP,-17.953200,0.930501,20.454830,0.591805,-0.101503,-0.208931,-0.771889
1.3480,5769,Virtual,Ring_PIP,-17.911680,0.939920,20.436030,0.599540,0.032976,-0.031604,-0.799040
1.3480,5769,Virtual,Ring_DIP,-17.885450,0.942292,20.436410,0.580684,0.152781,0.129607,-0.789092
1.3480,5769,Virtual,Ring_FingerTip,-17.861720,0.941592,20.446520,0.580684,0.152781,0.129607,-0.789092
1.3480,5769,Virtual,Pinky_MCP,-17.954470,0.908273,20.457000,0.601409,-0.091448,-0.215717,-0.763813
1.3480,5769,Virtual,Pinky_PIP,-17.919420,0.916916,20.441290,0.606662,0.044919,-0.040020,-0.792681
1.3480,5769,Virtual,Pinky_DIP,-17.901200,0.919080,20.441700,0.585260,0.165911,0.120085,-0.784553
1.3480,5769,Virtual,Pinky_FingerTip,-17.883650,0.919191,20.449390,0.585260,0.165911,0.120085,-0.784553
1.3480,5769,Render,Wrist,-18.014840,0.919119,20.542730,0.525268,-0.265842,-0.399924,-0.702483
1.3480,5769,Render,Thumb_CMC,-17.992970,0.957681,20.526170,-0.176770,-0.126870,-0.231745,-0.948131
1.3480,5769,Render,Thumb_MCP,-17.955180,0.978947,20.519200,-0.162891,-0.144257,-0.133718,-0.966839
1.3480,5769,Render,Thumb_IP,-17.909950,0.993929,20.507660,-0.131105,-0.173652,0.060355,-0.974174
1.3480,5769,Render,Thumb_FingerTip,-17.883380,0.991875,20.497570,-0.131105,-0.173652,0.060355,-0.974174
1.3480,5769,Render,Index_MCP,-17.952950,0.980324,20.468280,0.546917,-0.158589,-0.206192,-0.795749
1.3480,5769,Render,Index_PIP,-17.912460,0.987567,20.445890,0.557854,-0.114313,-0.141852,-0.809697
1.3480,5769,Render,Index_DIP,-17.888230,0.990220,20.436980,0.564640,-0.073830,-0.083155,-0.817812
1.3480,5769,Render,Index_FingerTip,-17.861990,0.991635,20.431210,0.564640,-0.073830,-0.083155,-0.817812
1.3480,5769,Render,Middle_MCP,-17.953370,0.954867,20.458060,0.558349,-0.186616,-0.293497,-0.753181
1.3480,5769,Render,Middle_PIP,-17.913340,0.967208,20.425910,0.584886,-0.066987,-0.131219,-0.797624
1.3480,5769,Render,Middle_DIP,-17.886820,0.970839,20.418700,0.587114,0.043312,0.019899,-0.808100
1.3480,5769,Render,Middle_FingerTip,-17.858650,0.971368,20.421340,0.587114,0.043312,0.019899,-0.808100
1.3480,5769,Render,Ring_MCP,-17.953200,0.930501,20.454830,0.575689,-0.170641,-0.298572,-0.741835
1.3480,5769,Render,Ring_PIP,-17.917680,0.941972,20.427050,0.598870,-0.043487,-0.132899,-0.788544
1.3480,5769,Render,Ring_DIP,-17.892350,0.946122,20.421040,0.596012,0.072845,0.021699,-0.799371
1.3480,5769,Render,Ring_FingerTip,-17.866850,0.947467,20.424720,0.596012,0.072845,0.021699,-0.799371
1.3480,5769,Render,Pinky_MCP,-17.954470,0.908273,20.457000,0.586413,-0.161789,-0.304358,-0.733015
1.3480,5769,Render,Pinky_PIP,-17.924450,0.918369,20.433610,0.607451,-0.032546,-0.140438,-0.781167
1.3480,5769,Render,Pinky_DIP,-17.906870,0.921669,20.429550,0.602321,0.085236,0.012878,-0.793586
1.3480,5769,Render,Pinky_FingerTip,-17.887990,0.923245,20.432440,0.602321,0.085236,0.012878,-0.793586
1.3624,5770,Real,Wrist,-18.015130,0.916734,20.530690,0.527386,-0.284786,-0.392420,-0.697688
1.3624,5770,Real,Thumb_CMC,-17.992620,0.954260,20.512650,-0.214948,-0.147622,-0.213566,-0.941486
1.3624,5770,Real,Thumb_MCP,-17.954630,0.974705,20.504480,-0.192855,-0.175504,-0.083435,-0.961792
1.3624,5770,Real,Thumb_IP,-17.909300,0.985893,20.489500,-0.144362,-0.217150,0.153067,-0.953193
1.3624,5770,Real,Thumb_FingerTip,-17.884830,0.979364,20.476450,-0.144362,-0.217150,0.153067,-0.953193
1.3624,5770,Real,Index_MCP,-17.953210,0.974300,20.453400,0.550511,-0.185428,-0.212497,-0.785748
1.3624,5770,Real,Index_PIP,-17.913830,0.980377,20.428800,0.566047,-0.130523,-0.134382,-0.802805
1.3624,5770,Real,Index_DIP,-17.889700,0.982142,20.419410,0.575364,-0.080016,-0.062948,-0.811537
1.3624,5770,Real,Index_FingerTip,-17.863360,0.982413,20.413970,0.575364,-0.080016,-0.062948,-0.811537
1.3624,5770,Real,Middle_MCP,-17.954480,0.948597,20.443900,0.580015,-0.151069,-0.215073,-0.771041
1.3624,5770,Real,Middle_PIP,-17.908960,0.956856,20.418420,0.598805,-0.025925,-0.048395,-0.799011
1.3624,5770,Real,Middle_DIP,-17.881410,0.958139,20.415670,0.592892,0.087855,0.103675,-0.793733
1.3624,5770,Real,Middle_FingerTip,-17.854160,0.956430,20.423100,0.592892,0.087855,0.103675,-0.793733
1.3624,5770,Real,Ring_MCP,-17.954990,0.924156,20.441330,0.598171,-0.122606,-0.207542,-0.764256
1.3624,5770,Real,Ring_PIP,-17.913860,0.932093,20.421050,0.610415,0.015292,-0.030048,-0.791364
1.3624,5770,Real,Ring_DIP,-17.887580,0.933837,20.420720,0.594591,0.138931,0.131281,-0.780977
1.3624,5770,Real,Ring_FingerTip,-17.863660,0.932809,20.430350,0.594591,0.138931,0.131281,-0.780977
1.3624,5770,Real,Pinky_MCP,-17.956770,0.902034,20.444140,0.607778,-0.112740,-0.214617,-0.756199
1.3624,5770,Real,Pinky_PIP,-17.922020,0.909418,20.427150,0.617552,0.027069,-0.038756,-0.785108
1.3624,5770,Real,Pinky_DIP,-17.903760,0.911148,20.427060,0.599188,0.151911,0.121484,-0.776620
1.3624,5770,Real,Pinky_FingerTip,-17.886050,0.911021,20.434370,0.599188,0.151911,0.121484,-0.776620
1.3624,5770,Virtual,Wrist,-18.014950,0.917792,20.536730,0.527080,-0.274910,-0.394307,-0.700809
1.3624,5770,Virtual,Thumb_CMC,-17.992610,0.955774,20.519470,-0.218649,-0.141120,-0.220820,-0.939956
1.3624,5770,Virtual,Thumb_MCP,-17.954730,0.976712,20.512070,-0.197407,-0.169567,-0.090830,-0.961264
1.3624,5770,Virtual,Thumb_IP,-17.909320,0.988556,20.497840,-0.150222,-0.212499,0.145765,-0.954479
1.3624,5770,Virtual,Thumb_FingerTip,-17.884610,0.982445,20.485030,-0.150222,-0.212499,0.145765,-0.954479
1.3624,5770,Virtual,Index_MCP,-17.952630,0.976966,20.461010,0.547934,-0.175979,-0.214076,-0.789286
1.3624,5770,Virtual,Index_PIP,-17.912990,0.983760,20.437010,0.562556,-0.121372,-0.135606,-0.806481
1.3624,5770,Virtual,Index_DIP,-17.888750,0.985892,20.427970,0.571077,-0.071209,-0.063843,-0.815306
1.3624,5770,Virtual,Index_FingerTip,-17.862340,0.986505,20.422890,0.571077,-0.071209,-0.063843,-0.815306
1.3624,5770,Virtual,Middle_MCP,-17.953500,0.951373,20.451170,0.577367,-0.141550,-0.216163,-0.774523
1.3624,5770,Virtual,Middle_PIP,-17.907740,0.960423,20.426410,0.594217,-0.017173,-0.048730,-0.802644
1.3624,5770,Virtual,Middle_DIP,-17.880170,0.962026,20.424050,0.586731,0.095580,0.104033,-0.797364
1.3624,5770,Virtual,Middle_FingerTip,-17.853000,0.960505,20.431810,0.586731,0.095580,0.104033,-0.797364
1.3624,5770,Virtual,Ring_MCP,-17.953710,0.926962,20.448290,0.595365,-0.113086,-0.208297,-0.767701
1.3624,5770,Virtual,Ring_PIP,-17.912410,0.935579,20.428670,0.605537,0.023935,-0.030008,-0.794891
1.3624,5770,Virtual,Ring_DIP,-17.886140,0.937600,20.428710,0.588060,0.146403,0.132036,-0.784423
1.3624,5770,Virtual,Ring_FingerTip,-17.862340,0.936698,20.438640,0.588060,0.146403,0.132036,-0.784423
1.3624,5770,Virtual,Pinky_MCP,-17.955300,0.904790,20.450800,0.605018,-0.103179,-0.215204,-0.759602
1.3624,5770,Virtual,Pinky_PIP,-17.920410,0.912747,20.434380,0.612710,0.035762,-0.038562,-0.788556
1.3624,5770,Virtual,Pinky_DIP,-17.902170,0.914666,20.434550,0.592682,0.159440,0.122374,-0.779957
1.3624,5770,Virtual,Pinky_FingerTip,-17.884560,0.914630,20.442090,0.592682,0.159440,0.122374,-0.779957
1.3624,5770,Render,Wrist,-18.014950,0.917792,20.536730,0.527080,-0.274910,-0.394307,-0.700809
1.3624,5770,Render,Thumb_CMC,-17.992610,0.955774,20.519470,-0.171551,-0.130188,-0.223088,-0.950712
1.3624,5770,Render,Thumb_MCP,-17.954560,0.976361,20.511960,-0.157361,-0.147025,-0.124842,-0.968523
1.3624,5770,Render,Thumb_IP,-17.909170,0.990487,20.499930,-0.125136,-0.175270,0.069388,-0.974067
1.3624,5770,Render,Thumb_FingerTip,-17.882700,0.987884,20.489700,-0.125136,-0.175270,0.069388,-0.974067
1.3624,5770,Render,Index_MCP,-17.952630,0.976966,20.461010,0.548852,-0.173095,-0.209922,-0.790401
1.3624,5770,Render,Index_PIP,-17.912730,0.983608,20.437400,0.562459,-0.121819,-0.136246,-0.806373
1.3624,5770,Render,Index_DIP,-17.888510,0.985754,20.428330,0.570622,-0.074773,-0.068930,-0.814892
1.3624,5770,Render,Index_FingerTip,-17.862160,0.986481,20.422930,0.570622,-0.074773,-0.068930,-0.814892
1.3624,5770,Render,Middle_MCP,-17.953500,0.951373,20.451170,0.561460,-0.195323,-0.288183,-0.750708
1.3624,5770,Render,Middle_PIP,-17.913490,0.962639,20.418600,0.589732,-0.074861,-0.126532,-0.794104
1.3624,5770,Render,Middle_DIP,-17.886970,0.965762,20.411170,0.593344,0.036480,0.023847,-0.803768
1.3624,5770,Render,Middle_FingerTip,-17.858780,0.965902,20.413630,0.593344,0.036480,0.023847,-0.803768
1.3624,5770,Render,Ring_MCP,-17.953710,0.926962,20.448290,0.578822,-0.179482,-0.293514,-0.739325
1.3624,5770,Render,Ring_PIP,-17.918190,0.937490,20.420120,0.603822,-0.051453,-0.128495,-0.785010
1.3624,5770,Render,Ring_DIP,-17.892860,0.941168,20.413910,0.602407,0.065984,0.025338,-0.795054
1.3624,5770,Render,Ring_FingerTip,-17.867310,0.942179,20.417400,0.602407,0.065984,0.025338,-0.795054
1.3624,5770,Render,Pinky_MCP,-17.955300,0.904790,20.450800,0.589530,-0.170726,-0.299464,-0.730499
1.3624,5770,Render,Pinky_PIP,-17.925280,0.914090,20.427080,0.612408,-0.040609,-0.136196,-0.777662
1.3624,5770,Render,Pinky_DIP,-17.907680,0.917064,20.422860,0.608740,0.078280,0.016364,-0.789329
1.3624,5770,Render,Pinky_FingerTip,-17.888760,0.918395,20.425610,0.608740,0.078280,0.016364,-0.789329
1.3761,5771,Real,Wrist,-18.014500,0.915429,20.525120,0.532748,-0.293051,-0.386471,-0.693499
1.3761,5771,Real,Thumb_CMC,-17.991660,0.952311,20.506200,-0.205836,-0.150405,-0.206547,-0.944642
1.3761,5771,Real,Thumb_MCP,-17.953480,0.972165,20.497450,-0.183449,-0.177021,-0.076052,-0.963964
1.3761,5771,Real,Thumb_IP,-17.908090,0.982538,20.482090,-0.134870,-0.216334,0.160756,-0.953503
1.3761,5771,Real,Thumb_FingerTip,-17.883730,0.975464,20.469090,-0.134870,-0.216334,0.160756,-0.953503
1.3761,5771,Real,Index_MCP,-17.952240,0.970633,20.446390,0.557669,-0.192017,-0.207213,-0.780511
1.3761,5771,Real,Index_PIP,-17.912890,0.975752,20.421530,0.573818,-0.136377,-0.129637,-0.797075
1.3761,5771,Real,Index_DIP,-17.888770,0.977053,20.412030,0.583621,-0.085161,-0.058728,-0.805410
1.3761,5771,Real,Index_FingerTip,-17.862450,0.976924,20.406490,0.583621,-0.085161,-0.058728,-0.805410
1.3761,5771,Real,Middle_MCP,-17.953820,0.944744,20.437460,0.587190,-0.157820,-0.210292,-0.765557
1.3761,5771,Real,Middle_PIP,-17.908310,0.951960,20.411660,0.607237,-0.031019,-0.044872,-0.792646
1.3761,5771,Real,Middle_DIP,-17.880760,0.952887,20.408780,0.602136,0.084449,0.105930,-0.786816
1.3761,5771,Real,Middle_FingerTip,-17.853500,0.951048,20.416150,0.602136,0.084449,0.105930,-0.786816
1.3761,5771,Real,Ring_MCP,-17.954600,0.920260,20.435420,0.605436,-0.129362,-0.203139,-0.758583
1.3761,5771,Real,Ring_PIP,-17.913460,0.927313,20.414840,0.619015,0.010346,-0.027036,-0.784846
1.3761,5771,Real,Ring_DIP,-17.887160,0.928769,20.414380,0.604016,0.135834,0.132907,-0.773983
1.3761,5771,Real,Ring_FingerTip,-17.863220,0.927694,20.423950,0.604016,0.135834,0.132907,-0.773983
1.3761,5771,Real,Pinky_MCP,-17.956610,0.898226,20.438720,0.614995,-0.119611,-0.210381,-0.750477
1.3761,5771,Real,Pinky_PIP,-17.921840,0.904866,20.421460,0.626132,0.022000,-0.035918,-0.778579
1.3761,5771,Real,Pinky_DIP,-17.903560,0.906397,20.421270,0.608618,0.148690,0.122937,-0.769650
1.3761,5771,Real,Pinky_FingerTip,-17.885830,0.906239,20.428520,0.608618,0.148690,0.122937,-0.769650
1.3761,5771,Virtual,Wrist,-18.015130,0.916733,20.530690,0.527386,-0.284786,-0.392420,-0.697688
1.3761,5771,Virtual,Thumb_CMC,-17.992630,0.954259,20.512660,-0.214948,-0.147621,-0.213566,-0.941486
1.3761,5771,Virtual,Thumb_MCP,-17.954640,0.974704,20.504480,-0.192855,-0.175504,-0.083435,-0.961792
1.3761,5771,Virtual,Thumb_IP,-17.909310,0.985892,20.489510,-0.144362,-0.217150,0.153067,-0.953193
1.3761,5771,Virtual,Thumb_FingerTip,-17.884840,0.979363,20.476450,-0.144362,-0.217150,0.153067,-0.953193
1.3761,5771,Virtual,Index_MCP,-17.953220,0.974299,20.453400,0.550511,-0.185428,-0.212497,-0.785748
1.3761,5771,Virtual,Index_PIP,-17.913840,0.980376,20.428800,0.566047,-0.130523,-0.134382,-0.802805
1.3761,5771,Virtual,Index_DIP,-17.889710,0.982141,20.419410,0.575364,-0.080016,-0.062948,-0.811537
1.3761,5771,Virtual,Index_FingerTip,-17.863360,0.982413,20.413970,0.575364,-0.080016,-0.062948,-0.811537
1.3761,5771,Virtual,Middle_MCP,-17.954480,0.948596,20.443900,0.580015,-0.151069,-0.215073,-0.771041
1.3761,5771,Virtual,Middle_PIP,-17.908970,0.956855,20.418430,0.598805,-0.025925,-0.048395,-0.799011
1.3761,5771,Virtual,Middle_DIP,-17.881420,0.958139,20.415670,0.592892,0.087855,0.103675,-0.793733
1.3761,5771,Virtual,Middle_FingerTip,-17.854170,0.956429,20.423100,0.592892,0.087855,0.103675,-0.793733
1.3761,5771,Virtual,Ring_MCP,-17.954990,0.924155,20.441330,0.598171,-0.122606,-0.207542,-0.764256
1.3761,5771,Virtual,Ring_PIP,-17.913860,0.932092,20.421050,0.610415,0.015292,-0.030048,-0.791364
1.3761,5771,Virtual,Ring_DIP,-17.887580,0.933836,20.420730,0.594591,0.138931,0.131281,-0.780977
1.3761,5771,Virtual,Ring_FingerTip,-17.863670,0.932809,20.430360,0.594591,0.138931,0.131281,-0.780977
1.3761,5771,Virtual,Pinky_MCP,-17.956770,0.902034,20.444150,0.607778,-0.112740,-0.214617,-0.756198
1.3761,5771,Virtual,Pinky_PIP,-17.922030,0.909418,20.427160,0.617553,0.027069,-0.038756,-0.785108
1.3761,5771,Virtual,Pinky_DIP,-17.903760,0.911147,20.427060,0.599188,0.151912,0.121484,-0.776620
1.3761,5771,Virtual,Pinky_FingerTip,-17.886060,0.911020,20.434370,0.599188,0.151912,0.121484,-0.776620
1.3761,5771,Render,Wrist,-18.015130,0.916733,20.530690,0.527386,-0.284786,-0.392420,-0.697688
1.3761,5771,Render,Thumb_CMC,-17.992630,0.954259,20.512660,-0.167854,-0.137724,-0.216236,-0.951893
1.3761,5771,Render,Thumb_MCP,-17.954490,0.974366,20.504330,-0.152914,-0.154145,-0.117905,-0.968997
1.3761,5771,Render,Thumb_IP,-17.909160,0.987881,20.491450,-0.119367,-0.181369,0.076282,-0.973159
1.3761,5771,Render,Thumb_FingerTip,-17.882860,0.984884,20.480870,-0.119367,-0.181369,0.076282,-0.973159
1.3761,5771,Render,Index_MCP,-17.953220,0.974299,20.453400,0.550511,-0.185428,-0.212497,-0.785748
1.3761,5771,Render,Index_PIP,-17.913840,0.980376,20.428800,0.566047,-0.130523,-0.134382,-0.802805
1.3761,5771,Render,Index_DIP,-17.889710,0.982141,20.419410,0.575364,-0.080016,-0.062948,-0.811537
1.3761,5771,Render,Index_FingerTip,-17.863360,0.982413,20.413970,0.575364,-0.080016,-0.062948,-0.811537
1.3761,5771,Render,Middle_MCP,-17.954480,0.948596,20.443900,0.563200,-0.205050,-0.286769,-0.747345
1.3761,5771,Render,Middle_PIP,-17.914800,0.959033,20.410670,0.593448,-0.084017,-0.125845,-0.790521
1.3761,5771,Render,Middle_DIP,-17.888360,0.961785,20.402840,0.598703,0.028178,0.023853,-0.800120
1.3761,5771,Render,Middle_FingerTip,-17.860130,0.961659,20.404920,0.598703,0.028178,0.023853,-0.800120
1.3761,5771,Render,Ring_MCP,-17.954990,0.924155,20.441330,0.580536,-0.189257,-0.292375,-0.735987
1.3761,5771,Render,Ring_PIP,-17.919750,0.933957,20.412570,0.607588,-0.060635,-0.128096,-0.781506
1.3761,5771,Render,Ring_DIP,-17.894460,0.937290,20.405970,0.607874,0.057701,0.025053,-0.791538
1.3761,5771,Render,Ring_FingerTip,-17.868870,0.938077,20.409110,0.607874,0.057701,0.025053,-0.791538
1.3761,5771,Render,Pinky_MCP,-17.956770,0.902034,20.444150,0.591194,-0.180537,-0.298497,-0.727184
1.3761,5771,Render,Pinky_PIP,-17.926980,0.910721,20.419910,0.616133,-0.049836,-0.135960,-0.774217
1.3761,5771,Render,Pinky_DIP,-17.909410,0.913457,20.415420,0.614175,0.069945,0.015931,-0.785903
1.3761,5771,Render,Pinky_FingerTip,-17.890450,0.914623,20.417910,0.614175,0.069945,0.015931,-0.785903
1.3900,5772,Real,Wrist,-18.013930,0.914392,20.519070,0.537049,-0.302592,-0.379801,-0.689759
1.3900,5772,Real,Thumb_CMC,-17.990680,0.950540,20.499260,-0.197745,-0.153880,-0.205669,-0.946001
1.3900,5772,Real,Thumb_MCP,-17.952560,0.970299,20.490050,-0.174429,-0.179880,-0.072140,-0.965409
1.3900,5772,Real,Thumb_IP,-17.907210,0.980205,20.474250,-0.124268,-0.217577,0.169982,-0.953060
1.3900,5772,Real,Thumb_FingerTip,-17.883050,0.972512,20.461230,-0.124268,-0.217577,0.169982,-0.953060
1.3900,5772,Real,Index_MCP,-17.951320,0.967035,20.438890,0.562586,-0.204128,-0.206686,-0.774022
1.3900,5772,Real,Index_PIP,-17.912390,0.971262,20.413200,0.581091,-0.143194,-0.123271,-0.791602
1.3900,5772,Real,Index_DIP,-17.888290,0.972008,20.403590,0.592125,-0.086947,-0.046977,-0.799764
1.3900,5772,Real,Index_FingerTip,-17.861920,0.971260,20.398360,0.592125,-0.086947,-0.046977,-0.799764
1.3900,5772,Real,Middle_MCP,-17.953300,0.940987,20.430520,0.592483,-0.170142,-0.209929,-0.758911
1.3900,5772,Real,Middle_PIP,-17.908200,0.947166,20.403740,0.615094,-0.040541,-0.044105,-0.786175
1.3900,5772,Real,Middle_DIP,-17.880680,0.947706,20.400470,0.611493,0.077850,0.107072,-0.780097
1.3900,5772,Real,Middle_FingerTip,-17.853370,0.945673,20.407610,0.611493,0.077850,0.107072,-0.780097
1.3900,5772,Real,Ring_MCP,-17.954430,0.916479,20.429000,0.611017,-0.142052,-0.203374,-0.751744
1.3900,5772,Real,Ring_PIP,-17.913620,0.922630,20.407500,0.627311,0.001266,-0.026292,-0.778324
1.3900,5772,Real,Ring_DIP,-17.887310,0.923750,20.406680,0.613607,0.130413,0.134542,-0.767058
1.3900,5772,Real,Ring_FingerTip,-17.863320,0.922554,20.416100,0.613607,0.130413,0.134542,-0.767058
1.3900,5772,Real,Pinky_MCP,-17.956720,0.894549,20.432780,0.620609,-0.132494,-0.210740,-0.743558
1.3900,5772,Real,Pinky_PIP,-17.922230,0.900413,20.414720,0.634466,0.012762,-0.035333,-0.772038
1.3900,5772,Real,Pinky_DIP,-17.903940,0.901711,20.414260,0.618241,0.143136,0.124400,-0.762768
1.3900,5772,Real,Pinky_FingerTip,-17.886160,0.901466,20.421390,0.618241,0.143136,0.124400,-0.762768
1.3900,5772,Virtual,Wrist,-18.014500,0.915430,20.525130,0.532748,-0.293050,-0.386471,-0.693500
1.3900,5772,Virtual,Thumb_CMC,-17.991660,0.952312,20.506210,-0.206182,-0.150705,-0.214404,-0.942766
1.3900,5772,Virtual,Thumb_MCP,-17.953780,0.972792,20.497610,-0.183225,-0.177908,-0.081240,-0.963420
1.3900,5772,Virtual,Thumb_IP,-17.908500,0.983664,20.482260,-0.133278,-0.217853,0.160674,-0.953395
1.3900,5772,Virtual,Thumb_FingerTip,-17.884180,0.976588,20.469210,-0.133278,-0.217853,0.160674,-0.953395
1.3900,5772,Virtual,Index_MCP,-17.952250,0.970634,20.446400,0.556266,-0.196043,-0.212850,-0.778993
1.3900,5772,Virtual,Index_PIP,-17.913270,0.975950,20.421010,0.573948,-0.135827,-0.128872,-0.797199
1.3900,5772,Virtual,Index_DIP,-17.889130,0.977236,20.411550,0.584310,-0.080297,-0.052017,-0.805872
1.3900,5772,Virtual,Index_FingerTip,-17.862720,0.976968,20.406430,0.584310,-0.080297,-0.052017,-0.805872
1.3900,5772,Virtual,Middle_MCP,-17.953820,0.944746,20.437470,0.586091,-0.161854,-0.215552,-0.764093
1.3900,5772,Virtual,Middle_PIP,-17.908690,0.952122,20.411060,0.607089,-0.033798,-0.048501,-0.792432
1.3900,5772,Virtual,Middle_DIP,-17.881160,0.953115,20.407950,0.602346,0.082937,0.103955,-0.787080
1.3900,5772,Virtual,Middle_FingerTip,-17.853870,0.951311,20.415180,0.602346,0.082937,0.103955,-0.787080
1.3900,5772,Virtual,Ring_MCP,-17.954600,0.920262,20.435430,0.604487,-0.133724,-0.208603,-0.757099
1.3900,5772,Virtual,Ring_PIP,-17.913780,0.927437,20.414270,0.619051,0.007883,-0.030159,-0.784732
1.3900,5772,Virtual,Ring_DIP,-17.887490,0.928941,20.413610,0.604161,0.135186,0.132077,-0.774125
1.3900,5772,Virtual,Ring_FingerTip,-17.863530,0.927880,20.423130,0.604161,0.135186,0.132077,-0.774125
1.3900,5772,Virtual,Pinky_MCP,-17.956610,0.898227,20.438730,0.614116,-0.124042,-0.215786,-0.748941
1.3900,5772,Virtual,Pinky_PIP,-17.922110,0.904954,20.420980,0.626214,0.019508,-0.039015,-0.778430
1.3900,5772,Virtual,Pinky_DIP,-17.903840,0.906517,20.420640,0.608777,0.148038,0.122112,-0.769782
1.3900,5772,Virtual,Pinky_FingerTip,-17.886090,0.906368,20.427860,0.608777,0.148038,0.122112,-0.769782
1.3900,5772,Render,Wrist,-18.014500,0.915430,20.525130,0.532748,-0.293050,-0.386471,-0.693500
1.3900,5772,Render,Thumb_CMC,-17.991660,0.952312,20.506210,-0.158585,-0.140806,-0.209350,-0.954567
1.3900,5772,Render,Thumb_MCP,-17.953340,0.971823,20.497320,-0.143378,-0.156264,-0.110782,-0.970954
1.3900,5772,Render,Thumb_IP,-17.907910,0.984568,20.484000,-0.109601,-0.181558,0.083651,-0.973667
1.3900,5772,Render,Thumb_FingerTip,-17.881690,0.981060,20.473400,-0.109601,-0.181558,0.083651,-0.973667
1.3900,5772,Render,Index_MCP,-17.952250,0.970634,20.446400,0.557669,-0.192016,-0.207212,-0.780512
1.3900,5772,Render,Index_PIP,-17.912890,0.975753,20.421540,0.573818,-0.136377,-0.129636,-0.797076
1.3900,5772,Render,Index_DIP,-17.888780,0.977054,20.412040,0.583621,-0.085160,-0.058727,-0.805411
1.3900,5772,Render,Index_FingerTip,-17.862450,0.976925,20.406500,0.583621,-0.085160,-0.058727,-0.805411
1.3900,5772,Render,Middle_MCP,-17.953820,0.944746,20.437470,0.569707,-0.212446,-0.281493,-0.742336
1.3900,5772,Render,Middle_PIP,-17.914150,0.954032,20.403880,0.601345,-0.089906,-0.121720,-0.784529
1.3900,5772,Render,Middle_DIP,-17.887700,0.956329,20.395910,0.607560,0.023866,0.026788,-0.793463
1.3900,5772,Render,Middle_FingerTip,-17.859470,0.955947,20.397900,0.607560,0.023866,0.026788,-0.793463
1.3900,5772,Render,Ring_MCP,-17.954600,0.920262,20.435430,0.586993,-0.196789,-0.287360,-0.730848
1.3900,5772,Render,Ring_PIP,-17.919360,0.929057,20.406350,0.615508,-0.066611,-0.124298,-0.775412
1.3900,5772,Render,Ring_DIP,-17.894050,0.931975,20.399590,0.616797,0.053365,0.027605,-0.784826
1.3900,5772,Render,Ring_FingerTip,-17.868440,0.932556,20.402630,0.616797,0.053365,0.027605,-0.784826
1.3900,5772,Render,Pinky_MCP,-17.956610,0.898227,20.438730,0.597590,-0.188178,-0.293642,-0.721977
1.3900,5772,Render,Pinky_PIP,-17.926810,0.906066,20.414220,0.624016,-0.055931,-0.132332,-0.768091
1.3900,5772,Render,Pinky_DIP,-17.909220,0.908515,20.409610,0.623086,0.065485,0.018309,-0.779192
1.3900,5772,Render,Pinky_FingerTip,-17.890240,0.909532,20.412000,0.623086,0.065485,0.018309,-0.779192
1.4041,5773,Real,Wrist,-18.013810,0.913167,20.513320,0.537029,-0.313862,-0.375104,-0.687305
1.4041,5773,Real,Thumb_CMC,-17.990200,0.948639,20.492730,-0.195137,-0.157854,-0.203614,-0.946333
1.4041,5773,Real,Thumb_MCP,-17.952120,0.968266,20.483100,-0.170705,-0.184000,-0.066966,-0.965671
1.4041,5773,Real,Thumb_IP,-17.906850,0.977688,20.466800,-0.118363,-0.221329,0.180543,-0.951004
1.4041,5773,Real,Thumb_FingerTip,-17.883000,0.969394,20.453580,-0.118363,-0.221329,0.180543,-0.951004
1.4041,5773,Real,Index_MCP,-17.951310,0.963628,20.431670,0.563256,-0.219486,-0.208379,-0.768861
1.4041,5773,Real,Index_PIP,-17.913060,0.967055,20.404870,0.584721,-0.153403,-0.118777,-0.787694
1.4041,5773,Real,Index_DIP,-17.889050,0.967256,20.394990,0.597441,-0.092170,-0.036759,-0.795750
1.4041,5773,Real,Index_FingerTip,-17.862680,0.965867,20.389860,0.597441,-0.092170,-0.036759,-0.795750
1.4041,5773,Real,Middle_MCP,-17.953820,0.937504,20.423690,0.593706,-0.185533,-0.211541,-0.753884
1.4041,5773,Real,Middle_PIP,-17.909380,0.942713,20.395650,0.619685,-0.053848,-0.044887,-0.781714
1.4041,5773,Real,Middle_DIP,-17.881930,0.942808,20.391770,0.618402,0.066991,0.107113,-0.775640
1.4041,5773,Real,Middle_FingerTip,-17.854530,0.940451,20.398460,0.618402,0.066991,0.107113,-0.775640
1.4041,5773,Real,Ring_MCP,-17.955380,0.912999,20.422530,0.612589,-0.157972,-0.205692,-0.746640
1.4041,5773,Real,Ring_PIP,-17.915100,0.918286,20.399830,0.632520,-0.011798,-0.027173,-0.773978
1.4041,5773,Real,Ring_DIP,-17.888810,0.919001,20.398440,0.621040,0.120537,0.135038,-0.762591
1.4041,5773,Real,Ring_FingerTip,-17.864690,0.917550,20.407510,0.621040,0.120537,0.135038,-0.762591
1.4041,5773,Real,Pinky_MCP,-17.957990,0.891166,20.426650,0.622233,-0.148574,-0.213186,-0.738447
1.4041,5773,Real,Pinky_PIP,-17.923940,0.896283,20.407560,0.639725,-0.000422,-0.036361,-0.767744
1.4041,5773,Real,Pinky_DIP,-17.905640,0.897297,20.406700,0.625711,0.133167,0.124751,-0.758412
1.4041,5773,Real,Pinky_FingerTip,-17.887760,0.896865,20.413560,0.625711,0.133167,0.124751,-0.758412
1.4041,5773,Virtual,Wrist,-18.013930,0.914391,20.519070,0.537050,-0.302592,-0.379801,-0.689759
1.4041,5773,Virtual,Thumb_CMC,-17.990680,0.950539,20.499260,-0.199208,-0.152369,-0.213792,-0.944136
1.4041,5773,Virtual,Thumb_MCP,-17.952820,0.970931,20.490370,-0.175515,-0.179150,-0.077354,-0.964944
1.4041,5773,Virtual,Thumb_IP,-17.907520,0.981334,20.474750,-0.124248,-0.217860,0.170311,-0.952940
1.4041,5773,Virtual,Thumb_FingerTip,-17.883380,0.973626,20.461710,-0.124248,-0.217860,0.170311,-0.952940
1.4041,5773,Virtual,Index_MCP,-17.951320,0.967033,20.438890,0.560913,-0.208682,-0.212953,-0.772321
1.4041,5773,Virtual,Index_PIP,-17.912820,0.971474,20.412610,0.581154,-0.142940,-0.122924,-0.791655
1.4041,5773,Virtual,Index_DIP,-17.888700,0.972214,20.403020,0.592812,-0.082131,-0.040474,-0.800119
1.4041,5773,Virtual,Index_FingerTip,-17.862260,0.971336,20.398200,0.592812,-0.082131,-0.040474,-0.800119
1.4041,5773,Virtual,Middle_MCP,-17.953300,0.940986,20.430520,0.591201,-0.174545,-0.215569,-0.757328
1.4041,5773,Virtual,Middle_PIP,-17.908620,0.947329,20.403100,0.614881,-0.043653,-0.048083,-0.785941
1.4041,5773,Virtual,Middle_DIP,-17.881130,0.947936,20.399560,0.611718,0.076065,0.104795,-0.780406
1.4041,5773,Virtual,Middle_FingerTip,-17.853780,0.945941,20.406540,0.611718,0.076065,0.104795,-0.780406
1.4041,5773,Virtual,Ring_MCP,-17.954430,0.916477,20.429010,0.609867,-0.146913,-0.209353,-0.750100
1.4041,5773,Virtual,Ring_PIP,-17.913980,0.922754,20.406860,0.627310,-0.001669,-0.029933,-0.778192
1.4041,5773,Virtual,Ring_DIP,-17.887680,0.923926,20.405810,0.613831,0.129354,0.133219,-0.767289
1.4041,5773,Virtual,Ring_FingerTip,-17.863660,0.922749,20.415150,0.613831,0.129354,0.133219,-0.767289
1.4041,5773,Virtual,Pinky_MCP,-17.956730,0.894548,20.432780,0.619534,-0.137432,-0.216654,-0.741857
1.4041,5773,Virtual,Pinky_PIP,-17.922540,0.900500,20.414190,0.634519,0.009793,-0.038945,-0.771864
1.4041,5773,Virtual,Pinky_DIP,-17.904250,0.901831,20.413560,0.618487,0.142069,0.123084,-0.762981
1.4041,5773,Virtual,Pinky_FingerTip,-17.886440,0.901599,20.420630,0.618487,0.142069,0.123084,-0.762981
1.4041,5773,Render,Wrist,-18.013930,0.914391,20.519070,0.537050,-0.302592,-0.379801,-0.689759
1.4041,5773,Render,Thumb_CMC,-17.990680,0.950539,20.499260,-0.150192,-0.145697,-0.200881,-0.957007
1.4041,5773,Render,Thumb_MCP,-17.952180,0.969344,20.489660,-0.134529,-0.160271,-0.102109,-0.972517
1.4041,5773,Render,Thumb_IP,-17.906690,0.981196,20.475730,-0.100134,-0.183734,0.092462,-0.973481
1.4041,5773,Render,Thumb_FingerTip,-17.880600,0.977114,20.465010,-0.100134,-0.183734,0.092462,-0.973481
1.4041,5773,Render,Index_MCP,-17.951320,0.967033,20.438890,0.562587,-0.204128,-0.206685,-0.774022
1.4041,5773,Render,Index_PIP,-17.912400,0.971261,20.413200,0.581092,-0.143194,-0.123271,-0.791601
1.4041,5773,Render,Index_DIP,-17.888290,0.972007,20.403600,0.592125,-0.086947,-0.046977,-0.799764
1.4041,5773,Render,Index_FingerTip,-17.861920,0.971259,20.398360,0.592125,-0.086947,-0.046977,-0.799764
1.4041,5773,Render,Middle_MCP,-17.953300,0.940986,20.430520,0.575350,-0.221261,-0.275438,-0.737665
1.4041,5773,Render,Middle_PIP,-17.913680,0.948999,20.396540,0.608691,-0.097362,-0.116764,-0.778706
1.4041,5773,Render,Middle_DIP,-17.887240,0.950755,20.388400,0.616168,0.017911,0.030571,-0.786817
1.4041,5773,Render,Middle_FingerTip,-17.859010,0.950018,20.390260,0.616168,0.017911,0.030571,-0.786817
1.4041,5773,Render,Ring_MCP,-17.954430,0.916477,20.429010,0.592608,-0.205760,-0.281595,-0.726074
1.4041,5773,Render,Ring_PIP,-17.919220,0.924158,20.399570,0.622912,-0.074172,-0.119688,-0.769516
1.4041,5773,Render,Ring_DIP,-17.893920,0.926576,20.392640,0.625521,0.047374,0.030991,-0.778151
1.4041,5773,Render,Ring_FingerTip,-17.868280,0.926861,20.395530,0.625521,0.047374,0.030991,-0.778151
1.4041,5773,Render,Pinky_MCP,-17.956730,0.894548,20.432780,0.603155,-0.197268,-0.288056,-0.717157
1.4041,5773,Render,Pinky_PIP,-17.926950,0.901446,20.407960,0.631397,-0.063620,-0.127908,-0.762188
1.4041,5773,Render,Pinky_DIP,-17.909360,0.903549,20.403220,0.631812,0.059364,0.021512,-0.772546
1.4041,5773,Render,Pinky_FingerTip,-17.890350,0.904349,20.405500,0.631812,0.059364,0.021512,-0.772546
1.4183,5774,Real,Wrist,-18.013660,0.912062,20.507460,0.535276,-0.324918,-0.373591,-0.684353
1.4183,5774,Real,Thumb_CMC,-17.989950,0.947020,20.486120,-0.194052,-0.165255,-0.203510,-0.945314
1.4183,5774,Real,Thumb_MCP,-17.952080,0.966732,20.475860,-0.168057,-0.191630,-0.064379,-0.964827
1.4183,5774,Real,Thumb_IP,-17.907050,0.975981,20.458790,-0.112743,-0.228592,0.187490,-0.948621
1.4183,5774,Real,Thumb_FingerTip,-17.883540,0.967312,20.445230,-0.112743,-0.228592,0.187490,-0.948621
1.4183,5774,Real,Index_MCP,-17.951910,0.960900,20.424270,0.562022,-0.235129,-0.213245,-0.763788
1.4183,5774,Real,Index_PIP,-17.914510,0.963778,20.396220,0.586539,-0.164703,-0.118333,-0.784119
1.4183,5774,Real,Index_DIP,-17.890690,0.963580,20.385910,0.601098,-0.099179,-0.031356,-0.792378
1.4183,5774,Real,Index_FingerTip,-17.864370,0.961709,20.380670,0.601098,-0.099179,-0.031356,-0.792378
1.4183,5774,Real,Middle_MCP,-17.954890,0.934733,20.416590,0.593208,-0.200489,-0.215513,-0.749308
1.4183,5774,Real,Middle_PIP,-17.911230,0.939227,20.387230,0.622587,-0.066910,-0.047683,-0.778226
1.4183,5774,Real,Middle_DIP,-17.883890,0.938975,20.382690,0.623642,0.056227,0.105541,-0.772509
1.4183,5774,Real,Middle_FingerTip,-17.856400,0.936345,20.388880,0.623642,0.056227,0.105541,-0.772509
1.4183,5774,Real,Ring_MCP,-17.956770,0.910240,20.415710,0.612205,-0.173964,-0.211029,-0.741896
1.4183,5774,Real,Ring_PIP,-17.917200,0.914899,20.391680,0.635922,-0.025706,-0.031358,-0.770688
1.4183,5774,Real,Ring_DIP,-17.890940,0.915312,20.389580,0.627006,0.109187,0.132127,-0.759924
1.4183,5774,Real,Ring_FingerTip,-17.866660,0.913663,20.398140,0.627006,0.109187,0.132127,-0.759924
1.4183,5774,Real,Pinky_MCP,-17.959600,0.888485,20.420090,0.621878,-0.164673,-0.218639,-0.733722
1.4183,5774,Real,Pinky_PIP,-17.926130,0.893053,20.399870,0.643150,-0.014408,-0.040671,-0.764524
1.4183,5774,Real,Pinky_DIP,-17.907850,0.893854,20.398510,0.631684,0.121757,0.121722,-0.755867
1.4183,5774,Real,Pinky_FingerTip,-17.889830,0.893276,20.404980,0.631684,0.121757,0.121722,-0.755867
1.4183,5774,Virtual,Wrist,-18.013810,0.913168,20.513330,0.537029,-0.313862,-0.375104,-0.687305
1.4183,5774,Virtual,Thumb_CMC,-17.990210,0.948640,20.492730,-0.196004,-0.157558,-0.212016,-0.944356
1.4183,5774,Virtual,Thumb_MCP,-17.952430,0.968936,20.483320,-0.171103,-0.184297,-0.072934,-0.965111
1.4183,5774,Virtual,Thumb_IP,-17.907240,0.978931,20.467100,-0.117583,-0.222298,0.179300,-0.951110
1.4183,5774,Virtual,Thumb_FingerTip,-17.883390,0.970700,20.453850,-0.117583,-0.222298,0.179300,-0.951110
1.4183,5774,Virtual,Index_MCP,-17.951310,0.963630,20.431670,0.561458,-0.224044,-0.214606,-0.767147
1.4183,5774,Virtual,Index_PIP,-17.913500,0.967268,20.404290,0.584624,-0.153771,-0.119273,-0.787619
1.4183,5774,Virtual,Index_DIP,-17.889510,0.967477,20.394380,0.597992,-0.088524,-0.031905,-0.795960
1.4183,5774,Virtual,Index_FingerTip,-17.863080,0.965996,20.389570,0.597992,-0.088524,-0.031905,-0.795960
1.4183,5774,Virtual,Middle_MCP,-17.953830,0.937505,20.423690,0.592510,-0.189316,-0.216346,-0.752520
1.4183,5774,Virtual,Middle_PIP,-17.909750,0.942853,20.395110,0.619480,-0.056155,-0.047799,-0.781541
1.4183,5774,Virtual,Middle_DIP,-17.882330,0.942995,20.391030,0.618491,0.066165,0.106076,-0.775783
1.4183,5774,Virtual,Middle_FingerTip,-17.854920,0.940654,20.397650,0.618491,0.066165,0.106076,-0.775783
1.4183,5774,Virtual,Ring_MCP,-17.955380,0.913001,20.422540,0.611335,-0.162756,-0.211523,-0.745009
1.4183,5774,Virtual,Ring_PIP,-17.915480,0.918407,20.399220,0.632451,-0.015014,-0.031109,-0.773830
1.4183,5774,Virtual,Ring_DIP,-17.889200,0.919175,20.397570,0.621354,0.118905,0.133034,-0.762943
1.4183,5774,Virtual,Ring_FingerTip,-17.865040,0.917750,20.406510,0.621354,0.118905,0.133034,-0.762943
1.4183,5774,Virtual,Pinky_MCP,-17.958000,0.891168,20.426650,0.621052,-0.153434,-0.218952,-0.736758
1.4183,5774,Virtual,Pinky_PIP,-17.924260,0.896367,20.407050,0.639714,-0.003675,-0.040265,-0.767549
1.4183,5774,Virtual,Pinky_DIP,-17.905970,0.897414,20.406000,0.626059,0.131523,0.122758,-0.758738
1.4183,5774,Virtual,Pinky_FingerTip,-17.888050,0.897000,20.412770,0.626059,0.131523,0.122758,-0.758738
1.4183,5774,Render,Wrist,-18.013810,0.913168,20.513330,0.537029,-0.313862,-0.375104,-0.687305
1.4183,5774,Render,Thumb_CMC,-17.990210,0.948640,20.492730,-0.145771,-0.150878,-0.190879,-0.958933
1.4183,5774,Render,Thumb_MCP,-17.951490,0.966647,20.482470,-0.129602,-0.164974,-0.091962,-0.973412
1.4183,5774,Render,Thumb_IP,-17.905960,0.977522,20.467900,-0.094373,-0.187368,0.102585,-0.972350
1.4183,5774,Render,Thumb_FingerTip,-17.880060,0.972844,20.456960,-0.094373,-0.187368,0.102585,-0.972350
1.4183,5774,Render,Index_MCP,-17.951310,0.963630,20.431670,0.563256,-0.219485,-0.208380,-0.768861
1.4183,5774,Render,Index_PIP,-17.913060,0.967056,20.404880,0.584721,-0.153403,-0.118777,-0.787694
1.4183,5774,Render,Index_DIP,-17.889060,0.967257,20.394990,0.597441,-0.092170,-0.036759,-0.795750
1.4183,5774,Render,Index_FingerTip,-17.862690,0.965868,20.389870,0.597441,-0.092170,-0.036759,-0.795750
1.4183,5774,Render,Middle_MCP,-17.953830,0.937505,20.423690,0.576968,-0.232414,-0.271148,-0.734555
1.4183,5774,Render,Middle_PIP,-17.914490,0.944378,20.389140,0.612583,-0.107938,-0.113210,-0.774774
1.4183,5774,Render,Middle_DIP,-17.888130,0.945575,20.380660,0.621965,0.008247,0.033328,-0.782292
1.4183,5774,Render,Middle_FingerTip,-17.859900,0.944390,20.382200,0.621965,0.008247,0.033328,-0.782292
1.4183,5774,Render,Ring_MCP,-17.955380,0.913001,20.422540,0.594236,-0.217032,-0.277613,-0.722988
1.4183,5774,Render,Ring_PIP,-17.920400,0.919678,20.392580,0.626915,-0.084834,-0.116459,-0.765649
1.4183,5774,Render,Ring_DIP,-17.895150,0.921574,20.385310,0.631506,0.037684,0.033413,-0.773734
1.4183,5774,Render,Ring_FingerTip,-17.869480,0.921468,20.387910,0.631506,0.037684,0.033413,-0.773734
1.4183,5774,Render,Pinky_MCP,-17.958000,0.891168,20.426650,0.604752,-0.208620,-0.284271,-0.714103
1.4183,5774,Render,Pinky_PIP,-17.928420,0.897218,20.401390,0.635387,-0.074367,-0.124864,-0.758394
1.4183,5774,Render,Pinky_DIP,-17.910850,0.898959,20.396400,0.637800,0.049588,0.023767,-0.768237
1.4183,5774,Render,Pinky_FingerTip,-17.891810,0.899471,20.398450,0.637800,0.049588,0.023767,-0.768237
1.4322,5775,Real,Wrist,-18.013210,0.910790,20.501950,0.530837,-0.340354,-0.372167,-0.681076
1.4322,5775,Real,Thumb_CMC,-17.989390,0.945083,20.479670,-0.193462,-0.176244,-0.191297,-0.946000
1.4322,5775,Real,Thumb_MCP,-17.951430,0.963971,20.468280,-0.165881,-0.202418,-0.052195,-0.963736
1.4322,5775,Real,Thumb_IP,-17.906680,0.972196,20.449990,-0.107849,-0.238449,0.198976,-0.944415
1.4322,5775,Real,Thumb_FingerTip,-17.883680,0.962951,20.435940,-0.107849,-0.238449,0.198976,-0.944415
1.4322,5775,Real,Index_MCP,-17.952660,0.957639,20.416750,0.560830,-0.251032,-0.211871,-0.759976
1.4322,5775,Real,Index_PIP,-17.915930,0.959534,20.387750,0.587298,-0.180633,-0.117435,-0.780168
1.4322,5775,Real,Index_DIP,-17.892390,0.958783,20.376860,0.603605,-0.114929,-0.030897,-0.788352
1.4322,5775,Real,Index_FingerTip,-17.866250,0.956361,20.370980,0.603605,-0.114929,-0.030897,-0.788352
1.4322,5775,Real,Middle_MCP,-17.956320,0.931460,20.409420,0.592239,-0.216521,-0.214837,-0.745800
1.4322,5775,Real,Middle_PIP,-17.913340,0.934839,20.378930,0.625122,-0.082770,-0.047785,-0.774654
1.4322,5775,Real,Middle_DIP,-17.886130,0.934023,20.373710,0.629232,0.041169,0.104742,-0.769026
1.4322,5775,Real,Middle_FingerTip,-17.858550,0.930930,20.379240,0.629232,0.041169,0.104742,-0.769026
1.4322,5775,Real,Ring_MCP,-17.958690,0.907001,20.408840,0.611503,-0.190065,-0.210793,-0.738584
1.4322,5775,Real,Ring_PIP,-17.919650,0.910674,20.383770,0.639012,-0.041523,-0.031905,-0.767412
1.4322,5775,Real,Ring_DIP,-17.893450,0.910566,20.381020,0.633366,0.094380,0.130901,-0.756839
1.4322,5775,Real,Ring_FingerTip,-17.869000,0.908538,20.388980,0.633366,0.094380,0.130901,-0.756839
1.4322,5775,Real,Pinky_MCP,-17.961810,0.885346,20.413500,0.621127,-0.180802,-0.218646,-0.730552
1.4322,5775,Real,Pinky_PIP,-17.928780,0.889081,20.392410,0.646198,-0.030264,-0.041421,-0.761444
1.4322,5775,Real,Pinky_DIP,-17.910530,0.889521,20.390580,0.638012,0.106903,0.120339,-0.753015
1.4322,5775,Real,Pinky_FingerTip,-17.892360,0.888662,20.396610,0.638012,0.106903,0.120339,-0.753015
1.4322,5775,Virtual,Wrist,-18.013670,0.912061,20.507470,0.535276,-0.324918,-0.373591,-0.684353
1.4322,5775,Virtual,Thumb_CMC,-17.989960,0.947019,20.486120,-0.194052,-0.165255,-0.203510,-0.945314
1.4322,5775,Virtual,Thumb_MCP,-17.952090,0.966731,20.475870,-0.168057,-0.191630,-0.064379,-0.964827
1.4322,5775,Virtual,Thumb_IP,-17.907060,0.975980,20.458800,-0.112743,-0.228592,0.187490,-0.948622
1.4322,5775,Virtual,Thumb_FingerTip,-17.883550,0.967311,20.445240,-0.112743,-0.228592,0.187490,-0.948622
1.4322,5775,Virtual,Index_MCP,-17.951910,0.960900,20.424270,0.562022,-0.235129,-0.213245,-0.763788
1.4322,5775,Virtual,Index_PIP,-17.914520,0.963777,20.396220,0.586539,-0.164703,-0.118333,-0.784119
1.4322,5775,Virtual,Index_DIP,-17.890700,0.963579,20.385920,0.601098,-0.099179,-0.031356,-0.792378
1.4322,5775,Virtual,Index_FingerTip,-17.864380,0.961708,20.380680,0.601098,-0.099179,-0.031356,-0.792378
1.4322,5775,Virtual,Middle_MCP,-17.954900,0.934732,20.416600,0.593208,-0.200489,-0.215513,-0.749309
1.4322,5775,Virtual,Middle_PIP,-17.911240,0.939226,20.387230,0.622587,-0.066910,-0.047683,-0.778226
1.4322,5775,Virtual,Middle_DIP,-17.883890,0.938974,20.382700,0.623642,0.056227,0.105541,-0.772509
1.4322,5775,Virtual,Middle_FingerTip,-17.856400,0.936344,20.388880,0.623642,0.056227,0.105541,-0.772509
1.4322,5775,Virtual,Ring_MCP,-17.956780,0.910239,20.415720,0.612205,-0.173964,-0.211029,-0.741896
1.4322,5775,Virtual,Ring_PIP,-17.917210,0.914899,20.391690,0.635922,-0.025706,-0.031358,-0.770688
1.4322,5775,Virtual,Ring_DIP,-17.890950,0.915311,20.389590,0.627006,0.109187,0.132127,-0.759924
1.4322,5775,Virtual,Ring_FingerTip,-17.866660,0.913662,20.398150,0.627006,0.109187,0.132127,-0.759924
1.4322,5775,Virtual,Pinky_MCP,-17.959610,0.888484,20.420100,0.621878,-0.164673,-0.218639,-0.733722
1.4322,5775,Virtual,Pinky_PIP,-17.926130,0.893052,20.399880,0.643150,-0.014408,-0.040671,-0.764524
1.4322,5775,Virtual,Pinky_DIP,-17.907860,0.893853,20.398510,0.631684,0.121758,0.121722,-0.755867
1.4322,5775,Virtual,Pinky_FingerTip,-17.889830,0.893275,20.404990,0.631684,0.121758,0.121722,-0.755867
1.4322,5775,Render,Wrist,-18.013670,0.912061,20.507470,0.535276,-0.324918,-0.373591,-0.684353
1.4322,5775,Render,Thumb_CMC,-17.989960,0.947019,20.486120,-0.143666,-0.159613,-0.182789,-0.959413
1.4322,5775,Render,Thumb_MCP,-17.951220,0.964434,20.474980,-0.126617,-0.173448,-0.083866,-0.973063
1.4322,5775,Render,Thumb_IP,-17.905830,0.974590,20.459470,-0.089769,-0.195084,0.110452,-0.970404
1.4322,5775,Render,Thumb_FingerTip,-17.880200,0.969479,20.448120,-0.089769,-0.195084,0.110452,-0.970404
1.4322,5775,Render,Index_MCP,-17.951910,0.960900,20.424270,0.562022,-0.235129,-0.213245,-0.763788
1.4322,5775,Render,Index_PIP,-17.914520,0.963777,20.396220,0.586539,-0.164703,-0.118333,-0.784119
1.4322,5775,Render,Index_DIP,-17.890700,0.963579,20.385920,0.601098,-0.099179,-0.031356,-0.792378
1.4322,5775,Render,Index_FingerTip,-17.864380,0.961708,20.380680,0.601098,-0.099179,-0.031356,-0.792378
1.4322,5775,Render,Middle_MCP,-17.954900,0.934732,20.416600,0.576842,-0.243607,-0.270080,-0.731414
1.4322,5775,Render,Middle_PIP,-17.916060,0.940754,20.381330,0.614777,-0.118915,-0.112816,-0.771480
1.4322,5775,Render,Middle_DIP,-17.889830,0.941526,20.372390,0.626168,-0.002128,0.033100,-0.778982
1.4322,5775,Render,Middle_FingerTip,-17.861590,0.939991,20.373480,0.626168,-0.002128,0.033100,-0.778982
1.4322,5775,Render,Ring_MCP,-17.956780,0.910239,20.415720,0.594096,-0.228272,-0.276841,-0.719932
1.4322,5775,Render,Ring_PIP,-17.922230,0.916167,20.385120,0.629183,-0.095845,-0.116359,-0.762498
1.4322,5775,Render,Ring_DIP,-17.897080,0.917665,20.377410,0.635855,0.027318,0.032904,-0.770623
1.4322,5775,Render,Ring_FingerTip,-17.871380,0.917253,20.379570,0.635855,0.027318,0.032904,-0.770623
1.4322,5775,Render,Pinky_MCP,-17.959610,0.888484,20.420100,0.604564,-0.219888,-0.283686,-0.711107
1.4322,5775,Render,Pinky_PIP,-17.930370,0.893901,20.394280,0.637615,-0.085414,-0.124934,-0.755343
1.4322,5775,Render,Pinky_DIP,-17.912870,0.895365,20.388990,0.642117,0.039179,0.023110,-0.765256
1.4322,5775,Render,Pinky_FingerTip,-17.893800,0.895652,20.390710,0.642117,0.039179,0.023110,-0.765256
1.4458,5776,Real,Wrist,-18.012740,0.908915,20.496920,0.521164,-0.357764,-0.371607,-0.679928
1.4458,5776,Real,Thumb_CMC,-17.988770,0.942580,20.473850,-0.200425,-0.187471,-0.192055,-0.942231
1.4458,5776,Real,Thumb_MCP,-17.951190,0.961772,20.461720,-0.170088,-0.215373,-0.048776,-0.960368
1.4458,5776,Real,Thumb_IP,-17.906940,0.969958,20.442250,-0.106328,-0.253002,0.209711,-0.938460
1.4458,5776,Real,Thumb_FingerTip,-17.884600,0.960273,20.427440,-0.106328,-0.253002,0.209711,-0.938460
1.4458,5776,Real,Index_MCP,-17.953710,0.954152,20.409790,0.550730,-0.278186,-0.222158,-0.754953
1.4458,5776,Real,Index_PIP,-17.918750,0.955511,20.378670,0.583578,-0.200321,-0.116911,-0.778229
1.4458,5776,Real,Index_DIP,-17.895590,0.954165,20.367030,0.603793,-0.126985,-0.020256,-0.786701
1.4458,5776,Real,Index_FingerTip,-17.869580,0.950898,20.361000,0.603793,-0.126985,-0.020256,-0.786701
1.4458,5776,Real,Middle_MCP,-17.958260,0.928065,20.402630,0.585256,-0.238919,-0.218729,-0.743338
1.4458,5776,Real,Middle_PIP,-17.916530,0.930469,20.370360,0.624274,-0.099440,-0.043799,-0.773612
1.4458,5776,Real,Middle_DIP,-17.889470,0.928906,20.364570,0.631395,0.030770,0.115870,-0.766139
1.4458,5776,Real,Middle_FingerTip,-17.861980,0.924981,20.370050,0.631395,0.030770,0.115870,-0.766139
1.4458,5776,Real,Ring_MCP,-17.961250,0.903672,20.402160,0.606236,-0.209308,-0.210921,-0.737686
1.4458,5776,Real,Ring_PIP,-17.922930,0.906343,20.375890,0.639428,-0.049628,-0.018033,-0.767036
1.4458,5776,Real,Ring_DIP,-17.896740,0.905400,20.373280,0.633954,0.097130,0.156925,-0.751028
1.4458,5776,Real,Ring_FingerTip,-17.872690,0.902496,20.382170,0.633954,0.097130,0.156925,-0.751028
1.4458,5776,Real,Pinky_MCP,-17.964770,0.882107,20.406960,0.615846,-0.200048,-0.219029,-0.729891
1.4458,5776,Real,Pinky_PIP,-17.932320,0.884994,20.384840,0.646392,-0.038243,-0.027845,-0.761538
1.4458,5776,Real,Pinky_DIP,-17.914060,0.884865,20.383120,0.638145,0.109801,0.146120,-0.747907
1.4458,5776,Real,Pinky_FingerTip,-17.896180,0.883362,20.389840,0.638145,0.109801,0.146120,-0.747907
1.4458,5776,Virtual,Wrist,-18.013220,0.910792,20.501960,0.530837,-0.340354,-0.372167,-0.681076
1.4458,5776,Virtual,Thumb_CMC,-17.989400,0.945085,20.479680,-0.195708,-0.175152,-0.207031,-0.942422
1.4458,5776,Virtual,Thumb_MCP,-17.951950,0.965230,20.468740,-0.167269,-0.202486,-0.063553,-0.962799
1.4458,5776,Virtual,Thumb_IP,-17.907330,0.974552,20.450660,-0.107057,-0.239830,0.196121,-0.944753
1.4458,5776,Virtual,Thumb_FingerTip,-17.884300,0.965454,20.436550,-0.107057,-0.239830,0.196121,-0.944753
1.4458,5776,Virtual,Index_MCP,-17.952660,0.957641,20.416750,0.557028,-0.259360,-0.223170,-0.756735
1.4458,5776,Virtual,Index_PIP,-17.916800,0.959927,20.386730,0.587244,-0.180810,-0.117670,-0.780133
1.4458,5776,Virtual,Index_DIP,-17.893260,0.959181,20.375820,0.605030,-0.107171,-0.020775,-0.788683
1.4458,5776,Virtual,Index_FingerTip,-17.867000,0.956573,20.370600,0.605030,-0.107171,-0.020775,-0.788683
1.4458,5776,Virtual,Middle_MCP,-17.956330,0.931462,20.409430,0.591010,-0.219852,-0.219033,-0.744579
1.4458,5776,Virtual,Middle_PIP,-17.913700,0.934963,20.378470,0.625538,-0.079564,-0.043813,-0.774889
1.4458,5776,Virtual,Middle_DIP,-17.886430,0.934086,20.373530,0.628554,0.050483,0.116119,-0.767391
1.4458,5776,Virtual,Middle_FingerTip,-17.859040,0.930839,20.379850,0.628554,0.050483,0.116119,-0.767391
1.4458,5776,Virtual,Ring_MCP,-17.958700,0.907002,20.408840,0.611499,-0.190078,-0.210809,-0.738579
1.4458,5776,Virtual,Ring_PIP,-17.919660,0.910676,20.383780,0.639671,-0.029692,-0.017699,-0.767871
1.4458,5776,Virtual,Ring_DIP,-17.893380,0.910391,20.381980,0.629655,0.116599,0.157440,-0.751766
1.4458,5776,Virtual,Ring_FingerTip,-17.869560,0.908072,20.391620,0.629655,0.116599,0.157440,-0.751766
1.4458,5776,Virtual,Pinky_MCP,-17.961820,0.885348,20.413510,0.621123,-0.180815,-0.218662,-0.730547
1.4458,5776,Virtual,Pinky_PIP,-17.928790,0.889083,20.392410,0.646648,-0.018301,-0.027324,-0.762080
1.4458,5776,Virtual,Pinky_DIP,-17.910480,0.889413,20.391250,0.633858,0.129278,0.146750,-0.748316
1.4458,5776,Virtual,Pinky_FingerTip,-17.892790,0.888345,20.398530,0.633858,0.129278,0.146750,-0.748316
1.4458,5776,Render,Wrist,-18.013220,0.910792,20.501960,0.530837,-0.340354,-0.372167,-0.681076
1.4458,5776,Render,Thumb_CMC,-17.989400,0.945085,20.479680,-0.142700,-0.171153,-0.171104,-0.959722
1.4458,5776,Render,Thumb_MCP,-17.950630,0.961651,20.467400,-0.124477,-0.184830,-0.072210,-0.972178
1.4458,5776,Render,Thumb_IP,-17.905460,0.970791,20.450650,-0.085418,-0.205817,0.121702,-0.967229
1.4458,5776,Render,Thumb_FingerTip,-17.880220,0.965084,20.438710,-0.085418,-0.205817,0.121702,-0.967229
1.4458,5776,Render,Index_MCP,-17.952660,0.957641,20.416750,0.560830,-0.251032,-0.211871,-0.759976
1.4458,5776,Render,Index_PIP,-17.915950,0.959536,20.387760,0.587298,-0.180633,-0.117435,-0.780168
1.4458,5776,Render,Index_DIP,-17.892400,0.958785,20.376860,0.603605,-0.114929,-0.030897,-0.788352
1.4458,5776,Render,Index_FingerTip,-17.866260,0.956363,20.370990,0.603605,-0.114929,-0.030897,-0.788352
1.4458,5776,Render,Middle_MCP,-17.956330,0.931462,20.409430,0.574695,-0.259525,-0.269148,-0.727964
1.4458,5776,Render,Middle_PIP,-17.918290,0.936403,20.373140,0.615972,-0.134933,-0.112619,-0.767912
1.4458,5776,Render,Middle_DIP,-17.892280,0.936589,20.363550,0.630331,-0.017641,0.032629,-0.775440
1.4458,5776,Render,Middle_FingerTip,-17.864060,0.934528,20.363940,0.630331,-0.017641,0.032629,-0.775440
1.4458,5776,Render,Ring_MCP,-17.958700,0.907002,20.408840,0.591950,-0.244245,-0.276309,-0.716654
1.4458,5776,Render,Ring_PIP,-17.924820,0.911976,20.377330,0.630506,-0.111906,-0.116540,-0.759183
1.4458,5776,Render,Ring_DIP,-17.899850,0.912920,20.368980,0.640251,0.011813,0.032086,-0.767405
1.4458,5776,Render,Ring_FingerTip,-17.874110,0.912039,20.370510,0.640251,0.011813,0.032086,-0.767405
1.4458,5776,Render,Pinky_MCP,-17.961820,0.885348,20.413510,0.602368,-0.235884,-0.283409,-0.707949
1.4458,5776,Render,Pinky_PIP,-17.933160,0.889958,20.386920,0.638893,-0.101510,-0.125338,-0.752199
1.4458,5776,Render,Pinky_DIP,-17.915760,0.891038,20.381180,0.646475,0.023632,0.022106,-0.762249
1.4458,5776,Render,Pinky_FingerTip,-17.896640,0.890977,20.382420,0.646475,0.023632,0.022106,-0.762249
1.4650,5777,Real,Wrist,-18.012550,0.906872,20.491570,0.507439,-0.374567,-0.369388,-0.682465
1.4650,5777,Real,Thumb_CMC,-17.988200,0.939926,20.468040,-0.211144,-0.196488,-0.184478,-0.939563
1.4650,5777,Real,Thumb_MCP,-17.950660,0.958792,20.455250,-0.178544,-0.226520,-0.038336,-0.956735
1.4650,5777,Real,Thumb_IP,-17.906810,0.966354,20.434670,-0.109820,-0.266700,0.224666,-0.930772
1.4650,5777,Real,Thumb_FingerTip,-17.885230,0.956105,20.419120,-0.109820,-0.266700,0.224666,-0.930772
1.4650,5777,Real,Index_MCP,-17.954630,0.950858,20.403080,0.536552,-0.303598,-0.228004,-0.753628
1.4650,5777,Real,Index_PIP,-17.921310,0.951695,20.370190,0.574530,-0.223550,-0.117619,-0.778528
1.4650,5777,Real,Index_DIP,-17.898660,0.949781,20.357650,0.598582,-0.147510,-0.016130,-0.787198
1.4650,5777,Real,Index_FingerTip,-17.872950,0.945714,20.350880,0.598582,-0.147510,-0.016130,-0.787198
1.4650,5777,Real,Middle_MCP,-17.960220,0.924987,20.395870,0.573278,-0.262959,-0.222121,-0.743551
1.4650,5777,Real,Middle_PIP,-17.919930,0.926509,20.361770,0.618502,-0.123492,-0.044443,-0.774745
1.4650,5777,Real,Middle_DIP,-17.893160,0.924183,20.354950,0.630659,0.007959,0.117800,-0.767026
1.4650,5777,Real,Middle_FingerTip,-17.865650,0.919353,20.359490,0.630659,0.007959,0.117800,-0.767026
1.4650,5777,Real,Ring_MCP,-17.964020,0.900707,20.395330,0.595281,-0.233363,-0.213996,-0.738504
1.4650,5777,Real,Ring_PIP,-17.926810,0.902486,20.367430,0.635364,-0.071631,-0.015915,-0.768719
1.4650,5777,Real,Ring_DIP,-17.900750,0.900733,20.364000,0.634563,0.078411,0.163671,-0.751262
1.4650,5777,Real,Ring_FingerTip,-17.876650,0.896956,20.372400,0.634563,0.078411,0.163671,-0.751262
1.4650,5777,Real,Pinky_MCP,-17.968080,0.879229,20.400080,0.605017,-0.224190,-0.222277,-0.730948
1.4650,5777,Real,Pinky_PIP,-17.936560,0.881342,20.376590,0.642399,-0.060253,-0.025867,-0.763560
1.4650,5777,Real,Pinky_DIP,-17.918370,0.880647,20.374290,0.638753,0.091115,0.152791,-0.748564
1.4650,5777,Real,Pinky_FingerTip,-17.900430,0.878494,20.380640,0.638753,0.091115,0.152791,-0.748564
1.4650,5777,Virtual,Wrist,-18.012740,0.908914,20.496930,0.521164,-0.357764,-0.371607,-0.679928
1.4650,5777,Virtual,Thumb_CMC,-17.988780,0.942579,20.473850,-0.201862,-0.186924,-0.201921,-0.939968
1.4650,5777,Virtual,Thumb_MCP,-17.951520,0.962561,20.462000,-0.170837,-0.215647,-0.055511,-0.959808
1.4650,5777,Virtual,Thumb_IP,-17.907360,0.971398,20.442630,-0.105378,-0.254134,0.208986,-0.938423
1.4650,5777,Virtual,Thumb_FingerTip,-17.885020,0.961746,20.427790,-0.105378,-0.254134,0.208986,-0.938423
1.4650,5777,Virtual,Index_MCP,-17.953720,0.954150,20.409800,0.547338,-0.284803,-0.231239,-0.752222
1.4650,5777,Virtual,Index_PIP,-17.919500,0.955842,20.377880,0.582511,-0.203403,-0.121023,-0.777600
1.4650,5777,Virtual,Index_DIP,-17.896450,0.954576,20.366010,0.603895,-0.126501,-0.019625,-0.786717
1.4650,5777,Virtual,Index_FingerTip,-17.870430,0.951297,20.360020,0.603895,-0.126501,-0.019625,-0.786717
1.4650,5777,Virtual,Middle_MCP,-17.958260,0.928064,20.402640,0.583279,-0.243706,-0.224811,-0.741521
1.4650,5777,Virtual,Middle_PIP,-17.917070,0.930657,20.369700,0.623787,-0.102449,-0.047529,-0.773392
1.4650,5777,Virtual,Middle_DIP,-17.890050,0.929152,20.363660,0.631449,0.029640,0.114499,-0.766345
1.4650,5777,Virtual,Middle_FingerTip,-17.862550,0.925245,20.369040,0.631449,0.029640,0.114499,-0.766345
1.4650,5777,Virtual,Ring_MCP,-17.961260,0.903670,20.402170,0.604664,-0.213806,-0.216396,-0.736099
1.4650,5777,Virtual,Ring_PIP,-17.923330,0.906463,20.375340,0.639375,-0.050313,-0.018855,-0.767016
1.4650,5777,Virtual,Ring_DIP,-17.897150,0.905530,20.372670,0.633495,0.100077,0.160416,-0.750291
1.4650,5777,Virtual,Ring_FingerTip,-17.873190,0.902591,20.381790,0.633495,0.100077,0.160416,-0.750291
1.4650,5777,Virtual,Pinky_MCP,-17.964770,0.882105,20.406970,0.614343,-0.204618,-0.224446,-0.728244
1.4650,5777,Virtual,Pinky_PIP,-17.932660,0.885078,20.384380,0.646351,-0.038936,-0.028661,-0.761508
1.4650,5777,Virtual,Pinky_DIP,-17.914410,0.884955,20.382610,0.637628,0.112766,0.149596,-0.747219
1.4650,5777,Virtual,Pinky_FingerTip,-17.896590,0.883427,20.389490,0.637628,0.112766,0.149596,-0.747219
1.4650,5777,Render,Wrist,-18.012740,0.908914,20.496930,0.521164,-0.357764,-0.371607,-0.679928
1.4650,5777,Render,Thumb_CMC,-17.988780,0.942579,20.473850,-0.146960,-0.185071,-0.156797,-0.958940
1.4650,5777,Render,Thumb_MCP,-17.950040,0.958172,20.460290,-0.127294,-0.199111,-0.058057,-0.969939
1.4650,5777,Render,Thumb_IP,-17.905230,0.966179,20.442080,-0.085352,-0.220372,0.135131,-0.962232
1.4650,5777,Render,Thumb_FingerTip,-17.880540,0.959840,20.429330,-0.085352,-0.220372,0.135131,-0.962232
1.4650,5777,Render,Index_MCP,-17.953720,0.954150,20.409800,0.550730,-0.278186,-0.222158,-0.754953
1.4650,5777,Render,Index_PIP,-17.918760,0.955509,20.378670,0.583578,-0.200321,-0.116911,-0.778229
1.4650,5777,Render,Index_DIP,-17.895600,0.954164,20.367040,0.603793,-0.126985,-0.020256,-0.786701
1.4650,5777,Render,Index_FingerTip,-17.869590,0.950896,20.361010,0.603793,-0.126985,-0.020256,-0.786701
1.4650,5777,Render,Middle_MCP,-17.958260,0.928064,20.402640,0.567658,-0.278157,-0.268761,-0.726747
1.4650,5777,Render,Middle_PIP,-17.921260,0.932016,20.365170,0.612944,-0.154618,-0.112492,-0.766642
1.4650,5777,Render,Middle_DIP,-17.895570,0.931543,20.354780,0.631028,-0.037545,0.032517,-0.774168
1.4650,5777,Render,Middle_FingerTip,-17.867400,0.928777,20.354300,0.631028,-0.037545,0.032517,-0.774168
1.4650,5777,Render,Ring_MCP,-17.961260,0.903670,20.402170,0.584981,-0.262924,-0.276340,-0.715755
1.4650,5777,Render,Ring_PIP,-17.928260,0.907764,20.369610,0.627695,-0.131645,-0.116763,-0.758311
1.4650,5777,Render,Ring_DIP,-17.903550,0.908076,20.360490,0.641300,-0.008097,0.031699,-0.766593
1.4650,5777,Render,Ring_FingerTip,-17.877810,0.906554,20.361220,0.641300,-0.008097,0.031699,-0.766593
1.4650,5777,Render,Pinky_MCP,-17.964770,0.882105,20.406970,0.595384,-0.254565,-0.283715,-0.707263
1.4650,5777,Render,Pinky_PIP,-17.936840,0.885971,20.379490,0.636068,-0.121253,-0.125785,-0.751594
1.4650,5777,Render,Pinky_DIP,-17.919610,0.886610,20.373210,0.647512,0.003715,0.021552,-0.761742
1.4650,5777,Render,Pinky_FingerTip,-17.900480,0.886073,20.373850,0.647512,0.003715,0.021552,-0.761742
1.4773,5778,Real,Wrist,-18.012630,0.904836,20.486540,0.497375,-0.388895,-0.366514,-0.683409
1.4773,5778,Real,Thumb_CMC,-17.987950,0.937282,20.462500,-0.218817,-0.203050,-0.179917,-0.937294
1.4773,5778,Real,Thumb_MCP,-17.950500,0.955994,20.449240,-0.184137,-0.234955,-0.030174,-0.953929
1.4773,5778,Real,Thumb_IP,-17.906970,0.963059,20.427810,-0.110802,-0.277188,0.238737,-0.924064
1.4773,5778,Real,Thumb_FingerTip,-17.886100,0.952235,20.411710,-0.110802,-0.277188,0.238737,-0.924064
1.4773,5778,Real,Index_MCP,-17.955630,0.947462,20.396790,0.523335,-0.328519,-0.237645,-0.749481
1.4773,5778,Real,Index_PIP,-17.924200,0.948041,20.362080,0.565467,-0.249102,-0.126374,-0.776032
1.4773,5778,Real,Index_DIP,-17.902290,0.945820,20.348330,0.593171,-0.173067,-0.023874,-0.785892
1.4773,5778,Real,Index_FingerTip,-17.877040,0.941306,20.340250,0.593171,-0.173067,-0.023874,-0.785892
1.4773,5778,Real,Middle_MCP,-17.962070,0.921765,20.389670,0.563351,-0.285055,-0.227021,-0.741513
1.4773,5778,Real,Middle_PIP,-17.923290,0.922584,20.353840,0.614229,-0.146094,-0.048183,-0.773988
1.4773,5778,Real,Middle_DIP,-17.896890,0.919677,20.345930,0.631210,-0.013938,0.115319,-0.766865
1.4773,5778,Real,Middle_FingerTip,-17.869350,0.914174,20.349450,0.631210,-0.013938,0.115319,-0.766865
1.4773,5778,Real,Ring_MCP,-17.966530,0.897596,20.389170,0.585830,-0.256695,-0.220081,-0.736529
1.4773,5778,Real,Ring_PIP,-17.930640,0.898687,20.359580,0.632566,-0.094602,-0.019862,-0.768451
1.4773,5778,Real,Ring_DIP,-17.904780,0.896338,20.355090,0.637034,0.057242,0.161919,-0.751461
1.4773,5778,Real,Ring_FingerTip,-17.880510,0.891941,20.362630,0.637034,0.057242,0.161919,-0.751461
1.4773,5778,Real,Pinky_MCP,-17.971060,0.876225,20.393990,0.595707,-0.247674,-0.228479,-0.729101
1.4773,5778,Real,Pinky_PIP,-17.940630,0.877724,20.369050,0.639740,-0.083313,-0.029910,-0.763477
1.4773,5778,Real,Pinky_DIP,-17.922570,0.876606,20.366020,0.641344,0.069905,0.150982,-0.748997
1.4773,5778,Real,Pinky_FingerTip,-17.904470,0.873991,20.371730,0.641344,0.069905,0.150982,-0.748997
1.4773,5778,Virtual,Wrist,-18.012560,0.906871,20.491570,0.507439,-0.374567,-0.369388,-0.682465
1.4773,5778,Virtual,Thumb_CMC,-17.988200,0.939925,20.468050,-0.213053,-0.195165,-0.194761,-0.937330
1.4773,5778,Virtual,Thumb_MCP,-17.950960,0.959609,20.455620,-0.179685,-0.226261,-0.044826,-0.956300
1.4773,5778,Virtual,Thumb_IP,-17.907150,0.967799,20.435190,-0.108969,-0.267594,0.225339,-0.930453
1.4773,5778,Virtual,Thumb_FingerTip,-17.885620,0.957511,20.419600,-0.108969,-0.267594,0.225339,-0.930453
1.4773,5778,Virtual,Index_MCP,-17.954640,0.950857,20.403080,0.531148,-0.312956,-0.241178,-0.749516
1.4773,5778,Virtual,Index_PIP,-17.922430,0.952219,20.369110,0.570939,-0.232570,-0.129865,-0.776580
1.4773,5778,Virtual,Index_DIP,-17.900160,0.950561,20.355890,0.596436,-0.155962,-0.027264,-0.786891
1.4773,5778,Virtual,Index_FingerTip,-17.874610,0.946710,20.348410,0.596436,-0.155962,-0.027264,-0.786891
1.4773,5778,Virtual,Middle_MCP,-17.960220,0.924985,20.395870,0.570445,-0.269048,-0.230025,-0.741144
1.4773,5778,Virtual,Middle_PIP,-17.920650,0.926781,20.360950,0.617403,-0.128875,-0.051190,-0.774329
1.4773,5778,Virtual,Middle_DIP,-17.894000,0.924568,20.353670,0.630700,0.003563,0.112451,-0.767829
1.4773,5778,Virtual,Middle_FingerTip,-17.866420,0.919808,20.357840,0.630700,0.003563,0.112451,-0.767829
1.4773,5778,Virtual,Ring_MCP,-17.964020,0.900705,20.395330,0.592457,-0.240443,-0.222784,-0.735901
1.4773,5778,Virtual,Ring_PIP,-17.927480,0.902706,20.366570,0.634713,-0.077183,-0.022636,-0.768551
1.4773,5778,Virtual,Ring_DIP,-17.901480,0.901041,20.362690,0.635013,0.074676,0.159248,-0.752212
1.4773,5778,Virtual,Ring_FingerTip,-17.877280,0.897307,20.370810,0.635013,0.074676,0.159248,-0.752212
1.4773,5778,Virtual,Pinky_MCP,-17.968090,0.879228,20.400080,0.602302,-0.231387,-0.230975,-0.728247
1.4773,5778,Virtual,Pinky_PIP,-17.937130,0.881499,20.375860,0.641848,-0.065868,-0.032543,-0.763305
1.4773,5778,Virtual,Pinky_DIP,-17.918990,0.880859,20.373250,0.639278,0.087355,0.148383,-0.749450
1.4773,5778,Virtual,Pinky_FingerTip,-17.900970,0.878738,20.379390,0.639278,0.087355,0.148383,-0.749450
1.4773,5778,Render,Wrist,-18.012560,0.906871,20.491570,0.507439,-0.374567,-0.369388,-0.682465
1.4773,5778,Render,Thumb_CMC,-17.988200,0.939925,20.468050,-0.155808,-0.196645,-0.139898,-0.957854
1.4773,5778,Render,Thumb_MCP,-17.949400,0.954384,20.453410,-0.134913,-0.211527,-0.041358,-0.967132
1.4773,5778,Render,Thumb_IP,-17.904920,0.961105,20.433900,-0.090362,-0.234051,0.150944,-0.956175
1.4773,5778,Render,Thumb_FingerTip,-17.880850,0.954084,20.420370,-0.090362,-0.234051,0.150944,-0.956175
1.4773,5778,Render,Index_MCP,-17.954640,0.950857,20.403080,0.536552,-0.303598,-0.228004,-0.753628
1.4773,5778,Render,Index_PIP,-17.921310,0.951693,20.370190,0.574530,-0.223550,-0.117619,-0.778529
1.4773,5778,Render,Index_DIP,-17.898670,0.949780,20.357650,0.598582,-0.147510,-0.016130,-0.787198
1.4773,5778,Render,Index_FingerTip,-17.872950,0.945712,20.350880,0.598582,-0.147510,-0.016130,-0.787198
1.4773,5778,Render,Middle_MCP,-17.960220,0.924985,20.395870,0.556523,-0.296778,-0.266197,-0.728934
1.4773,5778,Render,Middle_PIP,-17.924200,0.928035,20.357380,0.605905,-0.175140,-0.109530,-0.768251
1.4773,5778,Render,Middle_DIP,-17.898850,0.926817,20.346240,0.627942,-0.059020,0.035726,-0.775196
1.4773,5778,Render,Middle_FingerTip,-17.870820,0.923152,20.344920,0.627942,-0.059020,0.035726,-0.775196
1.4773,5778,Render,Ring_MCP,-17.964020,0.900705,20.395330,0.574018,-0.281641,-0.274147,-0.718350
1.4773,5778,Render,Ring_PIP,-17.931860,0.903988,20.361850,0.620992,-0.152274,-0.114065,-0.760376
1.4773,5778,Render,Ring_DIP,-17.907430,0.903575,20.352020,0.638702,-0.029632,0.034745,-0.768099
1.4773,5778,Render,Ring_FingerTip,-17.881730,0.901221,20.351990,0.638702,-0.029632,0.034745,-0.768099
1.4773,5778,Render,Pinky_MCP,-17.968090,0.879228,20.400080,0.584477,-0.273302,-0.281777,-0.710137
1.4773,5778,Render,Pinky_PIP,-17.940850,0.882406,20.371830,0.629424,-0.141890,-0.123276,-0.753987
1.4773,5778,Render,Pinky_DIP,-17.923800,0.882540,20.365060,0.644973,-0.017816,0.024474,-0.763606
1.4773,5778,Render,Pinky_FingerTip,-17.904680,0.881383,20.365140,0.644973,-0.017816,0.024474,-0.763606
1.4895,5779,Real,Wrist,-18.011980,0.902369,20.482320,0.486574,-0.402049,-0.362674,-0.685617
1.4895,5779,Real,Thumb_CMC,-17.986880,0.934214,20.457920,-0.225523,-0.209069,-0.164814,-0.937159
1.4895,5779,Real,Thumb_MCP,-17.949200,0.951919,20.443970,-0.189811,-0.241954,-0.015280,-0.951418
1.4895,5779,Real,Thumb_IP,-17.905930,0.957848,20.421690,-0.114285,-0.285498,0.252328,-0.917475
1.4895,5779,Real,Thumb_FingerTip,-17.885710,0.946513,20.405110,-0.114285,-0.285498,0.252328,-0.917475
1.4895,5779,Real,Index_MCP,-17.955640,0.943778,20.391600,0.514555,-0.343002,-0.233022,-0.750522
1.4895,5779,Real,Index_PIP,-17.924920,0.943628,20.356260,0.558881,-0.264706,-0.121649,-0.776392
1.4895,5779,Real,Index_DIP,-17.903360,0.940851,20.342060,0.588681,-0.189398,-0.019143,-0.785631
1.4895,5779,Real,Index_FingerTip,-17.878410,0.935662,20.333450,0.588681,-0.189398,-0.019143,-0.785631
1.4895,5779,Real,Middle_MCP,-17.962950,0.918308,20.384520,0.555306,-0.300055,-0.222827,-0.742934
1.4895,5779,Real,Middle_PIP,-17.924900,0.918194,20.347900,0.609896,-0.162554,-0.043773,-0.774394
1.4895,5779,Real,Middle_DIP,-17.898750,0.914577,20.339440,0.630429,-0.030941,0.119717,-0.766336
1.4895,5779,Real,Middle_FingerTip,-17.871310,0.908280,20.342370,0.630429,-0.030941,0.119717,-0.766336
1.4895,5779,Real,Ring_MCP,-17.968100,0.894277,20.384010,0.578266,-0.271981,-0.216126,-0.738191
1.4895,5779,Real,Ring_PIP,-17.932790,0.894488,20.353690,0.629261,-0.111335,-0.015610,-0.769020
1.4895,5779,Real,Ring_DIP,-17.907120,0.891429,20.348660,0.637769,0.040202,0.166186,-0.751011
1.4895,5779,Real,Ring_FingerTip,-17.882820,0.886312,20.355690,0.637769,0.040202,0.166186,-0.751011
1.4895,5779,Real,Pinky_MCP,-17.973130,0.873020,20.388830,0.588199,-0.263008,-0.224708,-0.730996
1.4895,5779,Real,Pinky_PIP,-17.943180,0.873773,20.363280,0.636503,-0.100077,-0.025775,-0.764320
1.4895,5779,Real,Pinky_DIP,-17.925230,0.872158,20.359870,0.642151,0.052850,0.155199,-0.748841
1.4895,5779,Real,Pinky_FingerTip,-17.907100,0.869006,20.365210,0.642151,0.052850,0.155199,-0.748841
1.4895,5779,Virtual,Wrist,-18.012630,0.904838,20.486550,0.497375,-0.388894,-0.366513,-0.683409
1.4895,5779,Virtual,Thumb_CMC,-17.987950,0.937284,20.462510,-0.218817,-0.203049,-0.179918,-0.937294
1.4895,5779,Virtual,Thumb_MCP,-17.950500,0.955995,20.449250,-0.184136,-0.234954,-0.030174,-0.953929
1.4895,5779,Virtual,Thumb_IP,-17.906970,0.963061,20.427820,-0.110803,-0.277187,0.238737,-0.924065
1.4895,5779,Virtual,Thumb_FingerTip,-17.886100,0.952237,20.411710,-0.110803,-0.277187,0.238737,-0.924065
1.4895,5779,Virtual,Index_MCP,-17.955640,0.947464,20.396790,0.523336,-0.328518,-0.237644,-0.749481
1.4895,5779,Virtual,Index_PIP,-17.924200,0.948043,20.362090,0.565467,-0.249101,-0.126373,-0.776032
1.4895,5779,Virtual,Index_DIP,-17.902300,0.945822,20.348340,0.593171,-0.173066,-0.023874,-0.785892
1.4895,5779,Virtual,Index_FingerTip,-17.877040,0.941308,20.340260,0.593171,-0.173066,-0.023874,-0.785892
1.4895,5779,Virtual,Middle_MCP,-17.962080,0.921767,20.389680,0.563351,-0.285054,-0.227021,-0.741513
1.4895,5779,Virtual,Middle_PIP,-17.923300,0.922586,20.353850,0.614229,-0.146093,-0.048183,-0.773989
1.4895,5779,Virtual,Middle_DIP,-17.896890,0.919679,20.345940,0.631210,-0.013937,0.115320,-0.766864
1.4895,5779,Virtual,Middle_FingerTip,-17.869350,0.914175,20.349450,0.631210,-0.013937,0.115320,-0.766864
1.4895,5779,Virtual,Ring_MCP,-17.966530,0.897598,20.389180,0.585831,-0.256694,-0.220081,-0.736529
1.4895,5779,Virtual,Ring_PIP,-17.930640,0.898689,20.359580,0.632566,-0.094601,-0.019862,-0.768451
1.4895,5779,Virtual,Ring_DIP,-17.904790,0.896340,20.355100,0.637034,0.057243,0.161920,-0.751460
1.4895,5779,Virtual,Ring_FingerTip,-17.880510,0.891943,20.362640,0.637034,0.057243,0.161920,-0.751460
1.4895,5779,Virtual,Pinky_MCP,-17.971070,0.876226,20.394000,0.595707,-0.247673,-0.228478,-0.729102
1.4895,5779,Virtual,Pinky_PIP,-17.940630,0.877726,20.369060,0.639741,-0.083312,-0.029909,-0.763477
1.4895,5779,Virtual,Pinky_DIP,-17.922580,0.876608,20.366020,0.641344,0.069906,0.150983,-0.748996
1.4895,5779,Virtual,Pinky_FingerTip,-17.904480,0.873993,20.371740,0.641344,0.069906,0.150983,-0.748996
1.4895,5779,Render,Wrist,-18.012630,0.904838,20.486550,0.497375,-0.388894,-0.366513,-0.683409
1.4895,5779,Render,Thumb_CMC,-17.987950,0.937284,20.462510,-0.160980,-0.205587,-0.125460,-0.957121
1.4895,5779,Render,Thumb_MCP,-17.949130,0.950736,20.447000,-0.139145,-0.220950,-0.027070,-0.964929
1.4895,5779,Render,Thumb_IP,-17.904960,0.956312,20.426460,-0.092645,-0.244126,0.164513,-0.951186
1.4895,5779,Render,Thumb_FingerTip,-17.881400,0.948682,20.412360,-0.092645,-0.244126,0.164513,-0.951186
1.4895,5779,Render,Index_MCP,-17.955640,0.947464,20.396790,0.523336,-0.328518,-0.237644,-0.749481
1.4895,5779,Render,Index_PIP,-17.924200,0.948043,20.362090,0.565467,-0.249101,-0.126373,-0.776032
1.4895,5779,Render,Index_DIP,-17.902300,0.945822,20.348340,0.593171,-0.173066,-0.023874,-0.785892
1.4895,5779,Render,Index_FingerTip,-17.877040,0.941308,20.340260,0.593171,-0.173066,-0.023874,-0.785892
1.4895,5779,Render,Middle_MCP,-17.962080,0.921767,20.389680,0.548650,-0.312416,-0.263215,-0.729451
1.4895,5779,Render,Middle_PIP,-17.926900,0.923942,20.350360,0.601440,-0.192070,-0.106506,-0.768138
1.4895,5779,Render,Middle_DIP,-17.901850,0.922074,20.338630,0.626714,-0.076486,0.038677,-0.774522
1.4895,5779,Render,Middle_FingerTip,-17.873970,0.917665,20.336650,0.626714,-0.076486,0.038677,-0.774522
1.4895,5779,Render,Ring_MCP,-17.966530,0.897598,20.389180,0.566262,-0.297384,-0.271494,-0.719168
1.4895,5779,Render,Ring_PIP,-17.935090,0.900097,20.354970,0.616784,-0.169312,-0.111299,-0.760607
1.4895,5779,Render,Ring_DIP,-17.910910,0.899055,20.344570,0.637860,-0.047162,0.037504,-0.767792
1.4895,5779,Render,Ring_FingerTip,-17.885300,0.896017,20.343930,0.637860,-0.047162,0.037504,-0.767792
1.4895,5779,Render,Pinky_MCP,-17.971070,0.876226,20.394000,0.576750,-0.289083,-0.279347,-0.711166
1.4895,5779,Render,Pinky_PIP,-17.944420,0.878741,20.365120,0.625253,-0.158959,-0.120682,-0.754472
1.4895,5779,Render,Pinky_DIP,-17.927530,0.878435,20.357950,0.644172,-0.035369,0.027113,-0.763581
1.4895,5779,Render,Pinky_FingerTip,-17.908450,0.876769,20.357590,0.644172,-0.035369,0.027113,-0.763581
1.5012,5780,Real,Wrist,-18.011560,0.900231,20.478840,0.480853,-0.413378,-0.356016,-0.686405
1.5012,5780,Real,Thumb_CMC,-17.985980,0.931312,20.453960,-0.226859,-0.212490,-0.150994,-0.938394
1.5012,5780,Real,Thumb_MCP,-17.948030,0.947989,20.439450,-0.190593,-0.245543,-0.001437,-0.950464
1.5012,5780,Real,Thumb_IP,-17.904910,0.952712,20.416600,-0.114028,-0.289162,0.265347,-0.912674
1.5012,5780,Real,Thumb_FingerTip,-17.885200,0.940787,20.399830,-0.114028,-0.289162,0.265347,-0.912674
1.5012,5780,Real,Index_MCP,-17.955340,0.939762,20.387210,0.510555,-0.354778,-0.225877,-0.749964
1.5012,5780,Real,Index_PIP,-17.925070,0.938663,20.351490,0.556632,-0.276937,-0.114661,-0.774803
1.5012,5780,Real,Index_DIP,-17.903780,0.935273,20.337030,0.588050,-0.201819,-0.012422,-0.783143
1.5012,5780,Real,Index_FingerTip,-17.879080,0.929411,20.328140,0.588050,-0.201819,-0.012422,-0.783143
1.5012,5780,Real,Middle_MCP,-17.963380,0.914452,20.380340,0.551891,-0.312278,-0.216141,-0.742416
1.5012,5780,Real,Middle_PIP,-17.925810,0.913197,20.343260,0.609421,-0.175236,-0.037392,-0.772335
1.5012,5780,Real,Middle_DIP,-17.899870,0.908878,20.334490,0.632625,-0.043440,0.125523,-0.762983
1.5012,5780,Real,Middle_FingerTip,-17.872570,0.901902,20.337110,0.632625,-0.043440,0.125523,-0.762983
1.5012,5780,Real,Ring_MCP,-17.969140,0.890557,20.380030,0.575234,-0.284452,-0.209715,-0.737708
1.5012,5780,Real,Ring_PIP,-17.934230,0.889727,20.349270,0.629595,-0.124164,-0.009549,-0.766878
1.5012,5780,Real,Ring_DIP,-17.908700,0.885994,20.343940,0.641119,0.027813,0.171571,-0.747500
1.5012,5780,Real,Ring_FingerTip,-17.884460,0.880297,20.350690,0.641119,0.027813,0.171571,-0.747500
1.5012,5780,Real,Pinky_MCP,-17.974650,0.869458,20.385020,0.585208,-0.275581,-0.218473,-0.730655
1.5012,5780,Real,Pinky_PIP,-17.945020,0.869328,20.359090,0.636903,-0.112995,-0.019846,-0.762360
1.5012,5780,Real,Pinky_DIP,-17.927150,0.867243,20.355470,0.645587,0.040392,0.160499,-0.745538
1.5012,5780,Real,Pinky_FingerTip,-17.909050,0.863657,20.360590,0.645587,0.040392,0.160499,-0.745538
1.5012,5780,Virtual,Wrist,-18.011990,0.902368,20.482330,0.486574,-0.402049,-0.362674,-0.685617
1.5012,5780,Virtual,Thumb_CMC,-17.986890,0.934212,20.457920,-0.225523,-0.209069,-0.164814,-0.937159
1.5012,5780,Virtual,Thumb_MCP,-17.949210,0.951918,20.443980,-0.189812,-0.241954,-0.015280,-0.951418
1.5012,5780,Virtual,Thumb_IP,-17.905940,0.957847,20.421690,-0.114286,-0.285498,0.252328,-0.917475
1.5012,5780,Virtual,Thumb_FingerTip,-17.885710,0.946511,20.405120,-0.114286,-0.285498,0.252328,-0.917475
1.5012,5780,Virtual,Index_MCP,-17.955640,0.943777,20.391610,0.514555,-0.343002,-0.233022,-0.750523
1.5012,5780,Virtual,Index_PIP,-17.924920,0.943627,20.356270,0.558881,-0.264706,-0.121649,-0.776392
1.5012,5780,Virtual,Index_DIP,-17.903370,0.940850,20.342070,0.588681,-0.189398,-0.019143,-0.785632
1.5012,5780,Virtual,Index_FingerTip,-17.878420,0.935660,20.333460,0.588681,-0.189398,-0.019143,-0.785632
1.5012,5780,Virtual,Middle_MCP,-17.962950,0.918306,20.384520,0.555306,-0.300054,-0.222826,-0.742935
1.5012,5780,Virtual,Middle_PIP,-17.924900,0.918193,20.347910,0.609896,-0.162554,-0.043773,-0.774395
1.5012,5780,Virtual,Middle_DIP,-17.898750,0.914576,20.339450,0.630428,-0.030941,0.119717,-0.766336
1.5012,5780,Virtual,Middle_FingerTip,-17.871320,0.908279,20.342380,0.630428,-0.030941,0.119717,-0.766336
1.5012,5780,Virtual,Ring_MCP,-17.968100,0.894276,20.384010,0.578266,-0.271981,-0.216125,-0.738191
1.5012,5780,Virtual,Ring_PIP,-17.932800,0.894486,20.353700,0.629261,-0.111335,-0.015610,-0.769020
1.5012,5780,Virtual,Ring_DIP,-17.907120,0.891428,20.348670,0.637768,0.040202,0.166186,-0.751011
1.5012,5780,Virtual,Ring_FingerTip,-17.882830,0.886311,20.355700,0.637768,0.040202,0.166186,-0.751011
1.5012,5780,Virtual,Pinky_MCP,-17.973140,0.873018,20.388840,0.588199,-0.263008,-0.224708,-0.730996
1.5012,5780,Virtual,Pinky_PIP,-17.943190,0.873771,20.363290,0.636503,-0.100077,-0.025775,-0.764320
1.5012,5780,Virtual,Pinky_DIP,-17.925240,0.872157,20.359880,0.642151,0.052851,0.155200,-0.748841
1.5012,5780,Virtual,Pinky_FingerTip,-17.907110,0.869004,20.365220,0.642151,0.052851,0.155200,-0.748841
1.5012,5780,Render,Wrist,-18.011990,0.902368,20.482330,0.486574,-0.402049,-0.362674,-0.685617
1.5012,5780,Render,Thumb_CMC,-17.986890,0.934212,20.457920,-0.167219,-0.212745,-0.110678,-0.956310
1.5012,5780,Render,Thumb_MCP,-17.948030,0.946632,20.441680,-0.144621,-0.228709,-0.012449,-0.962612
1.5012,5780,Render,Thumb_IP,-17.904150,0.951050,20.420270,-0.096476,-0.252815,0.178386,-0.946021
1.5012,5780,Render,Thumb_FingerTip,-17.881110,0.942822,20.405660,-0.096476,-0.252815,0.178386,-0.946021
1.5012,5780,Render,Index_MCP,-17.955640,0.943777,20.391610,0.514555,-0.343002,-0.233022,-0.750523
1.5012,5780,Render,Index_PIP,-17.924920,0.943627,20.356270,0.558881,-0.264706,-0.121649,-0.776392
1.5012,5780,Render,Index_DIP,-17.903370,0.940850,20.342070,0.588681,-0.189398,-0.019143,-0.785632
1.5012,5780,Render,Index_FingerTip,-17.878420,0.935660,20.333460,0.588681,-0.189398,-0.019143,-0.785632
1.5012,5780,Render,Middle_MCP,-17.962950,0.918306,20.384520,0.539877,-0.327002,-0.259095,-0.731076
1.5012,5780,Render,Middle_PIP,-17.928530,0.919666,20.344500,0.595876,-0.208156,-0.102139,-0.768876
1.5012,5780,Render,Middle_DIP,-17.903790,0.917144,20.332250,0.624250,-0.093328,0.043105,-0.774432
1.5012,5780,Render,Middle_FingerTip,-17.876090,0.911957,20.329680,0.624250,-0.093328,0.043105,-0.774432
1.5012,5780,Render,Ring_MCP,-17.968100,0.894276,20.384010,0.557636,-0.312100,-0.267666,-0.721104
1.5012,5780,Render,Ring_PIP,-17.937300,0.896042,20.349180,0.611508,-0.185533,-0.107145,-0.761679
1.5012,5780,Render,Ring_DIP,-17.913370,0.894364,20.338280,0.635812,-0.064095,0.041786,-0.768043
1.5012,5780,Render,Ring_FingerTip,-17.887880,0.890605,20.337110,0.635812,-0.064095,0.041786,-0.768043
1.5012,5780,Render,Pinky_MCP,-17.973140,0.873018,20.388840,0.568178,-0.303850,-0.275720,-0.713322
1.5012,5780,Render,Pinky_PIP,-17.947020,0.874911,20.359430,0.620040,-0.175218,-0.116678,-0.755801
1.5012,5780,Render,Pinky_DIP,-17.930300,0.874161,20.351920,0.642194,-0.052328,0.031299,-0.764114
1.5012,5780,Render,Pinky_FingerTip,-17.911290,0.871957,20.351150,0.642194,-0.052328,0.031299,-0.764114
1.5147,5781,Real,Wrist,-18.011220,0.898400,20.475030,0.476295,-0.423765,-0.350152,-0.686266
1.5147,5781,Real,Thumb_CMC,-17.985260,0.928767,20.449650,-0.232827,-0.213360,-0.169102,-0.933635
1.5147,5781,Real,Thumb_MCP,-17.947860,0.946995,20.435620,-0.194912,-0.248476,-0.014567,-0.948714
1.5147,5781,Real,Thumb_IP,-17.904910,0.953100,20.412780,-0.114283,-0.294398,0.261789,-0.911996
1.5147,5781,Real,Thumb_FingerTip,-17.885250,0.941409,20.395770,-0.114283,-0.294398,0.261789,-0.911996
1.5147,5781,Real,Index_MCP,-17.955260,0.936150,20.382490,0.490512,-0.388113,-0.253410,-0.737936
1.5147,5781,Real,Index_PIP,-17.928550,0.935834,20.344020,0.541415,-0.313214,-0.144193,-0.766795
1.5147,5781,Real,Index_DIP,-17.908760,0.932771,20.327500,0.577551,-0.240143,-0.043247,-0.779036
1.5147,5781,Real,Index_FingerTip,-17.885070,0.927121,20.316090,0.577551,-0.240143,-0.043247,-0.779036
1.5147,5781,Real,Middle_MCP,-17.963930,0.910979,20.375880,0.537765,-0.342407,-0.236259,-0.733314
1.5147,5781,Real,Middle_PIP,-17.929400,0.909830,20.335940,0.600383,-0.214414,-0.067484,-0.767472
1.5147,5781,Real,Middle_DIP,-17.904480,0.905565,20.324570,0.631155,-0.089867,0.087541,-0.765443
1.5147,5781,Real,Middle_FingerTip,-17.877070,0.898562,20.323810,0.631155,-0.089867,0.087541,-0.765443
1.5147,5781,Real,Ring_MCP,-17.970210,0.887214,20.375780,0.557668,-0.323897,-0.240676,-0.725378
1.5147,5781,Real,Ring_PIP,-17.938830,0.886652,20.341420,0.618697,-0.181979,-0.061260,-0.761804
1.5147,5781,Real,Ring_DIP,-17.914420,0.883178,20.332120,0.643328,-0.045078,0.103519,-0.757220
1.5147,5781,Real,Ring_FingerTip,-17.889280,0.877637,20.333800,0.643328,-0.045078,0.103519,-0.757220
1.5147,5781,Real,Pinky_MCP,-17.976120,0.866270,20.380970,0.568088,-0.315628,-0.249240,-0.718007
1.5147,5781,Real,Pinky_PIP,-17.949480,0.866243,20.351980,0.626852,-0.171469,-0.071332,-0.756682
1.5147,5781,Real,Pinky_DIP,-17.932400,0.864279,20.345580,0.649039,-0.033064,0.092584,-0.754376
1.5147,5781,Real,Pinky_FingerTip,-17.913610,0.860781,20.346920,0.649039,-0.033064,0.092584,-0.754376
1.5147,5781,Virtual,Wrist,-18.011570,0.900233,20.478850,0.480853,-0.413378,-0.356015,-0.686405
1.5147,5781,Virtual,Thumb_CMC,-17.985980,0.931314,20.453970,-0.232335,-0.209758,-0.181270,-0.932289
1.5147,5781,Virtual,Thumb_MCP,-17.948820,0.950435,20.440490,-0.195014,-0.244843,-0.026791,-0.949370
1.5147,5781,Virtual,Thumb_IP,-17.905740,0.957611,20.418210,-0.115437,-0.290951,0.250284,-0.916177
1.5147,5781,Virtual,Thumb_FingerTip,-17.885640,0.946456,20.401370,-0.115437,-0.290951,0.250284,-0.916177
1.5147,5781,Virtual,Index_MCP,-17.955340,0.939764,20.387220,0.493945,-0.377561,-0.259648,-0.738952
1.5147,5781,Virtual,Index_PIP,-17.928180,0.940267,20.349070,0.543289,-0.302277,-0.150219,-0.768701
1.5147,5781,Virtual,Index_DIP,-17.908140,0.937737,20.332780,0.577986,-0.229055,-0.048974,-0.781708
1.5147,5781,Virtual,Index_FingerTip,-17.884190,0.932674,20.321620,0.577986,-0.229055,-0.048974,-0.781708
1.5147,5781,Virtual,Middle_MCP,-17.963390,0.914453,20.380350,0.540609,-0.331426,-0.242025,-0.734386
1.5147,5781,Virtual,Middle_PIP,-17.928370,0.914302,20.340830,0.600718,-0.203075,-0.072868,-0.769798
1.5147,5781,Virtual,Middle_DIP,-17.903230,0.910649,20.329730,0.629213,-0.078691,0.082732,-0.768801
1.5147,5781,Virtual,Middle_FingerTip,-17.875670,0.904247,20.329260,0.629213,-0.078691,0.082732,-0.768801
1.5147,5781,Virtual,Ring_MCP,-17.969150,0.890559,20.380040,0.560361,-0.312735,-0.246179,-0.726353
1.5147,5781,Virtual,Ring_PIP,-17.937360,0.890891,20.346050,0.618658,-0.170497,-0.066374,-0.764060
1.5147,5781,Virtual,Ring_DIP,-17.912780,0.888006,20.337030,0.640828,-0.033871,0.099008,-0.760520
1.5147,5781,Virtual,Ring_FingerTip,-17.887540,0.883000,20.338970,0.640828,-0.033871,0.099008,-0.760520
1.5147,5781,Virtual,Pinky_MCP,-17.974660,0.869460,20.385020,0.570764,-0.304372,-0.254575,-0.718873
1.5147,5781,Virtual,Pinky_PIP,-17.947680,0.870191,20.356360,0.626774,-0.159900,-0.076308,-0.758791
1.5147,5781,Virtual,Pinky_DIP,-17.930490,0.868638,20.350150,0.646482,-0.021780,0.088176,-0.757503
1.5147,5781,Virtual,Pinky_FingerTip,-17.911650,0.865539,20.351700,0.646482,-0.021780,0.088176,-0.757503
1.5147,5781,Render,Wrist,-18.011570,0.900233,20.478850,0.480853,-0.413378,-0.356015,-0.686405
1.5147,5781,Render,Thumb_CMC,-17.985980,0.931314,20.453970,-0.168220,-0.216891,-0.096978,-0.956690
1.5147,5781,Render,Thumb_MCP,-17.947030,0.942666,20.437180,-0.145193,-0.232935,0.001219,-0.961592
1.5147,5781,Render,Thumb_IP,-17.903320,0.945867,20.415190,-0.096200,-0.257071,0.191581,-0.942315
1.5147,5781,Render,Thumb_FingerTip,-17.880680,0.936987,20.400340,-0.096200,-0.257071,0.191581,-0.942315
1.5147,5781,Render,Index_MCP,-17.955340,0.939764,20.387220,0.510555,-0.354778,-0.225877,-0.749964
1.5147,5781,Render,Index_PIP,-17.925080,0.938665,20.351500,0.556632,-0.276937,-0.114661,-0.774803
1.5147,5781,Render,Index_DIP,-17.903790,0.935275,20.337040,0.588050,-0.201819,-0.012422,-0.783142
1.5147,5781,Render,Index_FingerTip,-17.879090,0.929413,20.328150,0.588050,-0.201819,-0.012422,-0.783142
1.5147,5781,Render,Middle_MCP,-17.963390,0.914453,20.380350,0.535865,-0.339043,-0.252393,-0.730888
1.5147,5781,Render,Middle_PIP,-17.929450,0.914748,20.339900,0.594444,-0.220766,-0.095621,-0.767304
1.5147,5781,Render,Middle_DIP,-17.904940,0.911540,20.327350,0.625195,-0.105984,0.049215,-0.771671
1.5147,5781,Render,Middle_FingerTip,-17.877410,0.905640,20.324460,0.625195,-0.105984,0.049215,-0.771671
1.5147,5781,Render,Ring_MCP,-17.969150,0.890559,20.380040,0.553733,-0.324326,-0.261238,-0.721074
1.5147,5781,Render,Ring_PIP,-17.938750,0.891376,20.344810,0.610312,-0.198310,-0.100872,-0.760275
1.5147,5781,Render,Ring_DIP,-17.915020,0.889040,20.333620,0.637102,-0.076864,0.047671,-0.765454
1.5147,5781,Render,Ring_FingerTip,-17.889640,0.884630,20.332150,0.637102,-0.076864,0.047671,-0.765454
1.5147,5781,Render,Pinky_MCP,-17.974660,0.869460,20.385020,0.564308,-0.316181,-0.269476,-0.713421
1.5147,5781,Render,Pinky_PIP,-17.948880,0.870548,20.355290,0.618899,-0.188091,-0.110557,-0.754562
1.5147,5781,Render,Pinky_DIP,-17.932280,0.869338,20.347570,0.643557,-0.065180,0.037066,-0.761717
1.5147,5781,Render,Pinky_FingerTip,-17.913330,0.866649,20.346580,0.643557,-0.065180,0.037066,-0.761717
1.5281,5782,Real,Wrist,-18.010200,0.897199,20.472660,0.477383,-0.431216,-0.340948,-0.685502
1.5281,5782,Real,Thumb_CMC,-17.983740,0.926697,20.446790,-0.227759,-0.213133,-0.158778,-0.936745
1.5281,5782,Real,Thumb_MCP,-17.946030,0.944022,20.432440,-0.189948,-0.247425,-0.003874,-0.950098
1.5281,5782,Real,Thumb_IP,-17.903010,0.948991,20.409450,-0.109839,-0.291950,0.272423,-0.910212
1.5281,5782,Real,Thumb_FingerTip,-17.883600,0.936686,20.392600,-0.109839,-0.291950,0.272423,-0.910212
1.5281,5782,Real,Index_MCP,-17.953700,0.932506,20.379490,0.492384,-0.394994,-0.244022,-0.736201
1.5281,5782,Real,Index_PIP,-17.927060,0.931116,20.341000,0.544262,-0.319752,-0.135154,-0.763722
1.5281,5782,Real,Index_DIP,-17.907360,0.927440,20.324510,0.581223,-0.246256,-0.034685,-0.774813
1.5281,5782,Real,Index_FingerTip,-17.883790,0.921186,20.313160,0.581223,-0.246256,-0.034685,-0.774813
1.5281,5782,Real,Middle_MCP,-17.962840,0.907400,20.373280,0.540027,-0.349589,-0.227295,-0.731092
1.5281,5782,Real,Middle_PIP,-17.928390,0.905012,20.333320,0.604185,-0.220913,-0.059237,-0.763315
1.5281,5782,Real,Middle_DIP,-17.903580,0.900119,20.321990,0.636181,-0.095474,0.094789,-0.759720
1.5281,5782,Real,Middle_FingerTip,-17.876300,0.892606,20.321290,0.636181,-0.095474,0.094789,-0.759720
1.5281,5782,Real,Ring_MCP,-17.969550,0.883755,20.373550,0.560035,-0.331290,-0.231938,-0.723058
1.5281,5782,Real,Ring_PIP,-17.938240,0.882096,20.339160,0.622755,-0.188597,-0.053325,-0.757473
1.5281,5782,Real,Ring_DIP,-17.913920,0.878036,20.329890,0.648710,-0.050672,0.110341,-0.751288
1.5281,5782,Real,Ring_FingerTip,-17.888880,0.872062,20.331620,0.648710,-0.050672,0.110341,-0.751288
1.5281,5782,Real,Pinky_MCP,-17.975830,0.863004,20.379060,0.570468,-0.323178,-0.240639,-0.715693
1.5281,5782,Real,Pinky_PIP,-17.949240,0.862048,20.350040,0.630959,-0.178236,-0.063528,-0.752388
1.5281,5782,Real,Pinky_DIP,-17.932210,0.859676,20.343650,0.654502,-0.038793,0.099285,-0.748509
1.5281,5782,Real,Pinky_FingerTip,-17.913490,0.855855,20.345030,0.654502,-0.038793,0.099285,-0.748509
1.5281,5782,Virtual,Wrist,-18.011220,0.898399,20.475030,0.476296,-0.423764,-0.350151,-0.686266
1.5281,5782,Virtual,Thumb_CMC,-17.985270,0.928766,20.449650,-0.232826,-0.213358,-0.169102,-0.933636
1.5281,5782,Virtual,Thumb_MCP,-17.947870,0.946994,20.435620,-0.194911,-0.248474,-0.014567,-0.948714
1.5281,5782,Virtual,Thumb_IP,-17.904910,0.953098,20.412780,-0.114283,-0.294396,0.261789,-0.911997
1.5281,5782,Virtual,Thumb_FingerTip,-17.885260,0.941407,20.395770,-0.114283,-0.294396,0.261789,-0.911997
1.5281,5782,Virtual,Index_MCP,-17.955260,0.936149,20.382500,0.490513,-0.388112,-0.253409,-0.737937
1.5281,5782,Virtual,Index_PIP,-17.928550,0.935833,20.344030,0.541416,-0.313213,-0.144192,-0.766796
1.5281,5782,Virtual,Index_DIP,-17.908770,0.932769,20.327510,0.577551,-0.240142,-0.043246,-0.779036
1.5281,5782,Virtual,Index_FingerTip,-17.885070,0.927120,20.316100,0.577551,-0.240142,-0.043246,-0.779036
1.5281,5782,Virtual,Middle_MCP,-17.963930,0.910978,20.375890,0.537766,-0.342406,-0.236258,-0.733314
1.5281,5782,Virtual,Middle_PIP,-17.929400,0.909829,20.335950,0.600384,-0.214412,-0.067483,-0.767472
1.5281,5782,Virtual,Middle_DIP,-17.904480,0.905563,20.324580,0.631156,-0.089865,0.087542,-0.765443
1.5281,5782,Virtual,Middle_FingerTip,-17.877080,0.898561,20.323810,0.631156,-0.089865,0.087542,-0.765443
1.5281,5782,Virtual,Ring_MCP,-17.970210,0.887213,20.375790,0.557669,-0.323895,-0.240675,-0.725378
1.5281,5782,Virtual,Ring_PIP,-17.938830,0.886650,20.341430,0.618698,-0.181977,-0.061259,-0.761804
1.5281,5782,Virtual,Ring_DIP,-17.914430,0.883177,20.332130,0.643328,-0.045076,0.103520,-0.757219
1.5281,5782,Virtual,Ring_FingerTip,-17.889290,0.877636,20.333800,0.643328,-0.045076,0.103520,-0.757219
1.5281,5782,Virtual,Pinky_MCP,-17.976120,0.866269,20.380980,0.568089,-0.315627,-0.249239,-0.718008
1.5281,5782,Virtual,Pinky_PIP,-17.949480,0.866241,20.351980,0.626853,-0.171468,-0.071331,-0.756682
1.5281,5782,Virtual,Pinky_DIP,-17.932400,0.864278,20.345580,0.649039,-0.033063,0.092585,-0.754376
1.5281,5782,Virtual,Pinky_FingerTip,-17.913620,0.860780,20.346920,0.649039,-0.033063,0.092585,-0.754376
1.5281,5782,Render,Wrist,-18.011220,0.898399,20.475030,0.476296,-0.423764,-0.350151,-0.686266
1.5281,5782,Render,Thumb_CMC,-17.985270,0.928766,20.449650,-0.168818,-0.223086,-0.085077,-0.956293
1.5281,5782,Render,Thumb_MCP,-17.946360,0.939219,20.432180,-0.145156,-0.239159,0.013017,-0.959981
1.5281,5782,Render,Thumb_IP,-17.902960,0.941397,20.409480,-0.094931,-0.263164,0.202827,-0.938400
1.5281,5782,Render,Thumb_FingerTip,-17.880750,0.931973,20.394310,-0.094931,-0.263164,0.202827,-0.938400
1.5281,5782,Render,Index_MCP,-17.955260,0.936149,20.382500,0.490513,-0.388112,-0.253409,-0.737937
1.5281,5782,Render,Index_PIP,-17.928550,0.935833,20.344030,0.541416,-0.313213,-0.144192,-0.766796
1.5281,5782,Render,Index_DIP,-17.908770,0.932769,20.327510,0.577551,-0.240142,-0.043246,-0.779036
1.5281,5782,Render,Index_FingerTip,-17.885070,0.927120,20.316100,0.577551,-0.240142,-0.043246,-0.779036
1.5281,5782,Render,Middle_MCP,-17.963930,0.910978,20.375890,0.532867,-0.349981,-0.246611,-0.729897
1.5281,5782,Render,Middle_PIP,-17.930480,0.910292,20.335020,0.593775,-0.232088,-0.090169,-0.765138
1.5281,5782,Render,Middle_DIP,-17.906200,0.906477,20.322210,0.626650,-0.117232,0.054167,-0.768527
1.5281,5782,Render,Middle_FingerTip,-17.878850,0.899963,20.319030,0.626650,-0.117232,0.054167,-0.768527
1.5281,5782,Render,Ring_MCP,-17.970210,0.887213,20.375790,0.550810,-0.335427,-0.255714,-0.720214
1.5281,5782,Render,Ring_PIP,-17.940230,0.887158,20.340190,0.609832,-0.209781,-0.095660,-0.758252
1.5281,5782,Render,Ring_DIP,-17.916690,0.884240,20.328740,0.638844,-0.088211,0.052395,-0.762465
1.5281,5782,Render,Ring_FingerTip,-17.891430,0.879270,20.327000,0.638844,-0.088211,0.052395,-0.762465
1.5281,5782,Render,Pinky_MCP,-17.976120,0.866269,20.380980,0.561399,-0.327378,-0.264123,-0.712667
1.5281,5782,Render,Pinky_PIP,-17.950680,0.866619,20.350930,0.618454,-0.199651,-0.105490,-0.752680
1.5281,5782,Render,Pinky_DIP,-17.934200,0.865001,20.343020,0.645350,-0.076609,0.041675,-0.758893
1.5281,5782,Render,Pinky_FingerTip,-17.915340,0.861895,20.341820,0.645350,-0.076609,0.041675,-0.758893
1.5418,5783,Real,Wrist,-18.009120,0.896044,20.470310,0.478049,-0.438915,-0.335497,-0.682836
1.5418,5783,Real,Thumb_CMC,-17.982480,0.924861,20.443860,-0.226150,-0.220654,-0.177568,-0.932008
1.5418,5783,Real,Thumb_MCP,-17.945610,0.943777,20.429330,-0.187475,-0.254332,-0.024454,-0.948457
1.5418,5783,Real,Thumb_IP,-17.902980,0.950727,20.406120,-0.106182,-0.297585,0.250050,-0.915229
1.5418,5783,Real,Thumb_FingerTip,-17.883090,0.939484,20.389080,-0.106182,-0.297585,0.250050,-0.915229
1.5418,5783,Real,Index_MCP,-17.952860,0.929394,20.376270,0.476699,-0.422635,-0.269013,-0.722337
1.5418,5783,Real,Index_PIP,-17.929530,0.928725,20.335660,0.527194,-0.357671,-0.173672,-0.750984
1.5418,5783,Real,Index_DIP,-17.911790,0.925707,20.316970,0.565142,-0.294069,-0.085341,-0.766065
1.5418,5783,Real,Index_FingerTip,-17.889930,0.920283,20.302250,0.565142,-0.294069,-0.085341,-0.766065
1.5418,5783,Real,Middle_MCP,-17.962350,0.904324,20.370460,0.527148,-0.378540,-0.251353,-0.718084
1.5418,5783,Real,Middle_PIP,-17.931350,0.902312,20.327760,0.587414,-0.275904,-0.115987,-0.751911
1.5418,5783,Real,Middle_DIP,-17.908600,0.898162,20.312480,0.624804,-0.175492,0.009311,-0.760747
1.5418,5783,Real,Middle_FingerTip,-17.882050,0.891555,20.305250,0.624804,-0.175492,0.009311,-0.760747
1.5418,5783,Real,Ring_MCP,-17.969360,0.880770,20.371100,0.536935,-0.377311,-0.276895,-0.701902
1.5418,5783,Real,Ring_PIP,-17.943210,0.880004,20.332610,0.588708,-0.289975,-0.165315,-0.736212
1.5418,5783,Real,Ring_DIP,-17.922740,0.877422,20.316240,0.623285,-0.205375,-0.061431,-0.752040
1.5418,5783,Real,Ring_FingerTip,-17.899310,0.873200,20.306290,0.623285,-0.205375,-0.061431,-0.752040
1.5418,5783,Real,Pinky_MCP,-17.975850,0.860175,20.376930,0.547871,-0.370042,-0.285198,-0.693951
1.5418,5783,Real,Pinky_PIP,-17.953670,0.859795,20.344410,0.598392,-0.281106,-0.174745,-0.729637
1.5418,5783,Real,Pinky_DIP,-17.939340,0.858301,20.333050,0.631643,-0.195246,-0.071684,-0.746839
1.5418,5783,Real,Pinky_FingerTip,-17.921840,0.855627,20.325730,0.631643,-0.195246,-0.071684,-0.746839
1.5418,5783,Virtual,Wrist,-18.010210,0.897201,20.472670,0.477383,-0.431216,-0.340948,-0.685502
1.5418,5783,Virtual,Thumb_CMC,-17.983740,0.926698,20.446800,-0.230377,-0.217504,-0.185646,-0.930137
1.5418,5783,Virtual,Thumb_MCP,-17.947010,0.946263,20.432790,-0.192156,-0.251908,-0.032729,-0.947918
1.5418,5783,Virtual,Thumb_IP,-17.904310,0.954052,20.409990,-0.111364,-0.296614,0.241971,-0.917098
1.5418,5783,Virtual,Thumb_FingerTip,-17.884170,0.943287,20.392950,-0.111364,-0.296614,0.241971,-0.917098
1.5418,5783,Virtual,Index_MCP,-17.953700,0.932507,20.379500,0.475427,-0.415248,-0.274609,-0.725347
1.5418,5783,Virtual,Index_PIP,-17.930090,0.932673,20.339060,0.524981,-0.350509,-0.178832,-0.754690
1.5418,5783,Virtual,Index_DIP,-17.912170,0.930127,20.320450,0.562113,-0.287213,-0.090036,-0.770345
1.5418,5783,Virtual,Index_FingerTip,-17.890140,0.925172,20.305830,0.562113,-0.287213,-0.090036,-0.770345
1.5418,5783,Virtual,Middle_MCP,-17.962840,0.907402,20.373280,0.525566,-0.370975,-0.256446,-0.721384
1.5418,5783,Virtual,Middle_PIP,-17.931520,0.906348,20.330790,0.584476,-0.268756,-0.120391,-0.756085
1.5418,5783,Virtual,Middle_DIP,-17.908610,0.902686,20.315620,0.620730,-0.168925,0.005654,-0.765589
1.5418,5783,Virtual,Middle_FingerTip,-17.881930,0.896507,20.308500,0.620730,-0.168925,0.005654,-0.765589
1.5418,5783,Virtual,Ring_MCP,-17.969550,0.883757,20.373560,0.535545,-0.369573,-0.281842,-0.705105
1.5418,5783,Virtual,Ring_PIP,-17.943130,0.883832,20.335250,0.586141,-0.282544,-0.169709,-0.740140
1.5418,5783,Virtual,Ring_DIP,-17.922510,0.881724,20.318990,0.619710,-0.198373,-0.065237,-0.756540
1.5418,5783,Virtual,Ring_FingerTip,-17.898960,0.877927,20.309170,0.619710,-0.198373,-0.065237,-0.756540
1.5418,5783,Virtual,Pinky_MCP,-17.975840,0.863006,20.379070,0.546518,-0.362208,-0.290008,-0.697151
1.5418,5783,Virtual,Pinky_PIP,-17.953420,0.863338,20.346710,0.595847,-0.273575,-0.179004,-0.733540
1.5418,5783,Virtual,Pinky_DIP,-17.939000,0.862175,20.335420,0.628076,-0.188142,-0.075359,-0.751295
1.5418,5783,Virtual,Pinky_FingerTip,-17.921410,0.859817,20.328200,0.628076,-0.188142,-0.075359,-0.751295
1.5418,5783,Render,Wrist,-18.010210,0.897201,20.472670,0.477383,-0.431216,-0.340948,-0.685502
1.5418,5783,Render,Thumb_CMC,-17.983740,0.926698,20.446800,-0.163615,-0.222820,-0.074520,-0.958138
1.5418,5783,Render,Thumb_MCP,-17.944680,0.936170,20.429120,-0.140008,-0.238363,0.023707,-0.960739
1.5418,5783,Render,Thumb_IP,-17.901280,0.937210,20.406340,-0.090042,-0.261364,0.213456,-0.937026
1.5418,5783,Render,Thumb_FingerTip,-17.879270,0.927150,20.391290,-0.090042,-0.261364,0.213456,-0.937026
1.5418,5783,Render,Index_MCP,-17.953700,0.932507,20.379500,0.492384,-0.394994,-0.244022,-0.736201
1.5418,5783,Render,Index_PIP,-17.927060,0.931118,20.341010,0.544262,-0.319752,-0.135154,-0.763722
1.5418,5783,Render,Index_DIP,-17.907370,0.927442,20.324520,0.581223,-0.246256,-0.034685,-0.774813
1.5418,5783,Render,Index_FingerTip,-17.883790,0.921187,20.313170,0.581223,-0.246256,-0.034685,-0.774813
1.5418,5783,Render,Middle_MCP,-17.962840,0.907402,20.373280,0.535026,-0.357195,-0.237617,-0.727803
1.5418,5783,Render,Middle_PIP,-17.929480,0.905483,20.332400,0.597381,-0.238699,-0.081804,-0.761227
1.5418,5783,Render,Middle_DIP,-17.905290,0.901030,20.319620,0.631427,-0.123054,0.061656,-0.763123
1.5418,5783,Render,Middle_FingerTip,-17.878060,0.893969,20.316510,0.631427,-0.123054,0.061656,-0.763123
1.5418,5783,Render,Ring_MCP,-17.969550,0.883757,20.373560,0.553021,-0.342870,-0.246931,-0.718077
1.5418,5783,Render,Ring_PIP,-17.939640,0.882612,20.337930,0.613585,-0.216577,-0.087538,-0.754285
1.5418,5783,Render,Ring_DIP,-17.916170,0.879089,20.326490,0.643837,-0.094156,0.059599,-0.757005
1.5418,5783,Render,Ring_FingerTip,-17.891010,0.873633,20.324800,0.643837,-0.094156,0.059599,-0.757005
1.5418,5783,Render,Pinky_MCP,-17.975840,0.863006,20.379070,0.563621,-0.334976,-0.255476,-0.710532
1.5418,5783,Render,Pinky_PIP,-17.950440,0.862433,20.348990,0.622250,-0.206598,-0.097500,-0.748744
1.5418,5783,Render,Pinky_DIP,-17.934010,0.860394,20.341090,0.650415,-0.082693,0.048755,-0.753489
1.5418,5783,Render,Pinky_FingerTip,-17.915210,0.856926,20.339910,0.650415,-0.082693,0.048755,-0.753489
