PlayerName,Player01
VisualCondition,Base
LoadCondition,Low
GrabbedObject,100-8
Timestamp,Frame,PoseType,JointName,PosX,PosY,PosZ,RotX,RotY,RotZ,RotW
0.0140,5198,Real,Wrist,-17.725840,0.957199,20.830420,0.625935,0.178304,0.057615,-0.757030
0.0140,5198,Real,Thumb_CMC,-17.700050,0.990658,20.851760,0.001483,0.449658,-0.318064,-0.834651
0.0140,5198,Real,Thumb_MCP,-17.682780,1.014031,20.884680,-0.071265,0.443977,-0.178876,-0.875106
0.0140,5198,Real,Thumb_IP,-17.656210,1.026278,20.924030,-0.196227,0.404585,0.080989,-0.889521
0.0140,5198,Real,Thumb_FingerTip,-17.637420,1.017647,20.943640,-0.196227,0.404585,0.080989,-0.889521
0.0140,5198,Real,Index_MCP,-17.631810,1.002470,20.877650,0.575042,0.229786,0.115459,-0.776656
0.0140,5198,Real,Index_PIP,-17.591180,1.006448,20.900580,0.545190,0.293671,0.203007,-0.758495
0.0140,5198,Real,Index_DIP,-17.571830,1.006766,20.917890,0.512266,0.347935,0.279581,-0.733730
0.0140,5198,Real,Index_FingerTip,-17.555650,1.005318,20.939330,0.512266,0.347935,0.279581,-0.733730
0.0140,5198,Real,Middle_MCP,-17.625010,0.976632,20.871440,0.598837,0.254914,0.151502,-0.743949
0.0140,5198,Real,Middle_PIP,-17.581490,0.980850,20.901040,0.544870,0.355956,0.279587,-0.705864
0.0140,5198,Real,Middle_DIP,-17.565130,0.980661,20.923420,0.481808,0.437548,0.387566,-0.652845
0.0140,5198,Real,Middle_FingerTip,-17.556170,0.978273,20.950150,0.481808,0.437548,0.387566,-0.652845
0.0140,5198,Real,Ring_MCP,-17.624640,0.952331,20.867750,0.618312,0.256210,0.154522,-0.726753
0.0140,5198,Real,Ring_PIP,-17.586440,0.956623,20.893970,0.563480,0.361170,0.280185,-0.688145
0.0140,5198,Real,Ring_DIP,-17.571110,0.957187,20.915380,0.498989,0.446054,0.385889,-0.634931
0.0140,5198,Real,Ring_FingerTip,-17.563250,0.956030,20.939930,0.498989,0.446054,0.385889,-0.634931
0.0140,5198,Real,Pinky_MCP,-17.629600,0.930779,20.864380,0.631174,0.256712,0.156147,-0.715078
0.0140,5198,Real,Pinky_PIP,-17.597340,0.934746,20.886590,0.576052,0.363930,0.279727,-0.676367
0.0140,5198,Real,Pinky_DIP,-17.586730,0.935496,20.901540,0.510963,0.450775,0.383567,-0.623374
0.0140,5198,Real,Pinky_FingerTip,-17.580990,0.935159,20.919810,0.510963,0.450775,0.383567,-0.623374
0.0140,5198,Virtual,Wrist,-17.718340,0.996386,20.809240,0.625935,0.178304,0.057615,-0.757030
0.0140,5198,Virtual,Thumb_CMC,-17.692540,1.029845,20.830570,0.001484,0.449658,-0.318063,-0.834651
0.0140,5198,Virtual,Thumb_MCP,-17.675270,1.053218,20.863490,-0.071265,0.443977,-0.178876,-0.875105
0.0140,5198,Virtual,Thumb_IP,-17.648710,1.065466,20.902840,-0.196227,0.404585,0.080989,-0.889521
0.0140,5198,Virtual,Thumb_FingerTip,-17.629920,1.056834,20.922450,-0.196227,0.404585,0.080989,-0.889521
0.0140,5198,Virtual,Index_MCP,-17.624300,1.041658,20.856460,0.575042,0.229786,0.115460,-0.776656
0.0140,5198,Virtual,Index_PIP,-17.583670,1.045635,20.879390,0.545190,0.293671,0.203007,-0.758495
0.0140,5198,Virtual,Index_DIP,-17.564330,1.045953,20.896710,0.512265,0.347935,0.279581,-0.733730
0.0140,5198,Virtual,Index_FingerTip,-17.548150,1.044505,20.918140,0.512265,0.347935,0.279581,-0.733730
0.0140,5198,Virtual,Middle_MCP,-17.617510,1.015819,20.850250,0.598837,0.254914,0.151502,-0.743949
0.0140,5198,Virtual,Middle_PIP,-17.573990,1.020037,20.879860,0.544870,0.355956,0.279587,-0.705864
0.0140,5198,Virtual,Middle_DIP,-17.557630,1.019849,20.902240,0.481808,0.437548,0.387566,-0.652844
0.0140,5198,Virtual,Middle_FingerTip,-17.548660,1.017460,20.928970,0.481808,0.437548,0.387566,-0.652844
0.0140,5198,Virtual,Ring_MCP,-17.617140,0.991518,20.846570,0.618312,0.256210,0.154522,-0.726753
0.0140,5198,Virtual,Ring_PIP,-17.578940,0.995811,20.872790,0.563480,0.361170,0.280185,-0.688145
0.0140,5198,Virtual,Ring_DIP,-17.563600,0.996375,20.894200,0.498989,0.446054,0.385889,-0.634930
0.0140,5198,Virtual,Ring_FingerTip,-17.555750,0.995217,20.918750,0.498989,0.446054,0.385889,-0.634930
0.0140,5198,Virtual,Pinky_MCP,-17.622100,0.969966,20.843190,0.631174,0.256712,0.156147,-0.715078
0.0140,5198,Virtual,Pinky_PIP,-17.589840,0.973933,20.865410,0.576052,0.363930,0.279727,-0.676367
0.0140,5198,Virtual,Pinky_DIP,-17.579220,0.974683,20.880350,0.510963,0.450775,0.383567,-0.623374
0.0140,5198,Virtual,Pinky_FingerTip,-17.573490,0.974347,20.898630,0.510963,0.450775,0.383567,-0.623374
0.0140,5198,Render,Wrist,-17.718480,0.996215,20.809330,0.630573,0.174724,0.061628,-0.753692
0.0140,5198,Render,Thumb_CMC,-17.692270,1.029545,20.830360,-0.024679,0.441958,-0.216982,-0.870048
0.0140,5198,Render,Thumb_MCP,-17.669650,1.045166,20.864610,-0.071634,0.436812,-0.123032,-0.888216
0.0140,5198,Render,Thumb_IP,-17.640810,1.052814,20.903520,-0.161091,0.412293,0.064770,-0.894354
0.0140,5198,Render,Thumb_FingerTip,-17.622250,1.045726,20.923940,-0.161091,0.412293,0.064770,-0.894354
0.0140,5198,Render,Index_MCP,-17.623900,1.040738,20.856160,0.583126,0.218874,0.108802,-0.774739
0.0140,5198,Render,Index_PIP,-17.582660,1.044797,20.877990,0.558160,0.276404,0.186159,-0.759871
0.0140,5198,Render,Index_DIP,-17.562470,1.045463,20.894290,0.530843,0.325802,0.254190,-0.739896
0.0140,5198,Render,Index_FingerTip,-17.544760,1.044649,20.914510,0.530843,0.325802,0.254190,-0.739896
0.0140,5198,Render,Middle_MCP,-17.617430,1.014759,20.850190,0.605868,0.247133,0.149181,-0.741346
0.0140,5198,Render,Middle_PIP,-17.573420,1.018892,20.879090,0.556315,0.344478,0.270428,-0.706200
0.0140,5198,Render,Middle_DIP,-17.556330,1.018929,20.900910,0.498413,0.423953,0.373199,-0.657702
0.0140,5198,Render,Middle_FingerTip,-17.546090,1.016996,20.927230,0.498413,0.423953,0.373199,-0.657702
0.0140,5198,Render,Ring_MCP,-17.617360,0.990422,20.846740,0.630236,0.235289,0.137346,-0.727033
0.0140,5198,Render,Ring_PIP,-17.577730,0.994930,20.870720,0.591628,0.320211,0.236600,-0.701044
0.0140,5198,Render,Ring_DIP,-17.559740,0.996172,20.889920,0.547128,0.391421,0.322091,-0.666107
0.0140,5198,Render,Ring_FingerTip,-17.547200,0.996152,20.912460,0.547128,0.391421,0.322091,-0.666107
0.0140,5198,Render,Pinky_MCP,-17.622590,0.968904,20.843570,0.641759,0.238858,0.143133,-0.714567
0.0140,5198,Render,Pinky_PIP,-17.589320,0.972921,20.864230,0.599991,0.330029,0.245964,-0.685999
0.0140,5198,Render,Pinky_DIP,-17.577200,0.973995,20.877960,0.551365,0.406083,0.334062,-0.647685
0.0140,5198,Render,Pinky_FingerTip,-17.568630,0.974284,20.895100,0.551365,0.406083,0.334062,-0.647685
0.0292,5199,Real,Wrist,-17.727200,0.957039,20.831280,0.624570,0.180843,0.057574,-0.757557
0.0292,5199,Real,Thumb_CMC,-17.701610,0.990544,20.852790,0.000220,0.451613,-0.319096,-0.833201
0.0292,5199,Real,Thumb_MCP,-17.684560,1.013902,20.885830,-0.072829,0.445702,-0.180130,-0.873842
0.0292,5199,Real,Thumb_IP,-17.658190,1.026155,20.925310,-0.198222,0.405787,0.079423,-0.888672
0.0292,5199,Real,Thumb_FingerTip,-17.639430,1.017547,20.944970,-0.198222,0.405787,0.079423,-0.888672
0.0292,5199,Real,Index_MCP,-17.633520,1.002552,20.878970,0.573447,0.232195,0.115347,-0.777135
0.0292,5199,Real,Index_PIP,-17.592990,1.006627,20.902060,0.543332,0.295883,0.202950,-0.758983
0.0292,5199,Real,Index_DIP,-17.573710,1.006976,20.919440,0.510191,0.349945,0.279574,-0.734222
0.0292,5199,Real,Index_FingerTip,-17.557600,1.005538,20.940940,0.510191,0.349945,0.279574,-0.734222
0.0292,5199,Real,Middle_MCP,-17.626600,0.976754,20.872710,0.597167,0.257263,0.151526,-0.744478
0.0292,5199,Real,Middle_PIP,-17.583210,0.981065,20.902500,0.542813,0.357976,0.279704,-0.706381
0.0292,5199,Real,Middle_DIP,-17.566930,0.980884,20.924940,0.479459,0.439218,0.387763,-0.653336
0.0292,5199,Real,Middle_FingerTip,-17.558060,0.978465,20.951700,0.479459,0.439218,0.387763,-0.653336
0.0292,5199,Real,Ring_MCP,-17.626130,0.952464,20.868970,0.616654,0.258560,0.154617,-0.727309
0.0292,5199,Real,Ring_PIP,-17.588040,0.956837,20.895350,0.561434,0.363191,0.280376,-0.688675
0.0292,5199,Real,Ring_DIP,-17.572790,0.957407,20.916820,0.496648,0.447724,0.386162,-0.635424
0.0292,5199,Real,Ring_FingerTip,-17.565030,0.956220,20.941400,0.496648,0.447724,0.386162,-0.635424
0.0292,5199,Real,Pinky_MCP,-17.630990,0.930902,20.865530,0.629526,0.259063,0.156289,-0.715652
0.0292,5199,Real,Pinky_PIP,-17.598830,0.934936,20.887880,0.574016,0.365954,0.279968,-0.676906
0.0292,5199,Real,Pinky_DIP,-17.588270,0.935690,20.902860,0.508631,0.452449,0.383890,-0.623869
0.0292,5199,Real,Pinky_FingerTip,-17.582600,0.935331,20.921160,0.508631,0.452449,0.383890,-0.623869
0.0292,5199,Virtual,Wrist,-17.720600,0.996497,20.815610,0.625935,0.178304,0.057615,-0.757029
0.0292,5199,Virtual,Thumb_CMC,-17.694800,1.029956,20.836950,0.001484,0.449658,-0.318064,-0.834651
0.0292,5199,Virtual,Thumb_MCP,-17.677530,1.053329,20.869860,-0.071265,0.443977,-0.178876,-0.875106
0.0292,5199,Virtual,Thumb_IP,-17.650970,1.065576,20.909210,-0.196227,0.404585,0.080988,-0.889521
0.0292,5199,Virtual,Thumb_FingerTip,-17.632180,1.056945,20.928820,-0.196227,0.404585,0.080988,-0.889521
0.0292,5199,Virtual,Index_MCP,-17.626560,1.041768,20.862830,0.575042,0.229786,0.115459,-0.776656
0.0292,5199,Virtual,Index_PIP,-17.585930,1.045745,20.885770,0.545190,0.293671,0.203007,-0.758495
0.0292,5199,Virtual,Index_DIP,-17.566590,1.046063,20.903070,0.512266,0.347935,0.279581,-0.733730
0.0292,5199,Virtual,Index_FingerTip,-17.550410,1.044616,20.924510,0.512266,0.347935,0.279581,-0.733730
0.0292,5199,Virtual,Middle_MCP,-17.619770,1.015929,20.856620,0.598837,0.254914,0.151502,-0.743949
0.0292,5199,Virtual,Middle_PIP,-17.576250,1.020148,20.886230,0.544870,0.355956,0.279587,-0.705864
0.0292,5199,Virtual,Middle_DIP,-17.559890,1.019959,20.908610,0.481808,0.437548,0.387566,-0.652845
0.0292,5199,Virtual,Middle_FingerTip,-17.550920,1.017570,20.935340,0.481808,0.437548,0.387566,-0.652845
0.0292,5199,Virtual,Ring_MCP,-17.619400,0.991629,20.852930,0.618312,0.256210,0.154522,-0.726753
0.0292,5199,Virtual,Ring_PIP,-17.581200,0.995921,20.879160,0.563480,0.361170,0.280184,-0.688145
0.0292,5199,Virtual,Ring_DIP,-17.565860,0.996485,20.900570,0.498989,0.446054,0.385889,-0.634930
0.0292,5199,Virtual,Ring_FingerTip,-17.558010,0.995328,20.925120,0.498989,0.446054,0.385889,-0.634930
0.0292,5199,Virtual,Pinky_MCP,-17.624360,0.970077,20.849560,0.631174,0.256712,0.156147,-0.715078
0.0292,5199,Virtual,Pinky_PIP,-17.592090,0.974043,20.871770,0.576052,0.363931,0.279727,-0.676367
0.0292,5199,Virtual,Pinky_DIP,-17.581480,0.974793,20.886720,0.510963,0.450775,0.383567,-0.623374
0.0292,5199,Virtual,Pinky_FingerTip,-17.575750,0.974457,20.905000,0.510963,0.450775,0.383567,-0.623374
0.0292,5199,Render,Wrist,-17.720600,0.996497,20.815610,0.625935,0.178304,0.057615,-0.757029
0.0292,5199,Render,Thumb_CMC,-17.694800,1.029956,20.836950,-0.029964,0.455616,-0.217592,-0.862653
0.0292,5199,Render,Thumb_MCP,-17.673280,1.045242,20.872030,-0.078345,0.449829,-0.124427,-0.880928
0.0292,5199,Render,Thumb_IP,-17.645610,1.052535,20.911850,-0.170367,0.423626,0.061887,-0.887517
0.0292,5199,Render,Thumb_FingerTip,-17.627560,1.045290,20.932680,-0.170367,0.423626,0.061887,-0.887517
0.0292,5199,Render,Index_MCP,-17.626560,1.041768,20.862830,0.578119,0.221930,0.104868,-0.778157
0.0292,5199,Render,Index_PIP,-17.585380,1.046142,20.884690,0.552871,0.278942,0.182589,-0.763667
0.0292,5199,Render,Index_DIP,-17.565200,1.046909,20.900980,0.525346,0.327850,0.250978,-0.744000
0.0292,5199,Render,Index_FingerTip,-17.547470,1.046130,20.921200,0.525346,0.327850,0.250978,-0.744000
0.0292,5199,Render,Middle_MCP,-17.619770,1.015929,20.856620,0.600844,0.250148,0.145586,-0.745129
0.0292,5199,Render,Middle_PIP,-17.575810,1.020346,20.885540,0.550859,0.346615,0.267512,-0.710528
0.0292,5199,Render,Middle_DIP,-17.558720,1.020394,20.907370,0.492698,0.425248,0.370965,-0.662418
0.0292,5199,Render,Middle_FingerTip,-17.548440,1.018344,20.933650,0.492698,0.425248,0.370965,-0.662418
0.0292,5199,Render,Ring_MCP,-17.619400,0.991629,20.852930,0.625352,0.238515,0.133782,-0.730855
0.0292,5199,Render,Ring_PIP,-17.579820,0.996411,20.876950,0.586344,0.322730,0.233599,-0.705321
0.0292,5199,Render,Ring_DIP,-17.561840,0.997700,20.896150,0.541571,0.393261,0.319647,-0.670725
0.0292,5199,Render,Ring_FingerTip,-17.549300,0.997627,20.918700,0.541571,0.393261,0.319647,-0.670725
0.0292,5199,Render,Pinky_MCP,-17.624360,0.970077,20.849560,0.636910,0.242131,0.139663,-0.718480
0.0292,5199,Render,Pinky_PIP,-17.591140,0.974319,20.870260,0.594716,0.332558,0.243103,-0.690377
0.0292,5199,Render,Pinky_DIP,-17.579020,0.975417,20.883990,0.545804,0.407897,0.331802,-0.652400
0.0292,5199,Render,Pinky_FingerTip,-17.570460,0.975654,20.901130,0.545804,0.407897,0.331802,-0.652400
0.0441,5200,Real,Wrist,-17.728490,0.956781,20.832230,0.622676,0.183552,0.058155,-0.758421
0.0441,5200,Real,Thumb_CMC,-17.703110,0.990286,20.853990,-0.012538,0.464719,-0.310746,-0.829046
0.0441,5200,Real,Thumb_MCP,-17.686650,1.012399,20.888170,-0.087044,0.456666,-0.173501,-0.868204
0.0441,5200,Real,Thumb_IP,-17.661020,1.023273,20.928530,-0.214191,0.412605,0.082428,-0.881524
0.0441,5200,Real,Thumb_FingerTip,-17.642610,1.014094,20.948260,-0.214191,0.412605,0.082428,-0.881524
0.0441,5200,Real,Index_MCP,-17.635180,1.002416,20.880540,0.567999,0.242618,0.126600,-0.776200
0.0441,5200,Real,Index_PIP,-17.595360,1.006119,20.904910,0.537711,0.303898,0.211597,-0.757457
0.0441,5200,Real,Index_DIP,-17.576530,1.006282,20.922760,0.504808,0.355888,0.285908,-0.732646
0.0441,5200,Real,Index_FingerTip,-17.560840,1.004678,20.944550,0.504808,0.355888,0.285908,-0.732646
0.0441,5200,Real,Middle_MCP,-17.628150,0.976665,20.874220,0.592572,0.265094,0.158957,-0.743852
0.0441,5200,Real,Middle_PIP,-17.585430,0.980768,20.904990,0.535405,0.367094,0.289816,-0.703271
0.0441,5200,Real,Middle_DIP,-17.569840,0.980365,20.927910,0.469039,0.448797,0.399665,-0.647188
0.0441,5200,Real,Middle_FingerTip,-17.561980,0.977639,20.954960,0.469039,0.448797,0.399665,-0.647188
0.0441,5200,Real,Ring_MCP,-17.627570,0.952392,20.870390,0.612047,0.266607,0.162033,-0.726680
0.0441,5200,Real,Ring_PIP,-17.590100,0.956620,20.897650,0.553931,0.372616,0.290430,-0.685543
0.0441,5200,Real,Ring_DIP,-17.575510,0.957004,20.919580,0.486027,0.457667,0.397958,-0.629245
0.0441,5200,Real,Ring_FingerTip,-17.568690,0.955561,20.944420,0.486027,0.457667,0.397958,-0.629245
0.0441,5200,Real,Pinky_MCP,-17.632350,0.930827,20.866840,0.624932,0.267217,0.163649,-0.715035
0.0441,5200,Real,Pinky_PIP,-17.600710,0.934762,20.889930,0.566493,0.375539,0.289919,-0.673797
0.0441,5200,Real,Pinky_DIP,-17.590630,0.935400,20.905250,0.497948,0.462593,0.395545,-0.617738
0.0441,5200,Real,Pinky_FingerTip,-17.585660,0.934864,20.923740,0.497948,0.462593,0.395545,-0.617738
0.0441,5200,Virtual,Wrist,-17.720840,0.996538,20.816820,0.624570,0.180844,0.057574,-0.757558
0.0441,5200,Virtual,Thumb_CMC,-17.695250,1.030043,20.838340,-0.010916,0.462176,-0.310246,-0.830676
0.0441,5200,Virtual,Thumb_MCP,-17.678550,1.052233,20.872350,-0.085034,0.454417,-0.172745,-0.869732
0.0441,5200,Virtual,Thumb_IP,-17.652690,1.063176,20.912550,-0.211621,0.411026,0.083589,-0.882773
0.0441,5200,Virtual,Thumb_FingerTip,-17.634230,1.054013,20.932220,-0.211621,0.411026,0.083589,-0.882773
0.0441,5200,Virtual,Index_MCP,-17.627160,1.042050,20.864510,0.570188,0.240088,0.126063,-0.775469
0.0441,5200,Virtual,Index_PIP,-17.587210,1.045716,20.888680,0.540165,0.301626,0.210983,-0.756790
0.0441,5200,Virtual,Index_DIP,-17.568290,1.045885,20.906440,0.507476,0.353871,0.285231,-0.732044
0.0441,5200,Virtual,Index_FingerTip,-17.552500,1.044313,20.928170,0.507476,0.353871,0.285231,-0.732044
0.0441,5200,Virtual,Middle_MCP,-17.620240,1.016253,20.858260,0.594811,0.262663,0.158265,-0.743075
0.0441,5200,Virtual,Middle_PIP,-17.577360,1.020332,20.888820,0.538045,0.365104,0.288996,-0.702631
0.0441,5200,Virtual,Middle_DIP,-17.561660,1.019966,20.911660,0.471965,0.447260,0.398752,-0.646688
0.0441,5200,Virtual,Middle_FingerTip,-17.553690,1.017318,20.938680,0.471965,0.447260,0.398752,-0.646688
0.0441,5200,Virtual,Ring_MCP,-17.619760,0.991963,20.854520,0.614263,0.264191,0.161264,-0.725864
0.0441,5200,Virtual,Ring_PIP,-17.582150,0.996172,20.881580,0.556546,0.370638,0.289526,-0.684879
0.0441,5200,Virtual,Ring_DIP,-17.567450,0.996593,20.903450,0.488929,0.456141,0.396958,-0.628736
0.0441,5200,Virtual,Ring_FingerTip,-17.560520,0.995222,20.928260,0.488929,0.456141,0.396958,-0.628736
0.0441,5200,Virtual,Pinky_MCP,-17.624630,0.970400,20.851070,0.627130,0.264811,0.162829,-0.714192
0.0441,5200,Virtual,Pinky_PIP,-17.592860,0.974320,20.874010,0.569090,0.373568,0.288961,-0.673116
0.0441,5200,Virtual,Pinky_DIP,-17.582710,0.974984,20.889270,0.500830,0.461070,0.394489,-0.617222
0.0441,5200,Virtual,Pinky_FingerTip,-17.577660,0.974502,20.907750,0.500830,0.461070,0.394489,-0.617222
0.0441,5200,Render,Wrist,-17.720840,0.996538,20.816820,0.624570,0.180844,0.057574,-0.757558
0.0441,5200,Render,Thumb_CMC,-17.695250,1.030043,20.838340,-0.031462,0.457444,-0.218731,-0.861344
0.0441,5200,Render,Thumb_MCP,-17.673920,1.045325,20.873550,-0.080029,0.451486,-0.125698,-0.879748
0.0441,5200,Render,Thumb_IP,-17.646430,1.052625,20.913480,-0.172360,0.424896,0.060397,-0.886627
0.0441,5200,Render,Thumb_FingerTip,-17.628430,1.045399,20.934360,-0.172360,0.424896,0.060397,-0.886627
0.0441,5200,Render,Index_MCP,-17.627160,1.042050,20.864510,0.576557,0.224361,0.104749,-0.778635
0.0441,5200,Render,Index_PIP,-17.586070,1.046527,20.886520,0.551073,0.281203,0.182519,-0.764154
0.0441,5200,Render,Index_DIP,-17.565950,1.047331,20.902900,0.523351,0.329940,0.250952,-0.744491
0.0441,5200,Render,Index_FingerTip,-17.548290,1.046569,20.923190,0.523351,0.329940,0.250952,-0.744491
0.0441,5200,Render,Middle_MCP,-17.620240,1.016253,20.858260,0.599192,0.252510,0.145606,-0.745659
0.0441,5200,Render,Middle_PIP,-17.576400,1.020765,20.887360,0.548837,0.348670,0.267620,-0.711047
0.0441,5200,Render,Middle_DIP,-17.559390,1.020825,20.909250,0.490391,0.426976,0.371149,-0.662915
0.0441,5200,Render,Middle_FingerTip,-17.549210,1.018750,20.935570,0.490391,0.426976,0.371149,-0.662915
0.0441,5200,Render,Ring_MCP,-17.619760,0.991963,20.854520,0.623761,0.240911,0.133862,-0.731413
0.0441,5200,Render,Ring_PIP,-17.580300,0.996836,20.878690,0.584437,0.324883,0.233755,-0.705863
0.0441,5200,Render,Ring_DIP,-17.562390,0.998147,20.897970,0.539411,0.395160,0.319869,-0.671244
0.0441,5200,Render,Ring_FingerTip,-17.549930,0.998066,20.920560,0.539411,0.395160,0.319869,-0.671244
0.0441,5200,Render,Pinky_MCP,-17.624630,0.970400,20.851070,0.635317,0.244519,0.139792,-0.719057
0.0441,5200,Render,Pinky_PIP,-17.591500,0.974718,20.871920,0.592791,0.334687,0.243315,-0.690928
0.0441,5200,Render,Pinky_DIP,-17.579440,0.975829,20.885690,0.543616,0.409754,0.332084,-0.652920
0.0441,5200,Render,Pinky_FingerTip,-17.570940,0.976056,20.902860,0.543616,0.409754,0.332084,-0.652920
0.0573,5201,Real,Wrist,-17.730260,0.956733,20.832610,0.622864,0.186761,0.060321,-0.757313
0.0573,5201,Real,Thumb_CMC,-17.705080,0.990279,20.854530,-0.010907,0.467814,-0.311295,-0.827120
0.0573,5201,Real,Thumb_MCP,-17.688900,1.012443,20.888810,-0.085932,0.459984,-0.174352,-0.866391
0.0573,5201,Real,Thumb_IP,-17.663600,1.023380,20.929360,-0.214075,0.416103,0.081093,-0.880031
0.0573,5201,Real,Thumb_FingerTip,-17.645340,1.014235,20.949240,-0.214075,0.416103,0.081093,-0.880031
0.0573,5201,Real,Index_MCP,-17.637370,1.002477,20.881600,0.567912,0.245926,0.128507,-0.774909
0.0573,5201,Real,Index_PIP,-17.597750,1.006231,20.906280,0.537258,0.307176,0.213350,-0.755962
0.0573,5201,Real,Index_DIP,-17.579060,1.006425,20.924280,0.504031,0.359105,0.287503,-0.730985
0.0573,5201,Real,Index_FingerTip,-17.563540,1.004857,20.946200,0.504031,0.359105,0.287503,-0.730985
0.0573,5201,Real,Middle_MCP,-17.630270,0.976722,20.875370,0.592330,0.268300,0.160956,-0.742465
0.0573,5201,Real,Middle_PIP,-17.587800,0.980885,20.906480,0.534592,0.370204,0.291533,-0.701548
0.0573,5201,Real,Middle_DIP,-17.572400,0.980518,20.929520,0.467734,0.451735,0.401081,-0.645210
0.0573,5201,Real,Middle_FingerTip,-17.564750,0.977830,20.956630,0.467734,0.451735,0.401081,-0.645210
0.0573,5201,Real,Ring_MCP,-17.629660,0.952444,20.871570,0.611781,0.269752,0.164112,-0.725276
0.0573,5201,Real,Ring_PIP,-17.592400,0.956725,20.899120,0.553102,0.375661,0.292222,-0.683787
0.0573,5201,Real,Ring_DIP,-17.577990,0.957145,20.921180,0.484715,0.460537,0.399440,-0.627220
0.0573,5201,Real,Ring_FingerTip,-17.571370,0.955736,20.946070,0.484715,0.460537,0.399440,-0.627220
0.0573,5201,Real,Pinky_MCP,-17.634400,0.930872,20.868010,0.624652,0.270320,0.165782,-0.713620
0.0573,5201,Real,Pinky_PIP,-17.602940,0.934853,20.891350,0.565659,0.378541,0.291762,-0.672021
0.0573,5201,Real,Pinky_DIP,-17.592980,0.935515,20.906740,0.496637,0.465419,0.397075,-0.615686
0.0573,5201,Real,Pinky_FingerTip,-17.588160,0.935004,20.925280,0.496637,0.465419,0.397075,-0.615686
0.0573,5201,Virtual,Wrist,-17.721180,0.996663,20.818060,0.622676,0.183552,0.058155,-0.758420
0.0573,5201,Virtual,Thumb_CMC,-17.695800,1.030169,20.839820,-0.012538,0.464719,-0.310746,-0.829046
0.0573,5201,Virtual,Thumb_MCP,-17.679330,1.052282,20.874000,-0.087044,0.456666,-0.173501,-0.868204
0.0573,5201,Virtual,Thumb_IP,-17.653700,1.063155,20.914360,-0.214190,0.412605,0.082428,-0.881524
0.0573,5201,Virtual,Thumb_FingerTip,-17.635300,1.053976,20.934090,-0.214190,0.412605,0.082428,-0.881524
0.0573,5201,Virtual,Index_MCP,-17.627870,1.042298,20.866360,0.568000,0.242618,0.126600,-0.776200
0.0573,5201,Virtual,Index_PIP,-17.588050,1.046002,20.890740,0.537711,0.303898,0.211598,-0.757456
0.0573,5201,Virtual,Index_DIP,-17.569220,1.046164,20.908590,0.504808,0.355888,0.285908,-0.732646
0.0573,5201,Virtual,Index_FingerTip,-17.553530,1.044560,20.930390,0.504808,0.355888,0.285908,-0.732646
0.0573,5201,Virtual,Middle_MCP,-17.620840,1.016548,20.860040,0.592572,0.265094,0.158957,-0.743852
0.0573,5201,Virtual,Middle_PIP,-17.578120,1.020650,20.890820,0.535406,0.367094,0.289816,-0.703271
0.0573,5201,Virtual,Middle_DIP,-17.562530,1.020247,20.913740,0.469039,0.448797,0.399665,-0.647188
0.0573,5201,Virtual,Middle_FingerTip,-17.554670,1.017522,20.940790,0.469039,0.448797,0.399665,-0.647188
0.0573,5201,Virtual,Ring_MCP,-17.620270,0.992274,20.856220,0.612047,0.266607,0.162033,-0.726680
0.0573,5201,Virtual,Ring_PIP,-17.582790,0.996502,20.883480,0.553931,0.372616,0.290430,-0.685543
0.0573,5201,Virtual,Ring_DIP,-17.568210,0.996887,20.905410,0.486027,0.457667,0.397958,-0.629245
0.0573,5201,Virtual,Ring_FingerTip,-17.561390,0.995443,20.930250,0.486027,0.457667,0.397958,-0.629245
0.0573,5201,Virtual,Pinky_MCP,-17.625050,0.970709,20.852670,0.624932,0.267217,0.163649,-0.715035
0.0573,5201,Virtual,Pinky_PIP,-17.593400,0.974645,20.875760,0.566493,0.375539,0.289919,-0.673797
0.0573,5201,Virtual,Pinky_DIP,-17.583310,0.975283,20.891070,0.497948,0.462593,0.395545,-0.617738
0.0573,5201,Virtual,Pinky_FingerTip,-17.578350,0.974747,20.909570,0.497948,0.462593,0.395545,-0.617738
0.0573,5201,Render,Wrist,-17.721180,0.996663,20.818060,0.622676,0.183552,0.058155,-0.758420
0.0573,5201,Render,Thumb_CMC,-17.695800,1.030169,20.839820,-0.031709,0.473285,-0.216287,-0.853356
0.0573,5201,Render,Thumb_MCP,-17.675670,1.045060,20.875890,-0.081963,0.467211,-0.124120,-0.871545
0.0573,5201,Render,Thumb_IP,-17.649550,1.051913,20.916820,-0.177529,0.439873,0.060232,-0.878276
0.0573,5201,Render,Thumb_FingerTip,-17.632290,1.044446,20.938230,-0.177529,0.439873,0.060232,-0.878276
0.0573,5201,Render,Index_MCP,-17.627870,1.042298,20.866360,0.574439,0.226949,0.105266,-0.779380
0.0573,5201,Render,Index_PIP,-17.586900,1.046825,20.888590,0.548705,0.283566,0.183108,-0.764843
0.0573,5201,Render,Index_DIP,-17.566860,1.047632,20.905070,0.520779,0.332078,0.251601,-0.745124
0.0573,5201,Render,Index_FingerTip,-17.549300,1.046849,20.925430,0.520779,0.332078,0.251601,-0.745124
0.0573,5201,Render,Middle_MCP,-17.620840,1.016548,20.860040,0.596995,0.254979,0.146284,-0.746448
0.0573,5201,Render,Middle_PIP,-17.577160,1.021092,20.889370,0.546259,0.350738,0.268420,-0.711712
0.0573,5201,Render,Middle_DIP,-17.560250,1.021123,20.911340,0.487533,0.428635,0.372040,-0.663453
0.0573,5201,Render,Middle_FingerTip,-17.550180,1.018980,20.937700,0.487533,0.428635,0.372040,-0.663453
0.0573,5201,Render,Ring_MCP,-17.620270,0.992274,20.856220,0.621638,0.243409,0.134599,-0.732258
0.0573,5201,Render,Ring_PIP,-17.580930,0.997184,20.880590,0.581989,0.327064,0.234603,-0.706598
0.0573,5201,Render,Ring_DIP,-17.563120,0.998479,20.899960,0.536710,0.397019,0.320802,-0.671867
0.0573,5201,Render,Ring_FingerTip,-17.550770,0.998352,20.922610,0.536710,0.397019,0.320802,-0.671867
0.0573,5201,Render,Pinky_MCP,-17.625050,0.970709,20.852670,0.633197,0.246995,0.140584,-0.719925
0.0573,5201,Render,Pinky_PIP,-17.592030,0.975055,20.873680,0.590332,0.336828,0.244225,-0.691672
0.0573,5201,Render,Pinky_DIP,-17.580040,0.976152,20.887520,0.540897,0.411553,0.333085,-0.653537
0.0573,5201,Render,Pinky_FingerTip,-17.571620,0.976341,20.904720,0.540897,0.411553,0.333085,-0.653537
0.0696,5202,Real,Wrist,-17.732120,0.956614,20.832690,0.623072,0.189547,0.061899,-0.756321
0.0696,5202,Real,Thumb_CMC,-17.707110,0.990210,20.854740,-0.023028,0.480179,-0.299295,-0.824209
0.0696,5202,Real,Thumb_MCP,-17.691310,1.010903,20.890100,-0.098111,0.470613,-0.166218,-0.860970
0.0696,5202,Real,Thumb_IP,-17.666710,1.020409,20.931430,-0.225919,0.424338,0.081421,-0.873080
0.0696,5202,Real,Thumb_FingerTip,-17.648850,1.010893,20.951500,-0.225919,0.424338,0.081421,-0.873080
0.0696,5202,Real,Index_MCP,-17.639580,1.002503,20.882230,0.563152,0.259321,0.144246,-0.771237
0.0696,5202,Real,Index_PIP,-17.601000,1.005761,20.908570,0.534210,0.314653,0.221093,-0.752815
0.0696,5202,Real,Index_DIP,-17.582720,1.005847,20.926990,0.503520,0.361738,0.288360,-0.729700
0.0696,5202,Real,Index_FingerTip,-17.567340,1.004326,20.949010,0.503520,0.361738,0.288360,-0.729700
0.0696,5202,Real,Middle_MCP,-17.632420,0.976746,20.876080,0.588737,0.278453,0.171620,-0.739189
0.0696,5202,Real,Middle_PIP,-17.590920,0.980662,20.908490,0.528236,0.380938,0.303267,-0.695617
0.0696,5202,Real,Middle_DIP,-17.576340,0.980123,20.932060,0.458634,0.462388,0.413209,-0.636483
0.0696,5202,Real,Middle_FingerTip,-17.569810,0.977240,20.959440,0.458634,0.462388,0.413209,-0.636483
0.0696,5202,Real,Ring_MCP,-17.631760,0.952464,20.872320,0.608048,0.280318,0.174889,-0.721882
0.0696,5202,Real,Ring_PIP,-17.595390,0.956578,20.901040,0.546392,0.386984,0.304197,-0.677617
0.0696,5202,Real,Ring_DIP,-17.581810,0.956858,20.923620,0.475011,0.471874,0.411886,-0.618102
0.0696,5202,Real,Ring_FingerTip,-17.576250,0.955287,20.948760,0.475011,0.471874,0.411886,-0.618102
0.0696,5202,Real,Pinky_MCP,-17.636460,0.930884,20.868750,0.620896,0.281020,0.176456,-0.710196
0.0696,5202,Real,Pinky_PIP,-17.605760,0.934755,20.893100,0.558895,0.390028,0.303596,-0.665842
0.0696,5202,Real,Pinky_DIP,-17.596370,0.935336,20.908850,0.486840,0.476940,0.409350,-0.606588
0.0696,5202,Real,Pinky_FingerTip,-17.592350,0.934719,20.927570,0.486840,0.476940,0.409350,-0.606588
0.0696,5202,Virtual,Wrist,-17.721570,0.996615,20.819240,0.622864,0.186761,0.060321,-0.757313
0.0696,5202,Virtual,Thumb_CMC,-17.696390,1.030161,20.841160,-0.024328,0.477690,-0.298543,-0.825889
0.0696,5202,Virtual,Thumb_MCP,-17.680340,1.050794,20.876450,-0.099004,0.467951,-0.165211,-0.862512
0.0696,5202,Virtual,Thumb_IP,-17.655470,1.060224,20.917630,-0.226031,0.421532,0.082818,-0.874278
0.0696,5202,Virtual,Thumb_FingerTip,-17.637480,1.050666,20.937570,-0.226031,0.421532,0.082818,-0.874278
0.0696,5202,Virtual,Index_MCP,-17.628680,1.042359,20.868230,0.563233,0.256459,0.142915,-0.772381
0.0696,5202,Virtual,Index_PIP,-17.589920,1.045549,20.894320,0.534579,0.311814,0.219884,-0.754088
0.0696,5202,Virtual,Index_DIP,-17.571520,1.045594,20.912620,0.504145,0.358944,0.287271,-0.731076
0.0696,5202,Virtual,Index_FingerTip,-17.555990,1.044031,20.934540,0.504145,0.358944,0.287271,-0.731076
0.0696,5202,Virtual,Middle_MCP,-17.621580,1.016603,20.862000,0.588937,0.275667,0.170203,-0.740400
0.0696,5202,Virtual,Middle_PIP,-17.579860,1.020441,20.894140,0.528940,0.378235,0.302094,-0.697065
0.0696,5202,Virtual,Middle_DIP,-17.565130,1.019858,20.917620,0.459771,0.459837,0.412290,-0.638105
0.0696,5202,Virtual,Middle_FingerTip,-17.558420,1.016933,20.944950,0.459771,0.459837,0.412290,-0.638105
0.0696,5202,Virtual,Ring_MCP,-17.620970,0.992325,20.858200,0.608270,0.277578,0.173404,-0.723111
0.0696,5202,Virtual,Ring_PIP,-17.584400,0.996370,20.886700,0.547113,0.384331,0.302961,-0.679097
0.0696,5202,Virtual,Ring_DIP,-17.570670,0.996608,20.909180,0.476160,0.469376,0.410911,-0.619766
0.0696,5202,Virtual,Ring_FingerTip,-17.564950,0.995000,20.934290,0.476160,0.469376,0.410911,-0.619766
0.0696,5202,Virtual,Pinky_MCP,-17.625700,0.970754,20.854640,0.621132,0.278312,0.174924,-0.711435
0.0696,5202,Virtual,Pinky_PIP,-17.594840,0.974567,20.878790,0.559623,0.387408,0.302317,-0.667340
0.0696,5202,Virtual,Pinky_DIP,-17.585360,0.975119,20.894480,0.487990,0.474477,0.408335,-0.608277
0.0696,5202,Virtual,Pinky_FingerTip,-17.581210,0.974474,20.913180,0.487990,0.474477,0.408335,-0.608277
0.0696,5202,Render,Wrist,-17.721570,0.996615,20.819240,0.622864,0.186761,0.060321,-0.757313
0.0696,5202,Render,Thumb_CMC,-17.696390,1.030161,20.841160,-0.030441,0.476531,-0.216925,-0.851432
0.0696,5202,Render,Thumb_MCP,-17.676550,1.045107,20.877380,-0.081048,0.470574,-0.124959,-0.869700
0.0696,5202,Render,Thumb_IP,-17.650770,1.052024,20.918500,-0.177334,0.443352,0.059027,-0.876646
0.0696,5202,Render,Thumb_FingerTip,-17.633670,1.044593,20.940060,-0.177334,0.443352,0.059027,-0.876646
0.0696,5202,Render,Index_MCP,-17.628680,1.042359,20.868230,0.574442,0.230259,0.107207,-0.778141
0.0696,5202,Render,Index_PIP,-17.587890,1.046933,20.890780,0.548375,0.286859,0.184915,-0.763416
0.0696,5202,Render,Index_DIP,-17.567980,1.047771,20.907410,0.520153,0.335327,0.253271,-0.743539
0.0696,5202,Render,Index_FingerTip,-17.550580,1.047024,20.927910,0.520153,0.335327,0.253271,-0.743539
0.0696,5202,Render,Middle_MCP,-17.621580,1.016603,20.862000,0.596807,0.258188,0.148306,-0.745095
0.0696,5202,Render,Middle_PIP,-17.578140,1.021207,20.891670,0.545540,0.353872,0.270189,-0.710042
0.0696,5202,Render,Middle_DIP,-17.561410,1.021274,20.913760,0.486352,0.431626,0.373539,-0.661536
0.0696,5202,Render,Middle_FingerTip,-17.551550,1.019169,20.940210,0.486352,0.431626,0.373539,-0.661536
0.0696,5202,Render,Ring_MCP,-17.620970,0.992325,20.858200,0.621490,0.246561,0.136730,-0.730933
0.0696,5202,Render,Ring_PIP,-17.581830,0.997286,20.882880,0.581406,0.330165,0.236529,-0.704991
0.0696,5202,Render,Ring_DIP,-17.564170,0.998614,20.902400,0.535746,0.400023,0.322513,-0.670032
0.0696,5202,Render,Ring_FingerTip,-17.552000,0.998522,20.925140,0.535746,0.400023,0.322513,-0.670032
0.0696,5202,Render,Pinky_MCP,-17.625700,0.970754,20.854640,0.633017,0.250105,0.142762,-0.718580
0.0696,5202,Render,Pinky_PIP,-17.592860,0.975143,20.875910,0.589700,0.339878,0.246183,-0.690023
0.0696,5202,Render,Pinky_DIP,-17.580980,0.976264,20.889840,0.539869,0.414493,0.334809,-0.651645
0.0696,5202,Render,Pinky_FingerTip,-17.572700,0.976478,20.907120,0.539869,0.414493,0.334809,-0.651645
0.0813,5203,Real,Wrist,-17.732120,0.956614,20.832690,0.623072,0.189547,0.061899,-0.756321
0.0813,5203,Real,Thumb_CMC,-17.707110,0.990210,20.854740,-0.023028,0.480179,-0.299295,-0.824209
0.0813,5203,Real,Thumb_MCP,-17.691310,1.010903,20.890100,-0.098111,0.470613,-0.166218,-0.860970
0.0813,5203,Real,Thumb_IP,-17.666710,1.020409,20.931430,-0.225919,0.424338,0.081421,-0.873080
0.0813,5203,Real,Thumb_FingerTip,-17.648850,1.010893,20.951500,-0.225919,0.424338,0.081421,-0.873080
0.0813,5203,Real,Index_MCP,-17.639580,1.002503,20.882230,0.563152,0.259321,0.144246,-0.771237
0.0813,5203,Real,Index_PIP,-17.601000,1.005761,20.908570,0.534210,0.314653,0.221093,-0.752815
0.0813,5203,Real,Index_DIP,-17.582720,1.005847,20.926990,0.503520,0.361738,0.288360,-0.729700
0.0813,5203,Real,Index_FingerTip,-17.567340,1.004326,20.949010,0.503520,0.361738,0.288360,-0.729700
0.0813,5203,Real,Middle_MCP,-17.632420,0.976746,20.876080,0.588737,0.278453,0.171620,-0.739189
0.0813,5203,Real,Middle_PIP,-17.590920,0.980662,20.908490,0.528236,0.380938,0.303267,-0.695617
0.0813,5203,Real,Middle_DIP,-17.576340,0.980123,20.932060,0.458634,0.462388,0.413209,-0.636483
0.0813,5203,Real,Middle_FingerTip,-17.569810,0.977240,20.959440,0.458634,0.462388,0.413209,-0.636483
0.0813,5203,Real,Ring_MCP,-17.631760,0.952464,20.872320,0.608048,0.280318,0.174889,-0.721882
0.0813,5203,Real,Ring_PIP,-17.595390,0.956578,20.901040,0.546392,0.386984,0.304197,-0.677617
0.0813,5203,Real,Ring_DIP,-17.581810,0.956858,20.923620,0.475011,0.471874,0.411886,-0.618102
0.0813,5203,Real,Ring_FingerTip,-17.576250,0.955287,20.948760,0.475011,0.471874,0.411886,-0.618102
0.0813,5203,Real,Pinky_MCP,-17.636460,0.930884,20.868750,0.620896,0.281020,0.176456,-0.710196
0.0813,5203,Real,Pinky_PIP,-17.605760,0.934755,20.893100,0.558895,0.390028,0.303596,-0.665842
0.0813,5203,Real,Pinky_DIP,-17.596370,0.935336,20.908850,0.486840,0.476940,0.409350,-0.606588
0.0813,5203,Real,Pinky_FingerTip,-17.592350,0.934719,20.927570,0.486840,0.476940,0.409350,-0.606588
0.0813,5203,Virtual,Wrist,-17.722140,0.996580,20.820220,0.623073,0.189547,0.061899,-0.756321
0.0813,5203,Virtual,Thumb_CMC,-17.697120,1.030176,20.842260,-0.023028,0.480179,-0.299295,-0.824209
0.0813,5203,Virtual,Thumb_MCP,-17.681330,1.050869,20.877620,-0.098111,0.470613,-0.166218,-0.860970
0.0813,5203,Virtual,Thumb_IP,-17.656730,1.060375,20.918950,-0.225919,0.424338,0.081421,-0.873080
0.0813,5203,Virtual,Thumb_FingerTip,-17.638870,1.050858,20.939020,-0.225919,0.424338,0.081421,-0.873080
0.0813,5203,Virtual,Index_MCP,-17.629600,1.042469,20.869750,0.563152,0.259320,0.144246,-0.771237
0.0813,5203,Virtual,Index_PIP,-17.591020,1.045727,20.896090,0.534210,0.314653,0.221093,-0.752816
0.0813,5203,Virtual,Index_DIP,-17.572740,1.045813,20.914520,0.503520,0.361738,0.288360,-0.729700
0.0813,5203,Virtual,Index_FingerTip,-17.557360,1.044292,20.936530,0.503520,0.361738,0.288360,-0.729700
0.0813,5203,Virtual,Middle_MCP,-17.622440,1.016712,20.863600,0.588737,0.278453,0.171619,-0.739189
0.0813,5203,Virtual,Middle_PIP,-17.580930,1.020628,20.896010,0.528236,0.380938,0.303266,-0.695617
0.0813,5203,Virtual,Middle_DIP,-17.566360,1.020088,20.919580,0.458634,0.462388,0.413209,-0.636484
0.0813,5203,Virtual,Middle_FingerTip,-17.559820,1.017206,20.946970,0.458634,0.462388,0.413209,-0.636484
0.0813,5203,Virtual,Ring_MCP,-17.621780,0.992430,20.859840,0.608048,0.280318,0.174889,-0.721883
0.0813,5203,Virtual,Ring_PIP,-17.585410,0.996543,20.888570,0.546392,0.386983,0.304196,-0.677617
0.0813,5203,Virtual,Ring_DIP,-17.571830,0.996824,20.911140,0.475011,0.471873,0.411885,-0.618103
0.0813,5203,Virtual,Ring_FingerTip,-17.566270,0.995253,20.936290,0.475011,0.471873,0.411885,-0.618103
0.0813,5203,Virtual,Pinky_MCP,-17.626480,0.970849,20.856280,0.620897,0.281020,0.176456,-0.710196
0.0813,5203,Virtual,Pinky_PIP,-17.595780,0.974721,20.880620,0.558895,0.390028,0.303596,-0.665842
0.0813,5203,Virtual,Pinky_DIP,-17.586400,0.975302,20.896370,0.486840,0.476940,0.409349,-0.606588
0.0813,5203,Virtual,Pinky_FingerTip,-17.582370,0.974685,20.915100,0.486840,0.476940,0.409349,-0.606588
0.0813,5203,Render,Wrist,-17.722140,0.996580,20.820220,0.623073,0.189547,0.061899,-0.756321
0.0813,5203,Render,Thumb_CMC,-17.697120,1.030176,20.842260,-0.027934,0.491175,-0.214903,-0.843673
0.0813,5203,Render,Thumb_MCP,-17.678460,1.044894,20.879180,-0.080116,0.485401,-0.123775,-0.861770
0.0813,5203,Render,Thumb_IP,-17.654030,1.051540,20.921170,-0.179513,0.458048,0.058532,-0.868643
0.0813,5203,Render,Thumb_FingerTip,-17.637690,1.043955,20.943250,-0.179513,0.458048,0.058532,-0.868643
0.0813,5203,Render,Index_MCP,-17.629600,1.042469,20.869750,0.574493,0.233121,0.108589,-0.777060
0.0813,5203,Render,Index_PIP,-17.588970,1.047109,20.892560,0.548137,0.289711,0.186181,-0.762201
0.0813,5203,Render,Index_DIP,-17.569170,1.047986,20.909320,0.519657,0.338147,0.254422,-0.742215
0.0813,5203,Render,Index_FingerTip,-17.551900,1.047281,20.929940,0.519657,0.338147,0.254422,-0.742215
0.0813,5203,Render,Middle_MCP,-17.622440,1.016712,20.863600,0.596689,0.260979,0.149757,-0.743926
0.0813,5203,Render,Middle_PIP,-17.579200,1.021392,20.893540,0.544960,0.356604,0.271425,-0.708648
0.0813,5203,Render,Middle_DIP,-17.562610,1.021503,20.915750,0.485369,0.434240,0.374552,-0.659973
0.0813,5203,Render,Middle_FingerTip,-17.552930,1.019441,20.942270,0.485369,0.434240,0.374552,-0.659973
0.0813,5203,Render,Ring_MCP,-17.621780,0.992430,20.859840,0.621406,0.249309,0.138275,-0.729781
0.0813,5203,Render,Ring_PIP,-17.582810,0.997457,20.884770,0.580943,0.332875,0.237900,-0.703636
0.0813,5203,Render,Ring_DIP,-17.565290,0.998826,20.904390,0.534948,0.402654,0.323705,-0.668517
0.0813,5203,Render,Ring_FingerTip,-17.553260,0.998774,20.927220,0.534948,0.402654,0.323705,-0.668517
0.0813,5203,Render,Pinky_MCP,-17.626480,0.970849,20.856280,0.632903,0.252821,0.144348,-0.717412
0.0813,5203,Render,Pinky_PIP,-17.593780,0.975295,20.877760,0.589190,0.342549,0.247581,-0.688636
0.0813,5203,Render,Pinky_DIP,-17.581990,0.976444,20.891760,0.539013,0.417074,0.336012,-0.650086
0.0813,5203,Render,Pinky_FingerTip,-17.573820,0.976689,20.909090,0.539013,0.417074,0.336012,-0.650086
0.0926,5204,Real,Wrist,-17.735500,0.956461,20.832270,0.623818,0.195504,0.059931,-0.754346
0.0926,5204,Real,Thumb_CMC,-17.710980,0.990414,20.854320,-0.027728,0.484112,-0.297307,-0.822481
0.0926,5204,Real,Thumb_MCP,-17.695410,1.010710,20.890010,-0.102044,0.474047,-0.166929,-0.858488
0.0926,5204,Real,Thumb_IP,-17.671150,1.020019,20.931590,-0.228504,0.427691,0.075654,-0.871289
0.0926,5204,Real,Thumb_FingerTip,-17.653400,1.010692,20.951850,-0.228504,0.427691,0.075654,-0.871289
0.0926,5204,Real,Index_MCP,-17.643780,1.003512,20.882230,0.560712,0.270661,0.149222,-0.768165
0.0926,5204,Real,Index_PIP,-17.605900,1.006990,20.909540,0.533063,0.321714,0.220127,-0.750926
0.0926,5204,Real,Index_DIP,-17.587830,1.007312,20.928170,0.504207,0.365282,0.282321,-0.729822
0.0926,5204,Real,Index_FingerTip,-17.572400,1.006136,20.950180,0.504207,0.365282,0.282321,-0.729822
0.0926,5204,Real,Middle_MCP,-17.636320,0.977797,20.876270,0.586557,0.288656,0.174652,-0.736292
0.0926,5204,Real,Middle_PIP,-17.595540,0.982097,20.909530,0.523905,0.391018,0.306308,-0.691957
0.0926,5204,Real,Middle_DIP,-17.581500,0.981704,20.933430,0.452348,0.471967,0.416092,-0.632057
0.0926,5204,Real,Middle_FingerTip,-17.575610,0.978902,20.960970,0.452348,0.471967,0.416092,-0.632057
0.0926,5204,Real,Ring_MCP,-17.635400,0.953504,20.872630,0.605803,0.290668,0.177911,-0.718932
0.0926,5204,Real,Ring_PIP,-17.599670,0.957988,20.902110,0.542009,0.397130,0.307103,-0.673945
0.0926,5204,Real,Ring_DIP,-17.586600,0.958424,20.924990,0.468707,0.481456,0.414536,-0.613738
0.0926,5204,Real,Ring_FingerTip,-17.581630,0.956941,20.950260,0.468707,0.481456,0.414536,-0.613738
0.0926,5204,Real,Pinky_MCP,-17.639850,0.931860,20.869150,0.618608,0.291486,0.179497,-0.707207
0.0926,5204,Real,Pinky_PIP,-17.609710,0.936063,20.894120,0.554444,0.400289,0.306506,-0.662129
0.0926,5204,Real,Pinky_DIP,-17.600690,0.936760,20.910080,0.480447,0.486632,0.411989,-0.602184
0.0926,5204,Real,Pinky_FingerTip,-17.597110,0.936212,20.928900,0.480447,0.486632,0.411989,-0.602184
0.0926,5204,Virtual,Wrist,-17.722140,0.996580,20.820220,0.623073,0.189547,0.061899,-0.756321
0.0926,5204,Virtual,Thumb_CMC,-17.697120,1.030176,20.842260,-0.028497,0.482025,-0.291912,-0.825607
0.0926,5204,Virtual,Thumb_MCP,-17.681100,1.050135,20.877940,-0.102482,0.471866,-0.161117,-0.860745
0.0926,5204,Virtual,Thumb_IP,-17.656450,1.058992,20.919380,-0.228325,0.425474,0.081863,-0.871859
0.0926,5204,Virtual,Thumb_FingerTip,-17.638650,1.049387,20.939460,-0.228325,0.425474,0.081863,-0.871859
0.0926,5204,Virtual,Index_MCP,-17.629600,1.042469,20.869750,0.560626,0.264738,0.151674,-0.769811
0.0926,5204,Virtual,Index_PIP,-17.591490,1.045434,20.896800,0.533528,0.315808,0.222721,-0.752335
0.0926,5204,Virtual,Index_DIP,-17.573290,1.045482,20.915300,0.505167,0.359435,0.285025,-0.731009
0.0926,5204,Virtual,Index_FingerTip,-17.557710,1.044042,20.937180,0.505167,0.359435,0.285025,-0.731009
0.0926,5204,Virtual,Middle_MCP,-17.622440,1.016712,20.863600,0.586731,0.282654,0.176899,-0.737943
0.0926,5204,Virtual,Middle_PIP,-17.581380,1.020440,20.896590,0.525173,0.385150,0.308819,-0.693170
0.0926,5204,Virtual,Middle_DIP,-17.567170,1.019787,20.920390,0.454566,0.466387,0.418768,-0.632840
0.0926,5204,Virtual,Middle_FingerTip,-17.561100,1.016786,20.947860,0.454566,0.466387,0.418768,-0.632840
0.0926,5204,Virtual,Ring_MCP,-17.621780,0.992430,20.859840,0.606043,0.284626,0.180007,-0.720623
0.0926,5204,Virtual,Ring_PIP,-17.585800,0.996411,20.889080,0.543355,0.391235,0.309475,-0.675223
0.0926,5204,Virtual,Ring_DIP,-17.572570,0.996602,20.911860,0.471012,0.475865,0.417087,-0.614605
0.0926,5204,Virtual,Ring_FingerTip,-17.567430,0.994940,20.937090,0.471012,0.475865,0.417087,-0.614605
0.0926,5204,Virtual,Pinky_MCP,-17.626480,0.970849,20.856280,0.618887,0.285419,0.181491,-0.708926
0.0926,5204,Virtual,Pinky_PIP,-17.596110,0.974627,20.881060,0.555834,0.394377,0.308782,-0.663452
0.0926,5204,Virtual,Pinky_DIP,-17.586970,0.975154,20.896960,0.482797,0.481032,0.414454,-0.603112
0.0926,5204,Virtual,Pinky_FingerTip,-17.583260,0.974475,20.915730,0.482797,0.481032,0.414454,-0.603112
0.0926,5204,Render,Wrist,-17.722140,0.996580,20.820220,0.623073,0.189547,0.061899,-0.756321
0.0926,5204,Render,Thumb_CMC,-17.697120,1.030176,20.842260,-0.027934,0.491175,-0.214903,-0.843673
0.0926,5204,Render,Thumb_MCP,-17.678460,1.044894,20.879180,-0.080116,0.485401,-0.123775,-0.861770
0.0926,5204,Render,Thumb_IP,-17.654030,1.051540,20.921170,-0.179513,0.458048,0.058532,-0.868643
0.0926,5204,Render,Thumb_FingerTip,-17.637690,1.043955,20.943250,-0.179513,0.458048,0.058532,-0.868643
0.0926,5204,Render,Index_MCP,-17.629600,1.042469,20.869750,0.574493,0.233121,0.108589,-0.777060
0.0926,5204,Render,Index_PIP,-17.588970,1.047109,20.892560,0.548137,0.289711,0.186181,-0.762201
0.0926,5204,Render,Index_DIP,-17.569170,1.047986,20.909320,0.519657,0.338147,0.254422,-0.742215
0.0926,5204,Render,Index_FingerTip,-17.551900,1.047281,20.929940,0.519657,0.338147,0.254422,-0.742215
0.0926,5204,Render,Middle_MCP,-17.622440,1.016712,20.863600,0.596689,0.260979,0.149757,-0.743926
0.0926,5204,Render,Middle_PIP,-17.579200,1.021392,20.893540,0.544960,0.356604,0.271425,-0.708648
0.0926,5204,Render,Middle_DIP,-17.562610,1.021503,20.915750,0.485369,0.434240,0.374552,-0.659973
0.0926,5204,Render,Middle_FingerTip,-17.552930,1.019441,20.942270,0.485369,0.434240,0.374552,-0.659973
0.0926,5204,Render,Ring_MCP,-17.621780,0.992430,20.859840,0.621406,0.249309,0.138275,-0.729781
0.0926,5204,Render,Ring_PIP,-17.582810,0.997457,20.884770,0.580943,0.332875,0.237900,-0.703636
0.0926,5204,Render,Ring_DIP,-17.565290,0.998826,20.904390,0.534948,0.402654,0.323705,-0.668517
0.0926,5204,Render,Ring_FingerTip,-17.553260,0.998774,20.927220,0.534948,0.402654,0.323705,-0.668517
0.0926,5204,Render,Pinky_MCP,-17.626480,0.970849,20.856280,0.632903,0.252821,0.144348,-0.717412
0.0926,5204,Render,Pinky_PIP,-17.593780,0.975295,20.877760,0.589190,0.342549,0.247581,-0.688636
0.0926,5204,Render,Pinky_DIP,-17.581990,0.976444,20.891760,0.539013,0.417074,0.336012,-0.650086
0.0926,5204,Render,Pinky_FingerTip,-17.573820,0.976689,20.909090,0.539013,0.417074,0.336012,-0.650086
0.1051,5205,Real,Wrist,-17.737700,0.956710,20.831870,0.627171,0.200440,0.058580,-0.750366
0.1051,5205,Real,Thumb_CMC,-17.713550,0.991063,20.853710,-0.023669,0.485198,-0.302728,-0.819987
0.1051,5205,Real,Thumb_MCP,-17.698360,1.011855,20.889280,-0.098201,0.475745,-0.172670,-0.856860
0.1051,5205,Real,Thumb_IP,-17.674450,1.021782,20.930910,-0.225276,0.430381,0.069687,-0.871302
0.1051,5205,Real,Thumb_FingerTip,-17.656780,1.012795,20.951390,-0.225276,0.430381,0.069687,-0.871302
0.1051,5205,Real,Index_MCP,-17.646640,1.004904,20.881930,0.563593,0.275938,0.147187,-0.764563
0.1051,5205,Real,Index_PIP,-17.608970,1.008930,20.909460,0.535440,0.327237,0.217765,-0.747529
0.1051,5205,Real,Index_DIP,-17.591030,1.009575,20.928210,0.506113,0.370984,0.279683,-0.726635
0.1051,5205,Real,Index_FingerTip,-17.575740,1.008743,20.950330,0.506113,0.370984,0.279683,-0.726635
0.1051,5205,Real,Middle_MCP,-17.638970,0.979173,20.876310,0.589114,0.294047,0.172708,-0.732566
0.1051,5205,Real,Middle_PIP,-17.598450,0.984106,20.909800,0.525433,0.396786,0.303715,-0.688650
0.1051,5205,Real,Middle_DIP,-17.584570,0.984069,20.933800,0.452906,0.477907,0.412990,-0.629222
0.1051,5205,Real,Middle_FingerTip,-17.578850,0.981611,20.961400,0.452906,0.477907,0.412990,-0.629222
0.1051,5205,Real,Ring_MCP,-17.637860,0.954847,20.872950,0.608246,0.296079,0.176077,-0.715103
0.1051,5205,Real,Ring_PIP,-17.602370,0.959889,20.902630,0.543414,0.402898,0.304596,-0.670519
0.1051,5205,Real,Ring_DIP,-17.589470,0.960664,20.925580,0.469137,0.487376,0.411497,-0.610774
0.1051,5205,Real,Ring_FingerTip,-17.584660,0.959493,20.950900,0.469137,0.487376,0.411497,-0.610774
0.1051,5205,Real,Pinky_MCP,-17.642160,0.933138,20.869680,0.620977,0.296906,0.177740,-0.703309
0.1051,5205,Real,Pinky_PIP,-17.612220,0.937812,20.894810,0.555776,0.406052,0.304062,-0.658621
0.1051,5205,Real,Pinky_DIP,-17.603310,0.938745,20.910820,0.480805,0.492536,0.408998,-0.599129
0.1051,5205,Real,Pinky_FingerTip,-17.599860,0.938429,20.929670,0.480805,0.492536,0.408998,-0.599129
0.1051,5205,Virtual,Wrist,-17.723610,0.996237,20.821700,0.623818,0.195504,0.059931,-0.754346
0.1051,5205,Virtual,Thumb_CMC,-17.699090,1.030190,20.843750,-0.027728,0.484112,-0.297307,-0.822481
0.1051,5205,Virtual,Thumb_MCP,-17.683530,1.050486,20.879450,-0.102044,0.474047,-0.166929,-0.858488
0.1051,5205,Virtual,Thumb_IP,-17.659260,1.059795,20.921020,-0.228504,0.427691,0.075654,-0.871288
0.1051,5205,Virtual,Thumb_FingerTip,-17.641520,1.050468,20.941280,-0.228504,0.427691,0.075654,-0.871288
0.1051,5205,Virtual,Index_MCP,-17.631900,1.043288,20.871660,0.560712,0.270662,0.149222,-0.768165
0.1051,5205,Virtual,Index_PIP,-17.594020,1.046766,20.898980,0.533062,0.321714,0.220127,-0.750926
0.1051,5205,Virtual,Index_DIP,-17.575940,1.047088,20.917610,0.504207,0.365282,0.282321,-0.729822
0.1051,5205,Virtual,Index_FingerTip,-17.560510,1.045912,20.939610,0.504207,0.365282,0.282321,-0.729822
0.1051,5205,Virtual,Middle_MCP,-17.624440,1.017573,20.865700,0.586557,0.288656,0.174652,-0.736292
0.1051,5205,Virtual,Middle_PIP,-17.583650,1.021873,20.898960,0.523904,0.391018,0.306308,-0.691957
0.1051,5205,Virtual,Middle_DIP,-17.569610,1.021480,20.922860,0.452348,0.471967,0.416092,-0.632057
0.1051,5205,Virtual,Middle_FingerTip,-17.563720,1.018678,20.950400,0.452348,0.471967,0.416092,-0.632057
0.1051,5205,Virtual,Ring_MCP,-17.623510,0.993280,20.862060,0.605803,0.290668,0.177911,-0.718932
0.1051,5205,Virtual,Ring_PIP,-17.587790,0.997764,20.891550,0.542008,0.397130,0.307103,-0.673945
0.1051,5205,Virtual,Ring_DIP,-17.574720,0.998200,20.914420,0.468707,0.481456,0.414537,-0.613738
0.1051,5205,Virtual,Ring_FingerTip,-17.569750,0.996716,20.939690,0.468707,0.481456,0.414537,-0.613738
0.1051,5205,Virtual,Pinky_MCP,-17.627970,0.971636,20.858580,0.618608,0.291486,0.179497,-0.707207
0.1051,5205,Virtual,Pinky_PIP,-17.597820,0.975839,20.883560,0.554444,0.400289,0.306506,-0.662129
0.1051,5205,Virtual,Pinky_DIP,-17.588810,0.976536,20.899520,0.480447,0.486632,0.411990,-0.602184
0.1051,5205,Virtual,Pinky_FingerTip,-17.585220,0.975988,20.918330,0.480447,0.486632,0.411990,-0.602184
0.1051,5205,Render,Wrist,-17.723610,0.996237,20.821700,0.623818,0.195504,0.059931,-0.754346
0.1051,5205,Render,Thumb_CMC,-17.699090,1.030190,20.843750,-0.027226,0.495413,-0.219962,-0.839906
0.1051,5205,Render,Thumb_MCP,-17.680990,1.045230,20.880820,-0.079863,0.489691,-0.129207,-0.858563
0.1051,5205,Render,Thumb_IP,-17.657110,1.052273,20.923060,-0.180159,0.462297,0.052551,-0.866639
0.1051,5205,Render,Thumb_FingerTip,-17.640950,1.044930,20.945360,-0.180159,0.462297,0.052551,-0.866639
0.1051,5205,Render,Index_MCP,-17.631900,1.043288,20.871660,0.574908,0.239031,0.106232,-0.775280
0.1051,5205,Render,Index_PIP,-17.591480,1.048445,20.894740,0.547957,0.295633,0.183657,-0.760667
0.1051,5205,Render,Index_DIP,-17.571810,1.049603,20.911640,0.518941,0.344028,0.251770,-0.740916
0.1051,5205,Render,Index_FingerTip,-17.554690,1.049172,20.932380,0.518941,0.344028,0.251770,-0.740916
0.1051,5205,Render,Middle_MCP,-17.624440,1.017573,20.865700,0.596734,0.266983,0.147572,-0.742194
0.1051,5205,Render,Middle_PIP,-17.581460,1.022832,20.895930,0.544006,0.362532,0.268983,-0.707303
0.1051,5205,Render,Middle_DIP,-17.565040,1.023218,20.918250,0.483537,0.439958,0.371936,-0.659009
0.1051,5205,Render,Middle_FingerTip,-17.555520,1.021386,20.944850,0.483537,0.439958,0.371936,-0.659009
0.1051,5205,Render,Ring_MCP,-17.623510,0.993280,20.862060,0.621514,0.255355,0.136280,-0.727972
0.1051,5205,Render,Ring_PIP,-17.584770,0.998817,20.887250,0.580213,0.338878,0.235674,-0.702120
0.1051,5205,Render,Ring_DIP,-17.567410,1.000459,20.906990,0.533477,0.408519,0.321307,-0.667291
0.1051,5205,Render,Ring_FingerTip,-17.555550,1.000641,20.929900,0.533477,0.408519,0.321307,-0.667291
0.1051,5205,Render,Pinky_MCP,-17.627970,0.971636,20.858580,0.632940,0.258895,0.142446,-0.715591
0.1051,5205,Render,Pinky_PIP,-17.595470,0.976513,20.880270,0.588340,0.348562,0.245434,-0.687112
0.1051,5205,Render,Pinky_DIP,-17.583790,0.977850,20.894350,0.537378,0.422923,0.333683,-0.648858
0.1051,5205,Render,Pinky_FingerTip,-17.575760,0.978262,20.911740,0.537378,0.422923,0.333683,-0.648858
0.1181,5206,Real,Wrist,-17.739680,0.956782,20.831970,0.628798,0.204712,0.058585,-0.747846
0.1181,5206,Real,Thumb_CMC,-17.715840,0.991374,20.853770,-0.030439,0.488429,-0.291747,-0.821825
0.1181,5206,Real,Thumb_MCP,-17.700350,1.011125,20.889800,-0.102358,0.478552,-0.166964,-0.855941
0.1181,5206,Real,Thumb_IP,-17.676510,1.020335,20.931640,-0.225103,0.434532,0.065006,-0.869647
0.1181,5206,Real,Thumb_FingerTip,-17.659020,1.011538,20.952350,-0.225103,0.434532,0.065006,-0.869647
0.1181,5206,Real,Index_MCP,-17.649190,1.005682,20.882390,0.559331,0.291105,0.161201,-0.759224
0.1181,5206,Real,Index_PIP,-17.612730,1.009470,20.911530,0.534956,0.333790,0.219850,-0.744361
0.1181,5206,Real,Index_DIP,-17.595070,1.010244,20.930540,0.510234,0.370479,0.271503,-0.727113
0.1181,5206,Real,Index_FingerTip,-17.579520,1.009793,20.952490,0.510234,0.370479,0.271503,-0.727113
0.1181,5206,Real,Middle_MCP,-17.641370,0.979952,20.876980,0.585933,0.306557,0.182293,-0.727651
0.1181,5206,Real,Middle_PIP,-17.602000,0.984913,20.911820,0.519987,0.408543,0.312292,-0.682041
0.1181,5206,Real,Middle_DIP,-17.588940,0.984882,20.936270,0.445565,0.488637,0.420404,-0.621262
0.1181,5206,Real,Middle_FingerTip,-17.584160,0.982422,20.964050,0.445565,0.488637,0.420404,-0.621262
0.1181,5206,Real,Ring_MCP,-17.640140,0.955611,20.873780,0.605176,0.308425,0.185038,-0.710210
0.1181,5206,Real,Ring_PIP,-17.605640,0.960752,20.904590,0.538420,0.414086,0.312033,-0.664283
0.1181,5206,Real,Ring_DIP,-17.593460,0.961578,20.927930,0.462676,0.497287,0.417412,-0.603660
0.1181,5206,Real,Ring_FingerTip,-17.589410,0.960448,20.953390,0.462676,0.497287,0.417412,-0.603660
0.1181,5206,Real,Pinky_MCP,-17.644310,0.933863,20.870610,0.617851,0.309407,0.186617,-0.698357
0.1181,5206,Real,Pinky_PIP,-17.615220,0.938654,20.896710,0.550700,0.417374,0.311414,-0.652342
0.1181,5206,Real,Pinky_DIP,-17.606820,0.939634,20.912980,0.474245,0.502557,0.414830,-0.591984
0.1181,5206,Real,Pinky_FingerTip,-17.603940,0.939357,20.931920,0.474245,0.502557,0.414830,-0.591984
0.1181,5206,Virtual,Wrist,-17.724930,0.995957,20.822750,0.627171,0.200440,0.058579,-0.750366
0.1181,5206,Virtual,Thumb_CMC,-17.700780,1.030310,20.844590,-0.032926,0.486405,-0.288334,-0.824130
0.1181,5206,Virtual,Thumb_MCP,-17.684950,1.049772,20.880620,-0.104518,0.476182,-0.163247,-0.857716
0.1181,5206,Virtual,Thumb_IP,-17.660770,1.058622,20.922350,-0.226561,0.431676,0.069059,-0.870378
0.1181,5206,Virtual,Thumb_FingerTip,-17.643160,1.049622,20.942870,-0.226561,0.431676,0.069059,-0.870378
0.1181,5206,Virtual,Index_MCP,-17.633870,1.044151,20.872810,0.558231,0.286631,0.161733,-0.761619
0.1181,5206,Virtual,Index_PIP,-17.597190,1.047601,20.901710,0.534208,0.329243,0.220568,-0.746707
0.1181,5206,Virtual,Index_DIP,-17.579380,1.048181,20.920590,0.509807,0.365891,0.272383,-0.729403
0.1181,5206,Virtual,Index_FingerTip,-17.563670,1.047528,20.942420,0.509807,0.365891,0.272383,-0.729403
0.1181,5206,Virtual,Middle_MCP,-17.626200,1.018420,20.867190,0.585039,0.302073,0.182707,-0.730137
0.1181,5206,Virtual,Middle_PIP,-17.586560,1.022996,20.901770,0.519929,0.403972,0.313154,-0.684409
0.1181,5206,Virtual,Middle_DIP,-17.573320,1.022758,20.926120,0.446260,0.484119,0.421644,-0.623456
0.1181,5206,Virtual,Middle_FingerTip,-17.568350,1.020107,20.953860,0.446260,0.484119,0.421644,-0.623456
0.1181,5206,Virtual,Ring_MCP,-17.625100,0.994094,20.863830,0.604349,0.303954,0.185350,-0.712755
0.1181,5206,Virtual,Ring_PIP,-17.590360,0.998895,20.894420,0.538427,0.409539,0.312806,-0.666729
0.1181,5206,Virtual,Ring_DIP,-17.578000,0.999525,20.917680,0.463433,0.492804,0.418577,-0.605944
0.1181,5206,Virtual,Ring_FingerTip,-17.573780,0.998222,20.943100,0.463433,0.492804,0.418577,-0.605944
0.1181,5206,Virtual,Pinky_MCP,-17.629390,0.972385,20.860560,0.617068,0.304946,0.186860,-0.700941
0.1181,5206,Virtual,Pinky_PIP,-17.600090,0.976889,20.886470,0.550749,0.412845,0.312126,-0.654838
0.1181,5206,Virtual,Pinky_DIP,-17.591580,0.977732,20.902690,0.475040,0.498099,0.415944,-0.594328
0.1181,5206,Virtual,Pinky_FingerTip,-17.588550,0.977326,20.921610,0.475040,0.498099,0.415944,-0.594328
0.1181,5206,Render,Wrist,-17.724930,0.995957,20.822750,0.627171,0.200440,0.058579,-0.750366
0.1181,5206,Render,Thumb_CMC,-17.700780,1.030310,20.844590,-0.023373,0.496991,-0.225502,-0.837617
0.1181,5206,Render,Thumb_MCP,-17.683030,1.045878,20.881610,-0.076200,0.491671,-0.134959,-0.856878
0.1181,5206,Render,Thumb_IP,-17.659490,1.053545,20.923930,-0.176990,0.464996,0.046574,-0.866190
0.1181,5206,Render,Thumb_FingerTip,-17.643440,1.046554,20.946420,-0.176990,0.464996,0.046574,-0.866190
0.1181,5206,Render,Index_MCP,-17.633870,1.044151,20.872810,0.578079,0.244139,0.104400,-0.771571
0.1181,5206,Render,Index_PIP,-17.593640,1.049825,20.896100,0.550598,0.301034,0.181462,-0.757161
0.1181,5206,Render,Index_DIP,-17.574100,1.051297,20.913120,0.521082,0.349646,0.249266,-0.737623
0.1181,5206,Render,Index_FingerTip,-17.557120,1.051207,20.933990,0.521082,0.349646,0.249266,-0.737623
0.1181,5206,Render,Middle_MCP,-17.626200,1.018420,20.867190,0.599487,0.272276,0.145765,-0.738399
0.1181,5206,Render,Middle_PIP,-17.583470,1.024291,20.897650,0.545840,0.368209,0.266570,-0.703862
0.1181,5206,Render,Middle_DIP,-17.567210,1.025032,20.920080,0.484500,0.445846,0.369034,-0.655969
0.1181,5206,Render,Middle_FingerTip,-17.557870,1.023557,20.946750,0.484500,0.445846,0.369034,-0.655969
0.1181,5206,Render,Ring_MCP,-17.625100,0.994094,20.863830,0.624263,0.260616,0.134669,-0.724044
0.1181,5206,Render,Ring_PIP,-17.586570,1.000161,20.889220,0.582209,0.344468,0.233535,-0.698453
0.1181,5206,Render,Ring_DIP,-17.569350,1.002134,20.909060,0.534760,0.414315,0.318728,-0.663918
0.1181,5206,Render,Ring_FingerTip,-17.557650,1.002647,20.932050,0.534760,0.414315,0.318728,-0.663918
0.1181,5206,Render,Pinky_MCP,-17.629390,0.972385,20.860560,0.635588,0.264184,0.140894,-0.711607
0.1181,5206,Render,Pinky_PIP,-17.597080,0.977712,20.882410,0.590187,0.354181,0.243317,-0.683398
0.1181,5206,Render,Pinky_DIP,-17.585510,0.979281,20.896560,0.538470,0.428736,0.331096,-0.645454
0.1181,5206,Render,Pinky_FingerTip,-17.577590,0.979938,20.914000,0.538470,0.428736,0.331096,-0.645454
0.1325,5207,Real,Wrist,-17.742290,0.957217,20.831870,0.632288,0.209364,0.060921,-0.743416
0.1325,5207,Real,Thumb_CMC,-17.718710,0.992045,20.853580,-0.024624,0.491537,-0.294613,-0.819139
0.1325,5207,Real,Thumb_MCP,-17.703640,1.012175,20.889580,-0.097067,0.482487,-0.170196,-0.853709
0.1325,5207,Real,Thumb_IP,-17.680280,1.021831,20.931590,-0.221039,0.439724,0.061299,-0.868348
0.1325,5207,Real,Thumb_FingerTip,-17.663020,1.013257,20.952590,-0.221039,0.439724,0.061299,-0.868348
0.1325,5207,Real,Index_MCP,-17.652400,1.006680,20.882810,0.562284,0.296338,0.162690,-0.754687
0.1325,5207,Real,Index_PIP,-17.616270,1.010787,20.912320,0.537493,0.339236,0.220982,-0.739721
0.1325,5207,Real,Index_DIP,-17.598830,1.011767,20.931510,0.512383,0.376090,0.272306,-0.722406
0.1325,5207,Real,Index_FingerTip,-17.583520,1.011551,20.953640,0.512383,0.376090,0.272306,-0.722406
0.1325,5207,Real,Middle_MCP,-17.644510,0.980898,20.877750,0.588599,0.311725,0.183859,-0.722894
0.1325,5207,Real,Middle_PIP,-17.605540,0.986239,20.912980,0.521664,0.414111,0.312962,-0.677078
0.1325,5207,Real,Middle_DIP,-17.592760,0.986468,20.937580,0.446300,0.494406,0.420246,-0.616257
0.1325,5207,Real,Middle_FingerTip,-17.588290,0.984299,20.965440,0.446300,0.494406,0.420246,-0.616257
0.1325,5207,Real,Ring_MCP,-17.643230,0.956527,20.874820,0.607735,0.313512,0.186706,-0.705344
0.1325,5207,Real,Ring_PIP,-17.609090,0.962003,20.905960,0.540003,0.419557,0.312781,-0.659194
0.1325,5207,Real,Ring_DIP,-17.597180,0.963077,20.929430,0.463335,0.502944,0.417310,-0.598516
0.1325,5207,Real,Ring_FingerTip,-17.593410,0.962213,20.954940,0.463335,0.502944,0.417310,-0.598516
0.1325,5207,Real,Pinky_MCP,-17.647360,0.934745,20.871830,0.620339,0.314439,0.188354,-0.693420
0.1325,5207,Real,Pinky_PIP,-17.618570,0.939820,20.898200,0.552224,0.422777,0.312217,-0.647170
0.1325,5207,Real,Pinky_DIP,-17.610360,0.940973,20.914560,0.474856,0.508137,0.414768,-0.586751
0.1325,5207,Real,Pinky_FingerTip,-17.607690,0.940893,20.933540,0.474856,0.508137,0.414768,-0.586751
0.1325,5207,Virtual,Wrist,-17.726410,0.995995,20.823600,0.628798,0.204712,0.058585,-0.747846
0.1325,5207,Virtual,Thumb_CMC,-17.702580,1.030587,20.845400,-0.030439,0.488428,-0.291747,-0.821824
0.1325,5207,Virtual,Thumb_MCP,-17.687090,1.050338,20.881440,-0.102358,0.478552,-0.166964,-0.855941
0.1325,5207,Virtual,Thumb_IP,-17.663250,1.059548,20.923280,-0.225103,0.434531,0.065006,-0.869647
0.1325,5207,Virtual,Thumb_FingerTip,-17.645750,1.050751,20.943980,-0.225103,0.434531,0.065006,-0.869647
0.1325,5207,Virtual,Index_MCP,-17.635930,1.044895,20.874030,0.559331,0.291105,0.161200,-0.759224
0.1325,5207,Virtual,Index_PIP,-17.599470,1.048682,20.903170,0.534956,0.333790,0.219850,-0.744361
0.1325,5207,Virtual,Index_DIP,-17.581800,1.049457,20.922170,0.510234,0.370479,0.271503,-0.727113
0.1325,5207,Virtual,Index_FingerTip,-17.566260,1.049006,20.944120,0.510234,0.370479,0.271503,-0.727113
0.1325,5207,Virtual,Middle_MCP,-17.628110,1.019164,20.868620,0.585933,0.306557,0.182293,-0.727651
0.1325,5207,Virtual,Middle_PIP,-17.588740,1.024125,20.903450,0.519987,0.408543,0.312292,-0.682041
0.1325,5207,Virtual,Middle_DIP,-17.575680,1.024094,20.927910,0.445565,0.488637,0.420404,-0.621263
0.1325,5207,Virtual,Middle_FingerTip,-17.570900,1.021635,20.955690,0.445565,0.488637,0.420404,-0.621263
0.1325,5207,Virtual,Ring_MCP,-17.626870,0.994824,20.865420,0.605175,0.308425,0.185038,-0.710210
0.1325,5207,Virtual,Ring_PIP,-17.592380,0.999965,20.896220,0.538420,0.414086,0.312033,-0.664284
0.1325,5207,Virtual,Ring_DIP,-17.580200,1.000790,20.919570,0.462676,0.497287,0.417412,-0.603660
0.1325,5207,Virtual,Ring_FingerTip,-17.576150,0.999661,20.945020,0.462676,0.497287,0.417412,-0.603660
0.1325,5207,Virtual,Pinky_MCP,-17.631050,0.973076,20.862250,0.617850,0.309407,0.186617,-0.698357
0.1325,5207,Virtual,Pinky_PIP,-17.601960,0.977867,20.888340,0.550700,0.417374,0.311414,-0.652342
0.1325,5207,Virtual,Pinky_DIP,-17.593560,0.978847,20.904620,0.474245,0.502557,0.414829,-0.591984
0.1325,5207,Virtual,Pinky_FingerTip,-17.590670,0.978569,20.923560,0.474245,0.502557,0.414829,-0.591984
0.1325,5207,Render,Wrist,-17.726410,0.995995,20.823600,0.628798,0.204712,0.058585,-0.747846
0.1325,5207,Render,Thumb_CMC,-17.702580,1.030587,20.845400,-0.021030,0.499904,-0.228797,-0.835048
0.1325,5207,Render,Thumb_MCP,-17.685210,1.046442,20.882490,-0.074181,0.494817,-0.138510,-0.854675
0.1325,5207,Render,Thumb_IP,-17.662070,1.054451,20.924960,-0.175671,0.468494,0.042642,-0.864775
0.1325,5207,Render,Thumb_FingerTip,-17.646180,1.047659,20.947630,-0.175671,0.468494,0.042642,-0.864775
0.1325,5207,Render,Index_MCP,-17.635930,1.044895,20.874030,0.579510,0.248519,0.104048,-0.769143
0.1325,5207,Render,Index_PIP,-17.595900,1.050889,20.897580,0.551581,0.305536,0.180867,-0.754781
0.1325,5207,Render,Index_DIP,-17.576480,1.052550,20.914730,0.521654,0.354218,0.248458,-0.735306
0.1325,5207,Render,Index_FingerTip,-17.559660,1.052663,20.935710,0.521654,0.354218,0.248458,-0.735306
0.1325,5207,Render,Middle_MCP,-17.628110,1.019164,20.868620,0.600605,0.276709,0.145477,-0.735896
0.1325,5207,Render,Middle_PIP,-17.585630,1.025410,20.899350,0.546205,0.372766,0.265869,-0.701442
0.1325,5207,Render,Middle_DIP,-17.569530,1.026359,20.921890,0.484178,0.450406,0.367979,-0.653680
0.1325,5207,Render,Middle_FingerTip,-17.560380,1.025087,20.948640,0.484178,0.450406,0.367979,-0.653680
0.1325,5207,Render,Ring_MCP,-17.626870,0.994824,20.865420,0.625403,0.265018,0.134537,-0.721483
0.1325,5207,Render,Ring_PIP,-17.588560,1.001215,20.891040,0.582728,0.348985,0.233051,-0.695935
0.1325,5207,Render,Ring_DIP,-17.571500,1.003385,20.910990,0.534713,0.418862,0.317933,-0.661480
0.1325,5207,Render,Ring_FingerTip,-17.559960,1.004090,20.934060,0.534713,0.418862,0.317933,-0.661480
0.1325,5207,Render,Pinky_MCP,-17.631050,0.973076,20.862250,0.636659,0.268584,0.140820,-0.709012
0.1325,5207,Render,Pinky_PIP,-17.598920,0.978679,20.884300,0.590604,0.358691,0.242865,-0.680842
0.1325,5207,Render,Pinky_DIP,-17.587460,0.980385,20.898520,0.538290,0.433262,0.330312,-0.642980
0.1325,5207,Render,Pinky_FingerTip,-17.579670,0.981183,20.916010,0.538290,0.433262,0.330312,-0.642980
0.1472,5208,Real,Wrist,-17.745040,0.957588,20.831480,0.634812,0.213588,0.063644,-0.739827
0.1472,5208,Real,Thumb_CMC,-17.721690,0.992577,20.853180,-0.023259,0.495187,-0.291134,-0.818224
0.1472,5208,Real,Thumb_MCP,-17.706760,1.012486,20.889360,-0.094948,0.486555,-0.169182,-0.851837
0.1472,5208,Real,Thumb_IP,-17.683750,1.022088,20.931580,-0.217917,0.445268,0.057588,-0.866564
0.1472,5208,Real,Thumb_FingerTip,-17.666730,1.013713,20.952850,-0.217917,0.445268,0.057588,-0.866564
0.1472,5208,Real,Index_MCP,-17.655690,1.007426,20.883020,0.562048,0.305213,0.170285,-0.749633
0.1472,5208,Real,Index_PIP,-17.620310,1.011537,20.913410,0.538663,0.344813,0.223713,-0.735459
0.1472,5208,Real,Index_DIP,-17.603120,1.012638,20.932830,0.515231,0.378933,0.270817,-0.719448
0.1472,5208,Real,Index_FingerTip,-17.587890,1.012659,20.955000,0.515231,0.378933,0.270817,-0.719448
0.1472,5208,Real,Middle_MCP,-17.647760,0.981605,20.878240,0.588767,0.319311,0.189602,-0.717946
0.1472,5208,Real,Middle_PIP,-17.609520,0.987083,20.914240,0.520651,0.421341,0.317370,-0.671320
0.1472,5208,Real,Middle_DIP,-17.597230,0.987433,20.939090,0.444334,0.501171,0.423373,-0.610041
0.1472,5208,Real,Middle_FingerTip,-17.593290,0.985419,20.967040,0.444334,0.501171,0.423373,-0.610041
0.1472,5208,Real,Ring_MCP,-17.646450,0.957211,20.875510,0.607937,0.320869,0.192181,-0.700373
0.1472,5208,Real,Ring_PIP,-17.612940,0.962839,20.907300,0.539222,0.426361,0.316689,-0.653578
0.1472,5208,Real,Ring_DIP,-17.601460,0.964046,20.930980,0.461837,0.509167,0.419776,-0.592659
0.1472,5208,Real,Ring_FingerTip,-17.598120,0.963343,20.956560,0.461837,0.509167,0.419776,-0.592659
0.1472,5208,Real,Pinky_MCP,-17.650560,0.935408,20.872640,0.620482,0.321795,0.193837,-0.688389
0.1472,5208,Real,Pinky_PIP,-17.622300,0.940623,20.899560,0.551388,0.429558,0.316131,-0.641493
0.1472,5208,Real,Pinky_DIP,-17.614390,0.941873,20.916060,0.473312,0.514320,0.417240,-0.580829
0.1472,5208,Real,Pinky_FingerTip,-17.612030,0.941915,20.935070,0.473312,0.514320,0.417240,-0.580829
0.1472,5208,Virtual,Wrist,-17.728710,0.995826,20.824550,0.632288,0.209364,0.060921,-0.743416
0.1472,5208,Virtual,Thumb_CMC,-17.705130,1.030653,20.846260,-0.028034,0.491823,-0.289185,-0.820791
0.1472,5208,Virtual,Thumb_MCP,-17.689800,1.050287,20.882420,-0.099184,0.482533,-0.166881,-0.854094
0.1472,5208,Virtual,Thumb_IP,-17.666340,1.059571,20.924460,-0.220964,0.440285,0.060395,-0.868146
0.1472,5208,Virtual,Thumb_FingerTip,-17.649100,1.051037,20.945490,-0.220964,0.440285,0.060395,-0.868146
0.1472,5208,Virtual,Index_MCP,-17.638810,1.045289,20.875480,0.560061,0.300518,0.168308,-0.753454
0.1472,5208,Virtual,Index_PIP,-17.603100,1.049175,20.905520,0.537018,0.339987,0.222015,-0.739412
0.1472,5208,Virtual,Index_DIP,-17.585700,1.050131,20.924760,0.513902,0.374011,0.269378,-0.723503
0.1472,5208,Virtual,Index_FingerTip,-17.570230,1.049987,20.946770,0.513902,0.374011,0.269378,-0.723503
0.1472,5208,Virtual,Middle_MCP,-17.630930,1.019507,20.870430,0.587005,0.314717,0.187536,-0.721949
0.1472,5208,Virtual,Middle_PIP,-17.592290,1.024719,20.906050,0.519756,0.416503,0.316068,-0.675633
0.1472,5208,Virtual,Middle_DIP,-17.579730,1.024881,20.930760,0.444247,0.496252,0.422797,-0.614510
0.1472,5208,Virtual,Middle_FingerTip,-17.575490,1.022654,20.958650,0.444247,0.496252,0.422797,-0.614510
0.1472,5208,Virtual,Ring_MCP,-17.629640,0.995135,20.867500,0.606255,0.316364,0.190017,-0.704459
0.1472,5208,Virtual,Ring_PIP,-17.595780,1.000527,20.898960,0.538391,0.421624,0.315306,-0.657990
0.1472,5208,Virtual,Ring_DIP,-17.584050,1.001556,20.922520,0.461795,0.504358,0.419137,-0.597238
0.1472,5208,Virtual,Ring_FingerTip,-17.580430,1.000658,20.948060,0.461795,0.504358,0.419137,-0.597238
0.1472,5208,Virtual,Pinky_MCP,-17.633780,0.973354,20.864500,0.618855,0.317349,0.191609,-0.692528
0.1472,5208,Virtual,Pinky_PIP,-17.605230,0.978370,20.891150,0.550600,0.424891,0.314696,-0.645969
0.1472,5208,Virtual,Pinky_DIP,-17.597140,0.979495,20.907580,0.473301,0.509586,0.416559,-0.585480
0.1472,5208,Virtual,Pinky_FingerTip,-17.594580,0.979391,20.926560,0.473301,0.509586,0.416559,-0.585480
0.1472,5208,Render,Wrist,-17.728710,0.995826,20.824550,0.632288,0.209364,0.060921,-0.743416
0.1472,5208,Render,Thumb_CMC,-17.705130,1.030653,20.846260,-0.015505,0.503416,-0.231675,-0.832261
0.1472,5208,Render,Thumb_MCP,-17.688180,1.046901,20.883370,-0.069062,0.498898,-0.141667,-0.852210
0.1472,5208,Render,Thumb_IP,-17.665530,1.055361,20.926020,-0.171514,0.473552,0.039040,-0.863022
0.1472,5208,Render,Thumb_FingerTip,-17.649900,1.048811,20.948940,-0.171514,0.473552,0.039040,-0.863022
0.1472,5208,Render,Index_MCP,-17.638810,1.045289,20.875480,0.582846,0.253516,0.105872,-0.764730
0.1472,5208,Render,Index_PIP,-17.599050,1.051545,20.899420,0.554397,0.310843,0.182238,-0.750207
0.1472,5208,Render,Index_DIP,-17.579840,1.053394,20.916770,0.523978,0.359759,0.249410,-0.730627
0.1472,5208,Render,Index_FingerTip,-17.563240,1.053732,20.937950,0.523978,0.359759,0.249410,-0.730627
0.1472,5208,Render,Middle_MCP,-17.630930,1.019507,20.870430,0.603528,0.281737,0.147280,-0.731224
0.1472,5208,Render,Middle_PIP,-17.588790,1.026091,20.901570,0.548250,0.378210,0.266869,-0.696534
0.1472,5208,Render,Middle_DIP,-17.572960,1.027281,20.924290,0.485384,0.456096,0.368232,-0.648679
0.1472,5208,Render,Middle_FingerTip,-17.564100,1.026292,20.951150,0.485384,0.456096,0.368232,-0.648679
0.1472,5208,Render,Ring_MCP,-17.629640,0.995135,20.867500,0.628314,0.269913,0.136544,-0.716746
0.1472,5208,Render,Ring_PIP,-17.591620,1.001810,20.893490,0.584935,0.354236,0.234383,-0.690966
0.1472,5208,Render,Ring_DIP,-17.574790,1.004195,20.913610,0.536248,0.424346,0.318636,-0.656384
0.1472,5208,Render,Ring_FingerTip,-17.563510,1.005144,20.936800,0.536248,0.424346,0.318636,-0.656384
0.1472,5208,Render,Pinky_MCP,-17.633780,0.973354,20.864500,0.639469,0.273444,0.142875,-0.704198
0.1472,5208,Render,Pinky_PIP,-17.601900,0.979200,20.886860,0.592674,0.363909,0.244194,-0.675780
0.1472,5208,Render,Pinky_DIP,-17.590600,0.981059,20.901190,0.539656,0.438706,0.330963,-0.637787
0.1472,5208,Render,Pinky_FingerTip,-17.583010,0.982042,20.918760,0.539656,0.438706,0.330963,-0.637787
0.1610,5209,Real,Wrist,-17.747910,0.958176,20.831200,0.638301,0.218553,0.066825,-0.735079
0.1610,5209,Real,Thumb_CMC,-17.724830,0.993380,20.852830,-0.019972,0.499249,-0.288970,-0.816608
0.1610,5209,Real,Thumb_MCP,-17.710140,1.013228,20.889140,-0.091154,0.491263,-0.169235,-0.849536
0.1610,5209,Real,Thumb_IP,-17.687580,1.022935,20.931580,-0.213602,0.451689,0.053354,-0.864584
0.1610,5209,Real,Thumb_FingerTip,-17.670880,1.014806,20.953190,-0.213602,0.451689,0.053354,-0.864584
0.1610,5209,Real,Index_MCP,-17.659220,1.008512,20.883360,0.562868,0.314522,0.177405,-0.743494
0.1610,5209,Real,Index_PIP,-17.624600,1.012739,20.914620,0.540570,0.351466,0.226737,-0.729964
0.1610,5209,Real,Index_DIP,-17.607730,1.014010,20.934300,0.518429,0.383374,0.270274,-0.714988
0.1610,5209,Real,Index_FingerTip,-17.592660,1.014306,20.956580,0.518429,0.383374,0.270274,-0.714988
0.1610,5209,Real,Middle_MCP,-17.651230,0.982639,20.878960,0.589849,0.327525,0.195207,-0.711829
0.1610,5209,Real,Middle_PIP,-17.613780,0.988367,20.915740,0.520357,0.429445,0.321548,-0.664389
0.1610,5209,Real,Middle_DIP,-17.602020,0.988912,20.940840,0.442862,0.508987,0.426178,-0.602643
0.1610,5209,Real,Middle_FingerTip,-17.598660,0.987133,20.968880,0.442862,0.508987,0.426178,-0.602643
0.1610,5209,Real,Ring_MCP,-17.649910,0.958217,20.876500,0.608992,0.328902,0.197628,-0.694188
0.1610,5209,Real,Ring_PIP,-17.617070,0.964090,20.908960,0.539035,0.434152,0.320558,-0.646680
0.1610,5209,Real,Ring_DIP,-17.606070,0.965498,20.932850,0.460630,0.516592,0.422168,-0.585430
0.1610,5209,Real,Ring_FingerTip,-17.603240,0.965024,20.958490,0.460630,0.516592,0.422168,-0.585430
0.1610,5209,Real,Pinky_MCP,-17.653980,0.936387,20.873810,0.621459,0.329809,0.199305,-0.682124
0.1610,5209,Real,Pinky_PIP,-17.626300,0.941821,20.901280,0.551130,0.437311,0.320014,-0.634513
0.1610,5209,Real,Pinky_DIP,-17.618730,0.943214,20.917930,0.472044,0.521690,0.419637,-0.573516
0.1610,5209,Real,Pinky_FingerTip,-17.616750,0.943428,20.936980,0.472044,0.521690,0.419637,-0.573516
0.1610,5209,Virtual,Wrist,-17.731130,0.995749,20.825220,0.634812,0.213588,0.063644,-0.739827
0.1610,5209,Virtual,Thumb_CMC,-17.707780,1.030738,20.846920,-0.026242,0.495443,-0.286421,-0.819640
0.1610,5209,Virtual,Thumb_MCP,-17.692630,1.050213,20.883240,-0.096816,0.486600,-0.166278,-0.852173
0.1610,5209,Virtual,Thumb_IP,-17.669530,1.059489,20.925480,-0.217885,0.445734,0.056886,-0.866379
0.1610,5209,Virtual,Thumb_FingerTip,-17.652540,1.051144,20.946790,-0.217885,0.445734,0.056886,-0.866379
0.1610,5209,Virtual,Index_MCP,-17.641790,1.045587,20.876750,0.560030,0.308901,0.175209,-0.748498
0.1610,5209,Virtual,Index_PIP,-17.606770,1.049507,20.907600,0.538114,0.345668,0.224881,-0.735103
0.1610,5209,Virtual,Index_DIP,-17.589640,1.050581,20.927070,0.516327,0.377438,0.268731,-0.720230
0.1610,5209,Virtual,Index_FingerTip,-17.574290,1.050653,20.949160,0.516327,0.377438,0.268731,-0.720230
0.1610,5209,Virtual,Middle_MCP,-17.633850,1.019766,20.871980,0.587288,0.322023,0.192911,-0.717064
0.1610,5209,Virtual,Middle_PIP,-17.595930,1.025130,20.908330,0.518840,0.423569,0.320244,-0.669954
0.1610,5209,Virtual,Middle_DIP,-17.583840,1.025419,20.933270,0.442330,0.502941,0.425805,-0.608346
0.1610,5209,Virtual,Middle_FingerTip,-17.580120,1.023349,20.961250,0.442330,0.502941,0.425805,-0.608346
0.1610,5209,Virtual,Ring_MCP,-17.632540,0.995372,20.869250,0.606538,0.323506,0.195220,-0.699532
0.1610,5209,Virtual,Ring_PIP,-17.599290,1.000924,20.901330,0.537603,0.428400,0.319162,-0.652374
0.1610,5209,Virtual,Ring_DIP,-17.587990,1.002088,20.925090,0.460159,0.510683,0.421723,-0.591275
0.1610,5209,Virtual,Ring_FingerTip,-17.584820,1.001347,20.950690,0.460159,0.510683,0.421723,-0.591275
0.1610,5209,Virtual,Pinky_MCP,-17.636650,0.973569,20.866380,0.619079,0.324486,0.196824,-0.687540
0.1610,5209,Virtual,Pinky_PIP,-17.608620,0.978731,20.893540,0.549757,0.431644,0.318559,-0.640290
0.1610,5209,Virtual,Pinky_DIP,-17.600830,0.979954,20.910110,0.471618,0.515874,0.419148,-0.579453
0.1610,5209,Virtual,Pinky_FingerTip,-17.598600,0.979970,20.929130,0.471618,0.515874,0.419148,-0.579453
0.1610,5209,Render,Wrist,-17.731130,0.995749,20.825220,0.634812,0.213588,0.063644,-0.739827
0.1610,5209,Render,Thumb_CMC,-17.707780,1.030738,20.846920,-0.010999,0.507062,-0.233600,-0.829578
0.1610,5209,Render,Thumb_MCP,-17.691240,1.047267,20.884090,-0.064971,0.503003,-0.143867,-0.849747
0.1610,5209,Render,Thumb_IP,-17.669050,1.056050,20.926910,-0.168368,0.478419,0.036375,-0.861072
0.1610,5209,Render,Thumb_FingerTip,-17.653670,1.049674,20.950050,-0.168368,0.478419,0.036375,-0.861072
0.1610,5209,Render,Index_MCP,-17.641790,1.045587,20.876750,0.585212,0.258032,0.108157,-0.761084
0.1610,5209,Render,Index_PIP,-17.602290,1.052020,20.901070,0.556297,0.315574,0.184145,-0.746350
0.1610,5209,Render,Index_DIP,-17.583260,1.053999,20.918620,0.525442,0.364642,0.250959,-0.726613
0.1610,5209,Render,Index_FingerTip,-17.566900,1.054496,20.939960,0.525442,0.364642,0.250959,-0.726613
0.1610,5209,Render,Middle_MCP,-17.633850,1.019766,20.871980,0.605541,0.286226,0.149565,-0.727341
0.1610,5209,Render,Middle_PIP,-17.592060,1.026582,20.903530,0.549489,0.382972,0.268477,-0.692326
0.1610,5209,Render,Middle_DIP,-17.576470,1.027943,20.926410,0.485896,0.460989,0.369191,-0.644277
0.1610,5209,Render,Middle_FingerTip,-17.567910,1.027158,20.953370,0.485896,0.460989,0.369191,-0.644277
0.1610,5209,Render,Ring_MCP,-17.632540,0.995372,20.869250,0.630329,0.274280,0.139009,-0.712834
0.1610,5209,Render,Ring_PIP,-17.594800,1.002240,20.895600,0.586326,0.358839,0.236283,-0.686751
0.1610,5209,Render,Ring_DIP,-17.578190,1.004776,20.915880,0.537055,0.429087,0.319996,-0.651965
0.1610,5209,Render,Ring_FingerTip,-17.567170,1.005902,20.939180,0.537055,0.429087,0.319996,-0.651965
0.1610,5209,Render,Pinky_MCP,-17.636650,0.973569,20.866380,0.641402,0.277765,0.145385,-0.700225
0.1610,5209,Render,Pinky_PIP,-17.605010,0.979582,20.889040,0.593955,0.368466,0.246097,-0.671482
0.1610,5209,Render,Pinky_DIP,-17.593870,0.981548,20.903480,0.540326,0.443392,0.332285,-0.633276
0.1610,5209,Render,Pinky_FingerTip,-17.586470,0.982665,20.921110,0.540326,0.443392,0.332285,-0.633276
0.1751,5210,Real,Wrist,-17.750740,0.958905,20.830550,0.641373,0.222503,0.067085,-0.731187
0.1751,5210,Real,Thumb_CMC,-17.727910,0.994387,20.852010,-0.017588,0.501018,-0.289493,-0.815393
0.1751,5210,Real,Thumb_MCP,-17.713410,1.014343,20.888330,-0.088277,0.493493,-0.171252,-0.848142
0.1751,5210,Real,Thumb_IP,-17.691140,1.024314,20.930850,-0.210110,0.455173,0.048618,-0.863892
0.1751,5210,Real,Thumb_FingerTip,-17.674580,1.016469,20.952690,-0.210110,0.455173,0.048618,-0.863892
0.1751,5210,Real,Index_MCP,-17.662570,1.010006,20.882870,0.563822,0.321788,0.180622,-0.738873
0.1751,5210,Real,Index_PIP,-17.628500,1.014499,20.914670,0.541929,0.357430,0.227830,-0.725707
0.1751,5210,Real,Index_DIP,-17.611870,1.015971,20.934550,0.520299,0.388243,0.269514,-0.711280
0.1751,5210,Real,Index_FingerTip,-17.596990,1.016526,20.956950,0.520299,0.388243,0.269514,-0.711280
0.1751,5210,Real,Middle_MCP,-17.654490,0.984113,20.878790,0.591086,0.333891,0.197095,-0.707310
0.1751,5210,Real,Middle_PIP,-17.617560,0.990233,20.916030,0.520475,0.435857,0.322489,-0.659648
0.1751,5210,Real,Middle_DIP,-17.606140,0.991016,20.941280,0.441992,0.515276,0.426254,-0.597865
0.1751,5210,Real,Middle_FingerTip,-17.603150,0.989483,20.969380,0.441992,0.515276,0.426254,-0.597865
0.1751,5210,Real,Ring_MCP,-17.653070,0.959672,20.876580,0.610172,0.335220,0.199453,-0.689592
0.1751,5210,Real,Ring_PIP,-17.620700,0.965908,20.909420,0.539155,0.440448,0.321360,-0.641908
0.1751,5210,Real,Ring_DIP,-17.610010,0.967551,20.933440,0.459831,0.522722,0.422049,-0.580683
0.1751,5210,Real,Ring_FingerTip,-17.607500,0.967308,20.959130,0.459831,0.522722,0.422049,-0.580683
0.1751,5210,Real,Pinky_MCP,-17.657070,0.937805,20.874070,0.622569,0.336147,0.201150,-0.677460
0.1751,5210,Real,Pinky_PIP,-17.629780,0.943554,20.901870,0.551177,0.443611,0.320826,-0.629670
0.1751,5210,Real,Pinky_DIP,-17.622440,0.945113,20.918600,0.471174,0.527809,0.419520,-0.568697
0.1751,5210,Real,Pinky_FingerTip,-17.620690,0.945500,20.937680,0.471174,0.527809,0.419520,-0.568697
0.1751,5210,Virtual,Wrist,-17.734000,0.995497,20.825790,0.638302,0.218553,0.066825,-0.735079
0.1751,5210,Virtual,Thumb_CMC,-17.710920,1.030701,20.847420,-0.021998,0.499436,-0.285802,-0.817556
0.1751,5210,Virtual,Thumb_MCP,-17.696090,1.050256,20.883830,-0.092418,0.491304,-0.167292,-0.849761
0.1751,5210,Virtual,Thumb_IP,-17.673470,1.059744,20.926290,-0.213563,0.452008,0.052858,-0.864457
0.1751,5210,Virtual,Thumb_FingerTip,-17.656770,1.051637,20.947920,-0.213563,0.452008,0.052858,-0.864457
0.1751,5210,Virtual,Index_MCP,-17.645310,1.045833,20.877950,0.561276,0.317354,0.181150,-0.742591
0.1751,5210,Virtual,Index_PIP,-17.610980,1.049917,20.909550,0.539673,0.352841,0.228596,-0.729384
0.1751,5210,Virtual,Index_DIP,-17.594210,1.051146,20.929310,0.518312,0.383531,0.270492,-0.714906
0.1751,5210,Virtual,Index_FingerTip,-17.579150,1.051437,20.951610,0.518312,0.383531,0.270492,-0.714906
0.1751,5210,Virtual,Middle_MCP,-17.637320,1.019960,20.873560,0.588773,0.329455,0.197537,-0.711186
0.1751,5210,Virtual,Middle_PIP,-17.600110,1.025609,20.910590,0.519008,0.431074,0.323629,-0.663378
0.1751,5210,Virtual,Middle_DIP,-17.588490,1.026110,20.935750,0.441329,0.510317,0.427989,-0.601358
0.1751,5210,Virtual,Middle_FingerTip,-17.585300,1.024290,20.963810,0.441329,0.510317,0.427989,-0.601358
0.1751,5210,Virtual,Ring_MCP,-17.636000,0.995538,20.871100,0.607957,0.330811,0.199806,-0.693564
0.1751,5210,Virtual,Ring_PIP,-17.603360,1.001359,20.903760,0.537777,0.435710,0.322428,-0.645750
0.1751,5210,Virtual,Ring_DIP,-17.592500,1.002734,20.927720,0.459247,0.517822,0.423731,-0.584299
0.1751,5210,Virtual,Ring_FingerTip,-17.589800,1.002230,20.953370,0.459247,0.517822,0.423731,-0.584299
0.1751,5210,Virtual,Pinky_MCP,-17.640080,0.973708,20.868400,0.620421,0.331757,0.201445,-0.681495
0.1751,5210,Virtual,Pinky_PIP,-17.612570,0.979106,20.896050,0.549862,0.438904,0.321848,-0.633584
0.1751,5210,Virtual,Pinky_DIP,-17.605090,0.980478,20.912740,0.470647,0.522950,0.421169,-0.572392
0.1751,5210,Virtual,Pinky_FingerTip,-17.603200,0.980672,20.931810,0.470647,0.522950,0.421169,-0.572392
0.1751,5210,Render,Wrist,-17.734000,0.995497,20.825790,0.638302,0.218553,0.066825,-0.735079
0.1751,5210,Render,Thumb_CMC,-17.710920,1.030701,20.847420,-0.005017,0.511205,-0.236109,-0.826376
0.1751,5210,Render,Thumb_MCP,-17.694850,1.047611,20.884630,-0.059464,0.507759,-0.146704,-0.846831
0.1751,5210,Render,Thumb_IP,-17.673220,1.056833,20.927650,-0.163973,0.484219,0.032993,-0.858811
0.1751,5210,Render,Thumb_FingerTip,-17.658140,1.050692,20.951040,-0.163973,0.484219,0.032993,-0.858811
0.1751,5210,Render,Index_MCP,-17.645310,1.045833,20.877950,0.588537,0.263379,0.110788,-0.756295
0.1751,5210,Render,Index_PIP,-17.606120,1.052503,20.902710,0.559067,0.321228,0.186281,-0.741320
0.1751,5210,Render,Index_DIP,-17.587330,1.054657,20.920480,0.527689,0.370524,0.252631,-0.721411
0.1751,5210,Render,Index_FingerTip,-17.571250,1.055371,20.942040,0.527689,0.370524,0.252631,-0.721411
0.1751,5210,Render,Middle_MCP,-17.637320,1.019960,20.873560,0.608428,0.291565,0.152170,-0.722254
0.1751,5210,Render,Middle_PIP,-17.595940,1.027087,20.905570,0.551447,0.388716,0.270200,-0.686876
0.1751,5210,Render,Middle_DIP,-17.580650,1.028682,20.928640,0.486971,0.466962,0.370078,-0.638630
0.1751,5210,Render,Middle_FingerTip,-17.572440,1.028176,20.955720,0.486971,0.466962,0.370078,-0.638630
0.1751,5210,Render,Ring_MCP,-17.636000,0.995538,20.871100,0.633204,0.279463,0.141834,-0.707698
0.1751,5210,Render,Ring_PIP,-17.598600,1.002665,20.897860,0.588457,0.364371,0.238370,-0.681273
0.1751,5210,Render,Ring_DIP,-17.582250,1.005406,20.918330,0.538480,0.434841,0.321385,-0.646270
0.1751,5210,Render,Ring_FingerTip,-17.571530,1.006771,20.941760,0.538480,0.434841,0.321385,-0.646270
0.1751,5210,Render,Pinky_MCP,-17.640080,0.973708,20.868400,0.644170,0.282897,0.148261,-0.695006
0.1751,5210,Render,Pinky_PIP,-17.608740,0.979944,20.891400,0.595943,0.373948,0.248180,-0.665899
0.1751,5210,Render,Pinky_DIP,-17.597780,0.982057,20.905970,0.541577,0.449088,0.333615,-0.627468
0.1751,5210,Render,Pinky_FingerTip,-17.590610,0.983355,20.923690,0.541577,0.449088,0.333615,-0.627468
0.1892,5211,Real,Wrist,-17.753100,0.959257,20.830230,0.643579,0.226248,0.065814,-0.728208
0.1892,5211,Real,Thumb_CMC,-17.730570,0.995032,20.851500,-0.018433,0.502586,-0.288851,-0.814637
0.1892,5211,Real,Thumb_MCP,-17.716170,1.014884,20.887930,-0.088375,0.495098,-0.172366,-0.846970
0.1892,5211,Real,Thumb_IP,-17.694090,1.024909,20.930540,-0.209014,0.457433,0.044230,-0.863199
0.1892,5211,Real,Thumb_FingerTip,-17.677630,1.017283,20.952520,-0.209014,0.457433,0.044230,-0.863199
0.1892,5211,Real,Index_MCP,-17.665460,1.011247,20.882560,0.563440,0.329393,0.183412,-0.735116
0.1892,5211,Real,Index_PIP,-17.631940,1.016001,20.914910,0.542742,0.362487,0.227029,-0.722837
0.1892,5211,Real,Index_DIP,-17.615480,1.017695,20.934910,0.522451,0.391165,0.265594,-0.709574
0.1892,5211,Real,Index_FingerTip,-17.600610,1.018551,20.957310,0.522451,0.391165,0.265594,-0.709574
0.1892,5211,Real,Middle_MCP,-17.657220,0.985365,20.878730,0.590942,0.340836,0.198720,-0.703654
0.1892,5211,Real,Middle_PIP,-17.620860,0.991869,20.916450,0.519123,0.442598,0.323343,-0.655796
0.1892,5211,Real,Middle_DIP,-17.609790,0.992851,20.941850,0.439609,0.521656,0.426400,-0.593971
0.1892,5211,Real,Middle_FingerTip,-17.607180,0.991496,20.970000,0.439609,0.521656,0.426400,-0.593971
0.1892,5211,Real,Ring_MCP,-17.655660,0.960915,20.876720,0.610037,0.342101,0.200884,-0.685907
0.1892,5211,Real,Ring_PIP,-17.623780,0.967514,20.909970,0.537918,0.447014,0.321890,-0.638130
0.1892,5211,Real,Ring_DIP,-17.613420,0.969361,20.934120,0.457693,0.528862,0.421784,-0.576993
0.1892,5211,Real,Ring_FingerTip,-17.611230,0.969293,20.959830,0.457693,0.528862,0.421784,-0.576993
0.1892,5211,Real,Pinky_MCP,-17.659540,0.939007,20.874370,0.622373,0.343094,0.202585,-0.673719
0.1892,5211,Real,Pinky_PIP,-17.632660,0.945074,20.902500,0.549871,0.450227,0.321353,-0.625836
0.1892,5211,Real,Pinky_DIP,-17.625550,0.946779,20.919320,0.468960,0.533984,0.419247,-0.564952
0.1892,5211,Real,Pinky_FingerTip,-17.624050,0.947298,20.938420,0.468960,0.533984,0.419247,-0.564952
0.1892,5211,Virtual,Wrist,-17.736820,0.995237,20.826380,0.641373,0.222503,0.067085,-0.731187
0.1892,5211,Virtual,Thumb_CMC,-17.714000,1.030718,20.847840,-0.021116,0.501813,-0.284611,-0.816538
0.1892,5211,Virtual,Thumb_MCP,-17.699320,1.050197,20.884350,-0.090923,0.493959,-0.167902,-0.848261
0.1892,5211,Virtual,Thumb_IP,-17.676970,1.059759,20.926930,-0.211198,0.455695,0.048874,-0.863336
0.1892,5211,Virtual,Thumb_FingerTip,-17.660450,1.051869,20.948770,-0.211198,0.455695,0.048874,-0.863336
0.1892,5211,Virtual,Index_MCP,-17.648660,1.046337,20.878700,0.561766,0.325364,0.185313,-0.737710
0.1892,5211,Virtual,Index_PIP,-17.614960,1.050652,20.910930,0.541311,0.358365,0.229082,-0.725313
0.1892,5211,Virtual,Index_DIP,-17.598390,1.052097,20.930860,0.521244,0.386972,0.267777,-0.711936
0.1892,5211,Virtual,Index_FingerTip,-17.583410,1.052693,20.953190,0.521244,0.386972,0.267777,-0.711936
0.1892,5211,Virtual,Middle_MCP,-17.640570,1.020445,20.874620,0.589463,0.336749,0.200517,-0.706348
0.1892,5211,Virtual,Middle_PIP,-17.603990,1.026450,20.912220,0.518412,0.438310,0.325601,-0.658117
0.1892,5211,Virtual,Middle_DIP,-17.592800,1.027168,20.937570,0.439610,0.517310,0.429008,-0.595892
0.1892,5211,Virtual,Middle_FingerTip,-17.590060,1.025570,20.965690,0.439610,0.517310,0.429008,-0.595892
0.1892,5211,Virtual,Ring_MCP,-17.639160,0.996004,20.872410,0.608638,0.337997,0.202594,-0.688676
0.1892,5211,Virtual,Ring_PIP,-17.607070,1.002165,20.905550,0.537286,0.442725,0.324073,-0.640543
0.1892,5211,Virtual,Ring_DIP,-17.596590,1.003761,20.929660,0.457770,0.524528,0.424332,-0.579017
0.1892,5211,Virtual,Ring_FingerTip,-17.594280,1.003472,20.955360,0.457770,0.524528,0.424332,-0.579017
0.1892,5211,Virtual,Pinky_MCP,-17.643160,0.974137,20.869900,0.621031,0.338981,0.204236,-0.676536
0.1892,5211,Virtual,Pinky_PIP,-17.616110,0.979833,20.897950,0.549296,0.445939,0.323487,-0.628307
0.1892,5211,Virtual,Pinky_DIP,-17.608910,0.981364,20.914750,0.469093,0.529659,0.421756,-0.567041
0.1892,5211,Virtual,Pinky_FingerTip,-17.607310,0.981720,20.933840,0.469093,0.529659,0.421756,-0.567041
0.1892,5211,Render,Wrist,-17.736820,0.995237,20.826380,0.641373,0.222503,0.067085,-0.731187
0.1892,5211,Render,Thumb_CMC,-17.714000,1.030718,20.847840,-0.000765,0.513089,-0.239809,-0.824155
0.1892,5211,Render,Thumb_MCP,-17.698260,1.048041,20.884990,-0.055437,0.510086,-0.150620,-0.845017
0.1892,5211,Render,Thumb_IP,-17.676970,1.057749,20.928070,-0.160519,0.487334,0.028785,-0.857853
0.1892,5211,Render,Thumb_FingerTip,-17.662050,1.051883,20.951640,-0.160519,0.487334,0.028785,-0.857853
0.1892,5211,Render,Index_MCP,-17.648660,1.046337,20.878700,0.591488,0.267555,0.110611,-0.752544
0.1892,5211,Render,Index_PIP,-17.609680,1.053363,20.903680,0.561584,0.325680,0.185727,-0.737606
0.1892,5211,Render,Index_DIP,-17.591020,1.055746,20.921570,0.529792,0.375185,0.251744,-0.717762
0.1892,5211,Render,Index_FingerTip,-17.575100,1.056719,20.943240,0.529792,0.375185,0.251744,-0.717762
0.1892,5211,Render,Middle_MCP,-17.640570,1.020445,20.874620,0.611017,0.295846,0.151974,-0.718358
0.1892,5211,Render,Middle_PIP,-17.599450,1.028006,20.906870,0.553288,0.393369,0.269358,-0.683067
0.1892,5211,Render,Middle_DIP,-17.584330,1.029872,20.930030,0.488094,0.471838,0.368675,-0.634990
0.1892,5211,Render,Middle_FingerTip,-17.576320,1.029656,20.957170,0.488094,0.471838,0.368675,-0.634990
0.1892,5211,Render,Ring_MCP,-17.639160,0.996004,20.872410,0.635776,0.283674,0.141811,-0.703710
0.1892,5211,Render,Ring_PIP,-17.601980,1.003502,20.899380,0.590421,0.368897,0.237796,-0.677327
0.1892,5211,Render,Ring_DIP,-17.585780,1.006491,20.919940,0.539865,0.439577,0.320323,-0.642426
0.1892,5211,Render,Ring_FingerTip,-17.575250,1.008118,20.943440,0.539865,0.439577,0.320323,-0.642426
0.1892,5211,Render,Pinky_MCP,-17.643160,0.974137,20.869900,0.646650,0.287108,0.148279,-0.690961
0.1892,5211,Render,Pinky_PIP,-17.612000,0.980689,20.893070,0.597782,0.378476,0.247607,-0.661894
0.1892,5211,Render,Pinky_DIP,-17.601170,0.982976,20.907700,0.542804,0.453819,0.332520,-0.623573
0.1892,5211,Render,Pinky_FingerTip,-17.594140,0.984470,20.925460,0.542804,0.453819,0.332520,-0.623573
0.2034,5212,Real,Wrist,-17.755460,0.959559,20.829640,0.645255,0.229768,0.061586,-0.725989
0.2034,5212,Real,Thumb_CMC,-17.733280,0.995712,20.850650,-0.017662,0.501570,-0.294703,-0.813183
0.2034,5212,Real,Thumb_MCP,-17.719090,1.015980,20.886930,-0.087469,0.494200,-0.178364,-0.846347
0.2034,5212,Real,Thumb_IP,-17.697130,1.026544,20.929470,-0.207913,0.456789,0.038265,-0.864090
0.2034,5212,Real,Thumb_FingerTip,-17.680600,1.019246,20.951510,-0.207913,0.456789,0.038265,-0.864090
0.2034,5212,Real,Index_MCP,-17.668350,1.012791,20.881610,0.564620,0.332978,0.178734,-0.733747
0.2034,5212,Real,Index_PIP,-17.634900,1.018116,20.913940,0.543705,0.366135,0.222277,-0.721750
0.2034,5212,Real,Index_DIP,-17.618470,1.020122,20.933930,0.523216,0.394860,0.260791,-0.708744
0.2034,5212,Real,Index_FingerTip,-17.603610,1.021293,20.956330,0.523216,0.394860,0.260791,-0.708744
0.2034,5212,Real,Middle_MCP,-17.659860,0.986961,20.877980,0.591942,0.344604,0.194156,-0.702251
0.2034,5212,Real,Middle_PIP,-17.623570,0.994105,20.915670,0.519421,0.446485,0.318600,-0.655246
0.2034,5212,Real,Middle_DIP,-17.612530,0.995388,20.941060,0.439267,0.525540,0.421631,-0.594206
0.2034,5212,Real,Middle_FingerTip,-17.609930,0.994274,20.969220,0.439267,0.525540,0.421631,-0.594206
0.2034,5212,Real,Ring_MCP,-17.658070,0.962513,20.876160,0.610961,0.345965,0.196405,-0.684441
0.2034,5212,Real,Ring_PIP,-17.626260,0.969674,20.909370,0.538127,0.450982,0.317220,-0.637500
0.2034,5212,Real,Ring_DIP,-17.615930,0.971805,20.933510,0.457251,0.532811,0.417074,-0.577135
0.2034,5212,Real,Ring_FingerTip,-17.613760,0.971956,20.959220,0.457251,0.532811,0.417074,-0.577135
0.2034,5212,Real,Pinky_MCP,-17.661720,0.940551,20.873980,0.623246,0.347021,0.198163,-0.672215
0.2034,5212,Real,Pinky_PIP,-17.634930,0.947093,20.902070,0.550017,0.454248,0.316732,-0.625158
0.2034,5212,Real,Pinky_DIP,-17.627830,0.948995,20.918880,0.468447,0.537974,0.414577,-0.565037
0.2034,5212,Real,Pinky_FingerTip,-17.626350,0.949675,20.937970,0.468447,0.537974,0.414577,-0.565037
0.2034,5212,Virtual,Wrist,-17.739190,0.995063,20.826840,0.643579,0.226248,0.065814,-0.728208
0.2034,5212,Virtual,Thumb_CMC,-17.716660,1.030838,20.848110,-0.018433,0.502586,-0.288850,-0.814637
0.2034,5212,Virtual,Thumb_MCP,-17.702260,1.050690,20.884540,-0.088375,0.495098,-0.172366,-0.846970
0.2034,5212,Virtual,Thumb_IP,-17.680180,1.060715,20.927150,-0.209014,0.457433,0.044230,-0.863199
0.2034,5212,Virtual,Thumb_FingerTip,-17.663720,1.053089,20.949130,-0.209014,0.457433,0.044230,-0.863199
0.2034,5212,Virtual,Index_MCP,-17.651550,1.047053,20.879170,0.563440,0.329393,0.183412,-0.735116
0.2034,5212,Virtual,Index_PIP,-17.618040,1.051807,20.911520,0.542742,0.362486,0.227029,-0.722837
0.2034,5212,Virtual,Index_DIP,-17.601580,1.053501,20.931520,0.522451,0.391165,0.265594,-0.709574
0.2034,5212,Virtual,Index_FingerTip,-17.586700,1.054357,20.953920,0.522451,0.391165,0.265594,-0.709574
0.2034,5212,Virtual,Middle_MCP,-17.643310,1.021171,20.875330,0.590942,0.340836,0.198720,-0.703654
0.2034,5212,Virtual,Middle_PIP,-17.606950,1.027675,20.913060,0.519123,0.442598,0.323343,-0.655796
0.2034,5212,Virtual,Middle_DIP,-17.595880,1.028657,20.938460,0.439610,0.521656,0.426400,-0.593971
0.2034,5212,Virtual,Middle_FingerTip,-17.593280,1.027302,20.966610,0.439610,0.521656,0.426400,-0.593971
0.2034,5212,Virtual,Ring_MCP,-17.641760,0.996721,20.873330,0.610037,0.342101,0.200884,-0.685907
0.2034,5212,Virtual,Ring_PIP,-17.609870,1.003320,20.906580,0.537918,0.447014,0.321890,-0.638130
0.2034,5212,Virtual,Ring_DIP,-17.599510,1.005167,20.930730,0.457693,0.528862,0.421784,-0.576993
0.2034,5212,Virtual,Ring_FingerTip,-17.597330,1.005099,20.956430,0.457693,0.528862,0.421784,-0.576993
0.2034,5212,Virtual,Pinky_MCP,-17.645630,0.974813,20.870980,0.622374,0.343094,0.202585,-0.673719
0.2034,5212,Virtual,Pinky_PIP,-17.618760,0.980880,20.899110,0.549871,0.450227,0.321353,-0.625836
0.2034,5212,Virtual,Pinky_DIP,-17.611640,0.982585,20.915930,0.468960,0.533984,0.419247,-0.564952
0.2034,5212,Virtual,Pinky_FingerTip,-17.610140,0.983104,20.935030,0.468960,0.533984,0.419247,-0.564952
0.2034,5212,Render,Wrist,-17.739190,0.995063,20.826840,0.643579,0.226248,0.065814,-0.728208
0.2034,5212,Render,Thumb_CMC,-17.716660,1.030838,20.848110,0.001860,0.514739,-0.243931,-0.821912
0.2034,5212,Render,Thumb_MCP,-17.701240,1.048530,20.885230,-0.053002,0.512006,-0.154957,-0.843226
0.2034,5212,Render,Thumb_IP,-17.680270,1.058681,20.928370,-0.158538,0.489719,0.024170,-0.857005
0.2034,5212,Render,Thumb_FingerTip,-17.665470,1.053075,20.952070,-0.158538,0.489719,0.024170,-0.857005
0.2034,5212,Render,Index_MCP,-17.651550,1.047053,20.879170,0.593556,0.271396,0.108978,-0.749773
0.2034,5212,Render,Index_PIP,-17.612730,1.054487,20.904280,0.563255,0.329710,0.183825,-0.735013
0.2034,5212,Render,Index_DIP,-17.594180,1.057114,20.922240,0.531092,0.379350,0.249614,-0.715352
0.2034,5212,Render,Index_FingerTip,-17.578370,1.058346,20.943970,0.531092,0.379350,0.249614,-0.715352
0.2034,5212,Render,Middle_MCP,-17.643310,1.021171,20.875330,0.612771,0.299823,0.150364,-0.715548
0.2034,5212,Render,Middle_PIP,-17.602390,1.029211,20.907720,0.554356,0.397582,0.267303,-0.680564
0.2034,5212,Render,Middle_DIP,-17.587390,1.031345,20.930940,0.488518,0.476163,0.366268,-0.632824
0.2034,5212,Render,Middle_FingerTip,-17.579520,1.031392,20.958120,0.488518,0.476163,0.366268,-0.632824
0.2034,5212,Render,Ring_MCP,-17.641760,0.996721,20.873330,0.637527,0.287640,0.140350,-0.700803
0.2034,5212,Render,Ring_PIP,-17.604760,1.004634,20.900420,0.591607,0.373067,0.235946,-0.674650
0.2034,5212,Render,Ring_DIP,-17.588680,1.007876,20.921040,0.540522,0.443862,0.318155,-0.640000
0.2034,5212,Render,Ring_FingerTip,-17.578270,1.009749,20.944570,0.540522,0.443862,0.318155,-0.640000
0.2034,5212,Render,Pinky_MCP,-17.645630,0.974813,20.870980,0.648324,0.291098,0.146864,-0.688018
0.2034,5212,Render,Pinky_PIP,-17.614630,0.981718,20.894250,0.598856,0.382667,0.245777,-0.659190
0.2034,5212,Render,Pinky_DIP,-17.603870,0.984181,20.908900,0.543317,0.458115,0.330351,-0.621134
0.2034,5212,Render,Pinky_FingerTip,-17.596940,0.985856,20.926690,0.543317,0.458115,0.330351,-0.621134
0.2174,5213,Real,Wrist,-17.758110,0.959878,20.828660,0.645194,0.233985,0.057556,-0.725026
0.2174,5213,Real,Thumb_CMC,-17.736370,0.996350,20.849570,-0.022837,0.501414,-0.293340,-0.813643
0.2174,5213,Real,Thumb_MCP,-17.722090,1.016305,20.885990,-0.091387,0.493544,-0.178981,-0.846185
0.2174,5213,Real,Thumb_IP,-17.700090,1.026734,20.928540,-0.209576,0.456087,0.033894,-0.864242
0.2174,5213,Real,Thumb_FingerTip,-17.683510,1.019616,20.950600,-0.209576,0.456087,0.033894,-0.864242
0.2174,5213,Real,Index_MCP,-17.671680,1.014265,20.880550,0.561091,0.341637,0.180522,-0.732034
0.2174,5213,Real,Index_PIP,-17.638830,1.019841,20.913460,0.541789,0.371488,0.219855,-0.721198
0.2174,5213,Real,Index_DIP,-17.622550,1.022058,20.933550,0.523060,0.397425,0.254707,-0.709638
0.2174,5213,Real,Index_FingerTip,-17.607640,1.023518,20.955890,0.523060,0.397425,0.254707,-0.709638
0.2174,5213,Real,Middle_MCP,-17.662890,0.988519,20.877030,0.588952,0.352363,0.194325,-0.700866
0.2174,5213,Real,Middle_PIP,-17.627190,0.996052,20.915200,0.515238,0.453381,0.318274,-0.653971
0.2174,5213,Real,Middle_DIP,-17.616480,0.997464,20.940720,0.434188,0.531513,0.420904,-0.593141
0.2174,5213,Real,Middle_FingerTip,-17.614190,0.996395,20.968910,0.434188,0.531513,0.420904,-0.593141
0.2174,5213,Real,Ring_MCP,-17.660830,0.964086,20.875300,0.607973,0.353850,0.196477,-0.683049
0.2174,5213,Real,Ring_PIP,-17.629540,0.971618,20.908920,0.533963,0.457957,0.316755,-0.636259
0.2174,5213,Real,Ring_DIP,-17.619530,0.973883,20.933180,0.452218,0.538832,0.416182,-0.576153
0.2174,5213,Real,Ring_FingerTip,-17.617650,0.974084,20.958910,0.452218,0.538832,0.416182,-0.576153
0.2174,5213,Real,Pinky_MCP,-17.664230,0.942077,20.873190,0.620222,0.355043,0.198236,-0.670800
0.2174,5213,Real,Pinky_PIP,-17.637880,0.948946,20.901630,0.545794,0.461346,0.316270,-0.623893
0.2174,5213,Real,Pinky_DIP,-17.631020,0.950945,20.918520,0.463339,0.544102,0.413689,-0.564031
0.2174,5213,Real,Pinky_FingerTip,-17.629760,0.951664,20.937620,0.463339,0.544102,0.413689,-0.564031
0.2174,5213,Virtual,Wrist,-17.741520,0.994856,20.827430,0.645255,0.229768,0.061586,-0.725989
0.2174,5213,Virtual,Thumb_CMC,-17.719350,1.031008,20.848440,-0.021663,0.501492,-0.287877,-0.815576
0.2174,5213,Virtual,Thumb_MCP,-17.704800,1.050673,20.884900,-0.090236,0.493782,-0.173305,-0.847350
0.2174,5213,Virtual,Thumb_IP,-17.682620,1.060704,20.927460,-0.208518,0.456600,0.039682,-0.863981
0.2174,5213,Virtual,Thumb_FingerTip,-17.666090,1.053323,20.949480,-0.208518,0.456600,0.039682,-0.863981
0.2174,5213,Virtual,Index_MCP,-17.654420,1.048087,20.879390,0.561828,0.337667,0.184836,-0.732234
0.2174,5213,Virtual,Index_PIP,-17.621460,1.053179,20.912280,0.542740,0.367563,0.224174,-0.721164
0.2174,5213,Virtual,Index_DIP,-17.605130,1.055143,20.932350,0.524201,0.393552,0.259020,-0.709394
0.2174,5213,Virtual,Index_FingerTip,-17.590170,1.056356,20.954680,0.524201,0.393552,0.259020,-0.709394
0.2174,5213,Virtual,Middle_MCP,-17.645920,1.022257,20.875760,0.589814,0.348234,0.198465,-0.701046
0.2174,5213,Virtual,Middle_PIP,-17.610080,1.029255,20.913910,0.516835,0.449477,0.322377,-0.653396
0.2174,5213,Virtual,Middle_DIP,-17.599330,1.030456,20.939430,0.436401,0.527922,0.424858,-0.591903
0.2174,5213,Virtual,Middle_FingerTip,-17.597020,1.029263,20.967610,0.436401,0.527922,0.424858,-0.591903
0.2174,5213,Virtual,Ring_MCP,-17.644130,0.997809,20.873950,0.608876,0.349623,0.200506,-0.683251
0.2174,5213,Virtual,Ring_PIP,-17.612710,1.004871,20.907550,0.535615,0.453963,0.320754,-0.635729
0.2174,5213,Virtual,Ring_DIP,-17.602650,1.006938,20.931800,0.454499,0.535160,0.420041,-0.574979
0.2174,5213,Virtual,Ring_FingerTip,-17.600730,1.007027,20.957530,0.454499,0.535160,0.420041,-0.574979
0.2174,5213,Virtual,Pinky_MCP,-17.647790,0.975848,20.871770,0.621154,0.350752,0.202191,-0.671014
0.2174,5213,Virtual,Pinky_PIP,-17.621320,0.982320,20.900190,0.547486,0.457294,0.320198,-0.623390
0.2174,5213,Virtual,Pinky_DIP,-17.614410,0.984182,20.917080,0.465669,0.540381,0.417483,-0.562894
0.2174,5213,Virtual,Pinky_FingerTip,-17.613120,0.984820,20.936190,0.465669,0.540381,0.417483,-0.562894
0.2174,5213,Render,Wrist,-17.741520,0.994856,20.827430,0.645255,0.229768,0.061586,-0.725989
0.2174,5213,Render,Thumb_CMC,-17.719350,1.031008,20.848440,0.002590,0.513994,-0.249862,-0.820593
0.2174,5213,Render,Thumb_MCP,-17.704120,1.049131,20.885420,-0.052197,0.511344,-0.160995,-0.842546
0.2174,5213,Render,Thumb_IP,-17.683270,1.059816,20.928490,-0.157613,0.489239,0.018123,-0.857599
0.2174,5213,Render,Thumb_FingerTip,-17.668430,1.054534,20.952240,-0.157613,0.489239,0.018123,-0.857599
0.2174,5213,Render,Index_MCP,-17.654420,1.048087,20.879390,0.595088,0.274845,0.104460,-0.747943
0.2174,5213,Render,Index_PIP,-17.615680,1.056088,20.904470,0.564433,0.333295,0.179145,-0.733647
0.2174,5213,Render,Index_DIP,-17.597160,1.059031,20.922410,0.531940,0.383027,0.244830,-0.714415
0.2174,5213,Render,Index_FingerTip,-17.581380,1.060583,20.944140,0.531940,0.383027,0.244830,-0.714415
0.2174,5213,Render,Middle_MCP,-17.645920,1.022257,20.875760,0.614024,0.303515,0.145906,-0.713838
0.2174,5213,Render,Middle_PIP,-17.605090,1.030940,20.908100,0.554978,0.401431,0.262623,-0.679620
0.2174,5213,Render,Middle_DIP,-17.590130,1.033396,20.931310,0.488557,0.480062,0.361499,-0.632592
0.2174,5213,Render,Middle_FingerTip,-17.582270,1.033728,20.958500,0.488557,0.480062,0.361499,-0.632592
0.2174,5213,Render,Ring_MCP,-17.644130,0.997809,20.873950,0.638785,0.291409,0.136015,-0.698953
0.2174,5213,Render,Ring_PIP,-17.607220,1.006286,20.900990,0.592331,0.376974,0.231397,-0.673417
0.2174,5213,Render,Ring_DIP,-17.591190,1.009840,20.921590,0.540754,0.447829,0.313488,-0.639344
0.2174,5213,Render,Ring_FingerTip,-17.580800,1.011994,20.945110,0.540754,0.447829,0.313488,-0.639344
0.2174,5213,Render,Pinky_MCP,-17.647790,0.975848,20.871770,0.649514,0.294941,0.142580,-0.686158
0.2174,5213,Render,Pinky_PIP,-17.616870,0.983229,20.894990,0.599472,0.386643,0.241267,-0.657975
0.2174,5213,Render,Pinky_DIP,-17.606140,0.985908,20.909640,0.543405,0.462137,0.325720,-0.620522
0.2174,5213,Render,Pinky_FingerTip,-17.599230,0.987786,20.927400,0.543405,0.462137,0.325720,-0.620522
0.2316,5214,Real,Wrist,-17.760610,0.960135,20.827870,0.644028,0.237432,0.053274,-0.725269
0.2316,5214,Real,Thumb_CMC,-17.739270,0.996858,20.848760,-0.026919,0.501123,-0.295900,-0.812769
0.2316,5214,Real,Thumb_MCP,-17.725100,1.016794,20.885230,-0.094901,0.492791,-0.182478,-0.845490
0.2316,5214,Real,Thumb_IP,-17.703150,1.027337,20.927790,-0.211984,0.454876,0.028785,-0.864478
0.2316,5214,Real,Thumb_FingerTip,-17.686490,1.020422,20.949850,-0.211984,0.454876,0.028785,-0.864478
0.2316,5214,Real,Index_MCP,-17.674770,1.015510,20.879700,0.558371,0.346224,0.178286,-0.732507
0.2316,5214,Real,Index_PIP,-17.642150,1.021384,20.912780,0.539627,0.374769,0.216105,-0.722254
0.2316,5214,Real,Index_DIP,-17.625900,1.023780,20.932890,0.521510,0.399596,0.249647,-0.711357
0.2316,5214,Real,Index_FingerTip,-17.610940,1.025438,20.955180,0.521510,0.399596,0.249647,-0.711357
0.2316,5214,Real,Middle_MCP,-17.665700,0.989863,20.876180,0.586351,0.356846,0.191748,-0.701489
0.2316,5214,Real,Middle_PIP,-17.630220,0.997755,20.914490,0.511916,0.457262,0.315782,-0.655084
0.2316,5214,Real,Middle_DIP,-17.619620,0.999264,20.940060,0.430327,0.534757,0.418569,-0.594688
0.2316,5214,Real,Middle_FingerTip,-17.617420,0.998200,20.968260,0.430327,0.534757,0.418569,-0.594688
0.2316,5214,Real,Ring_MCP,-17.663350,0.965454,20.874470,0.605410,0.358397,0.193851,-0.683705
0.2316,5214,Real,Ring_PIP,-17.632270,0.973313,20.908200,0.530714,0.461858,0.314162,-0.637443
0.2316,5214,Real,Ring_DIP,-17.622370,0.975676,20.932490,0.448477,0.542069,0.413710,-0.577819
0.2316,5214,Real,Ring_FingerTip,-17.620560,0.975885,20.958230,0.448477,0.542069,0.413710,-0.577819
0.2316,5214,Real,Pinky_MCP,-17.666520,0.943408,20.872360,0.617648,0.359688,0.195651,-0.671459
0.2316,5214,Real,Pinky_PIP,-17.640350,0.950557,20.900900,0.542517,0.465338,0.313719,-0.625074
0.2316,5214,Real,Pinky_DIP,-17.633560,0.952624,20.917820,0.459556,0.547423,0.411261,-0.565686
0.2316,5214,Real,Pinky_FingerTip,-17.632360,0.953350,20.936920,0.459556,0.547423,0.411261,-0.565686
0.2316,5214,Virtual,Wrist,-17.744160,0.994869,20.827620,0.645194,0.233985,0.057556,-0.725026
0.2316,5214,Virtual,Thumb_CMC,-17.722420,1.031341,20.848530,-0.024191,0.501531,-0.291240,-0.814286
0.2316,5214,Virtual,Thumb_MCP,-17.708050,1.051103,20.885020,-0.092254,0.493567,-0.177655,-0.846357
0.2316,5214,Virtual,Thumb_IP,-17.686000,1.061382,20.927590,-0.209605,0.456272,0.033675,-0.864146
0.2316,5214,Virtual,Thumb_FingerTip,-17.669430,1.054272,20.949660,-0.209605,0.456272,0.033675,-0.864146
0.2316,5214,Virtual,Index_MCP,-17.657730,1.049256,20.879520,0.560115,0.343234,0.182606,-0.731517
0.2316,5214,Virtual,Index_PIP,-17.625050,1.054751,20.912610,0.541525,0.371873,0.220368,-0.721041
0.2316,5214,Virtual,Index_DIP,-17.608800,1.056956,20.932720,0.523541,0.396792,0.253848,-0.709946
0.2316,5214,Virtual,Index_FingerTip,-17.593840,1.058437,20.955030,0.523541,0.396792,0.253848,-0.709946
0.2316,5214,Virtual,Middle_MCP,-17.648940,1.023510,20.875980,0.588157,0.353688,0.195903,-0.700427
0.2316,5214,Virtual,Middle_PIP,-17.613400,1.030988,20.914320,0.514265,0.454484,0.319675,-0.653287
0.2316,5214,Virtual,Middle_DIP,-17.602790,1.032368,20.939900,0.433099,0.532400,0.422117,-0.592278
0.2316,5214,Virtual,Middle_FingerTip,-17.600620,1.031268,20.968090,0.433099,0.532400,0.422117,-0.592278
0.2316,5214,Virtual,Ring_MCP,-17.646870,0.999077,20.874260,0.607228,0.355127,0.197912,-0.682635
0.2316,5214,Virtual,Ring_PIP,-17.615720,1.006573,20.908010,0.533093,0.458970,0.317962,-0.635657
0.2316,5214,Virtual,Ring_DIP,-17.605800,1.008815,20.932310,0.451294,0.539606,0.417169,-0.575438
0.2316,5214,Virtual,Ring_FingerTip,-17.604000,1.008994,20.958050,0.451294,0.539606,0.417169,-0.575438
0.2316,5214,Virtual,Pinky_MCP,-17.650280,0.977068,20.872150,0.619475,0.356346,0.199646,-0.670381
0.2316,5214,Virtual,Pinky_PIP,-17.624050,0.983912,20.900700,0.544917,0.462381,0.317454,-0.623292
0.2316,5214,Virtual,Pinky_DIP,-17.617240,0.985897,20.917620,0.462406,0.544896,0.414656,-0.563321
0.2316,5214,Virtual,Pinky_FingerTip,-17.616050,0.986601,20.936730,0.462406,0.544896,0.414656,-0.563321
0.2316,5214,Render,Wrist,-17.744160,0.994869,20.827620,0.645194,0.233985,0.057556,-0.725026
0.2316,5214,Render,Thumb_CMC,-17.722420,1.031341,20.848530,0.001286,0.513498,-0.255493,-0.819171
0.2316,5214,Render,Thumb_MCP,-17.707400,1.049779,20.885440,-0.053441,0.510711,-0.166746,-0.841733
0.2316,5214,Render,Thumb_IP,-17.686670,1.060866,20.928470,-0.158698,0.488362,0.012329,-0.858002
0.2316,5214,Render,Thumb_FingerTip,-17.671770,1.055846,20.952240,-0.158698,0.488362,0.012329,-0.858002
0.2316,5214,Render,Index_MCP,-17.657730,1.049256,20.879520,0.594785,0.278871,0.100193,-0.747277
0.2316,5214,Render,Index_PIP,-17.619120,1.057778,20.904610,0.563726,0.337270,0.174832,-0.733414
0.2316,5214,Render,Index_DIP,-17.600650,1.060992,20.922570,0.530876,0.386922,0.240514,-0.714573
0.2316,5214,Render,Index_FingerTip,-17.584920,1.062796,20.944310,0.530876,0.386922,0.240514,-0.714573
0.2316,5214,Render,Middle_MCP,-17.648940,1.023510,20.875980,0.613472,0.307696,0.141791,-0.713352
0.2316,5214,Render,Middle_PIP,-17.608260,1.032763,20.908350,0.553737,0.405462,0.258484,-0.679825
0.2316,5214,Render,Middle_DIP,-17.593360,1.035468,20.931570,0.486726,0.483862,0.357438,-0.633415
0.2316,5214,Render,Middle_FingerTip,-17.585540,1.035984,20.958770,0.486726,0.483862,0.357438,-0.633415
0.2316,5214,Render,Ring_MCP,-17.646870,0.999077,20.874260,0.638280,0.295702,0.132022,-0.698376
0.2316,5214,Render,Ring_PIP,-17.610100,1.008062,20.901330,0.591237,0.381156,0.227363,-0.673398
0.2316,5214,Render,Ring_DIP,-17.594130,1.011868,20.921930,0.539148,0.451841,0.309482,-0.639828
0.2316,5214,Render,Ring_FingerTip,-17.583810,1.014221,20.945460,0.539148,0.451841,0.309482,-0.639828
0.2316,5214,Render,Pinky_MCP,-17.650280,0.977068,20.872150,0.648963,0.299296,0.138659,-0.685597
0.2316,5214,Render,Pinky_PIP,-17.619480,0.984877,20.895400,0.598290,0.390871,0.237307,-0.657993
0.2316,5214,Render,Pinky_DIP,-17.608800,0.987728,20.910040,0.541677,0.466173,0.321797,-0.621061
0.2316,5214,Render,Pinky_FingerTip,-17.601940,0.989746,20.927810,0.541677,0.466173,0.321797,-0.621061
0.2454,5215,Real,Wrist,-17.763130,0.960506,20.827040,0.643022,0.240790,0.049458,-0.725326
0.2454,5215,Real,Thumb_CMC,-17.742170,0.997461,20.847910,-0.030206,0.500969,-0.298777,-0.811696
0.2454,5215,Real,Thumb_MCP,-17.728140,1.017430,20.884410,-0.097927,0.492232,-0.185833,-0.844739
0.2454,5215,Real,Thumb_IP,-17.706250,1.028097,20.926970,-0.214436,0.453761,0.024688,-0.864586
0.2454,5215,Real,Thumb_FingerTip,-17.689520,1.021334,20.949030,-0.214436,0.453761,0.024688,-0.864586
0.2454,5215,Real,Index_MCP,-17.677860,1.016799,20.878840,0.556113,0.350275,0.175839,-0.732889
0.2454,5215,Real,Index_PIP,-17.645420,1.022973,20.912040,0.537432,0.378314,0.213167,-0.722915
0.2454,5215,Real,Index_DIP,-17.629250,1.025528,20.932190,0.519409,0.402701,0.246286,-0.712313
0.2454,5215,Real,Index_FingerTip,-17.614340,1.027343,20.954500,0.519409,0.402701,0.246286,-0.712313
0.2454,5215,Real,Middle_MCP,-17.668530,0.991245,20.875340,0.584191,0.360802,0.189040,-0.702002
0.2454,5215,Real,Middle_PIP,-17.633240,0.999490,20.913750,0.509047,0.460790,0.313250,-0.656063
0.2454,5215,Real,Middle_DIP,-17.622730,1.001101,20.939350,0.426894,0.537791,0.416261,-0.596045
0.2454,5215,Real,Middle_FingerTip,-17.620610,1.000052,20.967550,0.426894,0.537791,0.416261,-0.596045
0.2454,5215,Real,Ring_MCP,-17.665930,0.966860,20.873630,0.603233,0.362481,0.191211,-0.684220
0.2454,5215,Real,Ring_PIP,-17.635030,0.975035,20.907460,0.527803,0.465518,0.311701,-0.638405
0.2454,5215,Real,Ring_DIP,-17.625220,0.977496,20.931780,0.444976,0.545233,0.411475,-0.579143
0.2454,5215,Real,Ring_FingerTip,-17.623500,0.977718,20.957520,0.444976,0.545233,0.411475,-0.579143
0.2454,5215,Real,Pinky_MCP,-17.668870,0.944781,20.871550,0.615457,0.363854,0.193056,-0.671977
0.2454,5215,Real,Pinky_PIP,-17.642860,0.952200,20.900160,0.539578,0.469077,0.311303,-0.626030
0.2454,5215,Real,Pinky_DIP,-17.636140,0.954336,20.917100,0.456014,0.550662,0.409067,-0.566998
0.2454,5215,Real,Pinky_FingerTip,-17.635010,0.955070,20.936210,0.456014,0.550662,0.409067,-0.566998
0.2454,5215,Virtual,Wrist,-17.746680,0.994982,20.827720,0.644028,0.237432,0.053274,-0.725269
0.2454,5215,Virtual,Thumb_CMC,-17.725340,1.031705,20.848600,-0.027878,0.501199,-0.294414,-0.813230
0.2454,5215,Virtual,Thumb_MCP,-17.711100,1.051505,20.885120,-0.095652,0.492776,-0.181302,-0.845667
0.2454,5215,Virtual,Thumb_IP,-17.689100,1.061917,20.927680,-0.212361,0.454841,0.029309,-0.864386
0.2454,5215,Virtual,Thumb_FingerTip,-17.672450,1.054968,20.949750,-0.212361,0.454841,0.029309,-0.864386
0.2454,5215,Virtual,Index_MCP,-17.660840,1.050357,20.879550,0.557687,0.347324,0.179730,-0.732154
0.2454,5215,Virtual,Index_PIP,-17.628330,1.056174,20.912760,0.539154,0.375448,0.217015,-0.721981
0.2454,5215,Virtual,Index_DIP,-17.612140,1.058549,20.932900,0.521262,0.399918,0.250087,-0.711202
0.2454,5215,Virtual,Index_FingerTip,-17.597210,1.060195,20.955220,0.521262,0.399918,0.250087,-0.711202
0.2454,5215,Virtual,Middle_MCP,-17.651760,1.024711,20.876030,0.585829,0.357703,0.192774,-0.701208
0.2454,5215,Virtual,Middle_PIP,-17.616400,1.032566,20.914450,0.511220,0.458039,0.316777,-0.654604
0.2454,5215,Virtual,Middle_DIP,-17.605870,1.034051,20.940040,0.429487,0.535432,0.419503,-0.594030
0.2454,5215,Virtual,Middle_FingerTip,-17.603760,1.032963,20.968240,0.429487,0.535432,0.419503,-0.594030
0.2454,5215,Virtual,Ring_MCP,-17.649430,1.000301,20.874310,0.604885,0.359283,0.194853,-0.683420
0.2454,5215,Virtual,Ring_PIP,-17.618440,1.008134,20.908140,0.530006,0.462670,0.315138,-0.636960
0.2454,5215,Virtual,Ring_DIP,-17.608600,1.010478,20.932460,0.447612,0.542783,0.414631,-0.577158
0.2454,5215,Virtual,Ring_FingerTip,-17.606880,1.010666,20.958200,0.447612,0.542783,0.414631,-0.577158
0.2454,5215,Virtual,Pinky_MCP,-17.652590,0.978255,20.872210,0.617120,0.360592,0.196634,-0.671172
0.2454,5215,Virtual,Pinky_PIP,-17.626500,0.985386,20.900830,0.541803,0.466169,0.314677,-0.624592
0.2454,5215,Virtual,Pinky_DIP,-17.619760,0.987441,20.917760,0.458683,0.548155,0.412162,-0.565030
0.2454,5215,Virtual,Pinky_FingerTip,-17.618620,0.988152,20.936870,0.458683,0.548155,0.412162,-0.565030
0.2454,5215,Render,Wrist,-17.746680,0.994982,20.827720,0.644028,0.237432,0.053274,-0.725269
0.2454,5215,Render,Thumb_CMC,-17.725340,1.031705,20.848600,-0.001499,0.513239,-0.260191,-0.817854
0.2454,5215,Render,Thumb_MCP,-17.710510,1.050326,20.885500,-0.056183,0.510157,-0.171557,-0.840923
0.2454,5215,Render,Thumb_IP,-17.689880,1.061662,20.928520,-0.161264,0.487248,0.007455,-0.858212
0.2454,5215,Render,Thumb_FingerTip,-17.674920,1.056818,20.952280,-0.161264,0.487248,0.007455,-0.858212
0.2454,5215,Render,Index_MCP,-17.660840,1.050357,20.879550,0.593384,0.282037,0.095789,-0.747781
0.2454,5215,Render,Index_PIP,-17.622320,1.059323,20.904620,0.562013,0.340279,0.170502,-0.734357
0.2454,5215,Render,Index_DIP,-17.603880,1.062751,20.922570,0.528898,0.389763,0.236287,-0.715905
0.2454,5215,Render,Index_FingerTip,-17.588160,1.064741,20.944310,0.528898,0.389763,0.236287,-0.715905
0.2454,5215,Render,Middle_MCP,-17.651760,1.024711,20.876030,0.611912,0.310983,0.137567,-0.714093
0.2454,5215,Render,Middle_PIP,-17.611170,1.034433,20.908370,0.551652,0.408444,0.254442,-0.681258
0.2454,5215,Render,Middle_DIP,-17.596290,1.037315,20.931580,0.484218,0.486497,0.353657,-0.635438
0.2454,5215,Render,Middle_FingerTip,-17.588460,1.037928,20.958770,0.484218,0.486497,0.353657,-0.635438
0.2454,5215,Render,Ring_MCP,-17.649430,1.000301,20.874310,0.636782,0.299130,0.127878,-0.699055
0.2454,5215,Render,Ring_PIP,-17.612740,1.009710,20.901360,0.589279,0.384344,0.223353,-0.674644
0.2454,5215,Render,Ring_DIP,-17.596800,1.013703,20.921950,0.536808,0.454761,0.305659,-0.641563
0.2454,5215,Render,Ring_FingerTip,-17.586500,1.016181,20.945470,0.536808,0.454761,0.305659,-0.641563
0.2454,5215,Render,Pinky_MCP,-17.652590,0.978255,20.872210,0.647443,0.302789,0.134584,-0.686312
0.2454,5215,Render,Pinky_PIP,-17.621860,0.986419,20.895440,0.596276,0.394104,0.233380,-0.659296
0.2454,5215,Render,Pinky_DIP,-17.611210,0.989395,20.910080,0.539256,0.469113,0.318075,-0.622868
0.2454,5215,Render,Pinky_FingerTip,-17.604360,0.991497,20.927840,0.539256,0.469113,0.318075,-0.622868
0.2593,5216,Real,Wrist,-17.765720,0.960655,20.825960,0.641017,0.244034,0.044521,-0.726335
0.2593,5216,Real,Thumb_CMC,-17.745180,0.997836,20.846840,-0.034211,0.500213,-0.303396,-0.810289
0.2593,5216,Real,Thumb_MCP,-17.731330,1.017923,20.883350,-0.101793,0.490940,-0.190600,-0.843972
0.2593,5216,Real,Thumb_IP,-17.709490,1.028796,20.925880,-0.217873,0.451569,0.019877,-0.864998
0.2593,5216,Real,Thumb_FingerTip,-17.692640,1.022209,20.947900,-0.217873,0.451569,0.019877,-0.864998
0.2593,5216,Real,Index_MCP,-17.681060,1.017924,20.877680,0.553548,0.352875,0.171020,-0.734722
0.2593,5216,Real,Index_PIP,-17.648630,1.024450,20.910830,0.534736,0.380779,0.208448,-0.724993
0.2593,5216,Real,Index_DIP,-17.632460,1.027175,20.930940,0.516603,0.405040,0.241668,-0.714606
0.2593,5216,Real,Index_FingerTip,-17.617530,1.029141,20.953240,0.516603,0.405040,0.241668,-0.714606
0.2593,5216,Real,Middle_MCP,-17.671420,0.992493,20.874120,0.581595,0.363596,0.184393,-0.703949
0.2593,5216,Real,Middle_PIP,-17.636160,1.001117,20.912480,0.505988,0.463067,0.309032,-0.658820
0.2593,5216,Real,Middle_DIP,-17.625620,1.002820,20.938060,0.423503,0.539537,0.412552,-0.599455
0.2593,5216,Real,Middle_FingerTip,-17.623430,1.001755,20.966250,0.423503,0.539537,0.412552,-0.599455
0.2593,5216,Real,Ring_MCP,-17.668520,0.968145,20.872380,0.600642,0.365409,0.186657,-0.686196
0.2593,5216,Real,Ring_PIP,-17.637660,0.976651,20.906150,0.524726,0.467929,0.307579,-0.641172
0.2593,5216,Real,Ring_DIP,-17.627830,0.979197,20.930460,0.441547,0.547111,0.407858,-0.582544
0.2593,5216,Real,Ring_FingerTip,-17.626060,0.979403,20.956200,0.441547,0.547111,0.407858,-0.582544
0.2593,5216,Real,Pinky_MCP,-17.671190,0.946034,20.870260,0.612869,0.366867,0.188566,-0.673976
0.2593,5216,Real,Pinky_PIP,-17.645210,0.953732,20.898830,0.536488,0.471573,0.307249,-0.628807
0.2593,5216,Real,Pinky_DIP,-17.638490,0.955925,20.915760,0.452559,0.552622,0.405519,-0.570398
0.2593,5216,Real,Pinky_FingerTip,-17.637330,0.956645,20.934870,0.452559,0.552622,0.405519,-0.570398
0.2593,5216,Virtual,Wrist,-17.749330,0.995037,20.827610,0.643022,0.240790,0.049457,-0.725326
0.2593,5216,Virtual,Thumb_CMC,-17.728370,1.031992,20.848470,-0.030206,0.500968,-0.298777,-0.811696
0.2593,5216,Virtual,Thumb_MCP,-17.714350,1.051961,20.884980,-0.097927,0.492231,-0.185833,-0.844740
0.2593,5216,Virtual,Thumb_IP,-17.692460,1.062628,20.927540,-0.214436,0.453761,0.024688,-0.864586
0.2593,5216,Virtual,Thumb_FingerTip,-17.675730,1.055865,20.949600,-0.214436,0.453761,0.024688,-0.864586
0.2593,5216,Virtual,Index_MCP,-17.664070,1.051330,20.879410,0.556113,0.350275,0.175839,-0.732889
0.2593,5216,Virtual,Index_PIP,-17.631630,1.057505,20.912610,0.537432,0.378314,0.213167,-0.722915
0.2593,5216,Virtual,Index_DIP,-17.615460,1.060059,20.932760,0.519409,0.402702,0.246286,-0.712313
0.2593,5216,Virtual,Index_FingerTip,-17.600550,1.061874,20.955070,0.519409,0.402702,0.246286,-0.712313
0.2593,5216,Virtual,Middle_MCP,-17.654730,1.025777,20.875910,0.584191,0.360802,0.189040,-0.702002
0.2593,5216,Virtual,Middle_PIP,-17.619450,1.034022,20.914320,0.509048,0.460790,0.313249,-0.656063
0.2593,5216,Virtual,Middle_DIP,-17.608940,1.035633,20.939920,0.426894,0.537791,0.416261,-0.596045
0.2593,5216,Virtual,Middle_FingerTip,-17.606820,1.034584,20.968120,0.426894,0.537791,0.416261,-0.596045
0.2593,5216,Virtual,Ring_MCP,-17.652140,1.001392,20.874210,0.603233,0.362481,0.191211,-0.684220
0.2593,5216,Virtual,Ring_PIP,-17.621230,1.009566,20.908020,0.527803,0.465518,0.311701,-0.638405
0.2593,5216,Virtual,Ring_DIP,-17.611430,1.012028,20.932350,0.444976,0.545233,0.411474,-0.579143
0.2593,5216,Virtual,Ring_FingerTip,-17.609700,1.012250,20.958100,0.444976,0.545233,0.411474,-0.579143
0.2593,5216,Virtual,Pinky_MCP,-17.655070,0.979313,20.872120,0.615457,0.363854,0.193055,-0.671977
0.2593,5216,Virtual,Pinky_PIP,-17.629060,0.986731,20.900730,0.539578,0.469077,0.311303,-0.626030
0.2593,5216,Virtual,Pinky_DIP,-17.622340,0.988867,20.917670,0.456014,0.550662,0.409067,-0.566998
0.2593,5216,Virtual,Pinky_FingerTip,-17.621210,0.989602,20.936780,0.456014,0.550662,0.409067,-0.566998
0.2593,5216,Render,Wrist,-17.749330,0.995037,20.827610,0.643022,0.240790,0.049457,-0.725326
0.2593,5216,Render,Thumb_CMC,-17.728370,1.031992,20.848470,-0.003889,0.513156,-0.264582,-0.816488
0.2593,5216,Render,Thumb_MCP,-17.713740,1.050789,20.885360,-0.058550,0.509819,-0.176068,-0.840034
0.2593,5216,Render,Thumb_IP,-17.693230,1.062365,20.928370,-0.163508,0.486425,0.002857,-0.858282
0.2593,5216,Render,Thumb_FingerTip,-17.678220,1.057692,20.952140,-0.163508,0.486425,0.002857,-0.858282
0.2593,5216,Render,Index_MCP,-17.664070,1.051330,20.879410,0.592154,0.285146,0.091840,-0.748072
0.2593,5216,Render,Index_PIP,-17.625640,1.060710,20.904480,0.560477,0.343249,0.166602,-0.735044
0.2593,5216,Render,Index_DIP,-17.607250,1.064340,20.922430,0.527099,0.392582,0.232465,-0.716942
0.2593,5216,Render,Index_FingerTip,-17.591540,1.066506,20.944160,0.527099,0.392582,0.232465,-0.716942
0.2593,5216,Render,Middle_MCP,-17.654730,1.025777,20.875910,0.610521,0.314200,0.133783,-0.714595
0.2593,5216,Render,Middle_PIP,-17.614240,1.035939,20.908240,0.549745,0.411385,0.250794,-0.682382
0.2593,5216,Render,Middle_DIP,-17.599390,1.038989,20.931450,0.481891,0.489119,0.350218,-0.637095
0.2593,5216,Render,Middle_FingerTip,-17.591570,1.039701,20.958640,0.481891,0.489119,0.350218,-0.637095
0.2593,5216,Render,Ring_MCP,-17.652140,1.001392,20.874210,0.635447,0.302473,0.124176,-0.699499
0.2593,5216,Render,Ring_PIP,-17.615550,1.011196,20.901250,0.587494,0.387470,0.219748,-0.675595
0.2593,5216,Render,Ring_DIP,-17.599670,1.015368,20.921840,0.534648,0.457640,0.302200,-0.642956
0.2593,5216,Render,Ring_FingerTip,-17.589390,1.017967,20.945360,0.534648,0.457640,0.302200,-0.642956
0.2593,5216,Render,Pinky_MCP,-17.655070,0.979313,20.872120,0.646085,0.306189,0.130947,-0.686787
0.2593,5216,Render,Pinky_PIP,-17.624440,0.987809,20.895340,0.594436,0.397269,0.229851,-0.660297
0.2593,5216,Render,Pinky_DIP,-17.613820,0.990905,20.909980,0.537015,0.472009,0.314708,-0.624325
0.2593,5216,Render,Pinky_FingerTip,-17.606990,0.993089,20.927740,0.537015,0.472009,0.314708,-0.624325
0.2733,5217,Real,Wrist,-17.768650,0.961084,20.824750,0.640736,0.249108,0.040331,-0.725104
0.2733,5217,Real,Thumb_CMC,-17.748630,0.998597,20.845540,-0.036835,0.500577,-0.307382,-0.808445
0.2733,5217,Real,Thumb_MCP,-17.735020,1.018802,20.882070,-0.104004,0.491037,-0.195551,-0.842512
0.2733,5217,Real,Thumb_IP,-17.713390,1.029950,20.924640,-0.219317,0.451480,0.013333,-0.864806
0.2733,5217,Real,Thumb_FingerTip,-17.696520,1.023649,20.946730,-0.219317,0.451480,0.013333,-0.864806
0.2733,5217,Real,Index_MCP,-17.684850,1.019606,20.876470,0.551410,0.359211,0.168551,-0.733830
0.2733,5217,Real,Index_PIP,-17.652770,1.026572,20.909860,0.532965,0.386049,0.204647,-0.724593
0.2733,5217,Real,Index_DIP,-17.636720,1.029555,20.930050,0.515247,0.409397,0.236707,-0.714762
0.2733,5217,Real,Index_FingerTip,-17.621860,1.031802,20.952350,0.515247,0.409397,0.236707,-0.714762
0.2733,5217,Real,Middle_MCP,-17.674880,0.994286,20.873030,0.579416,0.369966,0.181797,-0.703102
0.2733,5217,Real,Middle_PIP,-17.640010,1.003426,20.911630,0.502634,0.468996,0.306405,-0.658421
0.2733,5217,Real,Middle_DIP,-17.629690,1.005310,20.937280,0.419166,0.544884,0.409959,-0.599446
0.2733,5217,Real,Middle_FingerTip,-17.627710,1.004328,20.965490,0.419166,0.544884,0.409959,-0.599446
0.2733,5217,Real,Ring_MCP,-17.671670,0.969970,20.871390,0.598467,0.371837,0.184048,-0.685348
0.2733,5217,Real,Ring_PIP,-17.641160,0.978941,20.905360,0.521410,0.473875,0.304880,-0.640799
0.2733,5217,Real,Ring_DIP,-17.631540,0.981666,20.929730,0.437291,0.552450,0.405150,-0.582605
0.2733,5217,Real,Ring_FingerTip,-17.629960,0.981952,20.955480,0.437291,0.552450,0.405150,-0.582605
0.2733,5217,Real,Pinky_MCP,-17.674050,0.947820,20.869340,0.610655,0.373389,0.186019,-0.673111
0.2733,5217,Real,Pinky_PIP,-17.648380,0.955915,20.898080,0.533117,0.477604,0.304607,-0.628407
0.2733,5217,Real,Pinky_DIP,-17.641810,0.958234,20.915050,0.448235,0.558036,0.402864,-0.570423
0.2733,5217,Real,Pinky_FingerTip,-17.640800,0.959013,20.934170,0.448235,0.558036,0.402864,-0.570423
0.2733,5217,Virtual,Wrist,-17.752020,0.995118,20.827460,0.641017,0.244033,0.044521,-0.726335
0.2733,5217,Virtual,Thumb_CMC,-17.731480,1.032298,20.848340,-0.035561,0.500300,-0.301307,-0.810956
0.2733,5217,Virtual,Thumb_MCP,-17.717530,1.052195,20.884910,-0.102705,0.490934,-0.189193,-0.844181
0.2733,5217,Virtual,Thumb_IP,-17.695640,1.062912,20.927460,-0.218031,0.451693,0.019906,-0.864893
0.2733,5217,Virtual,Thumb_FingerTip,-17.678790,1.056317,20.949480,-0.218031,0.451693,0.019906,-0.864893
0.2733,5217,Virtual,Index_MCP,-17.667370,1.052386,20.879180,0.552540,0.354450,0.173112,-0.734232
0.2733,5217,Virtual,Index_PIP,-17.635110,1.058825,20.912510,0.534329,0.381350,0.209222,-0.724770
0.2733,5217,Virtual,Index_DIP,-17.618970,1.061531,20.932660,0.516819,0.404764,0.241286,-0.714735
0.2733,5217,Virtual,Index_FingerTip,-17.604020,1.063507,20.954940,0.516819,0.404764,0.241286,-0.714735
0.2733,5217,Virtual,Middle_MCP,-17.657710,1.026955,20.875620,0.580687,0.365044,0.186147,-0.703487
0.2733,5217,Virtual,Middle_PIP,-17.622640,1.035513,20.914150,0.504777,0.464387,0.310753,-0.658011
0.2733,5217,Virtual,Middle_DIP,-17.612230,1.037172,20.939790,0.422034,0.540687,0.414181,-0.598330
0.2733,5217,Virtual,Middle_FingerTip,-17.610190,1.036061,20.967990,0.422034,0.540687,0.414181,-0.598330
0.2733,5217,Virtual,Ring_MCP,-17.654820,1.002607,20.873880,0.599785,0.366815,0.188264,-0.685757
0.2733,5217,Virtual,Ring_PIP,-17.624110,1.011068,20.907800,0.523614,0.469173,0.309100,-0.640440
0.2733,5217,Virtual,Ring_DIP,-17.614400,1.013582,20.932160,0.440232,0.548170,0.409256,-0.581563
0.2733,5217,Virtual,Ring_FingerTip,-17.612750,1.013753,20.957900,0.440232,0.548170,0.409256,-0.581563
0.2733,5217,Virtual,Pinky_MCP,-17.657490,0.980497,20.871760,0.612008,0.368302,0.190145,-0.673532
0.2733,5217,Virtual,Pinky_PIP,-17.631640,0.988161,20.900460,0.535367,0.472845,0.308741,-0.628076
0.2733,5217,Virtual,Pinky_DIP,-17.625000,0.990335,20.917420,0.451230,0.553707,0.406889,-0.569423
0.2733,5217,Virtual,Pinky_FingerTip,-17.623930,0.991030,20.936530,0.451230,0.553707,0.406889,-0.569423
0.2733,5217,Render,Wrist,-17.752020,0.995118,20.827460,0.641017,0.244033,0.044521,-0.726335
0.2733,5217,Render,Thumb_CMC,-17.731480,1.032298,20.848340,-0.007941,0.512532,-0.269247,-0.815324
0.2733,5217,Render,Thumb_MCP,-17.717010,1.051220,20.885230,-0.062512,0.508768,-0.180831,-0.839374
0.2733,5217,Render,Thumb_IP,-17.696570,1.062985,20.928210,-0.167165,0.484570,-0.001938,-0.858629
0.2733,5217,Render,Thumb_FingerTip,-17.681450,1.058463,20.951940,-0.167165,0.484570,-0.001938,-0.858629
0.2733,5217,Render,Index_MCP,-17.667370,1.052386,20.879180,0.589899,0.288019,0.086845,-0.749348
0.2733,5217,Render,Index_PIP,-17.629010,1.062204,20.904190,0.557944,0.345881,0.161760,-0.736817
0.2733,5217,Render,Index_DIP,-17.610620,1.066035,20.922110,0.524339,0.394974,0.227804,-0.719146
0.2733,5217,Render,Index_FingerTip,-17.594910,1.068363,20.943820,0.524339,0.394974,0.227804,-0.719146
0.2733,5217,Render,Middle_MCP,-17.657710,1.026955,20.875620,0.608151,0.317188,0.128998,-0.716174
0.2733,5217,Render,Middle_PIP,-17.617290,1.037571,20.907890,0.546912,0.413936,0.246339,-0.684735
0.2733,5217,Render,Middle_DIP,-17.602440,1.040770,20.931080,0.478707,0.491217,0.346166,-0.640089
0.2733,5217,Render,Middle_FingerTip,-17.594580,1.041538,20.958250,0.478707,0.491217,0.346166,-0.640089
0.2733,5217,Render,Ring_MCP,-17.654820,1.002607,20.873880,0.633151,0.305637,0.119452,-0.701026
0.2733,5217,Render,Ring_PIP,-17.618310,1.012824,20.900860,0.584783,0.390286,0.215281,-0.677761
0.2733,5217,Render,Ring_DIP,-17.602430,1.017162,20.921430,0.531607,0.460096,0.298038,-0.645662
0.2733,5217,Render,Ring_FingerTip,-17.592140,1.019853,20.944930,0.531607,0.460096,0.298038,-0.645662
0.2733,5217,Render,Pinky_MCP,-17.657490,0.980497,20.871760,0.643782,0.309426,0.126294,-0.688368
0.2733,5217,Render,Pinky_PIP,-17.626910,0.989337,20.894940,0.591686,0.400135,0.225479,-0.662540
0.2733,5217,Render,Pinky_DIP,-17.616310,0.992543,20.909560,0.533911,0.474488,0.310670,-0.627124
0.2733,5217,Render,Pinky_FingerTip,-17.609470,0.994784,20.927310,0.533911,0.474488,0.310670,-0.627124
0.2870,5218,Real,Wrist,-17.771760,0.961664,20.823340,0.641351,0.253394,0.036832,-0.723259
0.2870,5218,Real,Thumb_CMC,-17.752180,0.999489,20.843990,-0.037968,0.500680,-0.311062,-0.806919
0.2870,5218,Real,Thumb_MCP,-17.738790,1.019862,20.880510,-0.104837,0.491051,-0.199922,-0.841374
0.2870,5218,Real,Thumb_IP,-17.717320,1.031309,20.923080,-0.219628,0.451537,0.007855,-0.864764
0.2870,5218,Real,Thumb_FingerTip,-17.700450,1.025269,20.945230,-0.219628,0.451537,0.007855,-0.864764
0.2870,5218,Real,Index_MCP,-17.688700,1.021306,20.874970,0.550529,0.364604,0.166200,-0.732366
0.2870,5218,Real,Index_PIP,-17.656910,1.028705,20.908550,0.532375,0.390634,0.201196,-0.723534
0.2870,5218,Real,Index_DIP,-17.640980,1.031944,20.928780,0.514984,0.413292,0.232298,-0.714157
0.2870,5218,Real,Index_FingerTip,-17.626170,1.034469,20.951100,0.514984,0.413292,0.232298,-0.714157
0.2870,5218,Real,Middle_MCP,-17.678460,0.996070,20.871690,0.578473,0.375379,0.179325,-0.701643
0.2870,5218,Real,Middle_PIP,-17.643930,1.005715,20.910460,0.500707,0.474165,0.303732,-0.657425
0.2870,5218,Real,Middle_DIP,-17.633790,1.007807,20.936170,0.416403,0.549680,0.407178,-0.598888
0.2870,5218,Real,Middle_FingerTip,-17.631970,1.006960,20.964400,0.416403,0.549680,0.407178,-0.598888
0.2870,5218,Real,Ring_MCP,-17.675000,0.971779,20.870180,0.597458,0.377367,0.181654,-0.683842
0.2870,5218,Real,Ring_PIP,-17.644790,0.981202,20.904300,0.519395,0.479156,0.302284,-0.639736
0.2870,5218,Real,Ring_DIP,-17.635360,0.984125,20.928720,0.434419,0.557352,0.402442,-0.581961
0.2870,5218,Real,Ring_FingerTip,-17.633950,0.984534,20.954490,0.434419,0.557352,0.402442,-0.581961
0.2870,5218,Real,Pinky_MCP,-17.677160,0.949596,20.868260,0.609601,0.378993,0.183676,-0.671577
0.2870,5218,Real,Pinky_PIP,-17.651750,0.958075,20.897120,0.531043,0.482950,0.302056,-0.627307
0.2870,5218,Real,Pinky_DIP,-17.645320,0.960533,20.914120,0.445294,0.562993,0.400192,-0.569735
0.2870,5218,Real,Pinky_FingerTip,-17.644430,0.961402,20.933240,0.445294,0.562993,0.400192,-0.569735
0.2870,5218,Virtual,Wrist,-17.755240,0.994960,20.826720,0.640737,0.249108,0.040331,-0.725104
0.2870,5218,Virtual,Thumb_CMC,-17.735230,1.032473,20.847520,-0.037997,0.500645,-0.305590,-0.809028
0.2870,5218,Virtual,Thumb_MCP,-17.721530,1.052515,20.884110,-0.104862,0.491013,-0.194217,-0.842728
0.2870,5218,Virtual,Thumb_IP,-17.699840,1.063515,20.926680,-0.219642,0.451494,0.013719,-0.864710
0.2870,5218,Virtual,Thumb_FingerTip,-17.682970,1.057187,20.948760,-0.219642,0.451494,0.013719,-0.864710
0.2870,5218,Virtual,Index_MCP,-17.671450,1.053481,20.878450,0.550622,0.360418,0.170158,-0.733458
0.2870,5218,Virtual,Index_PIP,-17.639500,1.060379,20.911980,0.532669,0.386457,0.205202,-0.724436
0.2870,5218,Virtual,Index_DIP,-17.623480,1.063348,20.932190,0.515458,0.409132,0.236339,-0.714884
0.2870,5218,Virtual,Index_FingerTip,-17.608590,1.065604,20.954480,0.515458,0.409132,0.236339,-0.714884
0.2870,5218,Virtual,Middle_MCP,-17.661470,1.028161,20.875010,0.578719,0.371056,0.183120,-0.702758
0.2870,5218,Virtual,Middle_PIP,-17.626750,1.037249,20.913740,0.501734,0.469959,0.307667,-0.657833
0.2870,5218,Virtual,Middle_DIP,-17.616520,1.039101,20.939440,0.418104,0.545699,0.411126,-0.598647
0.2870,5218,Virtual,Middle_FingerTip,-17.614650,1.038084,20.967660,0.418104,0.545699,0.411126,-0.598647
0.2870,5218,Virtual,Ring_MCP,-17.658270,1.003845,20.873360,0.597764,0.372965,0.185340,-0.685000
0.2870,5218,Virtual,Ring_PIP,-17.627880,1.012779,20.907450,0.520492,0.474883,0.306119,-0.640209
0.2870,5218,Virtual,Ring_DIP,-17.618350,1.015476,20.931870,0.436198,0.553314,0.406302,-0.581802
0.2870,5218,Virtual,Ring_FingerTip,-17.616870,1.015733,20.957620,0.436198,0.553314,0.406302,-0.581802
0.2870,5218,Virtual,Pinky_MCP,-17.660650,0.981696,20.871320,0.609950,0.374540,0.187288,-0.672759
0.2870,5218,Virtual,Pinky_PIP,-17.635090,0.989763,20.900160,0.532192,0.478634,0.305822,-0.627817
0.2870,5218,Virtual,Pinky_DIP,-17.628580,0.992064,20.917160,0.447131,0.558922,0.403991,-0.569625
0.2870,5218,Virtual,Pinky_FingerTip,-17.627640,0.992823,20.936280,0.447131,0.558922,0.403991,-0.569625
0.2870,5218,Render,Wrist,-17.755240,0.994960,20.826720,0.640737,0.249108,0.040331,-0.725104
0.2870,5218,Render,Thumb_CMC,-17.735230,1.032473,20.847520,-0.009326,0.513048,-0.275336,-0.812949
0.2870,5218,Render,Thumb_MCP,-17.721090,1.051710,20.884370,-0.063945,0.509133,-0.187138,-0.837660
0.2870,5218,Render,Thumb_IP,-17.700910,1.063890,20.927360,-0.168642,0.484629,-0.008465,-0.858268
0.2870,5218,Render,Thumb_FingerTip,-17.685810,1.059645,20.951160,-0.168642,0.484629,-0.008465,-0.858268
0.2870,5218,Render,Index_MCP,-17.671450,1.053481,20.878450,0.589328,0.292879,0.082361,-0.748420
0.2870,5218,Render,Index_PIP,-17.633290,1.063874,20.903530,0.556888,0.350658,0.157206,-0.736343
0.2870,5218,Render,Index_DIP,-17.615000,1.068002,20.921470,0.522854,0.399636,0.223225,-0.719087
0.2870,5218,Render,Index_FingerTip,-17.599370,1.070607,20.943210,0.522854,0.399636,0.223225,-0.719087
0.2870,5218,Render,Middle_MCP,-17.661470,1.028161,20.875010,0.607279,0.322195,0.124693,-0.715440
0.2870,5218,Render,Middle_PIP,-17.621270,1.039404,20.907350,0.545219,0.418729,0.241972,-0.684728
0.2870,5218,Render,Middle_DIP,-17.606520,1.042875,20.930560,0.476316,0.495703,0.341847,-0.640737
0.2870,5218,Render,Middle_FingerTip,-17.598740,1.043842,20.957750,0.476316,0.495703,0.341847,-0.640737
0.2870,5218,Render,Ring_MCP,-17.658270,1.003845,20.873360,0.632337,0.310765,0.115297,-0.700201
0.2870,5218,Render,Ring_PIP,-17.621960,1.014621,20.900400,0.583268,0.395252,0.211051,-0.677520
0.2870,5218,Render,Ring_DIP,-17.606190,1.019234,20.921000,0.529484,0.464835,0.293811,-0.645949
0.2870,5218,Render,Ring_FingerTip,-17.595990,1.022141,20.944520,0.529484,0.464835,0.293811,-0.645949
0.2870,5218,Render,Pinky_MCP,-17.660650,0.981696,20.871320,0.642912,0.314617,0.122226,-0.687563
0.2870,5218,Render,Pinky_PIP,-17.630250,0.991006,20.894540,0.590066,0.405144,0.221337,-0.662338
0.2870,5218,Render,Pinky_DIP,-17.619720,0.994398,20.909180,0.531647,0.479240,0.306537,-0.627468
0.2870,5218,Render,Pinky_FingerTip,-17.612960,0.996791,20.926950,0.531647,0.479240,0.306537,-0.627468
0.3016,5219,Real,Wrist,-17.774600,0.962051,20.822260,0.641864,0.257579,0.033607,-0.721480
0.3016,5219,Real,Thumb_CMC,-17.755440,1.000164,20.842780,-0.039110,0.500904,-0.314460,-0.805407
0.3016,5219,Real,Thumb_MCP,-17.742250,1.020686,20.879280,-0.105693,0.491186,-0.204016,-0.840204
0.3016,5219,Real,Thumb_IP,-17.720960,1.032404,20.921870,-0.219985,0.451709,0.002631,-0.864615
0.3016,5219,Real,Thumb_FingerTip,-17.704090,1.026610,20.944100,-0.219985,0.451709,0.002631,-0.864615
0.3016,5219,Real,Index_MCP,-17.692260,1.022745,20.873820,0.549541,0.369888,0.164128,-0.730924
0.3016,5219,Real,Index_PIP,-17.660770,1.030547,20.907590,0.531697,0.395108,0.198029,-0.722477
0.3016,5219,Real,Index_DIP,-17.644950,1.034026,20.927880,0.514648,0.417073,0.228173,-0.713530
0.3016,5219,Real,Index_FingerTip,-17.630210,1.036815,20.950200,0.514648,0.417073,0.228173,-0.713530
0.3016,5219,Real,Middle_MCP,-17.681760,0.997594,20.870700,0.577486,0.380587,0.177029,-0.700232
0.3016,5219,Real,Middle_PIP,-17.647570,1.007714,20.909640,0.498830,0.479068,0.301165,-0.656478
0.3016,5219,Real,Middle_DIP,-17.637600,1.010002,20.935400,0.413789,0.554180,0.404447,-0.598403
0.3016,5219,Real,Middle_FingerTip,-17.635940,1.009282,20.963640,0.413789,0.554180,0.404447,-0.598403
0.3016,5219,Real,Ring_MCP,-17.678080,0.973331,20.869320,0.596410,0.382681,0.179434,-0.682388
0.3016,5219,Real,Ring_PIP,-17.648170,0.983177,20.903580,0.517436,0.484159,0.299795,-0.638728
0.3016,5219,Real,Ring_DIP,-17.638910,0.986287,20.928050,0.431706,0.561943,0.399787,-0.581396
0.3016,5219,Real,Ring_FingerTip,-17.637650,0.986811,20.953820,0.431706,0.561943,0.399787,-0.581396
0.3016,5219,Real,Pinky_MCP,-17.680010,0.951118,20.867500,0.608508,0.384375,0.181507,-0.670097
0.3016,5219,Real,Pinky_PIP,-17.654870,0.959959,20.896480,0.529029,0.488011,0.299613,-0.626264
0.3016,5219,Real,Pinky_DIP,-17.648550,0.962547,20.913510,0.442517,0.567631,0.397577,-0.569128
0.3016,5219,Real,Pinky_FingerTip,-17.647800,0.963501,20.932630,0.442517,0.567631,0.397577,-0.569128
0.3016,5219,Virtual,Wrist,-17.758730,0.994862,20.825850,0.641352,0.253393,0.036832,-0.723259
0.3016,5219,Virtual,Thumb_CMC,-17.739150,1.032686,20.846490,-0.039131,0.500745,-0.309273,-0.807511
0.3016,5219,Virtual,Thumb_MCP,-17.725660,1.052898,20.883070,-0.105693,0.491025,-0.198595,-0.841596
0.3016,5219,Virtual,Thumb_IP,-17.704140,1.064199,20.925650,-0.219947,0.451554,0.008227,-0.864671
0.3016,5219,Virtual,Thumb_FingerTip,-17.687260,1.058132,20.947800,-0.219947,0.451554,0.008227,-0.864671
0.3016,5219,Virtual,Index_MCP,-17.675660,1.054504,20.877470,0.549729,0.365809,0.167804,-0.732000
0.3016,5219,Virtual,Index_PIP,-17.644000,1.061834,20.911190,0.532076,0.391042,0.201750,-0.723380
0.3016,5219,Virtual,Index_DIP,-17.628100,1.065058,20.931450,0.515197,0.413026,0.231930,-0.714277
0.3016,5219,Virtual,Index_FingerTip,-17.613270,1.067594,20.953750,0.515197,0.413026,0.231930,-0.714277
0.3016,5219,Virtual,Middle_MCP,-17.665420,1.029268,20.874190,0.577820,0.376383,0.180544,-0.701330
0.3016,5219,Virtual,Middle_PIP,-17.631020,1.038864,20.913090,0.499921,0.474994,0.304821,-0.656921
0.3016,5219,Virtual,Middle_DIP,-17.620960,1.040927,20.938830,0.415531,0.550340,0.408126,-0.598242
0.3016,5219,Virtual,Middle_FingerTip,-17.619230,1.040051,20.967070,0.415531,0.550340,0.408126,-0.598242
0.3016,5219,Virtual,Ring_MCP,-17.661970,1.004977,20.872690,0.596801,0.378405,0.182842,-0.683526
0.3016,5219,Virtual,Ring_PIP,-17.631870,1.014364,20.906920,0.518594,0.480024,0.303353,-0.639231
0.3016,5219,Virtual,Ring_DIP,-17.622520,1.017263,20.931370,0.433521,0.558051,0.403379,-0.581313
0.3016,5219,Virtual,Ring_FingerTip,-17.621190,1.017647,20.957140,0.433521,0.558051,0.403379,-0.581313
0.3016,5219,Virtual,Pinky_MCP,-17.664120,0.982794,20.870760,0.608941,0.380052,0.184843,-0.671257
0.3016,5219,Virtual,Pinky_PIP,-17.638810,0.991247,20.899710,0.530236,0.483837,0.303103,-0.626802
0.3016,5219,Virtual,Pinky_DIP,-17.632430,0.993689,20.916740,0.444387,0.563709,0.401109,-0.569090
0.3016,5219,Virtual,Pinky_FingerTip,-17.631610,0.994542,20.935850,0.444387,0.563709,0.401109,-0.569090
0.3016,5219,Render,Wrist,-17.758730,0.994862,20.825850,0.641352,0.253393,0.036832,-0.723259
0.3016,5219,Render,Thumb_CMC,-17.739150,1.032686,20.846490,-0.009389,0.513313,-0.280824,-0.810901
0.3016,5219,Render,Thumb_MCP,-17.725300,1.052262,20.883280,-0.064036,0.509389,-0.192814,-0.836209
0.3016,5219,Render,Thumb_IP,-17.705360,1.064874,20.926260,-0.168785,0.484861,-0.014318,-0.858031
0.3016,5219,Render,Thumb_FingerTip,-17.690270,1.060910,20.950110,-0.168785,0.484861,-0.014318,-0.858031
0.3016,5219,Render,Index_MCP,-17.675660,1.054504,20.877470,0.589730,0.297046,0.078559,-0.746867
0.3016,5219,Render,Index_PIP,-17.637680,1.065415,20.902590,0.556869,0.354845,0.153267,-0.735181
0.3016,5219,Render,Index_DIP,-17.619480,1.069824,20.920560,0.522457,0.403803,0.219197,-0.718286
0.3016,5219,Render,Index_FingerTip,-17.603930,1.072703,20.942330,0.522457,0.403803,0.219197,-0.718286
0.3016,5219,Render,Middle_MCP,-17.665420,1.029268,20.874190,0.607390,0.326523,0.121002,-0.714016
0.3016,5219,Render,Middle_PIP,-17.625420,1.041089,20.906580,0.544609,0.423015,0.238095,-0.683938
0.3016,5219,Render,Middle_DIP,-17.610770,1.044833,20.929800,0.475070,0.499849,0.337896,-0.640537
0.3016,5219,Render,Middle_FingerTip,-17.603070,1.046023,20.957010,0.475070,0.499849,0.337896,-0.640537
0.3016,5219,Render,Ring_MCP,-17.661970,1.004977,20.872690,0.632477,0.315175,0.111746,-0.698678
0.3016,5219,Render,Ring_PIP,-17.625840,1.016264,20.899760,0.582796,0.399639,0.207324,-0.676503
0.3016,5219,Render,Ring_DIP,-17.610180,1.021145,20.920370,0.528469,0.469129,0.289986,-0.645404
0.3016,5219,Render,Ring_FingerTip,-17.600070,1.024281,20.943900,0.528469,0.469129,0.289986,-0.645404
0.3016,5219,Render,Pinky_MCP,-17.664120,0.982794,20.870760,0.642989,0.319082,0.118742,-0.686042
0.3016,5219,Render,Pinky_PIP,-17.633880,0.992535,20.894010,0.589490,0.409572,0.217668,-0.661342
0.3016,5219,Render,Pinky_DIP,-17.623420,0.996112,20.908660,0.530494,0.483554,0.302769,-0.626964
0.3016,5219,Render,Pinky_FingerTip,-17.616740,0.998667,20.926430,0.530494,0.483554,0.302769,-0.626964
0.3158,5220,Real,Wrist,-17.777670,0.962679,20.820800,0.642441,0.261286,0.030005,-0.719791
0.3158,5220,Real,Thumb_CMC,-17.758910,1.001078,20.841140,-0.039200,0.500534,-0.319608,-0.803604
0.3158,5220,Real,Thumb_MCP,-17.745970,1.021910,20.877560,-0.105733,0.490807,-0.209359,-0.839106
0.3158,5220,Real,Thumb_IP,-17.724860,1.034048,20.920120,-0.219933,0.451332,-0.002820,-0.864825
0.3158,5220,Real,Thumb_FingerTip,-17.707970,1.028530,20.942400,-0.219933,0.451332,-0.002820,-0.864825
0.3158,5220,Real,Index_MCP,-17.696000,1.024420,20.872170,0.549505,0.373494,0.160120,-0.730006
0.3158,5220,Real,Index_PIP,-17.664630,1.032694,20.905950,0.531494,0.398708,0.193983,-0.721746
0.3158,5220,Real,Index_DIP,-17.648880,1.036427,20.926240,0.514293,0.420661,0.224100,-0.712970
0.3158,5220,Real,Index_FingerTip,-17.634200,1.039470,20.948580,0.514293,0.420661,0.224100,-0.712970
0.3158,5220,Real,Middle_MCP,-17.685250,0.999354,20.869190,0.577310,0.384335,0.173162,-0.699296
0.3158,5220,Real,Middle_PIP,-17.651220,1.009999,20.908130,0.497977,0.482721,0.297192,-0.656259
0.3158,5220,Real,Middle_DIP,-17.641310,1.012513,20.933900,0.412350,0.557645,0.400492,-0.598837
0.3158,5220,Real,Middle_FingerTip,-17.639690,1.011953,20.962140,0.412350,0.557645,0.400492,-0.598837
0.3158,5220,Real,Ring_MCP,-17.681330,0.975120,20.867940,0.596177,0.386511,0.175662,-0.681414
0.3158,5220,Real,Ring_PIP,-17.651570,0.985426,20.902200,0.516515,0.487884,0.295909,-0.638452
0.3158,5220,Real,Ring_DIP,-17.642380,0.988749,20.926660,0.430190,0.565468,0.395908,-0.581756
0.3158,5220,Real,Ring_FingerTip,-17.641170,0.989417,20.952430,0.430190,0.565468,0.395908,-0.581756
0.3158,5220,Real,Pinky_MCP,-17.683040,0.952881,20.866230,0.608234,0.388258,0.177798,-0.669101
0.3158,5220,Real,Pinky_PIP,-17.658040,0.962109,20.895200,0.528057,0.491781,0.295785,-0.625955
0.3158,5220,Real,Pinky_DIP,-17.651770,0.964844,20.912230,0.440945,0.571192,0.393751,-0.569446
0.3158,5220,Real,Pinky_FingerTip,-17.651060,0.965903,20.931340,0.440945,0.571192,0.393751,-0.569446
0.3158,5220,Virtual,Wrist,-17.761790,0.994790,20.824960,0.641864,0.257579,0.033607,-0.721480
0.3158,5220,Virtual,Thumb_CMC,-17.742630,1.032903,20.845470,-0.039110,0.500904,-0.314460,-0.805407
0.3158,5220,Virtual,Thumb_MCP,-17.729430,1.053425,20.881980,-0.105693,0.491186,-0.204016,-0.840204
0.3158,5220,Virtual,Thumb_IP,-17.708150,1.065143,20.924560,-0.219985,0.451709,0.002631,-0.864615
0.3158,5220,Virtual,Thumb_FingerTip,-17.691280,1.059350,20.946790,-0.219985,0.451709,0.002631,-0.864615
0.3158,5220,Virtual,Index_MCP,-17.679450,1.055485,20.876520,0.549541,0.369888,0.164128,-0.730924
0.3158,5220,Virtual,Index_PIP,-17.647950,1.063287,20.910290,0.531697,0.395108,0.198029,-0.722477
0.3158,5220,Virtual,Index_DIP,-17.632140,1.066765,20.930570,0.514648,0.417073,0.228173,-0.713530
0.3158,5220,Virtual,Index_FingerTip,-17.617400,1.069554,20.952900,0.514648,0.417073,0.228173,-0.713530
0.3158,5220,Virtual,Middle_MCP,-17.668960,1.030333,20.873390,0.577486,0.380587,0.177029,-0.700231
0.3158,5220,Virtual,Middle_PIP,-17.634760,1.040453,20.912330,0.498830,0.479068,0.301165,-0.656478
0.3158,5220,Virtual,Middle_DIP,-17.624790,1.042741,20.938100,0.413789,0.554180,0.404447,-0.598403
0.3158,5220,Virtual,Middle_FingerTip,-17.623130,1.042022,20.966340,0.413789,0.554180,0.404447,-0.598403
0.3158,5220,Virtual,Ring_MCP,-17.665260,1.006070,20.872010,0.596410,0.382681,0.179434,-0.682388
0.3158,5220,Virtual,Ring_PIP,-17.635360,1.015916,20.906280,0.517436,0.484159,0.299795,-0.638728
0.3158,5220,Virtual,Ring_DIP,-17.626100,1.019026,20.930750,0.431706,0.561943,0.399787,-0.581396
0.3158,5220,Virtual,Ring_FingerTip,-17.624840,1.019551,20.956510,0.431706,0.561943,0.399787,-0.581396
0.3158,5220,Virtual,Pinky_MCP,-17.667200,0.983858,20.870190,0.608508,0.384375,0.181507,-0.670097
0.3158,5220,Virtual,Pinky_PIP,-17.642050,0.992698,20.899170,0.529029,0.488011,0.299613,-0.626264
0.3158,5220,Virtual,Pinky_DIP,-17.635740,0.995286,20.916200,0.442517,0.567631,0.397577,-0.569128
0.3158,5220,Virtual,Pinky_FingerTip,-17.634980,0.996241,20.935320,0.442517,0.567631,0.397577,-0.569128
0.3158,5220,Render,Wrist,-17.761790,0.994790,20.824960,0.641864,0.257579,0.033607,-0.721480
0.3158,5220,Render,Thumb_CMC,-17.742630,1.032903,20.845470,-0.009460,0.513690,-0.286018,-0.808843
0.3158,5220,Render,Thumb_MCP,-17.729080,1.052793,20.882200,-0.064146,0.509757,-0.198197,-0.834717
0.3158,5220,Render,Thumb_IP,-17.709380,1.065810,20.925170,-0.168969,0.485197,-0.019894,-0.857693
0.3158,5220,Render,Thumb_FingerTip,-17.694320,1.062109,20.949080,-0.168969,0.485197,-0.019894,-0.857693
0.3158,5220,Render,Index_MCP,-17.679450,1.055485,20.876520,0.590034,0.301119,0.075039,-0.745357
0.3158,5220,Render,Index_PIP,-17.641640,1.066887,20.901690,0.556762,0.358927,0.149613,-0.734033
0.3158,5220,Render,Index_DIP,-17.623530,1.071560,20.919690,0.521980,0.407860,0.215454,-0.717473
0.3158,5220,Render,Index_FingerTip,-17.608080,1.074697,20.941480,0.521980,0.407860,0.215454,-0.717473
0.3158,5220,Render,Middle_MCP,-17.668960,1.030333,20.873390,0.607411,0.330740,0.117592,-0.712626
0.3158,5220,Render,Middle_PIP,-17.629160,1.042700,20.905830,0.543927,0.427177,0.234501,-0.683134
0.3158,5220,Render,Middle_DIP,-17.614610,1.046700,20.929070,0.473773,0.503861,0.334222,-0.640281
0.3158,5220,Render,Middle_FingerTip,-17.607000,1.048100,20.956300,0.473773,0.503861,0.334222,-0.640281
0.3158,5220,Render,Ring_MCP,-17.665260,1.006070,20.872010,0.632526,0.319469,0.108473,-0.697197
0.3158,5220,Render,Ring_PIP,-17.629320,1.017838,20.899130,0.582251,0.403898,0.203877,-0.675488
0.3158,5220,Render,Ring_DIP,-17.613770,1.022973,20.919760,0.527399,0.473287,0.286440,-0.644828
0.3158,5220,Render,Ring_FingerTip,-17.603760,1.026322,20.943300,0.527399,0.473287,0.286440,-0.644828
0.3158,5220,Render,Pinky_MCP,-17.667200,0.983858,20.870190,0.642978,0.323427,0.115534,-0.684563
0.3158,5220,Render,Pinky_PIP,-17.637110,0.994005,20.893470,0.588846,0.413868,0.214279,-0.660347
0.3158,5220,Render,Pinky_DIP,-17.626740,0.997755,20.908130,0.529289,0.487728,0.299278,-0.626424
0.3158,5220,Render,Pinky_FingerTip,-17.620120,1.000463,20.925910,0.529289,0.487728,0.299278,-0.626424
0.3302,5221,Real,Wrist,-17.780540,0.963204,20.819490,0.642604,0.264875,0.027646,-0.718427
0.3302,5221,Real,Thumb_CMC,-17.762130,1.001817,20.839760,-0.039932,0.500544,-0.322076,-0.802576
0.3302,5221,Real,Thumb_MCP,-17.749340,1.022763,20.876170,-0.106137,0.490789,-0.212495,-0.838277
0.3302,5221,Real,Thumb_IP,-17.728360,1.035123,20.918720,-0.219785,0.451479,-0.007088,-0.864761
0.3302,5221,Real,Thumb_FingerTip,-17.711480,1.029816,20.941060,-0.219785,0.451479,-0.007088,-0.864761
0.3302,5221,Real,Index_MCP,-17.699500,1.025759,20.870880,0.548235,0.378157,0.158993,-0.728805
0.3302,5221,Real,Index_PIP,-17.668430,1.034323,20.904860,0.530438,0.402741,0.192030,-0.720805
0.3302,5221,Real,Index_DIP,-17.652810,1.038227,20.925220,0.513477,0.424153,0.221425,-0.712325
0.3302,5221,Real,Index_FingerTip,-17.638220,1.041459,20.947590,0.513477,0.424153,0.221425,-0.712325
0.3302,5221,Real,Middle_MCP,-17.688560,1.000768,20.868020,0.576170,0.388750,0.171628,-0.698173
0.3302,5221,Real,Middle_PIP,-17.654820,1.011768,20.907130,0.496128,0.486781,0.295380,-0.655479
0.3302,5221,Real,Middle_DIP,-17.645070,1.014423,20.932940,0.409940,0.561291,0.398494,-0.598418
0.3302,5221,Real,Middle_FingerTip,-17.643600,1.013950,20.961190,0.409940,0.561291,0.398494,-0.598418
0.3302,5221,Real,Ring_MCP,-17.684440,0.976561,20.866870,0.594990,0.391007,0.174193,-0.680262
0.3302,5221,Real,Ring_PIP,-17.654950,0.987185,20.901270,0.514604,0.492019,0.294167,-0.637626
0.3302,5221,Real,Ring_DIP,-17.645920,0.990643,20.925770,0.427705,0.569182,0.393980,-0.581275
0.3302,5221,Real,Ring_FingerTip,-17.644850,0.991388,20.951540,0.427705,0.569182,0.393980,-0.581275
0.3302,5221,Real,Pinky_MCP,-17.685970,0.954304,20.865220,0.607013,0.392806,0.176374,-0.667931
0.3302,5221,Real,Pinky_PIP,-17.661200,0.963803,20.894320,0.526105,0.495958,0.294084,-0.625103
0.3302,5221,Real,Pinky_DIP,-17.655050,0.966632,20.911370,0.438411,0.574941,0.391861,-0.568932
0.3302,5221,Real,Pinky_FingerTip,-17.654450,0.967747,20.930490,0.438411,0.574941,0.391861,-0.568932
0.3302,5221,Virtual,Wrist,-17.765260,0.994694,20.823970,0.642441,0.261287,0.030004,-0.719791
0.3302,5221,Virtual,Thumb_CMC,-17.746510,1.033092,20.844310,-0.039805,0.500109,-0.318011,-0.804472
0.3302,5221,Virtual,Thumb_MCP,-17.733440,1.053811,20.880760,-0.105953,0.490375,-0.208213,-0.839615
0.3302,5221,Virtual,Thumb_IP,-17.712240,1.065859,20.923290,-0.219509,0.451121,-0.002611,-0.865043
0.3302,5221,Virtual,Thumb_FingerTip,-17.695340,1.060344,20.945570,-0.219509,0.451121,-0.002611,-0.865043
0.3302,5221,Virtual,Index_MCP,-17.683590,1.056434,20.875340,0.548685,0.374697,0.161719,-0.729653
0.3302,5221,Virtual,Index_PIP,-17.652360,1.064638,20.909260,0.531045,0.399305,0.194793,-0.721528
0.3302,5221,Virtual,Index_DIP,-17.636650,1.068349,20.929580,0.514225,0.420744,0.224215,-0.712934
0.3302,5221,Virtual,Index_FingerTip,-17.621980,1.071390,20.951920,0.514225,0.420744,0.224215,-0.712934
0.3302,5221,Virtual,Middle_MCP,-17.672850,1.031368,20.872360,0.576732,0.385202,0.174212,-0.699035
0.3302,5221,Virtual,Middle_PIP,-17.638920,1.041970,20.911410,0.497325,0.483393,0.298078,-0.655858
0.3302,5221,Virtual,Middle_DIP,-17.629080,1.044459,20.937200,0.411673,0.558145,0.401218,-0.598351
0.3302,5221,Virtual,Middle_FingerTip,-17.627530,1.043876,20.965450,0.411673,0.558145,0.401218,-0.598351
0.3302,5221,Virtual,Ring_MCP,-17.668930,1.007135,20.871110,0.595595,0.387406,0.176685,-0.681150
0.3302,5221,Virtual,Ring_PIP,-17.639260,1.017409,20.905470,0.515850,0.488586,0.296777,-0.638048
0.3302,5221,Virtual,Ring_DIP,-17.630140,1.020711,20.929950,0.429492,0.565998,0.396625,-0.581267
0.3302,5221,Virtual,Ring_FingerTip,-17.628990,1.021359,20.955720,0.429492,0.565998,0.396625,-0.581267
0.3302,5221,Virtual,Pinky_MCP,-17.670640,0.984896,20.869400,0.607650,0.389171,0.178803,-0.668833
0.3302,5221,Virtual,Pinky_PIP,-17.645710,0.994100,20.898450,0.527387,0.492499,0.296636,-0.625552
0.3302,5221,Virtual,Pinky_DIP,-17.639500,0.996822,20.915490,0.440239,0.571736,0.394452,-0.568960
0.3302,5221,Virtual,Pinky_FingerTip,-17.638820,0.997867,20.934610,0.440239,0.571736,0.394452,-0.568960
0.3302,5221,Render,Wrist,-17.765260,0.994694,20.823970,0.642441,0.261287,0.030004,-0.719791
0.3302,5221,Render,Thumb_CMC,-17.746510,1.033092,20.844310,-0.009625,0.513537,-0.291193,-0.807090
0.3302,5221,Render,Thumb_MCP,-17.733200,1.053298,20.880960,-0.064294,0.509587,-0.203529,-0.833525
0.3302,5221,Render,Thumb_IP,-17.713690,1.066720,20.923890,-0.169078,0.485000,-0.025357,-0.857639
0.3302,5221,Render,Thumb_FingerTip,-17.698640,1.063286,20.947840,-0.169078,0.485000,-0.025357,-0.857639
0.3302,5221,Render,Index_MCP,-17.683590,1.056434,20.875340,0.590432,0.304702,0.071171,-0.743964
0.3302,5221,Render,Index_PIP,-17.645930,1.068325,20.900510,0.556798,0.362533,0.145624,-0.733035
0.3302,5221,Render,Index_DIP,-17.627900,1.073262,20.918510,0.521689,0.411453,0.211392,-0.716841
0.3302,5221,Render,Index_FingerTip,-17.612510,1.076658,20.940310,0.521689,0.411453,0.211392,-0.716841
0.3302,5221,Render,Middle_MCP,-17.672850,1.031368,20.872360,0.607551,0.334489,0.113817,-0.711369
0.3302,5221,Render,Middle_PIP,-17.633230,1.044280,20.904790,0.543441,0.430897,0.230570,-0.682523
0.3302,5221,Render,Middle_DIP,-17.618750,1.048537,20.928040,0.472735,0.507467,0.330243,-0.640265
0.3302,5221,Render,Middle_FingerTip,-17.611200,1.050148,20.955270,0.472735,0.507467,0.330243,-0.640265
0.3302,5221,Render,Ring_MCP,-17.668930,1.007135,20.871110,0.632687,0.323303,0.104820,-0.695841
0.3302,5221,Render,Ring_PIP,-17.633140,1.019384,20.898220,0.581880,0.407717,0.200072,-0.674651
0.3302,5221,Render,Ring_DIP,-17.617660,1.024772,20.918850,0.526554,0.477031,0.282560,-0.644471
0.3302,5221,Render,Ring_FingerTip,-17.607730,1.028337,20.942390,0.526554,0.477031,0.282560,-0.644471
0.3302,5221,Render,Pinky_MCP,-17.670640,0.984896,20.869400,0.643083,0.327319,0.111940,-0.683211
0.3302,5221,Render,Pinky_PIP,-17.640690,0.995449,20.892680,0.588380,0.417734,0.210526,-0.659535
0.3302,5221,Render,Pinky_DIP,-17.630370,0.999372,20.907330,0.528319,0.491499,0.295451,-0.626112
0.3302,5221,Render,Pinky_FingerTip,-17.623820,1.002234,20.925100,0.528319,0.491499,0.295451,-0.626112
0.3444,5222,Real,Wrist,-17.783730,0.964003,20.817670,0.641327,0.268114,0.026316,-0.718417
0.3444,5222,Real,Thumb_CMC,-17.765650,1.002721,20.838030,-0.042289,0.501806,-0.323423,-0.801124
0.3444,5222,Real,Thumb_MCP,-17.753040,1.023612,20.874540,-0.108398,0.491780,-0.214435,-0.836911
0.3444,5222,Real,Thumb_IP,-17.732240,1.035983,20.917170,-0.221817,0.452101,-0.010063,-0.863887
0.3444,5222,Real,Thumb_FingerTip,-17.715390,1.030762,20.939560,-0.221817,0.452101,-0.010063,-0.863887
0.3444,5222,Real,Index_MCP,-17.703270,1.027054,20.869370,0.545789,0.381868,0.158656,-0.728780
0.3444,5222,Real,Index_PIP,-17.672450,1.035745,20.903540,0.528259,0.405772,0.190923,-0.721000
0.3444,5222,Real,Index_DIP,-17.656940,1.039727,20.923960,0.511586,0.426601,0.219641,-0.712776
0.3444,5222,Real,Index_FingerTip,-17.642430,1.043046,20.946370,0.511586,0.426601,0.219641,-0.712776
0.3444,5222,Real,Middle_MCP,-17.692150,1.002141,20.866510,0.573707,0.392487,0.171322,-0.698186
0.3444,5222,Real,Middle_PIP,-17.658710,1.013289,20.905830,0.493005,0.490033,0.295114,-0.655532
0.3444,5222,Real,Middle_DIP,-17.649130,1.015957,20.931710,0.406302,0.564008,0.398267,-0.598497
0.3444,5222,Real,Middle_FingerTip,-17.647820,1.015436,20.959970,0.406302,0.564008,0.398267,-0.598497
0.3444,5222,Real,Ring_MCP,-17.687870,0.977964,20.865350,0.592520,0.394808,0.173954,-0.680285
0.3444,5222,Real,Ring_PIP,-17.658650,0.988722,20.899940,0.511458,0.495341,0.293974,-0.637673
0.3444,5222,Real,Ring_DIP,-17.649790,0.992194,20.924510,0.424029,0.571972,0.393829,-0.581332
0.3444,5222,Real,Ring_FingerTip,-17.648870,0.992895,20.950280,0.424029,0.571972,0.393829,-0.581332
0.3444,5222,Real,Pinky_MCP,-17.689250,0.955698,20.863690,0.604536,0.396644,0.176177,-0.667961
0.3444,5222,Real,Pinky_PIP,-17.664710,0.965313,20.892930,0.522946,0.499318,0.293934,-0.625150
0.3444,5222,Real,Pinky_DIP,-17.658680,0.968152,20.910020,0.434716,0.577765,0.391752,-0.568982
0.3444,5222,Real,Pinky_FingerTip,-17.658190,0.969235,20.929150,0.434716,0.577765,0.391752,-0.568982
0.3444,5222,Virtual,Wrist,-17.768380,0.994698,20.822790,0.642604,0.264875,0.027646,-0.718427
0.3444,5222,Virtual,Thumb_CMC,-17.749980,1.033312,20.843050,-0.040708,0.500584,-0.320889,-0.802988
0.3444,5222,Virtual,Thumb_MCP,-17.737120,1.054151,20.879510,-0.106670,0.490778,-0.211676,-0.838423
0.3444,5222,Virtual,Thumb_IP,-17.716100,1.066421,20.922070,-0.219900,0.451536,-0.007025,-0.864702
0.3444,5222,Virtual,Thumb_FingerTip,-17.699230,1.061108,20.944410,-0.219900,0.451536,-0.007025,-0.864702
0.3444,5222,Virtual,Index_MCP,-17.687340,1.057253,20.874180,0.547655,0.378997,0.160110,-0.728561
0.3444,5222,Virtual,Index_PIP,-17.656370,1.065767,20.908250,0.530250,0.402988,0.192366,-0.720716
0.3444,5222,Virtual,Index_DIP,-17.640760,1.069663,20.928630,0.513688,0.423898,0.221072,-0.712435
0.3444,5222,Virtual,Index_FingerTip,-17.626160,1.072905,20.950980,0.513688,0.423898,0.221072,-0.712435
0.3444,5222,Virtual,Middle_MCP,-17.676400,1.032262,20.871320,0.575613,0.389574,0.172626,-0.697927
0.3444,5222,Virtual,Middle_PIP,-17.642770,1.043221,20.910520,0.495408,0.487514,0.296349,-0.655041
0.3444,5222,Virtual,Middle_DIP,-17.633090,1.045849,20.936370,0.409084,0.561915,0.399406,-0.597810
0.3444,5222,Virtual,Middle_FingerTip,-17.631690,1.045345,20.964630,0.409084,0.561915,0.399406,-0.597810
0.3444,5222,Virtual,Ring_MCP,-17.672280,1.008056,20.870170,0.594429,0.391860,0.175168,-0.680012
0.3444,5222,Virtual,Ring_PIP,-17.642890,1.018649,20.904660,0.513869,0.492787,0.295119,-0.637186
0.3444,5222,Virtual,Ring_DIP,-17.633930,1.022083,20.929190,0.426823,0.569844,0.394879,-0.580664
0.3444,5222,Virtual,Ring_FingerTip,-17.632940,1.022802,20.954960,0.426823,0.569844,0.394879,-0.580664
0.3444,5222,Virtual,Pinky_MCP,-17.673820,0.985799,20.868530,0.606450,0.393675,0.177331,-0.667677
0.3444,5222,Virtual,Pinky_PIP,-17.649130,0.995275,20.897690,0.525364,0.496744,0.295017,-0.624663
0.3444,5222,Virtual,Pinky_DIP,-17.643030,0.998089,20.914760,0.437521,0.575619,0.392741,-0.568325
0.3444,5222,Virtual,Pinky_FingerTip,-17.642480,0.999186,20.933880,0.437521,0.575619,0.392741,-0.568325
0.3444,5222,Render,Wrist,-17.768380,0.994698,20.822790,0.642604,0.264875,0.027646,-0.718427
0.3444,5222,Render,Thumb_CMC,-17.749980,1.033312,20.843050,-0.009850,0.513513,-0.295391,-0.805575
0.3444,5222,Render,Thumb_MCP,-17.736890,1.053766,20.879640,-0.064515,0.509540,-0.207865,-0.832466
0.3444,5222,Render,Thumb_IP,-17.717560,1.067511,20.922550,-0.169285,0.484908,-0.029819,-0.857507
0.3444,5222,Render,Thumb_FingerTip,-17.702510,1.064289,20.946540,-0.169285,0.484908,-0.029819,-0.857507
0.3444,5222,Render,Index_MCP,-17.687340,1.057253,20.874180,0.590409,0.308191,0.068569,-0.742788
0.3444,5222,Render,Index_PIP,-17.649850,1.069525,20.899420,0.556424,0.366002,0.142917,-0.732128
0.3444,5222,Render,Index_DIP,-17.631910,1.074665,20.917450,0.521003,0.414874,0.208613,-0.716182
0.3444,5222,Render,Index_FingerTip,-17.616610,1.078256,20.939290,0.521003,0.414874,0.208613,-0.716182
0.3444,5222,Render,Middle_MCP,-17.676400,1.032262,20.871320,0.607294,0.338072,0.111315,-0.710289
0.3444,5222,Render,Middle_PIP,-17.636970,1.045595,20.903810,0.542592,0.434387,0.227923,-0.681875
0.3444,5222,Render,Middle_DIP,-17.622590,1.050046,20.927100,0.471372,0.510790,0.327529,-0.640021
0.3444,5222,Render,Middle_FingerTip,-17.615140,1.051809,20.954340,0.471372,0.510790,0.327529,-0.640021
0.3444,5222,Render,Ring_MCP,-17.672280,1.008056,20.870170,0.632460,0.326947,0.102434,-0.694700
0.3444,5222,Render,Ring_PIP,-17.636670,1.020678,20.897340,0.581151,0.411295,0.197551,-0.673850
0.3444,5222,Render,Ring_DIP,-17.621300,1.026258,20.917990,0.525385,0.480490,0.279959,-0.643990
0.3444,5222,Render,Ring_FingerTip,-17.611450,1.029981,20.941540,0.525385,0.480490,0.279959,-0.643990
0.3444,5222,Render,Pinky_MCP,-17.673820,0.985799,20.868530,0.642808,0.330998,0.109611,-0.682074
0.3444,5222,Render,Pinky_PIP,-17.644020,0.996666,20.891850,0.587571,0.421333,0.208056,-0.658750
0.3444,5222,Render,Pinky_DIP,-17.633780,1.000720,20.906520,0.527044,0.494961,0.292899,-0.625659
0.3444,5222,Render,Pinky_FingerTip,-17.627300,1.003694,20.924300,0.527044,0.494961,0.292899,-0.625659
0.3576,5223,Real,Wrist,-17.786640,0.964457,20.816250,0.640817,0.271089,0.023500,-0.717852
0.3576,5223,Real,Thumb_CMC,-17.768900,1.003354,20.836560,-0.044211,0.501791,-0.326022,-0.799976
0.3576,5223,Real,Thumb_MCP,-17.756440,1.024310,20.873080,-0.110036,0.491570,-0.217615,-0.836000
0.3576,5223,Real,Thumb_IP,-17.735750,1.036846,20.915720,-0.222918,0.451726,-0.014209,-0.863742
0.3576,5223,Real,Thumb_FingerTip,-17.718890,1.031806,20.938140,-0.222918,0.451726,-0.014209,-0.863742
0.3576,5223,Real,Index_MCP,-17.706750,1.028244,20.867920,0.544171,0.385405,0.156772,-0.728535
0.3576,5223,Real,Index_PIP,-17.676130,1.037190,20.902210,0.526922,0.408672,0.188260,-0.721040
0.3576,5223,Real,Index_DIP,-17.660680,1.041322,20.922650,0.510547,0.428954,0.216297,-0.713132
0.3576,5223,Real,Index_FingerTip,-17.646200,1.044805,20.945050,0.510547,0.428954,0.216297,-0.713132
0.3576,5223,Real,Middle_MCP,-17.695430,1.003417,20.865110,0.572099,0.396030,0.169343,-0.697988
0.3576,5223,Real,Middle_PIP,-17.662210,1.014862,20.904540,0.490809,0.493197,0.293093,-0.655714
0.3576,5223,Real,Middle_DIP,-17.652740,1.017627,20.930440,0.403649,0.566749,0.396272,-0.599026
0.3576,5223,Real,Middle_FingerTip,-17.651510,1.017140,20.958710,0.403649,0.566749,0.396272,-0.599026
0.3576,5223,Real,Ring_MCP,-17.690940,0.979274,20.864000,0.590945,0.398351,0.171925,-0.680105
0.3576,5223,Real,Ring_PIP,-17.661920,0.990300,20.898670,0.509346,0.498465,0.291848,-0.637907
0.3576,5223,Real,Ring_DIP,-17.653160,0.993868,20.923250,0.421515,0.574652,0.391690,-0.581961
0.3576,5223,Real,Ring_FingerTip,-17.652320,0.994605,20.949030,0.421515,0.574652,0.391690,-0.581961
0.3576,5223,Real,Pinky_MCP,-17.692140,0.956995,20.862360,0.602941,0.400245,0.174188,-0.667776
0.3576,5223,Real,Pinky_PIP,-17.667770,0.966838,20.891680,0.520803,0.502493,0.291850,-0.625372
0.3576,5223,Real,Pinky_DIP,-17.661820,0.969743,20.908790,0.432164,0.580490,0.389653,-0.569593
0.3576,5223,Real,Pinky_FingerTip,-17.661390,0.970852,20.927910,0.432164,0.580490,0.389653,-0.569593
0.3576,5223,Virtual,Wrist,-17.771900,0.994856,20.821190,0.641327,0.268114,0.026316,-0.718417
0.3576,5223,Virtual,Thumb_CMC,-17.753820,1.033574,20.841550,-0.043002,0.501839,-0.322339,-0.801503
0.3576,5223,Virtual,Thumb_MCP,-17.741160,1.054367,20.878090,-0.108843,0.491777,-0.213762,-0.837027
0.3576,5223,Virtual,Thumb_IP,-17.720320,1.066664,20.920740,-0.221809,0.452209,-0.010223,-0.863831
0.3576,5223,Virtual,Thumb_FingerTip,-17.703480,1.061450,20.943130,-0.221809,0.452209,-0.010223,-0.863831
0.3576,5223,Virtual,Index_MCP,-17.691440,1.057907,20.872890,0.545202,0.382705,0.159773,-0.728536
0.3576,5223,Virtual,Index_PIP,-17.660720,1.066547,20.907160,0.528069,0.406019,0.191258,-0.720911
0.3576,5223,Virtual,Index_DIP,-17.645220,1.070520,20.927600,0.511797,0.426347,0.219288,-0.712885
0.3576,5223,Virtual,Index_FingerTip,-17.630690,1.073849,20.949990,0.511797,0.426347,0.219288,-0.712885
0.3576,5223,Virtual,Middle_MCP,-17.680320,1.032993,20.870030,0.573204,0.393220,0.172215,-0.697966
0.3576,5223,Virtual,Middle_PIP,-17.646980,1.044103,20.909440,0.492406,0.490635,0.295914,-0.655172
0.3576,5223,Virtual,Middle_DIP,-17.637460,1.046749,20.935340,0.405642,0.564482,0.398966,-0.598031
0.3576,5223,Virtual,Middle_FingerTip,-17.636200,1.046204,20.963610,0.405642,0.564482,0.398966,-0.598031
0.3576,5223,Virtual,Ring_MCP,-17.676040,1.008817,20.868870,0.592076,0.395473,0.174717,-0.680090
0.3576,5223,Virtual,Ring_PIP,-17.646900,1.019550,20.903530,0.510978,0.495837,0.294592,-0.637388
0.3576,5223,Virtual,Ring_DIP,-17.638080,1.023006,20.928110,0.423552,0.572325,0.394313,-0.581003
0.3576,5223,Virtual,Ring_FingerTip,-17.637210,1.023693,20.953890,0.423552,0.572325,0.394313,-0.581003
0.3576,5223,Virtual,Pinky_MCP,-17.677420,0.986551,20.867200,0.604091,0.397322,0.176926,-0.667762
0.3576,5223,Virtual,Pinky_PIP,-17.652940,0.996148,20.896510,0.522461,0.499825,0.294540,-0.624865
0.3576,5223,Virtual,Pinky_DIP,-17.646950,0.998976,20.913620,0.434234,0.578127,0.392226,-0.568655
0.3576,5223,Virtual,Pinky_FingerTip,-17.646490,1.000049,20.932740,0.434234,0.578127,0.392226,-0.568655
0.3576,5223,Render,Wrist,-17.771900,0.994856,20.821190,0.641327,0.268114,0.026316,-0.718417
0.3576,5223,Render,Thumb_CMC,-17.753820,1.033574,20.841550,-0.011514,0.514832,-0.297882,-0.803792
0.3576,5223,Render,Thumb_MCP,-17.740980,1.054080,20.878190,-0.066310,0.510674,-0.210531,-0.830959
0.3576,5223,Render,Thumb_IP,-17.721870,1.067915,20.921170,-0.171277,0.485643,-0.032741,-0.856589
0.3576,5223,Render,Thumb_FingerTip,-17.706880,1.064772,20.945210,-0.171277,0.485643,-0.032741,-0.856589
0.3576,5223,Render,Index_MCP,-17.691440,1.057907,20.872890,0.588913,0.311272,0.067098,-0.742826
0.3576,5223,Render,Index_PIP,-17.654110,1.070408,20.898240,0.554626,0.368916,0.141458,-0.732313
0.3576,5223,Render,Index_DIP,-17.636260,1.075652,20.916340,0.518948,0.417614,0.207177,-0.716498
0.3576,5223,Render,Index_FingerTip,-17.621050,1.079325,20.938230,0.518948,0.417614,0.207177,-0.716498
0.3576,5223,Render,Middle_MCP,-17.680320,1.032993,20.870030,0.605648,0.341140,0.109993,-0.710434
0.3576,5223,Render,Middle_PIP,-17.641080,1.046561,20.902670,0.540459,0.437138,0.226644,-0.682237
0.3576,5223,Render,Middle_DIP,-17.626810,1.051087,20.925990,0.468851,0.513191,0.326319,-0.640571
0.3576,5223,Render,Middle_FingerTip,-17.619440,1.052874,20.953250,0.468851,0.513191,0.326319,-0.640571
0.3576,5223,Render,Ring_MCP,-17.676040,1.008817,20.868870,0.630872,0.330080,0.101198,-0.694843
0.3576,5223,Render,Ring_PIP,-17.640590,1.021653,20.896160,0.579145,0.414179,0.196347,-0.674163
0.3576,5223,Render,Ring_DIP,-17.625320,1.027317,20.916860,0.523036,0.483101,0.278803,-0.644451
0.3576,5223,Render,Ring_FingerTip,-17.615570,1.031084,20.940450,0.523036,0.483101,0.278803,-0.644451
0.3576,5223,Render,Pinky_MCP,-17.677420,0.986551,20.867200,0.641201,0.334144,0.108435,-0.682240
0.3576,5223,Render,Pinky_PIP,-17.647760,0.997597,20.890630,0.585522,0.424211,0.206917,-0.659087
0.3576,5223,Render,Pinky_DIP,-17.637590,1.001706,20.905330,0.524634,0.497544,0.291814,-0.626142
0.3576,5223,Render,Pinky_FingerTip,-17.631180,1.004707,20.923140,0.524634,0.497544,0.291814,-0.626142
0.3714,5224,Real,Wrist,-17.789680,0.964697,20.814830,0.641142,0.274218,0.019391,-0.716496
0.3714,5224,Real,Thumb_CMC,-17.772310,1.003857,20.834960,-0.046502,0.500870,-0.328468,-0.799422
0.3714,5224,Real,Thumb_MCP,-17.759910,1.024872,20.871470,-0.111742,0.490456,-0.220868,-0.835575
0.3714,5224,Real,Thumb_IP,-17.739250,1.037595,20.914070,-0.223581,0.450605,-0.018877,-0.864067
0.3714,5224,Real,Thumb_FingerTip,-17.722340,1.032782,20.936510,-0.223581,0.450605,-0.018877,-0.864067
0.3714,5224,Real,Index_MCP,-17.710410,1.029490,20.866200,0.542778,0.390037,0.154583,-0.727577
0.3714,5224,Real,Index_PIP,-17.680060,1.038784,20.900640,0.526211,0.412115,0.184492,-0.720574
0.3714,5224,Real,Index_DIP,-17.664680,1.043140,20.921090,0.510532,0.431385,0.211143,-0.713220
0.3714,5224,Real,Index_FingerTip,-17.650190,1.046887,20.943440,0.510532,0.431385,0.211143,-0.713220
0.3714,5224,Real,Middle_MCP,-17.698840,1.004761,20.863510,0.570814,0.400537,0.166726,-0.697097
0.3714,5224,Real,Middle_PIP,-17.665910,1.016632,20.903050,0.488843,0.497284,0.290208,-0.655379
0.3714,5224,Real,Middle_DIP,-17.656570,1.019565,20.928980,0.401159,0.570377,0.393247,-0.599249
0.3714,5224,Real,Middle_FingerTip,-17.655440,1.019178,20.957250,0.401159,0.570377,0.393247,-0.599249
0.3714,5224,Real,Ring_MCP,-17.694120,0.980657,20.862500,0.589538,0.403095,0.169453,-0.679151
0.3714,5224,Real,Ring_PIP,-17.665380,0.992064,20.897280,0.507160,0.502821,0.289176,-0.637446
0.3714,5224,Real,Ring_DIP,-17.656770,0.995787,20.921900,0.418707,0.578554,0.388921,-0.581980
0.3714,5224,Real,Ring_FingerTip,-17.656040,0.996608,20.947680,0.418707,0.578554,0.388921,-0.581980
0.3714,5224,Real,Pinky_MCP,-17.695110,0.958360,20.860980,0.601491,0.405083,0.171740,-0.666800
0.3714,5224,Real,Pinky_PIP,-17.670980,0.968529,20.890380,0.518559,0.506933,0.289197,-0.624885
0.3714,5224,Real,Pinky_DIP,-17.665130,0.971544,20.907510,0.429286,0.584464,0.386901,-0.569582
0.3714,5224,Real,Pinky_FingerTip,-17.664800,0.972714,20.926630,0.429286,0.584464,0.386901,-0.569582
0.3714,5224,Virtual,Wrist,-17.775110,0.994767,20.819970,0.640818,0.271089,0.023500,-0.717852
0.3714,5224,Virtual,Thumb_CMC,-17.757370,1.033664,20.840280,-0.045901,0.501861,-0.323453,-0.800879
0.3714,5224,Virtual,Thumb_MCP,-17.744760,1.054391,20.876880,-0.111276,0.491518,-0.215705,-0.836361
0.3714,5224,Virtual,Thumb_IP,-17.723990,1.066718,20.919550,-0.223377,0.451746,-0.013673,-0.863621
0.3714,5224,Virtual,Thumb_FingerTip,-17.707130,1.061640,20.941960,-0.223377,0.451746,-0.013673,-0.863621
0.3714,5224,Virtual,Index_MCP,-17.695210,1.058554,20.871640,0.542986,0.387073,0.159006,-0.728051
0.3714,5224,Virtual,Index_PIP,-17.664790,1.067397,20.906120,0.526541,0.409162,0.188931,-0.720865
0.3714,5224,Virtual,Index_DIP,-17.649370,1.071511,20.926600,0.510972,0.428447,0.215590,-0.713346
0.3714,5224,Virtual,Index_FingerTip,-17.634850,1.075015,20.948970,0.510972,0.428447,0.215590,-0.713346
0.3714,5224,Virtual,Middle_MCP,-17.683890,1.033727,20.868840,0.571142,0.397409,0.171027,-0.697577
0.3714,5224,Virtual,Middle_PIP,-17.650850,1.045099,20.908430,0.489731,0.494267,0.294524,-0.655072
0.3714,5224,Virtual,Middle_DIP,-17.641490,1.047822,20.934380,0.402528,0.567545,0.397455,-0.598242
0.3714,5224,Virtual,Middle_FingerTip,-17.640360,1.047294,20.962650,0.402528,0.567545,0.397455,-0.598242
0.3714,5224,Virtual,Ring_MCP,-17.679410,1.009584,20.867720,0.589919,0.399870,0.173673,-0.679660
0.3714,5224,Virtual,Ring_PIP,-17.650560,1.020552,20.902550,0.508117,0.499717,0.293418,-0.637186
0.3714,5224,Virtual,Ring_DIP,-17.641910,1.024080,20.927190,0.420155,0.575647,0.393065,-0.581034
0.3714,5224,Virtual,Ring_FingerTip,-17.641180,1.024775,20.952960,0.420155,0.575647,0.393065,-0.581034
0.3714,5224,Virtual,Pinky_MCP,-17.680610,0.987305,20.866090,0.601910,0.401795,0.175905,-0.667326
0.3714,5224,Virtual,Pinky_PIP,-17.656390,0.997105,20.895540,0.519564,0.503774,0.293389,-0.624651
0.3714,5224,Virtual,Pinky_DIP,-17.650510,0.999985,20.912680,0.430791,0.581510,0.390999,-0.568671
0.3714,5224,Virtual,Pinky_FingerTip,-17.650170,1.001063,20.931810,0.430791,0.581510,0.390999,-0.568671
0.3714,5224,Render,Wrist,-17.775110,0.994767,20.819970,0.640818,0.271089,0.023500,-0.717852
0.3714,5224,Render,Thumb_CMC,-17.757370,1.033664,20.840280,-0.012786,0.514933,-0.301570,-0.802332
0.3714,5224,Render,Thumb_MCP,-17.744730,1.054335,20.876910,-0.067586,0.510638,-0.214354,-0.829900
0.3714,5224,Render,Thumb_IP,-17.725780,1.068395,20.919880,-0.172517,0.485342,-0.036700,-0.856350
0.3714,5224,Render,Thumb_FingerTip,-17.710780,1.065414,20.943930,-0.172517,0.485342,-0.036700,-0.856350
0.3714,5224,Render,Index_MCP,-17.695210,1.058554,20.871640,0.588229,0.314080,0.064121,-0.742448
0.3714,5224,Render,Index_PIP,-17.658010,1.071399,20.897010,0.553663,0.371641,0.138458,-0.732237
0.3714,5224,Render,Index_DIP,-17.640220,1.076818,20.915120,0.517742,0.420241,0.204182,-0.716694
0.3714,5224,Render,Index_FingerTip,-17.625060,1.080650,20.937010,0.517742,0.420241,0.204182,-0.716694
0.3714,5224,Render,Middle_MCP,-17.683890,1.033727,20.868840,0.604794,0.344036,0.107131,-0.710202
0.3714,5224,Render,Middle_PIP,-17.644800,1.047666,20.901490,0.539136,0.439852,0.223783,-0.682485
0.3714,5224,Render,Middle_DIP,-17.630580,1.052346,20.924820,0.467136,0.515675,0.323527,-0.641244
0.3714,5224,Render,Middle_FingerTip,-17.623250,1.054238,20.952090,0.467136,0.515675,0.323527,-0.641244
0.3714,5224,Render,Ring_MCP,-17.679410,1.009584,20.867720,0.630055,0.333063,0.098420,-0.694560
0.3714,5224,Render,Ring_PIP,-17.644100,1.022752,20.895030,0.577923,0.417020,0.193556,-0.674267
0.3714,5224,Render,Ring_DIP,-17.628890,1.028574,20.915730,0.521469,0.485768,0.276047,-0.644902
0.3714,5224,Render,Ring_FingerTip,-17.619200,1.032459,20.939330,0.521469,0.485768,0.276047,-0.644902
0.3714,5224,Render,Pinky_MCP,-17.680610,0.987305,20.866090,0.640353,0.337168,0.105710,-0.681976
0.3714,5224,Render,Pinky_PIP,-17.651070,0.998629,20.889530,0.584241,0.427079,0.204182,-0.659224
0.3714,5224,Render,Pinky_DIP,-17.640950,1.002846,20.904240,0.522987,0.500218,0.289122,-0.626638
0.3714,5224,Render,Pinky_FingerTip,-17.634580,1.005928,20.922040,0.522987,0.500218,0.289122,-0.626638
0.3852,5225,Real,Wrist,-17.793060,0.964983,20.813150,0.641243,0.278378,0.016491,-0.714871
0.3852,5225,Real,Thumb_CMC,-17.776120,1.004383,20.833180,-0.046743,0.501242,-0.333279,-0.797180
0.3852,5225,Real,Thumb_MCP,-17.764030,1.025658,20.869640,-0.112030,0.490793,-0.225931,-0.833982
0.3852,5225,Real,Thumb_IP,-17.743630,1.038743,20.912260,-0.223940,0.450866,-0.024172,-0.863706
0.3852,5225,Real,Thumb_FingerTip,-17.726740,1.034178,20.934760,-0.223940,0.450866,-0.024172,-0.863706
0.3852,5225,Real,Index_MCP,-17.714550,1.030720,20.864510,0.542149,0.394021,0.151245,-0.726600
0.3852,5225,Real,Index_PIP,-17.684400,1.040434,20.899000,0.525418,0.416070,0.181117,-0.719736
0.3852,5225,Real,Index_DIP,-17.669140,1.045016,20.919490,0.509593,0.435308,0.207739,-0.712508
0.3852,5225,Real,Index_FingerTip,-17.654760,1.048987,20.941870,0.509593,0.435308,0.207739,-0.712508
0.3852,5225,Real,Middle_MCP,-17.702750,1.006090,20.861950,0.570055,0.404629,0.163554,-0.696106
0.3852,5225,Real,Middle_PIP,-17.670060,1.018426,20.901540,0.487355,0.501171,0.286908,-0.654979
0.3852,5225,Real,Middle_DIP,-17.660830,1.021549,20.927500,0.399057,0.573969,0.389926,-0.599392
0.3852,5225,Real,Middle_FingerTip,-17.659780,1.021284,20.955770,0.399057,0.573969,0.389926,-0.599392
0.3852,5225,Real,Ring_MCP,-17.697810,0.982027,20.861060,0.588727,0.407252,0.166389,-0.678131
0.3852,5225,Real,Ring_PIP,-17.669280,0.993841,20.895880,0.505613,0.506763,0.285978,-0.636996
0.3852,5225,Real,Ring_DIP,-17.660780,0.997743,20.920500,0.416540,0.582193,0.385692,-0.582055
0.3852,5225,Real,Ring_FingerTip,-17.660140,0.998672,20.946280,0.416540,0.582193,0.385692,-0.582055
0.3852,5225,Real,Pinky_MCP,-17.698580,0.959717,20.859620,0.600643,0.409282,0.168748,-0.665764
0.3852,5225,Real,Pinky_PIP,-17.674630,0.970228,20.889050,0.516967,0.510909,0.286068,-0.624406
0.3852,5225,Real,Pinky_DIP,-17.668870,0.973365,20.906180,0.427069,0.588128,0.383735,-0.569618
0.3852,5225,Real,Pinky_FingerTip,-17.668610,0.974614,20.925300,0.427069,0.588128,0.383735,-0.569618
0.3852,5225,Virtual,Wrist,-17.778500,0.994394,20.818830,0.641142,0.274218,0.019391,-0.716496
0.3852,5225,Virtual,Thumb_CMC,-17.761130,1.033553,20.838950,-0.046501,0.500870,-0.328468,-0.799422
0.3852,5225,Virtual,Thumb_MCP,-17.748720,1.054568,20.875470,-0.111741,0.490456,-0.220868,-0.835575
0.3852,5225,Virtual,Thumb_IP,-17.728070,1.067291,20.918070,-0.223580,0.450605,-0.018876,-0.864067
0.3852,5225,Virtual,Thumb_FingerTip,-17.711160,1.062479,20.940500,-0.223580,0.450605,-0.018876,-0.864067
0.3852,5225,Virtual,Index_MCP,-17.699220,1.059187,20.870200,0.542779,0.390036,0.154583,-0.727576
0.3852,5225,Virtual,Index_PIP,-17.668870,1.068481,20.904640,0.526211,0.412115,0.184493,-0.720573
0.3852,5225,Virtual,Index_DIP,-17.653500,1.072837,20.925090,0.510533,0.431385,0.211143,-0.713219
0.3852,5225,Virtual,Index_FingerTip,-17.639010,1.076584,20.947440,0.510533,0.431385,0.211143,-0.713219
0.3852,5225,Virtual,Middle_MCP,-17.687660,1.034457,20.867510,0.570814,0.400537,0.166727,-0.697097
0.3852,5225,Virtual,Middle_PIP,-17.654730,1.046329,20.907050,0.488843,0.497284,0.290208,-0.655379
0.3852,5225,Virtual,Middle_DIP,-17.645390,1.049262,20.932980,0.401159,0.570377,0.393247,-0.599249
0.3852,5225,Virtual,Middle_FingerTip,-17.644250,1.048874,20.961250,0.401159,0.570377,0.393247,-0.599249
0.3852,5225,Virtual,Ring_MCP,-17.682940,1.010354,20.866500,0.589538,0.403095,0.169454,-0.679150
0.3852,5225,Virtual,Ring_PIP,-17.654200,1.021760,20.901280,0.507161,0.502821,0.289176,-0.637446
0.3852,5225,Virtual,Ring_DIP,-17.645580,1.025484,20.925890,0.418707,0.578554,0.388921,-0.581980
0.3852,5225,Virtual,Ring_FingerTip,-17.644860,1.026304,20.951670,0.418707,0.578554,0.388921,-0.581980
0.3852,5225,Virtual,Pinky_MCP,-17.683930,0.988057,20.864970,0.601492,0.405083,0.171740,-0.666799
0.3852,5225,Virtual,Pinky_PIP,-17.659800,0.998226,20.894370,0.518559,0.506933,0.289197,-0.624885
0.3852,5225,Virtual,Pinky_DIP,-17.653950,1.001240,20.911500,0.429286,0.584464,0.386901,-0.569582
0.3852,5225,Virtual,Pinky_FingerTip,-17.653620,1.002410,20.930620,0.429286,0.584464,0.386901,-0.569582
0.3852,5225,Render,Wrist,-17.778500,0.994394,20.818830,0.641142,0.274218,0.019391,-0.716496
0.3852,5225,Render,Thumb_CMC,-17.761130,1.033553,20.838950,-0.013447,0.514151,-0.306623,-0.800906
0.3852,5225,Render,Thumb_MCP,-17.748690,1.054513,20.875480,-0.068159,0.509791,-0.219530,-0.829020
0.3852,5225,Render,Thumb_IP,-17.729870,1.068952,20.918400,-0.172901,0.484394,-0.041946,-0.856568
0.3852,5225,Render,Thumb_FingerTip,-17.714850,1.066226,20.942460,-0.172901,0.484394,-0.041946,-0.856568
0.3852,5225,Render,Index_MCP,-17.699220,1.059187,20.870200,0.588404,0.317046,0.059795,-0.741409
0.3852,5225,Render,Index_PIP,-17.662140,1.072507,20.895510,0.553538,0.374610,0.134050,-0.731638
0.3852,5225,Render,Index_DIP,-17.644400,1.078180,20.913590,0.517350,0.423186,0.199738,-0.716497
0.3852,5225,Render,Index_FingerTip,-17.629280,1.082259,20.935460,0.517350,0.423186,0.199738,-0.716497
0.3852,5225,Render,Middle_MCP,-17.687660,1.034457,20.867510,0.604752,0.347180,0.102891,-0.709334
0.3852,5225,Render,Middle_PIP,-17.648700,1.048923,20.900090,0.538570,0.442945,0.219458,-0.682334
0.3852,5225,Render,Middle_DIP,-17.634530,1.053847,20.923400,0.466113,0.518649,0.319229,-0.641744
0.3852,5225,Render,Middle_FingerTip,-17.627220,1.055935,20.950660,0.466113,0.518649,0.319229,-0.641744
0.3852,5225,Render,Ring_MCP,-17.682940,1.010354,20.866500,0.630029,0.336310,0.094281,-0.693593
0.3852,5225,Render,Ring_PIP,-17.647760,1.023988,20.893740,0.577447,0.420232,0.189323,-0.673882
0.3852,5225,Render,Ring_DIP,-17.632610,1.030051,20.914420,0.520597,0.488896,0.271799,-0.645046
0.3852,5225,Render,Ring_FingerTip,-17.622960,1.034138,20.937990,0.520597,0.488896,0.271799,-0.645046
0.3852,5225,Render,Pinky_MCP,-17.683930,0.988057,20.864970,0.640278,0.340482,0.101622,-0.681020
0.3852,5225,Render,Pinky_PIP,-17.654490,0.999774,20.888360,0.583683,0.430347,0.199999,-0.658875
0.3852,5225,Render,Pinky_DIP,-17.644410,1.004155,20.903040,0.522005,0.503384,0.284929,-0.626843
0.3852,5225,Render,Pinky_FingerTip,-17.638070,1.007380,20.920830,0.522005,0.503384,0.284929,-0.626843
0.3998,5226,Real,Wrist,-17.796210,0.965224,20.811640,0.641597,0.281820,0.013869,-0.713259
0.3998,5226,Real,Thumb_CMC,-17.779630,1.004840,20.831540,-0.047129,0.500900,-0.336131,-0.796175
0.3998,5226,Real,Thumb_MCP,-17.767680,1.026269,20.867960,-0.112197,0.490442,-0.229180,-0.833280
0.3998,5226,Real,Thumb_IP,-17.747390,1.039600,20.910550,-0.223739,0.450625,-0.028035,-0.863767
0.3998,5226,Real,Thumb_FingerTip,-17.730500,1.035233,20.933100,-0.223739,0.450625,-0.028035,-0.863767
0.3998,5226,Real,Index_MCP,-17.718350,1.031792,20.862910,0.541296,0.398194,0.149327,-0.725357
0.3998,5226,Real,Index_PIP,-17.688460,1.041835,20.897530,0.524692,0.419831,0.178638,-0.718700
0.3998,5226,Real,Index_DIP,-17.673310,1.046605,20.918060,0.509009,0.438713,0.204767,-0.711696
0.3998,5226,Real,Index_FingerTip,-17.659020,1.050779,20.940470,0.509009,0.438713,0.204767,-0.711696
0.3998,5226,Real,Middle_MCP,-17.706350,1.007246,20.860490,0.569201,0.408754,0.161491,-0.694875
0.3998,5226,Real,Middle_PIP,-17.673940,1.019966,20.900190,0.485783,0.505059,0.284637,-0.654150
0.3998,5226,Real,Middle_DIP,-17.664860,1.023246,20.926170,0.396888,0.577538,0.387534,-0.598956
0.3998,5226,Real,Middle_FingerTip,-17.663930,1.023082,20.954460,0.396888,0.577538,0.387534,-0.598956
0.3998,5226,Real,Ring_MCP,-17.701210,0.983220,20.859700,0.587752,0.411552,0.164503,-0.676840
0.3998,5226,Real,Ring_PIP,-17.672960,0.995370,20.894630,0.503837,0.510858,0.283940,-0.636043
0.3998,5226,Real,Ring_DIP,-17.664610,0.999416,20.919290,0.414080,0.585974,0.383568,-0.581419
0.3998,5226,Real,Ring_FingerTip,-17.664120,1.000429,20.945060,0.414080,0.585974,0.383568,-0.581419
0.3998,5226,Real,Pinky_MCP,-17.701800,0.960898,20.858350,0.599628,0.413635,0.166904,-0.664452
0.3998,5226,Real,Pinky_PIP,-17.678100,0.971696,20.887880,0.515142,0.515049,0.284067,-0.623425
0.3998,5226,Real,Pinky_DIP,-17.672450,0.974933,20.905030,0.424553,0.591948,0.381642,-0.568948
0.3998,5226,Real,Pinky_FingerTip,-17.672290,0.976243,20.924140,0.424553,0.591948,0.381642,-0.568948
0.3998,5226,Virtual,Wrist,-17.782350,0.993431,20.817010,0.641243,0.278378,0.016491,-0.714871
0.3998,5226,Virtual,Thumb_CMC,-17.765420,1.032830,20.837040,-0.047209,0.500804,-0.331881,-0.798011
0.3998,5226,Virtual,Thumb_MCP,-17.753210,1.054013,20.873510,-0.112264,0.490337,-0.224726,-0.834545
0.3998,5226,Virtual,Thumb_IP,-17.732700,1.067006,20.916110,-0.223779,0.450507,-0.023409,-0.863955
0.3998,5226,Virtual,Thumb_FingerTip,-17.715810,1.062413,20.938600,-0.223779,0.450507,-0.023409,-0.863955
0.3998,5226,Virtual,Index_MCP,-17.703850,1.059167,20.868370,0.541544,0.394852,0.152359,-0.726367
0.3998,5226,Virtual,Index_PIP,-17.673800,1.068829,20.902960,0.525076,0.416501,0.181708,-0.719586
0.3998,5226,Virtual,Index_DIP,-17.658560,1.073394,20.923470,0.509514,0.435400,0.207868,-0.712470
0.3998,5226,Virtual,Index_FingerTip,-17.644180,1.077361,20.945860,0.509514,0.435400,0.207868,-0.712470
0.3998,5226,Virtual,Middle_MCP,-17.692050,1.034537,20.865810,0.569569,0.405313,0.164390,-0.695909
0.3998,5226,Virtual,Middle_PIP,-17.659450,1.046836,20.905490,0.486768,0.501741,0.287675,-0.654642
0.3998,5226,Virtual,Middle_DIP,-17.650270,1.049935,20.931460,0.398401,0.574425,0.390612,-0.598946
0.3998,5226,Virtual,Middle_FingerTip,-17.649280,1.049646,20.959740,0.398401,0.574425,0.390612,-0.598946
0.3998,5226,Virtual,Ring_MCP,-17.687100,1.010475,20.864910,0.588172,0.408054,0.167314,-0.677903
0.3998,5226,Virtual,Ring_PIP,-17.658670,1.022256,20.899820,0.504881,0.507493,0.286897,-0.636582
0.3998,5226,Virtual,Ring_DIP,-17.650230,1.026133,20.924470,0.415658,0.582823,0.386574,-0.581470
0.3998,5226,Virtual,Ring_FingerTip,-17.649670,1.027035,20.950250,0.415658,0.582823,0.386574,-0.581470
0.3998,5226,Virtual,Pinky_MCP,-17.687880,0.988164,20.863470,0.600084,0.410100,0.169656,-0.665533
0.3998,5226,Virtual,Pinky_PIP,-17.664010,0.998651,20.892980,0.516229,0.511655,0.286968,-0.623992
0.3998,5226,Virtual,Pinky_DIP,-17.658290,1.001772,20.910130,0.426178,0.588775,0.384597,-0.569036
0.3998,5226,Virtual,Pinky_FingerTip,-17.658080,1.003001,20.929250,0.426178,0.588775,0.384597,-0.569036
0.3998,5226,Render,Wrist,-17.782350,0.993431,20.817010,0.641243,0.278378,0.016491,-0.714871
0.3998,5226,Render,Thumb_CMC,-17.765420,1.032830,20.837040,-0.013782,0.514724,-0.311416,-0.798680
0.3998,5226,Render,Thumb_MCP,-17.753290,1.054050,20.873520,-0.068554,0.510325,-0.224533,-0.827318
0.3998,5226,Render,Thumb_IP,-17.734740,1.068836,20.916430,-0.173398,0.484834,-0.047194,-0.855945
0.3998,5226,Render,Thumb_FingerTip,-17.719770,1.066346,20.940550,-0.173398,0.484834,-0.047194,-0.855945
0.3998,5226,Render,Index_MCP,-17.703850,1.059167,20.868370,0.588291,0.321078,0.056610,-0.740012
0.3998,5226,Render,Index_PIP,-17.666980,1.072934,20.893740,0.553021,0.378610,0.130741,-0.730568
0.3998,5226,Render,Index_DIP,-17.649350,1.078845,20.911850,0.516473,0.427123,0.196346,-0.715731
0.3998,5226,Render,Index_FingerTip,-17.634340,1.083153,20.933750,0.516473,0.427123,0.196346,-0.715731
0.3998,5226,Render,Middle_MCP,-17.692050,1.034537,20.865810,0.604366,0.351324,0.099822,-0.708060
0.3998,5226,Render,Middle_PIP,-17.653330,1.049497,20.898450,0.537501,0.446967,0.216219,-0.681588
0.3998,5226,Render,Middle_DIP,-17.639280,1.054645,20.921790,0.464453,0.522466,0.315915,-0.641491
0.3998,5226,Render,Middle_FingerTip,-17.632080,1.056910,20.949060,0.464453,0.522466,0.315915,-0.641491
0.3998,5226,Render,Ring_MCP,-17.687100,1.010475,20.864910,0.629676,0.340531,0.091347,-0.692245
0.3998,5226,Render,Ring_PIP,-17.652140,1.024546,20.892210,0.576515,0.424364,0.186231,-0.672952
0.3998,5226,Render,Ring_DIP,-17.637110,1.030833,20.912910,0.519157,0.492879,0.268615,-0.644510
0.3998,5226,Render,Ring_FingerTip,-17.627570,1.035103,20.936500,0.519157,0.492879,0.268615,-0.644510
0.3998,5226,Render,Pinky_MCP,-17.687880,0.988164,20.863470,0.639870,0.344746,0.098754,-0.679680
0.3998,5226,Render,Pinky_PIP,-17.658630,1.000249,20.886900,0.582656,0.434505,0.196966,-0.657968
0.3998,5226,Render,Pinky_DIP,-17.648630,1.004783,20.901600,0.520440,0.507372,0.281803,-0.626342
0.3998,5226,Render,Pinky_FingerTip,-17.642380,1.008137,20.919400,0.520440,0.507372,0.281803,-0.626342
0.4133,5227,Real,Wrist,-17.799280,0.965795,20.810070,0.641700,0.285014,0.011136,-0.711944
0.4133,5227,Real,Thumb_CMC,-17.783060,1.005608,20.829870,-0.048587,0.501330,-0.339135,-0.794541
0.4133,5227,Real,Thumb_MCP,-17.771320,1.027133,20.866290,-0.113555,0.490712,-0.232615,-0.831984
0.4133,5227,Real,Thumb_IP,-17.751210,1.040647,20.908920,-0.224884,0.450689,-0.032134,-0.863293
0.4133,5227,Real,Thumb_FingerTip,-17.734340,1.036451,20.931510,-0.224884,0.450689,-0.032134,-0.863293
0.4133,5227,Real,Index_MCP,-17.722050,1.033153,20.861250,0.540312,0.401947,0.147206,-0.724454
0.4133,5227,Real,Index_PIP,-17.692380,1.043505,20.895980,0.523858,0.423167,0.175971,-0.718009
0.4133,5227,Real,Index_DIP,-17.677330,1.048454,20.916530,0.508337,0.441692,0.201620,-0.711233
0.4133,5227,Real,Index_FingerTip,-17.663110,1.052819,20.938940,0.508337,0.441692,0.201620,-0.711233
0.4133,5227,Real,Middle_MCP,-17.709840,1.008694,20.858930,0.568175,0.412540,0.159326,-0.693977
0.4133,5227,Real,Middle_PIP,-17.677690,1.021771,20.898730,0.484088,0.508597,0.282346,-0.653658
0.4133,5227,Real,Middle_DIP,-17.668740,1.025189,20.924740,0.394637,0.580753,0.385194,-0.598844
0.4133,5227,Real,Middle_FingerTip,-17.667920,1.025105,20.953030,0.394637,0.580753,0.385194,-0.598844
0.4133,5227,Real,Ring_MCP,-17.704520,0.984707,20.858240,0.586676,0.415423,0.162403,-0.675915
0.4133,5227,Real,Ring_PIP,-17.676500,0.997174,20.893250,0.502076,0.514476,0.281713,-0.635510
0.4133,5227,Real,Ring_DIP,-17.668290,1.001351,20.917920,0.411749,0.589261,0.381290,-0.581252
0.4133,5227,Real,Ring_FingerTip,-17.667900,1.002434,20.943700,0.411749,0.589261,0.381290,-0.581252
0.4133,5227,Real,Pinky_MCP,-17.704930,0.962376,20.856970,0.598518,0.417559,0.164846,-0.663511
0.4133,5227,Real,Pinky_PIP,-17.681430,0.973443,20.886550,0.513338,0.518714,0.281878,-0.622869
0.4133,5227,Real,Pinky_DIP,-17.675870,0.976771,20.903720,0.422172,0.595273,0.379397,-0.568752
0.4133,5227,Real,Pinky_FingerTip,-17.675810,0.978132,20.922830,0.422172,0.595273,0.379397,-0.568752
0.4133,5227,Virtual,Wrist,-17.786170,0.991945,20.815320,0.641597,0.281821,0.013869,-0.713259
0.4133,5227,Virtual,Thumb_CMC,-17.769600,1.031560,20.835220,-0.048285,0.501395,-0.335080,-0.796237
0.4133,5227,Virtual,Thumb_MCP,-17.757630,1.052865,20.871700,-0.113264,0.490815,-0.228374,-0.833137
0.4133,5227,Virtual,Thumb_IP,-17.737340,1.066071,20.914340,-0.224624,0.450857,-0.027741,-0.863425
0.4133,5227,Virtual,Thumb_FingerTip,-17.720470,1.061664,20.936880,-0.224624,0.450857,-0.027741,-0.863425
0.4133,5227,Virtual,Index_MCP,-17.708320,1.058513,20.866590,0.540772,0.398905,0.150280,-0.725160
0.4133,5227,Virtual,Index_PIP,-17.678510,1.068510,20.901290,0.524439,0.420147,0.179070,-0.718592
0.4133,5227,Virtual,Index_DIP,-17.663380,1.073268,20.921840,0.509026,0.438694,0.204739,-0.711704
0.4133,5227,Virtual,Index_FingerTip,-17.649090,1.077443,20.944250,0.509026,0.438694,0.204739,-0.711704
0.4133,5227,Virtual,Middle_MCP,-17.696320,1.033966,20.864160,0.568740,0.409395,0.162273,-0.694693
0.4133,5227,Virtual,Middle_PIP,-17.663990,1.046651,20.903950,0.485214,0.505606,0.285374,-0.653829
0.4133,5227,Virtual,Middle_DIP,-17.654960,1.049908,20.929950,0.396236,0.577985,0.388209,-0.598518
0.4133,5227,Virtual,Middle_FingerTip,-17.654100,1.049719,20.958240,0.396236,0.577985,0.388209,-0.598518
0.4133,5227,Virtual,Ring_MCP,-17.691180,1.009941,20.863380,0.587287,0.412216,0.165267,-0.676653
0.4133,5227,Virtual,Ring_PIP,-17.663000,1.022064,20.898370,0.503255,0.511431,0.284663,-0.635720
0.4133,5227,Virtual,Ring_DIP,-17.654710,1.026090,20.923050,0.413408,0.586448,0.384235,-0.580979
0.4133,5227,Virtual,Ring_FingerTip,-17.654270,1.027081,20.948830,0.413408,0.586448,0.384235,-0.580979
0.4133,5227,Virtual,Pinky_MCP,-17.691770,0.987619,20.862030,0.599160,0.414312,0.167654,-0.664263
0.4133,5227,Virtual,Pinky_PIP,-17.668130,0.998397,20.891610,0.514556,0.515636,0.284776,-0.623102
0.4133,5227,Virtual,Pinky_DIP,-17.662520,1.001621,20.908780,0.423874,0.592434,0.382294,-0.568510
0.4133,5227,Virtual,Pinky_FingerTip,-17.662410,1.002915,20.927890,0.423874,0.592434,0.382294,-0.568510
0.4133,5227,Render,Wrist,-17.786170,0.991945,20.815320,0.641597,0.281821,0.013869,-0.713259
0.4133,5227,Render,Thumb_CMC,-17.769600,1.031560,20.835220,-0.013778,0.514370,-0.315802,-0.797185
0.4133,5227,Render,Thumb_MCP,-17.757680,1.053047,20.871610,-0.068512,0.509973,-0.229054,-0.826298
0.4133,5227,Render,Thumb_IP,-17.739300,1.068180,20.914470,-0.173284,0.484499,-0.051828,-0.855890
0.4133,5227,Render,Thumb_FingerTip,-17.724330,1.065923,20.938620,-0.173284,0.484499,-0.051828,-0.855890
0.4133,5227,Render,Index_MCP,-17.708320,1.058513,20.866590,0.588480,0.324424,0.053735,-0.738616
0.4133,5227,Render,Index_PIP,-17.671620,1.072676,20.891990,0.552872,0.381958,0.127740,-0.729468
0.4133,5227,Render,Index_DIP,-17.654080,1.078802,20.910130,0.516021,0.430444,0.193257,-0.714907
0.4133,5227,Render,Index_FingerTip,-17.639160,1.083318,20.932040,0.516021,0.430444,0.193257,-0.714907
0.4133,5227,Render,Middle_MCP,-17.696320,1.033966,20.864160,0.604316,0.354784,0.097029,-0.706765
0.4133,5227,Render,Middle_PIP,-17.657800,1.049367,20.896840,0.536876,0.450371,0.213250,-0.680775
0.4133,5227,Render,Middle_DIP,-17.643840,1.054724,20.920180,0.463325,0.525737,0.312857,-0.641133
0.4133,5227,Render,Middle_FingerTip,-17.636730,1.057158,20.947470,0.463325,0.525737,0.312857,-0.641133
0.4133,5227,Render,Ring_MCP,-17.691180,1.009941,20.863380,0.629646,0.344055,0.088670,-0.690877
0.4133,5227,Render,Ring_PIP,-17.656400,1.024401,20.890700,0.575997,0.427849,0.183391,-0.671968
0.4133,5227,Render,Ring_DIP,-17.641470,1.030893,20.911410,0.518209,0.496273,0.265675,-0.643887
0.4133,5227,Render,Ring_FingerTip,-17.632020,1.035336,20.935010,0.518209,0.496273,0.265675,-0.643887
0.4133,5227,Render,Pinky_MCP,-17.691770,0.987619,20.862030,0.639787,0.348310,0.096131,-0.678315
0.4133,5227,Render,Pinky_PIP,-17.662680,1.000031,20.885480,0.582054,0.438019,0.194172,-0.657001
0.4133,5227,Render,Pinky_DIP,-17.652760,1.004705,20.900180,0.519381,0.510775,0.278905,-0.625751
0.4133,5227,Render,Pinky_FingerTip,-17.646570,1.008183,20.917980,0.519381,0.510775,0.278905,-0.625751
0.4275,5228,Real,Wrist,-17.802260,0.966391,20.808440,0.641444,0.287266,0.008627,-0.711304
0.4275,5228,Real,Thumb_CMC,-17.786300,1.006349,20.828170,-0.050126,0.501003,-0.341169,-0.793781
0.4275,5228,Real,Thumb_MCP,-17.774650,1.027927,20.864590,-0.114920,0.490214,-0.234931,-0.831440
0.4275,5228,Real,Thumb_IP,-17.754600,1.041557,20.907210,-0.225901,0.449983,-0.034885,-0.863289
0.4275,5228,Real,Thumb_FingerTip,-17.737710,1.037479,20.929800,-0.225901,0.449983,-0.034885,-0.863289
0.4275,5228,Real,Index_MCP,-17.725480,1.034356,20.859520,0.539216,0.404588,0.145317,-0.724181
0.4275,5228,Real,Index_PIP,-17.695960,1.044932,20.894300,0.522961,0.425391,0.173560,-0.717936
0.4275,5228,Real,Index_DIP,-17.680970,1.050012,20.914860,0.507645,0.443557,0.198753,-0.711373
0.4275,5228,Real,Index_FingerTip,-17.666780,1.054520,20.937270,0.507645,0.443557,0.198753,-0.711373
0.4275,5228,Real,Middle_MCP,-17.713120,1.009974,20.857250,0.567085,0.415195,0.157357,-0.693734
0.4275,5228,Real,Middle_PIP,-17.681140,1.023311,20.897100,0.482569,0.510979,0.280323,-0.653794
0.4275,5228,Real,Middle_DIP,-17.672250,1.026821,20.923110,0.392783,0.582833,0.383186,-0.599330
0.4275,5228,Real,Middle_FingerTip,-17.671490,1.026780,20.951400,0.392783,0.582833,0.383186,-0.599330
0.4275,5228,Real,Ring_MCP,-17.707640,0.986021,20.856610,0.585556,0.418156,0.160478,-0.675661
0.4275,5228,Real,Ring_PIP,-17.679770,0.998718,20.891650,0.500511,0.516932,0.279737,-0.635624
0.4275,5228,Real,Ring_DIP,-17.671630,1.002982,20.916340,0.409837,0.591408,0.379328,-0.581705
0.4275,5228,Real,Ring_FingerTip,-17.671300,1.004103,20.942110,0.409837,0.591408,0.379328,-0.581705
0.4275,5228,Real,Pinky_MCP,-17.707900,0.963686,20.855380,0.597376,0.420342,0.162951,-0.663251
0.4275,5228,Real,Pinky_PIP,-17.684530,0.974948,20.884990,0.511743,0.521214,0.279931,-0.622972
0.4275,5228,Real,Pinky_DIP,-17.679030,0.978336,20.902160,0.420223,0.597459,0.377463,-0.569190
0.4275,5228,Real,Pinky_FingerTip,-17.679010,0.979724,20.921270,0.420223,0.597459,0.377463,-0.569190
0.4275,5228,Virtual,Wrist,-17.790110,0.990335,20.813570,0.641700,0.285014,0.011136,-0.711944
0.4275,5228,Virtual,Thumb_CMC,-17.773890,1.030148,20.833370,-0.049304,0.501354,-0.338055,-0.794942
0.4275,5228,Virtual,Thumb_MCP,-17.762090,1.051578,20.869830,-0.114151,0.490669,-0.231692,-0.832186
0.4275,5228,Virtual,Thumb_IP,-17.741930,1.064993,20.912470,-0.225259,0.450605,-0.031562,-0.863260
0.4275,5228,Virtual,Thumb_FingerTip,-17.725060,1.060760,20.935040,-0.225259,0.450605,-0.031562,-0.863260
0.4275,5228,Virtual,Index_MCP,-17.712880,1.057693,20.864750,0.539871,0.402538,0.147999,-0.724292
0.4275,5228,Virtual,Index_PIP,-17.683280,1.068007,20.899540,0.523696,0.423368,0.176245,-0.717942
0.4275,5228,Virtual,Index_DIP,-17.668240,1.072948,20.920110,0.508451,0.441560,0.201437,-0.711285
0.4275,5228,Virtual,Index_FingerTip,-17.654010,1.077318,20.942520,0.508451,0.441560,0.201437,-0.711285
0.4275,5228,Virtual,Middle_MCP,-17.700680,1.033234,20.862430,0.567807,0.413046,0.159944,-0.693835
0.4275,5228,Virtual,Middle_PIP,-17.668590,1.046283,20.902290,0.483667,0.508997,0.282886,-0.653425
0.4275,5228,Virtual,Middle_DIP,-17.659670,1.049683,20.928320,0.394190,0.581056,0.385654,-0.598548
0.4275,5228,Virtual,Middle_FingerTip,-17.658900,1.049582,20.956600,0.394190,0.581056,0.385654,-0.598548
0.4275,5228,Virtual,Ring_MCP,-17.695350,1.009247,20.861740,0.586305,0.415946,0.163005,-0.675770
0.4275,5228,Virtual,Ring_PIP,-17.667390,1.021692,20.896800,0.501647,0.514894,0.282242,-0.635275
0.4275,5228,Virtual,Ring_DIP,-17.659210,1.025854,20.921490,0.411289,0.589582,0.381743,-0.580954
0.4275,5228,Virtual,Ring_FingerTip,-17.658870,1.026923,20.947270,0.411289,0.589582,0.381743,-0.580954
0.4275,5228,Virtual,Pinky_MCP,-17.695760,0.986916,20.860470,0.598145,0.418093,0.165437,-0.663364
0.4275,5228,Virtual,Pinky_PIP,-17.672310,0.997967,20.890100,0.512905,0.519141,0.282397,-0.622634
0.4275,5228,Virtual,Pinky_DIP,-17.666780,1.001285,20.907270,0.421707,0.595603,0.379841,-0.568456
0.4275,5228,Virtual,Pinky_FingerTip,-17.666740,1.002636,20.926390,0.421707,0.595603,0.379841,-0.568456
0.4275,5228,Render,Wrist,-17.790110,0.990335,20.813570,0.641700,0.285014,0.011136,-0.711944
0.4275,5228,Render,Thumb_CMC,-17.773890,1.030148,20.833370,-0.014155,0.515100,-0.319706,-0.795147
0.4275,5228,Render,Thumb_MCP,-17.762250,1.051833,20.869730,-0.068965,0.510659,-0.233153,-0.824689
0.4275,5228,Render,Thumb_IP,-17.744130,1.067235,20.912610,-0.173870,0.485075,-0.056172,-0.855170
0.4275,5228,Render,Thumb_FingerTip,-17.729220,1.065166,20.936810,-0.173870,0.485075,-0.056172,-0.855170
0.4275,5228,Render,Index_MCP,-17.712880,1.057693,20.864750,0.588423,0.327499,0.050780,-0.737512
0.4275,5228,Render,Index_PIP,-17.676340,1.072234,20.890170,0.552506,0.385012,0.124688,-0.728667
0.4275,5228,Render,Index_DIP,-17.658890,1.078560,20.908320,0.515380,0.433452,0.190146,-0.714386
0.4275,5228,Render,Index_FingerTip,-17.644040,1.083271,20.930250,0.515380,0.433452,0.190146,-0.714386
0.4275,5228,Render,Middle_MCP,-17.700680,1.033234,20.862430,0.604045,0.357968,0.094161,-0.705778
0.4275,5228,Render,Middle_PIP,-17.662340,1.049052,20.895130,0.536079,0.453465,0.210258,-0.680280
0.4275,5228,Render,Middle_DIP,-17.648470,1.054599,20.918480,0.462074,0.528677,0.309824,-0.641091
0.4275,5228,Render,Middle_FingerTip,-17.641420,1.057183,20.945760,0.462074,0.528677,0.309824,-0.641091
0.4275,5228,Render,Ring_MCP,-17.695350,1.009247,20.861740,0.629397,0.347310,0.085906,-0.689823
0.4275,5228,Render,Ring_PIP,-17.660730,1.024076,20.889080,0.575301,0.431039,0.180507,-0.671307
0.4275,5228,Render,Ring_DIP,-17.645890,1.030757,20.909790,0.517121,0.499351,0.262731,-0.643590
0.4275,5228,Render,Ring_FingerTip,-17.636520,1.035357,20.933390,0.517121,0.499351,0.262731,-0.643590
0.4275,5228,Render,Pinky_MCP,-17.695760,0.986916,20.860470,0.639494,0.351607,0.093418,-0.677270
0.4275,5228,Render,Pinky_PIP,-17.666810,0.999640,20.883920,0.581282,0.441237,0.191335,-0.656363
0.4275,5228,Render,Pinky_DIP,-17.656960,1.004443,20.898630,0.518192,0.513865,0.276009,-0.625492
0.4275,5228,Render,Pinky_FingerTip,-17.650830,1.008031,20.916430,0.518192,0.513865,0.276009,-0.625492
0.4416,5229,Real,Wrist,-17.805140,0.967091,20.806800,0.640836,0.289466,0.005226,-0.710994
0.4416,5229,Real,Thumb_CMC,-17.789480,1.007206,20.826450,-0.051704,0.500123,-0.344699,-0.792709
0.4416,5229,Real,Thumb_MCP,-17.777970,1.028932,20.862830,-0.116370,0.489136,-0.238570,-0.830836
0.4416,5229,Real,Thumb_IP,-17.757980,1.042787,20.905410,-0.227060,0.448598,-0.038564,-0.863549
0.4416,5229,Real,Thumb_FingerTip,-17.741040,1.038880,20.927990,-0.227060,0.448598,-0.038564,-0.863549
0.4416,5229,Real,Index_MCP,-17.728860,1.035747,20.857700,0.538220,0.406475,0.141827,-0.724557
0.4416,5229,Real,Index_PIP,-17.699390,1.046612,20.892430,0.521892,0.427238,0.170088,-0.718448
0.4416,5229,Real,Index_DIP,-17.684410,1.051844,20.912970,0.506511,0.445364,0.195301,-0.712008
0.4416,5229,Real,Index_FingerTip,-17.670230,1.056499,20.935360,0.506511,0.445364,0.195301,-0.712008
0.4416,5229,Real,Middle_MCP,-17.716300,1.011461,20.855460,0.566030,0.417218,0.153966,-0.694143
0.4416,5229,Real,Middle_PIP,-17.684390,1.025115,20.895240,0.481164,0.512778,0.277063,-0.654810
0.4416,5229,Real,Middle_DIP,-17.675500,1.028735,20.921250,0.391104,0.584379,0.380135,-0.600864
0.4416,5229,Real,Middle_FingerTip,-17.674710,1.028743,20.949540,0.391104,0.584379,0.380135,-0.600864
0.4416,5229,Real,Ring_MCP,-17.710630,0.987552,20.854840,0.584476,0.420265,0.157147,-0.676070
0.4416,5229,Real,Ring_PIP,-17.682830,1.000525,20.889840,0.499069,0.518812,0.276535,-0.636627
0.4416,5229,Real,Ring_DIP,-17.674700,1.004892,20.914510,0.408108,0.593029,0.376332,-0.583215
0.4416,5229,Real,Ring_FingerTip,-17.674350,1.006055,20.940280,0.408108,0.593029,0.376332,-0.583215
0.4416,5229,Real,Pinky_MCP,-17.710710,0.965213,20.853650,0.596279,0.422507,0.159663,-0.663662
0.4416,5229,Real,Pinky_PIP,-17.687410,0.976708,20.883220,0.510274,0.523146,0.276771,-0.623969
0.4416,5229,Real,Pinky_DIP,-17.681910,0.980166,20.900380,0.418460,0.599126,0.374507,-0.570688
0.4416,5229,Real,Pinky_FingerTip,-17.681880,0.981583,20.919490,0.418460,0.599126,0.374507,-0.570688
0.4416,5229,Virtual,Wrist,-17.794040,0.988630,20.811850,0.641444,0.287266,0.008627,-0.711304
0.4416,5229,Virtual,Thumb_CMC,-17.778080,1.028588,20.831580,-0.050126,0.501003,-0.341169,-0.793781
0.4416,5229,Virtual,Thumb_MCP,-17.766440,1.050166,20.868010,-0.114920,0.490214,-0.234931,-0.831440
0.4416,5229,Virtual,Thumb_IP,-17.746390,1.063796,20.910620,-0.225901,0.449983,-0.034885,-0.863289
0.4416,5229,Virtual,Thumb_FingerTip,-17.729500,1.059719,20.933210,-0.225901,0.449983,-0.034885,-0.863289
0.4416,5229,Virtual,Index_MCP,-17.717270,1.056596,20.862930,0.539216,0.404588,0.145317,-0.724181
0.4416,5229,Virtual,Index_PIP,-17.687750,1.067172,20.897710,0.522961,0.425391,0.173560,-0.717936
0.4416,5229,Virtual,Index_DIP,-17.672750,1.072252,20.918280,0.507645,0.443557,0.198753,-0.711373
0.4416,5229,Virtual,Index_FingerTip,-17.658560,1.076759,20.940680,0.507645,0.443557,0.198753,-0.711373
0.4416,5229,Virtual,Middle_MCP,-17.704910,1.032213,20.860660,0.567085,0.415195,0.157357,-0.693734
0.4416,5229,Virtual,Middle_PIP,-17.672920,1.045550,20.900510,0.482569,0.510979,0.280323,-0.653794
0.4416,5229,Virtual,Middle_DIP,-17.664040,1.049060,20.926530,0.392783,0.582833,0.383186,-0.599330
0.4416,5229,Virtual,Middle_FingerTip,-17.663270,1.049019,20.954810,0.392783,0.582833,0.383186,-0.599330
0.4416,5229,Virtual,Ring_MCP,-17.699420,1.008260,20.860020,0.585556,0.418156,0.160478,-0.675661
0.4416,5229,Virtual,Ring_PIP,-17.671560,1.020958,20.895060,0.500511,0.516932,0.279737,-0.635624
0.4416,5229,Virtual,Ring_DIP,-17.663420,1.025221,20.919750,0.409837,0.591408,0.379328,-0.581705
0.4416,5229,Virtual,Ring_FingerTip,-17.663090,1.026342,20.945520,0.409837,0.591408,0.379328,-0.581705
0.4416,5229,Virtual,Pinky_MCP,-17.699690,0.985925,20.858790,0.597376,0.420342,0.162951,-0.663251
0.4416,5229,Virtual,Pinky_PIP,-17.676320,0.997188,20.888410,0.511743,0.521214,0.279931,-0.622972
0.4416,5229,Virtual,Pinky_DIP,-17.670810,1.000576,20.905580,0.420223,0.597459,0.377463,-0.569190
0.4416,5229,Virtual,Pinky_FingerTip,-17.670790,1.001963,20.924690,0.420223,0.597459,0.377463,-0.569190
0.4416,5229,Render,Wrist,-17.794040,0.988630,20.811850,0.641444,0.287266,0.008627,-0.711304
0.4416,5229,Render,Thumb_CMC,-17.778080,1.028588,20.831580,-0.015026,0.514883,-0.322828,-0.794010
0.4416,5229,Render,Thumb_MCP,-17.766610,1.050420,20.867910,-0.069807,0.510350,-0.236378,-0.823891
0.4416,5229,Render,Thumb_IP,-17.748600,1.066024,20.910760,-0.174630,0.484598,-0.059493,-0.855062
0.4416,5229,Render,Thumb_FingerTip,-17.733680,1.064100,20.934970,-0.174630,0.484598,-0.059493,-0.855062
0.4416,5229,Render,Index_MCP,-17.717270,1.056596,20.862930,0.588045,0.329618,0.048136,-0.737047
0.4416,5229,Render,Index_PIP,-17.680830,1.071426,20.888330,0.551917,0.387083,0.122011,-0.728470
0.4416,5229,Render,Index_DIP,-17.663430,1.077903,20.906470,0.514606,0.435461,0.187461,-0.714432
0.4416,5229,Render,Index_FingerTip,-17.648620,1.082754,20.928390,0.514606,0.435461,0.187461,-0.714432
0.4416,5229,Render,Middle_MCP,-17.704910,1.032213,20.860660,0.603528,0.360175,0.091595,-0.705435
0.4416,5229,Render,Middle_PIP,-17.666690,1.048347,20.893330,0.535202,0.455556,0.207670,-0.680368
0.4416,5229,Render,Middle_DIP,-17.652870,1.054030,20.916680,0.460894,0.530612,0.307279,-0.641567
0.4416,5229,Render,Middle_FingerTip,-17.645840,1.056714,20.943960,0.460894,0.530612,0.307279,-0.641567
0.4416,5229,Render,Ring_MCP,-17.699420,1.008260,20.860020,0.628901,0.349590,0.083407,-0.689430
0.4416,5229,Render,Ring_PIP,-17.664910,1.023371,20.887330,0.574494,0.433228,0.177978,-0.671263
0.4416,5229,Render,Ring_DIP,-17.650120,1.030190,20.908040,0.516048,0.501422,0.260216,-0.643862
0.4416,5229,Render,Ring_FingerTip,-17.640790,1.034896,20.931630,0.516048,0.501422,0.260216,-0.643862
0.4416,5229,Render,Pinky_MCP,-17.699690,0.985925,20.858790,0.638970,0.353925,0.090958,-0.676891
0.4416,5229,Render,Pinky_PIP,-17.670830,0.998885,20.882230,0.580426,0.443454,0.188846,-0.656348
0.4416,5229,Render,Pinky_DIP,-17.661010,1.003781,20.896930,0.517051,0.515949,0.273540,-0.625804
0.4416,5229,Render,Pinky_FingerTip,-17.654920,1.007444,20.914720,0.517051,0.515949,0.273540,-0.625804
0.4552,5230,Real,Wrist,-17.808080,0.967465,20.805140,0.639963,0.290934,0.001834,-0.711197
0.4552,5230,Real,Thumb_CMC,-17.792670,1.007701,20.824730,-0.053920,0.498463,-0.346611,-0.792772
0.4552,5230,Real,Thumb_MCP,-17.781130,1.029472,20.861080,-0.118191,0.487241,-0.240732,-0.831069
0.4552,5230,Real,Thumb_IP,-17.761050,1.043444,20.903570,-0.228125,0.446466,-0.041125,-0.864255
0.4552,5230,Real,Thumb_FingerTip,-17.744020,1.039664,20.926100,-0.228125,0.446466,-0.041125,-0.864255
0.4552,5230,Real,Index_MCP,-17.732180,1.036693,20.855820,0.536644,0.408177,0.139274,-0.725264
0.4552,5230,Real,Index_PIP,-17.702770,1.047748,20.890550,0.520556,0.428506,0.167053,-0.719373
0.4552,5230,Real,Index_DIP,-17.687790,1.053089,20.911060,0.505418,0.446261,0.191843,-0.713163
0.4552,5230,Real,Index_FingerTip,-17.673590,1.057863,20.933400,0.505418,0.446261,0.191843,-0.713163
0.4552,5230,Real,Middle_MCP,-17.719450,1.012497,20.853560,0.564495,0.418975,0.151313,-0.694917
0.4552,5230,Real,Middle_PIP,-17.687600,1.026370,20.893330,0.479371,0.514197,0.274550,-0.656070
0.4552,5230,Real,Middle_DIP,-17.678720,1.030050,20.919330,0.389138,0.585463,0.377826,-0.602539
0.4552,5230,Real,Middle_FingerTip,-17.677900,1.030059,20.947610,0.389138,0.585463,0.377826,-0.602539
0.4552,5230,Real,Ring_MCP,-17.713600,0.988630,20.852950,0.582858,0.422222,0.154631,-0.676827
0.4552,5230,Real,Ring_PIP,-17.685890,1.001793,20.887930,0.497104,0.520464,0.274222,-0.637815
0.4552,5230,Real,Ring_DIP,-17.677780,1.006210,20.912610,0.405880,0.594354,0.374262,-0.584750
0.4552,5230,Real,Ring_FingerTip,-17.677430,1.007365,20.938370,0.405880,0.594354,0.374262,-0.584750
0.4552,5230,Real,Pinky_MCP,-17.713530,0.966290,20.851760,0.594651,0.424534,0.157164,-0.664425
0.4552,5230,Real,Pinky_PIP,-17.690300,0.977947,20.881330,0.508286,0.524866,0.274475,-0.625160
0.4552,5230,Real,Pinky_DIP,-17.684830,0.981439,20.898490,0.416198,0.600515,0.372455,-0.572223
0.4552,5230,Real,Pinky_FingerTip,-17.684800,0.982849,20.917590,0.416198,0.600515,0.372455,-0.572223
0.4552,5230,Virtual,Wrist,-17.797960,0.986844,20.810100,0.640836,0.289466,0.005226,-0.710994
0.4552,5230,Virtual,Thumb_CMC,-17.782300,1.026959,20.829750,-0.051900,0.499675,-0.343695,-0.793414
0.4552,5230,Virtual,Thumb_MCP,-17.770690,1.048630,20.866130,-0.116346,0.488705,-0.237757,-0.831326
0.4552,5230,Virtual,Thumb_IP,-17.750630,1.062436,20.908690,-0.226670,0.448319,-0.038172,-0.863814
0.4552,5230,Virtual,Thumb_FingerTip,-17.733670,1.058523,20.931250,-0.226670,0.448319,-0.038172,-0.863814
0.4552,5230,Virtual,Index_MCP,-17.721680,1.055500,20.861000,0.537775,0.407065,0.142621,-0.724401
0.4552,5230,Virtual,Index_PIP,-17.692280,1.066326,20.895800,0.521728,0.427438,0.170364,-0.718382
0.4552,5230,Virtual,Index_DIP,-17.677310,1.071550,20.916350,0.506626,0.445234,0.195118,-0.712058
0.4552,5230,Virtual,Index_FingerTip,-17.663130,1.076210,20.938720,0.506626,0.445234,0.195118,-0.712058
0.4552,5230,Virtual,Middle_MCP,-17.709130,1.031214,20.858760,0.565657,0.417723,0.154586,-0.694005
0.4552,5230,Virtual,Middle_PIP,-17.677270,1.044838,20.898600,0.480741,0.513176,0.277604,-0.654580
0.4552,5230,Virtual,Middle_DIP,-17.668430,1.048441,20.924630,0.390656,0.584679,0.380596,-0.600572
0.4552,5230,Virtual,Middle_FingerTip,-17.667680,1.048432,20.952910,0.390656,0.584679,0.380596,-0.600572
0.4552,5230,Virtual,Ring_MCP,-17.703450,1.007305,20.858140,0.584032,0.420882,0.157862,-0.675903
0.4552,5230,Virtual,Ring_PIP,-17.675720,1.020252,20.893200,0.498501,0.519358,0.277232,-0.636323
0.4552,5230,Virtual,Ring_DIP,-17.667640,1.024598,20.917890,0.407438,0.593489,0.376990,-0.582789
0.4552,5230,Virtual,Ring_FingerTip,-17.667350,1.025739,20.943670,0.407438,0.593489,0.376990,-0.582789
0.4552,5230,Virtual,Pinky_MCP,-17.703540,0.984966,20.856940,0.595833,0.423136,0.160364,-0.663493
0.4552,5230,Virtual,Pinky_PIP,-17.680290,0.996441,20.886580,0.509701,0.523704,0.277454,-0.623665
0.4552,5230,Virtual,Pinky_DIP,-17.674830,0.999886,20.903750,0.417783,0.599599,0.375151,-0.570264
0.4552,5230,Virtual,Pinky_FingerTip,-17.674840,1.001287,20.922860,0.417783,0.599599,0.375151,-0.570264
0.4552,5230,Render,Wrist,-17.797960,0.986844,20.810100,0.640836,0.289466,0.005226,-0.710994
0.4552,5230,Render,Thumb_CMC,-17.782300,1.026959,20.829750,-0.016649,0.514158,-0.326387,-0.792992
0.4552,5230,Render,Thumb_MCP,-17.770970,1.048937,20.866030,-0.071344,0.509456,-0.240025,-0.823257
0.4552,5230,Render,Thumb_IP,-17.753040,1.064750,20.908840,-0.175947,0.483403,-0.063192,-0.855203
0.4552,5230,Render,Thumb_FingerTip,-17.738080,1.062983,20.933040,-0.175947,0.483403,-0.063192,-0.855203
0.4552,5230,Render,Index_MCP,-17.721680,1.055500,20.861000,0.587308,0.331621,0.044627,-0.736957
0.4552,5230,Render,Index_PIP,-17.685340,1.070661,20.886340,0.550983,0.389000,0.118511,-0.728733
0.4552,5230,Render,Index_DIP,-17.667970,1.077304,20.904450,0.513502,0.437286,0.184000,-0.715011
0.4552,5230,Render,Index_FingerTip,-17.653180,1.082307,20.926350,0.513502,0.437286,0.184000,-0.715011
0.4552,5230,Render,Middle_MCP,-17.709130,1.031214,20.858760,0.602668,0.362289,0.088181,-0.705523
0.4552,5230,Render,Middle_PIP,-17.671010,1.047702,20.891360,0.534002,0.457496,0.204319,-0.681024
0.4552,5230,Render,Middle_DIP,-17.657200,1.053532,20.914680,0.459416,0.532351,0.304064,-0.642717
0.4552,5230,Render,Middle_FingerTip,-17.650180,1.056314,20.941960,0.459416,0.532351,0.304064,-0.642717
0.4552,5230,Render,Ring_MCP,-17.703450,1.007305,20.858140,0.628066,0.351807,0.080052,-0.689461
0.4552,5230,Render,Ring_PIP,-17.669030,1.022733,20.885400,0.573360,0.435308,0.174660,-0.671758
0.4552,5230,Render,Ring_DIP,-17.654280,1.029701,20.906080,0.514664,0.503345,0.256985,-0.644766
0.4552,5230,Render,Ring_FingerTip,-17.644960,1.034518,20.929650,0.514664,0.503345,0.256985,-0.644766
0.4552,5230,Render,Pinky_MCP,-17.703540,0.984966,20.856940,0.638112,0.356194,0.087645,-0.676947
0.4552,5230,Render,Pinky_PIP,-17.674760,0.998192,20.880330,0.579245,0.445574,0.185576,-0.656887
0.4552,5230,Render,Pinky_DIP,-17.664960,1.003189,20.895020,0.515602,0.517896,0.270370,-0.626769
0.4552,5230,Render,Pinky_FingerTip,-17.658880,1.006928,20.912800,0.515602,0.517896,0.270370,-0.626769
0.4686,5231,Real,Wrist,-17.811040,0.967744,20.803520,0.639295,0.292862,-0.001500,-0.711007
0.4686,5231,Real,Thumb_CMC,-17.795910,1.008120,20.823040,-0.057250,0.497965,-0.348058,-0.792218
0.4686,5231,Real,Thumb_MCP,-17.784420,1.029832,20.859430,-0.121147,0.486385,-0.242718,-0.830567
0.4686,5231,Real,Thumb_IP,-17.764360,1.043823,20.901930,-0.230339,0.445186,-0.044072,-0.864182
0.4686,5231,Real,Thumb_FingerTip,-17.747270,1.040148,20.924440,-0.230339,0.445186,-0.044072,-0.864182
0.4686,5231,Real,Index_MCP,-17.735600,1.037610,20.854000,0.534738,0.410960,0.137475,-0.725443
0.4686,5231,Real,Index_PIP,-17.706360,1.048851,20.888810,0.519158,0.430475,0.164237,-0.719856
0.4686,5231,Real,Index_DIP,-17.691420,1.054316,20.909320,0.504527,0.447534,0.188131,-0.713984
0.4686,5231,Real,Index_FingerTip,-17.677200,1.059237,20.931620,0.504527,0.447534,0.188131,-0.713984
0.4686,5231,Real,Middle_MCP,-17.722700,1.013509,20.851760,0.562547,0.421909,0.149482,-0.695118
0.4686,5231,Real,Middle_PIP,-17.691050,1.027601,20.891610,0.476896,0.516756,0.272821,-0.656584
0.4686,5231,Real,Middle_DIP,-17.682260,1.031333,20.917630,0.386251,0.587603,0.376233,-0.603310
0.4686,5231,Real,Middle_FingerTip,-17.681510,1.031331,20.945920,0.386251,0.587603,0.376233,-0.603310
0.4686,5231,Real,Ring_MCP,-17.716670,0.989685,20.851160,0.580809,0.425378,0.152931,-0.676998
0.4686,5231,Real,Ring_PIP,-17.689150,1.003044,20.886230,0.494433,0.523280,0.272685,-0.638245
0.4686,5231,Real,Ring_DIP,-17.681150,1.007506,20.910930,0.402698,0.596758,0.372903,-0.585369
0.4686,5231,Real,Ring_FingerTip,-17.680900,1.008642,20.936710,0.402698,0.596758,0.372903,-0.585369
0.4686,5231,Real,Pinky_MCP,-17.716430,0.967346,20.850000,0.592582,0.427772,0.155472,-0.664595
0.4686,5231,Real,Pinky_PIP,-17.693370,0.979170,20.879640,0.505579,0.527761,0.272945,-0.625587
0.4686,5231,Real,Pinky_DIP,-17.687970,0.982696,20.896820,0.412967,0.602993,0.371100,-0.572838
0.4686,5231,Real,Pinky_FingerTip,-17.688030,0.984092,20.915930,0.412967,0.602993,0.371100,-0.572838
0.4686,5231,Virtual,Wrist,-17.808820,0.980164,20.806650,0.639963,0.290934,0.001834,-0.711197
0.4686,5231,Virtual,Thumb_CMC,-17.793400,1.020400,20.826240,-0.055603,0.498954,-0.344777,-0.793147
0.4686,5231,Virtual,Thumb_MCP,-17.781800,1.041979,20.862670,-0.119642,0.487578,-0.239344,-0.831064
0.4686,5231,Virtual,Thumb_IP,-17.761690,1.055764,20.905220,-0.229151,0.446695,-0.040675,-0.863886
0.4686,5231,Virtual,Thumb_FingerTip,-17.744670,1.051933,20.927750,-0.229151,0.446695,-0.040675,-0.863886
0.4686,5231,Virtual,Index_MCP,-17.732920,1.049393,20.857330,0.535749,0.409352,0.140862,-0.724957
0.4686,5231,Virtual,Index_PIP,-17.703640,1.060368,20.892190,0.520227,0.428905,0.167604,-0.719245
0.4686,5231,Virtual,Index_DIP,-17.688690,1.065693,20.912730,0.505647,0.446001,0.191476,-0.713261
0.4686,5231,Virtual,Index_FingerTip,-17.674470,1.070479,20.935050,0.505647,0.446001,0.191476,-0.713261
0.4686,5231,Virtual,Middle_MCP,-17.720190,1.025197,20.855070,0.563609,0.420167,0.152780,-0.694596
0.4686,5231,Virtual,Middle_PIP,-17.688500,1.038999,20.894980,0.478256,0.515235,0.275971,-0.655473
0.4686,5231,Virtual,Middle_DIP,-17.679720,1.042631,20.921020,0.387840,0.586323,0.379159,-0.601701
0.4686,5231,Virtual,Middle_FingerTip,-17.679010,1.042589,20.949310,0.387840,0.586323,0.379159,-0.601701
0.4686,5231,Virtual,Ring_MCP,-17.714350,1.001329,20.854450,0.581893,0.423551,0.156175,-0.676472
0.4686,5231,Virtual,Ring_PIP,-17.686780,1.014435,20.889580,0.495829,0.521679,0.275781,-0.637142
0.4686,5231,Virtual,Ring_DIP,-17.678780,1.018805,20.914300,0.404336,0.595406,0.375779,-0.583777
0.4686,5231,Virtual,Ring_FingerTip,-17.678560,1.019908,20.940070,0.404336,0.595406,0.375779,-0.583777
0.4686,5231,Virtual,Pinky_MCP,-17.714270,0.978990,20.853260,0.593680,0.425890,0.158679,-0.664065
0.4686,5231,Virtual,Pinky_PIP,-17.691170,0.990602,20.882960,0.507000,0.526108,0.276004,-0.624487
0.4686,5231,Virtual,Pinky_DIP,-17.685770,0.994065,20.900140,0.414637,0.601593,0.373939,-0.571254
0.4686,5231,Virtual,Pinky_FingerTip,-17.685840,0.995438,20.919250,0.414637,0.601593,0.373939,-0.571254
0.4686,5231,Render,Wrist,-17.808820,0.980164,20.806650,0.639963,0.290934,0.001834,-0.711197
0.4686,5231,Render,Thumb_CMC,-17.793400,1.020400,20.826240,-0.018686,0.512452,-0.329496,-0.792766
0.4686,5231,Render,Thumb_MCP,-17.782090,1.042499,20.862460,-0.073188,0.507542,-0.243140,-0.823364
0.4686,5231,Render,Thumb_IP,-17.764120,1.058488,20.905180,-0.177351,0.481147,-0.066217,-0.855956
0.4686,5231,Render,Thumb_FingerTip,-17.749070,1.056855,20.929330,-0.177351,0.481147,-0.066217,-0.855956
0.4686,5231,Render,Index_MCP,-17.732920,1.049393,20.857330,0.586336,0.332874,0.041195,-0.737365
0.4686,5231,Render,Index_PIP,-17.696620,1.064827,20.882580,0.549890,0.390150,0.115137,-0.729485
0.4686,5231,Render,Index_DIP,-17.679260,1.071604,20.900640,0.512309,0.438332,0.180708,-0.716065
0.4686,5231,Render,Index_FingerTip,-17.664450,1.076724,20.922510,0.512309,0.438332,0.180708,-0.716065
0.4686,5231,Render,Middle_MCP,-17.720190,1.025197,20.855070,0.601629,0.363645,0.084836,-0.706122
0.4686,5231,Render,Middle_PIP,-17.682110,1.041976,20.887580,0.532752,0.458661,0.201120,-0.682170
0.4686,5231,Render,Middle_DIP,-17.668300,1.047916,20.910860,0.458006,0.533316,0.301073,-0.644329
0.4686,5231,Render,Middle_FingerTip,-17.661230,1.050761,20.938110,0.458006,0.533316,0.301073,-0.644329
0.4686,5231,Render,Ring_MCP,-17.714350,1.001329,20.854450,0.627052,0.353272,0.076738,-0.690012
0.4686,5231,Render,Ring_PIP,-17.679970,1.017018,20.881620,0.572153,0.436619,0.171453,-0.672762
0.4686,5231,Render,Ring_DIP,-17.665220,1.024103,20.902270,0.513303,0.504496,0.253929,-0.646162
0.4686,5231,Render,Ring_FingerTip,-17.655880,1.028998,20.925810,0.513303,0.504496,0.253929,-0.646162
0.4686,5231,Render,Pinky_MCP,-17.714270,0.978990,20.853260,0.637088,0.357712,0.084362,-0.677528
0.4686,5231,Render,Pinky_PIP,-17.685540,0.992434,20.876580,0.578010,0.446926,0.182414,-0.657941
0.4686,5231,Render,Pinky_DIP,-17.675740,0.997509,20.891240,0.514200,0.519074,0.267374,-0.628230
0.4686,5231,Render,Pinky_FingerTip,-17.669650,1.001300,20.909000,0.514200,0.519074,0.267374,-0.628230
0.4828,5232,Real,Wrist,-17.814310,0.968050,20.801640,0.639221,0.294751,-0.004906,-0.710278
0.4828,5232,Real,Thumb_CMC,-17.799450,1.008591,20.821030,-0.058169,0.496770,-0.351614,-0.791330
0.4828,5232,Real,Thumb_MCP,-17.788070,1.030489,20.857350,-0.121904,0.485081,-0.246359,-0.830147
0.4828,5232,Real,Thumb_IP,-17.768060,1.044745,20.899780,-0.230774,0.443743,-0.047711,-0.864615
0.4828,5232,Real,Thumb_FingerTip,-17.750920,1.041260,20.922270,-0.230774,0.443743,-0.047711,-0.864615
0.4828,5232,Real,Index_MCP,-17.739320,1.038608,20.851840,0.534340,0.412653,0.133914,-0.725442
0.4828,5232,Real,Index_PIP,-17.710120,1.050160,20.886570,0.518698,0.432151,0.160679,-0.719987
0.4828,5232,Real,Index_DIP,-17.695200,1.055791,20.907050,0.504010,0.449194,0.184579,-0.714233
0.4828,5232,Real,Index_FingerTip,-17.680980,1.060879,20.929320,0.504010,0.449194,0.184579,-0.714233
0.4828,5232,Real,Middle_MCP,-17.726240,1.014595,20.849640,0.562073,0.423739,0.145999,-0.695128
0.4828,5232,Real,Middle_PIP,-17.694650,1.029030,20.889410,0.476099,0.518470,0.269398,-0.657224
0.4828,5232,Real,Middle_DIP,-17.685850,1.032899,20.915410,0.385185,0.589164,0.372960,-0.604500
0.4828,5232,Real,Middle_FingerTip,-17.685080,1.032983,20.943700,0.385185,0.589164,0.372960,-0.604500
0.4828,5232,Real,Ring_MCP,-17.720040,0.990815,20.849110,0.580300,0.427291,0.149498,-0.676998
0.4828,5232,Real,Ring_PIP,-17.692580,1.004472,20.884100,0.493586,0.525069,0.269309,-0.638865
0.4828,5232,Real,Ring_DIP,-17.684580,1.009062,20.908780,0.401572,0.598386,0.369672,-0.586530
0.4828,5232,Real,Ring_FingerTip,-17.684310,1.010273,20.934550,0.401572,0.598386,0.369672,-0.586530
0.4828,5232,Real,Pinky_MCP,-17.719640,0.968474,20.848010,0.592047,0.429739,0.152074,-0.664589
0.4828,5232,Real,Pinky_PIP,-17.696630,0.980551,20.877590,0.504698,0.529599,0.269601,-0.626195
0.4828,5232,Real,Pinky_DIP,-17.691240,0.984163,20.894740,0.411799,0.604663,0.367900,-0.573982
0.4828,5232,Real,Pinky_FingerTip,-17.691280,0.985613,20.913850,0.411799,0.604663,0.367900,-0.573982
0.4828,5232,Virtual,Wrist,-17.811910,0.978223,20.805280,0.639295,0.292862,-0.001500,-0.711007
0.4828,5232,Virtual,Thumb_CMC,-17.796770,1.018599,20.824790,-0.057250,0.497965,-0.348058,-0.792218
0.4828,5232,Virtual,Thumb_MCP,-17.785280,1.040311,20.861190,-0.121147,0.486385,-0.242718,-0.830567
0.4828,5232,Virtual,Thumb_IP,-17.765220,1.054301,20.903690,-0.230339,0.445186,-0.044072,-0.864182
0.4828,5232,Virtual,Thumb_FingerTip,-17.748130,1.050627,20.926200,-0.230339,0.445186,-0.044072,-0.864182
0.4828,5232,Virtual,Index_MCP,-17.736460,1.048089,20.855770,0.534739,0.410960,0.137475,-0.725443
0.4828,5232,Virtual,Index_PIP,-17.707220,1.059330,20.890570,0.519158,0.430475,0.164237,-0.719856
0.4828,5232,Virtual,Index_DIP,-17.692290,1.064794,20.911080,0.504527,0.447534,0.188131,-0.713984
0.4828,5232,Virtual,Index_FingerTip,-17.678070,1.069716,20.933380,0.504527,0.447534,0.188131,-0.713984
0.4828,5232,Virtual,Middle_MCP,-17.723560,1.023987,20.853520,0.562547,0.421910,0.149482,-0.695118
0.4828,5232,Virtual,Middle_PIP,-17.691920,1.038080,20.893370,0.476896,0.516756,0.272821,-0.656584
0.4828,5232,Virtual,Middle_DIP,-17.683120,1.041811,20.919390,0.386251,0.587603,0.376233,-0.603310
0.4828,5232,Virtual,Middle_FingerTip,-17.682380,1.041810,20.947680,0.386251,0.587603,0.376233,-0.603310
0.4828,5232,Virtual,Ring_MCP,-17.717530,1.000164,20.852920,0.580809,0.425378,0.152931,-0.676998
0.4828,5232,Virtual,Ring_PIP,-17.690020,1.013523,20.887990,0.494433,0.523280,0.272685,-0.638245
0.4828,5232,Virtual,Ring_DIP,-17.682010,1.017985,20.912690,0.402698,0.596758,0.372903,-0.585370
0.4828,5232,Virtual,Ring_FingerTip,-17.681770,1.019121,20.938470,0.402698,0.596758,0.372903,-0.585370
0.4828,5232,Virtual,Pinky_MCP,-17.717290,0.977825,20.851760,0.592582,0.427772,0.155472,-0.664595
0.4828,5232,Virtual,Pinky_PIP,-17.694240,0.989649,20.881400,0.505579,0.527761,0.272945,-0.625587
0.4828,5232,Virtual,Pinky_DIP,-17.688840,0.993174,20.898580,0.412967,0.602993,0.371100,-0.572838
0.4828,5232,Virtual,Pinky_FingerTip,-17.688890,0.994570,20.917690,0.412967,0.602993,0.371100,-0.572838
0.4828,5232,Render,Wrist,-17.811910,0.978223,20.805280,0.639295,0.292862,-0.001500,-0.711007
0.4828,5232,Render,Thumb_CMC,-17.796770,1.018599,20.824790,-0.020391,0.512239,-0.332660,-0.791539
0.4828,5232,Render,Thumb_MCP,-17.785630,1.040806,20.861000,-0.074860,0.507149,-0.246418,-0.822481
0.4828,5232,Render,Thumb_IP,-17.767770,1.056958,20.903710,-0.178905,0.480414,-0.069606,-0.855775
0.4828,5232,Render,Thumb_FingerTip,-17.752700,1.055454,20.927850,-0.178905,0.480414,-0.069606,-0.855775
0.4828,5232,Render,Index_MCP,-17.736460,1.048089,20.855770,0.585554,0.334604,0.037773,-0.737387
0.4828,5232,Render,Index_PIP,-17.700250,1.063830,20.880940,0.548937,0.391793,0.111734,-0.729851
0.4828,5232,Render,Index_DIP,-17.682910,1.070762,20.898970,0.511212,0.439882,0.177353,-0.716738
0.4828,5232,Render,Index_FingerTip,-17.668120,1.076021,20.920810,0.511212,0.439882,0.177353,-0.716738
0.4828,5232,Render,Middle_MCP,-17.723560,1.023987,20.853520,0.600741,0.365482,0.081502,-0.706322
0.4828,5232,Render,Middle_PIP,-17.685560,1.041096,20.885950,0.531571,0.460325,0.197866,-0.682922
0.4828,5232,Render,Middle_DIP,-17.671760,1.047170,20.909210,0.456589,0.534784,0.297969,-0.645561
0.4828,5232,Render,Middle_FingerTip,-17.664670,1.050103,20.936450,0.456589,0.534784,0.297969,-0.645561
0.4828,5232,Render,Ring_MCP,-17.717530,1.000164,20.852920,0.626187,0.355212,0.073454,-0.690159
0.4828,5232,Render,Ring_PIP,-17.683240,1.016148,20.880020,0.571028,0.438421,0.168221,-0.673362
0.4828,5232,Render,Ring_DIP,-17.668520,1.023370,20.900630,0.511962,0.506143,0.250797,-0.647159
0.4828,5232,Render,Ring_FingerTip,-17.659180,1.028366,20.924160,0.511962,0.506143,0.250797,-0.647159
0.4828,5232,Render,Pinky_MCP,-17.717290,0.977825,20.851760,0.636204,0.359704,0.081116,-0.677701
0.4828,5232,Render,Pinky_PIP,-17.688630,0.991516,20.875020,0.576845,0.448768,0.179228,-0.658586
0.4828,5232,Render,Pinky_DIP,-17.678850,0.996683,20.889660,0.512802,0.520746,0.264300,-0.629288
0.4828,5232,Render,Pinky_FingerTip,-17.672760,1.000543,20.907410,0.512802,0.520746,0.264300,-0.629288
0.4969,5233,Real,Wrist,-17.817490,0.967925,20.799800,0.638993,0.296336,-0.008129,-0.709793
0.4969,5233,Real,Thumb_CMC,-17.802880,1.008608,20.819080,-0.059706,0.495566,-0.354098,-0.790863
0.4969,5233,Real,Thumb_MCP,-17.791550,1.030603,20.855350,-0.123171,0.483714,-0.249058,-0.829952
0.4969,5233,Real,Thumb_IP,-17.771540,1.045030,20.897730,-0.231522,0.442208,-0.050711,-0.865031
0.4969,5233,Real,Thumb_FingerTip,-17.754330,1.041695,20.920200,-0.231522,0.442208,-0.050711,-0.865031
0.4969,5233,Real,Index_MCP,-17.742900,1.039096,20.849720,0.533479,0.414491,0.131230,-0.725518
0.4969,5233,Real,Index_PIP,-17.713770,1.050889,20.884440,0.517924,0.433772,0.157742,-0.720219
0.4969,5233,Real,Index_DIP,-17.698880,1.056654,20.904910,0.503327,0.450627,0.181423,-0.714621
0.4969,5233,Real,Index_FingerTip,-17.684670,1.061882,20.927140,0.503327,0.450627,0.181423,-0.714621
0.4969,5233,Real,Middle_MCP,-17.729660,1.015168,20.847560,0.561204,0.425650,0.143254,-0.695234
0.4969,5233,Real,Middle_PIP,-17.698160,1.029877,20.887300,0.474896,0.520194,0.266720,-0.657824
0.4969,5233,Real,Middle_DIP,-17.689380,1.033846,20.913290,0.383715,0.590670,0.370418,-0.605527
0.4969,5233,Real,Middle_FingerTip,-17.688600,1.033979,20.941580,0.383715,0.590670,0.370418,-0.605527
0.4969,5233,Real,Ring_MCP,-17.723310,0.991429,20.847070,0.579398,0.429296,0.146784,-0.677096
0.4969,5233,Real,Ring_PIP,-17.695920,1.005328,20.882040,0.492332,0.526883,0.266663,-0.639449
0.4969,5233,Real,Ring_DIP,-17.687950,1.010012,20.906700,0.400035,0.599974,0.367161,-0.587534
0.4969,5233,Real,Ring_FingerTip,-17.687680,1.011265,20.932470,0.400035,0.599974,0.367161,-0.587534
0.4969,5233,Real,Pinky_MCP,-17.722750,0.969089,20.846020,0.591124,0.431805,0.149381,-0.664683
0.4969,5233,Real,Pinky_PIP,-17.699820,0.981370,20.875570,0.503412,0.531468,0.266975,-0.626772
0.4969,5233,Real,Pinky_DIP,-17.694450,0.985047,20.892720,0.410221,0.606301,0.365406,-0.574975
0.4969,5233,Real,Pinky_FingerTip,-17.694500,0.986527,20.911830,0.410221,0.606301,0.365406,-0.574975
0.4969,5233,Virtual,Wrist,-17.815230,0.976322,20.803370,0.639221,0.294751,-0.004906,-0.710278
0.4969,5233,Virtual,Thumb_CMC,-17.800370,1.016863,20.822760,-0.058616,0.496777,-0.350936,-0.791594
0.4969,5233,Virtual,Thumb_MCP,-17.788950,1.038702,20.859090,-0.122246,0.485056,-0.245827,-0.830269
0.4969,5233,Virtual,Thumb_IP,-17.768910,1.052902,20.901530,-0.230933,0.443727,-0.047494,-0.864593
0.4969,5233,Virtual,Thumb_FingerTip,-17.751770,1.049402,20.924030,-0.230933,0.443727,-0.047494,-0.864593
0.4969,5233,Virtual,Index_MCP,-17.740240,1.046879,20.853560,0.533979,0.413121,0.134550,-0.725324
0.4969,5233,Virtual,Index_PIP,-17.711090,1.058400,20.888360,0.518473,0.432421,0.161053,-0.719903
0.4969,5233,Virtual,Index_DIP,-17.696190,1.064019,20.908850,0.503921,0.449295,0.184722,-0.714196
0.4969,5233,Virtual,Index_FingerTip,-17.681990,1.069103,20.931120,0.503921,0.449295,0.184722,-0.714196
0.4969,5233,Virtual,Middle_MCP,-17.727160,1.022866,20.851360,0.561764,0.424149,0.146506,-0.695022
0.4969,5233,Virtual,Middle_PIP,-17.695620,1.037277,20.891190,0.475719,0.518819,0.269880,-0.657026
0.4969,5233,Virtual,Middle_DIP,-17.686860,1.041129,20.917210,0.384750,0.589448,0.373406,-0.604224
0.4969,5233,Virtual,Middle_FingerTip,-17.686120,1.041196,20.945500,0.384750,0.589448,0.373406,-0.604224
0.4969,5233,Virtual,Ring_MCP,-17.720960,0.999086,20.850830,0.579987,0.427715,0.149993,-0.676888
0.4969,5233,Virtual,Ring_PIP,-17.693540,1.012725,20.885870,0.493197,0.525435,0.269782,-0.638665
0.4969,5233,Virtual,Ring_DIP,-17.685590,1.017300,20.910570,0.401124,0.598686,0.370111,-0.586253
0.4969,5233,Virtual,Ring_FingerTip,-17.685350,1.018496,20.936340,0.401124,0.598686,0.370111,-0.586253
0.4969,5233,Virtual,Pinky_MCP,-17.720560,0.976746,20.849740,0.591733,0.430172,0.152560,-0.664477
0.4969,5233,Virtual,Pinky_PIP,-17.697590,0.988808,20.879350,0.504306,0.529973,0.270065,-0.625995
0.4969,5233,Virtual,Pinky_DIP,-17.692230,0.992411,20.896520,0.411346,0.604971,0.368329,-0.573706
0.4969,5233,Virtual,Pinky_FingerTip,-17.692290,0.993849,20.915620,0.411346,0.604971,0.368329,-0.573706
0.4969,5233,Render,Wrist,-17.815230,0.976322,20.803370,0.639221,0.294751,-0.004906,-0.710278
0.4969,5233,Render,Thumb_CMC,-17.800370,1.016863,20.822760,-0.021353,0.511200,-0.336257,-0.790664
0.4969,5233,Render,Thumb_MCP,-17.789340,1.039253,20.858880,-0.075707,0.506014,-0.250087,-0.821995
0.4969,5233,Render,Thumb_IP,-17.771550,1.055655,20.901530,-0.179496,0.479127,-0.073296,-0.856065
0.4969,5233,Render,Thumb_FingerTip,-17.756440,1.054329,20.925660,-0.179496,0.479127,-0.073296,-0.856065
0.4969,5233,Render,Index_MCP,-17.740240,1.046879,20.853560,0.585389,0.336335,0.034245,-0.736903
0.4969,5233,Render,Index_PIP,-17.704110,1.062956,20.878660,0.548599,0.393498,0.108176,-0.729724
0.4969,5233,Render,Index_DIP,-17.686800,1.070064,20.896640,0.510721,0.441549,0.173797,-0.716933
0.4969,5233,Render,Index_FingerTip,-17.672020,1.075493,20.918450,0.510721,0.441549,0.173797,-0.716933
0.4969,5233,Render,Middle_MCP,-17.727160,1.022866,20.851360,0.600447,0.367349,0.078035,-0.705995
0.4969,5233,Render,Middle_PIP,-17.689250,1.040343,20.883710,0.530971,0.462117,0.194393,-0.683177
0.4969,5233,Render,Middle_DIP,-17.675460,1.046584,20.906930,0.455726,0.536465,0.294572,-0.646333
0.4969,5233,Render,Middle_FingerTip,-17.668360,1.049645,20.934150,0.455726,0.536465,0.294572,-0.646333
0.4969,5233,Render,Ring_MCP,-17.720960,0.999086,20.850830,0.625903,0.357171,0.070044,-0.689760
0.4969,5233,Render,Ring_PIP,-17.686750,1.015396,20.877840,0.570476,0.440321,0.164789,-0.673439
0.4969,5233,Render,Ring_DIP,-17.672060,1.022784,20.898420,0.511177,0.507960,0.247401,-0.647663
0.4969,5233,Render,Ring_FingerTip,-17.662730,1.027914,20.921920,0.511177,0.507960,0.247401,-0.647663
0.4969,5233,Render,Pinky_MCP,-17.720560,0.976746,20.849740,0.635890,0.361718,0.077739,-0.677319
0.4969,5233,Render,Pinky_PIP,-17.691970,0.990712,20.872920,0.576240,0.450714,0.175831,-0.658702
0.4969,5233,Render,Pinky_DIP,-17.682210,0.995992,20.887530,0.511947,0.522595,0.260948,-0.629850
0.4969,5233,Render,Pinky_FingerTip,-17.676120,0.999945,20.905260,0.511947,0.522595,0.260948,-0.629850
0.5134,5234,Real,Wrist,-17.820880,0.967974,20.797650,0.638994,0.298046,-0.009817,-0.709055
0.5134,5234,Real,Thumb_CMC,-17.806470,1.008760,20.816860,-0.059882,0.494912,-0.355805,-0.790493
0.5134,5234,Real,Thumb_MCP,-17.795190,1.030858,20.853090,-0.123166,0.483068,-0.250961,-0.829756
0.5134,5234,Real,Thumb_IP,-17.775210,1.045444,20.895420,-0.231212,0.441662,-0.052914,-0.865261
0.5134,5234,Real,Thumb_FingerTip,-17.757990,1.042233,20.917900,-0.231212,0.441662,-0.052914,-0.865261
0.5134,5234,Real,Index_MCP,-17.746650,1.039583,20.847490,0.532901,0.416448,0.129831,-0.725074
0.5134,5234,Real,Index_PIP,-17.717650,1.051551,20.882250,0.517429,0.435522,0.156071,-0.719882
0.5134,5234,Real,Index_DIP,-17.702800,1.057417,20.902720,0.502920,0.452198,0.179513,-0.714397
0.5134,5234,Real,Index_FingerTip,-17.688640,1.062753,20.924950,0.502920,0.452198,0.179513,-0.714397
0.5134,5234,Real,Middle_MCP,-17.733310,1.015711,20.845380,0.560631,0.427595,0.141787,-0.694803
0.5134,5234,Real,Middle_PIP,-17.701930,1.030624,20.885150,0.474010,0.521977,0.265163,-0.657680
0.5134,5234,Real,Middle_DIP,-17.693210,1.034673,20.911150,0.382579,0.592266,0.368828,-0.605657
0.5134,5234,Real,Middle_FingerTip,-17.692470,1.034854,20.939440,0.382579,0.592266,0.368828,-0.605657
0.5134,5234,Real,Ring_MCP,-17.726840,0.992001,20.844940,0.578725,0.431384,0.145464,-0.676628
0.5134,5234,Real,Ring_PIP,-17.699590,1.006076,20.879940,0.491270,0.528836,0.265308,-0.639216
0.5134,5234,Real,Ring_DIP,-17.691690,1.010829,20.904620,0.398645,0.601745,0.365810,-0.587511
0.5134,5234,Real,Ring_FingerTip,-17.691480,1.012117,20.930380,0.398645,0.601745,0.365810,-0.587511
0.5134,5234,Real,Pinky_MCP,-17.726180,0.969662,20.843930,0.590431,0.433925,0.148083,-0.664208
0.5134,5234,Real,Pinky_PIP,-17.703360,0.982091,20.873510,0.502325,0.533451,0.265640,-0.626527
0.5134,5234,Real,Pinky_DIP,-17.698050,0.985817,20.890670,0.408801,0.608097,0.364072,-0.574937
0.5134,5234,Real,Pinky_FingerTip,-17.698140,0.987322,20.909770,0.408801,0.608097,0.364072,-0.574937
0.5134,5234,Virtual,Wrist,-17.818360,0.974597,20.801320,0.638993,0.296336,-0.008129,-0.709793
0.5134,5234,Virtual,Thumb_CMC,-17.803740,1.015280,20.820600,-0.059629,0.495110,-0.353493,-0.791425
0.5134,5234,Virtual,Thumb_MCP,-17.792330,1.037256,20.856860,-0.122940,0.483296,-0.248548,-0.830383
0.5134,5234,Virtual,Thumb_IP,-17.772260,1.051668,20.899220,-0.231045,0.441936,-0.050421,-0.865314
0.5134,5234,Virtual,Thumb_FingerTip,-17.755040,1.048335,20.921670,-0.231045,0.441936,-0.050421,-0.865314
0.5134,5234,Virtual,Index_MCP,-17.743760,1.045768,20.851250,0.533207,0.414841,0.131706,-0.725432
0.5134,5234,Virtual,Index_PIP,-17.714680,1.057536,20.886010,0.517793,0.433928,0.157959,-0.720171
0.5134,5234,Virtual,Index_DIP,-17.699790,1.063295,20.906480,0.503336,0.450617,0.181409,-0.714625
0.5134,5234,Virtual,Index_FingerTip,-17.685590,1.068523,20.928710,0.503336,0.450617,0.181409,-0.714625
0.5134,5234,Virtual,Middle_MCP,-17.730530,1.021839,20.849080,0.560995,0.425925,0.143594,-0.695164
0.5134,5234,Virtual,Middle_PIP,-17.699060,1.036532,20.888860,0.474670,0.520400,0.267006,-0.657709
0.5134,5234,Virtual,Middle_DIP,-17.690310,1.040491,20.914860,0.383488,0.590817,0.370651,-0.605385
0.5134,5234,Virtual,Middle_FingerTip,-17.689540,1.040614,20.943150,0.383488,0.590817,0.370651,-0.605385
0.5134,5234,Virtual,Ring_MCP,-17.724170,0.998100,20.848590,0.579117,0.429675,0.147226,-0.677000
0.5134,5234,Virtual,Ring_PIP,-17.696830,1.011983,20.883600,0.491965,0.527226,0.267109,-0.639263
0.5134,5234,Virtual,Ring_DIP,-17.688900,1.016652,20.908280,0.399592,0.600268,0.367594,-0.587264
0.5134,5234,Virtual,Ring_FingerTip,-17.688660,1.017890,20.934050,0.399592,0.600268,0.367594,-0.587264
0.5134,5234,Virtual,Pinky_MCP,-17.723620,0.975761,20.847540,0.590841,0.432191,0.149815,-0.664585
0.5134,5234,Virtual,Pinky_PIP,-17.700720,0.988029,20.877130,0.503041,0.531819,0.267412,-0.626585
0.5134,5234,Virtual,Pinky_DIP,-17.695380,0.991697,20.894290,0.409774,0.606603,0.365830,-0.574706
0.5134,5234,Virtual,Pinky_FingerTip,-17.695450,0.993165,20.913390,0.409774,0.606603,0.365830,-0.574706
0.5134,5234,Render,Wrist,-17.818360,0.974597,20.801320,0.638993,0.296336,-0.008129,-0.709793
0.5134,5234,Render,Thumb_CMC,-17.803740,1.015280,20.820600,-0.022482,0.510132,-0.339461,-0.789954
0.5134,5234,Render,Thumb_MCP,-17.792800,1.037822,20.856660,-0.076714,0.504831,-0.253349,-0.821630
0.5134,5234,Render,Thumb_IP,-17.775060,1.054437,20.899240,-0.180235,0.477760,-0.076563,-0.856387
0.5134,5234,Render,Thumb_FingerTip,-17.759900,1.053266,20.923350,-0.180235,0.477760,-0.076563,-0.856387
0.5134,5234,Render,Index_MCP,-17.743760,1.045768,20.851250,0.585082,0.337760,0.030929,-0.736642
0.5134,5234,Render,Index_PIP,-17.707710,1.062143,20.876240,0.548150,0.394885,0.104850,-0.729797
0.5134,5234,Render,Index_DIP,-17.690420,1.069407,20.894190,0.510148,0.442890,0.170492,-0.717308
0.5134,5234,Render,Index_FingerTip,-17.675640,1.074983,20.915960,0.510148,0.442890,0.170492,-0.717308
0.5134,5234,Render,Middle_MCP,-17.730530,1.021839,20.849080,0.600036,0.368897,0.074777,-0.705890
0.5134,5234,Render,Middle_PIP,-17.692680,1.039642,20.881320,0.530308,0.463575,0.191163,-0.683615
0.5134,5234,Render,Middle_DIP,-17.678910,1.046026,20.904510,0.454852,0.537808,0.291445,-0.647250
0.5134,5234,Render,Middle_FingerTip,-17.671780,1.049195,20.931720,0.454852,0.537808,0.291445,-0.647250
0.5134,5234,Render,Ring_MCP,-17.724170,0.998100,20.848590,0.625502,0.358809,0.066832,-0.689592
0.5134,5234,Render,Ring_PIP,-17.690030,1.014699,20.875510,0.569852,0.441888,0.161585,-0.673717
0.5134,5234,Render,Ring_DIP,-17.675350,1.022231,20.896050,0.510363,0.509437,0.244256,-0.648339
0.5134,5234,Render,Ring_FingerTip,-17.666020,1.027476,20.919530,0.510363,0.509437,0.244256,-0.648339
0.5134,5234,Render,Pinky_MCP,-17.723620,0.975761,20.847540,0.635466,0.363408,0.074556,-0.677170
0.5134,5234,Render,Pinky_PIP,-17.695080,0.989970,20.870650,0.575574,0.452324,0.172661,-0.659019
0.5134,5234,Render,Pinky_DIP,-17.685340,0.995347,20.885230,0.511075,0.524104,0.257847,-0.630582
0.5134,5234,Render,Pinky_FingerTip,-17.679250,0.999381,20.902950,0.511075,0.524104,0.257847,-0.630582
0.5252,5235,Real,Wrist,-17.824170,0.967935,20.795750,0.639157,0.299996,-0.011446,-0.708060
0.5252,5235,Real,Thumb_CMC,-17.809970,1.008835,20.814880,-0.060520,0.495302,-0.358040,-0.789190
0.5252,5235,Real,Thumb_MCP,-17.798860,1.031018,20.851110,-0.123781,0.483389,-0.253461,-0.828717
0.5252,5235,Real,Thumb_IP,-17.779040,1.045748,20.893470,-0.231775,0.441891,-0.055802,-0.864812
0.5252,5235,Real,Thumb_FingerTip,-17.761850,1.042661,20.915990,-0.231775,0.441891,-0.055802,-0.864812
0.5252,5235,Real,Index_MCP,-17.750340,1.040015,20.845510,0.532532,0.418560,0.128269,-0.724406
0.5252,5235,Real,Index_PIP,-17.721460,1.052188,20.880300,0.517139,0.437435,0.154231,-0.719326
0.5252,5235,Real,Index_DIP,-17.706670,1.058172,20.900780,0.502714,0.453940,0.177426,-0.713959
0.5252,5235,Real,Index_FingerTip,-17.692550,1.063634,20.923010,0.502714,0.453940,0.177426,-0.713959
0.5252,5235,Real,Middle_MCP,-17.736880,1.016201,20.843470,0.560198,0.429765,0.140269,-0.694122
0.5252,5235,Real,Middle_PIP,-17.705660,1.031345,20.883270,0.473201,0.524024,0.263534,-0.657290
0.5252,5235,Real,Middle_DIP,-17.697010,1.035489,20.909280,0.381458,0.594146,0.367147,-0.605544
0.5252,5235,Real,Middle_FingerTip,-17.696320,1.035733,20.937570,0.381458,0.594146,0.367147,-0.605544
0.5252,5235,Real,Ring_MCP,-17.730300,0.992520,20.843100,0.578256,0.433598,0.143989,-0.675929
0.5252,5235,Real,Ring_PIP,-17.703190,1.006798,20.878120,0.490419,0.530920,0.263720,-0.638800
0.5252,5235,Real,Ring_DIP,-17.695360,1.011640,20.902800,0.397476,0.603656,0.364166,-0.587364
0.5252,5235,Real,Ring_FingerTip,-17.695210,1.012984,20.928570,0.397476,0.603656,0.364166,-0.587364
0.5252,5235,Real,Pinky_MCP,-17.729540,0.970183,20.842150,0.589938,0.436167,0.146637,-0.663498
0.5252,5235,Real,Pinky_PIP,-17.706840,0.982783,20.871750,0.501444,0.535558,0.264078,-0.626095
0.5252,5235,Real,Pinky_DIP,-17.701580,0.986570,20.888900,0.407599,0.610026,0.362452,-0.574770
0.5252,5235,Real,Pinky_FingerTip,-17.701710,0.988115,20.908000,0.407599,0.610026,0.362452,-0.574770
0.5252,5235,Virtual,Wrist,-17.821550,0.972846,20.798770,0.638994,0.298046,-0.009817,-0.709055
0.5252,5235,Virtual,Thumb_CMC,-17.807130,1.013631,20.817980,-0.060540,0.495374,-0.355533,-0.790276
0.5252,5235,Virtual,Thumb_MCP,-17.795870,1.035673,20.854250,-0.123810,0.483458,-0.250835,-0.829471
0.5252,5235,Virtual,Thumb_IP,-17.775930,1.050206,20.896620,-0.231819,0.441951,-0.053073,-0.864941
0.5252,5235,Virtual,Thumb_FingerTip,-17.758730,1.046983,20.919110,-0.231819,0.441951,-0.053073,-0.864941
0.5252,5235,Virtual,Index_MCP,-17.747320,1.044454,20.848610,0.532719,0.416681,0.130148,-0.725017
0.5252,5235,Virtual,Index_PIP,-17.718340,1.056406,20.883400,0.517394,0.435564,0.156131,-0.719869
0.5252,5235,Virtual,Index_DIP,-17.703500,1.062270,20.903860,0.503029,0.452079,0.179343,-0.714440
0.5252,5235,Virtual,Index_FingerTip,-17.689320,1.067612,20.926100,0.503029,0.452079,0.179343,-0.714440
0.5252,5235,Virtual,Middle_MCP,-17.733970,1.020582,20.846500,0.560456,0.427826,0.142073,-0.694745
0.5252,5235,Virtual,Middle_PIP,-17.702630,1.035481,20.886300,0.473805,0.522163,0.265421,-0.657577
0.5252,5235,Virtual,Middle_DIP,-17.693930,1.039521,20.912300,0.382358,0.592409,0.369055,-0.605519
0.5252,5235,Virtual,Middle_FingerTip,-17.693200,1.039693,20.940590,0.382358,0.592409,0.369055,-0.605519
0.5252,5235,Virtual,Ring_MCP,-17.727500,0.996872,20.846060,0.578547,0.431623,0.145743,-0.676568
0.5252,5235,Virtual,Ring_PIP,-17.700280,1.010936,20.881080,0.491062,0.529030,0.265560,-0.639111
0.5252,5235,Virtual,Ring_DIP,-17.692400,1.015681,20.905770,0.398418,0.601896,0.366032,-0.587372
0.5252,5235,Virtual,Ring_FingerTip,-17.692210,1.016961,20.931540,0.398418,0.601896,0.366032,-0.587372
0.5252,5235,Virtual,Pinky_MCP,-17.726850,0.974533,20.845050,0.590252,0.434169,0.148357,-0.664147
0.5252,5235,Virtual,Pinky_PIP,-17.704050,0.986954,20.874650,0.502114,0.533649,0.265887,-0.626422
0.5252,5235,Virtual,Pinky_DIP,-17.698750,0.990674,20.891820,0.408571,0.608252,0.364290,-0.574799
0.5252,5235,Virtual,Pinky_FingerTip,-17.698860,0.992173,20.910910,0.408571,0.608252,0.364290,-0.574799
0.5252,5235,Render,Wrist,-17.821550,0.972846,20.798770,0.638994,0.298046,-0.009817,-0.709055
0.5252,5235,Render,Thumb_CMC,-17.807130,1.013631,20.817980,-0.022752,0.509406,-0.341922,-0.789353
0.5252,5235,Render,Thumb_MCP,-17.796280,1.036316,20.853970,-0.076906,0.504081,-0.255860,-0.821294
0.5252,5235,Render,Thumb_IP,-17.778580,1.053121,20.896500,-0.180265,0.476987,-0.079088,-0.856583
0.5252,5235,Render,Thumb_FingerTip,-17.763410,1.052081,20.920600,-0.180265,0.476987,-0.079088,-0.856583
0.5252,5235,Render,Index_MCP,-17.747320,1.044454,20.848610,0.585000,0.339393,0.029120,-0.736030
0.5252,5235,Render,Index_PIP,-17.711360,1.061042,20.873600,0.547904,0.396502,0.102989,-0.729370
0.5252,5235,Render,Index_DIP,-17.694110,1.068420,20.891540,0.509757,0.444478,0.168600,-0.717051
0.5252,5235,Render,Index_FingerTip,-17.679370,1.074106,20.913310,0.509757,0.444478,0.168600,-0.717051
0.5252,5235,Render,Middle_MCP,-17.733970,1.020582,20.846500,0.599837,0.370595,0.073014,-0.705354
0.5252,5235,Render,Middle_PIP,-17.696230,1.038620,20.878730,0.529829,0.465217,0.189335,-0.683379
0.5252,5235,Render,Middle_DIP,-17.682500,1.045112,20.901920,0.454133,0.539359,0.289602,-0.647291
0.5252,5235,Render,Middle_FingerTip,-17.675420,1.048365,20.929120,0.454133,0.539359,0.289602,-0.647291
0.5252,5235,Render,Ring_MCP,-17.727500,0.996872,20.846060,0.625313,0.360553,0.065126,-0.689017
0.5252,5235,Render,Ring_PIP,-17.693460,1.013679,20.872970,0.569424,0.443589,0.159815,-0.673383
0.5252,5235,Render,Ring_DIP,-17.678830,1.021317,20.893500,0.509727,0.511071,0.242459,-0.648228
0.5252,5235,Render,Ring_FingerTip,-17.669540,1.026650,20.916970,0.509727,0.511071,0.242459,-0.648228
0.5252,5235,Render,Pinky_MCP,-17.726850,0.974533,20.845050,0.635252,0.365177,0.072877,-0.676601
0.5252,5235,Render,Pinky_PIP,-17.698400,0.988917,20.868150,0.575104,0.454043,0.170917,-0.658702
0.5252,5235,Render,Pinky_DIP,-17.688690,0.994367,20.882730,0.510383,0.525746,0.256076,-0.630496
0.5252,5235,Render,Pinky_FingerTip,-17.682630,0.998463,20.900440,0.510383,0.525746,0.256076,-0.630496
0.5387,5236,Real,Wrist,-17.827820,0.967870,20.793660,0.640485,0.302071,-0.011007,-0.705982
0.5387,5236,Real,Thumb_CMC,-17.813760,1.008869,20.812680,-0.057907,0.495933,-0.359623,-0.788270
0.5387,5236,Real,Thumb_MCP,-17.802800,1.031243,20.848850,-0.121324,0.484338,-0.255059,-0.828036
0.5387,5236,Real,Thumb_IP,-17.783160,1.046191,20.891210,-0.229688,0.443335,-0.057345,-0.864529
0.5387,5236,Real,Thumb_FingerTip,-17.766050,1.043212,20.913800,-0.229688,0.443335,-0.057345,-0.864529
0.5387,5236,Real,Index_MCP,-17.754320,1.040254,20.843470,0.533485,0.420900,0.128191,-0.722360
0.5387,5236,Real,Index_PIP,-17.725620,1.052612,20.878350,0.517851,0.439993,0.154335,-0.717229
0.5387,5236,Real,Index_DIP,-17.710960,1.058694,20.898880,0.503196,0.456681,0.177691,-0.711803
0.5387,5236,Real,Index_FingerTip,-17.696970,1.064253,20.921180,0.503196,0.456681,0.177691,-0.711803
0.5387,5236,Real,Middle_MCP,-17.740820,1.016450,20.841600,0.561090,0.432025,0.140190,-0.692011
0.5387,5236,Real,Middle_PIP,-17.709800,1.031805,20.881480,0.473648,0.526428,0.263102,-0.655217
0.5387,5236,Real,Middle_DIP,-17.701280,1.036071,20.907510,0.381484,0.596605,0.366405,-0.603556
0.5387,5236,Real,Middle_FingerTip,-17.700730,1.036436,20.935800,0.381484,0.596605,0.366405,-0.603556
0.5387,5236,Real,Ring_MCP,-17.734200,0.992776,20.841360,0.579027,0.435927,0.144069,-0.673751
0.5387,5236,Real,Ring_PIP,-17.707290,1.007235,20.876450,0.490683,0.533418,0.263492,-0.636606
0.5387,5236,Real,Ring_DIP,-17.699590,1.012187,20.901160,0.397254,0.606213,0.363657,-0.585192
0.5387,5236,Real,Ring_FingerTip,-17.699580,1.013633,20.926920,0.397254,0.606213,0.363657,-0.585192
0.5387,5236,Real,Pinky_MCP,-17.733410,0.970436,20.840500,0.590675,0.438480,0.146746,-0.661290
0.5387,5236,Real,Pinky_PIP,-17.710870,0.983189,20.870160,0.501677,0.538035,0.263873,-0.623867
0.5387,5236,Real,Pinky_DIP,-17.705700,0.987053,20.887330,0.407349,0.612559,0.361958,-0.572560
0.5387,5236,Real,Pinky_FingerTip,-17.705940,0.988673,20.906420,0.407349,0.612559,0.361958,-0.572560
0.5387,5236,Virtual,Wrist,-17.824590,0.971040,20.796420,0.639157,0.299996,-0.011445,-0.708060
0.5387,5236,Virtual,Thumb_CMC,-17.810390,1.011940,20.815550,-0.060113,0.494845,-0.357929,-0.789559
0.5387,5236,Virtual,Thumb_MCP,-17.799240,1.034147,20.851750,-0.123371,0.482975,-0.253213,-0.829095
0.5387,5236,Virtual,Thumb_IP,-17.779370,1.048891,20.894080,-0.231366,0.441537,-0.055305,-0.865134
0.5387,5236,Virtual,Thumb_FingerTip,-17.762150,1.045795,20.916580,-0.231366,0.441537,-0.055305,-0.865134
0.5387,5236,Virtual,Index_MCP,-17.750760,1.043120,20.846180,0.532532,0.418560,0.128270,-0.724406
0.5387,5236,Virtual,Index_PIP,-17.721880,1.055293,20.880980,0.516984,0.437620,0.154487,-0.719271
0.5387,5236,Virtual,Index_DIP,-17.707110,1.061269,20.901460,0.502406,0.454281,0.177910,-0.713839
0.5387,5236,Virtual,Index_FingerTip,-17.693010,1.066716,20.923720,0.502406,0.454281,0.177910,-0.713839
0.5387,5236,Virtual,Middle_MCP,-17.737300,1.019306,20.844140,0.560237,0.429715,0.140207,-0.694134
0.5387,5236,Virtual,Middle_PIP,-17.706070,1.034453,20.883940,0.473227,0.524001,0.263502,-0.657303
0.5387,5236,Virtual,Middle_DIP,-17.697420,1.038598,20.909950,0.381465,0.594142,0.367140,-0.605548
0.5387,5236,Virtual,Middle_FingerTip,-17.696730,1.038843,20.938240,0.381465,0.594142,0.367140,-0.605548
0.5387,5236,Virtual,Ring_MCP,-17.730720,0.995625,20.843770,0.578225,0.433640,0.144039,-0.675919
0.5387,5236,Virtual,Ring_PIP,-17.703610,1.009901,20.878800,0.490307,0.531024,0.263855,-0.638744
0.5387,5236,Virtual,Ring_DIP,-17.695800,1.014739,20.903490,0.397273,0.603789,0.364363,-0.587242
0.5387,5236,Virtual,Ring_FingerTip,-17.695660,1.016076,20.929250,0.397273,0.603789,0.364363,-0.587242
0.5387,5236,Virtual,Pinky_MCP,-17.729960,0.973288,20.842820,0.589906,0.436210,0.146685,-0.663487
0.5387,5236,Virtual,Pinky_PIP,-17.707260,0.985887,20.872420,0.501331,0.535663,0.264211,-0.626039
0.5387,5236,Virtual,Pinky_DIP,-17.702010,0.989671,20.889590,0.407395,0.610162,0.362645,-0.574649
0.5387,5236,Virtual,Pinky_FingerTip,-17.702150,0.991211,20.908680,0.407395,0.610162,0.362645,-0.574649
0.5387,5236,Render,Wrist,-17.824590,0.971040,20.796420,0.639157,0.299996,-0.011445,-0.708060
0.5387,5236,Render,Thumb_CMC,-17.810390,1.011940,20.815550,-0.022801,0.510066,-0.344269,-0.787904
0.5387,5236,Render,Thumb_MCP,-17.799740,1.034741,20.851530,-0.077025,0.504732,-0.258348,-0.820103
0.5387,5236,Render,Thumb_IP,-17.782230,1.051705,20.894070,-0.180518,0.477599,-0.081770,-0.855936
0.5387,5236,Render,Thumb_FingerTip,-17.767120,1.050780,20.918210,-0.180518,0.477599,-0.081770,-0.855936
0.5387,5236,Render,Index_MCP,-17.750760,1.043120,20.846180,0.585073,0.341280,0.027344,-0.735167
0.5387,5236,Render,Index_PIP,-17.714910,1.059938,20.871180,0.547788,0.398387,0.101135,-0.728690
0.5387,5236,Render,Index_DIP,-17.697730,1.067441,20.889120,0.509470,0.446344,0.166691,-0.716541
0.5387,5236,Render,Index_FingerTip,-17.683040,1.073249,20.910900,0.509470,0.446344,0.166691,-0.716541
0.5387,5236,Render,Middle_MCP,-17.737300,1.019306,20.844140,0.599771,0.372551,0.071281,-0.704556
0.5387,5236,Render,Middle_PIP,-17.699690,1.037601,20.876380,0.529439,0.467134,0.187494,-0.682881
0.5387,5236,Render,Middle_DIP,-17.686020,1.044213,20.899570,0.453460,0.541197,0.287707,-0.647074
0.5387,5236,Render,Middle_FingerTip,-17.678980,1.047567,20.926770,0.453460,0.541197,0.287707,-0.647074
0.5387,5236,Render,Ring_MCP,-17.730720,0.995625,20.843770,0.625257,0.362548,0.063460,-0.688176
0.5387,5236,Render,Ring_PIP,-17.696790,1.012659,20.870680,0.569092,0.445558,0.158049,-0.672781
0.5387,5236,Render,Ring_DIP,-17.682220,1.020416,20.891220,0.509152,0.512983,0.240631,-0.647850
0.5387,5236,Render,Ring_FingerTip,-17.672990,1.025849,20.914680,0.509152,0.512983,0.240631,-0.647850
0.5387,5236,Render,Pinky_MCP,-17.729960,0.973288,20.842820,0.635164,0.367198,0.071241,-0.675764
0.5387,5236,Render,Pinky_PIP,-17.701600,0.987863,20.865920,0.574722,0.456029,0.169176,-0.658112
0.5387,5236,Render,Pinky_DIP,-17.691940,0.993394,20.880500,0.509743,0.527665,0.254273,-0.630141
0.5387,5236,Render,Pinky_FingerTip,-17.685930,0.997561,20.898200,0.509743,0.527665,0.254273,-0.630141
0.5521,5237,Real,Wrist,-17.831580,0.967810,20.791310,0.641338,0.302676,-0.009984,-0.704963
0.5521,5237,Real,Thumb_CMC,-17.817530,1.008828,20.810300,-0.056375,0.496731,-0.359710,-0.787839
0.5521,5237,Real,Thumb_MCP,-17.806650,1.031257,20.846440,-0.119907,0.485327,-0.255201,-0.827619
0.5521,5237,Real,Thumb_IP,-17.787100,1.046262,20.888830,-0.228537,0.444624,-0.057580,-0.864156
0.5521,5237,Real,Thumb_FingerTip,-17.770060,1.043306,20.911480,-0.228537,0.444624,-0.057580,-0.864156
0.5521,5237,Real,Index_MCP,-17.758130,1.040203,20.841190,0.534228,0.421721,0.128963,-0.721194
0.5521,5237,Real,Index_PIP,-17.729520,1.052592,20.876120,0.518564,0.440840,0.155063,-0.716036
0.5521,5237,Real,Index_DIP,-17.714900,1.058696,20.896680,0.503881,0.457550,0.178380,-0.710586
0.5521,5237,Real,Index_FingerTip,-17.700980,1.064280,20.919010,0.503881,0.457550,0.178380,-0.710586
0.5521,5237,Real,Middle_MCP,-17.744660,1.016379,20.839400,0.561795,0.432798,0.140972,-0.690796
0.5521,5237,Real,Middle_PIP,-17.713730,1.031773,20.879340,0.474200,0.527315,0.263651,-0.653881
0.5521,5237,Real,Middle_DIP,-17.705280,1.036078,20.905380,0.381885,0.597571,0.366729,-0.602148
0.5521,5237,Real,Middle_FingerTip,-17.704800,1.036496,20.933680,0.381885,0.597571,0.366729,-0.602148
0.5521,5237,Real,Ring_MCP,-17.738070,0.992697,20.839220,0.579712,0.436667,0.144861,-0.672512
0.5521,5237,Real,Ring_PIP,-17.711230,1.007190,20.874360,0.491222,0.534270,0.264048,-0.635244
0.5521,5237,Real,Ring_DIP,-17.703600,1.012181,20.899080,0.397647,0.607141,0.363984,-0.583757
0.5521,5237,Real,Ring_FingerTip,-17.703660,1.013674,20.924840,0.397647,0.607141,0.363984,-0.583757
0.5521,5237,Real,Pinky_MCP,-17.737300,0.970355,20.838410,0.591345,0.439199,0.147545,-0.660035
0.5521,5237,Real,Pinky_PIP,-17.714830,0.983137,20.868110,0.502206,0.538864,0.264432,-0.622488
0.5521,5237,Real,Pinky_DIP,-17.709710,0.987027,20.885290,0.407737,0.613462,0.362285,-0.571109
0.5521,5237,Real,Pinky_FingerTip,-17.710000,0.988683,20.904370,0.407737,0.613462,0.362285,-0.571109
0.5521,5237,Virtual,Wrist,-17.827970,0.969121,20.793890,0.640485,0.302071,-0.011007,-0.705982
0.5521,5237,Virtual,Thumb_CMC,-17.813920,1.010120,20.812910,-0.057907,0.495933,-0.359623,-0.788270
0.5521,5237,Virtual,Thumb_MCP,-17.802960,1.032493,20.849080,-0.121324,0.484338,-0.255059,-0.828036
0.5521,5237,Virtual,Thumb_IP,-17.783310,1.047441,20.891440,-0.229688,0.443335,-0.057345,-0.864529
0.5521,5237,Virtual,Thumb_FingerTip,-17.766210,1.044463,20.914030,-0.229688,0.443335,-0.057345,-0.864529
0.5521,5237,Virtual,Index_MCP,-17.754470,1.041505,20.843700,0.533485,0.420901,0.128191,-0.722360
0.5521,5237,Virtual,Index_PIP,-17.725780,1.053863,20.878580,0.517851,0.439993,0.154335,-0.717229
0.5521,5237,Virtual,Index_DIP,-17.711110,1.059944,20.899110,0.503196,0.456681,0.177691,-0.711803
0.5521,5237,Virtual,Index_FingerTip,-17.697130,1.065503,20.921410,0.503196,0.456681,0.177691,-0.711803
0.5521,5237,Virtual,Middle_MCP,-17.740970,1.017700,20.841830,0.561090,0.432025,0.140190,-0.692011
0.5521,5237,Virtual,Middle_PIP,-17.709960,1.033056,20.881710,0.473648,0.526428,0.263102,-0.655217
0.5521,5237,Virtual,Middle_DIP,-17.701440,1.037322,20.907740,0.381484,0.596605,0.366405,-0.603556
0.5521,5237,Virtual,Middle_FingerTip,-17.700880,1.037687,20.936030,0.381484,0.596605,0.366405,-0.603556
0.5521,5237,Virtual,Ring_MCP,-17.734360,0.994027,20.841580,0.579028,0.435927,0.144069,-0.673751
0.5521,5237,Virtual,Ring_PIP,-17.707440,1.008485,20.876680,0.490683,0.533419,0.263492,-0.636606
0.5521,5237,Virtual,Ring_DIP,-17.699750,1.013438,20.901390,0.397254,0.606213,0.363657,-0.585191
0.5521,5237,Virtual,Ring_FingerTip,-17.699740,1.014883,20.927150,0.397254,0.606213,0.363657,-0.585191
0.5521,5237,Virtual,Pinky_MCP,-17.733570,0.971687,20.840730,0.590675,0.438480,0.146746,-0.661290
0.5521,5237,Virtual,Pinky_PIP,-17.711030,0.984440,20.870390,0.501677,0.538035,0.263873,-0.623867
0.5521,5237,Virtual,Pinky_DIP,-17.705860,0.988303,20.887560,0.407349,0.612559,0.361958,-0.572560
0.5521,5237,Virtual,Pinky_FingerTip,-17.706100,0.989923,20.906650,0.407349,0.612559,0.361958,-0.572560
0.5521,5237,Render,Wrist,-17.827970,0.969121,20.793890,0.640485,0.302071,-0.011007,-0.705982
0.5521,5237,Render,Thumb_CMC,-17.813920,1.010120,20.812910,-0.020614,0.510576,-0.346054,-0.786851
0.5521,5237,Render,Thumb_MCP,-17.803420,1.033108,20.848820,-0.074904,0.505473,-0.260235,-0.819247
0.5521,5237,Render,Thumb_IP,-17.786080,1.050302,20.891340,-0.178598,0.478765,-0.083794,-0.855492
0.5521,5237,Render,Thumb_FingerTip,-17.771050,1.049514,20.915540,-0.178598,0.478765,-0.083794,-0.855492
0.5521,5237,Render,Index_MCP,-17.754470,1.041505,20.843700,0.586339,0.343467,0.027548,-0.733129
0.5521,5237,Render,Index_PIP,-17.718770,1.058475,20.868800,0.548827,0.400690,0.101133,-0.726642
0.5521,5237,Render,Index_DIP,-17.701680,1.066076,20.886790,0.510297,0.448732,0.166504,-0.714502
0.5521,5237,Render,Index_FingerTip,-17.687100,1.071995,20.908610,0.510297,0.448732,0.166504,-0.714502
0.5521,5237,Render,Middle_MCP,-17.740970,1.017700,20.841830,0.600848,0.374767,0.071474,-0.702441
0.5521,5237,Render,Middle_PIP,-17.703540,1.036179,20.874160,0.530132,0.469498,0.187332,-0.680764
0.5521,5237,Render,Middle_DIP,-17.689990,1.042908,20.897390,0.453791,0.543638,0.287229,-0.645005
0.5521,5237,Render,Middle_FingerTip,-17.683080,1.046385,20.924610,0.453791,0.543638,0.287229,-0.645005
0.5521,5237,Render,Ring_MCP,-17.734360,0.994027,20.841580,0.626323,0.364725,0.063745,-0.686026
0.5521,5237,Render,Ring_PIP,-17.700580,1.011218,20.868590,0.569847,0.447861,0.158034,-0.670613
0.5521,5237,Render,Ring_DIP,-17.686120,1.019080,20.889150,0.509614,0.515363,0.240346,-0.645701
0.5521,5237,Render,Ring_FingerTip,-17.677010,1.024625,20.912650,0.509614,0.515363,0.240346,-0.645701
0.5521,5237,Render,Pinky_MCP,-17.733570,0.971687,20.840730,0.636183,0.369368,0.071548,-0.673587
0.5521,5237,Render,Pinky_PIP,-17.705340,0.986395,20.863910,0.575413,0.458325,0.169162,-0.655914
0.5521,5237,Render,Pinky_DIP,-17.695750,0.992001,20.878510,0.510126,0.530031,0.253970,-0.627963
0.5521,5237,Render,Pinky_FingerTip,-17.689830,0.996250,20.896220,0.510126,0.530031,0.253970,-0.627963
0.5660,5238,Real,Wrist,-17.835080,0.967675,20.789170,0.641717,0.303517,-0.010509,-0.704249
0.5660,5238,Real,Thumb_CMC,-17.821110,1.008749,20.808090,-0.056314,0.497201,-0.360927,-0.786989
0.5660,5238,Real,Thumb_MCP,-17.810350,1.031235,20.844240,-0.119908,0.485801,-0.256517,-0.826934
0.5660,5238,Real,Thumb_IP,-17.790910,1.046324,20.886650,-0.228647,0.445085,-0.059018,-0.863792
0.5660,5238,Real,Thumb_FingerTip,-17.773910,1.043429,20.909330,-0.228647,0.445085,-0.059018,-0.863792
0.5660,5238,Real,Index_MCP,-17.761800,1.040273,20.838990,0.534459,0.422605,0.128269,-0.720628
0.5660,5238,Real,Index_PIP,-17.733240,1.052770,20.873930,0.518763,0.441732,0.154350,-0.715496
0.5660,5238,Real,Index_DIP,-17.718650,1.058932,20.894500,0.504051,0.458449,0.177649,-0.710070
0.5660,5238,Real,Index_FingerTip,-17.704750,1.064578,20.916820,0.504051,0.458449,0.177649,-0.710070
0.5660,5238,Real,Middle_MCP,-17.748280,1.016467,20.837250,0.561915,0.433792,0.140418,-0.690188
0.5660,5238,Real,Middle_PIP,-17.717430,1.031975,20.877200,0.474088,0.528359,0.263058,-0.653359
0.5660,5238,Real,Middle_DIP,-17.709020,1.036334,20.903260,0.381553,0.598615,0.366111,-0.601698
0.5660,5238,Real,Middle_FingerTip,-17.708590,1.036793,20.931550,0.381553,0.598615,0.366111,-0.601698
0.5660,5238,Real,Ring_MCP,-17.741650,0.992796,20.837120,0.579809,0.437674,0.144325,-0.671888
0.5660,5238,Real,Ring_PIP,-17.714890,1.007390,20.872280,0.491084,0.535325,0.263469,-0.634703
0.5660,5238,Real,Ring_DIP,-17.707300,1.012430,20.897000,0.397287,0.608194,0.363375,-0.583286
0.5660,5238,Real,Ring_FingerTip,-17.707400,1.013961,20.922750,0.397287,0.608194,0.363375,-0.583286
0.5660,5238,Real,Pinky_MCP,-17.740850,0.970453,20.836350,0.591428,0.440213,0.147020,-0.659402
0.5660,5238,Real,Pinky_PIP,-17.718440,0.983321,20.866060,0.502052,0.539924,0.263861,-0.621935
0.5660,5238,Real,Pinky_DIP,-17.713340,0.987245,20.883240,0.407359,0.614519,0.361682,-0.570625
0.5660,5238,Real,Pinky_FingerTip,-17.713670,0.988929,20.902320,0.407359,0.614519,0.361682,-0.570625
0.5660,5238,Virtual,Wrist,-17.831580,0.967812,20.791320,0.641339,0.302675,-0.009984,-0.704963
0.5660,5238,Virtual,Thumb_CMC,-17.817530,1.008831,20.810300,-0.056776,0.497187,-0.359833,-0.787466
0.5660,5238,Virtual,Thumb_MCP,-17.806700,1.031236,20.846480,-0.120364,0.485727,-0.255371,-0.827265
0.5660,5238,Virtual,Thumb_IP,-17.787200,1.046219,20.888900,-0.229074,0.444908,-0.057827,-0.863851
0.5660,5238,Virtual,Thumb_FingerTip,-17.770170,1.043258,20.911550,-0.229074,0.444908,-0.057827,-0.863851
0.5660,5238,Virtual,Index_MCP,-17.758140,1.040205,20.841190,0.534229,0.421720,0.128963,-0.721194
0.5660,5238,Virtual,Index_PIP,-17.729520,1.052594,20.876130,0.518564,0.440839,0.155063,-0.716036
0.5660,5238,Virtual,Index_DIP,-17.714910,1.058698,20.896690,0.503881,0.457550,0.178380,-0.710586
0.5660,5238,Virtual,Index_FingerTip,-17.700980,1.064282,20.919020,0.503881,0.457550,0.178380,-0.710586
0.5660,5238,Virtual,Middle_MCP,-17.744660,1.016381,20.839400,0.561725,0.432889,0.141084,-0.690774
0.5660,5238,Virtual,Middle_PIP,-17.713750,1.031769,20.879350,0.474066,0.527437,0.263819,-0.653814
0.5660,5238,Virtual,Middle_DIP,-17.705310,1.036069,20.905410,0.381681,0.597702,0.366935,-0.602023
0.5660,5238,Virtual,Middle_FingerTip,-17.704850,1.036478,20.933690,0.381681,0.597702,0.366935,-0.602023
0.5660,5238,Virtual,Ring_MCP,-17.738070,0.992699,20.839220,0.579641,0.436762,0.144971,-0.672488
0.5660,5238,Virtual,Ring_PIP,-17.711250,1.007188,20.874380,0.491084,0.534398,0.264213,-0.635176
0.5660,5238,Virtual,Ring_DIP,-17.703630,1.012173,20.899100,0.397437,0.607279,0.364186,-0.583631
0.5660,5238,Virtual,Ring_FingerTip,-17.703700,1.013659,20.924850,0.397437,0.607279,0.364186,-0.583631
0.5660,5238,Virtual,Pinky_MCP,-17.737300,0.970357,20.838410,0.591274,0.439295,0.147653,-0.660011
0.5660,5238,Virtual,Pinky_PIP,-17.714840,0.983136,20.868120,0.502066,0.538994,0.264594,-0.622419
0.5660,5238,Virtual,Pinky_DIP,-17.709720,0.987022,20.885300,0.407524,0.613603,0.362483,-0.570983
0.5660,5238,Virtual,Pinky_FingerTip,-17.710030,0.988673,20.904390,0.407524,0.613603,0.362483,-0.570983
0.5660,5238,Render,Wrist,-17.831580,0.967812,20.791320,0.641339,0.302675,-0.009984,-0.704963
0.5660,5238,Render,Thumb_CMC,-17.817530,1.008831,20.810300,-0.019093,0.511363,-0.346104,-0.786356
0.5660,5238,Render,Thumb_MCP,-17.807100,1.031875,20.846190,-0.073476,0.506417,-0.260337,-0.818760
0.5660,5238,Render,Thumb_IP,-17.789870,1.049128,20.888730,-0.177398,0.479986,-0.083995,-0.855037
0.5660,5238,Render,Thumb_FingerTip,-17.774900,1.048368,20.912970,-0.177398,0.479986,-0.083995,-0.855037
0.5660,5238,Render,Index_MCP,-17.758140,1.040205,20.841190,0.587189,0.344177,0.028472,-0.732080
0.5660,5238,Render,Index_PIP,-17.722480,1.057180,20.866350,0.549601,0.401481,0.101947,-0.725506
0.5660,5238,Render,Index_DIP,-17.705430,1.064795,20.884380,0.510996,0.449590,0.167212,-0.713297
0.5660,5238,Render,Index_FingerTip,-17.690910,1.070739,20.906240,0.510996,0.449590,0.167212,-0.713297
0.5660,5238,Render,Middle_MCP,-17.744660,1.016381,20.839400,0.601625,0.375467,0.072371,-0.701310
0.5660,5238,Render,Middle_PIP,-17.707300,1.034877,20.871810,0.530782,0.470317,0.188028,-0.679499
0.5660,5238,Render,Middle_DIP,-17.693800,1.041634,20.895060,0.454311,0.544545,0.287729,-0.643650
0.5660,5238,Render,Middle_FingerTip,-17.686970,1.045154,20.922290,0.454311,0.544545,0.287729,-0.643650
0.5660,5238,Render,Ring_MCP,-17.738070,0.992699,20.839220,0.627090,0.365380,0.064678,-0.684889
0.5660,5238,Render,Ring_PIP,-17.704350,1.009902,20.866290,0.570516,0.448615,0.158801,-0.669357
0.5660,5238,Render,Ring_DIP,-17.689940,1.017786,20.886880,0.510184,0.516194,0.240951,-0.644360
0.5660,5238,Render,Ring_FingerTip,-17.680880,1.023364,20.910390,0.510184,0.516194,0.240951,-0.644360
0.5660,5238,Render,Pinky_MCP,-17.737300,0.970357,20.838410,0.636930,0.370007,0.072483,-0.672430
0.5660,5238,Render,Pinky_PIP,-17.709130,0.985076,20.861640,0.576059,0.459065,0.169918,-0.654632
0.5660,5238,Render,Pinky_DIP,-17.699570,0.990698,20.876260,0.510668,0.530851,0.254551,-0.626594
0.5660,5238,Render,Pinky_FingerTip,-17.693690,0.994973,20.893980,0.510668,0.530851,0.254551,-0.626594
0.5798,5239,Real,Wrist,-17.838490,0.967128,20.786400,0.640720,0.302442,-0.011973,-0.705595
0.5798,5239,Real,Thumb_CMC,-17.824500,1.008178,20.805360,-0.058259,0.495900,-0.360759,-0.787746
0.5798,5239,Real,Thumb_MCP,-17.813610,1.030598,20.841510,-0.121721,0.484246,-0.256163,-0.827690
0.5798,5239,Real,Thumb_IP,-17.794010,1.045609,20.883870,-0.230140,0.443110,-0.058331,-0.864458
0.5798,5239,Real,Thumb_FingerTip,-17.776900,1.042671,20.906480,-0.230140,0.443110,-0.058331,-0.864458
0.5798,5239,Real,Index_MCP,-17.765090,1.039707,20.836070,0.533663,0.421274,0.127153,-0.722194
0.5798,5239,Real,Index_PIP,-17.736400,1.052163,20.870920,0.517859,0.440557,0.153547,-0.717047
0.5798,5239,Real,Index_DIP,-17.721740,1.058291,20.891450,0.503039,0.457406,0.177125,-0.711589
0.5798,5239,Real,Index_FingerTip,-17.707790,1.063889,20.913760,0.503039,0.457406,0.177125,-0.711589
0.5798,5239,Real,Middle_MCP,-17.751550,1.015923,20.834230,0.561140,0.432568,0.139324,-0.691806
0.5798,5239,Real,Middle_PIP,-17.720560,1.031379,20.874090,0.473476,0.527080,0.262365,-0.655112
0.5798,5239,Real,Middle_DIP,-17.712060,1.035686,20.900120,0.381084,0.597301,0.365787,-0.603496
0.5798,5239,Real,Middle_FingerTip,-17.711520,1.036075,20.928410,0.381084,0.597301,0.365787,-0.603496
0.5798,5239,Real,Ring_MCP,-17.744900,0.992261,20.834010,0.579060,0.436498,0.143209,-0.673536
0.5798,5239,Real,Ring_PIP,-17.718000,1.006808,20.869100,0.490486,0.534101,0.262758,-0.636489
0.5798,5239,Real,Ring_DIP,-17.710330,1.011799,20.893800,0.396821,0.606938,0.363037,-0.585119
0.5798,5239,Real,Ring_FingerTip,-17.710340,1.013266,20.919560,0.396821,0.606938,0.363037,-0.585119
0.5798,5239,Real,Pinky_MCP,-17.744070,0.969921,20.833190,0.590696,0.439069,0.145889,-0.661070
0.5798,5239,Real,Pinky_PIP,-17.721550,0.982749,20.862830,0.501465,0.538736,0.263137,-0.623743
0.5798,5239,Real,Pinky_DIP,-17.716400,0.986639,20.880010,0.406897,0.613301,0.361333,-0.572482
0.5798,5239,Real,Pinky_FingerTip,-17.716650,0.988275,20.899090,0.406897,0.613301,0.361333,-0.572482
0.5798,5239,Virtual,Wrist,-17.835080,0.967675,20.789170,0.641717,0.303517,-0.010509,-0.704249
0.5798,5239,Virtual,Thumb_CMC,-17.821110,1.008749,20.808100,-0.056309,0.497201,-0.360935,-0.786986
0.5798,5239,Virtual,Thumb_MCP,-17.810350,1.031236,20.844250,-0.119955,0.485788,-0.256436,-0.826959
0.5798,5239,Virtual,Thumb_IP,-17.790910,1.046317,20.886660,-0.228777,0.445017,-0.058765,-0.863810
0.5798,5239,Virtual,Thumb_FingerTip,-17.773900,1.043407,20.909340,-0.228777,0.445017,-0.058765,-0.863810
0.5798,5239,Virtual,Index_MCP,-17.761800,1.040273,20.838990,0.534460,0.422605,0.128269,-0.720629
0.5798,5239,Virtual,Index_PIP,-17.733250,1.052770,20.873930,0.518606,0.441917,0.154604,-0.715441
0.5798,5239,Virtual,Index_DIP,-17.718670,1.058925,20.894510,0.503740,0.458790,0.178129,-0.709950
0.5798,5239,Virtual,Index_FingerTip,-17.704800,1.064555,20.916860,0.503740,0.458790,0.178129,-0.709950
0.5798,5239,Virtual,Middle_MCP,-17.748280,1.016467,20.837260,0.561884,0.433831,0.140466,-0.690179
0.5798,5239,Virtual,Middle_PIP,-17.717440,1.031973,20.877210,0.473979,0.528457,0.263193,-0.653304
0.5798,5239,Virtual,Middle_DIP,-17.709040,1.036327,20.903270,0.381355,0.598742,0.366309,-0.601577
0.5798,5239,Virtual,Middle_FingerTip,-17.708630,1.036778,20.931560,0.381355,0.598742,0.366309,-0.601577
0.5798,5239,Virtual,Ring_MCP,-17.741660,0.992796,20.837120,0.579778,0.437715,0.144373,-0.671878
0.5798,5239,Virtual,Ring_PIP,-17.714900,1.007388,20.872290,0.490972,0.535429,0.263603,-0.634647
0.5798,5239,Virtual,Ring_DIP,-17.707320,1.012424,20.897010,0.397083,0.608327,0.363570,-0.583164
0.5798,5239,Virtual,Ring_FingerTip,-17.707440,1.013948,20.922760,0.397083,0.608327,0.363570,-0.583164
0.5798,5239,Virtual,Pinky_MCP,-17.740850,0.970453,20.836350,0.591396,0.440256,0.147068,-0.659392
0.5798,5239,Virtual,Pinky_PIP,-17.718450,0.983319,20.866070,0.501939,0.540030,0.263992,-0.621880
0.5798,5239,Virtual,Pinky_DIP,-17.713360,0.987241,20.883250,0.407153,0.614655,0.361872,-0.570504
0.5798,5239,Virtual,Pinky_FingerTip,-17.713690,0.988920,20.902330,0.407153,0.614655,0.361872,-0.570504
0.5798,5239,Render,Wrist,-17.835080,0.967675,20.789170,0.641717,0.303517,-0.010509,-0.704249
0.5798,5239,Render,Thumb_CMC,-17.821110,1.008749,20.808100,-0.018678,0.512045,-0.347044,-0.785508
0.5798,5239,Render,Thumb_MCP,-17.810810,1.031850,20.843990,-0.073137,0.507139,-0.261362,-0.818017
0.5798,5239,Render,Thumb_IP,-17.793700,1.049178,20.886550,-0.177217,0.480763,-0.085152,-0.854524
0.5798,5239,Render,Thumb_FingerTip,-17.778790,1.048469,20.910820,-0.177217,0.480763,-0.085152,-0.854524
0.5798,5239,Render,Index_MCP,-17.761800,1.040273,20.838990,0.587539,0.345022,0.027863,-0.731425
0.5798,5239,Render,Index_PIP,-17.726200,1.057350,20.864160,0.549865,0.402357,0.101275,-0.724915
0.5798,5239,Render,Index_DIP,-17.709180,1.065024,20.882190,0.511179,0.450486,0.166489,-0.712769
0.5798,5239,Render,Index_FingerTip,-17.694680,1.071028,20.904040,0.511179,0.450486,0.166489,-0.712769
0.5798,5239,Render,Middle_MCP,-17.748280,1.016467,20.837260,0.601902,0.376346,0.071766,-0.700662
0.5798,5239,Render,Middle_PIP,-17.710980,1.035081,20.869670,0.530909,0.471231,0.187324,-0.678960
0.5798,5239,Render,Middle_DIP,-17.697520,1.041899,20.892920,0.454300,0.545468,0.286952,-0.643223
0.5798,5239,Render,Middle_FingerTip,-17.690720,1.045478,20.920160,0.454300,0.545468,0.286952,-0.643223
0.5798,5239,Render,Ring_MCP,-17.741660,0.992796,20.837120,0.627365,0.366265,0.064107,-0.684218
0.5798,5239,Render,Ring_PIP,-17.707990,1.010100,20.864190,0.570665,0.449531,0.158142,-0.668771
0.5798,5239,Render,Ring_DIP,-17.693610,1.018044,20.884790,0.510218,0.517121,0.240224,-0.643860
0.5798,5239,Render,Ring_FingerTip,-17.684590,1.023677,20.908290,0.510218,0.517121,0.240224,-0.643860
0.5798,5239,Render,Pinky_MCP,-17.740850,0.970453,20.836350,0.637187,0.370901,0.071923,-0.671754
0.5798,5239,Render,Pinky_PIP,-17.712720,0.985259,20.859580,0.576182,0.459988,0.169265,-0.654046
0.5798,5239,Render,Pinky_DIP,-17.703190,0.990921,20.874200,0.510669,0.531781,0.253826,-0.626098
0.5798,5239,Render,Pinky_FingerTip,-17.697340,0.995237,20.891930,0.510669,0.531781,0.253826,-0.626098
0.5975,5240,Real,Wrist,-17.841820,0.966424,20.783500,0.639022,0.301117,-0.015552,-0.707628
0.5975,5240,Real,Thumb_CMC,-17.827850,1.007481,20.802470,-0.061957,0.493232,-0.361349,-0.788867
0.5975,5240,Real,Thumb_MCP,-17.816770,1.029831,20.838600,-0.125036,0.481126,-0.256617,-0.828874
0.5975,5240,Real,Thumb_IP,-17.796900,1.044790,20.880860,-0.232634,0.439315,-0.058524,-0.865713
0.5975,5240,Real,Thumb_FingerTip,-17.779600,1.041852,20.903310,-0.232634,0.439315,-0.058524,-0.865713
0.5975,5240,Real,Index_MCP,-17.768350,1.039182,20.832810,0.532132,0.419573,0.124276,-0.724811
0.5975,5240,Real,Index_PIP,-17.739460,1.051657,20.867480,0.516391,0.438801,0.150767,-0.719767
0.5975,5240,Real,Index_DIP,-17.724670,1.057786,20.887920,0.501629,0.455603,0.174437,-0.714400
0.5975,5240,Real,Index_FingerTip,-17.710580,1.063378,20.910140,0.501629,0.455603,0.174437,-0.714400
0.5975,5240,Real,Middle_MCP,-17.754720,1.015462,20.830790,0.559662,0.431045,0.136430,-0.694526
0.5975,5240,Real,Middle_PIP,-17.723500,1.030933,20.870470,0.472268,0.525342,0.260050,-0.658296
0.5975,5240,Real,Middle_DIP,-17.714830,1.035197,20.896450,0.380144,0.595409,0.364055,-0.606995
0.5975,5240,Real,Middle_FingerTip,-17.714100,1.035500,20.924740,0.380144,0.595409,0.364055,-0.606995
0.5975,5240,Real,Ring_MCP,-17.747960,0.991830,20.830460,0.577611,0.435084,0.140288,-0.676304
0.5975,5240,Real,Ring_PIP,-17.720880,1.006389,20.865390,0.489286,0.532478,0.260424,-0.639724
0.5975,5240,Real,Ring_DIP,-17.713050,1.011338,20.890050,0.395869,0.605162,0.361294,-0.588672
0.5975,5240,Real,Ring_FingerTip,-17.712880,1.012725,20.915810,0.395869,0.605162,0.361294,-0.588672
0.5975,5240,Real,Pinky_MCP,-17.747050,0.969496,20.829570,0.589269,0.437727,0.142951,-0.663869
0.5975,5240,Real,Pinky_PIP,-17.724370,0.982334,20.859080,0.500272,0.537188,0.260792,-0.627012
0.5975,5240,Real,Pinky_DIP,-17.719110,0.986195,20.876230,0.405940,0.611602,0.359583,-0.576070
0.5975,5240,Real,Pinky_FingerTip,-17.719240,0.987771,20.895320,0.405940,0.611602,0.359583,-0.576070
0.5975,5240,Virtual,Wrist,-17.841820,0.966424,20.783510,0.639022,0.301117,-0.015552,-0.707628
0.5975,5240,Virtual,Thumb_CMC,-17.827860,1.007481,20.802480,-0.061957,0.493232,-0.361349,-0.788867
0.5975,5240,Virtual,Thumb_MCP,-17.816780,1.029831,20.838610,-0.125037,0.481126,-0.256617,-0.828874
0.5975,5240,Virtual,Thumb_IP,-17.796910,1.044790,20.880860,-0.232634,0.439315,-0.058524,-0.865713
0.5975,5240,Virtual,Thumb_FingerTip,-17.779600,1.041853,20.903320,-0.232634,0.439315,-0.058524,-0.865713
0.5975,5240,Virtual,Index_MCP,-17.768350,1.039183,20.832820,0.532131,0.419573,0.124276,-0.724811
0.5975,5240,Virtual,Index_PIP,-17.739460,1.051657,20.867490,0.516390,0.438801,0.150767,-0.719767
0.5975,5240,Virtual,Index_DIP,-17.724680,1.057787,20.887930,0.501629,0.455603,0.174437,-0.714400
0.5975,5240,Virtual,Index_FingerTip,-17.710590,1.063378,20.910140,0.501629,0.455603,0.174437,-0.714400
0.5975,5240,Virtual,Middle_MCP,-17.754730,1.015463,20.830800,0.559662,0.431045,0.136430,-0.694526
0.5975,5240,Virtual,Middle_PIP,-17.723510,1.030933,20.870480,0.472267,0.525342,0.260051,-0.658296
0.5975,5240,Virtual,Middle_DIP,-17.714840,1.035197,20.896460,0.380144,0.595409,0.364055,-0.606995
0.5975,5240,Virtual,Middle_FingerTip,-17.714110,1.035501,20.924750,0.380144,0.595409,0.364055,-0.606995
0.5975,5240,Virtual,Ring_MCP,-17.747970,0.991830,20.830470,0.577611,0.435084,0.140288,-0.676304
0.5975,5240,Virtual,Ring_PIP,-17.720890,1.006389,20.865400,0.489285,0.532478,0.260424,-0.639724
0.5975,5240,Virtual,Ring_DIP,-17.713050,1.011339,20.890060,0.395868,0.605162,0.361294,-0.588671
0.5975,5240,Virtual,Ring_FingerTip,-17.712890,1.012726,20.915820,0.395868,0.605162,0.361294,-0.588671
0.5975,5240,Virtual,Pinky_MCP,-17.747050,0.969496,20.829580,0.589269,0.437728,0.142951,-0.663869
0.5975,5240,Virtual,Pinky_PIP,-17.724380,0.982335,20.859090,0.500272,0.537188,0.260792,-0.627012
0.5975,5240,Virtual,Pinky_DIP,-17.719120,0.986195,20.876240,0.405939,0.611602,0.359583,-0.576071
0.5975,5240,Virtual,Pinky_FingerTip,-17.719240,0.987771,20.895330,0.405939,0.611602,0.359583,-0.576071
0.5975,5240,Render,Wrist,-17.838500,0.967128,20.786410,0.640720,0.302442,-0.011973,-0.705595
0.5975,5240,Render,Thumb_CMC,-17.824500,1.008177,20.805360,-0.020607,0.510755,-0.346930,-0.786349
0.5975,5240,Render,Thumb_MCP,-17.814080,1.031211,20.841270,-0.074917,0.505651,-0.261159,-0.818841
0.5975,5240,Render,Thumb_IP,-17.796800,1.048467,20.883790,-0.178648,0.478937,-0.084782,-0.855288
0.5975,5240,Render,Thumb_FingerTip,-17.781790,1.047723,20.908000,-0.178648,0.478937,-0.084782,-0.855288
0.5975,5240,Render,Index_MCP,-17.765100,1.039707,20.836080,0.586567,0.343812,0.026542,-0.732822
0.5975,5240,Render,Index_PIP,-17.729410,1.056773,20.861130,0.549019,0.401056,0.100101,-0.726438
0.5975,5240,Render,Index_DIP,-17.712330,1.064429,20.879110,0.510455,0.449114,0.165458,-0.714392
0.5975,5240,Render,Index_FingerTip,-17.697750,1.070403,20.900920,0.510455,0.449114,0.165458,-0.714392
0.5975,5240,Render,Middle_MCP,-17.751560,1.015923,20.834230,0.601038,0.375163,0.070469,-0.702169
0.5975,5240,Render,Middle_PIP,-17.714140,1.034511,20.866530,0.530253,0.469920,0.186295,-0.680662
0.5975,5240,Render,Middle_DIP,-17.700590,1.041296,20.889740,0.453848,0.544073,0.286190,-0.645060
0.5975,5240,Render,Middle_FingerTip,-17.693680,1.044822,20.916950,0.453848,0.544073,0.286190,-0.645060
0.5975,5240,Render,Ring_MCP,-17.744910,0.992261,20.834020,0.626508,0.365141,0.062755,-0.685727
0.5975,5240,Render,Ring_PIP,-17.711150,1.009547,20.860990,0.569973,0.448298,0.157012,-0.670453
0.5975,5240,Render,Ring_DIP,-17.696690,1.017463,20.881540,0.509684,0.515812,0.239312,-0.645670
0.5975,5240,Render,Ring_FingerTip,-17.687570,1.023056,20.905010,0.509684,0.515812,0.239312,-0.645670
0.5975,5240,Render,Pinky_MCP,-17.744080,0.969920,20.833200,0.636358,0.369800,0.070563,-0.673289
0.5975,5240,Render,Pinky_PIP,-17.715860,0.984710,20.856340,0.575523,0.458778,0.168144,-0.655763
0.5975,5240,Render,Pinky_DIP,-17.706280,0.990352,20.870930,0.510175,0.530495,0.252941,-0.627947
0.5975,5240,Render,Pinky_FingerTip,-17.700360,0.994636,20.888640,0.510175,0.530495,0.252941,-0.627947
0.6096,5241,Real,Wrist,-17.841820,0.966424,20.783500,0.639022,0.301117,-0.015552,-0.707628
0.6096,5241,Real,Thumb_CMC,-17.827850,1.007481,20.802470,-0.061957,0.493232,-0.361349,-0.788867
0.6096,5241,Real,Thumb_MCP,-17.816770,1.029831,20.838600,-0.125036,0.481126,-0.256617,-0.828874
0.6096,5241,Real,Thumb_IP,-17.796900,1.044790,20.880860,-0.232634,0.439315,-0.058524,-0.865713
0.6096,5241,Real,Thumb_FingerTip,-17.779600,1.041852,20.903310,-0.232634,0.439315,-0.058524,-0.865713
0.6096,5241,Real,Index_MCP,-17.768350,1.039182,20.832810,0.532132,0.419573,0.124276,-0.724811
0.6096,5241,Real,Index_PIP,-17.739460,1.051657,20.867480,0.516391,0.438801,0.150767,-0.719767
0.6096,5241,Real,Index_DIP,-17.724670,1.057786,20.887920,0.501629,0.455603,0.174437,-0.714400
0.6096,5241,Real,Index_FingerTip,-17.710580,1.063378,20.910140,0.501629,0.455603,0.174437,-0.714400
0.6096,5241,Real,Middle_MCP,-17.754720,1.015462,20.830790,0.559662,0.431045,0.136430,-0.694526
0.6096,5241,Real,Middle_PIP,-17.723500,1.030933,20.870470,0.472268,0.525342,0.260050,-0.658296
0.6096,5241,Real,Middle_DIP,-17.714830,1.035197,20.896450,0.380144,0.595409,0.364055,-0.606995
0.6096,5241,Real,Middle_FingerTip,-17.714100,1.035500,20.924740,0.380144,0.595409,0.364055,-0.606995
0.6096,5241,Real,Ring_MCP,-17.747960,0.991830,20.830460,0.577611,0.435084,0.140288,-0.676304
0.6096,5241,Real,Ring_PIP,-17.720880,1.006389,20.865390,0.489286,0.532478,0.260424,-0.639724
0.6096,5241,Real,Ring_DIP,-17.713050,1.011338,20.890050,0.395869,0.605162,0.361294,-0.588672
0.6096,5241,Real,Ring_FingerTip,-17.712880,1.012725,20.915810,0.395869,0.605162,0.361294,-0.588672
0.6096,5241,Real,Pinky_MCP,-17.747050,0.969496,20.829570,0.589269,0.437727,0.142951,-0.663869
0.6096,5241,Real,Pinky_PIP,-17.724370,0.982334,20.859080,0.500272,0.537188,0.260792,-0.627012
0.6096,5241,Real,Pinky_DIP,-17.719110,0.986195,20.876230,0.405940,0.611602,0.359583,-0.576070
0.6096,5241,Real,Pinky_FingerTip,-17.719240,0.987771,20.895320,0.405940,0.611602,0.359583,-0.576070
0.6096,5241,Virtual,Wrist,-17.841820,0.966424,20.783510,0.639022,0.301117,-0.015552,-0.707628
0.6096,5241,Virtual,Thumb_CMC,-17.827860,1.007481,20.802480,-0.061956,0.493232,-0.361349,-0.788867
0.6096,5241,Virtual,Thumb_MCP,-17.816780,1.029831,20.838610,-0.125036,0.481126,-0.256617,-0.828874
0.6096,5241,Virtual,Thumb_IP,-17.796910,1.044790,20.880860,-0.232634,0.439315,-0.058523,-0.865713
0.6096,5241,Virtual,Thumb_FingerTip,-17.779600,1.041853,20.903320,-0.232634,0.439315,-0.058523,-0.865713
0.6096,5241,Virtual,Index_MCP,-17.768350,1.039183,20.832820,0.532132,0.419573,0.124276,-0.724810
0.6096,5241,Virtual,Index_PIP,-17.739460,1.051657,20.867490,0.516391,0.438801,0.150767,-0.719767
0.6096,5241,Virtual,Index_DIP,-17.724680,1.057786,20.887930,0.501629,0.455602,0.174437,-0.714400
0.6096,5241,Virtual,Index_FingerTip,-17.710590,1.063378,20.910140,0.501629,0.455602,0.174437,-0.714400
0.6096,5241,Virtual,Middle_MCP,-17.754730,1.015463,20.830800,0.559662,0.431045,0.136431,-0.694526
0.6096,5241,Virtual,Middle_PIP,-17.723510,1.030933,20.870480,0.472268,0.525342,0.260051,-0.658296
0.6096,5241,Virtual,Middle_DIP,-17.714840,1.035197,20.896460,0.380144,0.595409,0.364056,-0.606995
0.6096,5241,Virtual,Middle_FingerTip,-17.714110,1.035501,20.924750,0.380144,0.595409,0.364056,-0.606995
0.6096,5241,Virtual,Ring_MCP,-17.747970,0.991830,20.830470,0.577612,0.435084,0.140289,-0.676304
0.6096,5241,Virtual,Ring_PIP,-17.720890,1.006389,20.865400,0.489286,0.532478,0.260425,-0.639724
0.6096,5241,Virtual,Ring_DIP,-17.713050,1.011339,20.890060,0.395869,0.605162,0.361294,-0.588671
0.6096,5241,Virtual,Ring_FingerTip,-17.712890,1.012726,20.915820,0.395869,0.605162,0.361294,-0.588671
0.6096,5241,Virtual,Pinky_MCP,-17.747050,0.969496,20.829580,0.589270,0.437727,0.142951,-0.663869
0.6096,5241,Virtual,Pinky_PIP,-17.724380,0.982334,20.859090,0.500273,0.537188,0.260792,-0.627012
0.6096,5241,Virtual,Pinky_DIP,-17.719120,0.986195,20.876240,0.405940,0.611602,0.359583,-0.576070
0.6096,5241,Virtual,Pinky_FingerTip,-17.719240,0.987771,20.895330,0.405940,0.611602,0.359583,-0.576070
0.6096,5241,Render,Wrist,-17.841820,0.966424,20.783510,0.639022,0.301117,-0.015552,-0.707628
0.6096,5241,Render,Thumb_CMC,-17.827860,1.007481,20.802480,-0.024156,0.508154,-0.347832,-0.787534
0.6096,5241,Render,Thumb_MCP,-17.817250,1.030460,20.838360,-0.078168,0.502686,-0.261930,-0.820115
0.6096,5241,Render,Thumb_IP,-17.799720,1.047671,20.880790,-0.181210,0.475360,-0.085271,-0.856695
0.6096,5241,Render,Thumb_FingerTip,-17.784520,1.046925,20.904880,-0.181210,0.475360,-0.085271,-0.856695
0.6096,5241,Render,Index_MCP,-17.768350,1.039183,20.832820,0.584891,0.342210,0.023172,-0.735022
0.6096,5241,Render,Index_PIP,-17.732550,1.056334,20.857640,0.547513,0.399293,0.096969,-0.728966
0.6096,5241,Render,Index_DIP,-17.715350,1.064013,20.875510,0.509114,0.447223,0.162568,-0.717194
0.6096,5241,Render,Index_FingerTip,-17.700640,1.069990,20.897220,0.509114,0.447223,0.162568,-0.717194
0.6096,5241,Render,Middle_MCP,-17.754730,1.015463,20.830800,0.599507,0.373648,0.067152,-0.704606
0.6096,5241,Render,Middle_PIP,-17.717140,1.034123,20.862860,0.528995,0.468172,0.183431,-0.683617
0.6096,5241,Render,Middle_DIP,-17.703440,1.040901,20.885980,0.452866,0.542156,0.283800,-0.648411
0.6096,5241,Render,Middle_FingerTip,-17.696330,1.044382,20.913150,0.452866,0.542156,0.283800,-0.648411
0.6096,5241,Render,Ring_MCP,-17.747970,0.991830,20.830470,0.624992,0.363756,0.059362,-0.688145
0.6096,5241,Render,Ring_PIP,-17.714080,1.009187,20.857220,0.568662,0.446717,0.153986,-0.673317
0.6096,5241,Render,Ring_DIP,-17.699500,1.017109,20.877680,0.508581,0.514080,0.236667,-0.648888
0.6096,5241,Render,Ring_FingerTip,-17.690230,1.022676,20.901110,0.508581,0.514080,0.236667,-0.648888
0.6096,5241,Render,Pinky_MCP,-17.747050,0.969496,20.829580,0.634878,0.368474,0.067165,-0.675755
0.6096,5241,Render,Pinky_PIP,-17.718730,0.984343,20.852540,0.574253,0.457250,0.165143,-0.658699
0.6096,5241,Render,Pinky_DIP,-17.709050,0.989986,20.867070,0.509117,0.528813,0.250352,-0.631253
0.6096,5241,Render,Pinky_FingerTip,-17.703010,0.994247,20.884750,0.509117,0.528813,0.250352,-0.631253
0.6217,5242,Real,Wrist,-17.848610,0.964471,20.777350,0.634033,0.296546,-0.027414,-0.713660
0.6217,5242,Real,Thumb_CMC,-17.834720,1.005578,20.796270,-0.072673,0.483615,-0.363696,-0.792818
0.6217,5242,Real,Thumb_MCP,-17.822970,1.027814,20.832260,-0.134385,0.470219,-0.258503,-0.833074
0.6217,5242,Real,Thumb_IP,-17.802170,1.042735,20.874080,-0.239152,0.426581,-0.059518,-0.870226
0.6217,5242,Real,Thumb_FingerTip,-17.784250,1.039873,20.896050,-0.239152,0.426581,-0.059518,-0.870226
0.6217,5242,Real,Index_MCP,-17.774910,1.037879,20.825330,0.527962,0.413627,0.114243,-0.732883
0.6217,5242,Real,Index_PIP,-17.745330,1.050490,20.859370,0.512595,0.432524,0.140777,-0.728252
0.6217,5242,Real,Index_DIP,-17.730110,1.056677,20.879470,0.498187,0.449044,0.164501,-0.723263
0.6217,5242,Real,Index_FingerTip,-17.715520,1.062312,20.901350,0.498187,0.449044,0.164501,-0.723263
0.6217,5242,Real,Middle_MCP,-17.761010,1.014365,20.822790,0.555696,0.425606,0.126256,-0.702938
0.6217,5242,Real,Middle_PIP,-17.729020,1.029970,20.861800,0.469394,0.519238,0.251517,-0.668432
0.6217,5242,Real,Middle_DIP,-17.719760,1.034162,20.887580,0.378347,0.588890,0.357248,-0.618415
0.6217,5242,Real,Middle_FingerTip,-17.718310,1.034268,20.915850,0.378347,0.588890,0.357248,-0.618415
0.6217,5242,Real,Ring_MCP,-17.753950,0.990832,20.822110,0.573732,0.429989,0.130023,-0.684862
0.6217,5242,Real,Ring_PIP,-17.726190,1.005504,20.856460,0.486434,0.526726,0.251827,-0.650019
0.6217,5242,Real,Ring_DIP,-17.717810,1.010379,20.880950,0.394036,0.598994,0.354449,-0.600256
0.6217,5242,Real,Ring_FingerTip,-17.717000,1.011580,20.906710,0.394036,0.598994,0.354449,-0.600256
0.6217,5242,Real,Pinky_MCP,-17.752740,0.968520,20.821020,0.585450,0.432862,0.132631,-0.672524
0.6217,5242,Real,Pinky_PIP,-17.729510,0.981451,20.850060,0.497439,0.531673,0.252159,-0.637413
0.6217,5242,Real,Pinky_DIP,-17.723870,0.985258,20.867100,0.404087,0.605669,0.352721,-0.587765
0.6217,5242,Real,Pinky_FingerTip,-17.723530,0.986692,20.886200,0.404087,0.605669,0.352721,-0.587765
0.6217,5242,Virtual,Wrist,-17.841820,0.966424,20.783510,0.639022,0.301117,-0.015552,-0.707628
0.6217,5242,Virtual,Thumb_CMC,-17.827860,1.007481,20.802480,-0.061748,0.492776,-0.360933,-0.789358
0.6217,5242,Virtual,Thumb_MCP,-17.816710,1.029830,20.838590,-0.124732,0.480711,-0.256208,-0.829287
0.6217,5242,Virtual,Thumb_IP,-17.796780,1.044785,20.880820,-0.232177,0.439016,-0.058158,-0.866012
0.6217,5242,Virtual,Thumb_FingerTip,-17.779460,1.041846,20.903260,-0.232177,0.439016,-0.058158,-0.866012
0.6217,5242,Virtual,Index_MCP,-17.768350,1.039183,20.832820,0.532040,0.419689,0.124435,-0.724783
0.6217,5242,Virtual,Index_PIP,-17.739480,1.051649,20.867500,0.516451,0.438730,0.150669,-0.719787
0.6217,5242,Virtual,Index_DIP,-17.724690,1.057781,20.887940,0.501838,0.455373,0.174110,-0.714479
0.6217,5242,Virtual,Index_FingerTip,-17.710580,1.063383,20.910140,0.501838,0.455373,0.174110,-0.714479
0.6217,5242,Virtual,Middle_MCP,-17.754730,1.015463,20.830800,0.559588,0.431140,0.136549,-0.694503
0.6217,5242,Virtual,Middle_PIP,-17.723520,1.030927,20.870490,0.472219,0.525385,0.260111,-0.658272
0.6217,5242,Virtual,Middle_DIP,-17.714860,1.035189,20.896480,0.380132,0.595417,0.364068,-0.606987
0.6217,5242,Virtual,Middle_FingerTip,-17.714120,1.035492,20.924760,0.380132,0.595417,0.364068,-0.606987
0.6217,5242,Virtual,Ring_MCP,-17.747970,0.991830,20.830470,0.577537,0.435183,0.140404,-0.676280
0.6217,5242,Virtual,Ring_PIP,-17.720900,1.006385,20.865410,0.489237,0.532523,0.260484,-0.639700
0.6217,5242,Virtual,Ring_DIP,-17.713070,1.011332,20.890070,0.395856,0.605171,0.361307,-0.588664
0.6217,5242,Virtual,Ring_FingerTip,-17.712900,1.012719,20.915830,0.395856,0.605171,0.361307,-0.588664
0.6217,5242,Virtual,Pinky_MCP,-17.747050,0.969496,20.829580,0.589195,0.437828,0.143065,-0.663844
0.6217,5242,Virtual,Pinky_PIP,-17.724390,0.982331,20.859100,0.500223,0.537234,0.260850,-0.626988
0.6217,5242,Virtual,Pinky_DIP,-17.719130,0.986190,20.876250,0.405927,0.611610,0.359595,-0.576062
0.6217,5242,Virtual,Pinky_FingerTip,-17.719260,0.987766,20.895340,0.405927,0.611610,0.359595,-0.576062
0.6217,5242,Render,Wrist,-17.841820,0.966424,20.783510,0.639022,0.301117,-0.015552,-0.707628
0.6217,5242,Render,Thumb_CMC,-17.827860,1.007481,20.802480,-0.024156,0.508154,-0.347832,-0.787534
0.6217,5242,Render,Thumb_MCP,-17.817250,1.030460,20.838360,-0.078168,0.502686,-0.261930,-0.820115
0.6217,5242,Render,Thumb_IP,-17.799720,1.047671,20.880790,-0.181210,0.475360,-0.085271,-0.856695
0.6217,5242,Render,Thumb_FingerTip,-17.784520,1.046925,20.904880,-0.181210,0.475360,-0.085271,-0.856695
0.6217,5242,Render,Index_MCP,-17.768350,1.039183,20.832820,0.584891,0.342210,0.023172,-0.735022
0.6217,5242,Render,Index_PIP,-17.732550,1.056334,20.857640,0.547513,0.399293,0.096969,-0.728966
0.6217,5242,Render,Index_DIP,-17.715350,1.064013,20.875510,0.509114,0.447223,0.162568,-0.717194
0.6217,5242,Render,Index_FingerTip,-17.700640,1.069990,20.897220,0.509114,0.447223,0.162568,-0.717194
0.6217,5242,Render,Middle_MCP,-17.754730,1.015463,20.830800,0.599507,0.373648,0.067152,-0.704606
0.6217,5242,Render,Middle_PIP,-17.717140,1.034123,20.862860,0.528995,0.468172,0.183431,-0.683617
0.6217,5242,Render,Middle_DIP,-17.703440,1.040901,20.885980,0.452866,0.542156,0.283800,-0.648411
0.6217,5242,Render,Middle_FingerTip,-17.696330,1.044382,20.913150,0.452866,0.542156,0.283800,-0.648411
0.6217,5242,Render,Ring_MCP,-17.747970,0.991830,20.830470,0.624992,0.363756,0.059362,-0.688145
0.6217,5242,Render,Ring_PIP,-17.714080,1.009187,20.857220,0.568662,0.446717,0.153986,-0.673317
0.6217,5242,Render,Ring_DIP,-17.699500,1.017109,20.877680,0.508581,0.514080,0.236667,-0.648888
0.6217,5242,Render,Ring_FingerTip,-17.690230,1.022676,20.901110,0.508581,0.514080,0.236667,-0.648888
0.6217,5242,Render,Pinky_MCP,-17.747050,0.969496,20.829580,0.634878,0.368474,0.067165,-0.675755
0.6217,5242,Render,Pinky_PIP,-17.718730,0.984343,20.852540,0.574253,0.457250,0.165143,-0.658699
0.6217,5242,Render,Pinky_DIP,-17.709050,0.989986,20.867070,0.509117,0.528813,0.250352,-0.631253
0.6217,5242,Render,Pinky_FingerTip,-17.703010,0.994247,20.884750,0.509117,0.528813,0.250352,-0.631253
0.6349,5243,Real,Wrist,-17.852090,0.963640,20.774480,0.631937,0.294456,-0.032022,-0.716189
0.6349,5243,Real,Thumb_CMC,-17.838220,1.004753,20.793390,-0.077115,0.479894,-0.364495,-0.794291
0.6349,5243,Real,Thumb_MCP,-17.826200,1.026928,20.829330,-0.138311,0.465956,-0.259105,-0.834638
0.6349,5243,Real,Thumb_IP,-17.805050,1.041815,20.870980,-0.241990,0.421529,-0.059743,-0.871887
0.6349,5243,Real,Thumb_FingerTip,-17.786880,1.038970,20.892750,-0.241990,0.421529,-0.059743,-0.871887
0.6349,5243,Real,Index_MCP,-17.778270,1.037258,20.821940,0.526280,0.410931,0.110333,-0.736201
0.6349,5243,Real,Index_PIP,-17.748390,1.049906,20.855710,0.511013,0.429768,0.136991,-0.731710
0.6349,5243,Real,Index_DIP,-17.733000,1.056103,20.875670,0.496695,0.446238,0.160829,-0.726842
0.6349,5243,Real,Index_FingerTip,-17.718200,1.061738,20.897420,0.496695,0.446238,0.160829,-0.726842
0.6349,5243,Real,Middle_MCP,-17.764280,1.013824,20.819170,0.554096,0.423115,0.122298,-0.706396
0.6349,5243,Real,Middle_PIP,-17.731960,1.029460,20.857890,0.468272,0.516498,0.248250,-0.672550
0.6349,5243,Real,Middle_DIP,-17.722450,1.033613,20.883600,0.377688,0.586005,0.354697,-0.623010
0.6349,5243,Real,Middle_FingerTip,-17.720710,1.033632,20.911840,0.377688,0.586005,0.354697,-0.623010
0.6349,5243,Real,Ring_MCP,-17.757100,0.990329,20.818330,0.572171,0.427631,0.126023,-0.688383
0.6349,5243,Real,Ring_PIP,-17.729070,1.005027,20.852440,0.485326,0.524125,0.248531,-0.654206
0.6349,5243,Real,Ring_DIP,-17.720450,1.009863,20.876860,0.393367,0.596247,0.351879,-0.604924
0.6349,5243,Real,Ring_FingerTip,-17.719380,1.010982,20.902620,0.393367,0.596247,0.351879,-0.604924
0.6349,5243,Real,Pinky_MCP,-17.755800,0.968027,20.817160,0.583916,0.430594,0.128605,-0.676086
0.6349,5243,Real,Pinky_PIP,-17.732330,0.980979,20.845990,0.496341,0.529165,0.248845,-0.641644
0.6349,5243,Real,Pinky_DIP,-17.726530,0.984757,20.862990,0.403412,0.603016,0.350141,-0.592480
0.6349,5243,Real,Pinky_FingerTip,-17.726000,0.986129,20.882090,0.403412,0.603016,0.350141,-0.592480
0.6349,5243,Virtual,Wrist,-17.848610,0.964472,20.777360,0.634033,0.296546,-0.027414,-0.713660
0.6349,5243,Virtual,Thumb_CMC,-17.834730,1.005578,20.796270,-0.072674,0.483615,-0.363696,-0.792818
0.6349,5243,Virtual,Thumb_MCP,-17.822980,1.027815,20.832270,-0.134386,0.470218,-0.258503,-0.833074
0.6349,5243,Virtual,Thumb_IP,-17.802180,1.042736,20.874090,-0.239152,0.426581,-0.059518,-0.870226
0.6349,5243,Virtual,Thumb_FingerTip,-17.784250,1.039873,20.896060,-0.239152,0.426581,-0.059518,-0.870226
0.6349,5243,Virtual,Index_MCP,-17.774910,1.037879,20.825340,0.527962,0.413627,0.114242,-0.732884
0.6349,5243,Virtual,Index_PIP,-17.745330,1.050490,20.859380,0.512595,0.432524,0.140777,-0.728252
0.6349,5243,Virtual,Index_DIP,-17.730120,1.056678,20.879480,0.498187,0.449044,0.164500,-0.723263
0.6349,5243,Virtual,Index_FingerTip,-17.715520,1.062312,20.901360,0.498187,0.449044,0.164500,-0.723263
0.6349,5243,Virtual,Middle_MCP,-17.761020,1.014366,20.822800,0.555696,0.425606,0.126256,-0.702938
0.6349,5243,Virtual,Middle_PIP,-17.729030,1.029971,20.861800,0.469394,0.519237,0.251517,-0.668432
0.6349,5243,Virtual,Middle_DIP,-17.719760,1.034162,20.887590,0.378347,0.588890,0.357247,-0.618415
0.6349,5243,Virtual,Middle_FingerTip,-17.718310,1.034268,20.915850,0.378347,0.588890,0.357247,-0.618415
0.6349,5243,Virtual,Ring_MCP,-17.753950,0.990832,20.822110,0.573732,0.429988,0.130023,-0.684862
0.6349,5243,Virtual,Ring_PIP,-17.726200,1.005505,20.856460,0.486434,0.526726,0.251827,-0.650020
0.6349,5243,Virtual,Ring_DIP,-17.717810,1.010380,20.880960,0.394036,0.598994,0.354449,-0.600257
0.6349,5243,Virtual,Ring_FingerTip,-17.717010,1.011580,20.906720,0.394036,0.598994,0.354449,-0.600257
0.6349,5243,Virtual,Pinky_MCP,-17.752750,0.968520,20.821030,0.585450,0.432862,0.132630,-0.672524
0.6349,5243,Virtual,Pinky_PIP,-17.729510,0.981451,20.850060,0.497439,0.531673,0.252159,-0.637413
0.6349,5243,Virtual,Pinky_DIP,-17.723880,0.985258,20.867100,0.404087,0.605669,0.352720,-0.587765
0.6349,5243,Virtual,Pinky_FingerTip,-17.723540,0.986692,20.886200,0.404087,0.605669,0.352720,-0.587765
0.6349,5243,Render,Wrist,-17.848610,0.964472,20.777360,0.634033,0.296546,-0.027414,-0.713660
0.6349,5243,Render,Thumb_CMC,-17.834730,1.005578,20.796270,-0.034988,0.498593,-0.351161,-0.791750
0.6349,5243,Render,Thumb_MCP,-17.823480,1.028463,20.832020,-0.087920,0.492026,-0.264790,-0.824662
0.6349,5243,Render,Thumb_IP,-17.805070,1.045634,20.874090,-0.188526,0.462901,-0.087120,-0.861737
0.6349,5243,Render,Thumb_FingerTip,-17.789210,1.044939,20.897770,-0.188526,0.462901,-0.087120,-0.861737
0.6349,5243,Render,Index_MCP,-17.774910,1.037879,20.825340,0.580015,0.336769,0.011958,-0.741638
0.6349,5243,Render,Index_PIP,-17.738720,1.055343,20.849380,0.543209,0.393390,0.086478,-0.736676
0.6349,5243,Render,Index_DIP,-17.721190,1.063129,20.866870,0.505362,0.440953,0.152817,-0.725821
0.6349,5243,Render,Index_FingerTip,-17.706000,1.069150,20.888240,0.505362,0.440953,0.152817,-0.725821
0.6349,5243,Render,Middle_MCP,-17.761020,1.014366,20.822800,0.595085,0.368526,0.056075,-0.711982
0.6349,5243,Render,Middle_PIP,-17.722890,1.033310,20.854030,0.525488,0.462386,0.173734,-0.692733
0.6349,5243,Render,Middle_DIP,-17.708690,1.040109,20.876850,0.450265,0.535910,0.275580,-0.658877
0.6349,5243,Render,Middle_FingerTip,-17.700950,1.043489,20.903860,0.450265,0.535910,0.275580,-0.658877
0.6349,5243,Render,Ring_MCP,-17.753950,0.990832,20.822110,0.620598,0.359049,0.048037,-0.695438
0.6349,5243,Render,Ring_PIP,-17.719630,1.008461,20.848130,0.564962,0.441448,0.143779,-0.682107
0.6349,5243,Render,Ring_DIP,-17.704640,1.016434,20.868270,0.505566,0.508391,0.227635,-0.658881
0.6349,5243,Render,Ring_FingerTip,-17.694850,1.021958,20.891500,0.505566,0.508391,0.227635,-0.658881
0.6349,5243,Render,Pinky_MCP,-17.752750,0.968520,20.821030,0.630597,0.363963,0.055818,-0.683201
0.6349,5243,Render,Pinky_PIP,-17.724050,0.983590,20.843380,0.570676,0.452162,0.155004,-0.667722
0.6349,5243,Render,Pinky_DIP,-17.714090,0.989260,20.857700,0.506241,0.523299,0.241488,-0.641531
0.6349,5243,Render,Pinky_FingerTip,-17.707660,0.993475,20.875250,0.506241,0.523299,0.241488,-0.641531
0.6500,5244,Real,Wrist,-17.855860,0.962605,20.770810,0.628078,0.289518,-0.039823,-0.721188
0.6500,5244,Real,Thumb_CMC,-17.841890,1.003683,20.789720,-0.085245,0.472868,-0.364671,-0.797587
0.6500,5244,Real,Thumb_MCP,-17.829300,1.025687,20.825570,-0.145441,0.457950,-0.258904,-0.837913
0.6500,5244,Real,Thumb_IP,-17.807400,1.040429,20.866890,-0.247039,0.412120,-0.058885,-0.875021
0.6500,5244,Real,Thumb_FingerTip,-17.788780,1.037562,20.888280,-0.247039,0.412120,-0.058885,-0.875021
0.6500,5244,Real,Index_MCP,-17.781600,1.036408,20.817290,0.523300,0.405041,0.104084,-0.742472
0.6500,5244,Real,Index_PIP,-17.751150,1.049022,20.850550,0.508249,0.423774,0.130974,-0.738204
0.6500,5244,Real,Index_DIP,-17.735410,1.055183,20.870250,0.494129,0.440157,0.155027,-0.733529
0.6500,5244,Real,Index_FingerTip,-17.720220,1.060767,20.891740,0.494129,0.440157,0.155027,-0.733529
0.6500,5244,Real,Middle_MCP,-17.767510,1.013091,20.814080,0.551285,0.417597,0.115922,-0.712924
0.6500,5244,Real,Middle_PIP,-17.734540,1.028676,20.852270,0.466477,0.510589,0.243202,-0.680111
0.6500,5244,Real,Middle_DIP,-17.724560,1.032711,20.877810,0.376851,0.579901,0.350984,-0.631276
0.6500,5244,Real,Middle_FingerTip,-17.722260,1.032539,20.906010,0.376851,0.579901,0.350984,-0.631276
0.6500,5244,Real,Ring_MCP,-17.760190,0.989652,20.812930,0.569441,0.422349,0.119540,-0.695032
0.6500,5244,Real,Ring_PIP,-17.731590,1.004304,20.846590,0.483566,0.518464,0.243397,-0.661904
0.6500,5244,Real,Ring_DIP,-17.722530,1.009025,20.870870,0.392522,0.590397,0.348103,-0.613338
0.6500,5244,Real,Ring_FingerTip,-17.720970,1.009966,20.896600,0.392522,0.590397,0.348103,-0.613338
0.6500,5244,Real,Pinky_MCP,-17.758760,0.967369,20.811570,0.581243,0.425470,0.122053,-0.682815
0.6500,5244,Real,Pinky_PIP,-17.734810,0.980280,20.840040,0.494608,0.523670,0.243657,-0.649433
0.6500,5244,Real,Pinky_DIP,-17.728710,0.983977,20.856940,0.402567,0.597334,0.346325,-0.600992
0.6500,5244,Real,Pinky_FingerTip,-17.727820,0.985216,20.876030,0.402567,0.597334,0.346325,-0.600992
0.6500,5244,Virtual,Wrist,-17.852090,0.963639,20.774490,0.631937,0.294456,-0.032022,-0.716189
0.6500,5244,Virtual,Thumb_CMC,-17.838220,1.004753,20.793390,-0.077176,0.479893,-0.364400,-0.794330
0.6500,5244,Virtual,Thumb_MCP,-17.826200,1.026920,20.829340,-0.138344,0.465955,-0.259055,-0.834648
0.6500,5244,Virtual,Thumb_IP,-17.805040,1.041802,20.871000,-0.241977,0.421545,-0.059783,-0.871879
0.6500,5244,Virtual,Thumb_FingerTip,-17.786870,1.038959,20.892770,-0.241977,0.421545,-0.059783,-0.871879
0.6500,5244,Virtual,Index_MCP,-17.778270,1.037258,20.821950,0.526190,0.411046,0.110495,-0.736177
0.6500,5244,Virtual,Index_PIP,-17.748410,1.049896,20.855730,0.510918,0.429880,0.137151,-0.731680
0.6500,5244,Virtual,Index_DIP,-17.733030,1.056089,20.875690,0.496597,0.446347,0.160989,-0.726807
0.6500,5244,Virtual,Index_FingerTip,-17.718240,1.061719,20.897450,0.496597,0.446347,0.160989,-0.726807
0.6500,5244,Virtual,Middle_MCP,-17.764280,1.013824,20.819180,0.553994,0.423249,0.122468,-0.706366
0.6500,5244,Virtual,Middle_PIP,-17.731980,1.029451,20.857920,0.468117,0.516638,0.248451,-0.672476
0.6500,5244,Virtual,Middle_DIP,-17.722480,1.033596,20.883630,0.377481,0.586137,0.354916,-0.622886
0.6500,5244,Virtual,Middle_FingerTip,-17.720750,1.033607,20.911870,0.377481,0.586137,0.354916,-0.622886
0.6500,5244,Virtual,Ring_MCP,-17.757110,0.990328,20.818340,0.572067,0.427770,0.126190,-0.688352
0.6500,5244,Virtual,Ring_PIP,-17.729080,1.005020,20.852460,0.485167,0.524272,0.248728,-0.654131
0.6500,5244,Virtual,Ring_DIP,-17.720480,1.009849,20.876890,0.393154,0.596387,0.352094,-0.604799
0.6500,5244,Virtual,Ring_FingerTip,-17.719430,1.010960,20.902650,0.393154,0.596387,0.352094,-0.604799
0.6500,5244,Virtual,Pinky_MCP,-17.755800,0.968026,20.817170,0.583812,0.430736,0.128769,-0.676054
0.6500,5244,Virtual,Pinky_PIP,-17.732350,0.980973,20.846020,0.496181,0.529315,0.249039,-0.641569
0.6500,5244,Virtual,Pinky_DIP,-17.726560,0.984747,20.863010,0.403197,0.603159,0.350352,-0.592355
0.6500,5244,Virtual,Pinky_FingerTip,-17.726040,0.986113,20.882110,0.403197,0.603159,0.350352,-0.592355
0.6500,5244,Render,Wrist,-17.852090,0.963639,20.774490,0.631937,0.294456,-0.032022,-0.716189
0.6500,5244,Render,Thumb_CMC,-17.838220,1.004753,20.793390,-0.039401,0.494951,-0.352128,-0.793396
0.6500,5244,Render,Thumb_MCP,-17.826720,1.027575,20.829100,-0.091920,0.487934,-0.265577,-0.826402
0.6500,5244,Render,Thumb_IP,-17.807950,1.044699,20.871040,-0.191585,0.458066,-0.087527,-0.863603
0.6500,5244,Render,Thumb_FingerTip,-17.791850,1.044005,20.894540,-0.191585,0.458066,-0.087527,-0.863603
0.6500,5244,Render,Index_MCP,-17.778270,1.037258,20.821950,0.577977,0.334331,0.007628,-0.744384
0.6500,5244,Render,Index_PIP,-17.741910,1.054824,20.845660,0.541426,0.390759,0.082446,-0.739843
0.6500,5244,Render,Index_DIP,-17.724240,1.062640,20.862990,0.503825,0.438172,0.149089,-0.729341
0.6500,5244,Render,Index_FingerTip,-17.708870,1.068668,20.884220,0.503825,0.438172,0.149089,-0.729341
0.6500,5244,Render,Middle_MCP,-17.764280,1.013824,20.819180,0.593247,0.366206,0.051794,-0.715031
0.6500,5244,Render,Middle_PIP,-17.725920,1.032857,20.850080,0.524061,0.459793,0.170020,-0.696452
0.6500,5244,Render,Middle_DIP,-17.711530,1.039650,20.872770,0.449243,0.533132,0.272465,-0.663110
0.6500,5244,Render,Middle_FingerTip,-17.703520,1.042980,20.899710,0.449243,0.533132,0.272465,-0.663110
0.6500,5244,Render,Ring_MCP,-17.757110,0.990328,20.818340,0.618769,0.356893,0.043649,-0.698461
0.6500,5244,Render,Ring_PIP,-17.722600,1.008044,20.844050,0.563449,0.439060,0.139851,-0.685707
0.6500,5244,Render,Ring_DIP,-17.707450,1.016026,20.864070,0.504362,0.505833,0.224186,-0.662943
0.6500,5244,Render,Ring_FingerTip,-17.697440,1.021521,20.887210,0.504362,0.505833,0.224186,-0.662943
0.6500,5244,Render,Pinky_MCP,-17.755800,0.968026,20.817170,0.628816,0.361883,0.051416,-0.686285
0.6500,5244,Render,Pinky_PIP,-17.726950,0.983167,20.839270,0.569219,0.449844,0.151100,-0.671416
0.6500,5244,Render,Pinky_DIP,-17.716870,0.988839,20.853510,0.505101,0.520810,0.238104,-0.645707
0.6500,5244,Render,Pinky_FingerTip,-17.710280,0.993028,20.871000,0.505101,0.520810,0.238104,-0.645707
0.6638,5245,Real,Wrist,-17.859600,0.961476,20.767250,0.624772,0.284267,-0.048320,-0.725616
0.6638,5245,Real,Thumb_CMC,-17.845530,1.002561,20.786080,-0.092841,0.465032,-0.365350,-0.801028
0.6638,5245,Real,Thumb_MCP,-17.832340,1.024471,20.821770,-0.151983,0.449194,-0.259098,-0.841424
0.6638,5245,Real,Thumb_IP,-17.809680,1.039155,20.862700,-0.251418,0.402073,-0.058197,-0.878487
0.6638,5245,Real,Thumb_FingerTip,-17.790590,1.036307,20.883660,-0.251418,0.402073,-0.058197,-0.878487
0.6638,5245,Real,Index_MCP,-17.784910,1.035588,20.812530,0.521047,0.398821,0.096893,-0.748374
0.6638,5245,Real,Index_PIP,-17.753860,1.048259,20.845220,0.506223,0.417476,0.124002,-0.744363
0.6638,5245,Real,Index_DIP,-17.737750,1.054438,20.864610,0.492310,0.433796,0.148261,-0.739913
0.6638,5245,Real,Index_FingerTip,-17.722150,1.060026,20.885800,0.492310,0.433796,0.148261,-0.739913
0.6638,5245,Real,Middle_MCP,-17.770730,1.012390,20.808910,0.549183,0.411759,0.108573,-0.719072
0.6638,5245,Real,Middle_PIP,-17.737070,1.028027,20.846480,0.465468,0.504467,0.237090,-0.687489
0.6638,5245,Real,Middle_DIP,-17.726570,1.032008,20.871820,0.376855,0.573696,0.346158,-0.639553
0.6638,5245,Real,Middle_FingerTip,-17.723690,1.031715,20.899970,0.376855,0.573696,0.346158,-0.639553
0.6638,5245,Real,Ring_MCP,-17.763270,0.989011,20.807490,0.567472,0.416663,0.111962,-0.701308
0.6638,5245,Real,Ring_PIP,-17.734050,1.003710,20.840600,0.482708,0.512469,0.237016,-0.669471
0.6638,5245,Real,Ring_DIP,-17.724510,1.008383,20.864700,0.392704,0.584308,0.342988,-0.621875
0.6638,5245,Real,Ring_FingerTip,-17.722390,1.009217,20.890400,0.392704,0.584308,0.342988,-0.621875
0.6638,5245,Real,Pinky_MCP,-17.761700,0.966746,20.805990,0.579319,0.419946,0.114405,-0.689163
0.6638,5245,Real,Pinky_PIP,-17.737250,0.979694,20.834000,0.493766,0.517842,0.237221,-0.657085
0.6638,5245,Real,Pinky_DIP,-17.730810,0.983357,20.850780,0.402738,0.591412,0.341171,-0.609621
0.6638,5245,Real,Pinky_FingerTip,-17.729510,0.984514,20.869860,0.402738,0.591412,0.341171,-0.609621
0.6638,5245,Virtual,Wrist,-17.855860,0.962605,20.770820,0.628078,0.289518,-0.039823,-0.721188
0.6638,5245,Virtual,Thumb_CMC,-17.841890,1.003684,20.789730,-0.085306,0.472866,-0.364573,-0.797627
0.6638,5245,Virtual,Thumb_MCP,-17.829290,1.025679,20.825590,-0.145521,0.457933,-0.258765,-0.837951
0.6638,5245,Virtual,Thumb_IP,-17.807390,1.040407,20.866910,-0.247144,0.412066,-0.058674,-0.875031
0.6638,5245,Virtual,Thumb_FingerTip,-17.788760,1.037529,20.888290,-0.247144,0.412066,-0.058674,-0.875031
0.6638,5245,Virtual,Index_MCP,-17.781600,1.036408,20.817300,0.523301,0.405041,0.104084,-0.742473
0.6638,5245,Virtual,Index_PIP,-17.751150,1.049022,20.850560,0.508249,0.423774,0.130974,-0.738204
0.6638,5245,Virtual,Index_DIP,-17.735410,1.055184,20.870260,0.494129,0.440157,0.155027,-0.733529
0.6638,5245,Virtual,Index_FingerTip,-17.720220,1.060767,20.891750,0.494129,0.440157,0.155027,-0.733529
0.6638,5245,Virtual,Middle_MCP,-17.767510,1.013091,20.814080,0.551285,0.417597,0.115922,-0.712924
0.6638,5245,Virtual,Middle_PIP,-17.734540,1.028677,20.852280,0.466477,0.510589,0.243202,-0.680111
0.6638,5245,Virtual,Middle_DIP,-17.724560,1.032711,20.877820,0.376851,0.579901,0.350984,-0.631276
0.6638,5245,Virtual,Middle_FingerTip,-17.722260,1.032540,20.906020,0.376851,0.579901,0.350984,-0.631276
0.6638,5245,Virtual,Ring_MCP,-17.760190,0.989653,20.812940,0.569510,0.422256,0.119426,-0.695051
0.6638,5245,Virtual,Ring_PIP,-17.731580,1.004309,20.846590,0.483701,0.518339,0.243225,-0.661967
0.6638,5245,Virtual,Ring_DIP,-17.722510,1.009036,20.870860,0.392726,0.590261,0.347890,-0.613459
0.6638,5245,Virtual,Ring_FingerTip,-17.720930,1.009985,20.896600,0.392726,0.590261,0.347890,-0.613459
0.6638,5245,Virtual,Pinky_MCP,-17.758760,0.967369,20.811590,0.581313,0.425374,0.121942,-0.682834
0.6638,5245,Virtual,Pinky_PIP,-17.734810,0.980284,20.840040,0.494744,0.523542,0.243489,-0.649497
0.6638,5245,Virtual,Pinky_DIP,-17.728700,0.983985,20.856930,0.402774,0.597195,0.346117,-0.601112
0.6638,5245,Virtual,Pinky_FingerTip,-17.727790,0.985229,20.876030,0.402774,0.597195,0.346117,-0.601112
0.6638,5245,Render,Wrist,-17.855860,0.962605,20.770820,0.628078,0.289518,-0.039823,-0.721188
0.6638,5245,Render,Thumb_CMC,-17.841890,1.003684,20.789730,-0.047398,0.488022,-0.352724,-0.796978
0.6638,5245,Render,Thumb_MCP,-17.829820,1.026340,20.825360,-0.099133,0.480193,-0.265788,-0.830027
0.6638,5245,Render,Thumb_IP,-17.810330,1.043305,20.867030,-0.197026,0.448991,-0.086978,-0.867193
0.6638,5245,Render,Thumb_FingerTip,-17.793760,1.042562,20.890200,-0.197026,0.448991,-0.086978,-0.867193
0.6638,5245,Render,Index_MCP,-17.781600,1.036408,20.817300,0.574285,0.328783,0.000409,-0.749732
0.6638,5245,Render,Index_PIP,-17.744900,1.054064,20.840400,0.538311,0.384867,0.075801,-0.745891
0.6638,5245,Render,Index_DIP,-17.726930,1.061883,20.857430,0.501256,0.432023,0.143019,-0.735965
0.6638,5245,Render,Index_FingerTip,-17.711170,1.067871,20.878390,0.501256,0.432023,0.143019,-0.735965
0.6638,5245,Render,Middle_MCP,-17.767510,1.013091,20.814080,0.589990,0.360851,0.044629,-0.720907
0.6638,5245,Render,Middle_PIP,-17.728670,1.032178,20.844340,0.521741,0.453970,0.163933,-0.703437
0.6638,5245,Render,Middle_DIP,-17.713870,1.038916,20.866790,0.447822,0.527027,0.267493,-0.670929
0.6638,5245,Render,Middle_FingerTip,-17.705330,1.042116,20.893580,0.447822,0.527027,0.267493,-0.670929
0.6638,5245,Render,Ring_MCP,-17.760190,0.989653,20.812940,0.615519,0.351821,0.036253,-0.704304
0.6638,5245,Render,Ring_PIP,-17.725300,1.007431,20.838080,0.560931,0.433587,0.133335,-0.692518
0.6638,5245,Render,Ring_DIP,-17.709800,1.015381,20.857840,0.502546,0.500089,0.218569,-0.670512
0.6638,5245,Render,Ring_FingerTip,-17.699370,1.020786,20.880810,0.502546,0.500089,0.218569,-0.670512
0.6638,5245,Render,Pinky_MCP,-17.758760,0.967369,20.811590,0.625669,0.356941,0.043978,-0.692242
0.6638,5245,Render,Pinky_PIP,-17.729580,0.982558,20.833210,0.566826,0.444495,0.144611,-0.678395
0.6638,5245,Render,Pinky_DIP,-17.719240,0.988202,20.847280,0.503433,0.515192,0.232590,-0.653479
0.6638,5245,Render,Pinky_FingerTip,-17.712330,0.992316,20.864670,0.503433,0.515192,0.232590,-0.653479
0.6776,5246,Real,Wrist,-17.863400,0.960557,20.763700,0.622031,0.279997,-0.055835,-0.729083
0.6776,5246,Real,Thumb_CMC,-17.849280,1.001670,20.782420,-0.099123,0.458218,-0.366383,-0.803725
0.6776,5246,Real,Thumb_MCP,-17.835600,1.023542,20.817950,-0.157335,0.441628,-0.259775,-0.844232
0.6776,5246,Real,Thumb_IP,-17.812310,1.038234,20.858520,-0.254883,0.393477,-0.058209,-0.881376
0.6776,5246,Real,Thumb_FingerTip,-17.792830,1.035442,20.879130,-0.254883,0.393477,-0.058209,-0.881376
0.6776,5246,Real,Index_MCP,-17.788410,1.035015,20.807910,0.519176,0.393727,0.090426,-0.753166
0.6776,5246,Real,Index_PIP,-17.756870,1.047782,20.840080,0.504538,0.412318,0.117713,-0.749386
0.6776,5246,Real,Index_DIP,-17.740460,1.054002,20.859200,0.490794,0.428585,0.142139,-0.745139
0.6776,5246,Real,Index_FingerTip,-17.724530,1.059620,20.880140,0.490794,0.428585,0.142139,-0.745139
0.6776,5246,Real,Middle_MCP,-17.774140,1.011928,20.803950,0.547423,0.407000,0.101978,-0.724072
0.6776,5246,Real,Middle_PIP,-17.739930,1.027660,20.840970,0.464600,0.499467,0.231509,-0.693601
0.6776,5246,Real,Middle_DIP,-17.729010,1.031623,20.866130,0.376815,0.568623,0.341650,-0.646494
0.6776,5246,Real,Middle_FingerTip,-17.725620,1.031249,20.894230,0.376815,0.568623,0.341650,-0.646494
0.6776,5246,Real,Ring_MCP,-17.766550,0.988606,20.802310,0.565757,0.412118,0.105272,-0.706397
0.6776,5246,Real,Ring_PIP,-17.736850,1.003385,20.834950,0.481844,0.507689,0.231358,-0.675687
0.6776,5246,Real,Ring_DIP,-17.726910,1.008037,20.858900,0.392631,0.579451,0.338418,-0.628929
0.6776,5246,Real,Ring_FingerTip,-17.724350,1.008794,20.884560,0.392631,0.579451,0.338418,-0.628929
0.6776,5246,Real,Pinky_MCP,-17.764860,0.966357,20.800700,0.577637,0.415545,0.107657,-0.694312
0.6776,5246,Real,Pinky_PIP,-17.740000,0.979372,20.828320,0.492907,0.513210,0.231516,-0.663369
0.6776,5246,Real,Pinky_DIP,-17.733290,0.983019,20.845000,0.402646,0.586701,0.336566,-0.616751
0.6776,5246,Real,Pinky_FingerTip,-17.731660,0.984117,20.864050,0.402646,0.586701,0.336566,-0.616751
0.6776,5246,Virtual,Wrist,-17.859610,0.961476,20.767260,0.624772,0.284267,-0.048320,-0.725616
0.6776,5246,Virtual,Thumb_CMC,-17.845540,1.002561,20.786090,-0.092841,0.465032,-0.365350,-0.801028
0.6776,5246,Virtual,Thumb_MCP,-17.832340,1.024471,20.821780,-0.151983,0.449194,-0.259098,-0.841424
0.6776,5246,Virtual,Thumb_IP,-17.809680,1.039155,20.862700,-0.251419,0.402073,-0.058197,-0.878487
0.6776,5246,Virtual,Thumb_FingerTip,-17.790590,1.036307,20.883670,-0.251419,0.402073,-0.058197,-0.878487
0.6776,5246,Virtual,Index_MCP,-17.784910,1.035588,20.812540,0.521047,0.398821,0.096893,-0.748374
0.6776,5246,Virtual,Index_PIP,-17.753860,1.048259,20.845220,0.506223,0.417476,0.124002,-0.744362
0.6776,5246,Virtual,Index_DIP,-17.737750,1.054438,20.864610,0.492310,0.433796,0.148260,-0.739913
0.6776,5246,Virtual,Index_FingerTip,-17.722160,1.060026,20.885800,0.492310,0.433796,0.148260,-0.739913
0.6776,5246,Virtual,Middle_MCP,-17.770730,1.012390,20.808910,0.549183,0.411759,0.108573,-0.719072
0.6776,5246,Virtual,Middle_PIP,-17.737080,1.028027,20.846480,0.465468,0.504467,0.237090,-0.687489
0.6776,5246,Virtual,Middle_DIP,-17.726580,1.032008,20.871830,0.376855,0.573696,0.346158,-0.639553
0.6776,5246,Virtual,Middle_FingerTip,-17.723690,1.031715,20.899970,0.376855,0.573696,0.346158,-0.639553
0.6776,5246,Virtual,Ring_MCP,-17.763270,0.989011,20.807500,0.567472,0.416663,0.111962,-0.701308
0.6776,5246,Virtual,Ring_PIP,-17.734060,1.003709,20.840610,0.482708,0.512469,0.237016,-0.669471
0.6776,5246,Virtual,Ring_DIP,-17.724510,1.008383,20.864710,0.392704,0.584308,0.342987,-0.621875
0.6776,5246,Virtual,Ring_FingerTip,-17.722400,1.009217,20.890410,0.392704,0.584308,0.342987,-0.621875
0.6776,5246,Virtual,Pinky_MCP,-17.761710,0.966745,20.805990,0.579319,0.419946,0.114405,-0.689164
0.6776,5246,Virtual,Pinky_PIP,-17.737250,0.979694,20.834000,0.493766,0.517843,0.237221,-0.657085
0.6776,5246,Virtual,Pinky_DIP,-17.730810,0.983356,20.850790,0.402737,0.591412,0.341170,-0.609621
0.6776,5246,Virtual,Pinky_FingerTip,-17.729520,0.984514,20.869870,0.402737,0.591412,0.341170,-0.609621
0.6776,5246,Render,Wrist,-17.859610,0.961476,20.767260,0.624772,0.284267,-0.048320,-0.725616
0.6776,5246,Render,Thumb_CMC,-17.845540,1.002561,20.786090,-0.054863,0.480302,-0.353862,-0.800676
0.6776,5246,Render,Thumb_MCP,-17.832880,1.025129,20.821560,-0.105733,0.471721,-0.266525,-0.833826
0.6776,5246,Render,Thumb_IP,-17.812640,1.042031,20.862900,-0.201716,0.439330,-0.086907,-0.871061
0.6776,5246,Render,Thumb_FingerTip,-17.795570,1.041295,20.885710,-0.201716,0.439330,-0.086907,-0.871061
0.6776,5246,Render,Index_MCP,-17.784910,1.035588,20.812540,0.571193,0.322934,-0.007529,-0.754583
0.6776,5246,Render,Index_PIP,-17.747860,1.053396,20.834960,0.535823,0.378737,0.068391,-0.751515
0.6776,5246,Render,Index_DIP,-17.729590,1.061262,20.851630,0.499333,0.425693,0.136149,-0.742237
0.6776,5246,Render,Index_FingerTip,-17.713440,1.067262,20.872290,0.499333,0.425693,0.136149,-0.742237
0.6776,5246,Render,Middle_MCP,-17.770730,1.012390,20.808910,0.587320,0.355250,0.036707,-0.726296
0.6776,5246,Render,Middle_PIP,-17.731400,1.031610,20.838440,0.520039,0.448003,0.157018,-0.710069
0.6776,5246,Render,Middle_DIP,-17.716170,1.038345,20.860600,0.447033,0.520873,0.261650,-0.678523
0.6776,5246,Render,Middle_FingerTip,-17.707100,1.041475,20.887230,0.447033,0.520873,0.261650,-0.678523
0.6776,5246,Render,Ring_MCP,-17.763270,0.989011,20.807500,0.612832,0.346509,0.028100,-0.709633
0.6776,5246,Render,Ring_PIP,-17.727980,1.006919,20.831990,0.559006,0.427954,0.125997,-0.698923
0.6776,5246,Render,Ring_DIP,-17.712130,1.014884,20.851450,0.501337,0.494260,0.212086,-0.677782
0.6776,5246,Render,Ring_FingerTip,-17.701250,1.020252,20.874220,0.501337,0.494260,0.212086,-0.677782
0.6776,5246,Render,Pinky_MCP,-17.761710,0.966745,20.805990,0.623074,0.351773,0.035773,-0.697678
0.6776,5246,Render,Pinky_PIP,-17.732180,0.982039,20.827080,0.565015,0.439004,0.137289,-0.684972
0.6776,5246,Render,Pinky_DIP,-17.721600,0.987690,20.840960,0.502359,0.509511,0.226196,-0.660961
0.6776,5246,Render,Pinky_FingerTip,-17.714340,0.991769,20.858220,0.502359,0.509511,0.226196,-0.660961
0.6915,5247,Real,Wrist,-17.867760,0.959522,20.759770,0.619821,0.274162,-0.064897,-0.732425
0.6915,5247,Real,Thumb_CMC,-17.853500,1.000701,20.778250,-0.105535,0.449338,-0.367330,-0.807482
0.6915,5247,Real,Thumb_MCP,-17.839180,1.022585,20.813520,-0.162514,0.432008,-0.260299,-0.848058
0.6915,5247,Real,Thumb_IP,-17.815090,1.037348,20.853590,-0.257649,0.382961,-0.057968,-0.885211
0.6915,5247,Real,Thumb_FingerTip,-17.795140,1.034648,20.873770,-0.257649,0.382961,-0.057968,-0.885211
0.6915,5247,Real,Index_MCP,-17.792330,1.034421,20.802460,0.518081,0.387263,0.082659,-0.758147
0.6915,5247,Real,Index_PIP,-17.760190,1.047343,20.833970,0.503823,0.405639,0.109863,-0.754686
0.6915,5247,Real,Index_DIP,-17.743400,1.053648,20.852730,0.490433,0.421729,0.134226,-0.750735
0.6915,5247,Real,Index_FingerTip,-17.727040,1.059354,20.873310,0.490433,0.421729,0.134226,-0.750735
0.6915,5247,Real,Middle_MCP,-17.777990,1.011438,20.798140,0.546449,0.400920,0.093969,-0.729265
0.6915,5247,Real,Middle_PIP,-17.743090,1.027339,20.834450,0.464782,0.493275,0.224519,-0.700178
0.6915,5247,Real,Middle_DIP,-17.731660,1.031334,20.859380,0.378046,0.562516,0.335781,-0.654147
0.6915,5247,Real,Middle_FingerTip,-17.727650,1.030938,20.887390,0.378046,0.562516,0.335781,-0.654147
0.6915,5247,Real,Ring_MCP,-17.770280,0.988171,20.796300,0.564814,0.406294,0.097124,-0.711673
0.6915,5247,Real,Ring_PIP,-17.739980,1.003096,20.828320,0.482010,0.501753,0.224245,-0.682368
0.6915,5247,Real,Ring_DIP,-17.729550,1.007776,20.852050,0.393802,0.573593,0.332445,-0.636704
0.6915,5247,Real,Ring_FingerTip,-17.726430,1.008510,20.877650,0.393802,0.573593,0.332445,-0.636704
0.6915,5247,Real,Pinky_MCP,-17.768470,0.965937,20.794620,0.576716,0.409894,0.099420,-0.699644
0.6915,5247,Real,Pinky_PIP,-17.743110,0.979074,20.821720,0.493065,0.507446,0.224328,-0.670122
0.6915,5247,Real,Pinky_DIP,-17.736060,0.982739,20.838250,0.403782,0.581012,0.330531,-0.624608
0.6915,5247,Real,Pinky_FingerTip,-17.734020,0.983817,20.857270,0.403782,0.581012,0.330531,-0.624608
0.6915,5247,Virtual,Wrist,-17.863410,0.960557,20.763710,0.622031,0.279997,-0.055835,-0.729083
0.6915,5247,Virtual,Thumb_CMC,-17.849280,1.001670,20.782430,-0.099306,0.458206,-0.366079,-0.803848
0.6915,5247,Virtual,Thumb_MCP,-17.835580,1.023518,20.817970,-0.157479,0.441605,-0.259527,-0.844294
0.6915,5247,Virtual,Thumb_IP,-17.812270,1.038185,20.858540,-0.254959,0.393459,-0.058084,-0.881370
0.6915,5247,Virtual,Thumb_FingerTip,-17.792800,1.035385,20.879150,-0.254959,0.393459,-0.058084,-0.881370
0.6915,5247,Virtual,Index_MCP,-17.788420,1.035016,20.807920,0.519089,0.393841,0.090591,-0.753146
0.6915,5247,Virtual,Index_PIP,-17.756890,1.047773,20.840110,0.504594,0.412249,0.117610,-0.749403
0.6915,5247,Virtual,Index_DIP,-17.740470,1.053996,20.859220,0.490990,0.428361,0.141798,-0.745204
0.6915,5247,Virtual,Index_FingerTip,-17.724530,1.059626,20.880140,0.490990,0.428361,0.141798,-0.745204
0.6915,5247,Virtual,Middle_MCP,-17.774150,1.011928,20.803960,0.547354,0.407093,0.102101,-0.724054
0.6915,5247,Virtual,Middle_PIP,-17.739940,1.027653,20.840990,0.464554,0.499510,0.231573,-0.693580
0.6915,5247,Virtual,Middle_DIP,-17.729030,1.031614,20.866160,0.376803,0.568630,0.341664,-0.646487
0.6915,5247,Virtual,Middle_FingerTip,-17.725640,1.031239,20.894250,0.376803,0.568630,0.341664,-0.646487
0.6915,5247,Virtual,Ring_MCP,-17.766560,0.988606,20.802320,0.565687,0.412214,0.105393,-0.706379
0.6915,5247,Virtual,Ring_PIP,-17.736870,1.003380,20.834970,0.481797,0.507733,0.231420,-0.675665
0.6915,5247,Virtual,Ring_DIP,-17.726930,1.008030,20.858920,0.392618,0.579459,0.338431,-0.628922
0.6915,5247,Virtual,Ring_FingerTip,-17.724370,1.008787,20.884580,0.392618,0.579459,0.338431,-0.628922
0.6915,5247,Virtual,Pinky_MCP,-17.764870,0.966357,20.800720,0.577566,0.415644,0.107775,-0.694293
0.6915,5247,Virtual,Pinky_PIP,-17.740010,0.979368,20.828340,0.492860,0.513255,0.231577,-0.663348
0.6915,5247,Virtual,Pinky_DIP,-17.733300,0.983013,20.845020,0.402633,0.586710,0.336579,-0.616744
0.6915,5247,Virtual,Pinky_FingerTip,-17.731670,0.984111,20.864070,0.402633,0.586710,0.336579,-0.616744
0.6915,5247,Render,Wrist,-17.863410,0.960557,20.763710,0.622031,0.279997,-0.055835,-0.729083
0.6915,5247,Render,Thumb_CMC,-17.849280,1.001670,20.782430,-0.061096,0.473598,-0.355205,-0.803618
0.6915,5247,Render,Thumb_MCP,-17.836150,1.024198,20.817760,-0.111216,0.464391,-0.267547,-0.836894
0.6915,5247,Render,Thumb_IP,-17.815280,1.041090,20.858790,-0.205551,0.431019,-0.087268,-0.874275
0.6915,5247,Render,Thumb_FingerTip,-17.797810,1.040389,20.881290,-0.205551,0.431019,-0.087268,-0.874275
0.6915,5247,Render,Index_MCP,-17.788420,1.035016,20.807920,0.568635,0.318148,-0.014597,-0.758435
0.6915,5247,Render,Index_PIP,-17.751090,1.052996,20.829740,0.533759,0.373718,0.061747,-0.756058
0.6915,5247,Render,Index_DIP,-17.732580,1.060928,20.846120,0.497733,0.420507,0.129943,-0.747363
0.6915,5247,Render,Index_FingerTip,-17.716100,1.066963,20.866510,0.497733,0.420507,0.129943,-0.747363
0.6915,5247,Render,Middle_MCP,-17.774150,1.011928,20.803960,0.585097,0.350689,0.029648,-0.730617
0.6915,5247,Render,Middle_PIP,-17.734420,1.031311,20.832850,0.518606,0.443136,0.150776,-0.715504
0.6915,5247,Render,Middle_DIP,-17.718850,1.038070,20.854760,0.446345,0.515846,0.256293,-0.684831
0.6915,5247,Render,Middle_FingerTip,-17.709330,1.041168,20.881230,0.446345,0.515846,0.256293,-0.684831
0.6915,5247,Render,Ring_MCP,-17.766560,0.988606,20.802320,0.610591,0.342199,0.020855,-0.713893
0.6915,5247,Render,Ring_PIP,-17.730960,1.006667,20.826240,0.557382,0.423376,0.119411,-0.704145
0.6915,5247,Render,Ring_DIP,-17.714810,1.014670,20.845460,0.500297,0.489515,0.206202,-0.683783
0.6915,5247,Render,Ring_FingerTip,-17.703570,1.020032,20.868060,0.500297,0.489515,0.206202,-0.683783
0.6915,5247,Render,Pinky_MCP,-17.764870,0.966357,20.800720,0.620905,0.347590,0.028487,-0.702031
0.6915,5247,Render,Pinky_PIP,-17.735070,0.981777,20.821320,0.563479,0.434549,0.130716,-0.690342
0.6915,5247,Render,Pinky_DIP,-17.724280,0.987450,20.835030,0.501423,0.504893,0.220387,-0.667149
0.6915,5247,Render,Pinky_FingerTip,-17.716750,0.991517,20.852170,0.501423,0.504893,0.220387,-0.667149
0.7053,5248,Real,Wrist,-17.872310,0.958331,20.755800,0.617960,0.267509,-0.073442,-0.735643
0.7053,5248,Real,Thumb_CMC,-17.857850,0.999559,20.774010,-0.111193,0.440244,-0.367841,-0.811489
0.7053,5248,Real,Thumb_MCP,-17.842840,1.021474,20.808970,-0.166999,0.422244,-0.260198,-0.852126
0.7053,5248,Real,Thumb_IP,-17.817930,1.036302,20.848510,-0.259837,0.372376,-0.056758,-0.889157
0.7053,5248,Real,Thumb_FingerTip,-17.797520,1.033663,20.868230,-0.259837,0.372376,-0.056758,-0.889157
0.7053,5248,Real,Index_MCP,-17.796310,1.033550,20.796880,0.517585,0.379981,0.075244,-0.762928
0.7053,5248,Real,Index_PIP,-17.763530,1.046594,20.827680,0.503448,0.398523,0.102895,-0.759693
0.7053,5248,Real,Index_DIP,-17.746370,1.052951,20.846090,0.490155,0.414762,0.127666,-0.755924
0.7053,5248,Real,Index_FingerTip,-17.729600,1.058697,20.866320,0.490155,0.414762,0.127666,-0.755924
0.7053,5248,Real,Middle_MCP,-17.781960,1.010642,20.792220,0.546097,0.393973,0.086248,-0.734252
0.7053,5248,Real,Middle_PIP,-17.746330,1.026676,20.827750,0.465674,0.486399,0.217859,-0.706472
0.7053,5248,Real,Middle_DIP,-17.734360,1.030701,20.852420,0.380027,0.555892,0.330262,-0.661431
0.7053,5248,Real,Middle_FingerTip,-17.729720,1.030294,20.880330,0.380027,0.555892,0.330262,-0.661431
0.7053,5248,Real,Ring_MCP,-17.774180,0.987415,20.790180,0.564428,0.399676,0.089362,-0.716725
0.7053,5248,Real,Ring_PIP,-17.743250,1.002450,20.821530,0.482759,0.495241,0.217620,-0.688710
0.7053,5248,Real,Ring_DIP,-17.732320,1.007150,20.845040,0.395532,0.567340,0.327022,-0.644001
0.7053,5248,Real,Ring_FingerTip,-17.728650,1.007862,20.870570,0.395532,0.567340,0.327022,-0.644001
0.7053,5248,Real,Pinky_MCP,-17.772300,0.965192,20.788430,0.576353,0.403439,0.091556,-0.704749
0.7053,5248,Real,Pinky_PIP,-17.746410,0.978421,20.814970,0.493806,0.501101,0.217610,-0.676535
0.7053,5248,Real,Pinky_DIP,-17.739010,0.982098,20.831350,0.405476,0.574922,0.325026,-0.631990
0.7053,5248,Real,Pinky_FingerTip,-17.736570,0.983160,20.850330,0.405476,0.574922,0.325026,-0.631990
0.7053,5248,Virtual,Wrist,-17.867760,0.959524,20.759770,0.619821,0.274162,-0.064897,-0.732425
0.7053,5248,Virtual,Thumb_CMC,-17.853510,1.000703,20.778250,-0.105530,0.449338,-0.367339,-0.807478
0.7053,5248,Virtual,Thumb_MCP,-17.839180,1.022588,20.813520,-0.162556,0.431992,-0.260217,-0.848084
0.7053,5248,Virtual,Thumb_IP,-17.815090,1.037342,20.853590,-0.257760,0.382885,-0.057709,-0.885228
0.7053,5248,Virtual,Thumb_FingerTip,-17.795140,1.034629,20.873760,-0.257760,0.382885,-0.057709,-0.885228
0.7053,5248,Virtual,Index_MCP,-17.792330,1.034423,20.802460,0.518081,0.387263,0.082659,-0.758147
0.7053,5248,Virtual,Index_PIP,-17.760190,1.047344,20.833970,0.503679,0.405818,0.110131,-0.754646
0.7053,5248,Virtual,Index_DIP,-17.743410,1.053641,20.852750,0.490148,0.422061,0.134734,-0.750644
0.7053,5248,Virtual,Index_FingerTip,-17.727070,1.059330,20.873340,0.490148,0.422061,0.134734,-0.750644
0.7053,5248,Virtual,Middle_MCP,-17.777990,1.011440,20.798150,0.546485,0.400870,0.093903,-0.729274
0.7053,5248,Virtual,Middle_PIP,-17.743090,1.027344,20.834440,0.464807,0.493252,0.224485,-0.700189
0.7053,5248,Virtual,Middle_DIP,-17.731650,1.031340,20.859370,0.378052,0.562512,0.335774,-0.654151
0.7053,5248,Virtual,Middle_FingerTip,-17.727640,1.030945,20.887380,0.378052,0.562512,0.335774,-0.654151
0.7053,5248,Virtual,Ring_MCP,-17.770280,0.988173,20.796300,0.564784,0.406334,0.097175,-0.711666
0.7053,5248,Virtual,Ring_PIP,-17.739990,1.003095,20.828320,0.481904,0.501854,0.224389,-0.682321
0.7053,5248,Virtual,Ring_DIP,-17.729570,1.007771,20.852060,0.393610,0.573725,0.332658,-0.636593
0.7053,5248,Virtual,Ring_FingerTip,-17.726470,1.008496,20.877670,0.393610,0.573725,0.332658,-0.636593
0.7053,5248,Virtual,Pinky_MCP,-17.768480,0.965938,20.794620,0.576687,0.409936,0.099471,-0.699637
0.7053,5248,Virtual,Pinky_PIP,-17.743120,0.979074,20.821720,0.492958,0.507550,0.224469,-0.670074
0.7053,5248,Virtual,Pinky_DIP,-17.736070,0.982735,20.838260,0.403587,0.581147,0.330740,-0.624498
0.7053,5248,Virtual,Pinky_FingerTip,-17.734050,0.983808,20.857280,0.403587,0.581147,0.330740,-0.624498
0.7053,5248,Render,Wrist,-17.867760,0.959524,20.759770,0.619821,0.274162,-0.064897,-0.732425
0.7053,5248,Render,Thumb_CMC,-17.853510,1.000703,20.778250,-0.067261,0.464853,-0.356861,-0.807489
0.7053,5248,Render,Thumb_MCP,-17.839760,1.023264,20.813330,-0.116414,0.455039,-0.268781,-0.840919
0.7053,5248,Render,Thumb_IP,-17.818120,1.040233,20.853910,-0.208686,0.420788,-0.087636,-0.878469
0.7053,5248,Render,Thumb_FingerTip,-17.800150,1.039616,20.876030,-0.208686,0.420788,-0.087636,-0.878469
0.7053,5248,Render,Index_MCP,-17.792330,1.034423,20.802460,0.566726,0.311773,-0.023145,-0.762289
0.7053,5248,Render,Index_PIP,-17.754660,1.052624,20.823490,0.532501,0.367184,0.053629,-0.760752
0.7053,5248,Render,Index_DIP,-17.735850,1.060656,20.839480,0.497071,0.413886,0.122283,-0.752773
0.7053,5248,Render,Index_FingerTip,-17.718970,1.066772,20.859500,0.497071,0.413886,0.122283,-0.752773
0.7053,5248,Render,Middle_MCP,-17.777990,1.011440,20.798150,0.583583,0.344636,0.021038,-0.734993
0.7053,5248,Render,Middle_PIP,-17.737780,1.031048,20.826200,0.518120,0.436915,0.143014,-0.721252
0.7053,5248,Render,Middle_DIP,-17.721780,1.037879,20.847780,0.446797,0.509623,0.249480,-0.691677
0.7053,5248,Render,Middle_FingerTip,-17.711700,1.041000,20.874030,0.446797,0.509623,0.249480,-0.691677
0.7053,5248,Render,Ring_MCP,-17.770280,0.988173,20.796300,0.609022,0.336424,0.012016,-0.718169
0.7053,5248,Render,Ring_PIP,-17.734290,1.006439,20.819470,0.556627,0.417439,0.111249,-0.709602
0.7053,5248,Render,Ring_DIP,-17.717780,1.014522,20.838340,0.500287,0.483531,0.198783,-0.690215
0.7053,5248,Render,Ring_FingerTip,-17.706080,1.019925,20.860690,0.500287,0.483531,0.198783,-0.690215
0.7053,5248,Render,Pinky_MCP,-17.768480,0.965938,20.794620,0.619410,0.341973,0.019580,-0.706401
0.7053,5248,Render,Pinky_PIP,-17.738340,0.981529,20.814600,0.562821,0.428774,0.122543,-0.695966
0.7053,5248,Render,Pinky_DIP,-17.727300,0.987254,20.828080,0.501530,0.499081,0.213025,-0.673800
0.7053,5248,Render,Pinky_FingerTip,-17.719420,0.991345,20.845060,0.501530,0.499081,0.213025,-0.673800
0.7194,5249,Real,Wrist,-17.877120,0.957078,20.751880,0.617074,0.261419,-0.080572,-0.737827
0.7194,5249,Real,Thumb_CMC,-17.862440,0.998364,20.769780,-0.115100,0.432183,-0.368174,-0.815119
0.7194,5249,Real,Thumb_MCP,-17.846840,1.020351,20.804440,-0.169790,0.413765,-0.260153,-0.855740
0.7194,5249,Real,Thumb_IP,-17.821230,1.035293,20.843500,-0.260527,0.363532,-0.056056,-0.892652
0.7194,5249,Real,Thumb_FingerTip,-17.800450,1.032747,20.862820,-0.260527,0.363532,-0.056056,-0.892652
0.7194,5249,Real,Index_MCP,-17.800590,1.032564,20.791460,0.517956,0.373521,0.068983,-0.766450
0.7194,5249,Real,Index_PIP,-17.767270,1.045732,20.821620,0.504192,0.391902,0.096494,-0.763474
0.7194,5249,Real,Index_DIP,-17.749770,1.052165,20.839680,0.491246,0.408012,0.121148,-0.759952
0.7194,5249,Real,Index_FingerTip,-17.732610,1.057995,20.859560,0.491246,0.408012,0.121148,-0.759952
0.7194,5249,Real,Middle_MCP,-17.786250,1.009697,20.786540,0.546566,0.387796,0.079702,-0.737921
0.7194,5249,Real,Middle_PIP,-17.750000,1.025871,20.821370,0.467321,0.480345,0.211989,-0.711295
0.7194,5249,Real,Middle_DIP,-17.737570,1.029956,20.845800,0.382707,0.550141,0.325177,-0.667189
0.7194,5249,Real,Middle_FingerTip,-17.732380,1.029593,20.873620,0.382707,0.550141,0.325177,-0.667189
0.7194,5249,Real,Ring_MCP,-17.778440,0.986493,20.784370,0.564848,0.393786,0.082784,-0.720435
0.7194,5249,Real,Ring_PIP,-17.746970,1.001644,20.815120,0.484259,0.489504,0.211793,-0.693559
0.7194,5249,Real,Ring_DIP,-17.735620,1.006394,20.838410,0.397969,0.561909,0.322039,-0.649747
0.7194,5249,Real,Ring_FingerTip,-17.731460,1.007136,20.863870,0.397969,0.561909,0.322039,-0.649747
0.7194,5249,Real,Pinky_MCP,-17.776530,0.964274,20.782590,0.576783,0.397683,0.084880,-0.708495
0.7194,5249,Real,Pinky_PIP,-17.750180,0.977601,20.808640,0.495292,0.495497,0.211694,-0.681436
0.7194,5249,Real,Pinky_DIP,-17.742490,0.981312,20.824870,0.407877,0.569620,0.319965,-0.637803
0.7194,5249,Real,Pinky_FingerTip,-17.739690,0.982395,20.843790,0.407877,0.569620,0.319965,-0.637803
0.7194,5249,Virtual,Wrist,-17.872310,0.958331,20.755800,0.617960,0.267509,-0.073442,-0.735643
0.7194,5249,Virtual,Thumb_CMC,-17.857850,0.999558,20.774010,-0.111198,0.440244,-0.367832,-0.811493
0.7194,5249,Virtual,Thumb_MCP,-17.842850,1.021473,20.808970,-0.166959,0.422261,-0.260280,-0.852100
0.7194,5249,Virtual,Thumb_IP,-17.817940,1.036308,20.848520,-0.259729,0.372452,-0.057018,-0.889140
0.7194,5249,Virtual,Thumb_FingerTip,-17.797540,1.033684,20.868240,-0.259729,0.372452,-0.057018,-0.889140
0.7194,5249,Virtual,Index_MCP,-17.796320,1.033550,20.796890,0.517585,0.379981,0.075244,-0.762928
0.7194,5249,Virtual,Index_PIP,-17.763540,1.046593,20.827690,0.503589,0.398344,0.102625,-0.759729
0.7194,5249,Virtual,Index_DIP,-17.746370,1.052960,20.846080,0.490436,0.414431,0.127155,-0.756010
0.7194,5249,Virtual,Index_FingerTip,-17.729580,1.058723,20.866290,0.490436,0.414431,0.127155,-0.756010
0.7194,5249,Virtual,Middle_MCP,-17.781960,1.010642,20.792220,0.546124,0.393935,0.086197,-0.734258
0.7194,5249,Virtual,Middle_PIP,-17.746330,1.026679,20.827740,0.465775,0.486302,0.217713,-0.706516
0.7194,5249,Virtual,Middle_DIP,-17.734350,1.030709,20.852410,0.380210,0.555766,0.330044,-0.661540
0.7194,5249,Virtual,Middle_FingerTip,-17.729700,1.030311,20.880330,0.380210,0.555766,0.330044,-0.661540
0.7194,5249,Virtual,Ring_MCP,-17.774180,0.987415,20.790180,0.564392,0.399728,0.089427,-0.716717
0.7194,5249,Virtual,Ring_PIP,-17.743260,1.002447,20.821540,0.482735,0.495265,0.217654,-0.688699
0.7194,5249,Virtual,Ring_DIP,-17.732340,1.007146,20.845050,0.395526,0.567344,0.327030,-0.643997
0.7194,5249,Virtual,Ring_FingerTip,-17.728660,1.007857,20.870570,0.395526,0.567344,0.327030,-0.643997
0.7194,5249,Virtual,Pinky_MCP,-17.772310,0.965192,20.788430,0.576317,0.403492,0.091620,-0.704741
0.7194,5249,Virtual,Pinky_PIP,-17.746420,0.978418,20.814980,0.493782,0.501125,0.217643,-0.676524
0.7194,5249,Virtual,Pinky_DIP,-17.739020,0.982095,20.831370,0.405469,0.574927,0.325034,-0.631987
0.7194,5249,Virtual,Pinky_FingerTip,-17.736580,0.983156,20.850340,0.405469,0.574927,0.325034,-0.631987
0.7194,5249,Render,Wrist,-17.872310,0.958331,20.755800,0.617960,0.267509,-0.073442,-0.735643
0.7194,5249,Render,Thumb_CMC,-17.857850,0.999558,20.774010,-0.072846,0.455846,-0.357782,-0.811721
0.7194,5249,Render,Thumb_MCP,-17.843430,1.022147,20.808790,-0.121008,0.445487,-0.269246,-0.845225
0.7194,5249,Render,Thumb_IP,-17.820980,1.039177,20.848910,-0.211189,0.410489,-0.087193,-0.882777
0.7194,5249,Render,Thumb_FingerTip,-17.802510,1.038623,20.870620,-0.211189,0.410489,-0.087193,-0.882777
0.7194,5249,Render,Index_MCP,-17.796320,1.033550,20.796890,0.565226,0.304630,-0.031151,-0.765996
0.7194,5249,Render,Index_PIP,-17.758270,1.051911,20.817090,0.531727,0.359926,0.046037,-0.765246
0.7194,5249,Render,Index_DIP,-17.739150,1.060017,20.832660,0.496957,0.406588,0.115130,-0.757935
0.7194,5249,Render,Index_FingerTip,-17.721860,1.066193,20.852320,0.496957,0.406588,0.115130,-0.757935
0.7194,5249,Render,Middle_MCP,-17.781960,1.010642,20.792220,0.582511,0.337812,0.012928,-0.739187
0.7194,5249,Render,Middle_PIP,-17.741230,1.030415,20.819390,0.518198,0.430008,0.135714,-0.726737
0.7194,5249,Render,Middle_DIP,-17.724780,1.037301,20.840610,0.447910,0.502805,0.243084,-0.698194
0.7194,5249,Render,Middle_FingerTip,-17.714130,1.040441,20.866650,0.447910,0.502805,0.243084,-0.698194
0.7194,5249,Render,Ring_MCP,-17.774180,0.987415,20.790180,0.607878,0.329855,0.003658,-0.722265
0.7194,5249,Render,Ring_PIP,-17.737780,1.005831,20.812560,0.556403,0.410775,0.103538,-0.714815
0.7194,5249,Render,Ring_DIP,-17.720880,1.013974,20.831070,0.500895,0.476891,0.191782,-0.696348
0.7194,5249,Render,Ring_FingerTip,-17.708720,1.019409,20.853160,0.500895,0.476891,0.191782,-0.696348
0.7194,5249,Render,Pinky_MCP,-17.772310,0.965192,20.788430,0.618343,0.335557,0.011137,-0.710584
0.7194,5249,Render,Pinky_PIP,-17.741810,0.980907,20.807750,0.562703,0.422270,0.114802,-0.701338
0.7194,5249,Render,Pinky_DIP,-17.730500,0.986671,20.820990,0.502268,0.492618,0.206057,-0.680143
0.7194,5249,Render,Pinky_FingerTip,-17.722260,0.990782,20.837790,0.502268,0.492618,0.206057,-0.680143
0.7338,5250,Real,Wrist,-17.881640,0.955879,20.748230,0.616255,0.255766,-0.086897,-0.739772
0.7338,5250,Real,Thumb_CMC,-17.866760,0.997212,20.765850,-0.118565,0.424862,-0.368303,-0.818405
0.7338,5250,Real,Thumb_MCP,-17.850610,1.019260,20.800220,-0.172284,0.406059,-0.259858,-0.859016
0.7338,5250,Real,Thumb_IP,-17.824370,1.034289,20.838820,-0.261179,0.355459,-0.055015,-0.895772
0.7338,5250,Real,Thumb_FingerTip,-17.803250,1.031806,20.857780,-0.261179,0.355459,-0.055015,-0.895772
0.7338,5250,Real,Index_MCP,-17.804620,1.031578,20.786430,0.518304,0.367540,0.063439,-0.769579
0.7338,5250,Real,Index_PIP,-17.770820,1.044847,20.816000,0.504755,0.385937,0.091067,-0.766800
0.7338,5250,Real,Index_DIP,-17.753030,1.051335,20.833760,0.492002,0.402068,0.115832,-0.763452
0.7338,5250,Real,Index_FingerTip,-17.735540,1.057220,20.853330,0.492002,0.402068,0.115832,-0.763452
0.7338,5250,Real,Middle_MCP,-17.790320,1.008744,20.781280,0.546980,0.382099,0.073942,-0.741179
0.7338,5250,Real,Middle_PIP,-17.753510,1.025029,20.815460,0.468759,0.474818,0.206914,-0.715542
0.7338,5250,Real,Middle_DIP,-17.740660,1.029160,20.839680,0.385028,0.544922,0.320862,-0.672207
0.7338,5250,Real,Middle_FingerTip,-17.734990,1.028828,20.867400,0.385028,0.544922,0.320862,-0.672207
0.7338,5250,Real,Ring_MCP,-17.782490,0.985558,20.778980,0.565338,0.388171,0.076767,-0.723756
0.7338,5250,Real,Ring_PIP,-17.750520,1.000811,20.809170,0.485804,0.484024,0.206410,-0.697934
0.7338,5250,Real,Ring_DIP,-17.738770,1.005610,20.832250,0.400434,0.556719,0.317385,-0.654968
0.7338,5250,Real,Ring_FingerTip,-17.734160,1.006386,20.857630,0.400434,0.556719,0.317385,-0.654968
0.7338,5250,Real,Pinky_MCP,-17.780560,0.963342,20.777200,0.577284,0.392185,0.078776,-0.711849
0.7338,5250,Real,Pinky_PIP,-17.753780,0.976755,20.802760,0.496826,0.490132,0.206231,-0.685860
0.7338,5250,Real,Pinky_DIP,-17.745810,0.980499,20.818860,0.410314,0.564542,0.315241,-0.643085
0.7338,5250,Real,Pinky_FingerTip,-17.742670,0.981607,20.837720,0.410314,0.564542,0.315241,-0.643085
0.7338,5250,Virtual,Wrist,-17.877120,0.957079,20.751890,0.617074,0.261419,-0.080572,-0.737827
0.7338,5250,Virtual,Thumb_CMC,-17.862450,0.998365,20.769790,-0.115100,0.432183,-0.368174,-0.815119
0.7338,5250,Virtual,Thumb_MCP,-17.846840,1.020352,20.804450,-0.169790,0.413764,-0.260153,-0.855740
0.7338,5250,Virtual,Thumb_IP,-17.821240,1.035293,20.843500,-0.260527,0.363532,-0.056056,-0.892653
0.7338,5250,Virtual,Thumb_FingerTip,-17.800450,1.032747,20.862830,-0.260527,0.363532,-0.056056,-0.892653
0.7338,5250,Virtual,Index_MCP,-17.800590,1.032565,20.791470,0.517955,0.373521,0.068982,-0.766450
0.7338,5250,Virtual,Index_PIP,-17.767270,1.045732,20.821630,0.504192,0.391902,0.096494,-0.763475
0.7338,5250,Virtual,Index_DIP,-17.749770,1.052165,20.839690,0.491246,0.408012,0.121148,-0.759952
0.7338,5250,Virtual,Index_FingerTip,-17.732620,1.057996,20.859570,0.491246,0.408012,0.121148,-0.759952
0.7338,5250,Virtual,Middle_MCP,-17.786260,1.009698,20.786550,0.546566,0.387796,0.079702,-0.737922
0.7338,5250,Virtual,Middle_PIP,-17.750000,1.025872,20.821370,0.467320,0.480345,0.211989,-0.711296
0.7338,5250,Virtual,Middle_DIP,-17.737570,1.029957,20.845810,0.382707,0.550141,0.325176,-0.667189
0.7338,5250,Virtual,Middle_FingerTip,-17.732380,1.029594,20.873620,0.382707,0.550141,0.325176,-0.667189
0.7338,5250,Virtual,Ring_MCP,-17.778440,0.986494,20.784370,0.564912,0.393693,0.082666,-0.720449
0.7338,5250,Virtual,Ring_PIP,-17.746970,1.001650,20.815120,0.484385,0.489378,0.211613,-0.693614
0.7338,5250,Virtual,Ring_DIP,-17.735600,1.006406,20.838410,0.398163,0.561771,0.321814,-0.649858
0.7338,5250,Virtual,Ring_FingerTip,-17.731430,1.007156,20.863850,0.398163,0.561771,0.321814,-0.649858
0.7338,5250,Virtual,Pinky_MCP,-17.776540,0.964275,20.782600,0.576848,0.397589,0.084764,-0.708509
0.7338,5250,Virtual,Pinky_PIP,-17.750180,0.977606,20.808640,0.495420,0.495368,0.211517,-0.681491
0.7338,5250,Virtual,Pinky_DIP,-17.742480,0.981321,20.824870,0.408074,0.569479,0.319744,-0.637914
0.7338,5250,Virtual,Pinky_FingerTip,-17.739660,0.982410,20.843780,0.408074,0.569479,0.319744,-0.637914
0.7338,5250,Render,Wrist,-17.877120,0.957079,20.751890,0.617074,0.261419,-0.080572,-0.737827
0.7338,5250,Render,Thumb_CMC,-17.862450,0.998365,20.769790,-0.076679,0.447844,-0.358497,-0.815498
0.7338,5250,Render,Thumb_MCP,-17.847440,1.021024,20.804280,-0.123966,0.437123,-0.269554,-0.849057
0.7338,5250,Render,Thumb_IP,-17.824270,1.038153,20.843950,-0.212339,0.401692,-0.086696,-0.886589
0.7338,5250,Render,Thumb_FingerTip,-17.805390,1.037672,20.865300,-0.212339,0.401692,-0.086696,-0.886589
0.7338,5250,Render,Index_MCP,-17.800590,1.032565,20.791470,0.564698,0.298182,-0.037840,-0.768617
0.7338,5250,Render,Index_PIP,-17.762220,1.051059,20.810930,0.531850,0.353457,0.039645,-0.768526
0.7338,5250,Render,Index_DIP,-17.742830,1.059236,20.826130,0.497665,0.400157,0.109061,-0.761781
0.7338,5250,Render,Index_FingerTip,-17.725190,1.065480,20.845450,0.497665,0.400157,0.109061,-0.761781
0.7338,5250,Render,Middle_MCP,-17.786260,1.009698,20.786550,0.582342,0.331660,0.006101,-0.742188
0.7338,5250,Render,Middle_PIP,-17.745070,1.029617,20.812920,0.519055,0.423913,0.129482,-0.730832
0.7338,5250,Render,Middle_DIP,-17.728250,1.036570,20.833820,0.449670,0.496907,0.237536,-0.703177
0.7338,5250,Render,Middle_FingerTip,-17.717110,1.039763,20.859650,0.449670,0.496907,0.237536,-0.703177
0.7338,5250,Render,Ring_MCP,-17.778440,0.986494,20.784370,0.607625,0.323901,-0.003381,-0.725168
0.7338,5250,Render,Ring_PIP,-17.741670,1.005039,20.806050,0.556976,0.404843,0.096969,-0.718664
0.7338,5250,Render,Ring_DIP,-17.724460,1.013248,20.824220,0.502202,0.471076,0.185743,-0.700985
0.7338,5250,Render,Ring_FingerTip,-17.711890,1.018737,20.846070,0.502202,0.471076,0.185743,-0.700985
0.7338,5250,Render,Pinky_MCP,-17.776540,0.964275,20.782600,0.618148,0.329733,0.004014,-0.713550
0.7338,5250,Render,Pinky_PIP,-17.745730,0.980099,20.801330,0.563360,0.416480,0.108189,-0.705312
0.7338,5250,Render,Pinky_DIP,-17.734170,0.985908,20.814340,0.503682,0.486965,0.200025,-0.684953
0.7338,5250,Render,Pinky_FingerTip,-17.725640,0.990057,20.830980,0.503682,0.486965,0.200025,-0.684953
0.7477,5251,Real,Wrist,-17.886840,0.954600,20.744450,0.617247,0.249162,-0.091037,-0.740701
0.7477,5251,Real,Thumb_CMC,-17.871580,0.995956,20.761690,-0.119263,0.418143,-0.367159,-0.822270
0.7477,5251,Real,Thumb_MCP,-17.854860,1.018089,20.795740,-0.172094,0.399313,-0.258262,-0.862690
0.7477,5251,Real,Thumb_IP,-17.828010,1.033199,20.833870,-0.259414,0.348958,-0.052684,-0.898976
0.7477,5251,Real,Thumb_FingerTip,-17.806610,1.030739,20.852540,-0.259414,0.348958,-0.052684,-0.898976
0.7477,5251,Real,Index_MCP,-17.809050,1.030226,20.781210,0.520643,0.361107,0.059877,-0.771328
0.7477,5251,Real,Index_PIP,-17.774770,1.043509,20.810220,0.507324,0.379592,0.087570,-0.768677
0.7477,5251,Real,Index_DIP,-17.756690,1.050011,20.827670,0.494775,0.395810,0.112397,-0.765441
0.7477,5251,Real,Index_FingerTip,-17.738900,1.055919,20.846960,0.494775,0.395810,0.112397,-0.765441
0.7477,5251,Real,Middle_MCP,-17.794890,1.007335,20.775930,0.549487,0.375685,0.069858,-0.742997
0.7477,5251,Real,Middle_PIP,-17.757500,1.023655,20.809460,0.472475,0.468873,0.203090,-0.718108
0.7477,5251,Real,Middle_DIP,-17.744260,1.027851,20.833440,0.389756,0.539597,0.317393,-0.675416
0.7477,5251,Real,Middle_FingerTip,-17.738140,1.027621,20.861070,0.389756,0.539597,0.317393,-0.675416
0.7477,5251,Real,Ring_MCP,-17.787150,0.984119,20.773590,0.567722,0.382046,0.072749,-0.725562
0.7477,5251,Real,Ring_PIP,-17.754690,0.999394,20.803240,0.489256,0.478431,0.202785,-0.700436
0.7477,5251,Real,Ring_DIP,-17.742570,1.004243,20.826120,0.404752,0.551764,0.314215,-0.658028
0.7477,5251,Real,Ring_FingerTip,-17.737580,1.005098,20.851420,0.404752,0.551764,0.314215,-0.658028
0.7477,5251,Real,Pinky_MCP,-17.785310,0.961893,20.771860,0.579667,0.386138,0.074643,-0.713662
0.7477,5251,Real,Pinky_PIP,-17.758110,0.975324,20.796960,0.500263,0.484616,0.202495,-0.688390
0.7477,5251,Real,Pinky_DIP,-17.749890,0.979104,20.812920,0.414604,0.559660,0.311967,-0.646190
0.7477,5251,Real,Pinky_FingerTip,-17.746460,0.980271,20.831730,0.414604,0.559660,0.311967,-0.646190
0.7477,5251,Virtual,Wrist,-17.881640,0.955879,20.748240,0.616255,0.255766,-0.086897,-0.739772
0.7477,5251,Virtual,Thumb_CMC,-17.866760,0.997212,20.765850,-0.118510,0.424869,-0.368405,-0.818365
0.7477,5251,Virtual,Thumb_MCP,-17.850620,1.019267,20.800220,-0.172213,0.406080,-0.260000,-0.858978
0.7477,5251,Virtual,Thumb_IP,-17.824390,1.034310,20.838820,-0.261087,0.355516,-0.055230,-0.895764
0.7477,5251,Virtual,Thumb_FingerTip,-17.803270,1.031839,20.857790,-0.261087,0.355516,-0.055230,-0.895764
0.7477,5251,Virtual,Index_MCP,-17.804620,1.031578,20.786440,0.518304,0.367540,0.063439,-0.769579
0.7477,5251,Virtual,Index_PIP,-17.770820,1.044847,20.816010,0.504755,0.385936,0.091067,-0.766800
0.7477,5251,Virtual,Index_DIP,-17.753030,1.051335,20.833760,0.492002,0.402068,0.115832,-0.763452
0.7477,5251,Virtual,Index_FingerTip,-17.735550,1.057220,20.853340,0.492002,0.402068,0.115832,-0.763452
0.7477,5251,Virtual,Middle_MCP,-17.790320,1.008744,20.781290,0.547103,0.381923,0.073703,-0.741203
0.7477,5251,Virtual,Middle_PIP,-17.753490,1.025042,20.815440,0.469002,0.474577,0.206548,-0.715648
0.7477,5251,Virtual,Middle_DIP,-17.740630,1.029187,20.839640,0.385400,0.544659,0.320403,-0.672426
0.7477,5251,Virtual,Middle_FingerTip,-17.734930,1.028873,20.867360,0.385400,0.544659,0.320403,-0.672426
0.7477,5251,Virtual,Ring_MCP,-17.782490,0.985557,20.778990,0.565338,0.388171,0.076767,-0.723756
0.7477,5251,Virtual,Ring_PIP,-17.750520,1.000811,20.809180,0.485804,0.484024,0.206410,-0.697934
0.7477,5251,Virtual,Ring_DIP,-17.738770,1.005609,20.832260,0.400435,0.556719,0.317385,-0.654968
0.7477,5251,Virtual,Ring_FingerTip,-17.734160,1.006386,20.857630,0.400435,0.556719,0.317385,-0.654968
0.7477,5251,Virtual,Pinky_MCP,-17.780560,0.963342,20.777200,0.577284,0.392185,0.078776,-0.711849
0.7477,5251,Virtual,Pinky_PIP,-17.753790,0.976754,20.802770,0.496826,0.490132,0.206232,-0.685860
0.7477,5251,Virtual,Pinky_DIP,-17.745820,0.980499,20.818860,0.410314,0.564542,0.315241,-0.643085
0.7477,5251,Virtual,Pinky_FingerTip,-17.742680,0.981607,20.837720,0.410314,0.564542,0.315241,-0.643085
0.7477,5251,Render,Wrist,-17.881640,0.955879,20.748240,0.616255,0.255766,-0.086897,-0.739772
0.7477,5251,Render,Thumb_CMC,-17.866760,0.997212,20.765850,-0.080081,0.440571,-0.358964,-0.818920
0.7477,5251,Render,Thumb_MCP,-17.851220,1.019930,20.800060,-0.126574,0.429529,-0.269654,-0.852509
0.7477,5251,Render,Thumb_IP,-17.827410,1.037141,20.839320,-0.213307,0.393721,-0.086074,-0.889987
0.7477,5251,Render,Thumb_FingerTip,-17.808160,1.036721,20.860340,-0.213307,0.393721,-0.086074,-0.889987
0.7477,5251,Render,Index_MCP,-17.804620,1.031578,20.786440,0.564215,0.292209,-0.043763,-0.770948
0.7477,5251,Render,Index_PIP,-17.765970,1.050179,20.805230,0.531969,0.347467,0.033987,-0.771441
0.7477,5251,Render,Index_DIP,-17.746340,1.058413,20.820080,0.498327,0.394201,0.103690,-0.765196
0.7477,5251,Render,Index_FingerTip,-17.728380,1.064713,20.839090,0.498327,0.394201,0.103690,-0.765196
0.7477,5251,Render,Middle_MCP,-17.790320,1.008744,20.781290,0.582188,0.325950,0.000047,-0.744859
0.7477,5251,Render,Middle_PIP,-17.748740,1.028781,20.806930,0.519853,0.418257,0.123956,-0.734472
0.7477,5251,Render,Middle_DIP,-17.731570,1.035788,20.827530,0.451307,0.491435,0.232618,-0.707604
0.7477,5251,Render,Middle_FingerTip,-17.720000,1.039025,20.853160,0.451307,0.491435,0.232618,-0.707604
0.7477,5251,Render,Ring_MCP,-17.782490,0.985557,20.778990,0.607393,0.318367,-0.009630,-0.727753
0.7477,5251,Render,Ring_PIP,-17.745400,1.004207,20.800010,0.557512,0.399330,0.091137,-0.722088
0.7477,5251,Render,Ring_DIP,-17.727890,1.012470,20.817880,0.503421,0.465673,0.180383,-0.705109
0.7477,5251,Render,Ring_FingerTip,-17.714960,1.018003,20.839510,0.503421,0.465673,0.180383,-0.705109
0.7477,5251,Render,Pinky_MCP,-17.780560,0.963342,20.777200,0.617969,0.324314,-0.002314,-0.716191
0.7477,5251,Render,Pinky_PIP,-17.749470,0.979254,20.795380,0.563975,0.411094,0.102314,-0.708849
0.7477,5251,Render,Pinky_DIP,-17.737710,0.985100,20.808190,0.504999,0.481706,0.194666,-0.689232
0.7477,5251,Render,Pinky_FingerTip,-17.728890,0.989280,20.824670,0.504999,0.481706,0.194666,-0.689232
0.7611,5252,Real,Wrist,-17.892250,0.953510,20.740730,0.619697,0.241842,-0.093978,-0.740714
0.7611,5252,Real,Thumb_CMC,-17.876510,0.994883,20.757490,-0.117800,0.411553,-0.365536,-0.826518
0.7611,5252,Real,Thumb_MCP,-17.859210,1.017158,20.791140,-0.169827,0.392952,-0.256035,-0.866715
0.7611,5252,Real,Thumb_IP,-17.831750,1.032374,20.828800,-0.255794,0.343252,-0.049456,-0.902387
0.7611,5252,Real,Thumb_FingerTip,-17.810110,1.029914,20.847180,-0.255794,0.343252,-0.049456,-0.902387
0.7611,5252,Real,Index_MCP,-17.813510,1.028904,20.775900,0.524661,0.354222,0.057172,-0.772003
0.7611,5252,Real,Index_PIP,-17.778740,1.042176,20.804320,0.511454,0.373038,0.085164,-0.769418
0.7611,5252,Real,Index_DIP,-17.760380,1.048679,20.821480,0.498990,0.389553,0.110263,-0.766224
0.7611,5252,Real,Index_FingerTip,-17.742300,1.054592,20.840500,0.498990,0.389553,0.110263,-0.766224
0.7611,5252,Real,Middle_MCP,-17.799560,1.005896,20.770560,0.553512,0.368966,0.066862,-0.743652
0.7611,5252,Real,Middle_PIP,-17.761600,1.022214,20.803450,0.477613,0.463031,0.200318,-0.719279
0.7611,5252,Real,Middle_DIP,-17.748000,1.026486,20.827220,0.395740,0.534698,0.314897,-0.677000
0.7611,5252,Real,Middle_FingerTip,-17.741490,1.026396,20.854760,0.395740,0.534698,0.314897,-0.677000
0.7611,5252,Real,Ring_MCP,-17.792000,0.982621,20.768280,0.571792,0.375308,0.069438,-0.726207
0.7611,5252,Real,Ring_PIP,-17.759020,0.997900,20.797330,0.494486,0.472532,0.199632,-0.701673
0.7611,5252,Real,Ring_DIP,-17.746540,1.002831,20.820010,0.410882,0.546789,0.311296,-0.659767
0.7611,5252,Real,Ring_FingerTip,-17.741160,1.003826,20.845220,0.410882,0.546789,0.311296,-0.659767
0.7611,5252,Real,Pinky_MCP,-17.790300,0.960373,20.766650,0.583724,0.379450,0.071204,-0.714292
0.7611,5252,Real,Pinky_PIP,-17.762670,0.973809,20.791270,0.505472,0.478764,0.199214,-0.689636
0.7611,5252,Real,Pinky_DIP,-17.754190,0.977648,20.807080,0.420706,0.554728,0.308923,-0.647959
0.7611,5252,Real,Pinky_FingerTip,-17.750480,0.978920,20.825830,0.420706,0.554728,0.308923,-0.647959
0.7611,5252,Virtual,Wrist,-17.886840,0.954601,20.744460,0.617247,0.249162,-0.091037,-0.740701
0.7611,5252,Virtual,Thumb_CMC,-17.871590,0.995956,20.761710,-0.119095,0.418162,-0.367471,-0.822145
0.7611,5252,Virtual,Thumb_MCP,-17.854890,1.018114,20.795740,-0.171963,0.399340,-0.258517,-0.862627
0.7611,5252,Virtual,Thumb_IP,-17.828050,1.033248,20.833880,-0.259344,0.348976,-0.052813,-0.898982
0.7611,5252,Virtual,Thumb_FingerTip,-17.806650,1.030796,20.852540,-0.259344,0.348976,-0.052813,-0.898982
0.7611,5252,Virtual,Index_MCP,-17.809050,1.030226,20.781220,0.520722,0.360993,0.059708,-0.771341
0.7611,5252,Virtual,Index_PIP,-17.774760,1.043518,20.810210,0.507272,0.379662,0.087675,-0.768665
0.7611,5252,Virtual,Index_DIP,-17.756690,1.050018,20.827670,0.494594,0.396036,0.112747,-0.765389
0.7611,5252,Virtual,Index_FingerTip,-17.738910,1.055913,20.846970,0.494594,0.396036,0.112747,-0.765389
0.7611,5252,Virtual,Middle_MCP,-17.794890,1.007335,20.775930,0.549551,0.375591,0.069731,-0.743009
0.7611,5252,Virtual,Middle_PIP,-17.757500,1.023662,20.809450,0.472518,0.468830,0.203024,-0.718127
0.7611,5252,Virtual,Middle_DIP,-17.744250,1.027861,20.833440,0.389768,0.539589,0.317378,-0.675423
0.7611,5252,Virtual,Middle_FingerTip,-17.738130,1.027632,20.861060,0.389768,0.539589,0.317378,-0.675423
0.7611,5252,Virtual,Ring_MCP,-17.787150,0.984120,20.773600,0.567850,0.381857,0.072507,-0.725586
0.7611,5252,Virtual,Ring_PIP,-17.754670,0.999405,20.803220,0.489424,0.478260,0.202539,-0.700507
0.7611,5252,Virtual,Ring_DIP,-17.742550,1.004262,20.826100,0.404955,0.551616,0.313974,-0.658143
0.7611,5252,Virtual,Ring_FingerTip,-17.737530,1.005126,20.851390,0.404955,0.551616,0.313974,-0.658143
0.7611,5252,Virtual,Pinky_MCP,-17.785310,0.961893,20.771860,0.579795,0.385945,0.074405,-0.713686
0.7611,5252,Virtual,Pinky_PIP,-17.758100,0.975332,20.796950,0.500433,0.484440,0.202253,-0.688460
0.7611,5252,Virtual,Pinky_DIP,-17.749870,0.979118,20.812900,0.414810,0.559508,0.311730,-0.646304
0.7611,5252,Virtual,Pinky_FingerTip,-17.746430,0.980291,20.831710,0.414810,0.559508,0.311730,-0.646304
0.7611,5252,Render,Wrist,-17.886840,0.954601,20.744460,0.617247,0.249162,-0.091037,-0.740701
0.7611,5252,Render,Thumb_CMC,-17.871590,0.995956,20.761710,-0.080742,0.433806,-0.358037,-0.822862
0.7611,5252,Render,Thumb_MCP,-17.855460,1.018753,20.795590,-0.126510,0.422732,-0.268312,-0.856330
0.7611,5252,Render,Thumb_IP,-17.831010,1.036040,20.834420,-0.211828,0.387087,-0.083966,-0.893444
0.7611,5252,Render,Thumb_FingerTip,-17.811450,1.035642,20.855140,-0.211828,0.387087,-0.083966,-0.893444
0.7611,5252,Render,Index_MCP,-17.809050,1.030226,20.781220,0.565640,0.285515,-0.047533,-0.772187
0.7611,5252,Render,Index_PIP,-17.770070,1.048790,20.799350,0.534061,0.340950,0.030360,-0.773053
0.7611,5252,Render,Index_DIP,-17.750190,1.057024,20.813880,0.501000,0.387901,0.100224,-0.767130
0.7611,5252,Render,Index_FingerTip,-17.731930,1.063343,20.832580,0.501000,0.387901,0.100224,-0.767130
0.7611,5252,Render,Middle_MCP,-17.794890,1.007335,20.775930,0.583944,0.319507,-0.003957,-0.746264
0.7611,5252,Render,Middle_PIP,-17.752860,1.027351,20.800870,0.522656,0.412196,0.120242,-0.736524
0.7611,5252,Render,Middle_DIP,-17.735370,1.034385,20.821180,0.454987,0.485863,0.229253,-0.710189
0.7611,5252,Render,Middle_FingerTip,-17.723400,1.037682,20.846620,0.454987,0.485863,0.229253,-0.710189
0.7611,5252,Render,Ring_MCP,-17.787150,0.984120,20.773600,0.609034,0.312003,-0.013834,-0.729068
0.7611,5252,Render,Ring_PIP,-17.749700,1.002744,20.793990,0.560017,0.393255,0.087155,-0.723973
0.7611,5252,Render,Ring_DIP,-17.731900,1.011023,20.811560,0.506664,0.459957,0.176667,-0.707475
0.7611,5252,Render,Ring_FingerTip,-17.718630,1.016598,20.832970,0.506664,0.459957,0.176667,-0.707475
0.7611,5252,Render,Pinky_MCP,-17.785310,0.961893,20.771860,0.619652,0.318037,-0.006625,-0.717524
0.7611,5252,Render,Pinky_PIP,-17.753900,0.977786,20.789510,0.566557,0.405129,0.098244,-0.710797
0.7611,5252,Render,Pinky_DIP,-17.741930,0.983645,20.802110,0.508344,0.476133,0.190888,-0.691698
0.7611,5252,Render,Pinky_FingerTip,-17.732860,0.987860,20.818450,0.508344,0.476133,0.190888,-0.691698
0.7751,5253,Real,Wrist,-17.897700,0.952521,20.736790,0.622178,0.234727,-0.097169,-0.740511
0.7751,5253,Real,Thumb_CMC,-17.881510,0.993923,20.753050,-0.116395,0.404853,-0.364036,-0.830677
0.7751,5253,Real,Thumb_MCP,-17.863640,1.016341,20.786300,-0.167554,0.386496,-0.254049,-0.870636
0.7751,5253,Real,Thumb_IP,-17.835580,1.031680,20.823470,-0.252069,0.337513,-0.046690,-0.905741
0.7751,5253,Real,Thumb_FingerTip,-17.813700,1.029241,20.841570,-0.252069,0.337513,-0.046690,-0.905741
0.7751,5253,Real,Index_MCP,-17.818080,1.027734,20.770350,0.528600,0.347650,0.054337,-0.772509
0.7751,5253,Real,Index_PIP,-17.782850,1.041013,20.798190,0.515629,0.366613,0.082350,-0.770026
0.7751,5253,Real,Index_DIP,-17.764230,1.047535,20.815050,0.503373,0.383268,0.107470,-0.766924
0.7751,5253,Real,Index_FingerTip,-17.745850,1.053480,20.833770,0.503373,0.383268,0.107470,-0.766924
0.7751,5253,Real,Middle_MCP,-17.804330,1.004616,20.764980,0.557518,0.362458,0.063581,-0.744148
0.7751,5253,Real,Middle_PIP,-17.765830,1.020961,20.797210,0.482774,0.457309,0.197113,-0.720378
0.7751,5253,Real,Middle_DIP,-17.751850,1.025328,20.820740,0.401809,0.529859,0.311856,-0.678635
0.7751,5253,Real,Middle_FingerTip,-17.744950,1.025400,20.848190,0.401809,0.529859,0.311856,-0.678635
0.7751,5253,Real,Ring_MCP,-17.796910,0.981286,20.762740,0.575714,0.368972,0.066082,-0.726668
0.7751,5253,Real,Ring_PIP,-17.763460,0.996587,20.791240,0.499489,0.467009,0.196416,-0.702733
0.7751,5253,Real,Ring_DIP,-17.750640,1.001605,20.813700,0.416718,0.542156,0.308295,-0.661337
0.7751,5253,Real,Ring_FingerTip,-17.744910,1.002742,20.838830,0.416718,0.542156,0.308295,-0.661337
0.7751,5253,Real,Pinky_MCP,-17.795370,0.959019,20.761250,0.587629,0.373172,0.067720,-0.714738
0.7751,5253,Real,Pinky_PIP,-17.767320,0.972475,20.785390,0.510448,0.473295,0.195868,-0.690704
0.7751,5253,Real,Pinky_DIP,-17.758600,0.976376,20.801050,0.426506,0.550143,0.305795,-0.649558
0.7751,5253,Real,Pinky_FingerTip,-17.754620,0.977755,20.819740,0.426506,0.550143,0.305795,-0.649558
0.7751,5253,Virtual,Wrist,-17.892260,0.953510,20.740730,0.619696,0.241842,-0.093978,-0.740714
0.7751,5253,Virtual,Thumb_CMC,-17.876520,0.994882,20.757490,-0.117746,0.411558,-0.365638,-0.826477
0.7751,5253,Virtual,Thumb_MCP,-17.859220,1.017165,20.791150,-0.169758,0.392972,-0.256179,-0.866677
0.7751,5253,Virtual,Thumb_IP,-17.831770,1.032396,20.828810,-0.255705,0.343307,-0.049674,-0.902379
0.7751,5253,Virtual,Thumb_FingerTip,-17.810130,1.029947,20.847190,-0.255705,0.343307,-0.049674,-0.902379
0.7751,5253,Virtual,Index_MCP,-17.813520,1.028904,20.775910,0.524661,0.354222,0.057171,-0.772003
0.7751,5253,Virtual,Index_PIP,-17.778750,1.042176,20.804330,0.511454,0.373038,0.085164,-0.769418
0.7751,5253,Virtual,Index_DIP,-17.760390,1.048679,20.821490,0.498990,0.389553,0.110262,-0.766224
0.7751,5253,Virtual,Index_FingerTip,-17.742310,1.054591,20.840510,0.498990,0.389553,0.110262,-0.766224
0.7751,5253,Virtual,Middle_MCP,-17.799570,1.005896,20.770570,0.553572,0.368876,0.066742,-0.743663
0.7751,5253,Virtual,Middle_PIP,-17.761600,1.022220,20.803440,0.477731,0.462908,0.200134,-0.719330
0.7751,5253,Virtual,Middle_DIP,-17.747980,1.026499,20.827200,0.395922,0.534562,0.314665,-0.677108
0.7751,5253,Virtual,Middle_FingerTip,-17.741460,1.026418,20.854740,0.395922,0.534562,0.314665,-0.677108
0.7751,5253,Virtual,Ring_MCP,-17.792000,0.982620,20.768280,0.571792,0.375308,0.069437,-0.726207
0.7751,5253,Virtual,Ring_PIP,-17.759020,0.997900,20.797340,0.494486,0.472532,0.199632,-0.701673
0.7751,5253,Virtual,Ring_DIP,-17.746540,1.002831,20.820010,0.410882,0.546789,0.311296,-0.659767
0.7751,5253,Virtual,Ring_FingerTip,-17.741170,1.003826,20.845230,0.410882,0.546789,0.311296,-0.659767
0.7751,5253,Virtual,Pinky_MCP,-17.790310,0.960372,20.766660,0.583724,0.379450,0.071204,-0.714292
0.7751,5253,Virtual,Pinky_PIP,-17.762670,0.973809,20.791280,0.505472,0.478763,0.199214,-0.689636
0.7751,5253,Virtual,Pinky_DIP,-17.754200,0.977647,20.807080,0.420706,0.554728,0.308922,-0.647959
0.7751,5253,Virtual,Pinky_FingerTip,-17.750480,0.978920,20.825840,0.420706,0.554728,0.308922,-0.647959
0.7751,5253,Render,Wrist,-17.892260,0.953510,20.740730,0.619696,0.241842,-0.093978,-0.740714
0.7751,5253,Render,Thumb_CMC,-17.876520,0.994882,20.757490,-0.079334,0.427107,-0.356420,-0.827194
0.7751,5253,Render,Thumb_MCP,-17.859790,1.017799,20.791000,-0.124396,0.416221,-0.266243,-0.860465
0.7751,5253,Render,Thumb_IP,-17.834700,1.035187,20.829370,-0.208404,0.381159,-0.081080,-0.897057
0.7751,5253,Render,Thumb_FingerTip,-17.814850,1.034805,20.849820,-0.208404,0.381159,-0.081080,-0.897057
0.7751,5253,Render,Index_MCP,-17.813520,1.028904,20.775910,0.568605,0.278264,-0.050137,-0.772492
0.7751,5253,Render,Index_PIP,-17.774170,1.047350,20.793370,0.537740,0.334034,0.027800,-0.773618
0.7751,5253,Render,Index_DIP,-17.754050,1.055558,20.807560,0.505290,0.381346,0.097726,-0.767924
0.7751,5253,Render,Index_FingerTip,-17.735490,1.061887,20.825970,0.505290,0.381346,0.097726,-0.767924
0.7751,5253,Render,Middle_MCP,-17.799570,1.005896,20.770570,0.587231,0.312522,-0.006876,-0.746620
0.7751,5253,Render,Middle_PIP,-17.757080,1.025820,20.794790,0.527060,0.405856,0.117423,-0.737361
0.7751,5253,Render,Middle_DIP,-17.739260,1.032879,20.814810,0.460291,0.480254,0.226591,-0.711439
0.7751,5253,Render,Middle_FingerTip,-17.726920,1.036266,20.840050,0.460291,0.480254,0.226591,-0.711439
0.7751,5253,Render,Ring_MCP,-17.792000,0.982620,20.768280,0.612174,0.305034,-0.016956,-0.729322
0.7751,5253,Render,Ring_PIP,-17.754150,1.001151,20.788020,0.564091,0.386787,0.084099,-0.724655
0.7751,5253,Render,Ring_DIP,-17.736060,1.009435,20.805290,0.511511,0.454047,0.173720,-0.708533
0.7751,5253,Render,Ring_FingerTip,-17.722460,1.015068,20.826470,0.511511,0.454047,0.173720,-0.708533
0.7751,5253,Render,Pinky_MCP,-17.790310,0.960372,20.766660,0.622823,0.311140,-0.009874,-0.717765
0.7751,5253,Render,Pinky_PIP,-17.758570,0.976190,20.783760,0.570701,0.398770,0.095064,-0.711510
0.7751,5253,Render,Pinky_DIP,-17.746390,0.982058,20.796160,0.513288,0.470374,0.187830,-0.692823
0.7751,5253,Render,Pinky_FingerTip,-17.737060,0.986323,20.812340,0.513288,0.470374,0.187830,-0.692823
0.7890,5254,Real,Wrist,-17.902850,0.951541,20.733040,0.623694,0.228434,-0.101468,-0.740627
0.7890,5254,Real,Thumb_CMC,-17.886340,0.992992,20.748840,-0.116354,0.398003,-0.363354,-0.834284
0.7890,5254,Real,Thumb_MCP,-17.867940,1.015547,20.781720,-0.166632,0.379709,-0.252909,-0.874124
0.7890,5254,Real,Thumb_IP,-17.839310,1.031021,20.818400,-0.249608,0.331120,-0.044777,-0.908873
0.7890,5254,Real,Thumb_FingerTip,-17.817180,1.028630,20.836180,-0.249608,0.331120,-0.044777,-0.908873
0.7890,5254,Real,Index_MCP,-17.822590,1.026752,20.765050,0.531422,0.341631,0.050442,-0.773522
0.7890,5254,Real,Index_PIP,-17.786930,1.040102,20.792300,0.518667,0.360701,0.078494,-0.771180
0.7890,5254,Real,Index_DIP,-17.768050,1.046671,20.808860,0.506603,0.377457,0.103654,-0.768203
0.7890,5254,Real,Index_FingerTip,-17.749390,1.052675,20.827280,0.506603,0.377457,0.103654,-0.768203
0.7890,5254,Real,Middle_MCP,-17.808970,1.003576,20.759600,0.560346,0.356635,0.059407,-0.745181
0.7890,5254,Real,Middle_PIP,-17.769970,1.020006,20.791180,0.486608,0.452094,0.193194,-0.722150
0.7890,5254,Real,Middle_DIP,-17.755640,1.024468,20.814490,0.406442,0.525339,0.308278,-0.681021
0.7890,5254,Real,Middle_FingerTip,-17.748340,1.024670,20.841830,0.406442,0.525339,0.308278,-0.681021
0.7890,5254,Real,Ring_MCP,-17.801640,0.980218,20.757380,0.578520,0.363263,0.061740,-0.727698
0.7890,5254,Real,Ring_PIP,-17.767740,0.995596,20.785310,0.503281,0.461901,0.192330,-0.704531
0.7890,5254,Real,Ring_DIP,-17.754590,1.000705,20.807560,0.421292,0.537734,0.304558,-0.663777
0.7890,5254,Real,Ring_FingerTip,-17.748490,1.001963,20.832590,0.421292,0.537734,0.304558,-0.663777
0.7890,5254,Real,Pinky_MCP,-17.800150,0.957940,20.755990,0.590419,0.367539,0.063267,-0.715764
0.7890,5254,Real,Pinky_PIP,-17.771730,0.971462,20.779650,0.514210,0.468260,0.191674,-0.692518
0.7890,5254,Real,Pinky_DIP,-17.762780,0.975426,20.795160,0.431039,0.545788,0.301953,-0.652032
0.7890,5254,Real,Pinky_FingerTip,-17.758530,0.976896,20.813780,0.431039,0.545788,0.301953,-0.652032
0.7890,5254,Virtual,Wrist,-17.897700,0.952521,20.736800,0.622178,0.234727,-0.097169,-0.740511
0.7890,5254,Virtual,Thumb_CMC,-17.881510,0.993922,20.753060,-0.116395,0.404853,-0.364036,-0.830677
0.7890,5254,Virtual,Thumb_MCP,-17.863640,1.016340,20.786310,-0.167554,0.386496,-0.254049,-0.870636
0.7890,5254,Virtual,Thumb_IP,-17.835590,1.031680,20.823480,-0.252069,0.337513,-0.046690,-0.905741
0.7890,5254,Virtual,Thumb_FingerTip,-17.813700,1.029241,20.841580,-0.252069,0.337513,-0.046690,-0.905741
0.7890,5254,Virtual,Index_MCP,-17.818080,1.027733,20.770360,0.528600,0.347650,0.054337,-0.772508
0.7890,5254,Virtual,Index_PIP,-17.782850,1.041013,20.798200,0.515629,0.366613,0.082350,-0.770026
0.7890,5254,Virtual,Index_DIP,-17.764230,1.047534,20.815060,0.503373,0.383268,0.107470,-0.766924
0.7890,5254,Virtual,Index_FingerTip,-17.745850,1.053480,20.833780,0.503373,0.383268,0.107470,-0.766924
0.7890,5254,Virtual,Middle_MCP,-17.804330,1.004616,20.764990,0.557518,0.362457,0.063581,-0.744148
0.7890,5254,Virtual,Middle_PIP,-17.765830,1.020960,20.797220,0.482774,0.457309,0.197113,-0.720378
0.7890,5254,Virtual,Middle_DIP,-17.751850,1.025328,20.820760,0.401810,0.529859,0.311856,-0.678634
0.7890,5254,Virtual,Middle_FingerTip,-17.744950,1.025399,20.848200,0.401810,0.529859,0.311856,-0.678634
0.7890,5254,Virtual,Ring_MCP,-17.796920,0.981285,20.762750,0.575714,0.368972,0.066082,-0.726668
0.7890,5254,Virtual,Ring_PIP,-17.763460,0.996587,20.791250,0.499489,0.467009,0.196415,-0.702733
0.7890,5254,Virtual,Ring_DIP,-17.750640,1.001604,20.813710,0.416719,0.542156,0.308295,-0.661337
0.7890,5254,Virtual,Ring_FingerTip,-17.744910,1.002742,20.838840,0.416719,0.542156,0.308295,-0.661337
0.7890,5254,Virtual,Pinky_MCP,-17.795370,0.959018,20.761260,0.587629,0.373172,0.067720,-0.714738
0.7890,5254,Virtual,Pinky_PIP,-17.767320,0.972475,20.785400,0.510448,0.473294,0.195868,-0.690703
0.7890,5254,Virtual,Pinky_DIP,-17.758600,0.976375,20.801060,0.426507,0.550143,0.305795,-0.649557
0.7890,5254,Virtual,Pinky_FingerTip,-17.754630,0.977755,20.819750,0.426507,0.550143,0.305795,-0.649557
0.7890,5254,Render,Wrist,-17.897700,0.952521,20.736800,0.622178,0.234727,-0.097169,-0.740511
0.7890,5254,Render,Thumb_CMC,-17.881510,0.993922,20.753060,-0.077877,0.420327,-0.355137,-0.831348
0.7890,5254,Render,Thumb_MCP,-17.864190,1.016976,20.786170,-0.122224,0.409635,-0.264524,-0.864458
0.7890,5254,Render,Thumb_IP,-17.838480,1.034490,20.824070,-0.204907,0.375170,-0.078567,-0.900605
0.7890,5254,Render,Thumb_FingerTip,-17.818360,1.034141,20.844240,-0.204907,0.375170,-0.078567,-0.900605
0.7890,5254,Render,Index_MCP,-17.818080,1.027733,20.770360,0.571598,0.271210,-0.053014,-0.772600
0.7890,5254,Render,Index_PIP,-17.778410,1.046088,20.787150,0.541426,0.327316,0.024949,-0.774015
0.7890,5254,Render,Index_DIP,-17.758050,1.054285,20.801000,0.509569,0.374990,0.094922,-0.768578
0.7890,5254,Render,Index_FingerTip,-17.739190,1.060641,20.819110,0.509569,0.374990,0.094922,-0.768578
0.7890,5254,Render,Middle_MCP,-17.804330,1.004616,20.764990,0.590526,0.305746,-0.010069,-0.746791
0.7890,5254,Render,Middle_PIP,-17.761410,1.024478,20.788470,0.531436,0.399722,0.114303,-0.738061
0.7890,5254,Render,Middle_DIP,-17.743270,1.031578,20.808200,0.465537,0.474845,0.223612,-0.712598
0.7890,5254,Render,Middle_FingerTip,-17.730560,1.035070,20.833240,0.465537,0.474845,0.223612,-0.712598
0.7890,5254,Render,Ring_MCP,-17.796920,0.981285,20.762750,0.615319,0.298278,-0.020341,-0.729383
0.7890,5254,Render,Ring_PIP,-17.758700,0.999748,20.781840,0.568140,0.380531,0.080754,-0.725184
0.7890,5254,Render,Ring_DIP,-17.740330,1.008054,20.798790,0.516309,0.448344,0.170467,-0.709475
0.7890,5254,Render,Ring_FingerTip,-17.726400,1.013758,20.819750,0.516309,0.448344,0.170467,-0.709475
0.7890,5254,Render,Pinky_MCP,-17.795370,0.959018,20.761260,0.625994,0.304461,-0.013386,-0.717814
0.7890,5254,Render,Pinky_PIP,-17.763310,0.974783,20.777810,0.574813,0.392625,0.091598,-0.712071
0.7890,5254,Render,Pinky_DIP,-17.750930,0.980670,20.790000,0.518173,0.464824,0.184467,-0.693835
0.7890,5254,Render,Pinky_FingerTip,-17.741350,0.984995,20.806020,0.518173,0.464824,0.184467,-0.693835
0.8033,5255,Real,Wrist,-17.908430,0.950678,20.729490,0.626683,0.221097,-0.105460,-0.739772
0.8033,5255,Real,Thumb_CMC,-17.891510,0.992191,20.744680,-0.114017,0.389962,-0.362423,-0.838796
0.8033,5255,Real,Thumb_MCP,-17.872490,1.014984,20.777030,-0.163264,0.372042,-0.251441,-0.878469
0.8033,5255,Real,Thumb_IP,-17.843240,1.030688,20.813110,-0.244540,0.324455,-0.042418,-0.912760
0.8033,5255,Real,Thumb_FingerTip,-17.820840,1.028372,20.830580,-0.244540,0.324455,-0.042418,-0.912760
0.8033,5255,Real,Index_MCP,-17.827390,1.025806,20.759640,0.535938,0.334918,0.046703,-0.773576
0.8033,5255,Real,Index_PIP,-17.791270,1.039233,20.786250,0.523424,0.354156,0.074760,-0.771370
0.8033,5255,Real,Index_DIP,-17.772110,1.045863,20.802460,0.511571,0.371072,0.099928,-0.768515
0.8033,5255,Real,Index_FingerTip,-17.753160,1.051944,20.820550,0.511571,0.371072,0.099928,-0.768515
0.8033,5255,Real,Middle_MCP,-17.813940,1.002521,20.754190,0.564836,0.350108,0.055324,-0.745201
0.8033,5255,Real,Middle_PIP,-17.774410,1.019053,20.785050,0.492204,0.446486,0.189183,-0.722907
0.8033,5255,Real,Middle_DIP,-17.759720,1.023654,20.808110,0.412878,0.520718,0.304443,-0.682422
0.8033,5255,Real,Middle_FingerTip,-17.752010,1.024063,20.835330,0.412878,0.520718,0.304443,-0.682422
0.8033,5255,Real,Ring_MCP,-17.806750,0.979112,20.752080,0.582964,0.356835,0.057454,-0.727682
0.8033,5255,Real,Ring_PIP,-17.772370,0.994582,20.779360,0.508815,0.456384,0.188113,-0.705291
0.8033,5255,Real,Ring_DIP,-17.758870,0.999826,20.801360,0.427651,0.533192,0.300520,-0.665214
0.8033,5255,Real,Ring_FingerTip,-17.752400,1.001277,20.826290,0.427651,0.533192,0.300520,-0.665214
0.8033,5255,Real,Pinky_MCP,-17.805390,0.956816,20.750860,0.594831,0.361181,0.058848,-0.715725
0.8033,5255,Real,Pinky_PIP,-17.776560,0.970417,20.773970,0.519700,0.462804,0.187321,-0.693279
0.8033,5255,Real,Pinky_DIP,-17.767360,0.974477,20.789310,0.437344,0.541300,0.297782,-0.653491
0.8033,5255,Real,Pinky_FingerTip,-17.762830,0.976092,20.807850,0.437344,0.541300,0.297782,-0.653491
0.8033,5255,Virtual,Wrist,-17.902850,0.951541,20.733050,0.623693,0.228435,-0.101468,-0.740627
0.8033,5255,Virtual,Thumb_CMC,-17.886340,0.992991,20.748840,-0.115880,0.397518,-0.363397,-0.834562
0.8033,5255,Virtual,Thumb_MCP,-17.867900,1.015580,20.781680,-0.166083,0.379296,-0.252952,-0.874395
0.8033,5255,Virtual,Thumb_IP,-17.839250,1.031092,20.818320,-0.248954,0.330864,-0.044826,-0.909144
0.8033,5255,Virtual,Thumb_FingerTip,-17.817110,1.028720,20.836100,-0.248954,0.330864,-0.044826,-0.909144
0.8033,5255,Virtual,Index_MCP,-17.822590,1.026752,20.765050,0.531421,0.341631,0.050442,-0.773522
0.8033,5255,Virtual,Index_PIP,-17.786930,1.040101,20.792310,0.518667,0.360700,0.078494,-0.771180
0.8033,5255,Virtual,Index_DIP,-17.768050,1.046671,20.808860,0.506602,0.377457,0.103653,-0.768203
0.8033,5255,Virtual,Index_FingerTip,-17.749400,1.052675,20.827290,0.506602,0.377457,0.103653,-0.768203
0.8033,5255,Virtual,Middle_MCP,-17.808970,1.003576,20.759600,0.560345,0.356636,0.059406,-0.745181
0.8033,5255,Virtual,Middle_PIP,-17.769970,1.020006,20.791190,0.486608,0.452094,0.193194,-0.722150
0.8033,5255,Virtual,Middle_DIP,-17.755650,1.024467,20.814500,0.406442,0.525339,0.308278,-0.681021
0.8033,5255,Virtual,Middle_FingerTip,-17.748350,1.024670,20.841840,0.406442,0.525339,0.308278,-0.681021
0.8033,5255,Virtual,Ring_MCP,-17.801640,0.980218,20.757390,0.578520,0.363263,0.061739,-0.727698
0.8033,5255,Virtual,Ring_PIP,-17.767740,0.995596,20.785310,0.503281,0.461902,0.192330,-0.704531
0.8033,5255,Virtual,Ring_DIP,-17.754590,1.000704,20.807560,0.421292,0.537734,0.304558,-0.663777
0.8033,5255,Virtual,Ring_FingerTip,-17.748490,1.001963,20.832600,0.421292,0.537734,0.304558,-0.663777
0.8033,5255,Virtual,Pinky_MCP,-17.800160,0.957940,20.755990,0.590419,0.367540,0.063267,-0.715764
0.8033,5255,Virtual,Pinky_PIP,-17.771740,0.971461,20.779650,0.514210,0.468260,0.191674,-0.692519
0.8033,5255,Virtual,Pinky_DIP,-17.762780,0.975426,20.795160,0.431039,0.545788,0.301953,-0.652032
0.8033,5255,Virtual,Pinky_FingerTip,-17.758530,0.976896,20.813790,0.431039,0.545788,0.301953,-0.652032
0.8033,5255,Render,Wrist,-17.902850,0.951541,20.733050,0.623693,0.228435,-0.101468,-0.740627
0.8033,5255,Render,Thumb_CMC,-17.886340,0.992991,20.748840,-0.077754,0.413453,-0.354774,-0.834953
0.8033,5255,Render,Thumb_MCP,-17.868490,1.016182,20.781590,-0.121370,0.402813,-0.263779,-0.868004
0.8033,5255,Render,Thumb_IP,-17.842200,1.033841,20.819010,-0.202650,0.368677,-0.077099,-0.903917
0.8033,5255,Render,Thumb_FingerTip,-17.821780,1.033554,20.838900,-0.202650,0.368677,-0.077099,-0.903917
0.8033,5255,Render,Index_MCP,-17.822590,1.026752,20.765050,0.573559,0.264859,-0.057012,-0.773065
0.8033,5255,Render,Index_PIP,-17.782640,1.045108,20.781160,0.544017,0.321194,0.021018,-0.774880
0.8033,5255,Render,Index_DIP,-17.762060,1.053333,20.794680,0.512703,0.369128,0.091085,-0.769795
0.8033,5255,Render,Index_FingerTip,-17.742940,1.059743,20.812480,0.512703,0.369128,0.091085,-0.769795
0.8033,5255,Render,Middle_MCP,-17.808970,1.003576,20.759600,0.592766,0.299673,-0.014325,-0.747408
0.8033,5255,Render,Middle_PIP,-17.765670,1.023467,20.782360,0.534655,0.394107,0.110209,-0.739377
0.8033,5255,Render,Middle_DIP,-17.747230,1.030631,20.801780,0.469560,0.469775,0.219761,-0.714514
0.8033,5255,Render,Middle_FingerTip,-17.734160,1.034229,20.826620,0.469560,0.469775,0.219761,-0.714514
0.8033,5255,Render,Ring_MCP,-17.801640,0.980218,20.757390,0.617429,0.292277,-0.024776,-0.729892
0.8033,5255,Render,Ring_PIP,-17.763110,0.998696,20.775820,0.571061,0.374880,0.076432,-0.726301
0.8033,5255,Render,Ring_DIP,-17.744480,1.007051,20.792470,0.519910,0.443101,0.166318,-0.711122
0.8033,5255,Render,Ring_FingerTip,-17.730240,1.012835,20.813190,0.519910,0.443101,0.166318,-0.711122
0.8033,5255,Render,Pinky_MCP,-17.800160,0.957940,20.755990,0.628130,0.298550,-0.017926,-0.718331
0.8033,5255,Render,Pinky_PIP,-17.767830,0.973720,20.772000,0.577790,0.387089,0.087181,-0.713246
0.8033,5255,Render,Pinky_DIP,-17.755260,0.979645,20.783970,0.521852,0.459728,0.180243,-0.695581
0.8033,5255,Render,Pinky_FingerTip,-17.745450,0.984034,20.799830,0.521852,0.459728,0.180243,-0.695581
0.8172,5256,Real,Wrist,-17.913750,0.949678,20.725790,0.628308,0.213707,-0.110212,-0.739873
0.8172,5256,Real,Thumb_CMC,-17.896450,0.991229,20.740440,-0.113949,0.382081,-0.361375,-0.842875
0.8172,5256,Real,Thumb_MCP,-17.876830,1.014156,20.772340,-0.162182,0.364236,-0.249877,-0.882378
0.8172,5256,Real,Thumb_IP,-17.846930,1.029984,20.807830,-0.241689,0.317107,-0.039995,-0.916204
0.8172,5256,Real,Thumb_FingerTip,-17.824260,1.027704,20.824940,-0.241689,0.317107,-0.039995,-0.916204
0.8172,5256,Real,Index_MCP,-17.831990,1.024738,20.754140,0.539099,0.327830,0.042410,-0.774662
0.8172,5256,Real,Index_PIP,-17.795400,1.038213,20.780060,0.526840,0.347188,0.070509,-0.772612
0.8172,5256,Real,Index_DIP,-17.775950,1.044881,20.795910,0.515213,0.364219,0.095720,-0.769895
0.8172,5256,Real,Index_FingerTip,-17.756690,1.051012,20.813660,0.515213,0.364219,0.095720,-0.769895
0.8172,5256,Real,Middle_MCP,-17.818710,1.001381,20.748610,0.568061,0.343146,0.050583,-0.746324
0.8172,5256,Real,Middle_PIP,-17.778610,1.017981,20.778690,0.496677,0.440175,0.184654,-0.724887
0.8172,5256,Real,Middle_DIP,-17.763520,1.022681,20.801460,0.418363,0.515184,0.300239,-0.685139
0.8172,5256,Real,Middle_FingerTip,-17.755340,1.023237,20.828550,0.418363,0.515184,0.300239,-0.685139
0.8172,5256,Real,Ring_MCP,-17.811620,0.977938,20.746510,0.586166,0.349993,0.052518,-0.728805
0.8172,5256,Real,Ring_PIP,-17.776740,0.993470,20.773120,0.513245,0.450184,0.183393,-0.707306
0.8172,5256,Real,Ring_DIP,-17.762850,0.998809,20.794850,0.433077,0.527759,0.296134,-0.667996
0.8172,5256,Real,Ring_FingerTip,-17.755950,1.000396,20.819660,0.433077,0.527759,0.296134,-0.667996
0.8172,5256,Real,Pinky_MCP,-17.810340,0.955632,20.745400,0.598015,0.354422,0.053784,-0.716847
0.8172,5256,Real,Pinky_PIP,-17.781090,0.969285,20.767940,0.524098,0.456682,0.182477,-0.695316
0.8172,5256,Real,Pinky_DIP,-17.771620,0.973412,20.783100,0.442728,0.535938,0.293278,-0.656316
0.8172,5256,Real,Pinky_FingerTip,-17.766760,0.975128,20.801550,0.442728,0.535938,0.293278,-0.656316
0.8172,5256,Virtual,Wrist,-17.908440,0.950678,20.729500,0.626683,0.221097,-0.105460,-0.739772
0.8172,5256,Virtual,Thumb_CMC,-17.891510,0.992191,20.744680,-0.114017,0.389962,-0.362423,-0.838796
0.8172,5256,Virtual,Thumb_MCP,-17.872490,1.014984,20.777040,-0.163264,0.372042,-0.251441,-0.878469
0.8172,5256,Virtual,Thumb_IP,-17.843240,1.030688,20.813110,-0.244540,0.324455,-0.042418,-0.912760
0.8172,5256,Virtual,Thumb_FingerTip,-17.820840,1.028372,20.830580,-0.244540,0.324455,-0.042418,-0.912760
0.8172,5256,Virtual,Index_MCP,-17.827390,1.025806,20.759640,0.535938,0.334918,0.046703,-0.773576
0.8172,5256,Virtual,Index_PIP,-17.791270,1.039233,20.786250,0.523424,0.354156,0.074760,-0.771370
0.8172,5256,Virtual,Index_DIP,-17.772110,1.045863,20.802470,0.511571,0.371072,0.099928,-0.768515
0.8172,5256,Virtual,Index_FingerTip,-17.753160,1.051944,20.820560,0.511571,0.371072,0.099928,-0.768515
0.8172,5256,Virtual,Middle_MCP,-17.813950,1.002522,20.754200,0.564892,0.350017,0.055204,-0.745210
0.8172,5256,Virtual,Middle_PIP,-17.774400,1.019059,20.785040,0.492319,0.446360,0.188997,-0.722956
0.8172,5256,Virtual,Middle_DIP,-17.759710,1.023666,20.808090,0.413056,0.520577,0.304210,-0.682526
0.8172,5256,Virtual,Middle_FingerTip,-17.751980,1.024085,20.835310,0.413056,0.520577,0.304210,-0.682526
0.8172,5256,Virtual,Ring_MCP,-17.806750,0.979112,20.752080,0.583023,0.356740,0.057335,-0.727691
0.8172,5256,Virtual,Ring_PIP,-17.772370,0.994587,20.779350,0.508933,0.456252,0.187930,-0.705340
0.8172,5256,Virtual,Ring_DIP,-17.758850,0.999837,20.801350,0.427836,0.533044,0.300290,-0.665318
0.8172,5256,Virtual,Ring_FingerTip,-17.752370,1.001295,20.826270,0.427836,0.533044,0.300290,-0.665318
0.8172,5256,Virtual,Pinky_MCP,-17.805390,0.956816,20.750860,0.594890,0.361083,0.058731,-0.715734
0.8172,5256,Virtual,Pinky_PIP,-17.776550,0.970421,20.773960,0.519820,0.462669,0.187141,-0.693328
0.8172,5256,Virtual,Pinky_DIP,-17.767350,0.974484,20.789300,0.437532,0.541148,0.297556,-0.653594
0.8172,5256,Virtual,Pinky_FingerTip,-17.762810,0.976105,20.807840,0.437532,0.541148,0.297556,-0.653594
0.8172,5256,Render,Wrist,-17.908440,0.950678,20.729500,0.626683,0.221097,-0.105460,-0.739772
0.8172,5256,Render,Thumb_CMC,-17.891510,0.992191,20.744680,-0.075773,0.405183,-0.354312,-0.839374
0.8172,5256,Render,Thumb_MCP,-17.873050,1.015613,20.776910,-0.118519,0.394802,-0.262848,-0.872351
0.8172,5256,Render,Thumb_IP,-17.846080,1.033509,20.813740,-0.198192,0.361435,-0.075283,-0.907975
0.8172,5256,Render,Thumb_FingerTip,-17.825350,1.033323,20.833290,-0.198192,0.361435,-0.075283,-0.907975
0.8172,5256,Render,Index_MCP,-17.827390,1.025806,20.759640,0.577104,0.257586,-0.060722,-0.772602
0.8172,5256,Render,Index_PIP,-17.787120,1.044122,20.775000,0.548275,0.314315,0.017280,-0.774792
0.8172,5256,Render,Index_DIP,-17.766310,1.052373,20.788130,0.517567,0.362662,0.087355,-0.770045
0.8172,5256,Render,Index_FingerTip,-17.746890,1.058853,20.805590,0.517567,0.362662,0.087355,-0.770045
0.8172,5256,Render,Middle_MCP,-17.813950,1.002522,20.754200,0.596592,0.292735,-0.018389,-0.747025
0.8172,5256,Render,Middle_PIP,-17.770230,1.022417,20.776130,0.539581,0.387902,0.106137,-0.739676
0.8172,5256,Render,Middle_DIP,-17.751470,1.029668,20.795220,0.475361,0.464379,0.215780,-0.715419
0.8172,5256,Render,Middle_FingerTip,-17.738020,1.033425,20.819820,0.475361,0.464379,0.215780,-0.715419
0.8172,5256,Render,Ring_MCP,-17.806750,0.979112,20.752080,0.621083,0.285369,-0.029029,-0.729369
0.8172,5256,Render,Ring_PIP,-17.767880,0.997578,20.769770,0.575634,0.368543,0.072148,-0.726372
0.8172,5256,Render,Ring_DIP,-17.748960,1.005995,20.786070,0.525238,0.437383,0.162076,-0.711725
0.8172,5256,Render,Ring_FingerTip,-17.734390,1.011897,20.806520,0.525238,0.437383,0.162076,-0.711725
0.8172,5256,Render,Pinky_MCP,-17.805390,0.956816,20.750860,0.631797,0.291733,-0.022313,-0.717793
0.8172,5256,Render,Pinky_PIP,-17.772760,0.972591,20.766240,0.582413,0.380882,0.082764,-0.713355
0.8172,5256,Render,Pinky_DIP,-17.759990,0.978564,20.777980,0.527251,0.454182,0.175878,-0.696270
0.8172,5256,Render,Pinky_FingerTip,-17.749920,0.983048,20.793650,0.527251,0.454182,0.175878,-0.696270
0.8314,5257,Real,Wrist,-17.919700,0.948595,20.722420,0.629345,0.202443,-0.116313,-0.741224
0.8314,5257,Real,Thumb_CMC,-17.901810,0.990113,20.736430,-0.115154,0.371096,-0.358512,-0.848821
0.8314,5257,Real,Thumb_MCP,-17.881280,1.013085,20.767720,-0.161947,0.353194,-0.246310,-0.887896
0.8314,5257,Real,Thumb_IP,-17.850430,1.028922,20.802380,-0.238895,0.306434,-0.035324,-0.920750
0.8314,5257,Real,Thumb_FingerTip,-17.827350,1.026603,20.818940,-0.238895,0.306434,-0.035324,-0.920750
0.8314,5257,Real,Index_MCP,-17.836830,1.023305,20.748360,0.542447,0.316764,0.037218,-0.777192
0.8314,5257,Real,Index_PIP,-17.799530,1.036689,20.773310,0.530588,0.336251,0.065412,-0.775328
0.8314,5257,Real,Index_DIP,-17.779670,1.043318,20.788640,0.519317,0.353410,0.090715,-0.772776
0.8314,5257,Real,Index_FingerTip,-17.759930,1.049421,20.805870,0.519317,0.353410,0.090715,-0.772776
0.8314,5257,Real,Middle_MCP,-17.823830,0.999844,20.742620,0.571483,0.332364,0.044913,-0.748949
0.8314,5257,Real,Middle_PIP,-17.782900,1.016351,20.771630,0.501992,0.430189,0.179551,-0.728494
0.8314,5257,Real,Middle_DIP,-17.767230,1.021072,20.794000,0.425233,0.506197,0.295792,-0.689529
0.8314,5257,Real,Middle_FingerTip,-17.758380,1.021711,20.820870,0.425233,0.506197,0.295792,-0.689529
0.8314,5257,Real,Ring_MCP,-17.816930,0.976349,20.740470,0.589587,0.339378,0.046555,-0.731466
0.8314,5257,Real,Ring_PIP,-17.781320,0.991803,20.766130,0.518528,0.440363,0.178010,-0.711001
0.8314,5257,Real,Ring_DIP,-17.766860,0.997165,20.787490,0.439890,0.518929,0.291425,-0.672519
0.8314,5257,Real,Ring_FingerTip,-17.759340,0.998831,20.812110,0.439890,0.518929,0.291425,-0.672519
0.8314,5257,Real,Pinky_MCP,-17.815810,0.954030,20.739440,0.601435,0.343923,0.047630,-0.719531
0.8314,5257,Real,Pinky_PIP,-17.785930,0.967620,20.761180,0.529359,0.446974,0.176909,-0.699069
0.8314,5257,Real,Pinky_DIP,-17.776060,0.971763,20.776090,0.449499,0.527216,0.288395,-0.660925
0.8314,5257,Real,Pinky_FingerTip,-17.770740,0.973540,20.794400,0.449499,0.527216,0.288395,-0.660925
0.8314,5257,Virtual,Wrist,-17.913750,0.949678,20.725790,0.628308,0.213707,-0.110213,-0.739873
0.8314,5257,Virtual,Thumb_CMC,-17.896460,0.991229,20.740450,-0.113899,0.382087,-0.361480,-0.842834
0.8314,5257,Virtual,Thumb_MCP,-17.876850,1.014163,20.772350,-0.162117,0.364255,-0.250024,-0.882341
0.8314,5257,Virtual,Thumb_IP,-17.846960,1.030006,20.807830,-0.241606,0.317159,-0.040216,-0.916199
0.8314,5257,Virtual,Thumb_FingerTip,-17.824280,1.027738,20.824950,-0.241606,0.317159,-0.040216,-0.916199
0.8314,5257,Virtual,Index_MCP,-17.832000,1.024738,20.754140,0.539099,0.327830,0.042410,-0.774663
0.8314,5257,Virtual,Index_PIP,-17.795400,1.038213,20.780070,0.526840,0.347188,0.070509,-0.772612
0.8314,5257,Virtual,Index_DIP,-17.775960,1.044881,20.795920,0.515213,0.364219,0.095719,-0.769895
0.8314,5257,Virtual,Index_FingerTip,-17.756690,1.051012,20.813660,0.515213,0.364219,0.095719,-0.769895
0.8314,5257,Virtual,Middle_MCP,-17.818710,1.001381,20.748610,0.568061,0.343146,0.050583,-0.746324
0.8314,5257,Virtual,Middle_PIP,-17.778620,1.017981,20.778700,0.496677,0.440175,0.184654,-0.724887
0.8314,5257,Virtual,Middle_DIP,-17.763530,1.022681,20.801470,0.418363,0.515184,0.300239,-0.685139
0.8314,5257,Virtual,Middle_FingerTip,-17.755350,1.023237,20.828560,0.418363,0.515184,0.300239,-0.685139
0.8314,5257,Virtual,Ring_MCP,-17.811630,0.977938,20.746510,0.586166,0.349993,0.052518,-0.728805
0.8314,5257,Virtual,Ring_PIP,-17.776750,0.993470,20.773120,0.513245,0.450184,0.183393,-0.707306
0.8314,5257,Virtual,Ring_DIP,-17.762850,0.998809,20.794860,0.433077,0.527759,0.296134,-0.667997
0.8314,5257,Virtual,Ring_FingerTip,-17.755950,1.000395,20.819670,0.433077,0.527759,0.296134,-0.667997
0.8314,5257,Virtual,Pinky_MCP,-17.810350,0.955631,20.745410,0.598015,0.354422,0.053784,-0.716847
0.8314,5257,Virtual,Pinky_PIP,-17.781100,0.969285,20.767950,0.524098,0.456682,0.182477,-0.695316
0.8314,5257,Virtual,Pinky_DIP,-17.771620,0.973412,20.783110,0.442728,0.535938,0.293278,-0.656316
0.8314,5257,Virtual,Pinky_FingerTip,-17.766770,0.975128,20.801560,0.442728,0.535938,0.293278,-0.656316
0.8314,5257,Render,Wrist,-17.913750,0.949678,20.725790,0.628308,0.213707,-0.110213,-0.739873
0.8314,5257,Render,Thumb_CMC,-17.896460,0.991229,20.740450,-0.075615,0.397264,-0.353625,-0.843453
0.8314,5257,Render,Thumb_MCP,-17.877390,1.014785,20.772220,-0.117518,0.386944,-0.261731,-0.876334
0.8314,5257,Render,Thumb_IP,-17.849760,1.032818,20.808490,-0.195576,0.353958,-0.073360,-0.911637
0.8314,5257,Render,Thumb_FingerTip,-17.828710,1.032684,20.827700,-0.195576,0.353958,-0.073360,-0.911637
0.8314,5257,Render,Index_MCP,-17.832000,1.024738,20.754140,0.579254,0.250129,-0.065124,-0.773084
0.8314,5257,Render,Index_PIP,-17.791420,1.043023,20.768720,0.551164,0.307112,0.012949,-0.775714
0.8314,5257,Render,Index_DIP,-17.770380,1.051289,20.781450,0.521097,0.355750,0.083125,-0.771356
0.8314,5257,Render,Index_FingerTip,-17.750650,1.057813,20.798550,0.521097,0.355750,0.083125,-0.771356
0.8314,5257,Render,Middle_MCP,-17.818710,1.001381,20.748610,0.599068,0.285586,-0.023098,-0.747680
0.8314,5257,Render,Middle_PIP,-17.774580,1.021274,20.769700,0.543213,0.381264,0.101603,-0.741104
0.8314,5257,Render,Middle_DIP,-17.755490,1.028581,20.788430,0.479946,0.458360,0.211511,-0.717511
0.8314,5257,Render,Middle_FingerTip,-17.741620,1.032443,20.812790,0.479946,0.458360,0.211511,-0.717511
0.8314,5257,Render,Ring_MCP,-17.811630,0.977938,20.746510,0.623407,0.278298,-0.033944,-0.729906
0.8314,5257,Render,Ring_PIP,-17.772410,0.996391,20.763450,0.578914,0.361861,0.067354,-0.727584
0.8314,5257,Render,Ring_DIP,-17.753200,1.004847,20.779380,0.529325,0.431163,0.157470,-0.713525
0.8314,5257,Render,Ring_FingerTip,-17.738270,1.010825,20.799550,0.529325,0.431163,0.157470,-0.713525
0.8314,5257,Render,Pinky_MCP,-17.810350,0.955631,20.745410,0.634151,0.284762,-0.027353,-0.718342
0.8314,5257,Render,Pinky_PIP,-17.777420,0.971398,20.760150,0.585760,0.374329,0.077857,-0.714634
0.8314,5257,Render,Pinky_DIP,-17.764440,0.977402,20.771640,0.531432,0.448127,0.171183,-0.698183
0.8314,5257,Render,Pinky_FingerTip,-17.754100,0.981948,20.787110,0.531432,0.448127,0.171183,-0.698183
0.8448,5258,Real,Wrist,-17.924950,0.947276,20.718690,0.629208,0.193466,-0.123076,-0.742645
0.8448,5258,Real,Thumb_CMC,-17.906690,0.988805,20.732180,-0.117953,0.361658,-0.357442,-0.852952
0.8448,5258,Real,Thumb_MCP,-17.885480,1.011834,20.762970,-0.163537,0.343460,-0.244645,-0.891875
0.8448,5258,Real,Thumb_IP,-17.853890,1.027722,20.796930,-0.238245,0.296561,-0.032652,-0.924243
0.8448,5258,Real,Thumb_FingerTip,-17.830470,1.025415,20.813000,-0.238245,0.296561,-0.032652,-0.924243
0.8448,5258,Real,Index_MCP,-17.841410,1.021928,20.742550,0.544244,0.307542,0.031115,-0.779903
0.8448,5258,Real,Index_PIP,-17.803530,1.035331,20.766600,0.532602,0.327289,0.059689,-0.778238
0.8448,5258,Real,Index_DIP,-17.783320,1.041969,20.781470,0.521512,0.344687,0.085338,-0.775844
0.8448,5258,Real,Index_FingerTip,-17.763200,1.048078,20.798260,0.521512,0.344687,0.085338,-0.775844
0.8448,5258,Real,Middle_MCP,-17.828570,0.998430,20.736600,0.573376,0.323375,0.038361,-0.751796
0.8448,5258,Real,Middle_PIP,-17.786970,1.014966,20.764600,0.505486,0.421682,0.173610,-0.732481
0.8448,5258,Real,Middle_DIP,-17.770780,1.019733,20.786580,0.430073,0.498365,0.290568,-0.694435
0.8448,5258,Real,Middle_FingerTip,-17.761310,1.020444,20.813240,0.430073,0.498365,0.290568,-0.694435
0.8448,5258,Real,Ring_MCP,-17.821760,0.974918,20.734350,0.591481,0.330566,0.039782,-0.734366
0.8448,5258,Real,Ring_PIP,-17.785550,0.990397,20.759140,0.521992,0.432028,0.171859,-0.715081
0.8448,5258,Real,Ring_DIP,-17.770590,0.995804,20.780140,0.444673,0.511263,0.286009,-0.677551
0.8448,5258,Real,Ring_FingerTip,-17.762500,0.997535,20.804580,0.444673,0.511263,0.286009,-0.677551
0.8448,5258,Real,Pinky_MCP,-17.820690,0.952595,20.733360,0.603328,0.335233,0.040711,-0.722466
0.8448,5258,Real,Pinky_PIP,-17.790310,0.966205,20.754370,0.532800,0.438759,0.170622,-0.703209
0.8448,5258,Real,Pinky_DIP,-17.780090,0.970380,20.769030,0.454241,0.519664,0.282856,-0.666038
0.8448,5258,Real,Pinky_FingerTip,-17.774350,0.972206,20.787210,0.454241,0.519664,0.282856,-0.666038
0.8448,5258,Virtual,Wrist,-17.919700,0.948595,20.722420,0.629345,0.202443,-0.116314,-0.741224
0.8448,5258,Virtual,Thumb_CMC,-17.901810,0.990113,20.736430,-0.115426,0.371615,-0.358890,-0.848397
0.8448,5258,Virtual,Thumb_MCP,-17.881340,1.013086,20.767760,-0.162313,0.353660,-0.246667,-0.887545
0.8448,5258,Virtual,Thumb_IP,-17.850540,1.028925,20.802470,-0.239404,0.306768,-0.035617,-0.920495
0.8448,5258,Virtual,Thumb_FingerTip,-17.827480,1.026608,20.819050,-0.239404,0.306768,-0.035617,-0.920495
0.8448,5258,Virtual,Index_MCP,-17.836840,1.023305,20.748370,0.542517,0.316645,0.037048,-0.777200
0.8448,5258,Virtual,Index_PIP,-17.799530,1.036697,20.773300,0.530542,0.336323,0.065519,-0.775319
0.8448,5258,Virtual,Index_DIP,-17.779670,1.043323,20.788640,0.519155,0.353648,0.091068,-0.772735
0.8448,5258,Virtual,Index_FingerTip,-17.759940,1.049415,20.805880,0.519155,0.353648,0.091068,-0.772735
0.8448,5258,Virtual,Middle_MCP,-17.823830,0.999844,20.742630,0.571593,0.332174,0.044664,-0.748964
0.8448,5258,Virtual,Middle_PIP,-17.782890,1.016363,20.771600,0.502142,0.430014,0.179297,-0.728557
0.8448,5258,Virtual,Middle_DIP,-17.767200,1.021092,20.793960,0.425417,0.506042,0.295541,-0.689636
0.8448,5258,Virtual,Middle_FingerTip,-17.758340,1.021741,20.820830,0.425417,0.506042,0.295541,-0.689636
0.8448,5258,Virtual,Ring_MCP,-17.816930,0.976349,20.740470,0.589700,0.339182,0.046312,-0.731481
0.8448,5258,Virtual,Ring_PIP,-17.781310,0.991812,20.766110,0.518683,0.440180,0.177760,-0.711063
0.8448,5258,Virtual,Ring_DIP,-17.766840,0.997181,20.787450,0.440081,0.518767,0.291177,-0.672626
0.8448,5258,Virtual,Ring_FingerTip,-17.759300,0.998856,20.812070,0.440081,0.518767,0.291177,-0.672626
0.8448,5258,Virtual,Pinky_MCP,-17.815810,0.954030,20.739440,0.601549,0.343722,0.047390,-0.719547
0.8448,5258,Virtual,Pinky_PIP,-17.785920,0.967626,20.761170,0.529516,0.446788,0.176663,-0.699131
0.8448,5258,Virtual,Pinky_DIP,-17.776050,0.971775,20.776060,0.449693,0.527051,0.288152,-0.661031
0.8448,5258,Virtual,Pinky_FingerTip,-17.770720,0.973558,20.794370,0.449693,0.527051,0.288152,-0.661031
0.8448,5258,Render,Wrist,-17.919700,0.948595,20.722420,0.629345,0.202443,-0.116314,-0.741224
0.8448,5258,Render,Thumb_CMC,-17.901810,0.990113,20.736430,-0.076730,0.386172,-0.351166,-0.849510
0.8448,5258,Render,Thumb_MCP,-17.881830,1.013709,20.767610,-0.117445,0.375796,-0.258640,-0.882094
0.8448,5258,Render,Thumb_IP,-17.853210,1.031754,20.803090,-0.193181,0.343070,-0.069137,-0.916627
0.8448,5258,Render,Thumb_FingerTip,-17.831690,1.031588,20.821780,-0.193181,0.343070,-0.069137,-0.916627
0.8448,5258,Render,Index_MCP,-17.836840,1.023305,20.748370,0.581040,0.238706,-0.070616,-0.774871
0.8448,5258,Render,Index_PIP,-17.795810,1.041420,20.761850,0.554090,0.295927,0.007665,-0.778045
0.8448,5258,Render,Index_DIP,-17.774410,1.049622,20.774020,0.525023,0.344876,0.078073,-0.774155
0.8448,5258,Render,Index_FingerTip,-17.754230,1.056112,20.790590,0.525023,0.344876,0.078073,-0.774155
0.8448,5258,Render,Middle_MCP,-17.823830,0.999844,20.742630,0.601413,0.274519,-0.028999,-0.749734
0.8448,5258,Render,Middle_PIP,-17.779080,1.019576,20.762530,0.547366,0.370741,0.096126,-0.744112
0.8448,5258,Render,Middle_DIP,-17.759490,1.026861,20.780740,0.485629,0.448578,0.206547,-0.721305
0.8448,5258,Render,Middle_FingerTip,-17.744990,1.030758,20.804720,0.485629,0.448578,0.206547,-0.721305
0.8448,5258,Render,Ring_MCP,-17.816930,0.976349,20.740470,0.625550,0.267353,-0.040179,-0.731844
0.8448,5258,Render,Ring_PIP,-17.777200,0.994651,20.756350,0.582551,0.351318,0.061447,-0.730366
0.8448,5258,Render,Ring_DIP,-17.757560,1.003070,20.771750,0.534247,0.421155,0.151956,-0.717021
0.8448,5258,Render,Ring_FingerTip,-17.742110,1.009058,20.791520,0.534247,0.421155,0.151956,-0.717021
0.8448,5258,Render,Pinky_MCP,-17.815810,0.954030,20.739440,0.636366,0.273944,-0.033771,-0.720315
0.8448,5258,Render,Pinky_PIP,-17.782440,0.969673,20.753290,0.589531,0.363951,0.071796,-0.717523
0.8448,5258,Render,Pinky_DIP,-17.769150,0.975655,20.764430,0.536535,0.438335,0.165554,-0.701844
0.8448,5258,Render,Pinky_FingerTip,-17.758400,0.980214,20.779620,0.536535,0.438335,0.165554,-0.701844
0.8594,5259,Real,Wrist,-17.930140,0.945756,20.715320,0.627992,0.182516,-0.132610,-0.744801
0.8594,5259,Real,Thumb_CMC,-17.911500,0.987316,20.728200,-0.122365,0.348742,-0.356353,-0.858148
0.8594,5259,Real,Thumb_MCP,-17.889420,1.010424,20.758310,-0.166254,0.330082,-0.242882,-0.896892
0.8594,5259,Real,Thumb_IP,-17.856860,1.026405,20.791290,-0.237816,0.282910,-0.029755,-0.928720
0.8594,5259,Real,Thumb_FingerTip,-17.832970,1.024145,20.806670,-0.237816,0.282910,-0.029755,-0.928720
0.8594,5259,Real,Index_MCP,-17.845960,1.020477,20.736590,0.545385,0.296043,0.022529,-0.783841
0.8594,5259,Real,Index_PIP,-17.807380,1.033945,20.759470,0.534165,0.315840,0.051253,-0.782488
0.8594,5259,Real,Index_DIP,-17.786740,1.040621,20.773720,0.523451,0.333295,0.077046,-0.780370
0.8594,5259,Real,Index_FingerTip,-17.766140,1.046773,20.789880,0.523451,0.333295,0.077046,-0.780370
0.8594,5259,Real,Middle_MCP,-17.833290,0.996972,20.730290,0.574602,0.312280,0.029325,-0.755946
0.8594,5259,Real,Middle_PIP,-17.790880,1.013581,20.757010,0.508721,0.410961,0.165429,-0.738205
0.8594,5259,Real,Middle_DIP,-17.774030,1.018401,20.778490,0.435037,0.488292,0.283392,-0.701430
0.8594,5259,Real,Middle_FingerTip,-17.763780,1.019174,20.804850,0.435037,0.488292,0.283392,-0.701430
0.8594,5259,Real,Ring_MCP,-17.826540,0.973458,20.727900,0.592659,0.319822,0.030599,-0.738602
0.8594,5259,Real,Ring_PIP,-17.789610,0.988996,20.751570,0.525077,0.421693,0.163619,-0.720901
0.8594,5259,Real,Ring_DIP,-17.774050,0.994448,20.772120,0.449383,0.501583,0.278850,-0.684625
0.8594,5259,Real,Ring_FingerTip,-17.765240,0.996227,20.796300,0.449383,0.501583,0.278850,-0.684625
0.8594,5259,Real,Pinky_MCP,-17.825500,0.951133,20.726920,0.604507,0.324665,0.031353,-0.726761
0.8594,5259,Real,Pinky_PIP,-17.794510,0.964793,20.746990,0.535854,0.428598,0.162220,-0.709118
0.8594,5259,Real,Pinky_DIP,-17.783860,0.968999,20.761330,0.458892,0.510151,0.275550,-0.673228
0.8594,5259,Real,Pinky_FingerTip,-17.777580,0.970861,20.779340,0.458892,0.510151,0.275550,-0.673228
0.8594,5259,Virtual,Wrist,-17.924960,0.947276,20.718690,0.629208,0.193465,-0.123076,-0.742645
0.8594,5259,Virtual,Thumb_CMC,-17.906690,0.988805,20.732180,-0.117859,0.361669,-0.357650,-0.852873
0.8594,5259,Virtual,Thumb_MCP,-17.885510,1.011850,20.762980,-0.163450,0.343481,-0.244847,-0.891827
0.8594,5259,Virtual,Thumb_IP,-17.853920,1.027757,20.796940,-0.238174,0.296595,-0.032834,-0.924244
0.8594,5259,Virtual,Thumb_FingerTip,-17.830500,1.025460,20.813010,-0.238174,0.296595,-0.032834,-0.924244
0.8594,5259,Virtual,Index_MCP,-17.841420,1.021928,20.742560,0.544312,0.307422,0.030944,-0.779910
0.8594,5259,Virtual,Index_PIP,-17.803530,1.035340,20.766600,0.532674,0.327173,0.059518,-0.778251
0.8594,5259,Virtual,Index_DIP,-17.783310,1.041982,20.781460,0.521588,0.344572,0.085168,-0.775863
0.8594,5259,Virtual,Index_FingerTip,-17.763190,1.048097,20.798230,0.521588,0.344572,0.085168,-0.775863
0.8594,5259,Virtual,Middle_MCP,-17.828580,0.998430,20.736600,0.573454,0.323237,0.038180,-0.751805
0.8594,5259,Virtual,Middle_PIP,-17.786960,1.014975,20.764580,0.505612,0.421530,0.173390,-0.732533
0.8594,5259,Virtual,Middle_DIP,-17.770760,1.019749,20.786560,0.430249,0.498214,0.290323,-0.694537
0.8594,5259,Virtual,Middle_FingerTip,-17.761280,1.020469,20.813210,0.430249,0.498214,0.290323,-0.694537
0.8594,5259,Virtual,Ring_MCP,-17.821770,0.974918,20.734360,0.591508,0.330519,0.039723,-0.734369
0.8594,5259,Virtual,Ring_PIP,-17.785540,0.990399,20.759140,0.522011,0.432006,0.171828,-0.715088
0.8594,5259,Virtual,Ring_DIP,-17.770590,0.995807,20.780140,0.444678,0.511259,0.286002,-0.677554
0.8594,5259,Virtual,Ring_FingerTip,-17.762500,0.997539,20.804580,0.444678,0.511259,0.286002,-0.677554
0.8594,5259,Virtual,Pinky_MCP,-17.820700,0.952595,20.733370,0.603355,0.335185,0.040654,-0.722469
0.8594,5259,Virtual,Pinky_PIP,-17.790300,0.966207,20.754370,0.532819,0.438736,0.170592,-0.703216
0.8594,5259,Virtual,Pinky_DIP,-17.780090,0.970383,20.769030,0.454246,0.519660,0.282849,-0.666041
0.8594,5259,Virtual,Pinky_FingerTip,-17.774340,0.972209,20.787210,0.454246,0.519660,0.282849,-0.666041
0.8594,5259,Render,Wrist,-17.924960,0.947276,20.718690,0.629208,0.193465,-0.123076,-0.742645
0.8594,5259,Render,Thumb_CMC,-17.906690,0.988805,20.732180,-0.079172,0.376855,-0.350019,-0.853931
0.8594,5259,Render,Thumb_MCP,-17.886010,1.012434,20.762880,-0.118880,0.366273,-0.257029,-0.886368
0.8594,5259,Render,Thumb_IP,-17.856620,1.030505,20.797710,-0.192600,0.333457,-0.066670,-0.920471
0.8594,5259,Render,Thumb_FingerTip,-17.834710,1.030342,20.815940,-0.192600,0.333457,-0.066670,-0.920471
0.8594,5259,Render,Index_MCP,-17.841420,1.021928,20.742560,0.581494,0.229452,-0.076865,-0.776729
0.8594,5259,Render,Index_PIP,-17.800070,1.040016,20.755070,0.555472,0.286765,0.001634,-0.780522
0.8594,5259,Render,Index_DIP,-17.778380,1.048219,20.766730,0.527229,0.335877,0.072292,-0.777168
0.8594,5259,Render,Index_FingerTip,-17.757830,1.054723,20.782830,0.527229,0.335877,0.072292,-0.777168
0.8594,5259,Render,Middle_MCP,-17.828580,0.998430,20.736600,0.602324,0.265587,-0.035550,-0.751935
0.8594,5259,Render,Middle_PIP,-17.783350,1.018148,20.755430,0.549750,0.362085,0.090033,-0.747371
0.8594,5259,Render,Middle_DIP,-17.763350,1.025453,20.773180,0.489284,0.440378,0.201011,-0.725441
0.8594,5259,Render,Middle_FingerTip,-17.748320,1.029395,20.796830,0.489284,0.440378,0.201011,-0.725441
0.8594,5259,Render,Ring_MCP,-17.821770,0.974918,20.734360,0.626304,0.258588,-0.047004,-0.733939
0.8594,5259,Render,Ring_PIP,-17.781660,0.993202,20.749280,0.584510,0.342742,0.054978,-0.733385
0.8594,5259,Render,Ring_DIP,-17.761660,1.001633,20.764220,0.537259,0.412889,0.145914,-0.720823
0.8594,5259,Render,Ring_FingerTip,-17.745760,1.007653,20.783620,0.537259,0.412889,0.145914,-0.720823
0.8594,5259,Render,Pinky_MCP,-17.820700,0.952595,20.733370,0.637179,0.265308,-0.040736,-0.722464
0.8594,5259,Render,Pinky_PIP,-17.787000,0.968224,20.746420,0.591597,0.355527,0.065221,-0.720667
0.8594,5259,Render,Pinky_DIP,-17.773450,0.974217,20.757240,0.539691,0.430255,0.159450,-0.705826
0.8594,5259,Render,Pinky_FingerTip,-17.762360,0.978801,20.772170,0.539691,0.430255,0.159450,-0.705826
0.8734,5260,Real,Wrist,-17.935180,0.944263,20.712050,0.626046,0.170552,-0.142188,-0.747503
0.8734,5260,Real,Thumb_CMC,-17.916120,0.985813,20.724320,-0.127641,0.335226,-0.354128,-0.863669
0.8734,5260,Real,Thumb_MCP,-17.893100,1.008915,20.753710,-0.169746,0.315999,-0.239964,-0.902080
0.8734,5260,Real,Thumb_IP,-17.859500,1.024882,20.785660,-0.237970,0.268401,-0.025721,-0.933097
0.8734,5260,Real,Thumb_FingerTip,-17.835150,1.022610,20.800280,-0.237970,0.268401,-0.025721,-0.933097
0.8734,5260,Real,Index_MCP,-17.850320,1.018927,20.730630,0.545933,0.283514,0.014221,-0.788274
0.8734,5260,Real,Index_PIP,-17.811040,1.032373,20.752290,0.535171,0.303340,0.043113,-0.787223
0.8734,5260,Real,Index_DIP,-17.789960,1.039038,20.765890,0.524869,0.320835,0.069067,-0.785371
0.8734,5260,Real,Index_FingerTip,-17.768850,1.045180,20.781400,0.524869,0.320835,0.069067,-0.785371
0.8734,5260,Real,Middle_MCP,-17.837880,0.995409,20.723960,0.575253,0.300176,0.020545,-0.760629
0.8734,5260,Real,Middle_PIP,-17.794630,1.011996,20.749320,0.511548,0.399174,0.157639,-0.744398
0.8734,5260,Real,Middle_DIP,-17.777120,1.016810,20.770270,0.439745,0.477123,0.276714,-0.708808
0.8734,5260,Real,Middle_FingerTip,-17.766040,1.017584,20.796290,0.439745,0.477123,0.276714,-0.708808
0.8734,5260,Real,Ring_MCP,-17.831220,0.971889,20.721360,0.593328,0.307983,0.021527,-0.743402
0.8734,5260,Real,Ring_PIP,-17.793560,0.987407,20.743860,0.527875,0.410170,0.155565,-0.727261
0.8734,5260,Real,Ring_DIP,-17.777350,0.992854,20.763900,0.454021,0.490669,0.271938,-0.692213
0.8734,5260,Real,Ring_FingerTip,-17.767800,0.994636,20.787800,0.454021,0.490669,0.271938,-0.692213
0.8734,5260,Real,Pinky_MCP,-17.830230,0.949563,20.720360,0.605186,0.313006,0.022090,-0.731635
0.8734,5260,Real,Pinky_PIP,-17.798610,0.963207,20.739440,0.538629,0.417254,0.153991,-0.715587
0.8734,5260,Real,Pinky_DIP,-17.787530,0.967410,20.753440,0.463477,0.499411,0.268484,-0.680951
0.8734,5260,Real,Pinky_FingerTip,-17.780690,0.969274,20.771240,0.463477,0.499411,0.268484,-0.680951
0.8734,5260,Virtual,Wrist,-17.930140,0.945756,20.715320,0.627992,0.182516,-0.132609,-0.744801
0.8734,5260,Virtual,Thumb_CMC,-17.911500,0.987316,20.728200,-0.122364,0.348743,-0.356353,-0.858148
0.8734,5260,Virtual,Thumb_MCP,-17.889430,1.010424,20.758310,-0.166254,0.330083,-0.242882,-0.896891
0.8734,5260,Virtual,Thumb_IP,-17.856860,1.026404,20.791300,-0.237816,0.282911,-0.029755,-0.928720
0.8734,5260,Virtual,Thumb_FingerTip,-17.832980,1.024144,20.806680,-0.237816,0.282911,-0.029755,-0.928720
0.8734,5260,Virtual,Index_MCP,-17.845960,1.020477,20.736590,0.545386,0.296043,0.022530,-0.783840
0.8734,5260,Virtual,Index_PIP,-17.807390,1.033945,20.759470,0.534165,0.315841,0.051254,-0.782487
0.8734,5260,Virtual,Index_DIP,-17.786750,1.040621,20.773720,0.523451,0.333296,0.077047,-0.780370
0.8734,5260,Virtual,Index_FingerTip,-17.766140,1.046772,20.789880,0.523451,0.333296,0.077047,-0.780370
0.8734,5260,Virtual,Middle_MCP,-17.833300,0.996972,20.730300,0.574602,0.312280,0.029326,-0.755945
0.8734,5260,Virtual,Middle_PIP,-17.790880,1.013581,20.757010,0.508721,0.410962,0.165430,-0.738205
0.8734,5260,Virtual,Middle_DIP,-17.774040,1.018401,20.778490,0.435037,0.488292,0.283393,-0.701429
0.8734,5260,Virtual,Middle_FingerTip,-17.763780,1.019173,20.804860,0.435037,0.488292,0.283393,-0.701429
0.8734,5260,Virtual,Ring_MCP,-17.826540,0.973458,20.727900,0.592660,0.319822,0.030600,-0.738602
0.8734,5260,Virtual,Ring_PIP,-17.789620,0.988996,20.751570,0.525077,0.421694,0.163620,-0.720900
0.8734,5260,Virtual,Ring_DIP,-17.774050,0.994447,20.772120,0.449383,0.501584,0.278851,-0.684625
0.8734,5260,Virtual,Ring_FingerTip,-17.765240,0.996227,20.796300,0.449383,0.501584,0.278851,-0.684625
0.8734,5260,Virtual,Pinky_MCP,-17.825500,0.951133,20.726920,0.604507,0.324665,0.031354,-0.726760
0.8734,5260,Virtual,Pinky_PIP,-17.794510,0.964793,20.746990,0.535854,0.428599,0.162221,-0.709118
0.8734,5260,Virtual,Pinky_DIP,-17.783860,0.968999,20.761340,0.458892,0.510152,0.275551,-0.673228
0.8734,5260,Virtual,Pinky_FingerTip,-17.777590,0.970861,20.779340,0.458892,0.510152,0.275551,-0.673228
0.8734,5260,Render,Wrist,-17.930140,0.945756,20.715320,0.627992,0.182516,-0.132609,-0.744801
0.8734,5260,Render,Thumb_CMC,-17.911500,0.987316,20.728200,-0.083571,0.363926,-0.349306,-0.859395
0.8734,5260,Render,Thumb_MCP,-17.889940,1.011008,20.758230,-0.121877,0.352948,-0.255738,-0.891725
0.8734,5260,Render,Thumb_IP,-17.859540,1.029152,20.792150,-0.192753,0.319800,-0.064291,-0.925441
0.8734,5260,Render,Thumb_FingerTip,-17.837100,1.029030,20.809720,-0.192753,0.319800,-0.064291,-0.925441
0.8734,5260,Render,Index_MCP,-17.845960,1.020477,20.736590,0.580990,0.218033,-0.085741,-0.779462
0.8734,5260,Render,Index_PIP,-17.804270,1.038600,20.747840,0.556118,0.275353,-0.006922,-0.784133
0.8734,5260,Render,Index_DIP,-17.782250,1.046831,20.758850,0.528906,0.324571,0.064098,-0.781540
0.8734,5260,Render,Index_FingerTip,-17.761250,1.053372,20.774320,0.528906,0.324571,0.064098,-0.781540
0.8734,5260,Render,Middle_MCP,-17.833300,0.996972,20.730300,0.602395,0.254571,-0.044766,-0.755189
0.8734,5260,Render,Middle_PIP,-17.787540,1.016738,20.747750,0.551653,0.351235,0.081486,-0.752113
0.8734,5260,Render,Middle_DIP,-17.767030,1.024082,20.764890,0.492791,0.429934,0.193271,-0.731410
0.8734,5260,Render,Middle_FingerTip,-17.751310,1.028073,20.788080,0.492791,0.429934,0.193271,-0.731410
0.8734,5260,Render,Ring_MCP,-17.826540,0.973458,20.727900,0.626188,0.247830,-0.056562,-0.737068
0.8734,5260,Render,Ring_PIP,-17.786020,0.991782,20.741600,0.585884,0.332071,0.045945,-0.737806
0.8734,5260,Render,Ring_DIP,-17.765600,1.000246,20.755930,0.539951,0.402473,0.137501,-0.726335
0.8734,5260,Render,Ring_FingerTip,-17.749130,1.006306,20.774850,0.539951,0.402473,0.137501,-0.726335
0.8734,5260,Render,Pinky_MCP,-17.825500,0.951133,20.726920,0.637143,0.254726,-0.050459,-0.725684
0.8734,5260,Render,Pinky_PIP,-17.791440,0.966796,20.738940,0.593107,0.345052,0.056072,-0.725272
0.8734,5260,Render,Pinky_DIP,-17.777580,0.972813,20.749350,0.542565,0.420071,0.150986,-0.711595
0.8734,5260,Render,Pinky_FingerTip,-17.766050,0.977429,20.763940,0.542565,0.420071,0.150986,-0.711595
0.8868,5261,Real,Wrist,-17.940060,0.942709,20.708520,0.622782,0.157596,-0.151918,-0.751151
0.8868,5261,Real,Thumb_CMC,-17.920530,0.984198,20.720230,-0.134295,0.321165,-0.351042,-0.869246
0.8868,5261,Real,Thumb_MCP,-17.896500,1.007209,20.748890,-0.174508,0.301213,-0.236263,-0.907193
0.8868,5261,Real,Thumb_IP,-17.861840,1.023072,20.779730,-0.239160,0.252952,-0.021085,-0.937216
0.8868,5261,Real,Thumb_FingerTip,-17.837010,1.020750,20.793530,-0.239160,0.252952,-0.021085,-0.937216
0.8868,5261,Real,Index_MCP,-17.854500,1.017194,20.724410,0.545358,0.269727,0.005990,-0.793597
0.8868,5261,Real,Index_PIP,-17.814490,1.030526,20.744760,0.535102,0.289541,0.035083,-0.792844
0.8868,5261,Real,Index_DIP,-17.792950,1.037125,20.757660,0.525256,0.307041,0.061227,-0.791255
0.8868,5261,Real,Index_FingerTip,-17.771320,1.043195,20.772460,0.525256,0.307041,0.061227,-0.791255
0.8868,5261,Real,Middle_MCP,-17.842330,0.993674,20.717260,0.574828,0.286822,0.011817,-0.766268
0.8868,5261,Real,Middle_PIP,-17.798220,1.010130,20.741200,0.513543,0.385963,0.150074,-0.751521
0.8868,5261,Real,Middle_DIP,-17.780010,1.014866,20.761550,0.443864,0.464412,0.270409,-0.717067
0.8868,5261,Real,Middle_FingerTip,-17.768060,1.015558,20.787190,0.443864,0.464412,0.270409,-0.717067
0.8868,5261,Real,Ring_MCP,-17.835800,0.970150,20.714390,0.592944,0.294902,0.012490,-0.749196
0.8868,5261,Real,Ring_PIP,-17.797370,0.985554,20.735640,0.529862,0.397236,0.147724,-0.734594
0.8868,5261,Real,Ring_DIP,-17.780490,0.990926,20.755140,0.458088,0.478232,0.265397,-0.700725
0.8868,5261,Real,Ring_FingerTip,-17.770130,0.992634,20.778710,0.458088,0.478232,0.265397,-0.700725
0.8868,5261,Real,Pinky_MCP,-17.834880,0.947825,20.713290,0.604828,0.300113,0.012849,-0.737530
0.8868,5261,Real,Pinky_PIP,-17.802610,0.961372,20.731340,0.540608,0.404509,0.145968,-0.723055
0.8868,5261,Real,Pinky_DIP,-17.791050,0.965523,20.744970,0.467506,0.487158,0.261785,-0.689626
0.8868,5261,Real,Pinky_FingerTip,-17.783610,0.967332,20.762530,0.467506,0.487158,0.261785,-0.689626
0.8868,5261,Virtual,Wrist,-17.935190,0.944263,20.712060,0.626046,0.170552,-0.142188,-0.747503
0.8868,5261,Virtual,Thumb_CMC,-17.916130,0.985813,20.724320,-0.127551,0.335240,-0.354344,-0.863589
0.8868,5261,Virtual,Thumb_MCP,-17.893110,1.008932,20.753720,-0.169632,0.316038,-0.240265,-0.902008
0.8868,5261,Virtual,Thumb_IP,-17.859540,1.024927,20.785670,-0.237827,0.268502,-0.026173,-0.933092
0.8868,5261,Virtual,Thumb_FingerTip,-17.835190,1.022679,20.800300,-0.237827,0.268502,-0.026173,-0.933092
0.8868,5261,Virtual,Index_MCP,-17.850330,1.018927,20.730640,0.545933,0.283514,0.014221,-0.788274
0.8868,5261,Virtual,Index_PIP,-17.811050,1.032373,20.752300,0.535171,0.303340,0.043113,-0.787222
0.8868,5261,Virtual,Index_DIP,-17.789960,1.039039,20.765900,0.524869,0.320835,0.069067,-0.785371
0.8868,5261,Virtual,Index_FingerTip,-17.768860,1.045180,20.781400,0.524869,0.320835,0.069067,-0.785371
0.8868,5261,Virtual,Middle_MCP,-17.837880,0.995410,20.723970,0.575253,0.300176,0.020545,-0.760629
0.8868,5261,Virtual,Middle_PIP,-17.794640,1.011996,20.749330,0.511548,0.399174,0.157639,-0.744398
0.8868,5261,Virtual,Middle_DIP,-17.777130,1.016811,20.770280,0.439746,0.477123,0.276714,-0.708808
0.8868,5261,Virtual,Middle_FingerTip,-17.766050,1.017585,20.796300,0.439746,0.477123,0.276714,-0.708808
0.8868,5261,Virtual,Ring_MCP,-17.831230,0.971890,20.721370,0.593328,0.307983,0.021527,-0.743402
0.8868,5261,Virtual,Ring_PIP,-17.793560,0.987408,20.743870,0.527875,0.410170,0.155564,-0.727261
0.8868,5261,Virtual,Ring_DIP,-17.777360,0.992855,20.763910,0.454021,0.490670,0.271938,-0.692213
0.8868,5261,Virtual,Ring_FingerTip,-17.767800,0.994637,20.787810,0.454021,0.490670,0.271938,-0.692213
0.8868,5261,Virtual,Pinky_MCP,-17.830230,0.949564,20.720370,0.605186,0.313006,0.022089,-0.731635
0.8868,5261,Virtual,Pinky_PIP,-17.798610,0.963207,20.739450,0.538629,0.417254,0.153991,-0.715587
0.8868,5261,Virtual,Pinky_DIP,-17.787530,0.967410,20.753450,0.463477,0.499411,0.268484,-0.680951
0.8868,5261,Virtual,Pinky_FingerTip,-17.780690,0.969274,20.771250,0.463477,0.499411,0.268484,-0.680951
0.8868,5261,Render,Wrist,-17.935190,0.944263,20.712060,0.626046,0.170552,-0.142188,-0.747503
0.8868,5261,Render,Thumb_CMC,-17.916130,0.985813,20.724320,-0.088737,0.350374,-0.347693,-0.865144
0.8868,5261,Render,Thumb_MCP,-17.893610,1.009500,20.753650,-0.125568,0.338923,-0.253521,-0.897269
0.8868,5261,Render,Thumb_IP,-17.862150,1.027633,20.786600,-0.193441,0.305314,-0.060968,-0.930402
0.8868,5261,Render,Thumb_FingerTip,-17.839170,1.027500,20.803460,-0.193441,0.305314,-0.060968,-0.930402
0.8868,5261,Render,Index_MCP,-17.850330,1.018927,20.730640,0.579804,0.205548,-0.094582,-0.782708
0.8868,5261,Render,Index_PIP,-17.808290,1.037022,20.740580,0.556195,0.262812,-0.015392,-0.788252
0.8868,5261,Render,Index_DIP,-17.785940,1.045240,20.750890,0.530117,0.312088,0.056036,-0.786408
0.8868,5261,Render,Index_FingerTip,-17.764440,1.051771,20.765690,0.530117,0.312088,0.056036,-0.786408
0.8868,5261,Render,Middle_MCP,-17.837880,0.995410,20.723970,0.601859,0.242461,-0.053964,-0.758990
0.8868,5261,Render,Middle_PIP,-17.791590,1.015147,20.739970,0.553139,0.339205,0.073049,-0.757392
0.8868,5261,Render,Middle_DIP,-17.770550,1.022482,20.756460,0.496063,0.418263,0.185720,-0.737893
0.8868,5261,Render,Middle_FingerTip,-17.754100,1.026469,20.779140,0.496063,0.418263,0.185720,-0.737893
0.8868,5261,Render,Ring_MCP,-17.831230,0.971890,20.721370,0.625458,0.235994,-0.066137,-0.740767
0.8868,5261,Render,Ring_PIP,-17.790280,0.990187,20.733790,0.586798,0.320248,0.036973,-0.742794
0.8868,5261,Render,Ring_DIP,-17.769410,0.998641,20.747470,0.542331,0.390855,0.129221,-0.732401
0.8868,5261,Render,Ring_FingerTip,-17.752360,1.004696,20.765860,0.542331,0.390855,0.129221,-0.732401
0.8868,5261,Render,Pinky_MCP,-17.830230,0.949564,20.720370,0.636508,0.243065,-0.060212,-0.729488
0.8868,5261,Render,Pinky_PIP,-17.795800,0.965205,20.731310,0.594181,0.333423,0.046979,-0.730459
0.8868,5261,Render,Pinky_DIP,-17.781610,0.971215,20.741270,0.545160,0.408684,0.142655,-0.717933
0.8868,5261,Render,Pinky_FingerTip,-17.769630,0.975828,20.755500,0.545160,0.408684,0.142655,-0.717933
0.9006,5262,Real,Wrist,-17.945030,0.941358,20.705100,0.620327,0.146159,-0.160143,-0.753782
0.9006,5262,Real,Thumb_CMC,-17.925080,0.982800,20.716280,-0.139454,0.308812,-0.348081,-0.874087
0.9006,5262,Real,Thumb_MCP,-17.900190,1.005738,20.744250,-0.178034,0.288299,-0.232703,-0.911613
0.9006,5262,Real,Thumb_IP,-17.864620,1.021507,20.774080,-0.239619,0.239573,-0.016603,-0.940698
0.9006,5262,Real,Thumb_FingerTip,-17.839410,1.019125,20.787150,-0.239619,0.239573,-0.016603,-0.940698
0.9006,5262,Real,Index_MCP,-17.858900,1.015666,20.718570,0.545289,0.257666,-0.001038,-0.797664
0.9006,5262,Real,Index_PIP,-17.818280,1.028903,20.737760,0.535475,0.277485,0.028209,-0.797166
0.9006,5262,Real,Index_DIP,-17.796370,1.035449,20.750030,0.526027,0.295004,0.054499,-0.795801
0.9006,5262,Real,Index_FingerTip,-17.774310,1.041464,20.764200,0.526027,0.295004,0.054499,-0.795801
0.9006,5262,Real,Middle_MCP,-17.846980,0.992129,20.711050,0.574869,0.275124,0.004342,-0.770593
0.9006,5262,Real,Middle_PIP,-17.802180,1.008479,20.733710,0.515697,0.374465,0.143504,-0.757126
0.9006,5262,Real,Middle_DIP,-17.783370,1.013162,20.753530,0.447861,0.453418,0.264839,-0.723666
0.9006,5262,Real,Middle_FingerTip,-17.770670,1.013808,20.778810,0.447861,0.453418,0.264839,-0.723666
0.9006,5262,Real,Ring_MCP,-17.840590,0.968596,20.707960,0.593008,0.283433,0.004740,-0.753647
0.9006,5262,Real,Ring_PIP,-17.801530,0.983907,20.728110,0.531999,0.385968,0.140907,-0.740373
0.9006,5262,Real,Ring_DIP,-17.784080,0.989229,20.747110,0.462031,0.467462,0.259612,-0.707537
0.9006,5262,Real,Ring_FingerTip,-17.773040,0.990895,20.770370,0.462031,0.467462,0.259612,-0.707537
0.9006,5262,Real,Pinky_MCP,-17.839740,0.946270,20.706830,0.604907,0.288801,0.004918,-0.742063
0.9006,5262,Real,Pinky_PIP,-17.806940,0.959739,20.723940,0.542731,0.393398,0.138987,-0.728948
0.9006,5262,Real,Pinky_DIP,-17.794980,0.963856,20.737230,0.471410,0.476541,0.255857,-0.696577
0.9006,5262,Real,Pinky_FingerTip,-17.787030,0.965634,20.754570,0.471410,0.476541,0.255857,-0.696577
0.9006,5262,Virtual,Wrist,-17.940120,0.942918,20.708650,0.622782,0.157596,-0.151918,-0.751150
0.9006,5262,Virtual,Thumb_CMC,-17.920590,0.984408,20.720360,-0.134295,0.321165,-0.351042,-0.869246
0.9006,5262,Virtual,Thumb_MCP,-17.896560,1.007418,20.749020,-0.174508,0.301213,-0.236263,-0.907192
0.9006,5262,Virtual,Thumb_IP,-17.861900,1.023282,20.779860,-0.239160,0.252952,-0.021085,-0.937216
0.9006,5262,Virtual,Thumb_FingerTip,-17.837070,1.020960,20.793660,-0.239160,0.252952,-0.021085,-0.937216
0.9006,5262,Virtual,Index_MCP,-17.854560,1.017403,20.724540,0.545358,0.269727,0.005990,-0.793597
0.9006,5262,Virtual,Index_PIP,-17.814550,1.030735,20.744890,0.535102,0.289541,0.035083,-0.792844
0.9006,5262,Virtual,Index_DIP,-17.793010,1.037334,20.757780,0.525256,0.307041,0.061227,-0.791254
0.9006,5262,Virtual,Index_FingerTip,-17.771380,1.043404,20.772590,0.525256,0.307041,0.061227,-0.791254
0.9006,5262,Virtual,Middle_MCP,-17.842390,0.993883,20.717390,0.574828,0.286822,0.011817,-0.766268
0.9006,5262,Virtual,Middle_PIP,-17.798280,1.010340,20.741320,0.513543,0.385963,0.150074,-0.751521
0.9006,5262,Virtual,Middle_DIP,-17.780070,1.015075,20.761670,0.443864,0.464412,0.270409,-0.717067
0.9006,5262,Virtual,Middle_FingerTip,-17.768120,1.015768,20.787310,0.443864,0.464412,0.270409,-0.717067
0.9006,5262,Virtual,Ring_MCP,-17.835870,0.970360,20.714510,0.592944,0.294902,0.012490,-0.749196
0.9006,5262,Virtual,Ring_PIP,-17.797440,0.985763,20.735770,0.529862,0.397236,0.147724,-0.734594
0.9006,5262,Virtual,Ring_DIP,-17.780560,0.991135,20.755270,0.458088,0.478232,0.265397,-0.700725
0.9006,5262,Virtual,Ring_FingerTip,-17.770190,0.992843,20.778830,0.458088,0.478232,0.265397,-0.700725
0.9006,5262,Virtual,Pinky_MCP,-17.834940,0.948034,20.713420,0.604828,0.300113,0.012849,-0.737530
0.9006,5262,Virtual,Pinky_PIP,-17.802670,0.961582,20.731460,0.540608,0.404509,0.145968,-0.723055
0.9006,5262,Virtual,Pinky_DIP,-17.791120,0.965733,20.745090,0.467506,0.487158,0.261785,-0.689626
0.9006,5262,Virtual,Pinky_FingerTip,-17.783680,0.967542,20.762650,0.467506,0.487158,0.261785,-0.689626
0.9006,5262,Render,Wrist,-17.940120,0.942918,20.708650,0.622782,0.157596,-0.151918,-0.751150
0.9006,5262,Render,Thumb_CMC,-17.920590,0.984408,20.720360,-0.095363,0.336231,-0.345027,-0.871098
0.9006,5262,Render,Thumb_MCP,-17.897060,1.007987,20.748970,-0.130650,0.324154,-0.250236,-0.902905
0.9006,5262,Render,Thumb_IP,-17.864470,1.025990,20.780880,-0.195334,0.289811,-0.056580,-0.935229
0.9006,5262,Render,Thumb_FingerTip,-17.840950,1.025779,20.796960,-0.195334,0.289811,-0.056580,-0.935229
0.9006,5262,Render,Index_MCP,-17.854560,1.017403,20.724540,0.577334,0.191972,-0.103468,-0.786846
0.9006,5262,Render,Index_PIP,-17.812190,1.035409,20.733090,0.555103,0.249057,-0.023817,-0.793262
0.9006,5262,Render,Index_DIP,-17.789480,1.043566,20.742660,0.530275,0.298290,0.048099,-0.792161
0.9006,5262,Render,Index_FingerTip,-17.767490,1.050027,20.756750,0.530275,0.298290,0.048099,-0.792161
0.9006,5262,Render,Middle_MCP,-17.842390,0.993883,20.717390,0.600130,0.229213,-0.063202,-0.763748
0.9006,5262,Render,Middle_PIP,-17.795560,1.013509,20.731880,0.553637,0.325853,0.064731,-0.763620
0.9006,5262,Render,Middle_DIP,-17.773950,1.020770,20.747660,0.498556,0.405137,0.178430,-0.745298
0.9006,5262,Render,Middle_FingerTip,-17.756740,1.024675,20.769780,0.498556,0.405137,0.178430,-0.745298
0.9006,5262,Render,Ring_MCP,-17.835870,0.970360,20.714510,0.623537,0.223050,-0.075793,-0.745457
0.9006,5262,Render,Ring_PIP,-17.794490,0.988563,20.725590,0.586687,0.307163,0.028059,-0.748774
0.9006,5262,Render,Ring_DIP,-17.773160,0.996950,20.738580,0.543850,0.377858,0.121121,-0.739446
0.9006,5262,Render,Ring_FingerTip,-17.755490,1.002933,20.756390,0.543850,0.377858,0.121121,-0.739446
0.9006,5262,Render,Pinky_MCP,-17.834940,0.948034,20.713420,0.634704,0.230294,-0.070056,-0.734308
0.9006,5262,Render,Pinky_PIP,-17.800130,0.963595,20.723240,0.594263,0.320526,0.037945,-0.736665
0.9006,5262,Render,Pinky_DIP,-17.785610,0.969558,20.732730,0.546938,0.395909,0.134515,-0.725273
0.9006,5262,Render,Pinky_FingerTip,-17.773150,0.974117,20.746550,0.546938,0.395909,0.134515,-0.725273
0.9152,5263,Real,Wrist,-17.949820,0.939749,20.701900,0.617049,0.132795,-0.168513,-0.757113
0.9152,5263,Real,Thumb_CMC,-17.929350,0.981083,20.712520,-0.145459,0.295244,-0.343732,-0.879500
0.9152,5263,Real,Thumb_MCP,-17.903470,1.003861,20.739720,-0.182232,0.274078,-0.227733,-0.916412
0.9152,5263,Real,Thumb_IP,-17.866900,1.019428,20.768420,-0.240413,0.224787,-0.010734,-0.944223
0.9152,5263,Real,Thumb_FingerTip,-17.841290,1.016926,20.780660,-0.240413,0.224787,-0.010734,-0.944223
0.9152,5263,Real,Index_MCP,-17.863000,1.013676,20.712730,0.544786,0.243538,-0.007988,-0.802393
0.9152,5263,Real,Index_PIP,-17.821730,1.026703,20.730630,0.535491,0.263349,0.021437,-0.802146
0.9152,5263,Real,Index_DIP,-17.799390,1.033131,20.742190,0.526509,0.280876,0.047895,-0.801002
0.9152,5263,Real,Index_FingerTip,-17.776860,1.039023,20.755650,0.526509,0.280876,0.047895,-0.801002
0.9152,5263,Real,Middle_MCP,-17.851430,0.990110,20.704780,0.574517,0.261369,-0.003124,-0.775634
0.9152,5263,Real,Middle_PIP,-17.805840,1.006225,20.725990,0.517836,0.360873,0.137071,-0.763432
0.9152,5263,Real,Middle_DIP,-17.786380,1.010783,20.745200,0.452184,0.440355,0.259518,-0.730936
0.9152,5263,Real,Middle_FingerTip,-17.772870,1.011317,20.770070,0.452184,0.440355,0.259518,-0.730936
0.9152,5263,Real,Ring_MCP,-17.845230,0.966558,20.701430,0.592697,0.269915,-0.003047,-0.758846
0.9152,5263,Real,Ring_PIP,-17.805480,0.981663,20.720320,0.534136,0.372616,0.134188,-0.746894
0.9152,5263,Real,Ring_DIP,-17.787400,0.986869,20.738760,0.466315,0.454637,0.254045,-0.715065
0.9152,5263,Real,Ring_FingerTip,-17.775600,0.988434,20.761650,0.466315,0.454637,0.254045,-0.715065
0.9152,5263,Real,Pinky_MCP,-17.844520,0.944232,20.700210,0.604621,0.275447,-0.003080,-0.747364
0.9152,5263,Real,Pinky_PIP,-17.811120,0.957527,20.716280,0.544864,0.380212,0.132080,-0.735607
0.9152,5263,Real,Pinky_DIP,-17.798720,0.961564,20.729180,0.475662,0.463878,0.250126,-0.704272
0.9152,5263,Real,Pinky_FingerTip,-17.790200,0.963268,20.746260,0.475662,0.463878,0.250126,-0.704272
0.9152,5263,Virtual,Wrist,-17.945100,0.941618,20.705250,0.620327,0.146159,-0.160143,-0.753782
0.9152,5263,Virtual,Thumb_CMC,-17.925160,0.983059,20.716430,-0.139412,0.308821,-0.348190,-0.874047
0.9152,5263,Virtual,Thumb_MCP,-17.900270,1.006005,20.744400,-0.177982,0.288320,-0.232856,-0.911577
0.9152,5263,Virtual,Thumb_IP,-17.864710,1.021788,20.774230,-0.239554,0.239624,-0.016831,-0.940697
0.9152,5263,Virtual,Thumb_FingerTip,-17.839500,1.019419,20.787310,-0.239554,0.239624,-0.016831,-0.940697
0.9152,5263,Virtual,Index_MCP,-17.858970,1.015925,20.718720,0.545289,0.257666,-0.001038,-0.797664
0.9152,5263,Virtual,Index_PIP,-17.818360,1.029162,20.737920,0.535475,0.277485,0.028209,-0.797166
0.9152,5263,Virtual,Index_DIP,-17.796450,1.035708,20.750180,0.526027,0.295004,0.054499,-0.795800
0.9152,5263,Virtual,Index_FingerTip,-17.774390,1.041723,20.764360,0.526027,0.295004,0.054499,-0.795800
0.9152,5263,Virtual,Middle_MCP,-17.847060,0.992388,20.711200,0.574869,0.275124,0.004343,-0.770593
0.9152,5263,Virtual,Middle_PIP,-17.802250,1.008739,20.733860,0.515697,0.374465,0.143504,-0.757125
0.9152,5263,Virtual,Middle_DIP,-17.783440,1.013421,20.753680,0.447861,0.453418,0.264839,-0.723666
0.9152,5263,Virtual,Middle_FingerTip,-17.770750,1.014067,20.778960,0.447861,0.453418,0.264839,-0.723666
0.9152,5263,Virtual,Ring_MCP,-17.840660,0.968855,20.708110,0.593008,0.283433,0.004740,-0.753648
0.9152,5263,Virtual,Ring_PIP,-17.801610,0.984166,20.728260,0.531999,0.385968,0.140907,-0.740373
0.9152,5263,Virtual,Ring_DIP,-17.784160,0.989488,20.747260,0.462031,0.467462,0.259612,-0.707537
0.9152,5263,Virtual,Ring_FingerTip,-17.773110,0.991154,20.770520,0.462031,0.467462,0.259612,-0.707537
0.9152,5263,Virtual,Pinky_MCP,-17.839820,0.946529,20.706980,0.604907,0.288802,0.004918,-0.742063
0.9152,5263,Virtual,Pinky_PIP,-17.807010,0.959998,20.724090,0.542730,0.393398,0.138987,-0.728948
0.9152,5263,Virtual,Pinky_DIP,-17.795060,0.964115,20.737380,0.471409,0.476541,0.255857,-0.696577
0.9152,5263,Virtual,Pinky_FingerTip,-17.787110,0.965893,20.754720,0.471409,0.476541,0.255857,-0.696577
0.9152,5263,Render,Wrist,-17.945100,0.941618,20.705250,0.620327,0.146159,-0.160143,-0.753782
0.9152,5263,Render,Thumb_CMC,-17.925160,0.983059,20.716430,-0.100426,0.323810,-0.342622,-0.876169
0.9152,5263,Render,Thumb_MCP,-17.900760,1.006567,20.744370,-0.134360,0.311265,-0.247304,-0.907691
0.9152,5263,Render,Thumb_IP,-17.867230,1.024478,20.775330,-0.196276,0.276431,-0.052716,-0.939299
0.9152,5263,Render,Thumb_FingerTip,-17.843250,1.024208,20.790720,-0.196276,0.276431,-0.052716,-0.939299
0.9152,5263,Render,Index_MCP,-17.858970,1.015925,20.718720,0.575603,0.180035,-0.110989,-0.789905
0.9152,5263,Render,Index_PIP,-17.816330,1.033842,20.726060,0.554581,0.237006,-0.030992,-0.797062
0.9152,5263,Render,Index_DIP,-17.793340,1.041947,20.734970,0.530846,0.286242,0.041297,-0.796595
0.9152,5263,Render,Index_FingerTip,-17.770940,1.048353,20.748420,0.530846,0.286242,0.041297,-0.796595
0.9152,5263,Render,Middle_MCP,-17.847060,0.992388,20.711200,0.599026,0.217567,-0.071063,-0.767322
0.9152,5263,Render,Middle_PIP,-17.799780,1.011911,20.724340,0.554486,0.314186,0.057574,-0.768452
0.9152,5263,Render,Middle_DIP,-17.777720,1.019117,20.739490,0.501145,0.393729,0.172077,-0.751147
0.9152,5263,Render,Middle_FingerTip,-17.759870,1.022969,20.761110,0.501145,0.393729,0.172077,-0.751147
0.9152,5263,Render,Ring_MCP,-17.840660,0.968855,20.708110,0.622251,0.211653,-0.084013,-0.748965
0.9152,5263,Render,Ring_PIP,-17.798950,0.986969,20.718000,0.586989,0.295698,0.020403,-0.753386
0.9152,5263,Render,Ring_DIP,-17.777240,0.995304,20.730370,0.545579,0.366520,0.114100,-0.744975
0.9152,5263,Render,Ring_FingerTip,-17.759040,1.001236,20.747670,0.545579,0.366520,0.114100,-0.744975
0.9152,5263,Render,Pinky_MCP,-17.839820,0.946529,20.706980,0.633512,0.219045,-0.078446,-0.737922
0.9152,5263,Render,Pinky_PIP,-17.804700,0.962015,20.715800,0.594726,0.309223,0.030173,-0.741466
0.9152,5263,Render,Pinky_DIP,-17.789900,0.967941,20.724860,0.548884,0.384766,0.127442,-0.731054
0.9152,5263,Render,Pinky_FingerTip,-17.777040,0.972464,20.738320,0.548884,0.384766,0.127442,-0.731054
0.9292,5264,Real,Wrist,-17.954700,0.938254,20.699080,0.615674,0.120913,-0.175019,-0.758745
0.9292,5264,Real,Thumb_CMC,-17.933750,0.979501,20.709080,-0.148614,0.283461,-0.339787,-0.884369
0.9292,5264,Real,Thumb_MCP,-17.907040,1.002192,20.735530,-0.183845,0.261988,-0.223194,-0.920733
0.9292,5264,Real,Thumb_IP,-17.869620,1.017620,20.763200,-0.239200,0.212649,-0.005322,-0.947384
0.9292,5264,Real,Thumb_FingerTip,-17.843700,1.015009,20.774760,-0.239200,0.212649,-0.005322,-0.947384
0.9292,5264,Real,Index_MCP,-17.867250,1.011762,20.707440,0.545893,0.231349,-0.013514,-0.805169
0.9292,5264,Real,Index_PIP,-17.825450,1.024609,20.724200,0.537044,0.251208,0.016016,-0.805123
0.9292,5264,Real,Index_DIP,-17.802780,1.030943,20.735140,0.528461,0.268793,0.042576,-0.804156
0.9292,5264,Real,Index_FingerTip,-17.779870,1.036743,20.747980,0.528461,0.268793,0.042576,-0.804156
0.9292,5264,Real,Middle_MCP,-17.856020,0.988125,20.699220,0.575709,0.249467,-0.009132,-0.778616
0.9292,5264,Real,Middle_PIP,-17.809790,1.004044,20.719180,0.521159,0.349382,0.131701,-0.767451
0.9292,5264,Real,Middle_DIP,-17.789800,1.008535,20.737850,0.457333,0.429559,0.254874,-0.735775
0.9292,5264,Real,Middle_FingerTip,-17.775620,1.009040,20.762330,0.457333,0.429559,0.254874,-0.735775
0.9292,5264,Real,Ring_MCP,-17.850030,0.964538,20.695750,0.593896,0.258193,-0.009348,-0.761930
0.9292,5264,Real,Ring_PIP,-17.809710,0.979472,20.713540,0.537435,0.361304,0.128547,-0.751066
0.9292,5264,Real,Ring_DIP,-17.791110,0.984616,20.731480,0.471412,0.444013,0.249159,-0.720100
0.9292,5264,Real,Ring_FingerTip,-17.778690,0.986158,20.754040,0.471412,0.444013,0.249159,-0.720100
0.9292,5264,Real,Pinky_MCP,-17.849460,0.942206,20.694560,0.605823,0.263849,-0.009575,-0.750514
0.9292,5264,Real,Pinky_PIP,-17.815580,0.955359,20.709690,0.548142,0.369022,0.126261,-0.739879
0.9292,5264,Real,Pinky_DIP,-17.802810,0.959353,20.722240,0.480719,0.453372,0.245081,-0.709435
0.9292,5264,Real,Pinky_FingerTip,-17.793830,0.961042,20.739090,0.480719,0.453372,0.245081,-0.709435
0.9292,5264,Virtual,Wrist,-17.950160,0.940743,20.702480,0.617049,0.132795,-0.168513,-0.757113
0.9292,5264,Virtual,Thumb_CMC,-17.929690,0.982077,20.713090,-0.145459,0.295244,-0.343733,-0.879501
0.9292,5264,Virtual,Thumb_MCP,-17.903820,1.004854,20.740290,-0.182232,0.274078,-0.227733,-0.916412
0.9292,5264,Virtual,Thumb_IP,-17.867240,1.020422,20.768990,-0.240413,0.224787,-0.010734,-0.944223
0.9292,5264,Virtual,Thumb_FingerTip,-17.841620,1.017919,20.781230,-0.240413,0.224787,-0.010734,-0.944223
0.9292,5264,Virtual,Index_MCP,-17.863340,1.014670,20.713300,0.544786,0.243538,-0.007988,-0.802393
0.9292,5264,Virtual,Index_PIP,-17.822070,1.027696,20.731200,0.535491,0.263349,0.021436,-0.802146
0.9292,5264,Virtual,Index_DIP,-17.799730,1.034124,20.742760,0.526509,0.280876,0.047895,-0.801002
0.9292,5264,Virtual,Index_FingerTip,-17.777210,1.040017,20.756220,0.526509,0.280876,0.047895,-0.801002
0.9292,5264,Virtual,Middle_MCP,-17.851770,0.991104,20.705350,0.574517,0.261369,-0.003125,-0.775634
0.9292,5264,Virtual,Middle_PIP,-17.806180,1.007218,20.726570,0.517836,0.360873,0.137071,-0.763432
0.9292,5264,Virtual,Middle_DIP,-17.786720,1.011777,20.745780,0.452184,0.440355,0.259518,-0.730936
0.9292,5264,Virtual,Middle_FingerTip,-17.773210,1.012311,20.770640,0.452184,0.440355,0.259518,-0.730936
0.9292,5264,Virtual,Ring_MCP,-17.845580,0.967552,20.702000,0.592697,0.269915,-0.003047,-0.758846
0.9292,5264,Virtual,Ring_PIP,-17.805830,0.982657,20.720890,0.534136,0.372616,0.134188,-0.746894
0.9292,5264,Virtual,Ring_DIP,-17.787740,0.987862,20.739340,0.466315,0.454637,0.254044,-0.715065
0.9292,5264,Virtual,Ring_FingerTip,-17.775940,0.989428,20.762230,0.466315,0.454637,0.254044,-0.715065
0.9292,5264,Virtual,Pinky_MCP,-17.844860,0.945226,20.700780,0.604621,0.275447,-0.003080,-0.747364
0.9292,5264,Virtual,Pinky_PIP,-17.811460,0.958521,20.716850,0.544864,0.380212,0.132079,-0.735607
0.9292,5264,Virtual,Pinky_DIP,-17.799060,0.962557,20.729760,0.475662,0.463878,0.250126,-0.704273
0.9292,5264,Virtual,Pinky_FingerTip,-17.790540,0.964262,20.746830,0.475662,0.463878,0.250126,-0.704273
0.9292,5264,Render,Wrist,-17.950160,0.940743,20.702480,0.617049,0.132795,-0.168513,-0.757113
0.9292,5264,Render,Thumb_CMC,-17.929690,0.982077,20.713090,-0.106359,0.310111,-0.338778,-0.881901
0.9292,5264,Render,Thumb_MCP,-17.904310,1.005418,20.740280,-0.138800,0.297011,-0.242871,-0.912980
0.9292,5264,Render,Thumb_IP,-17.869710,1.023119,20.770170,-0.197648,0.261565,-0.047278,-0.943549
0.9292,5264,Render,Thumb_FingerTip,-17.845240,1.022715,20.784770,-0.197648,0.261565,-0.047278,-0.943549
0.9292,5264,Render,Index_MCP,-17.863340,1.014670,20.713300,0.573158,0.166112,-0.118525,-0.793631
0.9292,5264,Render,Index_PIP,-17.820410,1.032397,20.719290,0.553548,0.222908,-0.038115,-0.801527
0.9292,5264,Render,Index_DIP,-17.797110,1.040388,20.727460,0.531093,0.272108,0.034607,-0.801686
0.9292,5264,Render,Index_FingerTip,-17.774250,1.046670,20.740190,0.531093,0.272108,0.034607,-0.801686
0.9292,5264,Render,Middle_MCP,-17.851770,0.991104,20.705350,0.597330,0.203912,-0.078987,-0.771607
0.9292,5264,Render,Middle_PIP,-17.804020,1.010404,20.716980,0.555086,0.300439,0.050473,-0.773996
0.9292,5264,Render,Middle_DIP,-17.781440,1.017484,20.731430,0.503797,0.380227,0.165887,-0.757693
0.9292,5264,Render,Middle_FingerTip,-17.762880,1.021212,20.752460,0.503797,0.380227,0.165887,-0.757693
0.9292,5264,Render,Ring_MCP,-17.845580,0.967552,20.702000,0.620351,0.198265,-0.092358,-0.753211
0.9292,5264,Render,Ring_PIP,-17.803500,0.985474,20.710570,0.586959,0.282176,0.012726,-0.758745
0.9292,5264,Render,Ring_DIP,-17.781360,0.993692,20.722240,0.547234,0.353100,0.107150,-0.751249
0.9292,5264,Render,Ring_FingerTip,-17.762580,0.999509,20.738960,0.547234,0.353100,0.107150,-0.751249
0.9292,5264,Render,Pinky_MCP,-17.844860,0.945226,20.700780,0.631729,0.205806,-0.086988,-0.742291
0.9292,5264,Render,Pinky_PIP,-17.809420,0.960548,20.708490,0.594895,0.295866,0.022360,-0.747036
0.9292,5264,Render,Pinky_DIP,-17.794300,0.966393,20.717090,0.550809,0.371547,0.120430,-0.737604
0.9292,5264,Render,Pinky_FingerTip,-17.780990,0.970831,20.730130,0.550809,0.371547,0.120430,-0.737604
0.9431,5265,Real,Wrist,-17.959770,0.936863,20.696350,0.615801,0.109211,-0.180092,-0.759230
0.9431,5265,Real,Thumb_CMC,-17.938300,0.978011,20.705640,-0.149389,0.272507,-0.336060,-0.889093
0.9431,5265,Real,Thumb_MCP,-17.910830,1.000676,20.731320,-0.183213,0.251017,-0.218856,-0.924946
0.9431,5265,Real,Thumb_IP,-17.872680,1.016017,20.758020,-0.236075,0.202103,-0.000065,-0.950486
0.9431,5265,Real,Thumb_FingerTip,-17.846510,1.013301,20.768970,-0.236075,0.202103,-0.000065,-0.950486
0.9431,5265,Real,Index_MCP,-17.871640,1.009799,20.702240,0.548513,0.219596,-0.018048,-0.806589
0.9431,5265,Real,Index_PIP,-17.829360,1.022443,20.717900,0.540008,0.239752,0.011824,-0.806704
0.9431,5265,Real,Index_DIP,-17.806400,1.028669,20.728270,0.531719,0.257612,0.038696,-0.805862
0.9431,5265,Real,Index_FingerTip,-17.783150,1.034361,20.740550,0.531719,0.257612,0.038696,-0.805862
0.9431,5265,Real,Middle_MCP,-17.860770,0.986045,20.693860,0.578369,0.237963,-0.014118,-0.780169
0.9431,5265,Real,Middle_PIP,-17.813970,1.001744,20.712610,0.525828,0.338589,0.127137,-0.769869
0.9431,5265,Real,Middle_DIP,-17.793500,1.006188,20.730770,0.463667,0.419702,0.250817,-0.738887
0.9431,5265,Real,Middle_FingerTip,-17.778730,1.006713,20.754900,0.463667,0.419702,0.250817,-0.738887
0.9431,5265,Real,Ring_MCP,-17.855040,0.962400,20.690370,0.596543,0.246823,-0.014630,-0.763545
0.9431,5265,Real,Ring_PIP,-17.814190,0.977143,20.707100,0.542066,0.350641,0.123704,-0.753600
0.9431,5265,Real,Ring_DIP,-17.795130,0.982246,20.724550,0.477687,0.434281,0.244844,-0.723372
0.9431,5265,Real,Ring_FingerTip,-17.782150,0.983811,20.746800,0.477687,0.434281,0.244844,-0.723372
0.9431,5265,Real,Pinky_MCP,-17.854640,0.940059,20.689270,0.608459,0.252572,-0.015051,-0.752170
0.9431,5265,Real,Pinky_PIP,-17.820310,0.953052,20.703510,0.552746,0.358450,0.121232,-0.742489
0.9431,5265,Real,Pinky_DIP,-17.807220,0.957019,20.715730,0.486952,0.443725,0.240594,-0.712812
0.9431,5265,Real,Pinky_FingerTip,-17.797820,0.958727,20.732340,0.486952,0.443725,0.240594,-0.712812
0.9431,5265,Virtual,Wrist,-17.955090,0.939357,20.699690,0.615674,0.120913,-0.175019,-0.758745
0.9431,5265,Virtual,Thumb_CMC,-17.934130,0.980604,20.709690,-0.148459,0.283499,-0.340234,-0.884212
0.9431,5265,Virtual,Thumb_MCP,-17.907450,1.003327,20.736140,-0.183706,0.262038,-0.223622,-0.920642
0.9431,5265,Virtual,Thumb_IP,-17.870050,1.018795,20.763820,-0.239091,0.212714,-0.005695,-0.947395
0.9431,5265,Virtual,Thumb_FingerTip,-17.844140,1.016204,20.775390,-0.239091,0.212714,-0.005695,-0.947395
0.9431,5265,Virtual,Index_MCP,-17.867630,1.012864,20.708060,0.545943,0.231229,-0.013690,-0.805166
0.9431,5265,Virtual,Index_PIP,-17.825830,1.025719,20.724790,0.537009,0.251281,0.016126,-0.805121
0.9431,5265,Virtual,Index_DIP,-17.803170,1.032050,20.735740,0.528338,0.269035,0.042944,-0.804137
0.9431,5265,Virtual,Index_FingerTip,-17.780260,1.037840,20.748600,0.528338,0.269035,0.042944,-0.804137
0.9431,5265,Virtual,Middle_MCP,-17.856400,0.989227,20.699830,0.575751,0.249369,-0.009265,-0.778614
0.9431,5265,Virtual,Middle_PIP,-17.810170,1.005152,20.719770,0.521191,0.349334,0.131630,-0.767463
0.9431,5265,Virtual,Middle_DIP,-17.790180,1.009646,20.738440,0.457343,0.429549,0.254858,-0.735781
0.9431,5265,Virtual,Middle_FingerTip,-17.776000,1.010151,20.762920,0.457343,0.429549,0.254858,-0.735781
0.9431,5265,Virtual,Ring_MCP,-17.850420,0.965640,20.696360,0.593940,0.258092,-0.009478,-0.761928
0.9431,5265,Virtual,Ring_PIP,-17.810090,0.980579,20.714140,0.537468,0.361254,0.128478,-0.751078
0.9431,5265,Virtual,Ring_DIP,-17.791490,0.985725,20.732070,0.471421,0.444002,0.249143,-0.720105
0.9431,5265,Virtual,Ring_FingerTip,-17.779070,0.987268,20.754630,0.471421,0.444002,0.249143,-0.720105
0.9431,5265,Virtual,Pinky_MCP,-17.849840,0.943308,20.695170,0.605868,0.263746,-0.009703,-0.750512
0.9431,5265,Virtual,Pinky_PIP,-17.815960,0.956465,20.710290,0.548176,0.368972,0.126193,-0.739891
0.9431,5265,Virtual,Pinky_DIP,-17.803190,0.960460,20.722840,0.480729,0.453362,0.245066,-0.709440
0.9431,5265,Virtual,Pinky_FingerTip,-17.794210,0.962149,20.739680,0.480729,0.453362,0.245066,-0.709440
0.9431,5265,Render,Wrist,-17.955090,0.939357,20.699690,0.615674,0.120913,-0.175019,-0.758745
0.9431,5265,Render,Thumb_CMC,-17.934130,0.980604,20.709690,-0.109412,0.298201,-0.335365,-0.886925
0.9431,5265,Render,Thumb_MCP,-17.907910,1.003860,20.736140,-0.140566,0.284844,-0.238942,-0.917612
0.9431,5265,Render,Thumb_IP,-17.872430,1.021434,20.765060,-0.196840,0.249297,-0.042470,-0.947260
0.9431,5265,Render,Thumb_FingerTip,-17.847580,1.020930,20.779000,-0.196840,0.249297,-0.042470,-0.947260
0.9431,5265,Render,Index_MCP,-17.867630,1.012864,20.708060,0.572573,0.153886,-0.124381,-0.795619
0.9431,5265,Render,Index_PIP,-17.824470,1.030384,20.712850,0.554196,0.210685,-0.043741,-0.804093
0.9431,5265,Render,Index_DIP,-17.800920,1.038272,20.720390,0.532845,0.259994,0.029237,-0.804751
0.9431,5265,Render,Index_FingerTip,-17.777700,1.044459,20.732480,0.532845,0.259994,0.029237,-0.804751
0.9431,5265,Render,Middle_MCP,-17.856400,0.989227,20.699830,0.597352,0.191951,-0.085258,-0.773988
0.9431,5265,Render,Middle_PIP,-17.808250,1.008306,20.710140,0.557097,0.288648,0.044686,-0.777386
0.9431,5265,Render,Middle_DIP,-17.785260,1.015295,20.723960,0.507552,0.368870,0.160673,-0.761912
0.9431,5265,Render,Middle_FingerTip,-17.766120,1.018963,20.744480,0.507552,0.368870,0.160673,-0.761912
0.9431,5265,Render,Ring_MCP,-17.850420,0.965640,20.696360,0.620161,0.186484,-0.098979,-0.755531
0.9431,5265,Render,Ring_PIP,-17.808030,0.983364,20.703760,0.588401,0.270481,0.006490,-0.761959
0.9431,5265,Render,Ring_DIP,-17.785540,0.991488,20.714820,0.550122,0.341676,0.101363,-0.755215
0.9431,5265,Render,Ring_FingerTip,-17.766300,0.997237,20.731010,0.550122,0.341676,0.101363,-0.755215
0.9431,5265,Render,Pinky_MCP,-17.849840,0.943308,20.695170,0.631621,0.194147,-0.093796,-0.744691
0.9431,5265,Render,Pinky_PIP,-17.814130,0.958465,20.701880,0.596491,0.284316,0.015975,-0.750405
0.9431,5265,Render,Pinky_DIP,-17.798760,0.964247,20.710060,0.553910,0.360308,0.114544,-0.741783
0.9431,5265,Render,Pinky_FingerTip,-17.785080,0.968639,20.722730,0.553910,0.360308,0.114544,-0.741783
0.9571,5266,Real,Wrist,-17.964780,0.935564,20.693460,0.615728,0.097658,-0.185680,-0.759516
0.9571,5266,Real,Thumb_CMC,-17.942860,0.976629,20.702000,-0.150443,0.261215,-0.332504,-0.893630
0.9571,5266,Real,Thumb_MCP,-17.914650,0.999273,20.726890,-0.182785,0.239699,-0.214824,-0.928970
0.9571,5266,Real,Thumb_IP,-17.875780,1.014546,20.752580,-0.233024,0.191223,0.004638,-0.953474
0.9571,5266,Real,Thumb_FingerTip,-17.849360,1.011754,20.762910,-0.233024,0.191223,0.004638,-0.953474
0.9571,5266,Real,Index_MCP,-17.876110,1.008006,20.696820,0.550871,0.208049,-0.022958,-0.807917
0.9571,5266,Real,Index_PIP,-17.833390,1.020478,20.711380,0.542791,0.228300,0.006967,-0.808213
0.9571,5266,Real,Index_DIP,-17.810140,1.026618,20.721160,0.534883,0.246258,0.033892,-0.807533
0.9571,5266,Real,Index_FingerTip,-17.786560,1.032232,20.732830,0.534883,0.246258,0.033892,-0.807533
0.9571,5266,Real,Middle_MCP,-17.865590,0.984149,20.688300,0.580761,0.226660,-0.019517,-0.781640
0.9571,5266,Real,Middle_PIP,-17.818250,0.999662,20.705820,0.530224,0.327905,0.122094,-0.772292
0.9571,5266,Real,Middle_DIP,-17.797320,1.004074,20.723450,0.469744,0.409877,0.246235,-0.742099
0.9571,5266,Real,Middle_FingerTip,-17.781960,1.004629,20.747210,0.469744,0.409877,0.246235,-0.742099
0.9571,5266,Real,Ring_MCP,-17.860080,0.960454,20.684780,0.598912,0.235669,-0.020321,-0.765083
0.9571,5266,Real,Ring_PIP,-17.818750,0.975037,20.700430,0.546413,0.340100,0.118385,-0.756142
0.9571,5266,Real,Ring_DIP,-17.799240,0.980112,20.717390,0.483694,0.424588,0.240010,-0.726747
0.9571,5266,Real,Ring_FingerTip,-17.785710,0.981709,20.739300,0.483694,0.424588,0.240010,-0.726747
0.9571,5266,Real,Pinky_MCP,-17.859840,0.938106,20.683790,0.610810,0.241521,-0.020936,-0.753751
0.9571,5266,Real,Pinky_PIP,-17.825100,0.950965,20.697120,0.557057,0.348007,0.115730,-0.745108
0.9571,5266,Real,Pinky_DIP,-17.811690,0.954914,20.708990,0.492907,0.434124,0.235593,-0.716292
0.9571,5266,Real,Pinky_FingerTip,-17.801880,0.956647,20.725360,0.492907,0.434124,0.235593,-0.716292
0.9571,5266,Virtual,Wrist,-17.960060,0.937610,20.696750,0.615801,0.109211,-0.180092,-0.759230
0.9571,5266,Virtual,Thumb_CMC,-17.938590,0.978758,20.706030,-0.149314,0.272525,-0.336283,-0.889016
0.9571,5266,Virtual,Thumb_MCP,-17.911140,1.001439,20.731720,-0.183121,0.251061,-0.219165,-0.924879
0.9571,5266,Virtual,Thumb_IP,-17.873000,1.016808,20.758420,-0.235964,0.202203,-0.000528,-0.950492
0.9571,5266,Virtual,Thumb_FingerTip,-17.846830,1.014117,20.769390,-0.235964,0.202203,-0.000528,-0.950492
0.9571,5266,Virtual,Index_MCP,-17.871930,1.010545,20.702640,0.548513,0.219596,-0.018048,-0.806589
0.9571,5266,Virtual,Index_PIP,-17.829650,1.023190,20.718300,0.540008,0.239752,0.011824,-0.806704
0.9571,5266,Virtual,Index_DIP,-17.806680,1.029416,20.728670,0.531719,0.257612,0.038696,-0.805862
0.9571,5266,Virtual,Index_FingerTip,-17.783430,1.035108,20.740950,0.531719,0.257612,0.038696,-0.805862
0.9571,5266,Virtual,Middle_MCP,-17.861060,0.986792,20.694270,0.578369,0.237963,-0.014118,-0.780169
0.9571,5266,Virtual,Middle_PIP,-17.814260,1.002490,20.713010,0.525828,0.338589,0.127137,-0.769869
0.9571,5266,Virtual,Middle_DIP,-17.793790,1.006934,20.731160,0.463667,0.419702,0.250817,-0.738887
0.9571,5266,Virtual,Middle_FingerTip,-17.779020,1.007460,20.755300,0.463667,0.419702,0.250817,-0.738887
0.9571,5266,Virtual,Ring_MCP,-17.855320,0.963147,20.690770,0.596543,0.246823,-0.014630,-0.763545
0.9571,5266,Virtual,Ring_PIP,-17.814480,0.977890,20.707490,0.542066,0.350641,0.123704,-0.753600
0.9571,5266,Virtual,Ring_DIP,-17.795420,0.982993,20.724950,0.477687,0.434281,0.244844,-0.723372
0.9571,5266,Virtual,Ring_FingerTip,-17.782440,0.984558,20.747190,0.477687,0.434281,0.244844,-0.723372
0.9571,5266,Virtual,Pinky_MCP,-17.854930,0.940806,20.689670,0.608459,0.252572,-0.015051,-0.752170
0.9571,5266,Virtual,Pinky_PIP,-17.820600,0.953799,20.703910,0.552745,0.358450,0.121232,-0.742488
0.9571,5266,Virtual,Pinky_DIP,-17.807510,0.957766,20.716130,0.486952,0.443725,0.240594,-0.712812
0.9571,5266,Virtual,Pinky_FingerTip,-17.798110,0.959474,20.732740,0.486952,0.443725,0.240594,-0.712812
0.9571,5266,Render,Wrist,-17.960060,0.937610,20.696750,0.615801,0.109211,-0.180092,-0.759230
0.9571,5266,Render,Thumb_CMC,-17.938590,0.978758,20.706030,-0.110229,0.287052,-0.331689,-0.891871
0.9571,5266,Render,Thumb_MCP,-17.911580,1.001959,20.731730,-0.140190,0.273671,-0.234760,-0.922138
0.9571,5266,Render,Thumb_IP,-17.875300,1.019425,20.759700,-0.194144,0.238448,-0.037436,-0.950815
0.9571,5266,Render,Thumb_FingerTip,-17.850120,1.018815,20.773040,-0.194144,0.238448,-0.037436,-0.950815
0.9571,5266,Render,Index_MCP,-17.871930,1.010545,20.702640,0.573517,0.142011,-0.128893,-0.796428
0.9571,5266,Render,Index_PIP,-17.828550,1.027788,20.706310,0.556329,0.198965,-0.048150,-0.805353
0.9571,5266,Render,Index_DIP,-17.804770,1.035547,20.713240,0.536031,0.248515,0.024961,-0.806404
0.9571,5266,Render,Index_FingerTip,-17.781220,1.041631,20.724740,0.536031,0.248515,0.024961,-0.806404
0.9571,5266,Render,Middle_MCP,-17.861060,0.986792,20.694270,0.598844,0.180343,-0.090240,-0.775061
0.9571,5266,Render,Middle_PIP,-17.812550,1.005584,20.703320,0.560499,0.277450,0.039951,-0.779273
0.9571,5266,Render,Middle_DIP,-17.789190,1.012480,20.716550,0.512594,0.358309,0.156275,-0.764487
0.9571,5266,Render,Middle_FingerTip,-17.769540,1.016113,20.736590,0.512594,0.358309,0.156275,-0.764487
0.9571,5266,Render,Ring_MCP,-17.855320,0.963147,20.690770,0.621421,0.174986,-0.104285,-0.756532
0.9571,5266,Render,Ring_PIP,-17.812650,0.980610,20.697060,0.591240,0.259269,0.001373,-0.763684
0.9571,5266,Render,Ring_DIP,-17.789850,0.988631,20.707530,0.554335,0.330904,0.096501,-0.757564
0.9571,5266,Render,Ring_FingerTip,-17.770180,0.994324,20.723230,0.554335,0.330904,0.096501,-0.757564
0.9571,5266,Render,Pinky_MCP,-17.854930,0.940806,20.689670,0.632942,0.182753,-0.099297,-0.745739
0.9571,5266,Render,Pinky_PIP,-17.818970,0.955746,20.695460,0.599463,0.273237,0.010687,-0.752245
0.9571,5266,Render,Pinky_DIP,-17.803360,0.961460,20.703230,0.558313,0.349715,0.109543,-0.744303
0.9571,5266,Render,Pinky_FingerTip,-17.789350,0.965818,20.715550,0.558313,0.349715,0.109543,-0.744303
0.9713,5267,Real,Wrist,-17.969570,0.934602,20.691000,0.617481,0.086718,-0.191221,-0.758045
0.9713,5267,Real,Thumb_CMC,-17.947270,0.975638,20.698650,-0.149241,0.249906,-0.329875,-0.898030
0.9713,5267,Real,Thumb_MCP,-17.918400,0.998379,20.722680,-0.180139,0.228639,-0.211651,-0.932994
0.9713,5267,Real,Thumb_IP,-17.878890,1.013704,20.747340,-0.227904,0.181068,0.008652,-0.956661
0.9713,5267,Real,Thumb_FingerTip,-17.852260,1.010880,20.757100,-0.227904,0.181068,0.008652,-0.956661
0.9713,5267,Real,Index_MCP,-17.880510,1.006633,20.691660,0.554960,0.197496,-0.028196,-0.807602
0.9713,5267,Real,Index_PIP,-17.837410,1.019031,20.705140,0.547268,0.217906,0.001721,-0.808092
0.9713,5267,Real,Index_DIP,-17.813920,1.025149,20.714330,0.539703,0.236019,0.028645,-0.807586
0.9713,5267,Real,Index_FingerTip,-17.790060,1.030758,20.725410,0.539703,0.236019,0.028645,-0.807586
0.9713,5267,Real,Middle_MCP,-17.870300,0.982643,20.683140,0.584770,0.216440,-0.025118,-0.781388
0.9713,5267,Real,Middle_PIP,-17.822500,0.998083,20.699460,0.535984,0.318629,0.116613,-0.773045
0.9713,5267,Real,Middle_DIP,-17.801170,1.002553,20.716570,0.476903,0.401704,0.241014,-0.743714
0.9713,5267,Real,Middle_FingerTip,-17.785280,1.003251,20.739990,0.476903,0.401704,0.241014,-0.743714
0.9713,5267,Real,Ring_MCP,-17.864970,0.958889,20.679730,0.602888,0.225492,-0.026336,-0.764844
0.9713,5267,Real,Ring_PIP,-17.823240,0.973416,20.694310,0.552164,0.330810,0.112426,-0.756994
0.9713,5267,Real,Ring_DIP,-17.803320,0.978556,20.710770,0.490882,0.416360,0.234270,-0.728559
0.9713,5267,Real,Ring_FingerTip,-17.789300,0.980295,20.732360,0.490882,0.416360,0.234270,-0.728559
0.9713,5267,Real,Pinky_MCP,-17.864870,0.936532,20.678950,0.614738,0.231439,-0.027140,-0.753523
0.9713,5267,Real,Pinky_PIP,-17.829770,0.949346,20.691370,0.562743,0.338802,0.109587,-0.746006
0.9713,5267,Real,Pinky_DIP,-17.816080,0.953341,20.702900,0.500017,0.425969,0.229678,-0.718179
0.9713,5267,Real,Pinky_FingerTip,-17.805890,0.955182,20.719030,0.500017,0.425969,0.229678,-0.718179
0.9713,5267,Virtual,Wrist,-17.964790,0.935563,20.693460,0.615729,0.097657,-0.185680,-0.759516
0.9713,5267,Virtual,Thumb_CMC,-17.942860,0.976628,20.702010,-0.150442,0.261215,-0.332504,-0.893630
0.9713,5267,Virtual,Thumb_MCP,-17.914650,0.999272,20.726900,-0.182785,0.239699,-0.214824,-0.928970
0.9713,5267,Virtual,Thumb_IP,-17.875780,1.014545,20.752580,-0.233024,0.191223,0.004639,-0.953474
0.9713,5267,Virtual,Thumb_FingerTip,-17.849370,1.011753,20.762920,-0.233024,0.191223,0.004639,-0.953474
0.9713,5267,Virtual,Index_MCP,-17.876120,1.008006,20.696820,0.550871,0.208049,-0.022958,-0.807917
0.9713,5267,Virtual,Index_PIP,-17.833400,1.020477,20.711380,0.542791,0.228299,0.006967,-0.808213
0.9713,5267,Virtual,Index_DIP,-17.810150,1.026617,20.721150,0.534883,0.246258,0.033892,-0.807533
0.9713,5267,Virtual,Index_FingerTip,-17.786570,1.032232,20.732830,0.534883,0.246258,0.033892,-0.807533
0.9713,5267,Virtual,Middle_MCP,-17.865590,0.984148,20.688300,0.580725,0.226753,-0.019391,-0.781643
0.9713,5267,Virtual,Middle_PIP,-17.818260,0.999656,20.705840,0.530140,0.328041,0.122292,-0.772261
0.9713,5267,Virtual,Middle_DIP,-17.797340,1.004061,20.723470,0.469604,0.410037,0.246489,-0.742014
0.9713,5267,Virtual,Middle_FingerTip,-17.781990,1.004608,20.747250,0.469604,0.410037,0.246489,-0.742014
0.9713,5267,Virtual,Ring_MCP,-17.860080,0.960453,20.684790,0.598912,0.235669,-0.020321,-0.765083
0.9713,5267,Virtual,Ring_PIP,-17.818760,0.975036,20.700430,0.546413,0.340100,0.118385,-0.756142
0.9713,5267,Virtual,Ring_DIP,-17.799240,0.980111,20.717390,0.483695,0.424588,0.240010,-0.726746
0.9713,5267,Virtual,Ring_FingerTip,-17.785720,0.981708,20.739310,0.483695,0.424588,0.240010,-0.726746
0.9713,5267,Virtual,Pinky_MCP,-17.859850,0.938106,20.683790,0.610810,0.241521,-0.020936,-0.753751
0.9713,5267,Virtual,Pinky_PIP,-17.825100,0.950965,20.697120,0.557057,0.348007,0.115730,-0.745108
0.9713,5267,Virtual,Pinky_DIP,-17.811700,0.954914,20.709000,0.492907,0.434124,0.235593,-0.716292
0.9713,5267,Virtual,Pinky_FingerTip,-17.801880,0.956647,20.725360,0.492907,0.434124,0.235593,-0.716292
0.9713,5267,Render,Wrist,-17.964790,0.935563,20.693460,0.615729,0.097657,-0.185680,-0.759516
0.9713,5267,Render,Thumb_CMC,-17.942860,0.976628,20.702010,-0.111255,0.275603,-0.328416,-0.896554
0.9713,5267,Render,Thumb_MCP,-17.915090,0.999794,20.726920,-0.139990,0.262178,-0.231007,-0.926446
0.9713,5267,Render,Thumb_IP,-17.878040,1.017181,20.753910,-0.191553,0.227248,-0.032868,-0.954246
0.9713,5267,Render,Thumb_FingerTip,-17.852540,1.016488,20.766620,-0.191553,0.227248,-0.032868,-0.954246
0.9713,5267,Render,Index_MCP,-17.876120,1.008006,20.696820,0.574263,0.130248,-0.133939,-0.797068
0.9713,5267,Render,Index_PIP,-17.832560,1.025010,20.699340,0.558254,0.187337,-0.053106,-0.806497
0.9713,5267,Render,Index_DIP,-17.808570,1.032662,20.705640,0.539001,0.237109,0.020129,-0.807993
0.9713,5267,Render,Index_FingerTip,-17.784720,1.038663,20.716540,0.539001,0.237109,0.020129,-0.807993
0.9713,5267,Render,Middle_MCP,-17.865590,0.984148,20.688300,0.600121,0.168861,-0.095757,-0.775998
0.9713,5267,Render,Middle_PIP,-17.816770,1.002698,20.696080,0.563668,0.266340,0.034668,-0.781115
0.9713,5267,Render,Middle_DIP,-17.793050,1.009520,20.708690,0.517392,0.347799,0.151327,-0.767100
0.9713,5267,Render,Middle_FingerTip,-17.772890,1.013134,20.728220,0.517392,0.347799,0.151327,-0.767100
0.9713,5267,Render,Ring_MCP,-17.860080,0.960453,20.684790,0.622463,0.163631,-0.110117,-0.757390
0.9713,5267,Render,Ring_PIP,-17.817170,0.977695,20.689940,0.593842,0.248167,-0.004285,-0.765341
0.9713,5267,Render,Ring_DIP,-17.794070,0.985632,20.699810,0.558300,0.320213,0.091093,-0.759913
0.9713,5267,Render,Ring_FingerTip,-17.773990,0.991285,20.714990,0.558300,0.320213,0.091093,-0.759913
0.9713,5267,Render,Pinky_MCP,-17.859850,0.938106,20.683790,0.634040,0.171508,-0.105322,-0.746650
0.9713,5267,Render,Pinky_PIP,-17.823670,0.952861,20.688620,0.602191,0.262273,0.004859,-0.754026
0.9713,5267,Render,Pinky_DIP,-17.807840,0.958521,20.695980,0.562460,0.339206,0.104001,-0.746835
0.9713,5267,Render,Pinky_FingerTip,-17.793510,0.962855,20.707930,0.562460,0.339206,0.104001,-0.746835
0.9847,5268,Real,Wrist,-17.974010,0.933840,20.688410,0.618636,0.075306,-0.197794,-0.756635
0.9847,5268,Real,Thumb_CMC,-17.951380,0.974855,20.695140,-0.148794,0.237578,-0.327422,-0.902337
0.9847,5268,Real,Thumb_MCP,-17.921830,0.997697,20.718250,-0.178111,0.216471,-0.208664,-0.936951
0.9847,5268,Real,Thumb_IP,-17.881670,1.013088,20.741780,-0.223131,0.169692,0.012469,-0.959824
0.9847,5268,Real,Thumb_FingerTip,-17.854820,1.010247,20.750910,-0.223131,0.169692,0.012469,-0.959824
0.9847,5268,Real,Index_MCP,-17.884700,1.005526,20.686230,0.558569,0.186313,-0.034414,-0.807530
0.9847,5268,Real,Index_PIP,-17.841230,1.017875,20.698520,0.551289,0.206864,-0.004495,-0.808250
0.9847,5268,Real,Index_DIP,-17.817500,1.023984,20.707070,0.544090,0.225118,0.022438,-0.807951
0.9847,5268,Real,Index_FingerTip,-17.793350,1.029598,20.717510,0.544090,0.225118,0.022438,-0.807951
0.9847,5268,Real,Middle_MCP,-17.874780,0.981421,20.677680,0.588333,0.205537,-0.031840,-0.781412
0.9847,5268,Real,Middle_PIP,-17.826550,0.996819,20.692660,0.541459,0.308550,0.110007,-0.774285
0.9847,5268,Real,Middle_DIP,-17.804780,1.001359,20.709200,0.483949,0.392651,0.234698,-0.746013
0.9847,5268,Real,Middle_FingerTip,-17.788320,1.002205,20.732210,0.483949,0.392651,0.234698,-0.746013
0.9847,5268,Real,Ring_MCP,-17.869640,0.957616,20.674350,0.606377,0.214753,-0.033354,-0.764903
0.9847,5268,Real,Ring_PIP,-17.827500,0.972110,20.687750,0.557537,0.320879,0.105534,-0.758322
0.9847,5268,Real,Ring_DIP,-17.807170,0.977320,20.703670,0.497802,0.407437,0.227687,-0.730991
0.9847,5268,Real,Ring_FingerTip,-17.792610,0.979197,20.724890,0.497802,0.407437,0.227687,-0.730991
0.9847,5268,Real,Pinky_MCP,-17.869630,0.935253,20.673760,0.618176,0.220814,-0.034353,-0.753605
0.9847,5268,Real,Pinky_PIP,-17.834190,0.948040,20.685190,0.568046,0.328974,0.102508,-0.747390
0.9847,5268,Real,Pinky_DIP,-17.820200,0.952085,20.696350,0.506851,0.417136,0.222920,-0.720699
0.9847,5268,Real,Pinky_FingerTip,-17.809620,0.954031,20.712200,0.506851,0.417136,0.222920,-0.720699
0.9847,5268,Virtual,Wrist,-17.969580,0.934603,20.691000,0.617481,0.086719,-0.191221,-0.758045
0.9847,5268,Virtual,Thumb_CMC,-17.947270,0.975638,20.698650,-0.149241,0.249906,-0.329875,-0.898030
0.9847,5268,Virtual,Thumb_MCP,-17.918400,0.998379,20.722690,-0.180139,0.228639,-0.211651,-0.932994
0.9847,5268,Virtual,Thumb_IP,-17.878890,1.013704,20.747350,-0.227904,0.181068,0.008652,-0.956661
0.9847,5268,Virtual,Thumb_FingerTip,-17.852260,1.010880,20.757100,-0.227904,0.181068,0.008652,-0.956661
0.9847,5268,Virtual,Index_MCP,-17.880510,1.006634,20.691670,0.554960,0.197496,-0.028196,-0.807602
0.9847,5268,Virtual,Index_PIP,-17.837420,1.019031,20.705140,0.547268,0.217906,0.001721,-0.808092
0.9847,5268,Virtual,Index_DIP,-17.813920,1.025150,20.714330,0.539703,0.236019,0.028645,-0.807586
0.9847,5268,Virtual,Index_FingerTip,-17.790060,1.030759,20.725420,0.539703,0.236019,0.028645,-0.807586
0.9847,5268,Virtual,Middle_MCP,-17.870300,0.982644,20.683150,0.584770,0.216440,-0.025118,-0.781388
0.9847,5268,Virtual,Middle_PIP,-17.822500,0.998084,20.699460,0.535983,0.318629,0.116613,-0.773045
0.9847,5268,Virtual,Middle_DIP,-17.801170,1.002554,20.716580,0.476903,0.401704,0.241014,-0.743714
0.9847,5268,Virtual,Middle_FingerTip,-17.785290,1.003252,20.739990,0.476903,0.401704,0.241014,-0.743714
0.9847,5268,Virtual,Ring_MCP,-17.864980,0.958889,20.679730,0.602888,0.225492,-0.026336,-0.764844
0.9847,5268,Virtual,Ring_PIP,-17.823240,0.973416,20.694310,0.552164,0.330810,0.112426,-0.756995
0.9847,5268,Virtual,Ring_DIP,-17.803330,0.978556,20.710770,0.490882,0.416360,0.234270,-0.728559
0.9847,5268,Virtual,Ring_FingerTip,-17.789310,0.980296,20.732360,0.490882,0.416360,0.234270,-0.728559
0.9847,5268,Virtual,Pinky_MCP,-17.864870,0.936532,20.678950,0.614738,0.231439,-0.027140,-0.753523
0.9847,5268,Virtual,Pinky_PIP,-17.829780,0.949346,20.691370,0.562743,0.338802,0.109587,-0.746006
0.9847,5268,Virtual,Pinky_DIP,-17.816080,0.953342,20.702910,0.500017,0.425969,0.229678,-0.718179
0.9847,5268,Virtual,Pinky_FingerTip,-17.805900,0.955183,20.719030,0.500017,0.425969,0.229678,-0.718179
0.9847,5268,Render,Wrist,-17.969580,0.934603,20.691000,0.617481,0.086719,-0.191221,-0.758045
0.9847,5268,Render,Thumb_CMC,-17.947270,0.975638,20.698650,-0.109961,0.264184,-0.326290,-0.900916
0.9847,5268,Render,Thumb_MCP,-17.918840,0.998903,20.722710,-0.137487,0.250962,-0.228428,-0.930557
0.9847,5268,Render,Thumb_IP,-17.881100,1.016364,20.748690,-0.186768,0.216801,-0.029489,-0.957730
0.9847,5268,Render,Thumb_FingerTip,-17.855330,1.015666,20.760840,-0.186768,0.216801,-0.029489,-0.957730
0.9847,5268,Render,Index_MCP,-17.880510,1.006634,20.691670,0.576861,0.119234,-0.139084,-0.796035
0.9847,5268,Render,Index_PIP,-17.836830,1.023445,20.693040,0.561946,0.176639,-0.058328,-0.805986
0.9847,5268,Render,Index_DIP,-17.812670,1.031038,20.698740,0.543646,0.226790,0.014882,-0.807957
0.9847,5268,Render,Index_FingerTip,-17.788550,1.037025,20.709030,0.543646,0.226790,0.014882,-0.807957
0.9847,5268,Render,Middle_MCP,-17.870300,0.982644,20.683150,0.603138,0.158201,-0.101432,-0.775183
0.9847,5268,Render,Middle_PIP,-17.821220,1.001025,20.689640,0.568416,0.256331,0.028936,-0.781256
0.9847,5268,Render,Middle_DIP,-17.797190,1.007849,20.701650,0.523587,0.338614,0.145682,-0.768098
0.9847,5268,Render,Middle_FingerTip,-17.776580,1.011551,20.720690,0.523587,0.338614,0.145682,-0.768098
0.9847,5268,Render,Ring_MCP,-17.864980,0.958889,20.679730,0.625215,0.153058,-0.116063,-0.756446
0.9847,5268,Render,Ring_PIP,-17.821880,0.975967,20.683760,0.598030,0.238076,-0.010303,-0.765228
0.9847,5268,Render,Ring_DIP,-17.798530,0.983883,20.693030,0.563712,0.310723,0.085107,-0.760550
0.9847,5268,Render,Ring_FingerTip,-17.778080,0.989582,20.707700,0.563712,0.310723,0.085107,-0.760550
0.9847,5268,Render,Pinky_MCP,-17.864870,0.936532,20.678950,0.636812,0.161050,-0.111462,-0.745728
0.9847,5268,Render,Pinky_PIP,-17.828520,0.951153,20.682820,0.606461,0.252332,-0.001349,-0.754010
0.9847,5268,Render,Pinky_DIP,-17.812510,0.956805,20.689770,0.568000,0.329913,0.097844,-0.747636
0.9847,5268,Render,Pinky_FingerTip,-17.797890,0.961183,20.701350,0.568000,0.329913,0.097844,-0.747636
0.9992,5269,Real,Wrist,-17.978210,0.933059,20.685810,0.618940,0.063979,-0.204196,-0.755728
0.9992,5269,Real,Thumb_CMC,-17.955250,0.974027,20.691680,-0.148775,0.224964,-0.324571,-0.906593
0.9992,5269,Real,Thumb_MCP,-17.925030,0.996930,20.713830,-0.176470,0.203964,-0.205290,-0.940805
0.9992,5269,Real,Thumb_IP,-17.884220,1.012339,20.736210,-0.218657,0.157898,0.016639,-0.962799
0.9992,5269,Real,Thumb_FingerTip,-17.857150,1.009458,20.744660,-0.218657,0.157898,0.016639,-0.962799
0.9992,5269,Real,Index_MCP,-17.888690,1.004361,20.680900,0.561306,0.175040,-0.040373,-0.807878
0.9992,5269,Real,Index_PIP,-17.844890,1.016618,20.692030,0.554441,0.195700,-0.010437,-0.808819
0.9992,5269,Real,Index_DIP,-17.820920,1.022689,20.699940,0.547613,0.214065,0.016518,-0.808718
0.9992,5269,Real,Index_FingerTip,-17.796510,1.028277,20.709740,0.547613,0.214065,0.016518,-0.808718
0.9992,5269,Real,Middle_MCP,-17.879090,0.980157,20.672280,0.591015,0.194630,-0.038163,-0.781898
0.9992,5269,Real,Middle_PIP,-17.830440,0.995457,20.685970,0.546041,0.298360,0.103950,-0.775896
0.9992,5269,Real,Middle_DIP,-17.808260,1.000017,20.701950,0.490096,0.383387,0.229049,-0.748570
0.9992,5269,Real,Middle_FingerTip,-17.791240,1.000948,20.724550,0.490096,0.383387,0.229049,-0.748570
0.9992,5269,Real,Ring_MCP,-17.874120,0.956308,20.668990,0.608997,0.204013,-0.039967,-0.765444
0.9992,5269,Real,Ring_PIP,-17.831610,0.970719,20.681260,0.562027,0.310844,0.099202,-0.760040
0.9992,5269,Real,Ring_DIP,-17.810880,0.975951,20.696650,0.503831,0.398312,0.221783,-0.733699
0.9992,5269,Real,Ring_FingerTip,-17.795800,0.977910,20.717490,0.503831,0.398312,0.221783,-0.733699
0.9992,5269,Real,Pinky_MCP,-17.874220,0.933942,20.668560,0.620754,0.210188,-0.041158,-0.754183
0.9992,5269,Real,Pinky_PIP,-17.838460,0.946660,20.679040,0.572473,0.319045,0.095993,-0.749180
0.9992,5269,Real,Pinky_DIP,-17.824190,0.950723,20.689820,0.512801,0.408106,0.216846,-0.723508
0.9992,5269,Real,Pinky_FingerTip,-17.813210,0.952730,20.705400,0.512801,0.408106,0.216846,-0.723508
0.9992,5269,Virtual,Wrist,-17.974020,0.933840,20.688420,0.618636,0.075306,-0.197794,-0.756635
0.9992,5269,Virtual,Thumb_CMC,-17.951380,0.974855,20.695140,-0.148374,0.237031,-0.327418,-0.902552
0.9992,5269,Virtual,Thumb_MCP,-17.921820,0.997718,20.718190,-0.177624,0.215982,-0.208632,-0.937163
0.9992,5269,Virtual,Thumb_IP,-17.881630,1.013129,20.741680,-0.222545,0.169329,0.012549,-0.960023
0.9992,5269,Virtual,Thumb_FingerTip,-17.854770,1.010295,20.750790,-0.222545,0.169329,0.012549,-0.960023
0.9992,5269,Virtual,Index_MCP,-17.884700,1.005525,20.686230,0.558569,0.186313,-0.034414,-0.807530
0.9992,5269,Virtual,Index_PIP,-17.841230,1.017875,20.698520,0.551289,0.206864,-0.004495,-0.808250
0.9992,5269,Virtual,Index_DIP,-17.817500,1.023984,20.707070,0.544090,0.225118,0.022438,-0.807951
0.9992,5269,Virtual,Index_FingerTip,-17.793350,1.029598,20.717510,0.544090,0.225118,0.022438,-0.807951
0.9992,5269,Virtual,Middle_MCP,-17.874780,0.981421,20.677670,0.588300,0.205632,-0.031714,-0.781417
0.9992,5269,Virtual,Middle_PIP,-17.826550,0.996814,20.692670,0.541380,0.308689,0.110205,-0.774257
0.9992,5269,Virtual,Middle_DIP,-17.804790,1.001348,20.709230,0.483814,0.392817,0.234953,-0.745933
0.9992,5269,Virtual,Middle_FingerTip,-17.788350,1.002186,20.732250,0.483814,0.392817,0.234953,-0.745933
0.9992,5269,Virtual,Ring_MCP,-17.869640,0.957616,20.674350,0.606342,0.214852,-0.033229,-0.764908
0.9992,5269,Virtual,Ring_PIP,-17.827510,0.972106,20.687770,0.557454,0.321024,0.105731,-0.758294
0.9992,5269,Virtual,Ring_DIP,-17.807180,0.977311,20.703700,0.497660,0.407610,0.227940,-0.730912
0.9992,5269,Virtual,Ring_FingerTip,-17.792630,0.979181,20.724920,0.497660,0.407610,0.227940,-0.730912
0.9992,5269,Virtual,Pinky_MCP,-17.869640,0.935252,20.673760,0.618140,0.220914,-0.034230,-0.753610
0.9992,5269,Virtual,Pinky_PIP,-17.834200,0.948037,20.685210,0.567961,0.329121,0.102702,-0.747363
0.9992,5269,Virtual,Pinky_DIP,-17.820210,0.952079,20.696370,0.506706,0.417312,0.223169,-0.720622
0.9992,5269,Virtual,Pinky_FingerTip,-17.809640,0.954019,20.712230,0.506706,0.417312,0.223169,-0.720622
0.9992,5269,Render,Wrist,-17.974020,0.933840,20.688420,0.618636,0.075306,-0.197794,-0.756635
0.9992,5269,Render,Thumb_CMC,-17.951380,0.974855,20.695140,-0.109433,0.251761,-0.324383,-0.905217
0.9992,5269,Render,Thumb_MCP,-17.922280,0.998223,20.718270,-0.135638,0.238666,-0.226073,-0.934629
0.9992,5269,Render,Thumb_IP,-17.883840,1.015768,20.743160,-0.182397,0.205159,-0.026337,-0.961222
0.9992,5269,Render,Thumb_FingerTip,-17.857780,1.015078,20.754670,-0.182397,0.205159,-0.026337,-0.961222
0.9992,5269,Render,Index_MCP,-17.884700,1.005525,20.686230,0.578897,0.107660,-0.145232,-0.795108
0.9992,5269,Render,Index_PIP,-17.840930,1.022178,20.686370,0.565136,0.165330,-0.064539,-0.805682
0.9992,5269,Render,Index_DIP,-17.816610,1.029727,20.691390,0.547847,0.215815,0.008669,-0.808216
0.9992,5269,Render,Index_FingerTip,-17.792220,1.035711,20.701030,0.547847,0.215815,0.008669,-0.808216
0.9992,5269,Render,Middle_MCP,-17.874780,0.981421,20.677670,0.605617,0.147002,-0.108123,-0.774550
0.9992,5269,Render,Middle_PIP,-17.825500,0.999668,20.682790,0.572724,0.245700,0.022233,-0.781745
0.9992,5269,Render,Middle_DIP,-17.801150,1.006505,20.694140,0.529439,0.328749,0.139127,-0.769586
0.9992,5269,Render,Middle_FingerTip,-17.780070,1.010296,20.712630,0.529439,0.328749,0.139127,-0.769586
0.9992,5269,Render,Ring_MCP,-17.869640,0.957616,20.674350,0.627417,0.141983,-0.123038,-0.755679
0.9992,5269,Render,Ring_PIP,-17.826390,0.974560,20.677150,0.601743,0.227412,-0.017318,-0.765434
0.9992,5269,Render,Ring_DIP,-17.802790,0.982469,20.685770,0.568725,0.300605,0.078173,-0.761629
0.9992,5269,Render,Ring_FingerTip,-17.781970,0.988218,20.699880,0.568725,0.300605,0.078173,-0.761629
0.9992,5269,Render,Pinky_MCP,-17.869640,0.935252,20.673760,0.639037,0.150106,-0.118637,-0.745000
0.9992,5269,Render,Pinky_PIP,-17.833150,0.949766,20.676600,0.610261,0.241830,-0.008554,-0.754339
0.9992,5269,Render,Pinky_DIP,-17.816950,0.955417,20.683100,0.573148,0.320002,0.090745,-0.748909
0.9992,5269,Render,Pinky_FingerTip,-17.802030,0.959841,20.694280,0.573148,0.320002,0.090745,-0.748909
1.0168,5270,Real,Wrist,-17.982520,0.932116,20.682990,0.618452,0.052725,-0.210586,-0.755242
1.0168,5270,Real,Thumb_CMC,-17.959250,0.973020,20.688060,-0.149985,0.213028,-0.321456,-0.910379
1.0168,5270,Real,Thumb_MCP,-17.928400,0.995914,20.709330,-0.176135,0.191971,-0.201713,-0.944159
1.0168,5270,Real,Thumb_IP,-17.886970,1.011274,20.730590,-0.215572,0.146305,0.020892,-0.965240
1.0168,5270,Real,Thumb_FingerTip,-17.859720,1.008327,20.738380,-0.215572,0.146305,0.020892,-0.965240
1.0168,5270,Real,Index_MCP,-17.892870,1.003026,20.675460,0.563236,0.163671,-0.046244,-0.808603
1.0168,5270,Real,Index_PIP,-17.848750,1.015162,20.685420,0.556791,0.184410,-0.016277,-0.809761
1.0168,5270,Real,Index_DIP,-17.824570,1.021176,20.692700,0.550337,0.202860,0.010713,-0.809853
1.0168,5270,Real,Index_FingerTip,-17.799890,1.026716,20.701850,0.550337,0.202860,0.010713,-0.809853
1.0168,5270,Real,Middle_MCP,-17.883580,0.978737,20.666730,0.592941,0.183532,-0.044510,-0.782787
1.0168,5270,Real,Middle_PIP,-17.834540,0.993910,20.679110,0.549944,0.287794,0.097869,-0.777920
1.0168,5270,Real,Middle_DIP,-17.811950,0.998464,20.694510,0.495669,0.373598,0.223379,-0.751558
1.0168,5270,Real,Middle_FingerTip,-17.794370,0.999443,20.716670,0.495669,0.373598,0.223379,-0.751558
1.0168,5270,Real,Ring_MCP,-17.878790,0.954852,20.663440,0.610874,0.193079,-0.046597,-0.766409
1.0168,5270,Real,Ring_PIP,-17.835930,0.969153,20.674570,0.565852,0.300430,0.092856,-0.762189
1.0168,5270,Real,Ring_DIP,-17.814790,0.974381,20.689400,0.509303,0.388661,0.215872,-0.736853
1.0168,5270,Real,Ring_FingerTip,-17.799190,0.976387,20.709850,0.509303,0.388661,0.215872,-0.736853
1.0168,5270,Real,Pinky_MCP,-17.878990,0.932484,20.663140,0.622598,0.199368,-0.047974,-0.755197
1.0168,5270,Real,Pinky_PIP,-17.842930,0.945111,20.672640,0.576245,0.308737,0.089472,-0.751411
1.0168,5270,Real,Pinky_DIP,-17.828370,0.949172,20.683050,0.518203,0.398551,0.210777,-0.726772
1.0168,5270,Real,Pinky_FingerTip,-17.817000,0.951216,20.698330,0.518203,0.398551,0.210777,-0.726772
1.0168,5270,Virtual,Wrist,-17.982520,0.932115,20.682990,0.618452,0.052725,-0.210586,-0.755242
1.0168,5270,Virtual,Thumb_CMC,-17.959260,0.973018,20.688070,-0.149985,0.213028,-0.321455,-0.910379
1.0168,5270,Virtual,Thumb_MCP,-17.928410,0.995913,20.709340,-0.176135,0.191971,-0.201713,-0.944159
1.0168,5270,Virtual,Thumb_IP,-17.886980,1.011273,20.730590,-0.215572,0.146305,0.020892,-0.965240
1.0168,5270,Virtual,Thumb_FingerTip,-17.859730,1.008326,20.738390,-0.215572,0.146305,0.020892,-0.965240
1.0168,5270,Virtual,Index_MCP,-17.892880,1.003024,20.675460,0.563236,0.163671,-0.046244,-0.808603
1.0168,5270,Virtual,Index_PIP,-17.848750,1.015160,20.685420,0.556791,0.184410,-0.016277,-0.809761
1.0168,5270,Virtual,Index_DIP,-17.824580,1.021175,20.692700,0.550337,0.202860,0.010713,-0.809853
1.0168,5270,Virtual,Index_FingerTip,-17.799900,1.026714,20.701850,0.550337,0.202860,0.010713,-0.809853
1.0168,5270,Virtual,Middle_MCP,-17.883590,0.978736,20.666730,0.592941,0.183532,-0.044510,-0.782787
1.0168,5270,Virtual,Middle_PIP,-17.834550,0.993909,20.679120,0.549944,0.287793,0.097869,-0.777920
1.0168,5270,Virtual,Middle_DIP,-17.811950,0.998462,20.694510,0.495669,0.373597,0.223379,-0.751558
1.0168,5270,Virtual,Middle_FingerTip,-17.794380,0.999442,20.716670,0.495669,0.373597,0.223379,-0.751558
1.0168,5270,Virtual,Ring_MCP,-17.878800,0.954851,20.663450,0.610874,0.193079,-0.046597,-0.766409
1.0168,5270,Virtual,Ring_PIP,-17.835940,0.969152,20.674570,0.565852,0.300430,0.092856,-0.762189
1.0168,5270,Virtual,Ring_DIP,-17.814800,0.974380,20.689400,0.509303,0.388661,0.215872,-0.736854
1.0168,5270,Virtual,Ring_FingerTip,-17.799200,0.976386,20.709850,0.509303,0.388661,0.215872,-0.736854
1.0168,5270,Virtual,Pinky_MCP,-17.878990,0.932483,20.663140,0.622598,0.199368,-0.047974,-0.755197
1.0168,5270,Virtual,Pinky_PIP,-17.842930,0.945110,20.672650,0.576245,0.308737,0.089473,-0.751411
1.0168,5270,Virtual,Pinky_DIP,-17.828380,0.949171,20.683050,0.518202,0.398550,0.210777,-0.726772
1.0168,5270,Virtual,Pinky_FingerTip,-17.817010,0.951215,20.698330,0.518202,0.398550,0.210777,-0.726772
1.0168,5270,Render,Wrist,-17.978210,0.933060,20.685820,0.618940,0.063979,-0.204196,-0.755728
1.0168,5270,Render,Thumb_CMC,-17.955250,0.974027,20.691690,-0.109782,0.238888,-0.322204,-0.909431
1.0168,5270,Render,Thumb_MCP,-17.925470,0.997458,20.713880,-0.134614,0.225829,-0.223458,-0.938588
1.0168,5270,Render,Thumb_IP,-17.886340,1.015043,20.737620,-0.178720,0.192818,-0.022954,-0.964549
1.0168,5270,Render,Thumb_FingerTip,-17.859990,1.014341,20.748450,-0.178720,0.192818,-0.022954,-0.964549
1.0168,5270,Render,Index_MCP,-17.888700,1.004362,20.680910,0.580056,0.096117,-0.151183,-0.794632
1.0168,5270,Render,Index_PIP,-17.844880,1.020835,20.679850,0.567450,0.153962,-0.070507,-0.805808
1.0168,5270,Render,Index_DIP,-17.820410,1.028319,20.684220,0.551181,0.204703,0.002736,-0.808882
1.0168,5270,Render,Index_FingerTip,-17.795760,1.034271,20.693210,0.551181,0.204703,0.002736,-0.808882
1.0168,5270,Render,Middle_MCP,-17.879100,0.980157,20.672290,0.607241,0.135787,-0.114588,-0.774397
1.0168,5270,Render,Middle_PIP,-17.829620,0.998237,20.676040,0.576191,0.234912,0.015832,-0.782669
1.0168,5270,Render,Middle_DIP,-17.804980,1.005054,20.686740,0.534483,0.318602,0.132937,-0.771459
1.0168,5270,Render,Middle_FingerTip,-17.783420,1.008887,20.704670,0.534483,0.318602,0.132937,-0.771459
1.0168,5270,Render,Ring_MCP,-17.874130,0.956309,20.669000,0.628778,0.130907,-0.129793,-0.755418
1.0168,5270,Render,Ring_PIP,-17.830750,0.973095,20.670610,0.604623,0.216631,-0.024044,-0.766110
1.0168,5270,Render,Ring_DIP,-17.806910,0.980966,20.678590,0.572926,0.290266,0.071584,-0.763137
1.0168,5270,Render,Ring_FingerTip,-17.785730,0.986729,20.692130,0.572926,0.290266,0.071584,-0.763137
1.0168,5270,Render,Pinky_MCP,-17.874220,0.933942,20.668580,0.640431,0.139153,-0.125586,-0.744791
1.0168,5270,Render,Pinky_PIP,-17.837620,0.948325,20.670400,0.613239,0.231199,-0.015459,-0.755147
1.0168,5270,Render,Pinky_DIP,-17.821240,0.953955,20.676460,0.577499,0.309855,0.084006,-0.750619
1.0168,5270,Render,Pinky_FingerTip,-17.806030,0.958396,20.687230,0.577499,0.309855,0.084006,-0.750619
1.0297,5271,Real,Wrist,-17.986570,0.931267,20.679970,0.617300,0.041683,-0.216824,-0.755110
1.0297,5271,Real,Thumb_CMC,-17.963030,0.972093,20.684320,-0.152199,0.201974,-0.318348,-0.913618
1.0297,5271,Real,Thumb_MCP,-17.931600,0.994937,20.704780,-0.176913,0.180720,-0.198193,-0.946975
1.0297,5271,Real,Thumb_IP,-17.889630,1.010206,20.724990,-0.213746,0.135168,0.025005,-0.967170
1.0297,5271,Real,Thumb_FingerTip,-17.862210,1.007181,20.732150,-0.213746,0.135168,0.025005,-0.967170
1.0297,5271,Real,Index_MCP,-17.896860,1.001780,20.669950,0.564456,0.152376,-0.051907,-0.809616
1.0297,5271,Real,Index_PIP,-17.852460,1.013771,20.678760,0.558366,0.173366,-0.021610,-0.810990
1.0297,5271,Real,Index_DIP,-17.828090,1.019706,20.685430,0.552218,0.192051,0.005683,-0.811258
1.0297,5271,Real,Index_FingerTip,-17.803170,1.025164,20.693990,0.552218,0.192051,0.005683,-0.811258
1.0297,5271,Real,Middle_MCP,-17.887890,0.977422,20.661080,0.594160,0.172540,-0.050577,-0.783994
1.0297,5271,Real,Middle_PIP,-17.838500,0.992437,20.672190,0.553093,0.277280,0.092227,-0.780191
1.0297,5271,Real,Middle_DIP,-17.815510,0.996950,20.687010,0.500446,0.363800,0.218277,-0.754692
1.0297,5271,Real,Middle_FingerTip,-17.797400,0.997931,20.708740,0.500446,0.363800,0.218277,-0.754692
1.0297,5271,Real,Ring_MCP,-17.883280,0.953505,20.657770,0.612083,0.182153,-0.053062,-0.767698
1.0297,5271,Real,Ring_PIP,-17.840090,0.967673,20.667760,0.569006,0.289927,0.086762,-0.764622
1.0297,5271,Real,Ring_DIP,-17.818580,0.972870,20.682040,0.514113,0.378831,0.210284,-0.740240
1.0297,5271,Real,Ring_FingerTip,-17.802460,0.974888,20.702090,0.514113,0.378831,0.210284,-0.740240
1.0297,5271,Real,Pinky_MCP,-17.883570,0.931137,20.657550,0.623782,0.188553,-0.054618,-0.756546
1.0297,5271,Real,Pinky_PIP,-17.847230,0.943653,20.666110,0.579353,0.298339,0.083213,-0.753936
1.0297,5271,Real,Pinky_DIP,-17.832410,0.947693,20.676130,0.522950,0.388818,0.205040,-0.730276
1.0297,5271,Real,Pinky_FingerTip,-17.820660,0.949746,20.691120,0.522950,0.388818,0.205040,-0.730276
1.0297,5271,Virtual,Wrist,-17.982520,0.932115,20.682990,0.618452,0.052725,-0.210586,-0.755242
1.0297,5271,Virtual,Thumb_CMC,-17.959260,0.973018,20.688070,-0.150342,0.213601,-0.321692,-0.910103
1.0297,5271,Virtual,Thumb_MCP,-17.928440,0.995910,20.709390,-0.176567,0.192490,-0.201961,-0.943919
1.0297,5271,Virtual,Thumb_IP,-17.887040,1.011271,20.730700,-0.216118,0.146701,0.020635,-0.965063
1.0297,5271,Virtual,Thumb_FingerTip,-17.859790,1.008329,20.738520,-0.216118,0.146701,0.020635,-0.965063
1.0297,5271,Virtual,Index_MCP,-17.892880,1.003024,20.675460,0.563236,0.163671,-0.046244,-0.808603
1.0297,5271,Virtual,Index_PIP,-17.848750,1.015160,20.685420,0.556725,0.184608,-0.015989,-0.809766
1.0297,5271,Virtual,Index_DIP,-17.824580,1.021168,20.692710,0.550200,0.203232,0.011260,-0.809846
1.0297,5271,Virtual,Index_FingerTip,-17.799910,1.026693,20.701900,0.550200,0.203232,0.011260,-0.809846
1.0297,5271,Virtual,Middle_MCP,-17.883590,0.978736,20.666730,0.592929,0.183573,-0.044455,-0.782790
1.0297,5271,Virtual,Middle_PIP,-17.834550,0.993907,20.679120,0.549884,0.287908,0.098030,-0.777899
1.0297,5271,Virtual,Middle_DIP,-17.811950,0.998456,20.694520,0.495546,0.373762,0.223628,-0.751484
1.0297,5271,Virtual,Middle_FingerTip,-17.794400,0.999427,20.716690,0.495546,0.373762,0.223628,-0.751484
1.0297,5271,Virtual,Ring_MCP,-17.878800,0.954851,20.663450,0.610892,0.193023,-0.046666,-0.766404
1.0297,5271,Virtual,Ring_PIP,-17.835930,0.969154,20.674560,0.565867,0.300403,0.092819,-0.762193
1.0297,5271,Virtual,Ring_DIP,-17.814800,0.974383,20.689390,0.509308,0.388655,0.215863,-0.736856
1.0297,5271,Virtual,Ring_FingerTip,-17.799190,0.976389,20.709840,0.509308,0.388655,0.215863,-0.736856
1.0297,5271,Virtual,Pinky_MCP,-17.878990,0.932483,20.663140,0.622617,0.199311,-0.048042,-0.755193
1.0297,5271,Virtual,Pinky_PIP,-17.842930,0.945112,20.672640,0.576260,0.308709,0.089436,-0.751415
1.0297,5271,Virtual,Pinky_DIP,-17.828370,0.949173,20.683040,0.518207,0.398545,0.210768,-0.726774
1.0297,5271,Virtual,Pinky_FingerTip,-17.817000,0.951217,20.698330,0.518207,0.398545,0.210768,-0.726774
1.0297,5271,Render,Wrist,-17.982520,0.932115,20.682990,0.618452,0.052725,-0.210586,-0.755242
1.0297,5271,Render,Thumb_CMC,-17.959260,0.973018,20.688070,-0.110931,0.226844,-0.319608,-0.913284
1.0297,5271,Render,Thumb_MCP,-17.928840,0.996443,20.709380,-0.134472,0.213732,-0.220466,-0.942142
1.0297,5271,Render,Thumb_IP,-17.889050,1.013993,20.732030,-0.176060,0.181016,-0.019287,-0.967401
1.0297,5271,Render,Thumb_FingerTip,-17.862440,1.013240,20.742200,-0.176060,0.181016,-0.019287,-0.967401
1.0297,5271,Render,Index_MCP,-17.892880,1.003024,20.675460,0.580403,0.084591,-0.157097,-0.794542
1.0297,5271,Render,Index_PIP,-17.849030,1.019313,20.673220,0.568954,0.142529,-0.076400,-0.806312
1.0297,5271,Render,Index_DIP,-17.824430,1.026720,20.676930,0.553714,0.193454,-0.003087,-0.809918
1.0297,5271,Render,Index_FingerTip,-17.799540,1.032618,20.685270,0.553714,0.193454,-0.003087,-0.809918
1.0297,5271,Render,Middle_MCP,-17.883590,0.978736,20.666730,0.608070,0.124553,-0.120991,-0.774660
1.0297,5271,Render,Middle_PIP,-17.833970,0.996634,20.669150,0.578878,0.223973,0.009562,-0.783993
1.0297,5271,Render,Middle_DIP,-17.809030,1.003406,20.679190,0.538779,0.308189,0.126936,-0.773708
1.0297,5271,Render,Middle_FingerTip,-17.787020,1.007245,20.696550,0.538779,0.308189,0.126936,-0.773708
1.0297,5271,Render,Ring_MCP,-17.878800,0.954851,20.663450,0.629355,0.119828,-0.136490,-0.755595
1.0297,5271,Render,Ring_PIP,-17.835330,0.971468,20.663880,0.606728,0.205738,-0.030652,-0.767212
1.0297,5271,Render,Ring_DIP,-17.811270,0.979284,20.671220,0.576371,0.279720,0.065165,-0.765054
1.0297,5271,Render,Ring_FingerTip,-17.789720,0.985031,20.684190,0.576371,0.279720,0.065165,-0.765054
1.0297,5271,Render,Pinky_MCP,-17.878990,0.932483,20.663140,0.641048,0.128194,-0.132473,-0.745034
1.0297,5271,Render,Pinky_PIP,-17.842290,0.946726,20.663980,0.615450,0.220448,-0.022236,-0.756392
1.0297,5271,Render,Pinky_DIP,-17.825750,0.952321,20.669590,0.581105,0.299488,0.077452,-0.752745
1.0297,5271,Render,Pinky_FingerTip,-17.810260,0.956755,20.679950,0.581105,0.299488,0.077452,-0.752745
1.0415,5272,Real,Wrist,-17.986570,0.931267,20.679970,0.617300,0.041683,-0.216824,-0.755110
1.0415,5272,Real,Thumb_CMC,-17.963030,0.972093,20.684320,-0.152199,0.201974,-0.318348,-0.913618
1.0415,5272,Real,Thumb_MCP,-17.931600,0.994937,20.704780,-0.176913,0.180720,-0.198193,-0.946975
1.0415,5272,Real,Thumb_IP,-17.889630,1.010206,20.724990,-0.213746,0.135168,0.025005,-0.967170
1.0415,5272,Real,Thumb_FingerTip,-17.862210,1.007181,20.732150,-0.213746,0.135168,0.025005,-0.967170
1.0415,5272,Real,Index_MCP,-17.896860,1.001780,20.669950,0.564456,0.152376,-0.051907,-0.809616
1.0415,5272,Real,Index_PIP,-17.852460,1.013771,20.678760,0.558366,0.173366,-0.021610,-0.810990
1.0415,5272,Real,Index_DIP,-17.828090,1.019706,20.685430,0.552218,0.192051,0.005683,-0.811258
1.0415,5272,Real,Index_FingerTip,-17.803170,1.025164,20.693990,0.552218,0.192051,0.005683,-0.811258
1.0415,5272,Real,Middle_MCP,-17.887890,0.977422,20.661080,0.594160,0.172540,-0.050577,-0.783994
1.0415,5272,Real,Middle_PIP,-17.838500,0.992437,20.672190,0.553093,0.277280,0.092227,-0.780191
1.0415,5272,Real,Middle_DIP,-17.815510,0.996950,20.687010,0.500446,0.363800,0.218277,-0.754692
1.0415,5272,Real,Middle_FingerTip,-17.797400,0.997931,20.708740,0.500446,0.363800,0.218277,-0.754692
1.0415,5272,Real,Ring_MCP,-17.883280,0.953505,20.657770,0.612083,0.182153,-0.053062,-0.767698
1.0415,5272,Real,Ring_PIP,-17.840090,0.967673,20.667760,0.569006,0.289927,0.086762,-0.764622
1.0415,5272,Real,Ring_DIP,-17.818580,0.972870,20.682040,0.514113,0.378831,0.210284,-0.740240
1.0415,5272,Real,Ring_FingerTip,-17.802460,0.974888,20.702090,0.514113,0.378831,0.210284,-0.740240
1.0415,5272,Real,Pinky_MCP,-17.883570,0.931137,20.657550,0.623782,0.188553,-0.054618,-0.756546
1.0415,5272,Real,Pinky_PIP,-17.847230,0.943653,20.666110,0.579353,0.298339,0.083213,-0.753936
1.0415,5272,Real,Pinky_DIP,-17.832410,0.947693,20.676130,0.522950,0.388818,0.205040,-0.730276
1.0415,5272,Real,Pinky_FingerTip,-17.820660,0.949746,20.691120,0.522950,0.388818,0.205040,-0.730276
1.0415,5272,Virtual,Wrist,-17.986580,0.931267,20.679980,0.617300,0.041683,-0.216824,-0.755110
1.0415,5272,Virtual,Thumb_CMC,-17.963030,0.972093,20.684320,-0.152199,0.201974,-0.318348,-0.913618
1.0415,5272,Virtual,Thumb_MCP,-17.931600,0.994936,20.704790,-0.176913,0.180720,-0.198193,-0.946975
1.0415,5272,Virtual,Thumb_IP,-17.889630,1.010206,20.725000,-0.213746,0.135168,0.025005,-0.967170
1.0415,5272,Virtual,Thumb_FingerTip,-17.862210,1.007180,20.732150,-0.213746,0.135168,0.025005,-0.967170
1.0415,5272,Virtual,Index_MCP,-17.896860,1.001780,20.669960,0.564456,0.152375,-0.051907,-0.809616
1.0415,5272,Virtual,Index_PIP,-17.852460,1.013771,20.678770,0.558366,0.173366,-0.021611,-0.810990
1.0415,5272,Virtual,Index_DIP,-17.828090,1.019706,20.685440,0.552218,0.192051,0.005683,-0.811258
1.0415,5272,Virtual,Index_FingerTip,-17.803180,1.025164,20.693990,0.552218,0.192051,0.005683,-0.811258
1.0415,5272,Virtual,Middle_MCP,-17.887890,0.977422,20.661090,0.594160,0.172540,-0.050577,-0.783994
1.0415,5272,Virtual,Middle_PIP,-17.838500,0.992436,20.672200,0.553093,0.277280,0.092227,-0.780191
1.0415,5272,Virtual,Middle_DIP,-17.815520,0.996949,20.687020,0.500446,0.363800,0.218277,-0.754692
1.0415,5272,Virtual,Middle_FingerTip,-17.797400,0.997930,20.708740,0.500446,0.363800,0.218277,-0.754692
1.0415,5272,Virtual,Ring_MCP,-17.883280,0.953505,20.657780,0.612083,0.182152,-0.053062,-0.767698
1.0415,5272,Virtual,Ring_PIP,-17.840100,0.967673,20.667770,0.569006,0.289927,0.086762,-0.764622
1.0415,5272,Virtual,Ring_DIP,-17.818580,0.972870,20.682050,0.514113,0.378831,0.210284,-0.740240
1.0415,5272,Virtual,Ring_FingerTip,-17.802460,0.974887,20.702100,0.514113,0.378831,0.210284,-0.740240
1.0415,5272,Virtual,Pinky_MCP,-17.883580,0.931137,20.657560,0.623782,0.188553,-0.054619,-0.756546
1.0415,5272,Virtual,Pinky_PIP,-17.847240,0.943653,20.666110,0.579353,0.298339,0.083213,-0.753936
1.0415,5272,Virtual,Pinky_DIP,-17.832410,0.947692,20.676130,0.522950,0.388818,0.205040,-0.730276
1.0415,5272,Virtual,Pinky_FingerTip,-17.820660,0.949746,20.691120,0.522950,0.388818,0.205040,-0.730276
1.0415,5272,Render,Wrist,-17.986580,0.931267,20.679980,0.617300,0.041683,-0.216824,-0.755110
1.0415,5272,Render,Thumb_CMC,-17.963030,0.972093,20.684320,-0.112705,0.215807,-0.316639,-0.916769
1.0415,5272,Render,Thumb_MCP,-17.932020,0.995450,20.704830,-0.135060,0.202568,-0.217143,-0.945291
1.0415,5272,Render,Thumb_IP,-17.891630,1.012896,20.726490,-0.174309,0.169975,-0.015381,-0.969788
1.0415,5272,Render,Thumb_FingerTip,-17.864800,1.012057,20.736030,-0.174309,0.169975,-0.015381,-0.969788
1.0415,5272,Render,Index_MCP,-17.896860,1.001780,20.669960,0.580056,0.073235,-0.162846,-0.794766
1.0415,5272,Render,Index_PIP,-17.853020,1.017880,20.666560,0.569751,0.131195,-0.082098,-0.807113
1.0415,5272,Render,Index_DIP,-17.828310,1.025200,20.669630,0.555534,0.182239,-0.008689,-0.811231
1.0415,5272,Render,Index_FingerTip,-17.803200,1.031026,20.677320,0.555534,0.182239,-0.008689,-0.811231
1.0415,5272,Render,Middle_MCP,-17.887890,0.977422,20.661090,0.608214,0.113452,-0.127202,-0.775257
1.0415,5272,Render,Middle_PIP,-17.838160,0.995124,20.662200,0.580867,0.213050,0.003537,-0.785615
1.0415,5272,Render,Middle_DIP,-17.812950,1.001831,20.671600,0.542382,0.297688,0.121223,-0.776215
1.0415,5272,Render,Middle_FingerTip,-17.790500,1.005644,20.688390,0.542382,0.297688,0.121223,-0.776215
1.0415,5272,Render,Ring_MCP,-17.883280,0.953505,20.657780,0.629260,0.108892,-0.142994,-0.756127
1.0415,5272,Render,Ring_PIP,-17.839750,0.969945,20.657070,0.608146,0.194894,-0.037019,-0.768638
1.0415,5272,Render,Ring_DIP,-17.815490,0.977689,20.663770,0.579129,0.269138,0.059024,-0.767262
1.0415,5272,Render,Ring_FingerTip,-17.793600,0.983395,20.676190,0.579129,0.269138,0.059024,-0.767262
1.0415,5272,Render,Pinky_MCP,-17.883580,0.931137,20.657560,0.640999,0.117373,-0.139159,-0.745640
1.0415,5272,Render,Pinky_PIP,-17.846810,0.945232,20.657430,0.616982,0.209735,-0.028763,-0.757969
1.0415,5272,Render,Pinky_DIP,-17.830110,0.950780,20.662610,0.584033,0.289070,0.071190,-0.755167
1.0415,5272,Render,Pinky_FingerTip,-17.814350,0.955189,20.672570,0.584033,0.289070,0.071190,-0.755167
1.0541,5273,Real,Wrist,-17.993530,0.930063,20.673650,0.613538,0.018867,-0.233687,-0.754060
1.0541,5273,Real,Thumb_CMC,-17.969700,0.970868,20.676360,-0.157826,0.174981,-0.313709,-0.919815
1.0541,5273,Real,Thumb_MCP,-17.937130,0.993784,20.694850,-0.179021,0.153228,-0.192796,-0.952524
1.0541,5273,Real,Thumb_IP,-17.894040,1.009102,20.712550,-0.209473,0.107928,0.031534,-0.971328
1.0541,5273,Real,Thumb_FingerTip,-17.866260,1.006068,20.718150,-0.209473,0.107928,0.031534,-0.971328
1.0541,5273,Real,Index_MCP,-17.904410,1.000315,20.658060,0.565697,0.128587,-0.067666,-0.811711
1.0541,5273,Real,Index_PIP,-17.859560,1.012272,20.664250,0.560495,0.149641,-0.037281,-0.813673
1.0541,5273,Real,Index_DIP,-17.834840,1.018200,20.669480,0.555144,0.168411,-0.009888,-0.814466
1.0541,5273,Real,Index_FingerTip,-17.809470,1.023664,20.676570,0.555144,0.168411,-0.009888,-0.814466
1.0541,5273,Real,Middle_MCP,-17.896000,0.975877,20.648860,0.595310,0.149638,-0.067022,-0.786590
1.0541,5273,Real,Middle_PIP,-17.846030,0.990853,20.657080,0.558322,0.255072,0.076674,-0.785708
1.0541,5273,Real,Middle_DIP,-17.822240,0.995409,20.670560,0.509169,0.342830,0.203963,-0.762637
1.0541,5273,Real,Middle_FingerTip,-17.802950,0.996484,20.691240,0.509169,0.342830,0.203963,-0.762637
1.0541,5273,Real,Ring_MCP,-17.891620,0.951929,20.645460,0.613129,0.159593,-0.070192,-0.770504
1.0541,5273,Real,Ring_PIP,-17.847920,0.966070,20.652900,0.574092,0.267984,0.070497,-0.770476
1.0541,5273,Real,Ring_DIP,-17.825620,0.971314,20.665910,0.522678,0.358057,0.195257,-0.748651
1.0541,5273,Real,Ring_FingerTip,-17.808400,0.973428,20.685010,0.522678,0.358057,0.195257,-0.748651
1.0541,5273,Real,Pinky_MCP,-17.891970,0.929561,20.645420,0.624746,0.166292,-0.072115,-0.759500
1.0541,5273,Real,Pinky_PIP,-17.855180,0.942054,20.651820,0.584303,0.276677,0.066614,-0.760002
1.0541,5273,Real,Pinky_DIP,-17.839810,0.946128,20.660960,0.531334,0.368299,0.189716,-0.738951
1.0541,5273,Real,Pinky_FingerTip,-17.827220,0.948255,20.675250,0.531334,0.368299,0.189716,-0.738951
1.0541,5273,Virtual,Wrist,-17.986580,0.931267,20.679980,0.617300,0.041683,-0.216824,-0.755110
1.0541,5273,Virtual,Thumb_CMC,-17.963030,0.972093,20.684320,-0.152199,0.201974,-0.318348,-0.913618
1.0541,5273,Virtual,Thumb_MCP,-17.931600,0.994936,20.704790,-0.176913,0.180720,-0.198193,-0.946975
1.0541,5273,Virtual,Thumb_IP,-17.889630,1.010206,20.725000,-0.213746,0.135168,0.025005,-0.967170
1.0541,5273,Virtual,Thumb_FingerTip,-17.862210,1.007180,20.732150,-0.213746,0.135168,0.025005,-0.967170
1.0541,5273,Virtual,Index_MCP,-17.896860,1.001780,20.669960,0.564456,0.152375,-0.051907,-0.809616
1.0541,5273,Virtual,Index_PIP,-17.852460,1.013771,20.678770,0.558366,0.173366,-0.021611,-0.810990
1.0541,5273,Virtual,Index_DIP,-17.828090,1.019706,20.685440,0.552218,0.192051,0.005683,-0.811258
1.0541,5273,Virtual,Index_FingerTip,-17.803180,1.025164,20.693990,0.552218,0.192051,0.005683,-0.811258
1.0541,5273,Virtual,Middle_MCP,-17.887890,0.977422,20.661090,0.594105,0.172731,-0.050325,-0.784010
1.0541,5273,Virtual,Middle_PIP,-17.838500,0.992427,20.672230,0.552951,0.277563,0.092627,-0.780144
1.0541,5273,Virtual,Middle_DIP,-17.815530,0.996929,20.687080,0.500197,0.364142,0.218793,-0.754542
1.0541,5273,Virtual,Middle_FingerTip,-17.797450,0.997894,20.708820,0.500197,0.364142,0.218793,-0.754542
1.0541,5273,Virtual,Ring_MCP,-17.883280,0.953505,20.657780,0.612054,0.182252,-0.052937,-0.767706
1.0541,5273,Virtual,Ring_PIP,-17.840100,0.967669,20.667780,0.568931,0.290074,0.086960,-0.764600
1.0541,5273,Virtual,Ring_DIP,-17.818590,0.972861,20.682070,0.513982,0.379009,0.210540,-0.740167
1.0541,5273,Virtual,Ring_FingerTip,-17.802490,0.974872,20.702130,0.513982,0.379009,0.210540,-0.740167
1.0541,5273,Virtual,Pinky_MCP,-17.883580,0.931137,20.657560,0.623751,0.188654,-0.054496,-0.756554
1.0541,5273,Virtual,Pinky_PIP,-17.847240,0.943650,20.666120,0.579276,0.298489,0.083409,-0.753915
1.0541,5273,Virtual,Pinky_DIP,-17.832420,0.947687,20.676150,0.522815,0.388999,0.205293,-0.730205
1.0541,5273,Virtual,Pinky_FingerTip,-17.820670,0.949735,20.691150,0.522815,0.388999,0.205293,-0.730205
1.0541,5273,Render,Wrist,-17.986580,0.931267,20.679980,0.617300,0.041683,-0.216824,-0.755110
1.0541,5273,Render,Thumb_CMC,-17.963030,0.972093,20.684320,-0.112705,0.215807,-0.316639,-0.916769
1.0541,5273,Render,Thumb_MCP,-17.932020,0.995450,20.704830,-0.135060,0.202568,-0.217143,-0.945291
1.0541,5273,Render,Thumb_IP,-17.891630,1.012896,20.726490,-0.174309,0.169975,-0.015381,-0.969788
1.0541,5273,Render,Thumb_FingerTip,-17.864800,1.012057,20.736030,-0.174309,0.169975,-0.015381,-0.969788
1.0541,5273,Render,Index_MCP,-17.896860,1.001780,20.669960,0.580056,0.073235,-0.162846,-0.794766
1.0541,5273,Render,Index_PIP,-17.853020,1.017880,20.666560,0.569751,0.131195,-0.082098,-0.807113
1.0541,5273,Render,Index_DIP,-17.828310,1.025200,20.669630,0.555534,0.182239,-0.008689,-0.811231
1.0541,5273,Render,Index_FingerTip,-17.803200,1.031026,20.677320,0.555534,0.182239,-0.008689,-0.811231
1.0541,5273,Render,Middle_MCP,-17.887890,0.977422,20.661090,0.608214,0.113452,-0.127202,-0.775257
1.0541,5273,Render,Middle_PIP,-17.838160,0.995124,20.662200,0.580867,0.213050,0.003537,-0.785615
1.0541,5273,Render,Middle_DIP,-17.812950,1.001831,20.671600,0.542382,0.297688,0.121223,-0.776215
1.0541,5273,Render,Middle_FingerTip,-17.790500,1.005644,20.688390,0.542382,0.297688,0.121223,-0.776215
1.0541,5273,Render,Ring_MCP,-17.883280,0.953505,20.657780,0.629260,0.108892,-0.142994,-0.756127
1.0541,5273,Render,Ring_PIP,-17.839750,0.969945,20.657070,0.608146,0.194894,-0.037019,-0.768638
1.0541,5273,Render,Ring_DIP,-17.815490,0.977689,20.663770,0.579129,0.269138,0.059024,-0.767262
1.0541,5273,Render,Ring_FingerTip,-17.793600,0.983395,20.676190,0.579129,0.269138,0.059024,-0.767262
1.0541,5273,Render,Pinky_MCP,-17.883580,0.931137,20.657560,0.640999,0.117373,-0.139159,-0.745640
1.0541,5273,Render,Pinky_PIP,-17.846810,0.945232,20.657430,0.616982,0.209735,-0.028763,-0.757969
1.0541,5273,Render,Pinky_DIP,-17.830110,0.950780,20.662610,0.584033,0.289070,0.071190,-0.755167
1.0541,5273,Render,Pinky_FingerTip,-17.814350,0.955189,20.672570,0.584033,0.289070,0.071190,-0.755167
1.0674,5274,Real,Wrist,-17.997170,0.929348,20.670410,0.611126,0.007194,-0.242050,-0.753581
1.0674,5274,Real,Thumb_CMC,-17.973220,0.970126,20.672320,-0.161004,0.161309,-0.310868,-0.922723
1.0674,5274,Real,Thumb_MCP,-17.940080,0.993036,20.689780,-0.180420,0.139253,-0.189564,-0.955051
1.0674,5274,Real,Thumb_IP,-17.896480,1.008325,20.706180,-0.207626,0.093990,0.035335,-0.973041
1.0674,5274,Real,Thumb_FingerTip,-17.868560,1.005253,20.710970,-0.207626,0.093990,0.035335,-0.973041
1.0674,5274,Real,Index_MCP,-17.908440,0.999429,20.652040,0.565851,0.116326,-0.075463,-0.812765
1.0674,5274,Real,Index_PIP,-17.863420,1.011338,20.656900,0.561108,0.137394,-0.045032,-0.815018
1.0674,5274,Real,Index_DIP,-17.838540,1.017245,20.661400,0.556168,0.156192,-0.017590,-0.816071
1.0674,5274,Real,Index_FingerTip,-17.812970,1.022691,20.667730,0.556168,0.156192,-0.017590,-0.816071
1.0674,5274,Real,Middle_MCP,-17.900340,0.974954,20.642680,0.595428,0.137815,-0.075168,-0.787923
1.0674,5274,Real,Middle_PIP,-17.850130,0.989876,20.649420,0.560559,0.243519,0.068980,-0.788489
1.0674,5274,Real,Middle_DIP,-17.825960,0.994428,20.662210,0.513233,0.331841,0.196893,-0.766620
1.0674,5274,Real,Middle_FingerTip,-17.806090,0.995525,20.682330,0.513233,0.331841,0.196893,-0.766620
1.0674,5274,Real,Ring_MCP,-17.896100,0.950990,20.639220,0.613207,0.147888,-0.078747,-0.771949
1.0674,5274,Real,Ring_PIP,-17.852170,0.965088,20.645350,0.576288,0.256488,0.062346,-0.773446
1.0674,5274,Real,Ring_DIP,-17.829500,0.970336,20.657700,0.526721,0.347073,0.187699,-0.752911
1.0674,5274,Real,Ring_FingerTip,-17.811740,0.972476,20.676280,0.526721,0.347073,0.187699,-0.752911
1.0674,5274,Real,Pinky_MCP,-17.896470,0.928623,20.639250,0.624784,0.154736,-0.080855,-0.761029
1.0674,5274,Real,Pinky_PIP,-17.859500,0.941081,20.644540,0.586434,0.265319,0.058295,-0.763088
1.0674,5274,Real,Pinky_DIP,-17.843860,0.945158,20.653230,0.535289,0.357441,0.182013,-0.743353
1.0674,5274,Real,Pinky_FingerTip,-17.830870,0.947305,20.667140,0.535289,0.357441,0.182013,-0.743353
1.0674,5274,Virtual,Wrist,-17.993530,0.930064,20.673660,0.613538,0.018867,-0.233687,-0.754060
1.0674,5274,Virtual,Thumb_CMC,-17.969710,0.970869,20.676370,-0.157851,0.174971,-0.313593,-0.919852
1.0674,5274,Virtual,Thumb_MCP,-17.937120,0.993776,20.694860,-0.179051,0.153207,-0.192636,-0.952554
1.0674,5274,Virtual,Thumb_IP,-17.894040,1.009080,20.712550,-0.209506,0.107885,0.031771,-0.971318
1.0674,5274,Virtual,Thumb_FingerTip,-17.866250,1.006032,20.718140,-0.209506,0.107885,0.031771,-0.971318
1.0674,5274,Virtual,Index_MCP,-17.904410,1.000315,20.658070,0.565697,0.128587,-0.067666,-0.811711
1.0674,5274,Virtual,Index_PIP,-17.859560,1.012272,20.664260,0.560495,0.149641,-0.037281,-0.813673
1.0674,5274,Virtual,Index_DIP,-17.834840,1.018201,20.669490,0.555144,0.168411,-0.009888,-0.814466
1.0674,5274,Virtual,Index_FingerTip,-17.809470,1.023664,20.676580,0.555144,0.168411,-0.009888,-0.814466
1.0674,5274,Virtual,Middle_MCP,-17.896000,0.975878,20.648870,0.595285,0.149734,-0.066896,-0.786601
1.0674,5274,Virtual,Middle_PIP,-17.846040,0.990849,20.657100,0.558257,0.255214,0.076875,-0.785688
1.0674,5274,Virtual,Middle_DIP,-17.822260,0.995399,20.670600,0.509051,0.343004,0.204224,-0.762567
1.0674,5274,Virtual,Middle_FingerTip,-17.802980,0.996467,20.691290,0.509051,0.343004,0.204224,-0.762567
1.0674,5274,Virtual,Ring_MCP,-17.891630,0.951929,20.645470,0.613129,0.159592,-0.070192,-0.770504
1.0674,5274,Virtual,Ring_PIP,-17.847920,0.966070,20.652910,0.574092,0.267984,0.070497,-0.770476
1.0674,5274,Virtual,Ring_DIP,-17.825620,0.971314,20.665920,0.522678,0.358057,0.195257,-0.748651
1.0674,5274,Virtual,Ring_FingerTip,-17.808410,0.973428,20.685020,0.522678,0.358057,0.195257,-0.748651
1.0674,5274,Virtual,Pinky_MCP,-17.891970,0.929561,20.645430,0.624746,0.166292,-0.072115,-0.759500
1.0674,5274,Virtual,Pinky_PIP,-17.855180,0.942055,20.651830,0.584303,0.276677,0.066614,-0.760002
1.0674,5274,Virtual,Pinky_DIP,-17.839810,0.946129,20.660970,0.531334,0.368299,0.189716,-0.738951
1.0674,5274,Virtual,Pinky_FingerTip,-17.827230,0.948255,20.675260,0.531334,0.368299,0.189716,-0.738951
1.0674,5274,Render,Wrist,-17.993530,0.930064,20.673660,0.613538,0.018867,-0.233687,-0.754060
1.0674,5274,Render,Thumb_CMC,-17.969710,0.970869,20.676370,-0.118275,0.188687,-0.313168,-0.923220
1.0674,5274,Render,Thumb_MCP,-17.937540,0.994300,20.694930,-0.137709,0.175009,-0.213004,-0.951335
1.0674,5274,Render,Thumb_IP,-17.895960,1.011807,20.714130,-0.171157,0.142469,-0.010073,-0.974837
1.0674,5274,Render,Thumb_FingerTip,-17.868620,1.010977,20.722140,-0.171157,0.142469,-0.010073,-0.974837
1.0674,5274,Render,Index_MCP,-17.904410,1.000315,20.658070,0.578011,0.049502,-0.178744,-0.794672
1.0674,5274,Render,Index_PIP,-17.860810,1.016298,20.652070,0.570103,0.107377,-0.097924,-0.808618
1.0674,5274,Render,Index_DIP,-17.835950,1.023587,20.653690,0.558040,0.158551,-0.024314,-0.814163
1.0674,5274,Render,Index_FingerTip,-17.810430,1.029412,20.659900,0.558040,0.158551,-0.024314,-0.814163
1.0674,5274,Render,Middle_MCP,-17.896000,0.975878,20.648870,0.607142,0.090353,-0.144072,-0.776182
1.0674,5274,Render,Middle_PIP,-17.846250,0.993482,20.647040,0.583651,0.190095,-0.012944,-0.789334
1.0674,5274,Render,Middle_DIP,-17.820550,1.000199,20.654940,0.548575,0.275409,0.105485,-0.782361
1.0674,5274,Render,Middle_FingerTip,-17.797170,1.004079,20.670410,0.548575,0.275409,0.105485,-0.782361
1.0674,5274,Render,Ring_MCP,-17.891630,0.951929,20.645470,0.627659,0.086264,-0.160458,-0.756873
1.0674,5274,Render,Ring_PIP,-17.848180,0.968272,20.642180,0.609691,0.172262,-0.054213,-0.771793
1.0674,5274,Render,Ring_DIP,-17.823550,0.976010,20.647440,0.583482,0.246874,0.042358,-0.772534
1.0674,5274,Render,Ring_FingerTip,-17.800990,0.981754,20.658550,0.583482,0.246874,0.042358,-0.772534
1.0674,5274,Render,Pinky_MCP,-17.891970,0.929561,20.645430,0.639474,0.095041,-0.156998,-0.746587
1.0674,5274,Render,Pinky_PIP,-17.855250,0.943577,20.643110,0.618736,0.187420,-0.046272,-0.761511
1.0674,5274,Render,Pinky_DIP,-17.838270,0.949124,20.647300,0.588707,0.267179,0.054298,-0.760981
1.0674,5274,Render,Pinky_FingerTip,-17.821960,0.953568,20.656310,0.588707,0.267179,0.054298,-0.760981
1.0816,5275,Real,Wrist,-18.000340,0.928881,20.666760,0.606779,-0.005010,-0.252051,-0.753834
1.0816,5275,Real,Thumb_CMC,-17.976350,0.969660,20.667910,-0.166450,0.146308,-0.308172,-0.925159
1.0816,5275,Real,Thumb_MCP,-17.942650,0.992560,20.684310,-0.183891,0.123676,-0.186577,-0.957119
1.0816,5275,Real,Thumb_IP,-17.898540,1.007841,20.699280,-0.207419,0.078032,0.038718,-0.974366
1.0816,5275,Real,Thumb_FingerTip,-17.870470,1.004768,20.703160,-0.207419,0.078032,0.038718,-0.974366
1.0816,5275,Real,Index_MCP,-17.912270,0.998986,20.645560,0.564206,0.103070,-0.084704,-0.814785
1.0816,5275,Real,Index_PIP,-17.867100,1.010897,20.648950,0.559959,0.124085,-0.054192,-0.817381
1.0816,5275,Real,Index_DIP,-17.842100,1.016803,20.652640,0.555468,0.142852,-0.026664,-0.818742
1.0816,5275,Real,Index_FingerTip,-17.816340,1.022247,20.658140,0.555468,0.142852,-0.026664,-0.818742
1.0816,5275,Real,Middle_MCP,-17.904470,0.974521,20.635910,0.593773,0.125059,-0.084756,-0.790323
1.0816,5275,Real,Middle_PIP,-17.854070,0.989437,20.641030,0.561222,0.230728,0.060062,-0.792583
1.0816,5275,Real,Middle_DIP,-17.829510,0.993977,20.653040,0.515951,0.319375,0.188829,-0.772100
1.0816,5275,Real,Middle_FingerTip,-17.809000,0.995052,20.672510,0.515951,0.319375,0.188829,-0.772100
1.0816,5275,Real,Ring_MCP,-17.900340,0.950560,20.632290,0.611495,0.135399,-0.088622,-0.774524
1.0816,5275,Real,Ring_PIP,-17.856240,0.964654,20.637010,0.576842,0.243951,0.053176,-0.777762
1.0816,5275,Real,Ring_DIP,-17.833190,0.969889,20.648620,0.529283,0.334841,0.179422,-0.758649
1.0816,5275,Real,Ring_FingerTip,-17.814830,0.972011,20.666630,0.529283,0.334841,0.179422,-0.758649
1.0816,5275,Real,Pinky_MCP,-17.900710,0.928192,20.632320,0.623039,0.142428,-0.090917,-0.763722
1.0816,5275,Real,Pinky_PIP,-17.863590,0.940647,20.636420,0.586921,0.252955,0.048961,-0.767555
1.0816,5275,Real,Pinky_DIP,-17.847680,0.944716,20.644600,0.537757,0.345369,0.173598,-0.749267
1.0816,5275,Real,Pinky_FingerTip,-17.834240,0.946848,20.658100,0.537757,0.345369,0.173598,-0.749267
1.0816,5275,Virtual,Wrist,-17.997170,0.929347,20.670410,0.611127,0.007194,-0.242050,-0.753581
1.0816,5275,Virtual,Thumb_CMC,-17.973220,0.970125,20.672320,-0.161004,0.161309,-0.310869,-0.922723
1.0816,5275,Virtual,Thumb_MCP,-17.940090,0.993036,20.689790,-0.180420,0.139253,-0.189564,-0.955051
1.0816,5275,Virtual,Thumb_IP,-17.896480,1.008325,20.706180,-0.207626,0.093990,0.035335,-0.973041
1.0816,5275,Virtual,Thumb_FingerTip,-17.868560,1.005253,20.710980,-0.207626,0.093990,0.035335,-0.973041
1.0816,5275,Virtual,Index_MCP,-17.908450,0.999428,20.652050,0.565851,0.116326,-0.075463,-0.812765
1.0816,5275,Virtual,Index_PIP,-17.863420,1.011338,20.656910,0.561108,0.137394,-0.045032,-0.815018
1.0816,5275,Virtual,Index_DIP,-17.838550,1.017245,20.661410,0.556168,0.156191,-0.017590,-0.816071
1.0816,5275,Virtual,Index_FingerTip,-17.812970,1.022691,20.667740,0.556168,0.156191,-0.017590,-0.816071
1.0816,5275,Virtual,Middle_MCP,-17.900340,0.974954,20.642680,0.595406,0.137910,-0.075041,-0.787935
1.0816,5275,Virtual,Middle_PIP,-17.850140,0.989871,20.649440,0.560496,0.243662,0.069182,-0.788471
1.0816,5275,Virtual,Middle_DIP,-17.825970,0.994418,20.662240,0.513120,0.332017,0.197155,-0.766553
1.0816,5275,Virtual,Middle_FingerTip,-17.806110,0.995507,20.682370,0.513120,0.332017,0.197155,-0.766553
1.0816,5275,Virtual,Ring_MCP,-17.896100,0.950990,20.639230,0.613183,0.147988,-0.078621,-0.771962
1.0816,5275,Virtual,Ring_PIP,-17.852180,0.965085,20.645370,0.576222,0.256637,0.062547,-0.773430
1.0816,5275,Virtual,Ring_DIP,-17.829510,0.970327,20.657730,0.526600,0.347256,0.187960,-0.752846
1.0816,5275,Virtual,Ring_FingerTip,-17.811750,0.972461,20.676320,0.526600,0.347256,0.187960,-0.752846
1.0816,5275,Virtual,Pinky_MCP,-17.896470,0.928623,20.639250,0.624759,0.154838,-0.080731,-0.761042
1.0816,5275,Virtual,Pinky_PIP,-17.859500,0.941078,20.644560,0.586365,0.265471,0.058493,-0.763073
1.0816,5275,Virtual,Pinky_DIP,-17.843870,0.945152,20.653250,0.535165,0.357627,0.182270,-0.743290
1.0816,5275,Virtual,Pinky_FingerTip,-17.830880,0.947294,20.667180,0.535165,0.357627,0.182270,-0.743290
1.0816,5275,Render,Wrist,-17.997170,0.929347,20.670410,0.611127,0.007194,-0.242050,-0.753581
1.0816,5275,Render,Thumb_CMC,-17.973220,0.970125,20.672320,-0.121412,0.174948,-0.311032,-0.926235
1.0816,5275,Render,Thumb_MCP,-17.940500,0.993560,20.689870,-0.139363,0.161014,-0.210559,-0.954106
1.0816,5275,Render,Thumb_IP,-17.898360,1.011060,20.707810,-0.169858,0.128436,-0.007105,-0.977038
1.0816,5275,Render,Thumb_FingerTip,-17.870800,1.010212,20.715030,-0.169858,0.128436,-0.007105,-0.977038
1.0816,5275,Render,Index_MCP,-17.908450,0.999428,20.652050,0.576476,0.037337,-0.186612,-0.794643
1.0816,5275,Render,Index_PIP,-17.865010,1.015333,20.644760,0.569799,0.095119,-0.105755,-0.809381
1.0816,5275,Render,Index_DIP,-17.840100,1.022590,20.645620,0.558848,0.146315,-0.032043,-0.815632
1.0816,5275,Render,Index_FingerTip,-17.814410,1.028395,20.651080,0.558848,0.146315,-0.032043,-0.815632
1.0816,5275,Render,Middle_MCP,-17.900340,0.974954,20.642680,0.606109,0.078478,-0.152434,-0.776683
1.0816,5275,Render,Middle_PIP,-17.850640,0.992481,20.639360,0.584609,0.178213,-0.021106,-0.791219
1.0816,5275,Render,Middle_DIP,-17.824710,0.999183,20.646500,0.551302,0.263805,0.097697,-0.785448
1.0816,5275,Render,Middle_FingerTip,-17.800880,1.003071,20.661270,0.551302,0.263805,0.097697,-0.785448
1.0816,5275,Render,Ring_MCP,-17.896100,0.950990,20.639230,0.626358,0.074632,-0.169123,-0.757300
1.0816,5275,Render,Ring_PIP,-17.852740,0.967261,20.634620,0.610012,0.160562,-0.062736,-0.773415
1.0816,5275,Render,Ring_DIP,-17.827970,0.974978,20.639150,0.585257,0.235305,0.034104,-0.775205
1.0816,5275,Render,Ring_FingerTip,-17.805080,0.980720,20.649600,0.585257,0.235305,0.034104,-0.775205
1.0816,5275,Render,Pinky_MCP,-17.896470,0.928623,20.639250,0.638214,0.083554,-0.165854,-0.747124
1.0816,5275,Render,Pinky_PIP,-17.859820,0.942579,20.635840,0.619167,0.175872,-0.054954,-0.763336
1.0816,5275,Render,Pinky_DIP,-17.842720,0.948114,20.639510,0.590653,0.255788,0.045931,-0.763932
1.0816,5275,Render,Pinky_FingerTip,-17.826140,0.952558,20.648040,0.590653,0.255788,0.045931,-0.763932
1.0960,5276,Real,Wrist,-18.003270,0.928492,20.662930,0.601420,-0.017571,-0.262837,-0.754257
1.0960,5276,Real,Thumb_CMC,-17.979270,0.969288,20.663350,-0.172926,0.130526,-0.305409,-0.927246
1.0960,5276,Real,Thumb_MCP,-17.945060,0.992175,20.678620,-0.188283,0.107192,-0.183569,-0.958834
1.0960,5276,Real,Thumb_IP,-17.900460,1.007456,20.692090,-0.207899,0.060980,0.042040,-0.975342
1.0960,5276,Real,Thumb_FingerTip,-17.872270,1.004397,20.694970,-0.207899,0.060980,0.042040,-0.975342
1.0960,5276,Real,Index_MCP,-17.916030,0.998718,20.638850,0.561646,0.089220,-0.094671,-0.817088
1.0960,5276,Real,Index_PIP,-17.870790,1.010656,20.640700,0.557918,0.110150,-0.064065,-0.820055
1.0960,5276,Real,Index_DIP,-17.845680,1.016573,20.643530,0.553897,0.128856,-0.036442,-0.821746
1.0960,5276,Real,Index_FingerTip,-17.819740,1.022024,20.648150,0.553897,0.128856,-0.036442,-0.821746
1.0960,5276,Real,Middle_MCP,-17.908560,0.974281,20.628880,0.591210,0.111736,-0.095073,-0.793062
1.0960,5276,Real,Middle_PIP,-17.858030,0.989221,20.632300,0.561099,0.217215,0.050489,-0.797143
1.0960,5276,Real,Middle_DIP,-17.833070,0.993746,20.643470,0.518012,0.306068,0.180198,-0.778149
1.0960,5276,Real,Middle_FingerTip,-17.811900,0.994783,20.662230,0.518012,0.306068,0.180198,-0.778149
1.0960,5276,Real,Ring_MCP,-17.904540,0.950332,20.625060,0.608875,0.122365,-0.099229,-0.777465
1.0960,5276,Real,Ring_PIP,-17.860320,0.964446,20.628300,0.576605,0.230713,0.043353,-0.782572
1.0960,5276,Real,Ring_DIP,-17.836880,0.969668,20.639130,0.531183,0.321788,0.170582,-0.764983
1.0960,5276,Real,Ring_FingerTip,-17.817920,0.971754,20.656500,0.531183,0.321788,0.170582,-0.764983
1.0960,5276,Real,Pinky_MCP,-17.904900,0.927964,20.625050,0.620387,0.129589,-0.101713,-0.766800
1.0960,5276,Real,Pinky_PIP,-17.867660,0.940436,20.627910,0.586616,0.239905,0.038976,-0.772534
1.0960,5276,Real,Pinky_DIP,-17.851480,0.944495,20.635540,0.539558,0.332491,0.164625,-0.755795
1.0960,5276,Real,Pinky_FingerTip,-17.837600,0.946601,20.648570,0.539558,0.332491,0.164625,-0.755795
1.0960,5276,Virtual,Wrist,-18.000340,0.928880,20.666760,0.606779,-0.005009,-0.252051,-0.753834
1.0960,5276,Virtual,Thumb_CMC,-17.976350,0.969659,20.667920,-0.166450,0.146308,-0.308173,-0.925159
1.0960,5276,Virtual,Thumb_MCP,-17.942660,0.992559,20.684310,-0.183891,0.123676,-0.186578,-0.957120
1.0960,5276,Virtual,Thumb_IP,-17.898540,1.007841,20.699280,-0.207419,0.078032,0.038718,-0.974366
1.0960,5276,Virtual,Thumb_FingerTip,-17.870480,1.004768,20.703160,-0.207419,0.078032,0.038718,-0.974366
1.0960,5276,Virtual,Index_MCP,-17.912270,0.998986,20.645570,0.564205,0.103070,-0.084704,-0.814785
1.0960,5276,Virtual,Index_PIP,-17.867110,1.010896,20.648950,0.559959,0.124086,-0.054192,-0.817382
1.0960,5276,Virtual,Index_DIP,-17.842100,1.016803,20.652640,0.555468,0.142853,-0.026665,-0.818742
1.0960,5276,Virtual,Index_FingerTip,-17.816340,1.022246,20.658140,0.555468,0.142853,-0.026665,-0.818742
1.0960,5276,Virtual,Middle_MCP,-17.904470,0.974520,20.635910,0.593752,0.125155,-0.084629,-0.790337
1.0960,5276,Virtual,Middle_PIP,-17.854080,0.989433,20.641050,0.561163,0.230872,0.060265,-0.792567
1.0960,5276,Virtual,Middle_DIP,-17.829510,0.993967,20.653070,0.515841,0.319552,0.189093,-0.772035
1.0960,5276,Virtual,Middle_FingerTip,-17.809020,0.995034,20.672550,0.515841,0.319552,0.189093,-0.772035
1.0960,5276,Virtual,Ring_MCP,-17.900350,0.950560,20.632300,0.611473,0.135499,-0.088496,-0.774539
1.0960,5276,Virtual,Ring_PIP,-17.856250,0.964651,20.637030,0.576779,0.244101,0.053378,-0.777748
1.0960,5276,Virtual,Ring_DIP,-17.833190,0.969881,20.648650,0.529167,0.335024,0.179685,-0.758587
1.0960,5276,Virtual,Ring_FingerTip,-17.814850,0.971996,20.666670,0.529167,0.335024,0.179685,-0.758587
1.0960,5276,Virtual,Pinky_MCP,-17.900710,0.928192,20.632320,0.623015,0.142530,-0.090793,-0.763737
1.0960,5276,Virtual,Pinky_PIP,-17.863590,0.940645,20.636440,0.586856,0.253107,0.049160,-0.767542
1.0960,5276,Virtual,Pinky_DIP,-17.847680,0.944710,20.644630,0.537638,0.345556,0.173857,-0.749207
1.0960,5276,Virtual,Pinky_FingerTip,-17.834260,0.946838,20.658130,0.537638,0.345556,0.173857,-0.749207
1.0960,5276,Render,Wrist,-18.000340,0.928880,20.666760,0.606779,-0.005009,-0.252051,-0.753834
1.0960,5276,Render,Thumb_CMC,-17.976350,0.969659,20.667920,-0.126869,0.159889,-0.308979,-0.928909
1.0960,5276,Render,Thumb_MCP,-17.943070,0.993084,20.684400,-0.143184,0.145460,-0.208233,-0.956546
1.0960,5276,Render,Thumb_IP,-17.900360,1.010574,20.700970,-0.170354,0.112427,-0.004321,-0.978939
1.0960,5276,Render,Thumb_FingerTip,-17.872590,1.009723,20.707280,-0.170354,0.112427,-0.004321,-0.978939
1.0960,5276,Render,Index_MCP,-17.912270,0.998986,20.645570,0.573022,0.024434,-0.196043,-0.795372
1.0960,5276,Render,Index_PIP,-17.869100,1.014901,20.636860,0.567660,0.081934,-0.115065,-0.811054
1.0960,5276,Render,Index_DIP,-17.844180,1.022160,20.636920,0.557911,0.132990,-0.041164,-0.818141
1.0960,5276,Render,Index_FingerTip,-17.818320,1.027964,20.641530,0.557911,0.132990,-0.041164,-0.818141
1.0960,5276,Render,Middle_MCP,-17.904470,0.974520,20.635910,0.603216,0.065851,-0.162337,-0.778101
1.0960,5276,Render,Middle_PIP,-17.854910,0.992056,20.630980,0.583856,0.165281,-0.030635,-0.794265
1.0960,5276,Render,Middle_DIP,-17.828750,0.998755,20.637270,0.552496,0.250906,0.088732,-0.789887
1.0960,5276,Render,Middle_FingerTip,-17.804460,1.002634,20.651260,0.552496,0.250906,0.088732,-0.789887
1.0960,5276,Render,Ring_MCP,-17.900350,0.950560,20.632300,0.623197,0.062330,-0.179356,-0.758665
1.0960,5276,Render,Ring_PIP,-17.857160,0.966839,20.626300,0.608582,0.147941,-0.072681,-0.776182
1.0960,5276,Render,Ring_DIP,-17.832250,0.974555,20.630010,0.585411,0.222605,0.024580,-0.779190
1.0960,5276,Render,Ring_FingerTip,-17.809040,0.980291,20.639710,0.585411,0.222605,0.024580,-0.779190
1.0960,5276,Render,Pinky_MCP,-17.900710,0.928192,20.632320,0.635108,0.071417,-0.176277,-0.748641
1.0960,5276,Render,Pinky_PIP,-17.864190,0.942155,20.627710,0.617867,0.163411,-0.065044,-0.766359
1.0960,5276,Render,Pinky_DIP,-17.846980,0.947689,20.630840,0.591003,0.243265,0.036327,-0.768256
1.0960,5276,Render,Pinky_FingerTip,-17.830140,0.952128,20.638820,0.591003,0.243265,0.036327,-0.768256
1.1097,5277,Real,Wrist,-18.006440,0.928008,20.659220,0.597011,-0.029817,-0.272825,-0.753827
1.1097,5277,Real,Thumb_CMC,-17.982470,0.968813,20.658860,-0.177963,0.115263,-0.302717,-0.929197
1.1097,5277,Real,Thumb_MCP,-17.947770,0.991714,20.673000,-0.191314,0.091408,-0.180647,-0.960422
1.1097,5277,Real,Thumb_IP,-17.902760,1.007012,20.684990,-0.207216,0.044922,0.045249,-0.976216
1.1097,5277,Real,Thumb_FingerTip,-17.874490,1.003964,20.686960,-0.207216,0.044922,0.045249,-0.976216
1.1097,5277,Real,Index_MCP,-17.920070,0.998269,20.632300,0.559979,0.075916,-0.104039,-0.818436
1.1097,5277,Real,Index_PIP,-17.874800,1.010226,20.632660,0.556750,0.096793,-0.073377,-0.821752
1.1097,5277,Real,Index_DIP,-17.849610,1.016153,20.634670,0.553179,0.115467,-0.045692,-0.823756
1.1097,5277,Real,Index_FingerTip,-17.823540,1.021615,20.638430,0.553179,0.115467,-0.045692,-0.823756
1.1097,5277,Real,Middle_MCP,-17.912920,0.973836,20.622090,0.589529,0.098830,-0.104922,-0.794783
1.1097,5277,Real,Middle_PIP,-17.862310,0.988796,20.623850,0.561789,0.204218,0.041117,-0.800624
1.1097,5277,Real,Middle_DIP,-17.836990,0.993332,20.634190,0.520818,0.293359,0.171521,-0.783116
1.1097,5277,Real,Middle_FingerTip,-17.815230,0.994377,20.652260,0.520818,0.293359,0.171521,-0.783116
1.1097,5277,Real,Ring_MCP,-17.909020,0.949889,20.618140,0.607122,0.109716,-0.109363,-0.779362
1.1097,5277,Real,Ring_PIP,-17.864720,0.964021,20.619920,0.577174,0.217957,0.033730,-0.786275
1.1097,5277,Real,Ring_DIP,-17.840930,0.969252,20.629980,0.533827,0.309295,0.161694,-0.770208
1.1097,5277,Real,Ring_FingerTip,-17.821420,0.971346,20.646720,0.533827,0.309295,0.161694,-0.770208
1.1097,5277,Real,Pinky_MCP,-17.909360,0.927521,20.618140,0.618589,0.117117,-0.112034,-0.768817
1.1097,5277,Real,Pinky_PIP,-17.872060,0.940008,20.619770,0.587110,0.227313,0.029192,-0.776389
1.1097,5277,Real,Pinky_DIP,-17.855640,0.944073,20.626870,0.542101,0.320150,0.155602,-0.761196
1.1097,5277,Real,Pinky_FingerTip,-17.841340,0.946185,20.639440,0.542101,0.320150,0.155602,-0.761196
1.1097,5277,Virtual,Wrist,-18.003270,0.928493,20.662930,0.601419,-0.017571,-0.262837,-0.754257
1.1097,5277,Virtual,Thumb_CMC,-17.979280,0.969288,20.663350,-0.172926,0.130526,-0.305410,-0.927246
1.1097,5277,Virtual,Thumb_MCP,-17.945060,0.992176,20.678620,-0.188283,0.107191,-0.183569,-0.958834
1.1097,5277,Virtual,Thumb_IP,-17.900460,1.007456,20.692090,-0.207899,0.060980,0.042040,-0.975342
1.1097,5277,Virtual,Thumb_FingerTip,-17.872270,1.004397,20.694980,-0.207899,0.060980,0.042040,-0.975342
1.1097,5277,Virtual,Index_MCP,-17.916040,0.998718,20.638860,0.561645,0.089220,-0.094671,-0.817088
1.1097,5277,Virtual,Index_PIP,-17.870800,1.010656,20.640710,0.557918,0.110150,-0.064065,-0.820055
1.1097,5277,Virtual,Index_DIP,-17.845680,1.016573,20.643540,0.553897,0.128856,-0.036442,-0.821746
1.1097,5277,Virtual,Index_FingerTip,-17.819750,1.022024,20.648150,0.553897,0.128856,-0.036442,-0.821746
1.1097,5277,Virtual,Middle_MCP,-17.908570,0.974281,20.628890,0.591210,0.111736,-0.095073,-0.793062
1.1097,5277,Virtual,Middle_PIP,-17.858030,0.989221,20.632310,0.561099,0.217215,0.050489,-0.797143
1.1097,5277,Virtual,Middle_DIP,-17.833070,0.993746,20.643480,0.518012,0.306068,0.180198,-0.778149
1.1097,5277,Virtual,Middle_FingerTip,-17.811910,0.994784,20.662240,0.518012,0.306068,0.180198,-0.778149
1.1097,5277,Virtual,Ring_MCP,-17.904550,0.950332,20.625070,0.608875,0.122365,-0.099229,-0.777465
1.1097,5277,Virtual,Ring_PIP,-17.860320,0.964446,20.628300,0.576605,0.230713,0.043353,-0.782572
1.1097,5277,Virtual,Ring_DIP,-17.836880,0.969668,20.639130,0.531182,0.321788,0.170582,-0.764983
1.1097,5277,Virtual,Ring_FingerTip,-17.817930,0.971755,20.656510,0.531182,0.321788,0.170582,-0.764983
1.1097,5277,Virtual,Pinky_MCP,-17.904900,0.927964,20.625060,0.620386,0.129589,-0.101713,-0.766800
1.1097,5277,Virtual,Pinky_PIP,-17.867670,0.940436,20.627910,0.586616,0.239905,0.038976,-0.772534
1.1097,5277,Virtual,Pinky_DIP,-17.851490,0.944495,20.635550,0.539558,0.332491,0.164625,-0.755795
1.1097,5277,Virtual,Pinky_FingerTip,-17.837610,0.946602,20.648580,0.539558,0.332491,0.164625,-0.755795
1.1097,5277,Render,Wrist,-18.003270,0.928493,20.662930,0.601419,-0.017571,-0.262837,-0.754257
1.1097,5277,Render,Thumb_CMC,-17.979280,0.969288,20.663350,-0.133374,0.144056,-0.306888,-0.931278
1.1097,5277,Render,Thumb_MCP,-17.945470,0.992699,20.678730,-0.147966,0.129023,-0.205901,-0.958679
1.1097,5277,Render,Thumb_IP,-17.902220,1.010184,20.693850,-0.171605,0.095355,-0.001596,-0.980539
1.1097,5277,Render,Thumb_FingerTip,-17.874240,1.009341,20.699190,-0.171605,0.095355,-0.001596,-0.980539
1.1097,5277,Render,Index_MCP,-17.916040,0.998718,20.638860,0.568580,0.011068,-0.206231,-0.796281
1.1097,5277,Render,Index_PIP,-17.873210,1.014687,20.628700,0.564585,0.068189,-0.125110,-0.812984
1.1097,5277,Render,Index_DIP,-17.848300,1.021966,20.627910,0.556093,0.119024,-0.050993,-0.820972
1.1097,5277,Render,Index_FingerTip,-17.822310,1.027779,20.631640,0.556093,0.119024,-0.050993,-0.820972
1.1097,5277,Render,Middle_MCP,-17.908570,0.974281,20.628890,0.599359,0.052750,-0.173000,-0.779780
1.1097,5277,Render,Middle_PIP,-17.859210,0.991867,20.622280,0.582233,0.151721,-0.040870,-0.797694
1.1097,5277,Render,Middle_DIP,-17.832860,0.998572,20.627670,0.552923,0.237256,0.079127,-0.794812
1.1097,5277,Render,Middle_FingerTip,-17.808100,1.002437,20.640820,0.552923,0.237256,0.079127,-0.794812
1.1097,5277,Render,Ring_MCP,-17.904550,0.950332,20.625070,0.619066,0.049595,-0.190359,-0.760303
1.1097,5277,Render,Ring_PIP,-17.861610,0.966660,20.617610,0.606253,0.134757,-0.083352,-0.779327
1.1097,5277,Render,Ring_DIP,-17.836590,0.974387,20.620490,0.584743,0.209233,0.014384,-0.783640
1.1097,5277,Render,Ring_FingerTip,-17.813060,0.980118,20.629380,0.584743,0.209233,0.014384,-0.783640
1.1097,5277,Render,Pinky_MCP,-17.904900,0.927964,20.625060,0.631038,0.058855,-0.187473,-0.750454
1.1097,5277,Render,Pinky_PIP,-17.868570,0.941967,20.619220,0.615675,0.150390,-0.075856,-0.769788
1.1097,5277,Render,Pinky_DIP,-17.851270,0.947507,20.621750,0.590543,0.230068,0.026060,-0.773077
1.1097,5277,Render,Pinky_FingerTip,-17.834160,0.951941,20.629160,0.590543,0.230068,0.026060,-0.773077
1.1234,5278,Real,Wrist,-18.008930,0.927560,20.655170,0.591113,-0.042486,-0.284300,-0.753628
1.1234,5278,Real,Thumb_CMC,-17.985060,0.968413,20.654040,-0.184626,0.098700,-0.300218,-0.930613
1.1234,5278,Real,Thumb_MCP,-17.949910,0.991349,20.666980,-0.195790,0.074125,-0.177987,-0.961505
1.1234,5278,Real,Thumb_IP,-17.904540,1.006707,20.677380,-0.207595,0.027073,0.048087,-0.976657
1.1234,5278,Real,Thumb_FingerTip,-17.876210,1.003710,20.678320,-0.207595,0.027073,0.048087,-0.976657
1.1234,5278,Real,Index_MCP,-17.923720,0.998056,20.625320,0.556947,0.061826,-0.114809,-0.820248
1.1234,5278,Real,Index_PIP,-17.878480,1.010101,20.624090,0.554247,0.082599,-0.084071,-0.823966
1.1234,5278,Real,Index_DIP,-17.853250,1.016074,20.625200,0.551155,0.101197,-0.056305,-0.826328
1.1234,5278,Real,Index_FingerTip,-17.827070,1.021577,20.628030,0.551155,0.101197,-0.056305,-0.826328
1.1234,5278,Real,Middle_MCP,-17.916890,0.973662,20.614800,0.586483,0.085191,-0.116173,-0.797048
1.1234,5278,Real,Middle_PIP,-17.866280,0.988717,20.614780,0.561269,0.190253,0.030464,-0.804893
1.1234,5278,Real,Middle_DIP,-17.840610,0.993278,20.624210,0.522591,0.279497,0.161710,-0.789070
1.1234,5278,Real,Middle_FingerTip,-17.818210,0.994323,20.641480,0.522591,0.279497,0.161710,-0.789070
1.1234,5278,Real,Ring_MCP,-17.913090,0.949732,20.610660,0.604001,0.096376,-0.120902,-0.781842
1.1234,5278,Real,Ring_PIP,-17.868780,0.963947,20.610870,0.576523,0.204272,0.022832,-0.790806
1.1234,5278,Real,Ring_DIP,-17.844660,0.969201,20.620080,0.535420,0.295688,0.151682,-0.776458
1.1234,5278,Real,Ring_FingerTip,-17.824560,0.971293,20.636120,0.535420,0.295688,0.151682,-0.776458
1.1234,5278,Real,Pinky_MCP,-17.913390,0.927363,20.610610,0.615424,0.103980,-0.123760,-0.771444
1.1234,5278,Real,Pinky_PIP,-17.876080,0.939920,20.610930,0.586379,0.213820,0.018136,-0.781097
1.1234,5278,Real,Pinky_DIP,-17.859420,0.944001,20.617440,0.543583,0.306718,0.145464,-0.767647
1.1234,5278,Real,Pinky_FingerTip,-17.844680,0.946110,20.629500,0.543583,0.306718,0.145464,-0.767647
1.1234,5278,Virtual,Wrist,-18.006440,0.928007,20.659220,0.597011,-0.029817,-0.272826,-0.753827
1.1234,5278,Virtual,Thumb_CMC,-17.982470,0.968812,20.658860,-0.177963,0.115263,-0.302717,-0.929197
1.1234,5278,Virtual,Thumb_MCP,-17.947770,0.991714,20.673000,-0.191314,0.091408,-0.180648,-0.960422
1.1234,5278,Virtual,Thumb_IP,-17.902760,1.007012,20.684990,-0.207216,0.044922,0.045248,-0.976215
1.1234,5278,Virtual,Thumb_FingerTip,-17.874490,1.003964,20.686960,-0.207216,0.044922,0.045248,-0.976215
1.1234,5278,Virtual,Index_MCP,-17.920070,0.998269,20.632310,0.559979,0.075916,-0.104040,-0.818436
1.1234,5278,Virtual,Index_PIP,-17.874800,1.010226,20.632670,0.556750,0.096793,-0.073377,-0.821752
1.1234,5278,Virtual,Index_DIP,-17.849610,1.016153,20.634680,0.553179,0.115467,-0.045692,-0.823756
1.1234,5278,Virtual,Index_FingerTip,-17.823540,1.021615,20.638430,0.553179,0.115467,-0.045692,-0.823756
1.1234,5278,Virtual,Middle_MCP,-17.912920,0.973836,20.622090,0.589528,0.098830,-0.104922,-0.794783
1.1234,5278,Virtual,Middle_PIP,-17.862310,0.988796,20.623850,0.561789,0.204218,0.041116,-0.800624
1.1234,5278,Virtual,Middle_DIP,-17.837000,0.993332,20.634200,0.520819,0.293359,0.171521,-0.783115
1.1234,5278,Virtual,Middle_FingerTip,-17.815240,0.994377,20.652260,0.520819,0.293359,0.171521,-0.783115
1.1234,5278,Virtual,Ring_MCP,-17.909030,0.949889,20.618150,0.607122,0.109716,-0.109363,-0.779362
1.1234,5278,Virtual,Ring_PIP,-17.864720,0.964021,20.619920,0.577174,0.217957,0.033730,-0.786275
1.1234,5278,Virtual,Ring_DIP,-17.840940,0.969252,20.629980,0.533827,0.309295,0.161694,-0.770209
1.1234,5278,Virtual,Ring_FingerTip,-17.821430,0.971346,20.646720,0.533827,0.309295,0.161694,-0.770209
1.1234,5278,Virtual,Pinky_MCP,-17.909370,0.927521,20.618140,0.618589,0.117117,-0.112034,-0.768817
1.1234,5278,Virtual,Pinky_PIP,-17.872060,0.940008,20.619770,0.587110,0.227313,0.029192,-0.776389
1.1234,5278,Virtual,Pinky_DIP,-17.855650,0.944073,20.626870,0.542101,0.320149,0.155602,-0.761196
1.1234,5278,Virtual,Pinky_FingerTip,-17.841340,0.946185,20.639450,0.542101,0.320149,0.155602,-0.761196
1.1234,5278,Render,Wrist,-18.006440,0.928007,20.659220,0.597011,-0.029817,-0.272826,-0.753827
1.1234,5278,Render,Thumb_CMC,-17.982470,0.968812,20.658860,-0.138444,0.128733,-0.304845,-0.933451
1.1234,5278,Render,Thumb_MCP,-17.948180,0.992237,20.673120,-0.151373,0.113248,-0.203638,-0.960621
1.1234,5278,Render,Thumb_IP,-17.904470,1.009739,20.686810,-0.171650,0.079216,0.001022,-0.981968
1.1234,5278,Render,Thumb_FingerTip,-17.876330,1.008907,20.691240,-0.171650,0.079216,0.001022,-0.981968
1.1234,5278,Render,Index_MCP,-17.920070,0.998269,20.632310,0.565098,-0.001880,-0.215697,-0.796326
1.1234,5278,Render,Index_PIP,-17.877610,1.014257,20.620750,0.562423,0.054956,-0.134523,-0.813981
1.1234,5278,Render,Index_DIP,-17.852750,1.021546,20.619140,0.555137,0.105650,-0.060277,-0.822817
1.1234,5278,Render,Index_FingerTip,-17.826640,1.027369,20.622020,0.555137,0.105650,-0.060277,-0.822817
1.1234,5278,Render,Middle_MCP,-17.912920,0.973836,20.622090,0.596410,0.040073,-0.182970,-0.780520
1.1234,5278,Render,Middle_PIP,-17.863820,0.991443,20.613870,0.581434,0.138729,-0.050578,-0.800082
1.1234,5278,Render,Middle_DIP,-17.837310,0.998158,20.618390,0.554080,0.224291,0.069886,-0.798627
1.1234,5278,Render,Middle_FingerTip,-17.812130,1.002033,20.630720,0.554080,0.224291,0.069886,-0.798627
1.1234,5278,Render,Ring_MCP,-17.909030,0.949889,20.618150,0.615831,0.037242,-0.200647,-0.760991
1.1234,5278,Render,Ring_PIP,-17.866360,0.966235,20.609280,0.604758,0.122075,-0.093446,-0.781431
1.1234,5278,Render,Ring_DIP,-17.841260,0.973972,20.611330,0.584839,0.196464,0.004631,-0.786984
1.1234,5278,Render,Ring_FingerTip,-17.817460,0.979713,20.619450,0.584839,0.196464,0.004631,-0.786984
1.1234,5278,Render,Pinky_MCP,-17.909370,0.927521,20.618140,0.627847,0.046664,-0.197956,-0.751295
1.1234,5278,Render,Pinky_PIP,-17.873250,0.941539,20.611110,0.614298,0.137864,-0.086103,-0.772151
1.1234,5278,Render,Pinky_DIP,-17.855880,0.947086,20.613080,0.590826,0.217470,0.016213,-0.776768
1.1234,5278,Render,Pinky_FingerTip,-17.838540,0.951526,20.619920,0.590826,0.217470,0.016213,-0.776768
1.1373,5279,Real,Wrist,-18.011450,0.927299,20.651030,0.585953,-0.054199,-0.293758,-0.753278
1.1373,5279,Real,Thumb_CMC,-17.987630,0.968159,20.649210,-0.190086,0.084101,-0.297249,-0.931900
1.1373,5279,Real,Thumb_MCP,-17.952100,0.991082,20.661050,-0.199327,0.058945,-0.174877,-0.962400
1.1373,5279,Real,Thumb_IP,-17.906410,1.006433,20.670030,-0.207542,0.011486,0.051319,-0.976812
1.1373,5279,Real,Thumb_FingerTip,-17.878070,1.003440,20.670060,-0.207542,0.011486,0.051319,-0.976812
1.1373,5279,Real,Index_MCP,-17.927240,0.997857,20.618600,0.554427,0.048909,-0.123672,-0.821538
1.1373,5279,Real,Index_PIP,-17.882070,1.009912,20.615940,0.552212,0.069597,-0.092880,-0.825586
1.1373,5279,Real,Index_DIP,-17.856810,1.015888,20.616260,0.549558,0.088134,-0.065055,-0.828243
1.1373,5279,Real,Index_FingerTip,-17.830560,1.021393,20.618270,0.549558,0.088134,-0.065055,-0.828243
1.1373,5279,Real,Middle_MCP,-17.920740,0.973479,20.607830,0.583953,0.072644,-0.125486,-0.798734
1.1373,5279,Real,Middle_PIP,-17.870160,0.988545,20.606220,0.561060,0.177455,0.021611,-0.808242
1.1373,5279,Real,Middle_DIP,-17.844210,0.993096,20.614840,0.524477,0.266838,0.153524,-0.793822
1.1373,5279,Real,Middle_FingerTip,-17.821280,0.994120,20.631390,0.524477,0.266838,0.153524,-0.793822
1.1373,5279,Real,Ring_MCP,-17.917080,0.949557,20.603530,0.601404,0.084075,-0.130484,-0.783721
1.1373,5279,Real,Ring_PIP,-17.872780,0.963780,20.602360,0.576199,0.191703,0.013750,-0.794390
1.1373,5279,Real,Ring_DIP,-17.848390,0.969025,20.610800,0.537153,0.283236,0.143307,-0.781478
1.1373,5279,Real,Ring_FingerTip,-17.827790,0.971096,20.626190,0.537153,0.283236,0.143307,-0.781478
1.1373,5279,Real,Pinky_MCP,-17.917380,0.927188,20.603460,0.612788,0.091846,-0.133517,-0.773453
1.1373,5279,Real,Pinky_PIP,-17.880080,0.939752,20.602610,0.585986,0.201409,0.008906,-0.784842
1.1373,5279,Real,Pinky_DIP,-17.863220,0.943826,20.608600,0.545223,0.294410,0.136969,-0.772849
1.1373,5279,Real,Pinky_FingerTip,-17.848100,0.945920,20.620180,0.545223,0.294410,0.136969,-0.772849
1.1373,5279,Virtual,Wrist,-18.008930,0.927560,20.655180,0.591113,-0.042486,-0.284300,-0.753628
1.1373,5279,Virtual,Thumb_CMC,-17.985060,0.968413,20.654050,-0.184626,0.098700,-0.300218,-0.930613
1.1373,5279,Virtual,Thumb_MCP,-17.949920,0.991349,20.666980,-0.195791,0.074125,-0.177987,-0.961505
1.1373,5279,Virtual,Thumb_IP,-17.904540,1.006707,20.677390,-0.207595,0.027073,0.048087,-0.976658
1.1373,5279,Virtual,Thumb_FingerTip,-17.876210,1.003710,20.678330,-0.207595,0.027073,0.048087,-0.976658
1.1373,5279,Virtual,Index_MCP,-17.923720,0.998056,20.625340,0.556947,0.061825,-0.114809,-0.820248
1.1373,5279,Virtual,Index_PIP,-17.878490,1.010101,20.624100,0.554247,0.082599,-0.084071,-0.823966
1.1373,5279,Virtual,Index_DIP,-17.853250,1.016074,20.625210,0.551155,0.101197,-0.056305,-0.826328
1.1373,5279,Virtual,Index_FingerTip,-17.827070,1.021577,20.628040,0.551155,0.101197,-0.056305,-0.826328
1.1373,5279,Virtual,Middle_MCP,-17.916890,0.973662,20.614810,0.586483,0.085191,-0.116172,-0.797048
1.1373,5279,Virtual,Middle_PIP,-17.866280,0.988718,20.614790,0.561269,0.190253,0.030464,-0.804893
1.1373,5279,Virtual,Middle_DIP,-17.840620,0.993278,20.624220,0.522590,0.279497,0.161710,-0.789070
1.1373,5279,Virtual,Middle_FingerTip,-17.818220,0.994323,20.641490,0.522590,0.279497,0.161710,-0.789070
1.1373,5279,Virtual,Ring_MCP,-17.913090,0.949732,20.610670,0.604001,0.096376,-0.120902,-0.781842
1.1373,5279,Virtual,Ring_PIP,-17.868780,0.963947,20.610890,0.576523,0.204272,0.022832,-0.790806
1.1373,5279,Virtual,Ring_DIP,-17.844670,0.969201,20.620090,0.535420,0.295688,0.151682,-0.776458
1.1373,5279,Virtual,Ring_FingerTip,-17.824560,0.971293,20.636130,0.535420,0.295688,0.151682,-0.776458
1.1373,5279,Virtual,Pinky_MCP,-17.913390,0.927363,20.610620,0.615424,0.103980,-0.123760,-0.771444
1.1373,5279,Virtual,Pinky_PIP,-17.876080,0.939920,20.610940,0.586379,0.213820,0.018137,-0.781097
1.1373,5279,Virtual,Pinky_DIP,-17.859430,0.944001,20.617460,0.543583,0.306718,0.145464,-0.767647
1.1373,5279,Virtual,Pinky_FingerTip,-17.844680,0.946110,20.629510,0.543583,0.306718,0.145464,-0.767647
1.1373,5279,Render,Wrist,-18.008930,0.927560,20.655180,0.591113,-0.042486,-0.284300,-0.753628
1.1373,5279,Render,Thumb_CMC,-17.985060,0.968413,20.654050,-0.145169,0.112132,-0.303045,-0.935156
1.1373,5279,Render,Thumb_MCP,-17.950320,0.991872,20.667120,-0.156292,0.096024,-0.201667,-0.962124
1.1373,5279,Render,Thumb_IP,-17.906180,1.009426,20.679270,-0.172871,0.061345,0.003263,-0.983027
1.1373,5279,Render,Thumb_FingerTip,-17.877900,1.008639,20.682680,-0.172871,0.061345,0.003263,-0.983027
1.1373,5279,Render,Index_MCP,-17.923720,0.998056,20.625340,0.560156,-0.015420,-0.226613,-0.796640
1.1373,5279,Render,Index_PIP,-17.881720,1.014155,20.612300,0.558867,0.040989,-0.145352,-0.815390
1.1373,5279,Render,Index_DIP,-17.856950,1.021497,20.609820,0.552861,0.091417,-0.070934,-0.825201
1.1373,5279,Render,Index_FingerTip,-17.830770,1.027365,20.611760,0.552861,0.091417,-0.070934,-0.825201
1.1373,5279,Render,Middle_MCP,-17.916890,0.973662,20.614810,0.592031,0.026802,-0.194389,-0.781661
1.1373,5279,Render,Middle_PIP,-17.868150,0.991385,20.604870,0.579323,0.124915,-0.061649,-0.803107
1.1373,5279,Render,Middle_DIP,-17.841510,0.998142,20.608450,0.554063,0.210317,0.059394,-0.803277
1.1373,5279,Render,Middle_FingerTip,-17.815910,1.002037,20.619880,0.554063,0.210317,0.059394,-0.803277
1.1373,5279,Render,Ring_MCP,-17.913090,0.949732,20.610670,0.611156,0.024364,-0.212398,-0.762090
1.1373,5279,Render,Ring_PIP,-17.870810,0.966183,20.600320,0.601910,0.108674,-0.104932,-0.784146
1.1373,5279,Render,Ring_DIP,-17.845670,0.973964,20.601480,0.583683,0.182812,-0.006427,-0.791109
1.1373,5279,Render,Ring_FingerTip,-17.821600,0.979733,20.608750,0.583683,0.182812,-0.006427,-0.791109
1.1373,5279,Render,Pinky_MCP,-17.913390,0.927363,20.610620,0.623222,0.033968,-0.209903,-0.752584
1.1373,5279,Render,Pinky_PIP,-17.877580,0.941469,20.602330,0.611577,0.124628,-0.097733,-0.775171
1.1373,5279,Render,Pinky_DIP,-17.860160,0.947046,20.603690,0.589870,0.203991,0.005081,-0.781291
1.1373,5279,Render,Pinky_FingerTip,-17.842600,0.951504,20.609910,0.589870,0.203991,0.005081,-0.781291
1.1520,5280,Real,Wrist,-18.013740,0.926872,20.646360,0.580918,-0.066408,-0.302928,-0.752569
1.1520,5280,Real,Thumb_CMC,-17.989970,0.967718,20.643790,-0.195085,0.069243,-0.293838,-0.933170
1.1520,5280,Real,Thumb_MCP,-17.954060,0.990612,20.654500,-0.202372,0.043567,-0.171332,-0.963220
1.1520,5280,Real,Thumb_IP,-17.908100,1.005931,20.662010,-0.206967,-0.004179,0.054958,-0.976794
1.1520,5280,Real,Thumb_FingerTip,-17.879770,1.002920,20.661130,-0.206967,-0.004179,0.054958,-0.976794
1.1520,5280,Real,Index_MCP,-17.930580,0.997397,20.611280,0.552145,0.035550,-0.132306,-0.822416
1.1520,5280,Real,Index_PIP,-17.885510,1.009426,20.607170,0.550431,0.056162,-0.101475,-0.826786
1.1520,5280,Real,Index_DIP,-17.860250,1.015387,20.606680,0.548230,0.074647,-0.073604,-0.829732
1.1520,5280,Real,Index_FingerTip,-17.833940,1.020874,20.607850,0.548230,0.074647,-0.073604,-0.829732
1.1520,5280,Real,Middle_MCP,-17.924450,0.973022,20.600290,0.581652,0.059640,-0.134595,-0.800006
1.1520,5280,Real,Middle_PIP,-17.873930,0.988058,20.597050,0.561158,0.164249,0.012885,-0.811146
1.1520,5280,Real,Middle_DIP,-17.847720,0.992588,20.604840,0.526734,0.253826,0.145391,-0.798114
1.1520,5280,Real,Middle_FingerTip,-17.824260,0.993588,20.620640,0.526734,0.253826,0.145391,-0.798114
1.1520,5280,Real,Ring_MCP,-17.920930,0.949100,20.595860,0.599029,0.071307,-0.139874,-0.785185
1.1520,5280,Real,Ring_PIP,-17.876690,0.963297,20.593270,0.576178,0.178716,0.004781,-0.797532
1.1520,5280,Real,Ring_DIP,-17.852030,0.968521,20.600930,0.539253,0.270419,0.134972,-0.786043
1.1520,5280,Real,Ring_FingerTip,-17.830950,0.970572,20.615650,0.539253,0.270419,0.134972,-0.786043
1.1520,5280,Real,Pinky_MCP,-17.921250,0.926731,20.595780,0.610367,0.079239,-0.143090,-0.775047
1.1520,5280,Real,Pinky_PIP,-17.883990,0.939273,20.593740,0.585890,0.188573,-0.000220,-0.788145
1.1520,5280,Real,Pinky_DIP,-17.866950,0.943333,20.599190,0.547225,0.281730,0.128505,-0.777599
1.1520,5280,Real,Pinky_FingerTip,-17.851460,0.945411,20.610280,0.547225,0.281730,0.128505,-0.777599
1.1520,5280,Virtual,Wrist,-18.011450,0.927300,20.651030,0.585952,-0.054199,-0.293759,-0.753278
1.1520,5280,Virtual,Thumb_CMC,-17.987640,0.968159,20.649210,-0.190087,0.084101,-0.297249,-0.931900
1.1520,5280,Virtual,Thumb_MCP,-17.952110,0.991082,20.661050,-0.199327,0.058945,-0.174877,-0.962400
1.1520,5280,Virtual,Thumb_IP,-17.906420,1.006434,20.670040,-0.207543,0.011486,0.051319,-0.976812
1.1520,5280,Virtual,Thumb_FingerTip,-17.878070,1.003441,20.670070,-0.207543,0.011486,0.051319,-0.976812
1.1520,5280,Virtual,Index_MCP,-17.927250,0.997858,20.618600,0.554427,0.048909,-0.123673,-0.821538
1.1520,5280,Virtual,Index_PIP,-17.882070,1.009913,20.615940,0.552211,0.069597,-0.092880,-0.825586
1.1520,5280,Virtual,Index_DIP,-17.856820,1.015889,20.616270,0.549558,0.088134,-0.065055,-0.828243
1.1520,5280,Virtual,Index_FingerTip,-17.830560,1.021393,20.618270,0.549558,0.088134,-0.065055,-0.828243
1.1520,5280,Virtual,Middle_MCP,-17.920750,0.973480,20.607830,0.583953,0.072645,-0.125486,-0.798734
1.1520,5280,Virtual,Middle_PIP,-17.870170,0.988546,20.606220,0.561059,0.177455,0.021611,-0.808242
1.1520,5280,Virtual,Middle_DIP,-17.844220,0.993097,20.614850,0.524476,0.266838,0.153524,-0.793822
1.1520,5280,Virtual,Middle_FingerTip,-17.821290,0.994120,20.631390,0.524476,0.266838,0.153524,-0.793822
1.1520,5280,Virtual,Ring_MCP,-17.917090,0.949557,20.603530,0.601404,0.084075,-0.130484,-0.783721
1.1520,5280,Virtual,Ring_PIP,-17.872790,0.963781,20.602360,0.576199,0.191703,0.013749,-0.794390
1.1520,5280,Virtual,Ring_DIP,-17.848400,0.969025,20.610800,0.537153,0.283236,0.143307,-0.781478
1.1520,5280,Virtual,Ring_FingerTip,-17.827790,0.971097,20.626200,0.537153,0.283236,0.143307,-0.781478
1.1520,5280,Virtual,Pinky_MCP,-17.917390,0.927189,20.603460,0.612788,0.091846,-0.133517,-0.773453
1.1520,5280,Virtual,Pinky_PIP,-17.880080,0.939752,20.602620,0.585985,0.201409,0.008906,-0.784842
1.1520,5280,Virtual,Pinky_DIP,-17.863230,0.943826,20.608600,0.545222,0.294410,0.136968,-0.772849
1.1520,5280,Virtual,Pinky_FingerTip,-17.848110,0.945921,20.620180,0.545222,0.294410,0.136968,-0.772849
1.1520,5280,Render,Wrist,-18.011450,0.927300,20.651030,0.585952,-0.054199,-0.293759,-0.753278
1.1520,5280,Render,Thumb_CMC,-17.987640,0.968159,20.649210,-0.150685,0.097465,-0.300694,-0.936685
1.1520,5280,Render,Thumb_MCP,-17.952500,0.991605,20.661210,-0.160213,0.080852,-0.199166,-0.963394
1.1520,5280,Render,Thumb_IP,-17.908000,1.009150,20.671970,-0.173544,0.045690,0.005974,-0.983748
1.1520,5280,Render,Thumb_FingerTip,-17.879630,1.008363,20.674480,-0.173544,0.045690,0.005974,-0.983748
1.1520,5280,Render,Index_MCP,-17.927250,0.997858,20.618600,0.555882,-0.027866,-0.235570,-0.796697
1.1520,5280,Render,Index_PIP,-17.885680,1.013984,20.604260,0.555866,0.028176,-0.154258,-0.816348
1.1520,5280,Render,Index_DIP,-17.861010,1.021334,20.601010,0.551033,0.078385,-0.079717,-0.826961
1.1520,5280,Render,Index_FingerTip,-17.834780,1.027205,20.602130,0.551033,0.078385,-0.079717,-0.826961
1.1520,5280,Render,Middle_MCP,-17.920750,0.973480,20.607830,0.588273,0.014567,-0.203824,-0.782418
1.1520,5280,Render,Middle_PIP,-17.872360,0.991228,20.596370,0.577653,0.112225,-0.070826,-0.805423
1.1520,5280,Render,Middle_DIP,-17.845620,0.997984,20.599110,0.554314,0.197520,0.050667,-0.806942
1.1520,5280,Render,Middle_FingerTip,-17.819670,1.001867,20.609720,0.554314,0.197520,0.050667,-0.806942
1.1520,5280,Render,Ring_MCP,-17.917090,0.949557,20.603530,0.607125,0.012455,-0.222135,-0.762824
1.1520,5280,Render,Ring_PIP,-17.875160,0.966032,20.591870,0.599565,0.096322,-0.114474,-0.786219
1.1520,5280,Render,Ring_DIP,-17.849990,0.973817,20.592240,0.582894,0.170265,-0.015636,-0.794355
1.1520,5280,Render,Ring_FingerTip,-17.825700,0.979579,20.598750,0.582894,0.170265,-0.015636,-0.794355
1.1520,5280,Render,Pinky_MCP,-17.917390,0.927189,20.603460,0.619234,0.022208,-0.219824,-0.753481
1.1520,5280,Render,Pinky_PIP,-17.881860,0.941314,20.594060,0.609350,0.112412,-0.107417,-0.777507
1.1520,5280,Render,Pinky_DIP,-17.864400,0.946892,20.594870,0.589269,0.191589,-0.004211,-0.784881
1.1520,5280,Render,Pinky_FingerTip,-17.846650,0.951344,20.600530,0.589269,0.191589,-0.004211,-0.784881
1.1658,5281,Real,Wrist,-18.016440,0.926658,20.641980,0.576054,-0.078792,-0.312393,-0.751242
1.1658,5281,Real,Thumb_CMC,-17.992770,0.967503,20.638610,-0.199654,0.053879,-0.290627,-0.934222
1.1658,5281,Real,Thumb_MCP,-17.956530,0.990402,20.648130,-0.204927,0.027743,-0.168012,-0.963851
1.1658,5281,Real,Thumb_IP,-17.910350,1.005725,20.654130,-0.205811,-0.020167,0.058334,-0.976644
1.1658,5281,Real,Thumb_FingerTip,-17.882060,1.002714,20.652320,-0.205811,-0.020167,0.058334,-0.976644
1.1658,5281,Real,Index_MCP,-17.934470,0.997167,20.604160,0.550096,0.022048,-0.141347,-0.822758
1.1658,5281,Real,Index_PIP,-17.889560,1.009195,20.598570,0.548887,0.042593,-0.110497,-0.827466
1.1658,5281,Real,Index_DIP,-17.864330,1.015155,20.597250,0.547144,0.061033,-0.082598,-0.830715
1.1658,5281,Real,Index_FingerTip,-17.838000,1.020643,20.597550,0.547144,0.061033,-0.082598,-0.830715
1.1658,5281,Real,Middle_MCP,-17.928710,0.972787,20.592990,0.579555,0.046502,-0.144124,-0.800738
1.1658,5281,Real,Middle_PIP,-17.878320,0.987822,20.588090,0.561481,0.150949,0.003647,-0.813597
1.1658,5281,Real,Middle_DIP,-17.851870,0.992356,20.595020,0.529229,0.240757,0.136678,-0.802043
1.1658,5281,Real,Middle_FingerTip,-17.827910,0.993363,20.610040,0.529229,0.240757,0.136678,-0.802043
1.1658,5281,Real,Ring_MCP,-17.925340,0.948862,20.588450,0.596840,0.058408,-0.149690,-0.786107
1.1658,5281,Real,Ring_PIP,-17.881210,0.963059,20.584420,0.576363,0.165635,-0.004706,-0.800218
1.1658,5281,Real,Ring_DIP,-17.856310,0.968287,20.591260,0.541572,0.257544,0.126051,-0.790242
1.1658,5281,Real,Ring_FingerTip,-17.834750,0.970344,20.605280,0.541572,0.257544,0.126051,-0.790242
1.1658,5281,Real,Pinky_MCP,-17.925660,0.926494,20.588400,0.608122,0.066506,-0.153093,-0.776098
1.1658,5281,Real,Pinky_PIP,-17.888480,0.939035,20.585130,0.585990,0.175643,-0.009867,-0.790992
1.1658,5281,Real,Pinky_DIP,-17.871270,0.943097,20.590020,0.549436,0.268990,0.119452,-0.781982
1.1658,5281,Real,Pinky_FingerTip,-17.855430,0.945181,20.600590,0.549436,0.268990,0.119452,-0.781982
1.1658,5281,Virtual,Wrist,-18.013750,0.926873,20.646370,0.580918,-0.066407,-0.302928,-0.752569
1.1658,5281,Virtual,Thumb_CMC,-17.989980,0.967718,20.643800,-0.195085,0.069244,-0.293839,-0.933170
1.1658,5281,Virtual,Thumb_MCP,-17.954070,0.990613,20.654510,-0.202372,0.043568,-0.171332,-0.963220
1.1658,5281,Virtual,Thumb_IP,-17.908100,1.005931,20.662030,-0.206967,-0.004179,0.054958,-0.976795
1.1658,5281,Virtual,Thumb_FingerTip,-17.879780,1.002921,20.661140,-0.206967,-0.004179,0.054958,-0.976795
1.1658,5281,Virtual,Index_MCP,-17.930580,0.997397,20.611280,0.552145,0.035550,-0.132305,-0.822416
1.1658,5281,Virtual,Index_PIP,-17.885510,1.009427,20.607180,0.550431,0.056163,-0.101475,-0.826786
1.1658,5281,Virtual,Index_DIP,-17.860250,1.015387,20.606690,0.548230,0.074647,-0.073604,-0.829732
1.1658,5281,Virtual,Index_FingerTip,-17.833940,1.020874,20.607850,0.548230,0.074647,-0.073604,-0.829732
1.1658,5281,Virtual,Middle_MCP,-17.924450,0.973022,20.600290,0.581652,0.059641,-0.134594,-0.800005
1.1658,5281,Virtual,Middle_PIP,-17.873940,0.988058,20.597070,0.561158,0.164250,0.012885,-0.811146
1.1658,5281,Virtual,Middle_DIP,-17.847720,0.992588,20.604850,0.526734,0.253826,0.145391,-0.798114
1.1658,5281,Virtual,Middle_FingerTip,-17.824270,0.993588,20.620650,0.526734,0.253826,0.145391,-0.798114
1.1658,5281,Virtual,Ring_MCP,-17.920940,0.949100,20.595870,0.599029,0.071307,-0.139873,-0.785185
1.1658,5281,Virtual,Ring_PIP,-17.876700,0.963297,20.593280,0.576178,0.178717,0.004781,-0.797532
1.1658,5281,Virtual,Ring_DIP,-17.852040,0.968522,20.600930,0.539253,0.270420,0.134972,-0.786043
1.1658,5281,Virtual,Ring_FingerTip,-17.830950,0.970572,20.615660,0.539253,0.270420,0.134972,-0.786043
1.1658,5281,Virtual,Pinky_MCP,-17.921260,0.926731,20.595790,0.610367,0.079240,-0.143090,-0.775047
1.1658,5281,Virtual,Pinky_PIP,-17.883990,0.939273,20.593750,0.585890,0.188573,-0.000220,-0.788145
1.1658,5281,Virtual,Pinky_DIP,-17.866950,0.943333,20.599200,0.547225,0.281730,0.128505,-0.777599
1.1658,5281,Virtual,Pinky_FingerTip,-17.851470,0.945411,20.610290,0.547225,0.281730,0.128505,-0.777599
1.1658,5281,Render,Wrist,-18.013750,0.926873,20.646370,0.580918,-0.066407,-0.302928,-0.752569
1.1658,5281,Render,Thumb_CMC,-17.989980,0.967718,20.643800,-0.155740,0.082517,-0.297911,-0.938182
1.1658,5281,Render,Thumb_MCP,-17.954460,0.991135,20.654680,-0.163647,0.065451,-0.196240,-0.964586
1.1658,5281,Render,Thumb_IP,-17.909620,1.008647,20.664010,-0.173694,0.029911,0.009084,-0.984304
1.1658,5281,Render,Thumb_FingerTip,-17.881180,1.007841,20.665600,-0.173694,0.029911,0.009084,-0.984304
1.1658,5281,Render,Index_MCP,-17.930580,0.997397,20.611280,0.551783,-0.040784,-0.244241,-0.796378
1.1658,5281,Render,Index_PIP,-17.889490,1.013507,20.595620,0.553088,0.014911,-0.162918,-0.816903
1.1658,5281,Render,Index_DIP,-17.864930,1.020844,20.591580,0.549466,0.064924,-0.088291,-0.828298
1.1658,5281,Render,Index_FingerTip,-17.838670,1.026698,20.591860,0.549466,0.064924,-0.088291,-0.828298
1.1658,5281,Render,Middle_MCP,-17.924450,0.973022,20.600290,0.584699,0.001854,-0.213013,-0.782783
1.1658,5281,Render,Middle_PIP,-17.876440,0.990747,20.587300,0.576243,0.099095,-0.079826,-0.807312
1.1658,5281,Render,Middle_DIP,-17.849620,0.997485,20.589180,0.554887,0.184327,0.042052,-0.810158
1.1658,5281,Render,Middle_FingerTip,-17.823340,1.001346,20.598950,0.554887,0.184327,0.042052,-0.810158
1.1658,5281,Render,Ring_MCP,-17.920940,0.949100,20.595870,0.603258,0.000058,-0.231632,-0.763169
1.1658,5281,Render,Ring_PIP,-17.879400,0.965556,20.582870,0.597450,0.083509,-0.123831,-0.787875
1.1658,5281,Render,Ring_DIP,-17.854230,0.973325,20.582440,0.582392,0.157287,-0.024715,-0.797163
1.1658,5281,Render,Ring_FingerTip,-17.829740,0.979068,20.588160,0.582392,0.157287,-0.024715,-0.797163
1.1658,5281,Render,Pinky_MCP,-17.921260,0.926731,20.595790,0.615409,0.009955,-0.229516,-0.753987
1.1658,5281,Render,Pinky_PIP,-17.886040,0.940841,20.585260,0.607356,0.099732,-0.116931,-0.779423
1.1658,5281,Render,Pinky_DIP,-17.868560,0.946407,20.585510,0.588960,0.178756,-0.013391,-0.788032
1.1658,5281,Render,Pinky_FingerTip,-17.850640,0.950845,20.590600,0.588960,0.178756,-0.013391,-0.788032
1.1800,5282,Real,Wrist,-18.018640,0.926645,20.637080,0.571107,-0.091130,-0.322403,-0.749393
1.1800,5282,Real,Thumb_CMC,-17.995140,0.967515,20.632900,-0.204126,0.038020,-0.287948,-0.934866
1.1800,5282,Real,Thumb_MCP,-17.958640,0.990474,20.641180,-0.207320,0.011450,-0.165313,-0.964137
1.1800,5282,Real,Thumb_IP,-17.912300,1.005871,20.645620,-0.204393,-0.036558,0.060952,-0.976306
1.1800,5282,Real,Thumb_FingerTip,-17.884090,1.002905,20.642880,-0.204393,-0.036558,0.060952,-0.976306
1.1800,5282,Real,Index_MCP,-17.938060,0.997219,20.596490,0.547982,0.008554,-0.151031,-0.822699
1.1800,5282,Real,Index_PIP,-17.893380,1.009296,20.589390,0.547279,0.029029,-0.120177,-0.827769
1.1800,5282,Real,Index_DIP,-17.868220,1.015284,20.587230,0.545993,0.047423,-0.092263,-0.831343
1.1800,5282,Real,Index_FingerTip,-17.841890,1.020804,20.586640,0.545993,0.047423,-0.092263,-0.831343
1.1800,5282,Real,Middle_MCP,-17.932640,0.972837,20.585140,0.577367,0.033389,-0.154298,-0.801077
1.1800,5282,Real,Middle_PIP,-17.882470,0.987927,20.578560,0.561710,0.137657,-0.006296,-0.815778
1.1800,5282,Real,Middle_DIP,-17.855810,0.992498,20.584590,0.531628,0.227682,0.127225,-0.805821
1.1800,5282,Real,Middle_FingerTip,-17.831360,0.993546,20.598800,0.531628,0.227682,0.127225,-0.805821
1.1800,5282,Real,Ring_MCP,-17.929400,0.948912,20.580520,0.594543,0.045547,-0.160148,-0.786637
1.1800,5282,Real,Ring_PIP,-17.885450,0.963158,20.575000,0.576436,0.152570,-0.014895,-0.802635
1.1800,5282,Real,Ring_DIP,-17.860340,0.968421,20.581000,0.543777,0.244666,0.116394,-0.794291
1.1800,5282,Real,Ring_FingerTip,-17.838330,0.970516,20.594290,0.543777,0.244666,0.116394,-0.794291
1.1800,5282,Real,Pinky_MCP,-17.929700,0.926543,20.580500,0.605757,0.053816,-0.163737,-0.776758
1.1800,5282,Real,Pinky_PIP,-17.892660,0.939125,20.575980,0.585965,0.162735,-0.020215,-0.793570
1.1800,5282,Real,Pinky_DIP,-17.875300,0.943213,20.580290,0.551519,0.256251,0.109664,-0.786216
1.1800,5282,Real,Pinky_FingerTip,-17.859130,0.945324,20.590320,0.551519,0.256251,0.109664,-0.786216
1.1800,5282,Virtual,Wrist,-18.016450,0.926658,20.641980,0.576055,-0.078791,-0.312393,-0.751242
1.1800,5282,Virtual,Thumb_CMC,-17.992770,0.967502,20.638620,-0.199645,0.053894,-0.290745,-0.934187
1.1800,5282,Virtual,Thumb_MCP,-17.956540,0.990411,20.648140,-0.204918,0.027768,-0.168174,-0.963823
1.1800,5282,Virtual,Thumb_IP,-17.910360,1.005747,20.654150,-0.205810,-0.020125,0.058095,-0.976659
1.1800,5282,Virtual,Thumb_FingerTip,-17.882080,1.002749,20.652340,-0.205810,-0.020125,0.058095,-0.976659
1.1800,5282,Virtual,Index_MCP,-17.934480,0.997167,20.604160,0.550096,0.022048,-0.141347,-0.822758
1.1800,5282,Virtual,Index_PIP,-17.889560,1.009195,20.598580,0.548887,0.042593,-0.110497,-0.827466
1.1800,5282,Virtual,Index_DIP,-17.864340,1.015155,20.597260,0.547144,0.061034,-0.082598,-0.830715
1.1800,5282,Virtual,Index_FingerTip,-17.838000,1.020643,20.597560,0.547144,0.061034,-0.082598,-0.830715
1.1800,5282,Virtual,Middle_MCP,-17.928710,0.972787,20.592990,0.579555,0.046502,-0.144124,-0.800738
1.1800,5282,Virtual,Middle_PIP,-17.878330,0.987821,20.588100,0.561481,0.150949,0.003647,-0.813597
1.1800,5282,Virtual,Middle_DIP,-17.851870,0.992356,20.595020,0.529228,0.240757,0.136678,-0.802043
1.1800,5282,Virtual,Middle_FingerTip,-17.827910,0.993363,20.610040,0.529228,0.240757,0.136678,-0.802043
1.1800,5282,Virtual,Ring_MCP,-17.925350,0.948862,20.588460,0.596840,0.058409,-0.149690,-0.786107
1.1800,5282,Virtual,Ring_PIP,-17.881210,0.963059,20.584420,0.576363,0.165635,-0.004706,-0.800218
1.1800,5282,Virtual,Ring_DIP,-17.856320,0.968287,20.591260,0.541572,0.257544,0.126051,-0.790242
1.1800,5282,Virtual,Ring_FingerTip,-17.834760,0.970344,20.605280,0.541572,0.257544,0.126051,-0.790242
1.1800,5282,Virtual,Pinky_MCP,-17.925660,0.926494,20.588410,0.608122,0.066506,-0.153093,-0.776098
1.1800,5282,Virtual,Pinky_PIP,-17.888480,0.939034,20.585140,0.585990,0.175643,-0.009867,-0.790992
1.1800,5282,Virtual,Pinky_DIP,-17.871270,0.943097,20.590020,0.549436,0.268990,0.119452,-0.781983
1.1800,5282,Virtual,Pinky_FingerTip,-17.855440,0.945181,20.600600,0.549436,0.268990,0.119452,-0.781983
1.1800,5282,Render,Wrist,-18.016450,0.926658,20.641980,0.576055,-0.078791,-0.312393,-0.751242
1.1800,5282,Render,Thumb_CMC,-17.992770,0.967502,20.638620,-0.160381,0.067068,-0.295347,-0.939442
1.1800,5282,Render,Thumb_MCP,-17.956920,0.990925,20.648320,-0.166615,0.049596,-0.193556,-0.965565
1.1800,5282,Render,Thumb_IP,-17.911800,1.008441,20.656170,-0.173292,0.013785,0.011913,-0.984702
1.1800,5282,Render,Thumb_FingerTip,-17.883330,1.007636,20.656830,-0.173292,0.013785,0.011913,-0.984702
1.1800,5282,Render,Index_MCP,-17.934480,0.997167,20.604160,0.547895,-0.053875,-0.253244,-0.795473
1.1800,5282,Render,Index_PIP,-17.893920,1.013269,20.587150,0.550535,0.001495,-0.171966,-0.816907
1.1800,5282,Render,Index_DIP,-17.869510,1.020605,20.582300,0.548139,0.051332,-0.097301,-0.829121
1.1800,5282,Render,Index_FingerTip,-17.843260,1.026459,20.581720,0.548139,0.051332,-0.097301,-0.829121
1.1800,5282,Render,Middle_MCP,-17.928710,0.972787,20.592990,0.581314,-0.011013,-0.222569,-0.782571
1.1800,5282,Render,Middle_PIP,-17.881150,0.990506,20.578410,0.575046,0.085844,-0.089284,-0.808692
1.1800,5282,Render,Middle_DIP,-17.854280,0.997245,20.579410,0.555689,0.171046,0.032907,-0.812940
1.1800,5282,Render,Middle_FingerTip,-17.827700,1.001111,20.588320,0.555689,0.171046,0.032907,-0.812940
1.1800,5282,Render,Ring_MCP,-17.925350,0.948862,20.588460,0.599561,-0.012492,-0.241488,-0.762925
1.1800,5282,Render,Ring_PIP,-17.884250,0.965312,20.574100,0.595525,0.070568,-0.133627,-0.788996
1.1800,5282,Render,Ring_DIP,-17.859110,0.973081,20.572840,0.582094,0.144208,-0.034294,-0.799497
1.1800,5282,Render,Ring_FingerTip,-17.834450,0.978828,20.577760,0.582094,0.144208,-0.034294,-0.799497
1.1800,5282,Render,Pinky_MCP,-17.925660,0.926494,20.588410,0.611743,-0.002445,-0.239574,-0.753903
1.1800,5282,Render,Pinky_PIP,-17.890810,0.940598,20.576720,0.605540,0.086929,-0.126894,-0.780809
1.1800,5282,Render,Pinky_DIP,-17.873330,0.946165,20.576390,0.588844,0.165826,-0.023084,-0.790716
1.1800,5282,Render,Pinky_FingerTip,-17.855250,0.950606,20.580900,0.588844,0.165826,-0.023084,-0.790716
1.1936,5283,Real,Wrist,-18.020610,0.926605,20.631890,0.565552,-0.103577,-0.332582,-0.747537
1.1936,5283,Real,Thumb_CMC,-17.997320,0.967504,20.626910,-0.209065,0.021892,-0.284868,-0.935234
1.1936,5283,Real,Thumb_MCP,-17.960580,0.990499,20.633940,-0.210144,-0.005189,-0.162170,-0.964113
1.1936,5283,Real,Thumb_IP,-17.914130,1.005938,20.636790,-0.203308,-0.053416,0.064079,-0.975555
1.1936,5283,Real,Thumb_FingerTip,-17.886030,1.002994,20.633080,-0.203308,-0.053416,0.064079,-0.975555
1.1936,5283,Real,Index_MCP,-17.941560,0.997279,20.588570,0.545299,-0.005178,-0.160883,-0.822642
1.1936,5283,Real,Index_PIP,-17.897160,1.009410,20.579950,0.545112,0.015207,-0.130024,-0.828080
1.1936,5283,Real,Index_DIP,-17.872090,1.015429,20.576920,0.544291,0.033536,-0.102094,-0.831985
1.1936,5283,Real,Index_FingerTip,-17.845810,1.020981,20.575440,0.544291,0.033536,-0.102094,-0.831985
1.1936,5283,Real,Middle_MCP,-17.936500,0.972903,20.577050,0.574609,0.020042,-0.164638,-0.801447
1.1936,5283,Real,Middle_PIP,-17.886600,0.988054,20.568750,0.561422,0.124030,-0.016398,-0.818018
1.1936,5283,Real,Middle_DIP,-17.859750,0.992658,20.573870,0.533573,0.214191,0.117626,-0.809683
1.1936,5283,Real,Middle_FingerTip,-17.834830,0.993736,20.587230,0.533573,0.214191,0.117626,-0.809683
1.1936,5283,Real,Ring_MCP,-17.933390,0.948982,20.572320,0.591675,0.032455,-0.170772,-0.787213
1.1936,5283,Real,Ring_PIP,-17.889670,0.963282,20.565290,0.575989,0.139175,-0.025238,-0.805128
1.1936,5283,Real,Ring_DIP,-17.864380,0.968576,20.570430,0.545525,0.231378,0.106596,-0.798439
1.1936,5283,Real,Ring_FingerTip,-17.841930,0.970697,20.582970,0.545525,0.231378,0.106596,-0.798439
1.1936,5283,Real,Pinky_MCP,-17.933660,0.926613,20.572300,0.602822,0.040898,-0.174546,-0.777475
1.1936,5283,Real,Pinky_PIP,-17.896820,0.939241,20.566520,0.585421,0.149499,-0.030715,-0.796235
1.1936,5283,Real,Pinky_DIP,-17.879330,0.943349,20.570230,0.553143,0.243104,0.099741,-0.790560
1.1936,5283,Real,Pinky_FingerTip,-17.862810,0.945480,20.579710,0.553143,0.243104,0.099741,-0.790560
1.1936,5283,Virtual,Wrist,-18.018640,0.926645,20.637090,0.571106,-0.091131,-0.322404,-0.749393
1.1936,5283,Virtual,Thumb_CMC,-17.995140,0.967515,20.632910,-0.204134,0.038004,-0.287830,-0.934901
1.1936,5283,Virtual,Thumb_MCP,-17.958640,0.990466,20.641190,-0.207327,0.011424,-0.165150,-0.964163
1.1936,5283,Virtual,Thumb_IP,-17.912290,1.005848,20.645630,-0.204390,-0.036600,0.061191,-0.976290
1.1936,5283,Virtual,Thumb_FingerTip,-17.884080,1.002869,20.642880,-0.204390,-0.036600,0.061191,-0.976290
1.1936,5283,Virtual,Index_MCP,-17.938070,0.997219,20.596490,0.547981,0.008554,-0.151032,-0.822699
1.1936,5283,Virtual,Index_PIP,-17.893380,1.009296,20.589410,0.547279,0.029029,-0.120177,-0.827769
1.1936,5283,Virtual,Index_DIP,-17.868220,1.015284,20.587230,0.545992,0.047423,-0.092263,-0.831343
1.1936,5283,Virtual,Index_FingerTip,-17.841900,1.020804,20.586650,0.545992,0.047423,-0.092263,-0.831343
1.1936,5283,Virtual,Middle_MCP,-17.932650,0.972837,20.585160,0.577367,0.033389,-0.154298,-0.801078
1.1936,5283,Virtual,Middle_PIP,-17.882480,0.987927,20.578570,0.561710,0.137657,-0.006297,-0.815778
1.1936,5283,Virtual,Middle_DIP,-17.855810,0.992498,20.584600,0.531628,0.227681,0.127225,-0.805821
1.1936,5283,Virtual,Middle_FingerTip,-17.831360,0.993546,20.598820,0.531628,0.227681,0.127225,-0.805821
1.1936,5283,Virtual,Ring_MCP,-17.929410,0.948912,20.580540,0.594543,0.045547,-0.160149,-0.786637
1.1936,5283,Virtual,Ring_PIP,-17.885450,0.963157,20.575010,0.576435,0.152570,-0.014895,-0.802635
1.1936,5283,Virtual,Ring_DIP,-17.860350,0.968421,20.581010,0.543778,0.244666,0.116393,-0.794291
1.1936,5283,Virtual,Ring_FingerTip,-17.838340,0.970516,20.594300,0.543778,0.244666,0.116393,-0.794291
1.1936,5283,Virtual,Pinky_MCP,-17.929700,0.926543,20.580510,0.605757,0.053815,-0.163738,-0.776758
1.1936,5283,Virtual,Pinky_PIP,-17.892670,0.939125,20.575990,0.585965,0.162734,-0.020215,-0.793571
1.1936,5283,Virtual,Pinky_DIP,-17.875310,0.943213,20.580300,0.551519,0.256251,0.109664,-0.786217
1.1936,5283,Virtual,Pinky_FingerTip,-17.859130,0.945324,20.590330,0.551519,0.256251,0.109664,-0.786217
1.1936,5283,Render,Wrist,-18.018640,0.926645,20.637090,0.571106,-0.091131,-0.322404,-0.749393
1.1936,5283,Render,Thumb_CMC,-17.995140,0.967515,20.632910,-0.164950,0.051126,-0.293214,-0.940321
1.1936,5283,Render,Thumb_MCP,-17.959010,0.990988,20.641380,-0.169459,0.033257,-0.191342,-0.966212
1.1936,5283,Render,Thumb_IP,-17.913680,1.008565,20.647710,-0.172669,-0.002788,0.014214,-0.984874
1.1936,5283,Render,Thumb_FingerTip,-17.885190,1.007794,20.647410,-0.172669,-0.002788,0.014214,-0.984874
1.1936,5283,Render,Index_MCP,-17.938070,0.997219,20.596490,0.543943,-0.066950,-0.262828,-0.794081
1.1936,5283,Render,Index_PIP,-17.898130,1.013355,20.578130,0.547919,-0.011911,-0.181642,-0.816486
1.1936,5283,Render,Index_DIP,-17.873890,1.020716,20.572460,0.546747,0.037744,-0.106975,-0.829578
1.1936,5283,Render,Index_FingerTip,-17.847690,1.026600,20.570990,0.546747,0.037744,-0.106975,-0.829578
1.1936,5283,Render,Middle_MCP,-17.932650,0.972837,20.585160,0.577840,-0.023846,-0.232727,-0.781902
1.1936,5283,Render,Middle_PIP,-17.885630,0.990600,20.568980,0.573755,0.072613,-0.099412,-0.809722
1.1936,5283,Render,Middle_DIP,-17.858750,0.997372,20.569080,0.556395,0.157771,0.023048,-0.815477
1.1936,5283,Render,Middle_FingerTip,-17.831890,1.001276,20.577090,0.556395,0.157771,0.023048,-0.815477
1.1936,5283,Render,Ring_MCP,-17.929410,0.948912,20.580540,0.595761,-0.024993,-0.251936,-0.762216
1.1936,5283,Render,Ring_PIP,-17.888840,0.965399,20.564790,0.593490,0.057662,-0.144073,-0.789739
1.1936,5283,Render,Ring_DIP,-17.863770,0.973197,20.562690,0.581683,0.131149,-0.044566,-0.801535
1.1936,5283,Render,Ring_FingerTip,-17.838950,0.978976,20.566780,0.581683,0.131149,-0.044566,-0.801535
1.1936,5283,Render,Pinky_MCP,-17.929700,0.926543,20.580510,0.607963,-0.014788,-0.250225,-0.753359
1.1936,5283,Render,Pinky_PIP,-17.895280,0.940679,20.567650,0.603603,0.074167,-0.137510,-0.781827
1.1936,5283,Render,Pinky_DIP,-17.877830,0.946266,20.566740,0.588603,0.152919,-0.033474,-0.793122
1.1936,5283,Render,Pinky_FingerTip,-17.859610,0.950733,20.570630,0.588603,0.152919,-0.033474,-0.793122
1.2074,5284,Real,Wrist,-18.022400,0.926206,20.626260,0.558923,-0.116317,-0.341723,-0.746526
1.2074,5284,Real,Thumb_CMC,-17.999230,0.967083,20.620570,-0.214881,0.006466,-0.280690,-0.935413
1.2074,5284,Real,Thumb_MCP,-17.962240,0.990019,20.626400,-0.213928,-0.021226,-0.158045,-0.963746
1.2074,5284,Real,Thumb_IP,-17.915700,1.005401,20.627710,-0.203305,-0.069877,0.067934,-0.974253
1.2074,5284,Real,Thumb_FingerTip,-17.887740,1.002438,20.623040,-0.203305,-0.069877,0.067934,-0.974253
1.2074,5284,Real,Index_MCP,-17.944760,0.996864,20.580420,0.541581,-0.019383,-0.169543,-0.823146
1.2074,5284,Real,Index_PIP,-17.900660,1.008951,20.570330,0.541927,0.000873,-0.138659,-0.828908
1.2074,5284,Real,Index_DIP,-17.875700,1.014942,20.566460,0.541591,0.019103,-0.110696,-0.833103
1.2074,5284,Real,Index_FingerTip,-17.849480,1.020461,20.564090,0.541591,0.019103,-0.110696,-0.833103
1.2074,5284,Real,Middle_MCP,-17.940130,0.972506,20.568680,0.570865,0.006176,-0.173783,-0.802418
1.2074,5284,Real,Middle_PIP,-17.890520,0.987606,20.558730,0.560256,0.109716,-0.025215,-0.820634
1.2074,5284,Real,Middle_DIP,-17.863510,0.992161,20.562940,0.534765,0.199879,0.109356,-0.813706
1.2074,5284,Real,Middle_FingerTip,-17.838140,0.993174,20.575450,0.534765,0.199879,0.109356,-0.813706
1.2074,5284,Real,Ring_MCP,-17.937220,0.948592,20.563800,0.587848,0.018824,-0.180203,-0.788420
1.2074,5284,Real,Ring_PIP,-17.893740,0.962845,20.555320,0.574696,0.125077,-0.034294,-0.808025
1.2074,5284,Real,Ring_DIP,-17.868280,0.968093,20.559610,0.546552,0.217258,0.098135,-0.802776
1.2074,5284,Real,Ring_FingerTip,-17.845410,0.970155,20.571370,0.546552,0.217258,0.098135,-0.802776
1.2074,5284,Real,Pinky_MCP,-17.937520,0.926224,20.563740,0.598946,0.027428,-0.184164,-0.778842
1.2074,5284,Real,Pinky_PIP,-17.900880,0.938812,20.556740,0.584050,0.135550,-0.039926,-0.799323
1.2074,5284,Real,Pinky_DIP,-17.883260,0.942887,20.559860,0.554070,0.229118,0.091158,-0.795111
1.2074,5284,Real,Pinky_FingerTip,-17.866440,0.944974,20.568780,0.554070,0.229118,0.091158,-0.795111
1.2074,5284,Virtual,Wrist,-18.020620,0.926605,20.631900,0.565552,-0.103577,-0.332582,-0.747537
1.2074,5284,Virtual,Thumb_CMC,-17.997330,0.967504,20.626910,-0.209059,0.021908,-0.284986,-0.935199
1.2074,5284,Virtual,Thumb_MCP,-17.960590,0.990508,20.633940,-0.210141,-0.005163,-0.162333,-0.964086
1.2074,5284,Virtual,Thumb_IP,-17.914150,1.005961,20.636800,-0.203315,-0.053374,0.063840,-0.975571
1.2074,5284,Virtual,Thumb_FingerTip,-17.886040,1.003030,20.633090,-0.203315,-0.053374,0.063840,-0.975571
1.2074,5284,Virtual,Index_MCP,-17.941560,0.997279,20.588570,0.545299,-0.005178,-0.160883,-0.822642
1.2074,5284,Virtual,Index_PIP,-17.897160,1.009410,20.579960,0.545112,0.015207,-0.130024,-0.828080
1.2074,5284,Virtual,Index_DIP,-17.872100,1.015429,20.576930,0.544292,0.033536,-0.102094,-0.831985
1.2074,5284,Virtual,Index_FingerTip,-17.845820,1.020981,20.575440,0.544292,0.033536,-0.102094,-0.831985
1.2074,5284,Virtual,Middle_MCP,-17.936510,0.972903,20.577050,0.574610,0.020042,-0.164638,-0.801447
1.2074,5284,Virtual,Middle_PIP,-17.886610,0.988054,20.568750,0.561422,0.124030,-0.016398,-0.818018
1.2074,5284,Virtual,Middle_DIP,-17.859760,0.992658,20.573870,0.533573,0.214191,0.117626,-0.809683
1.2074,5284,Virtual,Middle_FingerTip,-17.834840,0.993736,20.587240,0.533573,0.214191,0.117626,-0.809683
1.2074,5284,Virtual,Ring_MCP,-17.933400,0.948982,20.572320,0.591675,0.032455,-0.170772,-0.787213
1.2074,5284,Virtual,Ring_PIP,-17.889680,0.963282,20.565290,0.575989,0.139175,-0.025238,-0.805128
1.2074,5284,Virtual,Ring_DIP,-17.864380,0.968576,20.570430,0.545525,0.231378,0.106596,-0.798439
1.2074,5284,Virtual,Ring_FingerTip,-17.841930,0.970697,20.582970,0.545525,0.231378,0.106596,-0.798439
1.2074,5284,Virtual,Pinky_MCP,-17.933660,0.926613,20.572300,0.602822,0.040898,-0.174546,-0.777475
1.2074,5284,Virtual,Pinky_PIP,-17.896820,0.939241,20.566520,0.585420,0.149499,-0.030715,-0.796235
1.2074,5284,Virtual,Pinky_DIP,-17.879330,0.943349,20.570230,0.553143,0.243104,0.099741,-0.790560
1.2074,5284,Virtual,Pinky_FingerTip,-17.862820,0.945480,20.579710,0.553143,0.243104,0.099741,-0.790560
1.2074,5284,Render,Wrist,-18.020620,0.926605,20.631900,0.565552,-0.103577,-0.332582,-0.747537
1.2074,5284,Render,Thumb_CMC,-17.997330,0.967504,20.626910,-0.169988,0.034943,-0.290925,-0.940875
1.2074,5284,Render,Thumb_MCP,-17.960950,0.991021,20.634150,-0.172743,0.016629,-0.189006,-0.966520
1.2074,5284,Render,Thumb_IP,-17.915460,1.008653,20.638920,-0.172416,-0.019735,0.016562,-0.984687
1.2074,5284,Render,Thumb_FingerTip,-17.887000,1.007918,20.637650,-0.172416,-0.019735,0.016562,-0.984687
1.2074,5284,Render,Index_MCP,-17.941560,0.997279,20.588570,0.539397,-0.080182,-0.272578,-0.792669
1.2074,5284,Render,Index_PIP,-17.902300,1.013464,20.568850,0.544726,-0.025533,-0.191484,-0.816062
1.2074,5284,Render,Index_DIP,-17.878280,1.020854,20.562350,0.544800,0.023889,-0.116816,-0.830046
1.2074,5284,Render,Index_FingerTip,-17.852140,1.026771,20.559990,0.544800,0.023889,-0.116816,-0.830046
1.2074,5284,Render,Middle_MCP,-17.936510,0.972903,20.577050,0.573777,-0.036855,-0.243053,-0.781248
1.2074,5284,Render,Middle_PIP,-17.890090,0.990724,20.559280,0.571913,0.059108,-0.109702,-0.810795
1.2074,5284,Render,Middle_DIP,-17.863220,0.997529,20.558460,0.556597,0.144143,0.013035,-0.818079
1.2074,5284,Render,Middle_FingerTip,-17.836110,1.001466,20.565540,0.556597,0.144143,0.013035,-0.818079
1.2074,5284,Render,Ring_MCP,-17.933400,0.948982,20.572320,0.591367,-0.037654,-0.262554,-0.761533
1.2074,5284,Render,Ring_PIP,-17.893410,0.965519,20.555200,0.590890,0.044515,-0.154682,-0.790532
1.2074,5284,Render,Ring_DIP,-17.868430,0.973348,20.552240,0.580742,0.117780,-0.054994,-0.803644
1.2074,5284,Render,Ring_FingerTip,-17.843500,0.979158,20.555480,0.580742,0.117780,-0.054994,-0.803644
1.2074,5284,Render,Pinky_MCP,-17.933660,0.926613,20.572300,0.603591,-0.027292,-0.261045,-0.752854
1.2074,5284,Render,Pinky_PIP,-17.899720,0.940792,20.558280,0.601105,0.061158,-0.148288,-0.782907
1.2074,5284,Render,Pinky_DIP,-17.882310,0.946400,20.556770,0.587837,0.139695,-0.044017,-0.795610
1.2074,5284,Render,Pinky_FingerTip,-17.863980,0.950888,20.560030,0.587837,0.139695,-0.044017,-0.795610
1.2215,5285,Real,Wrist,-18.024460,0.925841,20.620850,0.553016,-0.128245,-0.350398,-0.744948
1.2215,5285,Real,Thumb_CMC,-18.001460,0.966708,20.614470,-0.219761,-0.008257,-0.276907,-0.935393
1.2215,5285,Real,Thumb_MCP,-17.964290,0.989614,20.619130,-0.216874,-0.036454,-0.154295,-0.963240
1.2215,5285,Real,Thumb_IP,-17.917720,1.004963,20.618970,-0.202668,-0.085375,0.071467,-0.972898
1.2215,5285,Real,Thumb_FingerTip,-17.889930,1.001987,20.613410,-0.202668,-0.085375,0.071467,-0.972898
1.2215,5285,Real,Index_MCP,-17.948280,0.996490,20.572620,0.538421,-0.032619,-0.177892,-0.823039
1.2215,5285,Real,Index_PIP,-17.904510,1.008557,20.561140,0.539264,-0.012472,-0.147006,-0.829113
1.2215,5285,Real,Index_DIP,-17.879680,1.014536,20.556490,0.539379,0.005676,-0.119032,-0.833589
1.2215,5285,Real,Index_FingerTip,-17.853550,1.020039,20.553290,0.539379,0.005676,-0.119032,-0.833589
1.2215,5285,Real,Middle_MCP,-17.944040,0.972140,20.560720,0.567652,-0.006740,-0.182595,-0.802736
1.2215,5285,Real,Middle_PIP,-17.894760,0.987216,20.549210,0.559442,0.096430,-0.033822,-0.822547
1.2215,5285,Real,Middle_DIP,-17.867630,0.991749,20.552550,0.536134,0.186640,0.101178,-0.817000
1.2215,5285,Real,Middle_FingerTip,-17.841870,0.992734,20.564250,0.536134,0.186640,0.101178,-0.817000
1.2215,5285,Real,Ring_MCP,-17.941300,0.948229,20.555730,0.584542,0.006127,-0.189284,-0.788952
1.2215,5285,Real,Ring_PIP,-17.898110,0.962461,20.545880,0.573746,0.111990,-0.043128,-0.810194
1.2215,5285,Real,Ring_DIP,-17.872520,0.967687,20.549350,0.547752,0.204192,0.089774,-0.806359
1.2215,5285,Real,Ring_FingerTip,-17.849290,0.969723,20.560390,0.547752,0.204192,0.089774,-0.806359
1.2215,5285,Real,Pinky_MCP,-17.941620,0.925860,20.555660,0.595582,0.014880,-0.193421,-0.779519
1.2215,5285,Real,Pinky_PIP,-17.905210,0.938431,20.547500,0.583017,0.122600,-0.048906,-0.801667
1.2215,5285,Real,Pinky_DIP,-17.887500,0.942492,20.550060,0.555165,0.216174,0.082681,-0.798890
1.2215,5285,Real,Pinky_FingerTip,-17.870400,0.944559,20.558440,0.555165,0.216174,0.082681,-0.798890
1.2215,5285,Virtual,Wrist,-18.022400,0.926206,20.626260,0.558923,-0.116317,-0.341723,-0.746526
1.2215,5285,Virtual,Thumb_CMC,-17.999230,0.967083,20.620570,-0.214881,0.006467,-0.280691,-0.935413
1.2215,5285,Virtual,Thumb_MCP,-17.962250,0.990019,20.626400,-0.213928,-0.021225,-0.158045,-0.963746
1.2215,5285,Virtual,Thumb_IP,-17.915710,1.005401,20.627710,-0.203305,-0.069876,0.067934,-0.974253
1.2215,5285,Virtual,Thumb_FingerTip,-17.887750,1.002438,20.623050,-0.203305,-0.069876,0.067934,-0.974253
1.2215,5285,Virtual,Index_MCP,-17.944770,0.996864,20.580430,0.541581,-0.019382,-0.169543,-0.823147
1.2215,5285,Virtual,Index_PIP,-17.900660,1.008951,20.570330,0.541927,0.000874,-0.138658,-0.828908
1.2215,5285,Virtual,Index_DIP,-17.875700,1.014942,20.566470,0.541591,0.019103,-0.110695,-0.833104
1.2215,5285,Virtual,Index_FingerTip,-17.849480,1.020460,20.564100,0.541591,0.019103,-0.110695,-0.833104
1.2215,5285,Virtual,Middle_MCP,-17.940140,0.972506,20.568680,0.570865,0.006177,-0.173783,-0.802418
1.2215,5285,Virtual,Middle_PIP,-17.890520,0.987606,20.558730,0.560256,0.109716,-0.025214,-0.820634
1.2215,5285,Virtual,Middle_DIP,-17.863510,0.992161,20.562940,0.534764,0.199879,0.109356,-0.813706
1.2215,5285,Virtual,Middle_FingerTip,-17.838150,0.993174,20.575460,0.534764,0.199879,0.109356,-0.813706
1.2215,5285,Virtual,Ring_MCP,-17.937220,0.948592,20.563800,0.587848,0.018825,-0.180203,-0.788421
1.2215,5285,Virtual,Ring_PIP,-17.893740,0.962845,20.555320,0.574696,0.125077,-0.034294,-0.808025
1.2215,5285,Virtual,Ring_DIP,-17.868290,0.968092,20.559610,0.546552,0.217259,0.098135,-0.802776
1.2215,5285,Virtual,Ring_FingerTip,-17.845420,0.970154,20.571380,0.546552,0.217259,0.098135,-0.802776
1.2215,5285,Virtual,Pinky_MCP,-17.937520,0.926223,20.563750,0.598946,0.027429,-0.184164,-0.778842
1.2215,5285,Virtual,Pinky_PIP,-17.900880,0.938812,20.556740,0.584050,0.135550,-0.039925,-0.799323
1.2215,5285,Virtual,Pinky_DIP,-17.883270,0.942887,20.559860,0.554070,0.229119,0.091158,-0.795111
1.2215,5285,Virtual,Pinky_FingerTip,-17.866440,0.944974,20.568780,0.554070,0.229119,0.091158,-0.795111
1.2215,5285,Render,Wrist,-18.022400,0.926206,20.626260,0.558923,-0.116317,-0.341723,-0.746526
1.2215,5285,Render,Thumb_CMC,-17.999230,0.967083,20.620570,-0.175913,0.019381,-0.287275,-0.941357
1.2215,5285,Render,Thumb_MCP,-17.962600,0.990533,20.626610,-0.176977,0.000525,-0.185326,-0.966610
1.2215,5285,Render,Thumb_IP,-17.916940,1.008090,20.629880,-0.173201,-0.036367,0.020181,-0.984008
1.2215,5285,Render,Thumb_FingerTip,-17.888540,1.007317,20.627640,-0.173201,-0.036367,0.020181,-0.984008
1.2215,5285,Render,Index_MCP,-17.944770,0.996864,20.580430,0.533759,-0.093739,-0.281225,-0.791977
1.2215,5285,Render,Index_PIP,-17.906160,1.013037,20.559410,0.540480,-0.039588,-0.200156,-0.816243
1.2215,5285,Render,Index_DIP,-17.882370,1.020408,20.552120,0.541844,0.009506,-0.125436,-0.831012
1.2215,5285,Render,Index_FingerTip,-17.856320,1.026293,20.548890,0.541844,0.009506,-0.125436,-0.831012
1.2215,5285,Render,Middle_MCP,-17.940140,0.972506,20.568680,0.568680,-0.050282,-0.252249,-0.781311
1.2215,5285,Render,Middle_PIP,-17.894320,0.990301,20.549390,0.569120,0.045021,-0.118760,-0.812386
1.2215,5285,Render,Middle_DIP,-17.867490,0.997070,20.547670,0.555948,0.129796,0.004318,-0.821010
1.2215,5285,Render,Middle_FingerTip,-17.840150,1.000953,20.553830,0.555948,0.129796,0.004318,-0.821010
1.2215,5285,Render,Ring_MCP,-17.937220,0.948592,20.563800,0.585957,-0.050737,-0.272061,-0.761619
1.2215,5285,Render,Ring_PIP,-17.897820,0.965110,20.545370,0.587342,0.030810,-0.164086,-0.791932
1.2215,5285,Render,Ring_DIP,-17.872940,0.972910,20.541570,0.578929,0.103740,-0.064151,-0.806204
1.2215,5285,Render,Ring_FingerTip,-17.847910,0.978678,20.543970,0.578929,0.103740,-0.064151,-0.806204
1.2215,5285,Render,Pinky_MCP,-17.937520,0.926223,20.563750,0.598222,-0.040239,-0.270756,-0.753129
1.2215,5285,Render,Pinky_PIP,-17.904050,0.940385,20.548600,0.597684,0.047566,-0.157854,-0.784598
1.2215,5285,Render,Pinky_DIP,-17.886700,0.945972,20.546510,0.586234,0.125771,-0.053277,-0.798544
1.2215,5285,Render,Pinky_FingerTip,-17.868260,0.950427,20.549170,0.586234,0.125771,-0.053277,-0.798544
1.2355,5286,Real,Wrist,-18.026160,0.925748,20.615250,0.548993,-0.138690,-0.357004,-0.742913
1.2355,5286,Real,Thumb_CMC,-18.003280,0.966572,20.608190,-0.222496,-0.020648,-0.273262,-0.935627
1.2355,5286,Real,Thumb_MCP,-17.965970,0.989429,20.611830,-0.217990,-0.049104,-0.150610,-0.963009
1.2355,5286,Real,Thumb_IP,-17.919400,1.004701,20.610410,-0.200837,-0.097957,0.075075,-0.971820
1.2355,5286,Real,Thumb_FingerTip,-17.891770,1.001664,20.604130,-0.200837,-0.097957,0.075075,-0.971820
1.2355,5286,Real,Index_MCP,-17.951180,0.996205,20.564910,0.536797,-0.043923,-0.184361,-0.822151
1.2355,5286,Real,Index_PIP,-17.907710,1.008193,20.552260,0.538063,-0.023829,-0.153504,-0.828467
1.2355,5286,Real,Index_DIP,-17.883010,1.014129,20.546950,0.538560,-0.005715,-0.125547,-0.833162
1.2355,5286,Real,Index_FingerTip,-17.856960,1.019591,20.543050,0.538560,-0.005715,-0.125547,-0.833162
1.2355,5286,Real,Middle_MCP,-17.947290,0.971828,20.552950,0.565961,-0.017804,-0.189484,-0.802164
1.2355,5286,Real,Middle_PIP,-17.898310,0.986816,20.540120,0.559788,0.085243,-0.040700,-0.823235
1.2355,5286,Real,Middle_DIP,-17.871090,0.991319,20.542740,0.538305,0.175660,0.094504,-0.818805
1.2355,5286,Real,Middle_FingerTip,-17.845040,0.992292,20.553760,0.538305,0.175660,0.094504,-0.818805
1.2355,5286,Real,Ring_MCP,-17.944720,0.947903,20.547930,0.582757,-0.004775,-0.196415,-0.788539
1.2355,5286,Real,Ring_PIP,-17.901770,0.962059,20.536930,0.573968,0.100945,-0.050216,-0.811080
1.2355,5286,Real,Ring_DIP,-17.876100,0.967258,20.539720,0.549774,0.193332,0.082926,-0.808390
1.2355,5286,Real,Ring_FingerTip,-17.852580,0.969283,20.550140,0.549774,0.193332,0.082926,-0.808390
1.2355,5286,Real,Pinky_MCP,-17.945060,0.925535,20.547910,0.593739,0.004090,-0.200710,-0.779213
1.2355,5286,Real,Pinky_PIP,-17.908860,0.938042,20.538780,0.583160,0.111654,-0.056131,-0.802687
1.2355,5286,Real,Pinky_DIP,-17.891090,0.942084,20.540870,0.557095,0.205398,0.075720,-0.801077
1.2355,5286,Real,Pinky_FingerTip,-17.873770,0.944144,20.548790,0.557095,0.205398,0.075720,-0.801077
1.2355,5286,Virtual,Wrist,-18.024460,0.925841,20.620860,0.553016,-0.128245,-0.350398,-0.744948
1.2355,5286,Virtual,Thumb_CMC,-18.001460,0.966708,20.614470,-0.219763,-0.008275,-0.276789,-0.935427
1.2355,5286,Virtual,Thumb_MCP,-17.964280,0.989606,20.619130,-0.216872,-0.036482,-0.154133,-0.963265
1.2355,5286,Virtual,Thumb_IP,-17.917710,1.004941,20.618970,-0.202653,-0.085416,0.071705,-0.972880
1.2355,5286,Virtual,Thumb_FingerTip,-17.889930,1.001951,20.613400,-0.202653,-0.085416,0.071705,-0.972880
1.2355,5286,Virtual,Index_MCP,-17.948280,0.996490,20.572630,0.538421,-0.032619,-0.177893,-0.823039
1.2355,5286,Virtual,Index_PIP,-17.904510,1.008558,20.561150,0.539264,-0.012472,-0.147007,-0.829113
1.2355,5286,Virtual,Index_DIP,-17.879690,1.014536,20.556500,0.539378,0.005676,-0.119032,-0.833589
1.2355,5286,Virtual,Index_FingerTip,-17.853550,1.020039,20.553290,0.539378,0.005676,-0.119032,-0.833589
1.2355,5286,Virtual,Middle_MCP,-17.944050,0.972140,20.560730,0.567652,-0.006740,-0.182595,-0.802736
1.2355,5286,Virtual,Middle_PIP,-17.894770,0.987216,20.549210,0.559442,0.096430,-0.033822,-0.822547
1.2355,5286,Virtual,Middle_DIP,-17.867630,0.991749,20.552560,0.536134,0.186639,0.101177,-0.817001
1.2355,5286,Virtual,Middle_FingerTip,-17.841880,0.992734,20.564260,0.536134,0.186639,0.101177,-0.817001
1.2355,5286,Virtual,Ring_MCP,-17.941310,0.948229,20.555730,0.584542,0.006127,-0.189284,-0.788952
1.2355,5286,Virtual,Ring_PIP,-17.898110,0.962461,20.545890,0.573746,0.111990,-0.043128,-0.810194
1.2355,5286,Virtual,Ring_DIP,-17.872520,0.967687,20.549360,0.547752,0.204192,0.089774,-0.806359
1.2355,5286,Virtual,Ring_FingerTip,-17.849290,0.969723,20.560400,0.547752,0.204192,0.089774,-0.806359
1.2355,5286,Virtual,Pinky_MCP,-17.941620,0.925860,20.555670,0.595582,0.014880,-0.193421,-0.779519
1.2355,5286,Virtual,Pinky_PIP,-17.905220,0.938431,20.547510,0.583017,0.122600,-0.048906,-0.801667
1.2355,5286,Virtual,Pinky_DIP,-17.887510,0.942492,20.550070,0.555165,0.216174,0.082681,-0.798890
1.2355,5286,Virtual,Pinky_FingerTip,-17.870400,0.944559,20.558440,0.555165,0.216174,0.082681,-0.798890
1.2355,5286,Render,Wrist,-18.024460,0.925841,20.620860,0.553016,-0.128245,-0.350398,-0.744948
1.2355,5286,Render,Thumb_CMC,-18.001460,0.966708,20.614470,-0.180901,0.004551,-0.284104,-0.941562
1.2355,5286,Render,Thumb_MCP,-17.964640,0.990128,20.619360,-0.180356,-0.014752,-0.182151,-0.966476
1.2355,5286,Render,Thumb_IP,-17.918880,1.007652,20.621190,-0.173322,-0.052014,0.023258,-0.983216
1.2355,5286,Render,Thumb_FingerTip,-17.890570,1.006862,20.618050,-0.173322,-0.052014,0.023258,-0.983216
1.2355,5286,Render,Index_MCP,-17.948280,0.996490,20.572630,0.528807,-0.106415,-0.289481,-0.790722
1.2355,5286,Render,Index_PIP,-17.910360,1.012657,20.550410,0.536828,-0.052698,-0.208497,-0.815824
1.2355,5286,Render,Index_DIP,-17.886800,1.020019,20.542370,0.539394,-0.003880,-0.133780,-0.831350
1.2355,5286,Render,Index_FingerTip,-17.860860,1.025890,20.538310,0.539394,-0.003880,-0.133780,-0.831350
1.2355,5286,Render,Middle_MCP,-17.944050,0.972140,20.560730,0.564205,-0.062818,-0.261049,-0.780756
1.2355,5286,Render,Middle_PIP,-17.898860,0.989923,20.540000,0.566794,0.031915,-0.127530,-0.813304
1.2355,5286,Render,Middle_DIP,-17.872090,0.996676,20.537420,0.555611,0.116490,-0.004216,-0.823231
1.2355,5286,Render,Middle_FingerTip,-17.844560,1.000535,20.542720,0.555611,0.116490,-0.004216,-0.823231
1.2355,5286,Render,Ring_MCP,-17.941310,0.948229,20.555730,0.581174,-0.062956,-0.281141,-0.761074
1.2355,5286,Render,Ring_PIP,-17.902490,0.964738,20.536070,0.584295,0.018047,-0.173155,-0.792648
1.2355,5286,Render,Ring_DIP,-17.877750,0.972525,20.531490,0.577495,0.090696,-0.073059,-0.808045
1.2355,5286,Render,Ring_FingerTip,-17.852650,0.978274,20.533090,0.577495,0.090696,-0.073059,-0.808045
1.2355,5286,Render,Pinky_MCP,-17.941620,0.925860,20.555670,0.593465,-0.052328,-0.280030,-0.752758
1.2355,5286,Render,Pinky_PIP,-17.908640,0.940014,20.539480,0.594744,0.034911,-0.167083,-0.785586
1.2355,5286,Render,Pinky_DIP,-17.891370,0.945591,20.536840,0.584984,0.112840,-0.062296,-0.800738
1.2355,5286,Render,Pinky_FingerTip,-17.872840,0.950032,20.538900,0.584984,0.112840,-0.062296,-0.800738
1.2503,5287,Real,Wrist,-18.027550,0.925469,20.609340,0.547376,-0.149033,-0.361570,-0.739889
1.2503,5287,Real,Thumb_CMC,-18.004720,0.966175,20.601480,-0.221873,-0.032345,-0.269448,-0.936549
1.2503,5287,Real,Thumb_MCP,-17.967270,0.988967,20.604070,-0.215867,-0.060623,-0.146710,-0.963433
1.2503,5287,Real,Thumb_IP,-17.920720,1.004111,20.601440,-0.196119,-0.108678,0.078968,-0.971334
1.2503,5287,Real,Thumb_FingerTip,-17.893240,1.000954,20.594550,-0.196119,-0.108678,0.078968,-0.971334
1.2503,5287,Real,Index_MCP,-17.953510,0.995351,20.556840,0.537526,-0.054534,-0.189022,-0.819977
1.2503,5287,Real,Index_PIP,-17.910310,1.007122,20.543130,0.539189,-0.034405,-0.158243,-0.826469
1.2503,5287,Real,Index_DIP,-17.885710,1.012948,20.537230,0.540041,-0.016248,-0.130351,-0.831325
1.2503,5287,Real,Index_FingerTip,-17.859740,1.018306,20.532720,0.540041,-0.016248,-0.130351,-0.831325
1.2503,5287,Real,Middle_MCP,-17.949960,0.970879,20.544960,0.566593,-0.028344,-0.194720,-0.800158
1.2503,5287,Real,Middle_PIP,-17.901240,0.985638,20.530920,0.562330,0.074940,-0.046292,-0.822208
1.2503,5287,Real,Middle_DIP,-17.873960,0.990084,20.532890,0.542513,0.165864,0.088750,-0.818714
1.2503,5287,Real,Middle_FingerTip,-17.847660,0.991065,20.543300,0.542513,0.165864,0.088750,-0.818714
1.2503,5287,Real,Ring_MCP,-17.947560,0.946912,20.540050,0.583286,-0.015121,-0.201775,-0.786661
1.2503,5287,Real,Ring_PIP,-17.904840,0.960865,20.528000,0.576363,0.090867,-0.055828,-0.810205
1.2503,5287,Real,Ring_DIP,-17.879100,0.966007,20.530180,0.553784,0.183780,0.077247,-0.808444
1.2503,5287,Real,Ring_FingerTip,-17.855350,0.968036,20.540050,0.553784,0.183780,0.077247,-0.808444
1.2503,5287,Real,Pinky_MCP,-17.947970,0.924546,20.540210,0.594199,-0.006183,-0.206238,-0.777403
1.2503,5287,Real,Pinky_PIP,-17.911950,0.936882,20.530180,0.585475,0.101635,-0.061895,-0.801909
1.2503,5287,Real,Pinky_DIP,-17.894130,0.940886,20.531840,0.561015,0.195892,0.069906,-0.801251
1.2503,5287,Real,Pinky_FingerTip,-17.876630,0.942951,20.539360,0.561015,0.195892,0.069906,-0.801251
1.2503,5287,Virtual,Wrist,-18.027550,0.925469,20.609350,0.547376,-0.149032,-0.361570,-0.739889
1.2503,5287,Virtual,Thumb_CMC,-18.004720,0.966175,20.601490,-0.221873,-0.032344,-0.269448,-0.936549
1.2503,5287,Virtual,Thumb_MCP,-17.967280,0.988967,20.604080,-0.215867,-0.060622,-0.146709,-0.963433
1.2503,5287,Virtual,Thumb_IP,-17.920720,1.004111,20.601450,-0.196119,-0.108678,0.078969,-0.971335
1.2503,5287,Virtual,Thumb_FingerTip,-17.893250,1.000954,20.594550,-0.196119,-0.108678,0.078969,-0.971335
1.2503,5287,Virtual,Index_MCP,-17.953520,0.995351,20.556840,0.537526,-0.054534,-0.189022,-0.819978
1.2503,5287,Virtual,Index_PIP,-17.910310,1.007122,20.543140,0.539189,-0.034405,-0.158243,-0.826470
1.2503,5287,Virtual,Index_DIP,-17.885720,1.012948,20.537240,0.540041,-0.016247,-0.130351,-0.831325
1.2503,5287,Virtual,Index_FingerTip,-17.859750,1.018306,20.532720,0.540041,-0.016247,-0.130351,-0.831325
1.2503,5287,Virtual,Middle_MCP,-17.949970,0.970879,20.544970,0.566593,-0.028344,-0.194720,-0.800158
1.2503,5287,Virtual,Middle_PIP,-17.901250,0.985638,20.530920,0.562330,0.074940,-0.046292,-0.822208
1.2503,5287,Virtual,Middle_DIP,-17.873960,0.990085,20.532900,0.542513,0.165864,0.088750,-0.818714
1.2503,5287,Virtual,Middle_FingerTip,-17.847660,0.991065,20.543310,0.542513,0.165864,0.088750,-0.818714
1.2503,5287,Virtual,Ring_MCP,-17.947570,0.946913,20.540070,0.583286,-0.015121,-0.201775,-0.786661
1.2503,5287,Virtual,Ring_PIP,-17.904840,0.960865,20.528000,0.576363,0.090867,-0.055827,-0.810205
1.2503,5287,Virtual,Ring_DIP,-17.879100,0.966007,20.530190,0.553784,0.183780,0.077247,-0.808444
1.2503,5287,Virtual,Ring_FingerTip,-17.855350,0.968037,20.540060,0.553784,0.183780,0.077247,-0.808444
1.2503,5287,Virtual,Pinky_MCP,-17.947980,0.924546,20.540210,0.594199,-0.006183,-0.206238,-0.777403
1.2503,5287,Virtual,Pinky_PIP,-17.911960,0.936882,20.530190,0.585475,0.101635,-0.061894,-0.801909
1.2503,5287,Virtual,Pinky_DIP,-17.894130,0.940886,20.531850,0.561015,0.195892,0.069907,-0.801251
1.2503,5287,Virtual,Pinky_FingerTip,-17.876630,0.942951,20.539360,0.561015,0.195892,0.069907,-0.801251
1.2503,5287,Render,Wrist,-18.026170,0.925748,20.615250,0.548993,-0.138690,-0.357005,-0.742913
1.2503,5287,Render,Thumb_CMC,-18.003290,0.966572,20.608190,-0.183719,-0.007937,-0.281094,-0.941897
1.2503,5287,Render,Thumb_MCP,-17.966320,0.989952,20.612070,-0.181828,-0.027470,-0.179122,-0.966488
1.2503,5287,Render,Thumb_IP,-17.920510,1.007418,20.612660,-0.172111,-0.064759,0.026223,-0.982597
1.2503,5287,Render,Thumb_FingerTip,-17.892290,1.006585,20.608780,-0.172111,-0.064759,0.026223,-0.982597
1.2503,5287,Render,Index_MCP,-17.951180,0.996205,20.564910,0.525642,-0.117388,-0.295766,-0.788951
1.2503,5287,Render,Index_PIP,-17.913840,1.012280,20.541680,0.534783,-0.063934,-0.214928,-0.814694
1.2503,5287,Render,Index_DIP,-17.890490,1.019595,20.533010,0.538375,-0.015255,-0.140287,-0.830807
1.2503,5287,Render,Index_FingerTip,-17.864660,1.025424,20.528260,0.538375,-0.015255,-0.140287,-0.830807
1.2503,5287,Render,Middle_MCP,-17.947290,0.971828,20.552950,0.561429,-0.073661,-0.267848,-0.779506
1.2503,5287,Render,Middle_PIP,-17.902640,0.989511,20.531000,0.565860,0.020761,-0.134442,-0.813202
1.2503,5287,Render,Middle_DIP,-17.875950,0.996223,20.527730,0.556360,0.105322,-0.011065,-0.824166
1.2503,5287,Render,Middle_FingerTip,-17.848280,1.000056,20.532290,0.556360,0.105322,-0.011065,-0.824166
1.2503,5287,Render,Ring_MCP,-17.944720,0.947903,20.547930,0.578114,-0.073571,-0.288174,-0.759821
1.2503,5287,Render,Ring_PIP,-17.906420,0.964324,20.527230,0.582733,0.007110,-0.180293,-0.792380
1.2503,5287,Render,Ring_DIP,-17.881790,0.972069,20.521980,0.577308,0.079651,-0.080175,-0.808668
1.2503,5287,Render,Ring_FingerTip,-17.856650,0.977787,20.522920,0.577308,0.079651,-0.080175,-0.808668
1.2503,5287,Render,Pinky_MCP,-17.945070,0.925535,20.547920,0.590418,-0.062842,-0.287239,-0.751633
1.2503,5287,Render,Pinky_PIP,-17.912500,0.939614,20.530840,0.593265,0.024065,-0.174379,-0.785525
1.2503,5287,Render,Pinky_DIP,-17.895290,0.945164,20.527740,0.584945,0.101893,-0.069537,-0.801637
1.2503,5287,Render,Pinky_FingerTip,-17.876720,0.949583,20.529310,0.584945,0.101893,-0.069537,-0.801637
1.2637,5288,Real,Wrist,-18.027550,0.925469,20.609340,0.547376,-0.149033,-0.361570,-0.739889
1.2637,5288,Real,Thumb_CMC,-18.004720,0.966175,20.601480,-0.221873,-0.032345,-0.269448,-0.936549
1.2637,5288,Real,Thumb_MCP,-17.967270,0.988967,20.604070,-0.215867,-0.060623,-0.146710,-0.963433
1.2637,5288,Real,Thumb_IP,-17.920720,1.004111,20.601440,-0.196119,-0.108678,0.078968,-0.971334
1.2637,5288,Real,Thumb_FingerTip,-17.893240,1.000954,20.594550,-0.196119,-0.108678,0.078968,-0.971334
1.2637,5288,Real,Index_MCP,-17.953510,0.995351,20.556840,0.537526,-0.054534,-0.189022,-0.819977
1.2637,5288,Real,Index_PIP,-17.910310,1.007122,20.543130,0.539189,-0.034405,-0.158243,-0.826469
1.2637,5288,Real,Index_DIP,-17.885710,1.012948,20.537230,0.540041,-0.016248,-0.130351,-0.831325
1.2637,5288,Real,Index_FingerTip,-17.859740,1.018306,20.532720,0.540041,-0.016248,-0.130351,-0.831325
1.2637,5288,Real,Middle_MCP,-17.949960,0.970879,20.544960,0.566593,-0.028344,-0.194720,-0.800158
1.2637,5288,Real,Middle_PIP,-17.901240,0.985638,20.530920,0.562330,0.074940,-0.046292,-0.822208
1.2637,5288,Real,Middle_DIP,-17.873960,0.990084,20.532890,0.542513,0.165864,0.088750,-0.818714
1.2637,5288,Real,Middle_FingerTip,-17.847660,0.991065,20.543300,0.542513,0.165864,0.088750,-0.818714
1.2637,5288,Real,Ring_MCP,-17.947560,0.946912,20.540050,0.583286,-0.015121,-0.201775,-0.786661
1.2637,5288,Real,Ring_PIP,-17.904840,0.960865,20.528000,0.576363,0.090867,-0.055828,-0.810205
1.2637,5288,Real,Ring_DIP,-17.879100,0.966007,20.530180,0.553784,0.183780,0.077247,-0.808444
1.2637,5288,Real,Ring_FingerTip,-17.855350,0.968036,20.540050,0.553784,0.183780,0.077247,-0.808444
1.2637,5288,Real,Pinky_MCP,-17.947970,0.924546,20.540210,0.594199,-0.006183,-0.206238,-0.777403
1.2637,5288,Real,Pinky_PIP,-17.911950,0.936882,20.530180,0.585475,0.101635,-0.061895,-0.801909
1.2637,5288,Real,Pinky_DIP,-17.894130,0.940886,20.531840,0.561015,0.195892,0.069906,-0.801251
1.2637,5288,Real,Pinky_FingerTip,-17.876630,0.942951,20.539360,0.561015,0.195892,0.069906,-0.801251
1.2637,5288,Virtual,Wrist,-18.027550,0.925469,20.609350,0.547376,-0.149033,-0.361570,-0.739889
1.2637,5288,Virtual,Thumb_CMC,-18.004720,0.966175,20.601490,-0.221873,-0.032345,-0.269448,-0.936549
1.2637,5288,Virtual,Thumb_MCP,-17.967280,0.988967,20.604080,-0.215867,-0.060623,-0.146710,-0.963433
1.2637,5288,Virtual,Thumb_IP,-17.920720,1.004111,20.601450,-0.196119,-0.108678,0.078968,-0.971334
1.2637,5288,Virtual,Thumb_FingerTip,-17.893250,1.000954,20.594550,-0.196119,-0.108678,0.078968,-0.971334
1.2637,5288,Virtual,Index_MCP,-17.953520,0.995351,20.556840,0.537526,-0.054534,-0.189022,-0.819977
1.2637,5288,Virtual,Index_PIP,-17.910310,1.007122,20.543140,0.539189,-0.034405,-0.158243,-0.826469
1.2637,5288,Virtual,Index_DIP,-17.885720,1.012948,20.537240,0.540041,-0.016248,-0.130351,-0.831325
1.2637,5288,Virtual,Index_FingerTip,-17.859750,1.018306,20.532720,0.540041,-0.016248,-0.130351,-0.831325
1.2637,5288,Virtual,Middle_MCP,-17.949970,0.970879,20.544970,0.566593,-0.028344,-0.194720,-0.800158
1.2637,5288,Virtual,Middle_PIP,-17.901250,0.985638,20.530920,0.562330,0.074940,-0.046292,-0.822208
1.2637,5288,Virtual,Middle_DIP,-17.873960,0.990084,20.532900,0.542513,0.165864,0.088750,-0.818714
1.2637,5288,Virtual,Middle_FingerTip,-17.847660,0.991065,20.543310,0.542513,0.165864,0.088750,-0.818714
1.2637,5288,Virtual,Ring_MCP,-17.947570,0.946913,20.540070,0.583286,-0.015121,-0.201775,-0.786661
1.2637,5288,Virtual,Ring_PIP,-17.904840,0.960865,20.528000,0.576363,0.090867,-0.055828,-0.810205
1.2637,5288,Virtual,Ring_DIP,-17.879100,0.966007,20.530190,0.553784,0.183780,0.077247,-0.808444
1.2637,5288,Virtual,Ring_FingerTip,-17.855350,0.968037,20.540060,0.553784,0.183780,0.077247,-0.808444
1.2637,5288,Virtual,Pinky_MCP,-17.947980,0.924546,20.540210,0.594199,-0.006183,-0.206238,-0.777403
1.2637,5288,Virtual,Pinky_PIP,-17.911960,0.936882,20.530190,0.585475,0.101635,-0.061895,-0.801909
1.2637,5288,Virtual,Pinky_DIP,-17.894130,0.940886,20.531850,0.561015,0.195892,0.069906,-0.801251
1.2637,5288,Virtual,Pinky_FingerTip,-17.876630,0.942951,20.539360,0.561015,0.195892,0.069906,-0.801251
1.2637,5288,Render,Wrist,-18.027550,0.925469,20.609350,0.547376,-0.149033,-0.361570,-0.739889
1.2637,5288,Render,Thumb_CMC,-18.004720,0.966175,20.601490,-0.183610,-0.019913,-0.277763,-0.942730
1.2637,5288,Render,Thumb_MCP,-17.967620,0.989493,20.604310,-0.180442,-0.039366,-0.175721,-0.966961
1.2637,5288,Render,Thumb_IP,-17.921770,1.006852,20.603690,-0.168277,-0.076105,0.029647,-0.982351
1.2637,5288,Render,Thumb_FingerTip,-17.893660,1.005921,20.599150,-0.168277,-0.076105,0.029647,-0.982351
1.2637,5288,Render,Index_MCP,-17.953520,0.995351,20.556840,0.524904,-0.127999,-0.300083,-0.786157
1.2637,5288,Render,Index_PIP,-17.916650,1.011153,20.532670,0.535115,-0.074564,-0.219504,-0.812349
1.2637,5288,Render,Index_DIP,-17.893490,1.018339,20.523430,0.539668,-0.025812,-0.145057,-0.828885
1.2637,5288,Render,Index_FingerTip,-17.867760,1.024058,20.518070,0.539668,-0.025812,-0.145057,-0.828885
1.2637,5288,Render,Middle_MCP,-17.949970,0.970879,20.544970,0.561030,-0.084121,-0.272735,-0.777036
1.2637,5288,Render,Middle_PIP,-17.905770,0.988277,20.521910,0.567207,0.010380,-0.139672,-0.811579
1.2637,5288,Render,Middle_DIP,-17.879130,0.994887,20.517980,0.559247,0.095260,-0.016479,-0.823345
1.2637,5288,Render,Middle_FingerTip,-17.851360,0.998671,20.521900,0.559247,0.095260,-0.016479,-0.823345
1.2637,5288,Render,Ring_MCP,-17.947570,0.946913,20.540070,0.577418,-0.083906,-0.293275,-0.757324
1.2637,5288,Render,Ring_PIP,-17.909690,0.963075,20.518390,0.583473,-0.003222,-0.185690,-0.790613
1.2637,5288,Render,Ring_DIP,-17.885170,0.970711,20.512550,0.579329,0.069491,-0.085751,-0.807586
1.2637,5288,Render,Ring_FingerTip,-17.859990,0.976362,20.512880,0.579329,0.069491,-0.085751,-0.807586
1.2637,5288,Render,Pinky_MCP,-17.947980,0.924546,20.540210,0.589718,-0.073102,-0.292527,-0.749211
1.2637,5288,Render,Pinky_PIP,-17.915760,0.938409,20.522320,0.594071,0.013813,-0.179964,-0.783902
1.2637,5288,Render,Pinky_DIP,-17.898620,0.943887,20.518790,0.587092,0.091837,-0.075287,-0.800763
1.2637,5288,Render,Pinky_FingerTip,-17.880000,0.948263,20.519920,0.587092,0.091837,-0.075287,-0.800763
1.2778,5289,Real,Wrist,-18.031330,0.925680,20.598390,0.543379,-0.169600,-0.371658,-0.733380
1.2778,5289,Real,Thumb_CMC,-18.008740,0.966180,20.588950,-0.221998,-0.055294,-0.262354,-0.937460
1.2778,5289,Real,Thumb_MCP,-17.971140,0.988858,20.589510,-0.213028,-0.083424,-0.139438,-0.963440
1.2778,5289,Real,Thumb_IP,-17.924690,1.003774,20.584540,-0.188080,-0.130256,0.086261,-0.969649
1.2778,5289,Real,Thumb_FingerTip,-17.897590,1.000403,20.576410,-0.188080,-0.130256,0.086261,-0.969649
1.2778,5289,Real,Index_MCP,-17.959550,0.994550,20.541600,0.538226,-0.075953,-0.199566,-0.815302
1.2778,5289,Real,Index_PIP,-17.916990,1.005960,20.525740,0.540709,-0.055591,-0.168661,-0.822251
1.2778,5289,Real,Index_DIP,-17.892660,1.011599,20.518640,0.542285,-0.037197,-0.140640,-0.827505
1.2778,5289,Real,Index_FingerTip,-17.866910,1.016775,20.512870,0.542285,-0.037197,-0.140640,-0.827505
1.2778,5289,Real,Middle_MCP,-17.956640,0.969911,20.529900,0.567077,-0.049479,-0.206231,-0.795892
1.2778,5289,Real,Middle_PIP,-17.908590,0.984282,20.513390,0.566642,0.054234,-0.058400,-0.820101
1.2778,5289,Real,Middle_DIP,-17.881220,0.988641,20.514020,0.550154,0.146134,0.076448,-0.818615
1.2778,5289,Real,Middle_FingerTip,-17.854460,0.989650,20.523170,0.550154,0.146134,0.076448,-0.818615
1.2778,5289,Real,Ring_MCP,-17.954570,0.945872,20.525200,0.583545,-0.036034,-0.213782,-0.782607
1.2778,5289,Real,Ring_PIP,-17.912400,0.959487,20.510970,0.580410,0.070337,-0.068385,-0.808394
1.2778,5289,Real,Ring_DIP,-17.886570,0.964550,20.511870,0.561132,0.164178,0.064549,-0.808709
1.2778,5289,Real,Ring_FingerTip,-17.862370,0.966610,20.520590,0.561132,0.164178,0.064549,-0.808709
1.2778,5289,Real,Pinky_MCP,-17.955050,0.923512,20.525670,0.594312,-0.026939,-0.218570,-0.773495
1.2778,5289,Real,Pinky_PIP,-17.919500,0.935564,20.513800,0.589350,0.081233,-0.074745,-0.800301
1.2778,5289,Real,Pinky_DIP,-17.901600,0.939515,20.514570,0.568173,0.176387,0.056952,-0.801763
1.2778,5289,Real,Pinky_FingerTip,-17.883750,0.941605,20.521220,0.568173,0.176387,0.056952,-0.801763
1.2778,5289,Virtual,Wrist,-18.027550,0.925469,20.609350,0.547376,-0.149033,-0.361570,-0.739889
1.2778,5289,Virtual,Thumb_CMC,-18.004720,0.966175,20.601490,-0.221875,-0.032308,-0.269689,-0.936481
1.2778,5289,Virtual,Thumb_MCP,-17.967290,0.988985,20.604080,-0.215867,-0.060613,-0.146838,-0.963414
1.2778,5289,Virtual,Thumb_IP,-17.920730,1.004140,20.601470,-0.196097,-0.108713,0.079054,-0.971328
1.2778,5289,Virtual,Thumb_FingerTip,-17.893270,1.000978,20.594560,-0.196097,-0.108713,0.079054,-0.971328
1.2778,5289,Virtual,Index_MCP,-17.953520,0.995351,20.556840,0.537514,-0.054652,-0.189202,-0.819936
1.2778,5289,Virtual,Index_PIP,-17.910320,1.007129,20.543120,0.539193,-0.034331,-0.158130,-0.826491
1.2778,5289,Virtual,Index_DIP,-17.885720,1.012953,20.537230,0.540048,-0.016001,-0.129971,-0.831384
1.2778,5289,Virtual,Index_FingerTip,-17.859750,1.018301,20.532730,0.540048,-0.016001,-0.129971,-0.831384
1.2778,5289,Virtual,Middle_MCP,-17.949970,0.970879,20.544970,0.566584,-0.028532,-0.194985,-0.800094
1.2778,5289,Virtual,Middle_PIP,-17.901260,0.985648,20.530890,0.562357,0.074744,-0.046578,-0.822192
1.2778,5289,Virtual,Middle_DIP,-17.873980,0.990101,20.532850,0.542573,0.165667,0.088453,-0.818746
1.2778,5289,Virtual,Middle_FingerTip,-17.847670,0.991090,20.543240,0.542573,0.165667,0.088453,-0.818746
1.2778,5289,Virtual,Ring_MCP,-17.947570,0.946913,20.540070,0.583281,-0.015316,-0.202037,-0.786594
1.2778,5289,Virtual,Ring_PIP,-17.904860,0.960872,20.527980,0.576395,0.090664,-0.056112,-0.810186
1.2778,5289,Virtual,Ring_DIP,-17.879110,0.966021,20.530140,0.553851,0.183576,0.076950,-0.808473
1.2778,5289,Virtual,Ring_FingerTip,-17.855350,0.968057,20.540000,0.553851,0.183576,0.076950,-0.808473
1.2778,5289,Virtual,Pinky_MCP,-17.947980,0.924546,20.540210,0.594197,-0.006381,-0.206497,-0.777334
1.2778,5289,Virtual,Pinky_PIP,-17.911970,0.936887,20.530160,0.585511,0.101429,-0.062176,-0.801888
1.2778,5289,Virtual,Pinky_DIP,-17.894140,0.940896,20.531810,0.561087,0.195685,0.069612,-0.801276
1.2778,5289,Virtual,Pinky_FingerTip,-17.876640,0.942965,20.539310,0.561087,0.195685,0.069612,-0.801276
1.2778,5289,Render,Wrist,-18.027550,0.925469,20.609350,0.547376,-0.149033,-0.361570,-0.739889
1.2778,5289,Render,Thumb_CMC,-18.004720,0.966175,20.601490,-0.183610,-0.019913,-0.277763,-0.942730
1.2778,5289,Render,Thumb_MCP,-17.967620,0.989493,20.604310,-0.180442,-0.039366,-0.175721,-0.966961
1.2778,5289,Render,Thumb_IP,-17.921770,1.006852,20.603690,-0.168277,-0.076105,0.029647,-0.982351
1.2778,5289,Render,Thumb_FingerTip,-17.893660,1.005921,20.599150,-0.168277,-0.076105,0.029647,-0.982351
1.2778,5289,Render,Index_MCP,-17.953520,0.995351,20.556840,0.524904,-0.127999,-0.300083,-0.786157
1.2778,5289,Render,Index_PIP,-17.916650,1.011153,20.532670,0.535115,-0.074564,-0.219504,-0.812349
1.2778,5289,Render,Index_DIP,-17.893490,1.018339,20.523430,0.539668,-0.025812,-0.145057,-0.828885
1.2778,5289,Render,Index_FingerTip,-17.867760,1.024058,20.518070,0.539668,-0.025812,-0.145057,-0.828885
1.2778,5289,Render,Middle_MCP,-17.949970,0.970879,20.544970,0.561030,-0.084121,-0.272735,-0.777036
1.2778,5289,Render,Middle_PIP,-17.905770,0.988277,20.521910,0.567207,0.010380,-0.139672,-0.811579
1.2778,5289,Render,Middle_DIP,-17.879130,0.994887,20.517980,0.559247,0.095260,-0.016479,-0.823345
1.2778,5289,Render,Middle_FingerTip,-17.851360,0.998671,20.521900,0.559247,0.095260,-0.016479,-0.823345
1.2778,5289,Render,Ring_MCP,-17.947570,0.946913,20.540070,0.577418,-0.083906,-0.293275,-0.757324
1.2778,5289,Render,Ring_PIP,-17.909690,0.963075,20.518390,0.583473,-0.003222,-0.185690,-0.790613
1.2778,5289,Render,Ring_DIP,-17.885170,0.970711,20.512550,0.579329,0.069491,-0.085751,-0.807586
1.2778,5289,Render,Ring_FingerTip,-17.859990,0.976362,20.512880,0.579329,0.069491,-0.085751,-0.807586
1.2778,5289,Render,Pinky_MCP,-17.947980,0.924546,20.540210,0.589718,-0.073102,-0.292527,-0.749211
1.2778,5289,Render,Pinky_PIP,-17.915760,0.938409,20.522320,0.594071,0.013813,-0.179964,-0.783902
1.2778,5289,Render,Pinky_DIP,-17.898620,0.943887,20.518790,0.587092,0.091837,-0.075287,-0.800763
1.2778,5289,Render,Pinky_FingerTip,-17.880000,0.948263,20.519920,0.587092,0.091837,-0.075287,-0.800763
1.2919,5290,Real,Wrist,-18.032390,0.925227,20.591900,0.538731,-0.180681,-0.378405,-0.730708
1.2919,5290,Real,Thumb_CMC,-18.010010,0.965668,20.581740,-0.224736,-0.068463,-0.258356,-0.937048
1.2919,5290,Real,Thumb_MCP,-17.972360,0.988280,20.581210,-0.214048,-0.096835,-0.135527,-0.962517
1.2919,5290,Real,Thumb_IP,-17.926050,1.003105,20.574910,-0.185983,-0.143541,0.089854,-0.967850
1.2919,5290,Real,Thumb_FingerTip,-17.899190,0.999669,20.566040,-0.185983,-0.143541,0.089854,-0.967850
1.2919,5290,Real,Index_MCP,-17.962110,0.993856,20.532990,0.536148,-0.088009,-0.206282,-0.813786
1.2919,5290,Real,Index_PIP,-17.919990,1.005159,20.515920,0.539087,-0.067716,-0.175430,-0.820990
1.2919,5290,Real,Index_DIP,-17.895870,1.010740,20.508130,0.541076,-0.049370,-0.147448,-0.826474
1.2919,5290,Real,Index_FingerTip,-17.870270,1.015860,20.501640,0.541076,-0.049370,-0.147448,-0.826474
1.2919,5290,Real,Middle_MCP,-17.959570,0.969188,20.521260,0.564906,-0.061297,-0.213394,-0.794724
1.2919,5290,Real,Middle_PIP,-17.911970,0.983442,20.503380,0.566652,0.042218,-0.065656,-0.820252
1.2919,5290,Real,Middle_DIP,-17.884590,0.987754,20.503240,0.552128,0.134281,0.069315,-0.819951
1.2919,5290,Real,Middle_FingerTip,-17.857580,0.988733,20.511640,0.552128,0.134281,0.069315,-0.819951
1.2919,5290,Real,Ring_MCP,-17.957670,0.945137,20.516550,0.581265,-0.047690,-0.221199,-0.781619
1.2919,5290,Real,Ring_PIP,-17.915900,0.958648,20.501120,0.580281,0.058461,-0.075859,-0.808766
1.2919,5290,Real,Ring_DIP,-17.890030,0.963668,20.501290,0.562944,0.152440,0.057237,-0.810297
1.2919,5290,Real,Ring_FingerTip,-17.865600,0.965703,20.509330,0.562944,0.152440,0.057237,-0.810297
1.2919,5290,Real,Pinky_MCP,-17.958180,0.922778,20.517080,0.591963,-0.038482,-0.226155,-0.772628
1.2919,5290,Real,Pinky_PIP,-17.922950,0.934743,20.504200,0.589133,0.069454,-0.082362,-0.800822
1.2919,5290,Real,Pinky_DIP,-17.905030,0.938664,20.504460,0.569881,0.164731,0.049524,-0.803522
1.2919,5290,Real,Pinky_FingerTip,-17.887000,0.940737,20.510610,0.569881,0.164731,0.049524,-0.803522
1.2919,5290,Virtual,Wrist,-18.032400,0.925227,20.591900,0.538731,-0.180682,-0.378405,-0.730707
1.2919,5290,Virtual,Thumb_CMC,-18.010010,0.965668,20.581750,-0.224736,-0.068464,-0.258356,-0.937048
1.2919,5290,Virtual,Thumb_MCP,-17.972370,0.988280,20.581210,-0.214048,-0.096836,-0.135527,-0.962517
1.2919,5290,Virtual,Thumb_IP,-17.926060,1.003104,20.574920,-0.185983,-0.143542,0.089854,-0.967850
1.2919,5290,Virtual,Thumb_FingerTip,-17.899200,0.999669,20.566050,-0.185983,-0.143542,0.089854,-0.967850
1.2919,5290,Virtual,Index_MCP,-17.962110,0.993856,20.532990,0.536148,-0.088009,-0.206283,-0.813786
1.2919,5290,Virtual,Index_PIP,-17.919990,1.005159,20.515930,0.539087,-0.067717,-0.175430,-0.820990
1.2919,5290,Virtual,Index_DIP,-17.895870,1.010740,20.508130,0.541076,-0.049370,-0.147448,-0.826474
1.2919,5290,Virtual,Index_FingerTip,-17.870270,1.015859,20.501640,0.541076,-0.049370,-0.147448,-0.826474
1.2919,5290,Virtual,Middle_MCP,-17.959580,0.969188,20.521270,0.564906,-0.061298,-0.213395,-0.794724
1.2919,5290,Virtual,Middle_PIP,-17.911980,0.983442,20.503390,0.566652,0.042217,-0.065656,-0.820252
1.2919,5290,Virtual,Middle_DIP,-17.884600,0.987753,20.503240,0.552128,0.134280,0.069314,-0.819951
1.2919,5290,Virtual,Middle_FingerTip,-17.857590,0.988733,20.511640,0.552128,0.134280,0.069314,-0.819951
1.2919,5290,Virtual,Ring_MCP,-17.957670,0.945136,20.516560,0.581265,-0.047690,-0.221200,-0.781619
1.2919,5290,Virtual,Ring_PIP,-17.915900,0.958648,20.501120,0.580281,0.058460,-0.075859,-0.808766
1.2919,5290,Virtual,Ring_DIP,-17.890040,0.963668,20.501300,0.562944,0.152439,0.057236,-0.810297
1.2919,5290,Virtual,Ring_FingerTip,-17.865610,0.965703,20.509330,0.562944,0.152439,0.057236,-0.810297
1.2919,5290,Virtual,Pinky_MCP,-17.958190,0.922778,20.517080,0.591963,-0.038483,-0.226155,-0.772628
1.2919,5290,Virtual,Pinky_PIP,-17.922950,0.934743,20.504200,0.589133,0.069454,-0.082362,-0.800822
1.2919,5290,Virtual,Pinky_DIP,-17.905040,0.938664,20.504460,0.569881,0.164731,0.049523,-0.803522
1.2919,5290,Virtual,Pinky_FingerTip,-17.887010,0.940737,20.510610,0.569881,0.164731,0.049523,-0.803522
1.2919,5290,Render,Wrist,-18.031330,0.925682,20.598400,0.543379,-0.169601,-0.371658,-0.733380
1.2919,5290,Render,Thumb_CMC,-18.008740,0.966182,20.588950,-0.183864,-0.043180,-0.271379,-0.943760
1.2919,5290,Render,Thumb_MCP,-17.971460,0.989372,20.589760,-0.178216,-0.062527,-0.169265,-0.967305
1.2919,5290,Render,Thumb_IP,-17.925620,1.006520,20.586790,-0.161273,-0.098293,0.036034,-0.981342
1.2919,5290,Render,Thumb_FingerTip,-17.897750,1.005408,20.580960,-0.161273,-0.098293,0.036034,-0.981342
1.2919,5290,Render,Index_MCP,-17.959550,0.994551,20.541620,0.522682,-0.149197,-0.309712,-0.780143
1.2919,5290,Render,Index_PIP,-17.923790,1.009877,20.515550,0.535036,-0.095879,-0.229689,-0.807333
1.2919,5290,Render,Index_DIP,-17.901040,1.016840,20.505160,0.541519,-0.047045,-0.155654,-0.824813
1.2919,5290,Render,Index_FingerTip,-17.875570,1.022377,20.498530,0.541519,-0.047045,-0.155654,-0.824813
1.2919,5290,Render,Middle_MCP,-17.956640,0.969912,20.529910,0.559461,-0.105016,-0.283514,-0.771748
1.2919,5290,Render,Middle_PIP,-17.913490,0.986815,20.504600,0.569135,-0.010484,-0.151180,-0.808158
1.2919,5290,Render,Middle_DIP,-17.887040,0.993258,20.499360,0.564280,0.074920,-0.028370,-0.821688
1.2919,5290,Render,Middle_FingerTip,-17.859110,0.996970,20.501940,0.564280,0.074920,-0.028370,-0.821688
1.2919,5290,Render,Ring_MCP,-17.954570,0.945874,20.525210,0.575239,-0.104512,-0.304468,-0.751982
1.2919,5290,Render,Ring_PIP,-17.917680,0.961587,20.501600,0.584167,-0.023932,-0.197515,-0.786870
1.2919,5290,Render,Ring_DIP,-17.893410,0.969039,20.494530,0.582597,0.049029,-0.097950,-0.805347
1.2919,5290,Render,Ring_FingerTip,-17.868230,0.974584,20.493620,0.582597,0.049029,-0.097950,-0.805347
1.2919,5290,Render,Pinky_MCP,-17.955050,0.923513,20.525680,0.587522,-0.093543,-0.304093,-0.744040
1.2919,5290,Render,Pinky_PIP,-17.923650,0.937002,20.506130,0.594884,-0.006730,-0.192161,-0.780475
1.2919,5290,Render,Pinky_DIP,-17.906660,0.942358,20.501740,0.590601,0.071579,-0.087829,-0.798971
1.2919,5290,Render,Pinky_FingerTip,-17.888000,0.946666,20.501950,0.590601,0.071579,-0.087829,-0.798971
1.3054,5291,Real,Wrist,-18.032390,0.925227,20.591900,0.538731,-0.180681,-0.378405,-0.730708
1.3054,5291,Real,Thumb_CMC,-18.010010,0.965668,20.581740,-0.224736,-0.068463,-0.258356,-0.937048
1.3054,5291,Real,Thumb_MCP,-17.972360,0.988280,20.581210,-0.214048,-0.096835,-0.135527,-0.962517
1.3054,5291,Real,Thumb_IP,-17.926050,1.003105,20.574910,-0.185983,-0.143541,0.089854,-0.967850
1.3054,5291,Real,Thumb_FingerTip,-17.899190,0.999669,20.566040,-0.185983,-0.143541,0.089854,-0.967850
1.3054,5291,Real,Index_MCP,-17.962110,0.993856,20.532990,0.536148,-0.088009,-0.206282,-0.813786
1.3054,5291,Real,Index_PIP,-17.919990,1.005159,20.515920,0.539087,-0.067716,-0.175430,-0.820990
1.3054,5291,Real,Index_DIP,-17.895870,1.010740,20.508130,0.541076,-0.049370,-0.147448,-0.826474
1.3054,5291,Real,Index_FingerTip,-17.870270,1.015860,20.501640,0.541076,-0.049370,-0.147448,-0.826474
1.3054,5291,Real,Middle_MCP,-17.959570,0.969188,20.521260,0.564906,-0.061297,-0.213394,-0.794724
1.3054,5291,Real,Middle_PIP,-17.911970,0.983442,20.503380,0.566652,0.042218,-0.065656,-0.820252
1.3054,5291,Real,Middle_DIP,-17.884590,0.987754,20.503240,0.552128,0.134281,0.069315,-0.819951
1.3054,5291,Real,Middle_FingerTip,-17.857580,0.988733,20.511640,0.552128,0.134281,0.069315,-0.819951
1.3054,5291,Real,Ring_MCP,-17.957670,0.945137,20.516550,0.581265,-0.047690,-0.221199,-0.781619
1.3054,5291,Real,Ring_PIP,-17.915900,0.958648,20.501120,0.580281,0.058461,-0.075859,-0.808766
1.3054,5291,Real,Ring_DIP,-17.890030,0.963668,20.501290,0.562944,0.152440,0.057237,-0.810297
1.3054,5291,Real,Ring_FingerTip,-17.865600,0.965703,20.509330,0.562944,0.152440,0.057237,-0.810297
1.3054,5291,Real,Pinky_MCP,-17.958180,0.922778,20.517080,0.591963,-0.038482,-0.226155,-0.772628
1.3054,5291,Real,Pinky_PIP,-17.922950,0.934743,20.504200,0.589133,0.069454,-0.082362,-0.800822
1.3054,5291,Real,Pinky_DIP,-17.905030,0.938664,20.504460,0.569881,0.164731,0.049524,-0.803522
1.3054,5291,Real,Pinky_FingerTip,-17.887000,0.940737,20.510610,0.569881,0.164731,0.049524,-0.803522
1.3054,5291,Virtual,Wrist,-18.032400,0.925227,20.591900,0.538731,-0.180682,-0.378405,-0.730707
1.3054,5291,Virtual,Thumb_CMC,-18.010010,0.965668,20.581750,-0.224736,-0.068463,-0.258356,-0.937048
1.3054,5291,Virtual,Thumb_MCP,-17.972370,0.988280,20.581210,-0.214047,-0.096836,-0.135526,-0.962517
1.3054,5291,Virtual,Thumb_IP,-17.926060,1.003104,20.574920,-0.185982,-0.143541,0.089855,-0.967850
1.3054,5291,Virtual,Thumb_FingerTip,-17.899200,0.999669,20.566050,-0.185982,-0.143541,0.089855,-0.967850
1.3054,5291,Virtual,Index_MCP,-17.962110,0.993856,20.532990,0.536148,-0.088009,-0.206282,-0.813786
1.3054,5291,Virtual,Index_PIP,-17.919990,1.005159,20.515930,0.539087,-0.067717,-0.175430,-0.820990
1.3054,5291,Virtual,Index_DIP,-17.895870,1.010740,20.508130,0.541076,-0.049370,-0.147448,-0.826474
1.3054,5291,Virtual,Index_FingerTip,-17.870270,1.015859,20.501640,0.541076,-0.049370,-0.147448,-0.826474
1.3054,5291,Virtual,Middle_MCP,-17.959580,0.969188,20.521270,0.564907,-0.061298,-0.213394,-0.794724
1.3054,5291,Virtual,Middle_PIP,-17.911980,0.983441,20.503390,0.566652,0.042218,-0.065656,-0.820252
1.3054,5291,Virtual,Middle_DIP,-17.884600,0.987753,20.503240,0.552128,0.134281,0.069314,-0.819951
1.3054,5291,Virtual,Middle_FingerTip,-17.857590,0.988733,20.511640,0.552128,0.134281,0.069314,-0.819951
1.3054,5291,Virtual,Ring_MCP,-17.957670,0.945136,20.516560,0.581265,-0.047690,-0.221199,-0.781619
1.3054,5291,Virtual,Ring_PIP,-17.915900,0.958648,20.501130,0.580281,0.058460,-0.075859,-0.808766
1.3054,5291,Virtual,Ring_DIP,-17.890040,0.963668,20.501300,0.562944,0.152439,0.057236,-0.810297
1.3054,5291,Virtual,Ring_FingerTip,-17.865610,0.965703,20.509330,0.562944,0.152439,0.057236,-0.810297
1.3054,5291,Virtual,Pinky_MCP,-17.958190,0.922778,20.517080,0.591963,-0.038483,-0.226155,-0.772628
1.3054,5291,Virtual,Pinky_PIP,-17.922950,0.934743,20.504200,0.589133,0.069454,-0.082362,-0.800822
1.3054,5291,Virtual,Pinky_DIP,-17.905040,0.938664,20.504460,0.569882,0.164731,0.049523,-0.803521
1.3054,5291,Virtual,Pinky_FingerTip,-17.887010,0.940737,20.510610,0.569882,0.164731,0.049523,-0.803521
1.3054,5291,Render,Wrist,-18.032400,0.925227,20.591900,0.538731,-0.180682,-0.378405,-0.730707
1.3054,5291,Render,Thumb_CMC,-18.010010,0.965668,20.581750,-0.186715,-0.056479,-0.267921,-0.943486
1.3054,5291,Render,Thumb_MCP,-17.972680,0.988794,20.581460,-0.179633,-0.076054,-0.165855,-0.966665
1.3054,5291,Render,Thumb_IP,-17.926920,1.005855,20.577170,-0.159840,-0.111819,0.039236,-0.980004
1.3054,5291,Render,Thumb_FingerTip,-17.899220,1.004682,20.570570,-0.159840,-0.111819,0.039236,-0.980004
1.3054,5291,Render,Index_MCP,-17.962110,0.993856,20.532990,0.518968,-0.160852,-0.316156,-0.777718
1.3054,5291,Render,Index_PIP,-17.927070,1.009066,20.505910,0.532512,-0.107848,-0.236344,-0.805569
1.3054,5291,Render,Index_DIP,-17.904620,1.015968,20.494870,0.540089,-0.059194,-0.162442,-0.823658
1.3054,5291,Render,Index_FingerTip,-17.879320,1.021446,20.487520,0.540089,-0.059194,-0.162442,-0.823658
1.3054,5291,Render,Middle_MCP,-17.959580,0.969188,20.521270,0.556138,-0.116563,-0.290527,-0.769882
1.3054,5291,Render,Middle_PIP,-17.917120,0.985964,20.494720,0.567780,-0.022423,-0.158406,-0.807484
1.3054,5291,Render,Middle_DIP,-17.890820,0.992349,20.488730,0.564729,0.062912,-0.035615,-0.822104
1.3054,5291,Render,Middle_FingerTip,-17.862820,0.996017,20.490520,0.564729,0.062912,-0.035615,-0.822104
1.3054,5291,Render,Ring_MCP,-17.957670,0.945136,20.516560,0.571603,-0.115819,-0.311717,-0.750126
1.3054,5291,Render,Ring_PIP,-17.921420,0.960737,20.491890,0.582129,-0.035632,-0.204951,-0.786036
1.3054,5291,Render,Ring_DIP,-17.897370,0.968132,20.484130,0.582033,0.037166,-0.105432,-0.805445
1.3054,5291,Render,Ring_FingerTip,-17.872210,0.973631,20.482510,0.582033,0.037166,-0.105432,-0.805445
1.3054,5291,Render,Pinky_MCP,-17.958190,0.922778,20.517080,0.583891,-0.104750,-0.311531,-0.742326
1.3054,5291,Render,Pinky_PIP,-17.927320,0.936172,20.496630,0.592929,-0.018346,-0.199771,-0.779866
1.3054,5291,Render,Pinky_DIP,-17.910450,0.941489,20.491760,0.590190,0.059806,-0.095452,-0.799367
1.3054,5291,Render,Pinky_FingerTip,-17.891780,0.945765,20.491440,0.590190,0.059806,-0.095452,-0.799367
1.3196,5292,Real,Wrist,-18.034730,0.923816,20.578850,0.521709,-0.207778,-0.392085,-0.728641
1.3196,5292,Real,Thumb_CMC,-18.012510,0.964026,20.567470,-0.237608,-0.097109,-0.244800,-0.934979
1.3196,5292,Real,Thumb_MCP,-17.974690,0.986153,20.564600,-0.223111,-0.126922,-0.122259,-0.958731
1.3196,5292,Real,Thumb_IP,-17.928710,1.000424,20.555340,-0.187841,-0.174939,0.102057,-0.961092
1.3196,5292,Real,Thumb_FingerTip,-17.902550,0.996707,20.544670,-0.187841,-0.174939,0.102057,-0.961092
1.3196,5292,Real,Index_MCP,-17.967640,0.991930,20.515750,0.525270,-0.118808,-0.219435,-0.813527
1.3196,5292,Real,Index_PIP,-17.926650,1.002804,20.495910,0.529414,-0.098715,-0.188290,-0.821294
1.3196,5292,Real,Index_DIP,-17.903040,1.008119,20.486520,0.532486,-0.080509,-0.160025,-0.827266
1.3196,5292,Real,Index_FingerTip,-17.877860,1.012935,20.478350,0.532486,-0.080509,-0.160025,-0.827266
1.3196,5292,Real,Middle_MCP,-17.966260,0.967319,20.503720,0.553976,-0.091991,-0.228037,-0.795391
1.3196,5292,Real,Middle_PIP,-17.919840,0.981093,20.482650,0.561476,0.009846,-0.080234,-0.823536
1.3196,5292,Real,Middle_DIP,-17.892480,0.985063,20.480600,0.552346,0.101318,0.055198,-0.825592
1.3196,5292,Real,Middle_FingerTip,-17.864930,0.985651,20.487060,0.552346,0.101318,0.055198,-0.825592
1.3196,5292,Real,Ring_MCP,-17.965010,0.943280,20.498740,0.570214,-0.078054,-0.236430,-0.782857
1.3196,5292,Real,Ring_PIP,-17.924250,0.956365,20.480500,0.574926,0.026383,-0.090914,-0.812711
1.3196,5292,Real,Ring_DIP,-17.898380,0.961057,20.478880,0.562939,0.119731,0.042755,-0.816662
1.3196,5292,Real,Ring_FingerTip,-17.873410,0.962733,20.485170,0.562939,0.119731,0.042755,-0.816662
1.3196,5292,Real,Pinky_MCP,-17.965800,0.920927,20.499140,0.580842,-0.068614,-0.241766,-0.774251
1.3196,5292,Real,Pinky_PIP,-17.931400,0.932529,20.483900,0.583672,0.037590,-0.097719,-0.805212
1.3196,5292,Real,Pinky_DIP,-17.913460,0.936221,20.482920,0.569741,0.132213,0.034819,-0.810372
1.3196,5292,Real,Pinky_FingerTip,-17.895020,0.938026,20.487790,0.569741,0.132213,0.034819,-0.810372
1.3196,5292,Virtual,Wrist,-18.034730,0.923816,20.578850,0.521709,-0.207778,-0.392085,-0.728641
1.3196,5292,Virtual,Thumb_CMC,-18.012520,0.964025,20.567470,-0.237608,-0.097109,-0.244800,-0.934979
1.3196,5292,Virtual,Thumb_MCP,-17.974700,0.986153,20.564600,-0.223111,-0.126922,-0.122259,-0.958731
1.3196,5292,Virtual,Thumb_IP,-17.928710,1.000423,20.555340,-0.187841,-0.174939,0.102057,-0.961091
1.3196,5292,Virtual,Thumb_FingerTip,-17.902550,0.996706,20.544660,-0.187841,-0.174939,0.102057,-0.961091
1.3196,5292,Virtual,Index_MCP,-17.967650,0.991929,20.515750,0.525270,-0.118808,-0.219434,-0.813527
1.3196,5292,Virtual,Index_PIP,-17.926660,1.002804,20.495910,0.529414,-0.098715,-0.188290,-0.821294
1.3196,5292,Virtual,Index_DIP,-17.903050,1.008118,20.486520,0.532487,-0.080509,-0.160025,-0.827266
1.3196,5292,Virtual,Index_FingerTip,-17.877870,1.012934,20.478360,0.532487,-0.080509,-0.160025,-0.827266
1.3196,5292,Virtual,Middle_MCP,-17.966260,0.967318,20.503720,0.553976,-0.091991,-0.228037,-0.795392
1.3196,5292,Virtual,Middle_PIP,-17.919840,0.981092,20.482650,0.561476,0.009847,-0.080234,-0.823536
1.3196,5292,Virtual,Middle_DIP,-17.892490,0.985062,20.480600,0.552346,0.101318,0.055199,-0.825592
1.3196,5292,Virtual,Middle_FingerTip,-17.864940,0.985650,20.487060,0.552346,0.101318,0.055199,-0.825592
1.3196,5292,Virtual,Ring_MCP,-17.965020,0.943279,20.498740,0.570214,-0.078054,-0.236430,-0.782857
1.3196,5292,Virtual,Ring_PIP,-17.924260,0.956364,20.480500,0.574926,0.026383,-0.090914,-0.812711
1.3196,5292,Virtual,Ring_DIP,-17.898390,0.961056,20.478880,0.562939,0.119731,0.042756,-0.816662
1.3196,5292,Virtual,Ring_FingerTip,-17.873420,0.962732,20.485160,0.562939,0.119731,0.042756,-0.816662
1.3196,5292,Virtual,Pinky_MCP,-17.965810,0.920926,20.499140,0.580842,-0.068614,-0.241766,-0.774251
1.3196,5292,Virtual,Pinky_PIP,-17.931410,0.932528,20.483900,0.583672,0.037590,-0.097719,-0.805212
1.3196,5292,Virtual,Pinky_DIP,-17.913470,0.936220,20.482920,0.569742,0.132213,0.034819,-0.810372
1.3196,5292,Virtual,Pinky_FingerTip,-17.895030,0.938025,20.487790,0.569742,0.132213,0.034819,-0.810372
1.3196,5292,Render,Wrist,-18.032400,0.925227,20.591900,0.538731,-0.180682,-0.378405,-0.730707
1.3196,5292,Render,Thumb_CMC,-18.010010,0.965668,20.581750,-0.186648,-0.055767,-0.267808,-0.943574
1.3196,5292,Render,Thumb_MCP,-17.972670,0.988774,20.581510,-0.179643,-0.075339,-0.165734,-0.966740
1.3196,5292,Render,Thumb_IP,-17.926890,1.005813,20.577300,-0.159998,-0.111122,0.039369,-0.980053
1.3196,5292,Render,Thumb_FingerTip,-17.899180,1.004627,20.570730,-0.159998,-0.111122,0.039369,-0.980053
1.3196,5292,Render,Index_MCP,-17.962110,0.993856,20.532990,0.518968,-0.160852,-0.316156,-0.777718
1.3196,5292,Render,Index_PIP,-17.927070,1.009066,20.505910,0.532512,-0.107848,-0.236344,-0.805569
1.3196,5292,Render,Index_DIP,-17.904620,1.015968,20.494870,0.540089,-0.059194,-0.162442,-0.823658
1.3196,5292,Render,Index_FingerTip,-17.879320,1.021446,20.487520,0.540089,-0.059194,-0.162442,-0.823658
1.3196,5292,Render,Middle_MCP,-17.959580,0.969188,20.521270,0.556138,-0.116563,-0.290527,-0.769882
1.3196,5292,Render,Middle_PIP,-17.917120,0.985964,20.494720,0.567780,-0.022423,-0.158406,-0.807484
1.3196,5292,Render,Middle_DIP,-17.890820,0.992349,20.488730,0.564729,0.062912,-0.035615,-0.822104
1.3196,5292,Render,Middle_FingerTip,-17.862820,0.996017,20.490520,0.564729,0.062912,-0.035615,-0.822104
1.3196,5292,Render,Ring_MCP,-17.957670,0.945136,20.516560,0.571603,-0.115819,-0.311717,-0.750126
1.3196,5292,Render,Ring_PIP,-17.921420,0.960737,20.491890,0.582129,-0.035632,-0.204951,-0.786036
1.3196,5292,Render,Ring_DIP,-17.897370,0.968132,20.484130,0.582033,0.037166,-0.105432,-0.805445
1.3196,5292,Render,Ring_FingerTip,-17.872210,0.973631,20.482510,0.582033,0.037166,-0.105432,-0.805445
1.3196,5292,Render,Pinky_MCP,-17.958190,0.922778,20.517080,0.583891,-0.104750,-0.311531,-0.742326
1.3196,5292,Render,Pinky_PIP,-17.927320,0.936172,20.496630,0.592929,-0.018346,-0.199771,-0.779866
1.3196,5292,Render,Pinky_DIP,-17.910450,0.941489,20.491760,0.590190,0.059806,-0.095452,-0.799367
1.3196,5292,Render,Pinky_FingerTip,-17.891780,0.945765,20.491440,0.590190,0.059806,-0.095452,-0.799367
1.3333,5293,Real,Wrist,-18.034730,0.923816,20.578850,0.521709,-0.207778,-0.392085,-0.728641
1.3333,5293,Real,Thumb_CMC,-18.012510,0.964026,20.567470,-0.237608,-0.097109,-0.244800,-0.934979
1.3333,5293,Real,Thumb_MCP,-17.974690,0.986153,20.564600,-0.223111,-0.126922,-0.122259,-0.958731
1.3333,5293,Real,Thumb_IP,-17.928710,1.000424,20.555340,-0.187841,-0.174939,0.102057,-0.961092
1.3333,5293,Real,Thumb_FingerTip,-17.902550,0.996707,20.544670,-0.187841,-0.174939,0.102057,-0.961092
1.3333,5293,Real,Index_MCP,-17.967640,0.991930,20.515750,0.525270,-0.118808,-0.219435,-0.813527
1.3333,5293,Real,Index_PIP,-17.926650,1.002804,20.495910,0.529414,-0.098715,-0.188290,-0.821294
1.3333,5293,Real,Index_DIP,-17.903040,1.008119,20.486520,0.532486,-0.080509,-0.160025,-0.827266
1.3333,5293,Real,Index_FingerTip,-17.877860,1.012935,20.478350,0.532486,-0.080509,-0.160025,-0.827266
1.3333,5293,Real,Middle_MCP,-17.966260,0.967319,20.503720,0.553976,-0.091991,-0.228037,-0.795391
1.3333,5293,Real,Middle_PIP,-17.919840,0.981093,20.482650,0.561476,0.009846,-0.080234,-0.823536
1.3333,5293,Real,Middle_DIP,-17.892480,0.985063,20.480600,0.552346,0.101318,0.055198,-0.825592
1.3333,5293,Real,Middle_FingerTip,-17.864930,0.985651,20.487060,0.552346,0.101318,0.055198,-0.825592
1.3333,5293,Real,Ring_MCP,-17.965010,0.943280,20.498740,0.570214,-0.078054,-0.236430,-0.782857
1.3333,5293,Real,Ring_PIP,-17.924250,0.956365,20.480500,0.574926,0.026383,-0.090914,-0.812711
1.3333,5293,Real,Ring_DIP,-17.898380,0.961057,20.478880,0.562939,0.119731,0.042755,-0.816662
1.3333,5293,Real,Ring_FingerTip,-17.873410,0.962733,20.485170,0.562939,0.119731,0.042755,-0.816662
1.3333,5293,Real,Pinky_MCP,-17.965800,0.920927,20.499140,0.580842,-0.068614,-0.241766,-0.774251
1.3333,5293,Real,Pinky_PIP,-17.931400,0.932529,20.483900,0.583672,0.037590,-0.097719,-0.805212
1.3333,5293,Real,Pinky_DIP,-17.913460,0.936221,20.482920,0.569741,0.132213,0.034819,-0.810372
1.3333,5293,Real,Pinky_FingerTip,-17.895020,0.938026,20.487790,0.569741,0.132213,0.034819,-0.810372
1.3333,5293,Virtual,Wrist,-18.034730,0.923816,20.578850,0.521708,-0.207778,-0.392085,-0.728641
1.3333,5293,Virtual,Thumb_CMC,-18.012510,0.964025,20.567460,-0.237609,-0.097109,-0.244800,-0.934979
1.3333,5293,Virtual,Thumb_MCP,-17.974700,0.986152,20.564600,-0.223112,-0.126922,-0.122259,-0.958731
1.3333,5293,Virtual,Thumb_IP,-17.928710,1.000423,20.555340,-0.187842,-0.174939,0.102057,-0.961091
1.3333,5293,Virtual,Thumb_FingerTip,-17.902550,0.996706,20.544660,-0.187842,-0.174939,0.102057,-0.961091
1.3333,5293,Virtual,Index_MCP,-17.967650,0.991929,20.515750,0.525269,-0.118808,-0.219435,-0.813527
1.3333,5293,Virtual,Index_PIP,-17.926650,1.002804,20.495900,0.529413,-0.098715,-0.188290,-0.821294
1.3333,5293,Virtual,Index_DIP,-17.903040,1.008118,20.486520,0.532486,-0.080509,-0.160025,-0.827266
1.3333,5293,Virtual,Index_FingerTip,-17.877870,1.012934,20.478350,0.532486,-0.080509,-0.160025,-0.827266
1.3333,5293,Virtual,Middle_MCP,-17.966260,0.967318,20.503720,0.553976,-0.091991,-0.228037,-0.795392
1.3333,5293,Virtual,Middle_PIP,-17.919840,0.981092,20.482650,0.561475,0.009846,-0.080234,-0.823536
1.3333,5293,Virtual,Middle_DIP,-17.892480,0.985062,20.480600,0.552346,0.101318,0.055199,-0.825592
1.3333,5293,Virtual,Middle_FingerTip,-17.864940,0.985650,20.487060,0.552346,0.101318,0.055199,-0.825592
1.3333,5293,Virtual,Ring_MCP,-17.965020,0.943279,20.498730,0.570213,-0.078054,-0.236430,-0.782857
1.3333,5293,Virtual,Ring_PIP,-17.924250,0.956364,20.480500,0.574926,0.026383,-0.090914,-0.812711
1.3333,5293,Virtual,Ring_DIP,-17.898380,0.961056,20.478870,0.562939,0.119730,0.042755,-0.816662
1.3333,5293,Virtual,Ring_FingerTip,-17.873410,0.962732,20.485160,0.562939,0.119730,0.042755,-0.816662
1.3333,5293,Virtual,Pinky_MCP,-17.965800,0.920926,20.499140,0.580842,-0.068614,-0.241766,-0.774251
1.3333,5293,Virtual,Pinky_PIP,-17.931410,0.932528,20.483900,0.583671,0.037590,-0.097719,-0.805212
1.3333,5293,Virtual,Pinky_DIP,-17.913470,0.936220,20.482920,0.569741,0.132212,0.034819,-0.810372
1.3333,5293,Virtual,Pinky_FingerTip,-17.895020,0.938025,20.487780,0.569741,0.132212,0.034819,-0.810372
1.3333,5293,Render,Wrist,-18.034730,0.923816,20.578850,0.521708,-0.207778,-0.392085,-0.728641
1.3333,5293,Render,Thumb_CMC,-18.012510,0.964025,20.567460,-0.199364,-0.085564,-0.254994,-0.942290
1.3333,5293,Render,Thumb_MCP,-17.974960,0.986625,20.564850,-0.189111,-0.106322,-0.153129,-0.964098
1.3333,5293,Render,Thumb_IP,-17.929340,1.003074,20.557630,-0.162802,-0.143397,0.051147,-0.974842
1.3333,5293,Render,Thumb_FingerTip,-17.902160,1.001562,20.549190,-0.162802,-0.143397,0.051147,-0.974842
1.3333,5293,Render,Index_MCP,-17.967650,0.991929,20.515750,0.504043,-0.189643,-0.328808,-0.775798
1.3333,5293,Render,Index_PIP,-17.934310,1.006867,20.486450,0.520558,-0.137994,-0.249125,-0.804931
1.3333,5293,Render,Index_DIP,-17.912570,1.013548,20.473950,0.530914,-0.090298,-0.175228,-0.824180
1.3333,5293,Render,Index_FingerTip,-17.887760,1.018739,20.464940,0.530914,-0.090298,-0.175228,-0.824180
1.3333,5293,Render,Middle_MCP,-17.966260,0.967318,20.503720,0.542395,-0.145462,-0.304355,-0.769427
1.3333,5293,Render,Middle_PIP,-17.925470,0.983718,20.474460,0.559035,-0.053205,-0.172117,-0.809336
1.3333,5293,Render,Middle_DIP,-17.899560,0.989792,20.466740,0.560696,0.031167,-0.048894,-0.825989
1.3333,5293,Render,Middle_FingerTip,-17.871440,0.993066,20.466650,0.560696,0.031167,-0.048894,-0.825989
1.3333,5293,Render,Ring_MCP,-17.965020,0.943279,20.498730,0.557205,-0.144078,-0.326192,-0.749909
1.3333,5293,Render,Ring_PIP,-17.930320,0.958574,20.471760,0.571779,-0.065611,-0.219316,-0.787823
1.3333,5293,Render,Ring_DIP,-17.906730,0.965701,20.462430,0.575498,0.006131,-0.119462,-0.809008
1.3333,5293,Render,Ring_FingerTip,-17.881680,0.970870,20.459140,0.575498,0.006131,-0.119462,-0.809008
1.3333,5293,Render,Pinky_MCP,-17.965800,0.920926,20.499140,0.569596,-0.132836,-0.326438,-0.742532
1.3333,5293,Render,Pinky_PIP,-17.936210,0.934055,20.476730,0.582889,-0.048219,-0.214487,-0.782247
1.3333,5293,Render,Pinky_DIP,-17.919640,0.939180,20.470760,0.584167,0.028873,-0.109728,-0.803664
1.3333,5293,Render,Pinky_FingerTip,-17.900980,0.943205,20.469200,0.584167,0.028873,-0.109728,-0.803664
1.3479,5294,Real,Wrist,-18.036690,0.921541,20.566260,0.507512,-0.233356,-0.398803,-0.727278
1.3479,5294,Real,Thumb_CMC,-18.014280,0.961290,20.553710,-0.245952,-0.121030,-0.227992,-0.934280
1.3479,5294,Real,Thumb_MCP,-17.976220,0.982611,20.548700,-0.228313,-0.151704,-0.105744,-0.955865
1.3479,5294,Real,Thumb_IP,-17.930540,0.995919,20.536850,-0.187213,-0.200230,0.117354,-0.954509
1.3479,5294,Real,Thumb_FingerTip,-17.905110,0.991671,20.524700,-0.187213,-0.200230,0.117354,-0.954509
1.3479,5294,Real,Index_MCP,-17.971780,0.988350,20.499600,0.516785,-0.147013,-0.225319,-0.812744
1.3479,5294,Real,Index_PIP,-17.931720,0.998385,20.477500,0.521965,-0.127409,-0.194492,-0.820666
1.3479,5294,Real,Index_DIP,-17.908580,1.003219,20.466810,0.525990,-0.109610,-0.166510,-0.826798
1.3479,5294,Real,Index_FingerTip,-17.883820,1.007524,20.457220,0.525990,-0.109610,-0.166510,-0.826798
1.3479,5294,Real,Middle_MCP,-17.971600,0.963746,20.487470,0.545501,-0.120217,-0.235202,-0.795398
1.3479,5294,Real,Middle_PIP,-17.926160,0.976578,20.463820,0.558245,-0.019632,-0.087552,-0.824810
1.3479,5294,Real,Middle_DIP,-17.898890,0.979974,20.460220,0.553990,0.071543,0.047942,-0.828057
1.3479,5294,Real,Middle_FingerTip,-17.871010,0.979970,20.465070,0.553990,0.071543,0.047942,-0.828057
1.3479,5294,Real,Ring_MCP,-17.971160,0.939699,20.482400,0.561699,-0.105931,-0.243914,-0.783441
1.3479,5294,Real,Ring_PIP,-17.931210,0.951946,20.461920,0.571595,-0.002653,-0.098281,-0.814625
1.3479,5294,Real,Ring_DIP,-17.905370,0.956085,20.458850,0.564396,0.090469,0.035696,-0.819755
1.3479,5294,Real,Ring_FingerTip,-17.880060,0.957210,20.463710,0.564396,0.090469,0.035696,-0.819755
1.3479,5294,Real,Pinky_MCP,-17.972410,0.917367,20.482810,0.572285,-0.096366,-0.249628,-0.775171
1.3479,5294,Real,Pinky_PIP,-17.938680,0.928262,20.465690,0.580277,0.008668,-0.105396,-0.807524
1.3479,5294,Real,Pinky_DIP,-17.920740,0.931569,20.463700,0.571119,0.103053,0.027520,-0.813908
1.3479,5294,Real,Pinky_FingerTip,-17.902020,0.932966,20.467520,0.571119,0.103053,0.027520,-0.813908
1.3479,5294,Virtual,Wrist,-18.036690,0.921543,20.566270,0.507512,-0.233356,-0.398803,-0.727278
1.3479,5294,Virtual,Thumb_CMC,-18.014280,0.961291,20.553720,-0.245952,-0.121030,-0.227993,-0.934280
1.3479,5294,Virtual,Thumb_MCP,-17.976220,0.982612,20.548710,-0.228313,-0.151704,-0.105744,-0.955865
1.3479,5294,Virtual,Thumb_IP,-17.930540,0.995920,20.536860,-0.187213,-0.200230,0.117354,-0.954509
1.3479,5294,Virtual,Thumb_FingerTip,-17.905120,0.991672,20.524710,-0.187213,-0.200230,0.117354,-0.954509
1.3479,5294,Virtual,Index_MCP,-17.971780,0.988351,20.499610,0.516785,-0.147013,-0.225319,-0.812743
1.3479,5294,Virtual,Index_PIP,-17.931730,0.998387,20.477520,0.521965,-0.127409,-0.194492,-0.820666
1.3479,5294,Virtual,Index_DIP,-17.908580,1.003220,20.466820,0.525990,-0.109610,-0.166510,-0.826798
1.3479,5294,Virtual,Index_FingerTip,-17.883820,1.007525,20.457230,0.525990,-0.109610,-0.166510,-0.826798
1.3479,5294,Virtual,Middle_MCP,-17.971600,0.963748,20.487480,0.545501,-0.120217,-0.235202,-0.795398
1.3479,5294,Virtual,Middle_PIP,-17.926160,0.976580,20.463830,0.558245,-0.019632,-0.087552,-0.824810
1.3479,5294,Virtual,Middle_DIP,-17.898890,0.979976,20.460230,0.553990,0.071543,0.047942,-0.828057
1.3479,5294,Virtual,Middle_FingerTip,-17.871010,0.979972,20.465080,0.553990,0.071543,0.047942,-0.828057
1.3479,5294,Virtual,Ring_MCP,-17.971160,0.939701,20.482410,0.561699,-0.105931,-0.243914,-0.783441
1.3479,5294,Virtual,Ring_PIP,-17.931210,0.951948,20.461930,0.571595,-0.002653,-0.098281,-0.814625
1.3479,5294,Virtual,Ring_DIP,-17.905370,0.956086,20.458860,0.564396,0.090469,0.035696,-0.819755
1.3479,5294,Virtual,Ring_FingerTip,-17.880060,0.957211,20.463730,0.564396,0.090469,0.035696,-0.819755
1.3479,5294,Virtual,Pinky_MCP,-17.972410,0.917369,20.482830,0.572285,-0.096366,-0.249628,-0.775170
1.3479,5294,Virtual,Pinky_PIP,-17.938680,0.928264,20.465690,0.580277,0.008668,-0.105397,-0.807524
1.3479,5294,Virtual,Pinky_DIP,-17.920750,0.931571,20.463710,0.571119,0.103053,0.027519,-0.813908
1.3479,5294,Virtual,Pinky_FingerTip,-17.902020,0.932968,20.467520,0.571119,0.103053,0.027519,-0.813908
1.3479,5294,Render,Wrist,-18.034730,0.923816,20.578850,0.521708,-0.207778,-0.392085,-0.728641
1.3479,5294,Render,Thumb_CMC,-18.012510,0.964025,20.567460,-0.199364,-0.085564,-0.254994,-0.942290
1.3479,5294,Render,Thumb_MCP,-17.974960,0.986625,20.564850,-0.189111,-0.106322,-0.153129,-0.964098
1.3479,5294,Render,Thumb_IP,-17.929340,1.003074,20.557630,-0.162802,-0.143397,0.051147,-0.974842
1.3479,5294,Render,Thumb_FingerTip,-17.902160,1.001562,20.549190,-0.162802,-0.143397,0.051147,-0.974842
1.3479,5294,Render,Index_MCP,-17.967650,0.991929,20.515750,0.504043,-0.189643,-0.328808,-0.775798
1.3479,5294,Render,Index_PIP,-17.934310,1.006867,20.486450,0.520558,-0.137994,-0.249125,-0.804931
1.3479,5294,Render,Index_DIP,-17.912570,1.013548,20.473950,0.530914,-0.090298,-0.175228,-0.824180
1.3479,5294,Render,Index_FingerTip,-17.887760,1.018739,20.464940,0.530914,-0.090298,-0.175228,-0.824180
1.3479,5294,Render,Middle_MCP,-17.966260,0.967318,20.503720,0.542395,-0.145462,-0.304355,-0.769427
1.3479,5294,Render,Middle_PIP,-17.925470,0.983718,20.474460,0.559035,-0.053205,-0.172117,-0.809336
1.3479,5294,Render,Middle_DIP,-17.899560,0.989792,20.466740,0.560696,0.031167,-0.048894,-0.825989
1.3479,5294,Render,Middle_FingerTip,-17.871440,0.993066,20.466650,0.560696,0.031167,-0.048894,-0.825989
1.3479,5294,Render,Ring_MCP,-17.965020,0.943279,20.498730,0.557205,-0.144078,-0.326192,-0.749909
1.3479,5294,Render,Ring_PIP,-17.930320,0.958574,20.471760,0.571779,-0.065611,-0.219316,-0.787823
1.3479,5294,Render,Ring_DIP,-17.906730,0.965701,20.462430,0.575498,0.006131,-0.119462,-0.809008
1.3479,5294,Render,Ring_FingerTip,-17.881680,0.970870,20.459140,0.575498,0.006131,-0.119462,-0.809008
1.3479,5294,Render,Pinky_MCP,-17.965800,0.920926,20.499140,0.569596,-0.132836,-0.326438,-0.742532
1.3479,5294,Render,Pinky_PIP,-17.936210,0.934055,20.476730,0.582889,-0.048219,-0.214487,-0.782247
1.3479,5294,Render,Pinky_DIP,-17.919640,0.939180,20.470760,0.584167,0.028873,-0.109728,-0.803664
1.3479,5294,Render,Pinky_FingerTip,-17.900980,0.943205,20.469200,0.584167,0.028873,-0.109728,-0.803664
1.3616,5295,Real,Wrist,-18.037270,0.920632,20.560600,0.506262,-0.242678,-0.397558,-0.725779
1.3616,5295,Real,Thumb_CMC,-18.014620,0.960041,20.547420,-0.244988,-0.126469,-0.221020,-0.935488
1.3616,5295,Real,Thumb_MCP,-17.976400,0.980920,20.541780,-0.226660,-0.156967,-0.098701,-0.956162
1.3616,5295,Real,Thumb_IP,-17.930740,0.993663,20.529260,-0.184403,-0.204962,0.124227,-0.953181
1.3616,5295,Real,Thumb_FingerTip,-17.905520,0.989068,20.516820,-0.184403,-0.204962,0.124227,-0.953181
1.3616,5295,Real,Index_MCP,-17.972590,0.986230,20.492520,0.517505,-0.156431,-0.224202,-0.810834
1.3616,5295,Real,Index_PIP,-17.932770,0.995674,20.469770,0.523038,-0.136793,-0.193448,-0.818717
1.3616,5295,Real,Index_DIP,-17.909730,1.000181,20.458710,0.527382,-0.118951,-0.165533,-0.824814
1.3616,5295,Real,Index_FingerTip,-17.885060,1.004152,20.448730,0.527382,-0.118951,-0.165533,-0.824814
1.3616,5295,Real,Middle_MCP,-17.972850,0.961534,20.480580,0.546207,-0.129811,-0.234622,-0.793574
1.3616,5295,Real,Middle_PIP,-17.927640,0.973710,20.456170,0.560670,-0.029028,-0.087439,-0.822898
1.3616,5295,Real,Middle_DIP,-17.900390,0.976796,20.452120,0.557921,0.062589,0.047625,-0.826159
1.3616,5295,Real,Middle_FingerTip,-17.872440,0.976546,20.456550,0.557921,0.062589,0.047625,-0.826159
1.3616,5295,Real,Ring_MCP,-17.972740,0.937445,20.475690,0.562380,-0.115571,-0.243564,-0.781697
1.3616,5295,Real,Ring_PIP,-17.932970,0.949116,20.454530,0.574004,-0.012102,-0.098381,-0.812831
1.3616,5295,Real,Ring_DIP,-17.907140,0.952964,20.451030,0.568324,0.081458,0.035189,-0.818007
1.3616,5295,Real,Ring_FingerTip,-17.881750,0.953867,20.455510,0.568324,0.081458,0.035189,-0.818007
1.3616,5295,Real,Pinky_MCP,-17.974220,0.915132,20.476300,0.572948,-0.106031,-0.249430,-0.773481
1.3616,5295,Real,Pinky_PIP,-17.940630,0.925540,20.458580,0.582676,-0.000810,-0.105634,-0.805810
1.3616,5295,Real,Pinky_DIP,-17.922700,0.928646,20.456300,0.575043,0.094010,0.026890,-0.812259
1.3616,5295,Real,Pinky_FingerTip,-17.903910,0.929881,20.459820,0.575043,0.094010,0.026890,-0.812259
1.3616,5295,Virtual,Wrist,-18.036690,0.921543,20.566270,0.507511,-0.233356,-0.398803,-0.727278
1.3616,5295,Virtual,Thumb_CMC,-18.014280,0.961291,20.553720,-0.246368,-0.120371,-0.228198,-0.934205
1.3616,5295,Virtual,Thumb_MCP,-17.976210,0.982618,20.548780,-0.228814,-0.151098,-0.105985,-0.955814
1.3616,5295,Virtual,Thumb_IP,-17.930520,0.995942,20.536990,-0.187850,-0.199746,0.117060,-0.954522
1.3616,5295,Virtual,Thumb_FingerTip,-17.905080,0.991712,20.524880,-0.187850,-0.199746,0.117060,-0.954522
1.3616,5295,Virtual,Index_MCP,-17.971780,0.988351,20.499610,0.516753,-0.147127,-0.225497,-0.812694
1.3616,5295,Virtual,Index_PIP,-17.931740,0.998394,20.477500,0.521936,-0.127524,-0.194672,-0.820624
1.3616,5295,Virtual,Index_DIP,-17.908590,1.003232,20.466790,0.525966,-0.109726,-0.166691,-0.826761
1.3616,5295,Virtual,Index_FingerTip,-17.883830,1.007542,20.457200,0.525966,-0.109726,-0.166691,-0.826761
1.3616,5295,Virtual,Middle_MCP,-17.971600,0.963748,20.487480,0.545452,-0.120436,-0.235521,-0.795303
1.3616,5295,Virtual,Middle_PIP,-17.926190,0.976592,20.463800,0.558234,-0.019943,-0.088011,-0.824762
1.3616,5295,Virtual,Middle_DIP,-17.898920,0.979999,20.460160,0.554040,0.071156,0.047364,-0.828091
1.3616,5295,Virtual,Middle_FingerTip,-17.871030,0.980011,20.464990,0.554040,0.071156,0.047364,-0.828091
1.3616,5295,Virtual,Ring_MCP,-17.971160,0.939701,20.482410,0.561656,-0.106159,-0.244231,-0.783342
1.3616,5295,Virtual,Ring_PIP,-17.931230,0.951957,20.461900,0.571593,-0.002976,-0.098740,-0.814569
1.3616,5295,Virtual,Ring_DIP,-17.905400,0.956106,20.458800,0.564460,0.090070,0.035118,-0.819780
1.3616,5295,Virtual,Ring_FingerTip,-17.880080,0.957243,20.463630,0.564460,0.090070,0.035118,-0.819780
1.3616,5295,Virtual,Pinky_MCP,-17.972410,0.917369,20.482830,0.572246,-0.096598,-0.249942,-0.775070
1.3616,5295,Virtual,Pinky_PIP,-17.938700,0.928271,20.465670,0.580282,0.008341,-0.105851,-0.807465
1.3616,5295,Virtual,Pinky_DIP,-17.920770,0.931584,20.463660,0.571192,0.102650,0.026945,-0.813927
1.3616,5295,Virtual,Pinky_FingerTip,-17.902040,0.932990,20.467450,0.571192,0.102650,0.026945,-0.813927
1.3616,5295,Render,Wrist,-18.036690,0.921543,20.566270,0.507511,-0.233356,-0.398803,-0.727278
1.3616,5295,Render,Thumb_CMC,-18.014280,0.961291,20.553720,-0.208370,-0.110184,-0.239259,-0.941911
1.3616,5295,Render,Thumb_MCP,-17.976460,0.983099,20.548980,-0.195442,-0.131761,-0.137524,-0.962044
1.3616,5295,Render,Thumb_IP,-17.930990,0.998598,20.539190,-0.163693,-0.169598,0.065981,-0.969581
1.3616,5295,Render,Thumb_FingerTip,-17.904380,0.996534,20.529200,-0.163693,-0.169598,0.065981,-0.969581
1.3616,5295,Render,Index_MCP,-17.971780,0.988351,20.499610,0.491775,-0.216420,-0.334529,-0.774216
1.3616,5295,Render,Index_PIP,-17.939820,1.002640,20.468510,0.511045,-0.165869,-0.254977,-0.803932
1.3616,5295,Render,Index_DIP,-17.918660,1.008881,20.454830,0.523964,-0.118921,-0.181146,-0.823715
1.3616,5295,Render,Index_FingerTip,-17.894290,1.013556,20.444450,0.523964,-0.118921,-0.181146,-0.823715
1.3616,5295,Render,Middle_MCP,-17.971600,0.963748,20.487480,0.531281,-0.172522,-0.311186,-0.768857
1.3616,5295,Render,Middle_PIP,-17.932170,0.979336,20.456010,0.552578,-0.081738,-0.178947,-0.809911
1.3616,5295,Render,Middle_DIP,-17.906590,0.984867,20.446860,0.558587,0.001990,-0.055561,-0.827581
1.3616,5295,Render,Middle_FingerTip,-17.878470,0.987532,20.445200,0.558587,0.001990,-0.055561,-0.827581
1.3616,5295,Render,Ring_MCP,-17.971160,0.939701,20.482410,0.545507,-0.170731,-0.333638,-0.749639
1.3616,5295,Render,Ring_PIP,-17.937700,0.954310,20.453560,0.563881,-0.093627,-0.226728,-0.788586
1.3616,5295,Render,Ring_DIP,-17.914530,0.960949,20.442930,0.571152,-0.022650,-0.126722,-0.810688
1.3616,5295,Render,Ring_FingerTip,-17.889580,0.965583,20.438250,0.571152,-0.022650,-0.126722,-0.810688
1.3616,5295,Render,Pinky_MCP,-17.972410,0.917369,20.482830,0.558015,-0.159422,-0.334300,-0.742595
1.3616,5295,Render,Pinky_PIP,-17.943840,0.929912,20.458820,0.575316,-0.076212,-0.222256,-0.783458
1.3616,5295,Render,Pinky_DIP,-17.927520,0.934692,20.451930,0.580342,0.000127,-0.117269,-0.805886
1.3616,5295,Render,Pinky_FingerTip,-17.908890,0.938316,20.449330,0.580342,0.000127,-0.117269,-0.805886
1.3754,5296,Real,Wrist,-18.037760,0.920217,20.555270,0.508010,-0.251532,-0.396788,-0.721954
1.3754,5296,Real,Thumb_CMC,-18.015040,0.959297,20.541260,-0.240316,-0.133057,-0.215934,-0.936972
1.3754,5296,Real,Thumb_MCP,-17.976770,0.979874,20.534870,-0.221176,-0.162902,-0.093453,-0.956980
1.3754,5296,Real,Thumb_IP,-17.931200,0.992177,20.521610,-0.177694,-0.209478,0.129548,-0.952765
1.3754,5296,Real,Thumb_FingerTip,-17.906160,0.987263,20.508920,-0.177694,-0.209478,0.129548,-0.952765
1.3754,5296,Real,Index_MCP,-17.973550,0.984462,20.485480,0.521158,-0.164772,-0.224020,-0.806883
1.3754,5296,Real,Index_PIP,-17.933960,0.993349,20.462090,0.527004,-0.144991,-0.193416,-0.814761
1.3754,5296,Real,Index_DIP,-17.911040,0.997563,20.450670,0.531624,-0.127010,-0.165635,-0.820860
1.3754,5296,Real,Index_FingerTip,-17.886480,1.001245,20.440320,0.531624,-0.127010,-0.165635,-0.820860
1.3754,5296,Real,Middle_MCP,-17.974110,0.959606,20.473890,0.549738,-0.138313,-0.234997,-0.789579
1.3754,5296,Real,Middle_PIP,-17.929150,0.971172,20.448720,0.565672,-0.036840,-0.088657,-0.819023
1.3754,5296,Real,Middle_DIP,-17.901950,0.974043,20.444260,0.564135,0.055615,0.045677,-0.822540
1.3754,5296,Real,Middle_FingerTip,-17.873940,0.973692,20.448310,0.564135,0.055615,0.045677,-0.822540
1.3754,5296,Real,Ring_MCP,-17.974200,0.935452,20.469330,0.565840,-0.124027,-0.244046,-0.777743
1.3754,5296,Real,Ring_PIP,-17.934640,0.946586,20.447500,0.578934,-0.019830,-0.099619,-0.809023
1.3754,5296,Real,Ring_DIP,-17.908840,0.950228,20.443620,0.574450,0.074604,0.033303,-0.814453
1.3754,5296,Real,Ring_FingerTip,-17.883380,0.951039,20.447740,0.574450,0.074604,0.033303,-0.814453
1.3754,5296,Real,Pinky_MCP,-17.975810,0.913159,20.470270,0.576347,-0.114511,-0.250068,-0.769531
1.3754,5296,Real,Pinky_PIP,-17.942400,0.923116,20.451980,0.587550,-0.008574,-0.107024,-0.802034
1.3754,5296,Real,Pinky_DIP,-17.924470,0.926080,20.449420,0.581120,0.087111,0.024859,-0.808761
1.3754,5296,Real,Pinky_FingerTip,-17.905630,0.927250,20.452670,0.581120,0.087111,0.024859,-0.808761
1.3754,5296,Virtual,Wrist,-18.037280,0.920633,20.560600,0.506261,-0.242679,-0.397558,-0.725779
1.3754,5296,Virtual,Thumb_CMC,-18.014630,0.960042,20.547430,-0.245014,-0.126429,-0.221251,-0.935432
1.3754,5296,Virtual,Thumb_MCP,-17.976420,0.980938,20.541800,-0.226689,-0.156934,-0.098923,-0.956137
1.3754,5296,Virtual,Thumb_IP,-17.930760,0.993702,20.529290,-0.184433,-0.204941,0.124030,-0.953205
1.3754,5296,Virtual,Thumb_FingerTip,-17.905530,0.989118,20.516850,-0.184433,-0.204941,0.124030,-0.953205
1.3754,5296,Virtual,Index_MCP,-17.972600,0.986231,20.492530,0.517470,-0.156544,-0.224380,-0.810785
1.3754,5296,Virtual,Index_PIP,-17.932780,0.995682,20.469770,0.523008,-0.136908,-0.193628,-0.818674
1.3754,5296,Virtual,Index_DIP,-17.909750,1.000194,20.458690,0.527356,-0.119067,-0.165714,-0.824778
1.3754,5296,Virtual,Index_FingerTip,-17.885090,1.004169,20.448700,0.527356,-0.119067,-0.165714,-0.824778
1.3754,5296,Virtual,Middle_MCP,-17.972860,0.961535,20.480580,0.546155,-0.130030,-0.234940,-0.793480
1.3754,5296,Virtual,Middle_PIP,-17.927670,0.973723,20.456140,0.560654,-0.029340,-0.087897,-0.822849
1.3754,5296,Virtual,Middle_DIP,-17.900420,0.976821,20.452060,0.557965,0.062200,0.047049,-0.826192
1.3754,5296,Virtual,Middle_FingerTip,-17.872470,0.976585,20.456460,0.557965,0.062200,0.047049,-0.826192
1.3754,5296,Virtual,Ring_MCP,-17.972750,0.937446,20.475690,0.562352,-0.115707,-0.243753,-0.781638
1.3754,5296,Virtual,Ring_PIP,-17.932990,0.949123,20.454510,0.574001,-0.012276,-0.098627,-0.812801
1.3754,5296,Virtual,Ring_DIP,-17.907160,0.952975,20.451010,0.568353,0.081254,0.034896,-0.818019
1.3754,5296,Virtual,Ring_FingerTip,-17.881770,0.953885,20.455460,0.568353,0.081254,0.034896,-0.818019
1.3754,5296,Virtual,Pinky_MCP,-17.974230,0.915133,20.476310,0.572922,-0.106169,-0.249617,-0.773421
1.3754,5296,Virtual,Pinky_PIP,-17.940650,0.925545,20.458580,0.582676,-0.000987,-0.105879,-0.805778
1.3754,5296,Virtual,Pinky_DIP,-17.922720,0.928655,20.456290,0.575076,0.093804,0.026599,-0.812269
1.3754,5296,Virtual,Pinky_FingerTip,-17.903920,0.929894,20.459790,0.575076,0.093804,0.026599,-0.812269
1.3754,5296,Render,Wrist,-18.037280,0.920633,20.560600,0.506261,-0.242679,-0.397558,-0.725779
1.3754,5296,Render,Thumb_CMC,-18.014630,0.960042,20.547430,-0.206895,-0.115879,-0.232234,-0.943310
1.3754,5296,Render,Thumb_MCP,-17.976630,0.981386,20.542050,-0.193368,-0.137267,-0.130390,-0.962686
1.3754,5296,Render,Thumb_IP,-17.931110,0.996298,20.531560,-0.160517,-0.174550,0.073092,-0.968723
1.3754,5296,Render,Thumb_FingerTip,-17.904660,0.993860,20.521250,-0.160517,-0.174550,0.073092,-0.968723
1.3754,5296,Render,Index_MCP,-17.972600,0.986231,20.492530,0.491246,-0.225740,-0.332992,-0.772551
1.3754,5296,Render,Index_PIP,-17.940930,0.999938,20.460870,0.511457,-0.175195,-0.253615,-0.802121
1.3754,5296,Render,Index_DIP,-17.919910,1.005847,20.446840,0.525218,-0.128170,-0.179954,-0.821788
1.3754,5296,Render,Index_FingerTip,-17.895630,1.010182,20.436090,0.525218,-0.128170,-0.179954,-0.821788
1.3754,5296,Render,Middle_MCP,-17.972860,0.961535,20.480580,0.531127,-0.181927,-0.310124,-0.767222
1.3754,5296,Render,Middle_PIP,-17.933700,0.976459,20.448450,0.553991,-0.091037,-0.178173,-0.808122
1.3754,5296,Render,Middle_DIP,-17.908210,0.981645,20.438900,0.561377,-0.006993,-0.055063,-0.825697
1.3754,5296,Render,Middle_FingerTip,-17.880080,0.983996,20.436820,0.561377,-0.006993,-0.055063,-0.825697
1.3754,5296,Render,Ring_MCP,-17.972750,0.937446,20.475690,0.545131,-0.180164,-0.332784,-0.748082
1.3754,5296,Render,Ring_PIP,-17.939540,0.951475,20.446260,0.564813,-0.103021,-0.226098,-0.786926
1.3754,5296,Render,Ring_DIP,-17.916440,0.957784,20.435260,0.573247,-0.031855,-0.126303,-0.808963
1.3754,5296,Render,Ring_FingerTip,-17.891520,0.962114,20.430200,0.573247,-0.031855,-0.126303,-0.808963
1.3754,5296,Render,Pinky_MCP,-17.974230,0.915133,20.476310,0.557668,-0.168875,-0.333615,-0.741073
1.3754,5296,Render,Pinky_PIP,-17.945870,0.927185,20.451800,0.576353,-0.085614,-0.221801,-0.781852
1.3754,5296,Render,Pinky_DIP,-17.929600,0.931738,20.444650,0.582606,-0.009058,-0.117029,-0.804234
1.3754,5296,Render,Pinky_FingerTip,-17.910960,0.935142,20.441760,0.582606,-0.009058,-0.117029,-0.804234
1.3898,5297,Real,Wrist,-18.038500,0.919740,20.549600,0.506992,-0.261097,-0.398190,-0.718494
1.3898,5297,Real,Thumb_CMC,-18.015820,0.958568,20.534840,-0.238402,-0.141690,-0.210634,-0.937402
1.3898,5297,Real,Thumb_MCP,-17.977560,0.978874,20.527590,-0.218166,-0.171217,-0.088141,-0.956724
1.3898,5297,Real,Thumb_IP,-17.932170,0.990806,20.513410,-0.172849,-0.216875,0.134658,-0.951292
1.3898,5297,Real,Thumb_FingerTip,-17.907380,0.985642,20.500330,-0.172849,-0.216875,0.134658,-0.951292
1.3898,5297,Real,Index_MCP,-17.975190,0.983006,20.478120,0.522291,-0.174361,-0.225704,-0.803659
1.3898,5297,Real,Index_PIP,-17.935980,0.991465,20.453950,0.528498,-0.154530,-0.195220,-0.811603
1.3898,5297,Real,Index_DIP,-17.913240,0.995451,20.442080,0.533441,-0.136493,-0.167546,-0.817765
1.3898,5297,Real,Index_FingerTip,-17.888850,0.998905,20.431270,0.533441,-0.136493,-0.167546,-0.817765
1.3898,5297,Real,Middle_MCP,-17.976090,0.958052,20.466760,0.550767,-0.147877,-0.237100,-0.786494
1.3898,5297,Real,Middle_PIP,-17.931530,0.969144,20.440690,0.568410,-0.046061,-0.091282,-0.816368
1.3898,5297,Real,Middle_DIP,-17.904390,0.971824,20.435720,0.568337,0.046962,0.042655,-0.820347
1.3898,5297,Real,Middle_FingerTip,-17.876320,0.971354,20.439280,0.568337,0.046962,0.042655,-0.820347
1.3898,5297,Real,Ring_MCP,-17.976390,0.933859,20.462420,0.566775,-0.133570,-0.246388,-0.774738
1.3898,5297,Real,Ring_PIP,-17.937170,0.944579,20.439790,0.581576,-0.029048,-0.102465,-0.806490
1.3898,5297,Real,Ring_DIP,-17.911420,0.948043,20.435410,0.578556,0.065938,0.030083,-0.812417
1.3898,5297,Real,Ring_FingerTip,-17.885890,0.948750,20.439080,0.578556,0.065938,0.030083,-0.812417
1.3898,5297,Real,Pinky_MCP,-17.978110,0.911584,20.463580,0.577216,-0.124038,-0.252568,-0.766581
1.3898,5297,Real,Pinky_PIP,-17.944970,0.921193,20.444620,0.590125,-0.017787,-0.110016,-0.799583
1.3898,5297,Real,Pinky_DIP,-17.927080,0.924035,20.441710,0.585159,0.078439,0.021509,-0.806829
1.3898,5297,Real,Pinky_FingerTip,-17.908180,0.925129,20.444620,0.585159,0.078439,0.021509,-0.806829
1.3898,5297,Virtual,Wrist,-18.037770,0.920216,20.555270,0.508010,-0.251532,-0.396788,-0.721954
1.3898,5297,Virtual,Thumb_CMC,-18.015040,0.959297,20.541260,-0.240316,-0.133057,-0.215934,-0.936972
1.3898,5297,Virtual,Thumb_MCP,-17.976780,0.979873,20.534870,-0.221176,-0.162902,-0.093453,-0.956980
1.3898,5297,Virtual,Thumb_IP,-17.931210,0.992176,20.521610,-0.177693,-0.209478,0.129548,-0.952765
1.3898,5297,Virtual,Thumb_FingerTip,-17.906170,0.987263,20.508920,-0.177693,-0.209478,0.129548,-0.952765
1.3898,5297,Virtual,Index_MCP,-17.973550,0.984462,20.485490,0.521158,-0.164772,-0.224020,-0.806883
1.3898,5297,Virtual,Index_PIP,-17.933970,0.993349,20.462100,0.527004,-0.144991,-0.193416,-0.814761
1.3898,5297,Virtual,Index_DIP,-17.911050,0.997563,20.450670,0.531623,-0.127010,-0.165635,-0.820860
1.3898,5297,Virtual,Index_FingerTip,-17.886490,1.001245,20.440330,0.531623,-0.127010,-0.165635,-0.820860
1.3898,5297,Virtual,Middle_MCP,-17.974110,0.959606,20.473890,0.549738,-0.138313,-0.234997,-0.789579
1.3898,5297,Virtual,Middle_PIP,-17.929160,0.971172,20.448720,0.565672,-0.036840,-0.088657,-0.819023
1.3898,5297,Virtual,Middle_DIP,-17.901950,0.974042,20.444260,0.564136,0.055615,0.045677,-0.822540
1.3898,5297,Virtual,Middle_FingerTip,-17.873950,0.973691,20.448310,0.564136,0.055615,0.045677,-0.822540
1.3898,5297,Virtual,Ring_MCP,-17.974210,0.935452,20.469330,0.565840,-0.124027,-0.244046,-0.777743
1.3898,5297,Virtual,Ring_PIP,-17.934640,0.946586,20.447500,0.578934,-0.019830,-0.099619,-0.809023
1.3898,5297,Virtual,Ring_DIP,-17.908840,0.950227,20.443620,0.574450,0.074603,0.033303,-0.814453
1.3898,5297,Virtual,Ring_FingerTip,-17.883390,0.951039,20.447740,0.574450,0.074603,0.033303,-0.814453
1.3898,5297,Virtual,Pinky_MCP,-17.975820,0.913159,20.470270,0.576347,-0.114512,-0.250068,-0.769531
1.3898,5297,Virtual,Pinky_PIP,-17.942400,0.923115,20.451990,0.587550,-0.008574,-0.107024,-0.802034
1.3898,5297,Virtual,Pinky_DIP,-17.924480,0.926080,20.449420,0.581120,0.087111,0.024859,-0.808761
1.3898,5297,Virtual,Pinky_FingerTip,-17.905630,0.927249,20.452680,0.581120,0.087111,0.024859,-0.808761
1.3898,5297,Render,Wrist,-18.037770,0.920216,20.555270,0.508010,-0.251532,-0.396788,-0.721954
1.3898,5297,Render,Thumb_CMC,-18.015040,0.959297,20.541260,-0.202180,-0.122752,-0.227204,-0.944687
1.3898,5297,Render,Thumb_MCP,-17.976990,0.980326,20.535110,-0.187948,-0.143597,-0.125242,-0.963520
1.3898,5297,Render,Thumb_IP,-17.931520,0.994806,20.523850,-0.153896,-0.179612,0.078301,-0.968465
1.3898,5297,Render,Thumb_FingerTip,-17.905210,0.992059,20.513250,-0.153896,-0.179612,0.078301,-0.968465
1.3898,5297,Render,Index_MCP,-17.973550,0.984462,20.485490,0.493776,-0.234394,-0.332104,-0.768734
1.3898,5297,Render,Index_PIP,-17.942200,0.997533,20.453250,0.514844,-0.183551,-0.253115,-0.798235
1.3898,5297,Render,Index_DIP,-17.921320,1.003116,20.438880,0.529347,-0.136186,-0.179807,-0.817872
1.3898,5297,Render,Index_FingerTip,-17.897160,1.007149,20.427760,0.529347,-0.136186,-0.179807,-0.817872
1.3898,5297,Render,Middle_MCP,-17.974110,0.959606,20.473890,0.533897,-0.190515,-0.309806,-0.763334
1.3898,5297,Render,Middle_PIP,-17.935280,0.973839,20.441060,0.558151,-0.099045,-0.178506,-0.804235
1.3898,5297,Render,Middle_DIP,-17.909870,0.978733,20.431120,0.566690,-0.014287,-0.055974,-0.821904
1.3898,5297,Render,Middle_FingerTip,-17.881750,0.980879,20.428670,0.566690,-0.014287,-0.055974,-0.821904
1.3898,5297,Render,Ring_MCP,-17.974210,0.935452,20.469330,0.547632,-0.188832,-0.332624,-0.744180
1.3898,5297,Render,Ring_PIP,-17.941290,0.948865,20.439300,0.568489,-0.111260,-0.226480,-0.783039
1.3898,5297,Render,Ring_DIP,-17.918300,0.954877,20.427930,0.577920,-0.039572,-0.127166,-0.805153
1.3898,5297,Render,Ring_FingerTip,-17.893410,0.958980,20.422490,0.577920,-0.039572,-0.127166,-0.805153
1.3898,5297,Render,Pinky_MCP,-17.975820,0.913159,20.470270,0.560148,-0.177545,-0.333633,-0.737157
1.3898,5297,Render,Pinky_PIP,-17.947690,0.924694,20.445250,0.580073,-0.093829,-0.222390,-0.777981
1.3898,5297,Render,Pinky_DIP,-17.931480,0.929045,20.437840,0.587375,-0.016711,-0.118123,-0.800474
1.3898,5297,Render,Pinky_FingerTip,-17.912870,0.932292,20.434670,0.587375,-0.016711,-0.118123,-0.800474
1.4037,5298,Real,Wrist,-18.038750,0.919410,20.544390,0.508625,-0.269143,-0.398467,-0.714204
1.4037,5298,Real,Thumb_CMC,-18.016130,0.957962,20.528840,-0.233610,-0.149153,-0.207150,-0.938227
1.4037,5298,Real,Thumb_MCP,-17.977940,0.978091,20.520800,-0.212448,-0.178006,-0.084553,-0.957095
1.4037,5298,Real,Thumb_IP,-17.932720,0.989735,20.505860,-0.165709,-0.222173,0.138284,-0.950820
1.4037,5298,Real,Thumb_FingerTip,-17.908120,0.984339,20.492510,-0.165709,-0.222173,0.138284,-0.950820
1.4037,5298,Real,Index_MCP,-17.976150,0.981519,20.471290,0.525650,-0.182095,-0.226850,-0.799420
1.4037,5298,Real,Index_PIP,-17.937250,0.989539,20.446480,0.532146,-0.162132,-0.196525,-0.807411
1.4037,5298,Real,Index_DIP,-17.914660,0.993298,20.434260,0.537345,-0.143967,-0.168992,-0.813619
1.4037,5298,Real,Index_FingerTip,-17.890410,0.996533,20.423070,0.537345,-0.143967,-0.168992,-0.813619
1.4037,5298,Real,Middle_MCP,-17.977280,0.956423,20.460270,0.553992,-0.155661,-0.238653,-0.782245
1.4037,5298,Real,Middle_PIP,-17.933050,0.967032,20.433440,0.572980,-0.053205,-0.093675,-0.812458
1.4037,5298,Real,Middle_DIP,-17.905970,0.969561,20.428080,0.574012,0.040594,0.039570,-0.816883
1.4037,5298,Real,Middle_FingerTip,-17.877860,0.969051,20.431230,0.574012,0.040594,0.039570,-0.816883
1.4037,5298,Real,Ring_MCP,-17.977720,0.932178,20.456250,0.569894,-0.141378,-0.248154,-0.770488
1.4037,5298,Real,Ring_PIP,-17.938780,0.942474,20.432940,0.586050,-0.036236,-0.105068,-0.802617
1.4037,5298,Real,Ring_DIP,-17.913090,0.945798,20.428170,0.584146,0.059508,0.026795,-0.809021
1.4037,5298,Real,Ring_FingerTip,-17.887510,0.946474,20.431460,0.584146,0.059508,0.026795,-0.809021
1.4037,5298,Real,Pinky_MCP,-17.979500,0.909927,20.457730,0.580264,-0.131857,-0.254472,-0.762333
1.4037,5298,Real,Pinky_PIP,-17.946590,0.919177,20.438180,0.594532,-0.025001,-0.112754,-0.795735
1.4037,5298,Real,Pinky_DIP,-17.928740,0.921924,20.434990,0.590689,0.071973,0.018093,-0.803480
1.4037,5298,Real,Pinky_FingerTip,-17.909790,0.922996,20.437620,0.590689,0.071973,0.018093,-0.803480
1.4037,5298,Virtual,Wrist,-18.038500,0.919740,20.549610,0.506992,-0.261097,-0.398190,-0.718494
1.4037,5298,Virtual,Thumb_CMC,-18.015820,0.958568,20.534850,-0.238095,-0.142215,-0.211239,-0.937264
1.4037,5298,Virtual,Thumb_MCP,-17.977600,0.978929,20.527560,-0.217789,-0.171703,-0.088732,-0.956668
1.4037,5298,Virtual,Thumb_IP,-17.932240,0.990920,20.513350,-0.172359,-0.217271,0.134119,-0.951366
1.4037,5298,Virtual,Thumb_FingerTip,-17.907450,0.985782,20.500250,-0.172359,-0.217271,0.134119,-0.951366
1.4037,5298,Virtual,Index_MCP,-17.975190,0.983007,20.478120,0.522215,-0.174590,-0.226056,-0.803560
1.4037,5298,Virtual,Index_PIP,-17.936010,0.991480,20.453930,0.528431,-0.154762,-0.195576,-0.811517
1.4037,5298,Virtual,Index_DIP,-17.913280,0.995474,20.442040,0.533381,-0.136727,-0.167904,-0.817691
1.4037,5298,Virtual,Index_FingerTip,-17.888900,0.998937,20.431210,0.533381,-0.136727,-0.167904,-0.817691
1.4037,5298,Virtual,Middle_MCP,-17.976090,0.958052,20.466760,0.550696,-0.148140,-0.237476,-0.786380
1.4037,5298,Virtual,Middle_PIP,-17.931560,0.969159,20.440650,0.568383,-0.046402,-0.091772,-0.816313
1.4037,5298,Virtual,Middle_DIP,-17.904430,0.971850,20.435660,0.568370,0.046559,0.042074,-0.820377
1.4037,5298,Virtual,Middle_FingerTip,-17.876350,0.971394,20.439170,0.568370,0.046559,0.042074,-0.820377
1.4037,5298,Virtual,Ring_MCP,-17.976400,0.933859,20.462430,0.566710,-0.133844,-0.246762,-0.774619
1.4037,5298,Virtual,Ring_PIP,-17.937190,0.944590,20.439760,0.581559,-0.029400,-0.102954,-0.806428
1.4037,5298,Virtual,Ring_DIP,-17.911450,0.948064,20.435360,0.578603,0.065523,0.029501,-0.812438
1.4037,5298,Virtual,Ring_FingerTip,-17.885920,0.948783,20.438980,0.578603,0.065523,0.029501,-0.812438
1.4037,5298,Virtual,Pinky_MCP,-17.978110,0.911585,20.463590,0.577156,-0.124317,-0.252938,-0.766459
1.4037,5298,Virtual,Pinky_PIP,-17.944990,0.921201,20.444590,0.590114,-0.018145,-0.110500,-0.799516
1.4037,5298,Virtual,Pinky_DIP,-17.927110,0.924050,20.441670,0.585215,0.078020,0.020931,-0.806845
1.4037,5298,Virtual,Pinky_FingerTip,-17.908200,0.925152,20.444550,0.585215,0.078020,0.020931,-0.806845
1.4037,5298,Render,Wrist,-18.038500,0.919740,20.549610,0.506992,-0.261097,-0.398190,-0.718494
1.4037,5298,Render,Thumb_CMC,-18.015820,0.958568,20.534850,-0.200306,-0.131608,-0.222267,-0.945069
1.4037,5298,Render,Thumb_MCP,-17.977760,0.979331,20.527840,-0.185141,-0.152203,-0.120293,-0.963373
1.4037,5298,Render,Thumb_IP,-17.932430,0.993458,20.515640,-0.149357,-0.187444,0.083111,-0.967290
1.4037,5298,Render,Thumb_FingerTip,-17.906320,0.990472,20.504600,-0.149357,-0.187444,0.083111,-0.967290
1.4037,5298,Render,Index_MCP,-17.975190,0.983007,20.478120,0.493590,-0.244048,-0.333331,-0.765311
1.4037,5298,Render,Index_PIP,-17.944350,0.995617,20.445220,0.515629,-0.193175,-0.254681,-0.794952
1.4037,5298,Render,Index_DIP,-17.923700,1.000956,20.430430,0.531001,-0.145699,-0.181664,-0.814745
1.4037,5298,Render,Index_FingerTip,-17.899720,1.004757,20.418850,0.531001,-0.145699,-0.181664,-0.814745
1.4037,5298,Render,Middle_MCP,-17.976090,0.958052,20.466760,0.534002,-0.200133,-0.311602,-0.760061
1.4037,5298,Render,Middle_PIP,-17.937770,0.971778,20.433120,0.559855,-0.108511,-0.180821,-0.801307
1.4037,5298,Render,Middle_DIP,-17.912520,0.976443,20.422690,0.569794,-0.023391,-0.058703,-0.819355
1.4037,5298,Render,Middle_FingerTip,-17.884440,0.978411,20.419720,0.569794,-0.023391,-0.058703,-0.819355
1.4037,5298,Render,Ring_MCP,-17.976400,0.933859,20.462430,0.547453,-0.198420,-0.334601,-0.740924
1.4037,5298,Render,Ring_PIP,-17.943950,0.946823,20.431690,0.569638,-0.120780,-0.228888,-0.780087
1.4037,5298,Render,Ring_DIP,-17.921130,0.952606,20.419860,0.580246,-0.048875,-0.129923,-0.802525
1.4037,5298,Render,Ring_FingerTip,-17.896320,0.956523,20.413940,0.580246,-0.048875,-0.129923,-0.802525
1.4037,5298,Render,Pinky_MCP,-17.978110,0.911585,20.463590,0.559959,-0.187109,-0.335791,-0.733949
1.4037,5298,Render,Pinky_PIP,-17.950380,0.922741,20.437970,0.581283,-0.103318,-0.224994,-0.775122
1.4037,5298,Render,Pinky_DIP,-17.934280,0.926937,20.430240,0.589822,-0.025959,-0.121080,-0.797983
1.4037,5298,Render,Pinky_FingerTip,-17.915710,0.930052,20.426700,0.589822,-0.025959,-0.121080,-0.797983
1.4177,5299,Real,Wrist,-18.038780,0.918972,20.538910,0.508615,-0.277396,-0.398217,-0.711186
1.4177,5299,Real,Thumb_CMC,-18.016120,0.957225,20.522690,-0.231248,-0.154955,-0.201960,-0.939003
1.4177,5299,Real,Thumb_MCP,-17.977900,0.977026,20.514010,-0.209415,-0.183390,-0.079602,-0.957172
1.4177,5299,Real,Thumb_IP,-17.932790,0.988264,20.498430,-0.161642,-0.226624,0.142592,-0.949832
1.4177,5299,Real,Thumb_FingerTip,-17.908380,0.982632,20.484850,-0.161642,-0.226624,0.142592,-0.949832
1.4177,5299,Real,Index_MCP,-17.976760,0.979964,20.464380,0.527420,-0.190244,-0.227048,-0.796295
1.4177,5299,Real,Index_PIP,-17.938150,0.987500,20.438980,0.534041,-0.170779,-0.197699,-0.804084
1.4177,5299,Real,Index_DIP,-17.915740,0.991017,20.426370,0.539385,-0.153063,-0.171057,-0.810170
1.4177,5299,Real,Index_FingerTip,-17.891670,0.994031,20.414730,0.539385,-0.153063,-0.171057,-0.810170
1.4177,5299,Real,Middle_MCP,-17.978190,0.954770,20.453620,0.555625,-0.164070,-0.239524,-0.779096
1.4177,5299,Real,Middle_PIP,-17.934280,0.964851,20.426070,0.576068,-0.061511,-0.095560,-0.809463
1.4177,5299,Real,Middle_DIP,-17.907280,0.967175,20.420260,0.578424,0.032604,0.036805,-0.814253
1.4177,5299,Real,Middle_FingerTip,-17.879120,0.966546,20.422970,0.578424,0.032604,0.036805,-0.814253
1.4177,5299,Real,Ring_MCP,-17.978840,0.930490,20.449850,0.571484,-0.149730,-0.249111,-0.767419
1.4177,5299,Real,Ring_PIP,-17.940160,0.940318,20.425900,0.589099,-0.044446,-0.106945,-0.799719
1.4177,5299,Real,Ring_DIP,-17.914530,0.943445,20.420710,0.588511,0.051650,0.024125,-0.806477
1.4177,5299,Real,Ring_FingerTip,-17.888900,0.944010,20.423600,0.588511,0.051650,0.024125,-0.806477
1.4177,5299,Real,Pinky_MCP,-17.980730,0.908266,20.451570,0.581806,-0.140225,-0.255566,-0.759292
1.4177,5299,Real,Pinky_PIP,-17.948060,0.917122,20.431480,0.597542,-0.033238,-0.114757,-0.792887
1.4177,5299,Real,Pinky_DIP,-17.930230,0.919732,20.427990,0.595026,0.064079,0.015309,-0.801002
1.4177,5299,Real,Pinky_FingerTip,-17.911240,0.920723,20.430310,0.595026,0.064079,0.015309,-0.801002
1.4177,5299,Virtual,Wrist,-18.038760,0.919409,20.544400,0.508624,-0.269144,-0.398468,-0.714204
1.4177,5299,Virtual,Thumb_CMC,-18.016140,0.957962,20.528850,-0.234003,-0.148516,-0.207214,-0.938215
1.4177,5299,Virtual,Thumb_MCP,-17.977930,0.978087,20.520870,-0.212975,-0.177359,-0.084914,-0.957066
1.4177,5299,Virtual,Thumb_IP,-17.932690,0.989761,20.506000,-0.166493,-0.221573,0.137398,-0.950951
1.4177,5299,Virtual,Thumb_FingerTip,-17.908070,0.984416,20.492690,-0.166493,-0.221573,0.137398,-0.950951
1.4177,5299,Virtual,Index_MCP,-17.976160,0.981519,20.471290,0.525610,-0.182211,-0.227026,-0.799371
1.4177,5299,Virtual,Index_PIP,-17.937270,0.989546,20.446480,0.531937,-0.162817,-0.197565,-0.807157
1.4177,5299,Virtual,Index_DIP,-17.914710,0.993328,20.434200,0.537020,-0.145175,-0.170822,-0.813237
1.4177,5299,Virtual,Index_FingerTip,-17.890510,0.996607,20.422910,0.537020,-0.145175,-0.170822,-0.813237
1.4177,5299,Virtual,Middle_MCP,-17.977290,0.956423,20.460280,0.553896,-0.156001,-0.239134,-0.782099
1.4177,5299,Virtual,Middle_PIP,-17.933090,0.967049,20.433400,0.572917,-0.053883,-0.094637,-0.812347
1.4177,5299,Virtual,Middle_DIP,-17.906030,0.969600,20.427970,0.574080,0.039620,0.038184,-0.816949
1.4177,5299,Virtual,Middle_FingerTip,-17.877900,0.969122,20.431040,0.574080,0.039620,0.038184,-0.816949
1.4177,5299,Virtual,Ring_MCP,-17.977730,0.932177,20.456250,0.569829,-0.141641,-0.248509,-0.770374
1.4177,5299,Virtual,Ring_PIP,-17.938810,0.942483,20.432910,0.586016,-0.036786,-0.105821,-0.802518
1.4177,5299,Virtual,Ring_DIP,-17.913130,0.945822,20.428090,0.584227,0.058709,0.025688,-0.809057
1.4177,5299,Virtual,Ring_FingerTip,-17.887540,0.946520,20.431320,0.584227,0.058709,0.025688,-0.809057
1.4177,5299,Virtual,Pinky_MCP,-17.979500,0.909926,20.457730,0.580203,-0.132125,-0.254824,-0.762216
1.4177,5299,Virtual,Pinky_PIP,-17.946620,0.919184,20.438160,0.594508,-0.025559,-0.113501,-0.795629
1.4177,5299,Virtual,Pinky_DIP,-17.928770,0.921940,20.434940,0.590786,0.071165,0.016993,-0.803504
1.4177,5299,Virtual,Pinky_FingerTip,-17.909820,0.923028,20.437520,0.590786,0.071165,0.016993,-0.803504
1.4177,5299,Render,Wrist,-18.038760,0.919409,20.544400,0.508624,-0.269144,-0.398468,-0.714204
1.4177,5299,Render,Thumb_CMC,-18.016140,0.957962,20.528850,-0.195925,-0.139435,-0.218571,-0.945726
1.4177,5299,Render,Thumb_MCP,-17.978130,0.978514,20.521030,-0.179951,-0.159519,-0.116548,-0.963633
1.4177,5299,Render,Thumb_IP,-17.932930,0.992342,20.508010,-0.142757,-0.193518,0.086828,-0.966764
1.4177,5299,Render,Thumb_FingerTip,-17.906990,0.989132,20.496640,-0.142757,-0.193518,0.086828,-0.966764
1.4177,5299,Render,Index_MCP,-17.976160,0.981519,20.471290,0.495971,-0.251951,-0.333555,-0.761101
1.4177,5299,Render,Index_PIP,-17.945690,0.993592,20.437840,0.518793,-0.200799,-0.255326,-0.790786
1.4177,5299,Render,Index_DIP,-17.925210,0.998666,20.422720,0.534842,-0.153005,-0.182684,-0.810655
1.4177,5299,Render,Index_FingerTip,-17.901370,1.002230,20.410790,0.534842,-0.153005,-0.182684,-0.810655
1.4177,5299,Render,Middle_MCP,-17.977290,0.956423,20.460280,0.536563,-0.207935,-0.312379,-0.755833
1.4177,5299,Render,Middle_PIP,-17.939350,0.969575,20.425970,0.563678,-0.115778,-0.182291,-0.797266
1.4177,5299,Render,Middle_DIP,-17.914220,0.974014,20.415160,0.574662,-0.030003,-0.060761,-0.815581
1.4177,5299,Render,Middle_FingerTip,-17.886180,0.975843,20.411800,0.574662,-0.030003,-0.060761,-0.815581
1.4177,5299,Render,Ring_MCP,-17.977730,0.932177,20.456250,0.549745,-0.206272,-0.335507,-0.736660
1.4177,5299,Render,Ring_PIP,-17.945630,0.944626,20.424950,0.572994,-0.128239,-0.230375,-0.775990
1.4177,5299,Render,Ring_DIP,-17.922950,0.950174,20.412740,0.584506,-0.055858,-0.131909,-0.798645
1.4177,5299,Render,Ring_FingerTip,-17.898210,0.953925,20.406460,0.584506,-0.055858,-0.131909,-0.798645
1.4177,5299,Render,Pinky_MCP,-17.979500,0.909926,20.457730,0.562218,-0.194947,-0.336863,-0.729679
1.4177,5299,Render,Pinky_PIP,-17.952060,0.920651,20.431620,0.584662,-0.110742,-0.226677,-0.771054
1.4177,5299,Render,Pinky_DIP,-17.936050,0.924688,20.423620,0.594148,-0.032874,-0.123284,-0.794172
1.4177,5299,Render,Pinky_FingerTip,-17.917520,0.927691,20.419820,0.594148,-0.032874,-0.123284,-0.794172
1.4321,5300,Real,Wrist,-18.038990,0.918144,20.533210,0.504056,-0.287986,-0.396847,-0.710988
1.4321,5300,Real,Thumb_CMC,-18.016040,0.956005,20.516490,-0.232470,-0.162240,-0.192980,-0.939359
1.4321,5300,Real,Thumb_MCP,-17.977710,0.975237,20.507040,-0.209728,-0.190730,-0.070842,-0.956357
1.4321,5300,Real,Thumb_IP,-17.932740,0.985803,20.490610,-0.160344,-0.233781,0.150587,-0.947080
1.4321,5300,Real,Thumb_FingerTip,-17.908650,0.979811,20.476620,-0.160344,-0.233781,0.150587,-0.947080
1.4321,5300,Real,Index_MCP,-17.977370,0.977984,20.457440,0.525087,-0.201589,-0.225512,-0.795481
1.4321,5300,Real,Index_PIP,-17.939110,0.984872,20.431330,0.531996,-0.182580,-0.196766,-0.803075
1.4321,5300,Real,Index_DIP,-17.916890,0.988032,20.418280,0.537625,-0.165270,-0.170677,-0.809021
1.4321,5300,Real,Index_FingerTip,-17.893030,0.990681,20.406150,0.537625,-0.165270,-0.170677,-0.809021
1.4321,5300,Real,Middle_MCP,-17.979360,0.952785,20.446780,0.553274,-0.175773,-0.238775,-0.778446
1.4321,5300,Real,Middle_PIP,-17.935840,0.962144,20.418380,0.575821,-0.073749,-0.095368,-0.808639
1.4321,5300,Real,Middle_DIP,-17.908930,0.964066,20.412030,0.580172,0.020210,0.036474,-0.813426
1.4321,5300,Real,Middle_FingerTip,-17.880730,0.963050,20.414160,0.580172,0.020210,0.036474,-0.813426
1.4321,5300,Real,Ring_MCP,-17.980450,0.928507,20.443090,0.569175,-0.161389,-0.248483,-0.766975
1.4321,5300,Real,Ring_PIP,-17.942080,0.937695,20.418410,0.588901,-0.056587,-0.106756,-0.799123
1.4321,5300,Real,Ring_DIP,-17.916510,0.940434,20.412710,0.590300,0.039406,0.023898,-0.805868
1.4321,5300,Real,Ring_FingerTip,-17.890820,0.940641,20.415080,0.590300,0.039406,0.023898,-0.805868
1.4321,5300,Real,Pinky_MCP,-17.982650,0.906319,20.444910,0.579506,-0.151907,-0.255098,-0.758962
1.4321,5300,Real,Pinky_PIP,-17.950210,0.914633,20.424190,0.597362,-0.045404,-0.114702,-0.792427
1.4321,5300,Real,Pinky_DIP,-17.932420,0.916973,20.420350,0.596840,0.051810,0.014974,-0.800546
1.4321,5300,Real,Pinky_FingerTip,-17.913380,0.917698,20.422290,0.596840,0.051810,0.014974,-0.800546
1.4321,5300,Virtual,Wrist,-18.038780,0.918972,20.538920,0.508615,-0.277396,-0.398217,-0.711186
1.4321,5300,Virtual,Thumb_CMC,-18.016120,0.957225,20.522700,-0.230917,-0.155525,-0.202315,-0.938913
1.4321,5300,Virtual,Thumb_MCP,-17.977930,0.977062,20.513980,-0.209050,-0.183872,-0.080158,-0.957113
1.4321,5300,Virtual,Thumb_IP,-17.932840,0.988354,20.498360,-0.161259,-0.226950,0.141694,-0.949954
1.4321,5300,Virtual,Thumb_FingerTip,-17.908430,0.982768,20.484770,-0.161259,-0.226950,0.141694,-0.949954
1.4321,5300,Virtual,Index_MCP,-17.976760,0.979965,20.464390,0.527378,-0.190360,-0.227222,-0.796245
1.4321,5300,Virtual,Index_PIP,-17.938170,0.987507,20.438970,0.533881,-0.171276,-0.198448,-0.803899
1.4321,5300,Virtual,Index_DIP,-17.915770,0.991042,20.426320,0.539144,-0.153911,-0.172331,-0.809900
1.4321,5300,Virtual,Index_FingerTip,-17.891750,0.994087,20.414620,0.539144,-0.153911,-0.172331,-0.809900
1.4321,5300,Virtual,Middle_MCP,-17.978190,0.954771,20.453640,0.555509,-0.164462,-0.240072,-0.778927
1.4321,5300,Virtual,Middle_PIP,-17.934330,0.964871,20.426020,0.575991,-0.062221,-0.096559,-0.809345
1.4321,5300,Virtual,Middle_DIP,-17.907340,0.967217,20.420150,0.578479,0.031615,0.035413,-0.814315
1.4321,5300,Virtual,Middle_FingerTip,-17.879170,0.966620,20.422760,0.578479,0.031615,0.035413,-0.814315
1.4321,5300,Virtual,Ring_MCP,-17.978840,0.930490,20.449860,0.571401,-0.150045,-0.249534,-0.767281
1.4321,5300,Virtual,Ring_PIP,-17.940200,0.940331,20.425870,0.589055,-0.045027,-0.107735,-0.799613
1.4321,5300,Virtual,Ring_DIP,-17.914570,0.943472,20.420630,0.588581,0.050838,0.023011,-0.806510
1.4321,5300,Virtual,Ring_FingerTip,-17.888940,0.944058,20.423440,0.588581,0.050838,0.023011,-0.806510
1.4321,5300,Virtual,Pinky_MCP,-17.980740,0.908266,20.451580,0.581729,-0.140545,-0.255984,-0.759152
1.4321,5300,Virtual,Pinky_PIP,-17.948080,0.917131,20.431450,0.597509,-0.033828,-0.115540,-0.792773
1.4321,5300,Virtual,Pinky_DIP,-17.930270,0.919750,20.427930,0.595113,0.063258,0.014203,-0.801023
1.4321,5300,Virtual,Pinky_FingerTip,-17.911270,0.920757,20.430200,0.595113,0.063258,0.014203,-0.801023
1.4321,5300,Render,Wrist,-18.038780,0.918972,20.538920,0.508615,-0.277396,-0.398217,-0.711186
1.4321,5300,Render,Thumb_CMC,-18.016120,0.957225,20.522700,-0.193076,-0.145400,-0.213495,-0.946573
1.4321,5300,Render,Thumb_MCP,-17.978070,0.977439,20.514230,-0.176482,-0.165146,-0.111410,-0.963934
1.4321,5300,Render,Thumb_IP,-17.932930,0.990828,20.500550,-0.138192,-0.198299,0.091916,-0.965988
1.4321,5300,Render,Thumb_FingerTip,-17.907150,0.987329,20.488910,-0.138192,-0.198299,0.091916,-0.965988
1.4321,5300,Render,Index_MCP,-17.976760,0.979965,20.464390,0.496673,-0.260156,-0.333158,-0.758051
1.4321,5300,Render,Index_PIP,-17.946660,0.991516,20.430420,0.520317,-0.208891,-0.255238,-0.787711
1.4321,5300,Render,Index_DIP,-17.926360,0.996311,20.414990,0.537092,-0.160926,-0.182875,-0.807584
1.4321,5300,Render,Index_FingerTip,-17.902650,0.999607,20.402710,0.537092,-0.160926,-0.182875,-0.807584
1.4321,5300,Render,Middle_MCP,-17.978190,0.954771,20.453640,0.537517,-0.216132,-0.312482,-0.752807
1.4321,5300,Render,Middle_PIP,-17.940630,0.967345,20.418710,0.565982,-0.123703,-0.182896,-0.794300
1.4321,5300,Render,Middle_DIP,-17.915620,0.971517,20.407530,0.578128,-0.037493,-0.061804,-0.812738
1.4321,5300,Render,Middle_FingerTip,-17.887610,0.973134,20.403780,0.578128,-0.037493,-0.061804,-0.812738
1.4321,5300,Render,Ring_MCP,-17.978840,0.930490,20.449860,0.550458,-0.214497,-0.335765,-0.733655
1.4321,5300,Render,Ring_PIP,-17.947080,0.942428,20.418010,0.574838,-0.136287,-0.231046,-0.773049
1.4321,5300,Render,Ring_DIP,-17.924530,0.947711,20.405460,0.587338,-0.063613,-0.132941,-0.795811
1.4321,5300,Render,Ring_FingerTip,-17.899850,0.951242,20.398820,0.587338,-0.063613,-0.132941,-0.795811
1.4321,5300,Render,Pinky_MCP,-17.980740,0.908266,20.451580,0.562923,-0.203173,-0.337280,-0.726692
1.4321,5300,Render,Pinky_PIP,-17.953580,0.918561,20.425000,0.586561,-0.118777,-0.227526,-0.768161
1.4321,5300,Render,Pinky_DIP,-17.937650,0.922417,20.416760,0.597088,-0.040589,-0.124506,-0.791415
1.4321,5300,Render,Pinky_FingerTip,-17.919150,0.925264,20.412680,0.597088,-0.040589,-0.124506,-0.791415
1.4463,5301,Real,Wrist,-18.039400,0.917292,20.527370,0.498043,-0.299988,-0.396880,-0.710244
1.4463,5301,Real,Thumb_CMC,-18.016270,0.954779,20.510060,-0.235003,-0.171136,-0.183181,-0.939112
1.4463,5301,Real,Thumb_MCP,-17.977880,0.973419,20.499730,-0.211206,-0.199765,-0.061667,-0.954821
1.4463,5301,Real,Thumb_IP,-17.933140,0.983330,20.482300,-0.159942,-0.242760,0.158258,-0.943632
1.4463,5301,Real,Thumb_FingerTip,-17.909430,0.977031,20.467800,-0.159942,-0.242760,0.158258,-0.943632
1.4463,5301,Real,Index_MCP,-17.978600,0.976088,20.450120,0.521700,-0.214551,-0.225238,-0.794396
1.4463,5301,Real,Index_PIP,-17.940840,0.982362,20.423150,0.528727,-0.196597,-0.197959,-0.801629
1.4463,5301,Real,Index_DIP,-17.918920,0.985204,20.409540,0.534524,-0.180242,-0.173209,-0.807339
1.4463,5301,Real,Index_FingerTip,-17.895380,0.987544,20.396730,0.534524,-0.180242,-0.173209,-0.807339
1.4463,5301,Real,Middle_MCP,-17.981210,0.950904,20.439560,0.549755,-0.189235,-0.239622,-0.777523
1.4463,5301,Real,Middle_PIP,-17.938250,0.959594,20.410110,0.574686,-0.088184,-0.097154,-0.807788
1.4463,5301,Real,Middle_DIP,-17.911490,0.961135,20.403070,0.581388,0.005272,0.033861,-0.812905
1.4463,5301,Real,Middle_FingerTip,-17.883260,0.959751,20.404430,0.581388,0.005272,0.033861,-0.812905
1.4463,5301,Real,Ring_MCP,-17.982740,0.926640,20.435940,0.565710,-0.174688,-0.249354,-0.766341
1.4463,5301,Real,Ring_PIP,-17.944830,0.935227,20.410350,0.587824,-0.070755,-0.108356,-0.798571
1.4463,5301,Real,Ring_DIP,-17.919370,0.937595,20.404020,0.591546,0.024831,0.021658,-0.805598
1.4463,5301,Real,Ring_FingerTip,-17.893620,0.937452,20.405720,0.591546,0.024831,0.021658,-0.805598
1.4463,5301,Real,Pinky_MCP,-17.985230,0.904490,20.437850,0.576035,-0.165205,-0.256148,-0.758472
1.4463,5301,Real,Pinky_PIP,-17.953170,0.912295,20.416360,0.596288,-0.059579,-0.116447,-0.792042
1.4463,5301,Real,Pinky_DIP,-17.935450,0.914375,20.412090,0.598100,0.037224,0.012622,-0.800457
1.4463,5301,Real,Pinky_FingerTip,-17.916350,0.914841,20.413520,0.598100,0.037224,0.012622,-0.800457
1.4463,5301,Virtual,Wrist,-18.038990,0.918145,20.533220,0.504056,-0.287986,-0.396847,-0.710988
1.4463,5301,Virtual,Thumb_CMC,-18.016050,0.956006,20.516490,-0.232463,-0.162247,-0.192939,-0.939368
1.4463,5301,Virtual,Thumb_MCP,-17.977720,0.975235,20.507040,-0.209823,-0.190624,-0.071312,-0.956322
1.4463,5301,Virtual,Thumb_IP,-17.932750,0.985845,20.490630,-0.160686,-0.233545,0.149211,-0.947298
1.4463,5301,Virtual,Thumb_FingerTip,-17.908620,0.979927,20.476660,-0.160686,-0.233545,0.149211,-0.947298
1.4463,5301,Virtual,Index_MCP,-17.977370,0.977985,20.457440,0.525087,-0.201589,-0.225512,-0.795481
1.4463,5301,Virtual,Index_PIP,-17.939110,0.984873,20.431330,0.531670,-0.183527,-0.198196,-0.802723
1.4463,5301,Virtual,Index_DIP,-17.916940,0.988067,20.418210,0.537063,-0.167087,-0.173412,-0.808439
1.4463,5301,Virtual,Index_FingerTip,-17.893160,0.990781,20.405940,0.537063,-0.167087,-0.173412,-0.808439
1.4463,5301,Virtual,Middle_MCP,-17.979370,0.952786,20.446790,0.553125,-0.176241,-0.239434,-0.778244
1.4463,5301,Virtual,Middle_PIP,-17.935900,0.962170,20.418320,0.575686,-0.074798,-0.096841,-0.808464
1.4463,5301,Virtual,Middle_DIP,-17.909010,0.964123,20.411870,0.580225,0.018645,0.034279,-0.813521
1.4463,5301,Virtual,Middle_FingerTip,-17.880790,0.963157,20.413850,0.580225,0.018645,0.034279,-0.813521
1.4463,5301,Virtual,Ring_MCP,-17.980450,0.928508,20.443090,0.569089,-0.161693,-0.248892,-0.766842
1.4463,5301,Virtual,Ring_PIP,-17.942110,0.937708,20.418370,0.588826,-0.057366,-0.107812,-0.798981
1.4463,5301,Virtual,Ring_DIP,-17.916550,0.940466,20.412610,0.590379,0.038207,0.022261,-0.805914
1.4463,5301,Virtual,Ring_FingerTip,-17.890850,0.940705,20.414880,0.590379,0.038207,0.022261,-0.805914
1.4463,5301,Virtual,Pinky_MCP,-17.982650,0.906320,20.444920,0.579425,-0.152216,-0.255503,-0.758825
1.4463,5301,Virtual,Pinky_PIP,-17.950240,0.914642,20.424160,0.597301,-0.046194,-0.115749,-0.792275
1.4463,5301,Virtual,Pinky_DIP,-17.932470,0.916995,20.420280,0.596944,0.050598,0.013348,-0.800574
1.4463,5301,Virtual,Pinky_FingerTip,-17.913410,0.917742,20.422140,0.596944,0.050598,0.013348,-0.800574
1.4463,5301,Render,Wrist,-18.038990,0.918145,20.533220,0.504056,-0.287986,-0.396847,-0.710988
1.4463,5301,Render,Thumb_CMC,-18.016050,0.956006,20.516490,-0.194752,-0.153181,-0.204537,-0.946981
1.4463,5301,Render,Thumb_MCP,-17.977870,0.975636,20.507250,-0.177319,-0.173063,-0.102460,-0.963384
1.4463,5301,Render,Thumb_IP,-17.932810,0.988325,20.492680,-0.137361,-0.206215,0.100555,-0.963585
1.4463,5301,Render,Thumb_FingerTip,-17.907310,0.984417,20.480570,-0.137361,-0.206215,0.100555,-0.963585
1.4463,5301,Render,Index_MCP,-17.977370,0.977985,20.457440,0.492879,-0.270970,-0.331360,-0.757526
1.4463,5301,Render,Index_PIP,-17.947700,0.988986,20.422920,0.517630,-0.220032,-0.253502,-0.787008
1.4463,5301,Render,Index_DIP,-17.927600,0.993431,20.407120,0.535425,-0.172265,-0.181209,-0.806727
1.4463,5301,Render,Index_FingerTip,-17.904060,0.996333,20.394420,0.535425,-0.172265,-0.181209,-0.806727
1.4463,5301,Render,Middle_MCP,-17.979370,0.952786,20.446790,0.534226,-0.227182,-0.311145,-0.752450
1.4463,5301,Render,Middle_PIP,-17.942240,0.964694,20.411180,0.564574,-0.135146,-0.181636,-0.793726
1.4463,5301,Render,Middle_DIP,-17.917360,0.968457,20.399550,0.578451,-0.049018,-0.060645,-0.811981
1.4463,5301,Render,Middle_FingerTip,-17.889400,0.969639,20.395310,0.578451,-0.049018,-0.060645,-0.811981
1.4463,5301,Render,Ring_MCP,-17.980450,0.928508,20.443090,0.546947,-0.225512,-0.334686,-0.733471
1.4463,5301,Render,Ring_PIP,-17.949070,0.939876,20.410670,0.572885,-0.147682,-0.230003,-0.772718
1.4463,5301,Render,Ring_DIP,-17.926670,0.944782,20.397710,0.586820,-0.075163,-0.131947,-0.795351
1.4463,5301,Render,Ring_FingerTip,-17.902050,0.947921,20.390630,0.586820,-0.075163,-0.131947,-0.795351
1.4463,5301,Render,Pinky_MCP,-17.982650,0.906320,20.444920,0.559474,-0.214224,-0.336378,-0.726600
1.4463,5301,Render,Pinky_PIP,-17.955800,0.916129,20.417840,0.584762,-0.130213,-0.226648,-0.767938
1.4463,5301,Render,Pinky_DIP,-17.939960,0.919721,20.409310,0.596810,-0.052163,-0.123665,-0.791078
1.4463,5301,Render,Pinky_FingerTip,-17.921490,0.922276,20.404900,0.596810,-0.052163,-0.123665,-0.791078
1.4600,5302,Real,Wrist,-18.038710,0.915830,20.521000,0.486497,-0.315644,-0.397254,-0.711252
1.4600,5302,Real,Thumb_CMC,-18.015270,0.952879,20.503160,-0.242206,-0.182586,-0.169228,-0.937742
1.4600,5302,Real,Thumb_MCP,-17.976810,0.970699,20.491730,-0.216887,-0.212042,-0.048003,-0.951680
1.4600,5302,Real,Thumb_IP,-17.932410,0.979689,20.472960,-0.162666,-0.256011,0.170842,-0.937450
1.4600,5302,Real,Thumb_FingerTip,-17.909310,0.972934,20.457700,-0.162666,-0.256011,0.170842,-0.937450
1.4600,5302,Real,Index_MCP,-17.979010,0.973659,20.442180,0.513579,-0.232251,-0.224832,-0.794825
1.4600,5302,Real,Index_PIP,-17.941970,0.979224,20.414080,0.521216,-0.214564,-0.197539,-0.802044
1.4600,5302,Real,Index_DIP,-17.920430,0.981643,20.399800,0.527569,-0.198431,-0.172777,-0.807741
1.4600,5302,Real,Index_FingerTip,-17.897250,0.983519,20.386270,0.527569,-0.198431,-0.172777,-0.807741
1.4600,5302,Real,Middle_MCP,-17.982520,0.948600,20.431590,0.541736,-0.206958,-0.239777,-0.778587
1.4600,5302,Real,Middle_PIP,-17.940310,0.956476,20.400850,0.569956,-0.107054,-0.097118,-0.808862
1.4600,5302,Real,Middle_DIP,-17.913750,0.957448,20.392980,0.579751,-0.014112,0.034070,-0.813959
1.4600,5302,Real,Middle_FingerTip,-17.885520,0.955416,20.393450,0.579751,-0.014112,0.034070,-0.813959
1.4600,5302,Real,Ring_MCP,-17.984710,0.924397,20.427900,0.557732,-0.192397,-0.249846,-0.767786
1.4600,5302,Real,Ring_PIP,-17.947430,0.932264,20.401180,0.583140,-0.089604,-0.108582,-0.800080
1.4600,5302,Real,Ring_DIP,-17.922130,0.934088,20.394070,0.589959,0.005473,0.021678,-0.807124
1.4600,5302,Real,Ring_FingerTip,-17.896360,0.933352,20.394950,0.589959,0.005473,0.021678,-0.807124
1.4600,5302,Real,Pinky_MCP,-17.987640,0.902299,20.429780,0.568078,-0.182893,-0.256864,-0.760170
1.4600,5302,Real,Pinky_PIP,-17.956100,0.909494,20.407340,0.591621,-0.078405,-0.116848,-0.793842
1.4600,5302,Real,Pinky_DIP,-17.938480,0.911195,20.402520,0.596525,0.017892,0.012515,-0.802298
1.4600,5302,Real,Pinky_FingerTip,-17.919340,0.911219,20.403360,0.596525,0.017892,0.012515,-0.802298
1.4600,5302,Virtual,Wrist,-18.039410,0.917291,20.527370,0.498043,-0.299988,-0.396880,-0.710244
1.4600,5302,Virtual,Thumb_CMC,-18.016280,0.954779,20.510060,-0.235003,-0.171136,-0.183181,-0.939112
1.4600,5302,Virtual,Thumb_MCP,-17.977880,0.973418,20.499730,-0.211206,-0.199764,-0.061666,-0.954821
1.4600,5302,Virtual,Thumb_IP,-17.933140,0.983330,20.482300,-0.159942,-0.242760,0.158258,-0.943632
1.4600,5302,Virtual,Thumb_FingerTip,-17.909430,0.977031,20.467800,-0.159942,-0.242760,0.158258,-0.943632
1.4600,5302,Virtual,Index_MCP,-17.978600,0.976087,20.450120,0.521700,-0.214551,-0.225237,-0.794396
1.4600,5302,Virtual,Index_PIP,-17.940840,0.982361,20.423150,0.528727,-0.196597,-0.197959,-0.801629
1.4600,5302,Virtual,Index_DIP,-17.918920,0.985203,20.409540,0.534524,-0.180242,-0.173209,-0.807339
1.4600,5302,Virtual,Index_FingerTip,-17.895380,0.987543,20.396730,0.534524,-0.180242,-0.173209,-0.807339
1.4600,5302,Virtual,Middle_MCP,-17.981210,0.950904,20.439570,0.549755,-0.189235,-0.239621,-0.777523
1.4600,5302,Virtual,Middle_PIP,-17.938250,0.959593,20.410110,0.574686,-0.088185,-0.097154,-0.807788
1.4600,5302,Virtual,Middle_DIP,-17.911490,0.961134,20.403070,0.581388,0.005272,0.033862,-0.812905
1.4600,5302,Virtual,Middle_FingerTip,-17.883260,0.959750,20.404420,0.581388,0.005272,0.033862,-0.812905
1.4600,5302,Virtual,Ring_MCP,-17.982740,0.926639,20.435940,0.565710,-0.174688,-0.249354,-0.766341
1.4600,5302,Virtual,Ring_PIP,-17.944830,0.935226,20.410350,0.587824,-0.070755,-0.108356,-0.798571
1.4600,5302,Virtual,Ring_DIP,-17.919370,0.937594,20.404020,0.591546,0.024831,0.021659,-0.805598
1.4600,5302,Virtual,Ring_FingerTip,-17.893630,0.937452,20.405720,0.591546,0.024831,0.021659,-0.805598
1.4600,5302,Virtual,Pinky_MCP,-17.985230,0.904489,20.437850,0.576035,-0.165205,-0.256147,-0.758472
1.4600,5302,Virtual,Pinky_PIP,-17.953170,0.912294,20.416370,0.596288,-0.059579,-0.116447,-0.792042
1.4600,5302,Virtual,Pinky_DIP,-17.935450,0.914375,20.412090,0.598100,0.037224,0.012622,-0.800457
1.4600,5302,Virtual,Pinky_FingerTip,-17.916350,0.914840,20.413520,0.598100,0.037224,0.012622,-0.800457
1.4600,5302,Render,Wrist,-18.039410,0.917291,20.527370,0.498043,-0.299988,-0.396880,-0.710244
1.4600,5302,Render,Thumb_CMC,-18.016280,0.954779,20.510060,-0.197349,-0.162447,-0.195149,-0.946880
1.4600,5302,Render,Thumb_MCP,-17.978030,0.973822,20.499940,-0.178915,-0.182552,-0.093136,-0.962284
1.4600,5302,Render,Thumb_IP,-17.933120,0.985813,20.484340,-0.136944,-0.215829,0.109445,-0.960566
1.4600,5302,Render,Thumb_FingerTip,-17.907950,0.981506,20.471670,-0.136944,-0.215829,0.109445,-0.960566
1.4600,5302,Render,Index_MCP,-17.978600,0.976087,20.450120,0.487764,-0.283353,-0.330941,-0.756489
1.4600,5302,Render,Index_PIP,-17.949550,0.986590,20.414930,0.513786,-0.232866,-0.253190,-0.785934
1.4600,5302,Render,Index_DIP,-17.929740,0.990709,20.398680,0.532759,-0.185394,-0.180995,-0.805629
1.4600,5302,Render,Index_FingerTip,-17.906450,0.993240,20.385450,0.532759,-0.185394,-0.180995,-0.805629
1.4600,5302,Render,Middle_MCP,-17.981210,0.950904,20.439570,0.529655,-0.239803,-0.311264,-0.751715
1.4600,5302,Render,Middle_PIP,-17.944710,0.962201,20.403120,0.562167,-0.148352,-0.181876,-0.793021
1.4600,5302,Render,Middle_DIP,-17.920050,0.965573,20.390920,0.578050,-0.062435,-0.060987,-0.811321
1.4600,5302,Render,Middle_FingerTip,-17.892180,0.966331,20.386060,0.578050,-0.062435,-0.060987,-0.811321
1.4600,5302,Render,Ring_MCP,-17.982740,0.926639,20.435940,0.542109,-0.238037,-0.335088,-0.732921
1.4600,5302,Render,Ring_PIP,-17.951930,0.937486,20.402800,0.569826,-0.160756,-0.230477,-0.772229
1.4600,5302,Render,Ring_DIP,-17.929740,0.942037,20.389340,0.585413,-0.088516,-0.132479,-0.794925
1.4600,5302,Render,Ring_FingerTip,-17.905250,0.944798,20.381710,0.585413,-0.088516,-0.132479,-0.794925
1.4600,5302,Render,Pinky_MCP,-17.985230,0.904489,20.437850,0.554694,-0.226769,-0.336980,-0.726179
1.4600,5302,Render,Pinky_PIP,-17.958850,0.913853,20.410170,0.581866,-0.143321,-0.227305,-0.767609
1.4600,5302,Render,Pinky_DIP,-17.943150,0.917196,20.401280,0.595663,-0.065538,-0.124360,-0.790839
1.4600,5302,Render,Pinky_FingerTip,-17.924750,0.919468,20.396450,0.595663,-0.065538,-0.124360,-0.790839
1.4734,5303,Real,Wrist,-18.037880,0.913607,20.514830,0.472851,-0.333214,-0.397718,-0.712181
1.4734,5303,Real,Thumb_CMC,-18.014140,0.950168,20.496400,-0.250628,-0.195604,-0.153323,-0.935637
1.4734,5303,Real,Thumb_MCP,-17.975660,0.967072,20.483700,-0.223652,-0.225954,-0.032815,-0.947548
1.4734,5303,Real,Thumb_IP,-17.931740,0.975077,20.463430,-0.166235,-0.271001,0.184123,-0.930067
1.4734,5303,Real,Thumb_FingerTip,-17.909360,0.967884,20.447310,-0.166235,-0.271001,0.184123,-0.930067
1.4734,5303,Real,Index_MCP,-17.979550,0.970443,20.434280,0.503691,-0.252477,-0.224815,-0.794990
1.4734,5303,Real,Index_PIP,-17.943420,0.975272,20.404880,0.511605,-0.236028,-0.198944,-0.801856
1.4734,5303,Real,Index_DIP,-17.922410,0.977285,20.389770,0.518269,-0.221011,-0.175481,-0.807315
1.4734,5303,Real,Index_FingerTip,-17.899800,0.978744,20.375280,0.518269,-0.221011,-0.175481,-0.807315
1.4734,5303,Real,Middle_MCP,-17.984080,0.945559,20.423670,0.531799,-0.227617,-0.240949,-0.779310
1.4734,5303,Real,Middle_PIP,-17.942880,0.952607,20.391400,0.563731,-0.129717,-0.098951,-0.809685
1.4734,5303,Real,Middle_DIP,-17.916630,0.952994,20.382490,0.577214,-0.038001,0.031658,-0.815094
1.4734,5303,Real,Middle_FingerTip,-17.888470,0.950292,20.381770,0.577214,-0.038001,0.031658,-0.815094
1.4734,5303,Real,Ring_MCP,-17.987030,0.921447,20.419910,0.547918,-0.212886,-0.251140,-0.769022
1.4734,5303,Real,Ring_PIP,-17.950580,0.928566,20.391870,0.577056,-0.111988,-0.110286,-0.801438
1.4734,5303,Real,Ring_DIP,-17.925540,0.929818,20.383790,0.587546,-0.018029,0.019623,-0.808753
1.4734,5303,Real,Ring_FingerTip,-17.899780,0.928452,20.383630,0.587546,-0.018029,0.019623,-0.808753
1.4734,5303,Real,Pinky_MCP,-17.990460,0.899419,20.421760,0.558292,-0.203368,-0.258401,-0.761696
1.4734,5303,Real,Pinky_PIP,-17.959610,0.905977,20.398200,0.585571,-0.100776,-0.118735,-0.795521
1.4734,5303,Real,Pinky_DIP,-17.942150,0.907278,20.392710,0.594153,-0.005596,0.010335,-0.804267
1.4734,5303,Real,Pinky_FingerTip,-17.923000,0.906832,20.392770,0.594153,-0.005596,0.010335,-0.804267
1.4734,5303,Virtual,Wrist,-18.038710,0.915831,20.521010,0.486498,-0.315644,-0.397255,-0.711251
1.4734,5303,Virtual,Thumb_CMC,-18.015280,0.952880,20.503180,-0.242196,-0.182596,-0.169174,-0.937753
1.4734,5303,Virtual,Thumb_MCP,-17.976810,0.970696,20.491740,-0.216947,-0.211977,-0.048267,-0.951667
1.4734,5303,Virtual,Thumb_IP,-17.932410,0.979710,20.472980,-0.162893,-0.255863,0.170017,-0.937600
1.4734,5303,Virtual,Thumb_FingerTip,-17.909290,0.973000,20.457730,-0.162893,-0.255863,0.170017,-0.937600
1.4734,5303,Virtual,Index_MCP,-17.979010,0.973660,20.442190,0.513478,-0.232476,-0.225181,-0.794726
1.4734,5303,Virtual,Index_PIP,-17.941990,0.979241,20.414060,0.520739,-0.215720,-0.199318,-0.801604
1.4734,5303,Virtual,Index_DIP,-17.920510,0.981703,20.399700,0.526807,-0.200445,-0.175862,-0.807074
1.4734,5303,Virtual,Index_FingerTip,-17.897440,0.983658,20.386010,0.526807,-0.200445,-0.175862,-0.807074
1.4734,5303,Virtual,Middle_MCP,-17.982520,0.948602,20.431600,0.541494,-0.207593,-0.240690,-0.778305
1.4734,5303,Virtual,Middle_PIP,-17.940390,0.956514,20.400770,0.569723,-0.108291,-0.098874,-0.808649
1.4734,5303,Virtual,Middle_DIP,-17.913860,0.957526,20.392800,0.579705,-0.015893,0.031569,-0.814060
1.4734,5303,Virtual,Middle_FingerTip,-17.885630,0.955550,20.393100,0.579705,-0.015893,0.031569,-0.814060
1.4734,5303,Virtual,Ring_MCP,-17.984710,0.924398,20.427910,0.557567,-0.192875,-0.250506,-0.767571
1.4734,5303,Virtual,Ring_PIP,-17.947480,0.932285,20.401130,0.582990,-0.090580,-0.109921,-0.799897
1.4734,5303,Virtual,Ring_DIP,-17.922210,0.934135,20.393940,0.589971,0.004054,0.019737,-0.807174
1.4734,5303,Virtual,Ring_FingerTip,-17.896430,0.933437,20.394710,0.589971,0.004054,0.019737,-0.807174
1.4734,5303,Virtual,Pinky_MCP,-17.987650,0.902300,20.429790,0.567921,-0.183381,-0.257517,-0.759949
1.4734,5303,Virtual,Pinky_PIP,-17.956150,0.909510,20.407300,0.591489,-0.079394,-0.118177,-0.793645
1.4734,5303,Virtual,Pinky_DIP,-17.938550,0.911228,20.402430,0.596567,0.016458,0.010585,-0.802325
1.4734,5303,Virtual,Pinky_FingerTip,-17.919400,0.911279,20.403170,0.596567,0.016458,0.010585,-0.802325
1.4734,5303,Render,Wrist,-18.038710,0.915831,20.521010,0.486498,-0.315644,-0.397255,-0.711251
1.4734,5303,Render,Thumb_CMC,-18.015280,0.952880,20.503180,-0.204667,-0.174419,-0.181670,-0.945878
1.4734,5303,Render,Thumb_MCP,-17.976940,0.971106,20.491950,-0.184915,-0.195235,-0.079840,-0.959852
1.4734,5303,Render,Thumb_IP,-17.932270,0.982161,20.475020,-0.140169,-0.229484,0.121942,-0.955416
1.4734,5303,Render,Thumb_FingerTip,-17.907620,0.977354,20.461550,-0.140169,-0.229484,0.121942,-0.955416
1.4734,5303,Render,Index_MCP,-17.979010,0.973660,20.442190,0.477318,-0.299787,-0.330598,-0.756968
1.4734,5303,Render,Index_PIP,-17.950830,0.983696,20.406160,0.505045,-0.250267,-0.252800,-0.786376
1.4734,5303,Render,Index_DIP,-17.931450,0.987454,20.389320,0.525629,-0.203515,-0.180568,-0.806034
1.4734,5303,Render,Index_FingerTip,-17.908530,0.989530,20.375380,0.525629,-0.203515,-0.180568,-0.806034
1.4734,5303,Render,Middle_MCP,-17.982520,0.948602,20.431600,0.520015,-0.256700,-0.311518,-0.752759
1.4734,5303,Render,Middle_PIP,-17.946930,0.959269,20.394080,0.555473,-0.166616,-0.181954,-0.794092
1.4734,5303,Render,Middle_DIP,-17.922580,0.962149,20.381150,0.574168,-0.081497,-0.060903,-0.812392
1.4734,5303,Render,Middle_FingerTip,-17.894870,0.962301,20.375420,0.574168,-0.081497,-0.060903,-0.812392
1.4734,5303,Render,Ring_MCP,-17.984710,0.924398,20.427910,0.532165,-0.254721,-0.335742,-0.734300
1.4734,5303,Render,Ring_PIP,-17.954710,0.934727,20.393870,0.562285,-0.178655,-0.230934,-0.773685
1.4734,5303,Render,Ring_DIP,-17.932860,0.938848,20.379750,0.580161,-0.107214,-0.132751,-0.796427
1.4734,5303,Render,Ring_FingerTip,-17.908560,0.941094,20.371370,0.580161,-0.107214,-0.132751,-0.796427
1.4734,5303,Render,Pinky_MCP,-17.987650,0.902300,20.429790,0.544864,-0.243488,-0.337878,-0.727789
1.4734,5303,Render,Pinky_PIP,-17.961940,0.911217,20.401340,0.574584,-0.161297,-0.227957,-0.769333
1.4734,5303,Render,Pinky_DIP,-17.946450,0.914251,20.391980,0.590808,-0.084315,-0.124780,-0.792633
1.4734,5303,Render,Pinky_FingerTip,-17.928160,0.916132,20.386590,0.590808,-0.084315,-0.124780,-0.792633
1.4876,5304,Real,Wrist,-18.036600,0.911254,20.509040,0.463348,-0.348862,-0.393217,-0.713432
1.4876,5304,Real,Thumb_CMC,-18.012300,0.947116,20.489980,-0.254699,-0.204169,-0.137369,-0.935186
1.4876,5304,Real,Thumb_MCP,-17.973710,0.962965,20.476290,-0.226668,-0.234901,-0.017329,-0.945063
1.4876,5304,Real,Thumb_IP,-17.930120,0.969792,20.454910,-0.167281,-0.280311,0.198139,-0.924221
1.4876,5304,Real,Thumb_FingerTip,-17.908330,0.962027,20.438250,-0.167281,-0.280311,0.198139,-0.924221
1.4876,5304,Real,Index_MCP,-17.978690,0.966372,20.427020,0.497328,-0.269868,-0.220098,-0.794603
1.4876,5304,Real,Index_PIP,-17.943210,0.970182,20.396680,0.505447,-0.254335,-0.195383,-0.801038
1.4876,5304,Real,Index_DIP,-17.922600,0.971633,20.380980,0.512340,-0.240148,-0.172978,-0.806173
1.4876,5304,Real,Index_FingerTip,-17.900410,0.972516,20.365800,0.512340,-0.240148,-0.172978,-0.806173
1.4876,5304,Real,Middle_MCP,-17.984190,0.941624,20.416550,0.525388,-0.245689,-0.237460,-0.779242
1.4876,5304,Real,Middle_PIP,-17.943710,0.947533,20.383150,0.560474,-0.149214,-0.096359,-0.808900
1.4876,5304,Real,Middle_DIP,-17.917750,0.947218,20.373460,0.577059,-0.058300,0.033342,-0.813937
1.4876,5304,Real,Middle_FingerTip,-17.889700,0.943778,20.371870,0.577059,-0.058300,0.033342,-0.813937
1.4876,5304,Real,Ring_MCP,-17.987920,0.917604,20.412890,0.541679,-0.230923,-0.247746,-0.769338
1.4876,5304,Real,Ring_PIP,-17.952060,0.923701,20.383860,0.574016,-0.131328,-0.107561,-0.801055
1.4876,5304,Real,Ring_DIP,-17.927230,0.924269,20.375060,0.587617,-0.038049,0.021642,-0.807955
1.4876,5304,Real,Ring_FingerTip,-17.901530,0.922213,20.374130,0.587617,-0.038049,0.021642,-0.807955
1.4876,5304,Real,Pinky_MCP,-17.991930,0.895684,20.414840,0.552106,-0.221479,-0.255233,-0.762222
1.4876,5304,Real,Pinky_PIP,-17.961550,0.901374,20.390450,0.582605,-0.120186,-0.116191,-0.795378
1.4876,5304,Real,Pinky_DIP,-17.944230,0.902196,20.384460,0.594318,-0.025679,0.012217,-0.803727
1.4876,5304,Real,Pinky_FingerTip,-17.925100,0.901235,20.383950,0.594318,-0.025679,0.012217,-0.803727
1.4876,5304,Virtual,Wrist,-18.037880,0.913606,20.514840,0.472850,-0.333215,-0.397719,-0.712180
1.4876,5304,Virtual,Thumb_CMC,-18.014150,0.950167,20.496400,-0.250381,-0.196143,-0.153915,-0.935494
1.4876,5304,Virtual,Thumb_MCP,-17.975700,0.967125,20.483670,-0.223405,-0.226391,-0.033701,-0.947472
1.4876,5304,Virtual,Thumb_IP,-17.931810,0.975216,20.463380,-0.166040,-0.271281,0.182745,-0.930292
1.4876,5304,Virtual,Thumb_FingerTip,-17.909410,0.968093,20.447260,-0.166040,-0.271281,0.182745,-0.930292
1.4876,5304,Virtual,Index_MCP,-17.979550,0.970442,20.434290,0.503525,-0.252809,-0.225339,-0.794842
1.4876,5304,Virtual,Index_PIP,-17.943470,0.975295,20.404840,0.511113,-0.237093,-0.200614,-0.801439
1.4876,5304,Virtual,Index_DIP,-17.922520,0.977350,20.389660,0.517523,-0.222754,-0.178196,-0.806720
1.4876,5304,Virtual,Index_FingerTip,-17.899990,0.978882,20.375030,0.517523,-0.222754,-0.178196,-0.806720
1.4876,5304,Virtual,Middle_MCP,-17.984090,0.945558,20.423680,0.531456,-0.228418,-0.242122,-0.778946
1.4876,5304,Virtual,Middle_PIP,-17.942990,0.952656,20.391290,0.563401,-0.131144,-0.101001,-0.809432
1.4876,5304,Virtual,Middle_DIP,-17.916780,0.953092,20.382250,0.577079,-0.039994,0.028843,-0.815199
1.4876,5304,Virtual,Middle_FingerTip,-17.888620,0.950455,20.381350,0.577079,-0.039994,0.028843,-0.815199
1.4876,5304,Virtual,Ring_MCP,-17.987040,0.921446,20.419910,0.547664,-0.213541,-0.252058,-0.768721
1.4876,5304,Virtual,Ring_PIP,-17.950660,0.928595,20.391790,0.576827,-0.113161,-0.111915,-0.801212
1.4876,5304,Virtual,Ring_DIP,-17.925650,0.929880,20.383610,0.587493,-0.019666,0.017369,-0.808804
1.4876,5304,Virtual,Ring_FingerTip,-17.899890,0.928559,20.383320,0.587493,-0.019666,0.017369,-0.808804
1.4876,5304,Virtual,Pinky_MCP,-17.990470,0.899418,20.421760,0.558049,-0.204035,-0.259311,-0.761387
1.4876,5304,Virtual,Pinky_PIP,-17.959670,0.905999,20.398130,0.585365,-0.101966,-0.120352,-0.795278
1.4876,5304,Virtual,Pinky_DIP,-17.942240,0.907321,20.392570,0.594135,-0.007252,0.008094,-0.804292
1.4876,5304,Virtual,Pinky_FingerTip,-17.923090,0.906906,20.392540,0.594135,-0.007252,0.008094,-0.804292
1.4876,5304,Render,Wrist,-18.037880,0.913606,20.514840,0.472850,-0.333215,-0.397719,-0.712180
1.4876,5304,Render,Thumb_CMC,-18.014150,0.950167,20.496400,-0.213253,-0.188018,-0.166354,-0.944192
1.4876,5304,Render,Thumb_MCP,-17.975780,0.967482,20.483930,-0.192003,-0.209672,-0.064791,-0.956543
1.4876,5304,Render,Thumb_IP,-17.931470,0.977507,20.465480,-0.144093,-0.245082,0.135971,-0.949044
1.4876,5304,Render,Thumb_FingerTip,-17.907450,0.972165,20.451110,-0.144093,-0.245082,0.135971,-0.949044
1.4876,5304,Render,Index_MCP,-17.979550,0.970442,20.434290,0.464915,-0.318282,-0.330273,-0.757279
1.4876,5304,Render,Index_PIP,-17.952430,0.980008,20.397340,0.494565,-0.269916,-0.252445,-0.786653
1.4876,5304,Render,Index_DIP,-17.933560,0.983387,20.379830,0.516971,-0.224032,-0.180189,-0.806277
1.4876,5304,Render,Index_FingerTip,-17.911110,0.984972,20.365100,0.516971,-0.224032,-0.180189,-0.806277
1.4876,5304,Render,Middle_MCP,-17.984090,0.945558,20.423680,0.508512,-0.275744,-0.311871,-0.753735
1.4876,5304,Render,Middle_PIP,-17.949580,0.955575,20.384980,0.547298,-0.187309,-0.182139,-0.795114
1.4876,5304,Render,Middle_DIP,-17.925650,0.957921,20.371190,0.569187,-0.103181,-0.060933,-0.813430
1.4876,5304,Render,Middle_FingerTip,-17.898160,0.957402,20.364480,0.569187,-0.103181,-0.060933,-0.813430
1.4876,5304,Render,Ring_MCP,-17.987040,0.921446,20.419910,0.520313,-0.273513,-0.336536,-0.735669
1.4876,5304,Render,Ring_PIP,-17.958000,0.931243,20.384890,0.553147,-0.198905,-0.231532,-0.775151
1.4876,5304,Render,Ring_DIP,-17.936570,0.934902,20.370020,0.573617,-0.128446,-0.133161,-0.797956
1.4876,5304,Render,Ring_FingerTip,-17.912530,0.936583,20.360790,0.573617,-0.128446,-0.133161,-0.797956
1.4876,5304,Render,Pinky_MCP,-17.990470,0.899418,20.421760,0.533138,-0.262323,-0.338945,-0.729430
1.4876,5304,Render,Pinky_PIP,-17.965570,0.907874,20.392470,0.565734,-0.181643,-0.228774,-0.771112
1.4876,5304,Render,Pinky_DIP,-17.950350,0.910576,20.382580,0.584711,-0.105648,-0.125355,-0.794505
1.4876,5304,Render,Pinky_FingerTip,-17.932220,0.912025,20.376560,0.584711,-0.105648,-0.125355,-0.794505
1.5009,5305,Real,Wrist,-18.036050,0.909424,20.503600,0.456950,-0.361585,-0.389478,-0.713275
1.5009,5305,Real,Thumb_CMC,-18.011370,0.944689,20.483930,-0.256528,-0.210935,-0.124420,-0.934997
1.5009,5305,Real,Thumb_MCP,-17.972720,0.959658,20.469420,-0.227621,-0.241844,-0.004509,-0.943229
1.5009,5305,Real,Thumb_IP,-17.929430,0.965473,20.447150,-0.166629,-0.287289,0.210205,-0.919518
1.5009,5305,Real,Thumb_FingerTip,-17.908150,0.957184,20.430090,-0.166629,-0.287289,0.210205,-0.919518
1.5009,5305,Real,Index_MCP,-17.978610,0.963003,20.420240,0.493637,-0.283455,-0.215986,-0.793301
1.5009,5305,Real,Index_PIP,-17.943670,0.965945,20.389190,0.502179,-0.268030,-0.191313,-0.799610
1.5009,5305,Real,Index_DIP,-17.923340,0.966899,20.373080,0.509455,-0.253928,-0.168950,-0.804632
1.5009,5305,Real,Index_FingerTip,-17.901450,0.967253,20.357450,0.509455,-0.253928,-0.168950,-0.804632
1.5009,5305,Real,Middle_MCP,-17.984850,0.938343,20.409970,0.521754,-0.259459,-0.233833,-0.778316
1.5009,5305,Real,Middle_PIP,-17.944920,0.943267,20.375760,0.559325,-0.163409,-0.092952,-0.807350
1.5009,5305,Real,Middle_DIP,-17.919160,0.942360,20.365560,0.578179,-0.072497,0.036459,-0.811865
1.5009,5305,Real,Middle_FingerTip,-17.891240,0.938312,20.363420,0.578179,-0.072497,0.036459,-0.811865
1.5009,5305,Real,Ring_MCP,-17.989160,0.914396,20.406480,0.538082,-0.244790,-0.244412,-0.768641
1.5009,5305,Real,Ring_PIP,-17.953760,0.919622,20.376720,0.572932,-0.145613,-0.104404,-0.799779
1.5009,5305,Real,Ring_DIP,-17.929110,0.919626,20.367440,0.588826,-0.052324,0.024555,-0.806191
1.5009,5305,Real,Ring_FingerTip,-17.903480,0.917015,20.366000,0.588826,-0.052324,0.024555,-0.806191
1.5009,5305,Real,Pinky_MCP,-17.993600,0.892574,20.408590,0.548521,-0.235402,-0.252096,-0.761681
1.5009,5305,Real,Pinky_PIP,-17.963600,0.897527,20.383590,0.581543,-0.134524,-0.113199,-0.794290
1.5009,5305,Real,Pinky_DIP,-17.946390,0.897955,20.377250,0.595558,-0.040003,0.014997,-0.802176
1.5009,5305,Real,Pinky_FingerTip,-17.927300,0.896582,20.376370,0.595558,-0.040003,0.014997,-0.802176
1.5009,5305,Virtual,Wrist,-18.036600,0.911256,20.509050,0.463348,-0.348862,-0.393217,-0.713432
1.5009,5305,Virtual,Thumb_CMC,-18.012300,0.947118,20.489990,-0.254699,-0.204169,-0.137369,-0.935186
1.5009,5305,Virtual,Thumb_MCP,-17.973710,0.962967,20.476300,-0.226668,-0.234901,-0.017329,-0.945062
1.5009,5305,Virtual,Thumb_IP,-17.930120,0.969794,20.454920,-0.167281,-0.280311,0.198139,-0.924221
1.5009,5305,Virtual,Thumb_FingerTip,-17.908340,0.962029,20.438260,-0.167281,-0.280311,0.198139,-0.924221
1.5009,5305,Virtual,Index_MCP,-17.978690,0.966374,20.427020,0.497328,-0.269868,-0.220098,-0.794603
1.5009,5305,Virtual,Index_PIP,-17.943220,0.970184,20.396690,0.505447,-0.254336,-0.195383,-0.801038
1.5009,5305,Virtual,Index_DIP,-17.922600,0.971635,20.380990,0.512340,-0.240148,-0.172978,-0.806173
1.5009,5305,Virtual,Index_FingerTip,-17.900410,0.972518,20.365800,0.512340,-0.240148,-0.172978,-0.806173
1.5009,5305,Virtual,Middle_MCP,-17.984190,0.941626,20.416560,0.525388,-0.245689,-0.237460,-0.779242
1.5009,5305,Virtual,Middle_PIP,-17.943710,0.947535,20.383160,0.560474,-0.149214,-0.096359,-0.808900
1.5009,5305,Virtual,Middle_DIP,-17.917750,0.947220,20.373470,0.577059,-0.058300,0.033342,-0.813937
1.5009,5305,Virtual,Middle_FingerTip,-17.889700,0.943780,20.371880,0.577059,-0.058300,0.033342,-0.813937
1.5009,5305,Virtual,Ring_MCP,-17.987920,0.917606,20.412900,0.541679,-0.230923,-0.247746,-0.769338
1.5009,5305,Virtual,Ring_PIP,-17.952060,0.923703,20.383870,0.574016,-0.131328,-0.107561,-0.801055
1.5009,5305,Virtual,Ring_DIP,-17.927230,0.924271,20.375070,0.587617,-0.038049,0.021642,-0.807955
1.5009,5305,Virtual,Ring_FingerTip,-17.901530,0.922215,20.374140,0.587617,-0.038049,0.021642,-0.807955
1.5009,5305,Virtual,Pinky_MCP,-17.991940,0.895686,20.414850,0.552106,-0.221479,-0.255233,-0.762222
1.5009,5305,Virtual,Pinky_PIP,-17.961550,0.901376,20.390460,0.582605,-0.120186,-0.116191,-0.795378
1.5009,5305,Virtual,Pinky_DIP,-17.944230,0.902198,20.384470,0.594318,-0.025680,0.012217,-0.803727
1.5009,5305,Virtual,Pinky_FingerTip,-17.925110,0.901237,20.383950,0.594318,-0.025680,0.012217,-0.803727
1.5009,5305,Render,Wrist,-18.036600,0.911256,20.509050,0.463348,-0.348862,-0.393217,-0.713432
1.5009,5305,Render,Thumb_CMC,-18.012300,0.947118,20.489990,-0.217761,-0.197369,-0.150240,-0.943956
1.5009,5305,Render,Thumb_MCP,-17.973800,0.963347,20.476510,-0.195489,-0.219451,-0.048794,-0.954592
1.5009,5305,Render,Thumb_IP,-17.929720,0.972122,20.456900,-0.145464,-0.255372,0.151210,-0.943802
1.5009,5305,Render,Thumb_FingerTip,-17.906240,0.966104,20.441910,-0.145464,-0.255372,0.151210,-0.943802
1.5009,5305,Render,Index_MCP,-17.978690,0.966374,20.427020,0.456478,-0.334351,-0.325047,-0.757748
1.5009,5305,Render,Index_PIP,-17.952220,0.975148,20.389400,0.487788,-0.286752,-0.247199,-0.786594
1.5009,5305,Render,Index_DIP,-17.933710,0.977981,20.371430,0.511745,-0.241413,-0.174970,-0.805744
1.5009,5305,Render,Index_FingerTip,-17.911590,0.978919,20.356150,0.511745,-0.241413,-0.174970,-0.805744
1.5009,5305,Render,Middle_MCP,-17.984190,0.941626,20.416560,0.500902,-0.292393,-0.307254,-0.754453
1.5009,5305,Render,Middle_PIP,-17.950380,0.950639,20.377000,0.542563,-0.204992,-0.177467,-0.795053
1.5009,5305,Render,Middle_DIP,-17.926740,0.952296,20.362630,0.567155,-0.121373,-0.056323,-0.812670
1.5009,5305,Render,Middle_FingerTip,-17.899450,0.950990,20.355230,0.567155,-0.121373,-0.056323,-0.812670
1.5009,5305,Render,Ring_MCP,-17.987920,0.917606,20.412900,0.512420,-0.290115,-0.332320,-0.736765
1.5009,5305,Render,Ring_PIP,-17.959500,0.926558,20.377150,0.547627,-0.216440,-0.227204,-0.775653
1.5009,5305,Render,Ring_DIP,-17.938340,0.929598,20.361750,0.570324,-0.146532,-0.128805,-0.797915
1.5009,5305,Render,Ring_FingerTip,-17.914510,0.930589,20.351930,0.570324,-0.146532,-0.128805,-0.797915
1.5009,5305,Render,Pinky_MCP,-17.991940,0.895686,20.414850,0.525370,-0.279034,-0.334980,-0.730695
1.5009,5305,Render,Pinky_PIP,-17.967530,0.903416,20.384940,0.560490,-0.199309,-0.224666,-0.771785
1.5009,5305,Render,Pinky_DIP,-17.952500,0.905679,20.374670,0.581837,-0.123851,-0.121195,-0.794631
1.5009,5305,Render,Pinky_FingerTip,-17.934490,0.906608,20.368200,0.581837,-0.123851,-0.121195,-0.794631
1.5190,5306,Real,Wrist,-18.034170,0.907011,20.498620,0.455871,-0.372475,-0.381086,-0.712894
1.5190,5306,Real,Thumb_CMC,-18.008890,0.941449,20.478250,-0.253674,-0.212639,-0.113700,-0.936753
1.5190,5306,Real,Thumb_MCP,-17.970090,0.955540,20.463290,-0.224566,-0.243179,0.006377,-0.943607
1.5190,5306,Real,Thumb_IP,-17.926860,0.960305,20.440650,-0.163334,-0.287903,0.220945,-0.917397
1.5190,5306,Real,Thumb_FingerTip,-17.905870,0.951432,20.423540,-0.163334,-0.287903,0.220945,-0.917397
1.5190,5306,Real,Index_MCP,-17.976310,0.958176,20.414030,0.494099,-0.295048,-0.209133,-0.790618
1.5190,5306,Real,Index_PIP,-17.941730,0.960008,20.382510,0.502900,-0.279783,-0.184831,-0.796650
1.5190,5306,Real,Index_DIP,-17.921610,0.960347,20.366110,0.510419,-0.265819,-0.162809,-0.801440
1.5190,5306,Real,Index_FingerTip,-17.899940,0.960068,20.350180,0.510419,-0.265819,-0.162809,-0.801440
1.5190,5306,Real,Middle_MCP,-17.983200,0.933528,20.404150,0.522193,-0.271793,-0.227861,-0.775579
1.5190,5306,Real,Middle_PIP,-17.943680,0.937203,20.369320,0.561758,-0.176023,-0.088344,-0.803517
1.5190,5306,Real,Middle_DIP,-17.918100,0.935656,20.358730,0.582510,-0.085079,0.039687,-0.807384
1.5190,5306,Real,Middle_FingerTip,-17.890300,0.931038,20.356150,0.582510,-0.085079,0.039687,-0.807384
1.5190,5306,Real,Ring_MCP,-17.988070,0.909640,20.401020,0.538603,-0.257396,-0.238714,-0.765944
1.5190,5306,Real,Ring_PIP,-17.953000,0.913755,20.370710,0.575522,-0.158495,-0.100058,-0.796017
1.5190,5306,Real,Ring_DIP,-17.928510,0.913145,20.361020,0.593381,-0.065153,0.027534,-0.801808
1.5190,5306,Real,Ring_FingerTip,-17.902970,0.910011,20.359170,0.593381,-0.065153,0.027534,-0.801808
1.5190,5306,Real,Pinky_MCP,-17.992980,0.887954,20.403470,0.549092,-0.248175,-0.246565,-0.759021
1.5190,5306,Real,Pinky_PIP,-17.963250,0.891960,20.377980,0.584223,-0.147570,-0.109006,-0.790585
1.5190,5306,Real,Pinky_DIP,-17.946140,0.891959,20.371360,0.600238,-0.052987,0.017838,-0.797865
1.5190,5306,Real,Pinky_FingerTip,-17.927100,0.890195,20.370150,0.600238,-0.052987,0.017838,-0.797865
1.5190,5306,Virtual,Wrist,-18.036050,0.909422,20.503610,0.456949,-0.361585,-0.389478,-0.713275
1.5190,5306,Virtual,Thumb_CMC,-18.011370,0.944688,20.483940,-0.257016,-0.210495,-0.126744,-0.934650
1.5190,5306,Virtual,Thumb_MCP,-17.972760,0.959842,20.469520,-0.228153,-0.241477,-0.006828,-0.943180
1.5190,5306,Virtual,Thumb_IP,-17.929450,0.965877,20.447340,-0.167215,-0.287062,0.207989,-0.919987
1.5190,5306,Virtual,Thumb_FingerTip,-17.908120,0.957706,20.430300,-0.167215,-0.287062,0.207989,-0.919987
1.5190,5306,Virtual,Index_MCP,-17.978610,0.963001,20.420240,0.493015,-0.284536,-0.217724,-0.792826
1.5190,5306,Virtual,Index_PIP,-17.943800,0.966030,20.389060,0.501495,-0.269309,-0.193349,-0.799120
1.5190,5306,Virtual,Index_DIP,-17.923550,0.967040,20.372860,0.508725,-0.255388,-0.171257,-0.804144
1.5190,5306,Virtual,Index_FingerTip,-17.901740,0.967459,20.357120,0.508725,-0.255388,-0.171257,-0.804144
1.5190,5306,Virtual,Middle_MCP,-17.984850,0.938342,20.409980,0.521030,-0.260911,-0.235999,-0.777662
1.5190,5306,Virtual,Middle_PIP,-17.945110,0.943367,20.375560,0.558705,-0.165514,-0.095991,-0.806994
1.5190,5306,Virtual,Middle_DIP,-17.919430,0.942535,20.365180,0.577835,-0.075184,0.032686,-0.812026
1.5190,5306,Virtual,Middle_FingerTip,-17.891510,0.938574,20.362800,0.577835,-0.075184,0.032686,-0.812026
1.5190,5306,Virtual,Ring_MCP,-17.989160,0.914395,20.406480,0.537391,-0.246303,-0.246573,-0.767951
1.5190,5306,Virtual,Ring_PIP,-17.953930,0.919700,20.376540,0.572374,-0.147788,-0.107441,-0.799377
1.5190,5306,Virtual,Ring_DIP,-17.929350,0.919768,20.367080,0.588574,-0.055082,0.020778,-0.806297
1.5190,5306,Virtual,Ring_FingerTip,-17.903730,0.917231,20.365420,0.588574,-0.055082,0.020778,-0.806297
1.5190,5306,Virtual,Pinky_MCP,-17.993610,0.892573,20.408600,0.547857,-0.236944,-0.254237,-0.760969
1.5190,5306,Virtual,Pinky_PIP,-17.963750,0.897586,20.383430,0.581028,-0.136732,-0.116215,-0.793854
1.5190,5306,Virtual,Pinky_DIP,-17.946580,0.898056,20.376980,0.595364,-0.042793,0.011239,-0.802237
1.5190,5306,Virtual,Pinky_FingerTip,-17.927500,0.896734,20.375920,0.595364,-0.042793,0.011239,-0.802237
1.5190,5306,Render,Wrist,-18.036050,0.909422,20.503610,0.456949,-0.361585,-0.389478,-0.713275
1.5190,5306,Render,Thumb_CMC,-18.011370,0.944688,20.483940,-0.219632,-0.204643,-0.137574,-0.943905
1.5190,5306,Render,Thumb_MCP,-17.972800,0.960039,20.469630,-0.196574,-0.226882,-0.036206,-0.953191
1.5190,5306,Render,Thumb_IP,-17.928950,0.967797,20.449120,-0.144977,-0.262866,0.163230,-0.939808
1.5190,5306,Render,Thumb_FingerTip,-17.905900,0.961225,20.433690,-0.144977,-0.262866,0.163230,-0.939808
1.5190,5306,Render,Index_MCP,-17.978610,0.963001,20.420240,0.450992,-0.347318,-0.320797,-0.757011
1.5190,5306,Render,Index_PIP,-17.952720,0.971076,20.382070,0.483633,-0.300205,-0.243045,-0.785433
1.5190,5306,Render,Index_DIP,-17.934510,0.973448,20.363720,0.508826,-0.255187,-0.170938,-0.804212
1.5190,5306,Render,Index_FingerTip,-17.912680,0.973858,20.348010,0.508826,-0.255187,-0.170938,-0.804212
1.5190,5306,Render,Middle_MCP,-17.984850,0.938342,20.409980,0.496032,-0.305776,-0.303558,-0.753861
1.5190,5306,Render,Middle_PIP,-17.951650,0.946491,20.369730,0.539987,-0.218999,-0.173921,-0.793855
1.5190,5306,Render,Middle_DIP,-17.928270,0.947590,20.354880,0.566707,-0.135608,-0.052997,-0.810953
1.5190,5306,Render,Middle_FingerTip,-17.901170,0.945673,20.346960,0.566707,-0.135608,-0.052997,-0.810953
1.5190,5306,Render,Ring_MCP,-17.989160,0.914395,20.406480,0.507293,-0.303493,-0.328930,-0.736446
1.5190,5306,Render,Ring_PIP,-17.961270,0.922611,20.370150,0.544399,-0.230398,-0.223891,-0.774867
1.5190,5306,Render,Ring_DIP,-17.940360,0.925143,20.354320,0.568861,-0.160783,-0.125615,-0.796723
1.5190,5306,Render,Ring_FingerTip,-17.916710,0.925588,20.344030,0.568861,-0.160783,-0.125615,-0.796723
1.5190,5306,Render,Pinky_MCP,-17.993610,0.892573,20.408600,0.520323,-0.292496,-0.331803,-0.730491
1.5190,5306,Render,Pinky_PIP,-17.969640,0.899675,20.378180,0.557463,-0.213364,-0.221553,-0.771119
1.5190,5306,Render,Pinky_DIP,-17.954770,0.901579,20.367610,0.580685,-0.138182,-0.118196,-0.793562
1.5190,5306,Render,Pinky_FingerTip,-17.936880,0.902098,20.360780,0.580685,-0.138182,-0.118196,-0.793562
1.5310,5307,Real,Wrist,-18.032350,0.905293,20.494090,0.459921,-0.380367,-0.373694,-0.710033
1.5310,5307,Real,Thumb_CMC,-18.006720,0.938998,20.472960,-0.246053,-0.214061,-0.107651,-0.939174
1.5310,5307,Real,Thumb_MCP,-17.967850,0.952503,20.457630,-0.216733,-0.243703,0.013047,-0.945233
1.5310,5307,Real,Thumb_IP,-17.924660,0.956473,20.434760,-0.155390,-0.286737,0.228441,-0.917306
1.5310,5307,Real,Thumb_FingerTip,-17.903820,0.947069,20.417750,-0.155390,-0.286737,0.228441,-0.917306
1.5310,5307,Real,Index_MCP,-17.974170,0.954034,20.408310,0.499049,-0.302705,-0.203828,-0.785986
1.5310,5307,Real,Index_PIP,-17.939810,0.954890,20.376500,0.508287,-0.286923,-0.179105,-0.791986
1.5310,5307,Real,Index_DIP,-17.919790,0.954683,20.359970,0.516175,-0.272478,-0.156704,-0.796721
1.5310,5307,Real,Index_FingerTip,-17.898210,0.953833,20.343940,0.516175,-0.272478,-0.156704,-0.796721
1.5310,5307,Real,Middle_MCP,-17.981400,0.929284,20.398940,0.527146,-0.279864,-0.222918,-0.770780
1.5310,5307,Real,Middle_PIP,-17.942110,0.931849,20.363750,0.567978,-0.183325,-0.084633,-0.797891
1.5310,5307,Real,Middle_DIP,-17.916650,0.929820,20.352980,0.589773,-0.091515,0.042179,-0.801258
1.5310,5307,Real,Middle_FingerTip,-17.888920,0.924853,20.350230,0.589773,-0.091515,0.042179,-0.801258
1.5310,5307,Real,Ring_MCP,-17.986590,0.905402,20.396310,0.543557,-0.265710,-0.233997,-0.761045
1.5310,5307,Real,Ring_PIP,-17.951720,0.908534,20.365650,0.581797,-0.166035,-0.096590,-0.790326
1.5310,5307,Real,Ring_DIP,-17.927310,0.907466,20.355780,0.600748,-0.071816,0.029773,-0.795650
1.5310,5307,Real,Ring_FingerTip,-17.901830,0.904018,20.353750,0.600748,-0.071816,0.029773,-0.795650
1.5310,5307,Real,Pinky_MCP,-17.991750,0.883831,20.399210,0.554040,-0.256645,-0.241986,-0.754066
1.5310,5307,Real,Pinky_PIP,-17.962180,0.887003,20.373410,0.590524,-0.155269,-0.105681,-0.784860
1.5310,5307,Real,Pinky_DIP,-17.945130,0.886682,20.366650,0.607660,-0.059803,0.019931,-0.791692
1.5310,5307,Real,Pinky_FingerTip,-17.926120,0.884685,20.365300,0.607660,-0.059803,0.019931,-0.791692
1.5310,5307,Virtual,Wrist,-18.034180,0.907013,20.498620,0.455871,-0.372476,-0.381086,-0.712894
1.5310,5307,Virtual,Thumb_CMC,-18.008900,0.941451,20.478260,-0.253849,-0.212847,-0.116098,-0.936364
1.5310,5307,Virtual,Thumb_MCP,-17.970140,0.955743,20.463350,-0.224620,-0.243493,0.004310,-0.943524
1.5310,5307,Virtual,Thumb_IP,-17.926930,0.960708,20.440720,-0.163117,-0.288333,0.219545,-0.917637
1.5310,5307,Virtual,Thumb_FingerTip,-17.905910,0.951905,20.423600,-0.163117,-0.288333,0.219545,-0.917637
1.5310,5307,Virtual,Index_MCP,-17.976310,0.958178,20.414040,0.493452,-0.296130,-0.210865,-0.790158
1.5310,5307,Virtual,Index_PIP,-17.941860,0.960097,20.382380,0.502486,-0.280526,-0.186009,-0.796376
1.5310,5307,Virtual,Index_DIP,-17.921790,0.960469,20.365930,0.510196,-0.266247,-0.163481,-0.801304
1.5310,5307,Virtual,Index_FingerTip,-17.900140,0.960209,20.349970,0.510196,-0.266247,-0.163481,-0.801304
1.5310,5307,Virtual,Middle_MCP,-17.983200,0.933530,20.404160,0.521588,-0.272951,-0.229582,-0.775072
1.5310,5307,Virtual,Middle_PIP,-17.943830,0.937287,20.369170,0.561296,-0.177490,-0.090443,-0.803283
1.5310,5307,Virtual,Middle_DIP,-17.918310,0.935792,20.358450,0.582255,-0.086807,0.037291,-0.807498
1.5310,5307,Virtual,Middle_FingerTip,-17.890510,0.931227,20.355710,0.582255,-0.086807,0.037291,-0.807498
1.5310,5307,Virtual,Ring_MCP,-17.988080,0.909643,20.401030,0.538025,-0.258602,-0.240429,-0.765407
1.5310,5307,Virtual,Ring_PIP,-17.953140,0.913821,20.370570,0.575103,-0.160010,-0.102155,-0.795750
1.5310,5307,Virtual,Ring_DIP,-17.928700,0.913255,20.360770,0.593184,-0.066927,0.025137,-0.801886
1.5310,5307,Virtual,Ring_FingerTip,-17.903170,0.910166,20.358760,0.593184,-0.066927,0.025137,-0.801886
1.5310,5307,Virtual,Pinky_MCP,-17.992990,0.887956,20.403480,0.548535,-0.249405,-0.248265,-0.758467
1.5310,5307,Virtual,Pinky_PIP,-17.963370,0.892011,20.377860,0.583832,-0.149109,-0.111088,-0.790295
1.5310,5307,Virtual,Pinky_DIP,-17.946290,0.892038,20.371160,0.600077,-0.054781,0.015453,-0.797915
1.5310,5307,Virtual,Pinky_FingerTip,-17.927260,0.890306,20.369840,0.600077,-0.054781,0.015453,-0.797915
1.5310,5307,Render,Wrist,-18.034180,0.907013,20.498620,0.455871,-0.372476,-0.381086,-0.712894
1.5310,5307,Render,Thumb_CMC,-18.008900,0.941451,20.478260,-0.216215,-0.207321,-0.124632,-0.945905
1.5310,5307,Render,Thumb_MCP,-17.970120,0.955741,20.463400,-0.192892,-0.229181,-0.023125,-0.953800
1.5310,5307,Render,Thumb_IP,-17.926300,0.962239,20.442410,-0.140896,-0.264347,0.176151,-0.937678
1.5310,5307,Render,Thumb_FingerTip,-17.903550,0.954947,20.426870,-0.140896,-0.264347,0.176151,-0.937678
1.5310,5307,Render,Index_MCP,-17.976310,0.958178,20.414040,0.450637,-0.357929,-0.312071,-0.755927
1.5310,5307,Render,Index_PIP,-17.950610,0.965165,20.375530,0.484299,-0.310872,-0.234591,-0.783441
1.5310,5307,Render,Index_DIP,-17.932520,0.966890,20.356990,0.510419,-0.265819,-0.162809,-0.801440
1.5310,5307,Render,Index_FingerTip,-17.910850,0.966611,20.341050,0.510419,-0.265819,-0.162809,-0.801440
1.5310,5307,Render,Middle_MCP,-17.983200,0.933530,20.404160,0.496232,-0.316718,-0.295268,-0.752503
1.5310,5307,Render,Middle_PIP,-17.950190,0.940398,20.363520,0.542005,-0.229755,-0.165972,-0.791137
1.5310,5307,Render,Middle_DIP,-17.926930,0.940773,20.348450,0.570314,-0.145941,-0.045546,-0.807075
1.5310,5307,Render,Middle_FingerTip,-17.899950,0.938143,20.340310,0.570314,-0.145941,-0.045546,-0.807075
1.5310,5307,Render,Ring_MCP,-17.988080,0.909643,20.401030,0.507287,-0.314652,-0.320898,-0.735308
1.5310,5307,Render,Ring_PIP,-17.960340,0.916748,20.364340,0.545938,-0.241451,-0.216094,-0.772630
1.5310,5307,Render,Ring_DIP,-17.939530,0.918599,20.348300,0.571764,-0.171558,-0.118157,-0.793532
1.5310,5307,Render,Ring_FingerTip,-17.915970,0.918376,20.337790,0.571764,-0.171558,-0.118157,-0.793532
1.5310,5307,Render,Pinky_MCP,-17.992990,0.887956,20.403480,0.520386,-0.303795,-0.323970,-0.729349
1.5310,5307,Render,Pinky_PIP,-17.969150,0.894113,20.372760,0.559177,-0.224533,-0.213971,-0.768845
1.5310,5307,Render,Pinky_DIP,-17.954330,0.895543,20.362030,0.583853,-0.149028,-0.110979,-0.790310
1.5310,5307,Render,Pinky_FingerTip,-17.936500,0.895569,20.355040,0.583853,-0.149028,-0.110979,-0.790310
1.5423,5308,Real,Wrist,-18.030510,0.904206,20.490060,0.467486,-0.386777,-0.365628,-0.705816
1.5423,5308,Real,Thumb_CMC,-18.004580,0.937143,20.468100,-0.234896,-0.214020,-0.101036,-0.942768
1.5423,5308,Real,Thumb_MCP,-17.965590,0.949924,20.452470,-0.205673,-0.242239,0.020066,-0.947954
1.5423,5308,Real,Thumb_IP,-17.922350,0.952944,20.429540,-0.144956,-0.282787,0.235896,-0.918353
1.5423,5308,Real,Thumb_FingerTip,-17.901580,0.942933,20.412790,-0.144956,-0.282787,0.235896,-0.918353
1.5423,5308,Real,Index_MCP,-17.971860,0.950247,20.403110,0.507844,-0.307088,-0.196434,-0.780516
1.5423,5308,Real,Index_PIP,-17.937480,0.950001,20.371320,0.517215,-0.291029,-0.171887,-0.786287
1.5423,5308,Real,Index_DIP,-17.917450,0.949203,20.354820,0.525215,-0.276330,-0.149649,-0.790820
1.5423,5308,Real,Index_FingerTip,-17.895860,0.947762,20.338840,0.525215,-0.276330,-0.149649,-0.790820
1.5423,5308,Real,Middle_MCP,-17.979290,0.925328,20.394380,0.535847,-0.284618,-0.215868,-0.765024
1.5423,5308,Real,Middle_PIP,-17.939960,0.926662,20.359170,0.577377,-0.186483,-0.078699,-0.790991
1.5423,5308,Real,Middle_DIP,-17.914510,0.924144,20.348470,0.599552,-0.093152,0.046951,-0.793509
1.5423,5308,Real,Middle_FingerTip,-17.886830,0.918874,20.345880,0.599552,-0.093152,0.046951,-0.793509
1.5423,5308,Real,Ring_MCP,-17.984680,0.901431,20.392350,0.552196,-0.270679,-0.227162,-0.755122
1.5423,5308,Real,Ring_PIP,-17.949760,0.903485,20.361640,0.591176,-0.169409,-0.090902,-0.783294
1.5423,5308,Real,Ring_DIP,-17.925370,0.901959,20.351820,0.610542,-0.073662,0.034276,-0.787805
1.5423,5308,Real,Ring_FingerTip,-17.899910,0.898245,20.349910,0.610542,-0.073662,0.034276,-0.787805
1.5423,5308,Real,Pinky_MCP,-17.990040,0.879986,20.395790,0.562631,-0.261764,-0.235291,-0.748040
1.5423,5308,Real,Pinky_PIP,-17.960420,0.882248,20.369950,0.599881,-0.158798,-0.100149,-0.777751
1.5423,5308,Real,Pinky_DIP,-17.943370,0.881611,20.363210,0.617458,-0.061807,0.024267,-0.783797
1.5423,5308,Real,Pinky_FingerTip,-17.924380,0.879420,20.361930,0.617458,-0.061807,0.024267,-0.783797
1.5423,5308,Virtual,Wrist,-18.032360,0.905291,20.494100,0.459921,-0.380367,-0.373694,-0.710033
1.5423,5308,Virtual,Thumb_CMC,-18.006730,0.938997,20.472970,-0.246053,-0.214061,-0.107651,-0.939174
1.5423,5308,Virtual,Thumb_MCP,-17.967850,0.952501,20.457640,-0.216733,-0.243703,0.013047,-0.945233
1.5423,5308,Virtual,Thumb_IP,-17.924670,0.956472,20.434770,-0.155390,-0.286737,0.228441,-0.917306
1.5423,5308,Virtual,Thumb_FingerTip,-17.903830,0.947067,20.417760,-0.155390,-0.286737,0.228441,-0.917306
1.5423,5308,Virtual,Index_MCP,-17.974170,0.954033,20.408310,0.499049,-0.302705,-0.203828,-0.785986
1.5423,5308,Virtual,Index_PIP,-17.939820,0.954889,20.376500,0.508287,-0.286923,-0.179105,-0.791986
1.5423,5308,Virtual,Index_DIP,-17.919800,0.954682,20.359980,0.516175,-0.272478,-0.156704,-0.796721
1.5423,5308,Virtual,Index_FingerTip,-17.898220,0.953832,20.343950,0.516175,-0.272478,-0.156704,-0.796721
1.5423,5308,Virtual,Middle_MCP,-17.981400,0.929282,20.398950,0.527146,-0.279864,-0.222918,-0.770780
1.5423,5308,Virtual,Middle_PIP,-17.942120,0.931848,20.363760,0.567978,-0.183325,-0.084633,-0.797892
1.5423,5308,Virtual,Middle_DIP,-17.916660,0.929819,20.352980,0.589772,-0.091516,0.042179,-0.801258
1.5423,5308,Virtual,Middle_FingerTip,-17.888930,0.924851,20.350240,0.589772,-0.091516,0.042179,-0.801258
1.5423,5308,Virtual,Ring_MCP,-17.986590,0.905400,20.396310,0.543556,-0.265710,-0.233998,-0.761046
1.5423,5308,Virtual,Ring_PIP,-17.951720,0.908532,20.365650,0.581797,-0.166035,-0.096590,-0.790326
1.5423,5308,Virtual,Ring_DIP,-17.927320,0.907465,20.355780,0.600748,-0.071816,0.029773,-0.795650
1.5423,5308,Virtual,Ring_FingerTip,-17.901830,0.904016,20.353750,0.600748,-0.071816,0.029773,-0.795650
1.5423,5308,Virtual,Pinky_MCP,-17.991760,0.883830,20.399210,0.554040,-0.256645,-0.241986,-0.754066
1.5423,5308,Virtual,Pinky_PIP,-17.962190,0.887002,20.373420,0.590524,-0.155269,-0.105681,-0.784860
1.5423,5308,Virtual,Pinky_DIP,-17.945140,0.886681,20.366660,0.607660,-0.059803,0.019931,-0.791692
1.5423,5308,Virtual,Pinky_FingerTip,-17.926130,0.884684,20.365300,0.607660,-0.059803,0.019931,-0.791692
1.5423,5308,Render,Wrist,-18.032360,0.905291,20.494100,0.459921,-0.380367,-0.373694,-0.710033
1.5423,5308,Render,Thumb_CMC,-18.006730,0.938997,20.472970,-0.208479,-0.209549,-0.116333,-0.948205
1.5423,5308,Render,Thumb_MCP,-17.967850,0.952521,20.457650,-0.184962,-0.230572,-0.014627,-0.955203
1.5423,5308,Render,Thumb_IP,-17.924060,0.958073,20.436320,-0.132851,-0.264055,0.184754,-0.937279
1.5423,5308,Render,Thumb_FingerTip,-17.901480,0.950202,20.420810,-0.132851,-0.264055,0.184754,-0.937279
1.5423,5308,Render,Index_MCP,-17.974170,0.954033,20.408310,0.455247,-0.365281,-0.304720,-0.752639
1.5423,5308,Render,Index_PIP,-17.948540,0.959938,20.369570,0.489522,-0.317882,-0.227858,-0.779359
1.5423,5308,Render,Index_DIP,-17.930520,0.961078,20.350920,0.516175,-0.272478,-0.156704,-0.796721
1.5423,5308,Render,Index_FingerTip,-17.908940,0.960229,20.334890,0.516175,-0.272478,-0.156704,-0.796721
1.5423,5308,Render,Middle_MCP,-17.981400,0.929282,20.398950,0.501176,-0.324083,-0.288261,-0.748799
1.5423,5308,Render,Middle_PIP,-17.948460,0.934925,20.358060,0.548105,-0.236195,-0.159679,-0.786318
1.5423,5308,Render,Middle_DIP,-17.925250,0.934708,20.342910,0.577310,-0.151393,-0.040045,-0.801368
1.5423,5308,Render,Middle_FingerTip,-17.898340,0.931578,20.334740,0.577310,-0.151393,-0.040045,-0.801368
1.5423,5308,Render,Ring_MCP,-17.986590,0.905400,20.396310,0.512026,-0.322311,-0.314037,-0.731660
1.5423,5308,Render,Ring_PIP,-17.958900,0.911425,20.359400,0.551691,-0.248380,-0.209803,-0.768068
1.5423,5308,Render,Ring_DIP,-17.938130,0.912696,20.343250,0.578336,-0.177717,-0.112484,-0.788221
1.5423,5308,Render,Ring_FingerTip,-17.914610,0.911967,20.332670,0.578336,-0.177717,-0.112484,-0.788221
1.5423,5308,Render,Pinky_MCP,-17.991760,0.883830,20.399210,0.525128,-0.311557,-0.317277,-0.725609
1.5423,5308,Render,Pinky_PIP,-17.967960,0.889075,20.368290,0.565001,-0.231518,-0.207896,-0.764168
1.5423,5308,Render,Pinky_DIP,-17.953170,0.890105,20.357490,0.590545,-0.155187,-0.105572,-0.784875
1.5423,5308,Render,Pinky_FingerTip,-17.935360,0.889768,20.350440,0.590545,-0.155187,-0.105572,-0.784875
1.5562,5309,Real,Wrist,-18.029080,0.903144,20.485680,0.470456,-0.394675,-0.359516,-0.702603
1.5562,5309,Real,Thumb_CMC,-18.002910,0.935390,20.462990,-0.228687,-0.216226,-0.097523,-0.944160
1.5562,5309,Real,Thumb_MCP,-17.963940,0.947819,20.447020,-0.198977,-0.243843,0.024722,-0.948861
1.5562,5309,Real,Thumb_IP,-17.920800,0.950277,20.423850,-0.137538,-0.283081,0.242367,-0.917719
1.5562,5309,Real,Thumb_FingerTip,-17.900220,0.939818,20.407140,-0.137538,-0.283081,0.242367,-0.917719
1.5562,5309,Real,Index_MCP,-17.970430,0.946969,20.397590,0.511101,-0.316069,-0.193958,-0.775408
1.5562,5309,Real,Index_PIP,-17.936470,0.945925,20.365350,0.521497,-0.298604,-0.167624,-0.781524
1.5562,5309,Real,Index_DIP,-17.916610,0.944642,20.348700,0.530344,-0.282593,-0.143759,-0.786263
1.5562,5309,Real,Index_FingerTip,-17.895120,0.942660,20.332650,0.530344,-0.282593,-0.143759,-0.786263
1.5562,5309,Real,Middle_MCP,-17.978190,0.921986,20.389350,0.539242,-0.293796,-0.213403,-0.759843
1.5562,5309,Real,Middle_PIP,-17.939300,0.922379,20.353610,0.582276,-0.195070,-0.077372,-0.785440
1.5562,5309,Real,Middle_DIP,-17.914030,0.919451,20.342620,0.605721,-0.100994,0.047212,-0.787828
1.5562,5309,Real,Middle_FingerTip,-17.886430,0.913884,20.339740,0.605721,-0.100994,0.047212,-0.787828
1.5562,5309,Real,Ring_MCP,-17.983860,0.898119,20.387770,0.555546,-0.280194,-0.225032,-0.749814
1.5562,5309,Real,Ring_PIP,-17.949340,0.899336,20.356580,0.596084,-0.178393,-0.090006,-0.777663
1.5562,5309,Real,Ring_DIP,-17.925100,0.897421,20.346440,0.616786,-0.081947,0.034025,-0.782114
1.5562,5309,Real,Ring_FingerTip,-17.899710,0.893440,20.344220,0.616786,-0.081947,0.034025,-0.782114
1.5562,5309,Real,Pinky_MCP,-17.989440,0.876802,20.391620,0.565979,-0.271432,-0.233282,-0.742679
1.5562,5309,Real,Pinky_PIP,-17.960150,0.878347,20.365350,0.604819,-0.167936,-0.099380,-0.772086
1.5562,5309,Real,Pinky_DIP,-17.943200,0.877436,20.358390,0.623758,-0.070241,0.023888,-0.778089
1.5562,5309,Real,Pinky_FingerTip,-17.924260,0.875045,20.356860,0.623758,-0.070241,0.023888,-0.778089
1.5562,5309,Virtual,Wrist,-18.030520,0.904208,20.490070,0.467486,-0.386777,-0.365628,-0.705816
1.5562,5309,Virtual,Thumb_CMC,-18.004590,0.937145,20.468110,-0.235521,-0.213936,-0.105454,-0.942147
1.5562,5309,Virtual,Thumb_MCP,-17.965670,0.950295,20.452590,-0.206049,-0.242452,0.016598,-0.947885
1.5562,5309,Virtual,Thumb_IP,-17.922430,0.953651,20.429720,-0.144740,-0.283354,0.234236,-0.918638
1.5562,5309,Virtual,Thumb_FingerTip,-17.901630,0.943724,20.412950,-0.144740,-0.283354,0.234236,-0.918638
1.5562,5309,Virtual,Index_MCP,-17.971870,0.950249,20.403120,0.506561,-0.309200,-0.199682,-0.779691
1.5562,5309,Virtual,Index_PIP,-17.937730,0.950161,20.371070,0.516728,-0.291892,-0.173200,-0.785998
1.5562,5309,Virtual,Index_DIP,-17.917750,0.949398,20.354510,0.525373,-0.276030,-0.149196,-0.790906
1.5562,5309,Virtual,Index_FingerTip,-17.896150,0.947945,20.338550,0.525373,-0.276030,-0.149196,-0.790906
1.5562,5309,Virtual,Middle_MCP,-17.979290,0.925329,20.394390,0.534768,-0.286642,-0.218759,-0.764202
1.5562,5309,Virtual,Middle_PIP,-17.940220,0.926796,20.358890,0.576621,-0.188806,-0.081884,-0.790668
1.5562,5309,Virtual,Middle_DIP,-17.914850,0.924350,20.348000,0.599151,-0.095700,0.043579,-0.793701
1.5562,5309,Virtual,Middle_FingerTip,-17.887180,0.919147,20.345180,0.599151,-0.095700,0.043579,-0.793701
1.5562,5309,Virtual,Ring_MCP,-17.984690,0.901432,20.392350,0.551115,-0.272874,-0.230164,-0.754213
1.5562,5309,Virtual,Ring_PIP,-17.950010,0.903592,20.361390,0.590438,-0.171963,-0.094286,-0.782894
1.5562,5309,Virtual,Ring_DIP,-17.925690,0.902132,20.351360,0.610195,-0.076490,0.030626,-0.787956
1.5562,5309,Virtual,Ring_FingerTip,-17.900240,0.898478,20.349220,0.610195,-0.076490,0.030626,-0.787956
1.5562,5309,Virtual,Pinky_MCP,-17.990040,0.879988,20.395800,0.561585,-0.264000,-0.238265,-0.747099
1.5562,5309,Virtual,Pinky_PIP,-17.960630,0.882330,20.369730,0.599189,-0.161390,-0.103510,-0.777311
1.5562,5309,Virtual,Pinky_DIP,-17.943630,0.881734,20.362850,0.617165,-0.064667,0.020636,-0.783901
1.5562,5309,Virtual,Pinky_FingerTip,-17.924650,0.879585,20.361400,0.617165,-0.064667,0.020636,-0.783901
1.5562,5309,Render,Wrist,-18.030520,0.904208,20.490070,0.467486,-0.386777,-0.365628,-0.705816
1.5562,5309,Render,Thumb_CMC,-18.004590,0.937145,20.468110,-0.197188,-0.209774,-0.109722,-0.951353
1.5562,5309,Render,Thumb_MCP,-17.965600,0.949945,20.452480,-0.173711,-0.229592,-0.007719,-0.957629
1.5562,5309,Render,Thumb_IP,-17.921740,0.954581,20.431060,-0.122051,-0.260752,0.192016,-0.938212
1.5562,5309,Render,Thumb_FingerTip,-17.899220,0.946126,20.415770,-0.122051,-0.260752,0.192016,-0.938212
1.5562,5309,Render,Index_MCP,-17.971870,0.950249,20.403120,0.463395,-0.370776,-0.296675,-0.748181
1.5562,5309,Render,Index_PIP,-17.946160,0.954946,20.364260,0.498178,-0.322533,-0.220301,-0.774118
1.5562,5309,Render,Index_DIP,-17.928120,0.955458,20.345600,0.525215,-0.276330,-0.149649,-0.790820
1.5562,5309,Render,Index_FingerTip,-17.906530,0.954017,20.329620,0.525215,-0.276330,-0.149649,-0.790820
1.5562,5309,Render,Middle_MCP,-17.979290,0.925329,20.394390,0.509437,-0.329566,-0.280743,-0.743669
1.5562,5309,Render,Middle_PIP,-17.946290,0.929647,20.353400,0.557163,-0.240227,-0.153119,-0.780010
1.5562,5309,Render,Middle_DIP,-17.923070,0.928848,20.338280,0.586870,-0.154023,-0.034505,-0.794147
1.5562,5309,Render,Middle_FingerTip,-17.896180,0.925283,20.330210,0.586870,-0.154023,-0.034505,-0.794147
1.5562,5309,Render,Ring_MCP,-17.984690,0.901432,20.392350,0.520085,-0.328176,-0.306607,-0.726501
1.5562,5309,Render,Ring_PIP,-17.956920,0.906279,20.355320,0.560483,-0.253074,-0.203159,-0.761931
1.5562,5309,Render,Ring_DIP,-17.936130,0.906961,20.339160,0.587645,-0.181279,-0.106656,-0.781305
1.5562,5309,Render,Ring_FingerTip,-17.912610,0.905764,20.328620,0.587645,-0.181279,-0.106656,-0.781305
1.5562,5309,Render,Pinky_MCP,-17.990040,0.879988,20.395800,0.533155,-0.317522,-0.310006,-0.720294
1.5562,5309,Render,Pinky_PIP,-17.966180,0.884240,20.364780,0.573813,-0.236247,-0.201479,-0.757847
1.5562,5309,Render,Pinky_DIP,-17.951370,0.884869,20.353960,0.599903,-0.158715,-0.100042,-0.777765
1.5562,5309,Render,Pinky_FingerTip,-17.933560,0.884202,20.346940,0.599903,-0.158715,-0.100042,-0.777765
1.5699,5310,Real,Wrist,-18.027530,0.902363,20.482880,0.477464,-0.400184,-0.353329,-0.697883
1.5699,5310,Real,Thumb_CMC,-18.001220,0.933945,20.459430,-0.219174,-0.217776,-0.100779,-0.945717
1.5699,5310,Real,Thumb_MCP,-17.962360,0.946506,20.443280,-0.188791,-0.244584,0.023847,-0.950772
1.5699,5310,Real,Thumb_IP,-17.919250,0.948811,20.420040,-0.126305,-0.281976,0.245702,-0.918786
1.5699,5310,Real,Thumb_FingerTip,-17.898720,0.937974,20.403510,-0.126305,-0.281976,0.245702,-0.918786
1.5699,5310,Real,Index_MCP,-17.968720,0.943847,20.393770,0.516796,-0.323650,-0.194253,-0.768400
1.5699,5310,Real,Index_PIP,-17.935230,0.942161,20.361070,0.529288,-0.302790,-0.163466,-0.775534
1.5699,5310,Real,Index_DIP,-17.915420,0.940423,20.344390,0.539811,-0.283603,-0.135533,-0.780900
1.5699,5310,Real,Index_FingerTip,-17.893840,0.937881,20.328540,0.539811,-0.283603,-0.135533,-0.780900
1.5699,5310,Real,Middle_MCP,-17.976610,0.918718,20.386110,0.545359,-0.301169,-0.212904,-0.752697
1.5699,5310,Real,Middle_PIP,-17.938170,0.918296,20.349900,0.589630,-0.201135,-0.077964,-0.778333
1.5699,5310,Real,Middle_DIP,-17.913030,0.915086,20.338680,0.613958,-0.105710,0.045658,-0.780895
1.5699,5310,Real,Middle_FingerTip,-17.885480,0.909394,20.335590,0.613958,-0.105710,0.045658,-0.780895
1.5699,5310,Real,Ring_MCP,-17.982400,0.894850,20.385090,0.561598,-0.287957,-0.224812,-0.742394
1.5699,5310,Real,Ring_PIP,-17.948280,0.895333,20.353440,0.603425,-0.184904,-0.091003,-0.770329
1.5699,5310,Real,Ring_DIP,-17.924180,0.893147,20.343040,0.625073,-0.087151,0.031962,-0.775027
1.5699,5310,Real,Ring_FingerTip,-17.898820,0.889058,20.340590,0.625073,-0.087151,0.031962,-0.775027
1.5699,5310,Real,Pinky_MCP,-17.988080,0.873655,20.389440,0.572022,-0.279381,-0.233138,-0.735108
1.5699,5310,Real,Pinky_PIP,-17.959130,0.874566,20.362760,0.612182,-0.174631,-0.100478,-0.764619
1.5699,5310,Real,Pinky_DIP,-17.942280,0.873463,20.355600,0.632095,-0.075623,0.021703,-0.770887
1.5699,5310,Real,Pinky_FingerTip,-17.923350,0.870990,20.353900,0.632095,-0.075623,0.021703,-0.770887
1.5699,5310,Virtual,Wrist,-18.029090,0.903143,20.485680,0.470457,-0.394675,-0.359516,-0.702603
1.5699,5310,Virtual,Thumb_CMC,-18.002910,0.935389,20.462990,-0.229527,-0.216850,-0.105699,-0.942932
1.5699,5310,Virtual,Thumb_MCP,-17.964110,0.948513,20.447160,-0.199176,-0.245022,0.018604,-0.948656
1.5699,5310,Virtual,Thumb_IP,-17.921000,0.951568,20.424010,-0.136300,-0.284832,0.240110,-0.917955
1.5699,5310,Virtual,Thumb_FingerTip,-17.900410,0.941218,20.407240,-0.136300,-0.284832,0.240110,-0.917955
1.5699,5310,Virtual,Index_MCP,-17.970420,0.946968,20.397600,0.508732,-0.319867,-0.199729,-0.773941
1.5699,5310,Virtual,Index_PIP,-17.936920,0.946205,20.364900,0.521080,-0.299332,-0.168716,-0.781288
1.5699,5310,Virtual,Index_DIP,-17.917090,0.944951,20.348190,0.531485,-0.280442,-0.140574,-0.786839
1.5699,5310,Virtual,Index_FingerTip,-17.895480,0.942883,20.332300,0.531485,-0.280442,-0.140574,-0.786839
1.5699,5310,Virtual,Middle_MCP,-17.978190,0.921985,20.389350,0.537425,-0.297106,-0.218071,-0.758516
1.5699,5310,Virtual,Middle_PIP,-17.939730,0.922591,20.353170,0.581108,-0.198523,-0.082033,-0.784967
1.5699,5310,Virtual,Middle_DIP,-17.914570,0.919765,20.341890,0.605131,-0.104473,0.042684,-0.788086
1.5699,5310,Virtual,Middle_FingerTip,-17.886990,0.914283,20.338690,0.605131,-0.104473,0.042684,-0.788086
1.5699,5310,Virtual,Ring_MCP,-17.983860,0.898118,20.387770,0.553753,-0.283721,-0.229795,-0.748368
1.5699,5310,Virtual,Ring_PIP,-17.949730,0.899501,20.356170,0.594959,-0.182110,-0.094860,-0.777086
1.5699,5310,Virtual,Ring_DIP,-17.925610,0.897677,20.345740,0.616271,-0.085732,0.029222,-0.782308
1.5699,5310,Virtual,Ring_FingerTip,-17.900230,0.893771,20.343200,0.616271,-0.085732,0.029222,-0.782308
1.5699,5310,Virtual,Pinky_MCP,-17.989440,0.876801,20.391630,0.564242,-0.275025,-0.238000,-0.741180
1.5699,5310,Virtual,Pinky_PIP,-17.960480,0.878471,20.365000,0.603759,-0.171708,-0.104199,-0.771450
1.5699,5310,Virtual,Pinky_DIP,-17.943610,0.877617,20.357830,0.623315,-0.074069,0.019110,-0.778221
1.5699,5310,Virtual,Pinky_FingerTip,-17.924680,0.875278,20.356080,0.623315,-0.074069,0.019110,-0.778221
1.5699,5310,Render,Wrist,-18.029090,0.903143,20.485680,0.470457,-0.394675,-0.359516,-0.702603
1.5699,5310,Render,Thumb_CMC,-18.002910,0.935389,20.462990,-0.190446,-0.213021,-0.101959,-0.952868
1.5699,5310,Render,Thumb_MCP,-17.963900,0.947484,20.446870,-0.166661,-0.232103,0.000161,-0.958307
1.5699,5310,Render,Thumb_IP,-17.920150,0.951262,20.425060,-0.114633,-0.261738,0.199865,-0.937233
1.5699,5310,Render,Thumb_FingerTip,-17.897830,0.942295,20.409770,-0.114633,-0.261738,0.199865,-0.937233
1.5699,5310,Render,Index_MCP,-17.970420,0.946968,20.397600,0.467029,-0.378163,-0.290456,-0.744655
1.5699,5310,Render,Index_PIP,-17.944890,0.950684,20.358510,0.502534,-0.329520,-0.214465,-0.769988
1.5699,5310,Render,Index_DIP,-17.926960,0.950660,20.339750,0.530183,-0.282896,-0.144210,-0.786181
1.5699,5310,Render,Index_FingerTip,-17.905480,0.948691,20.323670,0.530183,-0.282896,-0.144210,-0.786181
1.5699,5310,Render,Middle_MCP,-17.978190,0.921985,20.389350,0.513309,-0.337064,-0.275047,-0.739764
1.5699,5310,Render,Middle_PIP,-17.945370,0.925201,20.348100,0.562229,-0.246976,-0.148152,-0.775212
1.5699,5310,Render,Middle_DIP,-17.922250,0.923870,20.332870,0.592890,-0.159937,-0.030313,-0.788659
1.5699,5310,Render,Middle_FingerTip,-17.895450,0.919856,20.324720,0.592890,-0.159937,-0.030313,-0.788659
1.5699,5310,Render,Ring_MCP,-17.983860,0.898118,20.387770,0.523738,-0.335914,-0.301051,-0.722654
1.5699,5310,Render,Ring_PIP,-17.956260,0.901992,20.350500,0.565172,-0.260232,-0.198187,-0.757352
1.5699,5310,Render,Ring_DIP,-17.935550,0.902152,20.334220,0.593188,-0.187797,-0.102294,-0.776142
1.5699,5310,Render,Ring_FingerTip,-17.912110,0.900500,20.323570,0.593188,-0.187797,-0.102294,-0.776142
1.5699,5310,Render,Pinky_MCP,-17.989440,0.876801,20.391630,0.536803,-0.325347,-0.304616,-0.716381
1.5699,5310,Render,Pinky_PIP,-17.965710,0.880232,20.360400,0.578565,-0.243455,-0.196718,-0.753189
1.5699,5310,Render,Pinky_DIP,-17.950960,0.880500,20.349490,0.605562,-0.165236,-0.095935,-0.772521
1.5699,5310,Render,Pinky_FingerTip,-17.933200,0.879506,20.342380,0.605562,-0.165236,-0.095935,-0.772521
1.5832,5311,Real,Wrist,-18.027530,0.902363,20.482880,0.477464,-0.400184,-0.353329,-0.697883
1.5832,5311,Real,Thumb_CMC,-18.001220,0.933945,20.459430,-0.219174,-0.217776,-0.100779,-0.945717
1.5832,5311,Real,Thumb_MCP,-17.962360,0.946506,20.443280,-0.188791,-0.244584,0.023847,-0.950772
1.5832,5311,Real,Thumb_IP,-17.919250,0.948811,20.420040,-0.126305,-0.281976,0.245702,-0.918786
1.5832,5311,Real,Thumb_FingerTip,-17.898720,0.937974,20.403510,-0.126305,-0.281976,0.245702,-0.918786
1.5832,5311,Real,Index_MCP,-17.968720,0.943847,20.393770,0.516796,-0.323650,-0.194253,-0.768400
1.5832,5311,Real,Index_PIP,-17.935230,0.942161,20.361070,0.529288,-0.302790,-0.163466,-0.775534
1.5832,5311,Real,Index_DIP,-17.915420,0.940423,20.344390,0.539811,-0.283603,-0.135533,-0.780900
1.5832,5311,Real,Index_FingerTip,-17.893840,0.937881,20.328540,0.539811,-0.283603,-0.135533,-0.780900
1.5832,5311,Real,Middle_MCP,-17.976610,0.918718,20.386110,0.545359,-0.301169,-0.212904,-0.752697
1.5832,5311,Real,Middle_PIP,-17.938170,0.918296,20.349900,0.589630,-0.201135,-0.077964,-0.778333
1.5832,5311,Real,Middle_DIP,-17.913030,0.915086,20.338680,0.613958,-0.105710,0.045658,-0.780895
1.5832,5311,Real,Middle_FingerTip,-17.885480,0.909394,20.335590,0.613958,-0.105710,0.045658,-0.780895
1.5832,5311,Real,Ring_MCP,-17.982400,0.894850,20.385090,0.561598,-0.287957,-0.224812,-0.742394
1.5832,5311,Real,Ring_PIP,-17.948280,0.895333,20.353440,0.603425,-0.184904,-0.091003,-0.770329
1.5832,5311,Real,Ring_DIP,-17.924180,0.893147,20.343040,0.625073,-0.087151,0.031962,-0.775027
1.5832,5311,Real,Ring_FingerTip,-17.898820,0.889058,20.340590,0.625073,-0.087151,0.031962,-0.775027
1.5832,5311,Real,Pinky_MCP,-17.988080,0.873655,20.389440,0.572022,-0.279381,-0.233138,-0.735108
1.5832,5311,Real,Pinky_PIP,-17.959130,0.874566,20.362760,0.612182,-0.174631,-0.100478,-0.764619
1.5832,5311,Real,Pinky_DIP,-17.942280,0.873463,20.355600,0.632095,-0.075623,0.021703,-0.770887
1.5832,5311,Real,Pinky_FingerTip,-17.923350,0.870990,20.353900,0.632095,-0.075623,0.021703,-0.770887
1.5832,5311,Virtual,Wrist,-18.027540,0.902362,20.482890,0.477464,-0.400184,-0.353329,-0.697883
1.5832,5311,Virtual,Thumb_CMC,-18.001220,0.933944,20.459440,-0.219174,-0.217776,-0.100779,-0.945717
1.5832,5311,Virtual,Thumb_MCP,-17.962360,0.946505,20.443290,-0.188791,-0.244584,0.023847,-0.950772
1.5832,5311,Virtual,Thumb_IP,-17.919250,0.948810,20.420050,-0.126305,-0.281976,0.245702,-0.918786
1.5832,5311,Virtual,Thumb_FingerTip,-17.898730,0.937973,20.403510,-0.126305,-0.281976,0.245702,-0.918786
1.5832,5311,Virtual,Index_MCP,-17.968720,0.943846,20.393780,0.516796,-0.323650,-0.194253,-0.768400
1.5832,5311,Virtual,Index_PIP,-17.935230,0.942160,20.361090,0.529288,-0.302790,-0.163466,-0.775534
1.5832,5311,Virtual,Index_DIP,-17.915420,0.940422,20.344400,0.539811,-0.283603,-0.135533,-0.780900
1.5832,5311,Virtual,Index_FingerTip,-17.893840,0.937880,20.328550,0.539811,-0.283603,-0.135533,-0.780900
1.5832,5311,Virtual,Middle_MCP,-17.976610,0.918717,20.386110,0.545359,-0.301169,-0.212904,-0.752697
1.5832,5311,Virtual,Middle_PIP,-17.938170,0.918295,20.349910,0.589630,-0.201135,-0.077964,-0.778333
1.5832,5311,Virtual,Middle_DIP,-17.913030,0.915085,20.338680,0.613958,-0.105710,0.045658,-0.780895
1.5832,5311,Virtual,Middle_FingerTip,-17.885480,0.909393,20.335600,0.613958,-0.105710,0.045658,-0.780895
1.5832,5311,Virtual,Ring_MCP,-17.982400,0.894849,20.385090,0.561598,-0.287957,-0.224813,-0.742394
1.5832,5311,Virtual,Ring_PIP,-17.948290,0.895332,20.353440,0.603425,-0.184904,-0.091003,-0.770329
1.5832,5311,Virtual,Ring_DIP,-17.924180,0.893146,20.343050,0.625073,-0.087151,0.031962,-0.775027
1.5832,5311,Virtual,Ring_FingerTip,-17.898820,0.889057,20.340590,0.625073,-0.087151,0.031962,-0.775027
1.5832,5311,Virtual,Pinky_MCP,-17.988090,0.873654,20.389440,0.572022,-0.279381,-0.233138,-0.735108
1.5832,5311,Virtual,Pinky_PIP,-17.959140,0.874565,20.362770,0.612182,-0.174631,-0.100478,-0.764619
1.5832,5311,Virtual,Pinky_DIP,-17.942280,0.873462,20.355610,0.632095,-0.075623,0.021703,-0.770887
1.5832,5311,Virtual,Pinky_FingerTip,-17.923360,0.870989,20.353910,0.632095,-0.075623,0.021703,-0.770887
1.5832,5311,Render,Wrist,-18.027540,0.902362,20.482890,0.477464,-0.400184,-0.353329,-0.697883
1.5832,5311,Render,Thumb_CMC,-18.001220,0.933944,20.459440,-0.180528,-0.216028,-0.097268,-0.954610
1.5832,5311,Render,Thumb_MCP,-17.962240,0.945523,20.442870,-0.156480,-0.234035,0.005012,-0.959540
1.5832,5311,Render,Thumb_IP,-17.918580,0.948643,20.420770,-0.104272,-0.261506,0.204866,-0.937428
1.5832,5311,Render,Thumb_FingerTip,-17.896370,0.939250,20.405580,-0.104272,-0.261506,0.204866,-0.937428
1.5832,5311,Render,Index_MCP,-17.968720,0.943846,20.393780,0.474585,-0.382879,-0.284359,-0.739806
1.5832,5311,Render,Index_PIP,-17.943190,0.946530,20.354610,0.510524,-0.333455,-0.208885,-0.764553
1.5832,5311,Render,Index_DIP,-17.925270,0.945984,20.335840,0.538494,-0.286096,-0.139142,-0.780265
1.5832,5311,Render,Index_FingerTip,-17.903820,0.943536,20.319800,0.538494,-0.286096,-0.139142,-0.780265
1.5832,5311,Render,Middle_MCP,-17.976610,0.918717,20.386110,0.520912,-0.341717,-0.269453,-0.734354
1.5832,5311,Render,Middle_PIP,-17.943810,0.920815,20.344790,0.570499,-0.250300,-0.143536,-0.768946
1.5832,5311,Render,Middle_DIP,-17.920710,0.919018,20.329580,0.601565,-0.161984,-0.026688,-0.781773
1.5832,5311,Render,Middle_FingerTip,-17.893920,0.914684,20.321500,0.601565,-0.161984,-0.026688,-0.781773
1.5832,5311,Render,Ring_MCP,-17.982400,0.894849,20.385090,0.531137,-0.340889,-0.295514,-0.717189
1.5832,5311,Render,Ring_PIP,-17.954810,0.897723,20.347730,0.573188,-0.264136,-0.193460,-0.751174
1.5832,5311,Render,Ring_DIP,-17.934110,0.897403,20.331430,0.601628,-0.190672,-0.098373,-0.769423
1.5832,5311,Render,Ring_FingerTip,-17.910690,0.895389,20.320810,0.601628,-0.190672,-0.098373,-0.769423
1.5832,5311,Render,Pinky_MCP,-17.988090,0.873654,20.389440,0.544153,-0.330394,-0.299220,-0.710778
1.5832,5311,Render,Pinky_PIP,-17.964360,0.876244,20.358130,0.586574,-0.247375,-0.192199,-0.746858
1.5832,5311,Render,Pinky_DIP,-17.949610,0.876187,20.347210,0.614016,-0.168068,-0.092288,-0.765650
1.5832,5311,Render,Pinky_FingerTip,-17.931860,0.874940,20.340110,0.614016,-0.168068,-0.092288,-0.765650
1.5977,5312,Real,Wrist,-18.024560,0.900644,20.476850,0.479369,-0.413413,-0.347717,-0.691656
1.5977,5312,Real,Thumb_CMC,-17.998190,0.931304,20.452270,-0.211966,-0.230380,-0.110429,-0.943293
1.5977,5312,Real,Thumb_MCP,-17.960010,0.944740,20.435240,-0.178630,-0.257092,0.019017,-0.949544
1.5977,5312,Real,Thumb_IP,-17.917490,0.947473,20.410970,-0.110699,-0.292832,0.249510,-0.916374
1.5977,5312,Real,Thumb_FingerTip,-17.897430,0.936288,20.394100,-0.110699,-0.292832,0.249510,-0.916374
1.5977,5312,Real,Index_MCP,-17.966670,0.939258,20.385870,0.514649,-0.346195,-0.204310,-0.757327
1.5977,5312,Real,Index_PIP,-17.934970,0.937063,20.351470,0.532282,-0.318418,-0.163865,-0.767095
1.5977,5312,Real,Index_DIP,-17.915670,0.934790,20.334260,0.546873,-0.292651,-0.127067,-0.774042
1.5977,5312,Real,Index_FingerTip,-17.894250,0.931471,20.318330,0.546873,-0.292651,-0.127067,-0.774042
1.5977,5312,Real,Middle_MCP,-17.975040,0.914084,20.378910,0.546140,-0.320057,-0.217108,-0.743074
1.5977,5312,Real,Middle_PIP,-17.938030,0.912661,20.341270,0.594294,-0.217989,-0.081705,-0.769818
1.5977,5312,Real,Middle_DIP,-17.913320,0.908966,20.329270,0.621514,-0.120106,0.042503,-0.772974
1.5977,5312,Real,Middle_FingerTip,-17.885940,0.902882,20.325510,0.621514,-0.120106,0.042503,-0.772974
1.5977,5312,Real,Ring_MCP,-17.981190,0.890287,20.378520,0.560767,-0.310178,-0.233141,-0.731420
1.5977,5312,Real,Ring_PIP,-17.948670,0.889969,20.345240,0.606234,-0.207726,-0.102132,-0.760854
1.5977,5312,Real,Ring_DIP,-17.925150,0.887428,20.333650,0.631326,-0.109991,0.018564,-0.767454
1.5977,5312,Real,Ring_FingerTip,-17.899990,0.883110,20.329900,0.631326,-0.109991,0.018564,-0.767454
1.5977,5312,Real,Pinky_MCP,-17.987100,0.869280,20.383440,0.571241,-0.301885,-0.241579,-0.724009
1.5977,5312,Real,Pinky_PIP,-17.959500,0.869473,20.355360,0.615104,-0.197734,-0.111732,-0.755027
1.5977,5312,Real,Pinky_DIP,-17.943050,0.868106,20.347370,0.638517,-0.098731,0.008168,-0.763205
1.5977,5312,Real,Pinky_FingerTip,-17.924270,0.865452,20.344680,0.638517,-0.098731,0.008168,-0.763205
1.5977,5312,Virtual,Wrist,-18.024560,0.900646,20.476860,0.479369,-0.413413,-0.347717,-0.691656
1.5977,5312,Virtual,Thumb_CMC,-17.998190,0.931305,20.452280,-0.211966,-0.230380,-0.110429,-0.943293
1.5977,5312,Virtual,Thumb_MCP,-17.960010,0.944742,20.435250,-0.178630,-0.257092,0.019017,-0.949544
1.5977,5312,Virtual,Thumb_IP,-17.917500,0.947475,20.410970,-0.110699,-0.292832,0.249510,-0.916374
1.5977,5312,Virtual,Thumb_FingerTip,-17.897430,0.936290,20.394110,-0.110699,-0.292832,0.249510,-0.916374
1.5977,5312,Virtual,Index_MCP,-17.966670,0.939260,20.385880,0.514649,-0.346195,-0.204310,-0.757327
1.5977,5312,Virtual,Index_PIP,-17.934970,0.937065,20.351470,0.532282,-0.318418,-0.163865,-0.767095
1.5977,5312,Virtual,Index_DIP,-17.915680,0.934792,20.334270,0.546873,-0.292651,-0.127067,-0.774041
1.5977,5312,Virtual,Index_FingerTip,-17.894250,0.931473,20.318340,0.546873,-0.292651,-0.127067,-0.774041
1.5977,5312,Virtual,Middle_MCP,-17.975050,0.914085,20.378910,0.546139,-0.320057,-0.217108,-0.743074
1.5977,5312,Virtual,Middle_PIP,-17.938040,0.912663,20.341280,0.594294,-0.217989,-0.081705,-0.769818
1.5977,5312,Virtual,Middle_DIP,-17.913320,0.908968,20.329280,0.621514,-0.120106,0.042503,-0.772974
1.5977,5312,Virtual,Middle_FingerTip,-17.885950,0.902883,20.325520,0.621514,-0.120106,0.042503,-0.772974
1.5977,5312,Virtual,Ring_MCP,-17.981200,0.890288,20.378530,0.560767,-0.310178,-0.233141,-0.731420
1.5977,5312,Virtual,Ring_PIP,-17.948680,0.889971,20.345250,0.606234,-0.207726,-0.102132,-0.760854
1.5977,5312,Virtual,Ring_DIP,-17.925160,0.887430,20.333650,0.631326,-0.109991,0.018564,-0.767454
1.5977,5312,Virtual,Ring_FingerTip,-17.900000,0.883112,20.329900,0.631326,-0.109991,0.018564,-0.767454
1.5977,5312,Virtual,Pinky_MCP,-17.987110,0.869282,20.383450,0.571241,-0.301885,-0.241579,-0.724009
1.5977,5312,Virtual,Pinky_PIP,-17.959510,0.869475,20.355370,0.615104,-0.197734,-0.111732,-0.755027
1.5977,5312,Virtual,Pinky_DIP,-17.943060,0.868108,20.347370,0.638516,-0.098731,0.008168,-0.763205
1.5977,5312,Virtual,Pinky_FingerTip,-17.924270,0.865453,20.344680,0.638516,-0.098731,0.008168,-0.763205
1.5977,5312,Render,Wrist,-18.027540,0.902362,20.482890,0.477464,-0.400184,-0.353329,-0.697883
1.5977,5312,Render,Thumb_CMC,-18.001220,0.933944,20.459440,-0.181457,-0.219399,-0.097595,-0.953631
1.5977,5312,Render,Thumb_MCP,-17.962370,0.945613,20.442620,-0.157044,-0.237486,0.004582,-0.958602
1.5977,5312,Render,Thumb_IP,-17.918870,0.948840,20.420230,-0.104105,-0.264999,0.204250,-0.936600
1.5977,5312,Render,Thumb_FingerTip,-17.896750,0.939509,20.404870,-0.104105,-0.264999,0.204250,-0.936600
1.5977,5312,Render,Index_MCP,-17.968720,0.943846,20.393780,0.474585,-0.382879,-0.284359,-0.739806
1.5977,5312,Render,Index_PIP,-17.943190,0.946530,20.354610,0.510524,-0.333455,-0.208885,-0.764553
1.5977,5312,Render,Index_DIP,-17.925270,0.945984,20.335840,0.538494,-0.286096,-0.139142,-0.780265
1.5977,5312,Render,Index_FingerTip,-17.903820,0.943536,20.319800,0.538494,-0.286096,-0.139142,-0.780265
1.5977,5312,Render,Middle_MCP,-17.976610,0.918717,20.386110,0.520912,-0.341717,-0.269453,-0.734354
1.5977,5312,Render,Middle_PIP,-17.943810,0.920815,20.344790,0.570499,-0.250300,-0.143536,-0.768946
1.5977,5312,Render,Middle_DIP,-17.920710,0.919018,20.329580,0.601565,-0.161984,-0.026688,-0.781773
1.5977,5312,Render,Middle_FingerTip,-17.893920,0.914684,20.321500,0.601565,-0.161984,-0.026688,-0.781773
1.5977,5312,Render,Ring_MCP,-17.982400,0.894849,20.385090,0.531137,-0.340889,-0.295514,-0.717189
1.5977,5312,Render,Ring_PIP,-17.954810,0.897723,20.347730,0.573188,-0.264136,-0.193460,-0.751174
1.5977,5312,Render,Ring_DIP,-17.934110,0.897403,20.331430,0.601628,-0.190672,-0.098373,-0.769423
1.5977,5312,Render,Ring_FingerTip,-17.910690,0.895389,20.320810,0.601628,-0.190672,-0.098373,-0.769423
1.5977,5312,Render,Pinky_MCP,-17.988090,0.873654,20.389440,0.544153,-0.330394,-0.299220,-0.710778
1.5977,5312,Render,Pinky_PIP,-17.964360,0.876244,20.358130,0.586574,-0.247375,-0.192199,-0.746858
1.5977,5312,Render,Pinky_DIP,-17.949610,0.876187,20.347210,0.614016,-0.168068,-0.092288,-0.765650
1.5977,5312,Render,Pinky_FingerTip,-17.931860,0.874940,20.340110,0.614016,-0.168068,-0.092288,-0.765650
1.6105,5313,Real,Wrist,-18.024560,0.900644,20.476850,0.479369,-0.413413,-0.347717,-0.691656
1.6105,5313,Real,Thumb_CMC,-17.998190,0.931304,20.452270,-0.211966,-0.230380,-0.110429,-0.943293
1.6105,5313,Real,Thumb_MCP,-17.960010,0.944740,20.435240,-0.178630,-0.257092,0.019017,-0.949544
1.6105,5313,Real,Thumb_IP,-17.917490,0.947473,20.410970,-0.110699,-0.292832,0.249510,-0.916374
1.6105,5313,Real,Thumb_FingerTip,-17.897430,0.936288,20.394100,-0.110699,-0.292832,0.249510,-0.916374
1.6105,5313,Real,Index_MCP,-17.966670,0.939258,20.385870,0.514649,-0.346195,-0.204310,-0.757327
1.6105,5313,Real,Index_PIP,-17.934970,0.937063,20.351470,0.532282,-0.318418,-0.163865,-0.767095
1.6105,5313,Real,Index_DIP,-17.915670,0.934790,20.334260,0.546873,-0.292651,-0.127067,-0.774042
1.6105,5313,Real,Index_FingerTip,-17.894250,0.931471,20.318330,0.546873,-0.292651,-0.127067,-0.774042
1.6105,5313,Real,Middle_MCP,-17.975040,0.914084,20.378910,0.546140,-0.320057,-0.217108,-0.743074
1.6105,5313,Real,Middle_PIP,-17.938030,0.912661,20.341270,0.594294,-0.217989,-0.081705,-0.769818
1.6105,5313,Real,Middle_DIP,-17.913320,0.908966,20.329270,0.621514,-0.120106,0.042503,-0.772974
1.6105,5313,Real,Middle_FingerTip,-17.885940,0.902882,20.325510,0.621514,-0.120106,0.042503,-0.772974
1.6105,5313,Real,Ring_MCP,-17.981190,0.890287,20.378520,0.560767,-0.310178,-0.233141,-0.731420
1.6105,5313,Real,Ring_PIP,-17.948670,0.889969,20.345240,0.606234,-0.207726,-0.102132,-0.760854
1.6105,5313,Real,Ring_DIP,-17.925150,0.887428,20.333650,0.631326,-0.109991,0.018564,-0.767454
1.6105,5313,Real,Ring_FingerTip,-17.899990,0.883110,20.329900,0.631326,-0.109991,0.018564,-0.767454
1.6105,5313,Real,Pinky_MCP,-17.987100,0.869280,20.383440,0.571241,-0.301885,-0.241579,-0.724009
1.6105,5313,Real,Pinky_PIP,-17.959500,0.869473,20.355360,0.615104,-0.197734,-0.111732,-0.755027
1.6105,5313,Real,Pinky_DIP,-17.943050,0.868106,20.347370,0.638517,-0.098731,0.008168,-0.763205
1.6105,5313,Real,Pinky_FingerTip,-17.924270,0.865452,20.344680,0.638517,-0.098731,0.008168,-0.763205
1.6105,5313,Virtual,Wrist,-18.024560,0.900646,20.476860,0.479368,-0.413413,-0.347717,-0.691656
1.6105,5313,Virtual,Thumb_CMC,-17.998190,0.931305,20.452280,-0.211967,-0.230380,-0.110429,-0.943293
1.6105,5313,Virtual,Thumb_MCP,-17.960010,0.944742,20.435250,-0.178630,-0.257092,0.019017,-0.949544
1.6105,5313,Virtual,Thumb_IP,-17.917500,0.947475,20.410970,-0.110699,-0.292832,0.249510,-0.916374
1.6105,5313,Virtual,Thumb_FingerTip,-17.897430,0.936290,20.394110,-0.110699,-0.292832,0.249510,-0.916374
1.6105,5313,Virtual,Index_MCP,-17.966670,0.939260,20.385880,0.514649,-0.346195,-0.204310,-0.757327
1.6105,5313,Virtual,Index_PIP,-17.934970,0.937065,20.351470,0.532282,-0.318418,-0.163865,-0.767095
1.6105,5313,Virtual,Index_DIP,-17.915680,0.934792,20.334270,0.546872,-0.292651,-0.127067,-0.774042
1.6105,5313,Virtual,Index_FingerTip,-17.894250,0.931473,20.318340,0.546872,-0.292651,-0.127067,-0.774042
1.6105,5313,Virtual,Middle_MCP,-17.975050,0.914085,20.378910,0.546139,-0.320058,-0.217108,-0.743075
1.6105,5313,Virtual,Middle_PIP,-17.938040,0.912663,20.341280,0.594294,-0.217989,-0.081705,-0.769818
1.6105,5313,Virtual,Middle_DIP,-17.913320,0.908968,20.329280,0.621514,-0.120106,0.042503,-0.772974
1.6105,5313,Virtual,Middle_FingerTip,-17.885950,0.902883,20.325520,0.621514,-0.120106,0.042503,-0.772974
1.6105,5313,Virtual,Ring_MCP,-17.981200,0.890289,20.378530,0.560767,-0.310179,-0.233141,-0.731420
1.6105,5313,Virtual,Ring_PIP,-17.948680,0.889971,20.345250,0.606234,-0.207726,-0.102132,-0.760854
1.6105,5313,Virtual,Ring_DIP,-17.925160,0.887430,20.333650,0.631326,-0.109991,0.018564,-0.767454
1.6105,5313,Virtual,Ring_FingerTip,-17.900000,0.883112,20.329900,0.631326,-0.109991,0.018564,-0.767454
1.6105,5313,Virtual,Pinky_MCP,-17.987110,0.869282,20.383450,0.571241,-0.301886,-0.241579,-0.724009
1.6105,5313,Virtual,Pinky_PIP,-17.959510,0.869475,20.355370,0.615103,-0.197735,-0.111732,-0.755027
1.6105,5313,Virtual,Pinky_DIP,-17.943060,0.868108,20.347370,0.638516,-0.098732,0.008168,-0.763205
1.6105,5313,Virtual,Pinky_FingerTip,-17.924270,0.865453,20.344680,0.638516,-0.098732,0.008168,-0.763205
1.6105,5313,Render,Wrist,-18.024560,0.900646,20.476860,0.479368,-0.413413,-0.347717,-0.691656
1.6105,5313,Render,Thumb_CMC,-17.998190,0.931305,20.452280,-0.174688,-0.232500,-0.087129,-0.952805
1.6105,5313,Render,Thumb_MCP,-17.959690,0.942163,20.434160,-0.148917,-0.249792,0.014900,-0.956664
1.6105,5313,Render,Thumb_IP,-17.916800,0.944413,20.410510,-0.093592,-0.275341,0.213938,-0.932555
1.6105,5313,Render,Thumb_FingerTip,-17.895240,0.934510,20.394730,-0.093592,-0.275341,0.213938,-0.932555
1.6105,5313,Render,Index_MCP,-17.966670,0.939260,20.385880,0.477664,-0.395666,-0.278622,-0.733250
1.6105,5313,Render,Index_PIP,-17.941770,0.940693,20.346240,0.514867,-0.345870,-0.203832,-0.757455
1.6105,5313,Render,Index_DIP,-17.924180,0.939464,20.327190,0.543939,-0.298069,-0.134749,-0.772741
1.6105,5313,Render,Index_FingerTip,-17.903040,0.936343,20.310860,0.543939,-0.298069,-0.134749,-0.772741
1.6105,5313,Render,Middle_MCP,-17.975050,0.914085,20.378910,0.524347,-0.354633,-0.264607,-0.727516
1.6105,5313,Render,Middle_PIP,-17.942920,0.914778,20.337010,0.576036,-0.262465,-0.139895,-0.761397
1.6105,5313,Render,Middle_DIP,-17.920110,0.912301,20.321470,0.608862,-0.173182,-0.024219,-0.773763
1.6105,5313,Render,Middle_FingerTip,-17.893540,0.907394,20.313050,0.608862,-0.173182,-0.024219,-0.773763
1.6105,5313,Render,Ring_MCP,-17.981200,0.890289,20.378530,0.534167,-0.354028,-0.290884,-0.710434
1.6105,5313,Render,Ring_PIP,-17.954200,0.891921,20.340650,0.578006,-0.276730,-0.189809,-0.743843
1.6105,5313,Render,Ring_DIP,-17.933790,0.890933,20.324030,0.607977,-0.202567,-0.095664,-0.761695
1.6105,5313,Render,Ring_FingerTip,-17.910580,0.888338,20.313070,0.607977,-0.202567,-0.095664,-0.761695
1.6105,5313,Render,Pinky_MCP,-17.987110,0.869282,20.383450,0.547155,-0.343617,-0.294863,-0.703992
1.6105,5313,Render,Pinky_PIP,-17.963880,0.870823,20.351690,0.591474,-0.260018,-0.188880,-0.739509
1.6105,5313,Render,Pinky_DIP,-17.949330,0.870305,20.340540,0.620537,-0.179957,-0.089965,-0.757929
1.6105,5313,Render,Pinky_FingerTip,-17.931720,0.868639,20.333170,0.620537,-0.179957,-0.089965,-0.757929
1.6249,5314,Real,Wrist,-18.021320,0.897045,20.471270,0.466771,-0.426006,-0.344081,-0.694444
1.6249,5314,Real,Thumb_CMC,-17.994560,0.927128,20.446390,-0.220381,-0.236376,-0.095316,-0.941528
1.6249,5314,Real,Thumb_MCP,-17.956350,0.939584,20.428690,-0.186150,-0.264177,0.033749,-0.945738
1.6249,5314,Real,Thumb_IP,-17.914280,0.941277,20.403580,-0.116269,-0.301534,0.262873,-0.909097
1.6249,5314,Real,Thumb_FingerTip,-17.894900,0.929654,20.386210,-0.116269,-0.301534,0.262873,-0.909097
1.6249,5314,Real,Index_MCP,-17.964170,0.934727,20.379430,0.504224,-0.360586,-0.199811,-0.758823
1.6249,5314,Real,Index_PIP,-17.933250,0.931899,20.344360,0.522634,-0.333342,-0.159292,-0.768351
1.6249,5314,Real,Index_DIP,-17.914380,0.929208,20.326740,0.537948,-0.308018,-0.122439,-0.775078
1.6249,5314,Real,Index_FingerTip,-17.893390,0.925399,20.310360,0.537948,-0.308018,-0.122439,-0.775078
1.6249,5314,Real,Middle_MCP,-17.973430,0.909870,20.372430,0.536023,-0.334718,-0.213028,-0.745160
1.6249,5314,Real,Middle_PIP,-17.937250,0.907686,20.334040,0.586942,-0.234213,-0.077320,-0.771146
1.6249,5314,Real,Middle_DIP,-17.912900,0.903371,20.321510,0.616851,-0.137298,0.047044,-0.773583
1.6249,5314,Real,Middle_FingerTip,-17.885790,0.896517,20.317140,0.616851,-0.137298,0.047044,-0.773583
1.6249,5314,Real,Ring_MCP,-17.980280,0.886268,20.371980,0.550678,-0.324871,-0.229338,-0.733905
1.6249,5314,Real,Ring_PIP,-17.948460,0.885283,20.338040,0.598860,-0.223951,-0.097955,-0.762639
1.6249,5314,Real,Ring_DIP,-17.925270,0.882152,20.325950,0.626590,-0.127173,0.022970,-0.768561
1.6249,5314,Real,Ring_FingerTip,-17.900330,0.877130,20.321650,0.626590,-0.127173,0.022970,-0.768561
1.6249,5314,Real,Pinky_MCP,-17.986710,0.865402,20.376860,0.561218,-0.316623,-0.237956,-0.726748
1.6249,5314,Real,Pinky_PIP,-17.959690,0.865027,20.348220,0.607801,-0.213993,-0.107687,-0.757092
1.6249,5314,Real,Pinky_DIP,-17.943450,0.863247,20.339880,0.633857,-0.115934,0.012487,-0.764611
1.6249,5314,Real,Pinky_FingerTip,-17.924810,0.860065,20.336780,0.633857,-0.115934,0.012487,-0.764611
1.6249,5314,Virtual,Wrist,-18.024560,0.900646,20.476860,0.479368,-0.413413,-0.347717,-0.691656
1.6249,5314,Virtual,Thumb_CMC,-17.998190,0.931305,20.452280,-0.211967,-0.230380,-0.110429,-0.943293
1.6249,5314,Virtual,Thumb_MCP,-17.960010,0.944742,20.435250,-0.178630,-0.257092,0.019017,-0.949544
1.6249,5314,Virtual,Thumb_IP,-17.917500,0.947475,20.410970,-0.110699,-0.292832,0.249510,-0.916374
1.6249,5314,Virtual,Thumb_FingerTip,-17.897430,0.936290,20.394110,-0.110699,-0.292832,0.249510,-0.916374
1.6249,5314,Virtual,Index_MCP,-17.966670,0.939260,20.385880,0.514649,-0.346195,-0.204310,-0.757327
1.6249,5314,Virtual,Index_PIP,-17.934970,0.937065,20.351470,0.532282,-0.318418,-0.163865,-0.767095
1.6249,5314,Virtual,Index_DIP,-17.915680,0.934792,20.334270,0.546872,-0.292651,-0.127067,-0.774042
1.6249,5314,Virtual,Index_FingerTip,-17.894250,0.931473,20.318340,0.546872,-0.292651,-0.127067,-0.774042
1.6249,5314,Virtual,Middle_MCP,-17.975050,0.914085,20.378910,0.546139,-0.320058,-0.217108,-0.743075
1.6249,5314,Virtual,Middle_PIP,-17.938040,0.912663,20.341280,0.594294,-0.217989,-0.081705,-0.769818
1.6249,5314,Virtual,Middle_DIP,-17.913320,0.908968,20.329280,0.621514,-0.120106,0.042503,-0.772974
1.6249,5314,Virtual,Middle_FingerTip,-17.885950,0.902883,20.325520,0.621514,-0.120106,0.042503,-0.772974
1.6249,5314,Virtual,Ring_MCP,-17.981200,0.890289,20.378530,0.560767,-0.310179,-0.233141,-0.731420
1.6249,5314,Virtual,Ring_PIP,-17.948680,0.889971,20.345250,0.606234,-0.207726,-0.102132,-0.760854
1.6249,5314,Virtual,Ring_DIP,-17.925160,0.887430,20.333650,0.631326,-0.109991,0.018564,-0.767454
1.6249,5314,Virtual,Ring_FingerTip,-17.900000,0.883112,20.329900,0.631326,-0.109991,0.018564,-0.767454
1.6249,5314,Virtual,Pinky_MCP,-17.987110,0.869282,20.383450,0.571241,-0.301886,-0.241579,-0.724009
1.6249,5314,Virtual,Pinky_PIP,-17.959510,0.869475,20.355370,0.615103,-0.197735,-0.111732,-0.755027
1.6249,5314,Virtual,Pinky_DIP,-17.943060,0.868108,20.347370,0.638516,-0.098732,0.008168,-0.763205
1.6249,5314,Virtual,Pinky_FingerTip,-17.924270,0.865453,20.344680,0.638516,-0.098732,0.008168,-0.763205
1.6249,5314,Render,Wrist,-18.024560,0.900646,20.476860,0.479368,-0.413413,-0.347717,-0.691656
1.6249,5314,Render,Thumb_CMC,-17.998190,0.931305,20.452280,-0.174688,-0.232500,-0.087129,-0.952805
1.6249,5314,Render,Thumb_MCP,-17.959690,0.942163,20.434160,-0.148917,-0.249792,0.014900,-0.956664
1.6249,5314,Render,Thumb_IP,-17.916800,0.944413,20.410510,-0.093592,-0.275341,0.213938,-0.932555
1.6249,5314,Render,Thumb_FingerTip,-17.895240,0.934510,20.394730,-0.093592,-0.275341,0.213938,-0.932555
1.6249,5314,Render,Index_MCP,-17.966670,0.939260,20.385880,0.477664,-0.395666,-0.278622,-0.733250
1.6249,5314,Render,Index_PIP,-17.941770,0.940693,20.346240,0.514867,-0.345870,-0.203832,-0.757455
1.6249,5314,Render,Index_DIP,-17.924180,0.939464,20.327190,0.543939,-0.298069,-0.134749,-0.772741
1.6249,5314,Render,Index_FingerTip,-17.903040,0.936343,20.310860,0.543939,-0.298069,-0.134749,-0.772741
1.6249,5314,Render,Middle_MCP,-17.975050,0.914085,20.378910,0.524347,-0.354633,-0.264607,-0.727516
1.6249,5314,Render,Middle_PIP,-17.942920,0.914778,20.337010,0.576036,-0.262465,-0.139895,-0.761397
1.6249,5314,Render,Middle_DIP,-17.920110,0.912301,20.321470,0.608862,-0.173182,-0.024219,-0.773763
1.6249,5314,Render,Middle_FingerTip,-17.893540,0.907394,20.313050,0.608862,-0.173182,-0.024219,-0.773763
1.6249,5314,Render,Ring_MCP,-17.981200,0.890289,20.378530,0.534167,-0.354028,-0.290884,-0.710434
1.6249,5314,Render,Ring_PIP,-17.954200,0.891921,20.340650,0.578006,-0.276730,-0.189809,-0.743843
1.6249,5314,Render,Ring_DIP,-17.933790,0.890933,20.324030,0.607977,-0.202567,-0.095664,-0.761695
1.6249,5314,Render,Ring_FingerTip,-17.910580,0.888338,20.313070,0.607977,-0.202567,-0.095664,-0.761695
1.6249,5314,Render,Pinky_MCP,-17.987110,0.869282,20.383450,0.547155,-0.343617,-0.294863,-0.703992
1.6249,5314,Render,Pinky_PIP,-17.963880,0.870823,20.351690,0.591474,-0.260018,-0.188880,-0.739509
1.6249,5314,Render,Pinky_DIP,-17.949330,0.870305,20.340540,0.620537,-0.179957,-0.089965,-0.757929
1.6249,5314,Render,Pinky_FingerTip,-17.931720,0.868639,20.333170,0.620537,-0.179957,-0.089965,-0.757929
1.6384,5315,Real,Wrist,-18.019860,0.895352,20.468380,0.462923,-0.433937,-0.338969,-0.694623
1.6384,5315,Real,Thumb_CMC,-17.992780,0.924845,20.443150,-0.224389,-0.241499,-0.112434,-0.937383
1.6384,5315,Real,Thumb_MCP,-17.955110,0.938859,20.425480,-0.187494,-0.271143,0.022958,-0.943823
1.6384,5315,Real,Thumb_IP,-17.913340,0.941720,20.399960,-0.111906,-0.310080,0.263600,-0.906556
1.6384,5315,Real,Thumb_FingerTip,-17.894280,0.930077,20.382260,-0.111906,-0.310080,0.263600,-0.906556
1.6384,5315,Real,Index_MCP,-17.962850,0.931614,20.375880,0.490096,-0.384149,-0.217752,-0.751545
1.6384,5315,Real,Index_PIP,-17.934290,0.929309,20.338850,0.514568,-0.350691,-0.167269,-0.764368
1.6384,5315,Real,Index_DIP,-17.916170,0.926578,20.320470,0.534646,-0.319246,-0.121193,-0.773013
1.6384,5315,Real,Index_FingerTip,-17.895540,0.922435,20.303700,0.534646,-0.319246,-0.121193,-0.773013
1.6384,5315,Real,Middle_MCP,-17.972610,0.906898,20.369080,0.526146,-0.354640,-0.223970,-0.739756
1.6384,5315,Real,Middle_PIP,-17.938390,0.904690,20.328930,0.580216,-0.256804,-0.090675,-0.767580
1.6384,5315,Real,Middle_DIP,-17.914780,0.900288,20.315090,0.613519,-0.161845,0.031816,-0.772263
1.6384,5315,Real,Middle_FingerTip,-17.888030,0.893277,20.309120,0.613519,-0.161845,0.031816,-0.772263
1.6384,5315,Real,Ring_MCP,-17.979890,0.883421,20.368800,0.534109,-0.355796,-0.254491,-0.723444
1.6384,5315,Real,Ring_PIP,-17.951170,0.882870,20.332190,0.582256,-0.269891,-0.140811,-0.753863
1.6384,5315,Real,Ring_DIP,-17.929710,0.880183,20.317150,0.613892,-0.187081,-0.035585,-0.766075
1.6384,5315,Real,Ring_FingerTip,-17.905780,0.875664,20.308620,0.613892,-0.187081,-0.035585,-0.766075
1.6384,5315,Real,Pinky_MCP,-17.986650,0.862695,20.373820,0.544996,-0.348072,-0.262938,-0.716023
1.6384,5315,Real,Pinky_PIP,-17.962270,0.862582,20.342910,0.591834,-0.260592,-0.150293,-0.747822
1.6384,5315,Real,Pinky_DIP,-17.947240,0.861048,20.332490,0.622097,-0.176551,-0.045810,-0.761398
1.6384,5315,Real,Pinky_FingerTip,-17.929360,0.858176,20.326250,0.622097,-0.176551,-0.045810,-0.761398
1.6384,5315,Virtual,Wrist,-18.021320,0.897047,20.471270,0.466771,-0.426007,-0.344082,-0.694443
1.6384,5315,Virtual,Thumb_CMC,-17.994560,0.927130,20.446400,-0.223740,-0.239160,-0.122320,-0.936900
1.6384,5315,Virtual,Thumb_MCP,-17.956990,0.941894,20.429130,-0.187186,-0.268734,0.013105,-0.944760
1.6384,5315,Virtual,Thumb_IP,-17.915060,0.945612,20.403990,-0.112224,-0.307673,0.254314,-0.909982
1.6384,5315,Virtual,Thumb_FingerTip,-17.895640,0.934390,20.386400,-0.112224,-0.307673,0.254314,-0.909982
1.6384,5315,Virtual,Index_MCP,-17.964170,0.934729,20.379440,0.492845,-0.375990,-0.223155,-0.752289
1.6384,5315,Virtual,Index_PIP,-17.935250,0.933096,20.342640,0.516768,-0.342367,-0.172610,-0.765469
1.6384,5315,Virtual,Index_DIP,-17.916920,0.930771,20.324410,0.536343,-0.310805,-0.126459,-0.774432
1.6384,5315,Virtual,Index_FingerTip,-17.896080,0.927071,20.307810,0.536343,-0.310805,-0.126459,-0.774432
1.6384,5315,Virtual,Middle_MCP,-17.973430,0.909872,20.372440,0.528681,-0.346198,-0.229046,-0.740393
1.6384,5315,Virtual,Middle_PIP,-17.938830,0.908452,20.332580,0.581231,-0.248048,-0.095561,-0.769098
1.6384,5315,Virtual,Middle_DIP,-17.915020,0.904534,20.318930,0.613136,-0.153039,0.027232,-0.774533
1.6384,5315,Virtual,Middle_FingerTip,-17.888090,0.898029,20.313160,0.613136,-0.153039,0.027232,-0.774533
1.6384,5315,Virtual,Ring_MCP,-17.980280,0.886270,20.371990,0.536823,-0.347288,-0.259387,-0.723831
1.6384,5315,Virtual,Ring_PIP,-17.951240,0.886393,20.335640,0.583636,-0.261068,-0.145590,-0.754994
1.6384,5315,Virtual,Ring_DIP,-17.929600,0.884156,20.320770,0.614044,-0.178152,-0.040164,-0.767854
1.6384,5315,Virtual,Ring_FingerTip,-17.905520,0.880103,20.312440,0.614044,-0.178152,-0.040164,-0.767854
1.6384,5315,Virtual,Pinky_MCP,-17.986710,0.865404,20.376860,0.547693,-0.339481,-0.267703,-0.716324
1.6384,5315,Virtual,Pinky_PIP,-17.962060,0.865863,20.346170,0.593185,-0.251690,-0.154956,-0.748848
1.6384,5315,Virtual,Pinky_DIP,-17.946920,0.864643,20.335880,0.622208,-0.167548,-0.050287,-0.763057
1.6384,5315,Virtual,Pinky_FingerTip,-17.928940,0.862119,20.329790,0.622208,-0.167548,-0.050287,-0.763057
1.6384,5315,Render,Wrist,-18.021320,0.897047,20.471270,0.466771,-0.426007,-0.344082,-0.694443
1.6384,5315,Render,Thumb_CMC,-17.994560,0.927130,20.446400,-0.182942,-0.239240,-0.072269,-0.950828
1.6384,5315,Render,Thumb_MCP,-17.956140,0.937008,20.427590,-0.156406,-0.257372,0.029466,-0.953115
1.6384,5315,Render,Thumb_IP,-17.913690,0.938202,20.403080,-0.099337,-0.284316,0.227444,-0.926049
1.6384,5315,Render,Thumb_FingerTip,-17.892740,0.927806,20.386780,-0.099337,-0.284316,0.227444,-0.926049
1.6384,5315,Render,Index_MCP,-17.964170,0.934729,20.379440,0.465858,-0.408950,-0.274294,-0.735186
1.6384,5315,Render,Index_PIP,-17.940050,0.935772,20.339310,0.504451,-0.360269,-0.199333,-0.758948
1.6384,5315,Render,Index_DIP,-17.922890,0.934191,20.319890,0.534862,-0.313347,-0.130133,-0.773823
1.6384,5315,Render,Index_FingerTip,-17.902190,0.930592,20.303100,0.534862,-0.313347,-0.130133,-0.773823
1.6384,5315,Render,Middle_MCP,-17.973430,0.909872,20.372440,0.513305,-0.368611,-0.260671,-0.729859
1.6384,5315,Render,Middle_PIP,-17.942150,0.909982,20.329900,0.567473,-0.278085,-0.135624,-0.763053
1.6384,5315,Render,Middle_DIP,-17.919740,0.906971,20.313870,0.602737,-0.189908,-0.019749,-0.774760
1.6384,5315,Render,Middle_FingerTip,-17.893510,0.901358,20.304870,0.602737,-0.189908,-0.019749,-0.774760
1.6384,5315,Render,Ring_MCP,-17.980280,0.886270,20.371990,0.522935,-0.367867,-0.287293,-0.713215
1.6384,5315,Render,Ring_PIP,-17.954030,0.887436,20.333590,0.568797,-0.291990,-0.185868,-0.746101
1.6384,5315,Render,Ring_DIP,-17.933990,0.885992,20.316540,0.600741,-0.218856,-0.091472,-0.763443
1.6384,5315,Render,Ring_FingerTip,-17.911100,0.882811,20.305080,0.600741,-0.218856,-0.091472,-0.763443
1.6384,5315,Render,Pinky_MCP,-17.986710,0.865404,20.376860,0.536061,-0.357567,-0.291455,-0.706993
1.6384,5315,Render,Pinky_PIP,-17.964100,0.866537,20.344660,0.582537,-0.275439,-0.185070,-0.741980
1.6384,5315,Render,Pinky_DIP,-17.949790,0.865688,20.333200,0.613706,-0.196419,-0.085863,-0.759877
1.6384,5315,Render,Pinky_FingerTip,-17.932400,0.863569,20.325460,0.613706,-0.196419,-0.085863,-0.759877
