PlayerName,Player01
VisualCondition,Base
LoadCondition,Low
GrabbedObject,10-9
Timestamp,Frame,PoseType,JointName,PosX,PosY,PosZ,RotX,RotY,RotZ,RotW
0.0050,5404,Real,Wrist,-17.720240,0.970721,20.818790,0.651669,0.174466,0.111213,-0.729740
0.0050,5404,Real,Thumb_CMC,-17.692670,1.002699,20.840190,0.085813,0.432684,-0.306920,-0.843340
0.0050,5404,Real,Thumb_MCP,-17.673480,1.028692,20.869920,0.025192,0.440391,-0.187424,-0.877664
0.0050,5404,Real,Thumb_IP,-17.646910,1.045910,20.907360,-0.084356,0.432970,0.035148,-0.896764
0.0050,5404,Real,Thumb_FingerTip,-17.629170,1.042032,20.929320,-0.084356,0.432970,0.035148,-0.896764
0.0050,5404,Real,Index_MCP,-17.625430,1.009341,20.870200,0.600444,0.234507,0.171688,-0.744982
0.0050,5404,Real,Index_PIP,-17.586520,1.010549,20.896220,0.570319,0.300438,0.254243,-0.720996
0.0050,5404,Real,Index_DIP,-17.568600,1.009928,20.914990,0.537027,0.356550,0.325823,-0.691602
0.0050,5404,Real,Index_FingerTip,-17.554250,1.008106,20.937670,0.537027,0.356550,0.325823,-0.691602
0.0050,5404,Real,Middle_MCP,-17.620860,0.982657,20.865780,0.623430,0.257771,0.205213,-0.709068
0.0050,5404,Real,Middle_PIP,-17.579520,0.984261,20.898600,0.567209,0.365220,0.328843,-0.660872
0.0050,5404,Real,Middle_DIP,-17.565190,0.983697,20.922320,0.500874,0.451925,0.431132,-0.599178
0.0050,5404,Real,Middle_FingerTip,-17.558970,0.981888,20.949870,0.500874,0.451925,0.431132,-0.599178
0.0050,5404,Real,Ring_MCP,-17.622680,0.958264,20.863360,0.651009,0.235018,0.183539,-0.698046
0.0050,5404,Real,Ring_PIP,-17.584420,0.960579,20.889750,0.613970,0.319509,0.274743,-0.667436
0.0050,5404,Real,Ring_DIP,-17.567440,0.961253,20.909870,0.571287,0.390738,0.352698,-0.629729
0.0050,5404,Real,Ring_FingerTip,-17.555930,0.961311,20.932970,0.571287,0.390738,0.352698,-0.629729
0.0050,5404,Real,Pinky_MCP,-17.629540,0.937132,20.860730,0.663479,0.234164,0.185368,-0.686004
0.0050,5404,Real,Pinky_PIP,-17.597190,0.939353,20.883060,0.626444,0.320321,0.274954,-0.655258
0.0050,5404,Real,Pinky_DIP,-17.585380,0.940105,20.897080,0.583574,0.393039,0.351449,-0.617614
0.0050,5404,Real,Pinky_FingerTip,-17.576880,0.940577,20.914250,0.583574,0.393039,0.351449,-0.617614
0.0050,5404,Virtual,Wrist,-17.717860,0.994503,20.798380,0.653318,0.166422,0.111755,-0.730062
0.0050,5404,Virtual,Thumb_CMC,-17.689680,1.026154,20.819460,0.086594,0.427308,-0.302439,-0.847609
0.0050,5404,Virtual,Thumb_MCP,-17.669840,1.051916,20.848960,0.026709,0.435175,-0.182396,-0.881273
0.0050,5404,Virtual,Thumb_IP,-17.642640,1.068818,20.886090,-0.081598,0.428290,0.040911,-0.899020
0.0050,5404,Virtual,Thumb_FingerTip,-17.624690,1.064730,20.907850,-0.081598,0.428290,0.040911,-0.899020
0.0050,5404,Virtual,Index_MCP,-17.622030,1.032001,20.848690,0.602796,0.226675,0.172611,-0.745293
0.0050,5404,Virtual,Index_PIP,-17.582810,1.032749,20.874260,0.573535,0.292919,0.255196,-0.721201
0.0050,5404,Virtual,Index_DIP,-17.564680,1.031916,20.892820,0.540987,0.349395,0.326792,-0.691710
0.0050,5404,Virtual,Index_FingerTip,-17.550090,1.029924,20.915340,0.540987,0.349395,0.326792,-0.691710
0.0050,5404,Virtual,Middle_MCP,-17.617820,1.005265,20.844230,0.626111,0.250010,0.205792,-0.709316
0.0050,5404,Virtual,Middle_PIP,-17.576090,1.006380,20.876560,0.571236,0.358064,0.329457,-0.661013
0.0050,5404,Virtual,Middle_DIP,-17.561490,1.005646,20.900120,0.506002,0.445513,0.431761,-0.599218
0.0050,5404,Virtual,Middle_FingerTip,-17.554980,1.003762,20.927590,0.506002,0.445513,0.431761,-0.599218
0.0050,5404,Virtual,Ring_MCP,-17.619960,0.980895,20.841820,0.653430,0.227159,0.183895,-0.698292
0.0050,5404,Virtual,Ring_PIP,-17.581370,0.982758,20.867770,0.617415,0.312041,0.275128,-0.667633
0.0050,5404,Virtual,Ring_DIP,-17.564150,0.983231,20.887700,0.575602,0.383737,0.353104,-0.629878
0.0050,5404,Virtual,Ring_FingerTip,-17.552380,0.983152,20.910650,0.575602,0.383737,0.353104,-0.629878
0.0050,5404,Virtual,Pinky_MCP,-17.627090,0.959846,20.839270,0.665906,0.226301,0.185581,-0.686234
0.0050,5404,Virtual,Pinky_PIP,-17.594470,0.961684,20.861230,0.629894,0.312850,0.275196,-0.655458
0.0050,5404,Virtual,Pinky_DIP,-17.582490,0.962296,20.875120,0.587894,0.386035,0.351713,-0.617783
0.0050,5404,Virtual,Pinky_FingerTip,-17.573780,0.962667,20.892180,0.587894,0.386035,0.351713,-0.617783
0.0050,5404,Render,Wrist,-17.717860,0.994503,20.798380,0.653318,0.166422,0.111755,-0.730062
0.0050,5404,Render,Thumb_CMC,-17.689680,1.026154,20.819460,0.024401,0.426004,-0.206242,-0.880562
0.0050,5404,Render,Thumb_MCP,-17.665450,1.043016,20.851960,-0.014546,0.426455,-0.125088,-0.895700
0.0050,5404,Render,Thumb_IP,-17.635790,1.053394,20.889600,-0.087836,0.417564,0.031176,-0.903855
0.0050,5404,Render,Thumb_FingerTip,-17.617280,1.049698,20.910950,-0.087836,0.417564,0.031176,-0.903855
0.0050,5404,Render,Index_MCP,-17.622030,1.032001,20.848690,0.607451,0.213888,0.156825,-0.748774
0.0050,5404,Render,Index_PIP,-17.581790,1.033171,20.872610,0.583227,0.273112,0.230355,-0.729516
0.0050,5404,Render,Index_DIP,-17.562460,1.032717,20.889930,0.556496,0.324124,0.294608,-0.706019
0.0050,5404,Render,Index_FingerTip,-17.545880,1.031230,20.911060,0.556496,0.324124,0.294608,-0.706019
0.0050,5404,Render,Middle_MCP,-17.617820,1.005265,20.844230,0.630352,0.239117,0.193463,-0.712778
0.0050,5404,Render,Middle_PIP,-17.575010,1.006620,20.875100,0.583657,0.337439,0.305645,-0.672355
0.0050,5404,Render,Middle_DIP,-17.558780,1.006146,20.897570,0.528580,0.418478,0.399876,-0.620950
0.0050,5404,Render,Middle_FingerTip,-17.549440,1.004611,20.924240,0.528580,0.418478,0.399876,-0.620950
0.0050,5404,Render,Ring_MCP,-17.619960,0.980895,20.841820,0.656889,0.216953,0.172996,-0.701072
0.0050,5404,Render,Ring_PIP,-17.580590,0.982871,20.866550,0.627663,0.290879,0.252281,-0.676597
0.0050,5404,Render,Ring_DIP,-17.562050,0.983497,20.885260,0.594260,0.354156,0.320819,-0.646919
0.0050,5404,Render,Ring_FingerTip,-17.548040,0.983648,20.906930,0.594260,0.354156,0.320819,-0.646919
0.0050,5404,Render,Pinky_MCP,-17.627090,0.959846,20.839270,0.668314,0.219086,0.178149,-0.688201
0.0050,5404,Render,Pinky_PIP,-17.594000,0.961721,20.860520,0.637197,0.297695,0.259440,-0.661853
0.0050,5404,Render,Pinky_DIP,-17.581370,0.962381,20.873810,0.601304,0.364796,0.329429,-0.629948
0.0050,5404,Render,Pinky_FingerTip,-17.571470,0.962834,20.890210,0.601304,0.364796,0.329429,-0.629948
0.0192,5405,Real,Wrist,-17.721090,0.970230,20.822500,0.649998,0.179999,0.112710,-0.729657
0.0192,5405,Real,Thumb_CMC,-17.693930,1.002326,20.844240,0.079804,0.444622,-0.304501,-0.838584
0.0192,5405,Real,Thumb_MCP,-17.675530,1.027867,20.874850,0.017435,0.451390,-0.185384,-0.872683
0.0192,5405,Real,Thumb_IP,-17.649850,1.044503,20.913160,-0.094864,0.441653,0.036448,-0.891412
0.0192,5405,Real,Thumb_FingerTip,-17.632540,1.040263,20.935400,-0.094864,0.441653,0.036448,-0.891412
0.0192,5405,Real,Index_MCP,-17.627050,1.009293,20.874960,0.595506,0.246726,0.181396,-0.742694
0.0192,5405,Real,Index_PIP,-17.589000,1.010436,20.902240,0.562141,0.315433,0.267972,-0.716024
0.0192,5405,Real,Index_DIP,-17.571940,1.009680,20.921780,0.525349,0.373510,0.342707,-0.683411
0.0192,5405,Real,Index_FingerTip,-17.558860,1.007637,20.945200,0.525349,0.373510,0.342707,-0.683411
0.0192,5405,Real,Middle_MCP,-17.622280,0.982642,20.870540,0.618986,0.267869,0.212202,-0.707159
0.0192,5405,Real,Middle_PIP,-17.581810,0.984305,20.904420,0.558545,0.378054,0.339711,-0.655515
0.0192,5405,Real,Middle_DIP,-17.568410,0.983666,20.928680,0.487494,0.466097,0.444503,-0.589509
0.0192,5405,Real,Middle_FingerTip,-17.563590,0.981695,20.956500,0.487494,0.466097,0.444503,-0.589509
0.0192,5405,Real,Ring_MCP,-17.623940,0.958243,20.868060,0.644635,0.251326,0.197014,-0.694599
0.0192,5405,Real,Ring_PIP,-17.586900,0.960586,20.896130,0.598579,0.347019,0.300992,-0.656266
0.0192,5405,Real,Ring_DIP,-17.571670,0.961122,20.917620,0.545034,0.426213,0.388577,-0.608514
0.0192,5405,Real,Ring_FingerTip,-17.563030,0.960908,20.941930,0.545034,0.426213,0.388577,-0.608514
0.0192,5405,Real,Pinky_MCP,-17.630650,0.937078,20.865320,0.657121,0.250655,0.198736,-0.682545
0.0192,5405,Real,Pinky_PIP,-17.599340,0.939367,20.889080,0.611021,0.348267,0.300849,-0.644091
0.0192,5405,Real,Pinky_DIP,-17.588760,0.940065,20.904060,0.557185,0.429164,0.386757,-0.596476
0.0192,5405,Real,Pinky_FingerTip,-17.582390,0.940388,20.922120,0.557185,0.429164,0.386757,-0.596476
0.0192,5405,Virtual,Wrist,-17.717940,0.994371,20.806300,0.651669,0.174466,0.111213,-0.729740
0.0192,5405,Virtual,Thumb_CMC,-17.690380,1.026349,20.827700,0.080138,0.439772,-0.302928,-0.841673
0.0192,5405,Virtual,Thumb_MCP,-17.671510,1.051835,20.858070,0.018438,0.446634,-0.183398,-0.875525
0.0192,5405,Virtual,Thumb_IP,-17.645340,1.068389,20.896090,-0.092715,0.437293,0.039076,-0.893673
0.0192,5405,Virtual,Thumb_FingerTip,-17.627830,1.064087,20.918160,-0.092715,0.437293,0.039076,-0.893673
0.0192,5405,Virtual,Index_MCP,-17.623140,1.032990,20.857710,0.597733,0.241332,0.180164,-0.742977
0.0192,5405,Virtual,Index_PIP,-17.584800,1.033964,20.884590,0.564991,0.310341,0.266782,-0.716451
0.0192,5405,Virtual,Index_DIP,-17.567540,1.033144,20.903960,0.528725,0.368750,0.341570,-0.683962
0.0192,5405,Virtual,Index_FingerTip,-17.554230,1.031064,20.927240,0.528725,0.368750,0.341570,-0.683962
0.0192,5405,Virtual,Middle_MCP,-17.618560,1.006306,20.853300,0.621403,0.262620,0.210731,-0.707447
0.0192,5405,Virtual,Middle_PIP,-17.577730,1.007796,20.886750,0.561895,0.373344,0.338319,-0.656071
0.0192,5405,Virtual,Middle_DIP,-17.564090,1.007121,20.910860,0.491584,0.462014,0.443223,-0.590290
0.0192,5405,Virtual,Middle_FingerTip,-17.558980,1.005168,20.938630,0.491584,0.462014,0.443223,-0.590290
0.0192,5405,Virtual,Ring_MCP,-17.620390,0.981913,20.850870,0.646916,0.246059,0.195387,-0.694823
0.0192,5405,Virtual,Ring_PIP,-17.583040,0.984093,20.878550,0.601640,0.342162,0.299419,-0.656737
0.0192,5405,Virtual,Ring_DIP,-17.567590,0.984578,20.899880,0.548735,0.421824,0.387084,-0.609197
0.0192,5405,Virtual,Ring_FingerTip,-17.558700,0.984354,20.924100,0.548735,0.421824,0.387084,-0.609197
0.0192,5405,Virtual,Pinky_MCP,-17.627240,0.960782,20.848240,0.659400,0.245417,0.197011,-0.682751
0.0192,5405,Virtual,Pinky_PIP,-17.595670,0.962933,20.871660,0.614075,0.343439,0.299177,-0.644559
0.0192,5405,Virtual,Pinky_DIP,-17.584940,0.963595,20.886520,0.560875,0.424803,0.385165,-0.597169
0.0192,5405,Virtual,Pinky_FingerTip,-17.578370,0.963912,20.904520,0.560875,0.424803,0.385165,-0.597169
0.0192,5405,Render,Wrist,-17.717940,0.994371,20.806300,0.651669,0.174466,0.111213,-0.729740
0.0192,5405,Render,Thumb_CMC,-17.690380,1.026349,20.827700,0.023628,0.434442,-0.210734,-0.875382
0.0192,5405,Render,Thumb_MCP,-17.666940,1.043451,20.860660,-0.016085,0.434787,-0.130034,-0.890951
0.0192,5405,Render,Thumb_IP,-17.638110,1.054126,20.898850,-0.090788,0.425507,0.025485,-0.900029
0.0192,5405,Render,Thumb_FingerTip,-17.619960,1.050617,20.920550,-0.090788,0.425507,0.025485,-0.900029
0.0192,5405,Render,Index_MCP,-17.623140,1.032990,20.857710,0.605265,0.221767,0.155908,-0.748443
0.0192,5405,Render,Index_PIP,-17.583190,1.034633,20.882090,0.580271,0.280735,0.229409,-0.729278
0.0192,5405,Render,Index_DIP,-17.564060,1.034404,20.899630,0.552870,0.331453,0.293644,-0.705866
0.0192,5405,Render,Index_FingerTip,-17.547710,1.033112,20.920960,0.552870,0.331453,0.293644,-0.705866
0.0192,5405,Render,Middle_MCP,-17.618560,1.006306,20.853300,0.627806,0.246923,0.192888,-0.712519
0.0192,5405,Render,Middle_PIP,-17.576130,1.008163,20.884670,0.579888,0.344734,0.305036,-0.672192
0.0192,5405,Render,Middle_DIP,-17.560150,1.007878,20.907320,0.523793,0.425149,0.399250,-0.620877
0.0192,5405,Render,Middle_FingerTip,-17.551110,1.006452,20.934100,0.523793,0.425149,0.399250,-0.620877
0.0192,5405,Render,Ring_MCP,-17.620390,0.981913,20.850870,0.654591,0.224849,0.172643,-0.700820
0.0192,5405,Render,Ring_PIP,-17.581330,0.984351,20.876050,0.624474,0.298459,0.251902,-0.676388
0.0192,5405,Render,Ring_DIP,-17.563020,0.985194,20.894980,0.590305,0.361366,0.320420,-0.646750
0.0192,5405,Render,Ring_FingerTip,-17.549260,0.985507,20.916800,0.590305,0.361366,0.320420,-0.646750
0.0192,5405,Render,Pinky_MCP,-17.627240,0.960782,20.848240,0.663938,0.232860,0.184019,-0.686367
0.0192,5405,Render,Pinky_PIP,-17.594810,0.963010,20.870450,0.626742,0.319738,0.274344,-0.655514
0.0192,5405,Render,Pinky_DIP,-17.582980,0.963764,20.884450,0.583574,0.393038,0.351448,-0.617614
0.0192,5405,Render,Pinky_FingerTip,-17.574460,0.964236,20.901600,0.583574,0.393038,0.351448,-0.617614
0.0334,5406,Real,Wrist,-17.722250,0.969812,20.824850,0.644728,0.184069,0.110766,-0.733604
0.0334,5406,Real,Thumb_CMC,-17.695510,1.001956,20.847040,0.073161,0.448082,-0.306450,-0.836635
0.0334,5406,Real,Thumb_MCP,-17.677480,1.027352,20.877990,0.010377,0.453897,-0.187584,-0.871024
0.0334,5406,Real,Thumb_IP,-17.652100,1.043836,20.916570,-0.102323,0.442335,0.033905,-0.890349
0.0334,5406,Real,Thumb_FingerTip,-17.634820,1.039535,20.938820,-0.102323,0.442335,0.033905,-0.890349
0.0334,5406,Real,Index_MCP,-17.628800,1.009307,20.878050,0.589692,0.250133,0.179666,-0.746604
0.0334,5406,Real,Index_PIP,-17.590860,1.010558,20.905470,0.555965,0.318129,0.266717,-0.720111
0.0334,5406,Real,Index_DIP,-17.573840,1.009769,20.925060,0.518920,0.375532,0.341894,-0.687609
0.0334,5406,Real,Index_FingerTip,-17.560820,1.007605,20.948490,0.518920,0.375532,0.341894,-0.687609
0.0334,5406,Real,Middle_MCP,-17.623730,0.982760,20.873360,0.613205,0.271175,0.210821,-0.711336
0.0334,5406,Real,Middle_PIP,-17.583380,0.984484,20.907390,0.552252,0.380230,0.339129,-0.659876
0.0334,5406,Real,Middle_DIP,-17.570050,0.983719,20.931680,0.480925,0.467191,0.444658,-0.593905
0.0334,5406,Real,Middle_FingerTip,-17.565300,0.981489,20.959490,0.480925,0.467191,0.444658,-0.593905
0.0334,5406,Real,Ring_MCP,-17.625110,0.958375,20.870600,0.639038,0.254838,0.195650,-0.698863
0.0334,5406,Real,Ring_PIP,-17.588180,0.960805,20.898810,0.592511,0.349632,0.300297,-0.660689
0.0334,5406,Real,Ring_DIP,-17.573030,0.961267,20.920350,0.538663,0.427965,0.388498,-0.612991
0.0334,5406,Real,Ring_FingerTip,-17.564470,0.960874,20.944690,0.538663,0.427965,0.388498,-0.612991
0.0334,5406,Real,Pinky_MCP,-17.631580,0.937170,20.867610,0.651593,0.254206,0.197454,-0.686891
0.0334,5406,Real,Pinky_PIP,-17.600370,0.939533,20.891480,0.605014,0.350929,0.300247,-0.648582
0.0334,5406,Real,Pinky_DIP,-17.589850,0.940178,20.906500,0.550869,0.430973,0.386780,-0.601006
0.0334,5406,Real,Pinky_FingerTip,-17.583540,0.940368,20.924590,0.550869,0.430973,0.386780,-0.601006
0.0334,5406,Virtual,Wrist,-17.718620,0.994605,20.813070,0.649998,0.179999,0.112710,-0.729657
0.0334,5406,Virtual,Thumb_CMC,-17.691470,1.026702,20.834810,0.079804,0.444622,-0.304501,-0.838584
0.0334,5406,Virtual,Thumb_MCP,-17.673060,1.052243,20.865420,0.017435,0.451390,-0.185384,-0.872683
0.0334,5406,Virtual,Thumb_IP,-17.647380,1.068879,20.903730,-0.094864,0.441654,0.036448,-0.891412
0.0334,5406,Virtual,Thumb_FingerTip,-17.630070,1.064639,20.925980,-0.094864,0.441654,0.036448,-0.891412
0.0334,5406,Virtual,Index_MCP,-17.624580,1.033669,20.865530,0.595506,0.246726,0.181396,-0.742694
0.0334,5406,Virtual,Index_PIP,-17.586540,1.034812,20.892810,0.562141,0.315434,0.267972,-0.716024
0.0334,5406,Virtual,Index_DIP,-17.569470,1.034056,20.912360,0.525349,0.373510,0.342707,-0.683411
0.0334,5406,Virtual,Index_FingerTip,-17.556400,1.032012,20.935770,0.525349,0.373510,0.342707,-0.683411
0.0334,5406,Virtual,Middle_MCP,-17.619820,1.007017,20.861120,0.618986,0.267869,0.212202,-0.707159
0.0334,5406,Virtual,Middle_PIP,-17.579340,1.008681,20.895000,0.558545,0.378054,0.339711,-0.655515
0.0334,5406,Virtual,Middle_DIP,-17.565940,1.008042,20.919250,0.487494,0.466098,0.444503,-0.589509
0.0334,5406,Virtual,Middle_FingerTip,-17.561120,1.006071,20.947070,0.487494,0.466098,0.444503,-0.589509
0.0334,5406,Virtual,Ring_MCP,-17.621470,0.982619,20.858640,0.644635,0.251327,0.197014,-0.694598
0.0334,5406,Virtual,Ring_PIP,-17.584430,0.984961,20.886700,0.598579,0.347019,0.300992,-0.656266
0.0334,5406,Virtual,Ring_DIP,-17.569200,0.985498,20.908200,0.545034,0.426213,0.388577,-0.608514
0.0334,5406,Virtual,Ring_FingerTip,-17.560570,0.985284,20.932500,0.545034,0.426213,0.388577,-0.608514
0.0334,5406,Virtual,Pinky_MCP,-17.628180,0.961454,20.855900,0.657121,0.250656,0.198736,-0.682545
0.0334,5406,Virtual,Pinky_PIP,-17.596870,0.963743,20.879650,0.611021,0.348267,0.300849,-0.644091
0.0334,5406,Virtual,Pinky_DIP,-17.586290,0.964441,20.894630,0.557185,0.429164,0.386757,-0.596475
0.0334,5406,Virtual,Pinky_FingerTip,-17.579920,0.964764,20.912690,0.557185,0.429164,0.386757,-0.596475
0.0334,5406,Render,Wrist,-17.718620,0.994605,20.813070,0.649998,0.179999,0.112710,-0.729657
0.0334,5406,Render,Thumb_CMC,-17.691470,1.026702,20.834810,0.024318,0.448255,-0.211136,-0.868273
0.0334,5406,Render,Thumb_MCP,-17.669120,1.043759,20.868540,-0.016657,0.448605,-0.131082,-0.883909
0.0334,5406,Render,Thumb_IP,-17.641500,1.054388,20.907630,-0.093734,0.439019,0.023238,-0.893273
0.0334,5406,Render,Thumb_FingerTip,-17.624020,1.050859,20.929860,-0.093734,0.439019,0.023238,-0.893273
0.0334,5406,Render,Index_MCP,-17.624580,1.033669,20.865530,0.603214,0.227230,0.157148,-0.748200
0.0334,5406,Render,Index_PIP,-17.584900,1.035494,20.890330,0.577688,0.285968,0.230619,-0.728913
0.0334,5406,Render,Index_DIP,-17.565950,1.035343,20.908070,0.549830,0.336434,0.294817,-0.705395
0.0334,5406,Render,Index_FingerTip,-17.549820,1.034107,20.929560,0.549830,0.336434,0.294817,-0.705395
0.0334,5406,Render,Middle_MCP,-17.619820,1.007017,20.861120,0.625521,0.252232,0.194366,-0.712268
0.0334,5406,Render,Middle_PIP,-17.577720,1.009060,20.892930,0.576778,0.349606,0.306454,-0.671706
0.0334,5406,Render,Middle_DIP,-17.561980,1.008827,20.915750,0.520011,0.429519,0.400583,-0.620191
0.0334,5406,Render,Middle_FingerTip,-17.553200,1.007407,20.942620,0.520011,0.429519,0.400583,-0.620191
0.0334,5406,Render,Ring_MCP,-17.621470,0.982619,20.858640,0.652482,0.230188,0.174276,-0.700649
0.0334,5406,Render,Ring_PIP,-17.582700,0.985233,20.884230,0.621767,0.303522,0.253504,-0.676030
0.0334,5406,Render,Ring_DIP,-17.564590,0.986147,20.903340,0.587089,0.366122,0.321977,-0.646229
0.0334,5406,Render,Ring_FingerTip,-17.551060,0.986502,20.925310,0.587089,0.366122,0.321977,-0.646229
0.0334,5406,Render,Pinky_MCP,-17.628180,0.961454,20.855900,0.661760,0.238141,0.185748,-0.686194
0.0334,5406,Render,Pinky_PIP,-17.595990,0.963827,20.878440,0.623875,0.324679,0.276033,-0.655110
0.0334,5406,Render,Pinky_DIP,-17.584310,0.964624,20.892570,0.580132,0.397597,0.353077,-0.617009
0.0334,5406,Render,Pinky_FingerTip,-17.575990,0.965115,20.909820,0.580132,0.397597,0.353077,-0.617009
0.0475,5407,Real,Wrist,-17.723020,0.969405,20.826920,0.637893,0.186103,0.107835,-0.739480
0.0475,5407,Real,Thumb_CMC,-17.696590,1.001474,20.849580,0.058967,0.455828,-0.303799,-0.834536
0.0475,5407,Real,Thumb_MCP,-17.679040,1.026100,20.881410,-0.005341,0.459596,-0.184140,-0.868813
0.0475,5407,Real,Thumb_IP,-17.654040,1.041547,20.920670,-0.119983,0.443690,0.038736,-0.887267
0.0475,5407,Real,Thumb_FingerTip,-17.636850,1.036554,20.942840,-0.119983,0.443690,0.038736,-0.887267
0.0475,5407,Real,Index_MCP,-17.629920,1.009042,20.880620,0.581342,0.253854,0.180528,-0.751671
0.0475,5407,Real,Index_PIP,-17.592180,1.010154,20.908320,0.547120,0.321031,0.268430,-0.724945
0.0475,5407,Real,Index_DIP,-17.575320,1.009171,20.928020,0.509695,0.377639,0.344335,-0.692122
0.0475,5407,Real,Index_FingerTip,-17.562460,1.006704,20.951530,0.509695,0.377639,0.344335,-0.692122
0.0475,5407,Real,Middle_MCP,-17.624570,0.982631,20.875490,0.605371,0.273985,0.210786,-0.716958
0.0475,5407,Real,Middle_PIP,-17.584380,0.984187,20.909710,0.543458,0.382354,0.341136,-0.664895
0.0475,5407,Real,Middle_DIP,-17.571220,0.983132,20.934090,0.471268,0.468452,0.448284,-0.597914
0.0475,5407,Real,Middle_FingerTip,-17.566710,0.980457,20.961890,0.471268,0.468452,0.448284,-0.597914
0.0475,5407,Real,Ring_MCP,-17.625690,0.958279,20.872340,0.631383,0.258097,0.195613,-0.704612
0.0475,5407,Real,Ring_PIP,-17.588920,0.960617,20.900760,0.583621,0.353050,0.302701,-0.665668
0.0475,5407,Real,Ring_DIP,-17.573970,0.960857,20.922450,0.528479,0.431240,0.392867,-0.616764
0.0475,5407,Real,Ring_FingerTip,-17.565730,0.960114,20.946890,0.528479,0.431240,0.392867,-0.616764
0.0475,5407,Real,Pinky_MCP,-17.631940,0.937056,20.869010,0.644039,0.257566,0.197431,-0.692744
0.0475,5407,Real,Pinky_PIP,-17.600860,0.939349,20.893080,0.596207,0.354492,0.302654,-0.653662
0.0475,5407,Real,Pinky_DIP,-17.590490,0.939845,20.908200,0.540739,0.434428,0.391140,-0.604883
0.0475,5407,Real,Pinky_FingerTip,-17.584420,0.939780,20.926370,0.540739,0.434428,0.391140,-0.604883
0.0475,5407,Virtual,Wrist,-17.718980,0.995049,20.815310,0.644729,0.184069,0.110766,-0.733604
0.0475,5407,Virtual,Thumb_CMC,-17.692240,1.027193,20.837490,0.068340,0.453651,-0.302924,-0.835325
0.0475,5407,Virtual,Thumb_MCP,-17.674470,1.052138,20.868950,0.004244,0.458750,-0.183163,-0.869472
0.0475,5407,Virtual,Thumb_IP,-17.649360,1.067946,20.907990,-0.110491,0.445266,0.039846,-0.887662
0.0475,5407,Virtual,Thumb_FingerTip,-17.632260,1.063126,20.930270,-0.110491,0.445266,0.039846,-0.887662
0.0475,5407,Virtual,Index_MCP,-17.625530,1.034543,20.868500,0.588590,0.252715,0.182936,-0.745810
0.0475,5407,Virtual,Index_PIP,-17.587830,1.035696,20.896240,0.554451,0.320760,0.270126,-0.718839
0.0475,5407,Virtual,Index_DIP,-17.571000,1.034849,20.915990,0.517014,0.378152,0.345368,-0.685871
0.0475,5407,Virtual,Index_FingerTip,-17.558210,1.032623,20.939550,0.517014,0.378152,0.345368,-0.685871
0.0475,5407,Virtual,Middle_MCP,-17.620460,1.007997,20.863820,0.612425,0.272933,0.212861,-0.710728
0.0475,5407,Virtual,Middle_PIP,-17.580310,1.009673,20.898070,0.550584,0.382640,0.342010,-0.658387
0.0475,5407,Virtual,Middle_DIP,-17.567190,1.008869,20.922470,0.478244,0.469935,0.448049,-0.591351
0.0475,5407,Virtual,Middle_FingerTip,-17.562750,1.006593,20.950330,0.478244,0.469935,0.448049,-0.591351
0.0475,5407,Virtual,Ring_MCP,-17.621850,0.983611,20.861050,0.638262,0.256776,0.197770,-0.698266
0.0475,5407,Virtual,Ring_PIP,-17.585090,0.986012,20.889480,0.590622,0.352814,0.303846,-0.659065
0.0475,5407,Virtual,Ring_DIP,-17.570170,0.986440,20.911190,0.535444,0.431986,0.393076,-0.610065
0.0475,5407,Virtual,Ring_FingerTip,-17.561970,0.986002,20.935650,0.535444,0.431986,0.393076,-0.610065
0.0475,5407,Virtual,Pinky_MCP,-17.628320,0.962406,20.858060,0.650818,0.256183,0.199537,-0.686288
0.0475,5407,Virtual,Pinky_PIP,-17.597250,0.964752,20.882130,0.603118,0.354178,0.303731,-0.646958
0.0475,5407,Virtual,Pinky_DIP,-17.586890,0.965380,20.897250,0.547627,0.435085,0.391269,-0.598093
0.0475,5407,Virtual,Pinky_FingerTip,-17.580850,0.965543,20.915440,0.547627,0.435085,0.391269,-0.598093
0.0475,5407,Render,Wrist,-17.718980,0.995049,20.815310,0.644729,0.184069,0.110766,-0.733604
0.0475,5407,Render,Thumb_CMC,-17.692240,1.027193,20.837490,0.017343,0.450936,-0.213318,-0.866517
0.0475,5407,Render,Thumb_MCP,-17.670190,1.044113,20.871480,-0.023848,0.450639,-0.133415,-0.882358
0.0475,5407,Render,Thumb_IP,-17.642820,1.054603,20.910790,-0.101168,0.439784,0.020673,-0.892148
0.0475,5407,Render,Thumb_FingerTip,-17.625370,1.051016,20.933030,-0.101168,0.439784,0.020673,-0.892148
0.0475,5407,Render,Index_MCP,-17.625530,1.034543,20.868500,0.597514,0.230825,0.155292,-0.752052
0.0475,5407,Render,Index_PIP,-17.585960,1.036523,20.893460,0.571659,0.288979,0.229155,-0.732930
0.0475,5407,Render,Index_DIP,-17.567060,1.036380,20.911250,0.543556,0.338895,0.293717,-0.709527
0.0475,5407,Render,Index_FingerTip,-17.550980,1.035078,20.932780,0.543556,0.338895,0.293717,-0.709527
0.0475,5407,Render,Middle_MCP,-17.620460,1.007997,20.863820,0.619825,0.255681,0.192880,-0.716409
0.0475,5407,Render,Middle_PIP,-17.578490,1.010141,20.895780,0.570602,0.352094,0.305655,-0.676032
0.0475,5407,Render,Middle_DIP,-17.562820,1.009823,20.918650,0.513539,0.431085,0.400419,-0.624587
0.0475,5407,Render,Middle_FingerTip,-17.554120,1.008198,20.945530,0.513539,0.431085,0.400419,-0.624587
0.0475,5407,Render,Ring_MCP,-17.621850,0.983611,20.861050,0.647003,0.233880,0.172774,-0.704867
0.0475,5407,Render,Ring_PIP,-17.583180,0.986360,20.886800,0.615900,0.306560,0.252496,-0.680393
0.0475,5407,Render,Ring_DIP,-17.565150,0.987257,20.905980,0.580941,0.368538,0.321425,-0.650673
0.0475,5407,Render,Ring_FingerTip,-17.551690,0.987513,20.927990,0.580941,0.368538,0.321425,-0.650673
0.0475,5407,Render,Pinky_MCP,-17.628320,0.962406,20.858060,0.656300,0.241795,0.184383,-0.690514
0.0475,5407,Render,Pinky_PIP,-17.596230,0.964877,20.880730,0.617975,0.327569,0.275260,-0.659575
0.0475,5407,Render,Pinky_DIP,-17.584600,0.965643,20.894900,0.573925,0.399754,0.352848,-0.621534
0.0475,5407,Render,Pinky_FingerTip,-17.576330,0.966030,20.912180,0.573925,0.399754,0.352848,-0.621534
0.0600,5408,Real,Wrist,-17.724270,0.969387,20.828030,0.633147,0.189590,0.104568,-0.743133
0.0600,5408,Real,Thumb_CMC,-17.698240,1.001545,20.851020,0.052315,0.457912,-0.306496,-0.832851
0.0600,5408,Real,Thumb_MCP,-17.681000,1.026067,20.883110,-0.012219,0.460728,-0.187046,-0.867522
0.0600,5408,Real,Thumb_IP,-17.656210,1.041427,20.922530,-0.126926,0.443069,0.035599,-0.886743
0.0600,5408,Real,Thumb_FingerTip,-17.638970,1.036422,20.944660,-0.126926,0.443069,0.035599,-0.886743
0.0600,5408,Real,Index_MCP,-17.631690,1.009599,20.882180,0.576114,0.256656,0.177497,-0.755457
0.0600,5408,Real,Index_PIP,-17.593970,1.010889,20.909920,0.541596,0.323193,0.265869,-0.729064
0.0600,5408,Real,Index_DIP,-17.577110,1.009914,20.929620,0.503973,0.379199,0.342229,-0.696491
0.0600,5408,Real,Index_FingerTip,-17.564250,1.007371,20.953120,0.503973,0.379199,0.342229,-0.696491
0.0600,5408,Real,Middle_MCP,-17.626010,0.983304,20.876800,0.600182,0.276770,0.208065,-0.721034
0.0600,5408,Real,Middle_PIP,-17.585880,0.985004,20.911070,0.537840,0.384120,0.339225,-0.669408
0.0600,5408,Real,Middle_DIP,-17.572710,0.983868,20.935440,0.465433,0.469246,0.447161,-0.602684
0.0600,5408,Real,Middle_FingerTip,-17.568190,0.980976,20.963220,0.465433,0.469246,0.447161,-0.602684
0.0600,5408,Real,Ring_MCP,-17.626860,0.958973,20.873410,0.626352,0.261107,0.192897,-0.708730
0.0600,5408,Real,Ring_PIP,-17.590130,0.961470,20.901880,0.578184,0.355242,0.300658,-0.670158
0.0600,5408,Real,Ring_DIP,-17.575190,0.961676,20.923580,0.522789,0.432649,0.391472,-0.621496
0.0600,5408,Real,Ring_FingerTip,-17.566960,0.960793,20.948020,0.522789,0.432649,0.391472,-0.621496
0.0600,5408,Real,Pinky_MCP,-17.632850,0.937711,20.869880,0.639068,0.260637,0.194787,-0.696935
0.0600,5408,Real,Pinky_PIP,-17.601810,0.940137,20.893990,0.590819,0.356754,0.300692,-0.658213
0.0600,5408,Real,Pinky_DIP,-17.591450,0.940609,20.909120,0.535088,0.435914,0.389834,-0.609663
0.0600,5408,Real,Pinky_FingerTip,-17.585400,0.940440,20.927300,0.535088,0.435914,0.389834,-0.609663
0.0600,5408,Virtual,Wrist,-17.719610,0.995604,20.817010,0.637893,0.186103,0.107835,-0.739480
0.0600,5408,Virtual,Thumb_CMC,-17.693180,1.027674,20.839680,0.058967,0.455829,-0.303798,-0.834536
0.0600,5408,Virtual,Thumb_MCP,-17.675620,1.052300,20.871510,-0.005341,0.459596,-0.184139,-0.868813
0.0600,5408,Virtual,Thumb_IP,-17.650630,1.067747,20.910760,-0.119983,0.443690,0.038736,-0.887267
0.0600,5408,Virtual,Thumb_FingerTip,-17.633440,1.062754,20.932940,-0.119983,0.443690,0.038736,-0.887267
0.0600,5408,Virtual,Index_MCP,-17.626510,1.035242,20.870720,0.581342,0.253854,0.180528,-0.751671
0.0600,5408,Virtual,Index_PIP,-17.588770,1.036354,20.898410,0.547120,0.321031,0.268430,-0.724945
0.0600,5408,Virtual,Index_DIP,-17.571900,1.035370,20.918120,0.509696,0.377639,0.344335,-0.692122
0.0600,5408,Virtual,Index_FingerTip,-17.559050,1.032904,20.941630,0.509696,0.377639,0.344335,-0.692122
0.0600,5408,Virtual,Middle_MCP,-17.621160,1.008830,20.865590,0.605371,0.273985,0.210786,-0.716958
0.0600,5408,Virtual,Middle_PIP,-17.580970,1.010387,20.899810,0.543459,0.382354,0.341136,-0.664895
0.0600,5408,Virtual,Middle_DIP,-17.567810,1.009332,20.924180,0.471269,0.468452,0.448284,-0.597913
0.0600,5408,Virtual,Middle_FingerTip,-17.563300,1.006657,20.951990,0.471269,0.468452,0.448284,-0.597913
0.0600,5408,Virtual,Ring_MCP,-17.622280,0.984479,20.862440,0.631383,0.258097,0.195614,-0.704611
0.0600,5408,Virtual,Ring_PIP,-17.585510,0.986817,20.890860,0.583621,0.353050,0.302702,-0.665668
0.0600,5408,Virtual,Ring_DIP,-17.570560,0.987057,20.912550,0.528479,0.431240,0.392867,-0.616763
0.0600,5408,Virtual,Ring_FingerTip,-17.562320,0.986314,20.936980,0.528479,0.431240,0.392867,-0.616763
0.0600,5408,Virtual,Pinky_MCP,-17.628530,0.963256,20.859110,0.644040,0.257566,0.197432,-0.692744
0.0600,5408,Virtual,Pinky_PIP,-17.597450,0.965549,20.883170,0.596207,0.354492,0.302654,-0.653662
0.0600,5408,Virtual,Pinky_DIP,-17.587080,0.966045,20.898300,0.540739,0.434428,0.391140,-0.604883
0.0600,5408,Virtual,Pinky_FingerTip,-17.581010,0.965980,20.916470,0.540739,0.434428,0.391140,-0.604883
0.0600,5408,Render,Wrist,-17.719610,0.995604,20.817010,0.637893,0.186103,0.107835,-0.739480
0.0600,5408,Render,Thumb_CMC,-17.693180,1.027674,20.839680,0.008960,0.459143,-0.212969,-0.862411
0.0600,5408,Render,Thumb_MCP,-17.671770,1.044165,20.874280,-0.032944,0.458047,-0.133443,-0.878237
0.0600,5408,Render,Thumb_IP,-17.645060,1.054178,20.914160,-0.111405,0.445513,0.019936,-0.888094
0.0600,5408,Render,Thumb_FingerTip,-17.627890,1.050340,20.936590,-0.111405,0.445513,0.019936,-0.888094
0.0600,5408,Render,Index_MCP,-17.626510,1.035242,20.870720,0.590313,0.232231,0.152670,-0.757820
0.0600,5408,Render,Index_PIP,-17.586910,1.037245,20.895640,0.564354,0.289664,0.227118,-0.738930
0.0600,5408,Render,Index_DIP,-17.567990,1.037019,20.913400,0.536220,0.338924,0.292224,-0.715685
0.0600,5408,Render,Index_FingerTip,-17.551860,1.035545,20.934880,0.536220,0.338924,0.292224,-0.715685
0.0600,5408,Render,Middle_MCP,-17.621160,1.008830,20.865590,0.612804,0.256930,0.190632,-0.722578
0.0600,5408,Render,Middle_PIP,-17.579160,1.010911,20.897540,0.563471,0.352196,0.304428,-0.682483
0.0600,5408,Render,Middle_DIP,-17.563460,1.010395,20.920370,0.506468,0.430153,0.400140,-0.631147
0.0600,5408,Render,Middle_FingerTip,-17.554690,1.008431,20.947200,0.506468,0.430153,0.400140,-0.631147
0.0600,5408,Render,Ring_MCP,-17.622280,0.984479,20.862440,0.640175,0.235445,0.170393,-0.711132
0.0600,5408,Render,Ring_PIP,-17.583610,0.987229,20.888170,0.608938,0.307332,0.250850,-0.686889
0.0600,5408,Render,Ring_DIP,-17.565560,0.988011,20.907340,0.573936,0.368586,0.320458,-0.657304
0.0600,5408,Render,Ring_FingerTip,-17.552070,0.988058,20.929330,0.573936,0.368586,0.320458,-0.657304
0.0600,5408,Render,Pinky_MCP,-17.628530,0.963256,20.859110,0.649553,0.243327,0.182136,-0.696922
0.0600,5408,Render,Pinky_PIP,-17.596440,0.965707,20.881780,0.611083,0.328183,0.273892,-0.666226
0.0600,5408,Render,Pinky_DIP,-17.584790,0.966370,20.895940,0.567011,0.399532,0.352293,-0.628302
0.0600,5408,Render,Pinky_FingerTip,-17.576510,0.966569,20.913220,0.567011,0.399532,0.352293,-0.628302
0.0750,5409,Real,Wrist,-17.725190,0.969086,20.830270,0.629793,0.194436,0.102704,-0.744989
0.0750,5409,Real,Thumb_CMC,-17.699620,1.001388,20.853560,0.024350,0.480328,-0.285925,-0.828818
0.0750,5409,Real,Thumb_MCP,-17.683150,1.023227,20.887910,-0.042468,0.479066,-0.168272,-0.860452
0.0750,5409,Real,Thumb_IP,-17.659400,1.035430,20.929040,-0.159818,0.453614,0.050122,-0.875317
0.0750,5409,Real,Thumb_FingerTip,-17.642770,1.028797,20.951210,-0.159818,0.453614,0.050122,-0.875317
0.0750,5409,Real,Index_MCP,-17.633300,1.009968,20.885090,0.564347,0.277586,0.197610,-0.751937
0.0750,5409,Real,Index_PIP,-17.597340,1.010723,20.915080,0.533325,0.333326,0.272763,-0.728051
0.0750,5409,Real,Index_DIP,-17.581020,1.009643,20.935230,0.500704,0.380575,0.338024,-0.700142
0.0750,5409,Real,Index_FingerTip,-17.568050,1.007162,20.958680,0.500704,0.380575,0.338024,-0.700142
0.0750,5409,Real,Middle_MCP,-17.627330,0.983765,20.879590,0.590602,0.292632,0.220499,-0.718983
0.0750,5409,Real,Middle_PIP,-17.588700,0.985275,20.915570,0.524921,0.398626,0.351962,-0.664590
0.0750,5409,Real,Middle_DIP,-17.576660,0.983907,20.940500,0.449664,0.481920,0.459633,-0.595226
0.0750,5409,Real,Middle_FingerTip,-17.573460,0.980688,20.968430,0.449664,0.481920,0.459633,-0.595226
0.0750,5409,Real,Ring_MCP,-17.627890,0.959445,20.876060,0.617754,0.276449,0.203822,-0.707399
0.0750,5409,Real,Ring_PIP,-17.592330,0.961920,20.905980,0.565516,0.371802,0.314466,-0.665633
0.0750,5409,Real,Ring_DIP,-17.578480,0.961970,20.928390,0.505976,0.449481,0.407185,-0.613316
0.0750,5409,Real,Ring_FingerTip,-17.571660,0.960819,20.953250,0.505976,0.449481,0.407185,-0.613316
0.0750,5409,Real,Pinky_MCP,-17.633640,0.938142,20.872380,0.630507,0.276236,0.205597,-0.695618
0.0750,5409,Real,Pinky_PIP,-17.603610,0.940595,20.897720,0.578138,0.373634,0.314332,-0.653720
0.0750,5409,Real,Pinky_DIP,-17.594010,0.940981,20.913350,0.518202,0.453114,0.405334,-0.601547
0.0750,5409,Real,Pinky_FingerTip,-17.589010,0.940636,20.931840,0.518202,0.453114,0.405334,-0.601547
0.0750,5409,Virtual,Wrist,-17.720030,0.995768,20.818380,0.633147,0.189590,0.104568,-0.743133
0.0750,5409,Virtual,Thumb_CMC,-17.694000,1.027927,20.841370,0.028523,0.477381,-0.282948,-0.831406
0.0750,5409,Virtual,Thumb_MCP,-17.677130,1.049782,20.875510,-0.037928,0.476726,-0.164965,-0.862601
0.0750,5409,Virtual,Thumb_IP,-17.653060,1.061963,20.916450,-0.154839,0.452472,0.053859,-0.876581
0.0750,5409,Virtual,Thumb_FingerTip,-17.636390,1.055279,20.938590,-0.154839,0.452472,0.053859,-0.876581
0.0750,5409,Virtual,Index_MCP,-17.627440,1.035981,20.872530,0.568391,0.273334,0.199433,-0.749964
0.0750,5409,Virtual,Index_PIP,-17.591330,1.036524,20.902340,0.537779,0.329505,0.274378,-0.725905
0.0750,5409,Virtual,Index_DIP,-17.574920,1.035383,20.922420,0.505488,0.377177,0.339436,-0.697857
0.0750,5409,Virtual,Index_FingerTip,-17.561870,1.032896,20.945810,0.505488,0.377177,0.339436,-0.697857
0.0750,5409,Virtual,Middle_MCP,-17.621770,1.009686,20.867150,0.594688,0.288385,0.222042,-0.716853
0.0750,5409,Virtual,Middle_PIP,-17.582950,1.010988,20.902930,0.529734,0.395224,0.353076,-0.662207
0.0750,5409,Virtual,Middle_DIP,-17.570810,1.009633,20.927800,0.454984,0.479384,0.460327,-0.592688
0.0750,5409,Virtual,Middle_FingerTip,-17.567510,1.006536,20.955740,0.454984,0.479384,0.460327,-0.592688
0.0750,5409,Virtual,Ring_MCP,-17.622610,0.985354,20.863760,0.621682,0.272040,0.205284,-0.705242
0.0750,5409,Virtual,Ring_PIP,-17.586880,0.987620,20.893490,0.570098,0.368078,0.315564,-0.663269
0.0750,5409,Virtual,Ring_DIP,-17.572930,0.987649,20.915830,0.511048,0.446457,0.407930,-0.610819
0.0750,5409,Virtual,Ring_FingerTip,-17.565990,0.986564,20.940660,0.511048,0.446457,0.407930,-0.610819
0.0750,5409,Virtual,Pinky_MCP,-17.628600,0.964093,20.860220,0.634404,0.271793,0.206966,-0.693416
0.0750,5409,Virtual,Pinky_PIP,-17.598420,0.966370,20.885400,0.582696,0.369872,0.315331,-0.651327
0.0750,5409,Virtual,Pinky_DIP,-17.588740,0.966741,20.900980,0.523255,0.450049,0.405978,-0.599035
0.0750,5409,Virtual,Pinky_FingerTip,-17.583660,0.966446,20.919450,0.523255,0.450049,0.405978,-0.599035
0.0750,5409,Render,Wrist,-17.720030,0.995768,20.818380,0.633147,0.189590,0.104568,-0.743133
0.0750,5409,Render,Thumb_CMC,-17.694000,1.027927,20.841370,0.002125,0.460498,-0.215835,-0.861018
0.0750,5409,Render,Thumb_MCP,-17.672800,1.044333,20.876150,-0.039875,0.458774,-0.136423,-0.877112
0.0750,5409,Render,Thumb_IP,-17.646240,1.054273,20.916140,-0.118356,0.445034,0.016806,-0.887499
0.0750,5409,Render,Thumb_FingerTip,-17.629040,1.050421,20.938540,-0.118356,0.445034,0.016806,-0.887499
0.0750,5409,Render,Index_MCP,-17.627440,1.035981,20.872530,0.585192,0.235224,0.149501,-0.761492
0.0750,5409,Render,Index_PIP,-17.587880,1.038211,20.897500,0.558961,0.292134,0.224329,-0.742898
0.0750,5409,Render,Index_DIP,-17.568970,1.038036,20.915270,0.530627,0.340903,0.289801,-0.719886
0.0750,5409,Render,Index_FingerTip,-17.552840,1.036544,20.936740,0.530627,0.340903,0.289801,-0.719886
0.0750,5409,Render,Middle_MCP,-17.621770,1.009686,20.867150,0.607695,0.259859,0.187798,-0.726576
0.0750,5409,Render,Middle_PIP,-17.579820,1.011953,20.899140,0.557957,0.354266,0.302274,-0.686885
0.0750,5409,Render,Middle_DIP,-17.564130,1.011401,20.921980,0.500712,0.431401,0.398647,-0.635816
0.0750,5409,Render,Middle_FingerTip,-17.555360,1.009281,20.948800,0.500712,0.431401,0.398647,-0.635816
0.0750,5409,Render,Ring_MCP,-17.622610,0.985354,20.863760,0.635255,0.238632,0.167532,-0.715150
0.0750,5409,Render,Ring_PIP,-17.583990,0.988312,20.889550,0.603684,0.309933,0.248468,-0.691210
0.0750,5409,Render,Ring_DIP,-17.565960,0.989121,20.908740,0.568442,0.370631,0.318536,-0.661848
0.0750,5409,Render,Ring_FingerTip,-17.552480,0.989114,20.930740,0.568442,0.370631,0.318536,-0.661848
0.0750,5409,Render,Pinky_MCP,-17.628600,0.964093,20.860220,0.644650,0.246508,0.179400,-0.701054
0.0750,5409,Render,Pinky_PIP,-17.596550,0.966703,20.882940,0.605799,0.330678,0.271734,-0.670687
0.0750,5409,Render,Pinky_DIP,-17.584930,0.967366,20.897120,0.561464,0.401371,0.350689,-0.632991
0.0750,5409,Render,Pinky_FingerTip,-17.576650,0.967495,20.914400,0.561464,0.401371,0.350689,-0.632991
0.0918,5410,Real,Wrist,-17.726920,0.968824,20.831330,0.628506,0.200288,0.097390,-0.745239
0.0918,5410,Real,Thumb_CMC,-17.701910,1.001550,20.854640,0.013733,0.487508,-0.286228,-0.824755
0.0918,5410,Real,Thumb_MCP,-17.686070,1.022870,20.889610,-0.053886,0.484715,-0.169300,-0.856437
0.0918,5410,Real,Thumb_IP,-17.662890,1.034527,20.931210,-0.172123,0.456319,0.047832,-0.871699
0.0918,5410,Real,Thumb_FingerTip,-17.646390,1.027674,20.953410,-0.172123,0.456319,0.047832,-0.871699
0.0918,5410,Real,Index_MCP,-17.635800,1.011212,20.886300,0.560180,0.287155,0.197726,-0.751429
0.0918,5410,Real,Index_PIP,-17.600360,1.012362,20.916890,0.529789,0.339974,0.269458,-0.728789
0.0918,5410,Real,Index_DIP,-17.584170,1.011518,20.937160,0.498184,0.384802,0.331875,-0.702567
0.0918,5410,Real,Index_FingerTip,-17.571170,1.009287,20.960600,0.498184,0.384802,0.331875,-0.702567
0.0918,5410,Real,Middle_MCP,-17.629410,0.985101,20.880850,0.586667,0.301589,0.219440,-0.718827
0.0918,5410,Real,Middle_PIP,-17.591300,0.987128,20.917340,0.519089,0.407040,0.351351,-0.664393
0.0918,5410,Real,Middle_DIP,-17.579600,0.985901,20.942440,0.442184,0.489498,0.459369,-0.594850
0.0918,5410,Real,Middle_FingerTip,-17.576810,0.982685,20.970420,0.442184,0.489498,0.459369,-0.594850
0.0918,5410,Real,Ring_MCP,-17.629580,0.960772,20.877340,0.614027,0.285810,0.202887,-0.707192
0.0918,5410,Real,Ring_PIP,-17.594480,0.963752,20.907750,0.559515,0.381653,0.314946,-0.664901
0.0918,5410,Real,Ring_DIP,-17.581040,0.963970,20.930400,0.497726,0.459331,0.408743,-0.611730
0.0918,5410,Real,Ring_FingerTip,-17.574740,0.962864,20.955400,0.497726,0.459331,0.408743,-0.611730
0.0918,5410,Real,Pinky_MCP,-17.634980,0.939377,20.873670,0.626773,0.285761,0.204701,-0.695409
0.0918,5410,Real,Pinky_PIP,-17.605340,0.942271,20.899420,0.572101,0.383673,0.314824,-0.652980
0.0918,5410,Real,Pinky_DIP,-17.596030,0.942782,20.915220,0.509881,0.463169,0.406880,-0.599954
0.0918,5410,Real,Pinky_FingerTip,-17.591440,0.942478,20.933820,0.509881,0.463169,0.406880,-0.599954
0.0918,5410,Virtual,Wrist,-17.720590,0.995889,20.820590,0.629793,0.194436,0.102704,-0.744989
0.0918,5410,Virtual,Thumb_CMC,-17.695010,1.028190,20.843890,0.016852,0.486628,-0.279449,-0.827537
0.0918,5410,Virtual,Thumb_MCP,-17.678760,1.049219,20.878840,-0.050675,0.484275,-0.162201,-0.858254
0.0918,5410,Virtual,Thumb_IP,-17.655310,1.060464,20.920410,-0.168902,0.456687,0.055160,-0.871704
0.0918,5410,Virtual,Thumb_FingerTip,-17.638870,1.053326,20.942570,-0.168902,0.456687,0.055160,-0.871704
0.0918,5410,Virtual,Index_MCP,-17.628690,1.036770,20.875410,0.562264,0.281782,0.203206,-0.750444
0.0918,5410,Virtual,Index_PIP,-17.593170,1.037327,20.905920,0.532383,0.334829,0.274816,-0.727279
0.0918,5410,Virtual,Index_DIP,-17.576960,1.036205,20.926160,0.501215,0.379902,0.337082,-0.700596
0.0918,5410,Virtual,Index_FingerTip,-17.563930,1.033744,20.949570,0.501215,0.379902,0.337082,-0.700596
0.0918,5410,Virtual,Middle_MCP,-17.622720,1.010567,20.869920,0.588906,0.296031,0.224639,-0.717700
0.0918,5410,Virtual,Middle_PIP,-17.584500,1.011952,20.906330,0.522337,0.402006,0.356244,-0.662304
0.0918,5410,Virtual,Middle_DIP,-17.572780,1.010512,20.931410,0.446242,0.485090,0.463834,-0.591958
0.0918,5410,Virtual,Middle_FingerTip,-17.569970,1.007224,20.959380,0.446242,0.485090,0.463834,-0.591958
0.0918,5410,Virtual,Ring_MCP,-17.623290,0.986247,20.866390,0.616127,0.280057,0.207956,-0.706194
0.0918,5410,Virtual,Ring_PIP,-17.588080,0.988639,20.896720,0.562521,0.376318,0.319786,-0.663093
0.0918,5410,Virtual,Ring_DIP,-17.574580,0.988620,20.919350,0.501479,0.454492,0.413267,-0.609234
0.0918,5410,Virtual,Ring_FingerTip,-17.568250,0.987389,20.944330,0.501479,0.454492,0.413267,-0.609234
0.0918,5410,Virtual,Pinky_MCP,-17.629040,0.964944,20.862710,0.628881,0.279919,0.209662,-0.694404
0.0918,5410,Virtual,Pinky_PIP,-17.599300,0.967342,20.888400,0.575128,0.378251,0.319557,-0.651182
0.0918,5410,Virtual,Pinky_DIP,-17.589950,0.967688,20.904180,0.513668,0.458247,0.411299,-0.597484
0.0918,5410,Virtual,Pinky_FingerTip,-17.585320,0.967292,20.922760,0.513668,0.458247,0.411299,-0.597484
0.0918,5410,Render,Wrist,-17.720590,0.995889,20.820590,0.629793,0.194436,0.102704,-0.744989
0.0918,5410,Render,Thumb_CMC,-17.695010,1.028190,20.843890,0.001504,0.486642,-0.214018,-0.846979
0.0918,5410,Render,Thumb_MCP,-17.675920,1.044173,20.880060,-0.042878,0.484752,-0.135894,-0.862966
0.0918,5410,Render,Thumb_IP,-17.651750,1.053635,20.921660,-0.125792,0.470106,0.014888,-0.873473
0.0918,5410,Render,Thumb_FingerTip,-17.635860,1.049523,20.944950,-0.125792,0.470106,0.014888,-0.873473
0.0918,5410,Render,Index_MCP,-17.628690,1.036770,20.875410,0.581437,0.239734,0.147551,-0.763340
0.0918,5410,Render,Index_PIP,-17.589290,1.039276,20.900590,0.554778,0.296249,0.222572,-0.744930
0.0918,5410,Render,Index_DIP,-17.570460,1.039201,20.918460,0.526093,0.344628,0.288233,-0.722067
0.0918,5410,Render,Index_FingerTip,-17.554420,1.037758,20.940010,0.526093,0.344628,0.288233,-0.722067
0.0918,5410,Render,Middle_MCP,-17.622720,1.010567,20.869920,0.603815,0.264296,0.186155,-0.728630
0.0918,5410,Render,Middle_PIP,-17.580950,1.013096,20.902130,0.553413,0.358020,0.300984,-0.689177
0.0918,5410,Render,Middle_DIP,-17.565360,1.012581,20.925040,0.495673,0.434457,0.397703,-0.638270
0.0918,5410,Render,Middle_FingerTip,-17.556700,1.010402,20.951890,0.495673,0.434457,0.397703,-0.638270
0.0918,5410,Render,Ring_MCP,-17.623290,0.986247,20.866390,0.631567,0.243243,0.165957,-0.717227
0.0918,5410,Render,Ring_PIP,-17.584820,0.989467,20.892380,0.599492,0.314091,0.247142,-0.693453
0.0918,5410,Render,Ring_DIP,-17.566900,0.990358,20.911660,0.563843,0.374334,0.317449,-0.664216
0.0918,5410,Render,Ring_FingerTip,-17.553520,0.990369,20.933730,0.563843,0.374334,0.317449,-0.664216
0.0918,5410,Render,Pinky_MCP,-17.629040,0.964944,20.862710,0.640932,0.251101,0.177944,-0.703200
0.0918,5410,Render,Pinky_PIP,-17.597130,0.967764,20.885590,0.601499,0.334732,0.270579,-0.673009
0.0918,5410,Render,Pinky_DIP,-17.585580,0.968470,20.899830,0.556706,0.404876,0.349823,-0.635436
0.0918,5410,Render,Pinky_FingerTip,-17.577390,0.968589,20.917150,0.556706,0.404876,0.349823,-0.635436
0.1050,5411,Real,Wrist,-17.729090,0.968246,20.832190,0.626254,0.206558,0.096510,-0.745537
0.1050,5411,Real,Thumb_CMC,-17.704620,1.001173,20.855790,0.011593,0.491405,-0.289824,-0.821212
0.1050,5411,Real,Thumb_MCP,-17.689290,1.022575,20.890940,-0.056545,0.488278,-0.173352,-0.853426
0.1050,5411,Real,Thumb_IP,-17.666590,1.034375,20.932760,-0.175580,0.459113,0.043161,-0.869784
0.1050,5411,Real,Thumb_FingerTip,-17.650200,1.027641,20.955090,-0.175580,0.459113,0.043161,-0.869784
0.1050,5411,Real,Index_MCP,-17.638880,1.011435,20.888040,0.557053,0.292994,0.196614,-0.751791
0.1050,5411,Real,Index_PIP,-17.603720,1.012877,20.918930,0.526112,0.345484,0.268385,-0.729257
0.1050,5411,Real,Index_DIP,-17.587700,1.012153,20.939330,0.494041,0.389971,0.330848,-0.703126
0.1050,5411,Real,Index_FingerTip,-17.574870,1.010002,20.962880,0.494041,0.389971,0.330848,-0.703126
0.1050,5411,Real,Middle_MCP,-17.632180,0.985402,20.882580,0.583409,0.307400,0.218621,-0.719267
0.1050,5411,Real,Middle_PIP,-17.594400,0.987736,20.919400,0.514791,0.412130,0.350631,-0.664980
0.1050,5411,Real,Middle_DIP,-17.582910,0.986571,20.944600,0.437082,0.493782,0.458758,-0.595551
0.1050,5411,Real,Middle_FingerTip,-17.580320,0.983323,20.972600,0.437082,0.493782,0.458758,-0.595551
0.1050,5411,Real,Ring_MCP,-17.632070,0.961081,20.879020,0.610931,0.291728,0.202228,-0.707645
0.1050,5411,Real,Ring_PIP,-17.597260,0.964349,20.909740,0.555500,0.386991,0.314369,-0.665455
0.1050,5411,Real,Ring_DIP,-17.584010,0.964654,20.932500,0.492974,0.464025,0.408253,-0.612362
0.1050,5411,Real,Ring_FingerTip,-17.577930,0.963557,20.957550,0.492974,0.464025,0.408253,-0.612362
0.1050,5411,Real,Pinky_MCP,-17.637230,0.939640,20.875260,0.623683,0.291691,0.204156,-0.695886
0.1050,5411,Real,Pinky_PIP,-17.607840,0.942778,20.901270,0.568089,0.389024,0.314363,-0.653538
0.1050,5411,Real,Pinky_DIP,-17.598670,0.943348,20.917150,0.505130,0.467876,0.406506,-0.600574
0.1050,5411,Real,Pinky_FingerTip,-17.594230,0.943050,20.935780,0.505130,0.467876,0.406506,-0.600574
0.1050,5411,Virtual,Wrist,-17.721190,0.995722,20.822230,0.628506,0.200288,0.097390,-0.745239
0.1050,5411,Virtual,Thumb_CMC,-17.696180,1.028448,20.845550,0.013733,0.487508,-0.286228,-0.824755
0.1050,5411,Virtual,Thumb_MCP,-17.680330,1.049768,20.880510,-0.053886,0.484715,-0.169300,-0.856438
0.1050,5411,Virtual,Thumb_IP,-17.657150,1.061425,20.922120,-0.172122,0.456319,0.047832,-0.871699
0.1050,5411,Virtual,Thumb_FingerTip,-17.640660,1.054572,20.944320,-0.172122,0.456319,0.047832,-0.871699
0.1050,5411,Virtual,Index_MCP,-17.630070,1.038110,20.877210,0.560180,0.287154,0.197726,-0.751429
0.1050,5411,Virtual,Index_PIP,-17.594630,1.039261,20.907790,0.529789,0.339974,0.269458,-0.728789
0.1050,5411,Virtual,Index_DIP,-17.578440,1.038416,20.928070,0.498184,0.384802,0.331875,-0.702567
0.1050,5411,Virtual,Index_FingerTip,-17.565430,1.036186,20.951500,0.498184,0.384802,0.331875,-0.702567
0.1050,5411,Virtual,Middle_MCP,-17.623680,1.011999,20.871750,0.586668,0.301589,0.219440,-0.718827
0.1050,5411,Virtual,Middle_PIP,-17.585560,1.014026,20.908250,0.519089,0.407040,0.351351,-0.664393
0.1050,5411,Virtual,Middle_DIP,-17.573870,1.012799,20.933350,0.442184,0.489498,0.459369,-0.594850
0.1050,5411,Virtual,Middle_FingerTip,-17.571070,1.009583,20.961330,0.442184,0.489498,0.459369,-0.594850
0.1050,5411,Virtual,Ring_MCP,-17.623840,0.987670,20.868250,0.614027,0.285810,0.202887,-0.707192
0.1050,5411,Virtual,Ring_PIP,-17.588750,0.990650,20.898660,0.559515,0.381653,0.314946,-0.664901
0.1050,5411,Virtual,Ring_DIP,-17.575300,0.990868,20.921310,0.497726,0.459331,0.408743,-0.611730
0.1050,5411,Virtual,Ring_FingerTip,-17.569010,0.989762,20.946310,0.497726,0.459331,0.408743,-0.611730
0.1050,5411,Virtual,Pinky_MCP,-17.629250,0.966275,20.864570,0.626773,0.285761,0.204701,-0.695409
0.1050,5411,Virtual,Pinky_PIP,-17.599610,0.969169,20.890330,0.572101,0.383673,0.314824,-0.652979
0.1050,5411,Virtual,Pinky_DIP,-17.590300,0.969680,20.906130,0.509881,0.463169,0.406880,-0.599954
0.1050,5411,Virtual,Pinky_FingerTip,-17.585700,0.969376,20.924730,0.509881,0.463169,0.406880,-0.599954
0.1050,5411,Render,Wrist,-17.721190,0.995722,20.822230,0.628506,0.200288,0.097390,-0.745239
0.1050,5411,Render,Thumb_CMC,-17.696180,1.028448,20.845550,-0.000539,0.494993,-0.219266,-0.840776
0.1050,5411,Render,Thumb_MCP,-17.678010,1.044615,20.882110,-0.045673,0.492882,-0.141685,-0.857267
0.1050,5411,Render,Thumb_IP,-17.654770,1.054318,20.924180,-0.129947,0.477632,0.008202,-0.868858
0.1050,5411,Render,Thumb_FingerTip,-17.639270,1.050375,20.947770,-0.129947,0.477632,0.008202,-0.868858
0.1050,5411,Render,Index_MCP,-17.630070,1.038110,20.877210,0.579754,0.245244,0.142014,-0.763920
0.1050,5411,Render,Index_PIP,-17.590760,1.041266,20.902470,0.552555,0.301565,0.217120,-0.746056
0.1050,5411,Render,Index_DIP,-17.571980,1.041507,20.920370,0.523405,0.349724,0.282903,-0.723676
0.1050,5411,Render,Index_FingerTip,-17.555960,1.040341,20.941960,0.523405,0.349724,0.282903,-0.723676
0.1050,5411,Render,Middle_MCP,-17.623680,1.011999,20.871750,0.601876,0.269964,0.180904,-0.729479
0.1050,5411,Render,Middle_PIP,-17.582020,1.015223,20.904050,0.550587,0.363303,0.295937,-0.690860
0.1050,5411,Render,Middle_DIP,-17.566470,1.014978,20.927000,0.492111,0.439274,0.392953,-0.640666
0.1050,5411,Render,Middle_FingerTip,-17.557840,1.012964,20.953870,0.492111,0.439274,0.392953,-0.640666
0.1050,5411,Render,Ring_MCP,-17.623840,0.987670,20.868250,0.629810,0.249110,0.160838,-0.717924
0.1050,5411,Render,Ring_PIP,-17.585490,0.991526,20.894320,0.597074,0.319718,0.242137,-0.694733
0.1050,5411,Render,Ring_DIP,-17.567620,0.992720,20.913640,0.560856,0.379680,0.312602,-0.666006
0.1050,5411,Render,Ring_FingerTip,-17.554310,0.992965,20.935740,0.560856,0.379680,0.312602,-0.666006
0.1050,5411,Render,Pinky_MCP,-17.629250,0.966275,20.864570,0.639092,0.257033,0.172942,-0.703980
0.1050,5411,Render,Pinky_PIP,-17.597430,0.969623,20.887530,0.598880,0.340363,0.265727,-0.674452
0.1050,5411,Render,Pinky_DIP,-17.585930,0.970526,20.901790,0.553427,0.410150,0.345180,-0.637454
0.1050,5411,Render,Pinky_FingerTip,-17.577780,0.970793,20.919130,0.553427,0.410150,0.345180,-0.637454
0.1170,5412,Real,Wrist,-17.730460,0.967382,20.833510,0.622262,0.212142,0.095091,-0.747492
0.1170,5412,Real,Thumb_CMC,-17.706510,1.000418,20.857490,0.002662,0.496392,-0.286684,-0.819390
0.1170,5412,Real,Thumb_MCP,-17.691460,1.021164,20.893140,-0.065767,0.492023,-0.171035,-0.851079
0.1170,5412,Real,Thumb_IP,-17.669030,1.032265,20.935310,-0.184916,0.460672,0.043834,-0.866987
0.1170,5412,Real,Thumb_FingerTip,-17.652740,1.025244,20.957610,-0.184916,0.460672,0.043834,-0.866987
0.1170,5412,Real,Index_MCP,-17.641110,1.011192,20.890230,0.549933,0.302099,0.200998,-0.752270
0.1170,5412,Real,Index_PIP,-17.606610,1.012590,20.921870,0.519151,0.352381,0.270717,-0.730084
0.1170,5412,Real,Index_DIP,-17.590900,1.011827,20.942520,0.487520,0.394987,0.331437,-0.704599
0.1170,5412,Real,Index_FingerTip,-17.578300,1.009623,20.966190,0.487520,0.394987,0.331437,-0.704599
0.1170,5412,Real,Middle_MCP,-17.634070,0.985273,20.884650,0.576398,0.316194,0.222474,-0.719925
0.1170,5412,Real,Middle_PIP,-17.597050,0.987606,20.922230,0.505406,0.420450,0.355864,-0.664189
0.1170,5412,Real,Middle_DIP,-17.586150,0.986283,20.947680,0.425518,0.501147,0.464847,-0.593046
0.1170,5412,Real,Middle_FingerTip,-17.584300,0.982750,20.975700,0.425518,0.501147,0.464847,-0.593046
0.1170,5412,Real,Ring_MCP,-17.633670,0.960978,20.880930,0.603604,0.302086,0.207514,-0.708057
0.1170,5412,Real,Ring_PIP,-17.599640,0.964274,20.912490,0.544534,0.398844,0.323088,-0.663341
0.1170,5412,Real,Ring_DIP,-17.587170,0.964425,20.935700,0.478181,0.476379,0.419399,-0.607051
0.1170,5412,Real,Ring_FingerTip,-17.582160,0.963042,20.960970,0.478181,0.476379,0.419399,-0.607051
0.1170,5412,Real,Pinky_MCP,-17.638560,0.939508,20.876990,0.616389,0.302188,0.209445,-0.696334
0.1170,5412,Real,Pinky_PIP,-17.609830,0.942691,20.903720,0.557121,0.401085,0.323030,-0.651460
0.1170,5412,Real,Pinky_DIP,-17.601220,0.943168,20.919910,0.490286,0.480492,0.417551,-0.595314
0.1170,5412,Real,Pinky_FingerTip,-17.597590,0.942670,20.938720,0.490286,0.480492,0.417551,-0.595314
0.1170,5412,Virtual,Wrist,-17.721960,0.995998,20.823700,0.626254,0.206558,0.096510,-0.745537
0.1170,5412,Virtual,Thumb_CMC,-17.697480,1.028925,20.847300,0.007253,0.492731,-0.283795,-0.822572
0.1170,5412,Virtual,Thumb_MCP,-17.681970,1.049740,20.882710,-0.060715,0.489029,-0.167735,-0.853832
0.1170,5412,Virtual,Thumb_IP,-17.659140,1.060873,20.924650,-0.179282,0.459014,0.047710,-0.868843
0.1170,5412,Virtual,Thumb_FingerTip,-17.642790,1.053819,20.946900,-0.179282,0.459014,0.047710,-0.868843
0.1170,5412,Virtual,Index_MCP,-17.631750,1.039187,20.879550,0.554790,0.297257,0.202373,-0.750261
0.1170,5412,Virtual,Index_PIP,-17.597030,1.040413,20.910950,0.524441,0.348016,0.271897,-0.727955
0.1170,5412,Virtual,Index_DIP,-17.581200,1.039613,20.931500,0.493160,0.391084,0.332434,-0.702378
0.1170,5412,Virtual,Index_FingerTip,-17.568480,1.037427,20.955100,0.493160,0.391084,0.332434,-0.702378
0.1170,5412,Virtual,Middle_MCP,-17.625040,1.013155,20.874080,0.581294,0.311382,0.223534,-0.717755
0.1170,5412,Virtual,Middle_PIP,-17.587750,1.015326,20.911410,0.511130,0.416662,0.356491,-0.661856
0.1170,5412,Virtual,Middle_DIP,-17.576700,1.014053,20.936800,0.431809,0.498400,0.465063,-0.590640
0.1170,5412,Virtual,Middle_FingerTip,-17.574700,1.010687,20.964830,0.431809,0.498400,0.465063,-0.590640
0.1170,5412,Virtual,Ring_MCP,-17.624930,0.988833,20.870530,0.608332,0.297111,0.208468,-0.705832
0.1170,5412,Virtual,Ring_PIP,-17.590660,0.991960,20.901850,0.550027,0.394731,0.323656,-0.660988
0.1170,5412,Virtual,Ring_DIP,-17.578040,0.992128,20.924980,0.484231,0.473141,0.419607,-0.604639
0.1170,5412,Virtual,Ring_FingerTip,-17.572880,0.990858,20.950220,0.484231,0.473141,0.419607,-0.604639
0.1170,5412,Virtual,Pinky_MCP,-17.630090,0.967392,20.866770,0.621083,0.297187,0.210292,-0.694056
0.1170,5412,Virtual,Pinky_PIP,-17.601150,0.970433,20.893290,0.562586,0.396940,0.323483,-0.649072
0.1170,5412,Virtual,Pinky_DIP,-17.592430,0.970923,20.909420,0.496314,0.477218,0.417640,-0.592886
0.1170,5412,Virtual,Pinky_FingerTip,-17.588680,0.970511,20.928200,0.496314,0.477218,0.417640,-0.592886
0.1170,5412,Render,Wrist,-17.721960,0.995998,20.823700,0.626254,0.206558,0.096510,-0.745537
0.1170,5412,Render,Thumb_CMC,-17.697480,1.028925,20.847300,-0.003020,0.498813,-0.222997,-0.837525
0.1170,5412,Render,Thumb_MCP,-17.679790,1.045195,20.884040,-0.048492,0.496460,-0.145698,-0.854370
0.1170,5412,Render,Thumb_IP,-17.657010,1.055041,20.926330,-0.133341,0.480671,0.003750,-0.866696
0.1170,5412,Render,Thumb_FingerTip,-17.641680,1.051202,20.950050,-0.133341,0.480671,0.003750,-0.866696
0.1170,5412,Render,Index_MCP,-17.631750,1.039187,20.879550,0.577064,0.251298,0.140878,-0.764199
0.1170,5412,Render,Index_PIP,-17.592700,1.042686,20.905140,0.549278,0.307322,0.216017,-0.746447
0.1170,5412,Render,Index_DIP,-17.574060,1.043079,20.923210,0.519626,0.355165,0.281840,-0.724164
0.1170,5412,Render,Index_FingerTip,-17.558220,1.042027,20.944930,0.519626,0.355165,0.281840,-0.724164
0.1170,5412,Render,Middle_MCP,-17.625040,1.013155,20.874080,0.598931,0.275940,0.180063,-0.729875
0.1170,5412,Render,Middle_PIP,-17.583700,1.016729,20.906750,0.546719,0.368727,0.295171,-0.691385
0.1170,5412,Render,Middle_DIP,-17.568350,1.016591,20.929830,0.487497,0.444081,0.392271,-0.641298
0.1170,5412,Render,Middle_FingerTip,-17.559920,1.014606,20.956770,0.487497,0.444081,0.392271,-0.641298
0.1170,5412,Render,Ring_MCP,-17.624930,0.988833,20.870530,0.627069,0.255200,0.160153,-0.718338
0.1170,5412,Render,Ring_PIP,-17.586850,0.993020,20.896940,0.593652,0.325453,0.241504,-0.695222
0.1170,5412,Render,Ring_DIP,-17.569160,0.994353,20.916410,0.556860,0.385032,0.312023,-0.666558
0.1170,5412,Render,Ring_FingerTip,-17.556030,0.994685,20.938620,0.556860,0.385032,0.312023,-0.666558
0.1170,5412,Render,Pinky_MCP,-17.630090,0.967392,20.866770,0.636273,0.263097,0.172376,-0.704431
0.1170,5412,Render,Pinky_PIP,-17.598510,0.971012,20.890000,0.595274,0.345995,0.265226,-0.674975
0.1170,5412,Render,Pinky_DIP,-17.587140,0.972001,20.904360,0.549168,0.415306,0.344746,-0.638033
0.1170,5412,Render,Pinky_FingerTip,-17.579140,0.972312,20.921760,0.549168,0.415306,0.344746,-0.638033
0.1290,5413,Real,Wrist,-17.732270,0.965762,20.833660,0.617551,0.215056,0.094694,-0.750610
0.1290,5413,Real,Thumb_CMC,-17.708620,0.998714,20.858060,-0.007279,0.500031,-0.280166,-0.819404
0.1290,5413,Real,Thumb_MCP,-17.693560,1.018556,20.894220,-0.074981,0.494431,-0.166528,-0.849815
0.1290,5413,Real,Thumb_IP,-17.671220,1.028798,20.936650,-0.192534,0.461536,0.044320,-0.864842
0.1290,5413,Real,Thumb_FingerTip,-17.654970,1.021548,20.958920,-0.192534,0.461536,0.044320,-0.864842
0.1290,5413,Real,Index_MCP,-17.643400,1.009597,20.891140,0.540255,0.312079,0.211816,-0.752240
0.1290,5413,Real,Index_PIP,-17.609900,1.010465,20.923850,0.508322,0.361770,0.282004,-0.728838
0.1290,5413,Real,Index_DIP,-17.594860,1.009341,20.944970,0.475678,0.403732,0.343029,-0.702184
0.1290,5413,Real,Index_FingerTip,-17.583070,1.006715,20.969010,0.475678,0.403732,0.343029,-0.702184
0.1290,5413,Real,Middle_MCP,-17.636180,0.983785,20.885310,0.565754,0.327936,0.234901,-0.719169
0.1290,5413,Real,Middle_PIP,-17.600550,0.985538,20.924260,0.488951,0.434218,0.373662,-0.657844
0.1290,5413,Real,Middle_DIP,-17.591030,0.983681,20.950220,0.402915,0.515052,0.485848,-0.579942
0.1290,5413,Real,Middle_FingerTip,-17.591100,0.979479,20.978210,0.402915,0.515052,0.485848,-0.579942
0.1290,5413,Real,Ring_MCP,-17.635590,0.959533,20.881350,0.589441,0.321670,0.228388,-0.704931
0.1290,5413,Real,Ring_PIP,-17.603540,0.962196,20.914980,0.518262,0.426985,0.357138,-0.649262
0.1290,5413,Real,Ring_DIP,-17.593530,0.961638,20.939340,0.438237,0.508784,0.462194,-0.579193
0.1290,5413,Real,Ring_FingerTip,-17.592110,0.959330,20.965000,0.438237,0.508784,0.462194,-0.579193
0.1290,5413,Real,Pinky_MCP,-17.640330,0.938071,20.877170,0.602272,0.322161,0.230041,-0.693226
0.1290,5413,Real,Pinky_PIP,-17.613290,0.940792,20.905670,0.530771,0.429886,0.356555,-0.637455
0.1290,5413,Real,Pinky_DIP,-17.606390,0.940824,20.922670,0.450071,0.513766,0.459615,-0.567658
0.1290,5413,Real,Pinky_FingerTip,-17.605440,0.939687,20.941770,0.450071,0.513766,0.459615,-0.567658
0.1290,5413,Virtual,Wrist,-17.722740,0.996321,20.824900,0.622261,0.212142,0.095091,-0.747492
0.1290,5413,Virtual,Thumb_CMC,-17.698780,1.029357,20.848880,-0.001878,0.497210,-0.279907,-0.821238
0.1290,5413,Virtual,Thumb_MCP,-17.683460,1.049463,20.884790,-0.069248,0.492368,-0.166022,-0.851596
0.1290,5413,Virtual,Thumb_IP,-17.660910,1.059983,20.927030,-0.186472,0.460922,0.045243,-0.866448
0.1290,5413,Virtual,Thumb_FingerTip,-17.644630,1.052850,20.949320,-0.186472,0.460922,0.045243,-0.866448
0.1290,5413,Virtual,Index_MCP,-17.633380,1.040131,20.881630,0.545507,0.310020,0.211855,-0.749285
0.1290,5413,Virtual,Index_PIP,-17.599760,1.041103,20.914210,0.513745,0.360217,0.281763,-0.725892
0.1290,5413,Virtual,Index_DIP,-17.584660,1.040092,20.935300,0.481213,0.402647,0.342538,-0.699270
0.1290,5413,Virtual,Index_FingerTip,-17.572790,1.037630,20.959310,0.481213,0.402647,0.342538,-0.699270
0.1290,5413,Virtual,Middle_MCP,-17.626340,1.014212,20.876040,0.570930,0.325964,0.234702,-0.716032
0.1290,5413,Virtual,Middle_PIP,-17.590580,1.016118,20.914840,0.494417,0.433319,0.372841,-0.654810
0.1290,5413,Virtual,Middle_DIP,-17.580970,1.014460,20.940800,0.408452,0.515150,0.484496,-0.577106
0.1290,5413,Virtual,Middle_FingerTip,-17.580980,1.010544,20.968820,0.408452,0.515150,0.484496,-0.577106
0.1290,5413,Virtual,Ring_MCP,-17.625940,0.989917,20.872320,0.594511,0.319609,0.228133,-0.701685
0.1290,5413,Virtual,Ring_PIP,-17.593760,0.992703,20.905820,0.523631,0.425917,0.356275,-0.646123
0.1290,5413,Virtual,Ring_DIP,-17.583660,0.992325,20.930140,0.443708,0.508642,0.460811,-0.576246
0.1290,5413,Virtual,Ring_FingerTip,-17.582170,0.990269,20.955820,0.443708,0.508642,0.460811,-0.576246
0.1290,5413,Virtual,Pinky_MCP,-17.630830,0.968447,20.868380,0.607287,0.320085,0.229720,-0.689911
0.1290,5413,Virtual,Pinky_PIP,-17.603690,0.971273,20.896760,0.536088,0.428792,0.355616,-0.634260
0.1290,5413,Virtual,Pinky_DIP,-17.596730,0.971432,20.913730,0.455496,0.513591,0.458147,-0.564668
0.1290,5413,Virtual,Pinky_FingerTip,-17.595720,0.970483,20.932840,0.455496,0.513591,0.458147,-0.564668
0.1290,5413,Render,Wrist,-17.722740,0.996321,20.824900,0.622261,0.212142,0.095091,-0.747492
0.1290,5413,Render,Thumb_CMC,-17.698780,1.029357,20.848880,-0.007716,0.503510,-0.225684,-0.833958
0.1290,5413,Render,Thumb_MCP,-17.681610,1.045545,20.885910,-0.053597,0.500708,-0.148699,-0.851063
0.1290,5413,Render,Thumb_IP,-17.659330,1.055323,20.928480,-0.139101,0.483976,0.000223,-0.863955
0.1290,5413,Render,Thumb_FingerTip,-17.644180,1.051475,20.952310,-0.139101,0.483976,0.000223,-0.863955
0.1290,5413,Render,Index_MCP,-17.633380,1.040131,20.881630,0.572616,0.256518,0.139345,-0.766089
0.1290,5413,Render,Index_PIP,-17.594530,1.043890,20.907510,0.544334,0.312075,0.214679,-0.748480
0.1290,5413,Render,Index_DIP,-17.576020,1.044367,20.925700,0.514277,0.359457,0.280689,-0.726308
0.1290,5413,Render,Index_FingerTip,-17.560310,1.043344,20.947510,0.514277,0.359457,0.280689,-0.726308
0.1290,5413,Render,Middle_MCP,-17.626340,1.014212,20.876040,0.594333,0.281038,0.178874,-0.731978
0.1290,5413,Render,Middle_PIP,-17.585260,1.018024,20.909000,0.541361,0.373018,0.294336,-0.693652
0.1290,5413,Render,Middle_DIP,-17.570050,1.017901,20.932170,0.481574,0.447549,0.391774,-0.643662
0.1290,5413,Render,Middle_FingerTip,-17.561780,1.015827,20.959160,0.481574,0.447549,0.391774,-0.643662
0.1290,5413,Render,Ring_MCP,-17.625940,0.989917,20.872320,0.622689,0.260484,0.159051,-0.720493
0.1290,5413,Render,Ring_PIP,-17.588080,0.994348,20.899010,0.588695,0.330200,0.240656,-0.697489
0.1290,5413,Render,Ring_DIP,-17.570530,0.995746,20.918610,0.551439,0.389241,0.311414,-0.668901
0.1290,5413,Render,Ring_FingerTip,-17.557550,0.996073,20.940900,0.551439,0.389241,0.311414,-0.668901
0.1290,5413,Render,Pinky_MCP,-17.630830,0.968447,20.868380,0.631857,0.268346,0.171407,-0.706659
0.1290,5413,Render,Pinky_PIP,-17.599450,0.972260,20.891840,0.590194,0.350604,0.264565,-0.677313
0.1290,5413,Render,Pinky_DIP,-17.588180,0.973278,20.906280,0.543568,0.419268,0.344372,-0.640434
0.1290,5413,Render,Pinky_FingerTip,-17.580300,0.973559,20.923750,0.543568,0.419268,0.344372,-0.640434
0.1427,5414,Real,Wrist,-17.734750,0.965134,20.833770,0.615298,0.218615,0.100649,-0.750657
0.1427,5414,Real,Thumb_CMC,-17.711310,0.997871,20.858650,-0.011083,0.506877,-0.271089,-0.818208
0.1427,5414,Real,Thumb_MCP,-17.696410,1.016857,20.895330,-0.078669,0.500857,-0.159403,-0.847080
0.1427,5414,Real,Thumb_IP,-17.674470,1.026234,20.938170,-0.195975,0.467590,0.047449,-0.860641
0.1427,5414,Real,Thumb_FingerTip,-17.658570,1.018683,20.960580,-0.195975,0.467590,0.047449,-0.860641
0.1427,5414,Real,Index_MCP,-17.646490,1.008343,20.892640,0.533141,0.322625,0.227544,-0.748263
0.1427,5414,Real,Index_PIP,-17.614260,1.008506,20.926610,0.499845,0.372131,0.298058,-0.723074
0.1427,5414,Real,Index_DIP,-17.600100,1.006974,20.948310,0.465952,0.413782,0.359202,-0.694729
0.1427,5414,Real,Index_FingerTip,-17.589360,1.003921,20.972780,0.465952,0.413782,0.359202,-0.694729
0.1427,5414,Real,Middle_MCP,-17.639270,0.982536,20.886770,0.555360,0.343451,0.256683,-0.712552
0.1427,5414,Real,Middle_PIP,-17.605880,0.983364,20.927670,0.470136,0.453162,0.401611,-0.642126
0.1427,5414,Real,Middle_DIP,-17.598490,0.980879,20.954270,0.375109,0.534488,0.516674,-0.553772
0.1427,5414,Real,Middle_FingerTip,-17.601470,0.976032,20.981990,0.375109,0.534488,0.516674,-0.553772
0.1427,5414,Real,Ring_MCP,-17.638730,0.958304,20.882680,0.575355,0.344198,0.257941,-0.695673
0.1427,5414,Real,Ring_PIP,-17.609420,0.960034,20.918780,0.489985,0.457625,0.398635,-0.625767
0.1427,5414,Real,Ring_DIP,-17.602480,0.958705,20.944160,0.394237,0.542294,0.510144,-0.538747
0.1427,5414,Real,Ring_FingerTip,-17.605280,0.955555,20.969610,0.394237,0.542294,0.510144,-0.538747
0.1427,5414,Real,Pinky_MCP,-17.643480,0.936881,20.878330,0.588187,0.345018,0.259263,-0.683945
0.1427,5414,Real,Pinky_PIP,-17.618780,0.938898,20.908910,0.502356,0.461129,0.397459,-0.614024
0.1427,5414,Real,Pinky_DIP,-17.614030,0.938443,20.926630,0.405719,0.548082,0.506760,-0.527440
0.1427,5414,Real,Pinky_FingerTip,-17.616220,0.936722,20.945590,0.405719,0.548082,0.506760,-0.527440
0.1427,5414,Virtual,Wrist,-17.723160,0.996757,20.825260,0.617551,0.215057,0.094694,-0.750610
0.1427,5414,Virtual,Thumb_CMC,-17.699520,1.029709,20.849660,-0.011583,0.500761,-0.273819,-0.821053
0.1427,5414,Virtual,Thumb_MCP,-17.684210,1.048944,20.886050,-0.078348,0.494730,-0.161729,-0.850264
0.1427,5414,Virtual,Thumb_IP,-17.661750,1.058628,20.928540,-0.194200,0.461717,0.045951,-0.864288
0.1427,5414,Virtual,Thumb_FingerTip,-17.645520,1.051253,20.950770,-0.194200,0.461717,0.045951,-0.864288
0.1427,5414,Virtual,Index_MCP,-17.634300,1.040592,20.882740,0.536036,0.319272,0.221852,-0.749342
0.1427,5414,Virtual,Index_PIP,-17.601630,1.041051,20.916280,0.503048,0.369069,0.292494,-0.724692
0.1427,5414,Virtual,Index_DIP,-17.587180,1.039685,20.937810,0.469406,0.411007,0.353798,-0.696820
0.1427,5414,Virtual,Index_FingerTip,-17.576110,1.036801,20.962150,0.469406,0.411007,0.353798,-0.696820
0.1427,5414,Virtual,Middle_MCP,-17.627070,1.014780,20.876920,0.558313,0.340449,0.250852,-0.713761
0.1427,5414,Virtual,Middle_PIP,-17.593150,1.015945,20.917370,0.473657,0.450852,0.396167,-0.644541
0.1427,5414,Virtual,Middle_DIP,-17.585400,1.013628,20.943880,0.379006,0.532892,0.511792,-0.557181
0.1427,5414,Virtual,Middle_FingerTip,-17.588000,1.008919,20.971670,0.379006,0.532892,0.511792,-0.557181
0.1427,5414,Virtual,Ring_MCP,-17.626490,0.990528,20.872950,0.578270,0.341345,0.252007,-0.696836
0.1427,5414,Virtual,Ring_PIP,-17.596710,0.992555,20.908650,0.493435,0.455450,0.393080,-0.628154
0.1427,5414,Virtual,Ring_DIP,-17.589430,0.991387,20.933940,0.398037,0.540813,0.505141,-0.542144
0.1427,5414,Virtual,Ring_FingerTip,-17.591890,0.988363,20.959440,0.398037,0.540813,0.505141,-0.542144
0.1427,5414,Virtual,Pinky_MCP,-17.631220,0.969066,20.868770,0.591077,0.342268,0.253264,-0.685083
0.1427,5414,Virtual,Pinky_PIP,-17.606120,0.971334,20.899020,0.505760,0.459049,0.391833,-0.616399
0.1427,5414,Virtual,Pinky_DIP,-17.601140,0.970990,20.916680,0.409456,0.546686,0.501687,-0.530840
0.1427,5414,Virtual,Pinky_FingerTip,-17.603080,0.969363,20.935670,0.409456,0.546686,0.501687,-0.530840
0.1427,5414,Render,Wrist,-17.723160,0.996757,20.825260,0.617551,0.215057,0.094694,-0.750610
0.1427,5414,Render,Thumb_CMC,-17.699520,1.029709,20.849660,-0.013208,0.506679,-0.225812,-0.831932
0.1427,5414,Render,Thumb_MCP,-17.682630,1.045620,20.886940,-0.059355,0.503364,-0.149011,-0.849057
0.1427,5414,Render,Thumb_IP,-17.660620,1.055097,20.929720,-0.145231,0.485599,-0.000429,-0.862034
0.1427,5414,Render,Thumb_FingerTip,-17.645560,1.051098,20.953580,-0.145231,0.485599,-0.000429,-0.862034
0.1427,5414,Render,Index_MCP,-17.634300,1.040592,20.882740,0.567585,0.259069,0.139024,-0.769028
0.1427,5414,Render,Index_PIP,-17.595560,1.044351,20.908790,0.539075,0.314114,0.214652,-0.751436
0.1427,5414,Render,Index_DIP,-17.577120,1.044768,20.927050,0.508857,0.361018,0.280926,-0.729255
0.1427,5414,Render,Index_FingerTip,-17.561480,1.043629,20.948910,0.508857,0.361018,0.280926,-0.729255
0.1427,5414,Render,Middle_MCP,-17.627070,1.014780,20.876920,0.589324,0.283402,0.178831,-0.735120
0.1427,5414,Render,Middle_PIP,-17.586120,1.018535,20.910050,0.536036,0.374545,0.294799,-0.696760
0.1427,5414,Render,Middle_DIP,-17.571000,1.018278,20.933280,0.476084,0.448289,0.392683,-0.646670
0.1427,5414,Render,Middle_FingerTip,-17.562800,1.015985,20.960260,0.476084,0.448289,0.392683,-0.646670
0.1427,5414,Render,Ring_MCP,-17.626490,0.990528,20.872950,0.617842,0.263027,0.158991,-0.723747
0.1427,5414,Render,Ring_PIP,-17.588740,0.994943,20.899810,0.583588,0.332170,0.240971,-0.700729
0.1427,5414,Render,Ring_DIP,-17.571280,0.996260,20.919480,0.546156,0.390673,0.312061,-0.672091
0.1427,5414,Render,Ring_FingerTip,-17.558370,0.996448,20.941820,0.546156,0.390673,0.312061,-0.672091
0.1427,5414,Render,Pinky_MCP,-17.631220,0.969066,20.868770,0.627032,0.270833,0.171451,-0.709990
0.1427,5414,Render,Pinky_PIP,-17.599940,0.972853,20.892380,0.585080,0.352422,0.265054,-0.680608
0.1427,5414,Render,Pinky_DIP,-17.588730,0.973799,20.906870,0.538272,0.420456,0.345255,-0.643646
0.1427,5414,Render,Pinky_FingerTip,-17.580910,0.973956,20.924360,0.538272,0.420456,0.345255,-0.643646
0.1606,5415,Real,Wrist,-17.737900,0.965299,20.832910,0.615800,0.224606,0.105425,-0.747816
0.1606,5415,Real,Thumb_CMC,-17.714840,0.998106,20.858060,-0.007385,0.512958,-0.271782,-0.814221
0.1606,5415,Real,Thumb_MCP,-17.700530,1.017207,20.894910,-0.075816,0.507377,-0.160622,-0.843221
0.1606,5415,Real,Thumb_IP,-17.679270,1.026717,20.938060,-0.194761,0.474603,0.045344,-0.857184
0.1606,5415,Real,Thumb_FingerTip,-17.663730,1.019233,20.960740,-0.194761,0.474603,0.045344,-0.857184
0.1606,5415,Real,Index_MCP,-17.650570,1.008656,20.893040,0.532656,0.328832,0.231482,-0.744690
0.1606,5415,Real,Index_PIP,-17.618890,1.008916,20.927530,0.498769,0.378263,0.301636,-0.719140
0.1606,5415,Real,Index_DIP,-17.605090,1.007449,20.949460,0.464352,0.419798,0.362428,-0.690502
0.1606,5415,Real,Index_FingerTip,-17.594730,1.004473,20.974100,0.464352,0.419798,0.362428,-0.690502
0.1606,5415,Real,Middle_MCP,-17.643280,0.982826,20.887380,0.554588,0.349414,0.260752,-0.708768
0.1606,5415,Real,Middle_PIP,-17.610550,0.983773,20.928800,0.468119,0.458826,0.404787,-0.637566
0.1606,5415,Real,Middle_DIP,-17.603580,0.981373,20.955530,0.372049,0.539664,0.518924,-0.548691
0.1606,5415,Real,Middle_FingerTip,-17.607010,0.976622,20.983210,0.372049,0.539664,0.518924,-0.548691
0.1606,5415,Real,Ring_MCP,-17.642690,0.958580,20.883380,0.574544,0.350021,0.262164,-0.691849
0.1606,5415,Real,Ring_PIP,-17.613950,0.960415,20.919930,0.487965,0.463147,0.401959,-0.621140
0.1606,5415,Real,Ring_DIP,-17.607420,0.959168,20.945430,0.391206,0.547333,0.512528,-0.533573
0.1606,5415,Real,Ring_FingerTip,-17.610640,0.956106,20.970840,0.391206,0.547333,0.512528,-0.533573
0.1606,5415,Real,Pinky_MCP,-17.647380,0.937145,20.879020,0.587345,0.350746,0.263584,-0.680093
0.1606,5415,Real,Pinky_PIP,-17.623170,0.939251,20.910000,0.500327,0.466551,0.400872,-0.609348
0.1606,5415,Real,Pinky_DIP,-17.618710,0.938853,20.927790,0.402698,0.553020,0.509224,-0.522202
0.1606,5415,Real,Pinky_FingerTip,-17.621200,0.937197,20.946710,0.402698,0.553020,0.509224,-0.522202
0.1606,5415,Virtual,Wrist,-17.724590,0.996995,20.826080,0.615298,0.218615,0.100649,-0.750657
0.1606,5415,Virtual,Thumb_CMC,-17.701150,1.029732,20.850960,-0.011083,0.506877,-0.271089,-0.818208
0.1606,5415,Virtual,Thumb_MCP,-17.686260,1.048718,20.887650,-0.078669,0.500857,-0.159403,-0.847080
0.1606,5415,Virtual,Thumb_IP,-17.664310,1.058095,20.930480,-0.195975,0.467590,0.047449,-0.860641
0.1606,5415,Virtual,Thumb_FingerTip,-17.648410,1.050545,20.952890,-0.195975,0.467590,0.047449,-0.860641
0.1606,5415,Virtual,Index_MCP,-17.636340,1.040204,20.884950,0.533141,0.322625,0.227545,-0.748263
0.1606,5415,Virtual,Index_PIP,-17.604100,1.040367,20.918920,0.499845,0.372131,0.298058,-0.723074
0.1606,5415,Virtual,Index_DIP,-17.589950,1.038836,20.940620,0.465952,0.413782,0.359202,-0.694729
0.1606,5415,Virtual,Index_FingerTip,-17.579200,1.035783,20.965100,0.465952,0.413782,0.359202,-0.694729
0.1606,5415,Virtual,Middle_MCP,-17.629120,1.014398,20.879080,0.555360,0.343451,0.256683,-0.712552
0.1606,5415,Virtual,Middle_PIP,-17.595730,1.015226,20.919980,0.470136,0.453162,0.401611,-0.642126
0.1606,5415,Virtual,Middle_DIP,-17.588340,1.012740,20.946580,0.375109,0.534488,0.516675,-0.553772
0.1606,5415,Virtual,Middle_FingerTip,-17.591310,1.007893,20.974300,0.375109,0.534488,0.516675,-0.553772
0.1606,5415,Virtual,Ring_MCP,-17.628570,0.990165,20.874990,0.575356,0.344198,0.257941,-0.695673
0.1606,5415,Virtual,Ring_PIP,-17.599260,0.991896,20.911090,0.489985,0.457626,0.398635,-0.625767
0.1606,5415,Virtual,Ring_DIP,-17.592320,0.990567,20.936470,0.394237,0.542294,0.510144,-0.538746
0.1606,5415,Virtual,Ring_FingerTip,-17.595120,0.987417,20.961920,0.394237,0.542294,0.510144,-0.538746
0.1606,5415,Virtual,Pinky_MCP,-17.633330,0.968743,20.870640,0.588187,0.345018,0.259263,-0.683945
0.1606,5415,Virtual,Pinky_PIP,-17.608620,0.970759,20.901230,0.502356,0.461129,0.397459,-0.614024
0.1606,5415,Virtual,Pinky_DIP,-17.603870,0.970305,20.918940,0.405719,0.548082,0.506760,-0.527440
0.1606,5415,Virtual,Pinky_FingerTip,-17.606070,0.968583,20.937890,0.405719,0.548082,0.506760,-0.527440
0.1606,5415,Render,Wrist,-17.724590,0.996995,20.826080,0.615298,0.218615,0.100649,-0.750657
0.1606,5415,Render,Thumb_CMC,-17.701150,1.029732,20.850960,-0.012952,0.513361,-0.222902,-0.828618
0.1606,5415,Render,Thumb_MCP,-17.684750,1.045369,20.888570,-0.059709,0.510041,-0.146416,-0.845492
0.1606,5415,Render,Thumb_IP,-17.663320,1.054522,20.931720,-0.146731,0.492115,0.001512,-0.858074
0.1606,5415,Render,Thumb_FingerTip,-17.648630,1.050332,20.955770,-0.146731,0.492115,0.001512,-0.858074
0.1606,5415,Render,Index_MCP,-17.636340,1.040204,20.884950,0.565072,0.262718,0.144801,-0.768574
0.1606,5415,Render,Index_PIP,-17.597930,1.043685,20.911520,0.536212,0.317495,0.220355,-0.750412
0.1606,5415,Render,Index_DIP,-17.579730,1.043939,20.930030,0.505703,0.364130,0.286514,-0.727725
0.1606,5415,Render,Index_FingerTip,-17.564380,1.042628,20.952080,0.505703,0.364130,0.286514,-0.727725
0.1606,5415,Render,Middle_MCP,-17.629120,1.014398,20.879080,0.586683,0.286683,0.184753,-0.734495
0.1606,5415,Render,Middle_PIP,-17.588600,1.017829,20.912760,0.532902,0.377358,0.300544,-0.695191
0.1606,5415,Render,Middle_DIP,-17.573780,1.017395,20.936190,0.472575,0.450618,0.398139,-0.644284
0.1606,5415,Render,Middle_FingerTip,-17.565950,1.014929,20.963270,0.472575,0.450618,0.398139,-0.644284
0.1606,5415,Render,Ring_MCP,-17.628570,0.990165,20.874990,0.615325,0.266236,0.165027,-0.723368
0.1606,5415,Render,Ring_PIP,-17.591170,0.994302,20.902370,0.580719,0.335069,0.246922,-0.699660
0.1606,5415,Render,Ring_DIP,-17.573950,0.995452,20.922280,0.543003,0.393260,0.317871,-0.670412
0.1606,5415,Render,Ring_FingerTip,-17.561350,0.995474,20.944780,0.543003,0.393260,0.317871,-0.670412
0.1606,5415,Render,Pinky_MCP,-17.633330,0.968743,20.870640,0.624484,0.273902,0.177542,-0.709562
0.1606,5415,Render,Pinky_PIP,-17.602340,0.972292,20.894670,0.582143,0.355122,0.271033,-0.679367
0.1606,5415,Render,Pinky_DIP,-17.591320,0.973121,20.909310,0.535030,0.422782,0.351041,-0.641692
0.1606,5415,Render,Pinky_FingerTip,-17.583730,0.973157,20.926910,0.535030,0.422782,0.351041,-0.641692
0.1788,5416,Real,Wrist,-17.740310,0.965114,20.832990,0.615863,0.229438,0.105850,-0.746235
0.1788,5416,Real,Thumb_CMC,-17.717620,0.998107,20.858240,-0.011607,0.517235,-0.267537,-0.812870
0.1788,5416,Real,Thumb_MCP,-17.703490,1.016678,20.895430,-0.079526,0.511217,-0.158316,-0.840993
0.1788,5416,Real,Thumb_IP,-17.682550,1.025748,20.938830,-0.197521,0.478176,0.043905,-0.854638
0.1788,5416,Real,Thumb_FingerTip,-17.667190,1.018226,20.961630,-0.197521,0.478176,0.043905,-0.854638
0.1788,5416,Real,Index_MCP,-17.653710,1.009076,20.893730,0.526597,0.341974,0.243106,-0.739358
0.1788,5416,Real,Index_PIP,-17.623370,1.009108,20.929400,0.490226,0.392338,0.314979,-0.711715
0.1788,5416,Real,Index_DIP,-17.610550,1.007455,20.951910,0.453378,0.434395,0.377047,-0.680871
0.1788,5416,Real,Index_FingerTip,-17.601450,1.004239,20.977030,0.453378,0.434395,0.377047,-0.680871
0.1788,5416,Real,Middle_MCP,-17.646240,0.983266,20.888200,0.544789,0.367607,0.278079,-0.700531
0.1788,5416,Real,Middle_PIP,-17.615870,0.983843,20.931400,0.449163,0.479773,0.427205,-0.620940
0.1788,5416,Real,Middle_DIP,-17.611030,0.981084,20.958560,0.343621,0.560227,0.543240,-0.522457
0.1788,5416,Real,Middle_FingerTip,-17.617200,0.975916,20.985680,0.343621,0.560227,0.543240,-0.522457
0.1788,5416,Real,Ring_MCP,-17.645490,0.959012,20.884280,0.562289,0.372338,0.283629,-0.681727
0.1788,5416,Real,Ring_PIP,-17.619340,0.960501,20.922750,0.463184,0.490168,0.430860,-0.599630
0.1788,5416,Real,Ring_DIP,-17.615440,0.958851,20.948750,0.353174,0.574519,0.544364,-0.498863
0.1788,5416,Real,Ring_FingerTip,-17.621960,0.955308,20.973460,0.353174,0.574519,0.544364,-0.498863
0.1788,5416,Real,Pinky_MCP,-17.650040,0.937542,20.879950,0.575037,0.373442,0.284766,-0.669912
0.1788,5416,Real,Pinky_PIP,-17.628030,0.939430,20.912540,0.475350,0.494135,0.429288,-0.587865
0.1788,5416,Real,Pinky_DIP,-17.625410,0.938788,20.930690,0.364272,0.580890,0.540419,-0.487669
0.1788,5416,Real,Pinky_FingerTip,-17.630370,0.936798,20.949080,0.364272,0.580890,0.540419,-0.487669
0.1788,5416,Virtual,Wrist,-17.726900,0.996700,20.826880,0.615800,0.224606,0.105425,-0.747816
0.1788,5416,Virtual,Thumb_CMC,-17.703840,1.029507,20.852020,-0.012622,0.514208,-0.264729,-0.815690
0.1788,5416,Virtual,Thumb_MCP,-17.689310,1.047901,20.889150,-0.080134,0.508082,-0.155162,-0.843419
0.1788,5416,Virtual,Thumb_IP,-17.667950,1.056741,20.932390,-0.197375,0.474987,0.047541,-0.856254
0.1788,5416,Virtual,Thumb_FingerTip,-17.652440,1.049078,20.955040,-0.197375,0.474987,0.047541,-0.856254
0.1788,5416,Virtual,Index_MCP,-17.639570,1.040057,20.887010,0.527403,0.337194,0.243201,-0.740946
0.1788,5416,Virtual,Index_PIP,-17.608930,1.039836,20.922420,0.491500,0.387660,0.315230,-0.713286
0.1788,5416,Virtual,Index_DIP,-17.595930,1.038055,20.944820,0.455063,0.429849,0.377437,-0.682414
0.1788,5416,Virtual,Index_FingerTip,-17.586640,1.034721,20.969840,0.455063,0.429849,0.377437,-0.682414
0.1788,5416,Virtual,Middle_MCP,-17.632280,1.014227,20.881340,0.545861,0.362895,0.278037,-0.702167
0.1788,5416,Virtual,Middle_PIP,-17.601550,1.014529,20.924280,0.451259,0.475419,0.427529,-0.622545
0.1788,5416,Virtual,Middle_DIP,-17.596490,1.011668,20.951390,0.346549,0.556382,0.543879,-0.523964
0.1788,5416,Virtual,Middle_FingerTip,-17.602460,1.006451,20.978550,0.346549,0.556382,0.543879,-0.523964
0.1788,5416,Virtual,Ring_MCP,-17.631680,0.989981,20.877340,0.563423,0.367654,0.283473,-0.683394
0.1788,5416,Virtual,Ring_PIP,-17.605210,0.991230,20.915590,0.465352,0.485864,0.431087,-0.601290
0.1788,5416,Virtual,Ring_DIP,-17.601090,0.989485,20.941560,0.356176,0.570749,0.544925,-0.500442
0.1788,5416,Virtual,Ring_FingerTip,-17.607420,0.985903,20.966310,0.356176,0.570749,0.544925,-0.500442
0.1788,5416,Virtual,Pinky_MCP,-17.636380,0.968546,20.872990,0.576196,0.368775,0.284528,-0.671600
0.1788,5416,Virtual,Pinky_PIP,-17.614090,0.970231,20.905400,0.477537,0.489852,0.429440,-0.589564
0.1788,5416,Virtual,Pinky_DIP,-17.611310,0.969524,20.923520,0.367288,0.577145,0.540915,-0.489300
0.1788,5416,Virtual,Pinky_FingerTip,-17.616130,0.967505,20.941950,0.367288,0.577145,0.540915,-0.489300
0.1788,5416,Render,Wrist,-17.726900,0.996700,20.826880,0.615800,0.224606,0.105425,-0.747816
0.1788,5416,Render,Thumb_CMC,-17.703840,1.029507,20.852020,-0.009621,0.519607,-0.223619,-0.824567
0.1788,5416,Render,Thumb_MCP,-17.688030,1.045261,20.889830,-0.056961,0.516565,-0.147499,-0.841523
0.1788,5416,Render,Thumb_IP,-17.667300,1.054548,20.933280,-0.145149,0.499015,-0.000239,-0.854352
0.1788,5416,Render,Thumb_FingerTip,-17.652990,1.050431,20.957590,-0.145149,0.499015,-0.000239,-0.854352
0.1788,5416,Render,Index_MCP,-17.639570,1.040057,20.887010,0.565265,0.268940,0.149104,-0.765451
0.1788,5416,Render,Index_PIP,-17.601600,1.043606,20.914180,0.535787,0.323706,0.224327,-0.746877
0.1788,5416,Render,Index_DIP,-17.583690,1.043912,20.932970,0.504725,0.370278,0.290155,-0.723849
0.1788,5416,Render,Index_FingerTip,-17.568700,1.042667,20.955270,0.504725,0.370278,0.290155,-0.723849
0.1788,5416,Render,Middle_MCP,-17.632280,1.014227,20.881340,0.586505,0.292693,0.189178,-0.731133
0.1788,5416,Render,Middle_PIP,-17.592300,1.017749,20.915660,0.531760,0.383261,0.304369,-0.691160
0.1788,5416,Render,Middle_DIP,-17.577860,1.017385,20.939320,0.470589,0.456293,0.401340,-0.639742
0.1788,5416,Render,Middle_FingerTip,-17.570460,1.015007,20.966530,0.470589,0.456293,0.401340,-0.639742
0.1788,5416,Render,Ring_MCP,-17.631680,0.989981,20.877340,0.615279,0.272116,0.169712,-0.720127
0.1788,5416,Render,Ring_PIP,-17.594720,0.994189,20.905300,0.580000,0.340904,0.251205,-0.695903
0.1788,5416,Render,Ring_DIP,-17.577820,0.995396,20.925480,0.541685,0.398990,0.321743,-0.666233
0.1788,5416,Render,Ring_FingerTip,-17.565580,0.995487,20.948190,0.541685,0.398990,0.321743,-0.666233
0.1788,5416,Render,Pinky_MCP,-17.636380,0.968546,20.872990,0.624316,0.279689,0.182283,-0.706241
0.1788,5416,Render,Pinky_PIP,-17.605780,0.972159,20.897500,0.581202,0.360835,0.275287,-0.675441
0.1788,5416,Render,Pinky_DIP,-17.595000,0.973031,20.912320,0.533407,0.428339,0.354790,-0.637282
0.1788,5416,Render,Pinky_FingerTip,-17.587690,0.973122,20.930030,0.533407,0.428339,0.354790,-0.637282
0.1921,5417,Real,Wrist,-17.743250,0.965259,20.832500,0.620532,0.233447,0.100290,-0.741879
0.1921,5417,Real,Thumb_CMC,-17.720910,0.998874,20.857220,-0.019828,0.516229,-0.257815,-0.816484
0.1921,5417,Real,Thumb_MCP,-17.706240,1.016462,20.894690,-0.086248,0.509359,-0.150348,-0.842918
0.1921,5417,Real,Thumb_IP,-17.684860,1.024581,20.938060,-0.201441,0.475717,0.048188,-0.854864
0.1921,5417,Real,Thumb_FingerTip,-17.669400,1.016771,20.960690,-0.201441,0.475717,0.048188,-0.854864
0.1921,5417,Real,Index_MCP,-17.657110,1.011050,20.892550,0.519594,0.362943,0.259477,-0.728675
0.1921,5417,Real,Index_PIP,-17.628920,1.011004,20.929940,0.478384,0.415757,0.334938,-0.697217
0.1921,5417,Real,Index_DIP,-17.617770,1.009206,20.953310,0.436711,0.459335,0.399677,-0.662234
0.1921,5417,Real,Index_FingerTip,-17.610810,1.005758,20.979060,0.436711,0.459335,0.399677,-0.662234
0.1921,5417,Real,Middle_MCP,-17.649380,0.985234,20.887420,0.531997,0.395648,0.301156,-0.685381
0.1921,5417,Real,Middle_PIP,-17.622690,0.985664,20.932980,0.423568,0.510047,0.454432,-0.594923
0.1921,5417,Real,Middle_DIP,-17.620840,0.982653,20.960480,0.305309,0.588511,0.570640,-0.484575
0.1921,5417,Real,Middle_FingerTip,-17.630570,0.977172,20.986480,0.305309,0.588511,0.570640,-0.484575
0.1921,5417,Real,Ring_MCP,-17.648380,0.960929,20.883880,0.546459,0.404835,0.310314,-0.664227
0.1921,5417,Real,Ring_PIP,-17.626060,0.962335,20.924690,0.431210,0.525896,0.462955,-0.568476
0.1921,5417,Real,Ring_DIP,-17.625580,0.960417,20.950960,0.304982,0.607861,0.576651,-0.452730
0.1921,5417,Real,Ring_FingerTip,-17.636010,0.956512,20.974240,0.304982,0.607861,0.576651,-0.452730
0.1921,5417,Real,Pinky_MCP,-17.652720,0.939349,20.879890,0.559035,0.406633,0.310915,-0.652274
0.1921,5417,Real,Pinky_PIP,-17.633980,0.941280,20.914460,0.442967,0.530707,0.460623,-0.556738
0.1921,5417,Real,Pinky_DIP,-17.633750,0.940496,20.932790,0.315394,0.615140,0.571795,-0.441793
0.1921,5417,Real,Pinky_FingerTip,-17.641620,0.938250,20.950110,0.315394,0.615140,0.571795,-0.441793
0.1921,5417,Virtual,Wrist,-17.728960,0.996530,20.827610,0.615863,0.229438,0.105850,-0.746235
0.1921,5417,Virtual,Thumb_CMC,-17.706280,1.029523,20.852850,-0.023645,0.518276,-0.249589,-0.817641
0.1921,5417,Virtual,Thumb_MCP,-17.691420,1.046369,20.890590,-0.090296,0.510897,-0.142041,-0.843004
0.1921,5417,Virtual,Thumb_IP,-17.669970,1.053587,20.934080,-0.205735,0.476279,0.056290,-0.853032
0.1921,5417,Virtual,Thumb_FingerTip,-17.654580,1.045265,20.956580,-0.205735,0.476279,0.056290,-0.853032
0.1921,5417,Virtual,Index_MCP,-17.642360,1.040492,20.888350,0.515704,0.358190,0.265989,-0.731437
0.1921,5417,Virtual,Index_PIP,-17.614170,1.039571,20.925740,0.475017,0.410620,0.341705,-0.699277
0.1921,5417,Virtual,Index_DIP,-17.603030,1.037292,20.949070,0.433847,0.453902,0.406609,-0.663641
0.1921,5417,Virtual,Index_FingerTip,-17.596110,1.033369,20.974770,0.433847,0.453902,0.406609,-0.663641
0.1921,5417,Virtual,Middle_MCP,-17.634890,1.014682,20.882820,0.528615,0.390506,0.307702,-0.688034
0.1921,5417,Virtual,Middle_PIP,-17.608190,1.014124,20.928370,0.421496,0.504252,0.461419,-0.595956
0.1921,5417,Virtual,Middle_DIP,-17.606370,1.010662,20.955820,0.304518,0.582407,0.577686,-0.484097
0.1921,5417,Virtual,Middle_FingerTip,-17.616160,1.004872,20.981730,0.304518,0.582407,0.577686,-0.484097
0.1921,5417,Virtual,Ring_MCP,-17.634140,0.990428,20.878900,0.543291,0.399549,0.316823,-0.666948
0.1921,5417,Virtual,Ring_PIP,-17.611800,0.990964,20.919720,0.429427,0.519997,0.469931,-0.569527
0.1921,5417,Virtual,Ring_DIP,-17.611340,0.988628,20.945960,0.304541,0.601714,0.583688,-0.452222
0.1921,5417,Virtual,Ring_FingerTip,-17.621810,0.984464,20.969170,0.304541,0.601714,0.583688,-0.452222
0.1921,5417,Virtual,Pinky_MCP,-17.638690,0.968958,20.874570,0.555969,0.401279,0.317377,-0.655092
0.1921,5417,Virtual,Pinky_PIP,-17.619930,0.970154,20.909160,0.441301,0.524767,0.467576,-0.557894
0.1921,5417,Virtual,Pinky_DIP,-17.619710,0.969079,20.927470,0.315074,0.608979,0.578833,-0.441392
0.1921,5417,Virtual,Pinky_FingerTip,-17.627600,0.966642,20.944760,0.315074,0.608979,0.578833,-0.441392
0.1921,5417,Render,Wrist,-17.728960,0.996530,20.827610,0.615863,0.229438,0.105850,-0.746235
0.1921,5417,Render,Thumb_CMC,-17.706280,1.029523,20.852850,-0.008611,0.523969,-0.226132,-0.821126
0.1921,5417,Render,Thumb_MCP,-17.690970,1.045434,20.890810,-0.056354,0.521001,-0.150315,-0.838325
0.1921,5417,Render,Thumb_IP,-17.670770,1.054911,20.934470,-0.145315,0.503489,-0.003564,-0.851687
0.1921,5417,Render,Thumb_FingerTip,-17.656720,1.050914,20.958940,-0.145315,0.503489,-0.003564,-0.851687
0.1921,5417,Render,Index_MCP,-17.642360,1.040492,20.888350,0.565060,0.273783,0.149208,-0.763864
0.1921,5417,Render,Index_PIP,-17.604640,1.044307,20.915830,0.535102,0.328505,0.224272,-0.745287
0.1921,5417,Render,Index_DIP,-17.586890,1.044755,20.934770,0.503614,0.374997,0.289958,-0.722270
0.1921,5417,Render,Index_FingerTip,-17.572080,1.043648,20.957200,0.503614,0.374997,0.289958,-0.722270
0.1921,5417,Render,Middle_MCP,-17.634890,1.014682,20.882820,0.586023,0.297501,0.189421,-0.729514
0.1921,5417,Render,Middle_PIP,-17.595220,1.018501,20.917460,0.530510,0.387929,0.304350,-0.689524
0.1921,5417,Render,Middle_DIP,-17.580980,1.018276,20.941250,0.468675,0.460730,0.401083,-0.638125
0.1921,5417,Render,Middle_FingerTip,-17.573800,1.016011,20.968520,0.468675,0.460730,0.401083,-0.638125
0.1921,5417,Render,Ring_MCP,-17.634140,0.990428,20.878900,0.614914,0.276921,0.170134,-0.718506
0.1921,5417,Render,Ring_PIP,-17.597430,0.994899,20.907150,0.579085,0.345636,0.251439,-0.694244
0.1921,5417,Render,Ring_DIP,-17.580720,0.996247,20.927470,0.540286,0.403602,0.321804,-0.664559
0.1921,5417,Render,Ring_FingerTip,-17.568670,0.996464,20.950280,0.540286,0.403602,0.321804,-0.664559
0.1921,5417,Render,Pinky_MCP,-17.638690,0.968958,20.874570,0.623859,0.284476,0.182767,-0.704606
0.1921,5417,Render,Pinky_PIP,-17.608320,0.972792,20.899330,0.580107,0.365517,0.275547,-0.673756
0.1921,5417,Render,Pinky_DIP,-17.597660,0.973760,20.914230,0.531755,0.432855,0.354845,-0.635578
0.1921,5417,Render,Pinky_FingerTip,-17.590510,0.973938,20.932000,0.531755,0.432855,0.354845,-0.635578
0.2041,5418,Real,Wrist,-17.746250,0.965294,20.831800,0.623862,0.238072,0.093248,-0.738528
0.2041,5418,Real,Thumb_CMC,-17.724360,0.999543,20.856040,-0.023355,0.514653,-0.259428,-0.816875
0.2041,5418,Real,Thumb_MCP,-17.709620,1.017099,20.893500,-0.089899,0.507278,-0.151304,-0.843620
0.2041,5418,Real,Thumb_IP,-17.688070,1.025144,20.936800,-0.205112,0.472591,0.048504,-0.855707
0.2041,5418,Real,Thumb_FingerTip,-17.672440,1.017253,20.959280,-0.205112,0.472591,0.048504,-0.855707
0.2041,5418,Real,Index_MCP,-17.660710,1.013077,20.891140,0.518933,0.372256,0.257753,-0.725050
0.2041,5418,Real,Index_PIP,-17.633080,1.013667,20.928940,0.475531,0.426305,0.334816,-0.692844
0.2041,5418,Real,Index_DIP,-17.622380,1.012148,20.952540,0.431664,0.470673,0.400825,-0.656867
0.2041,5418,Real,Index_FingerTip,-17.616040,1.008914,20.978480,0.431664,0.470673,0.400825,-0.656867
0.2041,5418,Real,Middle_MCP,-17.652620,0.987306,20.886350,0.530218,0.405894,0.299727,-0.681383
0.2041,5418,Real,Middle_PIP,-17.626710,0.988466,20.932340,0.418534,0.520299,0.453109,-0.590603
0.2041,5418,Real,Middle_DIP,-17.625380,0.985702,20.959890,0.297290,0.597913,0.569165,-0.479761
0.2041,5418,Real,Middle_FingerTip,-17.635650,0.980308,20.985710,0.297290,0.597913,0.569165,-0.479761
0.2041,5418,Real,Ring_MCP,-17.651290,0.962973,20.883130,0.544838,0.414800,0.308062,-0.660448
0.2041,5418,Real,Ring_PIP,-17.629600,0.965070,20.924250,0.426790,0.535498,0.460290,-0.565001
0.2041,5418,Real,Ring_DIP,-17.629530,0.963410,20.950540,0.298126,0.616464,0.573604,-0.449525
0.2041,5418,Real,Ring_FingerTip,-17.640320,0.959588,20.973670,0.298126,0.616464,0.573604,-0.449525
0.2041,5418,Real,Pinky_MCP,-17.655320,0.941282,20.879430,0.557306,0.416796,0.308631,-0.648412
0.2041,5418,Real,Pinky_PIP,-17.637130,0.943815,20.914260,0.438390,0.540484,0.457897,-0.553192
0.2041,5418,Real,Pinky_DIP,-17.637200,0.943215,20.932590,0.308340,0.623887,0.568665,-0.438534
0.2041,5418,Real,Pinky_FingerTip,-17.645340,0.941030,20.949790,0.308340,0.623887,0.568665,-0.438534
0.2041,5418,Virtual,Wrist,-17.731570,0.995888,20.828870,0.620532,0.233447,0.100290,-0.741879
0.2041,5418,Virtual,Thumb_CMC,-17.709230,1.029503,20.853590,-0.025072,0.516920,-0.250299,-0.818240
0.2041,5418,Virtual,Thumb_MCP,-17.694280,1.046351,20.891280,-0.091895,0.509304,-0.142075,-0.843789
0.2041,5418,Virtual,Thumb_IP,-17.672670,1.053517,20.934710,-0.207524,0.474098,0.057520,-0.853731
0.2041,5418,Virtual,Thumb_FingerTip,-17.657170,1.045110,20.957100,-0.207524,0.474098,0.057520,-0.853731
0.2041,5418,Virtual,Index_MCP,-17.645430,1.041679,20.888910,0.516555,0.367256,0.265535,-0.726489
0.2041,5418,Virtual,Index_PIP,-17.617840,1.041379,20.926750,0.473709,0.421077,0.342708,-0.693431
0.2041,5418,Virtual,Index_DIP,-17.607180,1.039397,20.950330,0.430360,0.465291,0.408736,-0.656681
0.2041,5418,Virtual,Index_FingerTip,-17.600920,1.035730,20.976240,0.430360,0.465291,0.408736,-0.656681
0.2041,5418,Virtual,Middle_MCP,-17.637700,1.015862,20.883790,0.528344,0.400513,0.307432,-0.682589
0.2041,5418,Virtual,Middle_PIP,-17.611820,1.016048,20.929820,0.417992,0.514627,0.460880,-0.589943
0.2041,5418,Virtual,Middle_DIP,-17.610560,1.012900,20.957330,0.297977,0.592257,0.576613,-0.477451
0.2041,5418,Virtual,Middle_FingerTip,-17.620930,1.007307,20.983060,0.297977,0.592257,0.576613,-0.477451
0.2041,5418,Virtual,Ring_MCP,-17.636700,0.991558,20.880250,0.543160,0.409251,0.315686,-0.661690
0.2041,5418,Virtual,Ring_PIP,-17.615030,0.992805,20.921410,0.426521,0.529706,0.467987,-0.564340
0.2041,5418,Virtual,Ring_DIP,-17.615010,0.990794,20.947680,0.299141,0.610757,0.580965,-0.447182
0.2041,5418,Virtual,Ring_FingerTip,-17.625880,0.986816,20.970740,0.299141,0.610757,0.580965,-0.447182
0.2041,5418,Virtual,Pinky_MCP,-17.641040,0.969977,20.876250,0.555721,0.411150,0.316191,-0.649733
0.2041,5418,Virtual,Pinky_PIP,-17.622850,0.971792,20.911130,0.438235,0.534622,0.465551,-0.552623
0.2041,5418,Virtual,Pinky_DIP,-17.622940,0.970949,20.929450,0.309482,0.618135,0.576004,-0.436291
0.2041,5418,Virtual,Pinky_FingerTip,-17.631140,0.968650,20.946620,0.309482,0.618135,0.576004,-0.436291
0.2041,5418,Render,Wrist,-17.731570,0.995888,20.828870,0.620532,0.233447,0.100290,-0.741879
0.2041,5418,Render,Thumb_CMC,-17.709230,1.029503,20.853590,-0.004720,0.522800,-0.234267,-0.819620
0.2041,5418,Render,Thumb_MCP,-17.694140,1.046149,20.891320,-0.052372,0.520191,-0.158554,-0.837567
0.2041,5418,Render,Thumb_IP,-17.674110,1.056500,20.934860,-0.141253,0.503378,-0.011810,-0.852361
0.2041,5418,Render,Thumb_FingerTip,-17.660060,1.053021,20.959410,-0.141253,0.503378,-0.011810,-0.852361
0.2041,5418,Render,Index_MCP,-17.645430,1.041679,20.888910,0.569641,0.277875,0.143204,-0.760123
0.2041,5418,Render,Index_PIP,-17.607750,1.046309,20.916340,0.539255,0.333031,0.217927,-0.742161
0.2041,5418,Render,Index_DIP,-17.590020,1.047235,20.935260,0.507346,0.379875,0.283359,-0.719724
0.2041,5418,Render,Index_FingerTip,-17.575200,1.046632,20.957710,0.507346,0.379875,0.283359,-0.719724
0.2041,5418,Render,Middle_MCP,-17.637700,1.015862,20.883790,0.590209,0.302011,0.183406,-0.725813
0.2041,5418,Render,Middle_PIP,-17.598080,1.020629,20.918380,0.533916,0.393055,0.297817,-0.686839
0.2041,5418,Render,Middle_DIP,-17.583840,1.020923,20.942160,0.471303,0.466296,0.394230,-0.636416
0.2041,5418,Render,Middle_FingerTip,-17.576650,1.019161,20.969470,0.471303,0.466296,0.394230,-0.636416
0.2041,5418,Render,Ring_MCP,-17.636700,0.991558,20.880250,0.619119,0.281427,0.164339,-0.714482
0.2041,5418,Render,Ring_PIP,-17.600050,0.996846,20.908440,0.582746,0.350595,0.245220,-0.690911
0.2041,5418,Render,Ring_DIP,-17.583350,0.998684,20.928730,0.543415,0.408912,0.315274,-0.661886
0.2041,5418,Render,Ring_FingerTip,-17.571310,0.999382,20.951530,0.543415,0.408912,0.315274,-0.661886
0.2041,5418,Render,Pinky_MCP,-17.641040,0.969977,20.876250,0.627915,0.289126,0.176984,-0.700576
0.2041,5418,Render,Pinky_PIP,-17.610710,0.974509,20.900960,0.583503,0.370668,0.269276,-0.670538
0.2041,5418,Render,Pinky_DIP,-17.600070,0.975820,20.915840,0.534505,0.438378,0.348231,-0.633139
0.2041,5418,Render,Pinky_FingerTip,-17.592920,0.976350,20.933610,0.534505,0.438378,0.348231,-0.633139
0.2166,5419,Real,Wrist,-17.748710,0.965297,20.830730,0.623518,0.242157,0.087058,-0.738246
0.2166,5419,Real,Thumb_CMC,-17.727280,0.999943,20.854820,-0.025789,0.513402,-0.266180,-0.815415
0.2166,5419,Real,Thumb_MCP,-17.712740,1.017842,20.892190,-0.092150,0.505722,-0.158188,-0.843049
0.2166,5419,Real,Thumb_IP,-17.691240,1.026349,20.935420,-0.206941,0.470555,0.041675,-0.856748
0.2166,5419,Real,Thumb_FingerTip,-17.675460,1.018764,20.957910,-0.206941,0.470555,0.041675,-0.856748
0.2166,5419,Real,Index_MCP,-17.663770,1.014514,20.889770,0.517728,0.375887,0.251495,-0.726235
0.2166,5419,Real,Index_PIP,-17.636100,1.015635,20.927530,0.473940,0.429784,0.328723,-0.694700
0.2166,5419,Real,Index_DIP,-17.625350,1.014354,20.951110,0.429740,0.473980,0.394942,-0.659308
0.2166,5419,Real,Index_FingerTip,-17.618920,1.011303,20.977060,0.429740,0.473980,0.394942,-0.659308
0.2166,5419,Real,Middle_MCP,-17.655330,0.988844,20.885060,0.528725,0.409712,0.293713,-0.682875
0.2166,5419,Real,Middle_PIP,-17.629360,0.990540,20.931010,0.416176,0.523653,0.447622,-0.593482
0.2166,5419,Real,Middle_DIP,-17.627950,0.987894,20.958560,0.294268,0.600684,0.564423,-0.483749
0.2166,5419,Real,Middle_FingerTip,-17.638110,0.982445,20.984410,0.294268,0.600684,0.564423,-0.483749
0.2166,5419,Real,Ring_MCP,-17.653650,0.964521,20.881930,0.543249,0.418753,0.302171,-0.661981
0.2166,5419,Real,Ring_PIP,-17.631940,0.967077,20.923010,0.424282,0.538942,0.454953,-0.567929
0.2166,5419,Real,Ring_DIP,-17.631800,0.965511,20.949300,0.294920,0.619271,0.569045,-0.453558
0.2166,5419,Real,Ring_FingerTip,-17.642500,0.961617,20.972450,0.294920,0.619271,0.569045,-0.453558
0.2166,5419,Real,Pinky_MCP,-17.657380,0.942762,20.878310,0.555682,0.420849,0.302814,-0.649929
0.2166,5419,Real,Pinky_PIP,-17.639170,0.945680,20.913090,0.435824,0.544016,0.452628,-0.556087
0.2166,5419,Real,Pinky_DIP,-17.639200,0.945144,20.931430,0.305058,0.626766,0.564164,-0.442520
0.2166,5419,Real,Pinky_FingerTip,-17.647290,0.942904,20.948650,0.305058,0.626766,0.564164,-0.442520
0.2166,5419,Virtual,Wrist,-17.734290,0.995636,20.829790,0.623862,0.238072,0.093248,-0.738528
0.2166,5419,Virtual,Thumb_CMC,-17.712400,1.029885,20.854040,-0.023355,0.514653,-0.259428,-0.816875
0.2166,5419,Virtual,Thumb_MCP,-17.697660,1.047441,20.891490,-0.089899,0.507278,-0.151304,-0.843620
0.2166,5419,Virtual,Thumb_IP,-17.676110,1.055486,20.934800,-0.205112,0.472591,0.048504,-0.855707
0.2166,5419,Virtual,Thumb_FingerTip,-17.660470,1.047595,20.957280,-0.205112,0.472591,0.048504,-0.855707
0.2166,5419,Virtual,Index_MCP,-17.648740,1.043419,20.889140,0.518933,0.372256,0.257753,-0.725050
0.2166,5419,Virtual,Index_PIP,-17.621120,1.044009,20.926940,0.475531,0.426305,0.334816,-0.692844
0.2166,5419,Virtual,Index_DIP,-17.610420,1.042490,20.950540,0.431664,0.470672,0.400825,-0.656867
0.2166,5419,Virtual,Index_FingerTip,-17.604080,1.039256,20.976480,0.431664,0.470672,0.400825,-0.656867
0.2166,5419,Virtual,Middle_MCP,-17.640660,1.017648,20.884350,0.530218,0.405894,0.299727,-0.681383
0.2166,5419,Virtual,Middle_PIP,-17.614740,1.018808,20.930340,0.418534,0.520299,0.453109,-0.590603
0.2166,5419,Virtual,Middle_DIP,-17.613410,1.016044,20.957890,0.297290,0.597913,0.569165,-0.479761
0.2166,5419,Virtual,Middle_FingerTip,-17.623690,1.010650,20.983700,0.297290,0.597913,0.569165,-0.479761
0.2166,5419,Virtual,Ring_MCP,-17.639330,0.993315,20.881130,0.544838,0.414800,0.308062,-0.660448
0.2166,5419,Virtual,Ring_PIP,-17.617640,0.995412,20.922250,0.426790,0.535498,0.460290,-0.565002
0.2166,5419,Virtual,Ring_DIP,-17.617570,0.993752,20.948540,0.298125,0.616464,0.573604,-0.449525
0.2166,5419,Virtual,Ring_FingerTip,-17.628360,0.989930,20.971660,0.298125,0.616464,0.573604,-0.449525
0.2166,5419,Virtual,Pinky_MCP,-17.643360,0.971624,20.877430,0.557306,0.416796,0.308631,-0.648412
0.2166,5419,Virtual,Pinky_PIP,-17.625170,0.974157,20.912250,0.438390,0.540484,0.457897,-0.553193
0.2166,5419,Virtual,Pinky_DIP,-17.625230,0.973557,20.930590,0.308340,0.623887,0.568665,-0.438535
0.2166,5419,Virtual,Pinky_FingerTip,-17.633380,0.971372,20.947790,0.308340,0.623887,0.568665,-0.438535
0.2166,5419,Render,Wrist,-17.734290,0.995636,20.829790,0.623862,0.238072,0.093248,-0.738528
0.2166,5419,Render,Thumb_CMC,-17.712400,1.029885,20.854040,-0.002956,0.521399,-0.243304,-0.817886
0.2166,5419,Render,Thumb_MCP,-17.697560,1.047226,20.891550,-0.050488,0.518957,-0.167711,-0.836665
0.2166,5419,Render,Thumb_IP,-17.677700,1.058416,20.934960,-0.139184,0.502487,-0.020985,-0.853050
0.2166,5419,Render,Thumb_FingerTip,-17.663620,1.055450,20.959560,-0.139184,0.502487,-0.020985,-0.853050
0.2166,5419,Render,Index_MCP,-17.648740,1.043419,20.889140,0.572805,0.282418,0.135762,-0.757432
0.2166,5419,Render,Index_PIP,-17.611120,1.048940,20.916450,0.541953,0.337866,0.210255,-0.740221
0.2166,5419,Render,Index_DIP,-17.593380,1.050366,20.935350,0.509601,0.384932,0.275544,-0.718477
0.2166,5419,Render,Index_FingerTip,-17.578540,1.050268,20.957780,0.509601,0.384932,0.275544,-0.718477
0.2166,5419,Render,Middle_MCP,-17.640660,1.017648,20.884350,0.592995,0.306982,0.176030,-0.723279
0.2166,5419,Render,Middle_PIP,-17.601080,1.023427,20.918820,0.535866,0.398409,0.290130,-0.685525
0.2166,5419,Render,Middle_DIP,-17.586830,1.024236,20.942580,0.472456,0.471876,0.386434,-0.636230
0.2166,5419,Render,Middle_FingerTip,-17.579580,1.022939,20.969910,0.472456,0.471876,0.386434,-0.636230
0.2166,5419,Render,Ring_MCP,-17.639330,0.993315,20.881130,0.621962,0.286479,0.157167,-0.711612
0.2166,5419,Render,Ring_PIP,-17.602730,0.999489,20.909200,0.584991,0.355939,0.237766,-0.688884
0.2166,5419,Render,Ring_DIP,-17.586040,1.001829,20.929450,0.545096,0.414460,0.307650,-0.660640
0.2166,5419,Render,Ring_FingerTip,-17.573990,1.002999,20.952230,0.545096,0.414460,0.307650,-0.660640
0.2166,5419,Render,Pinky_MCP,-17.643360,0.971624,20.877430,0.630618,0.294330,0.169852,-0.697741
0.2166,5419,Render,Pinky_PIP,-17.613080,0.976908,20.902030,0.585484,0.376188,0.261829,-0.668684
0.2166,5419,Render,Pinky_DIP,-17.602440,0.978565,20.916890,0.535805,0.444096,0.340614,-0.632198
0.2166,5419,Render,Pinky_FingerTip,-17.595290,0.979432,20.934630,0.535805,0.444096,0.340614,-0.632198
0.2286,5420,Real,Wrist,-17.751350,0.965295,20.829730,0.623071,0.245667,0.083839,-0.737836
0.2286,5420,Real,Thumb_CMC,-17.730280,1.000187,20.853780,-0.032731,0.514718,-0.263111,-0.815333
0.2286,5420,Real,Thumb_MCP,-17.715710,1.017547,20.891390,-0.099472,0.506074,-0.154709,-0.842651
0.2286,5420,Real,Thumb_IP,-17.694150,1.025395,20.934720,-0.214593,0.468994,0.045783,-0.855511
0.2286,5420,Real,Thumb_FingerTip,-17.678300,1.017426,20.957030,-0.214593,0.468994,0.045783,-0.855511
0.2286,5420,Real,Index_MCP,-17.666960,1.015417,20.888790,0.513190,0.383575,0.254476,-0.724396
0.2286,5420,Real,Index_PIP,-17.639980,1.016588,20.927040,0.467192,0.438434,0.333705,-0.691482
0.2286,5420,Real,Index_DIP,-17.629790,1.015243,20.950870,0.420789,0.483146,0.401476,-0.654465
0.2286,5420,Real,Index_FingerTip,-17.624110,1.012044,20.976970,0.420789,0.483146,0.401476,-0.654465
0.2286,5420,Real,Middle_MCP,-17.658270,0.989817,20.884150,0.523937,0.417206,0.296034,-0.681024
0.2286,5420,Real,Middle_PIP,-17.633110,0.991610,20.930530,0.409413,0.530049,0.449805,-0.590852
0.2286,5420,Real,Middle_DIP,-17.632180,0.988907,20.958100,0.285951,0.605642,0.566261,-0.480395
0.2286,5420,Real,Middle_FingerTip,-17.642790,0.983313,20.983740,0.285951,0.605642,0.566261,-0.480395
0.2286,5420,Real,Ring_MCP,-17.656360,0.965504,20.881060,0.539302,0.425178,0.302894,-0.660782
0.2286,5420,Real,Ring_PIP,-17.635190,0.968218,20.922410,0.419475,0.543750,0.454744,-0.567085
0.2286,5420,Real,Ring_DIP,-17.635320,0.966648,20.948710,0.289781,0.622615,0.568210,-0.453338
0.2286,5420,Real,Ring_FingerTip,-17.646190,0.962666,20.971770,0.289781,0.622615,0.568210,-0.453338
0.2286,5420,Real,Pinky_MCP,-17.659890,0.943705,20.877480,0.551698,0.427396,0.303530,-0.648715
0.2286,5420,Real,Pinky_PIP,-17.642150,0.946767,20.912500,0.430958,0.548920,0.452421,-0.555227
0.2286,5420,Real,Pinky_DIP,-17.642370,0.946230,20.930830,0.299848,0.630182,0.563339,-0.442280
0.2286,5420,Real,Pinky_FingerTip,-17.650590,0.943923,20.947990,0.299848,0.630182,0.563339,-0.442280
0.2286,5420,Virtual,Wrist,-17.736500,0.995863,20.830160,0.623518,0.242157,0.087058,-0.738246
0.2286,5420,Virtual,Thumb_CMC,-17.715070,1.030509,20.854250,-0.031358,0.514541,-0.258783,-0.816882
0.2286,5420,Virtual,Thumb_MCP,-17.700290,1.047657,20.891880,-0.098088,0.506077,-0.150216,-0.843623
0.2286,5420,Virtual,Thumb_IP,-17.678590,1.055216,20.935190,-0.213247,0.469320,0.050379,-0.855410
0.2286,5420,Virtual,Thumb_FingerTip,-17.662790,1.047055,20.957460,-0.213247,0.469320,0.050379,-0.855410
0.2286,5420,Virtual,Index_MCP,-17.651570,1.045080,20.889200,0.514414,0.380410,0.257850,-0.724003
0.2286,5420,Virtual,Index_PIP,-17.624520,1.045923,20.927410,0.468762,0.435426,0.337014,-0.690716
0.2286,5420,Virtual,Index_DIP,-17.614300,1.044435,20.951230,0.422654,0.480310,0.404691,-0.653370
0.2286,5420,Virtual,Index_FingerTip,-17.608630,1.041131,20.977320,0.422654,0.480310,0.404691,-0.653370
0.2286,5420,Virtual,Middle_MCP,-17.643120,1.019410,20.884490,0.525390,0.413980,0.299233,-0.680475
0.2286,5420,Virtual,Middle_PIP,-17.617870,1.020876,20.930850,0.411594,0.527262,0.452780,-0.589556
0.2286,5420,Virtual,Middle_DIP,-17.616930,1.018108,20.958410,0.288680,0.603389,0.568888,-0.478490
0.2286,5420,Virtual,Middle_FingerTip,-17.627550,1.012560,20.984050,0.288680,0.603389,0.568888,-0.478490
0.2286,5420,Virtual,Ring_MCP,-17.641440,0.995087,20.881360,0.540818,0.421889,0.305996,-0.660222
0.2286,5420,Virtual,Ring_PIP,-17.620190,0.997520,20.922680,0.421747,0.540929,0.457615,-0.565787
0.2286,5420,Virtual,Ring_DIP,-17.620290,0.995899,20.948970,0.292617,0.620362,0.570726,-0.451440
0.2286,5420,Virtual,Ring_FingerTip,-17.631160,0.991971,20.972050,0.292617,0.620362,0.570726,-0.451440
0.2286,5420,Virtual,Pinky_MCP,-17.645170,0.973328,20.877740,0.553237,0.424057,0.306569,-0.648167
0.2286,5420,Virtual,Pinky_PIP,-17.627360,0.976155,20.912730,0.433264,0.546057,0.455234,-0.553955
0.2286,5420,Virtual,Pinky_DIP,-17.627550,0.975583,20.931070,0.302727,0.627895,0.565804,-0.440421
0.2286,5420,Virtual,Pinky_FingerTip,-17.635770,0.973318,20.948230,0.302727,0.627895,0.565804,-0.440421
0.2286,5420,Render,Wrist,-17.736500,0.995863,20.830160,0.623518,0.242157,0.087058,-0.738246
0.2286,5420,Render,Thumb_CMC,-17.715070,1.030509,20.854250,-0.005425,0.520322,-0.250090,-0.816512
0.2286,5420,Render,Thumb_MCP,-17.700430,1.048194,20.891680,-0.052848,0.517659,-0.174594,-0.835915
0.2286,5420,Render,Thumb_IP,-17.680660,1.059823,20.935020,-0.141286,0.500802,-0.027895,-0.853498
0.2286,5420,Render,Thumb_FingerTip,-17.666500,1.057147,20.959600,-0.141286,0.500802,-0.027895,-0.853498
0.2286,5420,Render,Index_MCP,-17.651570,1.045080,20.889200,0.572210,0.286198,0.129394,-0.757578
0.2286,5420,Render,Index_PIP,-17.613980,1.051237,20.916440,0.540985,0.341568,0.203933,-0.740998
0.2286,5420,Render,Index_DIP,-17.596240,1.052985,20.935300,0.508307,0.388533,0.269317,-0.719816
0.2286,5420,Render,Index_FingerTip,-17.581360,1.053180,20.957720,0.508307,0.388533,0.269317,-0.719816
0.2286,5420,Render,Middle_MCP,-17.643120,1.019410,20.884490,0.592193,0.311003,0.169848,-0.723697
0.2286,5420,Render,Middle_PIP,-17.603570,1.025879,20.918880,0.534426,0.402248,0.284095,-0.686932
0.2286,5420,Render,Middle_DIP,-17.589300,1.026978,20.942620,0.470475,0.475466,0.380667,-0.638497
0.2286,5420,Render,Middle_FingerTip,-17.582000,1.025882,20.969940,0.470475,0.475466,0.380667,-0.638497
0.2286,5420,Render,Ring_MCP,-17.641440,0.995087,20.881360,0.621271,0.290683,0.151084,-0.711829
0.2286,5420,Render,Ring_PIP,-17.604900,1.001886,20.909350,0.583822,0.360037,0.231748,-0.689796
0.2286,5420,Render,Ring_DIP,-17.588210,1.004538,20.929560,0.543510,0.418415,0.301759,-0.662169
0.2286,5420,Render,Ring_FingerTip,-17.576140,1.005962,20.952320,0.543510,0.418415,0.301759,-0.662169
0.2286,5420,Render,Pinky_MCP,-17.645170,0.973328,20.877740,0.629855,0.298629,0.163848,-0.698039
0.2286,5420,Render,Pinky_PIP,-17.614930,0.979133,20.902280,0.584152,0.380346,0.255918,-0.669784
0.2286,5420,Render,Pinky_DIP,-17.604300,0.980996,20.917110,0.533981,0.448063,0.334880,-0.634003
0.2286,5420,Render,Pinky_FingerTip,-17.597130,0.982028,20.934840,0.533981,0.448063,0.334880,-0.634003
0.2419,5421,Real,Wrist,-17.754400,0.965741,20.828260,0.623215,0.248169,0.083027,-0.736968
0.2419,5421,Real,Thumb_CMC,-17.733540,1.000770,20.852300,-0.035900,0.516188,-0.260798,-0.815013
0.2419,5421,Real,Thumb_MCP,-17.719000,1.017810,20.890070,-0.102621,0.507157,-0.152764,-0.841977
0.2419,5421,Real,Thumb_IP,-17.697480,1.025319,20.933490,-0.217599,0.469456,0.046958,-0.854434
0.2419,5421,Real,Thumb_FingerTip,-17.681670,1.017209,20.955760,-0.217599,0.469456,0.046958,-0.854434
0.2419,5421,Real,Index_MCP,-17.670400,1.016333,20.887470,0.509970,0.389708,0.258603,-0.721930
0.2419,5421,Real,Index_PIP,-17.644060,1.017462,20.926180,0.462200,0.445323,0.339246,-0.687729
0.2419,5421,Real,Index_DIP,-17.634370,1.016035,20.950210,0.414031,0.490428,0.408069,-0.649260
0.2419,5421,Real,Index_FingerTip,-17.629370,1.012705,20.976430,0.414031,0.490428,0.408069,-0.649260
0.2419,5421,Real,Middle_MCP,-17.661590,0.990759,20.882910,0.520805,0.422785,0.299097,-0.678643
0.2419,5421,Real,Middle_PIP,-17.637110,0.992577,20.929670,0.405112,0.534667,0.452135,-0.587869
0.2419,5421,Real,Middle_DIP,-17.636570,0.989850,20.957240,0.280831,0.609196,0.567838,-0.477048
0.2419,5421,Real,Middle_FingerTip,-17.647530,0.984201,20.982720,0.280831,0.609196,0.567838,-0.477048
0.2419,5421,Real,Ring_MCP,-17.659570,0.966449,20.879890,0.536840,0.429902,0.304719,-0.658888
0.2419,5421,Real,Ring_PIP,-17.638880,0.969242,20.921470,0.416703,0.547148,0.455261,-0.565443
0.2419,5421,Real,Ring_DIP,-17.639230,0.967692,20.947770,0.287118,0.624961,0.567784,-0.452338
0.2419,5421,Real,Ring_FingerTip,-17.650220,0.963698,20.970770,0.287118,0.624961,0.567784,-0.452338
0.2419,5421,Real,Pinky_MCP,-17.662990,0.944627,20.876340,0.549209,0.432180,0.305345,-0.646804
0.2419,5421,Real,Pinky_PIP,-17.645670,0.947766,20.911560,0.428152,0.552354,0.452941,-0.553566
0.2419,5421,Real,Pinky_DIP,-17.646050,0.947243,20.929890,0.297154,0.632542,0.562925,-0.441255
0.2419,5421,Real,Pinky_FingerTip,-17.654360,0.944928,20.946990,0.297154,0.632542,0.562925,-0.441255
0.2419,5421,Virtual,Wrist,-17.739050,0.996069,20.830000,0.623072,0.245667,0.083839,-0.737836
0.2419,5421,Virtual,Thumb_CMC,-17.717980,1.030961,20.854060,-0.036104,0.515278,-0.258526,-0.816302
0.2419,5421,Virtual,Thumb_MCP,-17.703250,1.047861,20.891810,-0.102705,0.506228,-0.150344,-0.842960
0.2419,5421,Virtual,Thumb_IP,-17.681570,1.055190,20.935170,-0.217466,0.468534,0.049540,-0.854828
0.2419,5421,Virtual,Thumb_FingerTip,-17.665720,1.046969,20.957390,-0.217466,0.468534,0.049540,-0.854828
0.2419,5421,Virtual,Index_MCP,-17.654660,1.046191,20.889060,0.510403,0.387275,0.259707,-0.722536
0.2419,5421,Virtual,Index_PIP,-17.628190,1.047129,20.927680,0.462908,0.442956,0.340412,-0.688205
0.2419,5421,Virtual,Index_DIP,-17.618440,1.045612,20.951690,0.414978,0.488146,0.409278,-0.649614
0.2419,5421,Virtual,Index_FingerTip,-17.613380,1.042206,20.977890,0.414978,0.488146,0.409278,-0.649614
0.2419,5421,Virtual,Middle_MCP,-17.645970,1.020591,20.884420,0.521415,0.420354,0.300131,-0.679229
0.2419,5421,Virtual,Middle_PIP,-17.621340,1.022209,20.931100,0.406283,0.532451,0.453278,-0.588191
0.2419,5421,Virtual,Middle_DIP,-17.620730,1.019421,20.958670,0.282451,0.607283,0.569024,-0.477118
0.2419,5421,Virtual,Middle_FingerTip,-17.631620,1.013763,20.984170,0.282451,0.607283,0.569024,-0.477118
0.2419,5421,Virtual,Ring_MCP,-17.644060,0.996279,20.881340,0.537493,0.427463,0.305695,-0.659491
0.2419,5421,Virtual,Ring_PIP,-17.623230,0.998899,20.922860,0.417928,0.544940,0.456354,-0.565791
0.2419,5421,Virtual,Ring_DIP,-17.623500,0.997294,20.949160,0.288796,0.623073,0.568926,-0.452439
0.2419,5421,Virtual,Ring_FingerTip,-17.634440,0.993297,20.972180,0.288796,0.623073,0.568926,-0.452439
0.2419,5421,Virtual,Pinky_MCP,-17.647580,0.974479,20.877760,0.549881,0.429733,0.306280,-0.647422
0.2419,5421,Virtual,Pinky_PIP,-17.630140,0.977472,20.912930,0.429397,0.550143,0.453997,-0.553939
0.2419,5421,Virtual,Pinky_DIP,-17.630460,0.976912,20.931260,0.298851,0.630656,0.564037,-0.441388
0.2419,5421,Virtual,Pinky_FingerTip,-17.638730,0.974594,20.948390,0.298851,0.630656,0.564037,-0.441388
0.2419,5421,Render,Wrist,-17.739050,0.996069,20.830000,0.623072,0.245667,0.083839,-0.737836
0.2419,5421,Render,Thumb_CMC,-17.717980,1.030961,20.854060,-0.006704,0.521865,-0.254095,-0.814278
0.2419,5421,Render,Thumb_MCP,-17.703650,1.048825,20.891530,-0.054263,0.519080,-0.178786,-0.834055
0.2419,5421,Render,Thumb_IP,-17.684180,1.060685,20.934930,-0.142924,0.501957,-0.032345,-0.852388
0.2419,5421,Render,Thumb_FingerTip,-17.670100,1.058167,20.959580,-0.142924,0.501957,-0.032345,-0.852388
0.2419,5421,Render,Index_MCP,-17.654660,1.046191,20.889060,0.571549,0.289526,0.126003,-0.757384
0.2419,5421,Render,Index_PIP,-17.617170,1.052751,20.916350,0.539997,0.344814,0.200540,-0.741142
0.2419,5421,Render,Index_DIP,-17.599470,1.054702,20.935230,0.507033,0.391678,0.265950,-0.720262
0.2419,5421,Render,Index_FingerTip,-17.584630,1.055080,20.957670,0.507033,0.391678,0.265950,-0.720262
0.2419,5421,Render,Middle_MCP,-17.645970,1.020591,20.884420,0.591353,0.314440,0.166603,-0.723653
0.2419,5421,Render,Middle_PIP,-17.606530,1.027496,20.918850,0.533044,0.405505,0.280885,-0.687411
0.2419,5421,Render,Middle_DIP,-17.592310,1.028775,20.942610,0.468636,0.478488,0.377561,-0.639436
0.2419,5421,Render,Middle_FingerTip,-17.585030,1.027802,20.969940,0.468636,0.478488,0.377561,-0.639436
0.2419,5421,Render,Ring_MCP,-17.644060,0.996279,20.881340,0.620527,0.294228,0.147936,-0.711683
0.2419,5421,Render,Ring_PIP,-17.607620,1.003472,20.909370,0.582676,0.363472,0.228604,-0.690013
0.2419,5421,Render,Ring_DIP,-17.590990,1.006320,20.929600,0.542015,0.421714,0.298654,-0.662709
0.2419,5421,Render,Ring_FingerTip,-17.578970,1.007902,20.952380,0.542015,0.421714,0.298654,-0.662709
0.2419,5421,Render,Pinky_MCP,-17.647580,0.974479,20.877760,0.629050,0.302216,0.160761,-0.697938
0.2419,5421,Render,Pinky_PIP,-17.617440,0.980613,20.902330,0.582874,0.383792,0.252846,-0.670098
0.2419,5421,Render,Pinky_DIP,-17.606840,0.982605,20.917170,0.532296,0.451331,0.331868,-0.634685
0.2419,5421,Render,Pinky_FingerTip,-17.599700,0.983739,20.934920,0.532296,0.451331,0.331868,-0.634685
0.2537,5422,Real,Wrist,-17.757970,0.966328,20.826780,0.625887,0.252940,0.083991,-0.732962
0.2537,5422,Real,Thumb_CMC,-17.737440,1.001631,20.850700,-0.034183,0.518975,-0.260308,-0.813472
0.2537,5422,Real,Thumb_MCP,-17.723130,1.018670,20.888560,-0.100925,0.510213,-0.153064,-0.840279
0.2537,5422,Real,Thumb_IP,-17.701930,1.026233,20.932110,-0.216066,0.473095,0.045202,-0.852909
0.2537,5422,Real,Thumb_FingerTip,-17.686300,1.018209,20.954560,-0.216066,0.473095,0.045202,-0.852909
0.2537,5422,Real,Index_MCP,-17.674680,1.017682,20.886340,0.508142,0.399427,0.264500,-0.715745
0.2537,5422,Real,Index_PIP,-17.649350,1.018960,20.925710,0.457328,0.456729,0.347305,-0.679434
0.2537,5422,Real,Index_DIP,-17.640480,1.017554,20.950060,0.406084,0.502838,0.417692,-0.638580
0.2537,5422,Real,Index_FingerTip,-17.636580,1.014189,20.976460,0.406084,0.502838,0.417692,-0.638580
0.2537,5422,Real,Middle_MCP,-17.665770,0.992089,20.882100,0.518886,0.431822,0.303592,-0.672398
0.2537,5422,Real,Middle_PIP,-17.642390,0.994194,20.929410,0.400911,0.543124,0.455211,-0.580578
0.2537,5422,Real,Middle_DIP,-17.642510,0.991614,20.957000,0.274721,0.616637,0.569422,-0.469091
0.2537,5422,Real,Middle_FingerTip,-17.654080,0.986084,20.982230,0.274721,0.616637,0.569422,-0.469091
0.2537,5422,Real,Ring_MCP,-17.663660,0.967757,20.879320,0.535247,0.438386,0.308393,-0.652858
0.2537,5422,Real,Ring_PIP,-17.643860,0.970857,20.921330,0.413359,0.554802,0.457106,-0.558913
0.2537,5422,Real,Ring_DIP,-17.644740,0.969479,20.947620,0.282447,0.631581,0.567972,-0.445800
0.2537,5422,Real,Ring_FingerTip,-17.656170,0.965619,20.970420,0.282447,0.631581,0.567972,-0.445800
0.2537,5422,Real,Pinky_MCP,-17.666990,0.945895,20.875950,0.547540,0.440695,0.309012,-0.640702
0.2537,5422,Real,Pinky_PIP,-17.650430,0.949306,20.911500,0.424730,0.560016,0.454768,-0.546969
0.2537,5422,Real,Pinky_DIP,-17.651180,0.948906,20.929830,0.292406,0.639149,0.563086,-0.434653
0.2537,5422,Real,Pinky_FingerTip,-17.659820,0.946689,20.946780,0.292406,0.639149,0.563086,-0.434653
0.2537,5422,Virtual,Wrist,-17.742270,0.996202,20.829400,0.623215,0.248169,0.083027,-0.736968
0.2537,5422,Virtual,Thumb_CMC,-17.721410,1.031231,20.853440,-0.038557,0.516232,-0.256705,-0.816162
0.2537,5422,Virtual,Thumb_MCP,-17.706690,1.047883,20.891310,-0.104908,0.506929,-0.149143,-0.842481
0.2537,5422,Virtual,Thumb_IP,-17.685040,1.054989,20.934730,-0.219183,0.468979,0.049525,-0.854146
0.2537,5422,Virtual,Thumb_FingerTip,-17.669220,1.046719,20.956940,-0.219183,0.468979,0.049525,-0.854146
0.2537,5422,Virtual,Index_MCP,-17.658270,1.046795,20.888620,0.506621,0.394052,0.264762,-0.719694
0.2537,5422,Virtual,Index_PIP,-17.632550,1.047646,20.927730,0.456454,0.451211,0.348033,-0.683324
0.2537,5422,Virtual,Index_DIP,-17.623450,1.045992,20.951990,0.405802,0.497259,0.418830,-0.642371
0.2537,5422,Virtual,Index_FingerTip,-17.619290,1.042373,20.978320,0.405802,0.497259,0.418830,-0.642371
0.2537,5422,Virtual,Middle_MCP,-17.649460,1.021221,20.884050,0.517798,0.426463,0.303896,-0.676508
0.2537,5422,Virtual,Middle_PIP,-17.625610,1.022829,20.931140,0.401132,0.537660,0.456487,-0.584496
0.2537,5422,Virtual,Middle_DIP,-17.625470,1.019994,20.958710,0.276112,0.611349,0.571510,-0.472643
0.2537,5422,Virtual,Middle_FingerTip,-17.636810,1.014260,20.984000,0.276112,0.611349,0.571510,-0.472643
0.2537,5422,Virtual,Ring_MCP,-17.647440,0.996910,20.881020,0.534280,0.433080,0.308623,-0.657069
0.2537,5422,Virtual,Ring_PIP,-17.627230,0.999572,20.922860,0.413704,0.549420,0.458347,-0.562944
0.2537,5422,Virtual,Ring_DIP,-17.627860,0.997953,20.949150,0.283957,0.626404,0.570062,-0.449463
0.2537,5422,Virtual,Ring_FingerTip,-17.639070,0.993910,20.972030,0.283957,0.626404,0.570062,-0.449463
0.2537,5422,Virtual,Pinky_MCP,-17.650860,0.975088,20.877480,0.546635,0.435430,0.309177,-0.644981
0.2537,5422,Virtual,Pinky_PIP,-17.633950,0.978128,20.912900,0.425125,0.554688,0.455962,-0.551080
0.2537,5422,Virtual,Pinky_DIP,-17.634520,0.977561,20.931230,0.293954,0.634035,0.565148,-0.438405
0.2537,5422,Virtual,Pinky_FingerTip,-17.643000,0.975209,20.948250,0.293954,0.634035,0.565148,-0.438405
0.2537,5422,Render,Wrist,-17.742270,0.996202,20.829400,0.623215,0.248169,0.083027,-0.736968
0.2537,5422,Render,Thumb_CMC,-17.721410,1.031231,20.853440,-0.006460,0.523455,-0.256170,-0.812607
0.2537,5422,Render,Thumb_MCP,-17.707320,1.049216,20.890940,-0.054165,0.520685,-0.181005,-0.832581
0.2537,5422,Render,Thumb_IP,-17.688090,1.061228,20.934420,-0.143104,0.503555,-0.034784,-0.851319
0.2537,5422,Render,Thumb_FingerTip,-17.674120,1.058809,20.959140,-0.143104,0.503555,-0.034784,-0.851319
0.2537,5422,Render,Index_MCP,-17.658270,1.046795,20.888620,0.571559,0.291997,0.125026,-0.756589
0.2537,5422,Render,Index_PIP,-17.620890,1.053566,20.916000,0.539762,0.347274,0.199488,-0.740448
0.2537,5422,Render,Index_DIP,-17.603260,1.055629,20.934930,0.506578,0.394107,0.264841,-0.719665
0.2537,5422,Render,Index_FingerTip,-17.588490,1.056116,20.957410,0.506578,0.394107,0.264841,-0.719665
0.2537,5422,Render,Middle_MCP,-17.649460,1.021221,20.884050,0.591213,0.316942,0.165699,-0.722882
0.2537,5422,Render,Middle_PIP,-17.610160,1.028360,20.918590,0.532504,0.407952,0.279869,-0.686796
0.2537,5422,Render,Middle_DIP,-17.596010,1.029747,20.942390,0.467746,0.480831,0.376466,-0.638975
0.2537,5422,Render,Middle_FingerTip,-17.588820,1.028862,20.969750,0.467746,0.480831,0.376466,-0.638975
0.2537,5422,Render,Ring_MCP,-17.647440,0.996910,20.881020,0.620444,0.296752,0.147122,-0.710875
0.2537,5422,Render,Ring_PIP,-17.611120,1.004312,20.909160,0.582304,0.365971,0.227703,-0.689303
0.2537,5422,Render,Ring_DIP,-17.594560,1.007270,20.929430,0.541388,0.424161,0.297685,-0.662096
0.2537,5422,Render,Ring_FingerTip,-17.582620,1.008950,20.952240,0.541388,0.424161,0.297685,-0.662096
0.2537,5422,Render,Pinky_MCP,-17.650860,0.975088,20.877480,0.628917,0.304750,0.159981,-0.697135
0.2537,5422,Render,Pinky_PIP,-17.620820,0.981398,20.902130,0.582403,0.386286,0.251965,-0.669406
0.2537,5422,Render,Pinky_DIP,-17.610280,0.983464,20.917010,0.531527,0.453749,0.330910,-0.634105
0.2537,5422,Render,Pinky_FingerTip,-17.603200,0.984665,20.934770,0.531527,0.453749,0.330910,-0.634105
0.2670,5423,Real,Wrist,-17.761930,0.966866,20.825260,0.630525,0.258221,0.085876,-0.726902
0.2670,5423,Real,Thumb_CMC,-17.741710,1.002520,20.848920,-0.026871,0.522118,-0.264419,-0.810403
0.2670,5423,Real,Thumb_MCP,-17.727880,1.020107,20.886710,-0.094080,0.514275,-0.157537,-0.837767
0.2670,5423,Real,Thumb_IP,-17.707220,1.028304,20.930410,-0.210345,0.478628,0.040268,-0.851498
0.2670,5423,Real,Thumb_FingerTip,-17.691870,1.020611,20.953150,-0.210345,0.478628,0.040268,-0.851498
0.2670,5423,Real,Index_MCP,-17.679410,1.019114,20.885110,0.511509,0.405859,0.264603,-0.709665
0.2670,5423,Real,Index_PIP,-17.654570,1.020971,20.924760,0.459911,0.463513,0.346688,-0.673384
0.2670,5423,Real,Index_DIP,-17.646000,1.019918,20.949240,0.407929,0.509859,0.416434,-0.632630
0.2670,5423,Real,Index_FingerTip,-17.642420,1.016934,20.975730,0.407929,0.509859,0.416434,-0.632630
0.2670,5423,Real,Middle_MCP,-17.670430,0.993469,20.881340,0.521692,0.438265,0.303538,-0.666052
0.2670,5423,Real,Middle_PIP,-17.647640,0.996264,20.928900,0.402099,0.550051,0.453646,-0.574427
0.2670,5423,Real,Middle_DIP,-17.648100,0.994080,20.956520,0.274392,0.623657,0.566570,-0.463422
0.2670,5423,Real,Middle_FingerTip,-17.659980,0.988904,20.981680,0.274392,0.623657,0.566570,-0.463422
0.2670,5423,Real,Ring_MCP,-17.668280,0.969101,20.878940,0.537880,0.444747,0.308398,-0.646356
0.2670,5423,Real,Ring_PIP,-17.649000,0.972813,20.921130,0.414377,0.561611,0.455539,-0.552603
0.2670,5423,Real,Ring_DIP,-17.650210,0.971811,20.947430,0.281955,0.638448,0.565067,-0.439983
0.2670,5423,Real,Ring_FingerTip,-17.661920,0.968271,20.970140,0.281955,0.638448,0.565067,-0.439983
0.2670,5423,Real,Pinky_MCP,-17.671560,0.947191,20.875830,0.550082,0.446988,0.309080,-0.634099
0.2670,5423,Real,Pinky_PIP,-17.655440,0.951119,20.911540,0.425674,0.566736,0.453236,-0.540545
0.2670,5423,Real,Pinky_DIP,-17.656420,0.950982,20.929860,0.291863,0.645914,0.560191,-0.428717
0.2670,5423,Real,Pinky_FingerTip,-17.665270,0.949003,20.946730,0.291863,0.645914,0.560191,-0.428717
0.2670,5423,Virtual,Wrist,-17.746210,0.995941,20.828100,0.625887,0.252940,0.083991,-0.732962
0.2670,5423,Virtual,Thumb_CMC,-17.725680,1.031245,20.852020,-0.034183,0.518975,-0.260308,-0.813472
0.2670,5423,Virtual,Thumb_MCP,-17.711370,1.048283,20.889880,-0.100925,0.510213,-0.153064,-0.840279
0.2670,5423,Virtual,Thumb_IP,-17.690160,1.055846,20.933440,-0.216066,0.473095,0.045202,-0.852909
0.2670,5423,Virtual,Thumb_FingerTip,-17.674530,1.047822,20.955880,-0.216066,0.473095,0.045202,-0.852909
0.2670,5423,Virtual,Index_MCP,-17.662920,1.047294,20.887660,0.508142,0.399427,0.264500,-0.715745
0.2670,5423,Virtual,Index_PIP,-17.637580,1.048573,20.927030,0.457328,0.456729,0.347305,-0.679433
0.2670,5423,Virtual,Index_DIP,-17.628720,1.047166,20.951380,0.406084,0.502838,0.417692,-0.638580
0.2670,5423,Virtual,Index_FingerTip,-17.624810,1.043802,20.977780,0.406084,0.502838,0.417692,-0.638580
0.2670,5423,Virtual,Middle_MCP,-17.654000,1.021702,20.883420,0.518886,0.431821,0.303592,-0.672398
0.2670,5423,Virtual,Middle_PIP,-17.630620,1.023807,20.930730,0.400910,0.543124,0.455211,-0.580578
0.2670,5423,Virtual,Middle_DIP,-17.630740,1.021227,20.958330,0.274721,0.616637,0.569422,-0.469091
0.2670,5423,Virtual,Middle_FingerTip,-17.642320,1.015697,20.983550,0.274721,0.616637,0.569422,-0.469091
0.2670,5423,Virtual,Ring_MCP,-17.651900,0.997370,20.880640,0.535247,0.438386,0.308393,-0.652858
0.2670,5423,Virtual,Ring_PIP,-17.632100,1.000470,20.922640,0.413359,0.554802,0.457106,-0.558913
0.2670,5423,Virtual,Ring_DIP,-17.632980,0.999092,20.948940,0.282447,0.631581,0.567972,-0.445800
0.2670,5423,Virtual,Ring_FingerTip,-17.644410,0.995232,20.971740,0.282447,0.631581,0.567972,-0.445800
0.2670,5423,Virtual,Pinky_MCP,-17.655220,0.975508,20.877270,0.547540,0.440695,0.309012,-0.640702
0.2670,5423,Virtual,Pinky_PIP,-17.638660,0.978918,20.912820,0.424729,0.560016,0.454767,-0.546969
0.2670,5423,Virtual,Pinky_DIP,-17.639410,0.978519,20.931150,0.292406,0.639149,0.563086,-0.434653
0.2670,5423,Virtual,Pinky_FingerTip,-17.648060,0.976302,20.948100,0.292406,0.639149,0.563086,-0.434653
0.2670,5423,Render,Wrist,-17.746210,0.995941,20.828100,0.625887,0.252940,0.083991,-0.732962
0.2670,5423,Render,Thumb_CMC,-17.725680,1.031245,20.852020,-0.002115,0.526223,-0.259645,-0.809734
0.2670,5423,Render,Thumb_MCP,-17.712000,1.049611,20.889490,-0.050090,0.523838,-0.184727,-0.830037
0.2670,5423,Render,Thumb_IP,-17.693230,1.062073,20.933040,-0.139634,0.507364,-0.038890,-0.849454
0.2670,5423,Render,Thumb_FingerTip,-17.679490,1.059918,20.957910,-0.139634,0.507364,-0.038890,-0.849454
0.2670,5423,Render,Index_MCP,-17.662920,1.047294,20.887660,0.574061,0.296992,0.125509,-0.752661
0.2670,5423,Render,Index_PIP,-17.625830,1.054415,20.915350,0.541756,0.352492,0.199579,-0.736491
0.2670,5423,Render,Index_DIP,-17.608390,1.056698,20.934430,0.508098,0.399482,0.264578,-0.715716
0.2670,5423,Render,Index_FingerTip,-17.593840,1.057430,20.957050,0.508098,0.399482,0.264578,-0.715716
0.2670,5423,Render,Middle_MCP,-17.654000,1.021702,20.883420,0.593329,0.321984,0.166204,-0.718793
0.2670,5423,Render,Middle_PIP,-17.615060,1.029262,20.918280,0.533780,0.413269,0.279710,-0.682679
0.2670,5423,Render,Middle_DIP,-17.601150,1.030905,20.942200,0.468239,0.486277,0.375711,-0.634924
0.2670,5423,Render,Middle_FingerTip,-17.594220,1.030291,20.969630,0.468239,0.486277,0.375711,-0.634924
0.2670,5423,Render,Ring_MCP,-17.651900,0.997370,20.880640,0.622620,0.301687,0.147880,-0.706726
0.2670,5423,Render,Ring_PIP,-17.615870,1.005125,20.909060,0.583900,0.371123,0.227979,-0.685095
0.2670,5423,Render,Ring_DIP,-17.599520,1.008313,20.929470,0.542442,0.429450,0.297525,-0.657882
0.2670,5423,Render,Ring_FingerTip,-17.587800,1.010234,20.952370,0.542442,0.429450,0.297525,-0.657882
0.2670,5423,Render,Pinky_MCP,-17.655220,0.975508,20.877270,0.630957,0.309688,0.160760,-0.692924
0.2670,5423,Render,Pinky_PIP,-17.625440,0.982123,20.902150,0.583761,0.391453,0.252173,-0.665129
0.2670,5423,Render,Pinky_DIP,-17.615050,0.984353,20.917100,0.532253,0.459042,0.330600,-0.629835
0.2670,5423,Render,Pinky_FingerTip,-17.608150,0.985736,20.934930,0.532253,0.459042,0.330600,-0.629835
0.2808,5424,Real,Wrist,-17.765430,0.967354,20.824160,0.634489,0.263198,0.086096,-0.721622
0.2808,5424,Real,Thumb_CMC,-17.745540,1.003378,20.847540,-0.023594,0.524302,-0.265383,-0.808778
0.2808,5424,Real,Thumb_MCP,-17.731960,1.021141,20.885330,-0.091125,0.516861,-0.158683,-0.836284
0.2808,5424,Real,Thumb_IP,-17.711600,1.029535,20.929140,-0.208088,0.481818,0.038849,-0.850318
0.2808,5424,Real,Thumb_FingerTip,-17.696410,1.021938,20.952030,-0.208088,0.481818,0.038849,-0.850318
0.2808,5424,Real,Index_MCP,-17.683640,1.020637,20.884100,0.510933,0.415901,0.269006,-0.702574
0.2808,5424,Real,Index_PIP,-17.659790,1.022838,20.924330,0.455108,0.476344,0.354482,-0.663564
0.2808,5424,Real,Index_DIP,-17.652140,1.021881,20.949120,0.398768,0.524414,0.426718,-0.619585
0.2808,5424,Real,Index_FingerTip,-17.649830,1.018908,20.975750,0.398768,0.524414,0.426718,-0.619585
0.2808,5424,Real,Middle_MCP,-17.674550,0.994972,20.880760,0.520856,0.447838,0.306714,-0.658846
0.2808,5424,Real,Middle_PIP,-17.652860,0.998266,20.928790,0.398141,0.559762,0.455883,-0.565970
0.2808,5424,Real,Middle_DIP,-17.654030,0.996317,20.956420,0.267562,0.632661,0.567565,-0.453895
0.2808,5424,Real,Middle_FingerTip,-17.666620,0.991317,20.981270,0.267562,0.632661,0.567565,-0.453895
0.2808,5424,Real,Ring_MCP,-17.672300,0.970581,20.878690,0.537018,0.454176,0.311243,-0.639111
0.2808,5424,Real,Ring_PIP,-17.653980,0.974768,20.921270,0.410533,0.571076,0.457241,-0.544304
0.2808,5424,Real,Ring_DIP,-17.655840,0.974007,20.947540,0.275398,0.647163,0.565413,-0.430864
0.2808,5424,Real,Ring_FingerTip,-17.668150,0.970633,20.969960,0.275398,0.647163,0.565413,-0.430864
0.2808,5424,Real,Pinky_MCP,-17.675490,0.948622,20.875840,0.549118,0.456461,0.311906,-0.626760
0.2808,5424,Real,Pinky_PIP,-17.660180,0.952966,20.911860,0.421714,0.576233,0.454882,-0.532161
0.2808,5424,Real,Pinky_DIP,-17.661610,0.953000,20.930150,0.285178,0.654645,0.560450,-0.419534
0.2808,5424,Real,Pinky_FingerTip,-17.670910,0.951144,20.946800,0.285178,0.654645,0.560450,-0.419534
0.2808,5424,Virtual,Wrist,-17.750540,0.995572,20.826620,0.630525,0.258221,0.085876,-0.726902
0.2808,5424,Virtual,Thumb_CMC,-17.730310,1.031226,20.850290,-0.029397,0.522201,-0.260597,-0.811500
0.2808,5424,Virtual,Thumb_MCP,-17.716310,1.048450,20.888180,-0.096608,0.514028,-0.153584,-0.838364
0.2808,5424,Virtual,Thumb_IP,-17.695510,1.056206,20.931890,-0.212769,0.477794,0.044290,-0.851164
0.2808,5424,Virtual,Thumb_FingerTip,-17.680130,1.048263,20.954530,-0.212769,0.477794,0.044290,-0.851164
0.2808,5424,Virtual,Index_MCP,-17.668010,1.047820,20.886470,0.508202,0.409992,0.270347,-0.707496
0.2808,5424,Virtual,Index_PIP,-17.643770,1.049421,20.926500,0.453134,0.470140,0.356426,-0.668281
0.2808,5424,Virtual,Index_DIP,-17.635890,1.048115,20.951200,0.397504,0.518028,0.429180,-0.624054
0.2808,5424,Virtual,Index_FingerTip,-17.633330,1.044784,20.977770,0.397504,0.518028,0.429180,-0.624054
0.2808,5424,Virtual,Middle_MCP,-17.659030,1.022175,20.882710,0.518640,0.441873,0.308150,-0.663931
0.2808,5424,Virtual,Middle_PIP,-17.636870,1.024771,20.930570,0.397422,0.553439,0.458498,-0.570562
0.2808,5424,Virtual,Middle_DIP,-17.637790,1.022462,20.958180,0.268228,0.626333,0.571113,-0.457812
0.2808,5424,Virtual,Middle_FingerTip,-17.650150,1.017172,20.983080,0.268228,0.626333,0.571113,-0.457812
0.2808,5424,Virtual,Ring_MCP,-17.656880,0.997807,20.880300,0.534963,0.448251,0.312615,-0.644327
0.2808,5424,Virtual,Ring_PIP,-17.638140,1.001378,20.922750,0.409980,0.564829,0.459839,-0.549030
0.2808,5424,Virtual,Ring_DIP,-17.639750,1.000277,20.949020,0.276227,0.640947,0.568983,-0.434906
0.2808,5424,Virtual,Ring_FingerTip,-17.651850,0.996644,20.971510,0.276227,0.640947,0.568983,-0.434906
0.2808,5424,Virtual,Pinky_MCP,-17.660160,0.975897,20.877200,0.547150,0.450573,0.313216,-0.632066
0.2808,5424,Virtual,Pinky_PIP,-17.644500,0.979720,20.913120,0.421237,0.570043,0.457443,-0.536990
0.2808,5424,Virtual,Pinky_DIP,-17.645750,0.979518,20.931420,0.286068,0.648501,0.564007,-0.423684
0.2808,5424,Virtual,Pinky_FingerTip,-17.654900,0.977470,20.948130,0.286068,0.648501,0.564007,-0.423684
0.2808,5424,Render,Wrist,-17.750540,0.995572,20.826620,0.630525,0.258221,0.085876,-0.726902
0.2808,5424,Render,Thumb_CMC,-17.730310,1.031226,20.850290,0.005163,0.529355,-0.263609,-0.806391
0.2808,5424,Render,Thumb_MCP,-17.717110,1.050134,20.887660,-0.043128,0.527621,-0.188980,-0.827069
0.2808,5424,Render,Thumb_IP,-17.698880,1.063230,20.931250,-0.133428,0.512290,-0.043590,-0.847264
0.2808,5424,Render,Thumb_FingerTip,-17.685450,1.061439,20.956320,-0.133428,0.512290,-0.043590,-0.847264
0.2808,5424,Render,Index_MCP,-17.668010,1.047820,20.886470,0.578575,0.302677,0.126750,-0.746708
0.2808,5424,Render,Index_PIP,-17.631270,1.055357,20.914510,0.545683,0.358597,0.200224,-0.730444
0.2808,5424,Render,Index_DIP,-17.614070,1.057923,20.933770,0.511464,0.405914,0.264680,-0.709636
0.2808,5424,Render,Index_FingerTip,-17.599800,1.058988,20.956550,0.511464,0.405914,0.264680,-0.709636
0.2808,5424,Render,Middle_MCP,-17.659030,1.022175,20.882710,0.597341,0.327755,0.167393,-0.712559
0.2808,5424,Render,Middle_PIP,-17.620530,1.030255,20.917930,0.536812,0.419610,0.279880,-0.676335
0.2808,5424,Render,Middle_DIP,-17.606910,1.032248,20.942000,0.470319,0.492991,0.374960,-0.628623
0.2808,5424,Render,Middle_FingerTip,-17.600320,1.032031,20.969510,0.470319,0.492991,0.374960,-0.628623
0.2808,5424,Render,Ring_MCP,-17.656880,0.997807,20.880300,0.626663,0.307259,0.149399,-0.700404
0.2808,5424,Render,Ring_PIP,-17.621210,1.005988,20.909040,0.587277,0.377122,0.228763,-0.678641
0.2808,5424,Render,Ring_DIP,-17.605110,1.009478,20.929610,0.545182,0.435766,0.297638,-0.651381
0.2808,5424,Render,Ring_FingerTip,-17.593690,1.011733,20.952630,0.545182,0.435766,0.297638,-0.651381
0.2808,5424,Render,Pinky_MCP,-17.660160,0.975897,20.877200,0.634818,0.315269,0.162276,-0.686497
0.2808,5424,Render,Pinky_PIP,-17.630690,0.982884,20.902350,0.586841,0.397501,0.252814,-0.658557
0.2808,5424,Render,Pinky_DIP,-17.620490,0.985334,20.917400,0.534580,0.465417,0.330443,-0.623233
0.2808,5424,Render,Pinky_FingerTip,-17.613810,0.986976,20.935280,0.534580,0.465417,0.330443,-0.623233
0.2951,5425,Real,Wrist,-17.769770,0.968078,20.822050,0.640076,0.268784,0.087275,-0.714452
0.2951,5425,Real,Thumb_CMC,-17.750210,1.004531,20.845040,-0.015191,0.526938,-0.270592,-0.805535
0.2951,5425,Real,Thumb_MCP,-17.737120,1.022971,20.882680,-0.083133,0.520561,-0.164267,-0.833740
0.2951,5425,Real,Thumb_IP,-17.717300,1.032157,20.926580,-0.201167,0.487264,0.032828,-0.849134
0.2951,5425,Real,Thumb_FingerTip,-17.702400,1.024981,20.949790,-0.201167,0.487264,0.032828,-0.849134
0.2951,5425,Real,Index_MCP,-17.688780,1.022509,20.882050,0.515136,0.422887,0.268086,-0.695652
0.2951,5425,Real,Index_PIP,-17.665440,1.025445,20.922540,0.458407,0.483799,0.352705,-0.656811
0.2951,5425,Real,Index_DIP,-17.658090,1.024932,20.947420,0.401211,0.532192,0.424196,-0.613074
0.2951,5425,Real,Index_FingerTip,-17.656110,1.022428,20.974130,0.401211,0.532192,0.424196,-0.613074
0.2951,5425,Real,Middle_MCP,-17.679620,0.996802,20.879270,0.524423,0.454887,0.305599,-0.651665
0.2951,5425,Real,Middle_PIP,-17.658540,1.000964,20.927510,0.399912,0.567461,0.453077,-0.559267
0.2951,5425,Real,Middle_DIP,-17.660050,0.999497,20.955140,0.267625,0.640561,0.563376,-0.447958
0.2951,5425,Real,Middle_FingerTip,-17.672930,0.994916,20.979920,0.267625,0.640561,0.563376,-0.447958
0.2951,5425,Real,Ring_MCP,-17.677330,0.972382,20.877670,0.540380,0.461152,0.310185,-0.631754
0.2951,5425,Real,Ring_PIP,-17.659540,0.977336,20.920380,0.412099,0.578659,0.454427,-0.537424
0.2951,5425,Real,Ring_DIP,-17.661720,0.977033,20.946630,0.275264,0.654906,0.561159,-0.424769
0.2951,5425,Real,Ring_FingerTip,-17.674300,0.974036,20.968960,0.275264,0.654906,0.561159,-0.424769
0.2951,5425,Real,Pinky_MCP,-17.680450,0.950372,20.875160,0.552365,0.463374,0.310910,-0.619284
0.2951,5425,Real,Pinky_PIP,-17.665600,0.955365,20.911290,0.423185,0.583727,0.452099,-0.525152
0.2951,5425,Real,Pinky_DIP,-17.667260,0.955717,20.929560,0.284969,0.662280,0.556199,-0.413305
0.2951,5425,Real,Pinky_FingerTip,-17.676760,0.954141,20.946120,0.284969,0.662280,0.556199,-0.413305
0.2951,5425,Virtual,Wrist,-17.754350,0.995283,20.825530,0.634489,0.263198,0.086095,-0.721622
0.2951,5425,Virtual,Thumb_CMC,-17.734460,1.031307,20.848910,-0.023594,0.524302,-0.265384,-0.808778
0.2951,5425,Virtual,Thumb_MCP,-17.720880,1.049070,20.886700,-0.091125,0.516861,-0.158683,-0.836284
0.2951,5425,Virtual,Thumb_IP,-17.700510,1.057465,20.930510,-0.208088,0.481818,0.038848,-0.850319
0.2951,5425,Virtual,Thumb_FingerTip,-17.685330,1.049867,20.953400,-0.208088,0.481818,0.038848,-0.850319
0.2951,5425,Virtual,Index_MCP,-17.672550,1.048566,20.885470,0.510933,0.415901,0.269005,-0.702574
0.2951,5425,Virtual,Index_PIP,-17.648710,1.050768,20.925700,0.455108,0.476344,0.354481,-0.663564
0.2951,5425,Virtual,Index_DIP,-17.641050,1.049811,20.950490,0.398768,0.524414,0.426718,-0.619585
0.2951,5425,Virtual,Index_FingerTip,-17.638740,1.046837,20.977120,0.398768,0.524414,0.426718,-0.619585
0.2951,5425,Virtual,Middle_MCP,-17.663460,1.022902,20.882130,0.520856,0.447838,0.306713,-0.658846
0.2951,5425,Virtual,Middle_PIP,-17.641770,1.026195,20.930160,0.398141,0.559762,0.455882,-0.565970
0.2951,5425,Virtual,Middle_DIP,-17.642950,1.024246,20.957790,0.267562,0.632661,0.567565,-0.453895
0.2951,5425,Virtual,Middle_FingerTip,-17.655530,1.019246,20.982640,0.267562,0.632661,0.567565,-0.453895
0.2951,5425,Virtual,Ring_MCP,-17.661220,0.998510,20.880070,0.537019,0.454176,0.311243,-0.639111
0.2951,5425,Virtual,Ring_PIP,-17.642900,1.002697,20.922640,0.410533,0.571076,0.457240,-0.544304
0.2951,5425,Virtual,Ring_DIP,-17.644750,1.001937,20.948910,0.275399,0.647163,0.565412,-0.430865
0.2951,5425,Virtual,Ring_FingerTip,-17.657060,0.998563,20.971330,0.275399,0.647163,0.565412,-0.430865
0.2951,5425,Virtual,Pinky_MCP,-17.664410,0.976551,20.877220,0.549118,0.456461,0.311906,-0.626760
0.2951,5425,Virtual,Pinky_PIP,-17.649100,0.980895,20.913240,0.421714,0.576233,0.454882,-0.532162
0.2951,5425,Virtual,Pinky_DIP,-17.650530,0.980929,20.931520,0.285178,0.654646,0.560450,-0.419535
0.2951,5425,Virtual,Pinky_FingerTip,-17.659830,0.979073,20.948170,0.285178,0.654646,0.560450,-0.419535
0.2951,5425,Render,Wrist,-17.754350,0.995283,20.825530,0.634489,0.263198,0.086095,-0.721622
0.2951,5425,Render,Thumb_CMC,-17.734460,1.031307,20.848910,0.010935,0.531464,-0.268271,-0.803404
0.2951,5425,Render,Thumb_MCP,-17.721670,1.050745,20.886160,-0.037572,0.530247,-0.193894,-0.824519
0.2951,5425,Render,Thumb_IP,-17.703900,1.064469,20.929740,-0.128408,0.515834,-0.048870,-0.845600
0.2951,5425,Render,Thumb_FingerTip,-17.690710,1.063049,20.954960,-0.128408,0.515834,-0.048870,-0.845600
0.2951,5425,Render,Index_MCP,-17.672550,1.048566,20.885470,0.582409,0.307938,0.126397,-0.741618
0.2951,5425,Render,Index_PIP,-17.636100,1.056584,20.913750,0.548977,0.364213,0.199367,-0.725415
0.2951,5425,Render,Index_DIP,-17.619100,1.059456,20.933150,0.514243,0.411802,0.263378,-0.704703
0.2951,5425,Render,Index_FingerTip,-17.605050,1.060864,20.956050,0.514243,0.411802,0.263378,-0.704703
0.2951,5425,Render,Middle_MCP,-17.663460,1.022902,20.882130,0.600718,0.333148,0.167014,-0.707288
0.2951,5425,Render,Middle_PIP,-17.625330,1.031562,20.917610,0.539277,0.425476,0.278658,-0.671193
0.2951,5425,Render,Middle_DIP,-17.611950,1.033913,20.941770,0.471908,0.499152,0.373006,-0.623713
0.2951,5425,Render,Middle_FingerTip,-17.605630,1.034078,20.969360,0.471908,0.499152,0.373006,-0.623713
0.2951,5425,Render,Ring_MCP,-17.661220,0.998510,20.880070,0.630076,0.312521,0.149314,-0.695011
0.2951,5425,Render,Ring_PIP,-17.625850,1.007179,20.909040,0.590063,0.382740,0.228060,-0.673293
0.2951,5425,Render,Ring_DIP,-17.609960,1.010988,20.929710,0.547373,0.441642,0.296387,-0.646135
0.2951,5425,Render,Ring_FingerTip,-17.598760,1.013580,20.952800,0.547373,0.441642,0.296387,-0.646135
0.2951,5425,Render,Pinky_MCP,-17.664410,0.976551,20.877220,0.638066,0.320560,0.162198,-0.681032
0.2951,5425,Render,Pinky_PIP,-17.635200,0.983959,20.902560,0.589350,0.403180,0.252004,-0.653152
0.2951,5425,Render,Pinky_DIP,-17.625150,0.986638,20.917670,0.536385,0.471358,0.328987,-0.617965
0.2951,5425,Render,Pinky_FingerTip,-17.618650,0.988536,20.935600,0.536385,0.471358,0.328987,-0.617965
0.3080,5426,Real,Wrist,-17.773850,0.968831,20.820070,0.644584,0.274719,0.088114,-0.708009
0.3080,5426,Real,Thumb_CMC,-17.754670,1.005688,20.842750,-0.012406,0.530490,-0.270224,-0.803372
0.3080,5426,Real,Thumb_MCP,-17.741880,1.024176,20.880470,-0.081474,0.524343,-0.163159,-0.831749
0.3080,5426,Real,Thumb_IP,-17.722430,1.033294,20.924540,-0.201514,0.490882,0.035320,-0.846865
0.3080,5426,Real,Thumb_FingerTip,-17.707730,1.025951,20.947830,-0.201514,0.490882,0.035320,-0.846865
0.3080,5426,Real,Index_MCP,-17.693750,1.024410,20.880220,0.513823,0.435103,0.273937,-0.686754
0.3080,5426,Real,Index_PIP,-17.671680,1.027729,20.921390,0.450439,0.500434,0.364066,-0.643528
0.3080,5426,Real,Index_DIP,-17.665610,1.027268,20.946620,0.386317,0.551441,0.439538,-0.594541
0.3080,5426,Real,Index_FingerTip,-17.665460,1.024670,20.973400,0.386317,0.551441,0.439538,-0.594541
0.3080,5426,Real,Middle_MCP,-17.684490,0.998690,20.877950,0.522207,0.467182,0.310833,-0.642202
0.3080,5426,Real,Middle_PIP,-17.664940,1.003374,20.926780,0.392539,0.580408,0.458034,-0.547034
0.3080,5426,Real,Middle_DIP,-17.667520,1.002114,20.954350,0.255325,0.652510,0.567098,-0.432945
0.3080,5426,Real,Middle_FingerTip,-17.681530,0.997647,20.978530,0.255325,0.652510,0.567098,-0.432945
0.3080,5426,Real,Ring_MCP,-17.682100,0.974255,20.876750,0.537831,0.473632,0.315401,-0.622039
0.3080,5426,Real,Ring_PIP,-17.665700,0.979703,20.919950,0.404179,0.591801,0.459273,-0.524861
0.3080,5426,Real,Ring_DIP,-17.668930,0.979605,20.946100,0.262207,0.666961,0.564643,-0.409377
0.3080,5426,Real,Ring_FingerTip,-17.682530,0.976702,20.967830,0.262207,0.666961,0.564643,-0.409377
0.3080,5426,Real,Pinky_MCP,-17.685140,0.952200,20.874540,0.549690,0.475921,0.316072,-0.609458
0.3080,5426,Real,Pinky_PIP,-17.671460,0.957632,20.911060,0.415106,0.596948,0.456815,-0.512504
0.3080,5426,Real,Pinky_DIP,-17.673850,0.958134,20.929250,0.271712,0.674413,0.559495,-0.397877
0.3080,5426,Real,Pinky_FingerTip,-17.684120,0.956625,20.945350,0.271712,0.674413,0.559495,-0.397877
0.3080,5426,Virtual,Wrist,-17.759210,0.994859,20.823860,0.640076,0.268784,0.087274,-0.714452
0.3080,5426,Virtual,Thumb_CMC,-17.739650,1.031312,20.846860,-0.019438,0.527631,-0.264938,-0.806868
0.3080,5426,Virtual,Thumb_MCP,-17.726350,1.049185,20.884700,-0.088074,0.520592,-0.157462,-0.834526
0.3080,5426,Virtual,Thumb_IP,-17.706330,1.057575,20.928650,-0.207057,0.485696,0.041507,-0.848236
0.3080,5426,Virtual,Thumb_FingerTip,-17.691380,1.049836,20.951650,-0.207057,0.485696,0.041507,-0.848236
0.3080,5426,Virtual,Index_MCP,-17.678230,1.049290,20.883860,0.510848,0.428057,0.275083,-0.692915
0.3080,5426,Virtual,Index_PIP,-17.655650,1.051919,20.924800,0.448442,0.493050,0.366032,-0.649479
0.3080,5426,Virtual,Index_DIP,-17.649260,1.051056,20.949940,0.385232,0.543870,0.442212,-0.600209
0.3080,5426,Virtual,Index_FingerTip,-17.648800,1.048048,20.976670,0.385232,0.543870,0.442212,-0.600209
0.3080,5426,Virtual,Middle_MCP,-17.669070,1.023583,20.881080,0.519844,0.460113,0.312106,-0.648574
0.3080,5426,Virtual,Middle_PIP,-17.648910,1.027466,20.929740,0.391970,0.572976,0.460823,-0.552903
0.3080,5426,Virtual,Middle_DIP,-17.651160,1.025792,20.957310,0.256404,0.645135,0.571109,-0.438057
0.3080,5426,Virtual,Middle_FingerTip,-17.664880,1.020994,20.981600,0.256404,0.645135,0.571109,-0.438057
0.3080,5426,Virtual,Ring_MCP,-17.666770,0.999163,20.879480,0.535658,0.466629,0.316600,-0.628564
0.3080,5426,Virtual,Ring_PIP,-17.649830,1.003905,20.922560,0.403804,0.584478,0.462046,-0.530888
0.3080,5426,Virtual,Ring_DIP,-17.652730,1.003416,20.948740,0.263472,0.659739,0.568689,-0.414634
0.3080,5426,Virtual,Ring_FingerTip,-17.666080,1.000218,20.970580,0.263472,0.659739,0.568689,-0.414634
0.3080,5426,Virtual,Pinky_MCP,-17.669890,0.977153,20.876970,0.547620,0.468972,0.317198,-0.616087
0.3080,5426,Virtual,Pinky_PIP,-17.655760,0.981988,20.913410,0.414816,0.589704,0.459544,-0.518650
0.3080,5426,Virtual,Pinky_DIP,-17.657930,0.982218,20.931620,0.273043,0.667285,0.563523,-0.403261
0.3080,5426,Virtual,Pinky_FingerTip,-17.667990,0.980492,20.947830,0.273043,0.667285,0.563523,-0.403261
0.3080,5426,Render,Wrist,-17.759210,0.994859,20.823860,0.640076,0.268784,0.087274,-0.714452
0.3080,5426,Render,Thumb_CMC,-17.739650,1.031312,20.846860,0.019303,0.534061,-0.273325,-0.799812
0.3080,5426,Render,Thumb_MCP,-17.727350,1.051416,20.883900,-0.029476,0.533596,-0.199255,-0.821404
0.3080,5426,Render,Thumb_IP,-17.710140,1.065923,20.927460,-0.121011,0.520529,-0.054688,-0.843455
0.3080,5426,Render,Thumb_FingerTip,-17.697250,1.064962,20.952860,-0.121011,0.520529,-0.054688,-0.843455
0.3080,5426,Render,Index_MCP,-17.678230,1.049290,20.883860,0.587898,0.313966,0.126848,-0.734651
0.3080,5426,Render,Index_PIP,-17.642140,1.057850,20.912450,0.553840,0.370756,0.199125,-0.718437
0.3080,5426,Render,Index_DIP,-17.625380,1.061083,20.932000,0.518502,0.418753,0.262513,-0.697775
0.3080,5426,Render,Index_FingerTip,-17.611620,1.062909,20.955040,0.518502,0.418753,0.262513,-0.697775
0.3080,5426,Render,Middle_MCP,-17.669070,1.023583,20.881080,0.605638,0.339329,0.167377,-0.700031
0.3080,5426,Render,Middle_PIP,-17.631380,1.032913,20.916880,0.543139,0.432368,0.277847,-0.663973
0.3080,5426,Render,Middle_DIP,-17.618310,1.035705,20.941160,0.474730,0.506531,0.371157,-0.616686
0.3080,5426,Render,Middle_FingerTip,-17.612320,1.036360,20.968810,0.474730,0.506531,0.371157,-0.616686
0.3080,5426,Render,Ring_MCP,-17.666770,0.999163,20.879480,0.635009,0.318489,0.150047,-0.687615
0.3080,5426,Render,Ring_PIP,-17.631770,1.008383,20.908730,0.594279,0.389236,0.227940,-0.665862
0.3080,5426,Render,Ring_DIP,-17.616150,1.012574,20.929520,0.550896,0.448538,0.295499,-0.638756
0.3080,5426,Render,Ring_FingerTip,-17.605230,1.015584,20.952700,0.550896,0.448538,0.295499,-0.638756
0.3080,5426,Render,Pinky_MCP,-17.669890,0.977153,20.876970,0.642792,0.326560,0.162918,-0.673525
0.3080,5426,Render,Pinky_PIP,-17.641010,0.985042,20.902540,0.593229,0.409758,0.251711,-0.645616
0.3080,5426,Render,Pinky_DIP,-17.631150,0.987998,20.917730,0.539442,0.478357,0.327787,-0.610519
0.3080,5426,Render,Pinky_FingerTip,-17.624870,0.990217,20.935690,0.539442,0.478357,0.327787,-0.610519
0.3223,5427,Real,Wrist,-17.777860,0.969390,20.818050,0.647527,0.279911,0.088644,-0.703208
0.3223,5427,Real,Thumb_CMC,-17.759050,1.006561,20.840520,-0.007546,0.533048,-0.274589,-0.800253
0.3223,5427,Real,Thumb_MCP,-17.746710,1.025506,20.878160,-0.076990,0.527513,-0.167893,-0.829226
0.3223,5427,Real,Thumb_IP,-17.727730,1.035176,20.922320,-0.197893,0.495011,0.030128,-0.845515
0.3223,5427,Real,Thumb_FingerTip,-17.713250,1.028140,20.945840,-0.197893,0.495011,0.030128,-0.845515
0.3223,5427,Real,Index_MCP,-17.698580,1.025908,20.878400,0.515430,0.440975,0.272954,-0.682180
0.3223,5427,Real,Index_PIP,-17.676940,1.029756,20.919750,0.451239,0.506468,0.362475,-0.639129
0.3223,5427,Real,Index_DIP,-17.671120,1.029593,20.945040,0.386379,0.557528,0.437424,-0.590368
0.3223,5427,Real,Index_FingerTip,-17.671230,1.027289,20.971840,0.386379,0.557528,0.437424,-0.590368
0.3223,5427,Real,Middle_MCP,-17.689200,1.000198,20.876500,0.523326,0.473044,0.309793,-0.637486
0.3223,5427,Real,Middle_PIP,-17.670160,1.005485,20.925470,0.392195,0.586365,0.455875,-0.542713
0.3223,5427,Real,Middle_DIP,-17.673030,1.004519,20.953030,0.253679,0.658246,0.564042,-0.429204
0.3223,5427,Real,Middle_FingerTip,-17.687260,1.000268,20.977120,0.253679,0.658246,0.564042,-0.429204
0.3223,5427,Real,Ring_MCP,-17.686720,0.975759,20.875590,0.538805,0.479443,0.314440,-0.617213
0.3223,5427,Real,Ring_PIP,-17.670780,0.981739,20.918900,0.403687,0.597673,0.457149,-0.520422
0.3223,5427,Real,Ring_DIP,-17.674270,0.981916,20.945010,0.260419,0.672576,0.561584,-0.405522
0.3223,5427,Real,Ring_FingerTip,-17.688080,0.979203,20.966630,0.260419,0.672576,0.561584,-0.405522
0.3223,5427,Real,Pinky_MCP,-17.689660,0.953671,20.873600,0.550587,0.481692,0.315181,-0.604556
0.3223,5427,Real,Pinky_PIP,-17.676380,0.959551,20.910190,0.414549,0.602763,0.454741,-0.507974
0.3223,5427,Real,Pinky_DIP,-17.678950,0.960244,20.928350,0.269874,0.679957,0.556463,-0.393923
0.3223,5427,Real,Pinky_FingerTip,-17.689370,0.958876,20.944360,0.269874,0.679957,0.556463,-0.393923
0.3223,5427,Virtual,Wrist,-17.763760,0.994557,20.822060,0.644585,0.274719,0.088114,-0.708009
0.3223,5427,Virtual,Thumb_CMC,-17.744580,1.031414,20.844730,-0.012405,0.530490,-0.270224,-0.803372
0.3223,5427,Virtual,Thumb_MCP,-17.731800,1.049902,20.882460,-0.081474,0.524343,-0.163159,-0.831749
0.3223,5427,Virtual,Thumb_IP,-17.712330,1.059020,20.926530,-0.201514,0.490883,0.035320,-0.846865
0.3223,5427,Virtual,Thumb_FingerTip,-17.697640,1.051677,20.949820,-0.201514,0.490883,0.035320,-0.846865
0.3223,5427,Virtual,Index_MCP,-17.683660,1.050136,20.882210,0.513823,0.435103,0.273937,-0.686753
0.3223,5427,Virtual,Index_PIP,-17.661590,1.053455,20.923380,0.450439,0.500434,0.364066,-0.643528
0.3223,5427,Virtual,Index_DIP,-17.655510,1.052994,20.948610,0.386318,0.551441,0.439538,-0.594541
0.3223,5427,Virtual,Index_FingerTip,-17.655370,1.050396,20.975380,0.386318,0.551441,0.439538,-0.594541
0.3223,5427,Virtual,Middle_MCP,-17.674390,1.024416,20.879940,0.522207,0.467182,0.310833,-0.642202
0.3223,5427,Virtual,Middle_PIP,-17.654840,1.029100,20.928770,0.392539,0.580408,0.458034,-0.547034
0.3223,5427,Virtual,Middle_DIP,-17.657430,1.027840,20.956340,0.255325,0.652510,0.567098,-0.432945
0.3223,5427,Virtual,Middle_FingerTip,-17.671430,1.023373,20.980520,0.255325,0.652510,0.567098,-0.432945
0.3223,5427,Virtual,Ring_MCP,-17.672010,0.999981,20.878740,0.537832,0.473632,0.315401,-0.622039
0.3223,5427,Virtual,Ring_PIP,-17.655610,1.005429,20.921940,0.404180,0.591801,0.459273,-0.524861
0.3223,5427,Virtual,Ring_DIP,-17.658830,1.005331,20.948090,0.262207,0.666961,0.564643,-0.409376
0.3223,5427,Virtual,Ring_FingerTip,-17.672440,1.002428,20.969820,0.262207,0.666961,0.564643,-0.409376
0.3223,5427,Virtual,Pinky_MCP,-17.675040,0.977926,20.876530,0.549690,0.475921,0.316072,-0.609458
0.3223,5427,Virtual,Pinky_PIP,-17.661380,0.983358,20.913050,0.415106,0.596948,0.456816,-0.512504
0.3223,5427,Virtual,Pinky_DIP,-17.663760,0.983860,20.931240,0.271712,0.674413,0.559495,-0.397877
0.3223,5427,Virtual,Pinky_FingerTip,-17.674020,0.982351,20.947340,0.271712,0.674413,0.559495,-0.397877
0.3223,5427,Render,Wrist,-17.763760,0.994557,20.822060,0.644585,0.274719,0.088114,-0.708009
0.3223,5427,Render,Thumb_CMC,-17.744580,1.031414,20.844730,0.026364,0.537481,-0.278275,-0.795602
0.3223,5427,Render,Thumb_MCP,-17.732840,1.052102,20.881650,-0.022756,0.537646,-0.204568,-0.817662
0.3223,5427,Render,Thumb_IP,-17.716260,1.067305,20.925210,-0.115089,0.525676,-0.060567,-0.840685
0.3223,5427,Render,Thumb_FingerTip,-17.703720,1.066759,20.950800,-0.115089,0.525676,-0.060567,-0.840685
0.3223,5427,Render,Index_MCP,-17.683660,1.050136,20.882210,0.592257,0.320251,0.126994,-0.728385
0.3223,5427,Render,Index_PIP,-17.647950,1.059236,20.911100,0.557554,0.377442,0.198647,-0.712188
0.3223,5427,Render,Index_DIP,-17.631440,1.062817,20.930810,0.521604,0.425744,0.261479,-0.691593
0.3223,5427,Render,Index_FingerTip,-17.617970,1.065035,20.953980,0.521604,0.425744,0.261479,-0.691593
0.3223,5427,Render,Middle_MCP,-17.674390,1.024416,20.879940,0.609448,0.345735,0.167484,-0.693534
0.3223,5427,Render,Middle_PIP,-17.637170,1.034402,20.916040,0.545868,0.439304,0.276908,-0.657543
0.3223,5427,Render,Middle_DIP,-17.624400,1.037602,20.940440,0.476425,0.513789,0.369296,-0.610460
0.3223,5427,Render,Middle_FingerTip,-17.618760,1.038697,20.968150,0.476425,0.513789,0.369296,-0.610460
0.3223,5427,Render,Ring_MCP,-17.672010,0.999981,20.878740,0.638858,0.324731,0.150511,-0.680997
0.3223,5427,Render,Ring_PIP,-17.637400,1.009750,20.908260,0.597387,0.395877,0.227642,-0.659234
0.3223,5427,Render,Ring_DIP,-17.622040,1.014303,20.929180,0.553301,0.455465,0.294518,-0.632194
0.3223,5427,Render,Ring_FingerTip,-17.611420,1.017699,20.952450,0.553301,0.455465,0.294518,-0.632194
0.3223,5427,Render,Pinky_MCP,-17.675040,0.977926,20.876530,0.646443,0.332824,0.163388,-0.666817
0.3223,5427,Render,Pinky_PIP,-17.646500,0.986289,20.902320,0.596008,0.416455,0.251278,-0.638905
0.3223,5427,Render,Pinky_DIP,-17.636830,0.989506,20.917580,0.541392,0.485340,0.326547,-0.603910
0.3223,5427,Render,Pinky_FingerTip,-17.630790,0.992018,20.935590,0.541392,0.485340,0.326547,-0.603910
0.3372,5428,Real,Wrist,-17.782060,0.970029,20.815400,0.649508,0.284568,0.088006,-0.699582
0.3372,5428,Real,Thumb_CMC,-17.763600,1.007491,20.837680,-0.007580,0.535473,-0.275127,-0.798447
0.3372,5428,Real,Thumb_MCP,-17.751520,1.026426,20.875400,-0.078076,0.529804,-0.167513,-0.827739
0.3372,5428,Real,Thumb_IP,-17.732760,1.035967,20.919690,-0.200725,0.496486,0.032260,-0.843902
0.3372,5428,Real,Thumb_FingerTip,-17.718380,1.028735,20.943200,-0.200725,0.496486,0.032260,-0.843902
0.3372,5428,Real,Index_MCP,-17.703510,1.027478,20.875830,0.512789,0.449953,0.276379,-0.676909
0.3372,5428,Real,Index_PIP,-17.682800,1.031566,20.917630,0.442439,0.519285,0.371231,-0.629904
0.3372,5428,Real,Index_DIP,-17.678000,1.031354,20.943130,0.371149,0.572414,0.449997,-0.576276
0.3372,5428,Real,Index_FingerTip,-17.679620,1.028832,20.969870,0.371149,0.572414,0.449997,-0.576276
0.3372,5428,Real,Middle_MCP,-17.693990,1.001802,20.874230,0.520085,0.482028,0.312800,-0.631915
0.3372,5428,Real,Middle_PIP,-17.676060,1.007403,20.923580,0.384511,0.595812,0.459550,-0.534766
0.3372,5428,Real,Middle_DIP,-17.679730,1.006480,20.951040,0.241738,0.666636,0.567371,-0.418629
0.3372,5428,Real,Middle_FingerTip,-17.694800,1.002158,20.974600,0.241738,0.666636,0.567371,-0.418629
0.3372,5428,Real,Ring_MCP,-17.691380,0.977370,20.873550,0.535039,0.488916,0.317819,-0.611298
0.3372,5428,Real,Ring_PIP,-17.676490,0.983634,20.917190,0.394947,0.607720,0.461288,-0.511769
0.3372,5428,Real,Ring_DIP,-17.680820,0.983842,20.943180,0.246881,0.681436,0.565304,-0.393861
0.3372,5428,Real,Ring_FingerTip,-17.695470,0.981034,20.964230,0.246881,0.681436,0.565304,-0.393861
0.3372,5428,Real,Pinky_MCP,-17.694190,0.955251,20.871730,0.546739,0.491249,0.318521,-0.598578
0.3372,5428,Real,Pinky_PIP,-17.681810,0.961387,20.908600,0.405684,0.612919,0.458770,-0.499282
0.3372,5428,Real,Pinky_DIP,-17.684970,0.962106,20.926650,0.256160,0.688934,0.560020,-0.382269
0.3372,5428,Real,Pinky_FingerTip,-17.696010,0.960665,20.942240,0.256160,0.688934,0.560020,-0.382269
0.3372,5428,Virtual,Wrist,-17.768100,0.994429,20.820250,0.647527,0.279911,0.088644,-0.703208
0.3372,5428,Virtual,Thumb_CMC,-17.749280,1.031600,20.842720,-0.010672,0.533720,-0.270707,-0.801092
0.3372,5428,Virtual,Thumb_MCP,-17.736820,1.050145,20.880520,-0.080909,0.527659,-0.162783,-0.829778
0.3372,5428,Virtual,Thumb_IP,-17.717690,1.059204,20.924740,-0.202973,0.493733,0.037337,-0.844770
0.3372,5428,Virtual,Thumb_FingerTip,-17.703160,1.051694,20.948080,-0.202973,0.493733,0.037337,-0.844770
0.3372,5428,Virtual,Index_MCP,-17.688810,1.050946,20.880600,0.512033,0.444915,0.278178,-0.680067
0.3372,5428,Virtual,Index_PIP,-17.667770,1.054565,20.922280,0.442419,0.514191,0.373466,-0.632769
0.3372,5428,Virtual,Index_DIP,-17.662780,1.054106,20.947740,0.371791,0.567360,0.452586,-0.578826
0.3372,5428,Virtual,Index_FingerTip,-17.664220,1.051361,20.974460,0.371791,0.567360,0.452586,-0.578826
0.3372,5428,Virtual,Middle_MCP,-17.679430,1.025237,20.878700,0.519742,0.476979,0.314594,-0.635130
0.3372,5428,Virtual,Middle_PIP,-17.661110,1.030316,20.927970,0.385429,0.590835,0.462084,-0.537437
0.3372,5428,Virtual,Middle_DIP,-17.664580,1.029173,20.955440,0.243744,0.661990,0.570438,-0.420667
0.3372,5428,Virtual,Middle_FingerTip,-17.679500,1.024724,20.979070,0.243744,0.661990,0.570438,-0.420667
0.3372,5428,Virtual,Ring_MCP,-17.676950,1.000798,20.877790,0.534822,0.483883,0.319533,-0.614591
0.3372,5428,Virtual,Ring_PIP,-17.661710,1.006606,20.921370,0.396001,0.602793,0.463775,-0.514526
0.3372,5428,Virtual,Ring_DIP,-17.665850,1.006611,20.947390,0.249026,0.676877,0.568351,-0.395981
0.3372,5428,Virtual,Ring_FingerTip,-17.680360,1.003696,20.968530,0.249026,0.676877,0.568351,-0.395981
0.3372,5428,Virtual,Pinky_MCP,-17.679890,0.978710,20.875800,0.546585,0.486229,0.320169,-0.601929
0.3372,5428,Virtual,Pinky_PIP,-17.667210,0.984462,20.912620,0.406797,0.608021,0.461208,-0.502110
0.3372,5428,Virtual,Pinky_DIP,-17.670230,0.985041,20.930710,0.258354,0.684417,0.563036,-0.384471
0.3372,5428,Virtual,Pinky_FingerTip,-17.681170,0.983521,20.946370,0.258354,0.684417,0.563036,-0.384471
0.3372,5428,Render,Wrist,-17.768100,0.994429,20.820250,0.647527,0.279911,0.088644,-0.703208
0.3372,5428,Render,Thumb_CMC,-17.749280,1.031600,20.842720,0.031208,0.540023,-0.282468,-0.792221
0.3372,5428,Render,Thumb_MCP,-17.737990,1.052733,20.879510,-0.018164,0.540618,-0.209052,-0.814678
0.3372,5428,Render,Thumb_IP,-17.721900,1.068471,20.923070,-0.111078,0.529396,-0.065498,-0.838518
0.3372,5428,Render,Thumb_FingerTip,-17.709620,1.068249,20.948790,-0.111078,0.529396,-0.065498,-0.838518
0.3372,5428,Render,Index_MCP,-17.688810,1.050946,20.880600,0.595036,0.325667,0.126971,-0.723707
0.3372,5428,Render,Index_PIP,-17.653420,1.060490,20.909740,0.559781,0.383108,0.198161,-0.707535
0.3372,5428,Render,Index_DIP,-17.637130,1.064344,20.929580,0.523317,0.431586,0.260579,-0.687003
0.3372,5428,Render,Index_FingerTip,-17.623900,1.066864,20.952870,0.523317,0.431586,0.260579,-0.687003
0.3372,5428,Render,Middle_MCP,-17.679430,1.025237,20.878700,0.611785,0.351226,0.167468,-0.688704
0.3372,5428,Render,Middle_PIP,-17.642620,1.035749,20.915070,0.547291,0.445100,0.276115,-0.652779
0.3372,5428,Render,Middle_DIP,-17.630110,1.039262,20.939560,0.476993,0.519730,0.367821,-0.605861
0.3372,5428,Render,Middle_FingerTip,-17.624750,1.040680,20.967300,0.476993,0.519730,0.367821,-0.605861
0.3372,5428,Render,Ring_MCP,-17.676950,1.000798,20.877790,0.641249,0.330116,0.150783,-0.676083
0.3372,5428,Render,Ring_PIP,-17.642680,1.011012,20.907560,0.599144,0.401502,0.227348,-0.654322
0.3372,5428,Render,Ring_DIP,-17.627550,1.015849,20.928580,0.554467,0.461241,0.293718,-0.627338
0.3372,5428,Render,Ring_FingerTip,-17.617180,1.019537,20.951910,0.554467,0.461241,0.293718,-0.627338
0.3372,5428,Render,Pinky_MCP,-17.679890,0.978710,20.875800,0.648676,0.338221,0.163678,-0.661843
0.3372,5428,Render,Pinky_PIP,-17.651640,0.987456,20.901790,0.597497,0.422103,0.250899,-0.633938
0.3372,5428,Render,Pinky_DIP,-17.642140,0.990874,20.917100,0.542189,0.491126,0.325571,-0.599025
0.3372,5428,Render,Pinky_FingerTip,-17.636280,0.993604,20.935140,0.542189,0.491126,0.325571,-0.599025
0.3502,5429,Real,Wrist,-17.786080,0.970356,20.813000,0.651255,0.289093,0.084926,-0.696477
0.3502,5429,Real,Thumb_CMC,-17.768030,1.008175,20.835000,-0.007736,0.535842,-0.278167,-0.797143
0.3502,5429,Real,Thumb_MCP,-17.756120,1.027284,20.872710,-0.078677,0.530091,-0.170076,-0.826975
0.3502,5429,Real,Thumb_IP,-17.737490,1.036986,20.917010,-0.202049,0.496349,0.030732,-0.843724
0.3502,5429,Real,Thumb_FingerTip,-17.723080,1.029792,20.940520,-0.202049,0.496349,0.030732,-0.843724
0.3502,5429,Real,Index_MCP,-17.708260,1.029025,20.873210,0.511567,0.456712,0.275047,-0.673842
0.3502,5429,Real,Index_PIP,-17.688050,1.033549,20.915210,0.438191,0.527518,0.371922,-0.625610
0.3502,5429,Real,Index_DIP,-17.683720,1.033470,20.940800,0.363820,0.581310,0.452137,-0.570338
0.3502,5429,Real,Index_FingerTip,-17.686000,1.030975,20.967480,0.363820,0.581310,0.452137,-0.570338
0.3502,5429,Real,Middle_MCP,-17.698510,1.003419,20.871870,0.518456,0.488786,0.311186,-0.628852
0.3502,5429,Real,Middle_PIP,-17.681170,1.009516,20.921380,0.380449,0.602467,0.457942,-0.531584
0.3502,5429,Real,Middle_DIP,-17.685190,1.008727,20.948790,0.235479,0.672501,0.565596,-0.415203
0.3502,5429,Real,Middle_FingerTip,-17.700600,1.004399,20.972130,0.235479,0.672501,0.565596,-0.415203
0.3502,5429,Real,Ring_MCP,-17.695680,0.979005,20.871420,0.533446,0.495567,0.315975,-0.608283
0.3502,5429,Real,Ring_PIP,-17.681300,0.985721,20.915170,0.391039,0.614199,0.459321,-0.508795
0.3502,5429,Real,Ring_DIP,-17.685950,0.986062,20.941090,0.240907,0.687107,0.563112,-0.390837
0.3502,5429,Real,Ring_FingerTip,-17.700870,0.983247,20.961950,0.240907,0.687107,0.563112,-0.390837
0.3502,5429,Real,Pinky_MCP,-17.698290,0.956847,20.869790,0.545069,0.497968,0.316702,-0.595507
0.3502,5429,Real,Pinky_PIP,-17.686340,0.963370,20.906740,0.401679,0.619456,0.456799,-0.496249
0.3502,5429,Real,Pinky_DIP,-17.689740,0.964182,20.924750,0.250071,0.694648,0.557799,-0.379195
0.3502,5429,Real,Pinky_FingerTip,-17.700990,0.962733,20.940190,0.250071,0.694648,0.557799,-0.379195
0.3502,5429,Virtual,Wrist,-17.772760,0.994310,20.818190,0.649509,0.284567,0.088005,-0.699583
0.3502,5429,Virtual,Thumb_CMC,-17.754300,1.031771,20.840460,-0.009545,0.535608,-0.272281,-0.799310
0.3502,5429,Virtual,Thumb_MCP,-17.742090,1.050436,20.878290,-0.080439,0.529619,-0.163955,-0.828343
0.3502,5429,Virtual,Thumb_IP,-17.723200,1.059576,20.922600,-0.203649,0.495473,0.037003,-0.843602
0.3502,5429,Virtual,Thumb_FingerTip,-17.708780,1.052045,20.946000,-0.203649,0.495473,0.037003,-0.843602
0.3502,5429,Virtual,Index_MCP,-17.694210,1.051759,20.878610,0.511010,0.451971,0.279046,-0.675814
0.3502,5429,Virtual,Index_PIP,-17.673810,1.055728,20.920580,0.438344,0.522747,0.376169,-0.626967
0.3502,5429,Virtual,Index_DIP,-17.669390,1.055380,20.946150,0.364608,0.576602,0.456528,-0.571116
0.3502,5429,Virtual,Index_FingerTip,-17.671580,1.052664,20.972830,0.364608,0.576602,0.456528,-0.571116
0.3502,5429,Virtual,Middle_MCP,-17.684690,1.026083,20.877020,0.518310,0.483937,0.315121,-0.630761
0.3502,5429,Virtual,Middle_PIP,-17.667110,1.031582,20.926510,0.381515,0.597734,0.462228,-0.532453
0.3502,5429,Virtual,Middle_DIP,-17.671040,1.030580,20.953930,0.237580,0.668129,0.569968,-0.415087
0.3502,5429,Virtual,Middle_FingerTip,-17.686390,1.026173,20.977290,0.237580,0.668129,0.569968,-0.415087
0.3502,5429,Virtual,Ring_MCP,-17.682080,1.001651,20.876340,0.533431,0.490670,0.319824,-0.610252
0.3502,5429,Virtual,Ring_PIP,-17.667470,1.007846,20.920080,0.392261,0.609457,0.463542,-0.509729
0.3502,5429,Virtual,Ring_DIP,-17.672020,1.007993,20.946030,0.243177,0.682767,0.567434,-0.390785
0.3502,5429,Virtual,Ring_FingerTip,-17.686880,1.005118,20.966920,0.243177,0.682767,0.567434,-0.390785
0.3502,5429,Virtual,Pinky_MCP,-17.684890,0.979532,20.874520,0.545123,0.493041,0.320484,-0.597530
0.3502,5429,Virtual,Pinky_PIP,-17.672740,0.985616,20.911470,0.402975,0.614703,0.460969,-0.497252
0.3502,5429,Virtual,Pinky_DIP,-17.676060,0.986295,20.929500,0.252415,0.690315,0.562088,-0.379222
0.3502,5429,Virtual,Pinky_FingerTip,-17.687270,0.984804,20.944970,0.252415,0.690315,0.562088,-0.379222
0.3502,5429,Render,Wrist,-17.772760,0.994310,20.818190,0.649509,0.284567,0.088005,-0.699583
0.3502,5429,Render,Thumb_CMC,-17.754300,1.031771,20.840460,0.034322,0.542411,-0.286605,-0.788968
0.3502,5429,Render,Thumb_MCP,-17.743440,1.053265,20.877180,-0.015281,0.543281,-0.213468,-0.811815
0.3502,5429,Render,Thumb_IP,-17.727820,1.069444,20.920750,-0.108697,0.532515,-0.070341,-0.836460
0.3502,5429,Render,Thumb_FingerTip,-17.715760,1.069499,20.946570,-0.108697,0.532515,-0.070341,-0.836460
0.3502,5429,Render,Index_MCP,-17.694210,1.051759,20.878610,0.596847,0.330429,0.125886,-0.720239
0.3502,5429,Render,Index_PIP,-17.659090,1.061738,20.907950,0.561111,0.388025,0.196737,-0.704191
0.3502,5429,Render,Index_DIP,-17.642960,1.065849,20.927860,0.524202,0.436603,0.258861,-0.683800
0.3502,5429,Render,Index_FingerTip,-17.629920,1.068639,20.951220,0.524202,0.436603,0.258861,-0.683800
0.3502,5429,Render,Middle_MCP,-17.684690,1.026083,20.877020,0.613229,0.356076,0.166424,-0.685174
0.3502,5429,Render,Middle_PIP,-17.648200,1.037101,20.913560,0.547935,0.450119,0.274516,-0.649462
0.3502,5429,Render,Middle_DIP,-17.635890,1.040890,20.938110,0.476902,0.524790,0.365758,-0.602811
0.3502,5429,Render,Middle_FingerTip,-17.630750,1.042576,20.965890,0.476902,0.524790,0.365758,-0.602811
0.3502,5429,Render,Ring_MCP,-17.682080,1.001651,20.876340,0.642753,0.334924,0.149972,-0.672460
0.3502,5429,Render,Ring_PIP,-17.648080,1.012300,20.906270,0.600087,0.406450,0.226127,-0.650816
0.3502,5429,Render,Ring_DIP,-17.633130,1.017397,20.927350,0.554894,0.466260,0.292141,-0.623977
0.3502,5429,Render,Ring_FingerTip,-17.622950,1.021341,20.950740,0.554894,0.466260,0.292141,-0.623977
0.3502,5429,Render,Pinky_MCP,-17.684890,0.979532,20.874520,0.650050,0.343051,0.162895,-0.658192
0.3502,5429,Render,Pinky_PIP,-17.656870,0.988649,20.900630,0.598211,0.427074,0.249634,-0.630424
0.3502,5429,Render,Pinky_DIP,-17.647500,0.992248,20.915990,0.542298,0.496147,0.323892,-0.595690
0.3502,5429,Render,Pinky_FingerTip,-17.641800,0.995165,20.934040,0.542298,0.496147,0.323892,-0.595690
0.3646,5430,Real,Wrist,-17.790340,0.970410,20.810260,0.652487,0.294088,0.080776,-0.693721
0.3646,5430,Real,Thumb_CMC,-17.772780,1.008614,20.831990,-0.008619,0.535886,-0.282404,-0.795613
0.3646,5430,Real,Thumb_MCP,-17.761090,1.027941,20.869640,-0.079789,0.529983,-0.174120,-0.826096
0.3646,5430,Real,Thumb_IP,-17.742570,1.037899,20.913940,-0.203490,0.495823,0.027252,-0.843806
0.3646,5430,Real,Thumb_FingerTip,-17.728130,1.030838,20.937470,-0.203490,0.495823,0.027252,-0.843806
0.3646,5430,Real,Index_MCP,-17.713360,1.030454,20.870180,0.509975,0.463385,0.272305,-0.671603
0.3646,5430,Real,Index_PIP,-17.693580,1.035458,20.912330,0.434296,0.534964,0.370432,-0.622881
0.3646,5430,Real,Index_DIP,-17.689610,1.035541,20.937980,0.357644,0.588974,0.451569,-0.566821
0.3646,5430,Real,Index_FingerTip,-17.692340,1.033103,20.964630,0.357644,0.588974,0.451569,-0.566821
0.3646,5430,Real,Middle_MCP,-17.703320,1.004947,20.869090,0.516241,0.495703,0.308535,-0.626562
0.3646,5430,Real,Middle_PIP,-17.686520,1.011557,20.918720,0.376015,0.608966,0.455299,-0.529601
0.3646,5430,Real,Middle_DIP,-17.690850,1.010884,20.946090,0.229130,0.678031,0.562922,-0.413392
0.3646,5430,Real,Middle_FingerTip,-17.706510,1.006506,20.969260,0.229130,0.678031,0.562922,-0.413392
0.3646,5430,Real,Ring_MCP,-17.700220,0.980563,20.868860,0.531435,0.502228,0.312926,-0.606153
0.3646,5430,Real,Ring_PIP,-17.686280,0.987750,20.912670,0.387110,0.620324,0.456079,-0.507283
0.3646,5430,Real,Ring_DIP,-17.691170,0.988212,20.938550,0.235384,0.692279,0.559781,-0.389858
0.3646,5430,Real,Ring_FingerTip,-17.706270,0.985360,20.959280,0.235384,0.692279,0.559781,-0.389858
0.3646,5430,Real,Pinky_MCP,-17.702590,0.958364,20.867410,0.542982,0.504709,0.313695,-0.593326
0.3646,5430,Real,Pinky_PIP,-17.691020,0.965288,20.904400,0.397653,0.625645,0.453579,-0.494678
0.3646,5430,Real,Pinky_DIP,-17.694580,0.966184,20.922380,0.244436,0.699865,0.554471,-0.378156
0.3646,5430,Real,Pinky_FingerTip,-17.705970,0.964704,20.937720,0.244436,0.699865,0.554471,-0.378156
0.3646,5430,Virtual,Wrist,-17.777500,0.993219,20.816170,0.651255,0.289093,0.084926,-0.696476
0.3646,5430,Virtual,Thumb_CMC,-17.759450,1.031038,20.838170,-0.009460,0.535960,-0.275675,-0.797910
0.3646,5430,Virtual,Thumb_MCP,-17.747440,1.049910,20.875960,-0.080631,0.529945,-0.167145,-0.827478
0.3646,5430,Virtual,Thumb_IP,-17.728690,1.059283,20.920280,-0.204300,0.495585,0.034356,-0.843491
0.3646,5430,Virtual,Thumb_FingerTip,-17.714260,1.051860,20.943710,-0.204300,0.495585,0.034356,-0.843491
0.3646,5430,Virtual,Index_MCP,-17.699680,1.051888,20.876380,0.510063,0.458391,0.277260,-0.672934
0.3646,5430,Virtual,Index_PIP,-17.679740,1.056312,20.918510,0.435136,0.530041,0.375532,-0.623450
0.3646,5430,Virtual,Index_DIP,-17.675680,1.056131,20.944140,0.359145,0.584210,0.456698,-0.566693
0.3646,5430,Virtual,Index_FingerTip,-17.678370,1.053495,20.970780,0.359145,0.584210,0.456698,-0.566693
0.3646,5430,Virtual,Middle_MCP,-17.689940,1.026282,20.875040,0.516755,0.490585,0.313369,-0.627768
0.3646,5430,Virtual,Middle_PIP,-17.672920,1.032280,20.924670,0.377791,0.604138,0.460280,-0.529561
0.3646,5430,Virtual,Middle_DIP,-17.677180,1.031420,20.952050,0.231948,0.673728,0.567766,-0.412230
0.3646,5430,Virtual,Middle_FingerTip,-17.692810,1.027018,20.975220,0.231948,0.673728,0.567766,-0.412230
0.3646,5430,Virtual,Ring_MCP,-17.687110,1.001868,20.874590,0.532078,0.497036,0.317651,-0.607410
0.3646,5430,Virtual,Ring_PIP,-17.672960,1.008525,20.918420,0.389045,0.615464,0.460969,-0.507303
0.3646,5430,Virtual,Ring_DIP,-17.677770,1.008819,20.944320,0.238377,0.687989,0.564546,-0.388762
0.3646,5430,Virtual,Ring_FingerTip,-17.692840,1.005957,20.965060,0.238377,0.687989,0.564546,-0.388762
0.3646,5430,Virtual,Pinky_MCP,-17.689710,0.979710,20.872960,0.543694,0.499469,0.318343,-0.594631
0.3646,5430,Virtual,Pinky_PIP,-17.677970,0.986188,20.909980,0.399668,0.620756,0.458406,-0.494766
0.3646,5430,Virtual,Pinky_DIP,-17.681470,0.986969,20.927970,0.247513,0.695564,0.559191,-0.377140
0.3646,5430,Virtual,Pinky_FingerTip,-17.692840,0.985485,20.943320,0.247513,0.695564,0.559191,-0.377140
0.3646,5430,Render,Wrist,-17.777500,0.993219,20.816170,0.651255,0.289093,0.084926,-0.696476
0.3646,5430,Render,Thumb_CMC,-17.759450,1.031038,20.838170,0.036082,0.542750,-0.292393,-0.786529
0.3646,5430,Render,Thumb_MCP,-17.748920,1.052954,20.874740,-0.013560,0.543779,-0.219455,-0.809914
0.3646,5430,Render,Thumb_IP,-17.733610,1.069661,20.918220,-0.107088,0.533303,-0.076566,-0.835619
0.3646,5430,Render,Thumb_FingerTip,-17.721650,1.070052,20.944080,-0.107088,0.533303,-0.076566,-0.835619
0.3646,5430,Render,Index_MCP,-17.699680,1.051888,20.876380,0.598418,0.334936,0.122410,-0.717447
0.3646,5430,Render,Index_PIP,-17.664760,1.062435,20.905740,0.562227,0.392667,0.193000,-0.701758
0.3646,5430,Render,Index_DIP,-17.648750,1.066865,20.925680,0.524899,0.441325,0.254923,-0.681710
0.3646,5430,Render,Index_FingerTip,-17.635820,1.069978,20.949060,0.524899,0.441325,0.254923,-0.681710
0.3646,5430,Render,Middle_MCP,-17.689940,1.026282,20.875040,0.614454,0.360771,0.163014,-0.682436
0.3646,5430,Render,Middle_PIP,-17.653680,1.037945,20.911620,0.548388,0.454949,0.270710,-0.647308
0.3646,5430,Render,Middle_DIP,-17.641500,1.042062,20.936180,0.476651,0.529635,0.361679,-0.601232
0.3646,5430,Render,Middle_FingerTip,-17.636480,1.044043,20.963960,0.476651,0.529635,0.361679,-0.601232
0.3646,5430,Render,Ring_MCP,-17.687110,1.001868,20.874590,0.644043,0.339648,0.146768,-0.669558
0.3646,5430,Render,Ring_PIP,-17.653320,1.013082,20.904560,0.600826,0.411291,0.222612,-0.648300
0.3646,5430,Render,Ring_DIP,-17.638490,1.018498,20.925650,0.555129,0.471152,0.288385,-0.621838
0.3646,5430,Render,Ring_FingerTip,-17.628440,1.022740,20.949030,0.555129,0.471152,0.288385,-0.621838
0.3646,5430,Render,Pinky_MCP,-17.689710,0.979710,20.872960,0.651215,0.347838,0.159731,-0.655297
0.3646,5430,Render,Pinky_PIP,-17.661880,0.989305,20.899100,0.598724,0.431974,0.246110,-0.627980
0.3646,5430,Render,Pinky_DIP,-17.652610,0.993124,20.914460,0.542216,0.501073,0.320098,-0.593688
0.3646,5430,Render,Pinky_FingerTip,-17.646990,0.996252,20.932510,0.542216,0.501073,0.320098,-0.593688
0.3779,5431,Real,Wrist,-17.794300,0.970549,20.808080,0.653661,0.299027,0.078122,-0.690803
0.3779,5431,Real,Thumb_CMC,-17.777180,1.009077,20.829590,-0.009767,0.536866,-0.284428,-0.794217
0.3779,5431,Real,Thumb_MCP,-17.765690,1.028455,20.867290,-0.081404,0.530748,-0.175772,-0.825096
0.3779,5431,Real,Thumb_IP,-17.747310,1.038440,20.911630,-0.205826,0.495940,0.026404,-0.843198
0.3779,5431,Real,Thumb_FingerTip,-17.732870,1.031353,20.935160,-0.205826,0.495940,0.026404,-0.843198
0.3779,5431,Real,Index_MCP,-17.718150,1.031745,20.867910,0.507366,0.471048,0.272254,-0.668260
0.3779,5431,Real,Index_PIP,-17.699050,1.037089,20.910330,0.428241,0.543982,0.372522,-0.617998
0.3779,5431,Real,Index_DIP,-17.695660,1.037231,20.936060,0.348123,0.598429,0.455133,-0.559954
0.3779,5431,Real,Index_FingerTip,-17.699170,1.034728,20.962610,0.348123,0.598429,0.455133,-0.559954
0.3779,5431,Real,Middle_MCP,-17.707880,1.006322,20.867070,0.513203,0.503301,0.308151,-0.623181
0.3779,5431,Real,Middle_PIP,-17.691860,1.013320,20.916900,0.370392,0.616035,0.454750,-0.525845
0.3779,5431,Real,Middle_DIP,-17.696640,1.012713,20.944200,0.221277,0.683905,0.562010,-0.409214
0.3779,5431,Real,Middle_FingerTip,-17.712690,1.008262,20.967070,0.221277,0.683905,0.562010,-0.409214
0.3779,5431,Real,Ring_MCP,-17.704570,0.981966,20.867040,0.528158,0.510025,0.312646,-0.602642
0.3779,5431,Real,Ring_PIP,-17.691340,0.989501,20.911020,0.381067,0.627586,0.455643,-0.503303
0.3779,5431,Real,Ring_DIP,-17.696690,0.990019,20.936810,0.226942,0.698264,0.558947,-0.385361
0.3779,5431,Real,Ring_FingerTip,-17.712160,0.987081,20.957240,0.226942,0.698264,0.558947,-0.385361
0.3779,5431,Real,Pinky_MCP,-17.706720,0.959736,20.865760,0.539628,0.512588,0.313426,-0.589763
0.3779,5431,Real,Pinky_PIP,-17.695770,0.966962,20.902880,0.391508,0.632982,0.453121,-0.490650
0.3779,5431,Real,Pinky_DIP,-17.699660,0.967897,20.920780,0.235867,0.705912,0.553589,-0.373623
0.3779,5431,Real,Pinky_FingerTip,-17.711340,0.966352,20.935890,0.235867,0.705912,0.553589,-0.373623
0.3779,5431,Virtual,Wrist,-17.782460,0.991940,20.813730,0.652487,0.294088,0.080776,-0.693721
0.3779,5431,Virtual,Thumb_CMC,-17.764900,1.030144,20.835460,-0.011155,0.536054,-0.278746,-0.796758
0.3779,5431,Virtual,Thumb_MCP,-17.753040,1.049124,20.873240,-0.082671,0.529759,-0.169801,-0.826855
0.3779,5431,Virtual,Thumb_IP,-17.734360,1.058597,20.917570,-0.206820,0.494676,0.032623,-0.843479
0.3779,5431,Virtual,Thumb_FingerTip,-17.719870,1.051197,20.940970,-0.206820,0.494676,0.032623,-0.843479
0.3779,5431,Virtual,Index_MCP,-17.705480,1.051984,20.873650,0.507531,0.466060,0.275833,-0.670162
0.3779,5431,Virtual,Index_PIP,-17.686120,1.056824,20.916020,0.429178,0.539079,0.376352,-0.619322
0.3779,5431,Virtual,Index_DIP,-17.682600,1.056735,20.941730,0.349735,0.593705,0.459110,-0.560731
0.3779,5431,Virtual,Index_FingerTip,-17.686010,1.054056,20.968280,0.349735,0.593705,0.459110,-0.560731
0.3779,5431,Virtual,Middle_MCP,-17.695440,1.026477,20.872570,0.513777,0.498256,0.311638,-0.625024
0.3779,5431,Virtual,Middle_PIP,-17.679110,1.032942,20.922370,0.372214,0.611296,0.458589,-0.526755
0.3779,5431,Virtual,Middle_DIP,-17.683770,1.032164,20.949680,0.224125,0.679702,0.565955,-0.409230
0.3779,5431,Virtual,Middle_FingerTip,-17.699750,1.027678,20.972600,0.224125,0.679702,0.565955,-0.409230
0.3779,5431,Virtual,Ring_MCP,-17.692340,1.002093,20.872330,0.528853,0.504946,0.316030,-0.604540
0.3779,5431,Virtual,Ring_PIP,-17.678830,1.009166,20.916300,0.383030,0.622851,0.459399,-0.504279
0.3779,5431,Virtual,Ring_DIP,-17.684050,1.009529,20.942120,0.229939,0.694107,0.562826,-0.385449
0.3779,5431,Virtual,Ring_FingerTip,-17.699460,1.006571,20.962600,0.229939,0.694107,0.562826,-0.385449
0.3779,5431,Virtual,Pinky_MCP,-17.694700,0.979894,20.870880,0.540386,0.507487,0.316734,-0.591709
0.3779,5431,Virtual,Pinky_PIP,-17.683510,0.986731,20.908010,0.393538,0.628242,0.456816,-0.491691
0.3779,5431,Virtual,Pinky_DIP,-17.687310,0.987561,20.925940,0.238931,0.701764,0.557424,-0.373789
0.3779,5431,Virtual,Pinky_FingerTip,-17.698920,0.986002,20.941090,0.238931,0.701764,0.557424,-0.373789
0.3779,5431,Render,Wrist,-17.782460,0.991940,20.813730,0.652487,0.294088,0.080776,-0.693721
0.3779,5431,Render,Thumb_CMC,-17.764900,1.030144,20.835460,0.036859,0.542840,-0.299021,-0.783934
0.3779,5431,Render,Thumb_MCP,-17.754720,1.052488,20.871860,-0.012794,0.543940,-0.226292,-0.807935
0.3779,5431,Render,Thumb_IP,-17.739720,1.069734,20.915240,-0.106361,0.533593,-0.083642,-0.834847
0.3779,5431,Render,Thumb_FingerTip,-17.727850,1.070479,20.941140,-0.106361,0.533593,-0.083642,-0.834847
0.3779,5431,Render,Index_MCP,-17.705480,1.051984,20.873650,0.599431,0.339827,0.117868,-0.715058
0.3779,5431,Render,Index_PIP,-17.670760,1.063168,20.903030,0.562750,0.397633,0.188245,-0.699832
0.3779,5431,Render,Index_DIP,-17.654860,1.067945,20.922970,0.524976,0.446319,0.250014,-0.680216
0.3779,5431,Render,Index_FingerTip,-17.642040,1.071402,20.946370,0.524976,0.446319,0.250014,-0.680216
0.3779,5431,Render,Middle_MCP,-17.695440,1.026477,20.872570,0.615113,0.365872,0.158579,-0.680167
0.3779,5431,Render,Middle_PIP,-17.659430,1.038854,20.909150,0.548218,0.460090,0.265968,-0.645783
0.3779,5431,Render,Middle_DIP,-17.647370,1.043315,20.933700,0.475738,0.534696,0.356766,-0.600410
0.3779,5431,Render,Middle_FingerTip,-17.642450,1.045589,20.961480,0.475738,0.534696,0.356766,-0.600410
0.3779,5431,Render,Ring_MCP,-17.692340,1.002093,20.872330,0.644788,0.344826,0.142539,-0.667103
0.3779,5431,Render,Ring_PIP,-17.658770,1.013937,20.902300,0.600972,0.416520,0.218129,-0.646347
0.3779,5431,Render,Ring_DIP,-17.644070,1.019697,20.923390,0.554734,0.476368,0.283725,-0.620359
0.3779,5431,Render,Ring_FingerTip,-17.634130,1.024251,20.946760,0.554734,0.476368,0.283725,-0.620359
0.3779,5431,Render,Pinky_MCP,-17.694700,0.979894,20.870880,0.651834,0.353090,0.155556,-0.652873
0.3779,5431,Render,Pinky_PIP,-17.667050,0.990021,20.897020,0.598634,0.437261,0.241648,-0.626136
0.3779,5431,Render,Pinky_DIP,-17.657860,0.994073,20.912380,0.541489,0.506310,0.315447,-0.592397
0.3779,5431,Render,Pinky_FingerTip,-17.652340,0.997418,20.930410,0.541489,0.506310,0.315447,-0.592397
0.3923,5432,Real,Wrist,-17.799020,0.970701,20.805310,0.653435,0.304065,0.076058,-0.689045
0.3923,5432,Real,Thumb_CMC,-17.782380,1.009472,20.826770,-0.009910,0.538366,-0.289219,-0.791465
0.3923,5432,Real,Thumb_MCP,-17.771270,1.029106,20.864440,-0.081746,0.532216,-0.180887,-0.823009
0.3923,5432,Real,Thumb_IP,-17.753220,1.039439,20.908840,-0.206509,0.497283,0.020939,-0.842393
0.3923,5432,Real,Thumb_FingerTip,-17.738840,1.032580,20.932470,-0.206509,0.497283,0.020939,-0.842393
0.3923,5432,Real,Index_MCP,-17.723770,1.032841,20.865300,0.505778,0.475733,0.269556,-0.667238
0.3923,5432,Real,Index_PIP,-17.704940,1.038532,20.907790,0.425947,0.548364,0.369698,-0.617406
0.3923,5432,Real,Index_DIP,-17.701690,1.038808,20.933540,0.345240,0.602448,0.452253,-0.559762
0.3923,5432,Real,Index_FingerTip,-17.705320,1.036378,20.960090,0.345240,0.602448,0.452253,-0.559762
0.3923,5432,Real,Middle_MCP,-17.713260,1.007512,20.864620,0.511280,0.507963,0.305613,-0.622228
0.3923,5432,Real,Middle_PIP,-17.697570,1.014857,20.914500,0.367359,0.620065,0.452054,-0.525561
0.3923,5432,Real,Middle_DIP,-17.702490,1.014314,20.941770,0.217411,0.687143,0.559319,-0.409547
0.3923,5432,Real,Middle_FingerTip,-17.718620,1.009805,20.964580,0.217411,0.687143,0.559319,-0.409547
0.3923,5432,Real,Ring_MCP,-17.709710,0.983188,20.864700,0.526149,0.514711,0.310229,-0.601663
0.3923,5432,Real,Ring_PIP,-17.696790,0.991021,20.908720,0.377932,0.631607,0.453057,-0.502971
0.3923,5432,Real,Ring_DIP,-17.702280,0.991592,20.934480,0.222969,0.701459,0.556353,-0.385631
0.3923,5432,Real,Ring_FingerTip,-17.717850,0.988591,20.954840,0.222969,0.701459,0.556353,-0.385631
0.3923,5432,Real,Pinky_MCP,-17.711650,0.960934,20.863500,0.537579,0.517294,0.311094,-0.588758
0.3923,5432,Real,Pinky_PIP,-17.700970,0.968409,20.900650,0.388330,0.637013,0.450611,-0.490270
0.3923,5432,Real,Pinky_DIP,-17.704970,0.969380,20.918530,0.231849,0.709106,0.551059,-0.373831
0.3923,5432,Real,Pinky_FingerTip,-17.716710,0.967786,20.933580,0.231849,0.709106,0.551059,-0.373831
0.3923,5432,Virtual,Wrist,-17.786890,0.990722,20.811280,0.653661,0.299027,0.078123,-0.690803
0.3923,5432,Virtual,Thumb_CMC,-17.769780,1.029250,20.832800,-0.009767,0.536866,-0.284428,-0.794217
0.3923,5432,Virtual,Thumb_MCP,-17.758290,1.048628,20.870490,-0.081404,0.530748,-0.175772,-0.825096
0.3923,5432,Virtual,Thumb_IP,-17.739910,1.058613,20.914840,-0.205826,0.495940,0.026404,-0.843198
0.3923,5432,Virtual,Thumb_FingerTip,-17.725460,1.051526,20.938360,-0.205826,0.495940,0.026404,-0.843198
0.3923,5432,Virtual,Index_MCP,-17.710750,1.051918,20.871110,0.507366,0.471048,0.272254,-0.668260
0.3923,5432,Virtual,Index_PIP,-17.691640,1.057262,20.913530,0.428241,0.543982,0.372522,-0.617998
0.3923,5432,Virtual,Index_DIP,-17.688250,1.057404,20.939260,0.348123,0.598429,0.455133,-0.559954
0.3923,5432,Virtual,Index_FingerTip,-17.691760,1.054901,20.965810,0.348123,0.598429,0.455133,-0.559954
0.3923,5432,Virtual,Middle_MCP,-17.700480,1.026495,20.870270,0.513203,0.503301,0.308152,-0.623181
0.3923,5432,Virtual,Middle_PIP,-17.684450,1.033493,20.920100,0.370392,0.616035,0.454751,-0.525845
0.3923,5432,Virtual,Middle_DIP,-17.689240,1.032886,20.947400,0.221277,0.683905,0.562010,-0.409214
0.3923,5432,Virtual,Middle_FingerTip,-17.705290,1.028435,20.970270,0.221277,0.683905,0.562010,-0.409214
0.3923,5432,Virtual,Ring_MCP,-17.697160,1.002139,20.870240,0.528158,0.510025,0.312646,-0.602641
0.3923,5432,Virtual,Ring_PIP,-17.683940,1.009674,20.914220,0.381067,0.627586,0.455643,-0.503303
0.3923,5432,Virtual,Ring_DIP,-17.689280,1.010192,20.940010,0.226942,0.698265,0.558947,-0.385361
0.3923,5432,Virtual,Ring_FingerTip,-17.704760,1.007254,20.960440,0.226942,0.698265,0.558947,-0.385361
0.3923,5432,Virtual,Pinky_MCP,-17.699310,0.979909,20.868960,0.539628,0.512588,0.313426,-0.589762
0.3923,5432,Virtual,Pinky_PIP,-17.688370,0.987135,20.906080,0.391508,0.632982,0.453121,-0.490649
0.3923,5432,Virtual,Pinky_DIP,-17.692260,0.988070,20.923990,0.235867,0.705912,0.553589,-0.373623
0.3923,5432,Virtual,Pinky_FingerTip,-17.703940,0.986525,20.939100,0.235867,0.705912,0.553589,-0.373623
0.3923,5432,Render,Wrist,-17.786890,0.990722,20.811280,0.653661,0.299027,0.078123,-0.690803
0.3923,5432,Render,Thumb_CMC,-17.769780,1.029250,20.832800,0.038216,0.543757,-0.304554,-0.781099
0.3923,5432,Render,Thumb_MCP,-17.759980,1.051966,20.869080,-0.011526,0.544976,-0.232060,-0.805616
0.3923,5432,Render,Thumb_IP,-17.745350,1.069683,20.912400,-0.105291,0.534832,-0.089724,-0.833558
0.3923,5432,Render,Thumb_FingerTip,-17.733620,1.070736,20.938340,-0.105291,0.534832,-0.089724,-0.833558
0.3923,5432,Render,Index_MCP,-17.710750,1.051918,20.871110,0.600393,0.344725,0.114810,-0.712399
0.3923,5432,Render,Index_PIP,-17.676280,1.063642,20.900560,0.563221,0.402602,0.184938,-0.697490
0.3923,5432,Render,Index_DIP,-17.660520,1.068717,20.920550,0.525001,0.451310,0.246511,-0.678179
0.3923,5432,Render,Index_FingerTip,-17.647840,1.072470,20.943980,0.525001,0.451310,0.246511,-0.678179
0.3923,5432,Render,Middle_MCP,-17.700480,1.026495,20.870270,0.615722,0.370912,0.155613,-0.677566
0.3923,5432,Render,Middle_PIP,-17.664760,1.039479,20.906940,0.548008,0.465163,0.262622,-0.643693
0.3923,5432,Render,Middle_DIP,-17.652860,1.044239,20.931510,0.474794,0.539685,0.353153,-0.598827
0.3923,5432,Render,Middle_FingerTip,-17.648100,1.046773,20.959290,0.474794,0.539685,0.353153,-0.598827
0.3923,5432,Render,Ring_MCP,-17.697160,1.002139,20.870240,0.645478,0.349905,0.139788,-0.664367
0.3923,5432,Render,Ring_PIP,-17.663840,1.014516,20.900280,0.601075,0.421645,0.215081,-0.643944
0.3923,5432,Render,Ring_DIP,-17.649300,1.020572,20.921400,0.554308,0.481476,0.280445,-0.618284
0.3923,5432,Render,Ring_FingerTip,-17.639520,1.025396,20.944780,0.554308,0.481476,0.280445,-0.618284
0.3923,5432,Render,Pinky_MCP,-17.699310,0.979909,20.868960,0.652400,0.358216,0.152853,-0.650147
0.3923,5432,Render,Pinky_PIP,-17.671890,0.990486,20.895150,0.598509,0.442417,0.238604,-0.623798
0.3923,5432,Render,Pinky_DIP,-17.662810,0.994741,20.910520,0.540741,0.511414,0.312143,-0.590443
0.3923,5432,Render,Pinky_FingerTip,-17.657410,0.998275,20.928550,0.540741,0.511414,0.312143,-0.590443
0.4067,5433,Real,Wrist,-17.803310,0.970660,20.802600,0.651318,0.307948,0.072617,-0.689696
0.4067,5433,Real,Thumb_CMC,-17.787120,1.009592,20.824100,-0.015841,0.538915,-0.289660,-0.790833
0.4067,5433,Real,Thumb_MCP,-17.776090,1.028959,20.861940,-0.088497,0.531835,-0.180174,-0.822713
0.4067,5433,Real,Thumb_IP,-17.757980,1.038880,20.906410,-0.214312,0.494723,0.023838,-0.841874
0.4067,5433,Real,Thumb_FingerTip,-17.743460,1.031693,20.929860,-0.214312,0.494723,0.023838,-0.841874
0.4067,5433,Real,Index_MCP,-17.728810,1.033574,20.862710,0.500114,0.481309,0.269783,-0.667417
0.4067,5433,Real,Index_PIP,-17.710490,1.039254,20.905430,0.415934,0.555671,0.373900,-0.615164
0.4067,5433,Real,Index_DIP,-17.707820,1.039312,20.931250,0.330791,0.610204,0.459307,-0.554316
0.4067,5433,Real,Index_FingerTip,-17.712310,1.036474,20.957620,0.330791,0.610204,0.459307,-0.554316
0.4067,5433,Real,Middle_MCP,-17.718010,1.008365,20.862010,0.505879,0.512965,0.305143,-0.622769
0.4067,5433,Real,Middle_PIP,-17.702840,1.015701,20.912050,0.359615,0.624278,0.452797,-0.525289
0.4067,5433,Real,Middle_DIP,-17.708090,1.014961,20.939260,0.207660,0.689873,0.560725,-0.408095
0.4067,5433,Real,Middle_FingerTip,-17.724520,1.010118,20.961790,0.207660,0.689873,0.560725,-0.408095
0.4067,5433,Real,Ring_MCP,-17.714200,0.984082,20.862080,0.520444,0.520095,0.310088,-0.602068
0.4067,5433,Real,Ring_PIP,-17.701790,0.991898,20.906240,0.369490,0.636269,0.454253,-0.502289
0.4067,5433,Real,Ring_DIP,-17.707650,0.992263,20.931920,0.212131,0.704529,0.558207,-0.383465
0.4067,5433,Real,Ring_FingerTip,-17.723540,0.988930,20.951970,0.212131,0.704529,0.558207,-0.383465
0.4067,5433,Real,Pinky_MCP,-17.715890,0.961809,20.860840,0.531854,0.522789,0.310973,-0.589169
0.4067,5433,Real,Pinky_PIP,-17.705650,0.969276,20.898120,0.379826,0.641802,0.451797,-0.489595
0.4067,5433,Real,Pinky_DIP,-17.709910,0.970105,20.915950,0.220905,0.712304,0.552878,-0.371685
0.4067,5433,Real,Pinky_FingerTip,-17.721910,0.968260,20.930770,0.220905,0.712304,0.552878,-0.371685
0.4067,5433,Virtual,Wrist,-17.792050,0.989666,20.808290,0.653435,0.304066,0.076058,-0.689044
0.4067,5433,Virtual,Thumb_CMC,-17.775410,1.028437,20.829750,-0.012506,0.538530,-0.285513,-0.792662
0.4067,5433,Virtual,Thumb_MCP,-17.764120,1.047721,20.867550,-0.085140,0.531904,-0.175817,-0.823965
0.4067,5433,Virtual,Thumb_IP,-17.745870,1.057486,20.911990,-0.211071,0.495601,0.028368,-0.842036
0.4067,5433,Virtual,Thumb_FingerTip,-17.731410,1.050162,20.935440,-0.211071,0.495601,0.028368,-0.842036
0.4067,5433,Virtual,Index_MCP,-17.716800,1.051806,20.868280,0.503270,0.478386,0.273060,-0.665812
0.4067,5433,Virtual,Index_PIP,-17.698390,1.057327,20.910980,0.419520,0.553296,0.376875,-0.613051
0.4067,5433,Virtual,Index_DIP,-17.695690,1.057383,20.936800,0.334684,0.608375,0.461944,-0.551793
0.4067,5433,Virtual,Index_FingerTip,-17.700190,1.054624,20.963180,0.334684,0.608375,0.461944,-0.551793
0.4067,5433,Virtual,Middle_MCP,-17.706290,1.026477,20.867600,0.509201,0.510047,0.308150,-0.620975
0.4067,5433,Virtual,Middle_PIP,-17.690980,1.033697,20.917620,0.363568,0.622295,0.455253,-0.522792
0.4067,5433,Virtual,Middle_DIP,-17.696220,1.033045,20.944830,0.211961,0.688844,0.562546,-0.405104
0.4067,5433,Virtual,Middle_FingerTip,-17.712690,1.028411,20.967370,0.211961,0.688844,0.562546,-0.405104
0.4067,5433,Virtual,Ring_MCP,-17.702750,1.002153,20.867690,0.523796,0.517105,0.312970,-0.600241
0.4067,5433,Virtual,Ring_PIP,-17.690210,1.009878,20.911830,0.373497,0.634240,0.456570,-0.499784
0.4067,5433,Virtual,Ring_DIP,-17.696050,1.010336,20.937520,0.216500,0.703483,0.559880,-0.380492
0.4067,5433,Virtual,Ring_FingerTip,-17.711960,1.007203,20.957590,0.216500,0.703483,0.559880,-0.380492
0.4067,5433,Virtual,Pinky_MCP,-17.704680,0.979899,20.866480,0.535215,0.519741,0.313776,-0.587333
0.4067,5433,Virtual,Pinky_PIP,-17.694340,0.987292,20.903740,0.383856,0.639718,0.454035,-0.487101
0.4067,5433,Virtual,Pinky_DIP,-17.698570,0.988187,20.921570,0.225309,0.711211,0.554478,-0.368740
0.4067,5433,Virtual,Pinky_FingerTip,-17.710570,0.986493,20.936410,0.225309,0.711211,0.554478,-0.368740
0.4067,5433,Render,Wrist,-17.792050,0.989666,20.808290,0.653435,0.304066,0.076058,-0.689044
0.4067,5433,Render,Thumb_CMC,-17.775410,1.028437,20.829750,0.038067,0.545404,-0.309169,-0.778139
0.4067,5433,Render,Thumb_MCP,-17.766010,1.051388,20.865990,-0.011825,0.546603,-0.236926,-0.803089
0.4067,5433,Render,Thumb_IP,-17.751790,1.069413,20.909310,-0.105865,0.536384,-0.094952,-0.831907
0.4067,5433,Render,Thumb_FingerTip,-17.740200,1.070678,20.935310,-0.105865,0.536384,-0.094952,-0.831907
0.4067,5433,Render,Index_MCP,-17.716800,1.051806,20.868280,0.599901,0.349646,0.112411,-0.710796
0.4067,5433,Render,Index_PIP,-17.682600,1.063968,20.897870,0.562243,0.407451,0.182391,-0.696133
0.4067,5433,Render,Index_DIP,-17.666990,1.069269,20.917920,0.523594,0.456052,0.243853,-0.677054
0.4067,5433,Render,Index_FingerTip,-17.654480,1.073233,20.941400,0.523594,0.456052,0.243853,-0.677054
0.4067,5433,Render,Middle_MCP,-17.706290,1.026477,20.867600,0.614929,0.375893,0.153364,-0.676052
0.4067,5433,Render,Middle_PIP,-17.670890,1.039939,20.904400,0.546424,0.469951,0.260158,-0.642561
0.4067,5433,Render,Middle_DIP,-17.659160,1.044907,20.929020,0.472533,0.544193,0.350551,-0.598064
0.4067,5433,Render,Middle_FingerTip,-17.654580,1.047596,20.956820,0.472533,0.544193,0.350551,-0.598064
0.4067,5433,Render,Ring_MCP,-17.702750,1.002153,20.867690,0.644799,0.354958,0.137721,-0.662777
0.4067,5433,Render,Ring_PIP,-17.669700,1.014959,20.897850,0.599821,0.426586,0.212846,-0.642601
0.4067,5433,Render,Ring_DIP,-17.655330,1.021234,20.919020,0.552549,0.486261,0.278083,-0.617179
0.4067,5433,Render,Ring_FingerTip,-17.645720,1.026242,20.942430,0.552549,0.486261,0.278083,-0.617179
0.4067,5433,Render,Pinky_MCP,-17.704680,0.979899,20.866480,0.651618,0.363289,0.150854,-0.648582
0.4067,5433,Render,Pinky_PIP,-17.677490,0.990835,20.892770,0.597054,0.447339,0.236414,-0.622514
0.4067,5433,Render,Pinky_DIP,-17.668540,0.995235,20.908170,0.538703,0.516124,0.309813,-0.589433
0.4067,5433,Render,Pinky_FingerTip,-17.663270,0.998891,20.926220,0.538703,0.516124,0.309813,-0.589433
0.4200,5434,Real,Wrist,-17.807680,0.970678,20.799540,0.648996,0.311083,0.067958,-0.690952
0.4200,5434,Real,Thumb_CMC,-17.791920,1.009771,20.821070,-0.020022,0.538165,-0.294023,-0.789638
0.4200,5434,Real,Thumb_MCP,-17.781040,1.029214,20.858910,-0.092538,0.530528,-0.184658,-0.822119
0.4200,5434,Real,Thumb_IP,-17.762950,1.039287,20.903350,-0.217917,0.492478,0.019343,-0.842380
0.4200,5434,Real,Thumb_FingerTip,-17.748300,1.032241,20.926760,-0.217917,0.492478,0.019343,-0.842380
0.4200,5434,Real,Index_MCP,-17.733820,1.034401,20.859580,0.496976,0.483398,0.265551,-0.669943
0.4200,5434,Real,Index_PIP,-17.715480,1.040238,20.902270,0.412501,0.557228,0.370131,-0.618340
0.4200,5434,Real,Index_DIP,-17.712750,1.040290,20.928090,0.327168,0.611245,0.456039,-0.558005
0.4200,5434,Real,Index_FingerTip,-17.717140,1.037358,20.954470,0.327168,0.611245,0.456039,-0.558005
0.4200,5434,Real,Middle_MCP,-17.722720,1.009325,20.858830,0.502622,0.515111,0.301199,-0.625549
0.4200,5434,Real,Middle_PIP,-17.707520,1.016770,20.908840,0.355921,0.625530,0.449685,-0.528976
0.4200,5434,Real,Middle_DIP,-17.712700,1.015925,20.936060,0.203777,0.690248,0.558536,-0.412395
0.4200,5434,Real,Middle_FingerTip,-17.729030,1.010849,20.958610,0.203777,0.690248,0.558536,-0.412395
0.4200,5434,Real,Ring_MCP,-17.718610,0.985090,20.858840,0.517164,0.522348,0.306259,-0.604897
0.4200,5434,Real,Ring_PIP,-17.706200,0.992990,20.902990,0.365741,0.637604,0.451278,-0.506007
0.4200,5434,Real,Ring_DIP,-17.712000,0.993246,20.928690,0.208176,0.704960,0.556173,-0.387770
0.4200,5434,Real,Ring_FingerTip,-17.727810,0.989690,20.948760,0.208176,0.704960,0.556173,-0.387770
0.4200,5434,Real,Pinky_MCP,-17.720030,0.962800,20.857580,0.528568,0.525125,0.307211,-0.592015
0.4200,5434,Real,Pinky_PIP,-17.709810,0.970335,20.894850,0.376050,0.643215,0.448892,-0.493312
0.4200,5434,Real,Pinky_DIP,-17.714030,0.971085,20.912690,0.216906,0.712806,0.550912,-0.375973
0.4200,5434,Real,Pinky_FingerTip,-17.725980,0.969073,20.927530,0.216906,0.712806,0.550912,-0.375973
0.4200,5434,Virtual,Wrist,-17.797000,0.988090,20.805540,0.651318,0.307948,0.072617,-0.689696
0.4200,5434,Virtual,Thumb_CMC,-17.780810,1.027021,20.827050,-0.015841,0.538915,-0.289660,-0.790833
0.4200,5434,Virtual,Thumb_MCP,-17.769770,1.046389,20.864880,-0.088497,0.531835,-0.180174,-0.822713
0.4200,5434,Virtual,Thumb_IP,-17.751660,1.056310,20.909350,-0.214312,0.494723,0.023838,-0.841874
0.4200,5434,Virtual,Thumb_FingerTip,-17.737140,1.049122,20.932800,-0.214312,0.494723,0.023838,-0.841874
0.4200,5434,Virtual,Index_MCP,-17.722500,1.051004,20.865660,0.500114,0.481309,0.269783,-0.667417
0.4200,5434,Virtual,Index_PIP,-17.704180,1.056684,20.908380,0.415935,0.555671,0.373900,-0.615164
0.4200,5434,Virtual,Index_DIP,-17.701510,1.056742,20.934200,0.330791,0.610204,0.459306,-0.554316
0.4200,5434,Virtual,Index_FingerTip,-17.705990,1.053904,20.960570,0.330791,0.610204,0.459306,-0.554316
0.4200,5434,Virtual,Middle_MCP,-17.711700,1.025794,20.864960,0.505879,0.512965,0.305143,-0.622769
0.4200,5434,Virtual,Middle_PIP,-17.696520,1.033131,20.915000,0.359616,0.624279,0.452797,-0.525289
0.4200,5434,Virtual,Middle_DIP,-17.701770,1.032391,20.942210,0.207660,0.689873,0.560725,-0.408095
0.4200,5434,Virtual,Middle_FingerTip,-17.718210,1.027548,20.964730,0.207660,0.689873,0.560725,-0.408095
0.4200,5434,Virtual,Ring_MCP,-17.707890,1.001511,20.865020,0.520444,0.520095,0.310088,-0.602068
0.4200,5434,Virtual,Ring_PIP,-17.695470,1.009328,20.909190,0.369490,0.636269,0.454253,-0.502289
0.4200,5434,Virtual,Ring_DIP,-17.701340,1.009693,20.934870,0.212132,0.704529,0.558207,-0.383465
0.4200,5434,Virtual,Ring_FingerTip,-17.717220,1.006360,20.954920,0.212132,0.704529,0.558207,-0.383465
0.4200,5434,Virtual,Pinky_MCP,-17.709580,0.979239,20.863790,0.531854,0.522789,0.310973,-0.589169
0.4200,5434,Virtual,Pinky_PIP,-17.699340,0.986706,20.901070,0.379826,0.641802,0.451796,-0.489595
0.4200,5434,Virtual,Pinky_DIP,-17.703600,0.987534,20.918890,0.220906,0.712304,0.552878,-0.371685
0.4200,5434,Virtual,Pinky_FingerTip,-17.715590,0.985690,20.933710,0.220906,0.712304,0.552878,-0.371685
0.4200,5434,Render,Wrist,-17.797000,0.988090,20.805540,0.651318,0.307948,0.072617,-0.689696
0.4200,5434,Render,Thumb_CMC,-17.780810,1.027021,20.827050,0.034710,0.546080,-0.313211,-0.776203
0.4200,5434,Render,Thumb_MCP,-17.771700,1.050037,20.863320,-0.015230,0.546970,-0.241128,-0.801530
0.4200,5434,Render,Thumb_IP,-17.757710,1.068172,20.906670,-0.109282,0.536158,-0.099360,-0.831096
0.4200,5434,Render,Thumb_FingerTip,-17.746160,1.069539,20.932690,-0.109282,0.536158,-0.099360,-0.831096
0.4200,5434,Render,Index_MCP,-17.722500,1.051004,20.865660,0.597503,0.353217,0.108851,-0.711604
0.4200,5434,Render,Index_PIP,-17.688460,1.063515,20.895280,0.559503,0.410766,0.178929,-0.697289
0.4200,5434,Render,Index_DIP,-17.672920,1.068969,20.915350,0.520568,0.459109,0.240509,-0.678516
0.4200,5434,Render,Index_FingerTip,-17.660480,1.073048,20.938850,0.520568,0.459109,0.240509,-0.678516
0.4200,5434,Render,Middle_MCP,-17.711700,1.025794,20.864960,0.612387,0.379512,0.150018,-0.677088
0.4200,5434,Render,Middle_PIP,-17.676490,1.039612,20.901800,0.543333,0.473114,0.257023,-0.644121
0.4200,5434,Render,Middle_DIP,-17.664840,1.044685,20.926430,0.469016,0.546874,0.347676,-0.600063
0.4200,5434,Render,Middle_FingerTip,-17.660310,1.047394,20.954240,0.469016,0.546874,0.347676,-0.600063
0.4200,5434,Render,Ring_MCP,-17.707890,1.001511,20.865020,0.642387,0.358748,0.134451,-0.663749
0.4200,5434,Render,Ring_PIP,-17.675010,1.014654,20.895220,0.596990,0.430074,0.209709,-0.643943
0.4200,5434,Render,Ring_DIP,-17.660730,1.021067,20.916410,0.549373,0.489438,0.275102,-0.618837
0.4200,5434,Render,Ring_FingerTip,-17.651200,1.026157,20.939840,0.549373,0.489438,0.275102,-0.618837
0.4200,5434,Render,Pinky_MCP,-17.709580,0.979239,20.863790,0.649162,0.367104,0.147670,-0.649629
0.4200,5434,Render,Pinky_PIP,-17.682540,0.990450,20.890120,0.594108,0.450791,0.233399,-0.623978
0.4200,5434,Render,Pinky_DIP,-17.673640,0.994933,20.905530,0.535363,0.519195,0.306997,-0.591250
0.4200,5434,Render,Pinky_FingerTip,-17.668420,0.998629,20.923580,0.535363,0.519195,0.306997,-0.591250
0.4340,5435,Real,Wrist,-17.811850,0.970772,20.796860,0.648296,0.314279,0.062394,-0.690687
0.4340,5435,Real,Thumb_CMC,-17.796510,1.010126,20.818220,-0.024755,0.536641,-0.296339,-0.789675
0.4340,5435,Real,Thumb_MCP,-17.785600,1.029510,20.856080,-0.098088,0.528181,-0.185288,-0.822844
0.4340,5435,Real,Thumb_IP,-17.767300,1.039381,20.900490,-0.224510,0.488049,0.021968,-0.843161
0.4340,5435,Real,Thumb_FingerTip,-17.752400,1.032079,20.923660,-0.224510,0.488049,0.021968,-0.843161
0.4340,5435,Real,Index_MCP,-17.738620,1.035591,20.856510,0.491593,0.489904,0.265310,-0.669284
0.4340,5435,Real,Index_PIP,-17.720860,1.041516,20.899430,0.399499,0.567512,0.377019,-0.613341
0.4340,5435,Real,Index_DIP,-17.719000,1.041281,20.925320,0.306241,0.622805,0.467940,-0.547141
0.4340,5435,Real,Index_FingerTip,-17.724750,1.037768,20.951360,0.306241,0.622805,0.467940,-0.547141
0.4340,5435,Real,Middle_MCP,-17.727210,1.010651,20.855800,0.498373,0.520272,0.298891,-0.625784
0.4340,5435,Real,Middle_PIP,-17.712430,1.018281,20.905920,0.348239,0.630704,0.449414,-0.528175
0.4340,5435,Real,Middle_DIP,-17.717960,1.017298,20.933060,0.192872,0.694160,0.559419,-0.409869
0.4340,5435,Real,Middle_FingerTip,-17.734650,1.011898,20.955270,0.192872,0.694160,0.559419,-0.409869
0.4340,5435,Real,Ring_MCP,-17.722810,0.986468,20.855880,0.511389,0.529076,0.305571,-0.604306
0.4340,5435,Real,Ring_PIP,-17.711020,0.994463,20.900190,0.354697,0.644694,0.453389,-0.502989
0.4340,5435,Real,Ring_DIP,-17.717410,0.994496,20.925750,0.192083,0.710313,0.559528,-0.381429
0.4340,5435,Real,Ring_FingerTip,-17.733790,0.990524,20.945270,0.192083,0.710313,0.559528,-0.381429
0.4340,5435,Real,Pinky_MCP,-17.723960,0.964158,20.854700,0.522735,0.532026,0.306487,-0.591408
0.4340,5435,Real,Pinky_PIP,-17.714280,0.971785,20.892090,0.364872,0.650516,0.450889,-0.490303
0.4340,5435,Real,Pinky_DIP,-17.718920,0.972382,20.909830,0.200591,0.718377,0.554097,-0.369694
0.4340,5435,Real,Pinky_FingerTip,-17.731290,0.970054,20.924270,0.200591,0.718377,0.554097,-0.369694
0.4340,5435,Virtual,Wrist,-17.802300,0.986082,20.802530,0.648996,0.311083,0.067958,-0.690952
0.4340,5435,Virtual,Thumb_CMC,-17.786540,1.025174,20.824060,-0.022386,0.538272,-0.290654,-0.790748
0.4340,5435,Virtual,Thumb_MCP,-17.775490,1.044301,20.862020,-0.095964,0.530121,-0.179510,-0.823128
0.4340,5435,Virtual,Thumb_IP,-17.757170,1.053802,20.906490,-0.222926,0.490450,0.027640,-0.842021
0.4340,5435,Virtual,Thumb_FingerTip,-17.742430,1.046243,20.929680,-0.222926,0.490450,0.027640,-0.842021
0.4340,5435,Virtual,Index_MCP,-17.728430,1.049804,20.862580,0.493148,0.487303,0.270827,-0.667828
0.4340,5435,Virtual,Index_PIP,-17.710710,1.055372,20.905570,0.401479,0.565220,0.382201,-0.610953
0.4340,5435,Virtual,Index_DIP,-17.708930,1.055030,20.931460,0.308554,0.620849,0.472686,-0.543975
0.4340,5435,Virtual,Index_FingerTip,-17.714780,1.051503,20.957470,0.308554,0.620849,0.472686,-0.543975
0.4340,5435,Virtual,Middle_MCP,-17.717330,1.024729,20.861820,0.500142,0.517520,0.304200,-0.624095
0.4340,5435,Virtual,Middle_PIP,-17.702590,1.032014,20.912000,0.350655,0.628498,0.454112,-0.525181
0.4340,5435,Virtual,Middle_DIP,-17.708200,1.031010,20.939120,0.195733,0.692573,0.563296,-0.405869
0.4340,5435,Virtual,Middle_FingerTip,-17.725010,1.025743,20.961270,0.195733,0.692573,0.563296,-0.405869
0.4340,5435,Virtual,Ring_MCP,-17.713220,1.000494,20.861840,0.513238,0.526206,0.310779,-0.602587
0.4340,5435,Virtual,Ring_PIP,-17.701450,1.008200,20.906190,0.357235,0.642409,0.457964,-0.499964
0.4340,5435,Virtual,Ring_DIP,-17.707900,1.008227,20.931730,0.195089,0.708693,0.563257,-0.377407
0.4340,5435,Virtual,Ring_FingerTip,-17.724380,1.004392,20.951210,0.195089,0.708693,0.563257,-0.377407
0.4340,5435,Virtual,Pinky_MCP,-17.714650,0.978204,20.860570,0.524621,0.529067,0.311635,-0.589699
0.4340,5435,Virtual,Pinky_PIP,-17.704960,0.985589,20.898010,0.367469,0.648157,0.455408,-0.487302
0.4340,5435,Virtual,Pinky_DIP,-17.709640,0.986186,20.915740,0.203672,0.716699,0.557779,-0.365710
0.4340,5435,Virtual,Pinky_FingerTip,-17.722080,0.983963,20.930140,0.203672,0.716699,0.557779,-0.365710
0.4340,5435,Render,Wrist,-17.802300,0.986082,20.802530,0.648996,0.311083,0.067958,-0.690952
0.4340,5435,Render,Thumb_CMC,-17.786540,1.025174,20.824060,0.030470,0.545670,-0.317535,-0.774912
0.4340,5435,Render,Thumb_MCP,-17.777630,1.048244,20.860350,-0.019415,0.546175,-0.245551,-0.800638
0.4340,5435,Render,Thumb_IP,-17.763760,1.066483,20.903700,-0.113268,0.534654,-0.103870,-0.830980
0.4340,5435,Render,Thumb_FingerTip,-17.752170,1.067951,20.929690,-0.113268,0.534654,-0.103870,-0.830980
0.4340,5435,Render,Index_MCP,-17.728430,1.049804,20.862580,0.594931,0.355973,0.104152,-0.713087
0.4340,5435,Render,Index_PIP,-17.694480,1.062683,20.892150,0.556670,0.413253,0.174400,-0.699232
0.4340,5435,Render,Index_DIP,-17.678970,1.068295,20.912190,0.517524,0.461333,0.236171,-0.680856
0.4340,5435,Render,Index_FingerTip,-17.666520,1.072489,20.935670,0.517524,0.461333,0.236171,-0.680856
0.4340,5435,Render,Middle_MCP,-17.717330,1.024729,20.861820,0.609726,0.382364,0.145531,-0.678862
0.4340,5435,Render,Middle_PIP,-17.682210,1.038917,20.898600,0.540247,0.475501,0.252879,-0.646594
0.4340,5435,Render,Middle_DIP,-17.670560,1.044093,20.923220,0.465617,0.548789,0.343934,-0.603110
0.4340,5435,Render,Middle_FingerTip,-17.666010,1.046816,20.951020,0.465617,0.548789,0.343934,-0.603110
0.4340,5435,Render,Ring_MCP,-17.713220,1.000494,20.861840,0.639844,0.361809,0.129996,-0.665429
0.4340,5435,Render,Ring_PIP,-17.680440,1.013989,20.891980,0.594113,0.432823,0.205476,-0.646123
0.4340,5435,Render,Ring_DIP,-17.666200,1.020542,20.913150,0.546228,0.491875,0.271116,-0.621442
0.4340,5435,Render,Ring_FingerTip,-17.656670,1.025712,20.936570,0.546228,0.491875,0.271116,-0.621442
0.4340,5435,Render,Pinky_MCP,-17.714650,0.978204,20.860570,0.646594,0.370211,0.143300,-0.651403
0.4340,5435,Render,Pinky_PIP,-17.687680,0.989703,20.886860,0.591147,0.453526,0.229305,-0.626322
0.4340,5435,Render,Pinky_DIP,-17.678820,0.994270,20.902250,0.532093,0.521553,0.303216,-0.594071
0.4340,5435,Render,Pinky_FingerTip,-17.673600,0.998001,20.920310,0.532093,0.521553,0.303216,-0.594071
0.4482,5436,Real,Wrist,-17.815840,0.970606,20.793870,0.646467,0.316468,0.051712,-0.692282
0.4482,5436,Real,Thumb_CMC,-17.801000,1.010296,20.814960,-0.031769,0.531928,-0.303371,-0.789943
0.4482,5436,Real,Thumb_MCP,-17.790020,1.029858,20.852710,-0.104752,0.522478,-0.191644,-0.824207
0.4482,5436,Real,Thumb_IP,-17.771370,1.039980,20.896910,-0.230175,0.480599,0.017199,-0.846019
0.4482,5436,Real,Thumb_FingerTip,-17.756050,1.032846,20.919860,-0.230175,0.480599,0.017199,-0.846019
0.4482,5436,Real,Index_MCP,-17.743160,1.036948,20.852510,0.487862,0.492356,0.257436,-0.673278
0.4482,5436,Real,Index_PIP,-17.725240,1.043212,20.895320,0.392964,0.570967,0.372593,-0.617050
0.4482,5436,Real,Index_DIP,-17.723420,1.042924,20.921220,0.296841,0.626346,0.466262,-0.549705
0.4482,5436,Real,Index_FingerTip,-17.729320,1.039137,20.947190,0.296841,0.626346,0.466262,-0.549705
0.4482,5436,Real,Middle_MCP,-17.731300,1.012226,20.851730,0.495050,0.522492,0.290455,-0.630527
0.4482,5436,Real,Middle_PIP,-17.716240,1.020202,20.901710,0.343649,0.632438,0.443161,-0.534357
0.4482,5436,Real,Middle_DIP,-17.721580,1.019123,20.928890,0.187205,0.695001,0.555246,-0.416690
0.4482,5436,Real,Middle_FingerTip,-17.738070,1.013392,20.951160,0.187205,0.695001,0.555246,-0.416690
0.4482,5436,Real,Ring_MCP,-17.726440,0.988132,20.851820,0.507267,0.532253,0.298034,-0.608739
0.4482,5436,Real,Ring_PIP,-17.714530,0.996375,20.896050,0.348303,0.647532,0.448523,-0.508148
0.4482,5436,Real,Ring_DIP,-17.720880,0.996250,20.921620,0.183632,0.711964,0.556873,-0.386368
0.4482,5436,Real,Ring_FingerTip,-17.737240,0.991894,20.941090,0.183632,0.711964,0.556873,-0.386368
0.4482,5436,Real,Pinky_MCP,-17.727180,0.965802,20.850700,0.518564,0.535419,0.298964,-0.595851
0.4482,5436,Real,Pinky_PIP,-17.717420,0.973637,20.888030,0.358360,0.653575,0.446009,-0.495474
0.4482,5436,Real,Pinky_DIP,-17.722040,0.974123,20.905780,0.191954,0.720233,0.551405,-0.374660
0.4482,5436,Real,Pinky_FingerTip,-17.734410,0.971504,20.920170,0.191954,0.720233,0.551405,-0.374660
0.4482,5436,Virtual,Wrist,-17.807430,0.983742,20.799580,0.648296,0.314279,0.062394,-0.690687
0.4482,5436,Virtual,Thumb_CMC,-17.792100,1.023096,20.820940,-0.025914,0.537140,-0.295418,-0.789644
0.4482,5436,Virtual,Thumb_MCP,-17.781190,1.042360,20.858860,-0.099671,0.528448,-0.183807,-0.822815
0.4482,5436,Virtual,Thumb_IP,-17.762860,1.052026,20.903300,-0.226721,0.487636,0.024451,-0.842740
0.4482,5436,Virtual,Thumb_FingerTip,-17.747940,1.044549,20.926410,-0.226721,0.487636,0.024451,-0.842740
0.4482,5436,Virtual,Index_MCP,-17.734200,1.048561,20.859220,0.490196,0.491302,0.267216,-0.668526
0.4482,5436,Virtual,Index_PIP,-17.716670,1.054386,20.902250,0.395448,0.570343,0.381378,-0.610641
0.4482,5436,Virtual,Index_DIP,-17.715150,1.054004,20.928160,0.299393,0.626126,0.473912,-0.541977
0.4482,5436,Virtual,Index_FingerTip,-17.721420,1.050271,20.954050,0.299393,0.626126,0.473912,-0.541977
0.4482,5436,Virtual,Middle_MCP,-17.722800,1.023620,20.858520,0.497528,0.521080,0.299907,-0.625298
0.4482,5436,Virtual,Middle_PIP,-17.708170,1.031195,20.908690,0.346408,0.631712,0.450945,-0.526869
0.4482,5436,Virtual,Middle_DIP,-17.713850,1.030155,20.935800,0.190057,0.694937,0.561076,-0.407598
0.4482,5436,Virtual,Middle_FingerTip,-17.730700,1.024687,20.957860,0.190057,0.694937,0.561076,-0.407598
0.4482,5436,Virtual,Ring_MCP,-17.718400,0.999438,20.858600,0.509819,0.530589,0.307361,-0.603398
0.4482,5436,Virtual,Ring_PIP,-17.706850,1.007353,20.902990,0.351205,0.646603,0.456104,-0.500529
0.4482,5436,Virtual,Ring_DIP,-17.713500,1.007289,20.928480,0.186671,0.711754,0.562415,-0.377159
0.4482,5436,Virtual,Ring_FingerTip,-17.730160,1.003200,20.947750,0.186671,0.711754,0.562415,-0.377159
0.4482,5436,Virtual,Pinky_MCP,-17.719550,0.977128,20.857420,0.521156,0.533572,0.308238,-0.590497
0.4482,5436,Virtual,Pinky_PIP,-17.710080,0.984692,20.894880,0.361348,0.652480,0.453535,-0.487856
0.4482,5436,Virtual,Pinky_DIP,-17.714900,0.985225,20.912570,0.195118,0.719883,0.556895,-0.365466
0.4482,5436,Virtual,Pinky_FingerTip,-17.727480,0.982808,20.926810,0.195118,0.719883,0.556895,-0.365466
0.4482,5436,Render,Wrist,-17.807430,0.983742,20.799580,0.648296,0.314279,0.062394,-0.690687
0.4482,5436,Render,Thumb_CMC,-17.792100,1.023096,20.820940,0.027994,0.544340,-0.323201,-0.773597
0.4482,5436,Render,Thumb_MCP,-17.783380,1.046392,20.857130,-0.021759,0.544624,-0.251313,-0.799846
0.4482,5436,Render,Thumb_IP,-17.769630,1.064941,20.900380,-0.115309,0.532722,-0.109683,-0.831193
0.4482,5436,Render,Thumb_FingerTip,-17.757990,1.066636,20.926340,-0.115309,0.532722,-0.109683,-0.831193
0.4482,5436,Render,Index_MCP,-17.734200,1.048561,20.859220,0.594040,0.358868,0.098447,-0.713190
0.4482,5436,Render,Index_PIP,-17.700340,1.061951,20.888670,0.555495,0.416046,0.168734,-0.699900
0.4482,5436,Render,Index_DIP,-17.684850,1.067818,20.908650,0.516105,0.464010,0.230587,-0.682027
0.4482,5436,Render,Index_FingerTip,-17.672390,1.072241,20.932080,0.516105,0.464010,0.230587,-0.682027
0.4482,5436,Render,Middle_MCP,-17.722800,1.023620,20.858520,0.608670,0.385461,0.139973,-0.679227
0.4482,5436,Render,Middle_PIP,-17.687760,1.038358,20.895170,0.538707,0.478387,0.247453,-0.647850
0.4482,5436,Render,Middle_DIP,-17.676120,1.043758,20.919740,0.463674,0.551421,0.338747,-0.605139
0.4482,5436,Render,Middle_FingerTip,-17.671520,1.046627,20.947510,0.463674,0.551421,0.338747,-0.605139
0.4482,5436,Render,Ring_MCP,-17.718400,0.999438,20.858600,0.638871,0.365081,0.124516,-0.665624
0.4482,5436,Render,Ring_PIP,-17.685710,1.013432,20.888630,0.592771,0.435963,0.200055,-0.646945
0.4482,5436,Render,Ring_DIP,-17.671490,1.020229,20.909730,0.544568,0.494859,0.265809,-0.622821
0.4482,5436,Render,Ring_FingerTip,-17.661970,1.025592,20.933110,0.544568,0.494859,0.265809,-0.622821
0.4482,5436,Render,Pinky_MCP,-17.719550,0.977128,20.857420,0.645564,0.373565,0.137883,-0.651680
0.4482,5436,Render,Pinky_PIP,-17.692660,0.989042,20.883600,0.589676,0.456711,0.223974,-0.627322
0.4482,5436,Render,Pinky_DIP,-17.683810,0.993769,20.898950,0.530249,0.524537,0.298045,-0.595707
0.4482,5436,Render,Pinky_FingerTip,-17.678600,0.997623,20.916980,0.530249,0.524537,0.298045,-0.595707
0.4624,5437,Real,Wrist,-17.819730,0.970119,20.790800,0.644360,0.319012,0.040878,-0.693802
0.4624,5437,Real,Thumb_CMC,-17.805440,1.010144,20.811640,-0.039379,0.526827,-0.309354,-0.790698
0.4624,5437,Real,Thumb_MCP,-17.794310,1.029803,20.849300,-0.111999,0.516288,-0.196806,-0.825936
0.4624,5437,Real,Thumb_IP,-17.775220,1.040073,20.893270,-0.236354,0.472477,0.013841,-0.848947
0.4624,5437,Real,Thumb_FingerTip,-17.759450,1.033038,20.915950,-0.236354,0.472477,0.013841,-0.848947
0.4624,5437,Real,Index_MCP,-17.747730,1.038022,20.848480,0.482991,0.495778,0.250439,-0.676908
0.4624,5437,Real,Index_PIP,-17.729790,1.044572,20.891240,0.384701,0.575397,0.369445,-0.620028
0.4624,5437,Real,Index_DIP,-17.728110,1.044171,20.917140,0.285151,0.630686,0.466106,-0.551062
0.4624,5437,Real,Index_FingerTip,-17.734300,1.040028,20.942990,0.285151,0.630686,0.466106,-0.551062
0.4624,5437,Real,Middle_MCP,-17.735390,1.013538,20.847620,0.490722,0.525509,0.282609,-0.634953
0.4624,5437,Real,Middle_PIP,-17.720180,1.021821,20.897510,0.337954,0.634630,0.437347,-0.540148
0.4624,5437,Real,Middle_DIP,-17.725390,1.020615,20.924710,0.180430,0.695998,0.551380,-0.423099
0.4624,5437,Real,Middle_FingerTip,-17.741720,1.014519,20.947000,0.180430,0.695998,0.551380,-0.423099
0.4624,5437,Real,Ring_MCP,-17.730050,0.989544,20.847710,0.502213,0.536136,0.290971,-0.612925
0.4624,5437,Real,Ring_PIP,-17.718140,0.998005,20.891890,0.340930,0.650712,0.443982,-0.513050
0.4624,5437,Real,Ring_DIP,-17.724490,0.997692,20.917460,0.174259,0.713648,0.554432,-0.391084
0.4624,5437,Real,Ring_FingerTip,-17.740830,0.992921,20.936850,0.174259,0.713648,0.554432,-0.391084
0.4624,5437,Real,Pinky_MCP,-17.730360,0.967201,20.846640,0.513456,0.539531,0.291910,-0.600048
0.4624,5437,Real,Pinky_PIP,-17.720610,0.975222,20.883940,0.350859,0.656985,0.441451,-0.500390
0.4624,5437,Real,Pinky_DIP,-17.725260,0.975575,20.901680,0.182386,0.722126,0.548928,-0.379405
0.4624,5437,Real,Pinky_FingerTip,-17.737630,0.972641,20.916020,0.182386,0.722126,0.548928,-0.379405
0.4624,5437,Virtual,Wrist,-17.812730,0.980927,20.796580,0.646467,0.316468,0.051712,-0.692282
0.4624,5437,Virtual,Thumb_CMC,-17.797890,1.020617,20.817670,-0.033313,0.531968,-0.301146,-0.790703
0.4624,5437,Virtual,Thumb_MCP,-17.786800,1.039972,20.855500,-0.106704,0.522220,-0.188677,-0.824804
0.4624,5437,Virtual,Thumb_IP,-17.768000,1.049768,20.899710,-0.232694,0.479535,0.021438,-0.845838
0.4624,5437,Virtual,Thumb_FingerTip,-17.752630,1.042375,20.922540,-0.232694,0.479535,0.021438,-0.845838
0.4624,5437,Virtual,Index_MCP,-17.740050,1.047269,20.855230,0.485699,0.494490,0.260383,-0.672144
0.4624,5437,Virtual,Index_PIP,-17.722470,1.053372,20.898200,0.387598,0.574623,0.378357,-0.613533
0.4624,5437,Virtual,Index_DIP,-17.721090,1.052883,20.924110,0.288136,0.630398,0.473832,-0.543194
0.4624,5437,Virtual,Index_FingerTip,-17.727650,1.048808,20.949880,0.288136,0.630398,0.473832,-0.543194
0.4624,5437,Virtual,Middle_MCP,-17.728190,1.022547,20.854440,0.493590,0.523871,0.292213,-0.629714
0.4624,5437,Virtual,Middle_PIP,-17.713380,1.030422,20.904510,0.341148,0.633790,0.445268,-0.532602
0.4624,5437,Virtual,Middle_DIP,-17.718930,1.029262,20.931650,0.183732,0.695927,0.557320,-0.413912
0.4624,5437,Virtual,Middle_FingerTip,-17.735620,1.023443,20.953750,0.183732,0.695927,0.557320,-0.413912
0.4624,5437,Virtual,Ring_MCP,-17.723320,0.998452,20.854540,0.505163,0.534250,0.300434,-0.607558
0.4624,5437,Virtual,Ring_PIP,-17.711760,1.006582,20.898870,0.344276,0.649682,0.451669,-0.505354
0.4624,5437,Virtual,Ring_DIP,-17.718400,1.006341,20.924360,0.177755,0.713454,0.560040,-0.381763
0.4624,5437,Virtual,Ring_FingerTip,-17.735050,1.001853,20.943550,0.177755,0.713454,0.560040,-0.381763
0.4624,5437,Virtual,Pinky_MCP,-17.724070,0.976122,20.853420,0.516448,0.537460,0.301312,-0.594667
0.4624,5437,Virtual,Pinky_PIP,-17.714590,0.983870,20.890830,0.354295,0.655788,0.449076,-0.492695
0.4624,5437,Virtual,Pinky_DIP,-17.719420,0.984277,20.908530,0.186009,0.721791,0.554476,-0.370101
0.4624,5437,Virtual,Pinky_FingerTip,-17.732010,0.981558,20.922710,0.186009,0.721791,0.554476,-0.370101
0.4624,5437,Render,Wrist,-17.812730,0.980927,20.796580,0.646467,0.316468,0.051712,-0.692282
0.4624,5437,Render,Thumb_CMC,-17.797890,1.020617,20.817670,0.021888,0.540310,-0.331181,-0.773243
0.4624,5437,Render,Thumb_MCP,-17.789250,1.044145,20.853730,-0.027472,0.540055,-0.259293,-0.800221
0.4624,5437,Render,Thumb_IP,-17.775420,1.063037,20.896810,-0.120149,0.527237,-0.117478,-0.832938
0.4624,5437,Render,Thumb_FingerTip,-17.763550,1.065004,20.922640,-0.120149,0.527237,-0.117478,-0.832938
0.4624,5437,Render,Index_MCP,-17.740050,1.047269,20.855230,0.592028,0.360454,0.087810,-0.715448
0.4624,5437,Render,Index_PIP,-17.706110,1.061371,20.884250,0.553336,0.417424,0.158374,-0.703203
0.4624,5437,Render,Index_DIP,-17.690500,1.067580,20.904030,0.513832,0.465189,0.220563,-0.686242
0.4624,5437,Render,Index_FingerTip,-17.677860,1.072297,20.927310,0.513832,0.465189,0.220563,-0.686242
0.4624,5437,Render,Middle_MCP,-17.728190,1.022547,20.854440,0.606605,0.387430,0.129538,-0.682018
0.4624,5437,Render,Middle_PIP,-17.693010,1.038037,20.890650,0.536352,0.479998,0.237603,-0.652283
0.4624,5437,Render,Middle_DIP,-17.681190,1.043718,20.915070,0.461111,0.552674,0.329644,-0.610953
0.4624,5437,Render,Middle_FingerTip,-17.676330,1.046743,20.942780,0.461111,0.552674,0.329644,-0.610953
0.4624,5437,Render,Ring_MCP,-17.723320,0.998452,20.854540,0.636892,0.367398,0.114060,-0.668115
0.4624,5437,Render,Ring_PIP,-17.690560,1.013138,20.884140,0.590539,0.438037,0.189954,-0.650619
0.4624,5437,Render,Ring_DIP,-17.676230,1.020256,20.905070,0.542134,0.496692,0.256142,-0.627518
0.4624,5437,Render,Ring_FingerTip,-17.666540,1.025856,20.928320,0.542134,0.496692,0.256142,-0.627518
0.4624,5437,Render,Pinky_MCP,-17.724070,0.976122,20.853420,0.643564,0.376042,0.127510,-0.654339
0.4624,5437,Render,Pinky_PIP,-17.697110,0.988609,20.879250,0.587363,0.458897,0.214051,-0.631348
0.4624,5437,Render,Pinky_DIP,-17.688170,0.993540,20.894500,0.527689,0.526429,0.288680,-0.600901
0.4624,5437,Render,Pinky_FingerTip,-17.682830,0.997537,20.912450,0.527689,0.526429,0.288680,-0.600901
0.4759,5438,Real,Wrist,-17.823980,0.969679,20.787850,0.642322,0.321396,0.033873,-0.694968
0.4759,5438,Real,Thumb_CMC,-17.810130,1.009911,20.808590,-0.046109,0.523999,-0.311771,-0.791264
0.4759,5438,Real,Thumb_MCP,-17.798880,1.029454,20.846260,-0.118918,0.512406,-0.198081,-0.827081
0.4759,5438,Real,Thumb_IP,-17.779440,1.039544,20.890130,-0.243154,0.466452,0.014817,-0.850341
0.4759,5438,Real,Thumb_FingerTip,-17.763350,1.032361,20.912530,-0.243154,0.466452,0.014817,-0.850341
0.4759,5438,Real,Index_MCP,-17.752580,1.038619,20.845060,0.478178,0.499200,0.247004,-0.679069
0.4759,5438,Real,Index_PIP,-17.734810,1.045266,20.887870,0.376666,0.579636,0.369340,-0.621074
0.4759,5438,Real,Index_DIP,-17.733380,1.044692,20.913780,0.273888,0.634697,0.468470,-0.550165
0.4759,5438,Real,Index_FingerTip,-17.739960,1.040178,20.939470,0.273888,0.634697,0.468470,-0.550165
0.4759,5438,Real,Middle_MCP,-17.739900,1.014312,20.844130,0.486396,0.528480,0.278373,-0.637681
0.4759,5438,Real,Middle_PIP,-17.724780,1.022712,20.894020,0.332310,0.636744,0.434556,-0.543405
0.4759,5438,Real,Middle_DIP,-17.730010,1.021352,20.921210,0.173763,0.696907,0.549846,-0.426377
0.4759,5438,Real,Middle_FingerTip,-17.746310,1.014936,20.943430,0.173763,0.696907,0.549846,-0.426377
0.4759,5438,Real,Ring_MCP,-17.734220,0.990397,20.844190,0.497316,0.539741,0.287341,-0.615461
0.4759,5438,Real,Ring_PIP,-17.722490,0.998920,20.888400,0.333903,0.653569,0.442224,-0.515553
0.4759,5438,Real,Ring_DIP,-17.728950,0.998405,20.913940,0.165426,0.715037,0.554057,-0.392910
0.4759,5438,Real,Ring_FingerTip,-17.745370,0.993276,20.933160,0.165426,0.715037,0.554057,-0.392910
0.4759,5438,Real,Pinky_MCP,-17.734230,0.968051,20.843130,0.508522,0.543300,0.288286,-0.602597
0.4759,5438,Real,Pinky_PIP,-17.724640,0.976127,20.880460,0.343739,0.660010,0.439675,-0.502909
0.4759,5438,Real,Pinky_DIP,-17.729370,0.976338,20.898180,0.173406,0.723671,0.548518,-0.381261
0.4759,5438,Real,Pinky_FingerTip,-17.741810,0.973133,20.912390,0.173406,0.723671,0.548518,-0.381261
0.4759,5438,Virtual,Wrist,-17.817490,0.978189,20.793130,0.644360,0.319012,0.040878,-0.693802
0.4759,5438,Virtual,Thumb_CMC,-17.803210,1.018214,20.813970,-0.041541,0.526853,-0.306206,-0.791794
0.4759,5438,Virtual,Thumb_MCP,-17.791910,1.037585,20.851720,-0.114793,0.515870,-0.192496,-0.826829
0.4759,5438,Virtual,Thumb_IP,-17.772610,1.047385,20.895720,-0.240026,0.470837,0.020162,-0.848702
0.4759,5438,Virtual,Thumb_FingerTip,-17.756770,1.039968,20.918220,-0.240026,0.470837,0.020162,-0.848702
0.4759,5438,Virtual,Index_MCP,-17.745490,1.046092,20.850810,0.480814,0.497890,0.253402,-0.675804
0.4759,5438,Virtual,Index_PIP,-17.727890,1.052474,20.893740,0.379501,0.578840,0.375017,-0.616674
0.4759,5438,Virtual,Index_DIP,-17.726630,1.051873,20.919650,0.276816,0.634389,0.473327,-0.544873
0.4759,5438,Virtual,Index_FingerTip,-17.733440,1.047445,20.945300,0.276816,0.634389,0.473327,-0.544873
0.4759,5438,Virtual,Middle_MCP,-17.733150,1.021608,20.849950,0.489148,0.526975,0.284507,-0.634104
0.4759,5438,Virtual,Middle_PIP,-17.718220,1.029778,20.899940,0.335359,0.636005,0.439550,-0.538357
0.4759,5438,Virtual,Middle_DIP,-17.723640,1.028484,20.927100,0.176900,0.696904,0.553517,-0.420299
0.4759,5438,Virtual,Middle_FingerTip,-17.740170,1.022295,20.949210,0.176900,0.696904,0.553517,-0.420299
0.4759,5438,Virtual,Ring_MCP,-17.727810,0.997615,20.850040,0.500123,0.538086,0.293354,-0.611788
0.4759,5438,Virtual,Ring_PIP,-17.716230,1.005957,20.894330,0.337052,0.652730,0.447027,-0.510399
0.4759,5438,Virtual,Ring_DIP,-17.722870,1.005527,20.919820,0.168684,0.714986,0.557467,-0.386745
0.4759,5438,Virtual,Ring_FingerTip,-17.739480,1.000626,20.938950,0.168684,0.714986,0.557467,-0.386745
0.4759,5438,Virtual,Pinky_MCP,-17.728120,0.975272,20.848970,0.511353,0.541525,0.294243,-0.598908
0.4759,5438,Virtual,Pinky_PIP,-17.718660,0.983200,20.886360,0.346943,0.659061,0.444421,-0.497754
0.4759,5438,Virtual,Pinky_DIP,-17.723500,0.983473,20.904050,0.176744,0.723527,0.551872,-0.375109
0.4759,5438,Virtual,Pinky_FingerTip,-17.736070,0.980441,20.918190,0.176744,0.723527,0.551872,-0.375109
0.4759,5438,Render,Wrist,-17.817490,0.978189,20.793130,0.644360,0.319012,0.040878,-0.693802
0.4759,5438,Render,Thumb_CMC,-17.803210,1.018214,20.813970,0.015548,0.535779,-0.339534,-0.772927
0.4759,5438,Render,Thumb_MCP,-17.794630,1.041993,20.849880,-0.033372,0.534965,-0.267640,-0.800668
0.4759,5438,Render,Thumb_IP,-17.780690,1.061256,20.892750,-0.125084,0.521205,-0.125624,-0.834816
0.4759,5438,Render,Thumb_FingerTip,-17.768570,1.063518,20.918450,-0.125084,0.521205,-0.125624,-0.834816
0.4759,5438,Render,Index_MCP,-17.745490,1.046092,20.850810,0.589718,0.362366,0.077001,-0.717631
0.4759,5438,Render,Index_PIP,-17.711520,1.060931,20.879420,0.550848,0.419098,0.147835,-0.706448
0.4759,5438,Render,Index_DIP,-17.695810,1.067494,20.899020,0.511204,0.466634,0.210357,-0.690416
0.4759,5438,Render,Index_FingerTip,-17.683010,1.072514,20.922140,0.511204,0.466634,0.210357,-0.690416
0.4759,5438,Render,Middle_MCP,-17.733150,1.021608,20.849950,0.604224,0.389719,0.118945,-0.684751
0.4759,5438,Render,Middle_PIP,-17.697880,1.037876,20.885730,0.533634,0.481874,0.227588,-0.656686
0.4759,5438,Render,Middle_DIP,-17.685910,1.043846,20.910000,0.458149,0.554136,0.320373,-0.616761
0.4759,5438,Render,Middle_FingerTip,-17.680790,1.047031,20.937650,0.458149,0.554136,0.320373,-0.616761
0.4759,5438,Render,Ring_MCP,-17.727810,0.997615,20.850040,0.634605,0.370049,0.103458,-0.670550
0.4759,5438,Render,Ring_PIP,-17.695010,1.013014,20.879240,0.587963,0.440408,0.179701,-0.654254
0.4759,5438,Render,Ring_DIP,-17.680590,1.020463,20.899990,0.539327,0.498784,0.246319,-0.632193
0.4759,5438,Render,Ring_FingerTip,-17.670760,1.026309,20.923120,0.539327,0.498784,0.246319,-0.632193
0.4759,5438,Render,Pinky_MCP,-17.728120,0.975272,20.848970,0.641251,0.378850,0.116995,-0.656949
0.4759,5438,Render,Pinky_PIP,-17.701130,0.988349,20.874480,0.584695,0.461371,0.203982,-0.635343
0.4759,5438,Render,Pinky_DIP,-17.692120,0.993492,20.889610,0.524741,0.528562,0.279167,-0.606082
0.4759,5438,Render,Pinky_FingerTip,-17.686660,0.997636,20.907490,0.524741,0.528562,0.279167,-0.606082
0.4901,5439,Real,Wrist,-17.828350,0.969403,20.784990,0.640678,0.324307,0.029158,-0.695347
0.4901,5439,Real,Thumb_CMC,-17.814920,1.009799,20.805680,-0.052141,0.524195,-0.314407,-0.789715
0.4901,5439,Real,Thumb_MCP,-17.803830,1.029204,20.843470,-0.125746,0.511554,-0.199571,-0.826240
0.4901,5439,Real,Thumb_IP,-17.784360,1.039066,20.887380,-0.250902,0.463192,0.015639,-0.849857
0.4901,5439,Real,Thumb_FingerTip,-17.768110,1.031684,20.909600,-0.250902,0.463192,0.015639,-0.849857
0.4901,5439,Real,Index_MCP,-17.757630,1.039177,20.842010,0.474321,0.502593,0.244450,-0.680194
0.4901,5439,Real,Index_PIP,-17.740060,1.045931,20.884890,0.369753,0.583835,0.369697,-0.621083
0.4901,5439,Real,Index_DIP,-17.738880,1.045218,20.910810,0.263914,0.638694,0.470935,-0.548306
0.4901,5439,Real,Index_FingerTip,-17.745860,1.040395,20.936340,0.263914,0.638694,0.470935,-0.548306
0.4901,5439,Real,Middle_MCP,-17.744670,1.015015,20.841060,0.482679,0.531662,0.275480,-0.639115
0.4901,5439,Real,Middle_PIP,-17.729730,1.023523,20.890990,0.326769,0.639426,0.433095,-0.544781
0.4901,5439,Real,Middle_DIP,-17.735080,1.022027,20.918150,0.166641,0.698480,0.549426,-0.427187
0.4901,5439,Real,Middle_FingerTip,-17.751480,1.015330,20.940220,0.166641,0.698480,0.549426,-0.427187
0.4901,5439,Real,Ring_MCP,-17.738720,0.991166,20.841120,0.493146,0.543368,0.284931,-0.616743
0.4901,5439,Real,Ring_PIP,-17.727220,0.999750,20.885390,0.327174,0.656810,0.441615,-0.516269
0.4901,5439,Real,Ring_DIP,-17.733880,0.999060,20.910860,0.156404,0.716924,0.554577,-0.392432
0.4901,5439,Real,Ring_FingerTip,-17.750470,0.993616,20.929860,0.156404,0.716924,0.554577,-0.392432
0.4901,5439,Real,Pinky_MCP,-17.738470,0.968821,20.840070,0.504319,0.547037,0.285900,-0.603883
0.4901,5439,Real,Pinky_PIP,-17.729100,0.976950,20.877440,0.336932,0.663373,0.439058,-0.503629
0.4901,5439,Real,Pinky_DIP,-17.733970,0.977038,20.895130,0.164258,0.725676,0.549002,-0.380802
0.4901,5439,Real,Pinky_FingerTip,-17.746540,0.973595,20.909170,0.164258,0.725676,0.549002,-0.380802
0.4901,5439,Virtual,Wrist,-17.824280,0.972704,20.788410,0.642322,0.321396,0.033873,-0.694968
0.4901,5439,Virtual,Thumb_CMC,-17.810440,1.012935,20.809150,-0.049003,0.525401,-0.309847,-0.790916
0.4901,5439,Virtual,Thumb_MCP,-17.799200,1.032196,20.846970,-0.122809,0.513191,-0.194887,-0.826784
0.4901,5439,Virtual,Thumb_IP,-17.779720,1.041816,20.890930,-0.248475,0.465519,0.020309,-0.849200
0.4901,5439,Virtual,Thumb_FingerTip,-17.763600,1.034240,20.913170,-0.248475,0.465519,0.020309,-0.849200
0.4901,5439,Virtual,Index_MCP,-17.752890,1.041644,20.845610,0.476754,0.500561,0.248937,-0.678362
0.4901,5439,Virtual,Index_PIP,-17.735330,1.048178,20.888530,0.372529,0.582304,0.373753,-0.618429
0.4901,5439,Virtual,Index_DIP,-17.734230,1.047441,20.914450,0.266912,0.637662,0.474475,-0.544994
0.4901,5439,Virtual,Index_FingerTip,-17.741320,1.042685,20.939970,0.266912,0.637662,0.474475,-0.544994
0.4901,5439,Virtual,Middle_MCP,-17.740210,1.017336,20.844680,0.485254,0.529530,0.279749,-0.637078
0.4901,5439,Virtual,Middle_PIP,-17.725280,1.025652,20.894640,0.329812,0.638041,0.436683,-0.541698
0.4901,5439,Virtual,Middle_DIP,-17.730700,1.024204,20.921790,0.169924,0.697853,0.552184,-0.423345
0.4901,5439,Virtual,Middle_FingerTip,-17.747220,1.017685,20.943820,0.169924,0.697853,0.552184,-0.423345
0.4901,5439,Virtual,Ring_MCP,-17.734530,0.993421,20.844740,0.495782,0.541150,0.289087,-0.614643
0.4901,5439,Virtual,Ring_PIP,-17.723030,1.001854,20.889040,0.330313,0.655391,0.445045,-0.513120
0.4901,5439,Virtual,Ring_DIP,-17.729750,1.001228,20.914500,0.159795,0.716316,0.557131,-0.388539
0.4901,5439,Virtual,Ring_FingerTip,-17.746440,0.995965,20.933460,0.159795,0.716316,0.557131,-0.388539
0.4901,5439,Virtual,Pinky_MCP,-17.734530,0.971075,20.843690,0.506977,0.544741,0.289995,-0.601776
0.4901,5439,Virtual,Pinky_PIP,-17.725150,0.979081,20.881070,0.340113,0.661885,0.442427,-0.500489
0.4901,5439,Virtual,Pinky_DIP,-17.730060,0.979216,20.898750,0.167707,0.725013,0.551500,-0.376933
0.4901,5439,Virtual,Pinky_FingerTip,-17.742690,0.975909,20.912760,0.167707,0.725013,0.551500,-0.376933
0.4901,5439,Render,Wrist,-17.824280,0.972704,20.788410,0.642322,0.321396,0.033873,-0.694968
0.4901,5439,Render,Thumb_CMC,-17.810440,1.012935,20.809150,0.010807,0.533384,-0.345145,-0.772179
0.4901,5439,Render,Thumb_MCP,-17.801980,1.036847,20.844990,-0.037875,0.532147,-0.273296,-0.800434
0.4901,5439,Render,Thumb_IP,-17.788040,1.056322,20.887770,-0.129034,0.517654,-0.131235,-0.835562
0.4901,5439,Render,Thumb_FingerTip,-17.775790,1.058765,20.913390,-0.129034,0.517654,-0.131235,-0.835562
0.4901,5439,Render,Index_MCP,-17.752890,1.041644,20.845610,0.587491,0.364293,0.069991,-0.719199
0.4901,5439,Render,Index_PIP,-17.718950,1.056973,20.874000,0.548441,0.420794,0.141015,-0.708703
0.4901,5439,Render,Index_DIP,-17.703210,1.063766,20.893500,0.508655,0.468108,0.203766,-0.693271
0.4901,5439,Render,Index_FingerTip,-17.690340,1.068976,20.916530,0.508655,0.468108,0.203766,-0.693271
0.4901,5439,Render,Middle_MCP,-17.740210,1.017336,20.844680,0.601930,0.391858,0.112117,-0.686701
0.4901,5439,Render,Middle_PIP,-17.704950,1.034116,20.880230,0.531025,0.483616,0.221163,-0.659708
0.4901,5439,Render,Middle_DIP,-17.692910,1.040265,20.904420,0.455316,0.555482,0.314453,-0.620683
0.4901,5439,Render,Middle_FingerTip,-17.687670,1.043533,20.932040,0.455316,0.555482,0.314453,-0.620683
0.4901,5439,Render,Ring_MCP,-17.734530,0.993421,20.844740,0.632398,0.372446,0.096639,-0.672323
0.4901,5439,Render,Ring_PIP,-17.701770,1.009295,20.873740,0.585495,0.442537,0.173130,-0.656798
0.4901,5439,Render,Ring_DIP,-17.687320,1.016956,20.894390,0.536653,0.500647,0.240046,-0.635401
0.4901,5439,Render,Ring_FingerTip,-17.677430,1.022949,20.917450,0.536653,0.500647,0.240046,-0.635401
0.4901,5439,Render,Pinky_MCP,-17.734530,0.971075,20.843690,0.639022,0.381339,0.110250,-0.658845
0.4901,5439,Render,Pinky_PIP,-17.707570,0.984544,20.869010,0.582152,0.463539,0.197551,-0.638126
0.4901,5439,Render,Pinky_DIP,-17.698530,0.989820,20.884090,0.521955,0.530407,0.273119,-0.609621
0.4901,5439,Render,Pinky_FingerTip,-17.693010,0.994048,20.901940,0.521955,0.530407,0.273119,-0.609621
0.5042,5440,Real,Wrist,-17.832990,0.969006,20.781760,0.638623,0.326511,0.027345,-0.696278
0.5042,5440,Real,Thumb_CMC,-17.819840,1.009434,20.802570,-0.054950,0.524550,-0.316351,-0.788511
0.5042,5440,Real,Thumb_MCP,-17.808880,1.028810,20.840420,-0.128576,0.511508,-0.201665,-0.825324
0.5042,5440,Real,Thumb_IP,-17.789500,1.038682,20.884360,-0.253629,0.462433,0.013381,-0.849499
0.5042,5440,Real,Thumb_FingerTip,-17.773190,1.031349,20.906560,-0.253629,0.462433,0.013381,-0.849499
0.5042,5440,Real,Index_MCP,-17.762750,1.039098,20.839000,0.471660,0.503939,0.242910,-0.681599
0.5042,5440,Real,Index_PIP,-17.745230,1.045852,20.881900,0.366884,0.584649,0.368453,-0.622756
0.5042,5440,Real,Index_DIP,-17.744070,1.045076,20.907820,0.260948,0.639002,0.469998,-0.550168
0.5042,5440,Real,Index_FingerTip,-17.751020,1.040135,20.933330,0.260948,0.639002,0.469998,-0.550168
0.5042,5440,Real,Middle_MCP,-17.749630,1.015026,20.837990,0.479972,0.532988,0.274119,-0.640632
0.5042,5440,Real,Middle_PIP,-17.734760,1.023498,20.887950,0.323810,0.639997,0.432179,-0.546601
0.5042,5440,Real,Middle_DIP,-17.740110,1.021890,20.915100,0.163631,0.698337,0.548965,-0.429172
0.5042,5440,Real,Middle_FingerTip,-17.756470,1.015023,20.937140,0.163631,0.698337,0.548965,-0.429172
0.5042,5440,Real,Ring_MCP,-17.743520,0.991218,20.837980,0.490430,0.544713,0.283663,-0.618306
0.5042,5440,Real,Ring_PIP,-17.732090,0.999757,20.882280,0.324194,0.657368,0.440819,-0.518117
0.5042,5440,Real,Ring_DIP,-17.738750,0.998952,20.907750,0.153378,0.716735,0.554257,-0.394418
0.5042,5440,Real,Ring_FingerTip,-17.755310,0.993345,20.926730,0.153378,0.716735,0.554257,-0.394418
0.5042,5440,Real,Pinky_MCP,-17.743120,0.968878,20.836870,0.501607,0.548417,0.284681,-0.605464
0.5042,5440,Real,Pinky_PIP,-17.733810,0.976967,20.874260,0.333947,0.663965,0.438314,-0.505481
0.5042,5440,Real,Pinky_DIP,-17.738690,0.976974,20.891950,0.161219,0.725520,0.548734,-0.382780
0.5042,5440,Real,Pinky_FingerTip,-17.751240,0.973407,20.905980,0.161219,0.725520,0.548734,-0.382780
0.5042,5440,Virtual,Wrist,-17.828410,0.969914,20.785090,0.640678,0.324307,0.029159,-0.695346
0.5042,5440,Virtual,Thumb_CMC,-17.814990,1.010310,20.805790,-0.052141,0.524196,-0.314407,-0.789715
0.5042,5440,Virtual,Thumb_MCP,-17.803890,1.029715,20.843580,-0.125745,0.511554,-0.199571,-0.826240
0.5042,5440,Virtual,Thumb_IP,-17.784420,1.039577,20.887490,-0.250902,0.463193,0.015638,-0.849857
0.5042,5440,Virtual,Thumb_FingerTip,-17.768170,1.032195,20.909700,-0.250902,0.463193,0.015638,-0.849857
0.5042,5440,Virtual,Index_MCP,-17.757690,1.039688,20.842120,0.474321,0.502594,0.244450,-0.680194
0.5042,5440,Virtual,Index_PIP,-17.740110,1.046442,20.885000,0.369753,0.583836,0.369697,-0.621082
0.5042,5440,Virtual,Index_DIP,-17.738950,1.045729,20.910910,0.263914,0.638695,0.470936,-0.548306
0.5042,5440,Virtual,Index_FingerTip,-17.745930,1.040906,20.936440,0.263914,0.638695,0.470936,-0.548306
0.5042,5440,Virtual,Middle_MCP,-17.744730,1.015526,20.841170,0.482679,0.531662,0.275480,-0.639115
0.5042,5440,Virtual,Middle_PIP,-17.729800,1.024034,20.891100,0.326769,0.639426,0.433095,-0.544780
0.5042,5440,Virtual,Middle_DIP,-17.735140,1.022538,20.918250,0.166641,0.698480,0.549426,-0.427186
0.5042,5440,Virtual,Middle_FingerTip,-17.751540,1.015841,20.940330,0.166641,0.698480,0.549426,-0.427186
0.5042,5440,Virtual,Ring_MCP,-17.738780,0.991677,20.841230,0.493146,0.543369,0.284932,-0.616743
0.5042,5440,Virtual,Ring_PIP,-17.727280,1.000261,20.885500,0.327174,0.656811,0.441616,-0.516269
0.5042,5440,Virtual,Ring_DIP,-17.733940,0.999571,20.910970,0.156404,0.716924,0.554577,-0.392431
0.5042,5440,Virtual,Ring_FingerTip,-17.750530,0.994127,20.929970,0.156404,0.716924,0.554577,-0.392431
0.5042,5440,Virtual,Pinky_MCP,-17.738530,0.969333,20.840180,0.504319,0.547037,0.285900,-0.603883
0.5042,5440,Virtual,Pinky_PIP,-17.729160,0.977461,20.877540,0.336932,0.663374,0.439058,-0.503628
0.5042,5440,Virtual,Pinky_DIP,-17.734040,0.977549,20.895230,0.164257,0.725677,0.549002,-0.380802
0.5042,5440,Virtual,Pinky_FingerTip,-17.746600,0.974106,20.909280,0.164257,0.725677,0.549002,-0.380802
0.5042,5440,Render,Wrist,-17.828410,0.969914,20.785090,0.640678,0.324307,0.029159,-0.695346
0.5042,5440,Render,Thumb_CMC,-17.814990,1.010310,20.805790,0.007542,0.534380,-0.349220,-0.769693
0.5042,5440,Render,Thumb_MCP,-17.806860,1.034270,20.841670,-0.041217,0.532842,-0.277580,-0.798330
0.5042,5440,Render,Thumb_IP,-17.793230,1.053846,20.884510,-0.132445,0.517762,-0.135818,-0.834227
0.5042,5440,Render,Thumb_FingerTip,-17.781060,1.056396,20.910160,-0.132445,0.517762,-0.135818,-0.834227
0.5042,5440,Render,Index_MCP,-17.757690,1.039688,20.842120,0.585649,0.366874,0.065187,-0.719840
0.5042,5440,Render,Index_PIP,-17.723860,1.055416,20.870420,0.546352,0.423179,0.136298,-0.709818
0.5042,5440,Render,Index_DIP,-17.708170,1.062396,20.889880,0.506361,0.470297,0.199167,-0.694803
0.5042,5440,Render,Index_FingerTip,-17.695300,1.067763,20.912890,0.506361,0.470297,0.199167,-0.694803
0.5042,5440,Render,Middle_MCP,-17.744730,1.015526,20.841170,0.599969,0.394565,0.107476,-0.687609
0.5042,5440,Render,Middle_PIP,-17.709590,1.032723,20.876630,0.528654,0.485972,0.216728,-0.661351
0.5042,5440,Render,Middle_DIP,-17.697570,1.039019,20.900800,0.452628,0.557469,0.310303,-0.622952
0.5042,5440,Render,Middle_FingerTip,-17.692300,1.042360,20.928410,0.452628,0.557469,0.310303,-0.622952
0.5042,5440,Render,Ring_MCP,-17.738780,0.991677,20.841230,0.630526,0.375339,0.092051,-0.673116
0.5042,5440,Render,Ring_PIP,-17.706140,1.007937,20.870140,0.583304,0.445195,0.168664,-0.658111
0.5042,5440,Render,Ring_DIP,-17.691750,1.015771,20.890770,0.534199,0.503065,0.235739,-0.637169
0.5042,5440,Render,Ring_FingerTip,-17.681870,1.021887,20.913800,0.534199,0.503065,0.235739,-0.637169
0.5042,5440,Render,Pinky_MCP,-17.738530,0.969333,20.840180,0.637112,0.384287,0.105729,-0.659723
0.5042,5440,Render,Pinky_PIP,-17.711670,0.983119,20.865440,0.579864,0.466203,0.193189,-0.639602
0.5042,5440,Render,Pinky_DIP,-17.702670,0.988504,20.880500,0.519362,0.532776,0.268967,-0.611613
0.5042,5440,Render,Pinky_FingerTip,-17.697160,0.992803,20.898340,0.519362,0.532776,0.268967,-0.611613
0.5184,5441,Real,Wrist,-17.837900,0.968844,20.778630,0.638772,0.327567,0.026342,-0.695685
0.5184,5441,Real,Thumb_CMC,-17.824860,1.009342,20.799380,-0.058112,0.525333,-0.314690,-0.788428
0.5184,5441,Real,Thumb_MCP,-17.813890,1.028450,20.837360,-0.132923,0.511550,-0.198249,-0.825436
0.5184,5441,Real,Thumb_IP,-17.794370,1.037829,20.881350,-0.259639,0.460369,0.020016,-0.848674
0.5184,5441,Real,Thumb_FingerTip,-17.777980,1.030048,20.903320,-0.259639,0.460369,0.020016,-0.848674
0.5184,5441,Real,Index_MCP,-17.767880,1.039216,20.835780,0.469175,0.507117,0.244862,-0.680258
0.5184,5441,Real,Index_PIP,-17.750750,1.045899,20.878850,0.360277,0.589486,0.373866,-0.618815
0.5184,5441,Real,Index_DIP,-17.750090,1.044914,20.904780,0.250103,0.644004,0.477616,-0.542762
0.5184,5441,Real,Index_FingerTip,-17.757770,1.039632,20.930020,0.250103,0.644004,0.477616,-0.542762
0.5184,5441,Real,Middle_MCP,-17.754700,1.015177,20.834820,0.477396,0.536118,0.275766,-0.639237
0.5184,5441,Real,Middle_PIP,-17.740280,1.023590,20.884920,0.318552,0.643315,0.435056,-0.543505
0.5184,5441,Real,Middle_DIP,-17.746000,1.021842,20.911990,0.155823,0.700749,0.552191,-0.423977
0.5184,5441,Real,Middle_FingerTip,-17.762740,1.014772,20.933670,0.155823,0.700749,0.552191,-0.423977
0.5184,5441,Real,Ring_MCP,-17.748520,0.991385,20.834860,0.487656,0.548001,0.285357,-0.616813
0.5184,5441,Real,Ring_PIP,-17.737520,0.999875,20.879270,0.318102,0.661003,0.444019,-0.514522
0.5184,5441,Real,Ring_DIP,-17.744580,0.998916,20.904630,0.144101,0.719270,0.557822,-0.388228
0.5184,5441,Real,Ring_FingerTip,-17.761530,0.993090,20.923190,0.144101,0.719270,0.557822,-0.388228
0.5184,5441,Real,Pinky_MCP,-17.748060,0.969044,20.833790,0.498801,0.551767,0.286334,-0.603957
0.5184,5441,Real,Pinky_PIP,-17.739120,0.977099,20.871270,0.327780,0.667690,0.441422,-0.501894
0.5184,5441,Real,Pinky_DIP,-17.744280,0.977000,20.888880,0.151817,0.728149,0.552172,-0.376639
0.5184,5441,Real,Pinky_FingerTip,-17.757120,0.973267,20.902600,0.151817,0.728149,0.552172,-0.376639
0.5184,5441,Virtual,Wrist,-17.833000,0.969006,20.781770,0.638623,0.326511,0.027345,-0.696278
0.5184,5441,Virtual,Thumb_CMC,-17.819850,1.009434,20.802580,-0.058176,0.525449,-0.313201,-0.788939
0.5184,5441,Virtual,Thumb_MCP,-17.808800,1.028450,20.840580,-0.133003,0.511655,-0.196702,-0.825729
0.5184,5441,Virtual,Thumb_IP,-17.789230,1.037704,20.884580,-0.259743,0.460450,0.021586,-0.848560
0.5184,5441,Virtual,Thumb_FingerTip,-17.772840,1.029843,20.906530,-0.259743,0.460450,0.021586,-0.848560
0.5184,5441,Virtual,Index_MCP,-17.762760,1.039097,20.839010,0.469336,0.506104,0.246043,-0.680475
0.5184,5441,Virtual,Index_PIP,-17.745590,1.045663,20.882070,0.360634,0.588524,0.375067,-0.618795
0.5184,5441,Virtual,Index_DIP,-17.744920,1.044633,20.908000,0.250626,0.643121,0.478795,-0.542529
0.5184,5441,Virtual,Index_FingerTip,-17.752600,1.039330,20.933230,0.250626,0.643121,0.478795,-0.542529
0.5184,5441,Virtual,Middle_MCP,-17.749640,1.015026,20.837990,0.477639,0.535080,0.276916,-0.639429
0.5184,5441,Virtual,Middle_PIP,-17.735170,1.023318,20.888100,0.319060,0.642378,0.436216,-0.543385
0.5184,5441,Virtual,Middle_DIP,-17.740880,1.021539,20.915160,0.156541,0.699960,0.553289,-0.423584
0.5184,5441,Virtual,Middle_FingerTip,-17.757640,1.014476,20.936850,0.156541,0.699960,0.553289,-0.423584
0.5184,5441,Virtual,Ring_MCP,-17.743530,0.991218,20.837990,0.487936,0.546948,0.286485,-0.617003
0.5184,5441,Virtual,Ring_PIP,-17.732480,0.999605,20.882410,0.318660,0.660068,0.445156,-0.514396
0.5184,5441,Virtual,Ring_DIP,-17.739520,0.998622,20.907770,0.144874,0.718502,0.558892,-0.387823
0.5184,5441,Virtual,Ring_FingerTip,-17.756480,0.992809,20.926330,0.144874,0.718502,0.558892,-0.387823
0.5184,5441,Virtual,Pinky_MCP,-17.743130,0.968878,20.836880,0.499097,0.550702,0.287445,-0.604157
0.5184,5441,Virtual,Pinky_PIP,-17.734140,0.976846,20.874370,0.328358,0.666747,0.442545,-0.501781
0.5184,5441,Virtual,Pinky_DIP,-17.739290,0.976732,20.891980,0.152611,0.727379,0.553232,-0.376251
0.5184,5441,Virtual,Pinky_FingerTip,-17.752130,0.973009,20.905700,0.152611,0.727379,0.553232,-0.376251
0.5184,5441,Render,Wrist,-17.833000,0.969006,20.781770,0.638623,0.326511,0.027345,-0.696278
0.5184,5441,Render,Thumb_CMC,-17.819850,1.009434,20.802580,0.004731,0.534981,-0.351074,-0.768454
0.5184,5441,Render,Thumb_MCP,-17.811900,1.033349,20.838540,-0.044072,0.533183,-0.279539,-0.797265
0.5184,5441,Render,Thumb_IP,-17.798400,1.052900,20.881430,-0.135316,0.517606,-0.137931,-0.833516
0.5184,5441,Render,Thumb_FingerTip,-17.786260,1.055460,20.907080,-0.135316,0.517606,-0.137931,-0.833516
0.5184,5441,Render,Index_MCP,-17.762760,1.039097,20.839010,0.583413,0.368846,0.063343,-0.720812
0.5184,5441,Render,Index_PIP,-17.729050,1.054975,20.867370,0.543931,0.424920,0.134559,-0.710969
0.5184,5441,Render,Index_DIP,-17.713400,1.062007,20.886850,0.503794,0.471815,0.197538,-0.696105
0.5184,5441,Render,Index_FingerTip,-17.700580,1.067398,20.909870,0.503794,0.471815,0.197538,-0.696105
0.5184,5441,Render,Middle_MCP,-17.749640,1.015026,20.837990,0.597678,0.396523,0.105779,-0.688740
0.5184,5441,Render,Middle_PIP,-17.714620,1.032361,20.873510,0.526078,0.487536,0.215235,-0.662741
0.5184,5441,Render,Middle_DIP,-17.702650,1.038672,20.897700,0.449852,0.558643,0.309028,-0.624542
0.5184,5441,Render,Middle_FingerTip,-17.697420,1.041972,20.925320,0.449852,0.558643,0.309028,-0.624542
0.5184,5441,Render,Ring_MCP,-17.743530,0.991218,20.837990,0.628322,0.377419,0.090381,-0.674239
0.5184,5441,Render,Ring_PIP,-17.711010,1.007617,20.866960,0.580876,0.447009,0.167133,-0.659419
0.5184,5441,Render,Ring_DIP,-17.696660,1.015491,20.887610,0.531596,0.504618,0.234352,-0.638628
0.5184,5441,Render,Ring_FingerTip,-17.686840,1.021610,20.910660,0.531596,0.504618,0.234352,-0.638628
0.5184,5441,Render,Pinky_MCP,-17.743130,0.968878,20.836880,0.634893,0.386369,0.104117,-0.660901
0.5184,5441,Render,Pinky_PIP,-17.716360,0.982776,20.862190,0.577387,0.467969,0.191750,-0.640985
0.5184,5441,Render,Pinky_DIP,-17.707400,0.988180,20.877260,0.516690,0.534230,0.267705,-0.613159
0.5184,5441,Render,Pinky_FingerTip,-17.701930,0.992467,20.895110,0.516690,0.534230,0.267705,-0.613159
0.5318,5442,Real,Wrist,-17.842960,0.968931,20.775470,0.641050,0.328603,0.025203,-0.693138
0.5318,5442,Real,Thumb_CMC,-17.830010,1.009594,20.795950,-0.055360,0.524761,-0.317135,-0.788028
0.5318,5442,Real,Thumb_MCP,-17.819110,1.028991,20.833810,-0.130117,0.511379,-0.200726,-0.825391
0.5318,5442,Real,Thumb_IP,-17.799680,1.038712,20.877760,-0.256883,0.460923,0.017609,-0.849265
0.5318,5442,Real,Thumb_FingerTip,-17.783310,1.031111,20.899810,-0.256883,0.460923,0.017609,-0.849265
0.5318,5442,Real,Index_MCP,-17.773120,1.039803,20.832230,0.471115,0.508820,0.242952,-0.678326
0.5318,5442,Real,Index_PIP,-17.756060,1.046819,20.875270,0.361845,0.591537,0.371614,-0.617297
0.5318,5442,Real,Index_DIP,-17.755440,1.046022,20.901210,0.251282,0.646301,0.475131,-0.541667
0.5318,5442,Real,Index_FingerTip,-17.763150,1.040914,20.926470,0.251282,0.646301,0.475131,-0.541667
0.5318,5442,Real,Middle_MCP,-17.759900,1.015776,20.831460,0.479146,0.537907,0.273784,-0.637274
0.5318,5442,Real,Middle_PIP,-17.745570,1.024569,20.881510,0.319766,0.645503,0.432625,-0.542136
0.5318,5442,Real,Middle_DIP,-17.751330,1.023009,20.908580,0.156480,0.703163,0.549504,-0.423227
0.5318,5442,Real,Middle_FingerTip,-17.768100,1.016074,20.930290,0.156480,0.703163,0.549504,-0.423227
0.5318,5442,Real,Ring_MCP,-17.753690,0.991992,20.831680,0.489310,0.549814,0.283355,-0.614809
0.5318,5442,Real,Ring_PIP,-17.742770,1.000817,20.876050,0.319193,0.663201,0.441543,-0.513147
0.5318,5442,Real,Ring_DIP,-17.749870,1.000033,20.901400,0.144613,0.721670,0.555082,-0.387510
0.5318,5442,Real,Ring_FingerTip,-17.766840,0.994318,20.919970,0.144613,0.721670,0.555082,-0.387510
0.5318,5442,Real,Pinky_MCP,-17.753200,0.969645,20.830760,0.500405,0.553581,0.284334,-0.601911
0.5318,5442,Real,Pinky_PIP,-17.744330,0.977982,20.868210,0.328824,0.669875,0.438937,-0.500477
0.5318,5442,Real,Pinky_DIP,-17.749520,0.978003,20.885800,0.152286,0.730525,0.549413,-0.375883
0.5318,5442,Real,Pinky_FingerTip,-17.762370,0.974353,20.899530,0.152286,0.730525,0.549413,-0.375883
0.5318,5442,Virtual,Wrist,-17.837900,0.968844,20.778640,0.638772,0.327567,0.026342,-0.695685
0.5318,5442,Virtual,Thumb_CMC,-17.824870,1.009342,20.799380,-0.058112,0.525333,-0.314690,-0.788428
0.5318,5442,Virtual,Thumb_MCP,-17.813890,1.028450,20.837360,-0.132924,0.511550,-0.198249,-0.825436
0.5318,5442,Virtual,Thumb_IP,-17.794380,1.037829,20.881350,-0.259639,0.460369,0.020016,-0.848674
0.5318,5442,Virtual,Thumb_FingerTip,-17.777980,1.030048,20.903330,-0.259639,0.460369,0.020016,-0.848674
0.5318,5442,Virtual,Index_MCP,-17.767880,1.039215,20.835790,0.469175,0.507117,0.244861,-0.680258
0.5318,5442,Virtual,Index_PIP,-17.750750,1.045899,20.878860,0.360277,0.589486,0.373866,-0.618815
0.5318,5442,Virtual,Index_DIP,-17.750090,1.044914,20.904790,0.250103,0.644004,0.477616,-0.542762
0.5318,5442,Virtual,Index_FingerTip,-17.757780,1.039632,20.930030,0.250103,0.644004,0.477616,-0.542762
0.5318,5442,Virtual,Middle_MCP,-17.754700,1.015177,20.834830,0.477396,0.536118,0.275766,-0.639237
0.5318,5442,Virtual,Middle_PIP,-17.740280,1.023590,20.884930,0.318552,0.643315,0.435056,-0.543505
0.5318,5442,Virtual,Middle_DIP,-17.746000,1.021842,20.911990,0.155823,0.700749,0.552191,-0.423977
0.5318,5442,Virtual,Middle_FingerTip,-17.762750,1.014772,20.933680,0.155823,0.700749,0.552191,-0.423977
0.5318,5442,Virtual,Ring_MCP,-17.748530,0.991384,20.834870,0.487656,0.548001,0.285357,-0.616812
0.5318,5442,Virtual,Ring_PIP,-17.737520,0.999875,20.879280,0.318102,0.661003,0.444019,-0.514522
0.5318,5442,Virtual,Ring_DIP,-17.744590,0.998916,20.904640,0.144101,0.719270,0.557822,-0.388228
0.5318,5442,Virtual,Ring_FingerTip,-17.761540,0.993090,20.923190,0.144101,0.719270,0.557822,-0.388228
0.5318,5442,Virtual,Pinky_MCP,-17.748070,0.969044,20.833800,0.498801,0.551767,0.286334,-0.603957
0.5318,5442,Virtual,Pinky_PIP,-17.739120,0.977099,20.871280,0.327781,0.667690,0.441422,-0.501894
0.5318,5442,Virtual,Pinky_DIP,-17.744280,0.977000,20.888890,0.151817,0.728149,0.552172,-0.376639
0.5318,5442,Virtual,Pinky_FingerTip,-17.757120,0.973267,20.902610,0.151817,0.728149,0.552172,-0.376639
0.5318,5442,Render,Wrist,-17.837900,0.968844,20.778640,0.638772,0.327567,0.026342,-0.695685
0.5318,5442,Render,Thumb_CMC,-17.824870,1.009342,20.799380,0.004745,0.536141,-0.352224,-0.767117
0.5318,5442,Render,Thumb_MCP,-17.817100,1.033294,20.835360,-0.044164,0.534340,-0.280807,-0.796039
0.5318,5442,Render,Thumb_IP,-17.803800,1.052900,20.878280,-0.135606,0.518730,-0.139391,-0.832527
0.5318,5442,Render,Thumb_FingerTip,-17.791740,1.055505,20.903980,-0.135606,0.518730,-0.139391,-0.832527
0.5318,5442,Render,Index_MCP,-17.767880,1.039215,20.835790,0.583516,0.369866,0.062256,-0.720300
0.5318,5442,Render,Index_PIP,-17.734230,1.055229,20.864150,0.543933,0.425945,0.133427,-0.710567
0.5318,5442,Render,Index_DIP,-17.718610,1.062335,20.883630,0.503705,0.472836,0.196374,-0.695805
0.5318,5442,Render,Index_FingerTip,-17.705820,1.067797,20.906650,0.503705,0.472836,0.196374,-0.695805
0.5318,5442,Render,Middle_MCP,-17.754700,1.015177,20.834830,0.597706,0.397589,0.104715,-0.688263
0.5318,5442,Render,Middle_PIP,-17.719750,1.032663,20.870340,0.525934,0.488593,0.214108,-0.662441
0.5318,5442,Render,Middle_DIP,-17.707800,1.039046,20.894530,0.449557,0.559668,0.307870,-0.624409
0.5318,5442,Render,Middle_FingerTip,-17.702600,1.042406,20.922140,0.449557,0.559668,0.307870,-0.624409
0.5318,5442,Render,Ring_MCP,-17.748530,0.991384,20.834870,0.628368,0.378508,0.089360,-0.673722
0.5318,5442,Render,Ring_PIP,-17.716060,1.007917,20.863830,0.580796,0.448096,0.166060,-0.659022
0.5318,5442,Render,Ring_DIP,-17.701760,1.015863,20.884470,0.531405,0.505691,0.233244,-0.638344
0.5318,5442,Render,Ring_FingerTip,-17.691960,1.022047,20.907520,0.531405,0.505691,0.233244,-0.638344
0.5318,5442,Render,Pinky_MCP,-17.748070,0.969044,20.833800,0.634912,0.387474,0.103109,-0.660393
0.5318,5442,Render,Pinky_PIP,-17.721350,0.983054,20.859100,0.577257,0.469067,0.190682,-0.640618
0.5318,5442,Render,Pinky_DIP,-17.712410,0.988507,20.874160,0.516429,0.535304,0.266601,-0.612923
0.5318,5442,Render,Pinky_FingerTip,-17.706960,0.992838,20.892010,0.516429,0.535304,0.266601,-0.612923
0.5460,5443,Real,Wrist,-17.847810,0.968943,20.772570,0.643114,0.330628,0.022591,-0.690348
0.5460,5443,Real,Thumb_CMC,-17.835080,1.009835,20.792720,-0.056658,0.523756,-0.316096,-0.789021
0.5460,5443,Real,Thumb_MCP,-17.824040,1.029132,20.830590,-0.134165,0.509441,-0.194842,-0.827349
0.5460,5443,Real,Thumb_IP,-17.804180,1.038237,20.874480,-0.264985,0.455316,0.032519,-0.849360
0.5460,5443,Real,Thumb_FingerTip,-17.787560,1.029786,20.896030,-0.264985,0.455316,0.032519,-0.849360
0.5460,5443,Real,Index_MCP,-17.778370,1.040611,20.828820,0.469645,0.514017,0.243378,-0.675269
0.5460,5443,Real,Index_PIP,-17.761840,1.047828,20.872030,0.352349,0.600524,0.378621,-0.609809
0.5460,5443,Real,Index_DIP,-17.762040,1.046827,20.897970,0.233421,0.655968,0.486310,-0.527943
0.5460,5443,Real,Index_FingerTip,-17.771020,1.041251,20.922710,0.233421,0.655968,0.486310,-0.527943
0.5460,5443,Real,Middle_MCP,-17.765050,1.016640,20.828260,0.478064,0.542554,0.273009,-0.634473
0.5460,5443,Real,Middle_PIP,-17.751200,1.025740,20.878400,0.313476,0.651646,0.434460,-0.536968
0.5460,5443,Real,Middle_DIP,-17.757490,1.024131,20.905350,0.144972,0.708444,0.552365,-0.414708
0.5460,5443,Real,Middle_FingerTip,-17.774860,1.016979,20.926510,0.144972,0.708444,0.552365,-0.414708
0.5460,5443,Real,Ring_MCP,-17.758730,0.992889,20.828690,0.488499,0.554159,0.282001,-0.612170
0.5460,5443,Real,Ring_PIP,-17.748180,1.002017,20.873080,0.312930,0.669177,0.442785,-0.508152
0.5460,5443,Real,Ring_DIP,-17.755760,1.001195,20.898300,0.132868,0.726684,0.557244,-0.379151
0.5460,5443,Real,Ring_FingerTip,-17.773230,0.995275,20.916330,0.132868,0.726684,0.557244,-0.379151
0.5460,5443,Real,Pinky_MCP,-17.758130,0.970538,20.827960,0.499518,0.557986,0.282958,-0.599223
0.5460,5443,Real,Pinky_PIP,-17.749580,0.979134,20.865420,0.322429,0.675949,0.440062,-0.495458
0.5460,5443,Real,Pinky_DIP,-17.755110,0.979131,20.882910,0.140337,0.735644,0.551390,-0.367564
0.5460,5443,Real,Pinky_FingerTip,-17.768340,0.975321,20.896240,0.140337,0.735644,0.551390,-0.367564
0.5460,5443,Virtual,Wrist,-17.842960,0.968931,20.775480,0.641050,0.328603,0.025203,-0.693138
0.5460,5443,Virtual,Thumb_CMC,-17.830010,1.009594,20.795950,-0.058867,0.524720,-0.312034,-0.789835
0.5460,5443,Virtual,Thumb_MCP,-17.818840,1.028526,20.833960,-0.136493,0.510064,-0.190704,-0.827549
0.5460,5443,Virtual,Thumb_IP,-17.798880,1.037174,20.877910,-0.267395,0.455298,0.036560,-0.848450
0.5460,5443,Virtual,Thumb_FingerTip,-17.782270,1.028467,20.899360,-0.267395,0.455298,0.036560,-0.848450
0.5460,5443,Virtual,Index_MCP,-17.773120,1.039803,20.832230,0.468209,0.511496,0.246812,-0.676931
0.5460,5443,Virtual,Index_PIP,-17.756500,1.046585,20.875480,0.351470,0.597760,0.382326,-0.610720
0.5460,5443,Virtual,Index_DIP,-17.756680,1.045371,20.901410,0.233076,0.653088,0.490120,-0.528142
0.5460,5443,Virtual,Index_FingerTip,-17.765650,1.039634,20.926110,0.233076,0.653088,0.490120,-0.528142
0.5460,5443,Virtual,Middle_MCP,-17.759910,1.015776,20.831460,0.476882,0.539916,0.276460,-0.636118
0.5460,5443,Virtual,Middle_PIP,-17.745960,1.024395,20.881660,0.313052,0.648786,0.438227,-0.537618
0.5460,5443,Virtual,Middle_DIP,-17.752220,1.022594,20.908600,0.145259,0.705567,0.556176,-0.414420
0.5460,5443,Virtual,Middle_FingerTip,-17.769610,1.015349,20.929720,0.145259,0.705567,0.556176,-0.414420
0.5460,5443,Virtual,Ring_MCP,-17.753700,0.991992,20.831680,0.487442,0.551472,0.285440,-0.613844
0.5460,5443,Virtual,Ring_PIP,-17.743050,1.000703,20.876140,0.312671,0.666301,0.446556,-0.508791
0.5460,5443,Virtual,Ring_DIP,-17.750610,0.999709,20.901350,0.133348,0.723836,0.561054,-0.378812
0.5460,5443,Virtual,Ring_FingerTip,-17.768090,0.993722,20.919360,0.133348,0.723836,0.561054,-0.378812
0.5460,5443,Virtual,Pinky_MCP,-17.753210,0.969645,20.830770,0.498524,0.555276,0.286376,-0.600943
0.5460,5443,Virtual,Pinky_PIP,-17.744580,0.977891,20.868290,0.322236,0.673068,0.443826,-0.496147
0.5460,5443,Virtual,Pinky_DIP,-17.750080,0.977770,20.885790,0.140882,0.732809,0.555205,-0.367275
0.5460,5443,Virtual,Pinky_FingerTip,-17.763310,0.973912,20.899100,0.140882,0.732809,0.555205,-0.367275
0.5460,5443,Render,Wrist,-17.842960,0.968931,20.775480,0.641050,0.328603,0.025203,-0.693138
0.5460,5443,Render,Thumb_CMC,-17.830010,1.009594,20.795950,0.007442,0.535457,-0.354646,-0.766457
0.5460,5443,Render,Thumb_MCP,-17.822330,1.033816,20.831760,-0.041415,0.533905,-0.283279,-0.795603
0.5460,5443,Render,Thumb_IP,-17.809120,1.053748,20.874570,-0.132824,0.518775,-0.141902,-0.832523
0.5460,5443,Render,Thumb_FingerTip,-17.797110,1.056555,20.900260,-0.132824,0.518775,-0.141902,-0.832523
0.5460,5443,Render,Index_MCP,-17.773120,1.039803,20.832230,0.585829,0.371016,0.060905,-0.717943
0.5460,5443,Render,Index_PIP,-17.739530,1.056065,20.860520,0.546120,0.427318,0.131849,-0.708356
0.5460,5443,Render,Index_DIP,-17.723960,1.063331,20.879970,0.505760,0.474399,0.194606,-0.693744
0.5460,5443,Render,Index_FingerTip,-17.711200,1.068976,20.902980,0.505760,0.474399,0.194606,-0.693744
0.5460,5443,Render,Middle_MCP,-17.759910,1.015776,20.831460,0.599853,0.398875,0.103295,-0.685861
0.5460,5443,Render,Middle_PIP,-17.725030,1.033563,20.866900,0.527846,0.490208,0.212321,-0.660299
0.5460,5443,Render,Middle_DIP,-17.713130,1.040136,20.891060,0.451214,0.561543,0.305791,-0.622549
0.5460,5443,Render,Middle_FingerTip,-17.707980,1.043702,20.918650,0.451214,0.561543,0.305791,-0.622549
0.5460,5443,Render,Ring_MCP,-17.753700,0.991992,20.831680,0.630485,0.379748,0.088043,-0.671214
0.5460,5443,Render,Ring_PIP,-17.721310,1.008775,20.860570,0.582758,0.449571,0.164464,-0.656682
0.5460,5443,Render,Ring_DIP,-17.707040,1.016889,20.881180,0.533204,0.507360,0.231414,-0.636182
0.5460,5443,Render,Ring_FingerTip,-17.697280,1.023251,20.904200,0.533204,0.507360,0.231414,-0.636182
0.5460,5443,Render,Pinky_MCP,-17.753210,0.969645,20.830770,0.636966,0.388757,0.101772,-0.657864
0.5460,5443,Render,Pinky_PIP,-17.726560,0.983872,20.856010,0.579120,0.470614,0.189019,-0.638291
0.5460,5443,Render,Pinky_DIP,-17.717650,0.989445,20.871050,0.518092,0.537065,0.264669,-0.610814
0.5460,5443,Render,Pinky_FingerTip,-17.712230,0.993912,20.888870,0.518092,0.537065,0.264669,-0.610814
0.5601,5444,Real,Wrist,-17.852800,0.969052,20.769540,0.646659,0.332289,0.019887,-0.686309
0.5601,5444,Real,Thumb_CMC,-17.840230,1.010224,20.789220,-0.057282,0.525499,-0.319394,-0.786484
0.5601,5444,Real,Thumb_MCP,-17.829530,1.029641,20.827120,-0.137143,0.510512,-0.195086,-0.826142
0.5601,5444,Real,Thumb_IP,-17.809790,1.038580,20.871100,-0.271505,0.453559,0.038240,-0.848002
0.5601,5444,Real,Thumb_FingerTip,-17.793100,1.029713,20.892440,-0.271505,0.453559,0.038240,-0.848002
0.5601,5444,Real,Index_MCP,-17.783670,1.041619,20.825020,0.471404,0.517831,0.241104,-0.671936
0.5601,5444,Real,Index_PIP,-17.767400,1.049309,20.868250,0.348745,0.607246,0.380231,-0.604196
0.5601,5444,Real,Index_DIP,-17.768100,1.048376,20.894180,0.224161,0.663418,0.490341,-0.518840
0.5601,5444,Real,Index_FingerTip,-17.777810,1.042690,20.918620,0.224161,0.663418,0.490341,-0.518840
0.5601,5444,Real,Middle_MCP,-17.770270,1.017689,20.824770,0.480515,0.545610,0.269300,-0.631580
0.5601,5444,Real,Middle_PIP,-17.756560,1.027414,20.874820,0.312717,0.656348,0.431975,-0.533680
0.5601,5444,Real,Middle_DIP,-17.763070,1.026012,20.901740,0.140845,0.713265,0.550446,-0.410396
0.5601,5444,Real,Middle_FingerTip,-17.780710,1.018913,20.922690,0.140845,0.713265,0.550446,-0.410396
0.5601,5444,Real,Ring_MCP,-17.763870,0.993965,20.825480,0.490862,0.557208,0.278172,-0.609257
0.5601,5444,Real,Ring_PIP,-17.753430,1.003648,20.869790,0.311778,0.673959,0.440217,-0.504761
0.5601,5444,Real,Ring_DIP,-17.761230,1.003011,20.894940,0.128035,0.731460,0.555186,-0.374623
0.5601,5444,Real,Ring_FingerTip,-17.778950,0.997112,20.912750,0.128035,0.731460,0.555186,-0.374623
0.5601,5444,Real,Pinky_MCP,-17.763200,0.971609,20.825030,0.501796,0.561053,0.279132,-0.596243
0.5601,5444,Real,Pinky_PIP,-17.754750,0.980673,20.862390,0.321163,0.680760,0.437428,-0.492013
0.5601,5444,Real,Pinky_DIP,-17.760430,0.980798,20.879840,0.135356,0.740445,0.549214,-0.363020
0.5601,5444,Real,Pinky_FingerTip,-17.773840,0.976999,20.892990,0.135356,0.740445,0.549214,-0.363020
0.5601,5444,Virtual,Wrist,-17.847820,0.968943,20.772580,0.643114,0.330628,0.022591,-0.690348
0.5601,5444,Virtual,Thumb_CMC,-17.835080,1.009834,20.792730,-0.061315,0.526972,-0.314895,-0.787009
0.5601,5444,Virtual,Thumb_MCP,-17.824270,1.028761,20.830850,-0.141353,0.511350,-0.190559,-0.825971
0.5601,5444,Virtual,Thumb_IP,-17.804440,1.037108,20.874910,-0.275785,0.453213,0.042548,-0.846600
0.5601,5444,Virtual,Thumb_FingerTip,-17.787750,1.027930,20.896110,-0.275785,0.453213,0.042548,-0.846600
0.5601,5444,Virtual,Index_MCP,-17.778370,1.040610,20.828830,0.468405,0.515147,0.245005,-0.674680
0.5601,5444,Virtual,Index_PIP,-17.762030,1.047728,20.872130,0.346395,0.603978,0.384632,-0.606036
0.5601,5444,Virtual,Index_DIP,-17.762690,1.046488,20.898040,0.222490,0.659756,0.495015,-0.519790
0.5601,5444,Virtual,Index_FingerTip,-17.772390,1.040542,20.922420,0.222490,0.659756,0.495015,-0.519790
0.5601,5444,Virtual,Middle_MCP,-17.765050,1.016640,20.828270,0.477821,0.542768,0.273293,-0.634351
0.5601,5444,Virtual,Middle_PIP,-17.751240,1.025721,20.878430,0.310905,0.652877,0.436574,-0.535251
0.5601,5444,Virtual,Middle_DIP,-17.757720,1.024019,20.905320,0.139947,0.709454,0.555291,-0.410783
0.5601,5444,Virtual,Middle_FingerTip,-17.775370,1.016728,20.926210,0.139947,0.709454,0.555291,-0.410783
0.5601,5444,Virtual,Ring_MCP,-17.758730,0.992888,20.828700,0.488328,0.554310,0.282190,-0.612083
0.5601,5444,Virtual,Ring_PIP,-17.748210,1.002006,20.873100,0.310174,0.670460,0.444873,-0.506325
0.5601,5444,Virtual,Ring_DIP,-17.755970,1.001095,20.898250,0.127385,0.727665,0.560088,-0.374938
0.5601,5444,Virtual,Ring_FingerTip,-17.773680,0.995042,20.916020,0.127385,0.727665,0.560088,-0.374938
0.5601,5444,Virtual,Pinky_MCP,-17.758140,0.970537,20.827970,0.499346,0.558140,0.283143,-0.599136
0.5601,5444,Virtual,Pinky_PIP,-17.749600,0.979125,20.865440,0.319644,0.677270,0.442098,-0.493643
0.5601,5444,Virtual,Pinky_DIP,-17.755260,0.979061,20.882890,0.134786,0.736682,0.554146,-0.363395
0.5601,5444,Virtual,Pinky_FingerTip,-17.768670,0.975150,20.896010,0.134786,0.736682,0.554146,-0.363395
0.5601,5444,Render,Wrist,-17.847820,0.968943,20.772580,0.643114,0.330628,0.022591,-0.690348
0.5601,5444,Render,Thumb_CMC,-17.835080,1.009834,20.792730,0.009553,0.534460,-0.358658,-0.765263
0.5601,5444,Render,Thumb_MCP,-17.827550,1.034387,20.828350,-0.039222,0.533104,-0.287382,-0.794779
0.5601,5444,Render,Thumb_IP,-17.814490,1.054734,20.871010,-0.130525,0.518364,-0.146086,-0.832419
0.5601,5444,Render,Thumb_FingerTip,-17.802520,1.057809,20.896690,-0.130525,0.518364,-0.146086,-0.832419
0.5601,5444,Render,Index_MCP,-17.778370,1.040610,20.828830,0.587875,0.373072,0.058027,-0.715440
0.5601,5444,Render,Index_PIP,-17.744900,1.057263,20.857020,0.547952,0.429568,0.128736,-0.706150
0.5601,5444,Render,Index_DIP,-17.729380,1.064763,20.876430,0.507384,0.476803,0.191308,-0.691825
0.5601,5444,Render,Index_FingerTip,-17.716680,1.070658,20.899400,0.507384,0.476803,0.191308,-0.691825
0.5601,5444,Render,Middle_MCP,-17.765050,1.016640,20.828270,0.601675,0.401121,0.100385,-0.683384
0.5601,5444,Render,Middle_PIP,-17.730300,1.034883,20.863600,0.529283,0.492717,0.209050,-0.658322
0.5601,5444,Render,Middle_DIP,-17.718460,1.041712,20.887720,0.452272,0.564234,0.302268,-0.621067
0.5601,5444,Render,Middle_FingerTip,-17.713350,1.045530,20.915290,0.452272,0.564234,0.302268,-0.621067
0.5601,5444,Render,Ring_MCP,-17.758730,0.992888,20.828700,0.632301,0.381994,0.085265,-0.668586
0.5601,5444,Render,Ring_PIP,-17.726450,1.010063,20.857490,0.584304,0.452010,0.161403,-0.654390
0.5601,5444,Render,Ring_DIP,-17.712250,1.018413,20.878040,0.534489,0.509946,0.228133,-0.634218
0.5601,5444,Render,Ring_FingerTip,-17.702550,1.025012,20.901020,0.534489,0.509946,0.228133,-0.634218
0.5601,5444,Render,Pinky_MCP,-17.758140,0.970537,20.827970,0.638697,0.391067,0.098992,-0.655236
0.5601,5444,Render,Pinky_PIP,-17.731580,0.985098,20.853120,0.580525,0.473135,0.185911,-0.636059
0.5601,5444,Render,Pinky_DIP,-17.722710,0.990837,20.868130,0.519183,0.539737,0.261315,-0.608973
0.5601,5444,Render,Pinky_FingerTip,-17.717330,0.995477,20.885920,0.519183,0.539737,0.261315,-0.608973
0.5739,5445,Real,Wrist,-17.857440,0.969094,20.766560,0.649358,0.331877,0.016213,-0.684053
0.5739,5445,Real,Thumb_CMC,-17.844900,1.010475,20.785820,-0.061202,0.526555,-0.321039,-0.784811
0.5739,5445,Real,Thumb_MCP,-17.834390,1.029772,20.823830,-0.144853,0.509925,-0.191025,-0.826138
0.5739,5445,Real,Thumb_IP,-17.814430,1.038004,20.867850,-0.284581,0.447235,0.053117,-0.846270
0.5739,5445,Real,Thumb_FingerTip,-17.797500,1.028187,20.888570,-0.284581,0.447235,0.053117,-0.846270
0.5739,5445,Real,Index_MCP,-17.788290,1.042340,20.821110,0.472525,0.519771,0.239156,-0.670345
0.5739,5445,Real,Index_PIP,-17.772120,1.050328,20.864320,0.342020,0.613567,0.385259,-0.598443
0.5739,5445,Real,Index_DIP,-17.773410,1.049253,20.890220,0.209042,0.670629,0.499706,-0.506806
0.5739,5445,Real,Index_FingerTip,-17.784140,1.043170,20.914130,0.209042,0.670629,0.499706,-0.506806
0.5739,5445,Real,Middle_MCP,-17.774810,1.018443,20.821020,0.483086,0.546293,0.265162,-0.630778
0.5739,5445,Real,Middle_PIP,-17.760960,1.028650,20.870940,0.311041,0.659592,0.430980,-0.531459
0.5739,5445,Real,Middle_DIP,-17.767650,1.027326,20.897800,0.134542,0.716734,0.551136,-0.405513
0.5739,5445,Real,Middle_FingerTip,-17.785620,1.020134,20.918450,0.134542,0.716734,0.551136,-0.405513
0.5739,5445,Real,Ring_MCP,-17.768360,0.994744,20.821920,0.493855,0.557528,0.273417,-0.608698
0.5739,5445,Real,Ring_PIP,-17.757710,1.004880,20.866080,0.310724,0.676891,0.438357,-0.503103
0.5739,5445,Real,Ring_DIP,-17.765630,1.004342,20.891200,0.122518,0.734656,0.554861,-0.370674
0.5739,5445,Real,Ring_FingerTip,-17.783570,0.998374,20.908760,0.122518,0.734656,0.554861,-0.370674
0.5739,5445,Real,Pinky_MCP,-17.767630,0.972386,20.821660,0.504729,0.561410,0.274365,-0.595644
0.5739,5445,Real,Pinky_PIP,-17.759000,0.981831,20.858900,0.320004,0.683762,0.435474,-0.490337
0.5739,5445,Real,Pinky_DIP,-17.764770,0.982024,20.876320,0.129673,0.743719,0.548733,-0.359109
0.5739,5445,Real,Pinky_FingerTip,-17.778340,0.978169,20.889280,0.129673,0.743719,0.548733,-0.359109
0.5739,5445,Virtual,Wrist,-17.852810,0.969052,20.769550,0.646659,0.332290,0.019886,-0.686310
0.5739,5445,Virtual,Thumb_CMC,-17.840240,1.010224,20.789230,-0.063431,0.529620,-0.317743,-0.783913
0.5739,5445,Virtual,Thumb_MCP,-17.829830,1.029149,20.827460,-0.147545,0.512593,-0.187916,-0.824723
0.5739,5445,Virtual,Thumb_IP,-17.810020,1.036930,20.871630,-0.287923,0.449023,0.055691,-0.844025
0.5739,5445,Virtual,Thumb_FingerTip,-17.793190,1.026882,20.892320,-0.287923,0.449023,0.055691,-0.844025
0.5739,5445,Virtual,Index_MCP,-17.783680,1.041620,20.825020,0.469700,0.519378,0.243310,-0.671140
0.5739,5445,Virtual,Index_PIP,-17.767660,1.049174,20.868370,0.339358,0.612542,0.389485,-0.598273
0.5739,5445,Virtual,Index_DIP,-17.769060,1.047868,20.894260,0.206646,0.669080,0.503808,-0.505773
0.5739,5445,Virtual,Index_FingerTip,-17.779900,1.041598,20.918070,0.206646,0.669080,0.503808,-0.505773
0.5739,5445,Virtual,Middle_MCP,-17.770280,1.017689,20.824770,0.480424,0.545690,0.269405,-0.631536
0.5739,5445,Virtual,Middle_PIP,-17.756580,1.027408,20.874840,0.308653,0.658269,0.435265,-0.531000
0.5739,5445,Virtual,Middle_DIP,-17.763390,1.025858,20.901660,0.132566,0.714850,0.555167,-0.403987
0.5739,5445,Virtual,Middle_FingerTip,-17.781460,1.018528,20.922170,0.132566,0.714850,0.555167,-0.403987
0.5739,5445,Virtual,Ring_MCP,-17.763880,0.993965,20.825490,0.491291,0.556830,0.277703,-0.609471
0.5739,5445,Virtual,Ring_PIP,-17.753380,1.003674,20.869770,0.308473,0.675478,0.442683,-0.502599
0.5739,5445,Virtual,Ring_DIP,-17.761400,1.002930,20.894850,0.120715,0.732703,0.558903,-0.369054
0.5739,5445,Virtual,Ring_FingerTip,-17.779420,0.996850,20.912290,0.120715,0.732703,0.558903,-0.369054
0.5739,5445,Virtual,Pinky_MCP,-17.763210,0.971609,20.825030,0.502227,0.560668,0.278672,-0.596458
0.5739,5445,Virtual,Pinky_PIP,-17.754700,0.980694,20.862380,0.317824,0.682325,0.439832,-0.489865
0.5739,5445,Virtual,Pinky_DIP,-17.760540,0.980745,20.879780,0.127946,0.741761,0.552816,-0.357512
0.5739,5445,Virtual,Pinky_FingerTip,-17.774170,0.976809,20.892650,0.127946,0.741761,0.552816,-0.357512
0.5739,5445,Render,Wrist,-17.852810,0.969052,20.769550,0.646659,0.332290,0.019886,-0.686310
0.5739,5445,Render,Thumb_CMC,-17.840240,1.010224,20.789230,0.013305,0.537138,-0.362104,-0.761700
0.5739,5445,Render,Thumb_MCP,-17.833180,1.035075,20.824730,-0.035729,0.536113,-0.291139,-0.791546
0.5739,5445,Render,Thumb_IP,-17.820650,1.055794,20.867360,-0.127604,0.521930,-0.150344,-0.829882
0.5739,5445,Render,Thumb_FingerTip,-17.808960,1.059110,20.893150,-0.127604,0.521930,-0.150344,-0.829882
0.5739,5445,Render,Index_MCP,-17.783680,1.041620,20.825020,0.591477,0.374869,0.054989,-0.711762
0.5739,5445,Render,Index_PIP,-17.750300,1.058720,20.853060,0.551358,0.431713,0.125348,-0.702792
0.5739,5445,Render,Index_DIP,-17.734830,1.066504,20.872400,0.510584,0.479244,0.187634,-0.688784
0.5739,5445,Render,Index_FingerTip,-17.722180,1.072715,20.895310,0.510584,0.479244,0.187634,-0.688784
0.5739,5445,Render,Middle_MCP,-17.770280,1.017689,20.824770,0.605010,0.403172,0.097241,-0.679677
0.5739,5445,Render,Middle_PIP,-17.735640,1.036470,20.859920,0.532244,0.495278,0.205351,-0.655170
0.5739,5445,Render,Middle_DIP,-17.723850,1.043625,20.883970,0.454832,0.567197,0.298150,-0.618484
0.5739,5445,Render,Middle_FingerTip,-17.718790,1.047790,20.911500,0.454832,0.567197,0.298150,-0.618484
0.5739,5445,Render,Ring_MCP,-17.763880,0.993965,20.825490,0.635589,0.383996,0.082281,-0.664683
0.5739,5445,Render,Ring_PIP,-17.731700,1.011591,20.854110,0.587340,0.454376,0.157990,-0.650856
0.5739,5445,Render,Ring_DIP,-17.717550,1.020234,20.874580,0.537265,0.512614,0.224374,-0.631055
0.5739,5445,Render,Ring_FingerTip,-17.707900,1.027139,20.897490,0.537265,0.512614,0.224374,-0.631055
0.5739,5445,Render,Pinky_MCP,-17.763210,0.971609,20.825030,0.641880,0.393153,0.095980,-0.651313
0.5739,5445,Render,Pinky_PIP,-17.736730,0.986559,20.850050,0.583401,0.475629,0.182401,-0.632574
0.5739,5445,Render,Pinky_DIP,-17.727910,0.992506,20.864990,0.521736,0.542560,0.257409,-0.605938
0.5739,5445,Render,Pinky_FingerTip,-17.722570,0.997376,20.882730,0.521736,0.542560,0.257409,-0.605938
0.5892,5446,Real,Wrist,-17.862520,0.968900,20.763630,0.651621,0.332045,0.014443,-0.681856
0.5892,5446,Real,Thumb_CMC,-17.850010,1.010430,20.782580,-0.061339,0.526935,-0.322892,-0.783785
0.5892,5446,Real,Thumb_MCP,-17.839640,1.029817,20.820590,-0.147381,0.509609,-0.189242,-0.826296
0.5892,5446,Real,Thumb_IP,-17.819590,1.037786,20.864620,-0.290576,0.443833,0.061831,-0.845432
0.5892,5446,Real,Thumb_FingerTip,-17.802540,1.027456,20.884980,-0.290576,0.443833,0.061831,-0.845432
0.5892,5446,Real,Index_MCP,-17.793410,1.042606,20.817600,0.473232,0.521993,0.238686,-0.668285
0.5892,5446,Real,Index_PIP,-17.777440,1.050803,20.860850,0.336046,0.619272,0.390261,-0.592682
0.5892,5446,Real,Index_DIP,-17.779300,1.049599,20.886710,0.195962,0.676774,0.507889,-0.495605
0.5892,5446,Real,Index_FingerTip,-17.790920,1.043191,20.910110,0.195962,0.676774,0.507889,-0.495605
0.5892,5446,Real,Middle_MCP,-17.779920,1.018724,20.817670,0.485344,0.547087,0.262466,-0.629482
0.5892,5446,Real,Middle_PIP,-17.766000,1.029317,20.867500,0.310064,0.662363,0.430370,-0.529073
0.5892,5446,Real,Middle_DIP,-17.772870,1.028080,20.894330,0.130037,0.719690,0.551544,-0.401168
0.5892,5446,Real,Middle_FingerTip,-17.791100,1.020854,20.914720,0.130037,0.719690,0.551544,-0.401168
0.5892,5446,Real,Ring_MCP,-17.773430,0.995038,20.818740,0.496270,0.558153,0.270443,-0.607489
0.5892,5446,Real,Ring_PIP,-17.762700,1.005528,20.862790,0.309892,0.679548,0.437350,-0.500906
0.5892,5446,Real,Ring_DIP,-17.770760,1.005081,20.887870,0.118122,0.737473,0.554757,-0.366642
0.5892,5446,Real,Ring_FingerTip,-17.788900,0.999081,20.905200,0.118122,0.737473,0.554757,-0.366642
0.5892,5446,Real,Pinky_MCP,-17.772670,0.972681,20.818650,0.507099,0.562039,0.271390,-0.594399
0.5892,5446,Real,Pinky_PIP,-17.763980,0.982421,20.855790,0.319096,0.686451,0.434400,-0.488118
0.5892,5446,Real,Pinky_DIP,-17.769840,0.982678,20.873170,0.125161,0.746574,0.548515,-0.355097
0.5892,5446,Real,Pinky_FingerTip,-17.783570,0.978795,20.885950,0.125161,0.746574,0.548515,-0.355097
0.5892,5446,Virtual,Wrist,-17.857450,0.969094,20.766560,0.649358,0.331877,0.016213,-0.684053
0.5892,5446,Virtual,Thumb_CMC,-17.844910,1.010475,20.785820,-0.063741,0.528384,-0.320615,-0.783552
0.5892,5446,Virtual,Thumb_MCP,-17.834550,1.029580,20.823970,-0.149989,0.510642,-0.187034,-0.825692
0.5892,5446,Virtual,Thumb_IP,-17.814510,1.037213,20.868070,-0.293373,0.444055,0.063764,-0.844205
0.5892,5446,Virtual,Thumb_FingerTip,-17.797490,1.026719,20.888370,-0.293373,0.444055,0.063764,-0.844205
0.5892,5446,Virtual,Index_MCP,-17.788300,1.042340,20.821110,0.471043,0.521115,0.241064,-0.669661
0.5892,5446,Virtual,Index_PIP,-17.772340,1.050211,20.864430,0.334128,0.617901,0.392897,-0.593456
0.5892,5446,Virtual,Index_DIP,-17.774220,1.048824,20.890280,0.194381,0.675025,0.510630,-0.495798
0.5892,5446,Virtual,Index_FingerTip,-17.785860,1.042263,20.913620,0.194381,0.675025,0.510630,-0.495798
0.5892,5446,Virtual,Middle_MCP,-17.774830,1.018443,20.821020,0.483299,0.546105,0.264917,-0.630881
0.5892,5446,Virtual,Middle_PIP,-17.760930,1.028666,20.870930,0.308381,0.660840,0.433117,-0.529718
0.5892,5446,Virtual,Middle_DIP,-17.767820,1.027245,20.897740,0.128801,0.717787,0.554365,-0.401088
0.5892,5446,Virtual,Middle_FingerTip,-17.786080,1.019893,20.918070,0.128801,0.717787,0.554365,-0.401088
0.5892,5446,Virtual,Ring_MCP,-17.768360,0.994744,20.821930,0.494306,0.557129,0.272925,-0.608919
0.5892,5446,Virtual,Ring_PIP,-17.757650,1.004908,20.866050,0.308316,0.677991,0.440143,-0.501541
0.5892,5446,Virtual,Ring_DIP,-17.765730,1.004290,20.891120,0.117018,0.735553,0.557619,-0.366512
0.5892,5446,Virtual,Ring_FingerTip,-17.783900,0.998186,20.908400,0.117018,0.735553,0.557619,-0.366512
0.5892,5446,Virtual,Pinky_MCP,-17.767640,0.972387,20.821670,0.505184,0.561001,0.273883,-0.595866
0.5892,5446,Virtual,Pinky_PIP,-17.758960,0.981853,20.858890,0.317571,0.684895,0.437215,-0.488785
0.5892,5446,Virtual,Pinky_DIP,-17.764830,0.981992,20.876270,0.124104,0.744668,0.551405,-0.354993
0.5892,5446,Virtual,Pinky_FingerTip,-17.778570,0.978033,20.889010,0.124104,0.744668,0.551405,-0.354993
0.5892,5446,Render,Wrist,-17.857450,0.969094,20.766560,0.649358,0.331877,0.016213,-0.684053
0.5892,5446,Render,Thumb_CMC,-17.844910,1.010475,20.785820,0.015104,0.539547,-0.364257,-0.758932
0.5892,5446,Render,Thumb_MCP,-17.838220,1.035469,20.821290,-0.034158,0.538677,-0.293535,-0.788985
0.5892,5446,Render,Thumb_IP,-17.826090,1.056375,20.863960,-0.126498,0.524727,-0.153145,-0.827773
0.5892,5446,Render,Thumb_FingerTip,-17.814620,1.059817,20.889820,-0.126498,0.524727,-0.153145,-0.827773
0.5892,5446,Render,Index_MCP,-17.788300,1.042340,20.821110,0.594305,0.374492,0.051198,-0.709885
0.5892,5446,Render,Index_PIP,-17.754850,1.059781,20.848860,0.554209,0.431619,0.121390,-0.701301
0.5892,5446,Render,Index_DIP,-17.739330,1.067779,20.868060,0.513433,0.479405,0.183558,-0.687651
0.5892,5446,Render,Index_FingerTip,-17.726610,1.074231,20.890870,0.513433,0.479405,0.183558,-0.687651
0.5892,5446,Render,Middle_MCP,-17.774830,1.018443,20.821020,0.607738,0.403067,0.093338,-0.677849
0.5892,5446,Render,Middle_PIP,-17.740100,1.037632,20.855860,0.534954,0.495613,0.201204,-0.653994
0.5892,5446,Render,Middle_DIP,-17.728240,1.045035,20.879800,0.457464,0.567922,0.293877,-0.617922
0.5892,5446,Render,Middle_FingerTip,-17.723080,1.049462,20.907280,0.457464,0.567922,0.293877,-0.617922
0.5892,5446,Render,Ring_MCP,-17.768360,0.994744,20.821930,0.638245,0.383893,0.078424,-0.662661
0.5892,5446,Render,Ring_PIP,-17.736120,1.012711,20.850260,0.589991,0.454579,0.153927,-0.649289
0.5892,5446,Render,Ring_DIP,-17.721910,1.021576,20.870600,0.539880,0.513089,0.220170,-0.629916
0.5892,5446,Render,Ring_FingerTip,-17.712190,1.028714,20.893410,0.539880,0.513089,0.220170,-0.629916
0.5892,5446,Render,Pinky_MCP,-17.767640,0.972387,20.821670,0.644491,0.393147,0.092087,-0.649298
0.5892,5446,Render,Pinky_PIP,-17.741100,0.987631,20.846440,0.585989,0.475973,0.178273,-0.631100
0.5892,5446,Render,Pinky_DIP,-17.732240,0.993736,20.861300,0.524264,0.543213,0.253133,-0.604972
0.5892,5446,Render,Pinky_FingerTip,-17.726840,0.998780,20.878980,0.524264,0.543213,0.253133,-0.604972
0.6008,5447,Real,Wrist,-17.867430,0.968718,20.760620,0.652890,0.333160,0.012528,-0.680134
0.6008,5447,Real,Thumb_CMC,-17.855050,1.010387,20.779350,-0.061766,0.526951,-0.324746,-0.782974
0.6008,5447,Real,Thumb_MCP,-17.844790,1.029859,20.817350,-0.149516,0.509055,-0.188428,-0.826440
0.6008,5447,Real,Thumb_IP,-17.824650,1.037666,20.861360,-0.295127,0.440900,0.067762,-0.844936
0.6008,5447,Real,Thumb_FingerTip,-17.807500,1.026986,20.881460,-0.295127,0.440900,0.067762,-0.844936
0.6008,5447,Real,Index_MCP,-17.798560,1.042927,20.814210,0.472542,0.524867,0.238325,-0.666649
0.6008,5447,Real,Index_PIP,-17.782850,1.051276,20.857530,0.329813,0.624503,0.394141,-0.588109
0.6008,5447,Real,Index_DIP,-17.785200,1.049935,20.883350,0.183953,0.681867,0.514146,-0.486696
0.6008,5447,Real,Index_FingerTip,-17.797540,1.043221,20.906290,0.183953,0.681867,0.514146,-0.486696
0.6008,5447,Real,Middle_MCP,-17.784990,1.019088,20.814410,0.486036,0.548662,0.260150,-0.628539
0.6008,5447,Real,Middle_PIP,-17.771120,1.029983,20.864190,0.308278,0.665001,0.429473,-0.527534
0.6008,5447,Real,Middle_DIP,-17.778140,1.028788,20.890980,0.125677,0.722126,0.551365,-0.398417
0.6008,5447,Real,Middle_FingerTip,-17.796570,1.021491,20.911180,0.125677,0.722126,0.551365,-0.398417
0.6008,5447,Real,Ring_MCP,-17.778430,0.995430,20.815610,0.497157,0.559524,0.267834,-0.606658
0.6008,5447,Real,Ring_PIP,-17.767700,1.006197,20.859590,0.308465,0.681968,0.435985,-0.499687
0.6008,5447,Real,Ring_DIP,-17.775880,1.005802,20.884630,0.114278,0.739711,0.554019,-0.364462
0.6008,5447,Real,Ring_FingerTip,-17.794150,0.999745,20.901810,0.114278,0.739711,0.554019,-0.364462
0.6008,5447,Real,Pinky_MCP,-17.777600,0.973074,20.815630,0.507946,0.563425,0.268797,-0.593542
0.6008,5447,Real,Pinky_PIP,-17.768920,0.983047,20.852710,0.317608,0.688899,0.433007,-0.486876
0.6008,5447,Real,Pinky_DIP,-17.774860,0.983340,20.870060,0.121227,0.748840,0.547715,-0.352919
0.6008,5447,Real,Pinky_FingerTip,-17.788690,0.979411,20.882740,0.121227,0.748840,0.547715,-0.352919
0.6008,5447,Virtual,Wrist,-17.862520,0.968899,20.763630,0.651621,0.332044,0.014443,-0.681856
0.6008,5447,Virtual,Thumb_CMC,-17.850020,1.010430,20.782580,-0.063018,0.527851,-0.322109,-0.783357
0.6008,5447,Virtual,Thumb_MCP,-17.839690,1.029668,20.820680,-0.150902,0.509732,-0.185764,-0.826374
0.6008,5447,Virtual,Thumb_IP,-17.819520,1.037179,20.864740,-0.296651,0.441131,0.070285,-0.844075
0.6008,5447,Virtual,Thumb_FingerTip,-17.802390,1.026338,20.884770,-0.296651,0.441131,0.070285,-0.844075
0.6008,5447,Virtual,Index_MCP,-17.793410,1.042606,20.817610,0.471628,0.523442,0.240735,-0.667549
0.6008,5447,Virtual,Index_PIP,-17.777680,1.050676,20.860970,0.329276,0.622898,0.396698,-0.588393
0.6008,5447,Virtual,Index_DIP,-17.780030,1.049207,20.886770,0.183783,0.680183,0.516703,-0.486409
0.6008,5447,Virtual,Index_FingerTip,-17.792380,1.042410,20.909680,0.183783,0.680183,0.516703,-0.486409
0.6008,5447,Virtual,Middle_MCP,-17.779920,1.018723,20.817680,0.485262,0.547160,0.262561,-0.629443
0.6008,5447,Virtual,Middle_PIP,-17.766010,1.029311,20.867510,0.307967,0.663340,0.432042,-0.527708
0.6008,5447,Virtual,Middle_DIP,-17.773040,1.027997,20.894290,0.125806,0.720442,0.553892,-0.397920
0.6008,5447,Virtual,Middle_FingerTip,-17.791480,1.020652,20.914460,0.125806,0.720442,0.553892,-0.397920
0.6008,5447,Virtual,Ring_MCP,-17.773430,0.995038,20.818750,0.496458,0.557985,0.270238,-0.607580
0.6008,5447,Virtual,Ring_PIP,-17.762670,1.005539,20.862790,0.308255,0.680292,0.438554,-0.499852
0.6008,5447,Virtual,Ring_DIP,-17.770840,1.005038,20.887830,0.114525,0.738040,0.556539,-0.363932
0.6008,5447,Virtual,Ring_FingerTip,-17.789130,0.998948,20.904980,0.114525,0.738040,0.556539,-0.363932
0.6008,5447,Virtual,Pinky_MCP,-17.772680,0.972680,20.818660,0.507289,0.561868,0.271190,-0.594491
0.6008,5447,Virtual,Pinky_PIP,-17.763960,0.982430,20.855790,0.317443,0.687217,0.435574,-0.487071
0.6008,5447,Virtual,Pinky_DIP,-17.769900,0.982650,20.873140,0.121519,0.747175,0.550240,-0.352418
0.6008,5447,Virtual,Pinky_FingerTip,-17.783740,0.978698,20.885800,0.121519,0.747175,0.550240,-0.352418
0.6008,5447,Render,Wrist,-17.862520,0.968899,20.763630,0.651621,0.332044,0.014443,-0.681856
0.6008,5447,Render,Thumb_CMC,-17.850020,1.010430,20.782580,0.017287,0.540447,-0.366014,-0.757399
0.6008,5447,Render,Thumb_MCP,-17.843520,1.035596,20.817980,-0.032066,0.539771,-0.295425,-0.787619
0.6008,5447,Render,Thumb_IP,-17.831620,1.056716,20.860600,-0.124626,0.526165,-0.155242,-0.826752
0.6008,5447,Render,Thumb_FingerTip,-17.820280,1.060294,20.886490,-0.124626,0.526165,-0.155242,-0.826752
0.6008,5447,Render,Index_MCP,-17.793410,1.042606,20.817610,0.596650,0.374746,0.049280,-0.707917
0.6008,5447,Render,Index_PIP,-17.759960,1.060280,20.845210,0.556517,0.432104,0.119287,-0.699533
0.6008,5447,Render,Index_DIP,-17.744440,1.068431,20.864340,0.515688,0.480094,0.181305,-0.686079
0.6008,5447,Render,Index_FingerTip,-17.731710,1.075059,20.887100,0.515688,0.480094,0.181305,-0.686079
0.6008,5447,Render,Middle_MCP,-17.779920,1.018723,20.817680,0.609968,0.403488,0.091330,-0.675866
0.6008,5447,Render,Middle_PIP,-17.745190,1.038197,20.852370,0.537087,0.496388,0.198904,-0.652360
0.6008,5447,Render,Middle_DIP,-17.733320,1.045784,20.876240,0.459462,0.568998,0.291364,-0.616639
0.6008,5447,Render,Middle_FingerTip,-17.728150,1.050411,20.903680,0.459462,0.568998,0.291364,-0.616639
0.6008,5447,Render,Ring_MCP,-17.773430,0.995038,20.818750,0.640425,0.384284,0.076482,-0.660555
0.6008,5447,Render,Ring_PIP,-17.741180,1.013241,20.846930,0.592112,0.455217,0.151757,-0.647419
0.6008,5447,Render,Ring_DIP,-17.726970,1.022266,20.867200,0.541925,0.513942,0.217818,-0.628281
0.6008,5447,Render,Ring_FingerTip,-17.717250,1.029576,20.889950,0.541925,0.513942,0.217818,-0.628281
0.6008,5447,Render,Pinky_MCP,-17.772680,0.972680,20.818660,0.646623,0.393594,0.090117,-0.647180
0.6008,5447,Render,Pinky_PIP,-17.746150,0.988129,20.843300,0.588042,0.476701,0.176037,-0.629264
0.6008,5447,Render,Pinky_DIP,-17.737270,0.994350,20.858100,0.526214,0.544184,0.250692,-0.603420
0.6008,5447,Render,Pinky_FingerTip,-17.731870,0.999525,20.875740,0.526214,0.544184,0.250692,-0.603420
0.6150,5448,Real,Wrist,-17.872090,0.968350,20.757710,0.653840,0.332789,0.009413,-0.679454
0.6150,5448,Real,Thumb_CMC,-17.859770,1.010137,20.776210,-0.061594,0.524541,-0.326951,-0.783688
0.6150,5448,Real,Thumb_MCP,-17.849410,1.029802,20.814090,-0.148941,0.506709,-0.190481,-0.827515
0.6150,5448,Real,Thumb_IP,-17.829110,1.037858,20.857980,-0.293875,0.438833,0.066126,-0.846576
0.6150,5448,Real,Thumb_FingerTip,-17.811840,1.027317,20.878050,-0.293875,0.438833,0.066126,-0.846576
0.6150,5448,Real,Index_MCP,-17.803230,1.043000,20.810700,0.473634,0.524723,0.235196,-0.667098
0.6150,5448,Real,Index_PIP,-17.787370,1.051581,20.853910,0.330907,0.624631,0.391217,-0.589311
0.6150,5448,Real,Index_DIP,-17.789610,1.050343,20.879750,0.184992,0.682232,0.511559,-0.488513
0.6150,5448,Real,Index_FingerTip,-17.801830,1.043688,20.902770,0.184992,0.682232,0.511559,-0.488513
0.6150,5448,Real,Middle_MCP,-17.789580,1.019204,20.810950,0.487055,0.548664,0.257001,-0.629044
0.6150,5448,Real,Middle_PIP,-17.775550,1.030353,20.860610,0.309254,0.665295,0.426601,-0.528921
0.6150,5448,Real,Middle_DIP,-17.782460,1.029250,20.887430,0.126543,0.722663,0.548950,-0.400499
0.6150,5448,Real,Middle_FingerTip,-17.800770,1.021982,20.907750,0.126543,0.722663,0.548950,-0.400499
0.6150,5448,Real,Ring_MCP,-17.782940,0.995571,20.812210,0.498128,0.559604,0.264673,-0.607174
0.6150,5448,Real,Ring_PIP,-17.772070,1.006558,20.856110,0.309369,0.682334,0.433120,-0.501118
0.6150,5448,Real,Ring_DIP,-17.780140,1.006245,20.881180,0.115050,0.740306,0.551643,-0.366609
0.6150,5448,Real,Ring_FingerTip,-17.798330,1.000204,20.898460,0.115050,0.740306,0.551643,-0.366609
0.6150,5448,Real,Pinky_MCP,-17.782050,0.973218,20.812330,0.508886,0.563552,0.265626,-0.594044
0.6150,5448,Real,Pinky_PIP,-17.773240,0.983376,20.849330,0.318468,0.689299,0.430128,-0.488298
0.6150,5448,Real,Pinky_DIP,-17.779120,0.983724,20.866700,0.121948,0.749456,0.545323,-0.355061
0.6150,5448,Real,Pinky_FingerTip,-17.792880,0.979807,20.879450,0.121948,0.749456,0.545323,-0.355061
0.6150,5448,Virtual,Wrist,-17.867430,0.968718,20.760620,0.652890,0.333160,0.012528,-0.680134
0.6150,5448,Virtual,Thumb_CMC,-17.855060,1.010388,20.779360,-0.061766,0.526951,-0.324746,-0.782974
0.6150,5448,Virtual,Thumb_MCP,-17.844800,1.029859,20.817350,-0.149516,0.509055,-0.188428,-0.826440
0.6150,5448,Virtual,Thumb_IP,-17.824660,1.037666,20.861370,-0.295127,0.440900,0.067762,-0.844936
0.6150,5448,Virtual,Thumb_FingerTip,-17.807500,1.026986,20.881460,-0.295127,0.440900,0.067762,-0.844936
0.6150,5448,Virtual,Index_MCP,-17.798560,1.042928,20.814210,0.472542,0.524867,0.238326,-0.666648
0.6150,5448,Virtual,Index_PIP,-17.782850,1.051276,20.857530,0.329813,0.624503,0.394141,-0.588109
0.6150,5448,Virtual,Index_DIP,-17.785210,1.049935,20.883350,0.183953,0.681867,0.514146,-0.486696
0.6150,5448,Virtual,Index_FingerTip,-17.797550,1.043221,20.906290,0.183953,0.681867,0.514146,-0.486696
0.6150,5448,Virtual,Middle_MCP,-17.785000,1.019088,20.814420,0.486036,0.548662,0.260150,-0.628539
0.6150,5448,Virtual,Middle_PIP,-17.771130,1.029983,20.864190,0.308278,0.665001,0.429473,-0.527534
0.6150,5448,Virtual,Middle_DIP,-17.778150,1.028788,20.890980,0.125677,0.722126,0.551365,-0.398417
0.6150,5448,Virtual,Middle_FingerTip,-17.796570,1.021491,20.911180,0.125677,0.722126,0.551365,-0.398417
0.6150,5448,Virtual,Ring_MCP,-17.778430,0.995430,20.815610,0.497157,0.559524,0.267834,-0.606658
0.6150,5448,Virtual,Ring_PIP,-17.767710,1.006197,20.859590,0.308465,0.681968,0.435985,-0.499686
0.6150,5448,Virtual,Ring_DIP,-17.775880,1.005802,20.884640,0.114278,0.739711,0.554019,-0.364462
0.6150,5448,Virtual,Ring_FingerTip,-17.794160,0.999745,20.901820,0.114278,0.739711,0.554019,-0.364462
0.6150,5448,Virtual,Pinky_MCP,-17.777610,0.973074,20.815630,0.507946,0.563425,0.268797,-0.593542
0.6150,5448,Virtual,Pinky_PIP,-17.768920,0.983047,20.852720,0.317608,0.688899,0.433007,-0.486876
0.6150,5448,Virtual,Pinky_DIP,-17.774870,0.983340,20.870070,0.121227,0.748840,0.547715,-0.352919
0.6150,5448,Virtual,Pinky_FingerTip,-17.788690,0.979412,20.882740,0.121227,0.748840,0.547715,-0.352919
0.6150,5448,Render,Wrist,-17.867430,0.968718,20.760620,0.652890,0.333160,0.012528,-0.680134
0.6150,5448,Render,Thumb_CMC,-17.855060,1.010388,20.779360,0.018394,0.540782,-0.368352,-0.755999
0.6150,5448,Render,Thumb_MCP,-17.848750,1.035717,20.814670,-0.030994,0.540206,-0.297881,-0.786437
0.6150,5448,Render,Thumb_IP,-17.837030,1.057047,20.857230,-0.123645,0.526778,-0.157865,-0.826012
0.6150,5448,Render,Thumb_FingerTip,-17.825770,1.060768,20.883150,-0.123645,0.526778,-0.157865,-0.826012
0.6150,5448,Render,Index_MCP,-17.798560,1.042928,20.814210,0.597917,0.375867,0.047208,-0.706393
0.6150,5448,Render,Index_PIP,-17.765180,1.060853,20.841730,0.557667,0.433346,0.117074,-0.698221
0.6150,5448,Render,Index_DIP,-17.749680,1.069154,20.860820,0.516723,0.481434,0.178984,-0.684970
0.6150,5448,Render,Index_FingerTip,-17.736970,1.075942,20.883540,0.516723,0.481434,0.178984,-0.684970
0.6150,5448,Render,Middle_MCP,-17.785000,1.019088,20.814420,0.611103,0.404740,0.089234,-0.674371
0.6150,5448,Render,Middle_PIP,-17.750330,1.038855,20.849000,0.538006,0.497806,0.196594,-0.651222
0.6150,5448,Render,Middle_DIP,-17.738490,1.046605,20.872840,0.460166,0.570534,0.288914,-0.615848
0.6150,5448,Render,Middle_FingerTip,-17.733340,1.051394,20.900250,0.460166,0.570534,0.288914,-0.615848
0.6150,5448,Render,Ring_MCP,-17.778430,0.995430,20.815610,0.641551,0.385543,0.074463,-0.658957
0.6150,5448,Render,Ring_PIP,-17.746250,1.013884,20.843700,0.593086,0.456597,0.149568,-0.646064
0.6150,5448,Render,Ring_DIP,-17.732070,1.023060,20.863920,0.542751,0.515415,0.215501,-0.627159
0.6150,5448,Render,Ring_FingerTip,-17.722370,1.030521,20.886640,0.542751,0.515415,0.215501,-0.627159
0.6150,5448,Render,Pinky_MCP,-17.777610,0.973074,20.815630,0.647698,0.394898,0.088095,-0.645587
0.6150,5448,Render,Pinky_PIP,-17.751130,0.988737,20.840200,0.588933,0.478138,0.173819,-0.627957
0.6150,5448,Render,Pinky_DIP,-17.742280,0.995064,20.854970,0.526925,0.545717,0.248333,-0.602390
0.6150,5448,Render,Pinky_FingerTip,-17.736890,1.000350,20.872580,0.526925,0.545717,0.248333,-0.602390
0.6293,5449,Real,Wrist,-17.876890,0.967852,20.754950,0.655411,0.330960,0.006281,-0.678869
0.6293,5449,Real,Thumb_CMC,-17.864490,1.009740,20.773170,-0.062894,0.522635,-0.327935,-0.784446
0.6293,5449,Real,Thumb_MCP,-17.854010,1.029445,20.810990,-0.152337,0.503881,-0.187320,-0.829342
0.6293,5449,Real,Thumb_IP,-17.833320,1.037152,20.854770,-0.300040,0.432526,0.077053,-0.846735
0.6293,5449,Real,Thumb_FingerTip,-17.815820,1.026036,20.874320,-0.300040,0.432526,0.077053,-0.846735
0.6293,5449,Real,Index_MCP,-17.807760,1.042818,20.807150,0.474538,0.524562,0.233761,-0.667087
0.6293,5449,Real,Index_PIP,-17.791820,1.051526,20.850310,0.325803,0.627857,0.395473,-0.585876
0.6293,5449,Real,Index_DIP,-17.794450,1.050117,20.876090,0.173375,0.685779,0.519123,-0.479750
0.6293,5449,Real,Index_FingerTip,-17.807350,1.043115,20.898640,0.173375,0.685779,0.519123,-0.479750
0.6293,5449,Real,Middle_MCP,-17.794100,1.019034,20.807420,0.489562,0.547199,0.253439,-0.629818
0.6293,5449,Real,Middle_PIP,-17.779700,1.030468,20.856930,0.309089,0.666005,0.425789,-0.528778
0.6293,5449,Real,Middle_DIP,-17.786620,1.029399,20.883740,0.123277,0.723810,0.549742,-0.398354
0.6293,5449,Real,Middle_FingerTip,-17.805080,1.022054,20.903900,0.123277,0.723810,0.549742,-0.398354
0.6293,5449,Real,Ring_MCP,-17.787430,0.995413,20.808770,0.501052,0.557825,0.260589,-0.608171
0.6293,5449,Real,Ring_PIP,-17.776180,1.006676,20.852500,0.310046,0.682710,0.431464,-0.501615
0.6293,5449,Real,Ring_DIP,-17.784200,1.006425,20.877590,0.113017,0.741248,0.551460,-0.365610
0.6293,5449,Real,Ring_FingerTip,-17.802440,1.000345,20.894790,0.113017,0.741248,0.551460,-0.365610
0.6293,5449,Real,Pinky_MCP,-17.786520,0.973062,20.808980,0.511784,0.561804,0.261524,-0.595029
0.6293,5449,Real,Pinky_PIP,-17.777390,0.983449,20.845840,0.319084,0.689733,0.428402,-0.488800
0.6293,5449,Real,Pinky_DIP,-17.783230,0.983841,20.863230,0.119808,0.750462,0.545033,-0.354109
0.6293,5449,Real,Pinky_FingerTip,-17.797040,0.979891,20.875920,0.119808,0.750462,0.545033,-0.354109
0.6293,5449,Virtual,Wrist,-17.872090,0.968350,20.757720,0.653840,0.332789,0.009413,-0.679454
0.6293,5449,Virtual,Thumb_CMC,-17.859770,1.010137,20.776220,-0.063603,0.525908,-0.326518,-0.782791
0.6293,5449,Virtual,Thumb_MCP,-17.849510,1.029646,20.814200,-0.153602,0.506983,-0.186211,-0.827467
0.6293,5449,Virtual,Thumb_IP,-17.829080,1.037119,20.858140,-0.302199,0.435088,0.077532,-0.844609
0.6293,5449,Virtual,Thumb_FingerTip,-17.811720,1.025892,20.877750,-0.302199,0.435088,0.077532,-0.844609
0.6293,5449,Virtual,Index_MCP,-17.803230,1.043000,20.810710,0.472368,0.525863,0.236804,-0.666530
0.6293,5449,Virtual,Index_PIP,-17.787550,1.051482,20.854010,0.323373,0.628564,0.398274,-0.584564
0.6293,5449,Virtual,Index_DIP,-17.790340,1.049947,20.879770,0.170848,0.685911,0.521549,-0.477832
0.6293,5449,Virtual,Index_FingerTip,-17.803390,1.042844,20.902200,0.170848,0.685911,0.521549,-0.477832
0.6293,5449,Virtual,Middle_MCP,-17.789590,1.019204,20.810950,0.487432,0.548329,0.256569,-0.629220
0.6293,5449,Virtual,Middle_PIP,-17.775490,1.030381,20.860600,0.306722,0.666466,0.428609,-0.527295
0.6293,5449,Virtual,Middle_DIP,-17.782580,1.029184,20.887370,0.120872,0.723633,0.552074,-0.396182
0.6293,5449,Virtual,Middle_FingerTip,-17.801170,1.021756,20.907380,0.120872,0.723633,0.552074,-0.396182
0.6293,5449,Virtual,Ring_MCP,-17.782950,0.995571,20.812220,0.498958,0.558865,0.263772,-0.607566
0.6293,5449,Virtual,Ring_PIP,-17.771950,1.006608,20.856080,0.307735,0.683072,0.434318,-0.500080
0.6293,5449,Virtual,Ring_DIP,-17.780130,1.006240,20.881110,0.110694,0.740969,0.553789,-0.363358
0.6293,5449,Virtual,Ring_FingerTip,-17.798490,1.000089,20.898170,0.110694,0.740969,0.553789,-0.363358
0.6293,5449,Virtual,Pinky_MCP,-17.782050,0.973218,20.812330,0.509721,0.562797,0.264745,-0.594437
0.6293,5449,Virtual,Pinky_PIP,-17.773140,0.983415,20.849310,0.316817,0.690060,0.431296,-0.487267
0.6293,5449,Virtual,Pinky_DIP,-17.779090,0.983726,20.866650,0.117538,0.750160,0.547402,-0.351847
0.6293,5449,Virtual,Pinky_FingerTip,-17.792980,0.979725,20.879230,0.117538,0.750160,0.547402,-0.351847
0.6293,5449,Render,Wrist,-17.872090,0.968350,20.757720,0.653840,0.332789,0.009413,-0.679454
0.6293,5449,Render,Thumb_CMC,-17.859770,1.010137,20.776220,0.018397,0.538459,-0.370710,-0.756504
0.6293,5449,Render,Thumb_MCP,-17.853390,1.035636,20.811400,-0.030779,0.537894,-0.300183,-0.787156
0.6293,5449,Render,Thumb_IP,-17.841570,1.057183,20.853820,-0.123035,0.524537,-0.160009,-0.827116
0.6293,5449,Render,Thumb_FingerTip,-17.830210,1.061048,20.879670,-0.123035,0.524537,-0.160009,-0.827116
0.6293,5449,Render,Index_MCP,-17.803230,1.043000,20.810710,0.598929,0.375430,0.044075,-0.705971
0.6293,5449,Render,Index_PIP,-17.769780,1.061145,20.838010,0.558717,0.433011,0.113914,-0.698113
0.6293,5449,Render,Index_DIP,-17.754240,1.069576,20.857000,0.517798,0.481195,0.175827,-0.685144
0.6293,5449,Render,Index_FingerTip,-17.741460,1.076499,20.879640,0.517798,0.481195,0.175827,-0.685144
0.6293,5449,Render,Middle_MCP,-17.789590,1.019204,20.810950,0.612088,0.404479,0.086062,-0.674047
0.6293,5449,Render,Middle_PIP,-17.754840,1.039224,20.845310,0.539020,0.497707,0.193411,-0.651412
0.6293,5449,Render,Middle_DIP,-17.742930,1.047112,20.869060,0.461184,0.570583,0.285792,-0.616497
0.6293,5449,Render,Middle_FingerTip,-17.737680,1.052034,20.896430,0.461184,0.570583,0.285792,-0.616497
0.6293,5449,Render,Ring_MCP,-17.782950,0.995571,20.812220,0.642503,0.385330,0.071292,-0.658505
0.6293,5449,Render,Ring_PIP,-17.750700,1.014244,20.840100,0.594055,0.456494,0.146366,-0.645979
0.6293,5449,Render,Ring_DIP,-17.736460,1.023550,20.860220,0.543726,0.515414,0.212308,-0.627405
0.6293,5449,Render,Ring_FingerTip,-17.726700,1.031137,20.882860,0.543726,0.515414,0.212308,-0.627405
0.6293,5449,Render,Pinky_MCP,-17.782050,0.973218,20.812330,0.648635,0.394751,0.084912,-0.645163
0.6293,5449,Render,Pinky_PIP,-17.755520,0.989067,20.836730,0.589881,0.478118,0.170609,-0.627963
0.6293,5449,Render,Pinky_DIP,-17.746630,0.995484,20.851440,0.527868,0.545812,0.245147,-0.602784
0.6293,5449,Render,Pinky_FingerTip,-17.741190,1.000861,20.869000,0.527868,0.545812,0.245147,-0.602784
0.6432,5450,Real,Wrist,-17.881660,0.967214,20.752170,0.656987,0.330110,0.004112,-0.677775
0.6432,5450,Real,Thumb_CMC,-17.869230,1.009201,20.770140,-0.061674,0.520497,-0.329440,-0.785334
0.6432,5450,Real,Thumb_MCP,-17.858640,1.029103,20.807820,-0.150767,0.501986,-0.188649,-0.830476
0.6432,5450,Real,Thumb_IP,-17.837810,1.037045,20.851490,-0.297963,0.431207,0.076138,-0.848223
0.6432,5450,Real,Thumb_FingerTip,-17.820240,1.026040,20.871050,-0.297963,0.431207,0.076138,-0.848223
0.6432,5450,Real,Index_MCP,-17.812420,1.042492,20.803760,0.476385,0.524229,0.231410,-0.666851
0.6432,5450,Real,Index_PIP,-17.796340,1.051429,20.846820,0.327674,0.628004,0.393139,-0.586245
0.6432,5450,Real,Index_DIP,-17.798890,1.050147,20.872620,0.175163,0.686351,0.516935,-0.480644
0.6432,5450,Real,Index_FingerTip,-17.811710,1.043247,20.895240,0.175163,0.686351,0.516935,-0.480644
0.6432,5450,Real,Middle_MCP,-17.798740,1.018721,20.804110,0.491340,0.546983,0.251021,-0.629590
0.6432,5450,Real,Middle_PIP,-17.784180,1.030413,20.853500,0.310853,0.666315,0.423409,-0.529264
0.6432,5450,Real,Middle_DIP,-17.791020,1.029473,20.880350,0.124897,0.724573,0.547573,-0.399449
0.6432,5450,Real,Middle_FingerTip,-17.809400,1.022215,20.900600,0.124897,0.724573,0.547573,-0.399449
0.6432,5450,Real,Ring_MCP,-17.792050,0.995112,20.805550,0.502783,0.557666,0.258133,-0.607935
0.6432,5450,Real,Ring_PIP,-17.780660,1.006602,20.849180,0.311744,0.683080,0.429051,-0.502128
0.6432,5450,Real,Ring_DIP,-17.788600,1.006471,20.874300,0.114551,0.742065,0.549277,-0.366760
0.6432,5450,Real,Ring_FingerTip,-17.806780,1.000462,20.891590,0.114551,0.742065,0.549277,-0.366760
0.6432,5450,Real,Pinky_MCP,-17.791110,0.972763,20.805880,0.513483,0.561674,0.259045,-0.594773
0.6432,5450,Real,Pinky_PIP,-17.781870,0.983341,20.842660,0.320743,0.690120,0.425961,-0.489301
0.6432,5450,Real,Pinky_DIP,-17.787650,0.983815,20.860060,0.121300,0.751284,0.542820,-0.355254
0.6432,5450,Real,Pinky_FingerTip,-17.801420,0.979918,20.872800,0.121300,0.751284,0.542820,-0.355254
0.6432,5450,Virtual,Wrist,-17.876900,0.967853,20.754960,0.655411,0.330960,0.006280,-0.678869
0.6432,5450,Virtual,Thumb_CMC,-17.864500,1.009740,20.773180,-0.062894,0.522635,-0.327935,-0.784447
0.6432,5450,Virtual,Thumb_MCP,-17.854020,1.029445,20.811000,-0.152337,0.503881,-0.187320,-0.829342
0.6432,5450,Virtual,Thumb_IP,-17.833330,1.037152,20.854770,-0.300040,0.432526,0.077053,-0.846735
0.6432,5450,Virtual,Thumb_FingerTip,-17.815830,1.026037,20.874330,-0.300040,0.432526,0.077053,-0.846735
0.6432,5450,Virtual,Index_MCP,-17.807770,1.042818,20.807150,0.474538,0.524562,0.233761,-0.667087
0.6432,5450,Virtual,Index_PIP,-17.791830,1.051527,20.850310,0.325803,0.627856,0.395473,-0.585876
0.6432,5450,Virtual,Index_DIP,-17.794460,1.050118,20.876100,0.173375,0.685779,0.519123,-0.479751
0.6432,5450,Virtual,Index_FingerTip,-17.807360,1.043116,20.898640,0.173375,0.685779,0.519123,-0.479751
0.6432,5450,Virtual,Middle_MCP,-17.794110,1.019035,20.807430,0.489562,0.547199,0.253439,-0.629819
0.6432,5450,Virtual,Middle_PIP,-17.779710,1.030469,20.856930,0.309089,0.666004,0.425789,-0.528778
0.6432,5450,Virtual,Middle_DIP,-17.786630,1.029399,20.883750,0.123278,0.723810,0.549742,-0.398354
0.6432,5450,Virtual,Middle_FingerTip,-17.805090,1.022055,20.903900,0.123278,0.723810,0.549742,-0.398354
0.6432,5450,Virtual,Ring_MCP,-17.787440,0.995414,20.808770,0.501052,0.557825,0.260589,-0.608171
0.6432,5450,Virtual,Ring_PIP,-17.776190,1.006677,20.852500,0.310046,0.682710,0.431464,-0.501615
0.6432,5450,Virtual,Ring_DIP,-17.784210,1.006426,20.877590,0.113017,0.741248,0.551459,-0.365611
0.6432,5450,Virtual,Ring_FingerTip,-17.802450,1.000345,20.894790,0.113017,0.741248,0.551459,-0.365611
0.6432,5450,Virtual,Pinky_MCP,-17.786530,0.973063,20.808990,0.511785,0.561804,0.261523,-0.595029
0.6432,5450,Virtual,Pinky_PIP,-17.777390,0.983450,20.845850,0.319084,0.689733,0.428402,-0.488800
0.6432,5450,Virtual,Pinky_DIP,-17.783240,0.983841,20.863240,0.119808,0.750462,0.545033,-0.354109
0.6432,5450,Virtual,Pinky_FingerTip,-17.797040,0.979891,20.875920,0.119808,0.750462,0.545033,-0.354109
0.6432,5450,Render,Wrist,-17.876900,0.967853,20.754960,0.655411,0.330960,0.006280,-0.678869
0.6432,5450,Render,Thumb_CMC,-17.864500,1.009740,20.773180,0.018804,0.537035,-0.371978,-0.756884
0.6432,5450,Render,Thumb_MCP,-17.858070,1.035353,20.808260,-0.030244,0.536512,-0.301411,-0.787650
0.6432,5450,Render,Thumb_IP,-17.846170,1.057042,20.850590,-0.122270,0.523269,-0.161133,-0.827814
0.6432,5450,Render,Thumb_FingerTip,-17.834760,1.060998,20.876410,-0.122270,0.523269,-0.161133,-0.827814
0.6432,5450,Render,Index_MCP,-17.807770,1.042818,20.807150,0.600657,0.373582,0.040997,-0.705669
0.6432,5450,Render,Index_PIP,-17.774170,1.061125,20.834150,0.560620,0.431343,0.110821,-0.698117
0.6432,5450,Render,Index_DIP,-17.758510,1.069662,20.853010,0.519842,0.479703,0.172747,-0.685425
0.6432,5450,Render,Index_FingerTip,-17.745600,1.076708,20.875520,0.519842,0.479703,0.172747,-0.685425
0.6432,5450,Render,Middle_MCP,-17.794110,1.019035,20.807430,0.613856,0.402838,0.082883,-0.673820
0.6432,5450,Render,Middle_PIP,-17.759160,1.039253,20.841460,0.541029,0.496373,0.190237,-0.651700
0.6432,5450,Render,Middle_DIP,-17.747110,1.047268,20.865110,0.463365,0.569553,0.282693,-0.617242
0.6432,5450,Render,Middle_FingerTip,-17.741700,1.052329,20.892420,0.463365,0.569553,0.282693,-0.617242
0.6432,5450,Render,Ring_MCP,-17.787440,0.995414,20.808770,0.644194,0.383714,0.068073,-0.658137
0.6432,5450,Render,Ring_PIP,-17.755040,1.014250,20.836360,0.595921,0.455083,0.143126,-0.645983
0.6432,5450,Render,Ring_DIP,-17.740690,1.023667,20.856340,0.545727,0.514203,0.209085,-0.627744
0.6432,5450,Render,Ring_FingerTip,-17.730780,1.031374,20.878890,0.545727,0.514203,0.209085,-0.627744
0.6432,5450,Render,Pinky_MCP,-17.786530,0.973063,20.808990,0.650331,0.393213,0.081656,-0.644815
0.6432,5450,Render,Pinky_PIP,-17.759860,0.989053,20.833140,0.591768,0.476820,0.167335,-0.628055
0.6432,5450,Render,Pinky_DIP,-17.750880,0.995550,20.847760,0.529898,0.544752,0.241908,-0.603270
0.6432,5450,Render,Pinky_FingerTip,-17.745330,1.001018,20.865260,0.529898,0.544752,0.241908,-0.603270
0.6604,5451,Real,Wrist,-17.886530,0.966741,20.749460,0.659283,0.329457,0.002438,-0.675868
0.6604,5451,Real,Thumb_CMC,-17.874060,1.008847,20.767120,-0.064831,0.520546,-0.326442,-0.786298
0.6604,5451,Real,Thumb_MCP,-17.863310,1.028425,20.804930,-0.160180,0.499514,-0.175065,-0.833176
0.6604,5451,Real,Thumb_IP,-17.841750,1.034882,20.848490,-0.315721,0.418917,0.109035,-0.844358
0.6604,5451,Real,Thumb_FingerTip,-17.823930,1.022096,20.866690,-0.315721,0.418917,0.109035,-0.844358
0.6604,5451,Real,Index_MCP,-17.817190,1.042355,20.800420,0.476680,0.526349,0.232018,-0.664757
0.6604,5451,Real,Index_PIP,-17.801340,1.051409,20.843550,0.318414,0.634728,0.401473,-0.578406
0.6604,5451,Real,Index_DIP,-17.804670,1.049846,20.869240,0.155742,0.692828,0.529249,-0.464359
0.6604,5451,Real,Index_FingerTip,-17.818670,1.042429,20.890980,0.155742,0.692828,0.529249,-0.464359
0.6604,5451,Real,Middle_MCP,-17.803500,1.018585,20.800900,0.493096,0.547771,0.249478,-0.628144
0.6604,5451,Real,Middle_PIP,-17.788960,1.030561,20.850230,0.306634,0.670203,0.425975,-0.524737
0.6604,5451,Real,Middle_DIP,-17.796210,1.029562,20.876970,0.114255,0.728109,0.551853,-0.390208
0.6604,5451,Real,Middle_FingerTip,-17.815150,1.022083,20.896620,0.114255,0.728109,0.551853,-0.390208
0.6604,5451,Real,Ring_MCP,-17.796810,0.994986,20.802490,0.505288,0.557763,0.255621,-0.606830
0.6604,5451,Real,Ring_PIP,-17.785310,1.006779,20.846010,0.309069,0.686216,0.429999,-0.498684
0.6604,5451,Real,Ring_DIP,-17.793520,1.006655,20.871040,0.106198,0.745076,0.551645,-0.359546
0.6604,5451,Real,Ring_FingerTip,-17.812070,1.000504,20.887890,0.106198,0.745076,0.551645,-0.359546
0.6604,5451,Real,Pinky_MCP,-17.795880,0.972639,20.802960,0.515946,0.561781,0.256513,-0.593636
0.6604,5451,Real,Pinky_PIP,-17.786540,0.983472,20.839640,0.317972,0.693319,0.426787,-0.485855
0.6604,5451,Real,Pinky_DIP,-17.792520,0.983953,20.856990,0.112777,0.754373,0.544994,-0.348116
0.6604,5451,Real,Pinky_FingerTip,-17.806550,0.979943,20.869400,0.112777,0.754373,0.544994,-0.348116
0.6604,5451,Virtual,Wrist,-17.881660,0.967214,20.752170,0.656988,0.330110,0.004112,-0.677775
0.6604,5451,Virtual,Thumb_CMC,-17.869240,1.009201,20.770140,-0.067202,0.522360,-0.324799,-0.785576
0.6604,5451,Virtual,Thumb_MCP,-17.858550,1.028527,20.808100,-0.162845,0.500857,-0.173584,-0.832162
0.6604,5451,Virtual,Thumb_IP,-17.837080,1.034693,20.851740,-0.318680,0.419308,0.110100,-0.842913
0.6604,5451,Virtual,Thumb_FingerTip,-17.819290,1.021787,20.869890,-0.318680,0.419308,0.110100,-0.842913
0.6604,5451,Virtual,Index_MCP,-17.812430,1.042492,20.803760,0.474199,0.526208,0.234184,-0.665882
0.6604,5451,Virtual,Index_PIP,-17.796670,1.051257,20.846980,0.316062,0.633928,0.403861,-0.578910
0.6604,5451,Virtual,Index_DIP,-17.800040,1.049521,20.872660,0.153652,0.691484,0.531688,-0.464273
0.6604,5451,Virtual,Index_FingerTip,-17.814070,1.041957,20.894330,0.153652,0.691484,0.531688,-0.464273
0.6604,5451,Virtual,Middle_MCP,-17.798740,1.018721,20.804110,0.490721,0.547538,0.251733,-0.629306
0.6604,5451,Virtual,Middle_PIP,-17.784290,1.030367,20.853550,0.304437,0.669271,0.428474,-0.525172
0.6604,5451,Virtual,Middle_DIP,-17.791580,1.029187,20.880270,0.112391,0.726618,0.554377,-0.389951
0.6604,5451,Virtual,Middle_FingerTip,-17.810560,1.021574,20.899830,0.112391,0.726618,0.554377,-0.389951
0.6604,5451,Virtual,Ring_MCP,-17.792050,0.995112,20.805560,0.502978,0.557491,0.257922,-0.608025
0.6604,5451,Virtual,Ring_PIP,-17.780630,1.006614,20.849180,0.306955,0.685246,0.432556,-0.499112
0.6604,5451,Virtual,Ring_DIP,-17.788890,1.006321,20.874200,0.104437,0.743556,0.554220,-0.359247
0.6604,5451,Virtual,Ring_FingerTip,-17.807460,1.000054,20.890960,0.104437,0.743556,0.554220,-0.359247
0.6604,5451,Virtual,Pinky_MCP,-17.791120,0.972763,20.805880,0.513679,0.561494,0.258838,-0.594863
0.6604,5451,Virtual,Pinky_PIP,-17.781850,0.983350,20.842650,0.315903,0.692349,0.429377,-0.486307
0.6604,5451,Virtual,Pinky_DIP,-17.787850,0.983714,20.859980,0.111059,0.752866,0.547607,-0.347830
0.6604,5451,Virtual,Pinky_FingerTip,-17.801900,0.979619,20.872340,0.111059,0.752866,0.547607,-0.347830
0.6604,5451,Render,Wrist,-17.881660,0.967214,20.752170,0.656988,0.330110,0.004112,-0.677775
0.6604,5451,Render,Thumb_CMC,-17.869240,1.009201,20.770140,0.019876,0.534864,-0.373642,-0.757574
0.6604,5451,Render,Thumb_MCP,-17.862710,1.034994,20.805070,-0.028979,0.534448,-0.303006,-0.788488
0.6604,5451,Render,Thumb_IP,-17.850690,1.056904,20.847260,-0.120667,0.521454,-0.162559,-0.828915
0.6604,5451,Render,Thumb_FingerTip,-17.839200,1.060997,20.873020,-0.120667,0.521454,-0.162559,-0.828915
0.6604,5451,Render,Index_MCP,-17.812430,1.042492,20.803760,0.602341,0.372753,0.038802,-0.704795
0.6604,5451,Render,Index_PIP,-17.778750,1.060959,20.830560,0.562378,0.430686,0.108550,-0.697466
0.6604,5451,Render,Index_DIP,-17.763040,1.069602,20.849320,0.521653,0.479206,0.170426,-0.684979
0.6604,5451,Render,Index_FingerTip,-17.750050,1.076771,20.871760,0.521653,0.479206,0.170426,-0.684979
0.6604,5451,Render,Middle_MCP,-17.798740,1.018721,20.804110,0.615518,0.402172,0.080605,-0.672977
0.6604,5451,Render,Middle_PIP,-17.763700,1.039135,20.837940,0.542777,0.495982,0.187853,-0.651235
0.6604,5451,Render,Middle_DIP,-17.751580,1.047278,20.861500,0.465151,0.569421,0.280267,-0.617127
0.6604,5451,Render,Middle_FingerTip,-17.746070,1.052479,20.888770,0.465151,0.569421,0.280267,-0.617127
0.6604,5451,Render,Ring_MCP,-17.792050,0.995112,20.805560,0.645800,0.383048,0.065799,-0.657182
0.6604,5451,Render,Ring_PIP,-17.759570,1.014110,20.832940,0.597592,0.454606,0.140757,-0.645294
0.6604,5451,Render,Ring_DIP,-17.745160,1.023638,20.852830,0.547439,0.513901,0.206658,-0.627304
0.6604,5451,Render,Ring_FingerTip,-17.735200,1.031466,20.875300,0.547439,0.513901,0.206658,-0.627304
0.6604,5451,Render,Pinky_MCP,-17.791120,0.972763,20.805880,0.651923,0.392605,0.079353,-0.643865
0.6604,5451,Render,Pinky_PIP,-17.764380,0.988894,20.829860,0.593426,0.476432,0.164926,-0.627422
0.6604,5451,Render,Pinky_DIP,-17.755360,0.995471,20.844420,0.531592,0.544566,0.239440,-0.602932
0.6604,5451,Render,Pinky_FingerTip,-17.749760,1.001031,20.861880,0.531592,0.544566,0.239440,-0.602932
0.6723,5452,Real,Wrist,-17.891420,0.965959,20.747040,0.662492,0.327920,0.002555,-0.673473
0.6723,5452,Real,Thumb_CMC,-17.878770,1.008141,20.764390,-0.064401,0.520739,-0.324071,-0.787187
0.6723,5452,Real,Thumb_MCP,-17.867890,1.027599,20.802220,-0.162782,0.498817,-0.167577,-0.834627
0.6723,5452,Real,Thumb_IP,-17.846020,1.033352,20.845720,-0.322428,0.413952,0.125663,-0.841958
0.6723,5452,Real,Thumb_FingerTip,-17.828190,1.019714,20.863280,-0.322428,0.413952,0.125663,-0.841958
0.6723,5452,Real,Index_MCP,-17.821740,1.041650,20.797410,0.480316,0.526056,0.231412,-0.662579
0.6723,5452,Real,Index_PIP,-17.805840,1.050954,20.840460,0.320864,0.635991,0.401332,-0.575756
0.6723,5452,Real,Index_DIP,-17.809240,1.049552,20.866160,0.156701,0.694898,0.529211,-0.460976
0.6723,5452,Real,Index_FingerTip,-17.823390,1.042286,20.887850,0.156701,0.694898,0.529211,-0.460976
0.6723,5452,Real,Middle_MCP,-17.808160,1.017825,20.798070,0.495741,0.548333,0.249743,-0.625461
0.6723,5452,Real,Middle_PIP,-17.793690,1.030036,20.847360,0.306614,0.672619,0.427268,-0.520591
0.6723,5452,Real,Middle_DIP,-17.801180,1.029138,20.874030,0.111259,0.730787,0.553203,-0.384109
0.6723,5452,Real,Middle_FingerTip,-17.820420,1.021714,20.893410,0.111259,0.730787,0.553203,-0.384109
0.6723,5452,Real,Ring_MCP,-17.801570,0.994209,20.799820,0.508140,0.558090,0.255462,-0.604209
0.6723,5452,Real,Ring_PIP,-17.790100,1.006237,20.843290,0.309462,0.688407,0.430640,-0.494852
0.6723,5452,Real,Ring_DIP,-17.798490,1.006234,20.868260,0.103796,0.747594,0.552226,-0.354085
0.6723,5452,Real,Ring_FingerTip,-17.817260,1.000148,20.884880,0.103796,0.747594,0.552226,-0.354085
0.6723,5452,Real,Pinky_MCP,-17.800730,0.971863,20.800460,0.518753,0.562103,0.256294,-0.590973
0.6723,5452,Real,Pinky_PIP,-17.791420,0.982897,20.837090,0.318301,0.695521,0.427316,-0.482013
0.6723,5452,Real,Pinky_DIP,-17.797520,0.983463,20.854380,0.110283,0.756903,0.545432,-0.342695
0.6723,5452,Real,Pinky_FingerTip,-17.811710,0.979499,20.866620,0.110283,0.756903,0.545432,-0.342695
0.6723,5452,Virtual,Wrist,-17.886530,0.966741,20.749470,0.659283,0.329457,0.002439,-0.675868
0.6723,5452,Virtual,Thumb_CMC,-17.874070,1.008847,20.767130,-0.068381,0.521939,-0.323846,-0.786148
0.6723,5452,Virtual,Thumb_MCP,-17.863290,1.028071,20.805110,-0.166918,0.499234,-0.167555,-0.833564
0.6723,5452,Virtual,Thumb_IP,-17.841460,1.033596,20.848660,-0.326460,0.412941,0.125323,-0.840951
0.6723,5452,Virtual,Thumb_FingerTip,-17.823570,1.019904,20.866130,-0.326460,0.412941,0.125323,-0.840951
0.6723,5452,Virtual,Index_MCP,-17.817190,1.042356,20.800420,0.476680,0.526349,0.232019,-0.664756
0.6723,5452,Virtual,Index_PIP,-17.801350,1.051409,20.843550,0.317284,0.635294,0.402503,-0.577689
0.6723,5452,Virtual,Index_DIP,-17.804760,1.049802,20.869230,0.153397,0.693351,0.530817,-0.462566
0.6723,5452,Virtual,Index_FingerTip,-17.818880,1.042314,20.890870,0.153397,0.693351,0.530817,-0.462566
0.6723,5452,Virtual,Middle_MCP,-17.803510,1.018585,20.800910,0.492191,0.548584,0.250516,-0.627731
0.6723,5452,Virtual,Middle_PIP,-17.789120,1.030493,20.850300,0.303155,0.671784,0.428691,-0.522521
0.6723,5452,Virtual,Middle_DIP,-17.796600,1.029365,20.876970,0.108159,0.729039,0.555099,-0.385576
0.6723,5452,Virtual,Middle_FingerTip,-17.815830,1.021714,20.896270,0.108159,0.729039,0.555099,-0.385576
0.6723,5452,Virtual,Ring_MCP,-17.796820,0.994986,20.802500,0.504647,0.558343,0.256318,-0.606536
0.6723,5452,Virtual,Ring_PIP,-17.785410,1.006741,20.846060,0.306064,0.687562,0.432178,-0.496797
0.6723,5452,Virtual,Ring_DIP,-17.793820,1.006516,20.871020,0.100772,0.745829,0.554248,-0.355520
0.6723,5452,Virtual,Ring_FingerTip,-17.812570,1.000226,20.887590,0.100772,0.745829,0.554248,-0.355520
0.6723,5452,Virtual,Pinky_MCP,-17.795890,0.972639,20.802970,0.515300,0.562373,0.257196,-0.593341
0.6723,5452,Virtual,Pinky_PIP,-17.786630,0.983442,20.839680,0.314936,0.694704,0.428909,-0.483983
0.6723,5452,Virtual,Pinky_DIP,-17.792740,0.983853,20.856970,0.107282,0.755174,0.547514,-0.344138
0.6723,5452,Virtual,Pinky_FingerTip,-17.806920,0.979738,20.869180,0.107282,0.755174,0.547514,-0.344138
0.6723,5452,Render,Wrist,-17.886530,0.966741,20.749470,0.659283,0.329457,0.002439,-0.675868
0.6723,5452,Render,Thumb_CMC,-17.874070,1.008847,20.767130,0.021974,0.535368,-0.374853,-0.756560
0.6723,5452,Render,Thumb_MCP,-17.867670,1.034786,20.801980,-0.026936,0.535142,-0.304304,-0.787590
0.6723,5452,Render,Thumb_IP,-17.855800,1.056875,20.844110,-0.118774,0.522489,-0.163993,-0.828254
0.6723,5452,Render,Thumb_FingerTip,-17.844390,1.061079,20.869890,-0.118774,0.522489,-0.163993,-0.828254
0.6723,5452,Render,Index_MCP,-17.817190,1.042356,20.800420,0.604762,0.372195,0.037038,-0.703109
0.6723,5452,Render,Index_PIP,-17.783470,1.060998,20.827030,0.564843,0.430371,0.106627,-0.695963
0.6723,5452,Render,Index_DIP,-17.767720,1.069765,20.845710,0.524136,0.479112,0.168377,-0.683654
0.6723,5452,Render,Index_FingerTip,-17.754690,1.077082,20.868080,0.524136,0.479112,0.168377,-0.683654
0.6723,5452,Render,Middle_MCP,-17.803510,1.018585,20.800910,0.617873,0.401783,0.078728,-0.671272
0.6723,5452,Render,Middle_PIP,-17.768410,1.039222,20.834530,0.545164,0.495977,0.185726,-0.649854
0.6723,5452,Render,Middle_DIP,-17.756240,1.047521,20.858010,0.467513,0.569762,0.277962,-0.616069
0.6723,5452,Render,Middle_FingerTip,-17.750690,1.052905,20.885230,0.467513,0.569762,0.277962,-0.616069
0.6723,5452,Render,Ring_MCP,-17.796820,0.994986,20.802500,0.648087,0.382622,0.063957,-0.655358
0.6723,5452,Render,Ring_PIP,-17.764290,1.014164,20.829690,0.599913,0.454445,0.138718,-0.643694
0.6723,5452,Render,Ring_DIP,-17.749840,1.023823,20.849490,0.549764,0.513980,0.204465,-0.625922
0.6723,5452,Render,Ring_FingerTip,-17.739830,1.031800,20.871890,0.549764,0.513980,0.204465,-0.625922
0.6723,5452,Render,Pinky_MCP,-17.795890,0.972639,20.802970,0.654178,0.392236,0.077473,-0.642029
0.6723,5452,Render,Pinky_PIP,-17.769110,0.988928,20.826790,0.595711,0.476368,0.162816,-0.625854
0.6723,5452,Render,Pinky_DIP,-17.760060,0.995601,20.841280,0.533867,0.544779,0.237157,-0.601631
0.6723,5452,Render,Pinky_FingerTip,-17.754430,1.001278,20.858700,0.533867,0.544779,0.237157,-0.601631
0.6848,5453,Real,Wrist,-17.896520,0.965304,20.744870,0.666863,0.326277,0.004376,-0.669939
0.6848,5453,Real,Thumb_CMC,-17.883590,1.007550,20.761850,-0.060867,0.521394,-0.321705,-0.788004
0.6848,5453,Real,Thumb_MCP,-17.872640,1.027026,20.799650,-0.161429,0.499496,-0.161769,-0.835629
0.6848,5453,Real,Thumb_IP,-17.850650,1.032375,20.843140,-0.324356,0.412734,0.137495,-0.839964
0.6848,5453,Real,Thumb_FingerTip,-17.832930,1.018162,20.860360,-0.324356,0.412734,0.137495,-0.839964
0.6848,5453,Real,Index_MCP,-17.826390,1.040938,20.794700,0.485098,0.526152,0.232032,-0.658791
0.6848,5453,Real,Index_PIP,-17.810530,1.050526,20.837710,0.325216,0.637488,0.401113,-0.571798
0.6848,5453,Real,Index_DIP,-17.814030,1.049382,20.863400,0.160335,0.697458,0.528183,-0.457020
0.6848,5453,Real,Index_FingerTip,-17.828310,1.042412,20.885110,0.160335,0.697458,0.528183,-0.457020
0.6848,5453,Real,Middle_MCP,-17.812990,1.017019,20.795620,0.499605,0.549143,0.251049,-0.621137
0.6848,5453,Real,Middle_PIP,-17.798690,1.029526,20.844880,0.308636,0.675209,0.428286,-0.515177
0.6848,5453,Real,Middle_DIP,-17.806410,1.028847,20.871500,0.111111,0.734042,0.553418,-0.377579
0.6848,5453,Real,Middle_FingerTip,-17.825950,1.021636,20.890670,0.111111,0.734042,0.553418,-0.377579
0.6848,5453,Real,Ring_MCP,-17.806580,0.993372,20.797610,0.512361,0.558468,0.256153,-0.599988
0.6848,5453,Real,Ring_PIP,-17.795190,1.005700,20.841010,0.312487,0.690473,0.430603,-0.490083
0.6848,5453,Real,Ring_DIP,-17.803730,1.005949,20.865930,0.105269,0.750546,0.551248,-0.348893
0.6848,5453,Real,Ring_FingerTip,-17.822670,1.000102,20.882440,0.105269,0.750546,0.551248,-0.348893
0.6848,5453,Real,Pinky_MCP,-17.805920,0.971028,20.798460,0.522923,0.562435,0.256921,-0.586694
0.6848,5453,Real,Pinky_PIP,-17.796660,0.982318,20.835020,0.321283,0.697538,0.427183,-0.477214
0.6848,5453,Real,Pinky_DIP,-17.802860,0.983061,20.852280,0.111718,0.759803,0.544340,-0.337509
0.6848,5453,Real,Pinky_FingerTip,-17.817170,0.979274,20.864430,0.111718,0.759803,0.544340,-0.337509
0.6848,5453,Virtual,Wrist,-17.891430,0.965959,20.747040,0.662492,0.327920,0.002555,-0.673473
0.6848,5453,Virtual,Thumb_CMC,-17.878770,1.008141,20.764390,-0.066917,0.521678,-0.322142,-0.787146
0.6848,5453,Virtual,Thumb_MCP,-17.867880,1.027344,20.802350,-0.167419,0.498595,-0.162365,-0.834872
0.6848,5453,Virtual,Thumb_IP,-17.845810,1.032451,20.845830,-0.329663,0.409815,0.136674,-0.839461
0.6848,5453,Virtual,Thumb_FingerTip,-17.827950,1.018211,20.862870,-0.329663,0.409815,0.136674,-0.839461
0.6848,5453,Virtual,Index_MCP,-17.821740,1.041650,20.797410,0.480315,0.526056,0.231412,-0.662579
0.6848,5453,Virtual,Index_PIP,-17.805840,1.050954,20.840470,0.320637,0.636105,0.401537,-0.575613
0.6848,5453,Virtual,Index_DIP,-17.809260,1.049543,20.866160,0.156230,0.695003,0.529523,-0.460617
0.6848,5453,Virtual,Index_FingerTip,-17.823440,1.042263,20.887830,0.156230,0.695003,0.529523,-0.460617
0.6848,5453,Virtual,Middle_MCP,-17.808160,1.017825,20.798070,0.494937,0.549059,0.250659,-0.625094
0.6848,5453,Virtual,Middle_PIP,-17.793830,1.029977,20.847420,0.304215,0.673707,0.429120,-0.519065
0.6848,5453,Virtual,Middle_DIP,-17.801480,1.028991,20.874040,0.107274,0.731382,0.555288,-0.381088
0.6848,5453,Virtual,Middle_FingerTip,-17.820910,1.021454,20.893190,0.107274,0.731382,0.555288,-0.381088
0.6848,5453,Virtual,Ring_MCP,-17.801570,0.994209,20.799830,0.507763,0.558434,0.255870,-0.604036
0.6848,5453,Virtual,Ring_PIP,-17.790150,1.006215,20.843320,0.308128,0.689005,0.431597,-0.494017
0.6848,5453,Virtual,Ring_DIP,-17.798630,1.006167,20.868260,0.101500,0.747909,0.553310,-0.352388
0.6848,5453,Virtual,Ring_FingerTip,-17.817500,1.000023,20.884760,0.101500,0.747909,0.553310,-0.352388
0.6848,5453,Virtual,Pinky_MCP,-17.800740,0.971863,20.800460,0.518373,0.562453,0.256693,-0.590800
0.6848,5453,Virtual,Pinky_PIP,-17.791470,0.982880,20.837110,0.316954,0.696135,0.428248,-0.481185
0.6848,5453,Virtual,Pinky_DIP,-17.797630,0.983415,20.854380,0.107959,0.757238,0.546481,-0.341019
0.6848,5453,Virtual,Pinky_FingerTip,-17.811890,0.979406,20.866540,0.107959,0.757238,0.546481,-0.341019
0.6848,5453,Render,Wrist,-17.891430,0.965959,20.747040,0.662492,0.327920,0.002555,-0.673473
0.6848,5453,Render,Thumb_CMC,-17.878770,1.008141,20.764390,0.025762,0.535635,-0.374798,-0.756280
0.6848,5453,Render,Thumb_MCP,-17.872400,1.034246,20.799120,-0.023188,0.535752,-0.304275,-0.787305
0.6848,5453,Render,Thumb_IP,-17.860590,1.056519,20.841170,-0.115188,0.523737,-0.164013,-0.827968
0.6848,5453,Render,Thumb_FingerTip,-17.849260,1.060820,20.866970,-0.115188,0.523737,-0.164013,-0.827968
0.6848,5453,Render,Index_MCP,-17.821740,1.041650,20.797410,0.608171,0.370898,0.037063,-0.700849
0.6848,5453,Render,Index_PIP,-17.787930,1.060343,20.823870,0.568364,0.429419,0.106428,-0.693712
0.6848,5453,Render,Index_DIP,-17.772130,1.069180,20.842480,0.527727,0.478478,0.167977,-0.681430
0.6848,5453,Render,Index_FingerTip,-17.759070,1.076607,20.864780,0.527727,0.478478,0.167977,-0.681430
0.6848,5453,Render,Middle_MCP,-17.808160,1.017825,20.798070,0.621235,0.400618,0.078572,-0.668879
0.6848,5453,Render,Middle_PIP,-17.772950,1.038559,20.831530,0.548669,0.495368,0.185187,-0.647517
0.6848,5453,Render,Middle_DIP,-17.760740,1.046979,20.854940,0.471070,0.569667,0.277090,-0.613835
0.6848,5453,Render,Middle_FingerTip,-17.755160,1.052541,20.882120,0.471070,0.569667,0.277090,-0.613835
0.6848,5453,Render,Ring_MCP,-17.801570,0.994209,20.799830,0.651345,0.381340,0.063833,-0.652882
0.6848,5453,Render,Ring_PIP,-17.768950,1.013448,20.826870,0.603297,0.453545,0.138310,-0.641248
0.6848,5453,Render,Ring_DIP,-17.754450,1.023191,20.846590,0.553223,0.513435,0.203807,-0.623532
0.6848,5453,Render,Ring_FingerTip,-17.744400,1.031291,20.868930,0.553223,0.513435,0.203807,-0.623532
0.6848,5453,Render,Pinky_MCP,-17.800740,0.971863,20.800460,0.657410,0.390994,0.077283,-0.639503
0.6848,5453,Render,Pinky_PIP,-17.773880,0.988212,20.824160,0.599080,0.475570,0.162289,-0.623376
0.6848,5453,Render,Pinky_DIP,-17.764800,0.994953,20.838600,0.537308,0.544394,0.236334,-0.599235
0.6848,5453,Render,Pinky_FingerTip,-17.759130,1.000735,20.855960,0.537308,0.544394,0.236334,-0.599235
0.6980,5454,Real,Wrist,-17.901310,0.964752,20.742410,0.669924,0.325448,0.004076,-0.667285
0.6980,5454,Real,Thumb_CMC,-17.888270,1.007094,20.759070,-0.057040,0.520289,-0.322676,-0.788623
0.6980,5454,Real,Thumb_MCP,-17.877280,1.026836,20.796720,-0.157461,0.499159,-0.162601,-0.836425
0.6980,5454,Real,Thumb_IP,-17.855270,1.032465,20.840170,-0.320516,0.413792,0.136991,-0.840999
0.6980,5454,Real,Thumb_FingerTip,-17.837600,1.018339,20.857500,-0.320516,0.413792,0.136991,-0.840999
0.6980,5454,Real,Index_MCP,-17.830990,1.040583,20.791670,0.488366,0.526459,0.230915,-0.656520
0.6980,5454,Real,Index_PIP,-17.815110,1.050464,20.834600,0.328281,0.638665,0.399424,-0.569912
0.6980,5454,Real,Index_DIP,-17.818610,1.049531,20.860300,0.163022,0.699346,0.526086,-0.455602
0.6980,5454,Real,Index_FingerTip,-17.832910,1.042769,20.882060,0.163022,0.699346,0.526086,-0.455602
0.6980,5454,Real,Middle_MCP,-17.817650,1.016635,20.792770,0.502756,0.549501,0.249792,-0.618781
0.6980,5454,Real,Middle_PIP,-17.803330,1.029488,20.841950,0.311529,0.676509,0.426371,-0.513316
0.6980,5454,Real,Middle_DIP,-17.811060,1.029039,20.868560,0.113535,0.736087,0.551065,-0.376316
0.6980,5454,Real,Middle_FingerTip,-17.830620,1.022032,20.887780,0.113535,0.736087,0.551065,-0.376316
0.6980,5454,Real,Ring_MCP,-17.811310,0.992988,20.794960,0.515441,0.558826,0.254831,-0.597575
0.6980,5454,Real,Ring_PIP,-17.799880,1.005623,20.838260,0.315301,0.691774,0.428594,-0.488203
0.6980,5454,Real,Ring_DIP,-17.808430,1.006091,20.863180,0.107602,0.752587,0.548790,-0.347655
0.6980,5454,Real,Ring_FingerTip,-17.827400,1.000424,20.879720,0.107602,0.752587,0.548790,-0.347655
0.6980,5454,Real,Pinky_MCP,-17.810710,0.970648,20.795980,0.525957,0.562780,0.255566,-0.584238
0.6980,5454,Real,Pinky_PIP,-17.801420,0.982199,20.832450,0.324057,0.698813,0.425130,-0.475303
0.6980,5454,Real,Pinky_DIP,-17.807620,0.983094,20.849700,0.114020,0.761808,0.541832,-0.336254
0.6980,5454,Real,Pinky_FingerTip,-17.821950,0.979441,20.861880,0.114020,0.761808,0.541832,-0.336254
0.6980,5454,Virtual,Wrist,-17.896520,0.965304,20.744870,0.666863,0.326277,0.004376,-0.669939
0.6980,5454,Virtual,Thumb_CMC,-17.883600,1.007550,20.761850,-0.060867,0.521394,-0.321705,-0.788004
0.6980,5454,Virtual,Thumb_MCP,-17.872650,1.027026,20.799660,-0.161429,0.499496,-0.161769,-0.835629
0.6980,5454,Virtual,Thumb_IP,-17.850650,1.032375,20.843150,-0.324356,0.412734,0.137495,-0.839964
0.6980,5454,Virtual,Thumb_FingerTip,-17.832940,1.018161,20.860370,-0.324356,0.412734,0.137495,-0.839964
0.6980,5454,Virtual,Index_MCP,-17.826400,1.040938,20.794710,0.485098,0.526152,0.232033,-0.658791
0.6980,5454,Virtual,Index_PIP,-17.810540,1.050526,20.837710,0.325216,0.637488,0.401113,-0.571798
0.6980,5454,Virtual,Index_DIP,-17.814030,1.049382,20.863400,0.160335,0.697459,0.528183,-0.457020
0.6980,5454,Virtual,Index_FingerTip,-17.828310,1.042412,20.885110,0.160335,0.697459,0.528183,-0.457020
0.6980,5454,Virtual,Middle_MCP,-17.813000,1.017019,20.795620,0.499606,0.549143,0.251049,-0.621137
0.6980,5454,Virtual,Middle_PIP,-17.798690,1.029526,20.844890,0.308637,0.675209,0.428286,-0.515177
0.6980,5454,Virtual,Middle_DIP,-17.806420,1.028847,20.871500,0.111112,0.734042,0.553418,-0.377578
0.6980,5454,Virtual,Middle_FingerTip,-17.825950,1.021636,20.890670,0.111112,0.734042,0.553418,-0.377578
0.6980,5454,Virtual,Ring_MCP,-17.806590,0.993372,20.797620,0.512361,0.558467,0.256153,-0.599988
0.6980,5454,Virtual,Ring_PIP,-17.795190,1.005699,20.841020,0.312487,0.690472,0.430603,-0.490083
0.6980,5454,Virtual,Ring_DIP,-17.803730,1.005949,20.865940,0.105269,0.750546,0.551248,-0.348893
0.6980,5454,Virtual,Ring_FingerTip,-17.822680,1.000101,20.882440,0.105269,0.750546,0.551248,-0.348893
0.6980,5454,Virtual,Pinky_MCP,-17.805930,0.971028,20.798470,0.522923,0.562435,0.256921,-0.586694
0.6980,5454,Virtual,Pinky_PIP,-17.796660,0.982318,20.835030,0.321283,0.697538,0.427184,-0.477214
0.6980,5454,Virtual,Pinky_DIP,-17.802870,0.983061,20.852280,0.111718,0.759803,0.544340,-0.337508
0.6980,5454,Virtual,Pinky_FingerTip,-17.817180,0.979273,20.864430,0.111718,0.759803,0.544340,-0.337508
0.6980,5454,Render,Wrist,-17.896520,0.965304,20.744870,0.666863,0.326277,0.004376,-0.669939
0.6980,5454,Render,Thumb_CMC,-17.883600,1.007550,20.761850,0.031718,0.535945,-0.374161,-0.756149
0.6980,5454,Render,Thumb_MCP,-17.877210,1.033889,20.796400,-0.017285,0.536605,-0.303652,-0.787117
0.6980,5454,Render,Thumb_IP,-17.865450,1.056417,20.838340,-0.109520,0.525594,-0.163432,-0.827675
0.6980,5454,Render,Thumb_FingerTip,-17.854220,1.060846,20.864150,-0.109520,0.525594,-0.163432,-0.827675
0.6980,5454,Render,Index_MCP,-17.826400,1.040938,20.794710,0.612790,0.369654,0.038717,-0.697385
0.6980,5454,Render,Index_PIP,-17.792500,1.059624,20.821070,0.573083,0.428639,0.107731,-0.690100
0.6980,5454,Render,Index_DIP,-17.776690,1.068517,20.839630,0.532497,0.478124,0.168952,-0.677716
0.6980,5454,Render,Index_FingerTip,-17.763620,1.076054,20.861910,0.532497,0.478124,0.168952,-0.677716
0.6980,5454,Render,Middle_MCP,-17.813000,1.017019,20.795620,0.625764,0.399479,0.079983,-0.665161
0.6980,5454,Render,Middle_PIP,-17.777720,1.037801,20.828970,0.553322,0.494973,0.185981,-0.643621
0.6980,5454,Render,Middle_DIP,-17.765500,1.046349,20.852340,0.475731,0.569951,0.277311,-0.609865
0.6980,5454,Render,Middle_FingerTip,-17.759940,1.052123,20.879470,0.475731,0.569951,0.277311,-0.609865
0.6980,5454,Render,Ring_MCP,-17.806590,0.993372,20.797620,0.655744,0.379999,0.065312,-0.649103
0.6980,5454,Render,Ring_PIP,-17.773890,1.012618,20.824560,0.607821,0.452718,0.139346,-0.637325
0.6980,5454,Render,Ring_DIP,-17.759370,1.022437,20.844230,0.557808,0.513080,0.204431,-0.619523
0.6980,5454,Render,Ring_FingerTip,-17.749310,1.030670,20.866510,0.557808,0.513080,0.204431,-0.619523
0.6980,5454,Render,Pinky_MCP,-17.805930,0.971028,20.798470,0.661766,0.389676,0.078673,-0.635633
0.6980,5454,Render,Pinky_PIP,-17.779000,0.987396,20.822070,0.603573,0.474848,0.163149,-0.619355
0.6980,5454,Render,Pinky_DIP,-17.769900,0.994204,20.836470,0.541855,0.544219,0.236703,-0.595139
0.6980,5454,Render,Pinky_FingerTip,-17.764240,1.000105,20.853800,0.541855,0.544219,0.236703,-0.595139
0.7122,5455,Real,Wrist,-17.905550,0.964253,20.740260,0.673942,0.322303,0.002518,-0.664768
0.7122,5455,Real,Thumb_CMC,-17.892230,1.006692,20.756450,-0.055699,0.518004,-0.320593,-0.791069
0.7122,5455,Real,Thumb_MCP,-17.880910,1.026431,20.794000,-0.158225,0.496382,-0.155817,-0.839220
0.7122,5455,Real,Thumb_IP,-17.858420,1.031552,20.837270,-0.324017,0.407974,0.152013,-0.839918
0.7122,5455,Real,Thumb_FingerTip,-17.840730,1.016740,20.853990,-0.324017,0.407974,0.152013,-0.839918
0.7122,5455,Real,Index_MCP,-17.834630,1.040221,20.788450,0.493346,0.524871,0.228775,-0.654814
0.7122,5455,Real,Index_PIP,-17.818500,1.050442,20.831210,0.333504,0.638479,0.396904,-0.568848
0.7122,5455,Real,Index_DIP,-17.821890,1.049775,20.856940,0.168133,0.700437,0.523383,-0.455182
0.7122,5455,Real,Index_FingerTip,-17.836120,1.043294,20.878830,0.168133,0.700437,0.523383,-0.455182
0.7122,5455,Real,Middle_MCP,-17.821410,1.016221,20.789730,0.506070,0.549519,0.249193,-0.616300
0.7122,5455,Real,Middle_PIP,-17.807050,1.029372,20.838810,0.312227,0.678669,0.426891,-0.509595
0.7122,5455,Real,Middle_DIP,-17.814970,1.029059,20.865370,0.111209,0.738722,0.551751,-0.370802
0.7122,5455,Real,Middle_FingerTip,-17.834780,1.022129,20.884350,0.111209,0.738722,0.551751,-0.370802
0.7122,5455,Real,Ring_MCP,-17.815160,0.992566,20.792110,0.519426,0.558211,0.253228,-0.595377
0.7122,5455,Real,Ring_PIP,-17.803600,1.005520,20.835290,0.317836,0.693097,0.427397,-0.485726
0.7122,5455,Real,Ring_DIP,-17.812190,1.006189,20.860180,0.108247,0.754775,0.547591,-0.344590
0.7122,5455,Real,Ring_FingerTip,-17.831260,1.000668,20.876660,0.108247,0.754775,0.547591,-0.344590
0.7122,5455,Real,Pinky_MCP,-17.814660,0.970235,20.793350,0.529882,0.562191,0.253867,-0.581996
0.7122,5455,Real,Pinky_PIP,-17.805260,0.982058,20.829710,0.326512,0.700159,0.423802,-0.472821
0.7122,5455,Real,Pinky_DIP,-17.811490,0.983094,20.846930,0.114565,0.764008,0.540483,-0.333234
0.7122,5455,Real,Pinky_FingerTip,-17.825890,0.979546,20.859060,0.114565,0.764008,0.540483,-0.333234
0.7122,5455,Virtual,Wrist,-17.901320,0.964752,20.742420,0.669924,0.325448,0.004076,-0.667285
0.7122,5455,Virtual,Thumb_CMC,-17.888280,1.007094,20.759070,-0.060030,0.521271,-0.320087,-0.788808
0.7122,5455,Virtual,Thumb_MCP,-17.877230,1.026520,20.796870,-0.163122,0.498717,-0.155774,-0.836904
0.7122,5455,Virtual,Thumb_IP,-17.854970,1.031326,20.840290,-0.329424,0.408420,0.151232,-0.837736
0.7122,5455,Virtual,Thumb_FingerTip,-17.837280,1.016436,20.856960,-0.329424,0.408420,0.151232,-0.837736
0.7122,5455,Virtual,Index_MCP,-17.830990,1.040583,20.791670,0.488366,0.526459,0.230915,-0.656520
0.7122,5455,Virtual,Index_PIP,-17.815120,1.050464,20.834610,0.328281,0.638665,0.399424,-0.569912
0.7122,5455,Virtual,Index_DIP,-17.818610,1.049531,20.860310,0.163022,0.699346,0.526087,-0.455602
0.7122,5455,Virtual,Index_FingerTip,-17.832920,1.042769,20.882060,0.163022,0.699346,0.526087,-0.455602
0.7122,5455,Virtual,Middle_MCP,-17.817660,1.016635,20.792780,0.501171,0.550947,0.251574,-0.618059
0.7122,5455,Virtual,Middle_PIP,-17.803590,1.029375,20.842060,0.307127,0.678519,0.429697,-0.510535
0.7122,5455,Virtual,Middle_DIP,-17.811640,1.028767,20.868570,0.106351,0.737159,0.554708,-0.370924
0.7122,5455,Virtual,Middle_FingerTip,-17.831510,1.021558,20.887390,0.106351,0.737159,0.554708,-0.370924
0.7122,5455,Virtual,Ring_MCP,-17.811320,0.992987,20.794960,0.514598,0.559602,0.255732,-0.597190
0.7122,5455,Virtual,Ring_PIP,-17.800010,1.005575,20.838310,0.312815,0.692902,0.430344,-0.486661
0.7122,5455,Virtual,Ring_DIP,-17.808720,1.005961,20.863170,0.103488,0.753164,0.550682,-0.344651
0.7122,5455,Virtual,Ring_FingerTip,-17.827840,1.000189,20.879510,0.103488,0.753164,0.550682,-0.344651
0.7122,5455,Virtual,Pinky_MCP,-17.810710,0.970648,20.795990,0.525108,0.563573,0.256447,-0.583852
0.7122,5455,Virtual,Pinky_PIP,-17.801530,0.982161,20.832500,0.321546,0.699972,0.426834,-0.473774
0.7122,5455,Virtual,Pinky_DIP,-17.807850,0.983000,20.849700,0.109855,0.762420,0.543662,-0.333288
0.7122,5455,Virtual,Pinky_FingerTip,-17.822290,0.979266,20.861730,0.109855,0.762420,0.543662,-0.333288
0.7122,5455,Render,Wrist,-17.901320,0.964752,20.742420,0.669924,0.325448,0.004076,-0.667285
0.7122,5455,Render,Thumb_CMC,-17.888280,1.007094,20.759070,0.035443,0.534506,-0.375223,-0.756476
0.7122,5455,Render,Thumb_MCP,-17.881820,1.033686,20.793420,-0.013444,0.535511,-0.304680,-0.787539
0.7122,5455,Render,Thumb_IP,-17.870020,1.056509,20.835170,-0.105548,0.525179,-0.164372,-0.828269
0.7122,5455,Render,Thumb_FingerTip,-17.858780,1.061110,20.860960,-0.105548,0.525179,-0.164372,-0.828269
0.7122,5455,Render,Index_MCP,-17.830990,1.040583,20.791670,0.616014,0.369036,0.038279,-0.694892
0.7122,5455,Render,Index_PIP,-17.797060,1.059383,20.817900,0.576353,0.428344,0.107047,-0.687663
0.7122,5455,Render,Index_DIP,-17.781220,1.068377,20.836400,0.535780,0.478121,0.168054,-0.675350
0.7122,5455,Render,Index_FingerTip,-17.768140,1.076053,20.858610,0.535780,0.478121,0.168054,-0.675350
0.7122,5455,Render,Middle_MCP,-17.817660,1.016635,20.792780,0.628898,0.399001,0.079385,-0.662559
0.7122,5455,Render,Middle_PIP,-17.782330,1.037582,20.825970,0.556493,0.495005,0.184972,-0.641148
0.7122,5455,Render,Middle_DIP,-17.770090,1.046279,20.849270,0.478863,0.570443,0.275954,-0.607565
0.7122,5455,Render,Middle_FingerTip,-17.764520,1.052250,20.876370,0.478863,0.570443,0.275954,-0.607565
0.7122,5455,Render,Ring_MCP,-17.811320,0.992987,20.794960,0.658791,0.379422,0.064771,-0.646405
0.7122,5455,Render,Ring_PIP,-17.778570,1.012355,20.821760,0.610914,0.452494,0.138499,-0.634707
0.7122,5455,Render,Ring_DIP,-17.764020,1.022288,20.841350,0.560907,0.513176,0.203319,-0.617006
0.7122,5455,Render,Ring_FingerTip,-17.753950,1.030668,20.863570,0.560907,0.513176,0.203319,-0.617006
0.7122,5455,Render,Pinky_MCP,-17.810710,0.970648,20.795990,0.664772,0.389141,0.078077,-0.632892
0.7122,5455,Render,Pinky_PIP,-17.783750,0.987127,20.819470,0.606623,0.474721,0.162190,-0.616719
0.7122,5455,Render,Pinky_DIP,-17.774640,0.994024,20.833820,0.544899,0.544461,0.235433,-0.592638
0.7122,5455,Render,Pinky_FingerTip,-17.768960,1.000045,20.851100,0.544899,0.544461,0.235433,-0.592638
0.7260,5456,Real,Wrist,-17.909810,0.963786,20.738340,0.677394,0.319556,-0.000933,-0.662587
0.7260,5456,Real,Thumb_CMC,-17.896320,1.006362,20.754010,-0.056238,0.515213,-0.319714,-0.793206
0.7260,5456,Real,Thumb_MCP,-17.884700,1.026088,20.791490,-0.161156,0.492581,-0.149473,-0.842052
0.7260,5456,Real,Thumb_IP,-17.861650,1.030647,20.834520,-0.329752,0.399839,0.168026,-0.838547
0.7260,5456,Real,Thumb_FingerTip,-17.843870,1.015100,20.850480,-0.329752,0.399839,0.168026,-0.838547
0.7260,5456,Real,Index_MCP,-17.838460,1.040120,20.785290,0.497671,0.523379,0.224952,-0.654061
0.7260,5456,Real,Index_PIP,-17.822020,1.050735,20.827840,0.337844,0.638329,0.393221,-0.569013
0.7260,5456,Real,Index_DIP,-17.825250,1.050315,20.853590,0.172155,0.701402,0.519997,-0.456072
0.7260,5456,Real,Index_FingerTip,-17.839360,1.044052,20.875620,0.172155,0.701402,0.519997,-0.456072
0.7260,5456,Real,Middle_MCP,-17.825260,1.016116,20.786710,0.507655,0.550695,0.248133,-0.614371
0.7260,5456,Real,Middle_PIP,-17.810980,1.029541,20.835750,0.308739,0.682392,0.428734,-0.505182
0.7260,5456,Real,Middle_DIP,-17.819270,1.029214,20.862200,0.102283,0.741968,0.554525,-0.362662
0.7260,5456,Real,Middle_FingerTip,-17.839530,1.022127,20.880640,0.102283,0.741968,0.554525,-0.362662
0.7260,5456,Real,Ring_MCP,-17.819030,0.992476,20.789280,0.522034,0.558463,0.250746,-0.593908
0.7260,5456,Real,Ring_PIP,-17.807370,1.005750,20.832340,0.317230,0.695532,0.426672,-0.483271
0.7260,5456,Real,Ring_DIP,-17.816110,1.006511,20.857170,0.104031,0.757349,0.547527,-0.340315
0.7260,5456,Real,Ring_FingerTip,-17.835380,1.000962,20.873420,0.104031,0.757349,0.547527,-0.340315
0.7260,5456,Real,Pinky_MCP,-17.818550,0.970158,20.790730,0.532418,0.562514,0.251284,-0.580488
0.7260,5456,Real,Pinky_PIP,-17.809070,0.982255,20.826980,0.325786,0.702677,0.422912,-0.470378
0.7260,5456,Real,Pinky_DIP,-17.815400,0.983356,20.844170,0.110173,0.766650,0.540221,-0.329045
0.7260,5456,Real,Pinky_FingerTip,-17.829950,0.979781,20.856110,0.110173,0.766650,0.540221,-0.329045
0.7260,5456,Virtual,Wrist,-17.905550,0.964253,20.740270,0.673943,0.322303,0.002518,-0.664768
0.7260,5456,Virtual,Thumb_CMC,-17.892230,1.006692,20.756450,-0.059342,0.519465,-0.317930,-0.790921
0.7260,5456,Virtual,Thumb_MCP,-17.880900,1.026068,20.794190,-0.165069,0.496102,-0.148197,-0.839448
0.7260,5456,Virtual,Thumb_IP,-17.858150,1.030237,20.837430,-0.334680,0.401690,0.168263,-0.835657
0.7260,5456,Virtual,Thumb_FingerTip,-17.840470,1.014560,20.853350,-0.334680,0.401690,0.168263,-0.835657
0.7260,5456,Virtual,Index_MCP,-17.834640,1.040220,20.788460,0.493346,0.524871,0.228775,-0.654815
0.7260,5456,Virtual,Index_PIP,-17.818510,1.050442,20.831220,0.333277,0.638598,0.397106,-0.568706
0.7260,5456,Virtual,Index_DIP,-17.821910,1.049767,20.856940,0.167660,0.700550,0.523691,-0.454828
0.7260,5456,Virtual,Index_FingerTip,-17.836170,1.043271,20.878810,0.167660,0.700550,0.523691,-0.454828
0.7260,5456,Virtual,Middle_MCP,-17.821410,1.016221,20.789740,0.503424,0.551944,0.252151,-0.615096
0.7260,5456,Virtual,Middle_PIP,-17.807500,1.029187,20.838990,0.304330,0.682247,0.432776,-0.504607
0.7260,5456,Virtual,Middle_DIP,-17.815960,1.028591,20.865390,0.098097,0.740577,0.558237,-0.360963
0.7260,5456,Virtual,Middle_FingerTip,-17.836340,1.021298,20.883610,0.098097,0.740577,0.558237,-0.360963
0.7260,5456,Virtual,Ring_MCP,-17.815170,0.992566,20.792120,0.517888,0.559638,0.254865,-0.594678
0.7260,5456,Virtual,Ring_PIP,-17.803830,1.005434,20.835380,0.312926,0.695327,0.430822,-0.482691
0.7260,5456,Virtual,Ring_DIP,-17.812740,1.005942,20.860170,0.099968,0.755916,0.551335,-0.338567
0.7260,5456,Virtual,Ring_FingerTip,-17.832110,1.000209,20.876210,0.099968,0.755916,0.551335,-0.338567
0.7260,5456,Virtual,Pinky_MCP,-17.814670,0.970235,20.793360,0.528333,0.563647,0.255467,-0.581295
0.7260,5456,Virtual,Pinky_PIP,-17.805460,0.981991,20.829790,0.321553,0.702451,0.427135,-0.469812
0.7260,5456,Virtual,Pinky_DIP,-17.811910,0.982915,20.846930,0.106184,0.765218,0.544103,-0.327290
0.7260,5456,Virtual,Pinky_FingerTip,-17.826530,0.979205,20.858740,0.106184,0.765218,0.544103,-0.327290
0.7260,5456,Render,Wrist,-17.905550,0.964253,20.740270,0.673943,0.322303,0.002518,-0.664768
0.7260,5456,Render,Thumb_CMC,-17.892230,1.006692,20.756450,0.039450,0.532050,-0.375840,-0.757701
0.7260,5456,Render,Thumb_MCP,-17.885590,1.033545,20.790560,-0.009229,0.533431,-0.305183,-0.788816
0.7260,5456,Render,Thumb_IP,-17.873590,1.056668,20.832090,-0.101038,0.523856,-0.164648,-0.829613
0.7260,5456,Render,Thumb_FingerTip,-17.862280,1.061437,20.857810,-0.101038,0.523856,-0.164648,-0.829613
0.7260,5456,Render,Index_MCP,-17.834640,1.040220,20.788460,0.620352,0.366120,0.036701,-0.692657
0.7260,5456,Render,Index_PIP,-17.800490,1.059111,20.814340,0.580959,0.425873,0.105255,-0.685596
0.7260,5456,Render,Index_DIP,-17.784520,1.068209,20.832680,0.540589,0.476072,0.166084,-0.673451
0.7260,5456,Render,Index_FingerTip,-17.771300,1.076038,20.854750,0.540589,0.476072,0.166084,-0.673451
0.7260,5456,Render,Middle_MCP,-17.821410,1.016221,20.789740,0.633247,0.396329,0.077553,-0.660234
0.7260,5456,Render,Middle_PIP,-17.785830,1.037320,20.822560,0.561214,0.493068,0.182790,-0.639148
0.7260,5456,Render,Middle_DIP,-17.773440,1.046183,20.845720,0.483816,0.569210,0.273505,-0.605902
0.7260,5456,Render,Middle_FingerTip,-17.767710,1.052391,20.872720,0.483816,0.569210,0.273505,-0.605902
0.7260,5456,Render,Ring_MCP,-17.815170,0.992566,20.792120,0.662979,0.376646,0.062926,-0.643924
0.7260,5456,Render,Ring_PIP,-17.782210,1.012035,20.818570,0.615393,0.450216,0.136382,-0.632453
0.7260,5456,Render,Ring_DIP,-17.767520,1.022088,20.838000,0.565597,0.511374,0.200980,-0.614984
0.7260,5456,Render,Ring_FingerTip,-17.757300,1.030635,20.860090,0.565597,0.511374,0.200980,-0.614984
0.7260,5456,Render,Pinky_MCP,-17.814670,0.970235,20.793360,0.668948,0.386447,0.076138,-0.630373
0.7260,5456,Render,Pinky_PIP,-17.787510,0.986812,20.816550,0.611124,0.472611,0.159932,-0.614483
0.7260,5456,Render,Pinky_DIP,-17.778300,0.993803,20.830790,0.549620,0.542909,0.232921,-0.590690
0.7260,5456,Render,Pinky_FingerTip,-17.772520,0.999965,20.847990,0.549620,0.542909,0.232921,-0.590690
0.7402,5457,Real,Wrist,-17.913820,0.962977,20.736420,0.679824,0.316508,-0.005072,-0.661541
0.7402,5457,Real,Thumb_CMC,-17.900190,1.005663,20.751670,-0.057563,0.511931,-0.319763,-0.795214
0.7402,5457,Real,Thumb_MCP,-17.888270,1.025406,20.789040,-0.163967,0.488366,-0.145323,-0.844686
0.7402,5457,Real,Thumb_IP,-17.864700,1.029591,20.831820,-0.334006,0.392208,0.179617,-0.838064
0.7402,5457,Real,Thumb_FingerTip,-17.846810,1.013544,20.847140,-0.334006,0.392208,0.179617,-0.838064
0.7402,5457,Real,Index_MCP,-17.842040,1.039635,20.782180,0.500992,0.521316,0.221015,-0.654514
0.7402,5457,Real,Index_PIP,-17.825240,1.050548,20.824500,0.340691,0.637725,0.390366,-0.569957
0.7402,5457,Real,Index_DIP,-17.828310,1.050277,20.850280,0.174164,0.701734,0.518044,-0.457019
0.7402,5457,Real,Index_FingerTip,-17.842340,1.044114,20.872390,0.174164,0.701734,0.518044,-0.457019
0.7402,5457,Real,Middle_MCP,-17.828830,1.015639,20.783650,0.509040,0.550650,0.246153,-0.614061
0.7402,5457,Real,Middle_PIP,-17.814450,1.029279,20.832590,0.305644,0.684777,0.430019,-0.502738
0.7402,5457,Real,Middle_DIP,-17.822980,1.028897,20.858970,0.094308,0.743938,0.557150,-0.356716
0.7402,5457,Real,Middle_FingerTip,-17.843570,1.021619,20.876960,0.094308,0.743938,0.557150,-0.356716
0.7402,5457,Real,Ring_MCP,-17.822590,0.992017,20.786340,0.523728,0.558195,0.248171,-0.593749
0.7402,5457,Real,Ring_PIP,-17.810790,1.005512,20.829280,0.314989,0.697607,0.426905,-0.481538
0.7402,5457,Real,Ring_DIP,-17.819680,1.006258,20.854060,0.097432,0.759197,0.548966,-0.335803
0.7402,5457,Real,Ring_FingerTip,-17.839170,1.000563,20.869980,0.097432,0.759197,0.548966,-0.335803
0.7402,5457,Real,Pinky_MCP,-17.822100,0.969710,20.787950,0.534054,0.562338,0.248607,-0.580308
0.7402,5457,Real,Pinky_PIP,-17.812500,0.981998,20.824100,0.323419,0.704867,0.422969,-0.468679
0.7402,5457,Real,Pinky_DIP,-17.818940,0.983089,20.841240,0.103374,0.768603,0.541445,-0.324655
0.7402,5457,Real,Pinky_FingerTip,-17.833650,0.979398,20.852950,0.103374,0.768603,0.541445,-0.324655
0.7402,5457,Virtual,Wrist,-17.909810,0.963786,20.738350,0.677394,0.319556,-0.000933,-0.662587
0.7402,5457,Virtual,Thumb_CMC,-17.896330,1.006362,20.754020,-0.059075,0.516650,-0.318228,-0.792663
0.7402,5457,Virtual,Thumb_MCP,-17.884750,1.025834,20.791640,-0.166437,0.492661,-0.144360,-0.841870
0.7402,5457,Virtual,Thumb_IP,-17.861570,1.029711,20.834660,-0.337898,0.395274,0.179462,-0.835091
0.7402,5457,Virtual,Thumb_FingerTip,-17.843810,1.013556,20.850030,-0.337898,0.395274,0.179462,-0.835091
0.7402,5457,Virtual,Index_MCP,-17.838470,1.040120,20.785300,0.497557,0.523488,0.225095,-0.654011
0.7402,5457,Virtual,Index_PIP,-17.822050,1.050727,20.827850,0.336795,0.638883,0.394156,-0.568366
0.7402,5457,Virtual,Index_DIP,-17.825350,1.050267,20.853600,0.170102,0.701903,0.521329,-0.454549
0.7402,5457,Virtual,Index_FingerTip,-17.839570,1.043942,20.875530,0.170102,0.701903,0.521329,-0.454549
0.7402,5457,Virtual,Middle_MCP,-17.825260,1.016116,20.786710,0.505636,0.552549,0.250380,-0.613459
0.7402,5457,Virtual,Middle_PIP,-17.811330,1.029401,20.835890,0.301811,0.685484,0.433830,-0.500813
0.7402,5457,Virtual,Middle_DIP,-17.820090,1.028826,20.862180,0.090434,0.743505,0.560240,-0.353770
0.7402,5457,Virtual,Middle_FingerTip,-17.840840,1.021414,20.879930,0.090434,0.743505,0.560240,-0.353770
0.7402,5457,Virtual,Ring_MCP,-17.819040,0.992476,20.789290,0.520388,0.559997,0.252493,-0.593167
0.7402,5457,Virtual,Ring_PIP,-17.807620,1.005659,20.832440,0.311245,0.698231,0.430806,-0.479589
0.7402,5457,Virtual,Ring_DIP,-17.816740,1.006224,20.857140,0.093670,0.758701,0.552127,-0.332800
0.7402,5457,Virtual,Ring_FingerTip,-17.836380,1.000409,20.872840,0.093670,0.758701,0.552127,-0.332800
0.7402,5457,Virtual,Pinky_MCP,-17.818560,0.970158,20.790740,0.530760,0.564079,0.252991,-0.579746
0.7402,5457,Virtual,Pinky_PIP,-17.809280,0.982184,20.827060,0.319739,0.705448,0.426936,-0.466729
0.7402,5457,Virtual,Pinky_DIP,-17.815880,0.983149,20.844160,0.099684,0.768084,0.544668,-0.321631
0.7402,5457,Virtual,Pinky_FingerTip,-17.830700,0.979370,20.855700,0.099684,0.768084,0.544668,-0.321631
0.7402,5457,Render,Wrist,-17.909810,0.963786,20.738350,0.677394,0.319556,-0.000933,-0.662587
0.7402,5457,Render,Thumb_CMC,-17.896330,1.006362,20.754020,0.042094,0.529416,-0.377678,-0.758490
0.7402,5457,Render,Thumb_MCP,-17.889560,1.033476,20.787890,-0.006356,0.531049,-0.306941,-0.789768
0.7402,5457,Render,Thumb_IP,-17.877420,1.056917,20.829210,-0.097798,0.522005,-0.166215,-0.830855
0.7402,5457,Render,Thumb_FingerTip,-17.866030,1.061878,20.854860,-0.097798,0.522005,-0.166215,-0.830855
0.7402,5457,Render,Index_MCP,-17.838470,1.040120,20.785300,0.624088,0.363478,0.033240,-0.690864
0.7402,5457,Render,Index_PIP,-17.804110,1.059215,20.810760,0.584938,0.423615,0.101633,-0.684156
0.7402,5457,Render,Index_DIP,-17.788010,1.068468,20.828890,0.544754,0.474179,0.162348,-0.672340
0.7402,5457,Render,Index_FingerTip,-17.774620,1.076493,20.850800,0.544754,0.474179,0.162348,-0.672340
0.7402,5457,Render,Middle_MCP,-17.825260,1.016116,20.786710,0.636986,0.393989,0.073878,-0.658456
0.7402,5457,Render,Middle_PIP,-17.789420,1.037484,20.819090,0.565281,0.491361,0.178877,-0.637985
0.7402,5457,Render,Middle_DIP,-17.776870,1.046556,20.842070,0.488087,0.568110,0.269465,-0.605319
0.7402,5457,Render,Middle_FingerTip,-17.770950,1.053018,20.868970,0.488087,0.568110,0.269465,-0.605319
0.7402,5457,Render,Ring_MCP,-17.819040,0.992476,20.789290,0.666574,0.374272,0.059233,-0.641944
0.7402,5457,Render,Ring_PIP,-17.785870,1.012157,20.815320,0.619237,0.448270,0.132487,-0.630910
0.7402,5457,Render,Ring_DIP,-17.771040,1.022378,20.834550,0.569622,0.509835,0.196946,-0.613850
0.7402,5457,Render,Ring_FingerTip,-17.760650,1.031125,20.856490,0.569622,0.509835,0.196946,-0.613850
0.7402,5457,Render,Pinky_MCP,-17.818560,0.970158,20.790740,0.672530,0.384180,0.072368,-0.628389
0.7402,5457,Render,Pinky_PIP,-17.791220,0.986922,20.813580,0.614977,0.470844,0.155929,-0.613022
0.7402,5457,Render,Pinky_DIP,-17.781900,0.994039,20.827690,0.553659,0.541620,0.228771,-0.589723
0.7402,5457,Render,Pinky_FingerTip,-17.775990,1.000360,20.844790,0.553659,0.541620,0.228771,-0.589723
0.7541,5458,Real,Wrist,-17.917890,0.962171,20.734470,0.682161,0.313208,-0.008814,-0.660666
0.7541,5458,Real,Thumb_CMC,-17.904080,1.004943,20.749310,-0.056066,0.507353,-0.320814,-0.797827
0.7541,5458,Real,Thumb_MCP,-17.891820,1.024924,20.786440,-0.161540,0.484206,-0.145801,-0.847462
0.7541,5458,Real,Thumb_IP,-17.867860,1.029370,20.828990,-0.330205,0.389250,0.180207,-0.840818
0.7541,5458,Real,Thumb_FingerTip,-17.849850,1.013407,20.844250,-0.330205,0.389250,0.180207,-0.840818
0.7541,5458,Real,Index_MCP,-17.845640,1.039059,20.779080,0.504416,0.518890,0.217375,-0.655032
0.7541,5458,Real,Index_PIP,-17.828450,1.050237,20.821170,0.344644,0.636319,0.387002,-0.571443
0.7541,5458,Real,Index_DIP,-17.831290,1.050141,20.846980,0.178341,0.701339,0.515147,-0.459284
0.7541,5458,Real,Index_FingerTip,-17.845130,1.044141,20.869250,0.178341,0.701339,0.515147,-0.459284
0.7541,5458,Real,Middle_MCP,-17.832440,1.015059,20.780590,0.512455,0.548483,0.242358,-0.614670
0.7541,5458,Real,Middle_PIP,-17.817610,1.029011,20.829320,0.309573,0.683819,0.426620,-0.504532
0.7541,5458,Real,Middle_DIP,-17.825900,1.028814,20.855760,0.098345,0.744158,0.554416,-0.359417
0.7541,5458,Real,Middle_FingerTip,-17.846340,1.021678,20.873990,0.098345,0.744158,0.554416,-0.359417
0.7541,5458,Real,Ring_MCP,-17.826190,0.991449,20.783380,0.527087,0.556118,0.244275,-0.594342
0.7541,5458,Real,Ring_PIP,-17.814000,1.005218,20.826130,0.318839,0.696728,0.423411,-0.483359
0.7541,5458,Real,Ring_DIP,-17.822670,1.006140,20.850990,0.101371,0.759481,0.546156,-0.338566
0.7541,5458,Real,Ring_FingerTip,-17.842030,1.000571,20.867110,0.101371,0.759481,0.546156,-0.338566
0.7541,5458,Real,Pinky_MCP,-17.825710,0.969153,20.785140,0.537371,0.560316,0.244644,-0.580885
0.7541,5458,Real,Pinky_PIP,-17.815770,0.981672,20.821120,0.327212,0.704027,0.419407,-0.470506
0.7541,5458,Real,Pinky_DIP,-17.822070,0.982884,20.838310,0.107247,0.768909,0.538571,-0.327444
0.7541,5458,Real,Pinky_FingerTip,-17.836680,0.979287,20.850170,0.107247,0.768909,0.538571,-0.327444
0.7541,5458,Virtual,Wrist,-17.913830,0.962977,20.736430,0.679824,0.316508,-0.005071,-0.661541
0.7541,5458,Virtual,Thumb_CMC,-17.900190,1.005663,20.751670,-0.057563,0.511931,-0.319763,-0.795214
0.7541,5458,Virtual,Thumb_MCP,-17.888280,1.025406,20.789040,-0.163967,0.488366,-0.145323,-0.844686
0.7541,5458,Virtual,Thumb_IP,-17.864710,1.029591,20.831830,-0.334006,0.392208,0.179617,-0.838064
0.7541,5458,Virtual,Thumb_FingerTip,-17.846820,1.013544,20.847150,-0.334006,0.392208,0.179617,-0.838064
0.7541,5458,Virtual,Index_MCP,-17.842050,1.039635,20.782190,0.500992,0.521317,0.221015,-0.654514
0.7541,5458,Virtual,Index_PIP,-17.825250,1.050548,20.824510,0.340691,0.637725,0.390366,-0.569957
0.7541,5458,Virtual,Index_DIP,-17.828320,1.050277,20.850290,0.174163,0.701735,0.518044,-0.457019
0.7541,5458,Virtual,Index_FingerTip,-17.842350,1.044114,20.872390,0.174163,0.701735,0.518044,-0.457019
0.7541,5458,Virtual,Middle_MCP,-17.828840,1.015639,20.783660,0.509040,0.550650,0.246154,-0.614061
0.7541,5458,Virtual,Middle_PIP,-17.814460,1.029279,20.832600,0.305644,0.684777,0.430019,-0.502738
0.7541,5458,Virtual,Middle_DIP,-17.822990,1.028897,20.858970,0.094308,0.743938,0.557150,-0.356716
0.7541,5458,Virtual,Middle_FingerTip,-17.843580,1.021619,20.876970,0.094308,0.743938,0.557150,-0.356716
0.7541,5458,Virtual,Ring_MCP,-17.822590,0.992017,20.786340,0.523728,0.558196,0.248171,-0.593749
0.7541,5458,Virtual,Ring_PIP,-17.810790,1.005512,20.829290,0.314989,0.697607,0.426905,-0.481538
0.7541,5458,Virtual,Ring_DIP,-17.819690,1.006258,20.854070,0.097432,0.759198,0.548966,-0.335803
0.7541,5458,Virtual,Ring_FingerTip,-17.839180,1.000563,20.869990,0.097432,0.759198,0.548966,-0.335803
0.7541,5458,Virtual,Pinky_MCP,-17.822110,0.969710,20.787960,0.534054,0.562338,0.248607,-0.580308
0.7541,5458,Virtual,Pinky_PIP,-17.812500,0.981998,20.824110,0.323419,0.704867,0.422969,-0.468679
0.7541,5458,Virtual,Pinky_DIP,-17.818950,0.983089,20.841250,0.103373,0.768603,0.541445,-0.324655
0.7541,5458,Virtual,Pinky_FingerTip,-17.833660,0.979398,20.852950,0.103373,0.768603,0.541445,-0.324655
0.7541,5458,Render,Wrist,-17.913830,0.962977,20.736430,0.679824,0.316508,-0.005071,-0.661541
0.7541,5458,Render,Thumb_CMC,-17.900190,1.005663,20.751670,0.043108,0.526480,-0.379348,-0.759642
0.7541,5458,Render,Thumb_MCP,-17.893260,1.032963,20.785360,-0.005079,0.528217,-0.308499,-0.791068
0.7541,5458,Render,Thumb_IP,-17.880930,1.056631,20.826490,-0.096052,0.519436,-0.167526,-0.832404
0.7541,5458,Render,Thumb_FingerTip,-17.869410,1.061736,20.852050,-0.096052,0.519436,-0.167526,-0.832404
0.7541,5458,Render,Index_MCP,-17.842050,1.039635,20.782190,0.626779,0.360433,0.029183,-0.690206
0.7541,5458,Render,Index_PIP,-17.807470,1.058907,20.807200,0.587918,0.420852,0.097531,-0.683904
0.7541,5458,Render,Index_DIP,-17.791200,1.068289,20.825120,0.547969,0.471693,0.158240,-0.672456
0.7541,5458,Render,Index_FingerTip,-17.777620,1.076470,20.846850,0.547969,0.471693,0.158240,-0.672456
0.7541,5458,Render,Middle_MCP,-17.828840,1.015639,20.783660,0.639744,0.391235,0.069648,-0.657884
0.7541,5458,Render,Middle_PIP,-17.792710,1.037234,20.815550,0.568447,0.489087,0.174610,-0.638102
0.7541,5458,Render,Middle_DIP,-17.779950,1.046470,20.838350,0.491549,0.566319,0.265260,-0.606053
0.7541,5458,Render,Middle_FingerTip,-17.773780,1.053127,20.865160,0.491549,0.566319,0.265260,-0.606053
0.7541,5458,Render,Ring_MCP,-17.822590,0.992017,20.786340,0.669205,0.371536,0.054941,-0.641177
0.7541,5458,Render,Ring_PIP,-17.789190,1.011879,20.811940,0.622164,0.445855,0.128134,-0.630641
0.7541,5458,Render,Ring_DIP,-17.774180,1.022237,20.830960,0.572782,0.507734,0.192589,-0.614033
0.7541,5458,Render,Ring_FingerTip,-17.763600,1.031141,20.852730,0.572782,0.507734,0.192589,-0.614033
0.7541,5458,Render,Pinky_MCP,-17.822110,0.969710,20.787960,0.675171,0.381552,0.068011,-0.627645
0.7541,5458,Render,Pinky_PIP,-17.794560,0.986634,20.810430,0.617946,0.468594,0.151512,-0.612868
0.7541,5458,Render,Pinky_DIP,-17.785110,0.993851,20.824410,0.556877,0.539745,0.224368,-0.590104
0.7541,5458,Render,Pinky_FingerTip,-17.779050,1.000295,20.841400,0.556877,0.539745,0.224368,-0.590104
0.7685,5459,Real,Wrist,-17.921820,0.960988,20.733090,0.683083,0.308967,-0.014221,-0.661616
0.7685,5459,Real,Thumb_CMC,-17.907840,1.003821,20.747590,-0.058668,0.501886,-0.320115,-0.801371
0.7685,5459,Real,Thumb_MCP,-17.895050,1.023764,20.784560,-0.166489,0.477088,-0.138038,-0.851830
0.7685,5459,Real,Thumb_IP,-17.870210,1.027506,20.826670,-0.337217,0.376319,0.200297,-0.839375
0.7685,5459,Real,Thumb_FingerTip,-17.852070,1.010689,20.840820,-0.337217,0.376319,0.200297,-0.839375
0.7685,5459,Real,Index_MCP,-17.849030,1.038080,20.776440,0.506561,0.515219,0.213110,-0.657670
0.7685,5459,Real,Index_PIP,-17.831310,1.049397,20.818290,0.342508,0.636194,0.388311,-0.571980
0.7685,5459,Real,Index_DIP,-17.834190,1.049179,20.844090,0.171131,0.701975,0.519919,-0.455664
0.7685,5459,Real,Index_FingerTip,-17.848350,1.042896,20.866080,0.171131,0.701975,0.519919,-0.455664
0.7685,5459,Real,Middle_MCP,-17.835780,1.014096,20.777870,0.512596,0.547090,0.240337,-0.616584
0.7685,5459,Real,Middle_PIP,-17.820690,1.028063,20.826500,0.299967,0.687083,0.432813,-0.500611
0.7685,5459,Real,Middle_DIP,-17.829530,1.027477,20.852760,0.078232,0.745615,0.563895,-0.346353
0.7685,5459,Real,Middle_FingerTip,-17.850690,1.019725,20.869880,0.078232,0.745615,0.563895,-0.346353
0.7685,5459,Real,Ring_MCP,-17.829490,0.990500,20.780650,0.527571,0.554553,0.241633,-0.596451
0.7685,5459,Real,Ring_PIP,-17.817010,1.004316,20.823300,0.310045,0.699809,0.428353,-0.480265
0.7685,5459,Real,Ring_DIP,-17.826130,1.004909,20.848000,0.082487,0.760957,0.554141,-0.327212
0.7685,5459,Real,Ring_FingerTip,-17.846060,0.998792,20.863210,0.082487,0.760957,0.554141,-0.327212
0.7685,5459,Real,Pinky_MCP,-17.828960,0.968210,20.782470,0.537818,0.558883,0.241883,-0.583005
0.7685,5459,Real,Pinky_PIP,-17.818790,0.980775,20.818370,0.318235,0.707336,0.424061,-0.467520
0.7685,5459,Real,Pinky_DIP,-17.825410,0.981759,20.835460,0.088000,0.770620,0.546176,-0.316377
0.7685,5459,Real,Pinky_FingerTip,-17.840430,0.977737,20.846640,0.088000,0.770620,0.546176,-0.316377
0.7685,5459,Virtual,Wrist,-17.917900,0.962171,20.734480,0.682161,0.313208,-0.008814,-0.660666
0.7685,5459,Virtual,Thumb_CMC,-17.904090,1.004943,20.749310,-0.057660,0.507871,-0.319349,-0.797972
0.7685,5459,Virtual,Thumb_MCP,-17.891790,1.024751,20.786520,-0.166807,0.483149,-0.138031,-0.848346
0.7685,5459,Virtual,Thumb_IP,-17.867520,1.028331,20.828970,-0.339843,0.381790,0.198963,-0.836156
0.7685,5459,Virtual,Thumb_FingerTip,-17.849580,1.011453,20.843320,-0.339843,0.381790,0.198963,-0.836156
0.7685,5459,Virtual,Index_MCP,-17.845640,1.039059,20.779080,0.504188,0.519111,0.217662,-0.654936
0.7685,5459,Virtual,Index_PIP,-17.828490,1.050220,20.821200,0.339142,0.639269,0.391918,-0.568083
0.7685,5459,Virtual,Index_DIP,-17.831720,1.049917,20.846950,0.167099,0.704102,0.522428,-0.450985
0.7685,5459,Virtual,Index_FingerTip,-17.846180,1.043571,20.868740,0.167099,0.704102,0.522428,-0.450985
0.7685,5459,Virtual,Middle_MCP,-17.832450,1.015059,20.780600,0.510120,0.550655,0.244967,-0.613635
0.7685,5459,Virtual,Middle_PIP,-17.818000,1.028850,20.829480,0.296441,0.689613,0.436189,-0.496282
0.7685,5459,Virtual,Middle_DIP,-17.827190,1.028183,20.855620,0.074106,0.746962,0.565805,-0.341207
0.7685,5459,Virtual,Middle_FingerTip,-17.848590,1.020389,20.872430,0.074106,0.746962,0.565805,-0.341207
0.7685,5459,Virtual,Ring_MCP,-17.826200,0.991449,20.783390,0.525123,0.557973,0.246370,-0.593477
0.7685,5459,Virtual,Ring_PIP,-17.814290,1.005111,20.826250,0.306588,0.702205,0.431812,-0.475869
0.7685,5459,Virtual,Ring_DIP,-17.823750,1.005628,20.850830,0.078465,0.762188,0.556099,-0.321973
0.7685,5459,Virtual,Ring_FingerTip,-17.843890,0.999475,20.865750,0.078465,0.762188,0.556099,-0.321973
0.7685,5459,Virtual,Pinky_MCP,-17.825720,0.969153,20.785150,0.535392,0.562207,0.246691,-0.580019
0.7685,5459,Virtual,Pinky_PIP,-17.816030,0.981588,20.821220,0.314832,0.709650,0.427583,-0.463089
0.7685,5459,Virtual,Pinky_DIP,-17.822870,0.982520,20.838220,0.084054,0.771788,0.548183,-0.311084
0.7685,5459,Virtual,Pinky_FingerTip,-17.838050,0.978472,20.849180,0.084054,0.771788,0.548183,-0.311084
0.7685,5459,Render,Wrist,-17.917900,0.962171,20.734480,0.682161,0.313208,-0.008814,-0.660666
0.7685,5459,Render,Thumb_CMC,-17.904090,1.004943,20.749310,0.044227,0.521810,-0.380912,-0.762014
0.7685,5459,Render,Thumb_MCP,-17.896840,1.032461,20.782760,-0.003539,0.523670,-0.309840,-0.793573
0.7685,5459,Render,Thumb_IP,-17.884110,1.056391,20.823610,-0.093750,0.515222,-0.168415,-0.835101
0.7685,5459,Render,Thumb_FingerTip,-17.872360,1.061654,20.849040,-0.093750,0.515222,-0.168415,-0.835101
0.7685,5459,Render,Index_MCP,-17.845640,1.039059,20.779080,0.629388,0.357146,0.025543,-0.689685
0.7685,5459,Render,Index_PIP,-17.810820,1.058461,20.803650,0.590840,0.417840,0.093857,-0.683746
0.7685,5459,Render,Index_DIP,-17.794390,1.067946,20.821370,0.551148,0.468954,0.154566,-0.672627
0.7685,5459,Render,Index_FingerTip,-17.780610,1.076258,20.842920,0.551148,0.468954,0.154566,-0.672627
0.7685,5459,Render,Middle_MCP,-17.832450,1.015059,20.780600,0.642439,0.388220,0.065830,-0.657437
0.7685,5459,Render,Middle_PIP,-17.796020,1.036829,20.812020,0.571592,0.486545,0.170770,-0.638275
0.7685,5459,Render,Middle_DIP,-17.783040,1.046204,20.834650,0.495029,0.564260,0.261486,-0.606780
0.7685,5459,Render,Middle_FingerTip,-17.776630,1.053033,20.861350,0.495029,0.564260,0.261486,-0.606780
0.7685,5459,Render,Ring_MCP,-17.826200,0.991449,20.783390,0.671768,0.368531,0.051050,-0.640552
0.7685,5459,Render,Ring_PIP,-17.792550,1.011447,20.808550,0.625055,0.443164,0.124198,-0.630466
0.7685,5459,Render,Ring_DIP,-17.777360,1.021916,20.827360,0.575936,0.505357,0.188656,-0.614265
0.7685,5459,Render,Ring_FingerTip,-17.766580,1.030955,20.848990,0.575936,0.505357,0.188656,-0.614265
0.7685,5459,Render,Pinky_MCP,-17.825720,0.969153,20.785150,0.677752,0.378648,0.064053,-0.627037
0.7685,5459,Render,Pinky_PIP,-17.797960,0.986198,20.807260,0.620893,0.466062,0.147509,-0.612797
0.7685,5459,Render,Pinky_DIP,-17.788380,0.993499,20.821100,0.560109,0.537588,0.220385,-0.590516
0.7685,5459,Render,Pinky_FingerTip,-17.782160,1.000050,20.837990,0.560109,0.537588,0.220385,-0.590516
0.7822,5460,Real,Wrist,-17.925300,0.959387,20.731800,0.682997,0.304018,-0.018018,-0.663901
0.7822,5460,Real,Thumb_CMC,-17.911060,1.002184,20.746150,-0.062066,0.497729,-0.318493,-0.804349
0.7822,5460,Real,Thumb_MCP,-17.897820,1.021969,20.783040,-0.169835,0.471955,-0.134113,-0.854651
0.7822,5460,Real,Thumb_IP,-17.872390,1.025349,20.824840,-0.339651,0.369084,0.208002,-0.839732
0.7822,5460,Real,Thumb_FingerTip,-17.854120,1.008248,20.838470,-0.339651,0.369084,0.208002,-0.839732
0.7822,5460,Real,Index_MCP,-17.851810,1.036319,20.774250,0.507932,0.510583,0.210832,-0.660954
0.7822,5460,Real,Index_PIP,-17.833560,1.047557,20.815890,0.343993,0.632739,0.388065,-0.575079
0.7822,5460,Real,Index_DIP,-17.836210,1.047271,20.841710,0.172319,0.699283,0.521197,-0.457891
0.7822,5460,Real,Index_FingerTip,-17.850230,1.040914,20.863770,0.172319,0.699283,0.521197,-0.457891
0.7822,5460,Real,Middle_MCP,-17.838600,1.012310,20.775480,0.513462,0.543386,0.238791,-0.619732
0.7822,5460,Real,Middle_PIP,-17.823000,1.026148,20.824000,0.299069,0.685179,0.434580,-0.502224
0.7822,5460,Real,Middle_DIP,-17.831780,1.025408,20.850280,0.075064,0.743826,0.567412,-0.345156
0.7822,5460,Real,Middle_FingerTip,-17.853010,1.017484,20.867220,0.075064,0.743826,0.567412,-0.345156
0.7822,5460,Real,Ring_MCP,-17.832300,0.988701,20.778170,0.528481,0.550960,0.239900,-0.599666
0.7822,5460,Real,Ring_PIP,-17.819380,1.002412,20.820720,0.309127,0.698061,0.429870,-0.482041
0.7822,5460,Real,Ring_DIP,-17.828440,1.002864,20.845450,0.079221,0.759324,0.557388,-0.326298
0.7822,5460,Real,Ring_FingerTip,-17.848420,0.996583,20.860510,0.079221,0.759324,0.557388,-0.326298
0.7822,5460,Real,Pinky_MCP,-17.831790,0.966409,20.779970,0.538731,0.555386,0.240050,-0.586252
0.7822,5460,Real,Pinky_PIP,-17.821250,0.978888,20.815790,0.317256,0.705715,0.425440,-0.469378
0.7822,5460,Real,Pinky_DIP,-17.827820,0.979776,20.832900,0.084598,0.769109,0.549275,-0.315614
0.7822,5460,Real,Pinky_FingerTip,-17.842880,0.975627,20.843980,0.084598,0.769109,0.549275,-0.315614
0.7822,5460,Virtual,Wrist,-17.921820,0.960988,20.733090,0.683083,0.308967,-0.014221,-0.661616
0.7822,5460,Virtual,Thumb_CMC,-17.907840,1.003821,20.747590,-0.060105,0.502833,-0.319784,-0.800802
0.7822,5460,Virtual,Thumb_MCP,-17.895120,1.023656,20.784650,-0.169043,0.477366,-0.136151,-0.851475
0.7822,5460,Virtual,Thumb_IP,-17.870250,1.027112,20.826760,-0.341021,0.374378,0.204892,-0.837595
0.7822,5460,Virtual,Thumb_FingerTip,-17.852140,1.010053,20.840650,-0.341021,0.374378,0.204892,-0.837595
0.7822,5460,Virtual,Index_MCP,-17.849030,1.038080,20.776450,0.506335,0.515441,0.213398,-0.657577
0.7822,5460,Virtual,Index_PIP,-17.831350,1.049381,20.818320,0.341095,0.636953,0.389579,-0.571117
0.7822,5460,Virtual,Index_DIP,-17.834330,1.049109,20.844100,0.168447,0.702624,0.521656,-0.453675
0.7822,5460,Virtual,Index_FingerTip,-17.848630,1.042744,20.865980,0.168447,0.702624,0.521656,-0.453675
0.7822,5460,Virtual,Middle_MCP,-17.835790,1.014096,20.777870,0.511637,0.547988,0.241417,-0.616162
0.7822,5460,Virtual,Middle_PIP,-17.820850,1.027997,20.826580,0.295793,0.688890,0.435841,-0.497976
0.7822,5460,Virtual,Middle_DIP,-17.829980,1.027261,20.852740,0.070810,0.746357,0.567313,-0.340725
0.7822,5460,Virtual,Middle_FingerTip,-17.851420,1.019312,20.869400,0.070810,0.746357,0.567313,-0.340725
0.7822,5460,Virtual,Ring_MCP,-17.829490,0.990500,20.780650,0.526634,0.555443,0.242639,-0.596042
0.7822,5460,Virtual,Ring_PIP,-17.817150,1.004265,20.823360,0.305864,0.701647,0.431211,-0.477700
0.7822,5460,Virtual,Ring_DIP,-17.826540,1.004719,20.847970,0.075012,0.761731,0.557327,-0.321756
0.7822,5460,Virtual,Ring_FingerTip,-17.846710,0.998414,20.862770,0.075012,0.761731,0.557327,-0.321756
0.7822,5460,Virtual,Pinky_MCP,-17.828970,0.968210,20.782480,0.536874,0.559790,0.242866,-0.582596
0.7822,5460,Virtual,Pinky_PIP,-17.818910,0.980734,20.818430,0.314009,0.709223,0.426843,-0.464981
0.7822,5460,Virtual,Pinky_DIP,-17.825710,0.981623,20.835450,0.080430,0.771446,0.549256,-0.310999
0.7822,5460,Virtual,Pinky_FingerTip,-17.840910,0.977455,20.846330,0.080430,0.771446,0.549256,-0.310999
0.7822,5460,Render,Wrist,-17.921820,0.960988,20.733090,0.683083,0.308967,-0.014221,-0.661616
0.7822,5460,Render,Thumb_CMC,-17.907840,1.003821,20.747590,0.042697,0.516627,-0.382256,-0.764954
0.7822,5460,Render,Thumb_MCP,-17.900210,1.031438,20.780870,-0.004590,0.518368,-0.310911,-0.796623
0.7822,5460,Render,Thumb_IP,-17.887010,1.055492,20.821500,-0.093871,0.509818,-0.168944,-0.838291
0.7822,5460,Render,Thumb_FingerTip,-17.874950,1.060837,20.846770,-0.093871,0.509818,-0.168944,-0.838291
0.7822,5460,Render,Index_MCP,-17.849030,1.038080,20.776450,0.630575,0.352745,0.020407,-0.691035
0.7822,5460,Render,Index_PIP,-17.813890,1.057592,20.800480,0.592459,0.413579,0.088881,-0.685599
0.7822,5460,Render,Index_DIP,-17.797230,1.067148,20.817940,0.553141,0.464854,0.149776,-0.674917
0.7822,5460,Render,Index_FingerTip,-17.783160,1.075544,20.839280,0.553141,0.464854,0.149776,-0.674917
0.7822,5460,Render,Middle_MCP,-17.835790,1.014096,20.777870,0.643834,0.384110,0.060565,-0.658991
0.7822,5460,Render,Middle_PIP,-17.798950,1.035999,20.808720,0.573630,0.482713,0.165824,-0.640656
0.7822,5460,Render,Middle_DIP,-17.785680,1.045460,20.831140,0.497601,0.560764,0.256937,-0.609853
0.7822,5460,Render,Middle_FingerTip,-17.778910,1.052385,20.857730,0.497601,0.560764,0.256937,-0.609853
0.7822,5460,Render,Ring_MCP,-17.829490,0.990500,20.780650,0.673041,0.364522,0.045626,-0.641918
0.7822,5460,Render,Ring_PIP,-17.795520,1.010608,20.805290,0.626779,0.439328,0.118966,-0.632445
0.7822,5460,Render,Ring_DIP,-17.780090,1.021152,20.823860,0.578047,0.501719,0.183657,-0.616774
0.7822,5460,Render,Ring_FingerTip,-17.769010,1.030272,20.845300,0.578047,0.501719,0.183657,-0.616774
0.7822,5460,Render,Pinky_MCP,-17.828970,0.968210,20.782480,0.679085,0.374755,0.058577,-0.628467
0.7822,5460,Render,Pinky_PIP,-17.800920,0.985351,20.804160,0.622736,0.462383,0.142273,-0.614947
0.7822,5460,Render,Pinky_DIP,-17.791160,0.992706,20.817840,0.562383,0.534158,0.215447,-0.593283
0.7822,5460,Render,Pinky_FingerTip,-17.784720,0.999318,20.834630,0.562383,0.534158,0.215447,-0.593283
0.7961,5461,Real,Wrist,-17.928920,0.957775,20.730830,0.682817,0.299402,-0.022188,-0.666053
0.7961,5461,Real,Thumb_CMC,-17.914460,1.000555,20.745010,-0.064165,0.492533,-0.317663,-0.807704
0.7961,5461,Real,Thumb_MCP,-17.900720,1.020313,20.781740,-0.170743,0.466425,-0.132567,-0.857742
0.7961,5461,Real,Thumb_IP,-17.874750,1.023654,20.823190,-0.338342,0.363635,0.210627,-0.841981
0.7961,5461,Real,Thumb_FingerTip,-17.856310,1.006533,20.836580,-0.338342,0.363635,0.210627,-0.841981
0.7961,5461,Real,Index_MCP,-17.854820,1.034633,20.772350,0.509337,0.505992,0.207856,-0.664338
0.7961,5461,Real,Index_PIP,-17.836020,1.045838,20.813750,0.346631,0.628728,0.386159,-0.579163
0.7961,5461,Real,Index_DIP,-17.838330,1.045541,20.839600,0.175888,0.696071,0.520389,-0.462325
0.7961,5461,Real,Index_FingerTip,-17.852060,1.039184,20.861840,0.175888,0.696071,0.520389,-0.462325
0.7961,5461,Real,Middle_MCP,-17.841610,1.010615,20.773390,0.515072,0.539057,0.235770,-0.623323
0.7961,5461,Real,Middle_PIP,-17.825370,1.024417,20.821700,0.302050,0.681650,0.432954,-0.506626
0.7961,5461,Real,Middle_DIP,-17.833800,1.023671,20.848100,0.078982,0.741379,0.567211,-0.349844
0.7961,5461,Real,Middle_FingerTip,-17.854820,1.015754,20.865310,0.078982,0.741379,0.567211,-0.349844
0.7961,5461,Real,Ring_MCP,-17.835300,0.987000,20.775980,0.530106,0.546756,0.236775,-0.603311
0.7961,5461,Real,Ring_PIP,-17.821800,1.000680,20.818360,0.312087,0.694663,0.428174,-0.486532
0.7961,5461,Real,Ring_DIP,-17.830540,1.001127,20.843210,0.083083,0.757002,0.557157,-0.331093
0.7961,5461,Real,Ring_FingerTip,-17.850330,0.994853,20.858530,0.083083,0.757002,0.557157,-0.331093
0.7961,5461,Real,Pinky_MCP,-17.834790,0.964706,20.777770,0.540361,0.551267,0.236854,-0.589928
0.7961,5461,Real,Pinky_PIP,-17.823760,0.977160,20.813450,0.320192,0.702398,0.423688,-0.473923
0.7961,5461,Real,Pinky_DIP,-17.830100,0.978045,20.830640,0.088413,0.766856,0.549007,-0.320478
0.7961,5461,Real,Pinky_FingerTip,-17.845030,0.973901,20.841920,0.088413,0.766856,0.549007,-0.320478
0.7961,5461,Virtual,Wrist,-17.925310,0.959386,20.731810,0.682997,0.304017,-0.018018,-0.663901
0.7961,5461,Virtual,Thumb_CMC,-17.911070,1.002183,20.746160,-0.062066,0.497729,-0.318493,-0.804349
0.7961,5461,Virtual,Thumb_MCP,-17.897820,1.021969,20.783050,-0.169835,0.471955,-0.134113,-0.854651
0.7961,5461,Virtual,Thumb_IP,-17.872400,1.025348,20.824840,-0.339651,0.369084,0.208002,-0.839732
0.7961,5461,Virtual,Thumb_FingerTip,-17.854130,1.008247,20.838480,-0.339651,0.369084,0.208002,-0.839732
0.7961,5461,Virtual,Index_MCP,-17.851810,1.036318,20.774260,0.507933,0.510583,0.210832,-0.660954
0.7961,5461,Virtual,Index_PIP,-17.833570,1.047556,20.815900,0.343993,0.632739,0.388065,-0.575079
0.7961,5461,Virtual,Index_DIP,-17.836210,1.047270,20.841710,0.172319,0.699283,0.521196,-0.457891
0.7961,5461,Virtual,Index_FingerTip,-17.850230,1.040914,20.863780,0.172319,0.699283,0.521196,-0.457891
0.7961,5461,Virtual,Middle_MCP,-17.838600,1.012310,20.775490,0.513462,0.543386,0.238791,-0.619732
0.7961,5461,Virtual,Middle_PIP,-17.823000,1.026147,20.824000,0.299069,0.685179,0.434580,-0.502224
0.7961,5461,Virtual,Middle_DIP,-17.831780,1.025408,20.850290,0.075064,0.743826,0.567412,-0.345156
0.7961,5461,Virtual,Middle_FingerTip,-17.853020,1.017483,20.867230,0.075064,0.743826,0.567412,-0.345156
0.7961,5461,Virtual,Ring_MCP,-17.832300,0.988701,20.778180,0.528482,0.550960,0.239900,-0.599666
0.7961,5461,Virtual,Ring_PIP,-17.819380,1.002411,20.820720,0.309128,0.698061,0.429870,-0.482041
0.7961,5461,Virtual,Ring_DIP,-17.828440,1.002863,20.845450,0.079221,0.759324,0.557388,-0.326298
0.7961,5461,Virtual,Ring_FingerTip,-17.848430,0.996583,20.860520,0.079221,0.759324,0.557388,-0.326298
0.7961,5461,Virtual,Pinky_MCP,-17.831800,0.966409,20.779980,0.538731,0.555386,0.240050,-0.586252
0.7961,5461,Virtual,Pinky_PIP,-17.821250,0.978888,20.815800,0.317256,0.705715,0.425440,-0.469378
0.7961,5461,Virtual,Pinky_DIP,-17.827820,0.979776,20.832900,0.084598,0.769109,0.549275,-0.315615
0.7961,5461,Virtual,Pinky_FingerTip,-17.842890,0.975626,20.843980,0.084598,0.769109,0.549275,-0.315615
0.7961,5461,Render,Wrist,-17.925310,0.959386,20.731810,0.682997,0.304017,-0.018018,-0.663901
0.7961,5461,Render,Thumb_CMC,-17.911070,1.002183,20.746160,0.040279,0.512940,-0.381426,-0.767975
0.7961,5461,Render,Thumb_MCP,-17.903040,1.029723,20.779400,-0.006661,0.514476,-0.309808,-0.799556
0.7961,5461,Render,Thumb_IP,-17.889370,1.053678,20.819940,-0.095241,0.505627,-0.167352,-0.840990
0.7961,5461,Render,Thumb_FingerTip,-17.877040,1.058955,20.845090,-0.095241,0.505627,-0.167352,-0.840990
0.7961,5461,Render,Index_MCP,-17.851810,1.036318,20.774260,0.630746,0.347634,0.016997,-0.693557
0.7961,5461,Render,Index_PIP,-17.816330,1.055750,20.797850,0.593136,0.408510,0.085737,-0.688447
0.7961,5461,Render,Index_DIP,-17.799420,1.065264,20.815090,0.554268,0.459866,0.146899,-0.678035
0.7961,5461,Render,Index_FingerTip,-17.785060,1.073619,20.836240,0.554268,0.459866,0.146899,-0.678035
0.7961,5461,Render,Middle_MCP,-17.838600,1.012310,20.775490,0.644308,0.379183,0.057050,-0.661690
0.7961,5461,Render,Middle_PIP,-17.801320,1.034125,20.805870,0.574890,0.477926,0.162789,-0.643885
0.7961,5461,Render,Middle_DIP,-17.787740,1.043546,20.828120,0.499542,0.556210,0.254402,-0.613489
0.7961,5461,Render,Middle_FingerTip,-17.780610,1.050439,20.854630,0.499542,0.556210,0.254402,-0.613489
0.7961,5461,Render,Ring_MCP,-17.832300,0.988701,20.778180,0.673405,0.359688,0.041897,-0.644512
0.7961,5461,Render,Ring_PIP,-17.797970,1.008731,20.802370,0.627695,0.434566,0.115560,-0.635450
0.7961,5461,Render,Ring_DIP,-17.782280,1.019234,20.820750,0.579450,0.497078,0.180579,-0.620115
0.7961,5461,Render,Ring_FingerTip,-17.770920,1.028318,20.842050,0.579450,0.497078,0.180579,-0.620115
0.7961,5461,Render,Pinky_MCP,-17.831800,0.966409,20.779980,0.679549,0.369998,0.054800,-0.631120
0.7961,5461,Render,Pinky_PIP,-17.803440,0.983484,20.801300,0.623833,0.457731,0.138886,-0.618083
0.7961,5461,Render,Pinky_DIP,-17.793490,0.990811,20.814860,0.564033,0.529672,0.212463,-0.596804
0.7961,5461,Render,Pinky_FingerTip,-17.786820,0.997400,20.831560,0.564033,0.529672,0.212463,-0.596804
0.8100,5462,Real,Wrist,-17.932350,0.956350,20.729410,0.682996,0.295341,-0.026079,-0.667541
0.8100,5462,Real,Thumb_CMC,-17.917710,0.999133,20.743390,-0.069473,0.489251,-0.313997,-0.810687
0.8100,5462,Real,Thumb_MCP,-17.903470,1.018503,20.780140,-0.178759,0.460693,-0.121700,-0.860811
0.8100,5462,Real,Thumb_IP,-17.876710,1.020700,20.821160,-0.348404,0.350439,0.233482,-0.837433
0.8100,5462,Real,Thumb_FingerTip,-17.858310,1.002596,20.833250,-0.348404,0.350439,0.233482,-0.837433
0.8100,5462,Real,Index_MCP,-17.857730,1.033197,20.770010,0.510248,0.502737,0.205769,-0.666755
0.8100,5462,Real,Index_PIP,-17.838540,1.044373,20.811240,0.346413,0.626974,0.386699,-0.580833
0.8100,5462,Real,Index_DIP,-17.840750,1.043988,20.837100,0.174118,0.694824,0.522670,-0.462297
0.8100,5462,Real,Index_FingerTip,-17.854520,1.037497,20.859280,0.174118,0.694824,0.522670,-0.462297
0.8100,5462,Real,Middle_MCP,-17.844520,1.009173,20.770920,0.515680,0.536455,0.234058,-0.625706
0.8100,5462,Real,Middle_PIP,-17.827900,1.022922,20.819120,0.299930,0.680993,0.434821,-0.507170
0.8100,5462,Real,Middle_DIP,-17.836370,1.022020,20.845490,0.073664,0.740462,0.570802,-0.347096
0.8100,5462,Real,Middle_FingerTip,-17.857540,1.013893,20.862420,0.073664,0.740462,0.570802,-0.347096
0.8100,5462,Real,Ring_MCP,-17.838190,0.985556,20.773450,0.530730,0.544266,0.234890,-0.605745
0.8100,5462,Real,Ring_PIP,-17.824360,0.999198,20.815740,0.309895,0.694166,0.429786,-0.487220
0.8100,5462,Real,Ring_DIP,-17.833140,0.999499,20.840580,0.077590,0.756228,0.560456,-0.328617
0.8100,5462,Real,Ring_FingerTip,-17.853060,0.993024,20.855640,0.077590,0.756228,0.560456,-0.328617
0.8100,5462,Real,Pinky_MCP,-17.837670,0.963264,20.775250,0.540973,0.548873,0.234876,-0.592385
0.8100,5462,Real,Pinky_PIP,-17.826360,0.975689,20.810860,0.317914,0.702029,0.425156,-0.474689
0.8100,5462,Real,Pinky_DIP,-17.832740,0.976473,20.828040,0.082753,0.766202,0.552144,-0.318158
0.8100,5462,Real,Pinky_FingerTip,-17.847750,0.972171,20.839130,0.082753,0.766202,0.552144,-0.318158
0.8100,5462,Virtual,Wrist,-17.928930,0.957779,20.730830,0.682818,0.299402,-0.022188,-0.666053
0.8100,5462,Virtual,Thumb_CMC,-17.914470,1.000559,20.745010,-0.068071,0.494041,-0.314437,-0.807725
0.8100,5462,Virtual,Thumb_MCP,-17.900680,1.019910,20.781940,-0.178482,0.465677,-0.122801,-0.858027
0.8100,5462,Virtual,Thumb_IP,-17.874390,1.022092,20.823270,-0.350147,0.355116,0.231357,-0.835322
0.8100,5462,Virtual,Thumb_FingerTip,-17.856130,1.003989,20.835560,-0.350147,0.355116,0.231357,-0.835322
0.8100,5462,Virtual,Index_MCP,-17.854830,1.034637,20.772360,0.508671,0.506661,0.208729,-0.664064
0.8100,5462,Virtual,Index_PIP,-17.836120,1.045793,20.813810,0.343787,0.630288,0.388772,-0.577412
0.8100,5462,Virtual,Index_DIP,-17.838630,1.045388,20.839640,0.170730,0.697354,0.523797,-0.458460
0.8100,5462,Virtual,Index_FingerTip,-17.852660,1.038874,20.861650,0.170730,0.697354,0.523797,-0.458460
0.8100,5462,Virtual,Middle_MCP,-17.841620,1.010618,20.773400,0.513946,0.540131,0.237071,-0.622829
0.8100,5462,Virtual,Middle_PIP,-17.825560,1.024342,20.821790,0.297038,0.683849,0.436662,-0.503434
0.8100,5462,Virtual,Middle_DIP,-17.834340,1.023416,20.848070,0.070028,0.742279,0.571392,-0.342972
0.8100,5462,Virtual,Middle_FingerTip,-17.855700,1.015266,20.864740,0.070028,0.742279,0.571392,-0.342972
0.8100,5462,Virtual,Ring_MCP,-17.835300,0.987003,20.775990,0.528996,0.547830,0.237999,-0.602829
0.8100,5462,Virtual,Ring_PIP,-17.821970,1.000622,20.818440,0.307035,0.696910,0.431695,-0.483410
0.8100,5462,Virtual,Ring_DIP,-17.831040,1.000901,20.843170,0.074016,0.757942,0.561080,-0.324400
0.8100,5462,Virtual,Ring_FingerTip,-17.851120,0.994404,20.858010,0.074016,0.757942,0.561080,-0.324400
0.8100,5462,Virtual,Pinky_MCP,-17.834790,0.964710,20.777770,0.539242,0.552362,0.238050,-0.589446
0.8100,5462,Virtual,Pinky_PIP,-17.823910,0.977115,20.813520,0.315083,0.704704,0.427118,-0.470834
0.8100,5462,Virtual,Pinky_DIP,-17.830470,0.977883,20.830630,0.079228,0.767860,0.552804,-0.313884
0.8100,5462,Virtual,Pinky_FingerTip,-17.845620,0.973566,20.841540,0.079228,0.767860,0.552804,-0.313884
0.8100,5462,Render,Wrist,-17.928930,0.957779,20.730830,0.682818,0.299402,-0.022188,-0.666053
0.8100,5462,Render,Thumb_CMC,-17.914470,1.000559,20.745010,0.037778,0.507959,-0.381277,-0.771478
0.8100,5462,Render,Thumb_MCP,-17.905990,1.028077,20.778160,-0.008698,0.509288,-0.309340,-0.803031
0.8100,5462,Render,Thumb_IP,-17.891770,1.052002,20.818530,-0.096353,0.500166,-0.166292,-0.844332
0.8100,5462,Render,Thumb_FingerTip,-17.879110,1.057258,20.843520,-0.096353,0.500166,-0.166292,-0.844332
0.8100,5462,Render,Index_MCP,-17.854830,1.034637,20.772360,0.630807,0.342834,0.013191,-0.695970
0.8100,5462,Render,Index_PIP,-17.819020,1.054031,20.795480,0.593672,0.403739,0.082190,-0.691226
0.8100,5462,Render,Index_DIP,-17.801880,1.063525,20.812500,0.555229,0.455162,0.143614,-0.681119
0.8100,5462,Render,Index_FingerTip,-17.787230,1.071859,20.833470,0.555229,0.455162,0.143614,-0.681119
0.8100,5462,Render,Middle_MCP,-17.841620,1.010618,20.773400,0.644650,0.374576,0.053150,-0.664300
0.8100,5462,Render,Middle_PIP,-17.803930,1.032391,20.803300,0.575970,0.473434,0.159360,-0.647089
0.8100,5462,Render,Middle_DIP,-17.790040,1.041792,20.825370,0.501261,0.551922,0.251474,-0.617155
0.8100,5462,Render,Middle_FingerTip,-17.782560,1.048666,20.851780,0.501261,0.551922,0.251474,-0.617155
0.8100,5462,Render,Ring_MCP,-17.835300,0.987003,20.775990,0.673644,0.355187,0.037796,-0.647007
0.8100,5462,Render,Ring_PIP,-17.800640,1.006997,20.799750,0.628449,0.430123,0.111771,-0.638399
0.8100,5462,Render,Ring_DIP,-17.784700,1.017479,20.817910,0.580659,0.492736,0.177115,-0.623439
0.8100,5462,Render,Ring_FingerTip,-17.773050,1.026545,20.839070,0.580659,0.492736,0.177115,-0.623439
0.8100,5462,Render,Pinky_MCP,-17.834790,0.964710,20.777770,0.679880,0.365580,0.050655,-0.633679
0.8100,5462,Render,Pinky_PIP,-17.806140,0.981754,20.798730,0.624753,0.453397,0.135121,-0.621174
0.8100,5462,Render,Pinky_DIP,-17.796010,0.989067,20.812160,0.565469,0.525481,0.209099,-0.600327
0.8100,5462,Render,Pinky_FingerTip,-17.789110,0.995643,20.828770,0.565469,0.525481,0.209099,-0.600327
0.8241,5463,Real,Wrist,-17.935440,0.954906,20.728620,0.683252,0.291005,-0.030600,-0.668990
0.8241,5463,Real,Thumb_CMC,-17.920620,0.997704,20.742360,-0.070944,0.483856,-0.313808,-0.813864
0.8241,5463,Real,Thumb_MCP,-17.905910,1.017119,20.778900,-0.178967,0.455105,-0.120794,-0.863863
0.8241,5463,Real,Thumb_IP,-17.878620,1.019365,20.819570,-0.346355,0.345236,0.235535,-0.839866
0.8241,5463,Real,Thumb_FingerTip,-17.860080,1.001274,20.831450,-0.346355,0.345236,0.235535,-0.839866
0.8241,5463,Real,Index_MCP,-17.860300,1.031795,20.768170,0.512003,0.498558,0.202219,-0.669628
0.8241,5463,Real,Index_PIP,-17.840580,1.043020,20.809130,0.349283,0.623465,0.384111,-0.584595
0.8241,5463,Real,Index_DIP,-17.842460,1.042668,20.835010,0.177791,0.692168,0.521133,-0.466598
0.8241,5463,Real,Index_FingerTip,-17.855950,1.036207,20.857380,0.177791,0.692168,0.521133,-0.466598
0.8241,5463,Real,Middle_MCP,-17.847090,1.007770,20.768930,0.517593,0.532555,0.230448,-0.628790
0.8241,5463,Real,Middle_PIP,-17.829840,1.021578,20.816890,0.303066,0.677988,0.432491,-0.511307
0.8241,5463,Real,Middle_DIP,-17.837980,1.020710,20.843380,0.077578,0.738579,0.569872,-0.351752
0.8241,5463,Real,Middle_FingerTip,-17.858930,1.012607,20.860590,0.077578,0.738579,0.569872,-0.351752
0.8241,5463,Real,Ring_MCP,-17.840720,0.984156,20.771410,0.532636,0.540494,0.231178,-0.608870
0.8241,5463,Real,Ring_PIP,-17.826350,0.997850,20.813500,0.312986,0.691284,0.427383,-0.491436
0.8241,5463,Real,Ring_DIP,-17.834810,0.998183,20.838450,0.081427,0.754456,0.559490,-0.333372
0.8241,5463,Real,Ring_FingerTip,-17.854540,0.991729,20.853780,0.081427,0.754456,0.559490,-0.333372
0.8241,5463,Real,Pinky_MCP,-17.840180,0.961866,20.773230,0.542870,0.545186,0.231095,-0.595534
0.8241,5463,Real,Pinky_PIP,-17.828420,0.974334,20.808680,0.320968,0.699224,0.422696,-0.478950
0.8241,5463,Real,Pinky_DIP,-17.834570,0.975141,20.825940,0.086530,0.764492,0.551138,-0.322975
0.8241,5463,Real,Pinky_FingerTip,-17.849440,0.970855,20.837230,0.086530,0.764492,0.551138,-0.322975
0.8241,5463,Virtual,Wrist,-17.932360,0.956350,20.729420,0.682996,0.295341,-0.026079,-0.667540
0.8241,5463,Virtual,Thumb_CMC,-17.917710,0.999132,20.743400,-0.069473,0.489251,-0.313997,-0.810687
0.8241,5463,Virtual,Thumb_MCP,-17.903480,1.018502,20.780150,-0.178759,0.460693,-0.121700,-0.860812
0.8241,5463,Virtual,Thumb_IP,-17.876710,1.020700,20.821170,-0.348404,0.350439,0.233482,-0.837433
0.8241,5463,Virtual,Thumb_FingerTip,-17.858320,1.002596,20.833260,-0.348404,0.350439,0.233482,-0.837433
0.8241,5463,Virtual,Index_MCP,-17.857740,1.033197,20.770020,0.510248,0.502737,0.205769,-0.666755
0.8241,5463,Virtual,Index_PIP,-17.838550,1.044373,20.811250,0.346413,0.626974,0.386699,-0.580833
0.8241,5463,Virtual,Index_DIP,-17.840760,1.043988,20.837110,0.174118,0.694824,0.522670,-0.462297
0.8241,5463,Virtual,Index_FingerTip,-17.854530,1.037497,20.859280,0.174118,0.694824,0.522670,-0.462297
0.8241,5463,Virtual,Middle_MCP,-17.844530,1.009172,20.770920,0.515680,0.536455,0.234058,-0.625706
0.8241,5463,Virtual,Middle_PIP,-17.827910,1.022922,20.819120,0.299930,0.680993,0.434820,-0.507170
0.8241,5463,Virtual,Middle_DIP,-17.836380,1.022019,20.845500,0.073664,0.740462,0.570802,-0.347096
0.8241,5463,Virtual,Middle_FingerTip,-17.857550,1.013893,20.862420,0.073664,0.740462,0.570802,-0.347096
0.8241,5463,Virtual,Ring_MCP,-17.838200,0.985556,20.773460,0.530731,0.544266,0.234890,-0.605744
0.8241,5463,Virtual,Ring_PIP,-17.824370,0.999198,20.815750,0.309895,0.694166,0.429786,-0.487220
0.8241,5463,Virtual,Ring_DIP,-17.833140,0.999499,20.840580,0.077590,0.756228,0.560456,-0.328617
0.8241,5463,Virtual,Ring_FingerTip,-17.853060,0.993023,20.855650,0.077590,0.756228,0.560456,-0.328617
0.8241,5463,Virtual,Pinky_MCP,-17.837670,0.963263,20.775250,0.540973,0.548873,0.234876,-0.592385
0.8241,5463,Virtual,Pinky_PIP,-17.826370,0.975688,20.810860,0.317914,0.702029,0.425156,-0.474689
0.8241,5463,Virtual,Pinky_DIP,-17.832740,0.976472,20.828050,0.082753,0.766202,0.552143,-0.318158
0.8241,5463,Virtual,Pinky_FingerTip,-17.847760,0.972171,20.839140,0.082753,0.766202,0.552143,-0.318158
0.8241,5463,Render,Wrist,-17.932360,0.956350,20.729420,0.682996,0.295341,-0.026079,-0.667540
0.8241,5463,Render,Thumb_CMC,-17.917710,0.999132,20.743400,0.035879,0.505212,-0.381102,-0.773457
0.8241,5463,Render,Thumb_MCP,-17.908970,1.026611,20.776520,-0.010339,0.506379,-0.308986,-0.804986
0.8241,5463,Render,Thumb_IP,-17.894450,1.050488,20.816800,-0.097468,0.497017,-0.165607,-0.846196
0.8241,5463,Render,Thumb_FingerTip,-17.881590,1.055714,20.841690,-0.097468,0.497017,-0.165607,-0.846196
0.8241,5463,Render,Index_MCP,-17.857740,1.033197,20.770020,0.631214,0.338625,0.009593,-0.697718
0.8241,5463,Render,Index_PIP,-17.821660,1.052589,20.792710,0.594495,0.399591,0.078783,-0.693322
0.8241,5463,Render,Index_DIP,-17.804310,1.062085,20.809530,0.556419,0.451104,0.140409,-0.683512
0.8241,5463,Render,Index_FingerTip,-17.789420,1.070426,20.830320,0.556419,0.451104,0.140409,-0.683512
0.8241,5463,Render,Middle_MCP,-17.844530,1.009172,20.770920,0.645286,0.370561,0.049452,-0.666217
0.8241,5463,Render,Middle_PIP,-17.806480,1.030946,20.800370,0.577244,0.469574,0.156018,-0.649576
0.8241,5463,Render,Middle_DIP,-17.792340,1.040355,20.822270,0.503081,0.548288,0.248528,-0.620100
0.8241,5463,Render,Middle_FingerTip,-17.784550,1.047244,20.848590,0.503081,0.548288,0.248528,-0.620100
0.8241,5463,Render,Ring_MCP,-17.838200,0.985556,20.773460,0.674179,0.351260,0.033931,-0.648805
0.8241,5463,Render,Ring_PIP,-17.803250,1.005547,20.796800,0.629431,0.426283,0.108139,-0.640629
0.8241,5463,Render,Ring_DIP,-17.787100,1.016034,20.814780,0.582033,0.489018,0.173732,-0.626032
0.8241,5463,Render,Ring_FingerTip,-17.775200,1.025109,20.835790,0.582033,0.489018,0.173732,-0.626032
0.8241,5463,Render,Pinky_MCP,-17.837670,0.963263,20.775250,0.680487,0.361733,0.046747,-0.635533
0.8241,5463,Render,Pinky_PIP,-17.808780,0.980307,20.795860,0.625871,0.449666,0.131497,-0.623535
0.8241,5463,Render,Pinky_DIP,-17.798480,0.987625,20.809170,0.567029,0.521912,0.205786,-0.603108
0.8241,5463,Render,Pinky_FingerTip,-17.791390,0.994209,20.825700,0.567029,0.521912,0.205786,-0.603108
0.8382,5464,Real,Wrist,-17.938270,0.953604,20.728140,0.684244,0.286583,-0.034319,-0.669704
0.8382,5464,Real,Thumb_CMC,-17.923210,0.996415,20.741590,-0.073404,0.479848,-0.311758,-0.816802
0.8382,5464,Real,Thumb_MCP,-17.908060,1.015685,20.778020,-0.182593,0.449780,-0.114010,-0.866810
0.8382,5464,Real,Thumb_IP,-17.880140,1.017322,20.818300,-0.350431,0.335917,0.250111,-0.837737
0.8382,5464,Real,Thumb_FingerTip,-17.861640,0.998670,20.829340,-0.350431,0.335917,0.250111,-0.837737
0.8382,5464,Real,Index_MCP,-17.862550,1.030475,20.766620,0.513845,0.495274,0.200062,-0.671300
0.8382,5464,Real,Index_PIP,-17.842450,1.041732,20.807380,0.349547,0.622213,0.384814,-0.585309
0.8382,5464,Real,Index_DIP,-17.844270,1.041330,20.833270,0.175931,0.691651,0.523638,-0.465265
0.8382,5464,Real,Index_FingerTip,-17.857860,1.034769,20.855540,0.175931,0.691651,0.523638,-0.465265
0.8382,5464,Real,Middle_MCP,-17.849370,1.006429,20.767300,0.519575,0.529492,0.228061,-0.630610
0.8382,5464,Real,Middle_PIP,-17.831670,1.020295,20.815080,0.302889,0.677183,0.433217,-0.511863
0.8382,5464,Real,Middle_DIP,-17.839780,1.019373,20.841570,0.074626,0.738072,0.572178,-0.349705
0.8382,5464,Real,Middle_FingerTip,-17.860840,1.011165,20.858590,0.074626,0.738072,0.572178,-0.349705
0.8382,5464,Real,Ring_MCP,-17.843030,0.982811,20.769780,0.534695,0.537446,0.228534,-0.610758
0.8382,5464,Real,Ring_PIP,-17.828230,0.996567,20.811700,0.313040,0.690474,0.427652,-0.492308
0.8382,5464,Real,Ring_DIP,-17.836640,0.996862,20.836670,0.078847,0.754010,0.561291,-0.331971
0.8382,5464,Real,Ring_FingerTip,-17.856440,0.990315,20.851860,0.078847,0.754010,0.561291,-0.331971
0.8382,5464,Real,Pinky_MCP,-17.842490,0.960525,20.771650,0.544910,0.542215,0.228362,-0.597434
0.8382,5464,Real,Pinky_PIP,-17.830380,0.973048,20.806960,0.320942,0.698512,0.422832,-0.479886
0.8382,5464,Real,Pinky_DIP,-17.836490,0.973828,20.824230,0.083804,0.764134,0.552794,-0.321708
0.8382,5464,Real,Pinky_FingerTip,-17.851420,0.969468,20.835420,0.083804,0.764134,0.552794,-0.321708
0.8382,5464,Virtual,Wrist,-17.935450,0.954906,20.728630,0.683252,0.291005,-0.030600,-0.668990
0.8382,5464,Virtual,Thumb_CMC,-17.920620,0.997704,20.742370,-0.073176,0.484849,-0.312190,-0.813699
0.8382,5464,Virtual,Thumb_MCP,-17.905910,1.016897,20.779020,-0.183530,0.454697,-0.115149,-0.863892
0.8382,5464,Virtual,Thumb_IP,-17.878460,1.018469,20.819610,-0.353295,0.340022,0.247879,-0.835538
0.8382,5464,Virtual,Thumb_FingerTip,-17.860050,0.999816,20.830810,-0.353295,0.340022,0.247879,-0.835538
0.8382,5464,Virtual,Index_MCP,-17.860310,1.031795,20.768180,0.511347,0.499231,0.203099,-0.669361
0.8382,5464,Virtual,Index_PIP,-17.840680,1.042971,20.809200,0.346017,0.625284,0.387164,-0.582578
0.8382,5464,Virtual,Index_DIP,-17.842810,1.042494,20.835060,0.171724,0.693699,0.525199,-0.462017
0.8382,5464,Virtual,Index_FingerTip,-17.856630,1.035848,20.857160,0.171724,0.693699,0.525199,-0.462017
0.8382,5464,Virtual,Middle_MCP,-17.847090,1.007770,20.768940,0.516946,0.533183,0.231212,-0.628510
0.8382,5464,Virtual,Middle_PIP,-17.829960,1.021532,20.816960,0.299141,0.679729,0.435440,-0.508798
0.8382,5464,Virtual,Middle_DIP,-17.838360,1.020522,20.843350,0.070267,0.739310,0.573324,-0.346096
0.8382,5464,Virtual,Middle_FingerTip,-17.859600,1.012231,20.860110,0.070267,0.739310,0.573324,-0.346096
0.8382,5464,Virtual,Ring_MCP,-17.840730,0.984156,20.771430,0.532085,0.541037,0.231799,-0.608634
0.8382,5464,Virtual,Ring_PIP,-17.826440,0.997818,20.813550,0.309339,0.692924,0.429968,-0.489177
0.8382,5464,Virtual,Ring_DIP,-17.835130,0.998030,20.838420,0.074561,0.755166,0.562499,-0.328269
0.8382,5464,Virtual,Ring_FingerTip,-17.855090,0.991407,20.853370,0.074561,0.755166,0.562499,-0.328269
0.8382,5464,Virtual,Pinky_MCP,-17.840190,0.961865,20.773240,0.542314,0.545738,0.231702,-0.595298
0.8382,5464,Virtual,Pinky_PIP,-17.828490,0.974309,20.808710,0.317279,0.700906,0.425215,-0.476716
0.8382,5464,Virtual,Pinky_DIP,-17.834810,0.975031,20.825920,0.079572,0.765247,0.554053,-0.317948
0.8382,5464,Virtual,Pinky_FingerTip,-17.849850,0.970615,20.836940,0.079572,0.765247,0.554053,-0.317948
0.8382,5464,Render,Wrist,-17.935450,0.954906,20.728630,0.683252,0.291005,-0.030600,-0.668990
0.8382,5464,Render,Thumb_CMC,-17.920620,0.997704,20.742370,0.033953,0.500007,-0.381598,-0.776675
0.8382,5464,Render,Thumb_MCP,-17.911450,1.025223,20.775330,-0.011782,0.501020,-0.309187,-0.808235
0.8382,5464,Render,Thumb_IP,-17.896410,1.049149,20.815400,-0.097966,0.491490,-0.165244,-0.849432
0.8382,5464,Render,Thumb_FingerTip,-17.883240,1.054405,20.840120,-0.097966,0.491490,-0.165244,-0.849432
0.8382,5464,Render,Index_MCP,-17.860310,1.031795,20.768180,0.631721,0.334120,0.005378,-0.699475
0.8382,5464,Render,Index_PIP,-17.823940,1.051211,20.790380,0.595446,0.395159,0.074763,-0.695488
0.8382,5464,Render,Index_DIP,-17.806380,1.060726,20.806960,0.557762,0.446775,0.136598,-0.686028
0.8382,5464,Render,Index_FingerTip,-17.791220,1.069092,20.827550,0.557762,0.446775,0.136598,-0.686028
0.8382,5464,Render,Middle_MCP,-17.847090,1.007770,20.768940,0.646030,0.366282,0.045123,-0.668167
0.8382,5464,Render,Middle_PIP,-17.808670,1.029576,20.797870,0.578666,0.465470,0.152060,-0.652197
0.8382,5464,Render,Middle_DIP,-17.794240,1.039011,20.819570,0.505084,0.544433,0.244991,-0.623268
0.8382,5464,Render,Middle_FingerTip,-17.786120,1.045932,20.845780,0.505084,0.544433,0.244991,-0.623268
0.8382,5464,Render,Ring_MCP,-17.840730,0.984156,20.771430,0.674811,0.347081,0.029429,-0.650615
0.8382,5464,Render,Ring_PIP,-17.805490,1.004172,20.794290,0.630538,0.422204,0.103874,-0.642943
0.8382,5464,Render,Ring_DIP,-17.789100,1.014680,20.812040,0.583555,0.485076,0.169729,-0.628775
0.8382,5464,Render,Ring_FingerTip,-17.776930,1.023779,20.832890,0.583555,0.485076,0.169729,-0.628775
0.8382,5464,Render,Pinky_MCP,-17.840190,0.961865,20.773240,0.681193,0.357647,0.042197,-0.637405
0.8382,5464,Render,Pinky_PIP,-17.811030,0.978932,20.793460,0.627118,0.445711,0.127239,-0.626000
0.8382,5464,Render,Pinky_DIP,-17.800570,0.986265,20.806620,0.568744,0.518137,0.201857,-0.606069
0.8382,5464,Render,Pinky_FingerTip,-17.793250,0.992868,20.823050,0.568744,0.518137,0.201857,-0.606069
0.8519,5465,Real,Wrist,-17.941480,0.952296,20.728040,0.686147,0.282268,-0.036224,-0.669489
0.8519,5465,Real,Thumb_CMC,-17.926130,0.995096,20.741190,-0.073790,0.476558,-0.308547,-0.819906
0.8519,5465,Real,Thumb_MCP,-17.910520,1.014225,20.777500,-0.185748,0.445029,-0.103259,-0.869934
0.8519,5465,Real,Thumb_IP,-17.881960,1.014927,20.817350,-0.356057,0.325233,0.273130,-0.832375
0.8519,5465,Real,Thumb_FingerTip,-17.863740,0.995368,20.827230,-0.356057,0.325233,0.273130,-0.832375
0.8519,5465,Real,Index_MCP,-17.865120,1.028991,20.765580,0.516306,0.492729,0.199587,-0.671426
0.8519,5465,Real,Index_PIP,-17.844760,1.040266,20.806210,0.346433,0.623969,0.390213,-0.581705
0.8519,5465,Real,Index_DIP,-17.846920,1.039704,20.832070,0.166248,0.694057,0.532026,-0.455627
0.8519,5465,Real,Index_FingerTip,-17.861160,1.032870,20.853840,0.166248,0.694057,0.532026,-0.455627
0.8519,5465,Real,Middle_MCP,-17.852030,1.004890,20.766250,0.522679,0.526574,0.226609,-0.631012
0.8519,5465,Real,Middle_PIP,-17.833930,1.018855,20.813860,0.300271,0.678462,0.436932,-0.508545
0.8519,5465,Real,Middle_DIP,-17.842320,1.017831,20.840260,0.065311,0.739059,0.577644,-0.340375
0.8519,5465,Real,Middle_FingerTip,-17.863820,1.009435,20.856630,0.065311,0.739059,0.577644,-0.340375
0.8519,5465,Real,Ring_MCP,-17.845770,0.981255,20.768780,0.537901,0.534455,0.226800,-0.611213
0.8519,5465,Real,Ring_PIP,-17.830610,0.995109,20.810540,0.310708,0.691694,0.430729,-0.489380
0.8519,5465,Real,Ring_DIP,-17.839240,0.995327,20.835420,0.069969,0.755039,0.565998,-0.323523
0.8519,5465,Real,Ring_FingerTip,-17.859390,0.988604,20.850070,0.069969,0.755039,0.565998,-0.323523
0.8519,5465,Real,Pinky_MCP,-17.845330,0.958975,20.770740,0.548095,0.539259,0.226542,-0.597889
0.8519,5465,Real,Pinky_PIP,-17.832890,0.971583,20.805910,0.318504,0.699831,0.425714,-0.477032
0.8519,5465,Real,Pinky_DIP,-17.839160,0.972310,20.823130,0.074710,0.765263,0.557254,-0.313464
0.8519,5465,Real,Pinky_FingerTip,-17.854350,0.967808,20.833910,0.074710,0.765263,0.557254,-0.313464
0.8519,5465,Virtual,Wrist,-17.938270,0.953604,20.728150,0.684244,0.286583,-0.034319,-0.669704
0.8519,5465,Virtual,Thumb_CMC,-17.923220,0.996415,20.741600,-0.075325,0.480375,-0.309651,-0.817118
0.8519,5465,Virtual,Thumb_MCP,-17.908000,1.015458,20.778120,-0.188152,0.448367,-0.104999,-0.867492
0.8519,5465,Virtual,Thumb_IP,-17.879760,1.016117,20.818200,-0.359644,0.327247,0.270523,-0.830893
0.8519,5465,Virtual,Thumb_FingerTip,-17.861540,0.996597,20.828150,-0.359644,0.327247,0.270523,-0.830893
0.8519,5465,Virtual,Index_MCP,-17.862560,1.030475,20.766620,0.512976,0.496174,0.201238,-0.670948
0.8519,5465,Virtual,Index_PIP,-17.842580,1.041667,20.807470,0.342230,0.626268,0.391648,-0.580758
0.8519,5465,Virtual,Index_DIP,-17.844950,1.040986,20.833310,0.161581,0.695143,0.533154,-0.454329
0.8519,5465,Virtual,Index_FingerTip,-17.859340,1.033997,20.854940,0.161581,0.695143,0.533154,-0.454329
0.8519,5465,Virtual,Middle_MCP,-17.849380,1.006429,20.767310,0.519249,0.529811,0.228448,-0.630470
0.8519,5465,Virtual,Middle_PIP,-17.831730,1.020272,20.815110,0.295912,0.680262,0.438456,-0.507382
0.8519,5465,Virtual,Middle_DIP,-17.840320,1.019099,20.841440,0.060604,0.739356,0.578712,-0.338783
0.8519,5465,Virtual,Middle_FingerTip,-17.861920,1.010538,20.857600,0.060604,0.739356,0.578712,-0.338783
0.8519,5465,Virtual,Ring_MCP,-17.843030,0.982812,20.769780,0.534495,0.537645,0.228761,-0.610673
0.8519,5465,Virtual,Ring_PIP,-17.828270,0.996556,20.811720,0.306385,0.693452,0.432366,-0.488172
0.8519,5465,Virtual,Ring_DIP,-17.837110,0.996629,20.836540,0.065310,0.755303,0.567155,-0.321850
0.8519,5465,Virtual,Ring_FingerTip,-17.857350,0.989755,20.850990,0.065310,0.755303,0.567155,-0.321850
0.8519,5465,Virtual,Pinky_MCP,-17.842500,0.960526,20.771650,0.544708,0.542418,0.228584,-0.597349
0.8519,5465,Virtual,Pinky_PIP,-17.830410,0.973039,20.806970,0.314210,0.701567,0.427427,-0.475797
0.8519,5465,Virtual,Pinky_DIP,-17.836830,0.973665,20.824150,0.070085,0.765514,0.558475,-0.311741
0.8519,5465,Virtual,Pinky_FingerTip,-17.852070,0.969050,20.834790,0.070085,0.765514,0.558475,-0.311741
0.8519,5465,Render,Wrist,-17.938270,0.953604,20.728150,0.684244,0.286583,-0.034319,-0.669704
0.8519,5465,Render,Thumb_CMC,-17.923220,0.996415,20.741600,0.033227,0.496293,-0.381585,-0.779091
0.8519,5465,Render,Thumb_MCP,-17.913730,1.023972,20.774440,-0.012166,0.497255,-0.308953,-0.810640
0.8519,5465,Render,Thumb_IP,-17.898310,1.047938,20.814340,-0.097696,0.487716,-0.164600,-0.851761
0.8519,5465,Render,Thumb_FingerTip,-17.884910,1.053213,20.838930,-0.097696,0.487716,-0.164600,-0.851761
0.8519,5465,Render,Index_MCP,-17.862560,1.030475,20.766620,0.632996,0.329618,0.001916,-0.700474
0.8519,5465,Render,Index_PIP,-17.825910,1.049891,20.788360,0.597163,0.390806,0.071417,-0.696827
0.8519,5465,Render,Index_DIP,-17.808150,1.059422,20.804710,0.559861,0.442593,0.133385,-0.687660
0.8519,5465,Render,Index_FingerTip,-17.792740,1.067819,20.825100,0.559861,0.442593,0.133385,-0.687660
0.8519,5465,Render,Middle_MCP,-17.849380,1.006429,20.767310,0.647515,0.362001,0.041509,-0.669297
0.8519,5465,Render,Middle_PIP,-17.810590,1.028251,20.795730,0.580820,0.461484,0.148674,-0.653894
0.8519,5465,Render,Middle_DIP,-17.795910,1.037721,20.817250,0.507793,0.540801,0.241887,-0.625437
0.8519,5465,Render,Middle_FingerTip,-17.787470,1.044701,20.843350,0.507793,0.540801,0.241887,-0.625437
0.8519,5465,Render,Ring_MCP,-17.843030,0.982812,20.769780,0.676165,0.342853,0.025664,-0.651609
0.8519,5465,Render,Ring_PIP,-17.807500,1.002832,20.792190,0.632368,0.418160,0.100247,-0.644363
0.8519,5465,Render,Ring_DIP,-17.790890,1.013360,20.809730,0.585793,0.481242,0.166269,-0.630561
0.8519,5465,Render,Ring_FingerTip,-17.778470,1.022497,20.830410,0.585793,0.481242,0.166269,-0.630561
0.8519,5465,Render,Pinky_MCP,-17.842500,0.960526,20.771650,0.682610,0.353506,0.038369,-0.638439
0.8519,5465,Render,Pinky_PIP,-17.813090,0.977598,20.791490,0.629077,0.441798,0.123584,-0.627538
0.8519,5465,Render,Pinky_DIP,-17.802460,0.984950,20.804510,0.571161,0.514489,0.198414,-0.608037
0.8519,5465,Render,Pinky_FingerTip,-17.794960,0.991587,20.820840,0.571161,0.514489,0.198414,-0.608037
0.8672,5466,Real,Wrist,-17.944630,0.950987,20.727660,0.687880,0.278028,-0.038586,-0.669353
0.8672,5466,Real,Thumb_CMC,-17.929010,0.993784,20.740490,-0.073708,0.472980,-0.306853,-0.822617
0.8672,5466,Real,Thumb_MCP,-17.913010,1.012890,20.776650,-0.186897,0.440695,-0.096839,-0.872628
0.8672,5466,Real,Thumb_IP,-17.883940,1.013100,20.816130,-0.357990,0.317782,0.287161,-0.829697
0.8672,5466,Real,Thumb_FingerTip,-17.865900,0.993035,20.825300,-0.357990,0.317782,0.287161,-0.829697
0.8672,5466,Real,Index_MCP,-17.867660,1.027557,20.764200,0.518918,0.489843,0.198265,-0.671915
0.8672,5466,Real,Index_PIP,-17.846990,1.038887,20.804660,0.345125,0.624588,0.393441,-0.579640
0.8672,5466,Real,Index_DIP,-17.849320,1.038238,20.830510,0.160145,0.695396,0.537616,-0.449164
0.8672,5466,Real,Index_FingerTip,-17.863990,1.031238,20.851950,0.160145,0.695396,0.537616,-0.449164
0.8672,5466,Real,Middle_MCP,-17.854660,1.003412,20.764870,0.525829,0.523433,0.224492,-0.631764
0.8672,5466,Real,Middle_PIP,-17.836120,1.017501,20.812260,0.299524,0.678796,0.438832,-0.506901
0.8672,5466,Real,Middle_DIP,-17.844620,1.016441,20.838620,0.059774,0.739531,0.581060,-0.334501
0.8672,5466,Real,Middle_FingerTip,-17.866380,1.007942,20.854590,0.059774,0.739531,0.581060,-0.334501
0.8672,5466,Real,Ring_MCP,-17.848460,0.979764,20.767440,0.541047,0.531353,0.224534,-0.611978
0.8672,5466,Real,Ring_PIP,-17.832900,0.993732,20.809010,0.309896,0.692122,0.432330,-0.487876
0.8672,5466,Real,Ring_DIP,-17.841640,0.993920,20.833860,0.064280,0.755603,0.569050,-0.317985
0.8672,5466,Real,Ring_FingerTip,-17.862010,0.987089,20.848150,0.064280,0.755603,0.569050,-0.317985
0.8672,5466,Real,Pinky_MCP,-17.848080,0.957491,20.769490,0.551220,0.536197,0.224196,-0.598653
0.8672,5466,Real,Pinky_PIP,-17.835310,0.970196,20.804500,0.317600,0.700344,0.427154,-0.475594
0.8672,5466,Real,Pinky_DIP,-17.841650,0.970904,20.821700,0.068841,0.765906,0.560112,-0.308098
0.8672,5466,Real,Pinky_FingerTip,-17.856990,0.966312,20.832220,0.068841,0.765906,0.560112,-0.308098
0.8672,5466,Virtual,Wrist,-17.941480,0.952296,20.728050,0.686147,0.282268,-0.036224,-0.669489
0.8672,5466,Virtual,Thumb_CMC,-17.926130,0.995095,20.741190,-0.074933,0.477061,-0.307679,-0.819836
0.8672,5466,Virtual,Thumb_MCP,-17.910520,1.014109,20.777560,-0.189082,0.444354,-0.098319,-0.870133
0.8672,5466,Virtual,Thumb_IP,-17.881800,1.014259,20.817300,-0.361534,0.320150,0.284753,-0.828078
0.8672,5466,Virtual,Thumb_FingerTip,-17.863770,0.994221,20.826540,-0.361534,0.320150,0.284753,-0.828078
0.8672,5466,Virtual,Index_MCP,-17.865120,1.028990,20.765580,0.515765,0.493294,0.200322,-0.671207
0.8672,5466,Virtual,Index_PIP,-17.844840,1.040226,20.806260,0.341072,0.626916,0.395185,-0.578339
0.8672,5466,Virtual,Index_DIP,-17.847390,1.039461,20.832080,0.155608,0.696519,0.538935,-0.447433
0.8672,5466,Virtual,Index_FingerTip,-17.862220,1.032319,20.853360,0.155608,0.696519,0.538935,-0.447433
0.8672,5466,Virtual,Middle_MCP,-17.852040,1.004889,20.766260,0.522585,0.526667,0.226722,-0.630972
0.8672,5466,Virtual,Middle_PIP,-17.833950,1.018848,20.813860,0.295326,0.680628,0.440621,-0.505352
0.8672,5466,Virtual,Middle_DIP,-17.842680,1.017648,20.840150,0.055206,0.739882,0.582241,-0.332450
0.8672,5466,Virtual,Middle_FingerTip,-17.864560,1.009004,20.855890,0.055206,0.739882,0.582241,-0.332450
0.8672,5466,Virtual,Ring_MCP,-17.845770,0.981254,20.768780,0.537829,0.534528,0.226883,-0.611183
0.8672,5466,Virtual,Ring_PIP,-17.830620,0.995105,20.810550,0.305741,0.693904,0.434227,-0.486279
0.8672,5466,Virtual,Ring_DIP,-17.839580,0.995158,20.835320,0.059770,0.755915,0.570313,-0.315853
0.8672,5466,Virtual,Ring_FingerTip,-17.860050,0.988194,20.849400,0.059770,0.755915,0.570313,-0.315853
0.8672,5466,Virtual,Pinky_MCP,-17.845330,0.958974,20.770740,0.548022,0.539333,0.226623,-0.597858
0.8672,5466,Virtual,Pinky_PIP,-17.832910,0.971579,20.805910,0.313479,0.702097,0.429123,-0.473968
0.8672,5466,Virtual,Pinky_DIP,-17.839400,0.972192,20.823060,0.064372,0.766201,0.561435,-0.305913
0.8672,5466,Virtual,Pinky_FingerTip,-17.854820,0.967501,20.833420,0.064372,0.766201,0.561435,-0.305913
0.8672,5466,Render,Wrist,-17.941480,0.952296,20.728050,0.686147,0.282268,-0.036224,-0.669489
0.8672,5466,Render,Thumb_CMC,-17.926130,0.995095,20.741190,0.034392,0.492872,-0.380921,-0.781534
0.8672,5466,Render,Thumb_MCP,-17.916300,1.022729,20.773870,-0.010694,0.493954,-0.308069,-0.813012
0.8672,5466,Render,Thumb_IP,-17.900500,1.046771,20.813570,-0.095677,0.484718,-0.163320,-0.853945
0.8672,5466,Render,Thumb_FingerTip,-17.886910,1.052077,20.838050,-0.095677,0.484718,-0.163320,-0.853945
0.8672,5466,Render,Index_MCP,-17.865120,1.028990,20.765580,0.635208,0.325368,0.000197,-0.700462
0.8672,5466,Render,Index_PIP,-17.828210,1.048334,20.786930,0.599785,0.386796,0.069705,-0.696985
0.8672,5466,Render,Index_DIP,-17.810270,1.057855,20.803100,0.562830,0.438833,0.131694,-0.687971
0.8672,5466,Render,Index_FingerTip,-17.794660,1.066269,20.823330,0.562830,0.438833,0.131694,-0.687971
0.8672,5466,Render,Middle_MCP,-17.852040,1.004889,20.766260,0.649892,0.357928,0.039592,-0.669298
0.8672,5466,Render,Middle_PIP,-17.812930,1.026658,20.794280,0.583823,0.457847,0.146783,-0.654204
0.8672,5466,Render,Middle_DIP,-17.798020,1.036153,20.815630,0.511291,0.537638,0.240061,-0.626018
0.8672,5466,Render,Middle_FingerTip,-17.789340,1.043206,20.841630,0.511291,0.537638,0.240061,-0.626018
0.8672,5466,Render,Ring_MCP,-17.845770,0.981254,20.768780,0.678398,0.338756,0.023632,-0.651507
0.8672,5466,Render,Ring_PIP,-17.809970,1.001210,20.790820,0.635057,0.414346,0.098218,-0.644495
0.8672,5466,Render,Ring_DIP,-17.793180,1.011739,20.808170,0.588861,0.477726,0.164263,-0.630902
0.8672,5466,Render,Ring_FingerTip,-17.780550,1.020907,20.828720,0.588861,0.477726,0.164263,-0.630902
0.8672,5466,Render,Pinky_MCP,-17.845330,0.958974,20.770740,0.684891,0.349475,0.036259,-0.638340
0.8672,5466,Render,Pinky_PIP,-17.815680,0.975999,20.790260,0.631877,0.438109,0.121480,-0.627722
0.8672,5466,Render,Pinky_DIP,-17.804920,0.983358,20.803170,0.574386,0.511164,0.196348,-0.608473
0.8672,5466,Render,Pinky_FingerTip,-17.797250,0.990031,20.819410,0.574386,0.511164,0.196348,-0.608473
0.8799,5467,Real,Wrist,-17.947170,0.949341,20.728190,0.690059,0.273859,-0.039576,-0.668770
0.8799,5467,Real,Thumb_CMC,-17.931230,0.992108,20.740730,-0.071490,0.469821,-0.305403,-0.825159
0.8799,5467,Real,Thumb_MCP,-17.914900,1.011290,20.776690,-0.183976,0.438173,-0.094813,-0.874739
0.8799,5467,Real,Thumb_IP,-17.885580,1.011518,20.815980,-0.354269,0.316759,0.289897,-0.830733
0.8799,5467,Real,Thumb_FingerTip,-17.867590,0.991395,20.825130,-0.354269,0.316759,0.289897,-0.830733
0.8799,5467,Real,Index_MCP,-17.869550,1.025646,20.763890,0.522460,0.486678,0.197338,-0.671743
0.8799,5467,Real,Index_PIP,-17.848550,1.037045,20.804160,0.349463,0.622652,0.392506,-0.579759
0.8799,5467,Real,Index_DIP,-17.850720,1.036527,20.830020,0.164848,0.694726,0.536749,-0.449535
0.8799,5467,Real,Index_FingerTip,-17.865280,1.029707,20.851590,0.164848,0.694726,0.536749,-0.449535
0.8799,5467,Real,Middle_MCP,-17.856680,1.001431,20.764580,0.529458,0.520438,0.223353,-0.631612
0.8799,5467,Real,Middle_PIP,-17.837750,1.015634,20.811790,0.303993,0.677325,0.437716,-0.507173
0.8799,5467,Real,Middle_DIP,-17.846080,1.014741,20.838210,0.064478,0.739610,0.580096,-0.335125
0.8799,5467,Real,Middle_FingerTip,-17.867790,1.006438,20.854350,0.064478,0.739610,0.580096,-0.335125
0.8799,5467,Real,Ring_MCP,-17.850600,0.977762,20.767220,0.544652,0.528379,0.223273,-0.611816
0.8799,5467,Real,Ring_PIP,-17.834680,0.991833,20.808630,0.314337,0.690668,0.431097,-0.488186
0.8799,5467,Real,Ring_DIP,-17.843270,0.992183,20.833530,0.068952,0.755696,0.567988,-0.318685
0.8799,5467,Real,Ring_FingerTip,-17.863580,0.985531,20.847980,0.068952,0.755696,0.567988,-0.318685
0.8799,5467,Real,Pinky_MCP,-17.850320,0.955496,20.769370,0.554807,0.533237,0.222854,-0.598485
0.8799,5467,Real,Pinky_PIP,-17.837250,0.968290,20.804230,0.322019,0.698896,0.425843,-0.475927
0.8799,5467,Real,Pinky_DIP,-17.843480,0.969111,20.821470,0.073491,0.765997,0.558984,-0.308845
0.8799,5467,Real,Pinky_FingerTip,-17.858780,0.964653,20.832110,0.073491,0.765997,0.558984,-0.308845
0.8799,5467,Virtual,Wrist,-17.944630,0.950987,20.727660,0.687880,0.278028,-0.038586,-0.669353
0.8799,5467,Virtual,Thumb_CMC,-17.929010,0.993784,20.740500,-0.073708,0.472980,-0.306852,-0.822617
0.8799,5467,Virtual,Thumb_MCP,-17.913020,1.012891,20.776650,-0.186898,0.440695,-0.096839,-0.872628
0.8799,5467,Virtual,Thumb_IP,-17.883950,1.013100,20.816140,-0.357990,0.317782,0.287162,-0.829696
0.8799,5467,Virtual,Thumb_FingerTip,-17.865910,0.993036,20.825310,-0.357990,0.317782,0.287162,-0.829696
0.8799,5467,Virtual,Index_MCP,-17.867670,1.027557,20.764210,0.518918,0.489843,0.198265,-0.671915
0.8799,5467,Virtual,Index_PIP,-17.847000,1.038887,20.804670,0.345125,0.624588,0.393441,-0.579640
0.8799,5467,Virtual,Index_DIP,-17.849330,1.038239,20.830510,0.160145,0.695396,0.537616,-0.449163
0.8799,5467,Virtual,Index_FingerTip,-17.863990,1.031238,20.851950,0.160145,0.695396,0.537616,-0.449163
0.8799,5467,Virtual,Middle_MCP,-17.854670,1.003412,20.764880,0.525829,0.523433,0.224492,-0.631764
0.8799,5467,Virtual,Middle_PIP,-17.836120,1.017502,20.812270,0.299524,0.678796,0.438832,-0.506901
0.8799,5467,Virtual,Middle_DIP,-17.844620,1.016441,20.838630,0.059774,0.739531,0.581061,-0.334501
0.8799,5467,Virtual,Middle_FingerTip,-17.866390,1.007942,20.854600,0.059774,0.739531,0.581061,-0.334501
0.8799,5467,Virtual,Ring_MCP,-17.848470,0.979765,20.767450,0.541047,0.531353,0.224535,-0.611978
0.8799,5467,Virtual,Ring_PIP,-17.832900,0.993733,20.809020,0.309896,0.692122,0.432330,-0.487876
0.8799,5467,Virtual,Ring_DIP,-17.841640,0.993920,20.833870,0.064280,0.755603,0.569050,-0.317985
0.8799,5467,Virtual,Ring_FingerTip,-17.862010,0.987089,20.848150,0.064280,0.755603,0.569050,-0.317985
0.8799,5467,Virtual,Pinky_MCP,-17.848090,0.957491,20.769500,0.551220,0.536197,0.224196,-0.598653
0.8799,5467,Virtual,Pinky_PIP,-17.835310,0.970197,20.804500,0.317600,0.700344,0.427154,-0.475593
0.8799,5467,Virtual,Pinky_DIP,-17.841660,0.970904,20.821700,0.068842,0.765906,0.560112,-0.308097
0.8799,5467,Virtual,Pinky_FingerTip,-17.857000,0.966312,20.832220,0.068842,0.765906,0.560112,-0.308097
0.8799,5467,Render,Wrist,-17.944630,0.950987,20.727660,0.687880,0.278028,-0.038586,-0.669353
0.8799,5467,Render,Thumb_CMC,-17.929010,0.993784,20.740500,0.035216,0.489242,-0.380554,-0.783952
0.8799,5467,Render,Thumb_MCP,-17.918840,1.021498,20.773000,-0.009543,0.490414,-0.307484,-0.815387
0.8799,5467,Render,Thumb_IP,-17.902670,1.045624,20.812500,-0.093932,0.481429,-0.162334,-0.856184
0.8799,5467,Render,Thumb_FingerTip,-17.888880,1.050969,20.836860,-0.093932,0.481429,-0.162334,-0.856184
0.8799,5467,Render,Index_MCP,-17.867670,1.027557,20.764210,0.637243,0.321160,-0.001977,-0.700553
0.8799,5467,Render,Index_PIP,-17.830500,1.046854,20.785160,0.602227,0.382811,0.067551,-0.697291
0.8799,5467,Render,Index_DIP,-17.812390,1.056377,20.801130,0.565619,0.435082,0.129576,-0.688468
0.8799,5467,Render,Index_FingerTip,-17.796580,1.064817,20.821190,0.565619,0.435082,0.129576,-0.688468
0.8799,5467,Render,Middle_MCP,-17.854670,1.003412,20.764880,0.652093,0.353911,0.037229,-0.669429
0.8799,5467,Render,Middle_PIP,-17.815230,1.025153,20.792460,0.586641,0.454236,0.144472,-0.654714
0.8799,5467,Render,Middle_DIP,-17.800110,1.034682,20.813650,0.514603,0.534474,0.237849,-0.626857
0.8799,5467,Render,Middle_FingerTip,-17.791180,1.041811,20.839540,0.514603,0.534474,0.237849,-0.626857
0.8799,5467,Render,Ring_MCP,-17.848470,0.979765,20.767450,0.680458,0.334732,0.021153,-0.651525
0.8799,5467,Render,Ring_PIP,-17.812400,0.999681,20.789080,0.637564,0.410585,0.095757,-0.644797
0.8799,5467,Render,Ring_DIP,-17.795420,1.010220,20.806250,0.591744,0.474244,0.161847,-0.631457
0.8799,5467,Render,Ring_FingerTip,-17.782580,1.019427,20.826640,0.591744,0.474244,0.161847,-0.631457
0.8799,5467,Render,Pinky_MCP,-17.848090,0.957491,20.769500,0.686997,0.345523,0.033706,-0.638368
0.8799,5467,Render,Pinky_PIP,-17.818200,0.974489,20.788690,0.634494,0.434474,0.118953,-0.628092
0.8799,5467,Render,Pinky_DIP,-17.807300,0.981862,20.801470,0.577423,0.507872,0.193885,-0.609146
0.8799,5467,Render,Pinky_FingerTip,-17.799470,0.988573,20.817610,0.577423,0.507872,0.193885,-0.609146
0.8940,5468,Real,Wrist,-17.950010,0.947646,20.729150,0.693174,0.270922,-0.038585,-0.666801
0.8940,5468,Real,Thumb_CMC,-17.933760,0.990384,20.741390,-0.067678,0.468569,-0.303478,-0.826900
0.8940,5468,Real,Thumb_MCP,-17.917220,1.009637,20.777220,-0.181443,0.437282,-0.089578,-0.876264
0.8940,5468,Real,Thumb_IP,-17.887720,1.009554,20.816390,-0.353510,0.314909,0.300294,-0.828062
0.8940,5468,Real,Thumb_FingerTip,-17.870020,0.989035,20.825200,-0.353510,0.314909,0.300294,-0.828062
0.8940,5468,Real,Index_MCP,-17.871820,1.023644,20.764250,0.526150,0.485442,0.198180,-0.669505
0.8940,5468,Real,Index_PIP,-17.850740,1.035139,20.804460,0.349579,0.624726,0.396114,-0.574983
0.8940,5468,Real,Index_DIP,-17.853190,1.034653,20.830290,0.160592,0.697637,0.541316,-0.441009
0.8940,5468,Real,Index_FingerTip,-17.868240,1.027837,20.851520,0.160592,0.697637,0.541316,-0.441009
0.8940,5468,Real,Middle_MCP,-17.859110,0.999346,20.765090,0.533483,0.518926,0.223483,-0.629418
0.8940,5468,Real,Middle_PIP,-17.840020,1.013728,20.812180,0.304373,0.679151,0.439951,-0.502549
0.8940,5468,Real,Middle_DIP,-17.848600,1.012931,20.838520,0.060379,0.741783,0.582395,-0.326998
0.8940,5468,Real,Middle_FingerTip,-17.870650,1.004687,20.854240,0.060379,0.741783,0.582395,-0.326998
0.8940,5468,Real,Ring_MCP,-17.853190,0.975653,20.767870,0.548591,0.526877,0.223355,-0.609558
0.8940,5468,Real,Ring_PIP,-17.837130,0.989883,20.809170,0.314419,0.692598,0.433247,-0.483473
0.8940,5468,Real,Ring_DIP,-17.845950,0.990320,20.833990,0.064317,0.757902,0.570141,-0.310464
0.8940,5468,Real,Ring_FingerTip,-17.866570,0.983702,20.848020,0.064317,0.757902,0.570141,-0.310464
0.8940,5468,Real,Pinky_MCP,-17.853070,0.953401,20.770170,0.558718,0.531707,0.222866,-0.596198
0.8940,5468,Real,Pinky_PIP,-17.839870,0.966331,20.804940,0.322037,0.700836,0.427845,-0.471244
0.8940,5468,Real,Pinky_DIP,-17.846260,0.967214,20.822110,0.068736,0.768215,0.560956,-0.300750
0.8940,5468,Real,Pinky_FingerTip,-17.861770,0.962773,20.832440,0.068736,0.768215,0.560956,-0.300750
0.8940,5468,Virtual,Wrist,-17.947180,0.949340,20.728200,0.690059,0.273859,-0.039576,-0.668770
0.8940,5468,Virtual,Thumb_CMC,-17.931240,0.992108,20.740730,-0.071830,0.469837,-0.304841,-0.825328
0.8940,5468,Virtual,Thumb_MCP,-17.914870,1.011239,20.776710,-0.185781,0.437484,-0.091287,-0.875078
0.8940,5468,Virtual,Thumb_IP,-17.885430,1.011103,20.815910,-0.357504,0.313206,0.298238,-0.827737
0.8940,5468,Virtual,Thumb_FingerTip,-17.867590,0.990650,20.824610,-0.357504,0.313206,0.298238,-0.827737
0.8940,5468,Virtual,Index_MCP,-17.869560,1.025645,20.763890,0.522140,0.487021,0.197779,-0.671613
0.8940,5468,Virtual,Index_PIP,-17.848610,1.037021,20.804200,0.345277,0.624983,0.396387,-0.577112
0.8940,5468,Virtual,Index_DIP,-17.851080,1.036348,20.830030,0.156390,0.696679,0.542174,-0.442976
0.8940,5468,Virtual,Index_FingerTip,-17.866110,1.029288,20.851190,0.156390,0.696679,0.542174,-0.442976
0.8940,5468,Virtual,Middle_MCP,-17.856690,1.001431,20.764580,0.529473,0.520422,0.223335,-0.631618
0.8940,5468,Virtual,Middle_PIP,-17.837750,1.015634,20.811790,0.300094,0.679061,0.440625,-0.504648
0.8940,5468,Virtual,Middle_DIP,-17.846360,1.014604,20.838120,0.056374,0.740272,0.583731,-0.328752
0.8940,5468,Virtual,Middle_FingerTip,-17.868360,1.006105,20.853760,0.056374,0.740272,0.583731,-0.328752
0.8940,5468,Virtual,Ring_MCP,-17.850600,0.977762,20.767220,0.544619,0.528413,0.223312,-0.611802
0.8940,5468,Virtual,Ring_PIP,-17.834690,0.991830,20.808630,0.310160,0.692554,0.434038,-0.485573
0.8940,5468,Virtual,Ring_DIP,-17.843550,0.992043,20.833440,0.060318,0.756434,0.571590,-0.312178
0.8940,5468,Virtual,Ring_FingerTip,-17.864130,0.985190,20.847410,0.060318,0.756434,0.571590,-0.312178
0.8940,5468,Virtual,Pinky_MCP,-17.850330,0.955496,20.769370,0.554773,0.533272,0.222891,-0.598472
0.8940,5468,Virtual,Pinky_PIP,-17.837260,0.968288,20.804240,0.317793,0.700828,0.428709,-0.473346
0.8940,5468,Virtual,Pinky_DIP,-17.843680,0.969014,20.821410,0.064739,0.766786,0.562475,-0.302442
0.8940,5468,Virtual,Pinky_FingerTip,-17.859170,0.964398,20.831690,0.064739,0.766786,0.562475,-0.302442
0.8940,5468,Render,Wrist,-17.947180,0.949340,20.728200,0.690059,0.273859,-0.039576,-0.668770
0.8940,5468,Render,Thumb_CMC,-17.931240,0.992108,20.740730,0.037152,0.485735,-0.379601,-0.786502
0.8940,5468,Render,Thumb_MCP,-17.920700,1.019912,20.773040,-0.007295,0.487099,-0.306301,-0.817840
0.8940,5468,Render,Thumb_IP,-17.904140,1.044129,20.812330,-0.091147,0.478551,-0.160747,-0.858395
0.8940,5468,Render,Thumb_FingerTip,-17.890160,1.049507,20.836570,-0.091147,0.478551,-0.160747,-0.858395
0.8940,5468,Render,Index_MCP,-17.869560,1.025645,20.763890,0.639733,0.317115,-0.002817,-0.700124
0.8940,5468,Render,Index_PIP,-17.832150,1.044830,20.784520,0.605107,0.379033,0.066673,-0.696947
0.8940,5468,Render,Index_DIP,-17.813880,1.054324,20.800330,0.568825,0.431576,0.128671,-0.688204
0.8940,5468,Render,Index_FingerTip,-17.797890,1.062768,20.820240,0.568825,0.431576,0.128671,-0.688204
0.8940,5468,Render,Middle_MCP,-17.856690,1.001431,20.764580,0.654729,0.350014,0.036180,-0.668963
0.8940,5468,Render,Middle_PIP,-17.816960,1.023077,20.791820,0.589870,0.450814,0.143361,-0.654422
0.8940,5468,Render,Middle_DIP,-17.801650,1.032619,20.812860,0.518294,0.531556,0.236707,-0.626730
0.8940,5468,Render,Middle_FingerTip,-17.792510,1.039815,20.838660,0.518294,0.531556,0.236707,-0.626730
0.8940,5468,Render,Ring_MCP,-17.850600,0.977762,20.767220,0.682947,0.330777,0.020006,-0.650976
0.8940,5468,Render,Ring_PIP,-17.814290,0.997575,20.788540,0.640491,0.406942,0.094555,-0.644383
0.8940,5468,Render,Ring_DIP,-17.797130,1.008097,20.805540,0.595031,0.470922,0.160609,-0.631170
0.8940,5468,Render,Ring_FingerTip,-17.784110,1.017325,20.825810,0.595031,0.470922,0.160609,-0.631170
0.8940,5468,Render,Pinky_MCP,-17.850330,0.955496,20.769370,0.689527,0.341621,0.032476,-0.637804
0.8940,5468,Render,Pinky_PIP,-17.820230,0.972414,20.788300,0.637524,0.430947,0.117659,-0.627698
0.8940,5468,Render,Pinky_DIP,-17.809210,0.979784,20.800970,0.580856,0.504736,0.192552,-0.608911
0.8940,5468,Render,Pinky_FingerTip,-17.801230,0.986525,20.817040,0.580856,0.504736,0.192552,-0.608911
0.9080,5469,Real,Wrist,-17.952370,0.946133,20.730440,0.696562,0.270382,-0.036402,-0.663604
0.9080,5469,Real,Thumb_CMC,-17.935940,0.988879,20.742410,-0.063297,0.469832,-0.303077,-0.826678
0.9080,5469,Real,Thumb_MCP,-17.919490,1.008271,20.778200,-0.178261,0.439286,-0.087751,-0.876100
0.9080,5469,Real,Thumb_IP,-17.890130,1.008130,20.817480,-0.352489,0.317018,0.304404,-0.826190
0.9080,5469,Real,Thumb_FingerTip,-17.872640,0.987426,20.826290,-0.352489,0.317018,0.304404,-0.826190
0.9080,5469,Real,Index_MCP,-17.873920,1.021993,20.765280,0.529393,0.486500,0.199462,-0.665790
0.9080,5469,Real,Index_PIP,-17.852990,1.033676,20.805510,0.350547,0.627738,0.397806,-0.569923
0.9080,5469,Real,Index_DIP,-17.855710,1.033330,20.831320,0.158880,0.701210,0.542637,-0.434289
0.9080,5469,Real,Index_FingerTip,-17.871100,1.026645,20.852340,0.158880,0.701210,0.542637,-0.434289
0.9080,5469,Real,Middle_MCP,-17.861350,0.997636,20.766360,0.536838,0.519721,0.224225,-0.625634
0.9080,5469,Real,Middle_PIP,-17.842380,1.012287,20.813420,0.305529,0.681878,0.440465,-0.497681
0.9080,5469,Real,Middle_DIP,-17.851200,1.011684,20.839690,0.058918,0.744872,0.581964,-0.320956
0.9080,5469,Real,Middle_FingerTip,-17.873470,1.003596,20.855160,0.058918,0.744872,0.581964,-0.320956
0.9080,5469,Real,Ring_MCP,-17.855560,0.973935,20.769360,0.551663,0.527826,0.224308,-0.605602
0.9080,5469,Real,Ring_PIP,-17.839640,0.988392,20.810630,0.314607,0.695668,0.434260,-0.478003
0.9080,5469,Real,Ring_DIP,-17.848730,0.988987,20.835340,0.061187,0.761044,0.570175,-0.303263
0.9080,5469,Real,Ring_FingerTip,-17.869590,0.982467,20.849050,0.061187,0.761044,0.570175,-0.303263
0.9080,5469,Real,Pinky_MCP,-17.855570,0.951701,20.771830,0.561750,0.532602,0.223782,-0.592194
0.9080,5469,Real,Pinky_PIP,-17.842480,0.964825,20.806560,0.322180,0.703867,0.428764,-0.465761
0.9080,5469,Real,Pinky_DIP,-17.849060,0.965818,20.823660,0.065546,0.771318,0.560868,-0.293597
0.9080,5469,Real,Pinky_FingerTip,-17.864750,0.961446,20.833750,0.065546,0.771318,0.560868,-0.293597
0.9080,5469,Virtual,Wrist,-17.950020,0.947647,20.729160,0.693173,0.270922,-0.038585,-0.666801
0.9080,5469,Virtual,Thumb_CMC,-17.933760,0.990384,20.741390,-0.068410,0.469066,-0.303272,-0.826634
0.9080,5469,Virtual,Thumb_MCP,-17.917260,1.009582,20.777270,-0.183021,0.437271,-0.087950,-0.876106
0.9080,5469,Virtual,Thumb_IP,-17.887730,1.009290,20.816410,-0.355888,0.313123,0.304227,-0.826283
0.9080,5469,Virtual,Thumb_FingerTip,-17.870090,0.988610,20.824990,-0.355888,0.313123,0.304227,-0.826283
0.9080,5469,Virtual,Index_MCP,-17.871830,1.023644,20.764260,0.525937,0.485673,0.198474,-0.669418
0.9080,5469,Virtual,Index_PIP,-17.850780,1.035124,20.804480,0.347524,0.625871,0.398002,-0.573678
0.9080,5469,Virtual,Index_DIP,-17.853380,1.034563,20.830310,0.156508,0.698565,0.543887,-0.437835
0.9080,5469,Virtual,Index_FingerTip,-17.868640,1.027633,20.851340,0.156508,0.698565,0.543887,-0.437835
0.9080,5469,Virtual,Middle_MCP,-17.859120,0.999347,20.765100,0.533505,0.518903,0.223456,-0.629428
0.9080,5469,Virtual,Middle_PIP,-17.840020,1.013730,20.812180,0.302738,0.679881,0.441158,-0.501489
0.9080,5469,Virtual,Middle_DIP,-17.848720,1.012875,20.838490,0.056959,0.742054,0.583896,-0.324311
0.9080,5469,Virtual,Middle_FingerTip,-17.870880,1.004550,20.853990,0.056959,0.742054,0.583896,-0.324311
0.9080,5469,Virtual,Ring_MCP,-17.853190,0.975653,20.767880,0.548388,0.527089,0.223591,-0.609472
0.9080,5469,Virtual,Ring_PIP,-17.837170,0.989873,20.809190,0.311844,0.693761,0.435040,-0.481860
0.9080,5469,Virtual,Ring_DIP,-17.846160,0.990226,20.833950,0.059230,0.758316,0.572212,-0.306631
0.9080,5469,Virtual,Ring_FingerTip,-17.866920,0.983490,20.847700,0.059230,0.758316,0.572212,-0.306631
0.9080,5469,Virtual,Pinky_MCP,-17.853080,0.953401,20.770180,0.558513,0.531923,0.223097,-0.596112
0.9080,5469,Virtual,Pinky_PIP,-17.839900,0.966323,20.804960,0.319431,0.702027,0.429592,-0.469652
0.9080,5469,Virtual,Pinky_DIP,-17.846410,0.967148,20.822090,0.063580,0.768659,0.562961,-0.296980
0.9080,5469,Virtual,Pinky_FingerTip,-17.862040,0.962614,20.832210,0.063580,0.768659,0.562961,-0.296980
0.9080,5469,Render,Wrist,-17.950020,0.947647,20.729160,0.693173,0.270922,-0.038585,-0.666801
0.9080,5469,Render,Thumb_CMC,-17.933760,0.990384,20.741390,0.041184,0.483867,-0.378491,-0.787986
0.9080,5469,Render,Thumb_MCP,-17.922990,1.018326,20.773510,-0.003109,0.485607,-0.305061,-0.819216
0.9080,5469,Render,Thumb_IP,-17.906220,1.042685,20.812610,-0.086766,0.477803,-0.159288,-0.859537
0.9080,5469,Render,Thumb_FingerTip,-17.892180,1.048126,20.836810,-0.086766,0.477803,-0.159288,-0.859537
0.9080,5469,Render,Index_MCP,-17.871830,1.023644,20.764260,0.643123,0.314453,-0.001829,-0.698219
0.9080,5469,Render,Index_PIP,-17.834260,1.042705,20.784710,0.608744,0.376721,0.067467,-0.694954
0.9080,5469,Render,Index_DIP,-17.815910,1.052175,20.800440,0.572654,0.429599,0.129284,-0.686147
0.9080,5469,Render,Index_FingerTip,-17.799830,1.060639,20.820280,0.572654,0.429599,0.129284,-0.686147
0.9080,5469,Render,Middle_MCP,-17.859120,0.999347,20.765100,0.658155,0.347448,0.036942,-0.666894
0.9080,5469,Render,Middle_PIP,-17.819200,1.020895,20.792140,0.593664,0.448833,0.143780,-0.652257
0.9080,5469,Render,Middle_DIP,-17.803800,1.030468,20.813100,0.522335,0.530146,0.236808,-0.624527
0.9080,5469,Render,Middle_FingerTip,-17.794580,1.037771,20.838830,0.522335,0.530146,0.236808,-0.624527
0.9080,5469,Render,Ring_MCP,-17.853190,0.975653,20.767880,0.686237,0.328071,0.020752,-0.648859
0.9080,5469,Render,Ring_PIP,-17.816710,0.995354,20.789020,0.644069,0.404631,0.095053,-0.642194
0.9080,5469,Render,Ring_DIP,-17.799470,1.005869,20.805940,0.598829,0.468994,0.160878,-0.628941
0.9080,5469,Render,Ring_FingerTip,-17.786360,1.015139,20.826130,0.598829,0.468994,0.160878,-0.628941
0.9080,5469,Render,Pinky_MCP,-17.853080,0.953401,20.770180,0.692818,0.338941,0.033136,-0.635629
0.9080,5469,Render,Pinky_PIP,-17.822840,0.970234,20.788950,0.641145,0.428733,0.118022,-0.625454
0.9080,5469,Render,Pinky_DIP,-17.811740,0.977611,20.801570,0.584718,0.502975,0.192642,-0.606639
0.9080,5469,Render,Pinky_FingerTip,-17.803700,0.984402,20.817570,0.584718,0.502975,0.192642,-0.606639
0.9229,5470,Real,Wrist,-17.954680,0.944804,20.731480,0.699785,0.268449,-0.035336,-0.661051
0.9229,5470,Real,Thumb_CMC,-17.938020,0.987543,20.743140,-0.061595,0.470204,-0.299938,-0.827739
0.9229,5470,Real,Thumb_MCP,-17.921420,1.006803,20.778950,-0.179352,0.438998,-0.079167,-0.876839
0.9229,5470,Real,Thumb_IP,-17.891900,1.005889,20.818080,-0.356752,0.312433,0.321349,-0.819664
0.9229,5470,Real,Thumb_FingerTip,-17.874860,0.984523,20.826150,-0.356752,0.312433,0.321349,-0.819664
0.9229,5470,Real,Index_MCP,-17.875820,1.020474,20.765800,0.532855,0.486261,0.200124,-0.662998
0.9229,5470,Real,Index_PIP,-17.854890,1.032314,20.805990,0.351894,0.629726,0.399375,-0.565788
0.9229,5470,Real,Index_DIP,-17.857800,1.032088,20.831780,0.157581,0.703955,0.544212,-0.428310
0.9229,5470,Real,Index_FingerTip,-17.873500,1.025515,20.852620,0.157581,0.703955,0.544212,-0.428310
0.9229,5470,Real,Middle_MCP,-17.863390,0.996055,20.767070,0.539971,0.519802,0.224920,-0.622614
0.9229,5470,Real,Middle_PIP,-17.844460,1.010908,20.814080,0.305070,0.684613,0.442397,-0.492465
0.9229,5470,Real,Middle_DIP,-17.853580,1.010409,20.840260,0.054284,0.747541,0.583414,-0.312834
0.9229,5470,Real,Middle_FingerTip,-17.876170,1.002375,20.855280,0.054284,0.747541,0.583414,-0.312834
0.9229,5470,Real,Ring_MCP,-17.857740,0.972344,20.770250,0.554322,0.528311,0.225369,-0.602348
0.9229,5470,Real,Ring_PIP,-17.841910,0.986966,20.811490,0.312313,0.699175,0.437133,-0.471730
0.9229,5470,Real,Ring_DIP,-17.851390,0.987606,20.836070,0.053334,0.763899,0.572501,-0.293015
0.9229,5470,Real,Ring_FingerTip,-17.872610,0.981052,20.849190,0.053334,0.763899,0.572501,-0.293015
0.9229,5470,Real,Pinky_MCP,-17.857870,0.950129,20.772880,0.564364,0.533073,0.224765,-0.588904
0.9229,5470,Real,Pinky_PIP,-17.844860,0.963396,20.807590,0.319796,0.707392,0.431471,-0.459522
0.9229,5470,Real,Pinky_DIP,-17.851700,0.964422,20.824580,0.057541,0.774185,0.562992,-0.283492
0.9229,5470,Real,Pinky_FingerTip,-17.867650,0.960013,20.834230,0.057541,0.774185,0.562992,-0.283492
0.9229,5470,Virtual,Wrist,-17.952370,0.946133,20.730450,0.696562,0.270382,-0.036402,-0.663604
0.9229,5470,Virtual,Thumb_CMC,-17.935950,0.988879,20.742420,-0.066069,0.470913,-0.300523,-0.826778
0.9229,5470,Virtual,Thumb_MCP,-17.919440,1.007967,20.778350,-0.183858,0.438544,-0.079978,-0.876059
0.9229,5470,Virtual,Thumb_IP,-17.889900,1.006931,20.817470,-0.360579,0.310011,0.320275,-0.819329
0.9229,5470,Virtual,Thumb_FingerTip,-17.872730,0.985602,20.825360,-0.360579,0.310011,0.320275,-0.819329
0.9229,5470,Virtual,Index_MCP,-17.873920,1.021992,20.765290,0.529073,0.486848,0.199900,-0.665659
0.9229,5470,Virtual,Index_PIP,-17.853040,1.033654,20.805550,0.348120,0.629087,0.400004,-0.568383
0.9229,5470,Virtual,Index_DIP,-17.855940,1.033220,20.831340,0.154147,0.702266,0.545555,-0.430618
0.9229,5470,Virtual,Index_FingerTip,-17.871580,1.026405,20.852130,0.154147,0.702266,0.545555,-0.430618
0.9229,5470,Virtual,Middle_MCP,-17.861350,0.997636,20.766370,0.536250,0.520328,0.224932,-0.625381
0.9229,5470,Virtual,Middle_PIP,-17.842490,1.012248,20.813470,0.301424,0.683702,0.443448,-0.495024
0.9229,5470,Virtual,Middle_DIP,-17.851580,1.011503,20.839650,0.051165,0.745444,0.585272,-0.314884
0.9229,5470,Virtual,Middle_FingerTip,-17.874120,1.003231,20.854630,0.051165,0.745444,0.585272,-0.314884
0.9229,5470,Virtual,Ring_MCP,-17.855570,0.973934,20.769370,0.550652,0.528881,0.225467,-0.605172
0.9229,5470,Virtual,Ring_PIP,-17.839800,0.988340,20.810710,0.308701,0.698309,0.438295,-0.474306
0.9229,5470,Virtual,Ring_DIP,-17.849270,0.988745,20.835290,0.050239,0.761845,0.574476,-0.295035
0.9229,5470,Virtual,Ring_FingerTip,-17.870450,0.981974,20.848380,0.050239,0.761845,0.574476,-0.295035
0.9229,5470,Virtual,Pinky_MCP,-17.855580,0.951700,20.771840,0.560729,0.533677,0.224915,-0.591765
0.9229,5470,Virtual,Pinky_PIP,-17.842620,0.964784,20.806630,0.316204,0.706571,0.432696,-0.462111
0.9229,5470,Virtual,Pinky_DIP,-17.849450,0.965645,20.823640,0.054450,0.772181,0.565031,-0.285503
0.9229,5470,Virtual,Pinky_FingerTip,-17.865380,0.961075,20.833270,0.054450,0.772181,0.565031,-0.285503
0.9229,5470,Render,Wrist,-17.952370,0.946133,20.730450,0.696562,0.270382,-0.036402,-0.663604
0.9229,5470,Render,Thumb_CMC,-17.935950,0.988879,20.742420,0.046318,0.484605,-0.378110,-0.787430
0.9229,5470,Render,Thumb_MCP,-17.925210,1.016997,20.774390,0.001936,0.486810,-0.304733,-0.818627
0.9229,5470,Render,Thumb_IP,-17.908530,1.041552,20.813410,-0.082004,0.479857,-0.159066,-0.858901
0.9229,5470,Render,Thumb_FingerTip,-17.894600,1.047097,20.837640,-0.082004,0.479857,-0.159066,-0.858901
0.9229,5470,Render,Index_MCP,-17.873920,1.021992,20.765290,0.646670,0.314255,0.000159,-0.695027
0.9229,5470,Render,Index_PIP,-17.836350,1.041015,20.785750,0.612294,0.376876,0.069128,-0.691580
0.9229,5470,Render,Index_DIP,-17.818010,1.050512,20.801480,0.576176,0.430070,0.130637,-0.682639
0.9229,5470,Render,Index_FingerTip,-17.801980,1.059046,20.821330,0.576176,0.430070,0.130637,-0.682639
0.9229,5470,Render,Middle_MCP,-17.861350,0.997636,20.766370,0.661583,0.347294,0.038750,-0.663471
0.9229,5470,Render,Middle_PIP,-17.821450,1.019186,20.793420,0.597072,0.449232,0.145014,-0.648588
0.9229,5470,Render,Middle_DIP,-17.806080,1.028842,20.814370,0.525649,0.531035,0.237496,-0.620718
0.9229,5470,Render,Middle_FingerTip,-17.796930,1.036297,20.840090,0.525649,0.531035,0.237496,-0.620718
0.9229,5470,Render,Ring_MCP,-17.855570,0.973934,20.769370,0.689578,0.327742,0.022649,-0.645411
0.9229,5470,Render,Ring_PIP,-17.819080,0.993608,20.790510,0.647426,0.404687,0.096542,-0.638551
0.9229,5470,Render,Ring_DIP,-17.801850,1.004164,20.807420,0.602162,0.469396,0.161982,-0.625164
0.9229,5470,Render,Ring_FingerTip,-17.788780,1.013524,20.827590,0.602162,0.469396,0.161982,-0.625164
0.9229,5470,Render,Pinky_MCP,-17.855580,0.951700,20.771840,0.696110,0.338614,0.034970,-0.632099
0.9229,5470,Render,Pinky_PIP,-17.825330,0.968521,20.790610,0.644450,0.428849,0.119366,-0.621711
0.9229,5470,Render,Pinky_DIP,-17.814250,0.975938,20.803210,0.587985,0.503490,0.193524,-0.602761
0.9229,5470,Render,Pinky_FingerTip,-17.806240,0.982812,20.819200,0.587985,0.503490,0.193524,-0.602761
0.9359,5471,Real,Wrist,-17.956950,0.943913,20.733720,0.704516,0.268119,-0.029335,-0.656437
0.9359,5471,Real,Thumb_CMC,-17.939970,0.986584,20.745150,-0.053546,0.473545,-0.298104,-0.827057
0.9359,5471,Real,Thumb_MCP,-17.923550,1.006009,20.780950,-0.172419,0.444279,-0.077568,-0.875712
0.9359,5471,Real,Thumb_IP,-17.894470,1.005158,20.820410,-0.352913,0.320257,0.322276,-0.817940
0.9359,5471,Real,Thumb_FingerTip,-17.877740,0.983691,20.828860,-0.352913,0.320257,0.322276,-0.817940
0.9359,5471,Real,Index_MCP,-17.877670,1.019071,20.768180,0.537488,0.487939,0.204190,-0.656756
0.9359,5471,Real,Index_PIP,-17.857040,1.031074,20.808470,0.355760,0.632782,0.401261,-0.558580
0.9359,5471,Real,Index_DIP,-17.860240,1.031125,20.834230,0.160414,0.707987,0.543963,-0.420865
0.9359,5471,Real,Index_FingerTip,-17.876220,1.024918,20.854950,0.160414,0.707987,0.543963,-0.420865
0.9359,5471,Real,Middle_MCP,-17.865510,0.994535,20.769810,0.544457,0.521342,0.228650,-0.616027
0.9359,5471,Real,Middle_PIP,-17.846940,1.009637,20.816870,0.308649,0.687725,0.443379,-0.484959
0.9359,5471,Real,Middle_DIP,-17.856330,1.009485,20.842950,0.056592,0.751683,0.581787,-0.305441
0.9359,5471,Real,Middle_FingerTip,-17.879170,1.001835,20.857810,0.056592,0.751683,0.581787,-0.305441
0.9359,5471,Real,Ring_MCP,-17.860150,0.970798,20.773270,0.558753,0.529667,0.229029,-0.595646
0.9359,5471,Real,Ring_PIP,-17.844610,0.985646,20.814540,0.315898,0.702112,0.437975,-0.464141
0.9359,5471,Real,Ring_DIP,-17.854340,0.986621,20.839000,0.055693,0.767887,0.570686,-0.285597
0.9359,5471,Real,Ring_FingerTip,-17.875780,0.980418,20.851960,0.055693,0.767887,0.570686,-0.285597
0.9359,5471,Real,Pinky_MCP,-17.860550,0.948612,20.776110,0.568759,0.534300,0.228385,-0.582132
0.9359,5471,Real,Pinky_PIP,-17.847770,0.962072,20.810830,0.323396,0.710196,0.432249,-0.451883
0.9359,5471,Real,Pinky_DIP,-17.854780,0.963333,20.827730,0.059961,0.778054,0.561101,-0.276050
0.9359,5471,Real,Pinky_FingerTip,-17.870880,0.959185,20.837250,0.059961,0.778054,0.561101,-0.276050
0.9359,5471,Virtual,Wrist,-17.954680,0.944804,20.731490,0.699785,0.268449,-0.035337,-0.661051
0.9359,5471,Virtual,Thumb_CMC,-17.938020,0.987544,20.743150,-0.061596,0.470204,-0.299938,-0.827739
0.9359,5471,Virtual,Thumb_MCP,-17.921430,1.006803,20.778950,-0.179352,0.438998,-0.079168,-0.876839
0.9359,5471,Virtual,Thumb_IP,-17.891910,1.005890,20.818090,-0.356752,0.312432,0.321349,-0.819664
0.9359,5471,Virtual,Thumb_FingerTip,-17.874860,0.984523,20.826150,-0.356752,0.312432,0.321349,-0.819664
0.9359,5471,Virtual,Index_MCP,-17.875830,1.020474,20.765810,0.532854,0.486261,0.200123,-0.662999
0.9359,5471,Virtual,Index_PIP,-17.854900,1.032315,20.805990,0.351894,0.629726,0.399375,-0.565788
0.9359,5471,Virtual,Index_DIP,-17.857800,1.032088,20.831790,0.157581,0.703955,0.544212,-0.428311
0.9359,5471,Virtual,Index_FingerTip,-17.873500,1.025516,20.852620,0.157581,0.703955,0.544212,-0.428311
0.9359,5471,Virtual,Middle_MCP,-17.863400,0.996055,20.767080,0.539971,0.519803,0.224920,-0.622614
0.9359,5471,Virtual,Middle_PIP,-17.844470,1.010908,20.814090,0.305070,0.684613,0.442397,-0.492465
0.9359,5471,Virtual,Middle_DIP,-17.853590,1.010409,20.840260,0.054284,0.747540,0.583414,-0.312834
0.9359,5471,Virtual,Middle_FingerTip,-17.876180,1.002376,20.855290,0.054284,0.747540,0.583414,-0.312834
0.9359,5471,Virtual,Ring_MCP,-17.857750,0.972344,20.770260,0.554322,0.528311,0.225369,-0.602348
0.9359,5471,Virtual,Ring_PIP,-17.841910,0.986966,20.811500,0.312313,0.699175,0.437133,-0.471731
0.9359,5471,Virtual,Ring_DIP,-17.851390,0.987606,20.836070,0.053333,0.763899,0.572501,-0.293015
0.9359,5471,Virtual,Ring_FingerTip,-17.872620,0.981052,20.849200,0.053333,0.763899,0.572501,-0.293015
0.9359,5471,Virtual,Pinky_MCP,-17.857880,0.950129,20.772890,0.564363,0.533073,0.224765,-0.588905
0.9359,5471,Virtual,Pinky_PIP,-17.844870,0.963396,20.807600,0.319795,0.707392,0.431471,-0.459522
0.9359,5471,Virtual,Pinky_DIP,-17.851710,0.964422,20.824590,0.057541,0.774185,0.562992,-0.283492
0.9359,5471,Virtual,Pinky_FingerTip,-17.867660,0.960013,20.834240,0.057541,0.774185,0.562992,-0.283492
0.9359,5471,Render,Wrist,-17.954680,0.944804,20.731490,0.699785,0.268449,-0.035337,-0.661051
0.9359,5471,Render,Thumb_CMC,-17.938020,0.987544,20.743150,0.050650,0.484554,-0.377446,-0.787513
0.9359,5471,Render,Thumb_MCP,-17.927240,1.015803,20.774980,0.006255,0.487154,-0.304063,-0.818650
0.9359,5471,Render,Thumb_IP,-17.910550,1.040512,20.813910,-0.077809,0.480940,-0.158402,-0.858808
0.9359,5471,Render,Thumb_FingerTip,-17.896660,1.046133,20.838150,-0.077809,0.480940,-0.158402,-0.858808
0.9359,5471,Render,Index_MCP,-17.875830,1.020474,20.765810,0.650124,0.312606,0.001137,-0.692543
0.9359,5471,Render,Index_PIP,-17.838150,1.039434,20.786160,0.615894,0.375578,0.069855,-0.689012
0.9359,5471,Render,Index_DIP,-17.819770,1.048944,20.801830,0.579877,0.429099,0.131131,-0.680016
0.9359,5471,Render,Index_FingerTip,-17.803700,1.057533,20.821610,0.579877,0.429099,0.131131,-0.680016
0.9359,5471,Render,Middle_MCP,-17.863400,0.996055,20.767080,0.665003,0.345737,0.039521,-0.660814
0.9359,5471,Render,Middle_PIP,-17.823380,1.017579,20.793990,0.600699,0.448246,0.145347,-0.645842
0.9359,5471,Render,Middle_DIP,-17.807970,1.027302,20.814880,0.529380,0.530585,0.237428,-0.617952
0.9359,5471,Render,Middle_FingerTip,-17.798790,1.034896,20.840550,0.529380,0.530585,0.237428,-0.617952
0.9359,5471,Render,Ring_MCP,-17.857750,0.972344,20.770260,0.692880,0.326041,0.023449,-0.642702
0.9359,5471,Render,Ring_PIP,-17.821150,0.991967,20.791270,0.650902,0.403377,0.097025,-0.635768
0.9359,5471,Render,Ring_DIP,-17.803880,1.002550,20.808110,0.605754,0.468452,0.162176,-0.622346
0.9359,5471,Render,Ring_FingerTip,-17.790760,1.011985,20.828220,0.605754,0.468452,0.162176,-0.622346
0.9359,5471,Render,Pinky_MCP,-17.857880,0.950129,20.772890,0.699390,0.336937,0.035694,-0.629328
0.9359,5471,Render,Pinky_PIP,-17.827550,0.966917,20.791550,0.647926,0.427627,0.119712,-0.618867
0.9359,5471,Render,Pinky_DIP,-17.816440,0.974364,20.804110,0.591582,0.502696,0.193524,-0.599897
0.9359,5471,Render,Pinky_FingerTip,-17.808400,0.981311,20.820050,0.591582,0.502696,0.193524,-0.599897
0.9501,5472,Real,Wrist,-17.958900,0.942960,20.736300,0.709148,0.268226,-0.020638,-0.651719
0.9501,5472,Real,Thumb_CMC,-17.941510,0.985491,20.747650,-0.046580,0.479146,-0.291874,-0.826475
0.9501,5472,Real,Thumb_MCP,-17.925240,1.004715,20.783620,-0.169591,0.450543,-0.066883,-0.873943
0.9501,5472,Real,Thumb_IP,-17.896550,1.002955,20.823340,-0.356408,0.323610,0.339063,-0.808262
0.9501,5472,Real,Thumb_FingerTip,-17.880580,0.980760,20.831370,-0.356408,0.323610,0.339063,-0.808262
0.9501,5472,Real,Index_MCP,-17.879140,1.017326,20.771360,0.541624,0.490339,0.211005,-0.649375
0.9501,5472,Real,Index_PIP,-17.858990,1.029367,20.811880,0.357792,0.637004,0.406372,-0.548701
0.9501,5472,Real,Index_DIP,-17.862670,1.029623,20.837580,0.160015,0.712871,0.546698,-0.409063
0.9501,5472,Real,Index_FingerTip,-17.879200,1.023728,20.857970,0.160015,0.712871,0.546698,-0.409063
0.9501,5472,Real,Middle_MCP,-17.867340,0.992644,20.773380,0.547990,0.523969,0.235626,-0.607984
0.9501,5472,Real,Middle_PIP,-17.849390,1.007839,20.820660,0.308134,0.692741,0.448740,-0.473071
0.9501,5472,Real,Middle_DIP,-17.859440,1.007904,20.846490,0.051647,0.756419,0.583851,-0.290313
0.9501,5472,Real,Middle_FingerTip,-17.882810,1.000522,20.860620,0.051647,0.756419,0.583851,-0.290313
0.9501,5472,Real,Ring_MCP,-17.862350,0.968866,20.777100,0.562314,0.531992,0.235842,-0.587509
0.9501,5472,Real,Ring_PIP,-17.847330,0.983812,20.818540,0.315592,0.706834,0.442933,-0.452326
0.9501,5472,Real,Ring_DIP,-17.857650,0.985009,20.842750,0.051111,0.772399,0.572229,-0.270819
0.9501,5472,Real,Ring_FingerTip,-17.879530,0.979049,20.855050,0.051111,0.772399,0.572229,-0.270819
0.9501,5472,Real,Pinky_MCP,-17.863090,0.946711,20.780120,0.572295,0.536464,0.235147,-0.573926
0.9501,5472,Real,Pinky_PIP,-17.850740,0.960260,20.814960,0.323099,0.714788,0.437087,-0.440045
0.9501,5472,Real,Pinky_DIP,-17.858140,0.961676,20.831680,0.055396,0.782462,0.562490,-0.261325
0.9501,5472,Real,Pinky_FingerTip,-17.874570,0.957705,20.840710,0.055396,0.782462,0.562490,-0.261325
0.9501,5472,Virtual,Wrist,-17.956960,0.943913,20.733720,0.704516,0.268119,-0.029336,-0.656437
0.9501,5472,Virtual,Thumb_CMC,-17.939970,0.986584,20.745160,-0.055354,0.473698,-0.295140,-0.827912
0.9501,5472,Virtual,Thumb_MCP,-17.923420,1.005740,20.781040,-0.176647,0.443001,-0.069663,-0.876181
0.9501,5472,Virtual,Thumb_IP,-17.894100,1.004052,20.820310,-0.359248,0.313680,0.337610,-0.811521
0.9501,5472,Virtual,Thumb_FingerTip,-17.877710,0.982012,20.827900,-0.359248,0.313680,0.337610,-0.811521
0.9501,5472,Virtual,Index_MCP,-17.877680,1.019071,20.768180,0.537275,0.488174,0.204477,-0.656667
0.9501,5472,Virtual,Index_PIP,-17.857080,1.031060,20.808490,0.354356,0.633569,0.402499,-0.557690
0.9501,5472,Virtual,Index_DIP,-17.860380,1.031062,20.834240,0.157709,0.708594,0.545566,-0.418784
0.9501,5472,Virtual,Index_FingerTip,-17.876500,1.024782,20.854840,0.157709,0.708594,0.545566,-0.418784
0.9501,5472,Virtual,Middle_MCP,-17.865520,0.994535,20.769810,0.543768,0.522060,0.229463,-0.615725
0.9501,5472,Virtual,Middle_PIP,-17.847060,1.009595,20.816940,0.304952,0.689372,0.445976,-0.482572
0.9501,5472,Virtual,Middle_DIP,-17.856710,1.009318,20.842920,0.049815,0.752163,0.584516,-0.300186
0.9501,5472,Virtual,Middle_FingerTip,-17.879770,1.001508,20.857350,0.049815,0.752163,0.584516,-0.300186
0.9501,5472,Virtual,Ring_MCP,-17.860160,0.970798,20.773270,0.558120,0.530333,0.229740,-0.595372
0.9501,5472,Virtual,Ring_PIP,-17.844710,0.985615,20.814590,0.312354,0.703695,0.440309,-0.461927
0.9501,5472,Virtual,Ring_DIP,-17.854670,0.986480,20.838970,0.049161,0.768333,0.573094,-0.280734
0.9501,5472,Virtual,Ring_FingerTip,-17.876280,0.980127,20.851550,0.049161,0.768333,0.573094,-0.280734
0.9501,5472,Virtual,Pinky_MCP,-17.860560,0.948612,20.776120,0.568121,0.534978,0.229079,-0.581860
0.9501,5472,Virtual,Pinky_PIP,-17.847850,0.962049,20.810880,0.319812,0.711817,0.434522,-0.449698
0.9501,5472,Virtual,Pinky_DIP,-17.855030,0.963232,20.827720,0.053342,0.778535,0.563428,-0.271268
0.9501,5472,Virtual,Pinky_FingerTip,-17.871260,0.958967,20.836970,0.053342,0.778535,0.563428,-0.271268
0.9501,5472,Render,Wrist,-17.956960,0.943913,20.733720,0.704516,0.268119,-0.029336,-0.656437
0.9501,5472,Render,Thumb_CMC,-17.939970,0.986584,20.745160,0.058998,0.486712,-0.375286,-0.786633
0.9501,5472,Render,Thumb_MCP,-17.929230,1.015031,20.776840,0.014371,0.490064,-0.301992,-0.817577
0.9501,5472,Render,Thumb_IP,-17.912690,1.039933,20.815700,-0.070316,0.485206,-0.156547,-0.857394
0.9501,5472,Render,Thumb_FingerTip,-17.899010,1.045639,20.840040,-0.070316,0.485206,-0.156547,-0.857394
0.9501,5472,Render,Index_MCP,-17.877680,1.019071,20.768180,0.655044,0.312881,0.006826,-0.687733
0.9501,5472,Render,Index_PIP,-17.840020,1.037826,20.788750,0.620763,0.376340,0.075039,-0.683661
0.9501,5472,Render,Index_DIP,-17.821710,1.047291,20.804530,0.584659,0.430293,0.135816,-0.674223
0.9501,5472,Render,Index_FingerTip,-17.805760,1.055899,20.824410,0.584659,0.430293,0.135816,-0.674223
0.9501,5472,Render,Middle_MCP,-17.865520,0.994535,20.769810,0.669741,0.345943,0.044962,-0.655552
0.9501,5472,Render,Middle_PIP,-17.825570,1.015892,20.796950,0.605342,0.449212,0.149871,-0.639773
0.9501,5472,Render,Middle_DIP,-17.810280,1.025652,20.817910,0.533834,0.532213,0.241024,-0.611292
0.9501,5472,Render,Middle_FingerTip,-17.801300,1.033393,20.843600,0.533834,0.532213,0.241024,-0.611292
0.9501,5472,Render,Ring_MCP,-17.860160,0.970798,20.773270,0.697513,0.325926,0.029038,-0.637499
0.9501,5472,Render,Ring_PIP,-17.823590,0.990233,20.794500,0.655517,0.403794,0.101981,-0.629959
0.9501,5472,Render,Ring_DIP,-17.806380,1.000795,20.811420,0.610302,0.469344,0.166505,-0.616056
0.9501,5472,Render,Ring_FingerTip,-17.793380,1.010282,20.831580,0.610302,0.469344,0.166505,-0.616056
0.9501,5472,Render,Pinky_MCP,-17.860560,0.948612,20.776120,0.703951,0.336773,0.041195,-0.623972
0.9501,5472,Render,Pinky_PIP,-17.830250,0.965256,20.794950,0.652467,0.428076,0.124446,-0.612822
0.9501,5472,Render,Pinky_DIP,-17.819190,0.972706,20.807550,0.596037,0.503690,0.197494,-0.593325
0.9501,5472,Render,Pinky_FingerTip,-17.811250,0.979719,20.823510,0.596037,0.503690,0.197494,-0.593325
0.9637,5473,Real,Wrist,-17.960930,0.941760,20.738780,0.713464,0.268960,-0.012815,-0.646889
0.9637,5473,Real,Thumb_CMC,-17.943230,0.984186,20.750040,-0.038306,0.484304,-0.289522,-0.824718
0.9637,5473,Real,Thumb_MCP,-17.927280,1.003526,20.786090,-0.162943,0.457675,-0.065069,-0.871636
0.9637,5473,Real,Thumb_IP,-17.899210,1.001775,20.826250,-0.353745,0.332989,0.339625,-0.805381
0.9637,5473,Real,Thumb_FingerTip,-17.883600,0.979470,20.834690,-0.353745,0.332989,0.339625,-0.805381
0.9637,5473,Real,Index_MCP,-17.880870,1.015517,20.774420,0.545474,0.492943,0.216645,-0.642285
0.9637,5473,Real,Index_PIP,-17.861190,1.027668,20.815140,0.360615,0.640696,0.409467,-0.540187
0.9637,5473,Real,Index_DIP,-17.865250,1.028180,20.840770,0.161660,0.717217,0.547221,-0.400018
0.9637,5473,Real,Index_FingerTip,-17.882130,1.022641,20.860970,0.161660,0.717217,0.547221,-0.400018
0.9637,5473,Real,Middle_MCP,-17.869370,0.990722,20.776810,0.551676,0.526330,0.240940,-0.600482
0.9637,5473,Real,Middle_PIP,-17.851960,1.006108,20.824230,0.310648,0.696325,0.450809,-0.464113
0.9637,5473,Real,Middle_DIP,-17.862380,1.006500,20.849910,0.052779,0.760647,0.582720,-0.281189
0.9637,5473,Real,Middle_FingerTip,-17.886050,0.999499,20.863750,0.052779,0.760647,0.582720,-0.281189
0.9637,5473,Real,Ring_MCP,-17.864710,0.966921,20.780810,0.565958,0.534121,0.241113,-0.579889
0.9637,5473,Real,Ring_PIP,-17.850140,0.982042,20.822330,0.318143,0.710196,0.444883,-0.443267
0.9637,5473,Real,Ring_DIP,-17.860800,0.983556,20.846380,0.052338,0.776437,0.570919,-0.261646
0.9637,5473,Real,Ring_FingerTip,-17.882920,0.977945,20.858400,0.052338,0.776437,0.570919,-0.261646
0.9637,5473,Real,Pinky_MCP,-17.865750,0.944802,20.783990,0.575913,0.538433,0.240398,-0.566236
0.9637,5473,Real,Pinky_PIP,-17.853760,0.958501,20.818900,0.325686,0.717993,0.438991,-0.430931
0.9637,5473,Real,Pinky_DIP,-17.861400,0.960140,20.835500,0.056712,0.786365,0.561117,-0.252115
0.9637,5473,Real,Pinky_FingerTip,-17.878000,0.956428,20.844310,0.056712,0.786365,0.561117,-0.252115
0.9637,5473,Virtual,Wrist,-17.958900,0.942959,20.736300,0.709148,0.268227,-0.020638,-0.651719
0.9637,5473,Virtual,Thumb_CMC,-17.941510,0.985490,20.747660,-0.046580,0.479146,-0.291874,-0.826474
0.9637,5473,Virtual,Thumb_MCP,-17.925240,1.004715,20.783630,-0.169592,0.450543,-0.066883,-0.873943
0.9637,5473,Virtual,Thumb_IP,-17.896550,1.002954,20.823350,-0.356409,0.323610,0.339063,-0.808261
0.9637,5473,Virtual,Thumb_FingerTip,-17.880580,0.980760,20.831370,-0.356409,0.323610,0.339063,-0.808261
0.9637,5473,Virtual,Index_MCP,-17.879140,1.017326,20.771370,0.541624,0.490340,0.211005,-0.649375
0.9637,5473,Virtual,Index_PIP,-17.859000,1.029366,20.811890,0.357791,0.637004,0.406372,-0.548701
0.9637,5473,Virtual,Index_DIP,-17.862680,1.029623,20.837580,0.160015,0.712871,0.546699,-0.409062
0.9637,5473,Virtual,Index_FingerTip,-17.879200,1.023728,20.857980,0.160015,0.712871,0.546699,-0.409062
0.9637,5473,Virtual,Middle_MCP,-17.867340,0.992644,20.773380,0.547990,0.523969,0.235626,-0.607984
0.9637,5473,Virtual,Middle_PIP,-17.849390,1.007838,20.820660,0.308133,0.692742,0.448740,-0.473071
0.9637,5473,Virtual,Middle_DIP,-17.859440,1.007903,20.846500,0.051647,0.756419,0.583851,-0.290313
0.9637,5473,Virtual,Middle_FingerTip,-17.882820,1.000521,20.860630,0.051647,0.756419,0.583851,-0.290313
0.9637,5473,Virtual,Ring_MCP,-17.862350,0.968865,20.777110,0.562313,0.531992,0.235842,-0.587509
0.9637,5473,Virtual,Ring_PIP,-17.847330,0.983811,20.818540,0.315592,0.706834,0.442933,-0.452326
0.9637,5473,Virtual,Ring_DIP,-17.857650,0.985008,20.842750,0.051110,0.772399,0.572229,-0.270819
0.9637,5473,Virtual,Ring_FingerTip,-17.879530,0.979049,20.855050,0.051110,0.772399,0.572229,-0.270819
0.9637,5473,Virtual,Pinky_MCP,-17.863090,0.946711,20.780120,0.572295,0.536464,0.235147,-0.573926
0.9637,5473,Virtual,Pinky_PIP,-17.850740,0.960259,20.814960,0.323098,0.714788,0.437088,-0.440045
0.9637,5473,Virtual,Pinky_DIP,-17.858150,0.961676,20.831690,0.055395,0.782462,0.562490,-0.261324
0.9637,5473,Virtual,Pinky_FingerTip,-17.874570,0.957704,20.840720,0.055395,0.782462,0.562490,-0.261324
0.9637,5473,Render,Wrist,-17.958900,0.942959,20.736300,0.709148,0.268227,-0.020638,-0.651719
0.9637,5473,Render,Thumb_CMC,-17.941510,0.985490,20.747660,0.068296,0.490752,-0.371476,-0.785178
0.9637,5473,Render,Thumb_MCP,-17.930870,1.014049,20.779270,0.023262,0.494935,-0.298332,-0.815780
0.9637,5473,Render,Thumb_IP,-17.914590,1.039043,20.818180,-0.062398,0.491537,-0.153251,-0.854993
0.9637,5473,Render,Thumb_FingerTip,-17.901200,1.044764,20.842680,-0.062398,0.491537,-0.153251,-0.854993
0.9637,5473,Render,Index_MCP,-17.879140,1.017326,20.771370,0.659833,0.313704,0.015176,-0.682628
0.9637,5473,Render,Index_PIP,-17.841550,1.035742,20.792360,0.625446,0.377633,0.082841,-0.677753
0.9637,5473,Render,Index_DIP,-17.823350,1.045088,20.808340,0.589208,0.431999,0.143060,-0.667642
0.9637,5473,Render,Index_FingerTip,-17.807590,1.053644,20.828390,0.589208,0.431999,0.143060,-0.667642
0.9637,5473,Render,Middle_MCP,-17.867340,0.992644,20.773380,0.674332,0.346573,0.053072,-0.649882
0.9637,5473,Render,Middle_PIP,-17.827510,1.013683,20.800950,0.609771,0.450573,0.156962,-0.632872
0.9637,5473,Render,Middle_DIP,-17.812420,1.023408,20.822060,0.538019,0.534202,0.247041,-0.603436
0.9637,5473,Render,Middle_FingerTip,-17.803720,1.031237,20.847830,0.538019,0.534202,0.247041,-0.603436
0.9637,5473,Render,Ring_MCP,-17.862350,0.968865,20.777110,0.702015,0.326170,0.037319,-0.631978
0.9637,5473,Render,Ring_PIP,-17.825850,0.987981,20.798730,0.659962,0.404552,0.109574,-0.623524
0.9637,5473,Render,Ring_DIP,-17.808760,0.998448,20.815840,0.614645,0.470557,0.173393,-0.608871
0.9637,5473,Render,Ring_FingerTip,-17.795930,1.007925,20.836120,0.614645,0.470557,0.173393,-0.608871
0.9637,5473,Render,Pinky_MCP,-17.863090,0.946711,20.780120,0.708379,0.336919,0.049389,-0.618261
0.9637,5473,Render,Pinky_PIP,-17.832850,0.963100,20.799280,0.656836,0.428814,0.131801,-0.606065
0.9637,5473,Render,Pinky_DIP,-17.821890,0.970503,20.811990,0.600285,0.504949,0.203980,-0.585729
0.9637,5473,Render,Pinky_FingerTip,-17.814090,0.977540,20.828020,0.600285,0.504949,0.203980,-0.585729
0.9778,5474,Real,Wrist,-17.962680,0.940369,20.740880,0.717048,0.269206,-0.007736,-0.642893
0.9778,5474,Real,Thumb_CMC,-17.944750,0.982737,20.752000,-0.033899,0.487648,-0.284894,-0.824552
0.9778,5474,Real,Thumb_MCP,-17.928850,1.001915,20.788160,-0.162501,0.461024,-0.055095,-0.870641
0.9778,5474,Real,Thumb_IP,-17.900960,0.999272,20.828400,-0.358712,0.332077,0.357204,-0.795900
0.9778,5474,Real,Thumb_FingerTip,-17.886020,0.976278,20.836160,-0.358712,0.332077,0.357204,-0.795900
0.9778,5474,Real,Index_MCP,-17.882370,1.013752,20.776750,0.548713,0.494829,0.220164,-0.636857
0.9778,5474,Real,Index_PIP,-17.863010,1.026050,20.817580,0.361711,0.644287,0.412219,-0.533043
0.9778,5474,Real,Index_DIP,-17.867430,1.026741,20.843150,0.160294,0.721282,0.548561,-0.391331
0.9778,5474,Real,Index_FingerTip,-17.884700,1.021412,20.863060,0.160294,0.721282,0.548561,-0.391331
0.9778,5474,Real,Middle_MCP,-17.871110,0.988885,20.779440,0.554283,0.528583,0.244725,-0.594542
0.9778,5474,Real,Middle_PIP,-17.854130,1.004461,20.826960,0.309087,0.700782,0.454089,-0.455164
0.9778,5474,Real,Middle_DIP,-17.865070,1.005011,20.852420,0.046719,0.764491,0.583813,-0.269320
0.9778,5474,Real,Middle_FingerTip,-17.889140,0.998133,20.865620,0.046719,0.764491,0.583813,-0.269320
0.9778,5474,Real,Ring_MCP,-17.866670,0.965078,20.783670,0.568759,0.535966,0.244565,-0.573971
0.9778,5474,Real,Ring_PIP,-17.852440,0.980385,20.825240,0.317525,0.714090,0.447329,-0.434915
0.9778,5474,Real,Ring_DIP,-17.863510,0.982081,20.849080,0.047951,0.780030,0.571113,-0.251165
0.9778,5474,Real,Ring_FingerTip,-17.885930,0.976609,20.860610,0.047951,0.780030,0.571113,-0.251165
0.9778,5474,Real,Pinky_MCP,-17.867920,0.942994,20.787000,0.578680,0.540175,0.243817,-0.560263
0.9778,5474,Real,Pinky_PIP,-17.856210,0.956851,20.821940,0.325049,0.721805,0.441344,-0.422560
0.9778,5474,Real,Pinky_DIP,-17.864130,0.958617,20.838400,0.052305,0.789888,0.561188,-0.241681
0.9778,5474,Real,Pinky_FingerTip,-17.880940,0.955004,20.846840,0.052305,0.789888,0.561188,-0.241681
0.9778,5474,Virtual,Wrist,-17.960940,0.941760,20.738780,0.713464,0.268960,-0.012815,-0.646889
0.9778,5474,Virtual,Thumb_CMC,-17.943240,0.984187,20.750050,-0.040391,0.484538,-0.286184,-0.825646
0.9778,5474,Virtual,Thumb_MCP,-17.927140,1.003219,20.786200,-0.167930,0.456298,-0.056047,-0.872039
0.9778,5474,Virtual,Thumb_IP,-17.898830,1.000497,20.826140,-0.361312,0.325364,0.357014,-0.797580
0.9778,5474,Virtual,Thumb_FingerTip,-17.883630,0.977567,20.833580,-0.361312,0.325364,0.357014,-0.797580
0.9778,5474,Virtual,Index_MCP,-17.880870,1.015517,20.774430,0.545366,0.493063,0.216786,-0.642238
0.9778,5474,Virtual,Index_PIP,-17.861200,1.027662,20.815150,0.359105,0.641544,0.410739,-0.539221
0.9778,5474,Virtual,Index_DIP,-17.865380,1.028124,20.840770,0.158591,0.717903,0.548928,-0.397673
0.9778,5474,Virtual,Index_FingerTip,-17.882420,1.022505,20.860810,0.158591,0.717903,0.548928,-0.397673
0.9778,5474,Virtual,Middle_MCP,-17.869380,0.990722,20.776810,0.551082,0.526952,0.241618,-0.600209
0.9778,5474,Virtual,Middle_PIP,-17.852060,1.006075,20.824280,0.306756,0.698048,0.453393,-0.461590
0.9778,5474,Virtual,Middle_DIP,-17.862760,1.006344,20.849850,0.045482,0.761119,0.585390,-0.275588
0.9778,5474,Virtual,Middle_FingerTip,-17.886640,0.999173,20.863230,0.045482,0.761119,0.585390,-0.275588
0.9778,5474,Virtual,Ring_MCP,-17.864720,0.966921,20.780810,0.565605,0.534495,0.241497,-0.579729
0.9778,5474,Virtual,Ring_PIP,-17.850190,0.982027,20.822360,0.315184,0.711515,0.446724,-0.441412
0.9778,5474,Virtual,Ring_DIP,-17.861040,0.983454,20.846330,0.046658,0.776799,0.572817,-0.257463
0.9778,5474,Virtual,Ring_FingerTip,-17.883310,0.977714,20.858030,0.046658,0.776799,0.572817,-0.257463
0.9778,5474,Virtual,Pinky_MCP,-17.865760,0.944802,20.784000,0.575557,0.538814,0.240772,-0.566077
0.9778,5474,Virtual,Pinky_PIP,-17.853810,0.958490,20.818930,0.322695,0.719343,0.440781,-0.429099
0.9778,5474,Virtual,Pinky_DIP,-17.861580,0.960067,20.835470,0.050960,0.786759,0.562946,-0.248004
0.9778,5474,Virtual,Pinky_FingerTip,-17.878280,0.956254,20.844050,0.050960,0.786759,0.562946,-0.248004
0.9778,5474,Render,Wrist,-17.960940,0.941760,20.738780,0.713464,0.268960,-0.012815,-0.646889
0.9778,5474,Render,Thumb_CMC,-17.943240,0.984187,20.750050,0.077049,0.494627,-0.368550,-0.783313
0.9778,5474,Render,Thumb_MCP,-17.932740,1.012887,20.781580,0.031625,0.499592,-0.295587,-0.813656
0.9778,5474,Render,Thumb_IP,-17.916750,1.038020,20.820520,-0.054963,0.497566,-0.150914,-0.852428
0.9778,5474,Render,Thumb_FingerTip,-17.903660,1.043794,20.845170,-0.054963,0.497566,-0.150914,-0.852428
0.9778,5474,Render,Index_MCP,-17.880870,1.015517,20.774430,0.664270,0.315089,0.022618,-0.677461
0.9778,5474,Render,Index_PIP,-17.843380,1.033685,20.795820,0.629723,0.379452,0.089734,-0.671873
0.9778,5474,Render,Index_DIP,-17.825320,1.042960,20.811990,0.593306,0.434193,0.149399,-0.661170
0.9778,5474,Render,Index_FingerTip,-17.809760,1.051505,20.832210,0.593306,0.434193,0.149399,-0.661170
0.9778,5474,Render,Middle_MCP,-17.869380,0.990722,20.776810,0.678537,0.347789,0.060299,-0.644201
0.9778,5474,Render,Middle_PIP,-17.829730,1.011543,20.804790,0.613726,0.452450,0.163181,-0.626101
0.9778,5474,Render,Middle_DIP,-17.814840,1.021273,20.826050,0.541661,0.536632,0.252212,-0.595835
0.9778,5474,Render,Middle_FingerTip,-17.806440,1.029219,20.851880,0.541661,0.536632,0.252212,-0.595835
0.9778,5474,Render,Ring_MCP,-17.864720,0.966921,20.780810,0.706147,0.327032,0.044736,-0.626423
0.9778,5474,Render,Ring_PIP,-17.828320,0.985806,20.802820,0.663967,0.405883,0.116304,-0.617155
0.9778,5474,Render,Ring_DIP,-17.811370,0.996223,20.820090,0.618491,0.472295,0.179429,-0.601840
0.9778,5474,Render,Ring_FingerTip,-17.798740,1.005724,20.840480,0.618491,0.472295,0.179429,-0.601840
0.9778,5474,Render,Pinky_MCP,-17.865760,0.944802,20.784000,0.712425,0.337693,0.056731,-0.612532
0.9778,5474,Render,Pinky_PIP,-17.835620,0.961010,20.803460,0.660742,0.430123,0.138308,-0.599404
0.9778,5474,Render,Pinky_DIP,-17.824760,0.968396,20.816280,0.604004,0.506721,0.209636,-0.578331
0.9778,5474,Render,Pinky_FingerTip,-17.817120,0.975478,20.832360,0.604004,0.506721,0.209636,-0.578331
0.9910,5475,Real,Wrist,-17.963810,0.938607,20.743980,0.720066,0.271049,-0.000544,-0.638778
0.9910,5475,Real,Thumb_CMC,-17.945700,0.980893,20.755120,-0.028969,0.493722,-0.281674,-0.822229
0.9910,5475,Real,Thumb_MCP,-17.930160,0.999977,20.791490,-0.161028,0.467622,-0.049528,-0.867725
0.9910,5475,Real,Thumb_IP,-17.902820,0.996807,20.832060,-0.362644,0.336289,0.365819,-0.788402
0.9910,5475,Real,Thumb_FingerTip,-17.888390,0.973417,20.839610,-0.362644,0.336289,0.365819,-0.788402
0.9910,5475,Real,Index_MCP,-17.883440,1.011548,20.780620,0.550829,0.498096,0.225539,-0.630571
0.9910,5475,Real,Index_PIP,-17.864610,1.023924,20.821670,0.361518,0.648704,0.416237,-0.524629
0.9910,5475,Real,Index_DIP,-17.869500,1.024763,20.847150,0.157671,0.725708,0.550590,-0.381233
0.9910,5475,Real,Index_FingerTip,-17.887240,1.019626,20.866710,0.157671,0.725708,0.550590,-0.381233
0.9910,5475,Real,Middle_MCP,-17.872420,0.986606,20.783630,0.556194,0.531612,0.249890,-0.587871
0.9910,5475,Real,Middle_PIP,-17.856060,1.002319,20.831310,0.308104,0.705007,0.457304,-0.445994
0.9910,5475,Real,Middle_DIP,-17.867490,1.003054,20.856550,0.042775,0.768202,0.584171,-0.258421
0.9910,5475,Real,Middle_FingerTip,-17.891900,0.996369,20.869200,0.042775,0.768202,0.584171,-0.258421
0.9910,5475,Real,Ring_MCP,-17.868250,0.962790,20.788050,0.570782,0.538633,0.249575,-0.567270
0.9910,5475,Real,Ring_PIP,-17.854520,0.978227,20.829750,0.317151,0.717867,0.450080,-0.426041
0.9910,5475,Real,Ring_DIP,-17.866000,0.980120,20.853380,0.045092,0.783508,0.570956,-0.241023
0.9910,5475,Real,Ring_FingerTip,-17.888690,0.974842,20.864450,0.045092,0.783508,0.570956,-0.241023
0.9910,5475,Real,Pinky_MCP,-17.869730,0.940736,20.791500,0.580685,0.542696,0.248833,-0.553505
0.9910,5475,Real,Pinky_PIP,-17.858430,0.954706,20.826530,0.324702,0.725454,0.444057,-0.413641
0.9910,5475,Real,Pinky_DIP,-17.866620,0.956609,20.842830,0.049501,0.793262,0.560965,-0.231525
0.9910,5475,Real,Pinky_FingerTip,-17.883630,0.953137,20.850930,0.049501,0.793262,0.560965,-0.231525
0.9910,5475,Virtual,Wrist,-17.962680,0.940368,20.740890,0.717048,0.269207,-0.007735,-0.642892
0.9910,5475,Virtual,Thumb_CMC,-17.944750,0.982736,20.752010,-0.035507,0.488268,-0.283352,-0.824649
0.9910,5475,Virtual,Thumb_MCP,-17.928830,1.001734,20.788250,-0.165852,0.460608,-0.050490,-0.870509
0.9910,5475,Virtual,Thumb_IP,-17.900850,0.998553,20.828390,-0.363587,0.327827,0.366284,-0.791310
0.9910,5475,Virtual,Thumb_FingerTip,-17.886130,0.975239,20.835580,-0.363587,0.327827,0.366284,-0.791310
0.9910,5475,Virtual,Index_MCP,-17.882370,1.013752,20.776760,0.548604,0.494950,0.220304,-0.636809
0.9910,5475,Virtual,Index_PIP,-17.863030,1.026044,20.817600,0.360422,0.645010,0.413284,-0.532217
0.9910,5475,Virtual,Index_DIP,-17.867540,1.026693,20.843150,0.157695,0.721854,0.549967,-0.389352
0.9910,5475,Virtual,Index_FingerTip,-17.884950,1.021297,20.862940,0.157695,0.721854,0.549967,-0.389352
0.9910,5475,Virtual,Middle_MCP,-17.871110,0.988884,20.779450,0.554140,0.528734,0.244887,-0.594475
0.9910,5475,Virtual,Middle_PIP,-17.854160,1.004453,20.826970,0.307319,0.701559,0.455235,-0.454017
0.9910,5475,Virtual,Middle_DIP,-17.865220,1.004947,20.852390,0.043242,0.764696,0.585031,-0.266662
0.9910,5475,Virtual,Middle_FingerTip,-17.889390,0.997989,20.865360,0.043242,0.764696,0.585031,-0.266662
0.9910,5475,Virtual,Ring_MCP,-17.866680,0.965078,20.783670,0.568756,0.535969,0.244567,-0.573969
0.9910,5475,Virtual,Ring_PIP,-17.852450,0.980385,20.825250,0.316317,0.714626,0.448064,-0.434158
0.9910,5475,Virtual,Ring_DIP,-17.863580,0.982045,20.849060,0.045449,0.780180,0.571916,-0.249331
0.9910,5475,Virtual,Ring_FingerTip,-17.886070,0.976517,20.860440,0.045449,0.780180,0.571916,-0.249331
0.9910,5475,Virtual,Pinky_MCP,-17.867930,0.942993,20.787010,0.578678,0.540178,0.243820,-0.560261
0.9910,5475,Virtual,Pinky_PIP,-17.856210,0.956851,20.821950,0.323829,0.722353,0.442057,-0.421813
0.9910,5475,Virtual,Pinky_DIP,-17.864180,0.958592,20.838380,0.049771,0.790052,0.561960,-0.239879
0.9910,5475,Virtual,Pinky_FingerTip,-17.881040,0.954934,20.846720,0.049771,0.790052,0.561960,-0.239879
0.9910,5475,Render,Wrist,-17.962680,0.940368,20.740890,0.717048,0.269207,-0.007735,-0.642892
0.9910,5475,Render,Thumb_CMC,-17.944750,0.982736,20.752010,0.083821,0.496745,-0.366890,-0.782055
0.9910,5475,Render,Thumb_MCP,-17.934330,1.011591,20.783420,0.038176,0.502319,-0.294050,-0.812252
0.9910,5475,Render,Thumb_IP,-17.918530,1.036893,20.822330,-0.048979,0.501381,-0.149641,-0.850780
0.9910,5475,Render,Thumb_FingerTip,-17.905630,1.042750,20.847060,-0.048979,0.501381,-0.149641,-0.850780
0.9910,5475,Render,Index_MCP,-17.882370,1.013752,20.776760,0.667983,0.315817,0.027404,-0.673282
0.9910,5475,Render,Index_PIP,-17.844960,1.031782,20.798390,0.633346,0.380545,0.094081,-0.667239
0.9910,5475,Render,Index_DIP,-17.826970,1.041035,20.814660,0.596816,0.435605,0.153315,-0.656166
0.9910,5475,Render,Index_FingerTip,-17.811550,1.049609,20.834960,0.596816,0.435605,0.153315,-0.656166
0.9910,5475,Render,Middle_MCP,-17.871110,0.988884,20.779450,0.682071,0.348439,0.064895,-0.639656
0.9910,5475,Render,Middle_PIP,-17.831570,1.009600,20.807660,0.617109,0.453659,0.166986,-0.620875
0.9910,5475,Render,Middle_DIP,-17.816810,1.019373,20.828990,0.544832,0.538320,0.255220,-0.590113
0.9910,5475,Render,Middle_FingerTip,-17.808590,1.027449,20.854840,0.544832,0.538320,0.255220,-0.590113
0.9910,5475,Render,Ring_MCP,-17.866680,0.965078,20.783670,0.709605,0.327425,0.049475,-0.621938
0.9910,5475,Render,Ring_PIP,-17.830350,0.983839,20.805890,0.667357,0.406670,0.120498,-0.612156
0.9910,5475,Render,Ring_DIP,-17.813480,0.994251,20.823240,0.621782,0.473428,0.183084,-0.596435
0.9910,5475,Render,Ring_FingerTip,-17.800970,1.003806,20.843690,0.621782,0.473428,0.183084,-0.596435
0.9910,5475,Render,Pinky_MCP,-17.867930,0.942993,20.787010,0.715814,0.338038,0.061404,-0.607923
0.9910,5475,Render,Pinky_PIP,-17.837850,0.959108,20.806650,0.664054,0.430919,0.142322,-0.594210
0.9910,5475,Render,Pinky_DIP,-17.827060,0.966504,20.819510,0.607196,0.507910,0.212993,-0.572691
0.9910,5475,Render,Pinky_FingerTip,-17.819520,0.973647,20.835620,0.607196,0.507910,0.212993,-0.572691
1.0050,5476,Real,Wrist,-17.964780,0.936497,20.747150,0.721331,0.272476,0.007348,-0.636699
1.0050,5476,Real,Thumb_CMC,-17.946460,0.978628,20.758540,-0.025142,0.499735,-0.277637,-0.820092
1.0050,5476,Real,Thumb_MCP,-17.931260,0.997521,20.795140,-0.160043,0.474082,-0.044249,-0.864682
1.0050,5476,Real,Thumb_IP,-17.904460,0.993833,20.836040,-0.366222,0.340952,0.372240,-0.781710
1.0050,5476,Real,Thumb_FingerTip,-17.890480,0.970130,20.843460,-0.366222,0.340952,0.372240,-0.781710
1.0050,5476,Real,Index_MCP,-17.884310,1.008750,20.784920,0.551578,0.500109,0.232002,-0.625962
1.0050,5476,Real,Index_PIP,-17.865950,1.020984,20.826220,0.359957,0.651750,0.422165,-0.517136
1.0050,5476,Real,Index_DIP,-17.871300,1.021829,20.851610,0.153660,0.728516,0.554923,-0.371099
1.0050,5476,Real,Index_FingerTip,-17.889520,1.016772,20.870740,0.153660,0.728516,0.554923,-0.371099
1.0050,5476,Real,Middle_MCP,-17.873560,0.983714,20.788080,0.556926,0.533286,0.256196,-0.582927
1.0050,5476,Real,Middle_PIP,-17.857720,0.999308,20.835990,0.306234,0.707659,0.462392,-0.437759
1.0050,5476,Real,Middle_DIP,-17.869620,1.000101,20.861010,0.038235,0.770129,0.586667,-0.247511
1.0050,5476,Real,Middle_FingerTip,-17.894370,0.993549,20.873070,0.038235,0.770129,0.586667,-0.247511
1.0050,5476,Real,Ring_MCP,-17.869660,0.959864,20.792580,0.571689,0.539940,0.255749,-0.562344
1.0050,5476,Real,Ring_PIP,-17.856340,0.975208,20.834450,0.315959,0.720092,0.454744,-0.418145
1.0050,5476,Real,Ring_DIP,-17.868220,0.977177,20.857880,0.041703,0.785254,0.572993,-0.230904
1.0050,5476,Real,Ring_FingerTip,-17.891180,0.972039,20.868470,0.041703,0.785254,0.572993,-0.230904
1.0050,5476,Real,Pinky_MCP,-17.871380,0.937825,20.796010,0.581614,0.543856,0.255025,-0.548551
1.0050,5476,Real,Pinky_PIP,-17.860420,0.951718,20.831180,0.323572,0.727568,0.448700,-0.405727
1.0050,5476,Real,Pinky_DIP,-17.868890,0.953676,20.847340,0.046190,0.794934,0.562958,-0.221414
1.0050,5476,Real,Pinky_FingerTip,-17.886080,0.950307,20.855080,0.046190,0.794934,0.562958,-0.221414
1.0050,5476,Virtual,Wrist,-17.963810,0.938607,20.743990,0.720067,0.271049,-0.000544,-0.638778
1.0050,5476,Virtual,Thumb_CMC,-17.945700,0.980894,20.755130,-0.029440,0.493783,-0.280937,-0.822427
1.0050,5476,Virtual,Thumb_MCP,-17.930140,0.999908,20.791510,-0.162561,0.467186,-0.046790,-0.867826
1.0050,5476,Virtual,Thumb_IP,-17.902730,0.996443,20.832020,-0.365158,0.333689,0.371499,-0.785685
1.0050,5476,Virtual,Thumb_FingerTip,-17.888440,0.972861,20.839230,-0.365158,0.333689,0.371499,-0.785685
1.0050,5476,Virtual,Index_MCP,-17.883440,1.011548,20.780620,0.550938,0.497975,0.225401,-0.630621
1.0050,5476,Virtual,Index_PIP,-17.864600,1.023931,20.821670,0.360043,0.649524,0.417428,-0.523681
1.0050,5476,Virtual,Index_DIP,-17.869590,1.024723,20.847120,0.154393,0.726412,0.552306,-0.378742
1.0050,5476,Virtual,Index_FingerTip,-17.887490,1.019503,20.866520,0.154393,0.726412,0.552306,-0.378742
1.0050,5476,Virtual,Middle_MCP,-17.872430,0.986606,20.783620,0.556322,0.531478,0.249749,-0.587931
1.0050,5476,Virtual,Middle_PIP,-17.856040,1.002326,20.831300,0.306379,0.705759,0.458393,-0.444874
1.0050,5476,Virtual,Middle_DIP,-17.867590,1.003008,20.856490,0.039038,0.768401,0.585421,-0.255577
1.0050,5476,Virtual,Middle_FingerTip,-17.892100,0.996237,20.868900,0.039038,0.768401,0.585421,-0.255577
1.0050,5476,Virtual,Ring_MCP,-17.868260,0.962790,20.788050,0.571055,0.538343,0.249287,-0.567397
1.0050,5476,Virtual,Ring_PIP,-17.854480,0.978238,20.829730,0.315998,0.718375,0.450763,-0.425318
1.0050,5476,Virtual,Ring_DIP,-17.866030,0.980097,20.853330,0.042345,0.783661,0.571798,-0.239019
1.0050,5476,Virtual,Ring_FingerTip,-17.888790,0.974757,20.864250,0.042345,0.783661,0.571798,-0.239019
1.0050,5476,Virtual,Pinky_MCP,-17.869740,0.940737,20.791500,0.580961,0.542401,0.248553,-0.553631
1.0050,5476,Virtual,Pinky_PIP,-17.858390,0.954714,20.826520,0.323538,0.725974,0.444721,-0.412928
1.0050,5476,Virtual,Pinky_DIP,-17.866650,0.956594,20.842800,0.046720,0.793430,0.561774,-0.229556
1.0050,5476,Virtual,Pinky_FingerTip,-17.883700,0.953073,20.850780,0.046720,0.793430,0.561774,-0.229556
1.0050,5476,Render,Wrist,-17.963810,0.938607,20.743990,0.720067,0.271049,-0.000544,-0.638778
1.0050,5476,Render,Thumb_CMC,-17.945700,0.980894,20.755130,0.090868,0.501774,-0.364433,-0.779201
1.0050,5476,Render,Thumb_MCP,-17.935570,1.009836,20.786550,0.044735,0.507970,-0.291863,-0.809186
1.0050,5476,Render,Thumb_IP,-17.920190,1.035224,20.825580,-0.043493,0.508077,-0.148016,-0.847383
1.0050,5476,Render,Thumb_FingerTip,-17.907660,1.041113,20.850480,-0.043493,0.508077,-0.148016,-0.847383
1.0050,5476,Render,Index_MCP,-17.883440,1.011548,20.780620,0.671021,0.318188,0.034214,-0.668818
1.0050,5476,Render,Index_PIP,-17.846210,1.029402,20.802710,0.636134,0.383205,0.100415,-0.662122
1.0050,5476,Render,Index_DIP,-17.828400,1.038605,20.819190,0.599355,0.438504,0.159166,-0.650503
1.0050,5476,Render,Index_FingerTip,-17.813210,1.047174,20.839670,0.599355,0.438504,0.159166,-0.650503
1.0050,5476,Render,Middle_MCP,-17.872430,0.986606,20.783620,0.684862,0.350610,0.071576,-0.634755
1.0050,5476,Render,Middle_PIP,-17.833150,1.007168,20.812310,0.619514,0.456252,0.172791,-0.614964
1.0050,5476,Render,Middle_DIP,-17.818620,1.016947,20.833800,0.546837,0.541233,0.260107,-0.583422
1.0050,5476,Render,Middle_FingerTip,-17.810730,1.025109,20.859720,0.546837,0.541233,0.260107,-0.583422
1.0050,5476,Render,Ring_MCP,-17.868260,0.962790,20.788050,0.712372,0.329307,0.056352,-0.617177
1.0050,5476,Render,Ring_PIP,-17.832110,0.981387,20.810710,0.669891,0.408857,0.126783,-0.606637
1.0050,5476,Render,Ring_DIP,-17.815420,0.991765,20.828250,0.624076,0.475864,0.188766,-0.590297
1.0050,5476,Render,Ring_FingerTip,-17.803140,1.001340,20.848820,0.624076,0.475864,0.188766,-0.590297
1.0050,5476,Render,Pinky_MCP,-17.869740,0.940737,20.791500,0.718494,0.339825,0.068238,-0.603017
1.0050,5476,Render,Pinky_PIP,-17.839820,0.956723,20.811500,0.666471,0.433049,0.148437,-0.588432
1.0050,5476,Render,Pinky_DIP,-17.829170,0.964107,20.824480,0.609338,0.510316,0.218366,-0.566217
1.0050,5476,Render,Pinky_FingerTip,-17.821810,0.971284,20.840650,0.609338,0.510316,0.218366,-0.566217
1.0184,5477,Real,Wrist,-17.966070,0.934570,20.749840,0.722777,0.272629,0.014061,-0.634878
1.0184,5477,Real,Thumb_CMC,-17.947490,0.976542,20.761390,-0.020610,0.503702,-0.273857,-0.819062
1.0184,5477,Real,Thumb_MCP,-17.932450,0.995329,20.798120,-0.157274,0.478963,-0.039965,-0.862707
1.0184,5477,Real,Thumb_IP,-17.906070,0.991323,20.839260,-0.366778,0.345853,0.376574,-0.777208
1.0184,5477,Real,Thumb_FingerTip,-17.892470,0.967411,20.846710,-0.366778,0.345853,0.376574,-0.777208
1.0184,5477,Real,Index_MCP,-17.885360,1.006117,20.788420,0.552956,0.500944,0.237510,-0.622000
1.0184,5477,Real,Index_PIP,-17.867310,1.018224,20.829910,0.359594,0.653756,0.427186,-0.510693
1.0184,5477,Real,Index_DIP,-17.873020,1.019103,20.855210,0.151321,0.730621,0.558538,-0.362396
1.0184,5477,Real,Index_FingerTip,-17.891620,1.014161,20.874010,0.151321,0.730621,0.558538,-0.362396
1.0184,5477,Real,Middle_MCP,-17.874870,0.980987,20.791730,0.558529,0.533647,0.261299,-0.578784
1.0184,5477,Real,Middle_PIP,-17.859350,0.996493,20.839760,0.306529,0.709065,0.466121,-0.431276
1.0184,5477,Real,Middle_DIP,-17.871540,0.997398,20.864630,0.036997,0.771598,0.588198,-0.239354
1.0184,5477,Real,Middle_FingerTip,-17.896520,0.991045,20.876320,0.036997,0.771598,0.588198,-0.239354
1.0184,5477,Real,Ring_MCP,-17.871230,0.957106,20.796280,0.573353,0.540075,0.260812,-0.558177
1.0184,5477,Real,Ring_PIP,-17.858170,0.972377,20.838250,0.316486,0.721285,0.458328,-0.411729
1.0184,5477,Real,Ring_DIP,-17.870310,0.974462,20.861550,0.040838,0.786605,0.574350,-0.222953
1.0184,5477,Real,Ring_FingerTip,-17.893460,0.969512,20.871810,0.040838,0.786605,0.574350,-0.222953
1.0184,5477,Real,Pinky_MCP,-17.873190,0.935087,20.799710,0.583298,0.543864,0.260087,-0.544363
1.0184,5477,Real,Pinky_PIP,-17.862440,0.948919,20.834970,0.324156,0.728661,0.452257,-0.399298
1.0184,5477,Real,Pinky_DIP,-17.871080,0.950959,20.851030,0.045403,0.796218,0.564274,-0.213473
1.0184,5477,Real,Pinky_FingerTip,-17.888410,0.947729,20.858520,0.045403,0.796218,0.564274,-0.213473
1.0184,5477,Virtual,Wrist,-17.964790,0.936499,20.747160,0.721331,0.272476,0.007348,-0.636699
1.0184,5477,Virtual,Thumb_CMC,-17.946470,0.978630,20.758550,-0.024730,0.499263,-0.277278,-0.820513
1.0184,5477,Virtual,Thumb_MCP,-17.931210,0.997526,20.795120,-0.160027,0.473568,-0.042859,-0.865037
1.0184,5477,Virtual,Thumb_IP,-17.904350,0.993730,20.835970,-0.366623,0.339799,0.375143,-0.780636
1.0184,5477,Virtual,Thumb_FingerTip,-17.890450,0.969938,20.843250,-0.366623,0.339799,0.375143,-0.780636
1.0184,5477,Virtual,Index_MCP,-17.884320,1.008752,20.784920,0.551688,0.499988,0.231864,-0.626013
1.0184,5477,Virtual,Index_PIP,-17.865940,1.020991,20.826220,0.358707,0.652440,0.423156,-0.516325
1.0184,5477,Virtual,Index_DIP,-17.871380,1.021799,20.851590,0.150861,0.729101,0.556343,-0.368965
1.0184,5477,Virtual,Index_FingerTip,-17.889730,1.016673,20.870570,0.150861,0.729101,0.556343,-0.368965
1.0184,5477,Virtual,Middle_MCP,-17.873570,0.983716,20.788090,0.557258,0.532940,0.255833,-0.583085
1.0184,5477,Virtual,Middle_PIP,-17.857670,0.999327,20.835970,0.305633,0.707919,0.462763,-0.437367
1.0184,5477,Virtual,Middle_DIP,-17.869600,1.000101,20.860980,0.036563,0.770210,0.587202,-0.246237
1.0184,5477,Virtual,Middle_FingerTip,-17.894400,0.993511,20.872920,0.036563,0.770210,0.587202,-0.246237
1.0184,5477,Virtual,Ring_MCP,-17.869670,0.959866,20.792590,0.572059,0.539548,0.255364,-0.562518
1.0184,5477,Virtual,Ring_PIP,-17.856300,0.975224,20.834430,0.315500,0.720294,0.455010,-0.417855
1.0184,5477,Virtual,Ring_DIP,-17.868190,0.977180,20.857850,0.040267,0.785329,0.573414,-0.229856
1.0184,5477,Virtual,Ring_FingerTip,-17.891180,0.972010,20.868360,0.040267,0.785329,0.573414,-0.229856
1.0184,5477,Virtual,Pinky_MCP,-17.871390,0.937828,20.796020,0.581987,0.543458,0.254649,-0.548725
1.0184,5477,Virtual,Pinky_PIP,-17.860380,0.951730,20.831170,0.323109,0.727774,0.448959,-0.405440
1.0184,5477,Virtual,Pinky_DIP,-17.868860,0.953679,20.847320,0.044737,0.795018,0.563362,-0.220385
1.0184,5477,Virtual,Pinky_FingerTip,-17.886080,0.950285,20.855000,0.044737,0.795018,0.563362,-0.220385
1.0184,5477,Render,Wrist,-17.964790,0.936499,20.747160,0.721331,0.272476,0.007348,-0.636699
1.0184,5477,Render,Thumb_CMC,-17.946470,0.978630,20.758550,0.095787,0.506879,-0.360459,-0.777154
1.0184,5477,Render,Thumb_MCP,-17.936540,1.007496,20.790110,0.049168,0.513502,-0.288092,-0.806785
1.0184,5477,Render,Thumb_IP,-17.921500,1.032764,20.829340,-0.040080,0.514291,-0.144715,-0.844368
1.0184,5477,Render,Thumb_FingerTip,-17.909270,1.038554,20.854430,-0.040080,0.514291,-0.144715,-0.844368
1.0184,5477,Render,Index_MCP,-17.884320,1.008752,20.784920,0.672248,0.320048,0.041877,-0.666258
1.0184,5477,Render,Index_PIP,-17.847250,1.026289,20.807530,0.637170,0.385178,0.107786,-0.658813
1.0184,5477,Render,Index_DIP,-17.829600,1.035343,20.824270,0.600211,0.440561,0.166212,-0.646550
1.0184,5477,Render,Index_FingerTip,-17.814630,1.043788,20.844960,0.600211,0.440561,0.166212,-0.646550
1.0184,5477,Render,Middle_MCP,-17.873570,0.983716,20.788090,0.685957,0.352171,0.079183,-0.631799
1.0184,5477,Render,Middle_PIP,-17.834520,1.003946,20.817330,0.620344,0.457968,0.179823,-0.610822
1.0184,5477,Render,Middle_DIP,-17.820220,1.013606,20.839020,0.547409,0.543051,0.266464,-0.578305
1.0184,5477,Render,Middle_FingerTip,-17.812630,1.021710,20.865050,0.547409,0.543051,0.266464,-0.578305
1.0184,5477,Render,Ring_MCP,-17.869670,0.959866,20.792590,0.713480,0.330620,0.064083,-0.614435
1.0184,5477,Render,Ring_PIP,-17.833680,0.978156,20.815750,0.670840,0.410289,0.134149,-0.603027
1.0184,5477,Render,Ring_DIP,-17.817160,0.988396,20.833520,0.624872,0.477386,0.195719,-0.585945
1.0184,5477,Render,Ring_FingerTip,-17.805100,0.997871,20.854270,0.624872,0.477386,0.195719,-0.585945
1.0184,5477,Render,Pinky_MCP,-17.871390,0.937828,20.796020,0.719560,0.341011,0.075950,-0.600148
1.0184,5477,Render,Pinky_PIP,-17.841620,0.953560,20.816440,0.667368,0.434368,0.155694,-0.584555
1.0184,5477,Render,Pinky_DIP,-17.831090,0.960857,20.829560,0.610069,0.511733,0.225103,-0.561493
1.0184,5477,Render,Pinky_FingerTip,-17.823910,0.967976,20.845840,0.610069,0.511733,0.225103,-0.561493
1.0326,5478,Real,Wrist,-17.966630,0.931667,20.753070,0.719889,0.272130,0.022198,-0.638132
1.0326,5478,Real,Thumb_CMC,-17.947770,0.973311,20.765330,-0.022183,0.509394,-0.266900,-0.817796
1.0326,5478,Real,Thumb_MCP,-17.932910,0.991487,20.802440,-0.160504,0.483956,-0.033328,-0.859602
1.0326,5478,Real,Thumb_IP,-17.906950,0.986679,20.843750,-0.372210,0.348475,0.381391,-0.771082
1.0326,5478,Real,Thumb_FingerTip,-17.893670,0.962524,20.850980,-0.372210,0.348475,0.381391,-0.771082
1.0326,5478,Real,Index_MCP,-17.885630,1.001949,20.793320,0.550175,0.499740,0.246239,-0.622040
1.0326,5478,Real,Index_PIP,-17.867870,1.013355,20.835120,0.356661,0.652093,0.435994,-0.507422
1.0326,5478,Real,Index_DIP,-17.873860,1.013943,20.860370,0.148308,0.728311,0.566336,-0.356133
1.0326,5478,Real,Index_FingerTip,-17.892750,1.008904,20.878850,0.148308,0.728311,0.566336,-0.356133
1.0326,5478,Real,Middle_MCP,-17.875400,0.976681,20.796400,0.556189,0.531929,0.269926,-0.578658
1.0326,5478,Real,Middle_PIP,-17.860180,0.991431,20.844760,0.304532,0.706793,0.474327,-0.427456
1.0326,5478,Real,Middle_DIP,-17.872620,0.992123,20.869520,0.035429,0.768791,0.594684,-0.232500
1.0326,5478,Real,Middle_FingerTip,-17.897790,0.985839,20.880830,0.035429,0.768791,0.594684,-0.232500
1.0326,5478,Real,Ring_MCP,-17.872040,0.952711,20.800680,0.571216,0.538152,0.269421,-0.558137
1.0326,5478,Real,Ring_PIP,-17.859210,0.967326,20.842960,0.314856,0.718861,0.466471,-0.408057
1.0326,5478,Real,Ring_DIP,-17.871560,0.969222,20.866150,0.039765,0.783782,0.580779,-0.216335
1.0326,5478,Real,Ring_FingerTip,-17.894860,0.964347,20.876090,0.039765,0.783782,0.580779,-0.216335
1.0326,5478,Real,Pinky_MCP,-17.874240,0.930670,20.803810,0.581271,0.541830,0.268707,-0.544372
1.0326,5478,Real,Pinky_PIP,-17.863660,0.943952,20.839330,0.322667,0.726183,0.460423,-0.395671
1.0326,5478,Real,Pinky_DIP,-17.872450,0.945865,20.855320,0.044475,0.793396,0.570736,-0.206895
1.0326,5478,Real,Pinky_FingerTip,-17.889890,0.942692,20.862590,0.044475,0.793396,0.570736,-0.206895
1.0326,5478,Virtual,Wrist,-17.966080,0.934571,20.749850,0.722777,0.272629,0.014061,-0.634878
1.0326,5478,Virtual,Thumb_CMC,-17.947500,0.976543,20.761400,-0.020590,0.503699,-0.273888,-0.819054
1.0326,5478,Virtual,Thumb_MCP,-17.932460,0.995333,20.798120,-0.157415,0.478912,-0.039707,-0.862721
1.0326,5478,Virtual,Thumb_IP,-17.906070,0.991299,20.839250,-0.367087,0.345520,0.377278,-0.776869
1.0326,5478,Virtual,Thumb_FingerTip,-17.892490,0.967364,20.846660,-0.367087,0.345520,0.377278,-0.776869
1.0326,5478,Virtual,Index_MCP,-17.885360,1.006118,20.788430,0.552956,0.500944,0.237510,-0.622000
1.0326,5478,Virtual,Index_PIP,-17.867320,1.018225,20.829910,0.358895,0.654140,0.427731,-0.510237
1.0326,5478,Virtual,Index_DIP,-17.873080,1.019082,20.855210,0.149838,0.730927,0.559272,-0.361262
1.0326,5478,Virtual,Index_FingerTip,-17.891750,1.014105,20.873920,0.149838,0.730927,0.559272,-0.361262
1.0326,5478,Virtual,Middle_MCP,-17.874880,0.980988,20.791730,0.558652,0.533518,0.261165,-0.578844
1.0326,5478,Virtual,Middle_PIP,-17.859330,0.996500,20.839760,0.306179,0.709216,0.466333,-0.431046
1.0326,5478,Virtual,Middle_DIP,-17.871560,0.997394,20.864620,0.036115,0.771640,0.588472,-0.238681
1.0326,5478,Virtual,Middle_FingerTip,-17.896560,0.991022,20.876250,0.036115,0.771640,0.588472,-0.238681
1.0326,5478,Virtual,Ring_MCP,-17.871240,0.957107,20.796280,0.573515,0.539904,0.260646,-0.558256
1.0326,5478,Virtual,Ring_PIP,-17.858160,0.972383,20.838250,0.316285,0.721373,0.458442,-0.411602
1.0326,5478,Virtual,Ring_DIP,-17.870300,0.974462,20.861530,0.040211,0.786637,0.574527,-0.222495
1.0326,5478,Virtual,Ring_FingerTip,-17.893470,0.969499,20.871760,0.040211,0.786637,0.574527,-0.222495
1.0326,5478,Virtual,Pinky_MCP,-17.873200,0.935088,20.799720,0.583460,0.543690,0.259924,-0.544441
1.0326,5478,Virtual,Pinky_PIP,-17.862420,0.948924,20.834970,0.323954,0.728751,0.452369,-0.399173
1.0326,5478,Virtual,Pinky_DIP,-17.871070,0.950960,20.851020,0.044768,0.796254,0.564444,-0.213023
1.0326,5478,Virtual,Pinky_FingerTip,-17.888410,0.947719,20.858490,0.044768,0.796254,0.564444,-0.213023
1.0326,5478,Render,Wrist,-17.966080,0.934571,20.749850,0.722777,0.272629,0.014061,-0.634878
1.0326,5478,Render,Thumb_CMC,-17.947500,0.976543,20.761400,0.100388,0.509875,-0.356663,-0.776364
1.0326,5478,Render,Thumb_MCP,-17.937590,1.005356,20.793010,0.053477,0.516905,-0.284384,-0.805652
1.0326,5478,Render,Thumb_IP,-17.922690,1.030534,20.832370,-0.036422,0.518386,-0.141258,-0.842613
1.0326,5478,Render,Thumb_FingerTip,-17.910650,1.036242,20.857550,-0.036422,0.518386,-0.141258,-0.842613
1.0326,5478,Render,Index_MCP,-17.885360,1.006118,20.788430,0.673737,0.320598,0.048438,-0.664040
1.0326,5478,Render,Index_PIP,-17.848380,1.023335,20.811420,0.638598,0.385873,0.114094,-0.655956
1.0326,5478,Render,Index_DIP,-17.830830,1.032242,20.828350,0.601571,0.441382,0.172240,-0.643140
1.0326,5478,Render,Index_FingerTip,-17.816010,1.040567,20.849190,0.601571,0.441382,0.172240,-0.643140
1.0326,5478,Render,Middle_MCP,-17.874880,0.980988,20.791730,0.687377,0.352486,0.085647,-0.629231
1.0326,5478,Render,Middle_PIP,-17.835960,1.000885,20.821370,0.621694,0.458508,0.185790,-0.607248
1.0326,5478,Render,Middle_DIP,-17.821810,1.010433,20.843210,0.548666,0.543781,0.271850,-0.573904
1.0326,5478,Render,Middle_FingerTip,-17.814430,1.018489,20.869320,0.548666,0.543781,0.271850,-0.573904
1.0326,5478,Render,Ring_MCP,-17.871240,0.957107,20.796280,0.714875,0.330710,0.070626,-0.612043
1.0326,5478,Render,Ring_PIP,-17.835350,0.975087,20.819820,0.672216,0.410538,0.140374,-0.599900
1.0326,5478,Render,Ring_DIP,-17.818920,0.985191,20.837770,0.626215,0.477776,0.201588,-0.582192
1.0326,5478,Render,Ring_FingerTip,-17.807000,0.994573,20.858640,0.626215,0.477776,0.201588,-0.582192
1.0326,5478,Render,Pinky_MCP,-17.873200,0.935088,20.799720,0.720932,0.341000,0.082456,-0.597643
1.0326,5478,Render,Pinky_PIP,-17.843520,0.950566,20.820450,0.668729,0.434541,0.161806,-0.581201
1.0326,5478,Render,Pinky_DIP,-17.833060,0.957777,20.833680,0.611399,0.512069,0.230765,-0.557426
1.0326,5478,Render,Pinky_FingerTip,-17.825990,0.964844,20.850020,0.611399,0.512069,0.230765,-0.557426
1.0466,5479,Real,Wrist,-17.966960,0.928445,20.756140,0.715853,0.271102,0.028552,-0.642840
1.0466,5479,Real,Thumb_CMC,-17.947880,0.969757,20.769140,-0.026403,0.514229,-0.260337,-0.816760
1.0466,5479,Real,Thumb_MCP,-17.933140,0.987239,20.806630,-0.165884,0.487454,-0.027297,-0.856812
1.0466,5479,Real,Thumb_IP,-17.907490,0.981603,20.848040,-0.378608,0.348977,0.385357,-0.765749
1.0466,5479,Real,Thumb_FingerTip,-17.894390,0.957252,20.854950,-0.378608,0.348977,0.385357,-0.765749
1.0466,5479,Real,Index_MCP,-17.885680,0.997511,20.797910,0.546477,0.497539,0.253820,-0.624014
1.0466,5479,Real,Index_PIP,-17.868070,1.008142,20.839980,0.353885,0.648805,0.443804,-0.506810
1.0466,5479,Real,Index_DIP,-17.874190,1.008385,20.865200,0.146626,0.724350,0.573618,-0.353243
1.0466,5479,Real,Index_FingerTip,-17.893220,1.003198,20.883490,0.146626,0.724350,0.573618,-0.353243
1.0466,5479,Real,Middle_MCP,-17.875650,0.972126,20.800660,0.552913,0.529366,0.277575,-0.580526
1.0466,5479,Real,Middle_PIP,-17.860580,0.986019,20.849320,0.302619,0.703110,0.482036,-0.426262
1.0466,5479,Real,Middle_DIP,-17.873150,0.986424,20.874020,0.035040,0.764666,0.601445,-0.228741
1.0466,5479,Real,Middle_FingerTip,-17.898420,0.980154,20.885110,0.035040,0.764666,0.601445,-0.228741
1.0466,5479,Real,Ring_MCP,-17.872480,0.948069,20.804580,0.568047,0.535561,0.277166,-0.560069
1.0466,5479,Real,Ring_PIP,-17.859790,0.961936,20.847150,0.312847,0.715283,0.474414,-0.406730
1.0466,5479,Real,Ring_DIP,-17.872260,0.963559,20.870300,0.039049,0.779729,0.587765,-0.212201
1.0466,5479,Real,Ring_FingerTip,-17.895660,0.958694,20.880020,0.039049,0.779729,0.587765,-0.212201
1.0466,5479,Real,Pinky_MCP,-17.874850,0.925998,20.807350,0.578222,0.539172,0.276456,-0.546374
1.0466,5479,Real,Pinky_PIP,-17.864390,0.938653,20.843140,0.320794,0.722591,0.468397,-0.394408
1.0466,5479,Real,Pinky_DIP,-17.873250,0.940380,20.859110,0.043890,0.789380,0.577772,-0.202812
1.0466,5479,Real,Pinky_FingerTip,-17.890760,0.937218,20.866220,0.043890,0.789380,0.577772,-0.202812
1.0466,5479,Virtual,Wrist,-17.966640,0.931666,20.753080,0.719889,0.272130,0.022198,-0.638132
1.0466,5479,Virtual,Thumb_CMC,-17.947780,0.973309,20.765340,-0.022656,0.509878,-0.267156,-0.817398
1.0466,5479,Virtual,Thumb_MCP,-17.932970,0.991473,20.802470,-0.161091,0.484292,-0.033683,-0.859289
1.0466,5479,Virtual,Thumb_IP,-17.907050,0.986661,20.843810,-0.372886,0.348490,0.380930,-0.770976
1.0466,5479,Virtual,Thumb_FingerTip,-17.893750,0.962514,20.851030,-0.372886,0.348490,0.380930,-0.770976
1.0466,5479,Virtual,Index_MCP,-17.885640,1.001948,20.793330,0.550175,0.499740,0.246239,-0.622040
1.0466,5479,Virtual,Index_PIP,-17.867880,1.013353,20.835130,0.356662,0.652093,0.435994,-0.507422
1.0466,5479,Virtual,Index_DIP,-17.873860,1.013942,20.860380,0.148308,0.728311,0.566336,-0.356133
1.0466,5479,Virtual,Index_FingerTip,-17.892760,1.008902,20.878850,0.148308,0.728311,0.566336,-0.356133
1.0466,5479,Virtual,Middle_MCP,-17.875410,0.976680,20.796410,0.556227,0.531891,0.269886,-0.578677
1.0466,5479,Virtual,Middle_PIP,-17.860180,0.991431,20.844770,0.304685,0.706727,0.474235,-0.427559
1.0466,5479,Virtual,Middle_DIP,-17.872620,0.992128,20.869530,0.035697,0.768779,0.594603,-0.232707
1.0466,5479,Virtual,Middle_FingerTip,-17.897780,0.985850,20.880860,0.035697,0.768779,0.594603,-0.232707
1.0466,5479,Virtual,Ring_MCP,-17.872050,0.952710,20.800690,0.571178,0.538192,0.269461,-0.558118
1.0466,5479,Virtual,Ring_PIP,-17.859220,0.967323,20.842970,0.314698,0.718930,0.466561,-0.407954
1.0466,5479,Virtual,Ring_DIP,-17.871580,0.969215,20.866150,0.039487,0.783796,0.580856,-0.216129
1.0466,5479,Virtual,Ring_FingerTip,-17.894890,0.964334,20.876080,0.039487,0.783796,0.580856,-0.216129
1.0466,5479,Virtual,Pinky_MCP,-17.874240,0.930668,20.803810,0.581232,0.541872,0.268745,-0.544354
1.0466,5479,Virtual,Pinky_PIP,-17.863680,0.943949,20.839340,0.322507,0.726254,0.460510,-0.395569
1.0466,5479,Virtual,Pinky_DIP,-17.872470,0.945859,20.855330,0.044194,0.793412,0.570809,-0.206693
1.0466,5479,Virtual,Pinky_FingerTip,-17.889910,0.942682,20.862590,0.044194,0.793412,0.570809,-0.206693
1.0466,5479,Render,Wrist,-17.966640,0.931666,20.753080,0.719889,0.272130,0.022198,-0.638132
1.0466,5479,Render,Thumb_CMC,-17.947780,0.973309,20.765340,0.099483,0.515331,-0.349262,-0.776243
1.0466,5479,Render,Thumb_MCP,-17.937910,1.001621,20.797420,0.052078,0.522256,-0.277025,-0.804857
1.0466,5479,Render,Thumb_IP,-17.923150,1.026152,20.837220,-0.038722,0.523416,-0.134146,-0.840561
1.0466,5479,Render,Thumb_FingerTip,-17.911290,1.031424,20.862590,-0.038722,0.523416,-0.134146,-0.840561
1.0466,5479,Render,Index_MCP,-17.885640,1.001948,20.793330,0.670728,0.320245,0.056787,-0.666591
1.0466,5479,Render,Index_PIP,-17.848710,1.018520,20.816890,0.635638,0.385223,0.122655,-0.657665
1.0466,5479,Render,Index_DIP,-17.831240,1.027044,20.834090,0.598681,0.440470,0.180919,-0.644078
1.0466,5479,Render,Index_FingerTip,-17.816540,1.034962,20.855180,0.598681,0.440470,0.180919,-0.644078
1.0466,5479,Render,Middle_MCP,-17.875410,0.976680,20.796410,0.684564,0.351664,0.094100,-0.631546
1.0466,5479,Render,Middle_PIP,-17.836600,0.995828,20.826670,0.619050,0.457244,0.194505,-0.608172
1.0466,5479,Render,Middle_DIP,-17.822570,1.004963,20.848750,0.546234,0.542148,0.280606,-0.573555
1.0466,5479,Render,Middle_FingerTip,-17.815360,1.012615,20.875030,0.546234,0.542148,0.280606,-0.573555
1.0466,5479,Render,Ring_MCP,-17.872050,0.952710,20.800690,0.712140,0.329776,0.078989,-0.614708
1.0466,5479,Render,Ring_PIP,-17.836210,0.970048,20.824790,0.669606,0.409296,0.148987,-0.601588
1.0466,5479,Render,Ring_DIP,-17.819860,0.979766,20.843020,0.623747,0.476271,0.210329,-0.582981
1.0466,5479,Render,Ring_FingerTip,-17.808050,0.988768,20.864110,0.623747,0.476271,0.210329,-0.582981
1.0466,5479,Render,Pinky_MCP,-17.874240,0.930668,20.803810,0.718282,0.339893,0.090845,-0.600243
1.0466,5479,Render,Pinky_PIP,-17.844620,0.945599,20.825020,0.666251,0.433088,0.170468,-0.582654
1.0466,5479,Render,Pinky_DIP,-17.834220,0.952542,20.838450,0.609115,0.510329,0.239539,-0.557822
1.0466,5479,Render,Pinky_FingerTip,-17.827240,0.959332,20.854940,0.609115,0.510329,0.239539,-0.557822
1.0606,5480,Real,Wrist,-17.967190,0.925113,20.759080,0.711623,0.268775,0.033539,-0.648250
1.0606,5480,Real,Thumb_CMC,-17.947830,0.966074,20.772780,-0.030833,0.516973,-0.253439,-0.817041
1.0606,5480,Real,Thumb_MCP,-17.933030,0.982859,20.810560,-0.170909,0.488879,-0.020560,-0.855199
1.0606,5480,Real,Thumb_IP,-17.907480,0.976390,20.851900,-0.383721,0.347808,0.390544,-0.761094
1.0606,5480,Real,Thumb_FingerTip,-17.894570,0.951841,20.858450,-0.383721,0.347808,0.390544,-0.761094
1.0606,5480,Real,Index_MCP,-17.885480,0.992918,20.802070,0.543157,0.493871,0.260285,-0.627156
1.0606,5480,Real,Index_PIP,-17.867840,1.002753,20.844320,0.351717,0.644378,0.451121,-0.507506
1.0606,5480,Real,Index_DIP,-17.874010,1.002633,20.869530,0.145630,0.719528,0.580927,-0.351563
1.0606,5480,Real,Index_FingerTip,-17.893110,0.997283,20.887690,0.145630,0.719528,0.580927,-0.351563
1.0606,5480,Real,Middle_MCP,-17.875640,0.967421,20.804420,0.550029,0.525467,0.284170,-0.583610
1.0606,5480,Real,Middle_PIP,-17.860530,0.980430,20.853320,0.301232,0.698503,0.489466,-0.426352
1.0606,5480,Real,Middle_DIP,-17.873140,0.980525,20.878000,0.035121,0.759878,0.608501,-0.226006
1.0606,5480,Real,Middle_FingerTip,-17.898480,0.974252,20.888930,0.035121,0.759878,0.608501,-0.226006
1.0606,5480,Real,Ring_MCP,-17.872640,0.943282,20.807960,0.565386,0.531554,0.283713,-0.563290
1.0606,5480,Real,Ring_PIP,-17.859900,0.956379,20.850760,0.311818,0.710620,0.481786,-0.407027
1.0606,5480,Real,Ring_DIP,-17.872390,0.957722,20.873920,0.039592,0.775012,0.594805,-0.209753
1.0606,5480,Real,Ring_FingerTip,-17.895840,0.952867,20.883520,0.039592,0.775012,0.594805,-0.209753
1.0606,5480,Real,Pinky_MCP,-17.875180,0.921187,20.810380,0.575685,0.535122,0.282995,-0.549678
1.0606,5480,Real,Pinky_PIP,-17.864670,0.933196,20.846380,0.319895,0.717938,0.475790,-0.394786
1.0606,5480,Real,Pinky_DIP,-17.873530,0.934731,20.862360,0.044549,0.784719,0.584858,-0.200433
1.0606,5480,Real,Pinky_FingerTip,-17.891080,0.931579,20.869380,0.044549,0.784719,0.584858,-0.200433
1.0606,5480,Virtual,Wrist,-17.966970,0.928447,20.756150,0.715853,0.271102,0.028552,-0.642840
1.0606,5480,Virtual,Thumb_CMC,-17.947880,0.969759,20.769150,-0.026317,0.514218,-0.260466,-0.816728
1.0606,5480,Virtual,Thumb_MCP,-17.933150,0.987253,20.806640,-0.165813,0.487462,-0.027405,-0.856818
1.0606,5480,Virtual,Thumb_IP,-17.907490,0.981629,20.848040,-0.378567,0.348999,0.385305,-0.765786
1.0606,5480,Virtual,Thumb_FingerTip,-17.894400,0.957281,20.854960,-0.378567,0.348999,0.385305,-0.765786
1.0606,5480,Virtual,Index_MCP,-17.885690,0.997513,20.797920,0.546586,0.497420,0.253683,-0.624070
1.0606,5480,Virtual,Index_PIP,-17.868060,1.008150,20.839970,0.353796,0.648853,0.443874,-0.506749
1.0606,5480,Virtual,Index_DIP,-17.874180,1.008390,20.865200,0.146294,0.724417,0.573779,-0.352981
1.0606,5480,Virtual,Index_FingerTip,-17.893230,1.003195,20.883470,0.146294,0.724417,0.573779,-0.352981
1.0606,5480,Virtual,Middle_MCP,-17.875660,0.972127,20.800660,0.553013,0.529262,0.277465,-0.580579
1.0606,5480,Virtual,Middle_PIP,-17.860570,0.986026,20.849320,0.302497,0.703162,0.482110,-0.426179
1.0606,5480,Virtual,Middle_DIP,-17.873150,0.986427,20.874010,0.034659,0.764683,0.601559,-0.228442
1.0606,5480,Virtual,Middle_FingerTip,-17.898420,0.980149,20.885080,0.034659,0.764683,0.601559,-0.228442
1.0606,5480,Virtual,Ring_MCP,-17.872490,0.948070,20.804580,0.568185,0.535415,0.277021,-0.560140
1.0606,5480,Virtual,Ring_PIP,-17.859770,0.961942,20.847150,0.312880,0.715269,0.474395,-0.406752
1.0606,5480,Virtual,Ring_DIP,-17.872240,0.963567,20.870290,0.038936,0.779735,0.587796,-0.212116
1.0606,5480,Virtual,Ring_FingerTip,-17.895640,0.958700,20.880010,0.038936,0.779735,0.587796,-0.212116
1.0606,5480,Virtual,Pinky_MCP,-17.874860,0.926000,20.807360,0.578361,0.539023,0.276315,-0.546446
1.0606,5480,Virtual,Pinky_PIP,-17.864380,0.938658,20.843140,0.320828,0.722577,0.468378,-0.394430
1.0606,5480,Virtual,Pinky_DIP,-17.873240,0.940386,20.859110,0.043776,0.789386,0.577801,-0.202728
1.0606,5480,Virtual,Pinky_FingerTip,-17.890750,0.937222,20.866210,0.043776,0.789386,0.577801,-0.202728
1.0606,5480,Render,Wrist,-17.966970,0.928447,20.756150,0.715853,0.271102,0.028552,-0.642840
1.0606,5480,Render,Thumb_CMC,-17.947880,0.969759,20.769150,0.096286,0.520384,-0.342127,-0.776453
1.0606,5480,Render,Thumb_MCP,-17.938030,0.997489,20.801740,0.048433,0.526996,-0.269900,-0.804415
1.0606,5480,Render,Thumb_IP,-17.923380,1.021282,20.842030,-0.043129,0.527457,-0.127204,-0.838897
1.0606,5480,Render,Thumb_FingerTip,-17.911660,1.026067,20.867570,-0.043129,0.527457,-0.127204,-0.838897
1.0606,5480,Render,Index_MCP,-17.885690,0.997513,20.797920,0.666553,0.319202,0.063479,-0.670663
1.0606,5480,Render,Index_PIP,-17.848780,1.013453,20.821930,0.631587,0.383771,0.129718,-0.661053
1.0606,5480,Render,Index_DIP,-17.831340,1.021584,20.839350,0.594776,0.438662,0.188257,-0.646821
1.0606,5480,Render,Index_FingerTip,-17.816700,1.029070,20.860640,0.594776,0.438662,0.188257,-0.646821
1.0606,5480,Render,Middle_MCP,-17.875660,0.972127,20.800660,0.680669,0.350187,0.100945,-0.635507
1.0606,5480,Render,Middle_PIP,-17.836880,0.990526,20.831420,0.615444,0.455160,0.201898,-0.610979
1.0606,5480,Render,Middle_DIP,-17.822910,0.999217,20.853720,0.542968,0.539563,0.288328,-0.575261
1.0606,5480,Render,Middle_FingerTip,-17.815790,1.006411,20.880150,0.542968,0.539563,0.288328,-0.575261
1.0606,5480,Render,Ring_MCP,-17.872490,0.948070,20.804580,0.708337,0.328271,0.085680,-0.618996
1.0606,5480,Render,Ring_PIP,-17.836660,0.964776,20.829150,0.666001,0.407365,0.156126,-0.605080
1.0606,5480,Render,Ring_DIP,-17.820350,0.974093,20.847610,0.620361,0.473978,0.217791,-0.585717
1.0606,5480,Render,Ring_FingerTip,-17.808590,0.982683,20.868910,0.620361,0.473978,0.217791,-0.585717
1.0606,5480,Render,Pinky_MCP,-17.874860,0.926000,20.807360,0.714594,0.338235,0.097579,-0.604509
1.0606,5480,Render,Pinky_PIP,-17.845250,0.940387,20.828950,0.662819,0.430951,0.177713,-0.585979
1.0606,5480,Render,Pinky_DIP,-17.834870,0.947047,20.842540,0.605965,0.507793,0.247132,-0.560249
1.0606,5480,Render,Pinky_FingerTip,-17.827930,0.953532,20.859180,0.605965,0.507793,0.247132,-0.560249
1.0747,5481,Real,Wrist,-17.967660,0.922155,20.761910,0.708894,0.267181,0.037897,-0.651650
1.0747,5481,Real,Thumb_CMC,-17.948080,0.962844,20.776100,-0.033117,0.519424,-0.248452,-0.816930
1.0747,5481,Real,Thumb_MCP,-17.933290,0.979158,20.814090,-0.173874,0.490577,-0.015623,-0.853732
1.0747,5481,Real,Thumb_IP,-17.907880,0.972102,20.855420,-0.387262,0.347744,0.394454,-0.757304
1.0747,5481,Real,Thumb_FingerTip,-17.895140,0.947399,20.861720,-0.387262,0.347744,0.394454,-0.757304
1.0747,5481,Real,Index_MCP,-17.885640,0.988981,20.805830,0.541286,0.491188,0.265168,-0.628833
1.0747,5481,Real,Index_PIP,-17.867990,0.998265,20.848200,0.350141,0.641605,0.456826,-0.507005
1.0747,5481,Real,Index_DIP,-17.874240,0.997903,20.873390,0.144256,0.716551,0.586565,-0.348836
1.0747,5481,Real,Index_FingerTip,-17.893480,0.992456,20.891390,0.144256,0.716551,0.586565,-0.348836
1.0747,5481,Real,Middle_MCP,-17.875970,0.963398,20.807930,0.548435,0.522623,0.289179,-0.585201
1.0747,5481,Real,Middle_PIP,-17.860840,0.975797,20.856980,0.300121,0.695589,0.495160,-0.425325
1.0747,5481,Real,Middle_DIP,-17.873540,0.975695,20.881620,0.034373,0.756792,0.613683,-0.222435
1.0747,5481,Real,Middle_FingerTip,-17.898970,0.969441,20.892340,0.034373,0.756792,0.613683,-0.222435
1.0747,5481,Real,Ring_MCP,-17.873130,0.939204,20.811220,0.563922,0.528633,0.288725,-0.564957
1.0747,5481,Real,Ring_PIP,-17.860360,0.951768,20.854170,0.310850,0.707696,0.487491,-0.406068
1.0747,5481,Real,Ring_DIP,-17.872930,0.952929,20.877290,0.038969,0.771973,0.600000,-0.206249
1.0747,5481,Real,Ring_FingerTip,-17.896450,0.948096,20.886720,0.038969,0.771973,0.600000,-0.206249
1.0747,5481,Real,Pinky_MCP,-17.875800,0.917101,20.813390,0.574309,0.532150,0.288004,-0.551398
1.0747,5481,Real,Pinky_PIP,-17.865260,0.928661,20.849520,0.319019,0.715011,0.481500,-0.393883
1.0747,5481,Real,Pinky_DIP,-17.874190,0.930072,20.865490,0.044005,0.781714,0.590069,-0.196989
1.0747,5481,Real,Pinky_FingerTip,-17.891780,0.926936,20.872390,0.044005,0.781714,0.590069,-0.196989
1.0747,5481,Virtual,Wrist,-17.967200,0.925111,20.759090,0.711623,0.268775,0.033538,-0.648250
1.0747,5481,Virtual,Thumb_CMC,-17.947830,0.966072,20.772790,-0.030619,0.516947,-0.253760,-0.816967
1.0747,5481,Virtual,Thumb_MCP,-17.933050,0.982889,20.810560,-0.170794,0.488877,-0.020719,-0.855219
1.0747,5481,Virtual,Thumb_IP,-17.907490,0.976439,20.851910,-0.383744,0.347724,0.390689,-0.761046
1.0747,5481,Virtual,Thumb_FingerTip,-17.894590,0.951885,20.858440,-0.383744,0.347724,0.390689,-0.761046
1.0747,5481,Virtual,Index_MCP,-17.885490,0.992917,20.802080,0.543482,0.493514,0.259872,-0.627327
1.0747,5481,Virtual,Index_PIP,-17.867790,1.002769,20.844300,0.351452,0.644523,0.451329,-0.507321
1.0747,5481,Virtual,Index_DIP,-17.873980,1.002641,20.869510,0.144643,0.719727,0.581408,-0.350766
1.0747,5481,Virtual,Index_FingerTip,-17.893130,0.997270,20.887620,0.144643,0.719727,0.581408,-0.350766
1.0747,5481,Virtual,Middle_MCP,-17.875650,0.967419,20.804430,0.550326,0.525156,0.283839,-0.583771
1.0747,5481,Virtual,Middle_PIP,-17.860480,0.980442,20.853310,0.300870,0.698659,0.489686,-0.426099
1.0747,5481,Virtual,Middle_DIP,-17.873110,0.980528,20.877980,0.033986,0.759929,0.608838,-0.225098
1.0747,5481,Virtual,Middle_FingerTip,-17.898480,0.974233,20.888830,0.033986,0.759929,0.608838,-0.225098
1.0747,5481,Virtual,Ring_MCP,-17.872650,0.943280,20.807980,0.565684,0.531237,0.283396,-0.563450
1.0747,5481,Virtual,Ring_PIP,-17.859860,0.956388,20.850750,0.311447,0.710783,0.481999,-0.406776
1.0747,5481,Virtual,Ring_DIP,-17.872370,0.957721,20.873900,0.038431,0.775070,0.595118,-0.208863
1.0747,5481,Virtual,Ring_FingerTip,-17.895840,0.952844,20.883430,0.038431,0.775070,0.595118,-0.208863
1.0747,5481,Virtual,Pinky_MCP,-17.875190,0.921185,20.810390,0.575985,0.534798,0.282685,-0.549837
1.0747,5481,Virtual,Pinky_PIP,-17.864630,0.933202,20.846370,0.319520,0.718105,0.475996,-0.394538
1.0747,5481,Virtual,Pinky_DIP,-17.873510,0.934730,20.862340,0.043373,0.784785,0.585157,-0.199557
1.0747,5481,Virtual,Pinky_FingerTip,-17.891070,0.931560,20.869320,0.043373,0.784785,0.585157,-0.199557
1.0747,5481,Render,Wrist,-17.967200,0.925111,20.759090,0.711623,0.268775,0.033538,-0.648250
1.0747,5481,Render,Thumb_CMC,-17.947830,0.966072,20.772790,0.092170,0.523326,-0.335103,-0.778037
1.0747,5481,Render,Thumb_MCP,-17.937840,0.993205,20.805830,0.044066,0.529550,-0.262761,-0.805352
1.0747,5481,Render,Thumb_IP,-17.923080,1.016245,20.846520,-0.047872,0.529220,-0.120010,-0.838590
1.0747,5481,Render,Thumb_FingerTip,-17.911360,1.020537,20.872140,-0.047872,0.529220,-0.120010,-0.838590
1.0747,5481,Render,Index_MCP,-17.885490,0.992917,20.802080,0.662248,0.316789,0.068913,-0.675517
1.0747,5481,Render,Index_PIP,-17.848500,1.008205,20.826400,0.627543,0.380943,0.135607,-0.665344
1.0747,5481,Render,Index_DIP,-17.831030,1.015932,20.843970,0.591001,0.435484,0.194506,-0.650569
1.0747,5481,Render,Index_FingerTip,-17.816370,1.022971,20.865400,0.591001,0.435484,0.194506,-0.650569
1.0747,5481,Render,Middle_MCP,-17.875650,0.967419,20.804430,0.676729,0.347397,0.106510,-0.640319
1.0747,5481,Render,Middle_PIP,-17.836780,0.985045,20.835540,0.612005,0.451772,0.208165,-0.614834
1.0747,5481,Render,Middle_DIP,-17.822780,0.993278,20.857990,0.540056,0.535712,0.295088,-0.578166
1.0747,5481,Render,Middle_FingerTip,-17.815650,0.999996,20.884550,0.540056,0.535712,0.295088,-0.578166
1.0747,5481,Render,Ring_MCP,-17.872650,0.943280,20.807980,0.704461,0.325493,0.091032,-0.624101
1.0747,5481,Render,Ring_PIP,-17.836740,0.959334,20.832850,0.662469,0.404161,0.162028,-0.609538
1.0747,5481,Render,Ring_DIP,-17.820390,0.968237,20.851490,0.617179,0.470427,0.224122,-0.589541
1.0747,5481,Render,Ring_FingerTip,-17.808600,0.976401,20.872930,0.617179,0.470427,0.224122,-0.589541
1.0747,5481,Render,Pinky_MCP,-17.875190,0.921185,20.810390,0.710861,0.335329,0.102963,-0.609615
1.0747,5481,Render,Pinky_PIP,-17.845500,0.935013,20.832250,0.659509,0.427571,0.183732,-0.590317
1.0747,5481,Render,Pinky_DIP,-17.835100,0.941380,20.845960,0.603087,0.504038,0.253631,-0.563829
1.0747,5481,Render,Pinky_FingerTip,-17.828140,0.947548,20.862710,0.603087,0.504038,0.253631,-0.563829
1.0897,5482,Real,Wrist,-17.967550,0.918564,20.764800,0.703864,0.263471,0.039853,-0.658460
1.0897,5482,Real,Thumb_CMC,-17.947700,0.958908,20.779590,-0.039018,0.518957,-0.242079,-0.818877
1.0897,5482,Real,Thumb_MCP,-17.932590,0.974539,20.817730,-0.179745,0.488396,-0.008396,-0.853868
1.0897,5482,Real,Thumb_IP,-17.906960,0.966633,20.858780,-0.391783,0.342556,0.401761,-0.753491
1.0897,5482,Real,Thumb_FingerTip,-17.894340,0.941729,20.864520,-0.391783,0.342556,0.401761,-0.753491
1.0897,5482,Real,Index_MCP,-17.884980,0.984234,20.809430,0.538223,0.485214,0.268637,-0.634601
1.0897,5482,Real,Index_PIP,-17.866960,0.992726,20.851820,0.348077,0.635577,0.462905,-0.510493
1.0897,5482,Real,Index_DIP,-17.873100,0.991944,20.877030,0.142933,0.710413,0.593965,-0.349413
1.0897,5482,Real,Index_FingerTip,-17.892340,0.986241,20.894950,0.142933,0.710413,0.593965,-0.349413
1.0897,5482,Real,Middle_MCP,-17.875420,0.958575,20.811040,0.545859,0.516604,0.292944,-0.591052
1.0897,5482,Real,Middle_PIP,-17.859860,0.970070,20.860170,0.298947,0.689545,0.501635,-0.428394
1.0897,5482,Real,Middle_DIP,-17.872450,0.969585,20.884860,0.034279,0.750778,0.621162,-0.222073
1.0897,5482,Real,Middle_FingerTip,-17.897890,0.963234,20.895500,0.034279,0.750778,0.621162,-0.222073
1.0897,5482,Real,Ring_MCP,-17.872680,0.934314,20.813880,0.561502,0.522662,0.292523,-0.570939
1.0897,5482,Real,Ring_PIP,-17.859530,0.946084,20.856950,0.309689,0.701820,0.494081,-0.409175
1.0897,5482,Real,Ring_DIP,-17.872000,0.946884,20.880140,0.038715,0.766134,0.607604,-0.205811
1.0897,5482,Real,Ring_FingerTip,-17.895530,0.941962,20.889490,0.038715,0.766134,0.607604,-0.205811
1.0897,5482,Real,Pinky_MCP,-17.875440,0.912188,20.815690,0.572017,0.526185,0.291788,-0.557482
1.0897,5482,Real,Pinky_PIP,-17.864580,0.923080,20.851930,0.317960,0.709207,0.488096,-0.397100
1.0897,5482,Real,Pinky_DIP,-17.873430,0.924242,20.867950,0.043803,0.775987,0.597702,-0.196669
1.0897,5482,Real,Pinky_FingerTip,-17.891030,0.921041,20.874800,0.043803,0.775987,0.597702,-0.196669
1.0897,5482,Virtual,Wrist,-17.967670,0.922154,20.761920,0.708893,0.267182,0.037897,-0.651650
1.0897,5482,Virtual,Thumb_CMC,-17.948090,0.962843,20.776100,-0.032387,0.518901,-0.248608,-0.817244
1.0897,5482,Virtual,Thumb_MCP,-17.933250,0.979210,20.814050,-0.173353,0.490159,-0.015123,-0.854087
1.0897,5482,Virtual,Thumb_IP,-17.907800,0.972144,20.855360,-0.387017,0.347166,0.395962,-0.756907
1.0897,5482,Virtual,Thumb_FingerTip,-17.895110,0.947403,20.861600,-0.387017,0.347166,0.395962,-0.756907
1.0897,5482,Virtual,Index_MCP,-17.885640,0.988979,20.805840,0.541931,0.490476,0.264341,-0.629181
1.0897,5482,Virtual,Index_PIP,-17.867900,0.998297,20.848150,0.349842,0.641768,0.457062,-0.506793
1.0897,5482,Virtual,Index_DIP,-17.874160,0.997927,20.873340,0.142773,0.716848,0.587285,-0.347622
1.0897,5482,Virtual,Index_FingerTip,-17.893470,0.992450,20.891250,0.142773,0.716848,0.587285,-0.347622
1.0897,5482,Virtual,Middle_MCP,-17.875970,0.963397,20.807930,0.549048,0.521980,0.288492,-0.585540
1.0897,5482,Virtual,Middle_PIP,-17.860730,0.975824,20.856940,0.299767,0.695741,0.495375,-0.425074
1.0897,5482,Virtual,Middle_DIP,-17.873450,0.975713,20.881570,0.032843,0.756860,0.614131,-0.221195
1.0897,5482,Virtual,Middle_FingerTip,-17.898920,0.969431,20.892180,0.032843,0.756860,0.614131,-0.221195
1.0897,5482,Virtual,Ring_MCP,-17.873130,0.939203,20.811220,0.564501,0.528015,0.288106,-0.565273
1.0897,5482,Virtual,Ring_PIP,-17.860280,0.951787,20.854140,0.310332,0.707923,0.487788,-0.405712
1.0897,5482,Virtual,Ring_DIP,-17.872870,0.952935,20.877250,0.037136,0.772064,0.600488,-0.204824
1.0897,5482,Virtual,Ring_FingerTip,-17.896430,0.948068,20.886560,0.037136,0.772064,0.600488,-0.204824
1.0897,5482,Virtual,Pinky_MCP,-17.875810,0.917100,20.813400,0.574891,0.531521,0.287400,-0.551714
1.0897,5482,Virtual,Pinky_PIP,-17.865190,0.928675,20.849500,0.318496,0.715244,0.481788,-0.393531
1.0897,5482,Virtual,Pinky_DIP,-17.874130,0.930077,20.865450,0.042148,0.781817,0.590535,-0.195588
1.0897,5482,Virtual,Pinky_FingerTip,-17.891760,0.926914,20.872270,0.042148,0.781817,0.590535,-0.195588
1.0897,5482,Render,Wrist,-17.967670,0.922154,20.761920,0.708893,0.267182,0.037897,-0.651650
1.0897,5482,Render,Thumb_CMC,-17.948090,0.962843,20.776100,0.090002,0.525813,-0.329727,-0.778911
1.0897,5482,Render,Thumb_MCP,-17.938010,0.989554,20.809460,0.041680,0.531829,-0.257328,-0.805732
1.0897,5482,Render,Thumb_IP,-17.923200,1.012059,20.850430,-0.050615,0.531053,-0.114593,-0.838027
1.0897,5482,Render,Thumb_FingerTip,-17.911530,1.016001,20.876130,-0.050615,0.531053,-0.114593,-0.838027
1.0897,5482,Render,Index_MCP,-17.885640,0.988979,20.805840,0.659477,0.315191,0.073554,-0.678480
1.0897,5482,Render,Index_PIP,-17.848630,1.003773,20.830410,0.624944,0.379078,0.140520,-0.667832
1.0897,5482,Render,Index_DIP,-17.831160,1.011200,20.848110,0.588579,0.433394,0.199621,-0.652608
1.0897,5482,Render,Index_FingerTip,-17.816510,1.017915,20.869650,0.588579,0.433394,0.199621,-0.652608
1.0897,5482,Render,Middle_MCP,-17.875970,0.963397,20.807930,0.674197,0.345506,0.111225,-0.643206
1.0897,5482,Render,Middle_PIP,-17.837080,0.980443,20.839320,0.609809,0.449498,0.213283,-0.616924
1.0897,5482,Render,Middle_DIP,-17.823090,0.988344,20.861910,0.538213,0.533144,0.300455,-0.579492
1.0897,5482,Render,Middle_FingerTip,-17.815980,0.994731,20.888550,0.538213,0.533144,0.300455,-0.579492
1.0897,5482,Render,Ring_MCP,-17.873130,0.939203,20.811220,0.701967,0.323580,0.095613,-0.627214
1.0897,5482,Render,Ring_PIP,-17.837200,0.954762,20.836360,0.660211,0.401974,0.166936,-0.612104
1.0897,5482,Render,Ring_DIP,-17.820830,0.963361,20.855130,0.615159,0.468018,0.229268,-0.591587
1.0897,5482,Render,Ring_FingerTip,-17.809050,0.971218,20.876690,0.615159,0.468018,0.229268,-0.591587
1.0897,5482,Render,Pinky_MCP,-17.875810,0.917100,20.813400,0.708461,0.333313,0.107559,-0.612713
1.0897,5482,Render,Pinky_PIP,-17.846100,0.930505,20.835480,0.657400,0.425251,0.188702,-0.592771
1.0897,5482,Render,Pinky_DIP,-17.835700,0.936658,20.849280,0.601275,0.501480,0.258861,-0.565666
1.0897,5482,Render,Pinky_FingerTip,-17.828740,0.942601,20.866110,0.601275,0.501480,0.258861,-0.565666
1.1024,5483,Real,Wrist,-17.967510,0.914968,20.767410,0.698563,0.259762,0.042021,-0.665409
1.1024,5483,Real,Thumb_CMC,-17.947400,0.954942,20.782830,-0.045855,0.519151,-0.235310,-0.820371
1.1024,5483,Real,Thumb_MCP,-17.932020,0.969805,20.821180,-0.186374,0.486709,-0.001477,-0.853450
1.1024,5483,Real,Thumb_IP,-17.906210,0.961033,20.861940,-0.396793,0.337900,0.407635,-0.749809
1.1024,5483,Real,Thumb_FingerTip,-17.893690,0.935970,20.867160,-0.396793,0.337900,0.407635,-0.749809
1.1024,5483,Real,Index_MCP,-17.884410,0.979426,20.812810,0.534251,0.479864,0.273175,-0.640064
1.1024,5483,Real,Index_PIP,-17.866130,0.987061,20.855250,0.346092,0.629217,0.468992,-0.514153
1.1024,5483,Real,Index_DIP,-17.872150,0.985848,20.880470,0.142932,0.703750,0.600865,-0.351095
1.1024,5483,Real,Index_FingerTip,-17.891320,0.979910,20.898380,0.142932,0.703750,0.600865,-0.351095
1.1024,5483,Real,Middle_MCP,-17.874950,0.953698,20.813900,0.542418,0.511124,0.297644,-0.596609
1.1024,5483,Real,Middle_PIP,-17.859100,0.964224,20.863150,0.297937,0.683154,0.508141,-0.431656
1.1024,5483,Real,Middle_DIP,-17.871570,0.963348,20.887900,0.035607,0.744445,0.628403,-0.222809
1.1024,5483,Real,Middle_FingerTip,-17.896980,0.956923,20.898550,0.035607,0.744445,0.628403,-0.222809
1.1024,5483,Real,Ring_MCP,-17.872320,0.929377,20.816290,0.558257,0.517199,0.297191,-0.576656
1.1024,5483,Real,Ring_PIP,-17.858900,0.940299,20.859490,0.308863,0.695521,0.500627,-0.412586
1.1024,5483,Real,Ring_DIP,-17.871240,0.940735,20.882760,0.040192,0.759954,0.614936,-0.206660
1.1024,5483,Real,Ring_FingerTip,-17.894760,0.935753,20.892140,0.040192,0.759954,0.614936,-0.206660
1.1024,5483,Real,Pinky_MCP,-17.875180,0.907235,20.817700,0.568900,0.520739,0.296431,-0.563305
1.1024,5483,Real,Pinky_PIP,-17.864080,0.917414,20.854080,0.317246,0.702973,0.494660,-0.400619
1.1024,5483,Real,Pinky_DIP,-17.872840,0.918326,20.870170,0.045362,0.769908,0.605090,-0.197613
1.1024,5483,Real,Pinky_FingerTip,-17.890430,0.915082,20.877050,0.045362,0.769908,0.605090,-0.197613
1.1024,5483,Virtual,Wrist,-17.967550,0.918566,20.764800,0.703865,0.263471,0.039853,-0.658460
1.1024,5483,Virtual,Thumb_CMC,-17.947710,0.958910,20.779580,-0.039018,0.518957,-0.242079,-0.818877
1.1024,5483,Virtual,Thumb_MCP,-17.932590,0.974541,20.817740,-0.179745,0.488396,-0.008396,-0.853868
1.1024,5483,Virtual,Thumb_IP,-17.906960,0.966635,20.858780,-0.391783,0.342557,0.401761,-0.753491
1.1024,5483,Virtual,Thumb_FingerTip,-17.894350,0.941731,20.864520,-0.391783,0.342557,0.401761,-0.753491
1.1024,5483,Virtual,Index_MCP,-17.884990,0.984236,20.809440,0.538223,0.485214,0.268637,-0.634601
1.1024,5483,Virtual,Index_PIP,-17.866970,0.992728,20.851820,0.348078,0.635577,0.462905,-0.510492
1.1024,5483,Virtual,Index_DIP,-17.873110,0.991945,20.877030,0.142933,0.710413,0.593965,-0.349413
1.1024,5483,Virtual,Index_FingerTip,-17.892340,0.986243,20.894950,0.142933,0.710413,0.593965,-0.349413
1.1024,5483,Virtual,Middle_MCP,-17.875430,0.958577,20.811040,0.545859,0.516605,0.292944,-0.591052
1.1024,5483,Virtual,Middle_PIP,-17.859870,0.970072,20.860170,0.298948,0.689545,0.501635,-0.428393
1.1024,5483,Virtual,Middle_DIP,-17.872460,0.969587,20.884860,0.034279,0.750778,0.621162,-0.222073
1.1024,5483,Virtual,Middle_FingerTip,-17.897900,0.963236,20.895510,0.034279,0.750778,0.621162,-0.222073
1.1024,5483,Virtual,Ring_MCP,-17.872680,0.934316,20.813890,0.561502,0.522662,0.292523,-0.570939
1.1024,5483,Virtual,Ring_PIP,-17.859530,0.946086,20.856950,0.309689,0.701821,0.494081,-0.409175
1.1024,5483,Virtual,Ring_DIP,-17.872010,0.946886,20.880140,0.038715,0.766134,0.607604,-0.205811
1.1024,5483,Virtual,Ring_FingerTip,-17.895540,0.941964,20.889490,0.038715,0.766134,0.607604,-0.205811
1.1024,5483,Virtual,Pinky_MCP,-17.875450,0.912190,20.815690,0.572017,0.526185,0.291788,-0.557482
1.1024,5483,Virtual,Pinky_PIP,-17.864590,0.923082,20.851930,0.317960,0.709208,0.488096,-0.397100
1.1024,5483,Virtual,Pinky_DIP,-17.873440,0.924244,20.867960,0.043803,0.775987,0.597702,-0.196669
1.1024,5483,Virtual,Pinky_FingerTip,-17.891040,0.921043,20.874810,0.043803,0.775987,0.597702,-0.196669
1.1024,5483,Render,Wrist,-17.967550,0.918566,20.764800,0.703865,0.263471,0.039853,-0.658460
1.1024,5483,Render,Thumb_CMC,-17.947710,0.958910,20.779580,0.083494,0.525783,-0.323643,-0.782200
1.1024,5483,Render,Thumb_MCP,-17.937270,0.984997,20.813330,0.035202,0.531206,-0.250969,-0.808453
1.1024,5483,Render,Thumb_IP,-17.922090,1.006727,20.854580,-0.056888,0.529323,-0.107860,-0.839611
1.1024,5483,Render,Thumb_FingerTip,-17.910220,1.010173,20.880260,-0.056888,0.529323,-0.107860,-0.839611
1.1024,5483,Render,Index_MCP,-17.884990,0.984236,20.809440,0.654421,0.311208,0.076122,-0.684901
1.1024,5483,Render,Index_PIP,-17.847780,0.998427,20.834070,0.620308,0.374613,0.143712,-0.673966
1.1024,5483,Render,Index_DIP,-17.830180,1.005462,20.851800,0.584360,0.428532,0.203348,-0.658432
1.1024,5483,Render,Index_FingerTip,-17.815380,1.011731,20.873380,0.584360,0.428532,0.203348,-0.658432
1.1024,5483,Render,Middle_MCP,-17.875430,0.958577,20.811040,0.669619,0.341251,0.113937,-0.649751
1.1024,5483,Render,Middle_PIP,-17.836290,0.974891,20.842510,0.605976,0.444562,0.217013,-0.622948
1.1024,5483,Render,Middle_DIP,-17.822130,0.982332,20.865150,0.535136,0.527704,0.305019,-0.584912
1.1024,5483,Render,Middle_FingerTip,-17.814860,0.988217,20.891860,0.535136,0.527704,0.305019,-0.584912
1.1024,5483,Render,Ring_MCP,-17.872680,0.934316,20.813890,0.697436,0.319442,0.098022,-0.633981
1.1024,5483,Render,Ring_PIP,-17.836540,0.949267,20.839100,0.656185,0.397343,0.170106,-0.618551
1.1024,5483,Render,Ring_DIP,-17.820040,0.957461,20.857930,0.611632,0.462996,0.233087,-0.597671
1.1024,5483,Render,Ring_FingerTip,-17.808100,0.964885,20.879570,0.611632,0.462996,0.233087,-0.597671
1.1024,5483,Render,Pinky_MCP,-17.875450,0.912190,20.815690,0.704111,0.329093,0.110003,-0.619537
1.1024,5483,Render,Pinky_PIP,-17.845560,0.925070,20.837840,0.653655,0.420486,0.192039,-0.599206
1.1024,5483,Render,Pinky_DIP,-17.835050,0.930933,20.851690,0.598132,0.496299,0.262949,-0.571650
1.1024,5483,Render,Pinky_FingerTip,-17.827980,0.936547,20.868590,0.598132,0.496299,0.262949,-0.571650
1.1164,5484,Real,Wrist,-17.967650,0.911350,20.769900,0.693044,0.255911,0.045767,-0.672388
1.1164,5484,Real,Thumb_CMC,-17.947220,0.950880,20.786030,-0.050672,0.520168,-0.229918,-0.820972
1.1164,5484,Real,Thumb_MCP,-17.931710,0.965142,20.824560,-0.193165,0.485623,0.007171,-0.852530
1.1164,5484,Real,Thumb_IP,-17.905810,0.955344,20.865020,-0.404547,0.330883,0.419960,-0.741951
1.1164,5484,Real,Thumb_FingerTip,-17.893610,0.929954,20.869330,-0.404547,0.330883,0.419960,-0.741951
1.1164,5484,Real,Index_MCP,-17.883980,0.974344,20.816290,0.533927,0.470057,0.273966,-0.647233
1.1164,5484,Real,Index_PIP,-17.864870,0.981243,20.858480,0.342603,0.623423,0.477453,-0.515758
1.1164,5484,Real,Index_DIP,-17.870920,0.979547,20.883670,0.134843,0.698463,0.612648,-0.344428
1.1164,5484,Real,Index_FingerTip,-17.890460,0.973261,20.901050,0.134843,0.698463,0.612648,-0.344428
1.1164,5484,Real,Middle_MCP,-17.874700,0.948535,20.816840,0.542175,0.501843,0.299812,-0.603584
1.1164,5484,Real,Middle_PIP,-17.857980,0.958159,20.866000,0.293961,0.677781,0.517629,-0.431579
1.1164,5484,Real,Middle_DIP,-17.870580,0.956820,20.890650,0.026530,0.738306,0.639374,-0.213077
1.1164,5484,Real,Middle_FingerTip,-17.896270,0.950218,20.900520,0.026530,0.738306,0.639374,-0.213077
1.1164,5484,Real,Ring_MCP,-17.872220,0.924155,20.818760,0.558243,0.507817,0.299483,-0.583779
1.1164,5484,Real,Ring_PIP,-17.858030,0.934267,20.861910,0.305024,0.690270,0.510086,-0.412674
1.1164,5484,Real,Ring_DIP,-17.870500,0.934270,20.885120,0.031063,0.754021,0.625774,-0.197218
1.1164,5484,Real,Ring_FingerTip,-17.894250,0.929110,20.893790,0.031063,0.754021,0.625774,-0.197218
1.1164,5484,Real,Pinky_MCP,-17.875230,0.902010,20.819750,0.569049,0.511276,0.298782,-0.570535
1.1164,5484,Real,Pinky_PIP,-17.863480,0.911497,20.856110,0.313507,0.697806,0.504086,-0.400848
1.1164,5484,Real,Pinky_DIP,-17.872320,0.912109,20.872170,0.036197,0.764139,0.615860,-0.188410
1.1164,5484,Real,Pinky_FingerTip,-17.890070,0.908723,20.878540,0.036197,0.764139,0.615860,-0.188410
1.1164,5484,Virtual,Wrist,-17.967510,0.914966,20.767410,0.698563,0.259762,0.042021,-0.665409
1.1164,5484,Virtual,Thumb_CMC,-17.947400,0.954941,20.782830,-0.044167,0.518991,-0.237857,-0.819830
1.1164,5484,Virtual,Thumb_MCP,-17.932110,0.970053,20.821130,-0.186589,0.486300,-0.000773,-0.853638
1.1164,5484,Virtual,Thumb_IP,-17.906270,0.961220,20.861850,-0.399125,0.334666,0.413552,-0.746775
1.1164,5484,Virtual,Thumb_FingerTip,-17.893910,0.936003,20.866680,-0.399125,0.334666,0.413552,-0.746775
1.1164,5484,Virtual,Index_MCP,-17.884410,0.979425,20.812820,0.538123,0.475518,0.267977,-0.642258
1.1164,5484,Virtual,Index_PIP,-17.865490,0.987271,20.854930,0.344695,0.629983,0.470131,-0.513112
1.1164,5484,Virtual,Index_DIP,-17.871610,0.986021,20.880130,0.134822,0.705349,0.604867,-0.344155
1.1164,5484,Virtual,Index_FingerTip,-17.891160,0.979938,20.897570,0.134822,0.705349,0.604867,-0.344155
1.1164,5484,Virtual,Middle_MCP,-17.874960,0.953696,20.813900,0.545798,0.507513,0.293678,-0.598571
1.1164,5484,Virtual,Middle_PIP,-17.858470,0.964386,20.862920,0.294991,0.684431,0.509996,-0.429463
1.1164,5484,Virtual,Middle_DIP,-17.871140,0.963436,20.887550,0.025064,0.744874,0.631494,-0.213891
1.1164,5484,Virtual,Middle_FingerTip,-17.896810,0.956848,20.897460,0.025064,0.744874,0.631494,-0.213891
1.1164,5484,Virtual,Ring_MCP,-17.872320,0.929375,20.816290,0.561653,0.513509,0.293385,-0.578602
1.1164,5484,Virtual,Ring_PIP,-17.858340,0.940419,20.859290,0.305840,0.696856,0.502414,-0.410408
1.1164,5484,Virtual,Ring_DIP,-17.870880,0.940784,20.882450,0.029410,0.760448,0.617805,-0.197919
1.1164,5484,Virtual,Ring_FingerTip,-17.894620,0.935629,20.891150,0.029410,0.760448,0.617805,-0.197919
1.1164,5484,Virtual,Pinky_MCP,-17.875190,0.907234,20.817710,0.572320,0.516978,0.292712,-0.565247
1.1164,5484,Virtual,Pinky_PIP,-17.863610,0.917503,20.853910,0.314190,0.704344,0.496395,-0.398467
1.1164,5484,Virtual,Pinky_DIP,-17.872510,0.918366,20.869930,0.034439,0.770474,0.607831,-0.189012
1.1164,5484,Virtual,Pinky_FingerTip,-17.890250,0.914980,20.876310,0.034439,0.770474,0.607831,-0.189012
1.1164,5484,Render,Wrist,-17.967510,0.914966,20.767410,0.698563,0.259762,0.042021,-0.665409
1.1164,5484,Render,Thumb_CMC,-17.947400,0.954941,20.782830,0.076794,0.526523,-0.317205,-0.785021
1.1164,5484,Render,Thumb_MCP,-17.936680,0.980360,20.816990,0.028462,0.531332,-0.244300,-0.810675
1.1164,5484,Render,Thumb_IP,-17.921180,1.001264,20.858550,-0.063549,0.528285,-0.100909,-0.840651
1.1164,5484,Render,Thumb_FingerTip,-17.909170,1.004186,20.884230,-0.063549,0.528285,-0.100909,-0.840651
1.1164,5484,Render,Index_MCP,-17.884410,0.979425,20.812820,0.649085,0.307217,0.078911,-0.691433
1.1164,5484,Render,Index_PIP,-17.847010,0.992991,20.837510,0.615395,0.370111,0.147135,-0.680190
1.1164,5484,Render,Index_DIP,-17.829290,0.999619,20.855280,0.579869,0.423610,0.207314,-0.664325
1.1164,5484,Render,Index_FingerTip,-17.814350,1.005425,20.876890,0.579869,0.423610,0.207314,-0.664325
1.1164,5484,Render,Middle_MCP,-17.874960,0.953696,20.813900,0.664770,0.336967,0.116875,-0.656411
1.1164,5484,Render,Middle_PIP,-17.835590,0.969252,20.845470,0.601879,0.439553,0.220985,-0.629047
1.1164,5484,Render,Middle_DIP,-17.821290,0.976212,20.868170,0.531808,0.522155,0.309833,-0.590371
1.1164,5484,Render,Middle_FingerTip,-17.813850,0.981576,20.894950,0.531808,0.522155,0.309833,-0.590371
1.1164,5484,Render,Ring_MCP,-17.872320,0.929375,20.816290,0.692637,0.315278,0.100655,-0.640877
1.1164,5484,Render,Ring_PIP,-17.835980,0.943696,20.841590,0.651895,0.392656,0.173512,-0.625098
1.1164,5484,Render,Ring_DIP,-17.819350,0.951468,20.860480,0.607850,0.457891,0.237152,-0.603832
1.1164,5484,Render,Ring_FingerTip,-17.807270,0.958440,20.882190,0.607850,0.457891,0.237152,-0.603832
1.1164,5484,Render,Pinky_MCP,-17.875190,0.907234,20.817710,0.699496,0.324840,0.112672,-0.626490
1.1164,5484,Render,Pinky_PIP,-17.845130,0.919568,20.839940,0.649652,0.415654,0.195615,-0.605739
1.1164,5484,Render,Pinky_DIP,-17.834520,0.925128,20.853840,0.594741,0.491018,0.267288,-0.577704
1.1164,5484,Render,Pinky_FingerTip,-17.827340,0.930401,20.870800,0.594741,0.491018,0.267288,-0.577704
1.1300,5485,Real,Wrist,-17.967780,0.907972,20.772290,0.688240,0.252130,0.049645,-0.678448
1.1300,5485,Real,Thumb_CMC,-17.947010,0.947066,20.789050,-0.056063,0.521336,-0.222321,-0.821973
1.1300,5485,Real,Thumb_MCP,-17.931310,0.960548,20.827780,-0.198668,0.485248,0.014747,-0.851381
1.1300,5485,Real,Thumb_IP,-17.905390,0.949863,20.868010,-0.409177,0.327885,0.426027,-0.737270
1.1300,5485,Real,Thumb_FingerTip,-17.893370,0.924313,20.871850,-0.409177,0.327885,0.426027,-0.737270
1.1300,5485,Real,Index_MCP,-17.883530,0.969536,20.819550,0.530415,0.464927,0.279770,-0.651331
1.1300,5485,Real,Index_PIP,-17.864270,0.975566,20.861810,0.341040,0.617405,0.484304,-0.517642
1.1300,5485,Real,Index_DIP,-17.870290,0.973482,20.886980,0.135202,0.692255,0.619746,-0.344120
1.1300,5485,Real,Index_FingerTip,-17.889830,0.967044,20.904300,0.135202,0.692255,0.619746,-0.344120
1.1300,5485,Real,Middle_MCP,-17.874440,0.943653,20.819640,0.539186,0.496510,0.305716,-0.607696
1.1300,5485,Real,Middle_PIP,-17.857550,0.952306,20.868910,0.293374,0.671696,0.524690,-0.432963
1.1300,5485,Real,Middle_DIP,-17.870100,0.950637,20.893570,0.028203,0.732426,0.646453,-0.211791
1.1300,5485,Real,Middle_FingerTip,-17.895810,0.944057,20.903380,0.028203,0.732426,0.646453,-0.211791
1.1300,5485,Real,Ring_MCP,-17.872140,0.919226,20.821130,0.555445,0.502450,0.305346,-0.588039
1.1300,5485,Real,Ring_PIP,-17.857780,0.928489,20.864410,0.304637,0.684230,0.517171,-0.414198
1.1300,5485,Real,Ring_DIP,-17.870200,0.928185,20.887650,0.032915,0.748259,0.632924,-0.196041
1.1300,5485,Real,Ring_FingerTip,-17.893960,0.923053,20.896290,0.032915,0.748259,0.632924,-0.196041
1.1300,5485,Real,Pinky_MCP,-17.875320,0.897090,20.821750,0.566377,0.505890,0.304612,-0.574895
1.1300,5485,Real,Pinky_PIP,-17.863410,0.905863,20.858240,0.313242,0.691800,0.511182,-0.402475
1.1300,5485,Real,Pinky_DIP,-17.872210,0.906265,20.874320,0.038150,0.758454,0.623059,-0.187327
1.1300,5485,Real,Pinky_FingerTip,-17.889970,0.902902,20.880680,0.038150,0.758454,0.623059,-0.187327
1.1300,5485,Virtual,Wrist,-17.967660,0.911352,20.769910,0.693044,0.255911,0.045767,-0.672388
1.1300,5485,Virtual,Thumb_CMC,-17.947220,0.950882,20.786040,-0.050672,0.520167,-0.229918,-0.820973
1.1300,5485,Virtual,Thumb_MCP,-17.931720,0.965144,20.824560,-0.193165,0.485623,0.007171,-0.852530
1.1300,5485,Virtual,Thumb_IP,-17.905820,0.955346,20.865020,-0.404547,0.330883,0.419960,-0.741951
1.1300,5485,Virtual,Thumb_FingerTip,-17.893610,0.929956,20.869340,-0.404547,0.330883,0.419960,-0.741951
1.1300,5485,Virtual,Index_MCP,-17.883980,0.974346,20.816290,0.533928,0.470057,0.273965,-0.647233
1.1300,5485,Virtual,Index_PIP,-17.864880,0.981245,20.858490,0.342603,0.623423,0.477453,-0.515758
1.1300,5485,Virtual,Index_DIP,-17.870930,0.979549,20.883670,0.134843,0.698462,0.612648,-0.344428
1.1300,5485,Virtual,Index_FingerTip,-17.890470,0.973263,20.901060,0.134843,0.698462,0.612648,-0.344428
1.1300,5485,Virtual,Middle_MCP,-17.874700,0.948537,20.816850,0.542175,0.501843,0.299812,-0.603584
1.1300,5485,Virtual,Middle_PIP,-17.857990,0.958161,20.866000,0.293961,0.677781,0.517629,-0.431579
1.1300,5485,Virtual,Middle_DIP,-17.870590,0.956822,20.890660,0.026530,0.738306,0.639374,-0.213077
1.1300,5485,Virtual,Middle_FingerTip,-17.896280,0.950220,20.900520,0.026530,0.738306,0.639374,-0.213077
1.1300,5485,Virtual,Ring_MCP,-17.872220,0.924157,20.818770,0.558243,0.507816,0.299483,-0.583779
1.1300,5485,Virtual,Ring_PIP,-17.858040,0.934269,20.861910,0.305024,0.690270,0.510086,-0.412675
1.1300,5485,Virtual,Ring_DIP,-17.870500,0.934272,20.885120,0.031063,0.754021,0.625774,-0.197218
1.1300,5485,Virtual,Ring_FingerTip,-17.894250,0.929112,20.893800,0.031063,0.754021,0.625774,-0.197218
1.1300,5485,Virtual,Pinky_MCP,-17.875230,0.902012,20.819760,0.569049,0.511275,0.298782,-0.570536
1.1300,5485,Virtual,Pinky_PIP,-17.863480,0.911499,20.856120,0.313507,0.697806,0.504086,-0.400848
1.1300,5485,Virtual,Pinky_DIP,-17.872320,0.912112,20.872170,0.036197,0.764139,0.615860,-0.188410
1.1300,5485,Virtual,Pinky_FingerTip,-17.890070,0.908725,20.878540,0.036197,0.764139,0.615860,-0.188410
1.1300,5485,Render,Wrist,-17.967660,0.911352,20.769910,0.693044,0.255911,0.045767,-0.672388
1.1300,5485,Render,Thumb_CMC,-17.947220,0.950882,20.786040,0.070524,0.528102,-0.309494,-0.787622
1.1300,5485,Render,Thumb_MCP,-17.936220,0.975560,20.820650,0.022075,0.532333,-0.236385,-0.812562
1.1300,5485,Render,Thumb_IP,-17.920450,0.995548,20.862550,-0.070014,0.528170,-0.092786,-0.841146
1.1300,5485,Render,Thumb_FingerTip,-17.908350,0.997889,20.888250,-0.070014,0.528170,-0.092786,-0.841146
1.1300,5485,Render,Index_MCP,-17.883980,0.974346,20.816290,0.643537,0.303137,0.083280,-0.697877
1.1300,5485,Render,Index_PIP,-17.846410,0.987174,20.841130,0.610279,0.365502,0.152122,-0.686168
1.1300,5485,Render,Index_DIP,-17.828580,0.993334,20.858970,0.575186,0.418562,0.212815,-0.669834
1.1300,5485,Render,Index_FingerTip,-17.813550,0.998618,20.880640,0.575186,0.418562,0.212815,-0.669834
1.1300,5485,Render,Middle_MCP,-17.874700,0.948537,20.816850,0.659721,0.332518,0.121385,-0.662922
1.1300,5485,Render,Middle_PIP,-17.835130,0.963207,20.848590,0.597612,0.434350,0.226484,-0.634748
1.1300,5485,Render,Middle_DIP,-17.820710,0.969627,20.871380,0.528341,0.516388,0.316100,-0.595215
1.1300,5485,Render,Middle_FingerTip,-17.813160,0.974420,20.898220,0.528341,0.516388,0.316100,-0.595215
1.1300,5485,Render,Ring_MCP,-17.872220,0.924157,20.818770,0.687637,0.310914,0.104860,-0.647682
1.1300,5485,Render,Ring_PIP,-17.835710,0.937734,20.844220,0.647429,0.387748,0.178470,-0.631376
1.1300,5485,Render,Ring_DIP,-17.818960,0.945024,20.863200,0.603915,0.452548,0.242732,-0.609565
1.1300,5485,Render,Ring_FingerTip,-17.806770,0.951491,20.885000,0.603915,0.452548,0.242732,-0.609565
1.1300,5485,Render,Pinky_MCP,-17.875230,0.902012,20.819760,0.694687,0.320358,0.116909,-0.633336
1.1300,5485,Render,Pinky_PIP,-17.845020,0.913706,20.842130,0.645487,0.410568,0.200731,-0.611955
1.1300,5485,Render,Pinky_DIP,-17.834340,0.918922,20.856100,0.591220,0.485467,0.273117,-0.583257
1.1300,5485,Render,Pinky_FingerTip,-17.827070,0.923816,20.873140,0.591220,0.485467,0.273117,-0.583257
1.1448,5486,Real,Wrist,-17.967440,0.904146,20.774020,0.681113,0.247619,0.053163,-0.686982
1.1448,5486,Real,Thumb_CMC,-17.946330,0.942697,20.791590,-0.063483,0.522035,-0.215029,-0.822929
1.1448,5486,Real,Thumb_MCP,-17.930420,0.955326,20.830520,-0.206919,0.483461,0.023651,-0.850230
1.1448,5486,Real,Thumb_IP,-17.904360,0.943545,20.870350,-0.416637,0.320881,0.435782,-0.730441
1.1448,5486,Real,Thumb_FingerTip,-17.892560,0.917781,20.873360,-0.416637,0.320881,0.435782,-0.730441
1.1448,5486,Real,Index_MCP,-17.882560,0.964027,20.822300,0.527180,0.455611,0.282762,-0.659201
1.1448,5486,Real,Index_PIP,-17.862660,0.969065,20.864390,0.337911,0.609357,0.492582,-0.521405
1.1448,5486,Real,Index_DIP,-17.868570,0.966422,20.889530,0.131405,0.684276,0.630431,-0.342135
1.1448,5486,Real,Index_FingerTip,-17.888250,0.959655,20.906580,0.131405,0.684276,0.630431,-0.342135
1.1448,5486,Real,Middle_MCP,-17.873640,0.938091,20.821730,0.536257,0.487503,0.309809,-0.615458
1.1448,5486,Real,Middle_PIP,-17.856070,0.945563,20.870970,0.290322,0.664036,0.534200,-0.435202
1.1448,5486,Real,Middle_DIP,-17.868620,0.943362,20.895590,0.024222,0.724323,0.657257,-0.206841
1.1448,5486,Real,Middle_FingerTip,-17.894470,0.936661,20.904970,0.024222,0.724323,0.657257,-0.206841
1.1448,5486,Real,Ring_MCP,-17.871490,0.913621,20.822630,0.552738,0.493434,0.309544,-0.595976
1.1448,5486,Real,Ring_PIP,-17.856540,0.921835,20.865930,0.301638,0.676764,0.526803,-0.416514
1.1448,5486,Real,Ring_DIP,-17.868950,0.921030,20.889150,0.028745,0.740384,0.643807,-0.191096
1.1448,5486,Real,Ring_FingerTip,-17.892820,0.915780,20.897410,0.028745,0.740384,0.643807,-0.191096
1.1448,5486,Real,Pinky_MCP,-17.874810,0.891498,20.822740,0.563846,0.496836,0.308831,-0.582971
1.1448,5486,Real,Pinky_PIP,-17.862390,0.899380,20.859270,0.310373,0.684425,0.520817,-0.404946
1.1448,5486,Real,Pinky_DIP,-17.871190,0.899436,20.875360,0.034010,0.750741,0.633954,-0.182578
1.1448,5486,Real,Pinky_FingerTip,-17.889020,0.895979,20.881440,0.034010,0.750741,0.633954,-0.182578
1.1448,5486,Virtual,Wrist,-17.967790,0.907971,20.772300,0.688240,0.252130,0.049645,-0.678448
1.1448,5486,Virtual,Thumb_CMC,-17.947020,0.947064,20.789060,-0.054935,0.521250,-0.224028,-0.821640
1.1448,5486,Virtual,Thumb_MCP,-17.931380,0.960715,20.827750,-0.198493,0.485098,0.014650,-0.851508
1.1448,5486,Virtual,Thumb_IP,-17.905450,0.950049,20.867970,-0.410082,0.326423,0.428551,-0.735952
1.1448,5486,Virtual,Thumb_FingerTip,-17.893490,0.924442,20.871640,-0.410082,0.326423,0.428551,-0.735952
1.1448,5486,Virtual,Index_MCP,-17.883530,0.969535,20.819560,0.532751,0.462248,0.276483,-0.652733
1.1448,5486,Virtual,Index_PIP,-17.863880,0.975697,20.861610,0.340854,0.617507,0.484459,-0.517496
1.1448,5486,Virtual,Index_DIP,-17.869900,0.973608,20.886770,0.131665,0.692937,0.621496,-0.340950
1.1448,5486,Virtual,Index_FingerTip,-17.889610,0.967117,20.903880,0.131665,0.692937,0.621496,-0.340950
1.1448,5486,Virtual,Middle_MCP,-17.874450,0.943652,20.819650,0.541140,0.494379,0.303317,-0.608897
1.1448,5486,Virtual,Middle_PIP,-17.857170,0.952401,20.868770,0.291970,0.672307,0.525593,-0.431866
1.1448,5486,Virtual,Middle_DIP,-17.869830,0.950699,20.893380,0.022695,0.732618,0.648027,-0.206924
1.1448,5486,Virtual,Middle_FingerTip,-17.895670,0.944051,20.902790,0.022695,0.732618,0.648027,-0.206924
1.1448,5486,Virtual,Ring_MCP,-17.872150,0.919224,20.821140,0.557370,0.500313,0.303085,-0.589207
1.1448,5486,Virtual,Ring_PIP,-17.857460,0.928557,20.864290,0.303040,0.684939,0.518135,-0.412990
1.1448,5486,Virtual,Ring_DIP,-17.869980,0.928219,20.887470,0.027011,0.748496,0.634451,-0.191043
1.1448,5486,Virtual,Ring_FingerTip,-17.893860,0.923008,20.895730,0.027011,0.748496,0.634451,-0.191043
1.1448,5486,Virtual,Pinky_MCP,-17.875320,0.897089,20.821760,0.568315,0.503711,0.302402,-0.576061
1.1448,5486,Virtual,Pinky_PIP,-17.863130,0.905913,20.858140,0.311627,0.692528,0.512119,-0.401282
1.1448,5486,Virtual,Pinky_DIP,-17.872010,0.906291,20.874190,0.032166,0.758731,0.624517,-0.182406
1.1448,5486,Virtual,Pinky_FingerTip,-17.889850,0.902861,20.880260,0.032166,0.758731,0.624517,-0.182406
1.1448,5486,Render,Wrist,-17.967790,0.907971,20.772300,0.688240,0.252130,0.049645,-0.678448
1.1448,5486,Render,Thumb_CMC,-17.947020,0.947064,20.789060,0.065349,0.529542,-0.302093,-0.789971
1.1448,5486,Render,Thumb_MCP,-17.935750,0.971061,20.824060,0.016790,0.533295,-0.228800,-0.814227
1.1448,5486,Render,Thumb_IP,-17.919740,0.990208,20.866260,-0.075385,0.528207,-0.085028,-0.841478
1.1448,5486,Render,Thumb_FingerTip,-17.907560,0.992016,20.891960,-0.075385,0.528207,-0.085028,-0.841478
1.1448,5486,Render,Index_MCP,-17.883530,0.969535,20.819560,0.638737,0.299185,0.087716,-0.703427
1.1448,5486,Render,Index_PIP,-17.845810,0.981654,20.844520,0.605895,0.361093,0.157087,-0.691250
1.1448,5486,Render,Index_DIP,-17.827910,0.987374,20.862410,0.571213,0.413779,0.218214,-0.674453
1.1448,5486,Render,Index_FingerTip,-17.812780,0.992172,20.884130,0.571213,0.413779,0.218214,-0.674453
1.1448,5486,Render,Middle_MCP,-17.874450,0.943652,20.819650,0.655375,0.328219,0.125923,-0.668506
1.1448,5486,Render,Middle_PIP,-17.834700,0.957479,20.851530,0.594015,0.429407,0.231861,-0.639529
1.1448,5486,Render,Middle_DIP,-17.820180,0.963399,20.874400,0.525498,0.510975,0.322113,-0.599166
1.1448,5486,Render,Middle_FingerTip,-17.812530,0.967674,20.901300,0.525498,0.510975,0.322113,-0.599166
1.1448,5486,Render,Ring_MCP,-17.872150,0.919224,20.821140,0.683321,0.306672,0.109123,-0.653542
1.1448,5486,Render,Ring_PIP,-17.835480,0.932090,20.846730,0.643628,0.383038,0.183377,-0.636709
1.1448,5486,Render,Ring_DIP,-17.818630,0.938928,20.865800,0.600620,0.447471,0.248163,-0.614362
1.1448,5486,Render,Ring_FingerTip,-17.806340,0.944929,20.887680,0.600620,0.447471,0.248163,-0.614362
1.1448,5486,Render,Pinky_MCP,-17.875320,0.897089,20.821760,0.690543,0.316003,0.121190,-0.639223
1.1448,5486,Render,Pinky_PIP,-17.844970,0.908171,20.844250,0.641964,0.405696,0.205763,-0.617215
1.1448,5486,Render,Pinky_DIP,-17.834220,0.913068,20.858290,0.588311,0.480205,0.278747,-0.587872
1.1448,5486,Render,Pinky_FingerTip,-17.826880,0.917613,20.875380,0.588311,0.480205,0.278747,-0.587872
1.1620,5487,Real,Wrist,-17.966710,0.900553,20.775580,0.675568,0.243234,0.055520,-0.693803
1.1620,5487,Real,Thumb_CMC,-17.945280,0.938650,20.793740,-0.068574,0.521300,-0.209271,-0.824469
1.1620,5487,Real,Thumb_MCP,-17.929080,0.950663,20.832740,-0.212526,0.480925,0.031243,-0.850040
1.1620,5487,Real,Thumb_IP,-17.902830,0.938036,20.872180,-0.421382,0.314474,0.444825,-0.725035
1.1620,5487,Real,Thumb_FingerTip,-17.891250,0.912100,20.874490,-0.421382,0.314474,0.444825,-0.725035
1.1620,5487,Real,Index_MCP,-17.881210,0.959044,20.824480,0.525400,0.446964,0.284035,-0.665960
1.1620,5487,Real,Index_PIP,-17.860650,0.963322,20.866330,0.335792,0.602549,0.499102,-0.524477
1.1620,5487,Real,Index_DIP,-17.866470,0.960237,20.891440,0.128038,0.677811,0.639334,-0.339751
1.1620,5487,Real,Index_FingerTip,-17.886280,0.953220,20.908230,0.128038,0.677811,0.639334,-0.339751
1.1620,5487,Real,Middle_MCP,-17.872450,0.933073,20.823380,0.534783,0.479127,0.311999,-0.622176
1.1620,5487,Real,Middle_PIP,-17.854170,0.939632,20.872480,0.288407,0.657553,0.541609,-0.437156
1.1620,5487,Real,Middle_DIP,-17.866690,0.937020,20.897080,0.020914,0.717717,0.665980,-0.202277
1.1620,5487,Real,Middle_FingerTip,-17.892640,0.930245,20.906080,0.020914,0.717717,0.665980,-0.202277
1.1620,5487,Real,Ring_MCP,-17.870440,0.908578,20.823810,0.551431,0.485057,0.311832,-0.602830
1.1620,5487,Real,Ring_PIP,-17.854850,0.915977,20.867030,0.299722,0.670466,0.534313,-0.418513
1.1620,5487,Real,Ring_DIP,-17.867240,0.914782,20.890250,0.025199,0.733977,0.652576,-0.186516
1.1620,5487,Real,Ring_FingerTip,-17.891210,0.909456,20.898170,0.025199,0.733977,0.652576,-0.186516
1.1620,5487,Real,Pinky_MCP,-17.873890,0.886476,20.823540,0.562681,0.488425,0.311134,-0.589938
1.1620,5487,Real,Pinky_PIP,-17.860920,0.893664,20.860010,0.308552,0.678207,0.528316,-0.407079
1.1620,5487,Real,Pinky_DIP,-17.869700,0.893451,20.876120,0.030464,0.744474,0.642715,-0.178181
1.1620,5487,Real,Pinky_FingerTip,-17.887600,0.889932,20.881950,0.030464,0.744474,0.642715,-0.178181
1.1620,5487,Virtual,Wrist,-17.967440,0.904148,20.774030,0.681113,0.247619,0.053163,-0.686982
1.1620,5487,Virtual,Thumb_CMC,-17.946340,0.942699,20.791600,-0.061836,0.521446,-0.216652,-0.823002
1.1620,5487,Virtual,Thumb_MCP,-17.930430,0.955526,20.830460,-0.206101,0.482962,0.023747,-0.850709
1.1620,5487,Virtual,Thumb_IP,-17.904330,0.943784,20.870280,-0.416786,0.319405,0.438624,-0.729300
1.1620,5487,Virtual,Thumb_FingerTip,-17.892610,0.917963,20.873130,-0.416786,0.319405,0.438624,-0.729300
1.1620,5487,Virtual,Index_MCP,-17.882560,0.964029,20.822310,0.529469,0.452949,0.279437,-0.660617
1.1620,5487,Virtual,Index_PIP,-17.862260,0.969201,20.864190,0.337511,0.609579,0.492925,-0.521081
1.1620,5487,Virtual,Index_DIP,-17.868210,0.966548,20.889310,0.127445,0.685024,0.632400,-0.338483
1.1620,5487,Virtual,Index_FingerTip,-17.888070,0.959728,20.906130,0.127445,0.685024,0.632400,-0.338483
1.1620,5487,Virtual,Middle_MCP,-17.873650,0.938093,20.821740,0.538275,0.485273,0.307253,-0.616738
1.1620,5487,Virtual,Middle_PIP,-17.855680,0.945667,20.870820,0.289041,0.664594,0.535038,-0.434171
1.1620,5487,Virtual,Middle_DIP,-17.868320,0.943439,20.895390,0.018863,0.724482,0.658769,-0.201973
1.1620,5487,Virtual,Middle_FingerTip,-17.894290,0.936681,20.904370,0.018863,0.724482,0.658769,-0.201973
1.1620,5487,Virtual,Ring_MCP,-17.871500,0.913623,20.822640,0.554727,0.491196,0.307133,-0.597222
1.1620,5487,Virtual,Ring_PIP,-17.856200,0.921911,20.865800,0.300166,0.677419,0.527707,-0.415367
1.1620,5487,Virtual,Ring_DIP,-17.868710,0.921076,20.888970,0.022993,0.740585,0.645272,-0.186089
1.1620,5487,Virtual,Ring_FingerTip,-17.892690,0.915758,20.896850,0.022993,0.740585,0.645272,-0.186089
1.1620,5487,Virtual,Pinky_MCP,-17.874820,0.891500,20.822750,0.565849,0.494553,0.306473,-0.584215
1.1620,5487,Virtual,Pinky_PIP,-17.862100,0.899437,20.859160,0.308884,0.685098,0.521697,-0.403813
1.1620,5487,Virtual,Pinky_DIP,-17.870970,0.899472,20.875220,0.028178,0.750982,0.635353,-0.177648
1.1620,5487,Virtual,Pinky_FingerTip,-17.888880,0.895958,20.881020,0.028178,0.750982,0.635353,-0.177648
1.1620,5487,Render,Wrist,-17.967440,0.904148,20.774030,0.681113,0.247619,0.053163,-0.686982
1.1620,5487,Render,Thumb_CMC,-17.946340,0.942699,20.791600,0.057003,0.530933,-0.293386,-0.792960
1.1620,5487,Render,Thumb_MCP,-17.934740,0.965788,20.827110,0.008352,0.533919,-0.219857,-0.816409
1.1620,5487,Render,Thumb_IP,-17.918410,0.983826,20.869670,-0.083804,0.527367,-0.075843,-0.842086
1.1620,5487,Render,Thumb_FingerTip,-17.906090,0.984947,20.895340,-0.083804,0.527367,-0.075843,-0.842086
1.1620,5487,Render,Index_MCP,-17.882560,0.964029,20.822310,0.631565,0.294323,0.091990,-0.711363
1.1620,5487,Render,Index_PIP,-17.844640,0.975310,20.847360,0.599241,0.355543,0.162127,-0.698724
1.1620,5487,Render,Index_DIP,-17.826610,0.980489,20.865300,0.565081,0.407656,0.223902,-0.681445
1.1620,5487,Render,Index_FingerTip,-17.811340,0.984674,20.887050,0.565081,0.407656,0.223902,-0.681445
1.1620,5487,Render,Middle_MCP,-17.873650,0.938093,20.821740,0.648803,0.322933,0.130382,-0.676587
1.1620,5487,Render,Middle_PIP,-17.833650,0.950905,20.853750,0.588379,0.423132,0.237563,-0.646788
1.1620,5487,Render,Middle_DIP,-17.818980,0.956188,20.876670,0.520831,0.503950,0.328807,-0.605521
1.1620,5487,Render,Middle_FingerTip,-17.811180,0.959775,20.903630,0.520831,0.503950,0.328807,-0.605521
1.1620,5487,Render,Ring_MCP,-17.871500,0.913623,20.822640,0.676812,0.301531,0.113211,-0.661958
1.1620,5487,Render,Ring_PIP,-17.834620,0.925642,20.848350,0.637752,0.377185,0.188404,-0.644600
1.1620,5487,Render,Ring_DIP,-17.817640,0.931917,20.867490,0.595380,0.441042,0.253979,-0.621691
1.1620,5487,Render,Ring_FingerTip,-17.805210,0.937319,20.889440,0.595380,0.441042,0.253979,-0.621691
1.1620,5487,Render,Pinky_MCP,-17.874820,0.891500,20.822750,0.684263,0.310730,0.125324,-0.647708
1.1620,5487,Render,Pinky_PIP,-17.844290,0.901851,20.845360,0.636447,0.399629,0.210997,-0.625070
1.1620,5487,Render,Pinky_DIP,-17.833430,0.906344,20.859450,0.583567,0.473517,0.284891,-0.595038
1.1620,5487,Render,Pinky_FingerTip,-17.825980,0.910436,20.876610,0.583567,0.473517,0.284891,-0.595038
1.1743,5488,Real,Wrist,-17.966370,0.897137,20.777370,0.670785,0.239478,0.058797,-0.699457
1.1743,5488,Real,Thumb_CMC,-17.944640,0.934790,20.796080,-0.072563,0.522419,-0.205000,-0.824493
1.1743,5488,Real,Thumb_MCP,-17.928380,0.946305,20.835220,-0.217585,0.480462,0.036966,-0.848791
1.1743,5488,Real,Thumb_IP,-17.902120,0.932977,20.874420,-0.426627,0.310123,0.451668,-0.719590
1.1743,5488,Real,Thumb_FingerTip,-17.890730,0.906910,20.876160,-0.426627,0.310123,0.451668,-0.719590
1.1743,5488,Real,Index_MCP,-17.880330,0.954255,20.826950,0.524670,0.438557,0.284832,-0.671760
1.1743,5488,Real,Index_PIP,-17.859120,0.957885,20.868540,0.334234,0.596572,0.505262,-0.526404
1.1743,5488,Real,Index_DIP,-17.864890,0.954428,20.893610,0.124573,0.672378,0.647735,-0.335901
1.1743,5488,Real,Index_FingerTip,-17.884890,0.947229,20.910100,0.124573,0.672378,0.647735,-0.335901
1.1743,5488,Real,Middle_MCP,-17.871750,0.928247,20.825410,0.534204,0.471093,0.313917,-0.627817
1.1743,5488,Real,Middle_PIP,-17.852790,0.934011,20.874350,0.286629,0.652033,0.548782,-0.437648
1.1743,5488,Real,Middle_DIP,-17.865340,0.931057,20.898890,0.016828,0.712053,0.674067,-0.195782
1.1743,5488,Real,Middle_FingerTip,-17.891450,0.924266,20.907420,0.016828,0.712053,0.674067,-0.195782
1.1743,5488,Real,Ring_MCP,-17.869910,0.903736,20.825440,0.550923,0.477069,0.313982,-0.608527
1.1743,5488,Real,Ring_PIP,-17.853730,0.910415,20.868550,0.297626,0.665229,0.541778,-0.418767
1.1743,5488,Real,Ring_DIP,-17.866170,0.908892,20.891730,0.020337,0.728490,0.660808,-0.179506
1.1743,5488,Real,Ring_FingerTip,-17.890280,0.903536,20.899170,0.020337,0.728490,0.660808,-0.179506
1.1743,5488,Real,Pinky_MCP,-17.873500,0.881665,20.824800,0.562304,0.480368,0.313315,-0.595730
1.1743,5488,Real,Pinky_PIP,-17.860030,0.888237,20.861210,0.306546,0.673030,0.535764,-0.407453
1.1743,5488,Real,Pinky_DIP,-17.868840,0.887797,20.877300,0.025592,0.739111,0.650921,-0.171355
1.1743,5488,Real,Pinky_FingerTip,-17.886840,0.884248,20.882790,0.025592,0.739111,0.650921,-0.171355
1.1743,5488,Virtual,Wrist,-17.966710,0.900551,20.775580,0.675568,0.243234,0.055520,-0.693803
1.1743,5488,Virtual,Thumb_CMC,-17.945290,0.938649,20.793740,-0.067280,0.521725,-0.212104,-0.823583
1.1743,5488,Virtual,Thumb_MCP,-17.929240,0.950907,20.832730,-0.212322,0.481293,0.029896,-0.849931
1.1743,5488,Virtual,Thumb_IP,-17.903010,0.938394,20.872220,-0.422463,0.313447,0.446085,-0.724075
1.1743,5488,Virtual,Thumb_FingerTip,-17.891450,0.912436,20.874420,-0.422463,0.313447,0.446085,-0.724075
1.1743,5488,Virtual,Index_MCP,-17.881220,0.959042,20.824480,0.528229,0.443617,0.279798,-0.667751
1.1743,5488,Virtual,Index_PIP,-17.860150,0.963491,20.866070,0.335759,0.602567,0.499131,-0.524450
1.1743,5488,Virtual,Index_DIP,-17.865980,0.960405,20.891170,0.124089,0.678545,0.641301,-0.336023
1.1743,5488,Virtual,Index_FingerTip,-17.885980,0.953341,20.907720,0.124089,0.678545,0.641301,-0.336023
1.1743,5488,Virtual,Middle_MCP,-17.872460,0.933071,20.823380,0.537253,0.476354,0.308778,-0.623780
1.1743,5488,Virtual,Middle_PIP,-17.853680,0.939758,20.872290,0.287183,0.658089,0.542422,-0.436147
1.1743,5488,Virtual,Middle_DIP,-17.866280,0.937120,20.896830,0.015035,0.717864,0.667615,-0.196816
1.1743,5488,Virtual,Middle_FingerTip,-17.892380,0.930294,20.905400,0.015035,0.717864,0.667615,-0.196816
1.1743,5488,Virtual,Ring_MCP,-17.870450,0.908576,20.823820,0.553795,0.482357,0.308883,-0.604346
1.1743,5488,Virtual,Ring_PIP,-17.854450,0.916064,20.866870,0.297993,0.671236,0.535390,-0.417134
1.1743,5488,Virtual,Ring_DIP,-17.866950,0.914836,20.890030,0.018377,0.734179,0.654281,-0.180442
1.1743,5488,Virtual,Ring_FingerTip,-17.891050,0.909441,20.897480,0.018377,0.734179,0.654281,-0.180442
1.1743,5488,Virtual,Pinky_MCP,-17.873900,0.886474,20.823540,0.565061,0.485670,0.308249,-0.591451
1.1743,5488,Virtual,Pinky_PIP,-17.860580,0.893728,20.859870,0.306803,0.679000,0.529364,-0.405715
1.1743,5488,Virtual,Pinky_DIP,-17.869430,0.893492,20.875940,0.023544,0.744725,0.644343,-0.172200
1.1743,5488,Virtual,Pinky_FingerTip,-17.887430,0.889912,20.881430,0.023544,0.744725,0.644343,-0.172200
1.1743,5488,Render,Wrist,-17.966710,0.900551,20.775580,0.675568,0.243234,0.055520,-0.693803
1.1743,5488,Render,Thumb_CMC,-17.945290,0.938649,20.793740,0.050312,0.530626,-0.286451,-0.796148
1.1743,5488,Render,Thumb_MCP,-17.933310,0.961021,20.829580,0.001717,0.533003,-0.212660,-0.818951
1.1743,5488,Render,Thumb_IP,-17.916570,0.978189,20.872350,-0.090182,0.525321,-0.068315,-0.843350
1.1743,5488,Render,Thumb_FingerTip,-17.904070,0.978773,20.897950,-0.090182,0.525321,-0.068315,-0.843350
1.1743,5488,Render,Index_MCP,-17.881220,0.959042,20.824480,0.626039,0.289649,0.094987,-0.717744
1.1743,5488,Render,Index_PIP,-17.843090,0.969640,20.849530,0.594206,0.350344,0.165742,-0.704775
1.1743,5488,Render,Index_DIP,-17.824930,0.974383,20.867450,0.560531,0.402028,0.228043,-0.687150
1.1743,5488,Render,Index_FingerTip,-17.809530,0.978077,20.889190,0.560531,0.402028,0.228043,-0.687150
1.1743,5488,Render,Middle_MCP,-17.872460,0.933071,20.823380,0.643788,0.317949,0.133494,-0.683099
1.1743,5488,Render,Middle_PIP,-17.832210,0.945058,20.855400,0.584232,0.417407,0.241682,-0.652714
1.1743,5488,Render,Middle_DIP,-17.817390,0.949832,20.878330,0.517557,0.497684,0.333742,-0.610788
1.1743,5488,Render,Middle_FingerTip,-17.809410,0.952874,20.905310,0.517557,0.497684,0.333742,-0.610788
1.1743,5488,Render,Ring_MCP,-17.870450,0.908576,20.823820,0.671822,0.296669,0.116006,-0.668720
1.1743,5488,Render,Ring_PIP,-17.833350,0.919906,20.849540,0.633352,0.371782,0.191956,-0.650996
1.1743,5488,Render,Ring_DIP,-17.816240,0.925728,20.868700,0.591563,0.435214,0.258172,-0.627687
1.1743,5488,Render,Ring_FingerTip,-17.803650,0.930651,20.890670,0.591563,0.435214,0.258172,-0.627687
1.1743,5488,Render,Pinky_MCP,-17.873900,0.886474,20.823540,0.679465,0.305773,0.128141,-0.654531
1.1743,5488,Render,Pinky_PIP,-17.843180,0.896230,20.846150,0.632357,0.394074,0.214703,-0.631454
1.1743,5488,Render,Pinky_DIP,-17.832220,0.900399,20.860270,0.580177,0.467509,0.289340,-0.600927
1.1743,5488,Render,Pinky_FingerTip,-17.824650,0.904130,20.877460,0.580177,0.467509,0.289340,-0.600927
1.1852,5489,Real,Wrist,-17.965760,0.893907,20.778720,0.667046,0.235520,0.063150,-0.703983
1.1852,5489,Real,Thumb_CMC,-17.943660,0.931099,20.797920,-0.073698,0.522961,-0.200326,-0.825197
1.1852,5489,Real,Thumb_MCP,-17.927290,0.942232,20.837120,-0.219662,0.480280,0.043122,-0.848069
1.1852,5489,Real,Thumb_IP,-17.901060,0.928300,20.876130,-0.429307,0.307597,0.458899,-0.714487
1.1852,5489,Real,Thumb_FingerTip,-17.889960,0.902085,20.877420,-0.429307,0.307597,0.458899,-0.714487
1.1852,5489,Real,Index_MCP,-17.879150,0.949550,20.828960,0.525125,0.430152,0.285948,-0.676349
1.1852,5489,Real,Index_PIP,-17.857310,0.952592,20.870270,0.334080,0.590912,0.511138,-0.527211
1.1852,5489,Real,Index_DIP,-17.863040,0.948851,20.895310,0.122613,0.667648,0.655373,-0.331210
1.1852,5489,Real,Index_FingerTip,-17.883230,0.941577,20.911530,0.122613,0.667648,0.655373,-0.331210
1.1852,5489,Real,Middle_MCP,-17.870800,0.923489,20.827040,0.534702,0.463156,0.316236,-0.632120
1.1852,5489,Real,Middle_PIP,-17.851210,0.928533,20.875820,0.285877,0.647066,0.555778,-0.436683
1.1852,5489,Real,Middle_DIP,-17.863830,0.925333,20.900290,0.013551,0.707274,0.681371,-0.187921
1.1852,5489,Real,Middle_FingerTip,-17.890120,0.918628,20.908330,0.013551,0.707274,0.681371,-0.187921
1.1852,5489,Real,Ring_MCP,-17.869180,0.898964,20.826730,0.551430,0.469193,0.316586,-0.612827
1.1852,5489,Real,Ring_PIP,-17.852460,0.904987,20.869730,0.296398,0.660580,0.549146,-0.417399
1.1852,5489,Real,Ring_DIP,-17.865000,0.903226,20.892840,0.016028,0.723851,0.668276,-0.170851
1.1852,5489,Real,Ring_FingerTip,-17.889280,0.897934,20.899770,0.016028,0.723851,0.668276,-0.170851
1.1852,5489,Real,Pinky_MCP,-17.872970,0.876938,20.825800,0.562930,0.472397,0.315938,-0.600112
1.1852,5489,Real,Pinky_PIP,-17.859040,0.882948,20.862130,0.305406,0.668413,0.543099,-0.406195
1.1852,5489,Real,Pinky_DIP,-17.867900,0.882344,20.878170,0.021278,0.734572,0.658347,-0.162882
1.1852,5489,Real,Pinky_FingerTip,-17.886030,0.878834,20.883290,0.021278,0.734572,0.658347,-0.162882
1.1852,5489,Virtual,Wrist,-17.966370,0.897139,20.777390,0.670785,0.239478,0.058798,-0.699457
1.1852,5489,Virtual,Thumb_CMC,-17.944640,0.934793,20.796110,-0.070210,0.521810,-0.207739,-0.824397
1.1852,5489,Virtual,Thumb_MCP,-17.928430,0.946616,20.835170,-0.215991,0.480170,0.035788,-0.849414
1.1852,5489,Virtual,Thumb_IP,-17.902140,0.933464,20.874400,-0.426066,0.309327,0.453204,-0.719299
1.1852,5489,Virtual,Thumb_FingerTip,-17.890800,0.907371,20.876080,-0.426066,0.309327,0.453204,-0.719299
1.1852,5489,Virtual,Index_MCP,-17.880340,0.954257,20.826970,0.527636,0.434983,0.280264,-0.673679
1.1852,5489,Virtual,Index_PIP,-17.858590,0.958069,20.868270,0.334675,0.596324,0.504873,-0.526777
1.1852,5489,Virtual,Index_DIP,-17.864330,0.954623,20.893350,0.121406,0.672957,0.649310,-0.332847
1.1852,5489,Virtual,Index_FingerTip,-17.884470,0.947391,20.909640,0.121406,0.672957,0.649310,-0.332847
1.1852,5489,Virtual,Middle_MCP,-17.871760,0.928249,20.825420,0.536735,0.468207,0.310530,-0.629499
1.1852,5489,Virtual,Middle_PIP,-17.852290,0.934145,20.874160,0.285560,0.652502,0.549499,-0.436748
1.1852,5489,Virtual,Middle_DIP,-17.864910,0.931170,20.898660,0.011157,0.712165,0.675605,-0.190408
1.1852,5489,Virtual,Middle_FingerTip,-17.891160,0.924339,20.906760,0.011157,0.712165,0.675605,-0.190408
1.1852,5489,Virtual,Ring_MCP,-17.869910,0.903738,20.825460,0.553301,0.474309,0.310937,-0.610088
1.1852,5489,Virtual,Ring_PIP,-17.853310,0.910507,20.868400,0.295890,0.666003,0.542869,-0.417353
1.1852,5489,Virtual,Ring_DIP,-17.865870,0.908953,20.891510,0.013449,0.728650,0.662476,-0.173250
1.1852,5489,Virtual,Ring_FingerTip,-17.890110,0.903536,20.898480,0.013449,0.728650,0.662476,-0.173250
1.1852,5489,Virtual,Pinky_MCP,-17.873510,0.881667,20.824830,0.564698,0.477552,0.310334,-0.597289
1.1852,5489,Virtual,Pinky_PIP,-17.859680,0.888306,20.861090,0.304789,0.673828,0.536825,-0.406053
1.1852,5489,Virtual,Pinky_DIP,-17.868560,0.887844,20.877130,0.018603,0.739320,0.652512,-0.165193
1.1852,5489,Virtual,Pinky_FingerTip,-17.886660,0.884241,20.882280,0.018603,0.739320,0.652512,-0.165193
1.1852,5489,Render,Wrist,-17.966370,0.897139,20.777390,0.670785,0.239478,0.058798,-0.699457
1.1852,5489,Render,Thumb_CMC,-17.944640,0.934793,20.796110,0.045208,0.532189,-0.279416,-0.797908
1.1852,5489,Render,Thumb_MCP,-17.932460,0.956485,20.832290,-0.003508,0.534095,-0.205494,-0.820063
1.1852,5489,Render,Thumb_IP,-17.915540,0.972827,20.875310,-0.095517,0.525496,-0.061065,-0.843210
1.1852,5489,Render,Thumb_FingerTip,-17.902990,0.972901,20.900900,-0.095517,0.525496,-0.061065,-0.843210
1.1852,5489,Render,Index_MCP,-17.880340,0.954257,20.826970,0.621278,0.285699,0.098795,-0.722932
1.1852,5489,Render,Index_PIP,-17.842070,0.964192,20.852070,0.589860,0.345941,0.170047,-0.709560
1.1852,5489,Render,Index_DIP,-17.823830,0.968521,20.870020,0.556596,0.397254,0.232758,-0.691531
1.1852,5489,Render,Index_FingerTip,-17.808330,0.971757,20.891770,0.556596,0.397254,0.232758,-0.691531
1.1852,5489,Render,Middle_MCP,-17.871760,0.928249,20.825420,0.639460,0.313677,0.137389,-0.688347
1.1852,5489,Render,Middle_PIP,-17.831340,0.939446,20.857510,0.580647,0.412494,0.246371,-0.657266
1.1852,5489,Render,Middle_DIP,-17.816420,0.943747,20.880470,0.514723,0.492304,0.339041,-0.614613
1.1852,5489,Render,Middle_FingerTip,-17.808340,0.946295,20.907470,0.514723,0.492304,0.339041,-0.614613
1.1852,5489,Render,Ring_MCP,-17.869910,0.903738,20.825460,0.667513,0.292468,0.119638,-0.674223
1.1852,5489,Render,Ring_PIP,-17.832670,0.914400,20.851250,0.629554,0.367115,0.196196,-0.656046
1.1852,5489,Render,Ring_DIP,-17.815450,0.919796,20.870440,0.588266,0.430179,0.262910,-0.632272
1.1852,5489,Render,Ring_FingerTip,-17.802770,0.924276,20.892460,0.588266,0.430179,0.262910,-0.632272
1.1852,5489,Render,Pinky_MCP,-17.873510,0.881667,20.824830,0.675319,0.301469,0.131788,-0.660070
1.1852,5489,Render,Pinky_PIP,-17.842660,0.890848,20.847500,0.628826,0.389253,0.219059,-0.636454
1.1852,5489,Render,Pinky_DIP,-17.831640,0.894714,20.861650,0.577253,0.462298,0.294268,-0.605365
1.1852,5489,Render,Pinky_FingerTip,-17.823980,0.898113,20.878880,0.577253,0.462298,0.294268,-0.605365
1.1987,5490,Real,Wrist,-17.965400,0.890972,20.779850,0.664103,0.232799,0.070691,-0.706948
1.1987,5490,Real,Thumb_CMC,-17.942940,0.927652,20.799610,-0.072509,0.526145,-0.194964,-0.824563
1.1987,5490,Real,Thumb_MCP,-17.926680,0.938420,20.838950,-0.220091,0.483369,0.049237,-0.845867
1.1987,5490,Real,Thumb_IP,-17.900800,0.923904,20.877990,-0.431975,0.309003,0.464855,-0.708396
1.1987,5490,Real,Thumb_FingerTip,-17.890060,0.897526,20.879020,-0.431975,0.309003,0.464855,-0.708396
1.1987,5490,Real,Index_MCP,-17.878370,0.944921,20.831210,0.525506,0.423800,0.290097,-0.678294
1.1987,5490,Real,Index_PIP,-17.856240,0.947351,20.872410,0.333393,0.587036,0.518706,-0.524578
1.1987,5490,Real,Index_DIP,-17.862140,0.943385,20.897370,0.119825,0.664383,0.663329,-0.322851
1.1987,5490,Real,Index_FingerTip,-17.882670,0.936146,20.913190,0.119825,0.664383,0.663329,-0.322851
1.1987,5490,Real,Middle_MCP,-17.870340,0.918783,20.829020,0.535200,0.456934,0.321242,-0.633700
1.1987,5490,Real,Middle_PIP,-17.850480,0.923111,20.877750,0.284933,0.643460,0.563716,-0.432431
1.1987,5490,Real,Middle_DIP,-17.863340,0.919762,20.902080,0.010083,0.703652,0.688064,-0.177031
1.1987,5490,Real,Middle_FingerTip,-17.889850,0.913269,20.909530,0.010083,0.703652,0.688064,-0.177031
1.1987,5490,Real,Ring_MCP,-17.869020,0.894245,20.828410,0.551878,0.463007,0.321950,-0.614332
1.1987,5490,Real,Ring_PIP,-17.852090,0.899619,20.871420,0.294843,0.657276,0.557553,-0.412541
1.1987,5490,Real,Ring_DIP,-17.864880,0.897711,20.894370,0.011320,0.720289,0.675151,-0.158833
1.1987,5490,Real,Ring_FingerTip,-17.889370,0.892598,20.900670,0.011320,0.720289,0.675151,-0.158833
1.1987,5490,Real,Pinky_MCP,-17.873090,0.872281,20.827200,0.563489,0.466059,0.321328,-0.601679
1.1987,5490,Real,Pinky_PIP,-17.858950,0.877736,20.863540,0.303962,0.665084,0.551478,-0.401425
1.1987,5490,Real,Pinky_DIP,-17.867990,0.877031,20.879490,0.016615,0.731064,0.665179,-0.151019
1.1987,5490,Real,Pinky_FingerTip,-17.886260,0.873647,20.884140,0.016615,0.731064,0.665179,-0.151019
1.1987,5490,Virtual,Wrist,-17.965760,0.893906,20.778720,0.667046,0.235520,0.063150,-0.703983
1.1987,5490,Virtual,Thumb_CMC,-17.943670,0.931098,20.797930,-0.071354,0.522356,-0.203070,-0.825116
1.1987,5490,Virtual,Thumb_MCP,-17.927340,0.942539,20.837050,-0.217899,0.480070,0.041628,-0.848717
1.1987,5490,Virtual,Thumb_IP,-17.901080,0.928817,20.876110,-0.428429,0.307238,0.459685,-0.714663
1.1987,5490,Virtual,Thumb_FingerTip,-17.890010,0.902589,20.877400,-0.428429,0.307238,0.459685,-0.714663
1.1987,5490,Virtual,Index_MCP,-17.879150,0.949548,20.828970,0.527661,0.427038,0.281941,-0.678028
1.1987,5490,Virtual,Index_PIP,-17.856850,0.952748,20.870020,0.334210,0.590839,0.511022,-0.527323
1.1987,5490,Virtual,Index_DIP,-17.862570,0.949010,20.895060,0.119335,0.668241,0.656990,-0.327989
1.1987,5490,Virtual,Index_FingerTip,-17.882920,0.941707,20.911060,0.119335,0.668241,0.656990,-0.327989
1.1987,5490,Virtual,Middle_MCP,-17.870810,0.923488,20.827050,0.536962,0.460535,0.313140,-0.633659
1.1987,5490,Virtual,Middle_PIP,-17.850760,0.928649,20.875620,0.284964,0.647468,0.556393,-0.435898
1.1987,5490,Virtual,Middle_DIP,-17.863440,0.925432,20.900050,0.008542,0.707352,0.682685,-0.183090
1.1987,5490,Virtual,Middle_FingerTip,-17.889840,0.918699,20.907720,0.008542,0.707352,0.682685,-0.183090
1.1987,5490,Virtual,Ring_MCP,-17.869180,0.898963,20.826730,0.553486,0.466766,0.313890,-0.614212
1.1987,5490,Virtual,Ring_PIP,-17.852100,0.905064,20.869590,0.294652,0.661360,0.550246,-0.415947
1.1987,5490,Virtual,Ring_DIP,-17.864750,0.903272,20.892620,0.009532,0.723966,0.669783,-0.164847
1.1987,5490,Virtual,Ring_FingerTip,-17.889140,0.897931,20.899110,0.009532,0.723966,0.669783,-0.164847
1.1987,5490,Virtual,Pinky_MCP,-17.872980,0.876936,20.825800,0.565000,0.469919,0.313298,-0.601494
1.1987,5490,Virtual,Pinky_PIP,-17.858730,0.883004,20.862000,0.303640,0.669217,0.544170,-0.404759
1.1987,5490,Virtual,Pinky_DIP,-17.867680,0.882378,20.878000,0.014686,0.734734,0.659782,-0.156968
1.1987,5490,Virtual,Pinky_FingerTip,-17.885880,0.878823,20.882790,0.014686,0.734734,0.659782,-0.156968
1.1987,5490,Render,Wrist,-17.965760,0.893906,20.778720,0.667046,0.235520,0.063150,-0.703983
1.1987,5490,Render,Thumb_CMC,-17.943670,0.931098,20.797930,0.041848,0.532718,-0.272257,-0.800211
1.1987,5490,Render,Thumb_MCP,-17.931190,0.952188,20.834360,-0.006903,0.534314,-0.198155,-0.821703
1.1987,5490,Render,Thumb_IP,-17.914000,0.967793,20.877550,-0.098899,0.525127,-0.053553,-0.843560
1.1987,5490,Render,Thumb_FingerTip,-17.901380,0.967408,20.903100,-0.098899,0.525127,-0.053553,-0.843560
1.1987,5490,Render,Index_MCP,-17.879150,0.949548,20.828970,0.617616,0.281670,0.103608,-0.726965
1.1987,5490,Render,Index_PIP,-17.840760,0.958787,20.854140,0.586616,0.341568,0.175236,-0.713096
1.1987,5490,Render,Index_DIP,-17.822460,0.962702,20.872120,0.553755,0.392610,0.238242,-0.694589
1.1987,5490,Render,Index_FingerTip,-17.806900,0.965495,20.893890,0.553755,0.392610,0.238242,-0.694589
1.1987,5490,Render,Middle_MCP,-17.870810,0.923488,20.827050,0.636191,0.309322,0.142225,-0.692353
1.1987,5490,Render,Middle_PIP,-17.830250,0.933871,20.859220,0.578122,0.407670,0.251788,-0.660442
1.1987,5490,Render,Middle_DIP,-17.815250,0.937718,20.882210,0.512924,0.487164,0.344861,-0.616969
1.1987,5490,Render,Middle_FingerTip,-17.807120,0.939819,20.909240,0.512924,0.487164,0.344861,-0.616969
1.1987,5490,Render,Ring_MCP,-17.869180,0.898963,20.826730,0.664232,0.288120,0.124243,-0.678489
1.1987,5490,Render,Ring_PIP,-17.831810,0.908929,20.852610,0.626793,0.362419,0.201260,-0.659756
1.1987,5490,Render,Ring_DIP,-17.814520,0.913901,20.871850,0.586006,0.425223,0.268331,-0.635438
1.1987,5490,Render,Ring_FingerTip,-17.801770,0.917961,20.893910,0.586006,0.425223,0.268331,-0.635438
1.1987,5490,Render,Pinky_MCP,-17.872980,0.876936,20.825800,0.672186,0.297011,0.136386,-0.664342
1.1987,5490,Render,Pinky_PIP,-17.842020,0.885522,20.848560,0.626318,0.384415,0.224188,-0.640071
1.1987,5490,Render,Pinky_DIP,-17.830940,0.889091,20.862740,0.575348,0.457192,0.299796,-0.608337
1.1987,5490,Render,Pinky_FingerTip,-17.823230,0.892182,20.880010,0.575348,0.457192,0.299796,-0.608337
1.2128,5491,Real,Wrist,-17.965390,0.888359,20.780660,0.661129,0.229817,0.080298,-0.709679
1.2128,5491,Real,Thumb_CMC,-17.942510,0.924425,20.801060,-0.069819,0.531470,-0.190737,-0.822365
1.2128,5491,Real,Thumb_MCP,-17.926600,0.934942,20.840620,-0.219105,0.489212,0.052774,-0.842544
1.2128,5491,Real,Thumb_IP,-17.901310,0.920071,20.879900,-0.434115,0.314451,0.466435,-0.703636
1.2128,5491,Real,Thumb_FingerTip,-17.890850,0.893583,20.880970,-0.434115,0.314451,0.466435,-0.703636
1.2128,5491,Real,Index_MCP,-17.877920,0.940269,20.833360,0.526502,0.416482,0.295091,-0.679897
1.2128,5491,Real,Index_PIP,-17.855500,0.942016,20.874430,0.333277,0.582742,0.527290,-0.520869
1.2128,5491,Real,Index_DIP,-17.861600,0.937840,20.899310,0.117329,0.660981,0.672011,-0.312634
1.2128,5491,Real,Index_FingerTip,-17.882500,0.930709,20.914670,0.117329,0.660981,0.672011,-0.312634
1.2128,5491,Real,Middle_MCP,-17.870290,0.914037,20.830900,0.536159,0.449934,0.327461,-0.634714
1.2128,5491,Real,Middle_PIP,-17.850190,0.917564,20.879600,0.283900,0.639772,0.573066,-0.426248
1.2128,5491,Real,Middle_DIP,-17.863370,0.914092,20.903740,0.005719,0.699911,0.695392,-0.162857
1.2128,5491,Real,Middle_FingerTip,-17.890160,0.907908,20.910420,0.005719,0.699911,0.695392,-0.162857
1.2128,5491,Real,Ring_MCP,-17.869350,0.889491,20.829990,0.552793,0.455995,0.328565,-0.615252
1.2128,5491,Real,Ring_PIP,-17.852210,0.894137,20.873010,0.293209,0.653865,0.567355,-0.405706
1.2128,5491,Real,Ring_DIP,-17.865350,0.892111,20.895750,0.005717,0.716574,0.682567,-0.143496
1.2128,5491,Real,Ring_FingerTip,-17.890090,0.887268,20.901260,0.005717,0.716574,0.682567,-0.143496
1.2128,5491,Real,Pinky_MCP,-17.873750,0.867611,20.828470,0.564525,0.458848,0.327974,-0.602663
1.2128,5491,Real,Pinky_PIP,-17.859430,0.872443,20.864820,0.302459,0.661626,0.561243,-0.394685
1.2128,5491,Real,Pinky_DIP,-17.868700,0.871658,20.880630,0.011068,0.727398,0.672541,-0.135861
1.2128,5491,Real,Pinky_FingerTip,-17.887150,0.868466,20.884700,0.011068,0.727398,0.672541,-0.135861
1.2128,5491,Virtual,Wrist,-17.965400,0.890969,20.779860,0.664103,0.232799,0.070690,-0.706948
1.2128,5491,Virtual,Thumb_CMC,-17.942950,0.927649,20.799620,-0.069507,0.526511,-0.200325,-0.823301
1.2128,5491,Virtual,Thumb_MCP,-17.926910,0.938920,20.838910,-0.217385,0.484550,0.043855,-0.846187
1.2128,5491,Virtual,Thumb_IP,-17.901090,0.924952,20.878180,-0.430297,0.311270,0.460527,-0.711246
1.2128,5491,Virtual,Thumb_FingerTip,-17.890200,0.898647,20.879510,-0.430297,0.311270,0.460527,-0.711246
1.2128,5491,Virtual,Index_MCP,-17.878370,0.944919,20.831210,0.528648,0.419873,0.285035,-0.680436
1.2128,5491,Virtual,Index_PIP,-17.855670,0.947543,20.872080,0.334004,0.586689,0.518160,-0.525118
1.2128,5491,Virtual,Index_DIP,-17.861520,0.943590,20.897060,0.116683,0.664941,0.664848,-0.319712
1.2128,5491,Virtual,Index_FingerTip,-17.882180,0.936329,20.912670,0.116683,0.664941,0.664848,-0.319712
1.2128,5491,Virtual,Middle_MCP,-17.870340,0.918781,20.829020,0.537878,0.453779,0.317509,-0.635579
1.2128,5491,Virtual,Middle_PIP,-17.849930,0.923246,20.877520,0.283754,0.643981,0.564507,-0.431398
1.2128,5491,Virtual,Middle_DIP,-17.862870,0.919875,20.901790,0.003909,0.703714,0.689591,-0.170988
1.2128,5491,Virtual,Middle_FingerTip,-17.889510,0.913357,20.908760,0.003909,0.703714,0.689591,-0.170988
1.2128,5491,Virtual,Ring_MCP,-17.869020,0.894243,20.828420,0.554343,0.460052,0.318664,-0.616043
1.2128,5491,Virtual,Ring_PIP,-17.851640,0.899707,20.871240,0.292799,0.658189,0.558832,-0.410807
1.2128,5491,Virtual,Ring_DIP,-17.864570,0.897766,20.894110,0.003604,0.720369,0.676813,-0.151592
1.2128,5491,Virtual,Ring_FingerTip,-17.889190,0.892605,20.899870,0.003604,0.720369,0.676813,-0.151592
1.2128,5491,Virtual,Pinky_MCP,-17.873090,0.872278,20.827210,0.565970,0.463042,0.318110,-0.603387
1.2128,5491,Virtual,Pinky_PIP,-17.858570,0.877800,20.863380,0.301894,0.666026,0.552723,-0.399709
1.2128,5491,Virtual,Pinky_DIP,-17.867710,0.877071,20.879280,0.008782,0.731200,0.666759,-0.143885
1.2128,5491,Virtual,Pinky_FingerTip,-17.886070,0.873641,20.883530,0.008782,0.731200,0.666759,-0.143885
1.2128,5491,Render,Wrist,-17.965400,0.890969,20.779860,0.664103,0.232799,0.070690,-0.706948
1.2128,5491,Render,Thumb_CMC,-17.942950,0.927649,20.799620,0.041028,0.535537,-0.264074,-0.801114
1.2128,5491,Render,Thumb_MCP,-17.930350,0.948158,20.836350,-0.007976,0.537047,-0.189923,-0.821856
1.2128,5491,Render,Thumb_IP,-17.913140,0.963044,20.879780,-0.100427,0.527634,-0.045418,-0.842291
1.2128,5491,Render,Thumb_FingerTip,-17.900620,0.962205,20.905370,-0.100427,0.527634,-0.045418,-0.842291
1.2128,5491,Render,Index_MCP,-17.878370,0.944919,20.831210,0.614720,0.279073,0.111438,-0.729260
1.2128,5491,Render,Index_PIP,-17.840000,0.953374,20.856690,0.583992,0.338696,0.183255,-0.714602
1.2128,5491,Render,Index_DIP,-17.821740,0.956844,20.874810,0.551399,0.389515,0.246364,-0.695373
1.2128,5491,Render,Index_FingerTip,-17.806270,0.959183,20.896690,0.551399,0.389515,0.246364,-0.695373
1.2128,5491,Render,Middle_MCP,-17.870340,0.918781,20.829020,0.633575,0.306286,0.150051,-0.694447
1.2128,5491,Render,Middle_PIP,-17.829820,0.928270,20.861520,0.576028,0.404252,0.259850,-0.661249
1.2128,5491,Render,Middle_DIP,-17.814910,0.931654,20.884640,0.511347,0.483479,0.352955,-0.616600
1.2128,5491,Render,Middle_FingerTip,-17.806890,0.933329,20.911730,0.511347,0.483479,0.352955,-0.616600
1.2128,5491,Render,Ring_MCP,-17.869020,0.894243,20.828420,0.661612,0.284981,0.131930,-0.680919
1.2128,5491,Render,Ring_PIP,-17.831660,0.903430,20.854600,0.624550,0.359000,0.209174,-0.661288
1.2128,5491,Render,Ring_DIP,-17.814420,0.907955,20.874000,0.584128,0.421591,0.276361,-0.636145
1.2128,5491,Render,Ring_FingerTip,-17.801730,0.911591,20.896170,0.584128,0.421591,0.276361,-0.636145
1.2128,5491,Render,Pinky_MCP,-17.873090,0.872278,20.827210,0.669674,0.293713,0.144057,-0.666722
1.2128,5491,Render,Pinky_PIP,-17.842150,0.880203,20.850220,0.624271,0.380810,0.232109,-0.641401
1.2128,5491,Render,Pinky_DIP,-17.831100,0.883463,20.864500,0.573750,0.453366,0.307820,-0.608701
1.2128,5491,Render,Pinky_FingerTip,-17.823450,0.886251,20.881840,0.573750,0.453366,0.307820,-0.608701
1.2271,5492,Real,Wrist,-17.965400,0.885672,20.781680,0.657534,0.226941,0.088372,-0.712978
1.2271,5492,Real,Thumb_CMC,-17.942170,0.921155,20.802690,-0.071408,0.535527,-0.181923,-0.821594
1.2271,5492,Real,Thumb_MCP,-17.926350,0.930923,20.842470,-0.221789,0.492644,0.060998,-0.839280
1.2271,5492,Real,Thumb_IP,-17.901480,0.915188,20.881690,-0.438154,0.316084,0.471931,-0.696702
1.2271,5492,Real,Thumb_FingerTip,-17.891380,0.888553,20.882460,-0.438154,0.316084,0.471931,-0.696702
1.2271,5492,Real,Index_MCP,-17.877570,0.935709,20.835560,0.523730,0.412929,0.303852,-0.680346
1.2271,5492,Real,Index_PIP,-17.855350,0.936603,20.876780,0.332029,0.578412,0.535586,-0.518019
1.2271,5492,Real,Index_DIP,-17.861660,0.932170,20.901570,0.117614,0.656484,0.678861,-0.307155
1.2271,5492,Real,Index_FingerTip,-17.882740,0.925105,20.916710,0.117614,0.656484,0.678861,-0.307155
1.2271,5492,Real,Middle_MCP,-17.870260,0.909415,20.832780,0.533822,0.445968,0.336180,-0.634925
1.2271,5492,Real,Middle_PIP,-17.850390,0.912015,20.881640,0.283543,0.635182,0.580991,-0.422606
1.2271,5492,Real,Middle_DIP,-17.863750,0.908388,20.905650,0.007219,0.695558,0.701212,-0.156361
1.2271,5492,Real,Middle_FingerTip,-17.890670,0.902467,20.912090,0.007219,0.695558,0.701212,-0.156361
1.2271,5492,Real,Ring_MCP,-17.869640,0.884873,20.831550,0.550624,0.451857,0.337245,-0.615553
1.2271,5492,Real,Ring_PIP,-17.852690,0.888709,20.874720,0.293100,0.649195,0.575268,-0.402126
1.2271,5492,Real,Ring_DIP,-17.865990,0.886546,20.897360,0.007494,0.712254,0.688375,-0.137038
1.2271,5492,Real,Ring_FingerTip,-17.890820,0.881954,20.902660,0.007494,0.712254,0.688375,-0.137038
1.2271,5492,Real,Pinky_MCP,-17.874320,0.863075,20.829700,0.562462,0.454602,0.336625,-0.603041
1.2271,5492,Real,Pinky_PIP,-17.860140,0.867225,20.866200,0.302493,0.656905,0.569163,-0.391187
1.2271,5492,Real,Pinky_DIP,-17.869510,0.866347,20.881940,0.012997,0.723089,0.678388,-0.129474
1.2271,5492,Real,Pinky_FingerTip,-17.888020,0.863341,20.885870,0.012997,0.723089,0.678388,-0.129474
1.2271,5492,Virtual,Wrist,-17.965390,0.888360,20.780670,0.661129,0.229817,0.080299,-0.709679
1.2271,5492,Virtual,Thumb_CMC,-17.942510,0.924427,20.801070,-0.069819,0.531470,-0.190737,-0.822365
1.2271,5492,Virtual,Thumb_MCP,-17.926600,0.934944,20.840620,-0.219104,0.489212,0.052774,-0.842544
1.2271,5492,Virtual,Thumb_IP,-17.901310,0.920072,20.879910,-0.434115,0.314451,0.466435,-0.703636
1.2271,5492,Virtual,Thumb_FingerTip,-17.890850,0.893585,20.880980,-0.434115,0.314451,0.466435,-0.703636
1.2271,5492,Virtual,Index_MCP,-17.877930,0.940271,20.833370,0.526502,0.416482,0.295091,-0.679897
1.2271,5492,Virtual,Index_PIP,-17.855500,0.942017,20.874440,0.333277,0.582742,0.527290,-0.520869
1.2271,5492,Virtual,Index_DIP,-17.861600,0.937842,20.899320,0.117329,0.660981,0.672011,-0.312634
1.2271,5492,Virtual,Index_FingerTip,-17.882500,0.930711,20.914680,0.117329,0.660981,0.672011,-0.312634
1.2271,5492,Virtual,Middle_MCP,-17.870290,0.914039,20.830900,0.536159,0.449934,0.327461,-0.634714
1.2271,5492,Virtual,Middle_PIP,-17.850190,0.917566,20.879610,0.283900,0.639772,0.573066,-0.426248
1.2271,5492,Virtual,Middle_DIP,-17.863370,0.914093,20.903740,0.005719,0.699911,0.695392,-0.162857
1.2271,5492,Virtual,Middle_FingerTip,-17.890170,0.907910,20.910420,0.005719,0.699911,0.695392,-0.162857
1.2271,5492,Virtual,Ring_MCP,-17.869350,0.889493,20.830000,0.552793,0.455995,0.328565,-0.615252
1.2271,5492,Virtual,Ring_PIP,-17.852210,0.894139,20.873020,0.293209,0.653865,0.567355,-0.405706
1.2271,5492,Virtual,Ring_DIP,-17.865360,0.892112,20.895760,0.005717,0.716574,0.682567,-0.143496
1.2271,5492,Virtual,Ring_FingerTip,-17.890090,0.887270,20.901270,0.005717,0.716574,0.682567,-0.143496
1.2271,5492,Virtual,Pinky_MCP,-17.873750,0.867612,20.828480,0.564525,0.458848,0.327974,-0.602663
1.2271,5492,Virtual,Pinky_PIP,-17.859430,0.872445,20.864830,0.302459,0.661626,0.561243,-0.394685
1.2271,5492,Virtual,Pinky_DIP,-17.868710,0.871660,20.880640,0.011068,0.727398,0.672541,-0.135861
1.2271,5492,Virtual,Pinky_FingerTip,-17.887150,0.868467,20.884710,0.011068,0.727398,0.672541,-0.135861
1.2271,5492,Render,Wrist,-17.965390,0.888360,20.780670,0.661129,0.229817,0.080299,-0.709679
1.2271,5492,Render,Thumb_CMC,-17.942510,0.924427,20.801070,0.041228,0.540554,-0.254046,-0.800976
1.2271,5492,Render,Thumb_MCP,-17.929930,0.944255,20.838170,-0.008235,0.542061,-0.179950,-0.820805
1.2271,5492,Render,Thumb_IP,-17.912890,0.958301,20.881950,-0.101546,0.532528,-0.035775,-0.839537
1.2271,5492,Render,Thumb_FingerTip,-17.900630,0.956931,20.907640,-0.101546,0.532528,-0.035775,-0.839537
1.2271,5492,Render,Index_MCP,-17.877930,0.940271,20.833370,0.611815,0.276304,0.121324,-0.731176
1.2271,5492,Render,Index_PIP,-17.839630,0.947795,20.859240,0.581377,0.335653,0.193283,-0.715528
1.2271,5492,Render,Index_DIP,-17.821460,0.950746,20.877540,0.549065,0.386250,0.256434,-0.695399
1.2271,5492,Render,Index_FingerTip,-17.806120,0.952562,20.899570,0.549065,0.386250,0.256434,-0.695399
1.2271,5492,Render,Middle_MCP,-17.870290,0.914039,20.830900,0.630957,0.302988,0.159907,-0.696077
1.2271,5492,Render,Middle_PIP,-17.829880,0.922474,20.863830,0.573975,0.400575,0.269838,-0.661272
1.2271,5492,Render,Middle_DIP,-17.815090,0.925328,20.887110,0.509849,0.479544,0.362841,-0.615174
1.2271,5492,Render,Middle_FingerTip,-17.807260,0.926533,20.914270,0.509849,0.479544,0.362841,-0.615174
1.2271,5492,Render,Ring_MCP,-17.869350,0.889493,20.830000,0.658980,0.281526,0.141651,-0.682952
1.2271,5492,Render,Ring_PIP,-17.832060,0.897755,20.856590,0.622332,0.355266,0.219065,-0.662193
1.2271,5492,Render,Ring_DIP,-17.814890,0.901761,20.876160,0.582307,0.417648,0.286293,-0.636023
1.2271,5492,Render,Ring_FingerTip,-17.802320,0.904915,20.898470,0.582307,0.417648,0.286293,-0.636023
1.2271,5492,Render,Pinky_MCP,-17.873750,0.867612,20.828480,0.667154,0.290062,0.153753,-0.668678
1.2271,5492,Render,Pinky_PIP,-17.842860,0.874755,20.851830,0.622263,0.376854,0.241980,-0.642040
1.2271,5492,Render,Pinky_DIP,-17.831880,0.877659,20.866230,0.572235,0.449197,0.317695,-0.608145
1.2271,5492,Render,Pinky_FingerTip,-17.824320,0.880105,20.883660,0.572235,0.449197,0.317695,-0.608145
1.2414,5493,Real,Wrist,-17.965120,0.883511,20.781900,0.655111,0.223035,0.096910,-0.715328
1.2414,5493,Real,Thumb_CMC,-17.941440,0.918387,20.803420,-0.065317,0.538334,-0.180709,-0.820533
1.2414,5493,Real,Thumb_MCP,-17.925850,0.928321,20.843250,-0.215478,0.497634,0.059702,-0.838073
1.2414,5493,Real,Thumb_IP,-17.901450,0.912899,20.882890,-0.433675,0.325570,0.466978,-0.698472
1.2414,5493,Real,Thumb_FingerTip,-17.891420,0.886260,20.884310,-0.433675,0.325570,0.466978,-0.698472
1.2414,5493,Real,Index_MCP,-17.876790,0.931553,20.836780,0.525542,0.404773,0.307597,-0.682165
1.2414,5493,Real,Index_PIP,-17.854160,0.931824,20.877780,0.333082,0.573666,0.543050,-0.514841
1.2414,5493,Real,Index_DIP,-17.860600,0.927229,20.902500,0.116440,0.653053,0.686545,-0.297692
1.2414,5493,Real,Index_FingerTip,-17.882000,0.920324,20.917260,0.116440,0.653053,0.686545,-0.297692
1.2414,5493,Real,Middle_MCP,-17.869880,0.905179,20.833740,0.535727,0.438076,0.340979,-0.636254
1.2414,5493,Real,Middle_PIP,-17.849620,0.907053,20.882470,0.284043,0.631058,0.589002,-0.417328
1.2414,5493,Real,Middle_DIP,-17.863220,0.903363,20.906340,0.004693,0.692021,0.707435,-0.143603
1.2414,5493,Real,Middle_FingerTip,-17.890340,0.897797,20.912160,0.004693,0.692021,0.707435,-0.143603
1.2414,5493,Real,Ring_MCP,-17.869640,0.880645,20.832240,0.552420,0.444039,0.342498,-0.616731
1.2414,5493,Real,Ring_PIP,-17.852370,0.883816,20.875330,0.292822,0.645441,0.583812,-0.396012
1.2414,5493,Real,Ring_DIP,-17.865940,0.881592,20.897810,0.003444,0.708750,0.694680,-0.122811
1.2414,5493,Real,Ring_FingerTip,-17.890960,0.877316,20.902420,0.003444,0.708750,0.694680,-0.122811
1.2414,5493,Real,Pinky_MCP,-17.874650,0.858946,20.830120,0.564365,0.446594,0.341895,-0.604280
1.2414,5493,Real,Pinky_PIP,-17.860180,0.862524,20.866560,0.302331,0.653108,0.577659,-0.385171
1.2414,5493,Real,Pinky_DIP,-17.869740,0.861605,20.882200,0.008989,0.719634,0.684633,-0.115432
1.2414,5493,Real,Pinky_FingerTip,-17.888380,0.858825,20.885620,0.008989,0.719634,0.684633,-0.115432
1.2414,5493,Virtual,Wrist,-17.965400,0.885670,20.781680,0.657534,0.226941,0.088373,-0.712978
1.2414,5493,Virtual,Thumb_CMC,-17.942170,0.921153,20.802700,-0.065460,0.534728,-0.190007,-0.820779
1.2414,5493,Virtual,Thumb_MCP,-17.926550,0.931775,20.842330,-0.214591,0.494136,0.050856,-0.840949
1.2414,5493,Virtual,Thumb_IP,-17.901710,0.917183,20.882010,-0.431173,0.322970,0.460717,-0.705352
1.2414,5493,Virtual,Thumb_FingerTip,-17.891260,0.890723,20.883680,-0.431173,0.322970,0.460717,-0.705352
1.2414,5493,Virtual,Index_MCP,-17.877570,0.935708,20.835570,0.526881,0.408901,0.298626,-0.682656
1.2414,5493,Virtual,Index_PIP,-17.854750,0.936793,20.876450,0.332757,0.577993,0.534933,-0.518693
1.2414,5493,Virtual,Index_DIP,-17.861000,0.932373,20.901250,0.114653,0.657007,0.680239,-0.304091
1.2414,5493,Virtual,Index_FingerTip,-17.882220,0.925297,20.916200,0.114653,0.657007,0.680239,-0.304091
1.2414,5493,Virtual,Middle_MCP,-17.870260,0.909414,20.832790,0.536631,0.442584,0.332158,-0.637038
1.2414,5493,Virtual,Middle_PIP,-17.849800,0.912150,20.881390,0.282841,0.635495,0.581458,-0.421964
1.2414,5493,Virtual,Middle_DIP,-17.863210,0.908513,20.905370,0.001800,0.695593,0.702409,-0.150894
1.2414,5493,Virtual,Middle_FingerTip,-17.890220,0.902585,20.911380,0.001800,0.695593,0.702409,-0.150894
1.2414,5493,Virtual,Ring_MCP,-17.869640,0.884872,20.831560,0.553171,0.448735,0.333757,-0.617451
1.2414,5493,Virtual,Ring_PIP,-17.852220,0.888795,20.874530,0.291374,0.649971,0.576335,-0.400596
1.2414,5493,Virtual,Ring_DIP,-17.865630,0.886608,20.897090,0.000272,0.712293,0.689729,-0.130051
1.2414,5493,Virtual,Ring_FingerTip,-17.890560,0.881990,20.901880,0.000272,0.712293,0.689729,-0.130051
1.2414,5493,Virtual,Pinky_MCP,-17.874320,0.863074,20.829710,0.565025,0.451412,0.333208,-0.604935
1.2414,5493,Virtual,Pinky_PIP,-17.859740,0.867286,20.866040,0.300747,0.657706,0.570201,-0.389674
1.2414,5493,Virtual,Pinky_DIP,-17.869190,0.866391,20.881730,0.005664,0.723183,0.679666,-0.122589
1.2414,5493,Virtual,Pinky_FingerTip,-17.887770,0.863355,20.885280,0.005664,0.723183,0.679666,-0.122589
1.2414,5493,Render,Wrist,-17.965400,0.885670,20.781680,0.657534,0.226941,0.088373,-0.712978
1.2414,5493,Render,Thumb_CMC,-17.942170,0.921153,20.802700,0.040018,0.544255,-0.244993,-0.801351
1.2414,5493,Render,Thumb_MCP,-17.929550,0.940307,20.840140,-0.009777,0.545637,-0.170900,-0.820352
1.2414,5493,Render,Thumb_IP,-17.912580,0.953532,20.884200,-0.103682,0.535785,-0.026939,-0.837532
1.2414,5493,Render,Thumb_FingerTip,-17.900480,0.951652,20.909930,-0.103682,0.535785,-0.026939,-0.837532
1.2414,5493,Render,Index_MCP,-17.877570,0.935708,20.835570,0.608264,0.273530,0.129714,-0.733738
1.2414,5493,Render,Index_PIP,-17.839330,0.942376,20.861760,0.578118,0.332540,0.201886,-0.717244
1.2414,5493,Render,Index_DIP,-17.821230,0.944839,20.880200,0.546098,0.382859,0.265156,-0.696340
1.2414,5493,Render,Index_FingerTip,-17.806000,0.946154,20.902330,0.546098,0.382859,0.265156,-0.696340
1.2414,5493,Render,Middle_MCP,-17.870260,0.909414,20.832790,0.627709,0.299725,0.168301,-0.698442
1.2414,5493,Render,Middle_PIP,-17.829940,0.916869,20.866050,0.571295,0.396832,0.278505,-0.662255
1.2414,5493,Render,Middle_DIP,-17.815250,0.919212,20.889440,0.507739,0.475452,0.371558,-0.614891
1.2414,5493,Render,Middle_FingerTip,-17.807560,0.919945,20.916670,0.507739,0.475452,0.371558,-0.614891
1.2414,5493,Render,Ring_MCP,-17.869640,0.884872,20.831560,0.655732,0.278168,0.149894,-0.685690
1.2414,5493,Render,Ring_PIP,-17.832400,0.892282,20.858460,0.619491,0.351558,0.227567,-0.663967
1.2414,5493,Render,Ring_DIP,-17.815290,0.895796,20.878180,0.579864,0.413666,0.294933,-0.636909
1.2414,5493,Render,Ring_FingerTip,-17.802810,0.898481,20.900600,0.579864,0.413666,0.294933,-0.636909
1.2414,5493,Render,Pinky_MCP,-17.874320,0.863074,20.829710,0.664025,0.286527,0.161983,-0.671369
1.2414,5493,Render,Pinky_PIP,-17.843480,0.869492,20.853320,0.619635,0.372932,0.250496,-0.643604
1.2414,5493,Render,Pinky_DIP,-17.832540,0.872056,20.867830,0.570099,0.444987,0.326338,-0.608669
1.2414,5493,Render,Pinky_FingerTip,-17.825050,0.874165,20.885330,0.570099,0.444987,0.326338,-0.608669
1.2557,5494,Real,Wrist,-17.964420,0.881441,20.782100,0.652445,0.217747,0.099815,-0.718985
1.2557,5494,Real,Thumb_CMC,-17.940320,0.915861,20.803890,-0.057203,0.537481,-0.190220,-0.819548
1.2557,5494,Real,Thumb_MCP,-17.924960,0.926852,20.843530,-0.202324,0.501221,0.041684,-0.840301
1.2557,5494,Real,Thumb_IP,-17.900730,0.913473,20.884000,-0.417764,0.342974,0.439253,-0.717565
1.2557,5494,Real,Thumb_FingerTip,-17.889940,0.887340,20.887570,-0.417764,0.342974,0.439253,-0.717565
1.2557,5494,Real,Index_MCP,-17.875390,0.928068,20.837060,0.528146,0.394047,0.305188,-0.687495
1.2557,5494,Real,Index_PIP,-17.851820,0.927909,20.877530,0.338548,0.565328,0.543766,-0.519720
1.2557,5494,Real,Index_DIP,-17.857810,0.923174,20.902340,0.123395,0.647290,0.689372,-0.300926
1.2557,5494,Real,Index_FingerTip,-17.879020,0.916310,20.917400,0.123395,0.647290,0.689372,-0.300926
1.2557,5494,Real,Middle_MCP,-17.868740,0.901667,20.833700,0.538201,0.428298,0.340338,-0.641149
1.2557,5494,Real,Middle_PIP,-17.847540,0.902966,20.882050,0.288091,0.624582,0.592316,-0.419599
1.2557,5494,Real,Middle_DIP,-17.860900,0.899163,20.906040,0.008507,0.687769,0.711906,-0.141746
1.2557,5494,Real,Middle_FingerTip,-17.888060,0.893783,20.911900,0.008507,0.687769,0.711906,-0.141746
1.2557,5494,Real,Ring_MCP,-17.868730,0.877150,20.831930,0.554305,0.435080,0.342998,-0.621131
1.2557,5494,Real,Ring_PIP,-17.850760,0.879767,20.874780,0.294350,0.640240,0.588852,-0.395859
1.2557,5494,Real,Ring_DIP,-17.864280,0.877415,20.897270,0.002804,0.704657,0.699917,-0.116480
1.2557,5494,Real,Ring_FingerTip,-17.889380,0.873310,20.901600,0.002804,0.704657,0.699917,-0.116480
1.2557,5494,Real,Pinky_MCP,-17.873950,0.855522,20.829600,0.566342,0.437548,0.342390,-0.608751
1.2557,5494,Real,Pinky_PIP,-17.858890,0.858622,20.865850,0.303930,0.647934,0.582657,-0.385124
1.2557,5494,Real,Pinky_DIP,-17.868400,0.857614,20.881500,0.008338,0.715627,0.689832,-0.109274
1.2557,5494,Real,Pinky_FingerTip,-17.887100,0.854955,20.884720,0.008338,0.715627,0.689832,-0.109274
1.2557,5494,Virtual,Wrist,-17.965120,0.883513,20.781910,0.655111,0.223035,0.096910,-0.715328
1.2557,5494,Virtual,Thumb_CMC,-17.941450,0.918389,20.803430,-0.054730,0.538161,-0.197055,-0.817654
1.2557,5494,Virtual,Thumb_MCP,-17.926380,0.929952,20.843020,-0.200132,0.502553,0.034592,-0.840352
1.2557,5494,Virtual,Thumb_IP,-17.902230,0.917239,20.883760,-0.416478,0.345194,0.433053,-0.721008
1.2557,5494,Virtual,Thumb_FingerTip,-17.891220,0.891247,20.887660,-0.416478,0.345194,0.433053,-0.721008
1.2557,5494,Virtual,Index_MCP,-17.876790,0.931554,20.836780,0.529332,0.399804,0.301156,-0.685032
1.2557,5494,Virtual,Index_PIP,-17.853430,0.932053,20.877360,0.337455,0.571104,0.539100,-0.518976
1.2557,5494,Virtual,Index_DIP,-17.859490,0.927534,20.902190,0.120382,0.652337,0.684735,-0.301833
1.2557,5494,Virtual,Index_FingerTip,-17.880710,0.920639,20.917220,0.120382,0.652337,0.684735,-0.301833
1.2557,5494,Virtual,Middle_MCP,-17.869890,0.905181,20.833740,0.538891,0.434179,0.336355,-0.638711
1.2557,5494,Virtual,Middle_PIP,-17.848940,0.907202,20.882170,0.286063,0.630145,0.587662,-0.419212
1.2557,5494,Virtual,Middle_DIP,-17.862380,0.903538,20.906140,0.004387,0.692023,0.707498,-0.143290
1.2557,5494,Virtual,Middle_FingerTip,-17.889510,0.897972,20.911930,0.004387,0.692023,0.707498,-0.143290
1.2557,5494,Virtual,Ring_MCP,-17.869640,0.880647,20.832240,0.554848,0.441001,0.339109,-0.618601
1.2557,5494,Virtual,Ring_PIP,-17.851910,0.883896,20.875140,0.292128,0.645755,0.584237,-0.395385
1.2557,5494,Virtual,Ring_DIP,-17.865520,0.881665,20.897590,-0.001503,0.708756,0.695520,-0.117959
1.2557,5494,Virtual,Ring_FingerTip,-17.890600,0.877376,20.901850,-0.001503,0.708756,0.695520,-0.117959
1.2557,5494,Virtual,Pinky_MCP,-17.874650,0.858947,20.830130,0.566807,0.443491,0.338574,-0.606147
1.2557,5494,Virtual,Pinky_PIP,-17.859800,0.862581,20.866410,0.301629,0.653433,0.578072,-0.384550
1.2557,5494,Virtual,Pinky_DIP,-17.869380,0.861656,20.882020,0.003966,0.719679,0.685422,-0.110650
1.2557,5494,Virtual,Pinky_FingerTip,-17.888070,0.858860,20.885180,0.003966,0.719679,0.685422,-0.110650
1.2557,5494,Render,Wrist,-17.965120,0.883513,20.781910,0.655111,0.223035,0.096910,-0.715328
1.2557,5494,Render,Thumb_CMC,-17.941450,0.918389,20.803430,0.040404,0.546679,-0.235657,-0.802481
1.2557,5494,Render,Thumb_MCP,-17.928660,0.936936,20.841120,-0.009614,0.548086,-0.161501,-0.820626
1.2557,5494,Render,Thumb_IP,-17.911640,0.949416,20.885380,-0.103943,0.538225,-0.017633,-0.836181
1.2557,5494,Render,Thumb_FingerTip,-17.899670,0.947067,20.911140,-0.103943,0.538225,-0.017633,-0.836181
1.2557,5494,Render,Index_MCP,-17.876790,0.931554,20.836780,0.605992,0.269833,0.138549,-0.735370
1.2557,5494,Render,Index_PIP,-17.838580,0.937326,20.863230,0.576224,0.328636,0.210839,-0.717991
1.2557,5494,Render,Index_DIP,-17.820540,0.939298,20.881780,0.544560,0.378801,0.274140,-0.696284
1.2557,5494,Render,Index_FingerTip,-17.805400,0.940127,20.904010,0.544560,0.378801,0.274140,-0.696284
1.2557,5494,Render,Middle_MCP,-17.869890,0.905181,20.833740,0.625742,0.295570,0.177050,-0.699814
1.2557,5494,Render,Middle_PIP,-17.829620,0.911628,20.867290,0.570022,0.392415,0.287359,-0.662201
1.2557,5494,Render,Middle_DIP,-17.815010,0.913479,20.890780,0.507121,0.470896,0.380312,-0.613554
1.2557,5494,Render,Middle_FingerTip,-17.807450,0.913788,20.918040,0.507121,0.470896,0.380312,-0.613554
1.2557,5494,Render,Ring_MCP,-17.869640,0.880647,20.832240,0.653710,0.273863,0.158493,-0.687417
1.2557,5494,Render,Ring_PIP,-17.832430,0.887169,20.859410,0.617976,0.347049,0.236308,-0.664696
1.2557,5494,Render,Ring_DIP,-17.815370,0.890193,20.879250,0.578823,0.409025,0.303702,-0.636732
1.2557,5494,Render,Ring_FingerTip,-17.802960,0.892431,20.901760,0.578823,0.409025,0.303702,-0.636732
1.2557,5494,Render,Pinky_MCP,-17.874650,0.858947,20.830130,0.662118,0.282053,0.170536,-0.673026
1.2557,5494,Render,Pinky_PIP,-17.843840,0.864615,20.853960,0.618345,0.368243,0.259194,-0.644100
1.2557,5494,Render,Pinky_DIP,-17.832930,0.866844,20.868550,0.569385,0.440176,0.335032,-0.608112
1.2557,5494,Render,Pinky_FingerTip,-17.825500,0.868641,20.886120,0.569385,0.440176,0.335032,-0.608112
1.2694,5495,Real,Wrist,-17.964090,0.880046,20.781810,0.651520,0.214297,0.102825,-0.720435
1.2694,5495,Real,Thumb_CMC,-17.939680,0.914154,20.803730,-0.045181,0.536629,-0.203293,-0.817717
1.2694,5495,Real,Thumb_MCP,-17.924690,0.926624,20.843080,-0.184101,0.506082,0.017887,-0.842418
1.2694,5495,Real,Thumb_IP,-17.900810,0.916010,20.884560,-0.395835,0.365138,0.402525,-0.740245
1.2694,5495,Real,Thumb_FingerTip,-17.889140,0.890788,20.890890,-0.395835,0.365138,0.402525,-0.740245
1.2694,5495,Real,Index_MCP,-17.874600,0.925659,20.836880,0.532251,0.385011,0.301368,-0.691124
1.2694,5495,Real,Index_PIP,-17.850160,0.925344,20.876820,0.348562,0.556803,0.538992,-0.527222
1.2694,5495,Real,Index_DIP,-17.855380,0.920668,20.901810,0.138612,0.642115,0.686074,-0.312694
1.2694,5495,Real,Index_FingerTip,-17.875990,0.913914,20.917730,0.138612,0.642115,0.686074,-0.312694
1.2694,5495,Real,Middle_MCP,-17.868180,0.899223,20.833370,0.541613,0.420780,0.338951,-0.643981
1.2694,5495,Real,Middle_PIP,-17.846200,0.900239,20.881370,0.295131,0.619111,0.591934,-0.423337
1.2694,5495,Real,Middle_DIP,-17.859160,0.896477,20.905590,0.017774,0.685627,0.712951,-0.145949
1.2694,5495,Real,Middle_FingerTip,-17.886230,0.891277,20.911970,0.017774,0.685627,0.712951,-0.145949
1.2694,5495,Real,Ring_MCP,-17.868370,0.874716,20.831470,0.556783,0.428773,0.343234,-0.623167
1.2694,5495,Real,Ring_PIP,-17.849910,0.877028,20.874120,0.297814,0.636522,0.591003,-0.396058
1.2694,5495,Real,Ring_DIP,-17.863310,0.874683,20.896680,0.005885,0.702723,0.702221,-0.114161
1.2694,5495,Real,Ring_FingerTip,-17.888440,0.870760,20.901040,0.005885,0.702723,0.702221,-0.114161
1.2694,5495,Real,Pinky_MCP,-17.873770,0.853144,20.829040,0.568873,0.431145,0.342633,-0.610820
1.2694,5495,Real,Pinky_PIP,-17.858280,0.855977,20.865130,0.307466,0.644179,0.584801,-0.385365
1.2694,5495,Real,Pinky_DIP,-17.867710,0.854975,20.880830,0.011475,0.713702,0.692131,-0.107019
1.2694,5495,Real,Pinky_FingerTip,-17.886420,0.852451,20.884060,0.011475,0.713702,0.692131,-0.107019
1.2694,5495,Virtual,Wrist,-17.964430,0.881440,20.782110,0.652446,0.217747,0.099815,-0.718984
1.2694,5495,Virtual,Thumb_CMC,-17.940320,0.915860,20.803890,-0.045077,0.536512,-0.208053,-0.816601
1.2694,5495,Virtual,Thumb_MCP,-17.925500,0.928657,20.843190,-0.183971,0.505996,0.013001,-0.842588
1.2694,5495,Virtual,Thumb_IP,-17.901590,0.918454,20.884770,-0.395681,0.365122,0.398262,-0.742638
1.2694,5495,Virtual,Thumb_FingerTip,-17.889730,0.893361,20.891240,-0.395681,0.365122,0.398262,-0.742638
1.2694,5495,Virtual,Index_MCP,-17.875390,0.928067,20.837070,0.532261,0.388470,0.297941,-0.690667
1.2694,5495,Virtual,Index_PIP,-17.851010,0.928160,20.877050,0.347270,0.560013,0.535644,-0.528086
1.2694,5495,Virtual,Index_DIP,-17.856230,0.923571,20.902060,0.136307,0.644695,0.683220,-0.314644
1.2694,5495,Virtual,Index_FingerTip,-17.876800,0.916733,20.917980,0.136307,0.644695,0.683220,-0.314644
1.2694,5495,Virtual,Middle_MCP,-17.868750,0.901666,20.833710,0.541326,0.424341,0.335628,-0.643627
1.2694,5495,Virtual,Middle_PIP,-17.846850,0.903112,20.881740,0.293276,0.622164,0.588806,-0.424511
1.2694,5495,Virtual,Middle_DIP,-17.859820,0.899370,20.905960,0.014838,0.687662,0.710571,-0.148294
1.2694,5495,Virtual,Middle_FingerTip,-17.886860,0.893984,20.912320,0.014838,0.687662,0.710571,-0.148294
1.2694,5495,Virtual,Ring_MCP,-17.868740,0.877149,20.831940,0.556405,0.432391,0.339987,-0.622785
1.2694,5495,Virtual,Ring_PIP,-17.850360,0.879834,20.874610,0.295818,0.639563,0.587943,-0.397209
1.2694,5495,Virtual,Ring_DIP,-17.863780,0.877497,20.897150,0.002805,0.704657,0.699917,-0.116481
1.2694,5495,Virtual,Ring_FingerTip,-17.888880,0.873392,20.901490,0.002805,0.704657,0.699917,-0.116481
1.2694,5495,Virtual,Pinky_MCP,-17.873950,0.855521,20.829610,0.568454,0.434801,0.339439,-0.610402
1.2694,5495,Virtual,Pinky_PIP,-17.858540,0.858668,20.865700,0.305416,0.647235,0.581771,-0.386460
1.2694,5495,Virtual,Pinky_DIP,-17.867980,0.857672,20.881400,0.008339,0.715627,0.689832,-0.109275
1.2694,5495,Virtual,Pinky_FingerTip,-17.886680,0.855012,20.884620,0.008339,0.715627,0.689832,-0.109275
1.2694,5495,Render,Wrist,-17.964430,0.881440,20.782110,0.652446,0.217747,0.099815,-0.718984
1.2694,5495,Render,Thumb_CMC,-17.940320,0.915860,20.803890,0.038034,0.546415,-0.228945,-0.804717
1.2694,5495,Render,Thumb_MCP,-17.927240,0.933865,20.841750,-0.011949,0.547606,-0.154613,-0.822241
1.2694,5495,Render,Thumb_IP,-17.909960,0.945690,20.886080,-0.106161,0.537350,-0.010570,-0.836584
1.2694,5495,Render,Thumb_FingerTip,-17.897920,0.942942,20.911770,-0.106161,0.537350,-0.010570,-0.836584
1.2694,5495,Render,Index_MCP,-17.875390,0.928067,20.837070,0.603535,0.264493,0.141920,-0.738680
1.2694,5495,Render,Index_PIP,-17.837000,0.933199,20.863390,0.574310,0.323078,0.214522,-0.720951
1.2694,5495,Render,Index_DIP,-17.818850,0.934802,20.881870,0.543150,0.373094,0.278073,-0.698903
1.2694,5495,Render,Index_FingerTip,-17.803600,0.935249,20.904030,0.543150,0.373094,0.278073,-0.698903
1.2694,5495,Render,Middle_MCP,-17.868750,0.901666,20.833710,0.623691,0.290014,0.180349,-0.703119
1.2694,5495,Render,Middle_PIP,-17.828260,0.907377,20.867120,0.568892,0.386602,0.291148,-0.664932
1.2694,5495,Render,Middle_DIP,-17.813520,0.908837,20.890560,0.506845,0.464981,0.384456,-0.615707
1.2694,5495,Render,Middle_FingerTip,-17.805830,0.908778,20.917790,0.506845,0.464981,0.384456,-0.615707
1.2694,5495,Render,Ring_MCP,-17.868740,0.877149,20.831940,0.651581,0.268312,0.161549,-0.690908
1.2694,5495,Render,Ring_PIP,-17.831330,0.883032,20.858990,0.616498,0.341290,0.239744,-0.667813
1.2694,5495,Render,Ring_DIP,-17.814150,0.885682,20.878780,0.577948,0.403144,0.307442,-0.639477
1.2694,5495,Render,Ring_FingerTip,-17.801610,0.887560,20.901250,0.577948,0.403144,0.307442,-0.639477
1.2694,5495,Render,Pinky_MCP,-17.873950,0.855521,20.829610,0.660134,0.276432,0.173550,-0.676528
1.2694,5495,Render,Pinky_PIP,-17.842970,0.860645,20.853360,0.617133,0.362407,0.262650,-0.647166
1.2694,5495,Render,Pinky_DIP,-17.831980,0.862614,20.867910,0.568885,0.434236,0.338832,-0.610739
1.2694,5495,Render,Pinky_FingerTip,-17.824440,0.864150,20.885460,0.568885,0.434236,0.338832,-0.610739
1.2833,5496,Real,Wrist,-17.963650,0.878748,20.781900,0.650596,0.212773,0.101501,-0.721907
1.2833,5496,Real,Thumb_CMC,-17.939160,0.912806,20.803830,-0.032462,0.533207,-0.223374,-0.815316
1.2833,5496,Real,Thumb_MCP,-17.924600,0.927280,20.842640,-0.164176,0.508341,-0.013380,-0.845256
1.2833,5496,Real,Thumb_IP,-17.900930,0.920205,20.884990,-0.370041,0.385270,0.357793,-0.765912
1.2833,5496,Real,Thumb_FingerTip,-17.888190,0.896459,20.894260,-0.370041,0.385270,0.357793,-0.765912
1.2833,5496,Real,Index_MCP,-17.873950,0.924252,20.836710,0.537321,0.375369,0.290365,-0.697189
1.2833,5496,Real,Index_PIP,-17.848210,0.924182,20.875840,0.361373,0.546832,0.526660,-0.541308
1.2833,5496,Real,Index_DIP,-17.852170,0.919641,20.901080,0.158741,0.635938,0.676811,-0.335129
1.2833,5496,Real,Index_FingerTip,-17.871680,0.912869,20.918330,0.158741,0.635938,0.676811,-0.335129
1.2833,5496,Real,Middle_MCP,-17.867520,0.897830,20.833100,0.547072,0.411412,0.329119,-0.650487
1.2833,5496,Real,Middle_PIP,-17.844030,0.898991,20.880380,0.308955,0.610815,0.582692,-0.438090
1.2833,5496,Real,Middle_DIP,-17.855820,0.895301,20.905200,0.038543,0.683420,0.709354,-0.168135
1.2833,5496,Real,Middle_FingerTip,-17.882430,0.890041,20.913250,0.038543,0.683420,0.709354,-0.168135
1.2833,5496,Real,Ring_MCP,-17.867700,0.873329,20.831130,0.560526,0.421725,0.336468,-0.628290
1.2833,5496,Real,Ring_PIP,-17.848260,0.875655,20.873340,0.305370,0.631499,0.586707,-0.404640
1.2833,5496,Real,Ring_DIP,-17.861060,0.873307,20.896250,0.015840,0.701278,0.701710,-0.124746
1.2833,5496,Real,Ring_FingerTip,-17.886050,0.869363,20.901330,0.015840,0.701278,0.701710,-0.124746
1.2833,5496,Real,Pinky_MCP,-17.873100,0.851761,20.828650,0.572655,0.424011,0.335966,-0.615961
1.2833,5496,Real,Pinky_PIP,-17.856770,0.854585,20.864370,0.315108,0.639083,0.580618,-0.393907
1.2833,5496,Real,Pinky_DIP,-17.865780,0.853583,20.880320,0.021553,0.712219,0.691717,-0.117507
1.2833,5496,Real,Pinky_FingerTip,-17.884400,0.851056,20.884100,0.021553,0.712219,0.691717,-0.117507
1.2833,5496,Virtual,Wrist,-17.964100,0.880047,20.781810,0.651520,0.214297,0.102825,-0.720435
1.2833,5496,Virtual,Thumb_CMC,-17.939690,0.914155,20.803740,-0.030589,0.534659,-0.223990,-0.814268
1.2833,5496,Virtual,Thumb_MCP,-17.925290,0.928736,20.842580,-0.162723,0.510213,-0.014237,-0.844394
1.2833,5496,Virtual,Thumb_IP,-17.901800,0.921774,20.885050,-0.369554,0.387590,0.356646,-0.765512
1.2833,5496,Virtual,Thumb_FingerTip,-17.889120,0.898048,20.894450,-0.369554,0.387590,0.356646,-0.765512
1.2833,5496,Virtual,Index_MCP,-17.874610,0.925660,20.836880,0.537846,0.377156,0.291190,-0.695474
1.2833,5496,Virtual,Index_PIP,-17.849050,0.925692,20.876110,0.361203,0.548687,0.526795,-0.539409
1.2833,5496,Virtual,Index_DIP,-17.853120,0.921229,20.901360,0.157963,0.637631,0.676307,-0.333294
1.2833,5496,Virtual,Index_FingerTip,-17.872710,0.914520,20.918540,0.157963,0.637631,0.676307,-0.333294
1.2833,5496,Virtual,Middle_MCP,-17.868190,0.899224,20.833380,0.547454,0.413152,0.329897,-0.648666
1.2833,5496,Virtual,Middle_PIP,-17.844900,0.900511,20.880750,0.308529,0.612545,0.582585,-0.436113
1.2833,5496,Virtual,Middle_DIP,-17.856800,0.896903,20.905530,0.037459,0.684834,0.708464,-0.166366
1.2833,5496,Virtual,Middle_FingerTip,-17.883450,0.891684,20.913480,0.037459,0.684834,0.708464,-0.166366
1.2833,5496,Virtual,Ring_MCP,-17.868380,0.874717,20.831480,0.560862,0.423423,0.337252,-0.626425
1.2833,5496,Virtual,Ring_PIP,-17.849110,0.877157,20.873770,0.304892,0.633163,0.586551,-0.402622
1.2833,5496,Virtual,Ring_DIP,-17.862020,0.874886,20.896620,0.014714,0.702593,0.700731,-0.122975
1.2833,5496,Virtual,Ring_FingerTip,-17.887030,0.870973,20.901610,0.014714,0.702593,0.700731,-0.122975
1.2833,5496,Virtual,Pinky_MCP,-17.873780,0.853144,20.829040,0.572975,0.425679,0.336770,-0.614072
1.2833,5496,Virtual,Pinky_PIP,-17.857600,0.856066,20.864820,0.314629,0.640711,0.580469,-0.391860
1.2833,5496,Virtual,Pinky_DIP,-17.866680,0.855117,20.880730,0.020442,0.713502,0.690732,-0.115707
1.2833,5496,Virtual,Pinky_FingerTip,-17.885310,0.852613,20.884440,0.020442,0.713502,0.690732,-0.115707
1.2833,5496,Render,Wrist,-17.964100,0.880047,20.781810,0.651520,0.214297,0.102825,-0.720435
1.2833,5496,Render,Thumb_CMC,-17.939690,0.914155,20.803740,0.037986,0.546256,-0.224269,-0.806142
1.2833,5496,Render,Thumb_MCP,-17.926400,0.931855,20.841670,-0.011983,0.547444,-0.149826,-0.823234
1.2833,5496,Render,Thumb_IP,-17.908960,0.943307,20.886030,-0.106166,0.537184,-0.005684,-0.836738
1.2833,5496,Render,Thumb_FingerTip,-17.896910,0.940327,20.911690,-0.106166,0.537184,-0.005684,-0.836738
1.2833,5496,Render,Index_MCP,-17.874610,0.925660,20.836880,0.602780,0.261117,0.145168,-0.739866
1.2833,5496,Render,Index_PIP,-17.836140,0.930342,20.863170,0.573893,0.319644,0.217871,-0.721808
1.2833,5496,Render,Index_DIP,-17.817950,0.931701,20.881640,0.543041,0.369637,0.281485,-0.699458
1.2833,5496,Render,Index_FingerTip,-17.802670,0.931908,20.903770,0.543041,0.369637,0.281485,-0.699458
1.2833,5496,Render,Middle_MCP,-17.868190,0.899224,20.833380,0.623160,0.286482,0.183503,-0.704220
1.2833,5496,Render,Middle_PIP,-17.827600,0.904430,20.866760,0.568937,0.383030,0.294438,-0.665512
1.2833,5496,Render,Middle_DIP,-17.812820,0.905648,20.890180,0.507407,0.461454,0.387796,-0.615803
1.2833,5496,Render,Middle_FingerTip,-17.805090,0.905384,20.917400,0.507407,0.461454,0.387796,-0.615803
1.2833,5496,Render,Ring_MCP,-17.868380,0.874717,20.831480,0.650980,0.264724,0.164577,-0.692143
1.2833,5496,Render,Ring_PIP,-17.830880,0.880154,20.858500,0.616313,0.337657,0.242894,-0.668692
1.2833,5496,Render,Ring_DIP,-17.813650,0.882561,20.878280,0.578139,0.399512,0.310665,-0.640027
1.2833,5496,Render,Ring_FingerTip,-17.801070,0.884219,20.900750,0.578139,0.399512,0.310665,-0.640027
1.2833,5496,Render,Pinky_MCP,-17.873780,0.853144,20.829040,0.659612,0.272789,0.176533,-0.677742
1.2833,5496,Render,Pinky_PIP,-17.842720,0.857892,20.852770,0.617104,0.358727,0.265769,-0.647970
1.2833,5496,Render,Pinky_DIP,-17.831690,0.859696,20.867320,0.569301,0.430579,0.342026,-0.611160
1.2833,5496,Render,Pinky_FingerTip,-17.824110,0.861079,20.884860,0.569301,0.430579,0.342026,-0.611160
1.2974,5497,Real,Wrist,-17.963080,0.877077,20.782070,0.647676,0.209779,0.101394,-0.725416
1.2974,5497,Real,Thumb_CMC,-17.938420,0.910885,20.804180,-0.020673,0.530223,-0.243100,-0.811997
1.2974,5497,Real,Thumb_MCP,-17.924380,0.927258,20.842430,-0.145832,0.510193,-0.043589,-0.846485
1.2974,5497,Real,Thumb_IP,-17.901060,0.923581,20.885400,-0.345643,0.402610,0.314041,-0.787283
1.2974,5497,Real,Thumb_FingerTip,-17.887430,0.901556,20.897280,-0.345643,0.402610,0.314041,-0.787283
1.2974,5497,Real,Index_MCP,-17.873000,0.921909,20.836820,0.542156,0.361389,0.277893,-0.705862
1.2974,5497,Real,Index_PIP,-17.845640,0.921888,20.874820,0.376337,0.531889,0.512708,-0.559102
1.2974,5497,Real,Index_DIP,-17.848020,0.917398,20.900280,0.183442,0.625208,0.666352,-0.362546
1.2974,5497,Real,Index_FingerTip,-17.866040,0.910571,20.919050,0.183442,0.625208,0.666352,-0.362546
1.2974,5497,Real,Middle_MCP,-17.866640,0.895511,20.832930,0.552910,0.397219,0.317688,-0.659987
1.2974,5497,Real,Middle_PIP,-17.841160,0.896562,20.879170,0.326445,0.597432,0.572098,-0.457399
1.2974,5497,Real,Middle_DIP,-17.851370,0.892868,20.904670,0.066019,0.677594,0.705640,-0.196419
1.2974,5497,Real,Middle_FingerTip,-17.877240,0.887555,20.914830,0.066019,0.677594,0.705640,-0.196419
1.2974,5497,Real,Ring_MCP,-17.866880,0.871030,20.830730,0.567024,0.406819,0.324922,-0.638286
1.2974,5497,Real,Ring_PIP,-17.845580,0.873197,20.872040,0.325047,0.617545,0.576193,-0.425423
1.2974,5497,Real,Ring_DIP,-17.856820,0.870858,20.895750,0.046697,0.696302,0.699207,-0.155217
1.2974,5497,Real,Ring_FingerTip,-17.881260,0.866935,20.903010,0.046697,0.696302,0.699207,-0.155217
1.2974,5497,Real,Pinky_MCP,-17.872340,0.849495,20.828080,0.579254,0.408888,0.324631,-0.626011
1.2974,5497,Real,Pinky_PIP,-17.854430,0.852143,20.863040,0.335059,0.624869,0.570440,-0.414576
1.2974,5497,Real,Pinky_DIP,-17.862340,0.851148,20.879560,0.052878,0.707057,0.689550,-0.147636
1.2974,5497,Real,Pinky_FingerTip,-17.880560,0.848680,20.884960,0.052878,0.707057,0.689550,-0.147636
1.2974,5497,Virtual,Wrist,-17.963650,0.878747,20.781900,0.650596,0.212773,0.101501,-0.721907
1.2974,5497,Virtual,Thumb_CMC,-17.939170,0.912805,20.803830,-0.016701,0.531238,-0.246354,-0.810443
1.2974,5497,Virtual,Thumb_MCP,-17.925370,0.929560,20.842000,-0.142214,0.512121,-0.047119,-0.845747
1.2974,5497,Virtual,Thumb_IP,-17.902280,0.926326,20.885130,-0.343161,0.405873,0.310525,-0.788087
1.2974,5497,Virtual,Thumb_FingerTip,-17.888660,0.904438,20.897290,-0.343161,0.405873,0.310525,-0.788087
1.2974,5497,Virtual,Index_MCP,-17.873950,0.924251,20.836720,0.544378,0.365059,0.277024,-0.702597
1.2974,5497,Virtual,Index_PIP,-17.846790,0.924635,20.874860,0.377094,0.536112,0.510725,-0.556367
1.2974,5497,Virtual,Index_DIP,-17.849290,0.920379,20.900340,0.182788,0.629448,0.663589,-0.360602
1.2974,5497,Virtual,Index_FingerTip,-17.867400,0.913695,20.919080,0.182788,0.629448,0.663589,-0.360602
1.2974,5497,Virtual,Middle_MCP,-17.867530,0.897830,20.833110,0.554778,0.400960,0.316720,-0.656613
1.2974,5497,Virtual,Middle_PIP,-17.842290,0.899359,20.879460,0.326509,0.601614,0.569765,-0.454775
1.2974,5497,Virtual,Middle_DIP,-17.852630,0.895884,20.904950,0.064438,0.681466,0.702466,-0.194921
1.2974,5497,Virtual,Middle_FingerTip,-17.878550,0.890620,20.915030,0.064438,0.681466,0.702466,-0.194921
1.2974,5497,Virtual,Ring_MCP,-17.867710,0.873329,20.831130,0.568763,0.410548,0.323967,-0.634826
1.2974,5497,Virtual,Ring_PIP,-17.846630,0.875920,20.872540,0.324934,0.621659,0.573791,-0.422756
1.2974,5497,Virtual,Ring_DIP,-17.857990,0.873782,20.896210,0.044924,0.700017,0.695930,-0.153754
1.2974,5497,Virtual,Ring_FingerTip,-17.882470,0.869884,20.903370,0.044924,0.700017,0.695930,-0.153754
1.2974,5497,Virtual,Pinky_MCP,-17.873110,0.851760,20.828660,0.580935,0.412595,0.323709,-0.622489
1.2974,5497,Virtual,Pinky_PIP,-17.855390,0.854767,20.863690,0.334903,0.628936,0.568040,-0.411839
1.2974,5497,Virtual,Pinky_DIP,-17.863400,0.853912,20.880180,0.051087,0.710711,0.686246,-0.146107
1.2974,5497,Virtual,Pinky_FingerTip,-17.881640,0.851461,20.885500,0.051087,0.710711,0.686246,-0.146107
1.2974,5497,Render,Wrist,-17.963650,0.878747,20.781900,0.650596,0.212773,0.101501,-0.721907
1.2974,5497,Render,Thumb_CMC,-17.939170,0.912805,20.803830,0.036038,0.544238,-0.223916,-0.807693
1.2974,5497,Render,Thumb_MCP,-17.925670,0.930411,20.841720,-0.013739,0.545257,-0.149333,-0.824746
1.2974,5497,Render,Thumb_IP,-17.907980,0.941753,20.886020,-0.107519,0.534728,-0.004937,-0.838142
1.2974,5497,Render,Thumb_FingerTip,-17.895780,0.938712,20.911600,-0.107519,0.534728,-0.004937,-0.838142
1.2974,5497,Render,Index_MCP,-17.873950,0.924251,20.836720,0.601905,0.259472,0.144015,-0.741380
1.2974,5497,Render,Index_PIP,-17.835370,0.928879,20.862850,0.573186,0.317921,0.216874,-0.723430
1.2974,5497,Render,Index_DIP,-17.817100,0.930194,20.881250,0.542491,0.367857,0.280637,-0.701162
1.2974,5497,Render,Index_FingerTip,-17.801720,0.930344,20.903310,0.542491,0.367857,0.280637,-0.701162
1.2974,5497,Render,Middle_MCP,-17.867530,0.897830,20.833110,0.622415,0.284864,0.182354,-0.705832
1.2974,5497,Render,Middle_PIP,-17.826800,0.902962,20.866330,0.568461,0.381313,0.293564,-0.667287
1.2974,5497,Render,Middle_DIP,-17.811920,0.904119,20.889680,0.507185,0.459686,0.387188,-0.617688
1.2974,5497,Render,Middle_FingerTip,-17.804060,0.903778,20.916870,0.507185,0.459686,0.387188,-0.617688
1.2974,5497,Render,Ring_MCP,-17.867710,0.873329,20.831130,0.650218,0.263170,0.163339,-0.693743
1.2974,5497,Render,Ring_PIP,-17.830100,0.878708,20.858010,0.615734,0.336026,0.241847,-0.670424
1.2974,5497,Render,Ring_DIP,-17.812790,0.881067,20.877730,0.577732,0.397829,0.309803,-0.641857
1.2974,5497,Render,Ring_FingerTip,-17.800110,0.882666,20.900140,0.577732,0.397829,0.309803,-0.641857
1.2974,5497,Render,Pinky_MCP,-17.873110,0.851760,20.828660,0.658896,0.271250,0.175293,-0.679377
1.2974,5497,Render,Pinky_PIP,-17.841950,0.856456,20.852270,0.616600,0.357106,0.264759,-0.649756
1.2974,5497,Render,Pinky_DIP,-17.830850,0.858223,20.866770,0.568996,0.428910,0.341239,-0.613055
1.2974,5497,Render,Pinky_FingerTip,-17.823210,0.859559,20.884290,0.568996,0.428910,0.341239,-0.613055
1.3113,5498,Real,Wrist,-17.962140,0.875800,20.782110,0.644029,0.206397,0.095439,-0.730424
1.3113,5498,Real,Thumb_CMC,-17.937390,0.909556,20.804210,-0.028222,0.525664,-0.243065,-0.814739
1.3113,5498,Real,Thumb_MCP,-17.922940,0.925645,20.842420,-0.152084,0.503974,-0.042905,-0.849141
1.3113,5498,Real,Thumb_IP,-17.898990,0.921702,20.885030,-0.348726,0.394348,0.315772,-0.789411
1.3113,5498,Real,Thumb_FingerTip,-17.885040,0.899655,20.896490,-0.348726,0.394348,0.315772,-0.789411
1.3113,5498,Real,Index_MCP,-17.871600,0.920705,20.836040,0.539329,0.356899,0.273490,-0.712005
1.3113,5498,Real,Index_PIP,-17.843710,0.920495,20.873660,0.375310,0.526683,0.510803,-0.566417
1.3113,5498,Real,Index_DIP,-17.845700,0.915737,20.899100,0.184159,0.619950,0.666923,-0.370083
1.3113,5498,Real,Index_FingerTip,-17.863410,0.908600,20.918050,0.184159,0.619950,0.666923,-0.370083
1.3113,5498,Real,Middle_MCP,-17.865120,0.894391,20.831800,0.550467,0.392885,0.313543,-0.666572
1.3113,5498,Real,Middle_PIP,-17.839000,0.895159,20.877680,0.326119,0.592469,0.571212,-0.465129
1.3113,5498,Real,Middle_DIP,-17.848830,0.891141,20.903290,0.067666,0.672900,0.707857,-0.203878
1.3113,5498,Real,Middle_FingerTip,-17.874520,0.885550,20.913760,0.067666,0.672900,0.707857,-0.203878
1.3113,5498,Real,Ring_MCP,-17.865230,0.869932,20.829360,0.564707,0.402649,0.320800,-0.645033
1.3113,5498,Real,Ring_PIP,-17.843360,0.871835,20.870390,0.324841,0.612779,0.575526,-0.433302
1.3113,5498,Real,Ring_DIP,-17.854250,0.869184,20.894230,0.048441,0.691862,0.701792,-0.162691
1.3113,5498,Real,Ring_FingerTip,-17.878570,0.865022,20.901790,0.048441,0.691862,0.701792,-0.162691
1.3113,5498,Real,Pinky_MCP,-17.870570,0.848387,20.826570,0.576989,0.404847,0.320474,-0.632834
1.3113,5498,Real,Pinky_PIP,-17.852190,0.850811,20.861310,0.334841,0.620241,0.569776,-0.422538
1.3113,5498,Real,Pinky_DIP,-17.859870,0.849598,20.877920,0.054556,0.702738,0.692171,-0.155182
1.3113,5498,Real,Pinky_FingerTip,-17.877990,0.846951,20.883550,0.054556,0.702738,0.692171,-0.155182
1.3113,5498,Virtual,Wrist,-17.963090,0.877078,20.782070,0.647676,0.209779,0.101395,-0.725416
1.3113,5498,Virtual,Thumb_CMC,-17.938420,0.910886,20.804180,-0.020673,0.530223,-0.243099,-0.811997
1.3113,5498,Virtual,Thumb_MCP,-17.924390,0.927259,20.842440,-0.145832,0.510193,-0.043588,-0.846485
1.3113,5498,Virtual,Thumb_IP,-17.901070,0.923582,20.885410,-0.345643,0.402610,0.314041,-0.787283
1.3113,5498,Virtual,Thumb_FingerTip,-17.887430,0.901557,20.897290,-0.345643,0.402610,0.314041,-0.787283
1.3113,5498,Virtual,Index_MCP,-17.873010,0.921910,20.836830,0.542156,0.361389,0.277893,-0.705862
1.3113,5498,Virtual,Index_PIP,-17.845640,0.921889,20.874830,0.376337,0.531889,0.512708,-0.559102
1.3113,5498,Virtual,Index_DIP,-17.848020,0.917399,20.900290,0.183442,0.625208,0.666352,-0.362546
1.3113,5498,Virtual,Index_FingerTip,-17.866040,0.910572,20.919060,0.183442,0.625208,0.666352,-0.362546
1.3113,5498,Virtual,Middle_MCP,-17.866640,0.895512,20.832930,0.552910,0.397219,0.317688,-0.659987
1.3113,5498,Virtual,Middle_PIP,-17.841160,0.896563,20.879170,0.326445,0.597432,0.572098,-0.457398
1.3113,5498,Virtual,Middle_DIP,-17.851380,0.892869,20.904680,0.066019,0.677594,0.705641,-0.196419
1.3113,5498,Virtual,Middle_FingerTip,-17.877240,0.887556,20.914840,0.066019,0.677594,0.705641,-0.196419
1.3113,5498,Virtual,Ring_MCP,-17.866890,0.871031,20.830730,0.567024,0.406818,0.324922,-0.638285
1.3113,5498,Virtual,Ring_PIP,-17.845580,0.873198,20.872050,0.325047,0.617545,0.576193,-0.425423
1.3113,5498,Virtual,Ring_DIP,-17.856820,0.870859,20.895760,0.046697,0.696302,0.699207,-0.155217
1.3113,5498,Virtual,Ring_FingerTip,-17.881270,0.866936,20.903020,0.046697,0.696302,0.699207,-0.155217
1.3113,5498,Virtual,Pinky_MCP,-17.872340,0.849496,20.828090,0.579254,0.408888,0.324631,-0.626011
1.3113,5498,Virtual,Pinky_PIP,-17.854430,0.852144,20.863050,0.335059,0.624869,0.570440,-0.414576
1.3113,5498,Virtual,Pinky_DIP,-17.862350,0.851149,20.879570,0.052878,0.707057,0.689550,-0.147636
1.3113,5498,Virtual,Pinky_FingerTip,-17.880570,0.848680,20.884960,0.052878,0.707057,0.689550,-0.147636
1.3113,5498,Render,Wrist,-17.963090,0.877078,20.782070,0.647676,0.209779,0.101395,-0.725416
1.3113,5498,Render,Thumb_CMC,-17.938420,0.910886,20.804180,0.032150,0.543078,-0.220745,-0.809509
1.3113,5498,Render,Thumb_MCP,-17.924690,0.928113,20.842170,-0.017505,0.543748,-0.146010,-0.826265
1.3113,5498,Render,Thumb_IP,-17.906740,0.939010,20.886470,-0.110969,0.532592,-0.001402,-0.839065
1.3113,5498,Render,Thumb_FingerTip,-17.894410,0.935708,20.911960,-0.110969,0.532592,-0.001402,-0.839065
1.3113,5498,Render,Index_MCP,-17.873010,0.921910,20.836830,0.599050,0.256270,0.144273,-0.744749
1.3113,5498,Render,Index_PIP,-17.834280,0.926225,20.862800,0.570663,0.314451,0.217465,-0.726756
1.3113,5498,Render,Index_DIP,-17.815910,0.927336,20.881110,0.540288,0.364176,0.281523,-0.704422
1.3113,5498,Render,Index_FingerTip,-17.800410,0.927252,20.903090,0.540288,0.364176,0.281523,-0.704422
1.3113,5498,Render,Middle_MCP,-17.866640,0.895512,20.832930,0.619852,0.281559,0.182644,-0.709331
1.3113,5498,Render,Middle_PIP,-17.825740,0.900261,20.865980,0.566463,0.377639,0.294413,-0.670694
1.3113,5498,Render,Middle_DIP,-17.810730,0.901174,20.889270,0.505741,0.455761,0.388522,-0.620935
1.3113,5498,Render,Middle_FingerTip,-17.802730,0.900565,20.916400,0.505741,0.455761,0.388522,-0.620935
1.3113,5498,Render,Ring_MCP,-17.866890,0.871031,20.830730,0.647640,0.259962,0.163442,-0.697330
1.3113,5498,Render,Ring_PIP,-17.829130,0.876093,20.857460,0.613541,0.332543,0.242361,-0.673976
1.3113,5498,Render,Ring_DIP,-17.811700,0.878236,20.877100,0.575910,0.394138,0.310681,-0.645337
1.3113,5498,Render,Ring_FingerTip,-17.798900,0.879603,20.899460,0.575910,0.394138,0.310681,-0.645337
1.3113,5498,Render,Pinky_MCP,-17.872340,0.849496,20.828090,0.656424,0.268017,0.175398,-0.683016
1.3113,5498,Render,Pinky_PIP,-17.841040,0.853916,20.851570,0.614584,0.353571,0.265351,-0.653348
1.3113,5498,Render,Pinky_DIP,-17.829870,0.855528,20.866030,0.567421,0.425157,0.342260,-0.616550
1.3113,5498,Render,Pinky_FingerTip,-17.822120,0.856686,20.883510,0.567421,0.425157,0.342260,-0.616550
1.3258,5499,Real,Wrist,-17.961390,0.874607,20.782310,0.641093,0.203291,0.092487,-0.734247
1.3258,5499,Real,Thumb_CMC,-17.936520,0.908229,20.804480,-0.033449,0.522854,-0.241589,-0.816787
1.3258,5499,Real,Thumb_MCP,-17.921740,0.924022,20.842690,-0.156497,0.500004,-0.040985,-0.850779
1.3258,5499,Real,Thumb_IP,-17.897390,0.919769,20.885030,-0.351076,0.388897,0.318200,-0.790097
1.3258,5499,Real,Thumb_FingerTip,-17.883280,0.897656,20.896180,-0.351076,0.388897,0.318200,-0.790097
1.3258,5499,Real,Index_MCP,-17.870460,0.919255,20.835790,0.537137,0.352994,0.271691,-0.716284
1.3258,5499,Real,Index_PIP,-17.842210,0.918786,20.873130,0.374666,0.522252,0.510660,-0.571056
1.3258,5499,Real,Index_DIP,-17.843960,0.913805,20.898550,0.184988,0.615549,0.668293,-0.374518
1.3258,5499,Real,Index_FingerTip,-17.861470,0.906466,20.917600,0.184988,0.615549,0.668293,-0.374518
1.3258,5499,Real,Middle_MCP,-17.863960,0.892993,20.831250,0.548617,0.389033,0.311897,-0.671114
1.3258,5499,Real,Middle_PIP,-17.837410,0.893428,20.876900,0.326119,0.588195,0.571694,-0.469935
1.3258,5499,Real,Middle_DIP,-17.846990,0.889168,20.902560,0.069342,0.668968,0.710186,-0.208110
1.3258,5499,Real,Middle_FingerTip,-17.872570,0.883428,20.913230,0.069342,0.668968,0.710186,-0.208110
1.3258,5499,Real,Ring_MCP,-17.864030,0.868556,20.828610,0.562972,0.398881,0.319153,-0.649690
1.3258,5499,Real,Ring_PIP,-17.841790,0.870157,20.869450,0.324975,0.608634,0.576137,-0.438204
1.3258,5499,Real,Ring_DIP,-17.852450,0.867277,20.893370,0.050245,0.688128,0.704339,-0.166923
1.3258,5499,Real,Ring_FingerTip,-17.876680,0.862994,20.901120,0.050245,0.688128,0.704339,-0.166923
1.3258,5499,Real,Pinky_MCP,-17.869350,0.847024,20.825690,0.575302,0.401152,0.318794,-0.637554
1.3258,5499,Real,Pinky_PIP,-17.850660,0.849192,20.860270,0.334986,0.616182,0.570385,-0.427511
1.3258,5499,Real,Pinky_DIP,-17.858180,0.847818,20.876940,0.056334,0.699087,0.694745,-0.159481
1.3258,5499,Real,Pinky_FingerTip,-17.876240,0.845082,20.882720,0.056334,0.699087,0.694745,-0.159481
1.3258,5499,Virtual,Wrist,-17.962140,0.875800,20.782110,0.644029,0.206397,0.095440,-0.730424
1.3258,5499,Virtual,Thumb_CMC,-17.937400,0.909556,20.804210,-0.028221,0.525665,-0.243065,-0.814739
1.3258,5499,Virtual,Thumb_MCP,-17.922950,0.925645,20.842430,-0.152084,0.503975,-0.042905,-0.849141
1.3258,5499,Virtual,Thumb_IP,-17.899000,0.921701,20.885030,-0.348726,0.394348,0.315772,-0.789410
1.3258,5499,Virtual,Thumb_FingerTip,-17.885050,0.899654,20.896500,-0.348726,0.394348,0.315772,-0.789410
1.3258,5499,Virtual,Index_MCP,-17.871610,0.920704,20.836050,0.539329,0.356899,0.273490,-0.712005
1.3258,5499,Virtual,Index_PIP,-17.843720,0.920494,20.873660,0.375310,0.526683,0.510804,-0.566416
1.3258,5499,Virtual,Index_DIP,-17.845710,0.915736,20.899110,0.184159,0.619950,0.666923,-0.370083
1.3258,5499,Virtual,Index_FingerTip,-17.863410,0.908600,20.918060,0.184159,0.619950,0.666923,-0.370083
1.3258,5499,Virtual,Middle_MCP,-17.865130,0.894391,20.831800,0.550467,0.392886,0.313543,-0.666572
1.3258,5499,Virtual,Middle_PIP,-17.839010,0.895159,20.877690,0.326119,0.592469,0.571212,-0.465128
1.3258,5499,Virtual,Middle_DIP,-17.848840,0.891141,20.903300,0.067665,0.672900,0.707857,-0.203877
1.3258,5499,Virtual,Middle_FingerTip,-17.874530,0.885550,20.913770,0.067665,0.672900,0.707857,-0.203877
1.3258,5499,Virtual,Ring_MCP,-17.865240,0.869931,20.829360,0.564707,0.402649,0.320800,-0.645033
1.3258,5499,Virtual,Ring_PIP,-17.843370,0.871835,20.870400,0.324841,0.612779,0.575526,-0.433302
1.3258,5499,Virtual,Ring_DIP,-17.854260,0.869183,20.894230,0.048441,0.691862,0.701792,-0.162690
1.3258,5499,Virtual,Ring_FingerTip,-17.878570,0.865021,20.901800,0.048441,0.691862,0.701792,-0.162690
1.3258,5499,Virtual,Pinky_MCP,-17.870580,0.848387,20.826580,0.576989,0.404847,0.320475,-0.632834
1.3258,5499,Virtual,Pinky_PIP,-17.852200,0.850811,20.861310,0.334841,0.620241,0.569776,-0.422537
1.3258,5499,Virtual,Pinky_DIP,-17.859880,0.849598,20.877930,0.054555,0.702738,0.692172,-0.155182
1.3258,5499,Virtual,Pinky_FingerTip,-17.878000,0.846951,20.883550,0.054555,0.702738,0.692172,-0.155182
1.3258,5499,Render,Wrist,-17.962140,0.875800,20.782110,0.644029,0.206397,0.095440,-0.730424
1.3258,5499,Render,Thumb_CMC,-17.937400,0.909556,20.804210,0.024724,0.538605,-0.221008,-0.812680
1.3258,5499,Render,Thumb_MCP,-17.923260,0.926499,20.842180,-0.024493,0.538616,-0.145983,-0.829447
1.3258,5499,Render,Thumb_IP,-17.904760,0.937079,20.886330,-0.116967,0.526332,-0.000827,-0.842195
1.3258,5499,Render,Thumb_FingerTip,-17.892050,0.933610,20.911610,-0.116967,0.526332,-0.000827,-0.842195
1.3258,5499,Render,Index_MCP,-17.871610,0.920704,20.836050,0.595451,0.252371,0.138822,-0.749984
1.3258,5499,Render,Index_PIP,-17.832550,0.925027,20.861520,0.567468,0.310215,0.212561,-0.732506
1.3258,5499,Render,Index_DIP,-17.813940,0.926083,20.879580,0.537485,0.359671,0.277152,-0.710587
1.3258,5499,Render,Index_FingerTip,-17.798130,0.925888,20.901340,0.537485,0.359671,0.277152,-0.710587
1.3258,5499,Render,Middle_MCP,-17.865130,0.894391,20.831800,0.616610,0.277787,0.177293,-0.714979
1.3258,5499,Render,Middle_PIP,-17.823790,0.899093,20.864320,0.563870,0.373394,0.290040,-0.677129
1.3258,5499,Render,Middle_DIP,-17.808470,0.899878,20.887410,0.503791,0.451185,0.385128,-0.627936
1.3258,5499,Render,Middle_FingerTip,-17.800080,0.899055,20.914420,0.503791,0.451185,0.385128,-0.627936
1.3258,5499,Render,Ring_MCP,-17.865240,0.869931,20.829360,0.644396,0.256464,0.157830,-0.702901
1.3258,5499,Render,Ring_PIP,-17.827140,0.874987,20.855610,0.610720,0.328697,0.237426,-0.680154
1.3258,5499,Render,Ring_DIP,-17.809460,0.877056,20.875030,0.573501,0.390021,0.306410,-0.651992
1.3258,5499,Render,Ring_FingerTip,-17.796350,0.878289,20.897220,0.573501,0.390021,0.306410,-0.651992
1.3258,5499,Render,Pinky_MCP,-17.870580,0.848387,20.826580,0.653307,0.264590,0.169813,-0.688728
1.3258,5499,Render,Pinky_PIP,-17.838990,0.852789,20.849660,0.611954,0.349757,0.260582,-0.659758
1.3258,5499,Render,Pinky_DIP,-17.827620,0.854334,20.863980,0.565271,0.421053,0.338299,-0.623487
1.3258,5499,Render,Pinky_FingerTip,-17.819640,0.855372,20.881370,0.565271,0.421053,0.338299,-0.623487
1.3399,5500,Real,Wrist,-17.960920,0.873226,20.782830,0.639025,0.200535,0.092809,-0.736763
1.3399,5500,Real,Thumb_CMC,-17.935860,0.906627,20.805110,-0.021868,0.519828,-0.259216,-0.813700
1.3399,5500,Real,Thumb_MCP,-17.921580,0.924152,20.842760,-0.140524,0.500952,-0.065657,-0.851464
1.3399,5500,Real,Thumb_IP,-17.897580,0.922731,20.885490,-0.331215,0.401243,0.284503,-0.805207
1.3399,5500,Real,Thumb_FingerTip,-17.882870,0.902099,20.898530,-0.331215,0.401243,0.284503,-0.805207
1.3399,5500,Real,Index_MCP,-17.869630,0.917259,20.836220,0.542437,0.339283,0.258664,-0.723701
1.3399,5500,Real,Index_PIP,-17.839860,0.916963,20.872360,0.388345,0.508467,0.496792,-0.586385
1.3399,5500,Real,Index_DIP,-17.840130,0.912091,20.897850,0.206479,0.605572,0.657484,-0.397950
1.3399,5500,Real,Index_FingerTip,-17.856220,0.904742,20.918120,0.206479,0.605572,0.657484,-0.397950
1.3399,5500,Real,Middle_MCP,-17.863230,0.891012,20.831470,0.555959,0.373465,0.297868,-0.680227
1.3399,5500,Real,Middle_PIP,-17.834520,0.891542,20.875790,0.346127,0.573378,0.557358,-0.490699
1.3399,5500,Real,Middle_DIP,-17.842250,0.887382,20.902090,0.100452,0.662175,0.702680,-0.240155
1.3399,5500,Real,Middle_FingerTip,-17.866710,0.881596,20.915080,0.100452,0.662175,0.702680,-0.240155
1.3399,5500,Real,Ring_MCP,-17.863380,0.866594,20.828660,0.573716,0.378356,0.300225,-0.661485
1.3399,5500,Real,Ring_PIP,-17.838550,0.868313,20.867980,0.357390,0.587006,0.553801,-0.470108
1.3399,5500,Real,Ring_DIP,-17.846530,0.865649,20.892950,0.102760,0.679517,0.692455,-0.219552
1.3399,5500,Real,Ring_FingerTip,-17.869290,0.861408,20.904320,0.102760,0.679517,0.692455,-0.219552
1.3399,5500,Real,Pinky_MCP,-17.868770,0.845097,20.825610,0.586154,0.380260,0.300198,-0.649390
1.3399,5500,Real,Pinky_PIP,-17.847880,0.847297,20.858910,0.367826,0.594035,0.548616,-0.459181
1.3399,5500,Real,Pinky_DIP,-17.853530,0.846071,20.876320,0.109669,0.690034,0.683449,-0.211478
1.3399,5500,Real,Pinky_FingerTip,-17.870510,0.843433,20.884790,0.109669,0.690034,0.683449,-0.211478
1.3399,5500,Virtual,Wrist,-17.961400,0.874607,20.782320,0.641093,0.203291,0.092487,-0.734247
1.3399,5500,Virtual,Thumb_CMC,-17.936520,0.908229,20.804480,-0.019207,0.520639,-0.262154,-0.812307
1.3399,5500,Virtual,Thumb_MCP,-17.922450,0.926053,20.842060,-0.138120,0.502351,-0.068836,-0.850781
1.3399,5500,Virtual,Thumb_IP,-17.898630,0.924992,20.884900,-0.329583,0.403496,0.281320,-0.805870
1.3399,5500,Virtual,Thumb_FingerTip,-17.883920,0.904490,20.898160,-0.329583,0.403496,0.281320,-0.805870
1.3399,5500,Virtual,Index_MCP,-17.870460,0.919255,20.835800,0.543919,0.342453,0.257673,-0.721446
1.3399,5500,Virtual,Index_PIP,-17.840830,0.919290,20.872060,0.388617,0.511956,0.495071,-0.584623
1.3399,5500,Virtual,Index_DIP,-17.841210,0.914593,20.897580,0.205627,0.608965,0.655292,-0.396827
1.3399,5500,Virtual,Index_FingerTip,-17.857360,0.907340,20.917840,0.205627,0.608965,0.655292,-0.396827
1.3399,5500,Virtual,Middle_MCP,-17.863960,0.892994,20.831260,0.557160,0.376695,0.296846,-0.677906
1.3399,5500,Virtual,Middle_PIP,-17.835450,0.893907,20.875700,0.345852,0.576813,0.555451,-0.489027
1.3399,5500,Virtual,Middle_DIP,-17.843280,0.889908,20.901980,0.098883,0.665244,0.700278,-0.239340
1.3399,5500,Virtual,Middle_FingerTip,-17.867780,0.884145,20.914920,0.098883,0.665244,0.700278,-0.239340
1.3399,5500,Virtual,Ring_MCP,-17.864040,0.868556,20.828610,0.574841,0.381578,0.299249,-0.659095
1.3399,5500,Virtual,Ring_PIP,-17.839390,0.870614,20.868020,0.357033,0.590400,0.551899,-0.468363
1.3399,5500,Virtual,Ring_DIP,-17.847460,0.868101,20.892980,0.101119,0.682509,0.690026,-0.218678
1.3399,5500,Virtual,Ring_FingerTip,-17.870260,0.863876,20.904280,0.101119,0.682509,0.690026,-0.218678
1.3399,5500,Virtual,Pinky_MCP,-17.869350,0.847024,20.825690,0.587235,0.383472,0.299259,-0.646953
1.3399,5500,Virtual,Pinky_PIP,-17.848620,0.849511,20.859070,0.367433,0.597402,0.546727,-0.457378
1.3399,5500,Virtual,Pinky_DIP,-17.854330,0.848390,20.876460,0.108004,0.692987,0.681010,-0.210546
1.3399,5500,Virtual,Pinky_FingerTip,-17.871350,0.845764,20.884870,0.108004,0.692987,0.681010,-0.210546
1.3399,5500,Render,Wrist,-17.961400,0.874607,20.782320,0.641093,0.203291,0.092487,-0.734247
1.3399,5500,Render,Thumb_CMC,-17.936520,0.908229,20.804480,0.019592,0.535769,-0.219723,-0.815040
1.3399,5500,Render,Thumb_MCP,-17.922060,0.924878,20.842450,-0.029344,0.535323,-0.144487,-0.831680
1.3399,5500,Render,Thumb_IP,-17.903180,0.935122,20.886520,-0.121178,0.522253,0.001032,-0.844137
1.3399,5500,Render,Thumb_FingerTip,-17.890220,0.931465,20.911650,-0.121178,0.522253,0.001032,-0.844137
1.3399,5500,Render,Index_MCP,-17.870460,0.919255,20.835800,0.592583,0.248932,0.136272,-0.753863
1.3399,5500,Render,Index_PIP,-17.831170,0.923449,20.860940,0.564955,0.306508,0.210408,-0.736619
1.3399,5500,Render,Index_DIP,-17.812400,0.924393,20.878820,0.535313,0.355754,0.275375,-0.714876
1.3399,5500,Render,Index_FingerTip,-17.796380,0.924047,20.900440,0.535313,0.355754,0.275375,-0.714876
1.3399,5500,Render,Middle_MCP,-17.863960,0.892994,20.831260,0.614043,0.274370,0.174791,-0.719112
1.3399,5500,Render,Middle_PIP,-17.822330,0.897512,20.863430,0.561887,0.369608,0.288236,-0.681611
1.3399,5500,Render,Middle_DIP,-17.806790,0.898134,20.886380,0.502377,0.447152,0.383993,-0.632632
1.3399,5500,Render,Middle_FingerTip,-17.798150,0.897099,20.913310,0.502377,0.447152,0.383993,-0.632632
1.3399,5500,Render,Ring_MCP,-17.864040,0.868556,20.828610,0.641813,0.253219,0.155121,-0.707032
1.3399,5500,Render,Ring_PIP,-17.825710,0.873474,20.854540,0.608527,0.325176,0.235208,-0.684568
1.3399,5500,Render,Ring_DIP,-17.807850,0.875417,20.873810,0.571683,0.386293,0.304660,-0.656611
1.3399,5500,Render,Ring_FingerTip,-17.794540,0.876490,20.895880,0.571683,0.386293,0.304660,-0.656611
1.3399,5500,Render,Pinky_MCP,-17.869350,0.847024,20.825690,0.650832,0.261369,0.167112,-0.692949
1.3399,5500,Render,Pinky_PIP,-17.837560,0.851301,20.848520,0.609933,0.346233,0.258471,-0.664302
1.3399,5500,Render,Pinky_DIP,-17.826070,0.852749,20.862740,0.563690,0.417312,0.336753,-0.628253
1.3399,5500,Render,Pinky_FingerTip,-17.817920,0.853656,20.880060,0.563690,0.417312,0.336753,-0.628253
1.3531,5501,Real,Wrist,-17.960640,0.872045,20.783330,0.636710,0.198411,0.095732,-0.738965
1.3531,5501,Real,Thumb_CMC,-17.935390,0.905129,20.805880,-0.008927,0.517141,-0.274441,-0.810659
1.3531,5501,Real,Thumb_MCP,-17.921580,0.924262,20.842910,-0.124084,0.502114,-0.086653,-0.851456
1.3531,5501,Real,Thumb_IP,-17.898010,0.925387,20.885880,-0.311895,0.412598,0.255860,-0.816714
1.3531,5501,Real,Thumb_FingerTip,-17.882940,0.906141,20.900540,-0.311895,0.412598,0.255860,-0.816714
1.3531,5501,Real,Index_MCP,-17.869120,0.915141,20.837070,0.548018,0.324501,0.245653,-0.730774
1.3531,5501,Real,Index_PIP,-17.837800,0.914983,20.871890,0.403527,0.492738,0.481335,-0.602240
1.3531,5501,Real,Index_DIP,-17.836470,0.910257,20.897380,0.231018,0.593511,0.644232,-0.423487
1.3531,5501,Real,Index_FingerTip,-17.850860,0.902956,20.918910,0.231018,0.593511,0.644232,-0.423487
1.3531,5501,Real,Middle_MCP,-17.862850,0.888896,20.832130,0.563836,0.356167,0.283391,-0.689147
1.3531,5501,Real,Middle_PIP,-17.831920,0.889479,20.874920,0.369429,0.555237,0.539928,-0.513529
1.3531,5501,Real,Middle_DIP,-17.837460,0.885480,20.901790,0.138249,0.652421,0.691414,-0.277815
1.3531,5501,Real,Middle_FingerTip,-17.860310,0.879713,20.917460,0.138249,0.652421,0.691414,-0.277815
1.3531,5501,Real,Ring_MCP,-17.863140,0.864502,20.829110,0.584002,0.356951,0.282083,-0.672278
1.3531,5501,Real,Ring_PIP,-17.835880,0.866253,20.866780,0.389973,0.562488,0.529673,-0.500974
1.3531,5501,Real,Ring_DIP,-17.840980,0.863830,20.892510,0.157276,0.666135,0.676183,-0.272589
1.3531,5501,Real,Ring_FingerTip,-17.861670,0.859725,20.907370,0.157276,0.666135,0.676183,-0.272589
1.3531,5501,Real,Pinky_MCP,-17.868660,0.843060,20.825900,0.596546,0.358415,0.282419,-0.660236
1.3531,5501,Real,Pinky_PIP,-17.845680,0.845214,20.857800,0.400856,0.568896,0.525114,-0.489824
1.3531,5501,Real,Pinky_DIP,-17.849330,0.844143,20.875750,0.165062,0.676079,0.667863,-0.263877
1.3531,5501,Real,Pinky_FingerTip,-17.864770,0.841667,20.886810,0.165062,0.676079,0.667863,-0.263877
1.3531,5501,Virtual,Wrist,-17.960920,0.873226,20.782830,0.639024,0.200535,0.092809,-0.736763
1.3531,5501,Virtual,Thumb_CMC,-17.935860,0.906628,20.805120,-0.007260,0.515979,-0.278756,-0.809943
1.3531,5501,Virtual,Thumb_MCP,-17.922160,0.926127,20.842000,-0.122199,0.501353,-0.091019,-0.851721
1.3531,5501,Virtual,Thumb_IP,-17.898590,0.927721,20.884960,-0.309863,0.412641,0.251952,-0.818678
1.3531,5501,Virtual,Thumb_FingerTip,-17.883410,0.908676,20.899770,-0.309863,0.412641,0.251952,-0.818678
1.3531,5501,Virtual,Index_MCP,-17.869640,0.917260,20.836220,0.549955,0.326957,0.242267,-0.729353
1.3531,5501,Virtual,Index_PIP,-17.838320,0.917551,20.871040,0.404504,0.495709,0.477667,-0.602066
1.3531,5501,Virtual,Index_DIP,-17.836970,0.913031,20.896560,0.231027,0.596638,0.640691,-0.424458
1.3531,5501,Virtual,Index_FingerTip,-17.851300,0.905816,20.918150,0.231027,0.596638,0.640691,-0.424458
1.3531,5501,Virtual,Middle_MCP,-17.863230,0.891013,20.831480,0.565523,0.358817,0.279999,-0.687775
1.3531,5501,Virtual,Middle_PIP,-17.832310,0.892105,20.874270,0.369888,0.558345,0.536271,-0.513660
1.3531,5501,Virtual,Middle_DIP,-17.837810,0.888284,20.901170,0.137528,0.655479,0.688064,-0.279288
1.3531,5501,Virtual,Middle_FingerTip,-17.860630,0.882509,20.916880,0.137528,0.655479,0.688064,-0.279288
1.3531,5501,Virtual,Ring_MCP,-17.863390,0.866594,20.828660,0.585621,0.359655,0.278734,-0.670824
1.3531,5501,Virtual,Ring_PIP,-17.836120,0.868795,20.866310,0.390362,0.565616,0.526022,-0.500997
1.3531,5501,Virtual,Ring_DIP,-17.841210,0.866543,20.892060,0.156494,0.669188,0.672793,-0.273946
1.3531,5501,Virtual,Ring_FingerTip,-17.861870,0.862436,20.906950,0.156494,0.669188,0.672793,-0.273946
1.3531,5501,Virtual,Pinky_MCP,-17.868770,0.845097,20.825620,0.598113,0.361157,0.279097,-0.658735
1.3531,5501,Virtual,Pinky_PIP,-17.845810,0.847630,20.857500,0.401183,0.572037,0.521470,-0.489792
1.3531,5501,Virtual,Pinky_DIP,-17.849440,0.846679,20.875450,0.164217,0.679122,0.664459,-0.265181
1.3531,5501,Virtual,Pinky_FingerTip,-17.864880,0.844201,20.886540,0.164217,0.679122,0.664459,-0.265181
1.3531,5501,Render,Wrist,-17.960920,0.873226,20.782830,0.639024,0.200535,0.092809,-0.736763
1.3531,5501,Render,Thumb_CMC,-17.935860,0.906628,20.805120,0.016943,0.534143,-0.216955,-0.816906
1.3531,5501,Render,Thumb_MCP,-17.921140,0.922987,20.843110,-0.031834,0.533463,-0.141561,-0.833285
1.3531,5501,Render,Thumb_IP,-17.901980,0.932889,20.887150,-0.123310,0.519991,0.004191,-0.845214
1.3531,5501,Render,Thumb_FingerTip,-17.888900,0.929033,20.912170,-0.123310,0.519991,0.004191,-0.845214
1.3531,5501,Render,Index_MCP,-17.869640,0.917260,20.836220,0.590603,0.246047,0.136881,-0.756250
1.3531,5501,Render,Index_PIP,-17.830240,0.921174,20.861220,0.563271,0.303441,0.211251,-0.738934
1.3531,5501,Render,Index_DIP,-17.811380,0.921944,20.879040,0.533910,0.352549,0.276421,-0.717106
1.3531,5501,Render,Index_FingerTip,-17.795280,0.921406,20.900580,0.533910,0.352549,0.276421,-0.717106
1.3531,5501,Render,Middle_MCP,-17.863230,0.891013,20.831480,0.612299,0.271397,0.175395,-0.721575
1.3531,5501,Render,Middle_PIP,-17.821450,0.895197,20.863500,0.560644,0.366394,0.289228,-0.683945
1.3531,5501,Render,Middle_DIP,-17.805810,0.895618,20.886390,0.501613,0.443791,0.385313,-0.634798
1.3531,5501,Render,Middle_FingerTip,-17.797060,0.894374,20.913270,0.501613,0.443791,0.385313,-0.634798
1.3531,5501,Render,Ring_MCP,-17.863390,0.866594,20.828660,0.640041,0.250303,0.155576,-0.709572
1.3531,5501,Render,Ring_PIP,-17.824930,0.871230,20.854460,0.607100,0.322076,0.235952,-0.687040
1.3531,5501,Render,Ring_DIP,-17.806990,0.872991,20.873670,0.570585,0.383062,0.305656,-0.658993
1.3531,5501,Render,Ring_FingerTip,-17.793580,0.873876,20.895690,0.570585,0.383062,0.305656,-0.658993
1.3531,5501,Render,Pinky_MCP,-17.868770,0.845097,20.825620,0.649144,0.258430,0.167557,-0.695522
1.3531,5501,Render,Pinky_PIP,-17.836870,0.849131,20.848340,0.608654,0.343094,0.259257,-0.666792
1.3531,5501,Render,Pinky_DIP,-17.825310,0.850450,20.862520,0.562800,0.414041,0.337833,-0.630631
1.3531,5501,Render,Pinky_FingerTip,-17.817090,0.851215,20.879810,0.562800,0.414041,0.337833,-0.630631
1.3674,5502,Real,Wrist,-17.960460,0.870906,20.783520,0.633632,0.194839,0.100545,-0.741916
1.3674,5502,Real,Thumb_CMC,-17.934890,0.903491,20.806430,0.004420,0.510316,-0.283424,-0.811929
1.3674,5502,Real,Thumb_MCP,-17.920910,0.923899,20.842700,-0.106554,0.499087,-0.100259,-0.854112
1.3674,5502,Real,Thumb_IP,-17.897290,0.927081,20.885560,-0.290067,0.419884,0.235471,-0.827111
1.3674,5502,Real,Thumb_FingerTip,-17.882000,0.909038,20.901450,-0.290067,0.419884,0.235471,-0.827111
1.3674,5502,Real,Index_MCP,-17.868530,0.912508,20.837750,0.552279,0.308879,0.235473,-0.737655
1.3674,5502,Real,Index_PIP,-17.835830,0.912216,20.871270,0.417815,0.475235,0.467786,-0.617057
1.3674,5502,Real,Index_DIP,-17.832960,0.907540,20.896640,0.255416,0.578947,0.631808,-0.447663
1.3674,5502,Real,Index_FingerTip,-17.845570,0.900278,20.919260,0.255416,0.578947,0.631808,-0.447663
1.3674,5502,Real,Middle_MCP,-17.862530,0.886258,20.832520,0.569781,0.338823,0.272737,-0.697254
1.3674,5502,Real,Middle_PIP,-17.829700,0.886563,20.873880,0.390777,0.535486,0.524814,-0.533965
1.3674,5502,Real,Middle_DIP,-17.833150,0.882628,20.901100,0.174849,0.639437,0.680373,-0.312475
1.3674,5502,Real,Middle_FingerTip,-17.854190,0.876923,20.919140,0.174849,0.639437,0.680373,-0.312475
1.3674,5502,Real,Ring_MCP,-17.863060,0.861901,20.829240,0.592194,0.335290,0.267414,-0.682186
1.3674,5502,Real,Ring_PIP,-17.833640,0.863403,20.865270,0.420958,0.534703,0.505993,-0.529961
1.3674,5502,Real,Ring_DIP,-17.835850,0.861134,20.891420,0.212210,0.646591,0.656978,-0.324450
1.3674,5502,Real,Ring_FingerTip,-17.853900,0.857215,20.909440,0.212210,0.646591,0.656978,-0.324450
1.3674,5502,Real,Pinky_MCP,-17.868780,0.840552,20.825790,0.604846,0.336316,0.268053,-0.670225
1.3674,5502,Real,Pinky_PIP,-17.843980,0.842423,20.856310,0.432278,0.540447,0.502052,-0.518649
1.3674,5502,Real,Pinky_DIP,-17.845590,0.841441,20.874560,0.220875,0.655867,0.649398,-0.315175
1.3674,5502,Real,Pinky_FingerTip,-17.859070,0.839149,20.887970,0.220875,0.655867,0.649398,-0.315175
1.3674,5502,Virtual,Wrist,-17.960640,0.872044,20.783330,0.636710,0.198411,0.095732,-0.738965
1.3674,5502,Virtual,Thumb_CMC,-17.935400,0.905128,20.805880,0.006287,0.508670,-0.290207,-0.810553
1.3674,5502,Virtual,Thumb_MCP,-17.921600,0.926067,20.841930,-0.104375,0.497886,-0.107179,-0.854241
1.3674,5502,Virtual,Thumb_IP,-17.898010,0.929949,20.884730,-0.287594,0.419613,0.229131,-0.829888
1.3674,5502,Virtual,Thumb_FingerTip,-17.882540,0.912232,20.900820,-0.287594,0.419613,0.229131,-0.829888
1.3674,5502,Virtual,Index_MCP,-17.869120,0.915140,20.837080,0.554790,0.312782,0.230067,-0.735830
1.3674,5502,Virtual,Index_PIP,-17.836410,0.915537,20.870590,0.418883,0.479752,0.462080,-0.617137
1.3674,5502,Virtual,Index_DIP,-17.833490,0.911166,20.896000,0.255075,0.583576,0.626390,-0.449457
1.3674,5502,Virtual,Index_FingerTip,-17.846020,0.904028,20.918710,0.255075,0.583576,0.626390,-0.449457
1.3674,5502,Virtual,Middle_MCP,-17.862860,0.888896,20.832130,0.571930,0.343020,0.267363,-0.695522
1.3674,5502,Virtual,Middle_PIP,-17.830030,0.889976,20.873480,0.391103,0.540189,0.519192,-0.534485
1.3674,5502,Virtual,Middle_DIP,-17.833430,0.886304,20.900740,0.173481,0.643949,0.675304,-0.314959
1.3674,5502,Virtual,Middle_FingerTip,-17.854410,0.880589,20.918850,0.173481,0.643949,0.675304,-0.314959
1.3674,5502,Virtual,Ring_MCP,-17.863150,0.864501,20.829120,0.594276,0.339571,0.262131,-0.680306
1.3674,5502,Virtual,Ring_PIP,-17.833740,0.866685,20.865120,0.421263,0.539453,0.500392,-0.530223
1.3674,5502,Virtual,Ring_DIP,-17.835920,0.864680,20.891300,0.210868,0.651158,0.651805,-0.326616
1.3674,5502,Virtual,Ring_FingerTip,-17.853930,0.860780,20.909360,0.210868,0.651158,0.651805,-0.326616
1.3674,5502,Virtual,Pinky_MCP,-17.868660,0.843059,20.825910,0.606858,0.340664,0.262822,-0.668279
1.3674,5502,Virtual,Pinky_PIP,-17.843870,0.845508,20.856390,0.432492,0.545233,0.496474,-0.518831
1.3674,5502,Virtual,Pinky_DIP,-17.845470,0.844709,20.874650,0.219436,0.660436,0.644220,-0.317258
1.3674,5502,Virtual,Pinky_FingerTip,-17.858930,0.842431,20.888100,0.219436,0.660436,0.644220,-0.317258
1.3674,5502,Render,Wrist,-17.960640,0.872044,20.783330,0.636710,0.198411,0.095732,-0.738965
1.3674,5502,Render,Thumb_CMC,-17.935400,0.905128,20.805880,0.014924,0.532558,-0.213122,-0.818986
1.3674,5502,Render,Thumb_MCP,-17.920380,0.921155,20.843900,-0.033700,0.531700,-0.137554,-0.835008
1.3674,5502,Render,Thumb_IP,-17.900930,0.930661,20.887900,-0.124844,0.517933,0.008434,-0.846220
1.3674,5502,Render,Thumb_FingerTip,-17.887720,0.926568,20.912820,-0.124844,0.517933,0.008434,-0.846220
1.3674,5502,Render,Index_MCP,-17.869120,0.915140,20.837080,0.588338,0.243890,0.140032,-0.758134
1.3674,5502,Render,Index_PIP,-17.829700,0.918636,20.862110,0.561232,0.301070,0.214573,-0.740496
1.3674,5502,Render,Index_DIP,-17.810840,0.919160,20.879930,0.532091,0.350005,0.279870,-0.718365
1.3674,5502,Render,Index_FingerTip,-17.794740,0.918363,20.901470,0.532091,0.350005,0.279870,-0.718365
1.3674,5502,Render,Middle_MCP,-17.862860,0.888896,20.832130,0.610239,0.269025,0.178547,-0.723433
1.3674,5502,Render,Middle_PIP,-17.821060,0.892592,20.864190,0.558993,0.363722,0.292638,-0.685272
1.3674,5502,Render,Middle_DIP,-17.805430,0.892746,20.887080,0.500367,0.440907,0.388879,-0.635616
1.3674,5502,Render,Middle_FingerTip,-17.796690,0.891243,20.913950,0.500367,0.440907,0.388879,-0.635616
1.3674,5502,Render,Ring_MCP,-17.863150,0.864501,20.829120,0.637968,0.247929,0.158615,-0.711597
1.3674,5502,Render,Ring_PIP,-17.824680,0.868717,20.854960,0.605314,0.319480,0.239202,-0.688702
1.3674,5502,Render,Ring_DIP,-17.806730,0.870226,20.874180,0.569076,0.380295,0.309060,-0.660310
1.3674,5502,Render,Ring_FingerTip,-17.793320,0.870863,20.896220,0.569076,0.380295,0.309060,-0.660310
1.3674,5502,Render,Pinky_MCP,-17.868660,0.843059,20.825910,0.647149,0.255982,0.170588,-0.697547
1.3674,5502,Render,Pinky_PIP,-17.836740,0.846734,20.848660,0.607005,0.340401,0.262532,-0.668393
1.3674,5502,Render,Pinky_DIP,-17.825170,0.847877,20.862860,0.561488,0.411169,0.341277,-0.631824
1.3674,5502,Render,Pinky_FingerTip,-17.816960,0.848461,20.880150,0.561488,0.411169,0.341277,-0.631824
1.3811,5503,Real,Wrist,-17.960310,0.869836,20.783770,0.631432,0.192304,0.101696,-0.744292
1.3811,5503,Real,Thumb_CMC,-17.934570,0.902163,20.806840,0.021839,0.501799,-0.304829,-0.809198
1.3811,5503,Real,Thumb_MCP,-17.920930,0.924788,20.841920,-0.082972,0.495373,-0.129919,-0.854893
1.3811,5503,Real,Thumb_IP,-17.897620,0.931649,20.884500,-0.259511,0.430038,0.193925,-0.842683
1.3811,5503,Real,Thumb_FingerTip,-17.881810,0.915973,20.902290,-0.259511,0.430038,0.193925,-0.842683
1.3811,5503,Real,Index_MCP,-17.868090,0.910715,20.838040,0.561376,0.285541,0.209760,-0.747880
1.3811,5503,Real,Index_PIP,-17.833020,0.911036,20.869070,0.443018,0.447673,0.434424,-0.643894
1.3811,5503,Real,Index_DIP,-17.827260,0.906810,20.894020,0.297576,0.555090,0.599458,-0.493938
1.3811,5503,Real,Index_FingerTip,-17.836270,0.899767,20.918370,0.297576,0.555090,0.599458,-0.493938
1.3811,5503,Real,Middle_MCP,-17.862200,0.884483,20.832600,0.580157,0.314811,0.248629,-0.708870
1.3811,5503,Real,Middle_PIP,-17.826390,0.885158,20.871410,0.426577,0.503705,0.488683,-0.570527
1.3811,5503,Real,Middle_DIP,-17.825970,0.881613,20.898890,0.237967,0.615678,0.648656,-0.378891
1.3811,5503,Real,Middle_FingerTip,-17.842940,0.875995,20.920830,0.237967,0.615678,0.648656,-0.378891
1.3811,5503,Real,Ring_MCP,-17.862820,0.860153,20.829150,0.605208,0.305077,0.237595,-0.695845
1.3811,5503,Real,Ring_PIP,-17.830200,0.861949,20.862290,0.470986,0.487361,0.453491,-0.578790
1.3811,5503,Real,Ring_DIP,-17.827210,0.860214,20.888410,0.304705,0.605395,0.605124,-0.417705
1.3811,5503,Real,Ring_FingerTip,-17.839220,0.856690,20.910970,0.304705,0.605395,0.605124,-0.417705
1.3811,5503,Real,Pinky_MCP,-17.868630,0.838849,20.825570,0.617939,0.305516,0.238741,-0.683970
1.3811,5503,Real,Pinky_PIP,-17.841100,0.840857,20.853640,0.482862,0.491968,0.450663,-0.567200
1.3811,5503,Real,Pinky_DIP,-17.839080,0.840194,20.871860,0.314674,0.613326,0.598976,-0.407480
1.3811,5503,Real,Pinky_FingerTip,-17.848090,0.838237,20.888660,0.314674,0.613326,0.598976,-0.407480
1.3811,5503,Virtual,Wrist,-17.960460,0.870907,20.783540,0.633632,0.194839,0.100546,-0.741916
1.3811,5503,Virtual,Thumb_CMC,-17.934900,0.903492,20.806450,0.024292,0.501858,-0.308061,-0.807866
1.3811,5503,Virtual,Thumb_MCP,-17.921440,0.926419,20.841410,-0.080586,0.495941,-0.133357,-0.854263
1.3811,5503,Virtual,Thumb_IP,-17.898270,0.933671,20.884000,-0.257502,0.431445,0.190497,-0.843362
1.3811,5503,Virtual,Thumb_FingerTip,-17.882450,0.918181,20.901950,-0.257502,0.431445,0.190497,-0.843362
1.3811,5503,Virtual,Index_MCP,-17.868540,0.912509,20.837770,0.563272,0.288345,0.208168,-0.745821
1.3811,5503,Virtual,Index_PIP,-17.833560,0.913179,20.868900,0.443936,0.450931,0.432264,-0.642441
1.3811,5503,Virtual,Index_DIP,-17.827850,0.909155,20.893900,0.297529,0.558475,0.596974,-0.493158
1.3811,5503,Virtual,Index_FingerTip,-17.836910,0.902256,20.918270,0.297529,0.558475,0.596974,-0.493158
1.3811,5503,Virtual,Middle_MCP,-17.862540,0.886259,20.832540,0.581805,0.317735,0.247026,-0.706772
1.3811,5503,Virtual,Middle_PIP,-17.826840,0.887343,20.871440,0.427054,0.507028,0.486429,-0.569153
1.3811,5503,Virtual,Middle_DIP,-17.826480,0.883999,20.898950,0.237328,0.618973,0.646076,-0.378332
1.3811,5503,Virtual,Middle_FingerTip,-17.843500,0.878479,20.920890,0.237328,0.618973,0.646076,-0.378332
1.3811,5503,Virtual,Ring_MCP,-17.863060,0.861902,20.829270,0.606841,0.307988,0.236086,-0.693650
1.3811,5503,Virtual,Ring_PIP,-17.830540,0.864056,20.862490,0.471569,0.490648,0.451343,-0.577215
1.3811,5503,Virtual,Ring_DIP,-17.827620,0.862520,20.888620,0.304285,0.608706,0.602605,-0.416840
1.3811,5503,Virtual,Ring_FingerTip,-17.839670,0.859116,20.911180,0.304285,0.608706,0.602605,-0.416840
1.3811,5503,Virtual,Pinky_MCP,-17.868790,0.840553,20.825820,0.619527,0.308437,0.237269,-0.681731
1.3811,5503,Virtual,Pinky_PIP,-17.841340,0.842862,20.853950,0.483400,0.495249,0.448535,-0.565570
1.3811,5503,Virtual,Pinky_DIP,-17.839380,0.842339,20.872190,0.314212,0.616618,0.596460,-0.406557
1.3811,5503,Virtual,Pinky_FingerTip,-17.848420,0.840471,20.888970,0.314212,0.616618,0.596460,-0.406557
1.3811,5503,Render,Wrist,-17.960460,0.870907,20.783540,0.633632,0.194839,0.100546,-0.741916
1.3811,5503,Render,Thumb_CMC,-17.934900,0.903492,20.806450,0.011750,0.525191,-0.208183,-0.825044
1.3811,5503,Render,Thumb_MCP,-17.919020,0.919118,20.844290,-0.036189,0.524074,-0.132083,-0.840590
1.3811,5503,Render,Thumb_IP,-17.898630,0.928146,20.887960,-0.125981,0.509992,0.014786,-0.850775
1.3811,5503,Render,Thumb_FingerTip,-17.884970,0.923767,20.912580,-0.125981,0.509992,0.014786,-0.850775
1.3811,5503,Render,Index_MCP,-17.868540,0.912509,20.837770,0.585376,0.240317,0.145181,-0.760595
1.3811,5503,Render,Index_PIP,-17.829090,0.915342,20.862850,0.558639,0.297220,0.219941,-0.742434
1.3811,5503,Render,Index_DIP,-17.810230,0.915485,20.880690,0.529852,0.345940,0.285390,-0.719816
1.3811,5503,Render,Index_FingerTip,-17.794160,0.914294,20.902220,0.529852,0.345940,0.285390,-0.719816
1.3811,5503,Render,Middle_MCP,-17.862540,0.886259,20.832540,0.607584,0.265129,0.183664,-0.725821
1.3811,5503,Render,Middle_PIP,-17.820710,0.889193,20.864650,0.557000,0.359449,0.298072,-0.686805
1.3811,5503,Render,Middle_DIP,-17.805080,0.888943,20.887540,0.499014,0.436391,0.394478,-0.636345
1.3811,5503,Render,Middle_FingerTip,-17.796370,0.887061,20.914400,0.499014,0.436391,0.394478,-0.636345
1.3811,5503,Render,Ring_MCP,-17.863060,0.861902,20.829270,0.635276,0.244003,0.163562,-0.714237
1.3811,5503,Render,Ring_PIP,-17.824560,0.865457,20.855160,0.603089,0.315271,0.244420,-0.690758
1.3811,5503,Render,Ring_DIP,-17.806600,0.866579,20.874400,0.567299,0.375879,0.314462,-0.661817
1.3811,5503,Render,Ring_FingerTip,-17.793190,0.866843,20.896440,0.567299,0.375879,0.314462,-0.661817
1.3811,5503,Render,Pinky_MCP,-17.868790,0.840553,20.825820,0.644571,0.251943,0.175511,-0.700178
1.3811,5503,Render,Pinky_PIP,-17.836840,0.843664,20.848620,0.604992,0.336054,0.267763,-0.670341
1.3811,5503,Render,Pinky_DIP,-17.825270,0.844537,20.862830,0.560014,0.406610,0.346705,-0.633127
1.3811,5503,Render,Pinky_FingerTip,-17.817050,0.844852,20.880130,0.560014,0.406610,0.346705,-0.633127
1.3953,5504,Real,Wrist,-17.960340,0.869150,20.784030,0.631483,0.192446,0.101291,-0.744268
1.3953,5504,Real,Thumb_CMC,-17.934610,0.901503,20.807090,0.031458,0.492345,-0.312554,-0.811737
1.3953,5504,Real,Thumb_MCP,-17.920570,0.925144,20.841330,-0.069805,0.488386,-0.140100,-0.858475
1.3953,5504,Real,Thumb_IP,-17.896850,0.933595,20.883400,-0.241860,0.429996,0.180157,-0.850970
1.3953,5504,Real,Thumb_FingerTip,-17.880740,0.918929,20.901770,-0.241860,0.429996,0.180157,-0.850970
1.3953,5504,Real,Index_MCP,-17.868130,0.910115,20.838270,0.565176,0.278143,0.199336,-0.750652
1.3953,5504,Real,Index_PIP,-17.832270,0.910824,20.868370,0.451776,0.438959,0.421228,-0.652519
1.3953,5504,Real,Index_DIP,-17.825530,0.906850,20.893120,0.311610,0.547436,0.586327,-0.509346
1.3953,5504,Real,Index_FingerTip,-17.833240,0.899960,20.917950,0.311610,0.547436,0.586327,-0.509346
1.3953,5504,Real,Middle_MCP,-17.862220,0.883885,20.832830,0.583863,0.308075,0.239824,-0.711814
1.3953,5504,Real,Middle_PIP,-17.825510,0.884853,20.870780,0.438382,0.493586,0.474646,-0.582156
1.3953,5504,Real,Middle_DIP,-17.823780,0.881530,20.898250,0.258959,0.607245,0.634939,-0.401306
1.3953,5504,Real,Middle_FingerTip,-17.839170,0.876009,20.921350,0.258959,0.607245,0.634939,-0.401306
1.3953,5504,Real,Ring_MCP,-17.862830,0.859554,20.829390,0.609292,0.297044,0.227787,-0.699029
1.3953,5504,Real,Ring_PIP,-17.829330,0.861579,20.861640,0.485839,0.472686,0.434966,-0.592734
1.3953,5504,Real,Ring_DIP,-17.824730,0.860094,20.887530,0.332600,0.590634,0.584632,-0.445796
1.3953,5504,Real,Ring_FingerTip,-17.834560,0.856782,20.911150,0.332600,0.590634,0.584632,-0.445796
1.3953,5504,Real,Pinky_MCP,-17.868620,0.838244,20.825820,0.622026,0.297317,0.229095,-0.687169
1.3953,5504,Real,Pinky_PIP,-17.840340,0.840411,20.853120,0.497849,0.476928,0.432500,-0.581059
1.3953,5504,Real,Pinky_DIP,-17.837200,0.839902,20.871190,0.342924,0.598095,0.578970,-0.435293
1.3953,5504,Real,Pinky_FingerTip,-17.844600,0.838104,20.888780,0.342924,0.598095,0.578970,-0.435293
1.3953,5504,Virtual,Wrist,-17.960320,0.869835,20.783770,0.631432,0.192304,0.101696,-0.744292
1.3953,5504,Virtual,Thumb_CMC,-17.934570,0.902162,20.806850,0.031574,0.492502,-0.312170,-0.811785
1.3953,5504,Virtual,Thumb_MCP,-17.920520,0.925783,20.841090,-0.069724,0.488562,-0.139714,-0.858444
1.3953,5504,Virtual,Thumb_IP,-17.896810,0.934204,20.883180,-0.241849,0.430191,0.180506,-0.850802
1.3953,5504,Virtual,Thumb_FingerTip,-17.880720,0.919520,20.901550,-0.241849,0.430191,0.180506,-0.850802
1.3953,5504,Virtual,Index_MCP,-17.868090,0.910715,20.838050,0.565142,0.278013,0.199746,-0.750617
1.3953,5504,Virtual,Index_PIP,-17.832240,0.911387,20.868160,0.451783,0.438826,0.421608,-0.652358
1.3953,5504,Virtual,Index_DIP,-17.825510,0.907401,20.892910,0.311655,0.547309,0.586647,-0.509086
1.3953,5504,Virtual,Index_FingerTip,-17.833240,0.900510,20.917740,0.311655,0.547309,0.586647,-0.509086
1.3953,5504,Virtual,Middle_MCP,-17.862200,0.884482,20.832610,0.583840,0.307927,0.240227,-0.711761
1.3953,5504,Virtual,Middle_PIP,-17.825500,0.885411,20.870570,0.438413,0.493439,0.475004,-0.581965
1.3953,5504,Virtual,Middle_DIP,-17.823790,0.882079,20.898030,0.259034,0.607115,0.635219,-0.401011
1.3953,5504,Virtual,Middle_FingerTip,-17.839190,0.876562,20.921120,0.259034,0.607115,0.635219,-0.401011
1.3953,5504,Virtual,Ring_MCP,-17.862830,0.860152,20.829160,0.609268,0.296885,0.228187,-0.698987
1.3953,5504,Virtual,Ring_PIP,-17.829340,0.862142,20.861420,0.485865,0.472529,0.435333,-0.592568
1.3953,5504,Virtual,Ring_DIP,-17.824750,0.860647,20.887310,0.332670,0.590490,0.584937,-0.445534
1.3953,5504,Virtual,Ring_FingerTip,-17.834590,0.857336,20.910930,0.332670,0.590490,0.584937,-0.445534
1.3953,5504,Virtual,Pinky_MCP,-17.868640,0.838848,20.825570,0.622004,0.297152,0.229493,-0.687128
1.3953,5504,Virtual,Pinky_PIP,-17.840360,0.840985,20.852890,0.497879,0.476765,0.432865,-0.580896
1.3953,5504,Virtual,Pinky_DIP,-17.837230,0.840469,20.870960,0.342999,0.597946,0.579274,-0.435033
1.3953,5504,Virtual,Pinky_FingerTip,-17.844630,0.838671,20.888540,0.342999,0.597946,0.579274,-0.435033
1.3953,5504,Render,Wrist,-17.960320,0.869835,20.783770,0.631432,0.192304,0.101696,-0.744292
1.3953,5504,Render,Thumb_CMC,-17.934570,0.902162,20.806850,0.008212,0.517398,-0.206546,-0.830404
1.3953,5504,Render,Thumb_MCP,-17.917920,0.917598,20.844430,-0.039001,0.515991,-0.129965,-0.845779
1.3953,5504,Render,Thumb_IP,-17.896650,0.926404,20.887720,-0.127358,0.501545,0.017766,-0.855521
1.3953,5504,Render,Thumb_FingerTip,-17.882510,0.921897,20.912050,-0.127358,0.501545,0.017766,-0.855521
1.3953,5504,Render,Index_MCP,-17.868090,0.910715,20.838050,0.583253,0.237681,0.146596,-0.762780
1.3953,5504,Render,Index_PIP,-17.828570,0.913225,20.863040,0.556788,0.294387,0.221566,-0.744468
1.3953,5504,Render,Index_DIP,-17.809660,0.913172,20.880820,0.528261,0.342952,0.287190,-0.721697
1.3953,5504,Render,Index_FingerTip,-17.793520,0.911768,20.902290,0.528261,0.342952,0.287190,-0.721697
1.3953,5504,Render,Middle_MCP,-17.862200,0.884482,20.832610,0.605684,0.262362,0.185075,-0.728052
1.3953,5504,Render,Middle_PIP,-17.820280,0.887034,20.864620,0.555570,0.356413,0.299825,-0.688780
1.3953,5504,Render,Middle_DIP,-17.804590,0.886563,20.887470,0.498039,0.433179,0.396498,-0.638045
1.3953,5504,Render,Middle_FingerTip,-17.795800,0.884455,20.914280,0.498039,0.433179,0.396498,-0.638045
1.3953,5504,Render,Ring_MCP,-17.862830,0.860152,20.829160,0.633352,0.241276,0.164838,-0.716575
1.3953,5504,Render,Ring_PIP,-17.824240,0.863381,20.854970,0.601491,0.312341,0.245956,-0.692934
1.3953,5504,Render,Ring_DIP,-17.806220,0.864300,20.874170,0.566011,0.372800,0.316215,-0.663822
1.3953,5504,Render,Ring_FingerTip,-17.792750,0.864357,20.896170,0.566011,0.372800,0.316215,-0.663822
1.3953,5504,Render,Pinky_MCP,-17.868640,0.838848,20.825570,0.642728,0.249176,0.176777,-0.702540
1.3953,5504,Render,Pinky_PIP,-17.836610,0.841680,20.848310,0.603537,0.333064,0.269334,-0.672511
1.3953,5504,Render,Pinky_DIP,-17.825000,0.842410,20.862490,0.558930,0.403467,0.348527,-0.635091
1.3953,5504,Render,Pinky_FingerTip,-17.816730,0.842569,20.879770,0.558930,0.403467,0.348527,-0.635091
1.4092,5505,Real,Wrist,-17.960510,0.868484,20.784430,0.631786,0.192051,0.101532,-0.744080
1.4092,5505,Real,Thumb_CMC,-17.934740,0.900823,20.807460,0.042236,0.484044,-0.322460,-0.812365
1.4092,5505,Real,Thumb_MCP,-17.920540,0.925624,20.840800,-0.054552,0.482811,-0.155030,-0.860165
1.4092,5505,Real,Thumb_IP,-17.896730,0.936118,20.882350,-0.220784,0.432825,0.157221,-0.859767
1.4092,5505,Real,Thumb_FingerTip,-17.880320,0.922966,20.901580,-0.220784,0.432825,0.157221,-0.859767
1.4092,5505,Real,Index_MCP,-17.868250,0.909384,20.838610,0.570788,0.266851,0.185061,-0.754152
1.4092,5505,Real,Index_PIP,-17.831300,0.910578,20.867360,0.465920,0.424177,0.400471,-0.665294
1.4092,5505,Real,Index_DIP,-17.823010,0.907007,20.891690,0.335316,0.533452,0.564000,-0.533757
1.4092,5505,Real,Index_FingerTip,-17.828530,0.900434,20.917190,0.335316,0.533452,0.564000,-0.533757
1.4092,5505,Real,Middle_MCP,-17.862360,0.883145,20.833190,0.589144,0.298238,0.228464,-0.715380
1.4092,5505,Real,Middle_PIP,-17.824460,0.884441,20.869950,0.457121,0.476526,0.452497,-0.599341
1.4092,5505,Real,Middle_DIP,-17.820680,0.881482,20.897240,0.293631,0.591454,0.611072,-0.436526
1.4092,5505,Real,Middle_FingerTip,-17.833320,0.876214,20.922010,0.293631,0.591454,0.611072,-0.436526
1.4092,5505,Real,Ring_MCP,-17.863000,0.858813,20.829770,0.615265,0.284880,0.214454,-0.703067
1.4092,5505,Real,Ring_PIP,-17.828290,0.861093,20.860690,0.509488,0.447357,0.404659,-0.613632
1.4092,5505,Real,Ring_DIP,-17.821120,0.860019,20.886020,0.378351,0.562634,0.547948,-0.489946
1.4092,5505,Real,Ring_FingerTip,-17.827150,0.857150,20.910930,0.378351,0.562634,0.547948,-0.489946
1.4092,5505,Real,Pinky_MCP,-17.868810,0.837508,20.826200,0.627999,0.284903,0.215983,-0.691230
1.4092,5505,Real,Pinky_PIP,-17.839510,0.839840,20.852390,0.521696,0.450983,0.402776,-0.601847
1.4092,5505,Real,Pinky_DIP,-17.834570,0.839579,20.870060,0.389228,0.569258,0.543117,-0.479032
1.4092,5505,Real,Pinky_FingerTip,-17.839130,0.838100,20.888610,0.389228,0.569258,0.543117,-0.479032
1.4092,5505,Virtual,Wrist,-17.960340,0.869150,20.784040,0.631483,0.192446,0.101290,-0.744268
1.4092,5505,Virtual,Thumb_CMC,-17.934620,0.901503,20.807100,0.041826,0.484259,-0.322741,-0.812147
1.4092,5505,Virtual,Thumb_MCP,-17.920450,0.926301,20.840450,-0.054996,0.482940,-0.155349,-0.860007
1.4092,5505,Virtual,Thumb_IP,-17.896660,0.936797,20.882020,-0.221245,0.432789,0.156867,-0.859731
1.4092,5505,Virtual,Thumb_FingerTip,-17.880230,0.923652,20.901250,-0.221245,0.432789,0.156867,-0.859731
1.4092,5505,Virtual,Index_MCP,-17.868140,0.910115,20.838280,0.570433,0.267194,0.184826,-0.754356
1.4092,5505,Virtual,Index_PIP,-17.831190,0.911332,20.867030,0.465480,0.424400,0.400306,-0.665559
1.4092,5505,Virtual,Index_DIP,-17.822900,0.907756,20.891360,0.334832,0.533549,0.563913,-0.534056
1.4092,5505,Virtual,Index_FingerTip,-17.828430,0.901165,20.916850,0.334832,0.533549,0.563913,-0.534056
1.4092,5505,Virtual,Middle_MCP,-17.862220,0.883885,20.832840,0.588778,0.298575,0.228259,-0.715606
1.4092,5505,Virtual,Middle_PIP,-17.824340,0.885200,20.869600,0.456664,0.476722,0.452379,-0.599623
1.4092,5505,Virtual,Middle_DIP,-17.820560,0.882231,20.896900,0.293136,0.591504,0.611043,-0.436831
1.4092,5505,Virtual,Middle_FingerTip,-17.833190,0.876937,20.921670,0.293136,0.591504,0.611043,-0.436831
1.4092,5505,Virtual,Ring_MCP,-17.862830,0.859554,20.829400,0.614910,0.285231,0.214255,-0.703295
1.4092,5505,Virtual,Ring_PIP,-17.828140,0.861853,20.860330,0.509049,0.447594,0.404533,-0.613907
1.4092,5505,Virtual,Ring_DIP,-17.820980,0.860773,20.885660,0.377866,0.562751,0.547896,-0.490244
1.4092,5505,Virtual,Ring_FingerTip,-17.827010,0.857886,20.910580,0.377866,0.562751,0.547896,-0.490244
1.4092,5505,Virtual,Pinky_MCP,-17.868630,0.838244,20.825820,0.627648,0.285259,0.215792,-0.691462
1.4092,5505,Virtual,Pinky_PIP,-17.839330,0.840593,20.852020,0.521258,0.451226,0.402659,-0.602123
1.4092,5505,Virtual,Pinky_DIP,-17.834400,0.840328,20.869690,0.388743,0.569380,0.543074,-0.479330
1.4092,5505,Virtual,Pinky_FingerTip,-17.838970,0.838834,20.888240,0.388743,0.569380,0.543074,-0.479330
1.4092,5505,Render,Wrist,-17.960340,0.869150,20.784040,0.631483,0.192446,0.101290,-0.744268
1.4092,5505,Render,Thumb_CMC,-17.934620,0.901503,20.807100,0.006302,0.506113,-0.209500,-0.836612
1.4092,5505,Render,Thumb_MCP,-17.917060,0.917175,20.844170,-0.039874,0.504579,-0.132340,-0.852230
1.4092,5505,Render,Thumb_IP,-17.894710,0.926262,20.886860,-0.126251,0.490154,0.016539,-0.862286
1.4092,5505,Render,Thumb_FingerTip,-17.879920,0.921922,20.910830,-0.126251,0.490154,0.016539,-0.862286
1.4092,5505,Render,Index_MCP,-17.868140,0.910115,20.838280,0.583296,0.237809,0.146184,-0.762787
1.4092,5505,Render,Index_PIP,-17.828610,0.912663,20.863250,0.556818,0.294518,0.221157,-0.744516
1.4092,5505,Render,Index_DIP,-17.809690,0.912629,20.881030,0.528280,0.343085,0.286786,-0.721781
1.4092,5505,Render,Index_FingerTip,-17.793550,0.911243,20.902500,0.528280,0.343085,0.286786,-0.721781
1.4092,5505,Render,Middle_MCP,-17.862220,0.883885,20.832840,0.605719,0.262509,0.184669,-0.728074
1.4092,5505,Render,Middle_PIP,-17.820300,0.886478,20.864840,0.555580,0.356563,0.299427,-0.688867
1.4092,5505,Render,Middle_DIP,-17.804590,0.886025,20.887680,0.498028,0.433330,0.396118,-0.638189
1.4092,5505,Render,Middle_FingerTip,-17.795800,0.883932,20.914500,0.498028,0.433330,0.396118,-0.638189
1.4092,5505,Render,Ring_MCP,-17.862830,0.859554,20.829400,0.633390,0.241432,0.164435,-0.716582
1.4092,5505,Render,Ring_PIP,-17.824240,0.862819,20.855200,0.601511,0.312501,0.245557,-0.692987
1.4092,5505,Render,Ring_DIP,-17.806210,0.863758,20.874390,0.566014,0.372960,0.315823,-0.663916
1.4092,5505,Render,Ring_FingerTip,-17.792740,0.863831,20.896390,0.566014,0.372960,0.315823,-0.663916
1.4092,5505,Render,Pinky_MCP,-17.868630,0.838244,20.825820,0.642763,0.249339,0.176377,-0.702551
1.4092,5505,Render,Pinky_PIP,-17.836600,0.841107,20.848550,0.603549,0.333230,0.268939,-0.672576
1.4092,5505,Render,Pinky_DIP,-17.824980,0.841850,20.862720,0.558922,0.403633,0.348143,-0.635203
1.4092,5505,Render,Pinky_FingerTip,-17.816710,0.842020,20.880000,0.558922,0.403633,0.348143,-0.635203
1.4235,5506,Real,Wrist,-17.961010,0.868773,20.784680,0.634922,0.193644,0.100702,-0.741105
1.4235,5506,Real,Thumb_CMC,-17.935330,0.901357,20.807460,0.050657,0.481648,-0.332111,-0.809415
1.4235,5506,Real,Thumb_MCP,-17.921480,0.927107,20.840230,-0.042727,0.482416,-0.170586,-0.858108
1.4235,5506,Real,Thumb_IP,-17.898130,0.939440,20.881530,-0.204516,0.439003,0.131950,-0.864892
1.4235,5506,Real,Thumb_FingerTip,-17.881600,0.927818,20.901640,-0.204516,0.439003,0.131950,-0.864892
1.4235,5506,Real,Index_MCP,-17.868900,0.910296,20.838660,0.577781,0.260207,0.172613,-0.754100
1.4235,5506,Real,Index_PIP,-17.831210,0.912185,20.866380,0.481090,0.412421,0.378040,-0.674943
1.4235,5506,Real,Index_DIP,-17.821500,0.909240,20.890270,0.360463,0.521157,0.537177,-0.556689
1.4235,5506,Real,Index_FingerTip,-17.824740,0.903258,20.916300,0.360463,0.521157,0.537177,-0.556689
1.4235,5506,Real,Middle_MCP,-17.862970,0.884018,20.833490,0.595826,0.292600,0.217818,-0.715495
1.4235,5506,Real,Middle_PIP,-17.824220,0.885970,20.869310,0.476880,0.461746,0.427416,-0.613753
1.4235,5506,Real,Middle_DIP,-17.818440,0.883635,20.896320,0.329833,0.576051,0.581096,-0.470855
1.4235,5506,Real,Middle_FingerTip,-17.828040,0.878902,20.922520,0.329833,0.576051,0.581096,-0.470855
1.4235,5506,Real,Ring_MCP,-17.863560,0.859654,20.830280,0.623217,0.275520,0.200306,-0.703966
1.4235,5506,Real,Ring_PIP,-17.827830,0.862511,20.859950,0.536010,0.420718,0.367743,-0.632815
1.4235,5506,Real,Ring_DIP,-17.817930,0.862132,20.884360,0.429011,0.529397,0.499279,-0.535173
1.4235,5506,Real,Ring_FingerTip,-17.819460,0.860063,20.910040,0.429011,0.529397,0.499279,-0.535173
1.4235,5506,Real,Pinky_MCP,-17.869340,0.838309,20.826900,0.635895,0.275315,0.202073,-0.692103
1.4235,5506,Real,Pinky_PIP,-17.839150,0.841082,20.852020,0.548347,0.423647,0.366530,-0.620883
1.4235,5506,Real,Pinky_DIP,-17.832320,0.841256,20.869050,0.440387,0.534995,0.495443,-0.523809
1.4235,5506,Real,Pinky_FingerTip,-17.833540,0.840339,20.888150,0.440387,0.534995,0.495443,-0.523809
1.4235,5506,Virtual,Wrist,-17.960520,0.868484,20.784430,0.631786,0.192052,0.101532,-0.744080
1.4235,5506,Virtual,Thumb_CMC,-17.934750,0.900823,20.807470,0.047029,0.482373,-0.329387,-0.810314
1.4235,5506,Virtual,Thumb_MCP,-17.920800,0.926255,20.840430,-0.046427,0.482431,-0.167740,-0.858469
1.4235,5506,Virtual,Thumb_IP,-17.897350,0.938180,20.881810,-0.208000,0.437757,0.134748,-0.864262
1.4235,5506,Virtual,Thumb_FingerTip,-17.880810,0.926352,20.901780,-0.208000,0.437757,0.134748,-0.864262
1.4235,5506,Virtual,Index_MCP,-17.868250,0.909384,20.838620,0.574700,0.258317,0.173805,-0.756825
1.4235,5506,Virtual,Index_PIP,-17.830500,0.910968,20.866290,0.478665,0.409740,0.379952,-0.677222
1.4235,5506,Virtual,Index_DIP,-17.820760,0.907792,20.890130,0.358800,0.517948,0.539606,-0.558407
1.4235,5506,Virtual,Index_FingerTip,-17.823950,0.901579,20.916110,0.358800,0.517948,0.539606,-0.558407
1.4235,5506,Virtual,Middle_MCP,-17.862360,0.883145,20.833200,0.592984,0.290527,0.219112,-0.718299
1.4235,5506,Virtual,Middle_PIP,-17.823550,0.884718,20.868960,0.474814,0.458900,0.429510,-0.616023
1.4235,5506,Virtual,Middle_DIP,-17.817730,0.882129,20.895940,0.328639,0.572742,0.583739,-0.472454
1.4235,5506,Virtual,Middle_FingerTip,-17.827280,0.877173,20.922110,0.328639,0.572742,0.583739,-0.472454
1.4235,5506,Virtual,Ring_MCP,-17.863000,0.858813,20.829770,0.620399,0.273518,0.201490,-0.706891
1.4235,5506,Virtual,Ring_PIP,-17.827210,0.861350,20.859400,0.533773,0.418083,0.369612,-0.635358
1.4235,5506,Virtual,Ring_DIP,-17.817270,0.860735,20.883790,0.427416,0.526330,0.501667,-0.537237
1.4235,5506,Virtual,Ring_FingerTip,-17.818750,0.858436,20.909450,0.427416,0.526330,0.501667,-0.537237
1.4235,5506,Virtual,Pinky_MCP,-17.868820,0.837507,20.826210,0.633132,0.273307,0.203236,-0.695085
1.4235,5506,Virtual,Pinky_PIP,-17.838580,0.840009,20.851300,0.546164,0.421019,0.368393,-0.623486
1.4235,5506,Virtual,Pinky_DIP,-17.831720,0.840019,20.868310,0.438844,0.531948,0.497838,-0.525933
1.4235,5506,Virtual,Pinky_FingerTip,-17.832900,0.838931,20.887400,0.438844,0.531948,0.497838,-0.525933
1.4235,5506,Render,Wrist,-17.960520,0.868484,20.784430,0.631786,0.192052,0.101532,-0.744080
1.4235,5506,Render,Thumb_CMC,-17.934750,0.900823,20.807470,0.005238,0.496598,-0.211310,-0.841850
1.4235,5506,Render,Thumb_MCP,-17.916420,0.916674,20.844080,-0.040067,0.495007,-0.133665,-0.857611
1.4235,5506,Render,Thumb_IP,-17.893170,0.925970,20.886240,-0.124791,0.480692,0.016161,-0.867815
1.4235,5506,Render,Thumb_FingerTip,-17.877850,0.921752,20.909900,-0.124791,0.480692,0.016161,-0.867815
1.4235,5506,Render,Index_MCP,-17.868250,0.909384,20.838620,0.583632,0.237447,0.146430,-0.762595
1.4235,5506,Render,Index_PIP,-17.828710,0.911905,20.863580,0.557189,0.294192,0.221382,-0.744300
1.4235,5506,Render,Index_DIP,-17.809790,0.911860,20.881350,0.528678,0.342794,0.286992,-0.721546
1.4235,5506,Render,Index_FingerTip,-17.793640,0.910469,20.902820,0.528678,0.342794,0.286992,-0.721546
1.4235,5506,Render,Middle_MCP,-17.862360,0.883145,20.833200,0.606064,0.262151,0.184888,-0.727860
1.4235,5506,Render,Middle_PIP,-17.820430,0.885712,20.865180,0.555978,0.356265,0.299609,-0.688621
1.4235,5506,Render,Middle_DIP,-17.804720,0.885256,20.888020,0.498465,0.433093,0.396262,-0.637919
1.4235,5506,Render,Middle_FingerTip,-17.795930,0.883167,20.914830,0.498465,0.433093,0.396262,-0.637919
1.4235,5506,Render,Ring_MCP,-17.863000,0.858813,20.829770,0.633718,0.241056,0.164650,-0.716369
1.4235,5506,Render,Ring_PIP,-17.824400,0.862053,20.855550,0.601880,0.312165,0.245745,-0.692750
1.4235,5506,Render,Ring_DIP,-17.806370,0.862982,20.874740,0.566417,0.372665,0.315986,-0.663661
1.4235,5506,Render,Ring_FingerTip,-17.792890,0.863053,20.896740,0.566417,0.372665,0.315986,-0.663661
1.4235,5506,Render,Pinky_MCP,-17.868820,0.837507,20.826210,0.643094,0.248964,0.176581,-0.702330
1.4235,5506,Render,Pinky_PIP,-17.836780,0.840349,20.848920,0.603927,0.332903,0.269112,-0.672329
1.4235,5506,Render,Pinky_DIP,-17.825160,0.841087,20.863090,0.559337,0.403354,0.348284,-0.634938
1.4235,5506,Render,Pinky_FingerTip,-17.816880,0.841259,20.880370,0.559337,0.403354,0.348284,-0.634938
1.4376,5507,Real,Wrist,-17.961380,0.869527,20.784730,0.638874,0.194349,0.100942,-0.737482
1.4376,5507,Real,Thumb_CMC,-17.935690,0.902305,20.807220,0.060298,0.475645,-0.337356,-0.810135
1.4376,5507,Real,Thumb_MCP,-17.921650,0.928825,20.839270,-0.029188,0.478562,-0.180848,-0.858732
1.4376,5507,Real,Thumb_IP,-17.898280,0.942684,20.880090,-0.185621,0.442062,0.112944,-0.870270
1.4376,5507,Real,Thumb_FingerTip,-17.881650,0.932405,20.900820,-0.185621,0.442062,0.112944,-0.870270
1.4376,5507,Real,Index_MCP,-17.869310,0.911457,20.838450,0.584170,0.255987,0.165543,-0.752205
1.4376,5507,Real,Index_PIP,-17.831180,0.913801,20.865540,0.494200,0.403174,0.361071,-0.680327
1.4376,5507,Real,Index_DIP,-17.820440,0.911392,20.889040,0.382071,0.510691,0.514833,-0.572856
1.4376,5507,Real,Index_FingerTip,-17.821830,0.906022,20.915360,0.382071,0.510691,0.514833,-0.572856
1.4376,5507,Real,Middle_MCP,-17.863410,0.885116,20.833560,0.602202,0.288591,0.211145,-0.713783
1.4376,5507,Real,Middle_PIP,-17.824110,0.887554,20.868750,0.493644,0.449719,0.407669,-0.622796
1.4376,5507,Real,Middle_DIP,-17.816810,0.885786,20.895430,0.359877,0.562513,0.555455,-0.495518
1.4376,5507,Real,Middle_FingerTip,-17.823890,0.881665,20.922520,0.359877,0.562513,0.555455,-0.495518
1.4376,5507,Real,Ring_MCP,-17.864040,0.860722,20.830610,0.631046,0.267244,0.189498,-0.703174
1.4376,5507,Real,Ring_PIP,-17.827490,0.864016,20.859230,0.559274,0.396044,0.335526,-0.646363
1.4376,5507,Real,Ring_DIP,-17.815350,0.864259,20.882610,0.472423,0.496442,0.453850,-0.569546
1.4376,5507,Real,Ring_FingerTip,-17.812890,0.863023,20.908260,0.472423,0.496442,0.453850,-0.569546
1.4376,5507,Real,Pinky_MCP,-17.869850,0.839352,20.827440,0.643654,0.266836,0.191448,-0.691271
1.4376,5507,Real,Pinky_PIP,-17.838970,0.842455,20.851670,0.571678,0.398342,0.334885,-0.634319
1.4376,5507,Real,Pinky_DIP,-17.830560,0.843017,20.867970,0.484151,0.501089,0.450899,-0.557851
1.4376,5507,Real,Pinky_FingerTip,-17.828820,0.842674,20.887040,0.484151,0.501089,0.450899,-0.557851
1.4376,5507,Virtual,Wrist,-17.961020,0.868772,20.784690,0.634922,0.193643,0.100702,-0.741105
1.4376,5507,Virtual,Thumb_CMC,-17.935340,0.901356,20.807470,0.055301,0.476669,-0.335608,-0.810615
1.4376,5507,Virtual,Thumb_MCP,-17.921270,0.927563,20.839780,-0.034288,0.478639,-0.179041,-0.858879
1.4376,5507,Virtual,Thumb_IP,-17.897850,0.941033,20.880690,-0.190460,0.440450,0.114699,-0.869812
1.4376,5507,Virtual,Thumb_FingerTip,-17.881160,0.930565,20.901280,-0.190460,0.440450,0.114699,-0.869812
1.4376,5507,Virtual,Index_MCP,-17.868910,0.910295,20.838670,0.580151,0.254879,0.165666,-0.755656
1.4376,5507,Virtual,Index_PIP,-17.830730,0.912419,20.865710,0.490625,0.401030,0.362114,-0.683619
1.4376,5507,Virtual,Index_DIP,-17.819930,0.909783,20.889160,0.379120,0.507746,0.516642,-0.575798
1.4376,5507,Virtual,Index_FingerTip,-17.821260,0.904134,20.915430,0.379120,0.507746,0.516642,-0.575798
1.4376,5507,Virtual,Middle_MCP,-17.862970,0.884017,20.833500,0.598401,0.287297,0.211455,-0.717401
1.4376,5507,Virtual,Middle_PIP,-17.823610,0.886153,20.868630,0.490378,0.447385,0.409007,-0.626171
1.4376,5507,Virtual,Middle_DIP,-17.816260,0.884117,20.895280,0.357328,0.559410,0.557624,-0.498430
1.4376,5507,Virtual,Middle_FingerTip,-17.823270,0.879700,20.922330,0.357328,0.559410,0.557624,-0.498430
1.4376,5507,Virtual,Ring_MCP,-17.863570,0.859654,20.830290,0.627298,0.266099,0.189676,-0.706904
1.4376,5507,Virtual,Ring_PIP,-17.826970,0.862710,20.858870,0.555857,0.394123,0.336498,-0.649968
1.4376,5507,Virtual,Ring_DIP,-17.814780,0.862729,20.882220,0.469441,0.493899,0.455499,-0.572896
1.4376,5507,Virtual,Ring_FingerTip,-17.812270,0.861228,20.907860,0.469441,0.493899,0.455499,-0.572896
1.4376,5507,Virtual,Pinky_MCP,-17.869350,0.838309,20.826900,0.639971,0.265703,0.191622,-0.695069
1.4376,5507,Virtual,Pinky_PIP,-17.838430,0.841210,20.851110,0.568322,0.396448,0.335868,-0.637991
1.4376,5507,Virtual,Pinky_DIP,-17.829980,0.841615,20.867390,0.481223,0.498583,0.452572,-0.561265
1.4376,5507,Virtual,Pinky_FingerTip,-17.828200,0.841075,20.886460,0.481223,0.498583,0.452572,-0.561265
1.4376,5507,Render,Wrist,-17.961020,0.868772,20.784690,0.634922,0.193643,0.100702,-0.741105
1.4376,5507,Render,Thumb_CMC,-17.935340,0.901356,20.807470,0.008694,0.495156,-0.214433,-0.841881
1.4376,5507,Render,Thumb_MCP,-17.916990,0.917588,20.843920,-0.036493,0.493886,-0.136773,-0.857927
1.4376,5507,Render,Thumb_IP,-17.893720,0.927328,20.885960,-0.121077,0.480203,0.013155,-0.868661
1.4376,5507,Render,Thumb_FingerTip,-17.878380,0.923362,20.909640,-0.121077,0.480203,0.013155,-0.868661
1.4376,5507,Render,Index_MCP,-17.868910,0.910295,20.838670,0.586780,0.239225,0.145336,-0.759828
1.4376,5507,Render,Index_PIP,-17.829420,0.913099,20.863680,0.560144,0.296272,0.220020,-0.741656
1.4376,5507,Render,Index_DIP,-17.810530,0.913244,20.881480,0.531436,0.345130,0.285398,-0.719034
1.4376,5507,Render,Index_FingerTip,-17.794420,0.912071,20.903000,0.531436,0.345130,0.285398,-0.719034
1.4376,5507,Render,Middle_MCP,-17.862970,0.884017,20.833500,0.609001,0.264087,0.183727,-0.724997
1.4376,5507,Render,Middle_PIP,-17.821100,0.886935,20.865530,0.558565,0.358648,0.298003,-0.685982
1.4376,5507,Render,Middle_DIP,-17.805430,0.886708,20.888400,0.500679,0.435826,0.394290,-0.635541
1.4376,5507,Render,Middle_FingerTip,-17.796680,0.884875,20.915250,0.500679,0.435826,0.394290,-0.635541
1.4376,5507,Render,Ring_MCP,-17.863570,0.859654,20.830290,0.636636,0.242910,0.163619,-0.713385
1.4376,5507,Render,Ring_PIP,-17.825020,0.863183,20.856110,0.604566,0.314341,0.244379,-0.689905
1.4376,5507,Render,Ring_DIP,-17.807030,0.864313,20.875320,0.568864,0.375107,0.314333,-0.660972
1.4376,5507,Render,Ring_FingerTip,-17.793580,0.864603,20.897340,0.568864,0.375107,0.314333,-0.660972
1.4376,5507,Render,Pinky_MCP,-17.869350,0.838309,20.826900,0.645931,0.250865,0.175533,-0.699305
1.4376,5507,Render,Pinky_PIP,-17.837360,0.841402,20.849650,0.606485,0.335168,0.267668,-0.669473
1.4376,5507,Render,Pinky_DIP,-17.825770,0.842286,20.863840,0.561602,0.405911,0.346506,-0.632276
1.4376,5507,Render,Pinky_FingerTip,-17.817520,0.842626,20.881130,0.561602,0.405911,0.346506,-0.632276
1.4517,5508,Real,Wrist,-17.961920,0.870479,20.784700,0.643048,0.194954,0.101981,-0.733541
1.4517,5508,Real,Thumb_CMC,-17.936190,0.903418,20.806910,0.065962,0.474879,-0.338569,-0.809636
1.4517,5508,Real,Thumb_MCP,-17.922150,0.930242,20.838710,-0.023480,0.478863,-0.182134,-0.858468
1.4517,5508,Real,Thumb_IP,-17.898860,0.944472,20.879450,-0.180333,0.444231,0.111644,-0.870445
1.4517,5508,Real,Thumb_FingerTip,-17.882320,0.934367,20.900340,-0.180333,0.444231,0.111644,-0.870445
1.4517,5508,Real,Index_MCP,-17.869870,0.912701,20.838230,0.588429,0.257051,0.166188,-0.748371
1.4517,5508,Real,Index_PIP,-17.831820,0.915219,20.865410,0.498018,0.405341,0.360665,-0.676460
1.4517,5508,Real,Index_DIP,-17.821140,0.913033,20.888970,0.385251,0.513717,0.513505,-0.569201
1.4517,5508,Real,Index_FingerTip,-17.822630,0.907956,20.915340,0.385251,0.513717,0.513505,-0.569201
1.4517,5508,Real,Middle_MCP,-17.864040,0.886290,20.833660,0.606236,0.289820,0.211577,-0.709731
1.4517,5508,Real,Middle_PIP,-17.824840,0.888987,20.868930,0.497155,0.452056,0.406916,-0.618791
1.4517,5508,Real,Middle_DIP,-17.817630,0.887487,20.895650,0.362659,0.565682,0.553688,-0.491846
1.4517,5508,Real,Middle_FingerTip,-17.824790,0.883685,20.922760,0.362659,0.565682,0.553688,-0.491846
1.4517,5508,Real,Ring_MCP,-17.864740,0.861866,20.830970,0.635019,0.268293,0.190072,-0.699030
1.4517,5508,Real,Ring_PIP,-17.828270,0.865357,20.859650,0.562931,0.397919,0.335200,-0.642192
1.4517,5508,Real,Ring_DIP,-17.816190,0.865817,20.883060,0.475650,0.498987,0.452727,-0.565516
1.4517,5508,Real,Ring_FingerTip,-17.813810,0.864853,20.908730,0.475650,0.498987,0.452727,-0.565516
1.4517,5508,Real,Pinky_MCP,-17.870610,0.840482,20.828010,0.647559,0.267859,0.192024,-0.687056
1.4517,5508,Real,Pinky_PIP,-17.839790,0.843752,20.852290,0.575273,0.400177,0.334546,-0.630078
1.4517,5508,Real,Pinky_DIP,-17.831430,0.844464,20.868610,0.487325,0.503582,0.449749,-0.553756
1.4517,5508,Real,Pinky_FingerTip,-17.829740,0.844325,20.887690,0.487325,0.503582,0.449749,-0.553756
1.4517,5508,Virtual,Wrist,-17.961390,0.869528,20.784730,0.638874,0.194349,0.100942,-0.737482
1.4517,5508,Virtual,Thumb_CMC,-17.935690,0.902305,20.807230,0.060298,0.475645,-0.337356,-0.810135
1.4517,5508,Virtual,Thumb_MCP,-17.921650,0.928826,20.839280,-0.029188,0.478562,-0.180848,-0.858732
1.4517,5508,Virtual,Thumb_IP,-17.898280,0.942685,20.880090,-0.185621,0.442062,0.112944,-0.870270
1.4517,5508,Virtual,Thumb_FingerTip,-17.881650,0.932405,20.900830,-0.185621,0.442062,0.112944,-0.870270
1.4517,5508,Virtual,Index_MCP,-17.869310,0.911458,20.838460,0.584170,0.255987,0.165543,-0.752205
1.4517,5508,Virtual,Index_PIP,-17.831190,0.913801,20.865550,0.494200,0.403174,0.361071,-0.680327
1.4517,5508,Virtual,Index_DIP,-17.820430,0.911392,20.889050,0.382071,0.510691,0.514833,-0.572856
1.4517,5508,Virtual,Index_FingerTip,-17.821830,0.906023,20.915370,0.382071,0.510691,0.514833,-0.572856
1.4517,5508,Virtual,Middle_MCP,-17.863410,0.885117,20.833570,0.602202,0.288591,0.211145,-0.713783
1.4517,5508,Virtual,Middle_PIP,-17.824110,0.887554,20.868760,0.493645,0.449719,0.407669,-0.622796
1.4517,5508,Virtual,Middle_DIP,-17.816820,0.885786,20.895440,0.359877,0.562513,0.555455,-0.495518
1.4517,5508,Virtual,Middle_FingerTip,-17.823890,0.881665,20.922530,0.359877,0.562513,0.555455,-0.495518
1.4517,5508,Virtual,Ring_MCP,-17.864040,0.860722,20.830620,0.631046,0.267244,0.189498,-0.703174
1.4517,5508,Virtual,Ring_PIP,-17.827500,0.864016,20.859230,0.559274,0.396044,0.335526,-0.646363
1.4517,5508,Virtual,Ring_DIP,-17.815350,0.864260,20.882610,0.472423,0.496442,0.453850,-0.569546
1.4517,5508,Virtual,Ring_FingerTip,-17.812890,0.863023,20.908270,0.472423,0.496442,0.453850,-0.569546
1.4517,5508,Virtual,Pinky_MCP,-17.869850,0.839352,20.827450,0.643654,0.266836,0.191448,-0.691271
1.4517,5508,Virtual,Pinky_PIP,-17.838980,0.842456,20.851670,0.571678,0.398342,0.334885,-0.634319
1.4517,5508,Virtual,Pinky_DIP,-17.830570,0.843017,20.867970,0.484151,0.501089,0.450900,-0.557851
1.4517,5508,Virtual,Pinky_FingerTip,-17.828820,0.842675,20.887040,0.484151,0.501089,0.450900,-0.557851
1.4517,5508,Render,Wrist,-17.961390,0.869528,20.784730,0.638874,0.194349,0.100942,-0.737482
1.4517,5508,Render,Thumb_CMC,-17.935690,0.902305,20.807230,0.012782,0.488565,-0.217624,-0.844856
1.4517,5508,Render,Thumb_MCP,-17.916910,0.919000,20.843230,-0.031821,0.487695,-0.139679,-0.861180
1.4517,5508,Render,Thumb_IP,-17.893110,0.929274,20.884850,-0.115409,0.474910,0.010853,-0.872367
1.4517,5508,Render,Thumb_FingerTip,-17.877480,0.925611,20.908390,-0.115409,0.474910,0.010853,-0.872367
1.4517,5508,Render,Index_MCP,-17.869310,0.911458,20.838460,0.590826,0.240224,0.145305,-0.756375
1.4517,5508,Render,Index_PIP,-17.829860,0.914457,20.863510,0.564072,0.297669,0.219646,-0.738223
1.4517,5508,Render,Index_DIP,-17.811010,0.914756,20.881350,0.535223,0.346872,0.284720,-0.715648
1.4517,5508,Render,Index_FingerTip,-17.794950,0.913782,20.902900,0.535223,0.346872,0.284720,-0.715648
1.4517,5508,Render,Middle_MCP,-17.863410,0.885117,20.833570,0.612848,0.265234,0.183557,-0.721370
1.4517,5508,Render,Middle_PIP,-17.821600,0.888299,20.865660,0.562178,0.360400,0.297251,-0.682430
1.4517,5508,Render,Middle_DIP,-17.805970,0.888286,20.888560,0.504000,0.438083,0.393031,-0.632135
1.4517,5508,Render,Middle_FingerTip,-17.797280,0.886721,20.915440,0.504000,0.438083,0.393031,-0.632135
1.4517,5508,Render,Ring_MCP,-17.864040,0.860722,20.830620,0.640424,0.243917,0.163577,-0.709651
1.4517,5508,Render,Ring_PIP,-17.825540,0.864457,20.856480,0.608213,0.315776,0.243909,-0.686201
1.4517,5508,Render,Ring_DIP,-17.807580,0.865757,20.875710,0.572343,0.376911,0.313483,-0.657336
1.4517,5508,Render,Ring_FingerTip,-17.794180,0.866256,20.897750,0.572343,0.376911,0.313483,-0.657336
1.4517,5508,Render,Pinky_MCP,-17.869850,0.839352,20.827450,0.649640,0.251913,0.175446,-0.695505
1.4517,5508,Render,Pinky_PIP,-17.837900,0.842630,20.850220,0.610019,0.336703,0.267073,-0.665718
1.4517,5508,Render,Pinky_DIP,-17.826340,0.843643,20.864420,0.564926,0.407861,0.345462,-0.628621
1.4517,5508,Render,Pinky_FingerTip,-17.818120,0.844151,20.881720,0.564926,0.407861,0.345462,-0.628621
1.4651,5509,Real,Wrist,-17.962330,0.870894,20.784760,0.645584,0.194762,0.102869,-0.731238
1.4651,5509,Real,Thumb_CMC,-17.936530,0.903896,20.806790,0.073863,0.467603,-0.340305,-0.812456
1.4651,5509,Real,Thumb_MCP,-17.922000,0.931210,20.837950,-0.011986,0.473249,-0.187644,-0.860629
1.4651,5509,Real,Thumb_IP,-17.898380,0.946490,20.878110,-0.163616,0.444228,0.099240,-0.875239
1.4651,5509,Real,Thumb_FingerTip,-17.881690,0.937396,20.899340,-0.163616,0.444228,0.099240,-0.875239
1.4651,5509,Real,Index_MCP,-17.870220,0.913177,20.838130,0.592130,0.254689,0.163760,-0.746792
1.4651,5509,Real,Index_PIP,-17.831980,0.915847,20.865030,0.506078,0.399211,0.351392,-0.678999
1.4651,5509,Real,Index_DIP,-17.820710,0.913949,20.888330,0.398950,0.506284,0.500137,-0.578255
1.4651,5509,Real,Index_FingerTip,-17.821050,0.909256,20.914820,0.398950,0.506284,0.500137,-0.578255
1.4651,5509,Real,Middle_MCP,-17.864470,0.886720,20.833730,0.610231,0.286930,0.208527,-0.708383
1.4651,5509,Real,Middle_PIP,-17.824950,0.889611,20.868640,0.507902,0.443561,0.395145,-0.623819
1.4651,5509,Real,Middle_DIP,-17.816800,0.888435,20.895100,0.382086,0.555626,0.537459,-0.506387
1.4651,5509,Real,Middle_FingerTip,-17.822320,0.885046,20.922650,0.382086,0.555626,0.537459,-0.506387
1.4651,5509,Real,Ring_MCP,-17.865240,0.862282,20.831190,0.640164,0.261955,0.183668,-0.698453
1.4651,5509,Real,Ring_PIP,-17.828230,0.865950,20.859170,0.578116,0.379753,0.314084,-0.650324
1.4651,5509,Real,Ring_DIP,-17.814680,0.866755,20.881740,0.503876,0.473855,0.421638,-0.586337
1.4651,5509,Real,Ring_FingerTip,-17.809640,0.866319,20.907050,0.503876,0.473855,0.421638,-0.586337
1.4651,5509,Real,Pinky_MCP,-17.871170,0.840897,20.828370,0.652659,0.261375,0.185732,-0.686457
1.4651,5509,Real,Pinky_PIP,-17.839890,0.844290,20.852040,0.590491,0.381577,0.313811,-0.638156
1.4651,5509,Real,Pinky_DIP,-17.830500,0.845210,20.867780,0.515750,0.477789,0.419269,-0.574398
1.4651,5509,Real,Pinky_FingerTip,-17.826830,0.845424,20.886580,0.515750,0.477789,0.419269,-0.574398
1.4651,5509,Virtual,Wrist,-17.961930,0.870479,20.784710,0.643048,0.194954,0.101982,-0.733541
1.4651,5509,Virtual,Thumb_CMC,-17.936200,0.903418,20.806920,0.070390,0.468280,-0.340098,-0.812461
1.4651,5509,Virtual,Thumb_MCP,-17.921700,0.930580,20.838230,-0.015523,0.473286,-0.187440,-0.860597
1.4651,5509,Virtual,Thumb_IP,-17.898090,0.945678,20.878450,-0.166977,0.443124,0.099424,-0.875143
1.4651,5509,Virtual,Thumb_FingerTip,-17.881340,0.936501,20.899610,-0.166977,0.443124,0.099424,-0.875143
1.4651,5509,Virtual,Index_MCP,-17.869880,0.912702,20.838240,0.589494,0.254599,0.163071,-0.749056
1.4651,5509,Virtual,Index_PIP,-17.831610,0.915318,20.865100,0.503554,0.398442,0.351312,-0.681364
1.4651,5509,Virtual,Index_DIP,-17.820300,0.913307,20.888380,0.396675,0.504948,0.500611,-0.580574
1.4651,5509,Virtual,Index_FingerTip,-17.820600,0.908447,20.914830,0.396675,0.504948,0.500611,-0.580574
1.4651,5509,Virtual,Middle_MCP,-17.864050,0.886290,20.833660,0.607694,0.286750,0.207985,-0.710792
1.4651,5509,Virtual,Middle_PIP,-17.824500,0.889081,20.868530,0.505512,0.442691,0.395286,-0.626284
1.4651,5509,Virtual,Middle_DIP,-17.816300,0.887763,20.894980,0.379986,0.554191,0.538207,-0.508740
1.4651,5509,Virtual,Middle_FingerTip,-17.821780,0.884184,20.922510,0.379986,0.554191,0.538207,-0.508740
1.4651,5509,Virtual,Ring_MCP,-17.864750,0.861867,20.830970,0.637681,0.261905,0.183045,-0.700903
1.4651,5509,Virtual,Ring_PIP,-17.827720,0.865470,20.858920,0.575688,0.379228,0.313942,-0.652848
1.4651,5509,Virtual,Ring_DIP,-17.814140,0.866174,20.881490,0.501576,0.472919,0.421934,-0.588848
1.4651,5509,Virtual,Ring_FingerTip,-17.809070,0.865593,20.906780,0.501576,0.472919,0.421934,-0.588848
1.4651,5509,Virtual,Pinky_MCP,-17.870620,0.840482,20.828020,0.650215,0.261344,0.185117,-0.688949
1.4651,5509,Virtual,Pinky_PIP,-17.839320,0.843821,20.851670,0.588098,0.381079,0.313685,-0.640719
1.4651,5509,Virtual,Pinky_DIP,-17.829920,0.844669,20.867400,0.513480,0.476885,0.419588,-0.576945
1.4651,5509,Virtual,Pinky_FingerTip,-17.826220,0.844776,20.886200,0.513480,0.476885,0.419588,-0.576945
1.4651,5509,Render,Wrist,-17.961930,0.870479,20.784710,0.643048,0.194954,0.101982,-0.733541
1.4651,5509,Render,Thumb_CMC,-17.936200,0.903418,20.806920,0.018483,0.488578,-0.218925,-0.844407
1.4651,5509,Render,Thumb_MCP,-17.917460,0.920446,20.842790,-0.026145,0.488228,-0.141015,-0.860852
1.4651,5509,Render,Thumb_IP,-17.893760,0.931099,20.884370,-0.109909,0.476413,0.009480,-0.872273
1.4651,5509,Render,Thumb_FingerTip,-17.878200,0.927643,20.907990,-0.109909,0.476413,0.009480,-0.872273
1.4651,5509,Render,Index_MCP,-17.869880,0.912702,20.838240,0.595112,0.241174,0.146054,-0.752559
1.4651,5509,Render,Index_PIP,-17.830490,0.915850,20.863380,0.568242,0.299039,0.220012,-0.734351
1.4651,5509,Render,Index_DIP,-17.811700,0.916284,20.881270,0.539254,0.348609,0.284738,-0.711759
1.4651,5509,Render,Index_FingerTip,-17.795690,0.915494,20.902880,0.539254,0.348609,0.284738,-0.711759
1.4651,5509,Render,Middle_MCP,-17.864050,0.886290,20.833660,0.616927,0.266307,0.184145,-0.717338
1.4651,5509,Render,Middle_PIP,-17.822320,0.889691,20.865830,0.566031,0.362115,0.297182,-0.678355
1.4651,5509,Render,Middle_DIP,-17.806760,0.889878,20.888780,0.507563,0.440338,0.392373,-0.628113
1.4651,5509,Render,Middle_FingerTip,-17.798150,0.888578,20.915700,0.507563,0.440338,0.392373,-0.628113
1.4651,5509,Render,Ring_MCP,-17.864750,0.861867,20.830970,0.644433,0.244820,0.164303,-0.705531
1.4651,5509,Render,Ring_PIP,-17.826300,0.865762,20.856900,0.612093,0.317133,0.244157,-0.682024
1.4651,5509,Render,Ring_DIP,-17.808400,0.867216,20.876170,0.576061,0.378661,0.313299,-0.653157
1.4651,5509,Render,Ring_FingerTip,-17.795060,0.867912,20.898250,0.576061,0.378661,0.313299,-0.653157
1.4651,5509,Render,Pinky_MCP,-17.870620,0.840482,20.828020,0.653567,0.252845,0.176119,-0.691304
1.4651,5509,Render,Pinky_PIP,-17.838720,0.843908,20.850850,0.613786,0.338153,0.267177,-0.661465
1.4651,5509,Render,Pinky_DIP,-17.827190,0.845039,20.865070,0.568490,0.409756,0.345052,-0.624387
1.4651,5509,Render,Pinky_FingerTip,-17.819030,0.845709,20.882390,0.568490,0.409756,0.345052,-0.624387
1.4795,5510,Real,Wrist,-17.962900,0.871600,20.784780,0.648837,0.195188,0.103008,-0.728218
1.4795,5510,Real,Thumb_CMC,-17.937070,0.904752,20.806550,0.077975,0.466595,-0.341659,-0.812083
1.4795,5510,Real,Thumb_MCP,-17.922530,0.932314,20.837490,-0.007758,0.473002,-0.189042,-0.860507
1.4795,5510,Real,Thumb_IP,-17.898950,0.947906,20.877550,-0.159534,0.445354,0.097877,-0.875574
1.4795,5510,Real,Thumb_FingerTip,-17.882300,0.938971,20.898880,-0.159534,0.445354,0.097877,-0.875574
1.4795,5510,Real,Index_MCP,-17.870790,0.914203,20.837910,0.595458,0.255430,0.163616,-0.743919
1.4795,5510,Real,Index_PIP,-17.832580,0.917049,20.864830,0.509101,0.400788,0.350509,-0.676261
1.4795,5510,Real,Index_DIP,-17.821340,0.915336,20.888160,0.401521,0.508523,0.498639,-0.575799
1.4795,5510,Real,Index_FingerTip,-17.821730,0.910874,20.914690,0.401521,0.508523,0.498639,-0.575799
1.4795,5510,Real,Middle_MCP,-17.865070,0.887700,20.833740,0.613387,0.287826,0.208224,-0.705376
1.4795,5510,Real,Middle_PIP,-17.825590,0.890834,20.868670,0.510690,0.445290,0.394028,-0.621011
1.4795,5510,Real,Middle_DIP,-17.817470,0.889875,20.895160,0.384359,0.557993,0.535680,-0.503944
1.4795,5510,Real,Middle_FingerTip,-17.823040,0.886735,20.922730,0.384359,0.557993,0.535680,-0.503944
1.4795,5510,Real,Ring_MCP,-17.865880,0.863242,20.831420,0.643274,0.262714,0.183486,-0.695351
1.4795,5510,Real,Ring_PIP,-17.828900,0.867096,20.859410,0.581023,0.381094,0.313311,-0.647315
1.4795,5510,Real,Ring_DIP,-17.815380,0.868077,20.881990,0.506508,0.475678,0.420358,-0.583507
1.4795,5510,Real,Ring_FingerTip,-17.810370,0.867853,20.907300,0.506508,0.475678,0.420358,-0.583507
1.4795,5510,Real,Pinky_MCP,-17.871830,0.841843,20.828770,0.655715,0.262125,0.185551,-0.683301
1.4795,5510,Real,Pinky_PIP,-17.840580,0.845394,20.852450,0.593346,0.382899,0.313029,-0.635092
1.4795,5510,Real,Pinky_DIP,-17.831210,0.846435,20.868190,0.518335,0.479584,0.417970,-0.571516
1.4795,5510,Real,Pinky_FingerTip,-17.827560,0.846807,20.886990,0.518335,0.479584,0.417970,-0.571516
1.4795,5510,Virtual,Wrist,-17.962340,0.870894,20.784760,0.645583,0.194762,0.102869,-0.731238
1.4795,5510,Virtual,Thumb_CMC,-17.936540,0.903895,20.806800,0.073863,0.467603,-0.340305,-0.812456
1.4795,5510,Virtual,Thumb_MCP,-17.922000,0.931209,20.837950,-0.011986,0.473249,-0.187644,-0.860629
1.4795,5510,Virtual,Thumb_IP,-17.898380,0.946489,20.878110,-0.163616,0.444228,0.099240,-0.875239
1.4795,5510,Virtual,Thumb_FingerTip,-17.881690,0.937396,20.899350,-0.163616,0.444228,0.099240,-0.875239
1.4795,5510,Virtual,Index_MCP,-17.870230,0.913176,20.838140,0.592130,0.254689,0.163760,-0.746792
1.4795,5510,Virtual,Index_PIP,-17.831980,0.915847,20.865040,0.506078,0.399211,0.351392,-0.678999
1.4795,5510,Virtual,Index_DIP,-17.820710,0.913949,20.888340,0.398950,0.506284,0.500137,-0.578256
1.4795,5510,Virtual,Index_FingerTip,-17.821060,0.909256,20.914820,0.398950,0.506284,0.500137,-0.578256
1.4795,5510,Virtual,Middle_MCP,-17.864470,0.886719,20.833740,0.610231,0.286930,0.208527,-0.708383
1.4795,5510,Virtual,Middle_PIP,-17.824950,0.889610,20.868640,0.507902,0.443560,0.395145,-0.623820
1.4795,5510,Virtual,Middle_DIP,-17.816800,0.888434,20.895110,0.382086,0.555626,0.537459,-0.506388
1.4795,5510,Virtual,Middle_FingerTip,-17.822320,0.885046,20.922660,0.382086,0.555626,0.537459,-0.506388
1.4795,5510,Virtual,Ring_MCP,-17.865240,0.862281,20.831200,0.640164,0.261955,0.183668,-0.698453
1.4795,5510,Virtual,Ring_PIP,-17.828240,0.865949,20.859170,0.578116,0.379753,0.314084,-0.650324
1.4795,5510,Virtual,Ring_DIP,-17.814690,0.866755,20.881750,0.503876,0.473855,0.421638,-0.586337
1.4795,5510,Virtual,Ring_FingerTip,-17.809650,0.866318,20.907050,0.503876,0.473855,0.421638,-0.586337
1.4795,5510,Virtual,Pinky_MCP,-17.871170,0.840897,20.828370,0.652659,0.261375,0.185732,-0.686458
1.4795,5510,Virtual,Pinky_PIP,-17.839900,0.844290,20.852050,0.590490,0.381577,0.313811,-0.638156
1.4795,5510,Virtual,Pinky_DIP,-17.830510,0.845209,20.867780,0.515750,0.477789,0.419269,-0.574399
1.4795,5510,Virtual,Pinky_FingerTip,-17.826830,0.845424,20.886580,0.515750,0.477789,0.419269,-0.574399
1.4795,5510,Render,Wrist,-17.962340,0.870894,20.784760,0.645583,0.194762,0.102869,-0.731238
1.4795,5510,Render,Thumb_CMC,-17.936540,0.903895,20.806800,0.020667,0.479551,-0.220929,-0.848996
1.4795,5510,Render,Thumb_MCP,-17.917110,0.921238,20.842150,-0.023147,0.479438,-0.142592,-0.865605
1.4795,5510,Render,Thumb_IP,-17.892610,0.932253,20.883170,-0.105441,0.468272,0.008746,-0.877227
1.4795,5510,Render,Thumb_FingerTip,-17.876620,0.929002,20.906530,-0.105441,0.468272,0.008746,-0.877227
1.4795,5510,Render,Index_MCP,-17.870230,0.913176,20.838140,0.597750,0.241204,0.146794,-0.750312
1.4795,5510,Render,Index_PIP,-17.830860,0.916364,20.863310,0.570864,0.299331,0.220526,-0.732041
1.4795,5510,Render,Index_DIP,-17.812090,0.916854,20.881220,0.541840,0.349134,0.285043,-0.709413
1.4795,5510,Render,Index_FingerTip,-17.796110,0.916153,20.902850,0.541840,0.349134,0.285043,-0.709413
1.4795,5510,Render,Middle_MCP,-17.864470,0.886719,20.833740,0.619468,0.266402,0.184766,-0.714949
1.4795,5510,Render,Middle_PIP,-17.822770,0.890197,20.865940,0.568524,0.362617,0.297411,-0.675897
1.4795,5510,Render,Middle_DIP,-17.807240,0.890482,20.888900,0.509957,0.441196,0.392243,-0.625649
1.4795,5510,Render,Middle_FingerTip,-17.798670,0.889326,20.915850,0.509957,0.441196,0.392243,-0.625649
1.4795,5510,Render,Ring_MCP,-17.865240,0.862281,20.831200,0.646917,0.244804,0.164991,-0.703099
1.4795,5510,Render,Ring_PIP,-17.826820,0.866224,20.857150,0.614562,0.317402,0.244562,-0.679529
1.4795,5510,Render,Ring_DIP,-17.808930,0.867746,20.876440,0.578489,0.379184,0.313444,-0.650633
1.4795,5510,Render,Ring_FingerTip,-17.795620,0.868541,20.898520,0.578489,0.379184,0.313444,-0.650633
1.4795,5510,Render,Pinky_MCP,-17.871170,0.840897,20.828370,0.656011,0.252844,0.176767,-0.688821
1.4795,5510,Render,Pinky_PIP,-17.839290,0.844370,20.851220,0.616208,0.338479,0.267485,-0.658917
1.4795,5510,Render,Pinky_DIP,-17.827780,0.845556,20.865450,0.570855,0.410371,0.345051,-0.621820
1.4795,5510,Render,Pinky_FingerTip,-17.819640,0.846311,20.882780,0.570855,0.410371,0.345051,-0.621820
1.4935,5511,Real,Wrist,-17.963410,0.871903,20.784930,0.650768,0.196265,0.102746,-0.726241
1.4935,5511,Real,Thumb_CMC,-17.937640,0.905194,20.806560,0.084465,0.463398,-0.347940,-0.810596
1.4935,5511,Real,Thumb_MCP,-17.923220,0.933400,20.836970,0.004491,0.471012,-0.205134,-0.857933
1.4935,5511,Real,Thumb_IP,-17.900070,0.950866,20.876510,-0.138224,0.450296,0.064048,-0.879788
1.4935,5511,Real,Thumb_FingerTip,-17.883360,0.944106,20.898580,-0.138224,0.450296,0.064048,-0.879788
1.4935,5511,Real,Index_MCP,-17.871410,0.914865,20.837970,0.598764,0.253400,0.159067,-0.742946
1.4935,5511,Real,Index_PIP,-17.832970,0.918007,20.864520,0.519992,0.390305,0.333523,-0.682666
1.4935,5511,Real,Index_DIP,-17.820690,0.916723,20.887350,0.422688,0.494029,0.473976,-0.593816
1.4935,5511,Real,Index_FingerTip,-17.819010,0.912815,20.913910,0.422688,0.494029,0.473976,-0.593816
1.4935,5511,Real,Middle_MCP,-17.865670,0.888342,20.833960,0.617041,0.285094,0.203014,-0.704817
1.4935,5511,Real,Middle_PIP,-17.825800,0.891809,20.868410,0.523882,0.433089,0.376120,-0.629695
1.4935,5511,Real,Middle_DIP,-17.816320,0.891257,20.894450,0.410165,0.542018,0.510926,-0.526248
1.4935,5511,Real,Middle_FingerTip,-17.819430,0.888622,20.922460,0.410165,0.542018,0.510926,-0.526248
1.4935,5511,Real,Ring_MCP,-17.866460,0.863871,20.831770,0.648315,0.255807,0.174247,-0.695621
1.4935,5511,Real,Ring_PIP,-17.828840,0.868025,20.858850,0.597906,0.358131,0.285380,-0.657882
1.4935,5511,Real,Ring_DIP,-17.813540,0.869415,20.880250,0.538797,0.442094,0.378944,-0.608812
1.4935,5511,Real,Ring_FingerTip,-17.805230,0.869802,20.904680,0.538797,0.442094,0.378944,-0.608812
1.4935,5511,Real,Pinky_MCP,-17.872400,0.842453,20.829240,0.660712,0.255061,0.176480,-0.683564
1.4935,5511,Real,Pinky_PIP,-17.840600,0.846224,20.852150,0.610258,0.359418,0.285616,-0.645622
1.4935,5511,Real,Pinky_DIP,-17.829990,0.847506,20.867060,0.550826,0.445182,0.377377,-0.596650
1.4935,5511,Real,Pinky_FingerTip,-17.823880,0.848274,20.885200,0.550826,0.445182,0.377377,-0.596650
1.4935,5511,Virtual,Wrist,-17.962900,0.871601,20.784780,0.648837,0.195188,0.103008,-0.728219
1.4935,5511,Virtual,Thumb_CMC,-17.937070,0.904752,20.806560,0.082018,0.463712,-0.346435,-0.811312
1.4935,5511,Virtual,Thumb_MCP,-17.922590,0.932776,20.837110,0.002026,0.470905,-0.203529,-0.858383
1.4935,5511,Virtual,Thumb_IP,-17.899370,0.950001,20.876700,-0.140542,0.449448,0.065714,-0.879731
1.4935,5511,Virtual,Thumb_FingerTip,-17.882630,0.943106,20.898710,-0.140542,0.449448,0.065714,-0.879731
1.4935,5511,Virtual,Index_MCP,-17.870790,0.914204,20.837910,0.596848,0.252165,0.159538,-0.744804
1.4935,5511,Virtual,Index_PIP,-17.832300,0.917171,20.864420,0.518431,0.388644,0.334428,-0.684356
1.4935,5511,Virtual,Index_DIP,-17.819990,0.915749,20.887230,0.421525,0.492069,0.475227,-0.595269
1.4935,5511,Virtual,Index_FingerTip,-17.818270,0.911689,20.913760,0.421525,0.492069,0.475227,-0.595269
1.4935,5511,Virtual,Middle_MCP,-17.865070,0.887700,20.833740,0.615279,0.283759,0.203549,-0.706740
1.4935,5511,Virtual,Middle_PIP,-17.825150,0.890946,20.868150,0.522519,0.431348,0.377128,-0.631417
1.4935,5511,Virtual,Middle_DIP,-17.815630,0.890240,20.894170,0.409239,0.540010,0.512303,-0.527692
1.4935,5511,Virtual,Middle_FingerTip,-17.818690,0.887447,20.922170,0.409239,0.540010,0.512303,-0.527692
1.4935,5511,Virtual,Ring_MCP,-17.865880,0.863243,20.831420,0.646547,0.254551,0.174670,-0.697618
1.4935,5511,Virtual,Ring_PIP,-17.828220,0.867219,20.858460,0.596367,0.356604,0.286123,-0.659783
1.4935,5511,Virtual,Ring_DIP,-17.812880,0.868478,20.879840,0.537499,0.440357,0.379959,-0.610583
1.4935,5511,Virtual,Ring_FingerTip,-17.804540,0.868720,20.904260,0.537499,0.440357,0.379959,-0.610583
1.4935,5511,Virtual,Pinky_MCP,-17.871830,0.841843,20.828770,0.658980,0.253805,0.176888,-0.685594
1.4935,5511,Virtual,Pinky_PIP,-17.840000,0.845464,20.851650,0.608755,0.357896,0.286350,-0.647559
1.4935,5511,Virtual,Pinky_DIP,-17.829360,0.846654,20.866550,0.549563,0.443455,0.378387,-0.598458
1.4935,5511,Virtual,Pinky_FingerTip,-17.823230,0.847316,20.884690,0.549563,0.443455,0.378387,-0.598458
1.4935,5511,Render,Wrist,-17.962900,0.871601,20.784780,0.648837,0.195188,0.103008,-0.728219
1.4935,5511,Render,Thumb_CMC,-17.937070,0.904752,20.806560,0.024870,0.479127,-0.222342,-0.848754
1.4935,5511,Render,Thumb_MCP,-17.917670,0.922372,20.841790,-0.018923,0.479398,-0.144022,-0.865493
1.4935,5511,Render,Thumb_IP,-17.893210,0.933706,20.882740,-0.101273,0.468961,0.007318,-0.877363
1.4935,5511,Render,Thumb_FingerTip,-17.877250,0.930633,20.906150,-0.101273,0.468961,0.007318,-0.877363
1.4935,5511,Render,Index_MCP,-17.870790,0.914204,20.837910,0.601094,0.241870,0.146714,-0.747436
1.4935,5511,Render,Index_PIP,-17.831460,0.917550,20.863110,0.574125,0.300325,0.220161,-0.729188
1.4935,5511,Render,Index_DIP,-17.812700,0.918167,20.881030,0.544999,0.350416,0.284425,-0.706603
1.4935,5511,Render,Index_FingerTip,-17.796760,0.917629,20.902690,0.544999,0.350416,0.284425,-0.706603
1.4935,5511,Render,Middle_MCP,-17.865070,0.887700,20.833740,0.622652,0.267192,0.184564,-0.711933
1.4935,5511,Render,Middle_PIP,-17.823410,0.891394,20.865970,0.571539,0.363910,0.296726,-0.672954
1.4935,5511,Render,Middle_DIP,-17.807910,0.891854,20.888950,0.512753,0.442913,0.391138,-0.622835
1.4935,5511,Render,Middle_FingerTip,-17.799370,0.890920,20.915910,0.512753,0.442913,0.391138,-0.622835
1.4935,5511,Render,Ring_MCP,-17.865880,0.863243,20.831420,0.650046,0.245480,0.164892,-0.699994
1.4935,5511,Render,Ring_PIP,-17.827480,0.867352,20.857390,0.617593,0.318433,0.244107,-0.676456
1.4935,5511,Render,Ring_DIP,-17.809620,0.869013,20.876680,0.581398,0.380522,0.312674,-0.647623
1.4935,5511,Render,Ring_FingerTip,-17.796340,0.869980,20.898780,0.581398,0.380522,0.312674,-0.647623
1.4935,5511,Render,Pinky_MCP,-17.871830,0.841843,20.828770,0.659076,0.253555,0.176627,-0.685662
1.4935,5511,Render,Pinky_PIP,-17.839980,0.845466,20.851630,0.619150,0.339594,0.266923,-0.655806
1.4935,5511,Render,Pinky_DIP,-17.828480,0.846758,20.865860,0.573642,0.411834,0.344118,-0.618799
1.4935,5511,Render,Pinky_FingerTip,-17.820360,0.847651,20.883190,0.573642,0.411834,0.344118,-0.618799
1.5081,5512,Real,Wrist,-17.963490,0.871843,20.785020,0.650565,0.194961,0.100938,-0.727026
1.5081,5512,Real,Thumb_CMC,-17.937670,0.905146,20.806570,0.085368,0.459256,-0.350278,-0.811851
1.5081,5512,Real,Thumb_MCP,-17.923050,0.933563,20.836690,0.008361,0.467048,-0.211412,-0.858546
1.5081,5512,Real,Thumb_IP,-17.899800,0.951744,20.875830,-0.129404,0.448841,0.050508,-0.882749
1.5081,5512,Real,Thumb_FingerTip,-17.882920,0.945893,20.898040,-0.129404,0.448841,0.050508,-0.882749
1.5081,5512,Real,Index_MCP,-17.871310,0.914867,20.837680,0.599033,0.251085,0.156250,-0.744111
1.5081,5512,Real,Index_PIP,-17.832670,0.918064,20.863950,0.523562,0.384404,0.326188,-0.686817
1.5081,5512,Real,Index_DIP,-17.819910,0.916882,20.886520,0.430581,0.486297,0.463868,-0.602448
1.5081,5512,Real,Index_FingerTip,-17.817310,0.913113,20.913020,0.430581,0.486297,0.463868,-0.602448
1.5081,5512,Real,Middle_MCP,-17.865550,0.888354,20.833620,0.617480,0.282777,0.200192,-0.706172
1.5081,5512,Real,Middle_PIP,-17.825420,0.891865,20.867770,0.527500,0.427772,0.369902,-0.633979
1.5081,5512,Real,Middle_DIP,-17.815440,0.891374,20.893620,0.417836,0.535404,0.502951,-0.534599
1.5081,5512,Real,Middle_FingerTip,-17.817680,0.888817,20.921720,0.417836,0.535404,0.502951,-0.534599
1.5081,5512,Real,Ring_MCP,-17.866320,0.863884,20.831420,0.648810,0.253115,0.170957,-0.696960
1.5081,5512,Real,Ring_PIP,-17.828470,0.868079,20.858160,0.600804,0.352216,0.278675,-0.661301
1.5081,5512,Real,Ring_DIP,-17.812750,0.869519,20.879260,0.544714,0.433944,0.369737,-0.615040
1.5081,5512,Real,Ring_FingerTip,-17.803720,0.869982,20.903420,0.544714,0.433944,0.369737,-0.615040
1.5081,5512,Real,Pinky_MCP,-17.872250,0.842462,20.828890,0.661216,0.252375,0.173196,-0.684912
1.5081,5512,Real,Pinky_PIP,-17.840250,0.846261,20.851520,0.613171,0.353441,0.278986,-0.649051
1.5081,5512,Real,Pinky_DIP,-17.829350,0.847569,20.866220,0.556782,0.436913,0.368306,-0.602869
1.5081,5512,Real,Pinky_FingerTip,-17.822700,0.848382,20.884170,0.556782,0.436913,0.368306,-0.602869
1.5081,5512,Virtual,Wrist,-17.963410,0.871902,20.784930,0.650768,0.196265,0.102746,-0.726241
1.5081,5512,Virtual,Thumb_CMC,-17.937640,0.905193,20.806570,0.086782,0.460884,-0.349810,-0.810980
1.5081,5512,Virtual,Thumb_MCP,-17.923130,0.933620,20.836730,0.009487,0.468887,-0.211095,-0.857610
1.5081,5512,Virtual,Thumb_IP,-17.900030,0.951809,20.875960,-0.128868,0.450930,0.050535,-0.881761
1.5081,5512,Virtual,Thumb_FingerTip,-17.883270,0.945957,20.898250,-0.128868,0.450930,0.050535,-0.881761
1.5081,5512,Virtual,Index_MCP,-17.871420,0.914864,20.837970,0.599152,0.252481,0.157927,-0.743189
1.5081,5512,Virtual,Index_PIP,-17.832890,0.918040,20.864410,0.523350,0.385790,0.327602,-0.685527
1.5081,5512,Virtual,Index_DIP,-17.820230,0.916863,20.887040,0.430081,0.487606,0.464978,-0.600888
1.5081,5512,Virtual,Index_FingerTip,-17.817760,0.913113,20.913560,0.430081,0.487606,0.464978,-0.600888
1.5081,5512,Virtual,Middle_MCP,-17.865670,0.888342,20.833970,0.617501,0.284097,0.201874,-0.705145
1.5081,5512,Virtual,Middle_PIP,-17.825700,0.891835,20.868280,0.527191,0.429054,0.371275,-0.632564
1.5081,5512,Virtual,Middle_DIP,-17.815820,0.891355,20.894180,0.417248,0.536585,0.503971,-0.532912
1.5081,5512,Virtual,Middle_FingerTip,-17.818200,0.888826,20.922270,0.417248,0.536585,0.503971,-0.532912
1.5081,5512,Virtual,Ring_MCP,-17.866460,0.863871,20.831780,0.648876,0.254382,0.172718,-0.696002
1.5081,5512,Virtual,Ring_PIP,-17.828720,0.868045,20.858690,0.600669,0.353478,0.280262,-0.660079
1.5081,5512,Virtual,Ring_DIP,-17.813100,0.869485,20.879850,0.544402,0.435174,0.371135,-0.613604
1.5081,5512,Virtual,Ring_FingerTip,-17.804180,0.869958,20.904050,0.544402,0.435174,0.371135,-0.613604
1.5081,5512,Virtual,Pinky_MCP,-17.872400,0.842453,20.829240,0.661271,0.253609,0.174978,-0.683949
1.5081,5512,Virtual,Pinky_PIP,-17.840510,0.846235,20.852010,0.613031,0.354668,0.280594,-0.647820
1.5081,5512,Virtual,Pinky_DIP,-17.829660,0.847543,20.866750,0.556469,0.438108,0.369723,-0.601422
1.5081,5512,Virtual,Pinky_FingerTip,-17.823100,0.848364,20.884730,0.556469,0.438108,0.369723,-0.601422
1.5081,5512,Render,Wrist,-17.963410,0.871902,20.784930,0.650768,0.196265,0.102746,-0.726241
1.5081,5512,Render,Thumb_CMC,-17.937640,0.905193,20.806570,0.026851,0.476011,-0.224546,-0.849866
1.5081,5512,Render,Thumb_MCP,-17.918060,0.923075,20.841560,-0.016666,0.476476,-0.146115,-0.866801
1.5081,5512,Render,Thumb_IP,-17.893380,0.934716,20.882300,-0.098547,0.466472,0.005482,-0.879013
1.5081,5512,Render,Thumb_FingerTip,-17.877290,0.931821,20.905640,-0.098547,0.466472,0.005482,-0.879013
1.5081,5512,Render,Index_MCP,-17.871420,0.914864,20.837970,0.603030,0.243072,0.146275,-0.745570
1.5081,5512,Render,Index_PIP,-17.832120,0.918379,20.863200,0.575933,0.301713,0.219539,-0.727375
1.5081,5512,Render,Index_DIP,-17.813390,0.919110,20.881160,0.546675,0.351960,0.283644,-0.704853
1.5081,5512,Render,Index_FingerTip,-17.797490,0.918705,20.902850,0.546675,0.351960,0.283644,-0.704853
1.5081,5512,Render,Middle_MCP,-17.865670,0.888342,20.833970,0.624449,0.268480,0.184080,-0.709998
1.5081,5512,Render,Middle_PIP,-17.824060,0.892245,20.866240,0.573105,0.365470,0.295937,-0.671121
1.5081,5512,Render,Middle_DIP,-17.808600,0.892846,20.889230,0.514077,0.444683,0.390092,-0.621136
1.5081,5512,Render,Middle_FingerTip,-17.800110,0.892070,20.916220,0.514077,0.444683,0.390092,-0.621136
1.5081,5512,Render,Ring_MCP,-17.866460,0.863871,20.831780,0.651831,0.246710,0.164496,-0.697991
1.5081,5512,Render,Ring_PIP,-17.828110,0.868152,20.857790,0.619225,0.319860,0.243484,-0.674512
1.5081,5512,Render,Ring_DIP,-17.810280,0.869934,20.877090,0.582874,0.382110,0.311853,-0.645754
1.5081,5512,Render,Ring_FingerTip,-17.797030,0.871035,20.899210,0.582874,0.382110,0.311853,-0.645754
1.5081,5512,Render,Pinky_MCP,-17.872400,0.842453,20.829240,0.660809,0.254810,0.176220,-0.683630
1.5081,5512,Render,Pinky_PIP,-17.840590,0.846225,20.852130,0.620699,0.341071,0.266248,-0.653847
1.5081,5512,Render,Pinky_DIP,-17.829110,0.847606,20.866370,0.575001,0.413486,0.343210,-0.616936
1.5081,5512,Render,Pinky_FingerTip,-17.821020,0.848603,20.883710,0.575001,0.413486,0.343210,-0.616936
1.5225,5513,Real,Wrist,-17.963910,0.871929,20.785100,0.651869,0.194645,0.100916,-0.725945
1.5225,5513,Real,Thumb_CMC,-17.938040,0.905273,20.806520,0.091549,0.451862,-0.352826,-0.814220
1.5225,5513,Real,Thumb_MCP,-17.922990,0.934135,20.836000,0.018775,0.460661,-0.219319,-0.859848
1.5225,5513,Real,Thumb_IP,-17.899490,0.953475,20.874440,-0.112168,0.447190,0.032606,-0.886779
1.5225,5513,Real,Thumb_FingerTip,-17.882440,0.948968,20.896830,-0.112168,0.447190,0.032606,-0.886779
1.5225,5513,Real,Index_MCP,-17.871660,0.915021,20.837580,0.600790,0.249963,0.155015,-0.743331
1.5225,5513,Real,Index_PIP,-17.832930,0.918295,20.863710,0.529062,0.378844,0.318437,-0.689325
1.5225,5513,Real,Index_DIP,-17.819690,0.917304,20.886010,0.441132,0.478364,0.451752,-0.610321
1.5225,5513,Real,Index_FingerTip,-17.816080,0.913824,20.912440,0.441132,0.478364,0.451752,-0.610321
1.5225,5513,Real,Middle_MCP,-17.865940,0.888489,20.833610,0.619438,0.281276,0.198462,-0.705544
1.5225,5513,Real,Middle_PIP,-17.825640,0.892102,20.867560,0.533262,0.422436,0.362847,-0.636806
1.5225,5513,Real,Middle_DIP,-17.815120,0.891781,20.893190,0.428572,0.528343,0.492712,-0.542601
1.5225,5513,Real,Middle_FingerTip,-17.816360,0.889465,20.921370,0.428572,0.528343,0.492712,-0.542601
1.5225,5513,Real,Ring_MCP,-17.866730,0.864013,20.831490,0.650781,0.251184,0.168969,-0.696305
1.5225,5513,Real,Ring_PIP,-17.828720,0.868277,20.858000,0.605432,0.346499,0.272093,-0.662839
1.5225,5513,Real,Ring_DIP,-17.812610,0.869828,20.878780,0.552730,0.425558,0.359644,-0.619716
1.5225,5513,Real,Ring_FingerTip,-17.802820,0.870464,20.902650,0.552730,0.425558,0.359644,-0.619716
1.5225,5513,Real,Pinky_MCP,-17.872680,0.842589,20.829030,0.663165,0.250411,0.171232,-0.684242
1.5225,5513,Real,Pinky_PIP,-17.840560,0.846440,20.851470,0.617791,0.347603,0.272510,-0.650573
1.5225,5513,Real,Pinky_DIP,-17.829370,0.847814,20.865940,0.564824,0.428331,0.358390,-0.607506
1.5225,5513,Real,Pinky_FingerTip,-17.822160,0.848742,20.883670,0.564824,0.428331,0.358390,-0.607506
1.5225,5513,Virtual,Wrist,-17.963500,0.871843,20.785060,0.650565,0.194961,0.100938,-0.727027
1.5225,5513,Virtual,Thumb_CMC,-17.937670,0.905146,20.806600,0.090035,0.452620,-0.352526,-0.814097
1.5225,5513,Virtual,Thumb_MCP,-17.922670,0.933928,20.836180,0.017160,0.461169,-0.219042,-0.859680
1.5225,5513,Virtual,Thumb_IP,-17.899200,0.953170,20.874690,-0.113861,0.447221,0.032823,-0.886539
1.5225,5513,Virtual,Thumb_FingerTip,-17.882160,0.948609,20.897080,-0.113861,0.447221,0.032823,-0.886539
1.5225,5513,Virtual,Index_MCP,-17.871310,0.914867,20.837720,0.599418,0.250166,0.155109,-0.744350
1.5225,5513,Virtual,Index_PIP,-17.832600,0.918098,20.863860,0.527680,0.378732,0.318758,-0.690297
1.5225,5513,Virtual,Index_DIP,-17.819370,0.917050,20.886170,0.439801,0.477975,0.452263,-0.611207
1.5225,5513,Virtual,Index_FingerTip,-17.815760,0.913488,20.912590,0.439801,0.477975,0.452263,-0.611207
1.5225,5513,Virtual,Middle_MCP,-17.865560,0.888354,20.833660,0.618103,0.281412,0.198631,-0.706613
1.5225,5513,Virtual,Middle_PIP,-17.825290,0.891901,20.867630,0.531933,0.422246,0.363269,-0.637802
1.5225,5513,Virtual,Middle_DIP,-17.814770,0.891508,20.893270,0.427316,0.527869,0.493340,-0.543481
1.5225,5513,Virtual,Middle_FingerTip,-17.816010,0.889100,20.921450,0.427316,0.527869,0.493340,-0.543481
1.5225,5513,Virtual,Ring_MCP,-17.866330,0.863884,20.831460,0.649482,0.251384,0.169099,-0.697413
1.5225,5513,Virtual,Ring_PIP,-17.828340,0.868104,20.858000,0.604118,0.346501,0.272389,-0.663915
1.5225,5513,Virtual,Ring_DIP,-17.812230,0.869605,20.878790,0.551427,0.425381,0.360083,-0.620741
1.5225,5513,Virtual,Ring_FingerTip,-17.802450,0.870175,20.902660,0.551427,0.425381,0.360083,-0.620741
1.5225,5513,Virtual,Pinky_MCP,-17.872260,0.842462,20.828930,0.661886,0.250612,0.171369,-0.685371
1.5225,5513,Virtual,Pinky_PIP,-17.840140,0.846275,20.851390,0.616496,0.347609,0.272817,-0.651668
1.5225,5513,Virtual,Pinky_DIP,-17.828960,0.847615,20.865870,0.563540,0.428161,0.358842,-0.608550
1.5225,5513,Virtual,Pinky_FingerTip,-17.821760,0.848492,20.883610,0.563540,0.428161,0.358842,-0.608550
1.5225,5513,Render,Wrist,-17.963500,0.871843,20.785060,0.650565,0.194961,0.100938,-0.727027
1.5225,5513,Render,Thumb_CMC,-17.937670,0.905146,20.806600,0.025223,0.471028,-0.225489,-0.852438
1.5225,5513,Render,Thumb_MCP,-17.917710,0.923070,20.841370,-0.017833,0.471366,-0.146819,-0.869449
1.5225,5513,Render,Thumb_IP,-17.892580,0.934763,20.881810,-0.098815,0.461237,0.005245,-0.881742
1.5225,5513,Render,Thumb_FingerTip,-17.876210,0.931902,20.904970,-0.098815,0.461237,0.005245,-0.881742
1.5225,5513,Render,Index_MCP,-17.871310,0.914867,20.837720,0.602890,0.241677,0.144584,-0.746466
1.5225,5513,Render,Index_PIP,-17.831910,0.918405,20.862780,0.575932,0.300311,0.217945,-0.728434
1.5225,5513,Render,Index_DIP,-17.813100,0.919142,20.880650,0.546799,0.350564,0.282151,-0.706050
1.5225,5513,Render,Index_FingerTip,-17.797100,0.918737,20.902270,0.546799,0.350564,0.282151,-0.706050
1.5225,5513,Render,Middle_MCP,-17.865560,0.888354,20.833660,0.624395,0.267162,0.182373,-0.710983
1.5225,5513,Render,Middle_PIP,-17.823810,0.892278,20.865750,0.573264,0.364161,0.294410,-0.672368
1.5225,5513,Render,Middle_DIP,-17.808240,0.892877,20.888680,0.514424,0.443410,0.388762,-0.622591
1.5225,5513,Render,Middle_FingerTip,-17.799620,0.892088,20.915620,0.514424,0.443410,0.388762,-0.622591
1.5225,5513,Render,Ring_MCP,-17.866330,0.863884,20.831460,0.651750,0.245444,0.162724,-0.698928
1.5225,5513,Render,Ring_PIP,-17.827860,0.868187,20.857300,0.619290,0.318593,0.241831,-0.675645
1.5225,5513,Render,Ring_DIP,-17.809950,0.869974,20.876530,0.583069,0.380856,0.310327,-0.647052
1.5225,5513,Render,Ring_FingerTip,-17.796600,0.871072,20.898580,0.583069,0.380856,0.310327,-0.647052
1.5225,5513,Render,Pinky_MCP,-17.872260,0.842462,20.828930,0.660756,0.253576,0.174440,-0.684596
1.5225,5513,Render,Pinky_PIP,-17.840350,0.846252,20.851680,0.620812,0.339841,0.264613,-0.655043
1.5225,5513,Render,Pinky_DIP,-17.828800,0.847633,20.865870,0.575261,0.412279,0.341732,-0.618321
1.5225,5513,Render,Pinky_FingerTip,-17.820630,0.848624,20.883170,0.575261,0.412279,0.341732,-0.618321
1.5357,5514,Real,Wrist,-17.963610,0.871825,20.784710,0.649883,0.192183,0.096734,-0.728945
1.5357,5514,Real,Thumb_CMC,-17.937670,0.905157,20.806070,0.090652,0.443769,-0.356434,-0.817195
1.5357,5514,Real,Thumb_MCP,-17.922210,0.934270,20.835080,0.022756,0.452361,-0.229241,-0.861569
1.5357,5514,Real,Thumb_IP,-17.898400,0.954648,20.872790,-0.099716,0.441820,0.010867,-0.891479
1.5357,5514,Real,Thumb_FingerTip,-17.881030,0.951584,20.895180,-0.099716,0.441820,0.010867,-0.891479
1.5357,5514,Real,Index_MCP,-17.871030,0.915014,20.836540,0.599011,0.246890,0.150875,-0.746638
1.5357,5514,Real,Index_PIP,-17.832040,0.918315,20.862260,0.532133,0.369599,0.307474,-0.696916
1.5357,5514,Real,Index_DIP,-17.818090,0.917400,20.884130,0.450661,0.465482,0.436378,-0.624344
1.5357,5514,Real,Index_FingerTip,-17.813090,0.914028,20.910350,0.450661,0.465482,0.436378,-0.624344
1.5357,5514,Real,Middle_MCP,-17.865240,0.888529,20.832360,0.618525,0.276963,0.192885,-0.709587
1.5357,5514,Real,Middle_PIP,-17.824460,0.892167,20.865710,0.537702,0.412502,0.351764,-0.645741
1.5357,5514,Real,Middle_DIP,-17.813030,0.891870,20.890970,0.439875,0.515550,0.478673,-0.558203
1.5357,5514,Real,Middle_FingerTip,-17.812740,0.889583,20.919170,0.439875,0.515550,0.478673,-0.558203
1.5357,5514,Real,Ring_MCP,-17.865950,0.864062,20.830100,0.649844,0.246700,0.162889,-0.700221
1.5357,5514,Real,Ring_PIP,-17.827550,0.868368,20.856030,0.607897,0.337074,0.261327,-0.669740
1.5357,5514,Real,Ring_DIP,-17.810790,0.869942,20.876290,0.559436,0.412540,0.345386,-0.630517
1.5357,5514,Real,Ring_FingerTip,-17.799920,0.870614,20.899690,0.559436,0.412540,0.345386,-0.630517
1.5357,5514,Real,Pinky_MCP,-17.871830,0.842627,20.827580,0.662272,0.245968,0.165151,-0.688201
1.5357,5514,Real,Pinky_PIP,-17.839370,0.846505,20.849520,0.620302,0.338126,0.261847,-0.657520
1.5357,5514,Real,Pinky_DIP,-17.827740,0.847883,20.863640,0.571603,0.415181,0.344329,-0.618331
1.5357,5514,Real,Pinky_FingerTip,-17.819730,0.848818,20.881020,0.571603,0.415181,0.344329,-0.618331
1.5357,5514,Virtual,Wrist,-17.963910,0.871929,20.785100,0.651869,0.194645,0.100916,-0.725945
1.5357,5514,Virtual,Thumb_CMC,-17.938040,0.905272,20.806530,0.095652,0.446561,-0.355507,-0.815506
1.5357,5514,Virtual,Thumb_MCP,-17.922740,0.934485,20.835530,0.027278,0.455874,-0.228579,-0.859760
1.5357,5514,Virtual,Thumb_IP,-17.899220,0.954975,20.873350,-0.096306,0.446420,0.011017,-0.889558
1.5357,5514,Virtual,Thumb_FingerTip,-17.882080,0.951966,20.895920,-0.096306,0.446420,0.011017,-0.889558
1.5357,5514,Virtual,Index_MCP,-17.871660,0.915021,20.837590,0.600899,0.249699,0.154689,-0.743399
1.5357,5514,Virtual,Index_PIP,-17.832920,0.918304,20.863680,0.533375,0.372748,0.310505,-0.692934
1.5357,5514,Virtual,Index_DIP,-17.819180,0.917455,20.885690,0.451271,0.468811,0.438583,-0.619852
1.5357,5514,Virtual,Index_FingerTip,-17.814450,0.914211,20.911970,0.451271,0.468811,0.438583,-0.619852
1.5357,5514,Virtual,Middle_MCP,-17.865940,0.888489,20.833620,0.620166,0.279667,0.196631,-0.706057
1.5357,5514,Virtual,Middle_PIP,-17.825480,0.892144,20.867350,0.538674,0.415513,0.354591,-0.641440
1.5357,5514,Virtual,Middle_DIP,-17.814300,0.891943,20.892710,0.440198,0.518697,0.480542,-0.553407
1.5357,5514,Virtual,Middle_FingerTip,-17.814300,0.889815,20.920930,0.440198,0.518697,0.480542,-0.553407
1.5357,5514,Virtual,Ring_MCP,-17.866730,0.864013,20.831490,0.651541,0.249208,0.166854,-0.696815
1.5357,5514,Virtual,Ring_PIP,-17.828570,0.868304,20.857770,0.609218,0.339799,0.264764,-0.665801
1.5357,5514,Virtual,Ring_DIP,-17.812000,0.869923,20.878190,0.560395,0.415412,0.348288,-0.626168
1.5357,5514,Virtual,Ring_FingerTip,-17.801370,0.870682,20.901690,0.560395,0.415412,0.348288,-0.626168
1.5357,5514,Virtual,Pinky_MCP,-17.872690,0.842589,20.829030,0.663922,0.248397,0.169154,-0.684758
1.5357,5514,Virtual,Pinky_PIP,-17.840430,0.846454,20.851270,0.621588,0.340766,0.265317,-0.653540
1.5357,5514,Virtual,Pinky_DIP,-17.828920,0.847864,20.865500,0.572538,0.417964,0.347257,-0.613938
1.5357,5514,Virtual,Pinky_FingerTip,-17.821080,0.848864,20.882950,0.572538,0.417964,0.347257,-0.613938
1.5357,5514,Render,Wrist,-17.963910,0.871929,20.785100,0.651869,0.194645,0.100916,-0.725945
1.5357,5514,Render,Thumb_CMC,-17.938040,0.905272,20.806530,0.025515,0.461574,-0.227417,-0.857077
1.5357,5514,Render,Thumb_MCP,-17.917380,0.923424,20.840760,-0.016680,0.461978,-0.148317,-0.874243
1.5357,5514,Render,Thumb_IP,-17.891440,0.935384,20.880610,-0.096061,0.452188,0.004596,-0.886723
1.5357,5514,Render,Thumb_FingerTip,-17.874600,0.932676,20.903440,-0.096061,0.452188,0.004596,-0.886723
1.5357,5514,Render,Index_MCP,-17.871660,0.915021,20.837590,0.604259,0.241455,0.144504,-0.745446
1.5357,5514,Render,Index_PIP,-17.832250,0.918597,20.862630,0.577316,0.300226,0.217764,-0.727427
1.5357,5514,Render,Index_DIP,-17.813440,0.919372,20.880490,0.548186,0.350602,0.281881,-0.705063
1.5357,5514,Render,Index_FingerTip,-17.797420,0.919019,20.902100,0.548186,0.350602,0.281881,-0.705063
1.5357,5514,Render,Middle_MCP,-17.865940,0.888489,20.833620,0.625727,0.266995,0.182228,-0.709911
1.5357,5514,Render,Middle_PIP,-17.824170,0.892471,20.865680,0.574605,0.364210,0.294095,-0.671333
1.5357,5514,Render,Middle_DIP,-17.808600,0.893127,20.888600,0.515744,0.443654,0.388301,-0.621613
1.5357,5514,Render,Middle_FingerTip,-17.799970,0.892416,20.915540,0.515744,0.443654,0.388301,-0.621613
1.5357,5514,Render,Ring_MCP,-17.866730,0.864013,20.831490,0.653048,0.245232,0.162604,-0.697819
1.5357,5514,Render,Ring_PIP,-17.828250,0.868358,20.857310,0.620603,0.318531,0.241585,-0.674557
1.5357,5514,Render,Ring_DIP,-17.810330,0.870187,20.876520,0.584382,0.380930,0.309969,-0.645996
1.5357,5514,Render,Ring_FingerTip,-17.796980,0.871341,20.898570,0.584382,0.380930,0.309969,-0.645996
1.5357,5514,Render,Pinky_MCP,-17.872690,0.842589,20.829030,0.662036,0.253380,0.174297,-0.683467
1.5357,5514,Render,Pinky_PIP,-17.840760,0.846418,20.851760,0.622107,0.339818,0.264320,-0.653943
1.5357,5514,Render,Pinky_DIP,-17.829220,0.847832,20.865950,0.576549,0.412413,0.341308,-0.617264
1.5357,5514,Render,Pinky_FingerTip,-17.821040,0.848870,20.883240,0.576549,0.412413,0.341308,-0.617264
1.5494,5515,Real,Wrist,-17.963620,0.871907,20.784170,0.649419,0.190852,0.093606,-0.730116
1.5494,5515,Real,Thumb_CMC,-17.937650,0.905296,20.805410,0.092179,0.436301,-0.360266,-0.819362
1.5494,5515,Real,Thumb_MCP,-17.921860,0.934752,20.833890,0.028151,0.445042,-0.238057,-0.862829
1.5494,5515,Real,Thumb_IP,-17.897810,0.956123,20.870890,-0.087678,0.437227,-0.007275,-0.895038
1.5494,5515,Real,Thumb_FingerTip,-17.880200,0.954309,20.893230,-0.087678,0.437227,-0.007275,-0.895038
1.5494,5515,Real,Index_MCP,-17.870850,0.915331,20.835460,0.598566,0.245519,0.148079,-0.748006
1.5494,5515,Real,Index_PIP,-17.831720,0.918721,20.860960,0.534600,0.364366,0.300052,-0.701006
1.5494,5515,Real,Index_DIP,-17.817330,0.917914,20.882550,0.457038,0.457905,0.425842,-0.632534
1.5494,5515,Real,Index_FingerTip,-17.811470,0.914682,20.908600,0.457038,0.457905,0.425842,-0.632534
1.5494,5515,Real,Middle_MCP,-17.865000,0.888871,20.831210,0.618864,0.274184,0.188333,-0.711591
1.5494,5515,Real,Middle_PIP,-17.823880,0.892637,20.864130,0.541884,0.405624,0.342682,-0.651460
1.5494,5515,Real,Middle_DIP,-17.811790,0.892447,20.889070,0.448998,0.506527,0.466964,-0.569013
1.5494,5515,Real,Middle_FingerTip,-17.810350,0.890280,20.917250,0.448998,0.506527,0.466964,-0.569013
1.5494,5515,Real,Ring_MCP,-17.865650,0.864404,20.828930,0.650095,0.243893,0.158193,-0.702046
1.5494,5515,Real,Ring_PIP,-17.826970,0.868825,20.854440,0.610483,0.330782,0.253021,-0.673702
1.5494,5515,Real,Ring_DIP,-17.809770,0.870483,20.874320,0.564934,0.403678,0.334324,-0.637276
1.5494,5515,Real,Ring_FingerTip,-17.798150,0.871257,20.897340,0.564934,0.403678,0.334324,-0.637276
1.5494,5515,Real,Pinky_MCP,-17.871480,0.842953,20.826420,0.662538,0.243188,0.160463,-0.690040
1.5494,5515,Real,Pinky_PIP,-17.838790,0.846922,20.848010,0.622905,0.331792,0.253623,-0.661498
1.5494,5515,Real,Pinky_DIP,-17.826850,0.848349,20.861860,0.577136,0.406215,0.333413,-0.625092
1.5494,5515,Real,Pinky_FingerTip,-17.818270,0.849346,20.878960,0.577136,0.406215,0.333413,-0.625092
1.5494,5515,Virtual,Wrist,-17.963610,0.871824,20.784720,0.649883,0.192182,0.096733,-0.728945
1.5494,5515,Virtual,Thumb_CMC,-17.937680,0.905157,20.806080,0.094544,0.438530,-0.358918,-0.818493
1.5494,5515,Virtual,Thumb_MCP,-17.921960,0.934597,20.834620,0.030169,0.447590,-0.236849,-0.861775
1.5494,5515,Virtual,Thumb_IP,-17.898080,0.955937,20.871740,-0.086386,0.440210,-0.006380,-0.893707
1.5494,5515,Virtual,Thumb_FingerTip,-17.880630,0.954094,20.894200,-0.086386,0.440210,-0.006380,-0.893707
1.5494,5515,Virtual,Index_MCP,-17.871030,0.915013,20.836540,0.598957,0.247021,0.151038,-0.746605
1.5494,5515,Virtual,Index_PIP,-17.832060,0.918309,20.862290,0.534671,0.365918,0.302657,-0.699021
1.5494,5515,Virtual,Index_DIP,-17.817810,0.917483,20.883970,0.456817,0.459442,0.428029,-0.630097
1.5494,5515,Virtual,Index_FingerTip,-17.812120,0.914265,20.910060,0.456817,0.459442,0.428029,-0.630097
1.5494,5515,Virtual,Middle_MCP,-17.865240,0.888529,20.832370,0.619150,0.275563,0.191280,-0.710022
1.5494,5515,Virtual,Middle_PIP,-17.824320,0.892204,20.865530,0.541854,0.407033,0.345203,-0.649272
1.5494,5515,Virtual,Middle_DIP,-17.812390,0.892006,20.890560,0.448685,0.507901,0.468993,-0.566361
1.5494,5515,Virtual,Middle_FingerTip,-17.811140,0.889871,20.918750,0.448685,0.507901,0.468993,-0.566361
1.5494,5515,Virtual,Ring_MCP,-17.865950,0.864062,20.830110,0.650421,0.245172,0.161243,-0.700602
1.5494,5515,Virtual,Ring_PIP,-17.827430,0.868390,20.855860,0.610631,0.332095,0.255844,-0.671853
1.5494,5515,Virtual,Ring_DIP,-17.810350,0.870018,20.875840,0.564919,0.404999,0.336897,-0.635093
1.5494,5515,Virtual,Ring_FingerTip,-17.798870,0.870783,20.898940,0.564919,0.404999,0.336897,-0.635093
1.5494,5515,Virtual,Pinky_MCP,-17.871840,0.842627,20.827590,0.662848,0.244411,0.163534,-0.688587
1.5494,5515,Virtual,Pinky_PIP,-17.839280,0.846517,20.849380,0.623045,0.333046,0.256465,-0.659638
1.5494,5515,Virtual,Pinky_DIP,-17.827420,0.847923,20.863300,0.577120,0.407476,0.336004,-0.622894
1.5494,5515,Virtual,Pinky_FingerTip,-17.818940,0.848914,20.880460,0.577120,0.407476,0.336004,-0.622894
1.5494,5515,Render,Wrist,-17.963610,0.871824,20.784720,0.649883,0.192182,0.096733,-0.728945
1.5494,5515,Render,Thumb_CMC,-17.937680,0.905157,20.806080,0.019957,0.450999,-0.229335,-0.862327
1.5494,5515,Render,Thumb_MCP,-17.916240,0.923315,20.839830,-0.021250,0.450940,-0.149748,-0.879647
1.5494,5515,Render,Thumb_IP,-17.889350,0.935292,20.879040,-0.098660,0.440527,0.004117,-0.892292
1.5494,5515,Render,Thumb_FingerTip,-17.871910,0.932606,20.901420,-0.098660,0.440527,0.004117,-0.892292
1.5494,5515,Render,Index_MCP,-17.871030,0.915013,20.836540,0.602333,0.238672,0.140645,-0.748633
1.5494,5515,Render,Index_PIP,-17.831390,0.918616,20.861210,0.575675,0.297266,0.214241,-0.730980
1.5494,5515,Render,Index_DIP,-17.812400,0.919370,20.878890,0.546816,0.347507,0.278689,-0.708918
1.5494,5515,Render,Index_FingerTip,-17.796180,0.918964,20.900340,0.546816,0.347507,0.278689,-0.708918
1.5494,5515,Render,Middle_MCP,-17.865240,0.888529,20.832370,0.624031,0.264324,0.178411,-0.713364
1.5494,5515,Render,Middle_PIP,-17.823170,0.892508,20.864040,0.573361,0.361301,0.290884,-0.675356
1.5494,5515,Render,Middle_DIP,-17.807380,0.893101,20.886810,0.514935,0.440595,0.385706,-0.626059
1.5494,5515,Render,Middle_FingerTip,-17.798490,0.892275,20.913660,0.514935,0.440595,0.385706,-0.626059
1.5494,5515,Render,Ring_MCP,-17.865950,0.864062,20.830110,0.651335,0.242734,0.158618,-0.701201
1.5494,5515,Render,Ring_PIP,-17.827240,0.868425,20.855560,0.619188,0.315853,0.238013,-0.678375
1.5494,5515,Render,Ring_DIP,-17.809140,0.870222,20.874620,0.583251,0.378121,0.306810,-0.650162
1.5494,5515,Render,Ring_FingerTip,-17.795570,0.871309,20.896540,0.583251,0.378121,0.306810,-0.650162
1.5494,5515,Render,Pinky_MCP,-17.871840,0.842627,20.827590,0.660405,0.250939,0.170320,-0.686940
1.5494,5515,Render,Pinky_PIP,-17.839710,0.846463,20.850020,0.620817,0.337180,0.260844,-0.657918
1.5494,5515,Render,Pinky_DIP,-17.828030,0.847847,20.864100,0.575588,0.409638,0.338338,-0.621630
1.5494,5515,Render,Pinky_FingerTip,-17.819690,0.848823,20.881320,0.575588,0.409638,0.338338,-0.621630
1.5683,5516,Real,Wrist,-17.963700,0.872210,20.783430,0.649984,0.189960,0.089886,-0.730313
1.5683,5516,Real,Thumb_CMC,-17.937740,0.905745,20.804450,0.090895,0.433570,-0.362629,-0.819912
1.5683,5516,Real,Thumb_MCP,-17.921890,0.935317,20.832770,0.027274,0.442155,-0.240315,-0.863715
1.5683,5516,Real,Thumb_IP,-17.897690,0.956853,20.869580,-0.087780,0.434211,-0.009228,-0.896477
1.5683,5516,Real,Thumb_FingerTip,-17.879940,0.955153,20.891810,-0.087780,0.434211,-0.009228,-0.896477
1.5683,5516,Real,Index_MCP,-17.870790,0.916107,20.834060,0.599208,0.244515,0.144432,-0.748533
1.5683,5516,Real,Index_PIP,-17.831520,0.919704,20.859310,0.535437,0.363517,0.296595,-0.702278
1.5683,5516,Real,Index_DIP,-17.816990,0.918995,20.880800,0.458019,0.457227,0.422683,-0.634430
1.5683,5516,Real,Index_FingerTip,-17.810950,0.915835,20.906820,0.458019,0.457227,0.422683,-0.634430
1.5683,5516,Real,Middle_MCP,-17.864860,0.889663,20.829820,0.619541,0.273373,0.184671,-0.712273
1.5683,5516,Real,Middle_PIP,-17.823540,0.893659,20.862470,0.542725,0.404985,0.339265,-0.652944
1.5683,5516,Real,Middle_DIP,-17.811300,0.893563,20.887340,0.449951,0.506071,0.463916,-0.571155
1.5683,5516,Real,Middle_FingerTip,-17.809680,0.891454,20.915510,0.449951,0.506071,0.463916,-0.571155
1.5683,5516,Real,Ring_MCP,-17.865420,0.865190,20.827590,0.650730,0.243148,0.154479,-0.702542
1.5683,5516,Real,Ring_PIP,-17.826610,0.869816,20.852840,0.611215,0.330133,0.249411,-0.674703
1.5683,5516,Real,Ring_DIP,-17.809280,0.871581,20.872610,0.565740,0.403124,0.330865,-0.638716
1.5683,5516,Real,Ring_FingerTip,-17.797520,0.872444,20.895550,0.565740,0.403124,0.330865,-0.638716
1.5683,5516,Real,Pinky_MCP,-17.871180,0.843711,20.825150,0.663170,0.242509,0.156735,-0.690528
1.5683,5516,Real,Pinky_PIP,-17.838370,0.847853,20.846530,0.623625,0.331206,0.249997,-0.662492
1.5683,5516,Real,Pinky_DIP,-17.826340,0.849354,20.860300,0.577923,0.405723,0.329938,-0.626526
1.5683,5516,Real,Pinky_FingerTip,-17.817670,0.850418,20.877340,0.577923,0.405723,0.329938,-0.626526
1.5683,5516,Virtual,Wrist,-17.963620,0.871907,20.784180,0.649419,0.190852,0.093606,-0.730116
1.5683,5516,Virtual,Thumb_CMC,-17.937660,0.905296,20.805420,0.092179,0.436300,-0.360266,-0.819362
1.5683,5516,Virtual,Thumb_MCP,-17.921860,0.934752,20.833890,0.028151,0.445042,-0.238057,-0.862829
1.5683,5516,Virtual,Thumb_IP,-17.897810,0.956123,20.870890,-0.087678,0.437227,-0.007275,-0.895038
1.5683,5516,Virtual,Thumb_FingerTip,-17.880210,0.954309,20.893240,-0.087678,0.437227,-0.007275,-0.895038
1.5683,5516,Virtual,Index_MCP,-17.870860,0.915331,20.835470,0.598566,0.245518,0.148078,-0.748006
1.5683,5516,Virtual,Index_PIP,-17.831730,0.918721,20.860970,0.534601,0.364366,0.300052,-0.701005
1.5683,5516,Virtual,Index_DIP,-17.817340,0.917914,20.882560,0.457038,0.457905,0.425842,-0.632534
1.5683,5516,Virtual,Index_FingerTip,-17.811480,0.914681,20.908610,0.457038,0.457905,0.425842,-0.632534
1.5683,5516,Virtual,Middle_MCP,-17.865000,0.888871,20.831220,0.618864,0.274184,0.188333,-0.711591
1.5683,5516,Virtual,Middle_PIP,-17.823880,0.892637,20.864140,0.541884,0.405624,0.342682,-0.651460
1.5683,5516,Virtual,Middle_DIP,-17.811800,0.892447,20.889080,0.448998,0.506527,0.466964,-0.569013
1.5683,5516,Virtual,Middle_FingerTip,-17.810360,0.890280,20.917260,0.448998,0.506527,0.466964,-0.569013
1.5683,5516,Virtual,Ring_MCP,-17.865650,0.864404,20.828940,0.650095,0.243892,0.158193,-0.702046
1.5683,5516,Virtual,Ring_PIP,-17.826980,0.868825,20.854440,0.610483,0.330782,0.253021,-0.673702
1.5683,5516,Virtual,Ring_DIP,-17.809780,0.870483,20.874320,0.564934,0.403678,0.334324,-0.637276
1.5683,5516,Virtual,Ring_FingerTip,-17.798150,0.871257,20.897340,0.564934,0.403678,0.334324,-0.637276
1.5683,5516,Virtual,Pinky_MCP,-17.871490,0.842953,20.826430,0.662538,0.243188,0.160463,-0.690040
1.5683,5516,Virtual,Pinky_PIP,-17.838800,0.846922,20.848010,0.622905,0.331791,0.253622,-0.661498
1.5683,5516,Virtual,Pinky_DIP,-17.826850,0.848349,20.861860,0.577136,0.406214,0.333413,-0.625092
1.5683,5516,Virtual,Pinky_FingerTip,-17.818270,0.849346,20.878970,0.577136,0.406214,0.333413,-0.625092
1.5683,5516,Render,Wrist,-17.963620,0.871907,20.784180,0.649419,0.190852,0.093606,-0.730116
1.5683,5516,Render,Thumb_CMC,-17.937660,0.905296,20.805420,0.018547,0.441255,-0.234972,-0.865875
1.5683,5516,Render,Thumb_MCP,-17.915700,0.923883,20.838590,-0.020326,0.441176,-0.157923,-0.883182
1.5683,5516,Render,Thumb_IP,-17.888200,0.936681,20.877110,-0.092720,0.431802,-0.010286,-0.897132
1.5683,5516,Render,Thumb_FingerTip,-17.870330,0.934925,20.899250,-0.092720,0.431802,-0.010286,-0.897132
1.5683,5516,Render,Index_MCP,-17.870860,0.915331,20.835470,0.601921,0.237174,0.137667,-0.749992
1.5683,5516,Render,Index_PIP,-17.831080,0.919031,20.859890,0.575414,0.295735,0.211412,-0.732629
1.5683,5516,Render,Index_DIP,-17.811980,0.919825,20.877450,0.546693,0.345959,0.276018,-0.710812
1.5683,5516,Render,Index_FingerTip,-17.795610,0.919445,20.898800,0.546693,0.345959,0.276018,-0.710812
1.5683,5516,Render,Middle_MCP,-17.865000,0.888871,20.831220,0.623720,0.262950,0.175437,-0.714880
1.5683,5516,Render,Middle_PIP,-17.822750,0.892946,20.862630,0.573276,0.359895,0.288192,-0.677331
1.5683,5516,Render,Middle_DIP,-17.806820,0.893563,20.885300,0.515054,0.439192,0.383329,-0.628403
1.5683,5516,Render,Middle_FingerTip,-17.797750,0.892732,20.912100,0.515054,0.439192,0.383329,-0.628403
1.5683,5516,Render,Ring_MCP,-17.865650,0.864404,20.828940,0.651004,0.241455,0.155562,-0.702634
1.5683,5516,Render,Ring_PIP,-17.826800,0.868861,20.854150,0.619006,0.314545,0.235142,-0.680149
1.5683,5516,Render,Ring_DIP,-17.808580,0.870693,20.873090,0.583205,0.376801,0.304138,-0.652222
1.5683,5516,Render,Ring_FingerTip,-17.794880,0.871797,20.894930,0.583205,0.376801,0.304138,-0.652222
1.5683,5516,Render,Pinky_MCP,-17.871490,0.842953,20.826430,0.662538,0.243188,0.160463,-0.690040
1.5683,5516,Render,Pinky_PIP,-17.838800,0.846922,20.848010,0.622905,0.331791,0.253622,-0.661498
1.5683,5516,Render,Pinky_DIP,-17.826850,0.848349,20.861860,0.577136,0.406214,0.333413,-0.625092
1.5683,5516,Render,Pinky_FingerTip,-17.818270,0.849346,20.878970,0.577136,0.406214,0.333413,-0.625092
1.5850,5517,Real,Wrist,-17.963960,0.872574,20.782910,0.651402,0.189482,0.087759,-0.729432
1.5850,5517,Real,Thumb_CMC,-17.937990,0.906238,20.803700,0.096703,0.424863,-0.368240,-0.821303
1.5850,5517,Real,Thumb_MCP,-17.921840,0.936406,20.831220,0.037918,0.434077,-0.252914,-0.863814
1.5850,5517,Real,Thumb_IP,-17.897560,0.959444,20.867050,-0.068930,0.430243,-0.034943,-0.899399
1.5850,5517,Real,Thumb_FingerTip,-17.879680,0.959545,20.889240,-0.068930,0.430243,-0.034943,-0.899399
1.5850,5517,Real,Index_MCP,-17.870960,0.916836,20.833050,0.600169,0.245383,0.143905,-0.747580
1.5850,5517,Real,Index_PIP,-17.831710,0.920554,20.858310,0.538651,0.360931,0.291130,-0.703440
1.5850,5517,Real,Index_DIP,-17.816920,0.920015,20.879630,0.464423,0.452468,0.413648,-0.639125
1.5850,5517,Real,Index_FingerTip,-17.810240,0.917097,20.905530,0.464423,0.452468,0.413648,-0.639125
1.5850,5517,Real,Middle_MCP,-17.864990,0.890386,20.828890,0.621190,0.272673,0.181975,-0.711799
1.5850,5517,Real,Middle_PIP,-17.823530,0.894595,20.861330,0.546791,0.401556,0.332796,-0.654996
1.5850,5517,Real,Middle_DIP,-17.810900,0.894683,20.886000,0.457207,0.501188,0.455035,-0.576815
1.5850,5517,Real,Middle_FingerTip,-17.808530,0.892797,20.914130,0.457207,0.501188,0.455035,-0.576815
1.5850,5517,Real,Ring_MCP,-17.865510,0.865904,20.826760,0.652305,0.242441,0.151836,-0.701902
1.5850,5517,Real,Ring_PIP,-17.826600,0.870704,20.851810,0.613878,0.327769,0.244638,-0.675184
1.5850,5517,Real,Ring_DIP,-17.809070,0.872602,20.871380,0.569779,0.399539,0.324424,-0.640680
1.5850,5517,Real,Ring_FingerTip,-17.796930,0.873624,20.894130,0.569779,0.399539,0.324424,-0.640680
1.5850,5517,Real,Pinky_MCP,-17.871250,0.844405,20.824420,0.664726,0.241830,0.154090,-0.689866
1.5850,5517,Real,Pinky_PIP,-17.838350,0.848693,20.845630,0.626269,0.328830,0.245257,-0.662954
1.5850,5517,Real,Pinky_DIP,-17.826180,0.850283,20.859260,0.581951,0.402089,0.323560,-0.628464
1.5850,5517,Real,Pinky_FingerTip,-17.817220,0.851457,20.876160,0.581951,0.402089,0.323560,-0.628464
1.5850,5517,Virtual,Wrist,-17.963970,0.872575,20.782910,0.651402,0.189482,0.087759,-0.729432
1.5850,5517,Virtual,Thumb_CMC,-17.937990,0.906238,20.803710,0.096703,0.424864,-0.368240,-0.821303
1.5850,5517,Virtual,Thumb_MCP,-17.921850,0.936406,20.831230,0.037919,0.434077,-0.252914,-0.863814
1.5850,5517,Virtual,Thumb_IP,-17.897560,0.959444,20.867050,-0.068930,0.430243,-0.034943,-0.899399
1.5850,5517,Virtual,Thumb_FingerTip,-17.879680,0.959545,20.889250,-0.068930,0.430243,-0.034943,-0.899399
1.5850,5517,Virtual,Index_MCP,-17.870970,0.916836,20.833050,0.600169,0.245383,0.143905,-0.747580
1.5850,5517,Virtual,Index_PIP,-17.831710,0.920554,20.858320,0.538651,0.360931,0.291130,-0.703440
1.5850,5517,Virtual,Index_DIP,-17.816930,0.920015,20.879640,0.464423,0.452468,0.413648,-0.639124
1.5850,5517,Virtual,Index_FingerTip,-17.810240,0.917097,20.905530,0.464423,0.452468,0.413648,-0.639124
1.5850,5517,Virtual,Middle_MCP,-17.865000,0.890387,20.828900,0.621190,0.272673,0.181975,-0.711799
1.5850,5517,Virtual,Middle_PIP,-17.823540,0.894595,20.861330,0.546791,0.401556,0.332796,-0.654996
1.5850,5517,Virtual,Middle_DIP,-17.810900,0.894683,20.886000,0.457207,0.501188,0.455036,-0.576815
1.5850,5517,Virtual,Middle_FingerTip,-17.808540,0.892797,20.914140,0.457207,0.501188,0.455036,-0.576815
1.5850,5517,Virtual,Ring_MCP,-17.865520,0.865904,20.826760,0.652305,0.242441,0.151836,-0.701902
1.5850,5517,Virtual,Ring_PIP,-17.826600,0.870704,20.851820,0.613878,0.327769,0.244638,-0.675184
1.5850,5517,Virtual,Ring_DIP,-17.809070,0.872603,20.871390,0.569779,0.399539,0.324424,-0.640680
1.5850,5517,Virtual,Ring_FingerTip,-17.796940,0.873624,20.894140,0.569779,0.399539,0.324424,-0.640680
1.5850,5517,Virtual,Pinky_MCP,-17.871250,0.844405,20.824430,0.664726,0.241830,0.154090,-0.689866
1.5850,5517,Virtual,Pinky_PIP,-17.838350,0.848693,20.845630,0.626269,0.328830,0.245257,-0.662954
1.5850,5517,Virtual,Pinky_DIP,-17.826180,0.850283,20.859270,0.581950,0.402089,0.323561,-0.628464
1.5850,5517,Virtual,Pinky_FingerTip,-17.817230,0.851458,20.876170,0.581950,0.402089,0.323561,-0.628464
1.5850,5517,Render,Wrist,-17.963710,0.872210,20.783440,0.649984,0.189960,0.089886,-0.730313
1.5850,5517,Render,Thumb_CMC,-17.937740,0.905745,20.804450,0.017690,0.438341,-0.237203,-0.866764
1.5850,5517,Render,Thumb_MCP,-17.915650,0.924482,20.837450,-0.020923,0.438199,-0.160068,-0.884264
1.5850,5517,Render,Thumb_IP,-17.887960,0.937462,20.875780,-0.092818,0.428766,-0.012223,-0.898552
1.5850,5517,Render,Thumb_FingerTip,-17.869950,0.935820,20.897800,-0.092818,0.428766,-0.012223,-0.898552
1.5850,5517,Render,Index_MCP,-17.870800,0.916107,20.834060,0.602549,0.236162,0.134014,-0.750468
1.5850,5517,Render,Index_PIP,-17.830870,0.920015,20.858220,0.576140,0.294789,0.207824,-0.733466
1.5850,5517,Render,Index_DIP,-17.811670,0.920919,20.875670,0.547500,0.345082,0.272520,-0.711966
1.5850,5517,Render,Index_FingerTip,-17.795180,0.920645,20.896910,0.547500,0.345082,0.272520,-0.711966
1.5850,5517,Render,Middle_MCP,-17.864860,0.889663,20.829820,0.624383,0.262127,0.171763,-0.715496
1.5850,5517,Render,Middle_PIP,-17.822430,0.893969,20.860960,0.574062,0.359189,0.284665,-0.678529
1.5850,5517,Render,Middle_DIP,-17.806350,0.894693,20.883530,0.515934,0.438607,0.380013,-0.630100
1.5850,5517,Render,Middle_FingerTip,-17.797110,0.893948,20.910270,0.515934,0.438607,0.380013,-0.630100
1.5850,5517,Render,Ring_MCP,-17.865420,0.865191,20.827590,0.651636,0.240709,0.151847,-0.703116
1.5850,5517,Render,Ring_PIP,-17.826430,0.869852,20.852550,0.619720,0.313876,0.231506,-0.681054
1.5850,5517,Render,Ring_DIP,-17.808100,0.871794,20.871380,0.583984,0.376210,0.300615,-0.653498
1.5850,5517,Render,Ring_FingerTip,-17.794260,0.872993,20.893120,0.583984,0.376210,0.300615,-0.653498
1.5850,5517,Render,Pinky_MCP,-17.871180,0.843711,20.825160,0.663171,0.242509,0.156735,-0.690528
1.5850,5517,Render,Pinky_PIP,-17.838380,0.847853,20.846530,0.623625,0.331206,0.249997,-0.662492
1.5850,5517,Render,Pinky_DIP,-17.826350,0.849355,20.860300,0.577923,0.405723,0.329938,-0.626526
1.5850,5517,Render,Pinky_FingerTip,-17.817670,0.850418,20.877350,0.577923,0.405723,0.329938,-0.626526
1.6032,5518,Real,Wrist,-17.964400,0.873141,20.782290,0.654571,0.188693,0.086913,-0.726896
1.6032,5518,Real,Thumb_CMC,-17.938340,0.906934,20.802760,0.101115,0.422740,-0.372148,-0.820106
1.6032,5518,Real,Thumb_MCP,-17.922290,0.937491,20.829910,0.044357,0.432395,-0.260496,-0.862096
1.6032,5518,Real,Thumb_IP,-17.898240,0.961394,20.865330,-0.059088,0.430630,-0.049376,-0.899238
1.6032,5518,Real,Thumb_FingerTip,-17.880450,0.962474,20.887570,-0.059088,0.430630,-0.049376,-0.899238
1.6032,5518,Real,Index_MCP,-17.871240,0.917673,20.831900,0.603182,0.245635,0.143872,-0.745075
1.6032,5518,Real,Index_PIP,-17.832000,0.921510,20.857170,0.542195,0.360818,0.289345,-0.701509
1.6032,5518,Real,Index_DIP,-17.817150,0.921129,20.878450,0.468654,0.452248,0.410522,-0.638206
1.6032,5518,Real,Index_FingerTip,-17.810320,0.918436,20.904330,0.468654,0.452248,0.410522,-0.638206
1.6032,5518,Real,Middle_MCP,-17.865320,0.891182,20.827950,0.624370,0.272452,0.180974,-0.709352
1.6032,5518,Real,Middle_PIP,-17.823810,0.895590,20.860290,0.550420,0.401380,0.330511,-0.653219
1.6032,5518,Real,Middle_DIP,-17.811080,0.895869,20.884910,0.461335,0.501237,0.451831,-0.576004
1.6032,5518,Real,Middle_FingerTip,-17.808550,0.894226,20.913050,0.461335,0.501237,0.451831,-0.576004
1.6032,5518,Real,Ring_MCP,-17.865880,0.866684,20.826010,0.655493,0.241848,0.150660,-0.699386
1.6032,5518,Real,Ring_PIP,-17.826900,0.871632,20.850950,0.617428,0.327023,0.242496,-0.673079
1.6032,5518,Real,Ring_DIP,-17.809290,0.873670,20.870430,0.573734,0.398736,0.321496,-0.639124
1.6032,5518,Real,Ring_FingerTip,-17.797030,0.874872,20.893100,0.573734,0.398736,0.321496,-0.639124
1.6032,5518,Real,Pinky_MCP,-17.871650,0.845175,20.823870,0.667866,0.241246,0.152898,-0.687298
1.6032,5518,Real,Pinky_PIP,-17.838700,0.849588,20.844960,0.629771,0.328075,0.243103,-0.660800
1.6032,5518,Real,Pinky_DIP,-17.826470,0.851274,20.858540,0.585861,0.401262,0.320626,-0.626861
1.6032,5518,Real,Pinky_FingerTip,-17.817420,0.852581,20.875380,0.585861,0.401262,0.320626,-0.626861
1.6032,5518,Virtual,Wrist,-17.963970,0.872575,20.782910,0.651402,0.189482,0.087759,-0.729432
1.6032,5518,Virtual,Thumb_CMC,-17.937990,0.906238,20.803710,0.097828,0.425076,-0.370927,-0.819850
1.6032,5518,Virtual,Thumb_MCP,-17.922030,0.936597,20.831130,0.040791,0.434276,-0.259320,-0.861681
1.6032,5518,Virtual,Thumb_IP,-17.898090,0.960246,20.866780,-0.062998,0.431614,-0.048331,-0.898557
1.6032,5518,Virtual,Thumb_FingerTip,-17.880340,0.961172,20.889060,-0.062998,0.431614,-0.048331,-0.898557
1.6032,5518,Virtual,Index_MCP,-17.870970,0.916837,20.833050,0.599846,0.246172,0.144888,-0.747390
1.6032,5518,Virtual,Index_PIP,-17.831780,0.920525,20.858420,0.538819,0.360680,0.290802,-0.703576
1.6032,5518,Virtual,Index_DIP,-17.816970,0.919992,20.879730,0.465357,0.451507,0.412325,-0.639979
1.6032,5518,Virtual,Index_FingerTip,-17.810180,0.917100,20.905600,0.465357,0.451507,0.412325,-0.639979
1.6032,5518,Virtual,Middle_MCP,-17.865000,0.890387,20.828900,0.621125,0.272821,0.182144,-0.711756
1.6032,5518,Virtual,Middle_PIP,-17.823550,0.894592,20.861350,0.547172,0.401036,0.332174,-0.655312
1.6032,5518,Virtual,Middle_DIP,-17.810870,0.894690,20.886000,0.458217,0.500265,0.453871,-0.577732
1.6032,5518,Virtual,Middle_FingerTip,-17.808390,0.892823,20.914130,0.458217,0.500265,0.453871,-0.577732
1.6032,5518,Virtual,Ring_MCP,-17.865520,0.865905,20.826760,0.652338,0.242353,0.151741,-0.701923
1.6032,5518,Virtual,Ring_PIP,-17.826600,0.870706,20.851810,0.614234,0.327103,0.243905,-0.675449
1.6032,5518,Virtual,Ring_DIP,-17.809020,0.872612,20.871340,0.570553,0.398433,0.323180,-0.641308
1.6032,5518,Virtual,Ring_FingerTip,-17.796800,0.873647,20.894040,0.570553,0.398433,0.323180,-0.641308
1.6032,5518,Virtual,Pinky_MCP,-17.871250,0.844406,20.824430,0.664758,0.241740,0.153997,-0.689887
1.6032,5518,Virtual,Pinky_PIP,-17.838350,0.848694,20.845620,0.626625,0.328150,0.244537,-0.663219
1.6032,5518,Virtual,Pinky_DIP,-17.826150,0.850288,20.859230,0.582729,0.400959,0.322341,-0.629091
1.6032,5518,Virtual,Pinky_FingerTip,-17.817130,0.851471,20.876100,0.582729,0.400959,0.322341,-0.629091
1.6032,5518,Render,Wrist,-17.963970,0.872575,20.782910,0.651402,0.189482,0.087759,-0.729432
1.6032,5518,Render,Thumb_CMC,-17.937990,0.906238,20.803710,0.020370,0.427174,-0.246759,-0.869608
1.6032,5518,Render,Thumb_MCP,-17.915460,0.925848,20.835890,-0.014527,0.427412,-0.175033,-0.886832
1.6032,5518,Render,Thumb_IP,-17.887340,0.940460,20.873310,-0.078332,0.420424,-0.040335,-0.903040
1.6032,5518,Render,Thumb_FingerTip,-17.869010,0.940659,20.895130,-0.078332,0.420424,-0.040335,-0.903040
1.6032,5518,Render,Index_MCP,-17.870970,0.916837,20.833050,0.604040,0.235694,0.131857,-0.749799
1.6032,5518,Render,Index_PIP,-17.830970,0.920911,20.857060,0.577670,0.294471,0.205612,-0.733013
1.6032,5518,Render,Index_DIP,-17.811710,0.921918,20.874430,0.549052,0.344902,0.270276,-0.711713
1.6032,5518,Render,Index_FingerTip,-17.795140,0.921757,20.895620,0.549052,0.344902,0.270276,-0.711713
1.6032,5518,Render,Middle_MCP,-17.865000,0.890387,20.828900,0.625845,0.261812,0.169549,-0.714861
1.6032,5518,Render,Middle_PIP,-17.822470,0.894892,20.859870,0.575556,0.359114,0.282378,-0.678259
1.6032,5518,Render,Middle_DIP,-17.806320,0.895732,20.882380,0.517423,0.438749,0.377711,-0.630165
1.6032,5518,Render,Middle_FingerTip,-17.796990,0.895110,20.909090,0.517423,0.438749,0.377711,-0.630165
1.6032,5518,Render,Ring_MCP,-17.865520,0.865905,20.826760,0.653060,0.240400,0.149640,-0.702374
1.6032,5518,Render,Ring_PIP,-17.826450,0.870734,20.851570,0.621169,0.313732,0.229229,-0.680570
1.6032,5518,Render,Ring_DIP,-17.808060,0.872783,20.870320,0.585441,0.376216,0.298301,-0.653252
1.6032,5518,Render,Ring_FingerTip,-17.794160,0.874093,20.892020,0.585441,0.376216,0.298301,-0.653252
1.6032,5518,Render,Pinky_MCP,-17.871250,0.844406,20.824430,0.664726,0.241830,0.154090,-0.689866
1.6032,5518,Render,Pinky_PIP,-17.838350,0.848694,20.845630,0.626269,0.328830,0.245257,-0.662954
1.6032,5518,Render,Pinky_DIP,-17.826180,0.850284,20.859270,0.581950,0.402089,0.323560,-0.628464
1.6032,5518,Render,Pinky_FingerTip,-17.817230,0.851458,20.876170,0.581950,0.402089,0.323560,-0.628464
1.6147,5519,Real,Wrist,-17.964830,0.873601,20.781760,0.656583,0.188237,0.086605,-0.725234
1.6147,5519,Real,Thumb_CMC,-17.938720,0.907468,20.802030,0.103327,0.421398,-0.372781,-0.820233
1.6147,5519,Real,Thumb_MCP,-17.922610,0.938144,20.829000,0.046728,0.431358,-0.261108,-0.862305
1.6147,5519,Real,Thumb_IP,-17.898510,0.962200,20.864280,-0.056539,0.430182,-0.049920,-0.899586
1.6147,5519,Real,Thumb_FingerTip,-17.880700,0.963373,20.886500,-0.056539,0.430182,-0.049920,-0.899586
1.6147,5519,Real,Index_MCP,-17.871590,0.918276,20.831060,0.605298,0.245348,0.143449,-0.743533
1.6147,5519,Real,Index_PIP,-17.832320,0.922195,20.856270,0.544326,0.360958,0.288624,-0.700082
1.6147,5519,Real,Index_DIP,-17.817460,0.921906,20.877550,0.470725,0.452769,0.409556,-0.636932
1.6147,5519,Real,Index_FingerTip,-17.810600,0.919338,20.903440,0.470725,0.452769,0.409556,-0.636932
1.6147,5519,Real,Middle_MCP,-17.865700,0.891757,20.827240,0.626425,0.272262,0.180452,-0.707745
1.6147,5519,Real,Middle_PIP,-17.824160,0.896282,20.859530,0.552467,0.401641,0.329653,-0.651763
1.6147,5519,Real,Middle_DIP,-17.811410,0.896672,20.884140,0.463291,0.501892,0.450705,-0.574744
1.6147,5519,Real,Middle_FingerTip,-17.808860,0.895171,20.912280,0.463291,0.501892,0.450705,-0.574744
1.6147,5519,Real,Ring_MCP,-17.866290,0.867250,20.825430,0.657491,0.241566,0.150198,-0.697705
1.6147,5519,Real,Ring_PIP,-17.827280,0.872279,20.850310,0.619446,0.327009,0.241814,-0.671474
1.6147,5519,Real,Ring_DIP,-17.809660,0.874397,20.869770,0.575739,0.398965,0.320627,-0.637613
1.6147,5519,Real,Ring_FingerTip,-17.797370,0.875701,20.892420,0.575739,0.398965,0.320627,-0.637613
1.6147,5519,Real,Pinky_MCP,-17.872090,0.845738,20.823400,0.669834,0.240967,0.152426,-0.685583
1.6147,5519,Real,Pinky_PIP,-17.839110,0.850219,20.844450,0.631759,0.328061,0.242407,-0.659164
1.6147,5519,Real,Pinky_DIP,-17.826870,0.851961,20.858000,0.587836,0.401486,0.319739,-0.625320
1.6147,5519,Real,Pinky_FingerTip,-17.817810,0.853343,20.874820,0.587836,0.401486,0.319739,-0.625320
1.6147,5519,Virtual,Wrist,-17.964400,0.873141,20.782300,0.654571,0.188693,0.086913,-0.726896
1.6147,5519,Virtual,Thumb_CMC,-17.938340,0.906934,20.802770,0.101114,0.422740,-0.372148,-0.820106
1.6147,5519,Virtual,Thumb_MCP,-17.922290,0.937491,20.829920,0.044357,0.432395,-0.260496,-0.862096
1.6147,5519,Virtual,Thumb_IP,-17.898250,0.961394,20.865340,-0.059088,0.430629,-0.049376,-0.899238
1.6147,5519,Virtual,Thumb_FingerTip,-17.880450,0.962475,20.887580,-0.059088,0.430629,-0.049376,-0.899238
1.6147,5519,Virtual,Index_MCP,-17.871240,0.917674,20.831910,0.603182,0.245635,0.143872,-0.745075
1.6147,5519,Virtual,Index_PIP,-17.832010,0.921511,20.857180,0.542195,0.360818,0.289345,-0.701509
1.6147,5519,Virtual,Index_DIP,-17.817160,0.921129,20.878460,0.468654,0.452248,0.410522,-0.638206
1.6147,5519,Virtual,Index_FingerTip,-17.810320,0.918437,20.904340,0.468654,0.452248,0.410522,-0.638206
1.6147,5519,Virtual,Middle_MCP,-17.865320,0.891182,20.827960,0.624370,0.272452,0.180974,-0.709352
1.6147,5519,Virtual,Middle_PIP,-17.823820,0.895590,20.860310,0.550420,0.401381,0.330511,-0.653219
1.6147,5519,Virtual,Middle_DIP,-17.811080,0.895869,20.884920,0.461335,0.501237,0.451831,-0.576004
1.6147,5519,Virtual,Middle_FingerTip,-17.808560,0.894227,20.913060,0.461335,0.501237,0.451831,-0.576004
1.6147,5519,Virtual,Ring_MCP,-17.865880,0.866684,20.826020,0.655492,0.241848,0.150660,-0.699386
1.6147,5519,Virtual,Ring_PIP,-17.826910,0.871632,20.850960,0.617428,0.327023,0.242495,-0.673079
1.6147,5519,Virtual,Ring_DIP,-17.809300,0.873671,20.870450,0.573734,0.398736,0.321496,-0.639124
1.6147,5519,Virtual,Ring_FingerTip,-17.797030,0.874872,20.893110,0.573734,0.398736,0.321496,-0.639124
1.6147,5519,Virtual,Pinky_MCP,-17.871650,0.845175,20.823880,0.667866,0.241247,0.152898,-0.687298
1.6147,5519,Virtual,Pinky_PIP,-17.838700,0.849588,20.844980,0.629771,0.328075,0.243103,-0.660800
1.6147,5519,Virtual,Pinky_DIP,-17.826480,0.851275,20.858550,0.585861,0.401262,0.320626,-0.626861
1.6147,5519,Virtual,Pinky_FingerTip,-17.817420,0.852581,20.875380,0.585861,0.401262,0.320626,-0.626861
1.6147,5519,Render,Wrist,-17.964400,0.873141,20.782300,0.654571,0.188693,0.086913,-0.726896
1.6147,5519,Render,Thumb_CMC,-17.938340,0.906934,20.802770,0.025643,0.425912,-0.250971,-0.868882
1.6147,5519,Render,Thumb_MCP,-17.915890,0.927044,20.834710,-0.007773,0.426612,-0.182193,-0.885860
1.6147,5519,Render,Thumb_IP,-17.887960,0.942546,20.871910,-0.068260,0.421188,-0.054582,-0.902753
1.6147,5519,Render,Thumb_FingerTip,-17.869750,0.943716,20.893800,-0.068260,0.421188,-0.054582,-0.902753
1.6147,5519,Render,Index_MCP,-17.871240,0.917674,20.831910,0.607366,0.235099,0.130882,-0.747466
1.6147,5519,Render,Index_PIP,-17.831200,0.921885,20.855810,0.581039,0.294210,0.204410,-0.730789
1.6147,5519,Render,Index_DIP,-17.811900,0.923004,20.873140,0.552431,0.344942,0.268880,-0.709605
1.6147,5519,Render,Index_FingerTip,-17.795290,0.922991,20.894300,0.552431,0.344942,0.268880,-0.709605
1.6147,5519,Render,Middle_MCP,-17.865320,0.891182,20.827960,0.629083,0.261386,0.168422,-0.712437
1.6147,5519,Render,Middle_PIP,-17.822730,0.895876,20.858810,0.578820,0.359215,0.280876,-0.676048
1.6147,5519,Render,Middle_DIP,-17.806530,0.896876,20.881290,0.520638,0.439322,0.375904,-0.628194
1.6147,5519,Render,Middle_FingerTip,-17.797160,0.896456,20.907990,0.520638,0.439322,0.375904,-0.628194
1.6147,5519,Render,Ring_MCP,-17.865880,0.866684,20.826020,0.656213,0.239886,0.148567,-0.699834
1.6147,5519,Render,Ring_PIP,-17.826760,0.871658,20.850720,0.624361,0.313583,0.227871,-0.678170
1.6147,5519,Render,Ring_DIP,-17.808330,0.873832,20.869420,0.588630,0.376397,0.296702,-0.651005
1.6147,5519,Render,Ring_FingerTip,-17.794390,0.875298,20.891080,0.588630,0.376397,0.296702,-0.651005
1.6147,5519,Render,Pinky_MCP,-17.871650,0.845175,20.823880,0.667866,0.241247,0.152898,-0.687298
1.6147,5519,Render,Pinky_PIP,-17.838700,0.849588,20.844980,0.629771,0.328075,0.243103,-0.660800
1.6147,5519,Render,Pinky_DIP,-17.826480,0.851275,20.858550,0.585861,0.401262,0.320626,-0.626861
1.6147,5519,Render,Pinky_FingerTip,-17.817420,0.852581,20.875380,0.585861,0.401262,0.320626,-0.626861
1.6263,5520,Real,Wrist,-17.965110,0.874030,20.780950,0.657606,0.187218,0.087103,-0.724512
1.6263,5520,Real,Thumb_CMC,-17.938880,0.907871,20.801140,0.105905,0.419913,-0.374410,-0.819923
1.6263,5520,Real,Thumb_MCP,-17.922770,0.938736,20.827890,0.050652,0.430090,-0.265114,-0.861494
1.6263,5520,Real,Thumb_IP,-17.898770,0.963269,20.862910,-0.050316,0.430130,-0.058420,-0.899469
1.6263,5520,Real,Thumb_FingerTip,-17.881010,0.965030,20.885130,-0.050316,0.430130,-0.058420,-0.899469
1.6263,5520,Real,Index_MCP,-17.871700,0.918566,20.830090,0.606380,0.244580,0.144093,-0.742780
1.6263,5520,Real,Index_PIP,-17.832420,0.922432,20.855290,0.545668,0.360227,0.288856,-0.699319
1.6263,5520,Real,Index_DIP,-17.817540,0.922150,20.876550,0.472321,0.452139,0.409443,-0.636271
1.6263,5520,Real,Index_FingerTip,-17.810650,0.919623,20.902440,0.472321,0.452139,0.409443,-0.636271
1.6263,5520,Real,Middle_MCP,-17.865890,0.892025,20.826330,0.627766,0.270935,0.180345,-0.707093
1.6263,5520,Real,Middle_PIP,-17.824270,0.896520,20.858510,0.554709,0.399743,0.328357,-0.651679
1.6263,5520,Real,Middle_DIP,-17.811390,0.896950,20.883050,0.466586,0.499794,0.448584,-0.575567
1.6263,5520,Real,Middle_FingerTip,-17.808610,0.895536,20.911180,0.466586,0.499794,0.448584,-0.575567
1.6263,5520,Real,Ring_MCP,-17.866550,0.867516,20.824570,0.658793,0.240029,0.149978,-0.697054
1.6263,5520,Real,Ring_PIP,-17.827470,0.872503,20.849340,0.621492,0.324607,0.240372,-0.671267
1.6263,5520,Real,Ring_DIP,-17.809720,0.874631,20.868690,0.578663,0.395943,0.318198,-0.638066
1.6263,5520,Real,Ring_FingerTip,-17.797240,0.875977,20.891220,0.578663,0.395943,0.318198,-0.638066
1.6263,5520,Real,Pinky_MCP,-17.872400,0.846014,20.822590,0.671123,0.239410,0.152197,-0.684918
1.6263,5520,Real,Pinky_PIP,-17.839360,0.850458,20.843540,0.633796,0.325616,0.240975,-0.658945
1.6263,5520,Real,Pinky_DIP,-17.827040,0.852204,20.857020,0.590761,0.398402,0.317337,-0.625759
1.6263,5520,Real,Pinky_FingerTip,-17.817820,0.853613,20.873760,0.590761,0.398402,0.317337,-0.625759
1.6263,5520,Virtual,Wrist,-17.964840,0.873601,20.781760,0.656584,0.188237,0.086605,-0.725234
1.6263,5520,Virtual,Thumb_CMC,-17.938720,0.907467,20.802040,0.104654,0.420735,-0.374991,-0.819397
1.6263,5520,Virtual,Thumb_MCP,-17.922700,0.938319,20.828870,0.049305,0.430743,-0.265757,-0.861048
1.6263,5520,Virtual,Thumb_IP,-17.898790,0.962841,20.863960,-0.051778,0.430453,-0.059149,-0.899184
1.6263,5520,Virtual,Thumb_FingerTip,-17.881060,0.964602,20.886190,-0.051778,0.430453,-0.059149,-0.899184
1.6263,5520,Virtual,Index_MCP,-17.871590,0.918275,20.831070,0.605244,0.245481,0.143612,-0.743502
1.6263,5520,Virtual,Index_PIP,-17.832330,0.922190,20.856300,0.544375,0.360884,0.288528,-0.700122
1.6263,5520,Virtual,Index_DIP,-17.817460,0.921902,20.877570,0.470932,0.452554,0.409265,-0.637120
1.6263,5520,Virtual,Index_FingerTip,-17.810590,0.919340,20.903450,0.470932,0.452554,0.409265,-0.637120
1.6263,5520,Virtual,Middle_MCP,-17.865700,0.891757,20.827250,0.626620,0.271813,0.179945,-0.707874
1.6263,5520,Virtual,Middle_PIP,-17.824120,0.896293,20.859470,0.553401,0.400354,0.328135,-0.652528
1.6263,5520,Virtual,Middle_DIP,-17.811260,0.896705,20.884020,0.465184,0.500139,0.448530,-0.576443
1.6263,5520,Virtual,Middle_FingerTip,-17.808500,0.895239,20.912150,0.465184,0.500139,0.448530,-0.576443
1.6263,5520,Virtual,Ring_MCP,-17.866290,0.867250,20.825440,0.657709,0.240974,0.149571,-0.697840
1.6263,5520,Virtual,Ring_PIP,-17.827250,0.872286,20.850240,0.620293,0.325401,0.240071,-0.672099
1.6263,5520,Virtual,Ring_DIP,-17.809520,0.874420,20.869610,0.577378,0.396590,0.317998,-0.638928
1.6263,5520,Virtual,Ring_FingerTip,-17.797050,0.875751,20.892160,0.577378,0.396590,0.317998,-0.638928
1.6263,5520,Virtual,Pinky_MCP,-17.872090,0.845738,20.823410,0.670051,0.240365,0.151809,-0.685720
1.6263,5520,Virtual,Pinky_PIP,-17.839080,0.850223,20.844400,0.632608,0.326421,0.240696,-0.659790
1.6263,5520,Virtual,Pinky_DIP,-17.826770,0.851972,20.857890,0.589486,0.399061,0.317160,-0.626631
1.6263,5520,Virtual,Pinky_FingerTip,-17.817570,0.853371,20.874630,0.589486,0.399061,0.317160,-0.626631
1.6263,5520,Render,Wrist,-17.964840,0.873601,20.781760,0.656584,0.188237,0.086605,-0.725234
1.6263,5520,Render,Thumb_CMC,-17.938720,0.907467,20.802040,0.028031,0.424908,-0.251554,-0.869131
1.6263,5520,Render,Thumb_MCP,-17.916220,0.927714,20.833850,-0.005313,0.425798,-0.182754,-0.886154
1.6263,5520,Render,Thumb_IP,-17.888250,0.943373,20.870950,-0.065710,0.420731,-0.055096,-0.903124
1.6263,5520,Render,Thumb_FingerTip,-17.870010,0.944633,20.892810,-0.065710,0.420731,-0.055096,-0.903124
1.6263,5520,Render,Index_MCP,-17.871590,0.918275,20.831070,0.609477,0.234775,0.130486,-0.745917
1.6263,5520,Render,Index_PIP,-17.831520,0.922561,20.854910,0.583171,0.294097,0.203862,-0.729287
1.6263,5520,Render,Index_DIP,-17.812210,0.923747,20.872220,0.554565,0.345021,0.268200,-0.708158
1.6263,5520,Render,Index_FingerTip,-17.795580,0.923822,20.893370,0.554565,0.345021,0.268200,-0.708158
1.6263,5520,Render,Middle_MCP,-17.865700,0.891757,20.827250,0.631134,0.261160,0.167929,-0.710820
1.6263,5520,Render,Middle_PIP,-17.823080,0.896558,20.858050,0.580881,0.359321,0.280129,-0.674532
1.6263,5520,Render,Middle_DIP,-17.806860,0.897654,20.880500,0.522662,0.439727,0.374945,-0.626803
1.6263,5520,Render,Middle_FingerTip,-17.797460,0.897360,20.907190,0.522662,0.439727,0.374945,-0.626803
1.6263,5520,Render,Ring_MCP,-17.866290,0.867250,20.825440,0.658211,0.239598,0.148110,-0.698151
1.6263,5520,Render,Ring_PIP,-17.827150,0.872304,20.850080,0.626379,0.313526,0.227225,-0.676550
1.6263,5520,Render,Ring_DIP,-17.808700,0.874551,20.868760,0.590643,0.376549,0.295892,-0.649461
1.6263,5520,Render,Ring_FingerTip,-17.794730,0.876112,20.890390,0.590643,0.376549,0.295892,-0.649461
1.6263,5520,Render,Pinky_MCP,-17.872090,0.845738,20.823410,0.669834,0.240967,0.152426,-0.685583
1.6263,5520,Render,Pinky_PIP,-17.839120,0.850219,20.844460,0.631759,0.328061,0.242407,-0.659163
1.6263,5520,Render,Pinky_DIP,-17.826880,0.851960,20.858010,0.587837,0.401486,0.319739,-0.625320
1.6263,5520,Render,Pinky_FingerTip,-17.817820,0.853342,20.874830,0.587837,0.401486,0.319739,-0.625320
1.6382,5521,Real,Wrist,-17.965110,0.874030,20.780950,0.657606,0.187218,0.087103,-0.724512
1.6382,5521,Real,Thumb_CMC,-17.938880,0.907871,20.801140,0.105905,0.419913,-0.374410,-0.819923
1.6382,5521,Real,Thumb_MCP,-17.922770,0.938736,20.827890,0.050652,0.430090,-0.265114,-0.861494
1.6382,5521,Real,Thumb_IP,-17.898770,0.963269,20.862910,-0.050316,0.430130,-0.058420,-0.899469
1.6382,5521,Real,Thumb_FingerTip,-17.881010,0.965030,20.885130,-0.050316,0.430130,-0.058420,-0.899469
1.6382,5521,Real,Index_MCP,-17.871700,0.918566,20.830090,0.606380,0.244580,0.144093,-0.742780
1.6382,5521,Real,Index_PIP,-17.832420,0.922432,20.855290,0.545668,0.360227,0.288856,-0.699319
1.6382,5521,Real,Index_DIP,-17.817540,0.922150,20.876550,0.472321,0.452139,0.409443,-0.636271
1.6382,5521,Real,Index_FingerTip,-17.810650,0.919623,20.902440,0.472321,0.452139,0.409443,-0.636271
1.6382,5521,Real,Middle_MCP,-17.865890,0.892025,20.826330,0.627766,0.270935,0.180345,-0.707093
1.6382,5521,Real,Middle_PIP,-17.824270,0.896520,20.858510,0.554709,0.399743,0.328357,-0.651679
1.6382,5521,Real,Middle_DIP,-17.811390,0.896950,20.883050,0.466586,0.499794,0.448584,-0.575567
1.6382,5521,Real,Middle_FingerTip,-17.808610,0.895536,20.911180,0.466586,0.499794,0.448584,-0.575567
1.6382,5521,Real,Ring_MCP,-17.866550,0.867516,20.824570,0.658793,0.240029,0.149978,-0.697054
1.6382,5521,Real,Ring_PIP,-17.827470,0.872503,20.849340,0.621492,0.324607,0.240372,-0.671267
1.6382,5521,Real,Ring_DIP,-17.809720,0.874631,20.868690,0.578663,0.395943,0.318198,-0.638066
1.6382,5521,Real,Ring_FingerTip,-17.797240,0.875977,20.891220,0.578663,0.395943,0.318198,-0.638066
1.6382,5521,Real,Pinky_MCP,-17.872400,0.846014,20.822590,0.671123,0.239410,0.152197,-0.684918
1.6382,5521,Real,Pinky_PIP,-17.839360,0.850458,20.843540,0.633796,0.325616,0.240975,-0.658945
1.6382,5521,Real,Pinky_DIP,-17.827040,0.852204,20.857020,0.590761,0.398402,0.317337,-0.625759
1.6382,5521,Real,Pinky_FingerTip,-17.817820,0.853613,20.873760,0.590761,0.398402,0.317337,-0.625759
1.6382,5521,Virtual,Wrist,-17.965110,0.874030,20.780960,0.657606,0.187218,0.087103,-0.724512
1.6382,5521,Virtual,Thumb_CMC,-17.938890,0.907871,20.801150,0.105905,0.419913,-0.374411,-0.819923
1.6382,5521,Virtual,Thumb_MCP,-17.922770,0.938736,20.827900,0.050652,0.430090,-0.265114,-0.861494
1.6382,5521,Virtual,Thumb_IP,-17.898770,0.963269,20.862920,-0.050317,0.430129,-0.058420,-0.899469
1.6382,5521,Virtual,Thumb_FingerTip,-17.881010,0.965031,20.885140,-0.050317,0.430129,-0.058420,-0.899469
1.6382,5521,Virtual,Index_MCP,-17.871710,0.918566,20.830100,0.606380,0.244580,0.144092,-0.742780
1.6382,5521,Virtual,Index_PIP,-17.832430,0.922432,20.855300,0.545668,0.360227,0.288855,-0.699319
1.6382,5521,Virtual,Index_DIP,-17.817540,0.922150,20.876550,0.472321,0.452139,0.409443,-0.636271
1.6382,5521,Virtual,Index_FingerTip,-17.810650,0.919623,20.902440,0.472321,0.452139,0.409443,-0.636271
1.6382,5521,Virtual,Middle_MCP,-17.865890,0.892025,20.826330,0.627766,0.270935,0.180344,-0.707093
1.6382,5521,Virtual,Middle_PIP,-17.824270,0.896520,20.858520,0.554708,0.399743,0.328357,-0.651679
1.6382,5521,Virtual,Middle_DIP,-17.811390,0.896950,20.883060,0.466586,0.499794,0.448583,-0.575567
1.6382,5521,Virtual,Middle_FingerTip,-17.808610,0.895536,20.911190,0.466586,0.499794,0.448583,-0.575567
1.6382,5521,Virtual,Ring_MCP,-17.866550,0.867516,20.824570,0.658793,0.240029,0.149978,-0.697054
1.6382,5521,Virtual,Ring_PIP,-17.827470,0.872503,20.849340,0.621492,0.324607,0.240372,-0.671267
1.6382,5521,Virtual,Ring_DIP,-17.809720,0.874631,20.868690,0.578663,0.395943,0.318198,-0.638066
1.6382,5521,Virtual,Ring_FingerTip,-17.797230,0.875977,20.891230,0.578663,0.395943,0.318198,-0.638066
1.6382,5521,Virtual,Pinky_MCP,-17.872400,0.846014,20.822590,0.671123,0.239410,0.152197,-0.684918
1.6382,5521,Virtual,Pinky_PIP,-17.839360,0.850458,20.843550,0.633796,0.325616,0.240975,-0.658945
1.6382,5521,Virtual,Pinky_DIP,-17.827040,0.852204,20.857020,0.590761,0.398402,0.317337,-0.625759
1.6382,5521,Virtual,Pinky_FingerTip,-17.817820,0.853613,20.873760,0.590761,0.398402,0.317337,-0.625759
1.6382,5521,Render,Wrist,-17.965110,0.874030,20.780960,0.657606,0.187218,0.087103,-0.724512
1.6382,5521,Render,Thumb_CMC,-17.938890,0.907871,20.801150,0.030381,0.423564,-0.253252,-0.869215
1.6382,5521,Render,Thumb_MCP,-17.916360,0.928333,20.832800,-0.001886,0.424648,-0.186483,-0.885943
1.6382,5521,Render,Thumb_IP,-17.888430,0.944455,20.869730,-0.059854,0.420413,-0.063761,-0.903109
1.6382,5521,Render,Thumb_FingerTip,-17.870240,0.946303,20.891590,-0.059854,0.420413,-0.063761,-0.903109
1.6382,5521,Render,Index_MCP,-17.871710,0.918566,20.830100,0.610597,0.233855,0.130979,-0.745204
1.6382,5521,Render,Index_PIP,-17.831610,0.922798,20.853910,0.584376,0.293292,0.204282,-0.728528
1.6382,5521,Render,Index_DIP,-17.812290,0.923970,20.871200,0.555837,0.344327,0.268551,-0.707365
1.6382,5521,Render,Index_FingerTip,-17.795640,0.924046,20.892330,0.555837,0.344327,0.268551,-0.707365
1.6382,5521,Render,Middle_MCP,-17.865890,0.892025,20.826330,0.632265,0.260263,0.168342,-0.710046
1.6382,5521,Render,Middle_PIP,-17.823230,0.896780,20.857090,0.582142,0.358618,0.280412,-0.673701
1.6382,5521,Render,Middle_DIP,-17.807000,0.897881,20.879540,0.524011,0.439213,0.375105,-0.625940
1.6382,5521,Render,Middle_FingerTip,-17.797580,0.897618,20.906220,0.524011,0.439213,0.375105,-0.625940
1.6382,5521,Render,Ring_MCP,-17.866550,0.867516,20.824570,0.659294,0.238650,0.148519,-0.697367
1.6382,5521,Render,Ring_PIP,-17.827370,0.872520,20.849180,0.627563,0.312709,0.227541,-0.675724
1.6382,5521,Render,Ring_DIP,-17.808900,0.874759,20.867830,0.591906,0.375859,0.296121,-0.648607
1.6382,5521,Render,Ring_FingerTip,-17.794920,0.876328,20.889460,0.591906,0.375859,0.296121,-0.648607
1.6382,5521,Render,Pinky_MCP,-17.872400,0.846014,20.822590,0.671123,0.239410,0.152197,-0.684918
1.6382,5521,Render,Pinky_PIP,-17.839360,0.850458,20.843550,0.633796,0.325616,0.240975,-0.658945
1.6382,5521,Render,Pinky_DIP,-17.827040,0.852204,20.857020,0.590761,0.398402,0.317337,-0.625759
1.6382,5521,Render,Pinky_FingerTip,-17.817820,0.853613,20.873760,0.590761,0.398402,0.317337,-0.625759
1.6488,5522,Real,Wrist,-17.964920,0.874815,20.778860,0.656642,0.185441,0.078537,-0.726819
1.6488,5522,Real,Thumb_CMC,-17.938780,0.908910,20.798730,0.105203,0.408192,-0.383069,-0.821931
1.6488,5522,Real,Thumb_MCP,-17.922390,0.940332,20.824650,0.054317,0.418017,-0.279311,-0.862727
1.6488,5522,Real,Thumb_IP,-17.898150,0.966188,20.858520,-0.038822,0.419739,-0.083004,-0.903008
1.6488,5522,Real,Thumb_FingerTip,-17.880080,0.969532,20.880310,-0.038822,0.419739,-0.083004,-0.903008
1.6488,5522,Real,Index_MCP,-17.871310,0.920291,20.826710,0.604975,0.243673,0.137475,-0.745473
1.6488,5522,Real,Index_PIP,-17.831810,0.924499,20.851510,0.546000,0.356729,0.279898,-0.704476
1.6488,5522,Real,Index_DIP,-17.816530,0.924374,20.872500,0.474996,0.446933,0.399079,-0.644489
1.6488,5522,Real,Index_FingerTip,-17.808940,0.921958,20.898190,0.474996,0.446933,0.399079,-0.644489
1.6488,5522,Real,Middle_MCP,-17.865260,0.893820,20.822820,0.628280,0.266140,0.168856,-0.711282
1.6488,5522,Real,Middle_PIP,-17.822940,0.898795,20.854020,0.560751,0.388748,0.310449,-0.661857
1.6488,5522,Real,Middle_DIP,-17.808940,0.899489,20.877930,0.479695,0.485242,0.426872,-0.593476
1.6488,5522,Real,Middle_FingerTip,-17.804280,0.898325,20.905820,0.479695,0.485242,0.426872,-0.593476
1.6488,5522,Real,Ring_MCP,-17.865680,0.869308,20.821030,0.658813,0.236211,0.139254,-0.700557
1.6488,5522,Real,Ring_PIP,-17.826140,0.874712,20.844970,0.624271,0.316410,0.225406,-0.677763
1.6488,5522,Real,Ring_DIP,-17.807740,0.877070,20.863680,0.584856,0.384413,0.299980,-0.648215
1.6488,5522,Real,Ring_FingerTip,-17.794210,0.878637,20.885590,0.584856,0.384413,0.299980,-0.648215
1.6488,5522,Real,Pinky_MCP,-17.871320,0.847747,20.819100,0.671169,0.235704,0.141489,-0.688446
1.6488,5522,Real,Pinky_PIP,-17.837900,0.852534,20.839350,0.636594,0.317446,0.226116,-0.665468
1.6488,5522,Real,Pinky_DIP,-17.825130,0.854427,20.852390,0.596985,0.386824,0.299307,-0.635918
1.6488,5522,Real,Pinky_FingerTip,-17.815130,0.855983,20.868660,0.596985,0.386824,0.299307,-0.635918
1.6488,5522,Virtual,Wrist,-17.965110,0.874030,20.780960,0.657606,0.187218,0.087103,-0.724512
1.6488,5522,Virtual,Thumb_CMC,-17.938890,0.907871,20.801150,0.110825,0.413285,-0.378147,-0.820925
1.6488,5522,Virtual,Thumb_MCP,-17.922530,0.939155,20.827260,0.059272,0.423761,-0.274550,-0.861125
1.6488,5522,Virtual,Thumb_IP,-17.898510,0.964802,20.861450,-0.035250,0.426432,-0.078711,-0.900399
1.6488,5522,Virtual,Thumb_FingerTip,-17.880730,0.967985,20.883490,-0.035250,0.426432,-0.078711,-0.900399
1.6488,5522,Virtual,Index_MCP,-17.871710,0.918566,20.830100,0.605843,0.245908,0.145719,-0.742462
1.6488,5522,Virtual,Index_PIP,-17.832530,0.922386,20.855470,0.546416,0.359090,0.287399,-0.699919
1.6488,5522,Virtual,Index_DIP,-17.817560,0.922130,20.876670,0.474992,0.449331,0.405665,-0.638687
1.6488,5522,Virtual,Index_FingerTip,-17.810370,0.919673,20.902470,0.474992,0.449331,0.405665,-0.638687
1.6488,5522,Virtual,Middle_MCP,-17.865890,0.892025,20.826330,0.629015,0.268023,0.177066,-0.707921
1.6488,5522,Virtual,Middle_PIP,-17.823980,0.896592,20.858130,0.561085,0.390742,0.317801,-0.656892
1.6488,5522,Virtual,Middle_DIP,-17.810330,0.897173,20.882250,0.479657,0.487263,0.433185,-0.587244
1.6488,5522,Virtual,Middle_FingerTip,-17.806090,0.896003,20.910200,0.479657,0.487263,0.433185,-0.587244
1.6488,5522,Virtual,Ring_MCP,-17.866550,0.867516,20.824570,0.659590,0.237830,0.147651,-0.697551
1.6488,5522,Virtual,Ring_PIP,-17.827310,0.872530,20.849080,0.624841,0.318113,0.233364,-0.673735
1.6488,5522,Virtual,Ring_DIP,-17.809170,0.874719,20.868050,0.585231,0.386169,0.307437,-0.643320
1.6488,5522,Virtual,Ring_FingerTip,-17.795940,0.876175,20.890160,0.585231,0.386169,0.307437,-0.643320
1.6488,5522,Virtual,Pinky_MCP,-17.872400,0.846014,20.822590,0.671918,0.237170,0.149911,-0.685422
1.6488,5522,Virtual,Pinky_PIP,-17.839230,0.850471,20.843320,0.637155,0.318994,0.234096,-0.661420
1.6488,5522,Virtual,Pinky_DIP,-17.826630,0.852248,20.856540,0.597369,0.388425,0.306783,-0.631000
1.6488,5522,Virtual,Pinky_FingerTip,-17.816850,0.853721,20.872950,0.597369,0.388425,0.306783,-0.631000
1.6488,5522,Render,Wrist,-17.965110,0.874030,20.780960,0.657606,0.187218,0.087103,-0.724512
1.6488,5522,Render,Thumb_CMC,-17.938890,0.907871,20.801150,0.030894,0.419565,-0.256261,-0.870254
1.6488,5522,Render,Thumb_MCP,-17.916200,0.928594,20.832520,-0.000065,0.420701,-0.191526,-0.886752
1.6488,5522,Render,Thumb_IP,-17.888130,0.945246,20.869100,-0.055143,0.417072,-0.073784,-0.904194
1.6488,5522,Render,Thumb_FingerTip,-17.869850,0.947738,20.890830,-0.055143,0.417072,-0.073784,-0.904194
1.6488,5522,Render,Index_MCP,-17.871710,0.918566,20.830100,0.610597,0.233855,0.130979,-0.745204
1.6488,5522,Render,Index_PIP,-17.831610,0.922798,20.853910,0.584376,0.293292,0.204282,-0.728528
1.6488,5522,Render,Index_DIP,-17.812290,0.923970,20.871200,0.555837,0.344327,0.268551,-0.707365
1.6488,5522,Render,Index_FingerTip,-17.795640,0.924046,20.892330,0.555837,0.344327,0.268551,-0.707365
1.6488,5522,Render,Middle_MCP,-17.865890,0.892025,20.826330,0.632265,0.260263,0.168342,-0.710046
1.6488,5522,Render,Middle_PIP,-17.823230,0.896780,20.857090,0.582142,0.358618,0.280412,-0.673701
1.6488,5522,Render,Middle_DIP,-17.807000,0.897881,20.879540,0.524011,0.439213,0.375105,-0.625940
1.6488,5522,Render,Middle_FingerTip,-17.797580,0.897618,20.906220,0.524011,0.439213,0.375105,-0.625940
1.6488,5522,Render,Ring_MCP,-17.866550,0.867516,20.824570,0.659294,0.238650,0.148519,-0.697367
1.6488,5522,Render,Ring_PIP,-17.827370,0.872520,20.849180,0.627563,0.312709,0.227541,-0.675724
1.6488,5522,Render,Ring_DIP,-17.808900,0.874759,20.867830,0.591906,0.375859,0.296121,-0.648607
1.6488,5522,Render,Ring_FingerTip,-17.794920,0.876328,20.889460,0.591906,0.375859,0.296121,-0.648607
1.6488,5522,Render,Pinky_MCP,-17.872400,0.846014,20.822590,0.671581,0.238123,0.150884,-0.685209
1.6488,5522,Render,Pinky_PIP,-17.839280,0.850466,20.843420,0.635534,0.322211,0.237436,-0.660228
1.6488,5522,Render,Pinky_DIP,-17.826820,0.852227,20.856760,0.594114,0.393385,0.312026,-0.628424
1.6488,5522,Render,Pinky_FingerTip,-17.817320,0.853669,20.873340,0.594114,0.393385,0.312026,-0.628424
1.6656,5523,Real,Wrist,-17.964680,0.875522,20.777990,0.658386,0.184474,0.072280,-0.726136
1.6656,5523,Real,Thumb_CMC,-17.938590,0.909910,20.797400,0.106357,0.399464,-0.387958,-0.823776
1.6656,5523,Real,Thumb_MCP,-17.921910,0.941708,20.822680,0.058002,0.409291,-0.287037,-0.864134
1.6656,5523,Real,Thumb_IP,-17.897380,0.968359,20.855730,-0.030650,0.412243,-0.096078,-0.905476
1.6656,5523,Real,Thumb_FingerTip,-17.879100,0.972598,20.877170,-0.030650,0.412243,-0.096078,-0.905476
1.6656,5523,Real,Index_MCP,-17.870930,0.921925,20.824670,0.605943,0.244856,0.134013,-0.744929
1.6656,5523,Real,Index_PIP,-17.831400,0.926471,20.849370,0.548750,0.354957,0.272378,-0.706179
1.6656,5523,Real,Index_DIP,-17.815830,0.926597,20.870140,0.480294,0.443215,0.388649,-0.649485
1.6656,5523,Real,Index_FingerTip,-17.807630,0.924469,20.895660,0.480294,0.443215,0.388649,-0.649485
1.6656,5523,Real,Middle_MCP,-17.864730,0.895475,20.820870,0.630433,0.264685,0.161757,-0.711570
1.6656,5523,Real,Middle_PIP,-17.822080,0.900942,20.851530,0.565620,0.384158,0.299313,-0.665514
1.6656,5523,Real,Middle_DIP,-17.807520,0.901945,20.875090,0.488086,0.478826,0.413147,-0.601504
1.6656,5523,Real,Middle_FingerTip,-17.801850,0.901107,20.902800,0.488086,0.478826,0.413147,-0.601504
1.6656,5523,Real,Ring_MCP,-17.864990,0.870951,20.819220,0.660798,0.234983,0.132337,-0.700441
1.6656,5523,Real,Ring_PIP,-17.825220,0.876775,20.842680,0.627442,0.313348,0.216265,-0.679234
1.6656,5523,Real,Ring_DIP,-17.806520,0.879395,20.861040,0.589494,0.379958,0.289107,-0.651573
1.6656,5523,Real,Ring_FingerTip,-17.792480,0.881232,20.882610,0.589494,0.379958,0.289107,-0.651573
1.6656,5523,Real,Pinky_MCP,-17.870500,0.849340,20.817470,0.673132,0.234574,0.134567,-0.688302
1.6656,5523,Real,Pinky_PIP,-17.836890,0.854480,20.837310,0.639735,0.314438,0.217007,-0.666916
1.6656,5523,Real,Pinky_DIP,-17.823900,0.856551,20.850100,0.601594,0.382382,0.288501,-0.639246
1.6656,5523,Real,Pinky_FingerTip,-17.813530,0.858299,20.866120,0.601594,0.382382,0.288501,-0.639246
1.6656,5523,Virtual,Wrist,-17.964930,0.874815,20.778870,0.656642,0.185441,0.078537,-0.726819
1.6656,5523,Virtual,Thumb_CMC,-17.938790,0.908909,20.798730,0.107330,0.404137,-0.383405,-0.823501
1.6656,5523,Virtual,Thumb_MCP,-17.922130,0.940447,20.824340,0.058411,0.414047,-0.282550,-0.863319
1.6656,5523,Virtual,Thumb_IP,-17.897740,0.966738,20.857780,-0.031265,0.416976,-0.091868,-0.903722
1.6656,5523,Virtual,Thumb_FingerTip,-17.879630,0.970727,20.879420,-0.031265,0.416976,-0.091868,-0.903722
1.6656,5523,Virtual,Index_MCP,-17.871310,0.920291,20.826720,0.604063,0.245924,0.140251,-0.744956
1.6656,5523,Virtual,Index_PIP,-17.831990,0.924418,20.851810,0.546702,0.355651,0.278508,-0.705027
1.6656,5523,Virtual,Index_DIP,-17.816620,0.924319,20.872730,0.478157,0.443550,0.394494,-0.647305
1.6656,5523,Virtual,Index_FingerTip,-17.808680,0.921991,20.898330,0.478157,0.443550,0.394494,-0.647305
1.6656,5523,Virtual,Middle_MCP,-17.865260,0.893820,20.822820,0.628582,0.265427,0.168050,-0.711472
1.6656,5523,Virtual,Middle_PIP,-17.822880,0.898813,20.853920,0.563659,0.384519,0.305462,-0.664174
1.6656,5523,Virtual,Middle_DIP,-17.808530,0.899581,20.877630,0.486092,0.478833,0.418959,-0.599089
1.6656,5523,Virtual,Middle_FingerTip,-17.803140,0.898549,20.905390,0.486092,0.478833,0.418959,-0.599089
1.6656,5523,Virtual,Ring_MCP,-17.865680,0.869307,20.821040,0.659014,0.235647,0.138655,-0.700675
1.6656,5523,Virtual,Ring_PIP,-17.826100,0.874719,20.844910,0.625591,0.313792,0.222564,-0.678702
1.6656,5523,Virtual,Ring_DIP,-17.807550,0.877103,20.863460,0.587605,0.380197,0.295311,-0.650356
1.6656,5523,Virtual,Ring_FingerTip,-17.793710,0.878720,20.885180,0.587605,0.380197,0.295311,-0.650356
1.6656,5523,Virtual,Pinky_MCP,-17.871320,0.847746,20.819110,0.671370,0.235130,0.140900,-0.688566
1.6656,5523,Virtual,Pinky_PIP,-17.837870,0.852537,20.839300,0.637919,0.314776,0.223325,-0.666410
1.6656,5523,Virtual,Pinky_DIP,-17.824990,0.854444,20.852230,0.599752,0.382521,0.294726,-0.638054
1.6656,5523,Virtual,Pinky_FingerTip,-17.814770,0.856029,20.868350,0.599752,0.382521,0.294726,-0.638054
1.6656,5523,Render,Wrist,-17.964930,0.874815,20.778870,0.656642,0.185441,0.078537,-0.726819
1.6656,5523,Render,Thumb_CMC,-17.938790,0.908909,20.798730,0.026646,0.408246,-0.264705,-0.873245
1.6656,5523,Render,Thumb_MCP,-17.915660,0.930164,20.829420,-0.002245,0.409109,-0.202389,-0.889755
1.6656,5523,Render,Thumb_IP,-17.887060,0.947733,20.865160,-0.052906,0.405679,-0.090611,-0.907973
1.6656,5523,Render,Thumb_FingerTip,-17.868410,0.951199,20.886430,-0.052906,0.405679,-0.090611,-0.907973
1.6656,5523,Render,Index_MCP,-17.871310,0.920291,20.826720,0.609685,0.231637,0.122676,-0.748051
1.6656,5523,Render,Index_PIP,-17.830910,0.924923,20.849950,0.583689,0.290995,0.196303,-0.732185
1.6656,5523,Render,Index_DIP,-17.811360,0.926279,20.866960,0.555358,0.341977,0.260930,-0.711720
1.6656,5523,Render,Index_FingerTip,-17.794410,0.926505,20.887850,0.555358,0.341977,0.260930,-0.711720
1.6656,5523,Render,Middle_MCP,-17.865260,0.893820,20.822820,0.631508,0.258389,0.160091,-0.713305
1.6656,5523,Render,Middle_PIP,-17.822210,0.898992,20.852970,0.581696,0.356646,0.272793,-0.678246
1.6656,5523,Render,Middle_DIP,-17.805670,0.900236,20.875170,0.523856,0.437197,0.368225,-0.631541
1.6656,5523,Render,Middle_FingerTip,-17.795870,0.900037,20.901720,0.523856,0.437197,0.368225,-0.631541
1.6656,5523,Render,Ring_MCP,-17.865680,0.869307,20.821040,0.658518,0.237030,0.140125,-0.700383
1.6656,5523,Render,Ring_PIP,-17.826200,0.874700,20.845080,0.626978,0.311011,0.219549,-0.679683
1.6656,5523,Render,Ring_DIP,-17.807490,0.877112,20.863460,0.591500,0.374109,0.288580,-0.653370
1.6656,5523,Render,Ring_FingerTip,-17.793210,0.878801,20.884890,0.591500,0.374109,0.288580,-0.653370
1.6656,5523,Render,Pinky_MCP,-17.871320,0.847746,20.819110,0.671169,0.235704,0.141489,-0.688445
1.6656,5523,Render,Pinky_PIP,-17.837900,0.852533,20.839360,0.636594,0.317446,0.226116,-0.665468
1.6656,5523,Render,Pinky_DIP,-17.825130,0.854427,20.852400,0.596985,0.386824,0.299307,-0.635918
1.6656,5523,Render,Pinky_FingerTip,-17.815140,0.855982,20.868670,0.596985,0.386824,0.299307,-0.635918
1.6787,5524,Real,Wrist,-17.964650,0.876276,20.777310,0.660641,0.183496,0.068477,-0.724703
1.6787,5524,Real,Thumb_CMC,-17.938560,0.910871,20.796340,0.107155,0.395819,-0.390883,-0.824048
1.6787,5524,Real,Thumb_MCP,-17.921820,0.942884,20.821310,0.059228,0.405767,-0.289910,-0.864753
1.6787,5524,Real,Thumb_IP,-17.897180,0.969825,20.854030,-0.028701,0.409062,-0.098752,-0.906694
1.6787,5524,Real,Thumb_FingerTip,-17.878770,0.974259,20.875340,-0.028701,0.409062,-0.098752,-0.906694
1.6787,5524,Real,Index_MCP,-17.870770,0.923275,20.823110,0.608354,0.243933,0.130149,-0.743952
1.6787,5524,Real,Index_PIP,-17.831100,0.928106,20.847530,0.551292,0.354507,0.268399,-0.705950
1.6787,5524,Real,Index_DIP,-17.815410,0.928415,20.868200,0.482875,0.443204,0.384688,-0.649936
1.6787,5524,Real,Index_FingerTip,-17.807040,0.926478,20.893690,0.482875,0.443204,0.384688,-0.649936
1.6787,5524,Real,Middle_MCP,-17.864510,0.896822,20.819440,0.632791,0.263993,0.157806,-0.710620
1.6787,5524,Real,Middle_PIP,-17.821690,0.902621,20.849800,0.568068,0.383946,0.295252,-0.665365
1.6787,5524,Real,Middle_DIP,-17.806980,0.903822,20.873260,0.490533,0.479055,0.409124,-0.602081
1.6787,5524,Real,Middle_FingerTip,-17.801140,0.903181,20.900950,0.490533,0.479055,0.409124,-0.602081
1.6787,5524,Real,Ring_MCP,-17.864700,0.872287,20.817960,0.663076,0.234280,0.128405,-0.699254
1.6787,5524,Real,Ring_PIP,-17.824810,0.878388,20.841130,0.629788,0.312927,0.212218,-0.678533
1.6787,5524,Real,Ring_DIP,-17.806000,0.881185,20.859350,0.591872,0.379795,0.285008,-0.651317
1.6787,5524,Real,Ring_FingerTip,-17.791830,0.883206,20.880820,0.591872,0.379795,0.285008,-0.651317
1.6787,5524,Real,Pinky_MCP,-17.870150,0.850648,20.816370,0.675379,0.233936,0.130617,-0.687079
1.6787,5524,Real,Pinky_PIP,-17.836430,0.856022,20.835980,0.642042,0.314077,0.212938,-0.666180
1.6787,5524,Real,Pinky_DIP,-17.823370,0.858216,20.848670,0.603927,0.382276,0.284375,-0.638959
1.6787,5524,Real,Pinky_FingerTip,-17.812910,0.860100,20.864610,0.603927,0.382276,0.284375,-0.638959
1.6787,5524,Virtual,Wrist,-17.964680,0.875522,20.777990,0.658386,0.184474,0.072280,-0.726136
1.6787,5524,Virtual,Thumb_CMC,-17.938590,0.909911,20.797410,0.106357,0.399464,-0.387958,-0.823776
1.6787,5524,Virtual,Thumb_MCP,-17.921920,0.941709,20.822690,0.058001,0.409291,-0.287037,-0.864134
1.6787,5524,Virtual,Thumb_IP,-17.897390,0.968360,20.855740,-0.030650,0.412242,-0.096078,-0.905476
1.6787,5524,Virtual,Thumb_FingerTip,-17.879100,0.972598,20.877180,-0.030650,0.412242,-0.096078,-0.905476
1.6787,5524,Virtual,Index_MCP,-17.870940,0.921925,20.824680,0.605943,0.244856,0.134013,-0.744929
1.6787,5524,Virtual,Index_PIP,-17.831410,0.926471,20.849370,0.548751,0.354957,0.272378,-0.706179
1.6787,5524,Virtual,Index_DIP,-17.815840,0.926598,20.870140,0.480294,0.443215,0.388649,-0.649485
1.6787,5524,Virtual,Index_FingerTip,-17.807630,0.924470,20.895670,0.480294,0.443215,0.388649,-0.649485
1.6787,5524,Virtual,Middle_MCP,-17.864740,0.895476,20.820880,0.630433,0.264685,0.161757,-0.711570
1.6787,5524,Virtual,Middle_PIP,-17.822090,0.900943,20.851540,0.565620,0.384157,0.299313,-0.665514
1.6787,5524,Virtual,Middle_DIP,-17.807520,0.901946,20.875100,0.488087,0.478826,0.413146,-0.601504
1.6787,5524,Virtual,Middle_FingerTip,-17.801860,0.901108,20.902810,0.488087,0.478826,0.413146,-0.601504
1.6787,5524,Virtual,Ring_MCP,-17.865000,0.870951,20.819230,0.660798,0.234982,0.132337,-0.700440
1.6787,5524,Virtual,Ring_PIP,-17.825230,0.876776,20.842690,0.627442,0.313348,0.216265,-0.679234
1.6787,5524,Virtual,Ring_DIP,-17.806530,0.879395,20.861050,0.589494,0.379957,0.289107,-0.651573
1.6787,5524,Virtual,Ring_FingerTip,-17.792480,0.881233,20.882620,0.589494,0.379957,0.289107,-0.651573
1.6787,5524,Virtual,Pinky_MCP,-17.870510,0.849341,20.817470,0.673132,0.234574,0.134567,-0.688302
1.6787,5524,Virtual,Pinky_PIP,-17.836890,0.854481,20.837320,0.639735,0.314437,0.217007,-0.666916
1.6787,5524,Virtual,Pinky_DIP,-17.823910,0.856551,20.850110,0.601594,0.382382,0.288500,-0.639247
1.6787,5524,Virtual,Pinky_FingerTip,-17.813540,0.858299,20.866130,0.601594,0.382382,0.288500,-0.639247
1.6787,5524,Render,Wrist,-17.964680,0.875522,20.777990,0.658386,0.184474,0.072280,-0.726136
1.6787,5524,Render,Thumb_CMC,-17.938590,0.909911,20.797410,0.026525,0.397368,-0.272415,-0.875891
1.6787,5524,Render,Thumb_MCP,-17.915070,0.931791,20.827340,-0.000643,0.398252,-0.212031,-0.892434
1.6787,5524,Render,Thumb_IP,-17.886000,0.950322,20.862210,-0.047723,0.395383,-0.105034,-0.911243
1.6787,5524,Render,Thumb_FingerTip,-17.867040,0.954702,20.883030,-0.047723,0.395383,-0.105034,-0.911243
1.6787,5524,Render,Index_MCP,-17.870940,0.921925,20.824680,0.611539,0.230524,0.116441,-0.747877
1.6787,5524,Render,Index_PIP,-17.830350,0.926972,20.847500,0.585645,0.290072,0.190081,-0.732631
1.6787,5524,Render,Index_DIP,-17.810640,0.928562,20.864310,0.557388,0.341233,0.254773,-0.712720
1.6787,5524,Render,Index_FingerTip,-17.793500,0.929026,20.885040,0.557388,0.341233,0.254773,-0.712720
1.6787,5524,Render,Middle_MCP,-17.864740,0.895476,20.820880,0.633350,0.257625,0.153797,-0.713333
1.6787,5524,Render,Middle_PIP,-17.821440,0.901122,20.850570,0.583637,0.356189,0.266586,-0.679286
1.6787,5524,Render,Middle_DIP,-17.804690,0.902607,20.872610,0.525843,0.437027,0.362234,-0.633470
1.6787,5524,Render,Middle_FingerTip,-17.794620,0.902627,20.899060,0.525843,0.437027,0.362234,-0.633470
1.6787,5524,Render,Ring_MCP,-17.865000,0.870951,20.819230,0.660303,0.236369,0.133807,-0.700161
1.6787,5524,Render,Ring_PIP,-17.825330,0.876758,20.842860,0.628827,0.310559,0.213247,-0.680188
1.6787,5524,Render,Ring_DIP,-17.806460,0.879405,20.861050,0.593385,0.373850,0.282364,-0.654523
1.6787,5524,Render,Ring_FingerTip,-17.791990,0.881316,20.882330,0.593385,0.373850,0.282364,-0.654523
1.6787,5524,Render,Pinky_MCP,-17.870510,0.849341,20.817470,0.673132,0.234574,0.134567,-0.688302
1.6787,5524,Render,Pinky_PIP,-17.836890,0.854481,20.837320,0.639735,0.314437,0.217007,-0.666916
1.6787,5524,Render,Pinky_DIP,-17.823910,0.856551,20.850110,0.601594,0.382382,0.288500,-0.639247
1.6787,5524,Render,Pinky_FingerTip,-17.813540,0.858299,20.866130,0.601594,0.382382,0.288500,-0.639247
1.6913,5525,Real,Wrist,-17.964670,0.877337,20.776710,0.664457,0.182174,0.067398,-0.721642
1.6913,5525,Real,Thumb_CMC,-17.938450,0.912064,20.795330,0.112607,0.389521,-0.392130,-0.825728
1.6913,5525,Real,Thumb_MCP,-17.921370,0.944352,20.819700,0.067157,0.399871,-0.294770,-0.865277
1.6913,5525,Real,Thumb_IP,-17.896540,0.971997,20.851690,-0.016477,0.405136,-0.110603,-0.907392
1.6913,5525,Real,Thumb_FingerTip,-17.878090,0.977337,20.872740,-0.016477,0.405136,-0.110603,-0.907392
1.6913,5525,Real,Index_MCP,-17.870570,0.924593,20.821800,0.611017,0.246423,0.133083,-0.740421
1.6913,5525,Real,Index_PIP,-17.831090,0.929466,20.846500,0.556345,0.352911,0.264856,-0.704120
1.6913,5525,Real,Index_DIP,-17.815240,0.929978,20.867050,0.491374,0.438883,0.376095,-0.651527
1.6913,5525,Real,Index_FingerTip,-17.806300,0.928397,20.892380,0.491374,0.438883,0.376095,-0.651527
1.6913,5525,Real,Middle_MCP,-17.864370,0.898093,20.818360,0.636979,0.262581,0.155717,-0.707857
1.6913,5525,Real,Middle_PIP,-17.821410,0.904116,20.848470,0.575431,0.378907,0.287470,-0.665335
1.6913,5525,Real,Middle_DIP,-17.806230,0.905600,20.871620,0.502005,0.471892,0.397209,-0.606246
1.6913,5525,Real,Middle_FingerTip,-17.799460,0.905379,20.899100,0.502005,0.471892,0.397209,-0.606246
1.6913,5525,Real,Ring_MCP,-17.864620,0.873545,20.817120,0.667158,0.232549,0.126280,-0.696330
1.6913,5525,Real,Ring_PIP,-17.824600,0.879800,20.840030,0.635450,0.308839,0.206702,-0.676828
1.6913,5525,Real,Ring_DIP,-17.805530,0.882769,20.857960,0.599470,0.373918,0.276696,-0.651353
1.6913,5525,Real,Ring_FingerTip,-17.790900,0.885036,20.879090,0.599470,0.373918,0.276696,-0.651353
1.6913,5525,Real,Pinky_MCP,-17.870120,0.851902,20.815760,0.679403,0.232207,0.128478,-0.684094
1.6913,5525,Real,Pinky_PIP,-17.836290,0.857404,20.835140,0.647652,0.309929,0.207457,-0.664420
1.6913,5525,Real,Pinky_DIP,-17.823050,0.859711,20.847630,0.611489,0.376284,0.276143,-0.638934
1.6913,5525,Real,Pinky_FingerTip,-17.812240,0.861767,20.863310,0.611489,0.376284,0.276143,-0.638934
1.6913,5525,Virtual,Wrist,-17.964660,0.876275,20.777320,0.660641,0.183496,0.068477,-0.724703
1.6913,5525,Virtual,Thumb_CMC,-17.938560,0.910871,20.796350,0.108710,0.392681,-0.390890,-0.825342
1.6913,5525,Virtual,Thumb_MCP,-17.921610,0.942952,20.821080,0.062923,0.402562,-0.293582,-0.864751
1.6913,5525,Virtual,Thumb_IP,-17.896920,0.970332,20.853410,-0.021174,0.406900,-0.109549,-0.906633
1.6913,5525,Virtual,Thumb_FingerTip,-17.878540,0.975502,20.874570,-0.021174,0.406900,-0.109549,-0.906633
1.6913,5525,Virtual,Index_MCP,-17.870770,0.923275,20.823120,0.606955,0.247395,0.134385,-0.743198
1.6913,5525,Virtual,Index_PIP,-17.831360,0.927984,20.847980,0.552174,0.353132,0.266638,-0.706616
1.6913,5525,Virtual,Index_DIP,-17.815570,0.928326,20.868580,0.487223,0.438420,0.378260,-0.653699
1.6913,5525,Virtual,Index_FingerTip,-17.806710,0.926515,20.893910,0.487223,0.438420,0.378260,-0.653699
1.6913,5525,Virtual,Middle_MCP,-17.864510,0.896821,20.819450,0.633029,0.263423,0.157165,-0.710762
1.6913,5525,Virtual,Middle_PIP,-17.821640,0.902635,20.849730,0.571392,0.378983,0.289444,-0.667912
1.6913,5525,Virtual,Middle_DIP,-17.806530,0.903923,20.872930,0.498014,0.471274,0.399595,-0.608447
1.6913,5525,Virtual,Middle_FingerTip,-17.799840,0.903445,20.900420,0.498014,0.471274,0.399595,-0.608447
1.6913,5525,Virtual,Ring_MCP,-17.864700,0.872286,20.817960,0.663334,0.233550,0.127635,-0.699395
1.6913,5525,Virtual,Ring_PIP,-17.824760,0.878397,20.841040,0.631535,0.309387,0.208405,-0.679714
1.6913,5525,Virtual,Ring_DIP,-17.805750,0.881228,20.859060,0.595519,0.374051,0.278693,-0.654044
1.6913,5525,Virtual,Ring_FingerTip,-17.791180,0.883316,20.880250,0.595519,0.374051,0.278693,-0.654044
1.6913,5525,Virtual,Pinky_MCP,-17.870160,0.850647,20.816380,0.675636,0.233192,0.129860,-0.687222
1.6913,5525,Virtual,Pinky_PIP,-17.836390,0.856026,20.835910,0.643795,0.310468,0.209195,-0.667365
1.6913,5525,Virtual,Pinky_DIP,-17.823190,0.858238,20.848450,0.607597,0.376415,0.278180,-0.641681
1.6913,5525,Virtual,Pinky_FingerTip,-17.812430,0.860161,20.864180,0.607597,0.376415,0.278180,-0.641681
1.6913,5525,Render,Wrist,-17.964660,0.876275,20.777320,0.660641,0.183496,0.068477,-0.724703
1.6913,5525,Render,Thumb_CMC,-17.938560,0.910871,20.796350,0.027854,0.393805,-0.275170,-0.876598
1.6913,5525,Render,Thumb_MCP,-17.914920,0.933018,20.825990,0.000926,0.394788,-0.214731,-0.893327
1.6913,5525,Render,Thumb_IP,-17.885690,0.951864,20.860560,-0.045756,0.392129,-0.107610,-0.912449
1.6913,5525,Render,Thumb_FingerTip,-17.866620,0.956438,20.881230,-0.045756,0.392129,-0.107610,-0.912449
1.6913,5525,Render,Index_MCP,-17.870770,0.923275,20.823120,0.613928,0.229545,0.112601,-0.746809
1.6913,5525,Render,Index_PIP,-17.830060,0.928598,20.845650,0.588119,0.289335,0.186154,-0.731949
1.6913,5525,Render,Index_DIP,-17.810250,0.930358,20.862330,0.559918,0.340719,0.250800,-0.712391
1.6913,5525,Render,Index_FingerTip,-17.792980,0.931009,20.882950,0.559918,0.340719,0.250800,-0.712391
1.6913,5525,Render,Middle_MCP,-17.864510,0.896821,20.819450,0.635701,0.256908,0.149857,-0.712339
1.6913,5525,Render,Middle_PIP,-17.821050,0.902796,20.848840,0.586072,0.355859,0.262537,-0.678939
1.6913,5525,Render,Middle_DIP,-17.804170,0.904476,20.870760,0.528300,0.437053,0.358178,-0.633713
1.6913,5525,Render,Middle_FingerTip,-17.793940,0.904698,20.897150,0.528300,0.437053,0.358178,-0.633713
1.6913,5525,Render,Ring_MCP,-17.864700,0.872286,20.817960,0.662583,0.235672,0.129872,-0.698983
1.6913,5525,Render,Ring_PIP,-17.824910,0.878371,20.841300,0.631172,0.310128,0.209203,-0.679469
1.6913,5525,Render,Ring_DIP,-17.805940,0.881194,20.859360,0.595762,0.373664,0.278268,-0.654226
1.6913,5525,Render,Ring_FingerTip,-17.791340,0.883288,20.880530,0.595762,0.373664,0.278268,-0.654226
1.6913,5525,Render,Pinky_MCP,-17.870160,0.850647,20.816380,0.675379,0.233937,0.130617,-0.687079
1.6913,5525,Render,Pinky_PIP,-17.836440,0.856022,20.835980,0.642042,0.314077,0.212938,-0.666180
1.6913,5525,Render,Pinky_DIP,-17.823380,0.858216,20.848670,0.603927,0.382276,0.284375,-0.638959
1.6913,5525,Render,Pinky_FingerTip,-17.812910,0.860099,20.864620,0.603927,0.382276,0.284375,-0.638959
1.7036,5526,Real,Wrist,-17.964840,0.878303,20.776140,0.667910,0.181226,0.069438,-0.718493
1.7036,5526,Real,Thumb_CMC,-17.938460,0.913029,20.794530,0.117574,0.388394,-0.391196,-0.826010
1.7036,5526,Real,Thumb_MCP,-17.921230,0.945417,20.818660,0.072221,0.399321,-0.293810,-0.865449
1.7036,5526,Real,Thumb_IP,-17.896310,0.973180,20.850470,-0.011408,0.405639,-0.109628,-0.907364
1.7036,5526,Real,Thumb_FingerTip,-17.877870,0.978586,20.871520,-0.011408,0.405639,-0.109628,-0.907364
1.7036,5526,Real,Index_MCP,-17.870550,0.925378,20.821020,0.614671,0.245923,0.134857,-0.737235
1.7036,5526,Real,Index_PIP,-17.831090,0.930224,20.845770,0.560030,0.353080,0.266024,-0.700666
1.7036,5526,Real,Index_DIP,-17.815280,0.930812,20.866340,0.494981,0.439650,0.376684,-0.647928
1.7036,5526,Real,Index_FingerTip,-17.806410,0.929390,20.891700,0.494981,0.439650,0.376684,-0.647928
1.7036,5526,Real,Middle_MCP,-17.864500,0.898814,20.817830,0.640522,0.262065,0.157354,-0.704481
1.7036,5526,Real,Middle_PIP,-17.821570,0.904834,20.847970,0.579007,0.379074,0.288435,-0.661709
1.7036,5526,Real,Middle_DIP,-17.806420,0.906421,20.871130,0.505501,0.472669,0.397539,-0.602509
1.7036,5526,Real,Middle_FingerTip,-17.799720,0.906388,20.898620,0.505501,0.472669,0.397539,-0.602509
1.7036,5526,Real,Ring_MCP,-17.864890,0.874258,20.816780,0.670594,0.231811,0.128039,-0.692946
1.7036,5526,Real,Ring_PIP,-17.824880,0.880468,20.839720,0.638949,0.308507,0.208054,-0.673262
1.7036,5526,Real,Ring_DIP,-17.805830,0.883474,20.857670,0.602984,0.373956,0.277665,-0.647665
1.7036,5526,Real,Ring_FingerTip,-17.791230,0.885830,20.878810,0.602984,0.373956,0.277665,-0.647665
1.7036,5526,Real,Pinky_MCP,-17.870510,0.852638,20.815590,0.682785,0.231429,0.130215,-0.680654
1.7036,5526,Real,Pinky_PIP,-17.836690,0.858101,20.835000,0.651102,0.309551,0.208780,-0.660800
1.7036,5526,Real,Pinky_DIP,-17.823470,0.860434,20.847490,0.614959,0.376271,0.277078,-0.635195
1.7036,5526,Real,Pinky_FingerTip,-17.812670,0.862557,20.863180,0.614959,0.376271,0.277078,-0.635195
1.7036,5526,Virtual,Wrist,-17.964680,0.877337,20.776710,0.664457,0.182174,0.067398,-0.721642
1.7036,5526,Virtual,Thumb_CMC,-17.938460,0.912065,20.795340,0.112607,0.389521,-0.392130,-0.825728
1.7036,5526,Virtual,Thumb_MCP,-17.921380,0.944353,20.819700,0.067157,0.399871,-0.294770,-0.865277
1.7036,5526,Virtual,Thumb_IP,-17.896540,0.971997,20.851690,-0.016477,0.405137,-0.110603,-0.907392
1.7036,5526,Virtual,Thumb_FingerTip,-17.878100,0.977337,20.872750,-0.016477,0.405137,-0.110603,-0.907392
1.7036,5526,Virtual,Index_MCP,-17.870570,0.924594,20.821800,0.611017,0.246423,0.133083,-0.740421
1.7036,5526,Virtual,Index_PIP,-17.831090,0.929467,20.846510,0.556345,0.352911,0.264856,-0.704120
1.7036,5526,Virtual,Index_DIP,-17.815240,0.929978,20.867050,0.491374,0.438883,0.376095,-0.651527
1.7036,5526,Virtual,Index_FingerTip,-17.806310,0.928397,20.892380,0.491374,0.438883,0.376095,-0.651527
1.7036,5526,Virtual,Middle_MCP,-17.864370,0.898093,20.818370,0.636979,0.262581,0.155717,-0.707857
1.7036,5526,Virtual,Middle_PIP,-17.821410,0.904116,20.848480,0.575431,0.378907,0.287470,-0.665335
1.7036,5526,Virtual,Middle_DIP,-17.806230,0.905601,20.871620,0.502005,0.471892,0.397209,-0.606246
1.7036,5526,Virtual,Middle_FingerTip,-17.799470,0.905379,20.899100,0.502005,0.471892,0.397209,-0.606246
1.7036,5526,Virtual,Ring_MCP,-17.864620,0.873545,20.817120,0.667158,0.232549,0.126280,-0.696330
1.7036,5526,Virtual,Ring_PIP,-17.824600,0.879801,20.840030,0.635450,0.308839,0.206702,-0.676828
1.7036,5526,Virtual,Ring_DIP,-17.805540,0.882770,20.857970,0.599470,0.373918,0.276696,-0.651354
1.7036,5526,Virtual,Ring_FingerTip,-17.790900,0.885036,20.879100,0.599470,0.373918,0.276696,-0.651354
1.7036,5526,Virtual,Pinky_MCP,-17.870120,0.851903,20.815770,0.679403,0.232207,0.128478,-0.684094
1.7036,5526,Virtual,Pinky_PIP,-17.836290,0.857404,20.835150,0.647652,0.309929,0.207457,-0.664420
1.7036,5526,Virtual,Pinky_DIP,-17.823050,0.859712,20.847640,0.611489,0.376284,0.276143,-0.638934
1.7036,5526,Virtual,Pinky_FingerTip,-17.812240,0.861768,20.863320,0.611489,0.376284,0.276143,-0.638934
1.7036,5526,Render,Wrist,-17.964680,0.877337,20.776710,0.664457,0.182174,0.067398,-0.721642
1.7036,5526,Render,Thumb_CMC,-17.938460,0.912065,20.795340,0.032669,0.386476,-0.279755,-0.878240
1.7036,5526,Render,Thumb_MCP,-17.914540,0.934750,20.824340,0.007315,0.387786,-0.221701,-0.894661
1.7036,5526,Render,Thumb_IP,-17.885070,0.954479,20.858200,-0.036015,0.386179,-0.120454,-0.913816
1.7036,5526,Render,Thumb_FingerTip,-17.865900,0.959960,20.878560,-0.036015,0.386179,-0.120454,-0.913816
1.7036,5526,Render,Index_MCP,-17.870570,0.924594,20.821800,0.617960,0.228455,0.111381,-0.743995
1.7036,5526,Render,Index_PIP,-17.829790,0.930055,20.844170,0.592239,0.288650,0.184661,-0.729270
1.7036,5526,Render,Index_DIP,-17.809930,0.931938,20.860770,0.564084,0.340406,0.249074,-0.709856
1.7036,5526,Render,Index_FingerTip,-17.792600,0.932757,20.881330,0.564084,0.340406,0.249074,-0.709856
1.7036,5526,Render,Middle_MCP,-17.864370,0.898093,20.818370,0.639642,0.256025,0.148439,-0.709419
1.7036,5526,Render,Middle_PIP,-17.820820,0.904267,20.847580,0.590105,0.355623,0.260667,-0.676285
1.7036,5526,Render,Middle_DIP,-17.803880,0.906128,20.869440,0.532324,0.437404,0.355943,-0.631359
1.7036,5526,Render,Middle_FingerTip,-17.793580,0.906587,20.895790,0.532324,0.437404,0.355943,-0.631359
1.7036,5526,Render,Ring_MCP,-17.864620,0.873545,20.817120,0.666410,0.234683,0.128508,-0.695922
1.7036,5526,Render,Ring_PIP,-17.824750,0.879777,20.840290,0.635087,0.309585,0.207496,-0.676585
1.7036,5526,Render,Ring_DIP,-17.805720,0.882740,20.858270,0.599712,0.373528,0.276272,-0.651533
1.7036,5526,Render,Ring_FingerTip,-17.791060,0.885011,20.879380,0.599712,0.373528,0.276272,-0.651533
1.7036,5526,Render,Pinky_MCP,-17.870120,0.851903,20.815770,0.679403,0.232207,0.128478,-0.684094
1.7036,5526,Render,Pinky_PIP,-17.836290,0.857404,20.835150,0.647652,0.309929,0.207457,-0.664420
1.7036,5526,Render,Pinky_DIP,-17.823050,0.859712,20.847640,0.611489,0.376284,0.276143,-0.638934
1.7036,5526,Render,Pinky_FingerTip,-17.812240,0.861768,20.863320,0.611489,0.376284,0.276143,-0.638934
1.7151,5527,Real,Wrist,-17.964800,0.878803,20.775490,0.669660,0.181060,0.069945,-0.716855
1.7151,5527,Real,Thumb_CMC,-17.938360,0.913564,20.793740,0.122694,0.382723,-0.391971,-0.827544
1.7151,5527,Real,Thumb_MCP,-17.920810,0.946175,20.817330,0.079799,0.393907,-0.298451,-0.865677
1.7151,5527,Real,Thumb_IP,-17.895730,0.974592,20.848440,0.000500,0.401908,-0.121758,-0.907549
1.7151,5527,Real,Thumb_FingerTip,-17.877280,0.980902,20.869220,0.000500,0.401908,-0.121758,-0.907549
1.7151,5527,Real,Index_MCP,-17.870460,0.925909,20.820240,0.614482,0.250949,0.141174,-0.734511
1.7151,5527,Real,Index_PIP,-17.831400,0.930640,20.845620,0.560078,0.356196,0.269510,-0.697712
1.7151,5527,Real,Index_DIP,-17.815790,0.931234,20.866360,0.495796,0.441304,0.377781,-0.645537
1.7151,5527,Real,Index_FingerTip,-17.807050,0.929885,20.891770,0.495796,0.441304,0.377781,-0.645537
1.7151,5527,Real,Middle_MCP,-17.864460,0.899320,20.817160,0.642234,0.262226,0.157777,-0.702766
1.7151,5527,Real,Middle_PIP,-17.821540,0.905396,20.847330,0.582651,0.376490,0.285039,-0.661457
1.7151,5527,Real,Middle_DIP,-17.806180,0.907104,20.870340,0.511762,0.468324,0.391284,-0.604706
1.7151,5527,Real,Middle_FingerTip,-17.798960,0.907277,20.897700,0.511762,0.468324,0.391284,-0.604706
1.7151,5527,Real,Ring_MCP,-17.864890,0.874760,20.816230,0.672768,0.230428,0.127038,-0.691483
1.7151,5527,Real,Ring_PIP,-17.824790,0.881013,20.839010,0.642933,0.303893,0.203228,-0.673042
1.7151,5527,Real,Ring_DIP,-17.805490,0.884100,20.856680,0.609235,0.366806,0.269666,-0.649282
1.7151,5527,Real,Ring_FingerTip,-17.790390,0.886597,20.877440,0.609235,0.366806,0.269666,-0.649282
1.7151,5527,Real,Pinky_MCP,-17.870550,0.853145,20.815140,0.684930,0.230012,0.129233,-0.679165
1.7151,5527,Real,Pinky_PIP,-17.836660,0.858639,20.834400,0.655066,0.304833,0.204039,-0.660556
1.7151,5527,Real,Pinky_DIP,-17.823250,0.861021,20.846700,0.621212,0.368957,0.269221,-0.636778
1.7151,5527,Real,Pinky_FingerTip,-17.812080,0.863234,20.862110,0.621212,0.368957,0.269221,-0.636778
1.7151,5527,Virtual,Wrist,-17.964850,0.878303,20.776140,0.667910,0.181226,0.069439,-0.718493
1.7151,5527,Virtual,Thumb_CMC,-17.938470,0.913029,20.794530,0.120332,0.383387,-0.391908,-0.827613
1.7151,5527,Virtual,Thumb_MCP,-17.920950,0.945565,20.818250,0.077379,0.394307,-0.298380,-0.865739
1.7151,5527,Virtual,Thumb_IP,-17.895900,0.973888,20.849460,-0.001952,0.401823,-0.121676,-0.907596
1.7151,5527,Virtual,Thumb_FingerTip,-17.877440,0.980138,20.870260,-0.001952,0.401823,-0.121676,-0.907596
1.7151,5527,Virtual,Index_MCP,-17.870550,0.925378,20.821030,0.612658,0.250897,0.140830,-0.736117
1.7151,5527,Virtual,Index_PIP,-17.831480,0.930065,20.846410,0.558292,0.355821,0.269456,-0.699353
1.7151,5527,Virtual,Index_DIP,-17.815860,0.930595,20.867140,0.494093,0.440648,0.377992,-0.647166
1.7151,5527,Virtual,Index_FingerTip,-17.807100,0.929148,20.892520,0.494093,0.440648,0.377992,-0.647166
1.7151,5527,Virtual,Middle_MCP,-17.864510,0.898814,20.817830,0.640477,0.262175,0.157476,-0.704454
1.7151,5527,Virtual,Middle_PIP,-17.821580,0.904832,20.847990,0.580934,0.376115,0.285056,-0.663172
1.7151,5527,Virtual,Middle_DIP,-17.806210,0.906465,20.870990,0.510131,0.467668,0.391586,-0.606394
1.7151,5527,Virtual,Middle_FingerTip,-17.798970,0.906528,20.898350,0.510131,0.467668,0.391586,-0.606394
1.7151,5527,Virtual,Ring_MCP,-17.864900,0.874258,20.816790,0.671053,0.230479,0.126663,-0.693199
1.7151,5527,Virtual,Ring_PIP,-17.824800,0.880481,20.839570,0.641223,0.303752,0.203048,-0.674789
1.7151,5527,Virtual,Ring_DIP,-17.805490,0.883524,20.857220,0.607548,0.366494,0.269661,-0.651038
1.7151,5527,Virtual,Ring_FingerTip,-17.790370,0.885955,20.877990,0.607548,0.366494,0.269661,-0.651038
1.7151,5527,Virtual,Pinky_MCP,-17.870520,0.852638,20.815600,0.683244,0.230073,0.128864,-0.680911
1.7151,5527,Virtual,Pinky_PIP,-17.836620,0.858107,20.834860,0.653383,0.304706,0.203866,-0.662332
1.7151,5527,Virtual,Pinky_DIP,-17.823210,0.860457,20.847160,0.619551,0.368662,0.269228,-0.638562
1.7151,5527,Virtual,Pinky_FingerTip,-17.812040,0.862622,20.862570,0.619551,0.368662,0.269228,-0.638562
1.7151,5527,Render,Wrist,-17.964850,0.878303,20.776140,0.667910,0.181226,0.069439,-0.718493
1.7151,5527,Render,Thumb_CMC,-17.938470,0.913029,20.794530,0.037733,0.386104,-0.278736,-0.878525
1.7151,5527,Render,Thumb_MCP,-17.914470,0.935814,20.823390,0.012393,0.387745,-0.220665,-0.894879
1.7151,5527,Render,Thumb_IP,-17.884950,0.955649,20.857150,-0.030965,0.386705,-0.119400,-0.913917
1.7151,5527,Render,Thumb_FingerTip,-17.865790,0.961186,20.877500,-0.030965,0.386705,-0.119400,-0.913917
1.7151,5527,Render,Index_MCP,-17.870550,0.925378,20.821030,0.621598,0.227848,0.113248,-0.740862
1.7151,5527,Render,Index_PIP,-17.829790,0.930785,20.843430,0.595920,0.288407,0.186208,-0.725967
1.7151,5527,Render,Index_DIP,-17.809950,0.932689,20.860060,0.567771,0.340493,0.250320,-0.706429
1.7151,5527,Render,Index_FingerTip,-17.792660,0.933576,20.880650,0.567771,0.340493,0.250320,-0.706429
1.7151,5527,Render,Middle_MCP,-17.864510,0.898814,20.817830,0.643180,0.255473,0.150111,-0.706060
1.7151,5527,Render,Middle_PIP,-17.820980,0.904974,20.847080,0.593686,0.355647,0.261777,-0.672701
1.7151,5527,Render,Middle_DIP,-17.804070,0.906917,20.868960,0.535864,0.437947,0.356522,-0.627651
1.7151,5527,Render,Middle_FingerTip,-17.793820,0.907534,20.895320,0.535864,0.437947,0.356522,-0.627651
1.7151,5527,Render,Ring_MCP,-17.864900,0.874258,20.816790,0.669849,0.233956,0.130256,-0.692532
1.7151,5527,Render,Ring_PIP,-17.825040,0.880448,20.839980,0.638587,0.309257,0.208844,-0.673017
1.7151,5527,Render,Ring_DIP,-17.806030,0.883448,20.857980,0.603227,0.373563,0.277245,-0.647845
1.7151,5527,Render,Ring_FingerTip,-17.791390,0.885807,20.879100,0.603227,0.373563,0.277245,-0.647845
1.7151,5527,Render,Pinky_MCP,-17.870520,0.852638,20.815600,0.682786,0.231429,0.130215,-0.680653
1.7151,5527,Render,Pinky_PIP,-17.836700,0.858101,20.835000,0.651102,0.309551,0.208780,-0.660799
1.7151,5527,Render,Pinky_DIP,-17.823470,0.860435,20.847490,0.614960,0.376271,0.277078,-0.635195
1.7151,5527,Render,Pinky_FingerTip,-17.812680,0.862557,20.863180,0.614960,0.376271,0.277078,-0.635195
1.7283,5528,Real,Wrist,-17.964370,0.878743,20.775140,0.670515,0.179463,0.070633,-0.716390
1.7283,5528,Real,Thumb_CMC,-17.937790,0.913435,20.793310,0.126271,0.377113,-0.391785,-0.829666
1.7283,5528,Real,Thumb_MCP,-17.919850,0.946164,20.816440,0.084998,0.388502,-0.300322,-0.866977
1.7283,5528,Real,Thumb_IP,-17.894460,0.974934,20.846970,0.008552,0.397600,-0.127653,-0.908596
1.7283,5528,Real,Thumb_FingerTip,-17.875900,0.981739,20.867490,0.008552,0.397600,-0.127653,-0.908596
1.7283,5528,Real,Index_MCP,-17.869800,0.925579,20.819700,0.614585,0.251777,0.144614,-0.733472
1.7283,5528,Real,Index_PIP,-17.830870,0.930137,20.845310,0.560413,0.356431,0.271966,-0.696369
1.7283,5528,Real,Index_DIP,-17.815350,0.930675,20.866110,0.496514,0.441112,0.379372,-0.644183
1.7283,5528,Real,Index_FingerTip,-17.806660,0.929310,20.891540,0.496514,0.441112,0.379372,-0.644183
1.7283,5528,Real,Middle_MCP,-17.863900,0.898965,20.816650,0.643486,0.260236,0.157844,-0.702345
1.7283,5528,Real,Middle_PIP,-17.820880,0.904942,20.846680,0.585585,0.372675,0.282663,-0.662046
1.7283,5528,Real,Middle_DIP,-17.805280,0.906666,20.869540,0.516784,0.463391,0.387089,-0.606931
1.7283,5528,Real,Middle_FingerTip,-17.797620,0.906923,20.896780,0.516784,0.463391,0.387089,-0.606931
1.7283,5528,Real,Ring_MCP,-17.864420,0.874406,20.815750,0.674285,0.227240,0.125961,-0.691257
1.7283,5528,Real,Ring_PIP,-17.824170,0.880563,20.838270,0.646186,0.297895,0.199006,-0.673869
1.7283,5528,Real,Ring_DIP,-17.804590,0.883639,20.855630,0.614577,0.358599,0.262827,-0.651632
1.7283,5528,Real,Ring_FingerTip,-17.788980,0.886174,20.876020,0.614577,0.358599,0.262827,-0.651632
1.7283,5528,Real,Pinky_MCP,-17.870150,0.852809,20.814700,0.686438,0.226782,0.128156,-0.678933
1.7283,5528,Real,Pinky_PIP,-17.836130,0.858216,20.833740,0.658318,0.298737,0.199874,-0.661380
1.7283,5528,Real,Pinky_DIP,-17.822520,0.860581,20.845820,0.626572,0.360602,0.262491,-0.639118
1.7283,5528,Real,Pinky_FingerTip,-17.810990,0.862811,20.860960,0.626572,0.360602,0.262491,-0.639118
1.7283,5528,Virtual,Wrist,-17.964800,0.878803,20.775500,0.669660,0.181060,0.069945,-0.716855
1.7283,5528,Virtual,Thumb_CMC,-17.938370,0.913564,20.793750,0.125299,0.378150,-0.392893,-0.828817
1.7283,5528,Virtual,Thumb_MCP,-17.920570,0.946323,20.816950,0.083919,0.389429,-0.301514,-0.866252
1.7283,5528,Virtual,Thumb_IP,-17.895330,0.975140,20.847550,0.007315,0.398301,-0.128964,-0.908114
1.7283,5528,Virtual,Thumb_FingerTip,-17.876820,0.981981,20.868110,0.007315,0.398301,-0.128964,-0.908114
1.7283,5528,Virtual,Index_MCP,-17.870460,0.925909,20.820250,0.613543,0.253236,0.143909,-0.733980
1.7283,5528,Virtual,Index_PIP,-17.831580,0.930568,20.845930,0.559130,0.357683,0.271362,-0.696993
1.7283,5528,Virtual,Index_DIP,-17.816090,0.931131,20.866740,0.495047,0.442144,0.378875,-0.644896
1.7283,5528,Virtual,Index_FingerTip,-17.807430,0.929762,20.892180,0.495047,0.442144,0.378875,-0.644896
1.7283,5528,Virtual,Middle_MCP,-17.864460,0.899319,20.817170,0.642442,0.261716,0.157219,-0.702891
1.7283,5528,Virtual,Middle_PIP,-17.821500,0.905406,20.847270,0.584290,0.373941,0.282147,-0.662696
1.7283,5528,Virtual,Middle_DIP,-17.805940,0.907153,20.870140,0.515300,0.464428,0.386686,-0.607657
1.7283,5528,Virtual,Middle_FingerTip,-17.798320,0.907399,20.897390,0.515300,0.464428,0.386686,-0.607657
1.7283,5528,Virtual,Ring_MCP,-17.864890,0.874760,20.816230,0.673327,0.228788,0.125352,-0.691790
1.7283,5528,Virtual,Ring_PIP,-17.824690,0.881027,20.838820,0.645069,0.299333,0.198458,-0.674464
1.7283,5528,Virtual,Ring_DIP,-17.805150,0.884148,20.856200,0.613327,0.359923,0.262338,-0.652277
1.7283,5528,Virtual,Ring_FingerTip,-17.789580,0.886709,20.876620,0.613327,0.359923,0.262338,-0.652277
1.7283,5528,Virtual,Pinky_MCP,-17.870550,0.853145,20.815140,0.685488,0.228342,0.127577,-0.679478
1.7283,5528,Virtual,Pinky_PIP,-17.836570,0.858644,20.834250,0.657208,0.300187,0.199356,-0.661985
1.7283,5528,Virtual,Pinky_DIP,-17.822990,0.861041,20.846340,0.625327,0.361939,0.262034,-0.639769
1.7283,5528,Virtual,Pinky_FingerTip,-17.811480,0.863290,20.861490,0.625327,0.361939,0.262034,-0.639769
1.7283,5528,Render,Wrist,-17.964800,0.878803,20.775500,0.669660,0.181060,0.069945,-0.716855
1.7283,5528,Render,Thumb_CMC,-17.938370,0.913564,20.793750,0.040370,0.378330,-0.283034,-0.880414
1.7283,5528,Render,Thumb_MCP,-17.914060,0.936789,20.821990,0.016743,0.380110,-0.227684,-0.896324
1.7283,5528,Render,Thumb_IP,-17.884280,0.957425,20.855030,-0.022918,0.379787,-0.133137,-0.915156
1.7283,5528,Render,Thumb_FingerTip,-17.865020,0.963874,20.875020,-0.022918,0.379787,-0.133137,-0.915156
1.7283,5528,Render,Index_MCP,-17.870460,0.925909,20.820250,0.623423,0.227831,0.113652,-0.739270
1.7283,5528,Render,Index_PIP,-17.829710,0.931342,20.842660,0.597737,0.288571,0.186452,-0.724343
1.7283,5528,Render,Index_DIP,-17.809880,0.933286,20.859290,0.569567,0.340819,0.250418,-0.704789
1.7283,5528,Render,Index_FingerTip,-17.792600,0.934234,20.879890,0.569567,0.340819,0.250418,-0.704789
1.7283,5528,Render,Middle_MCP,-17.864460,0.899319,20.817170,0.644937,0.255505,0.150430,-0.704375
1.7283,5528,Render,Middle_PIP,-17.820940,0.905532,20.846420,0.595415,0.355962,0.261820,-0.670987
1.7283,5528,Render,Middle_DIP,-17.804040,0.907543,20.868310,0.537529,0.438509,0.356316,-0.625949
1.7283,5528,Render,Middle_FingerTip,-17.793810,0.908260,20.894680,0.537529,0.438509,0.356316,-0.625949
1.7283,5528,Render,Ring_MCP,-17.864890,0.874760,20.816230,0.672296,0.231802,0.128450,-0.691222
1.7283,5528,Render,Ring_PIP,-17.824900,0.881001,20.839190,0.642639,0.304515,0.203879,-0.672845
1.7283,5528,Render,Ring_DIP,-17.805620,0.884084,20.856880,0.609235,0.366806,0.269666,-0.649282
1.7283,5528,Render,Ring_FingerTip,-17.790520,0.886580,20.877650,0.609235,0.366806,0.269666,-0.649282
1.7283,5528,Render,Pinky_MCP,-17.870550,0.853145,20.815140,0.684929,0.230012,0.129233,-0.679165
1.7283,5528,Render,Pinky_PIP,-17.836660,0.858639,20.834410,0.655066,0.304833,0.204039,-0.660556
1.7283,5528,Render,Pinky_DIP,-17.823250,0.861020,20.846710,0.621212,0.368957,0.269221,-0.636778
1.7283,5528,Render,Pinky_FingerTip,-17.812090,0.863234,20.862120,0.621212,0.368957,0.269221,-0.636778
1.7420,5529,Real,Wrist,-17.963960,0.878814,20.775110,0.672681,0.176643,0.072548,-0.714867
1.7420,5529,Real,Thumb_CMC,-17.937100,0.913380,20.793110,0.131480,0.371193,-0.390444,-0.832155
1.7420,5529,Real,Thumb_MCP,-17.918670,0.946200,20.815730,0.092010,0.382891,-0.301435,-0.868370
1.7420,5529,Real,Thumb_IP,-17.892930,0.975323,20.845610,0.018727,0.393346,-0.133596,-0.909440
1.7420,5529,Real,Thumb_FingerTip,-17.874260,0.982668,20.865860,0.018727,0.393346,-0.133596,-0.909440
1.7420,5529,Real,Index_MCP,-17.868990,0.925119,20.819370,0.615729,0.252682,0.150487,-0.731016
1.7420,5529,Real,Index_PIP,-17.830260,0.929387,20.845350,0.561761,0.356925,0.276572,-0.693208
1.7420,5529,Real,Index_DIP,-17.814890,0.929843,20.866260,0.498190,0.441336,0.382800,-0.640698
1.7420,5529,Real,Index_FingerTip,-17.806350,0.928477,20.891730,0.498190,0.441336,0.382800,-0.640698
1.7420,5529,Real,Middle_MCP,-17.863290,0.898449,20.816420,0.646158,0.257259,0.159078,-0.700708
1.7420,5529,Real,Middle_PIP,-17.820140,0.904232,20.846320,0.590317,0.367735,0.280779,-0.661408
1.7420,5529,Real,Middle_DIP,-17.804290,0.905971,20.868990,0.524007,0.457296,0.382810,-0.608074
1.7420,5529,Real,Middle_FingerTip,-17.796120,0.906359,20.896080,0.524007,0.457296,0.382810,-0.608074
1.7420,5529,Real,Ring_MCP,-17.863990,0.873891,20.815620,0.676992,0.223391,0.126518,-0.689762
1.7420,5529,Real,Ring_PIP,-17.823590,0.879844,20.837940,0.650391,0.291912,0.196869,-0.673069
1.7420,5529,Real,Ring_DIP,-17.803780,0.882866,20.855040,0.620530,0.350948,0.258416,-0.651920
1.7420,5529,Real,Ring_FingerTip,-17.787780,0.885410,20.875120,0.620530,0.350948,0.258416,-0.651920
1.7420,5529,Real,Pinky_MCP,-17.869890,0.852334,20.814660,0.689118,0.222879,0.128682,-0.677409
1.7420,5529,Real,Pinky_PIP,-17.835740,0.857564,20.833530,0.662506,0.292651,0.197749,-0.660558
1.7420,5529,Real,Pinky_DIP,-17.821970,0.859885,20.845430,0.632524,0.352807,0.258133,-0.639382
1.7420,5529,Real,Pinky_FingerTip,-17.810130,0.862112,20.860330,0.632524,0.352807,0.258133,-0.639382
1.7420,5529,Virtual,Wrist,-17.964370,0.878742,20.775140,0.670515,0.179463,0.070633,-0.716390
1.7420,5529,Virtual,Thumb_CMC,-17.937790,0.913435,20.793310,0.128635,0.372989,-0.392734,-0.830718
1.7420,5529,Virtual,Thumb_MCP,-17.919650,0.946301,20.816080,0.088993,0.384380,-0.303863,-0.867179
1.7420,5529,Virtual,Thumb_IP,-17.894160,0.975495,20.846120,0.015484,0.394244,-0.136203,-0.908725
1.7420,5529,Virtual,Thumb_FingerTip,-17.875570,0.982897,20.866420,0.015484,0.394244,-0.136203,-0.908725
1.7420,5529,Virtual,Index_MCP,-17.869810,0.925579,20.819700,0.613196,0.255139,0.148629,-0.732669
1.7420,5529,Virtual,Index_PIP,-17.831150,0.930033,20.845750,0.558836,0.358899,0.275034,-0.695162
1.7420,5529,Virtual,Index_DIP,-17.815800,0.930519,20.866670,0.494990,0.442822,0.381591,-0.642871
1.7420,5529,Virtual,Index_FingerTip,-17.807290,0.929114,20.892150,0.494990,0.442822,0.381591,-0.642871
1.7420,5529,Virtual,Middle_MCP,-17.863900,0.898965,20.816660,0.643665,0.259794,0.157362,-0.702453
1.7420,5529,Virtual,Middle_PIP,-17.820840,0.904951,20.846630,0.587413,0.369788,0.279401,-0.663430
1.7420,5529,Virtual,Middle_DIP,-17.805030,0.906717,20.869320,0.520813,0.458859,0.381772,-0.610290
1.7420,5529,Virtual,Middle_FingerTip,-17.796900,0.907056,20.896430,0.520813,0.458859,0.381772,-0.610290
1.7420,5529,Virtual,Ring_MCP,-17.864420,0.874406,20.815750,0.674668,0.226102,0.124794,-0.691469
1.7420,5529,Virtual,Ring_PIP,-17.824100,0.880572,20.838140,0.647800,0.294369,0.195330,-0.674943
1.7420,5529,Virtual,Ring_DIP,-17.804330,0.883673,20.855280,0.617722,0.353154,0.257058,-0.653929
1.7420,5529,Virtual,Ring_FingerTip,-17.788370,0.886256,20.875390,0.617722,0.353154,0.257058,-0.653929
1.7420,5529,Virtual,Pinky_MCP,-17.870160,0.852809,20.814700,0.686819,0.225623,0.127011,-0.679148
1.7420,5529,Virtual,Pinky_PIP,-17.836070,0.858219,20.833630,0.659937,0.295144,0.196266,-0.662460
1.7420,5529,Virtual,Pinky_DIP,-17.822330,0.860595,20.845560,0.629734,0.355052,0.256833,-0.641413
1.7420,5529,Virtual,Pinky_FingerTip,-17.810530,0.862850,20.860480,0.629734,0.355052,0.256833,-0.641413
1.7420,5529,Render,Wrist,-17.964370,0.878742,20.775140,0.670515,0.179463,0.070633,-0.716390
1.7420,5529,Render,Thumb_CMC,-17.937790,0.913435,20.793310,0.041185,0.370725,-0.284699,-0.883071
1.7420,5529,Render,Thumb_MCP,-17.913070,0.936855,20.821030,0.018759,0.372534,-0.230943,-0.898628
1.7420,5529,Render,Thumb_IP,-17.882880,0.957891,20.853440,-0.018390,0.372552,-0.140409,-0.917144
1.7420,5529,Render,Thumb_FingerTip,-17.863420,0.964841,20.873060,-0.018390,0.372552,-0.140409,-0.917144
1.7420,5529,Render,Index_MCP,-17.869810,0.925579,20.819700,0.624404,0.226331,0.114377,-0.738791
1.7420,5529,Render,Index_PIP,-17.829000,0.930901,20.842050,0.598862,0.287176,0.187126,-0.723795
1.7420,5529,Render,Index_DIP,-17.809140,0.932797,20.858660,0.570812,0.339529,0.251040,-0.704183
1.7420,5529,Render,Index_FingerTip,-17.791840,0.933714,20.879230,0.570812,0.339529,0.251040,-0.704183
1.7420,5529,Render,Middle_MCP,-17.863900,0.898965,20.816660,0.645967,0.254015,0.151061,-0.703835
1.7420,5529,Render,Middle_PIP,-17.820320,0.905065,20.845840,0.596670,0.354657,0.262356,-0.670353
1.7420,5529,Render,Middle_DIP,-17.803390,0.907047,20.867700,0.538961,0.437400,0.356754,-0.625244
1.7420,5529,Render,Middle_FingerTip,-17.793130,0.907765,20.894060,0.538961,0.437400,0.356754,-0.625244
1.7420,5529,Render,Ring_MCP,-17.864420,0.874406,20.815750,0.673955,0.228215,0.126961,-0.691074
1.7420,5529,Render,Ring_PIP,-17.824240,0.880555,20.838400,0.645982,0.298338,0.199468,-0.673732
1.7420,5529,Render,Ring_DIP,-17.804680,0.883628,20.855780,0.614577,0.358599,0.262827,-0.651632
1.7420,5529,Render,Ring_FingerTip,-17.789080,0.886163,20.876170,0.614577,0.358599,0.262827,-0.651632
1.7420,5529,Render,Pinky_MCP,-17.870160,0.852809,20.814700,0.686438,0.226782,0.128157,-0.678933
1.7420,5529,Render,Pinky_PIP,-17.836130,0.858216,20.833750,0.658318,0.298737,0.199874,-0.661380
1.7420,5529,Render,Pinky_DIP,-17.822530,0.860581,20.845820,0.626572,0.360602,0.262491,-0.639118
1.7420,5529,Render,Pinky_FingerTip,-17.811000,0.862811,20.860960,0.626572,0.360602,0.262491,-0.639118
1.7562,5530,Real,Wrist,-17.963930,0.879469,20.775190,0.677043,0.176145,0.078864,-0.710188
1.7562,5530,Real,Thumb_CMC,-17.936820,0.913896,20.793070,0.139662,0.372062,-0.386788,-0.832142
1.7562,5530,Real,Thumb_MCP,-17.918200,0.946726,20.815510,0.100056,0.384609,-0.297801,-0.867974
1.7562,5530,Real,Thumb_IP,-17.892370,0.975847,20.845330,0.026310,0.396539,-0.130100,-0.908372
1.7562,5530,Real,Thumb_FingerTip,-17.873800,0.983178,20.865670,0.026310,0.396539,-0.130100,-0.908372
1.7562,5530,Real,Index_MCP,-17.868810,0.925095,20.819810,0.620286,0.252991,0.156256,-0.725828
1.7562,5530,Real,Index_PIP,-17.830260,0.929170,20.846090,0.566193,0.358029,0.281340,-0.687088
1.7562,5530,Real,Index_DIP,-17.815070,0.929659,20.867120,0.502391,0.443127,0.386540,-0.633900
1.7562,5530,Real,Index_FingerTip,-17.806770,0.928453,20.892690,0.502391,0.443127,0.386540,-0.633900
1.7562,5530,Real,Middle_MCP,-17.863400,0.898331,20.817180,0.650548,0.257297,0.164776,-0.695295
1.7562,5530,Real,Middle_PIP,-17.820450,0.903908,20.847400,0.594630,0.368550,0.285428,-0.655070
1.7562,5530,Real,Middle_DIP,-17.804780,0.905692,20.870190,0.528135,0.458789,0.386387,-0.601075
1.7562,5530,Real,Middle_FingerTip,-17.796840,0.906261,20.897350,0.528135,0.458789,0.386387,-0.601075
1.7562,5530,Real,Ring_MCP,-17.864390,0.873776,20.816630,0.681266,0.223031,0.132462,-0.684535
1.7562,5530,Real,Ring_PIP,-17.824120,0.879478,20.839240,0.654680,0.291994,0.202243,-0.667257
1.7562,5530,Real,Ring_DIP,-17.804420,0.882440,20.856480,0.624792,0.351428,0.263229,-0.645635
1.7562,5530,Real,Ring_FingerTip,-17.788570,0.885000,20.876670,0.624792,0.351428,0.263229,-0.645635
1.7562,5530,Real,Pinky_MCP,-17.870540,0.852282,20.815840,0.693317,0.222404,0.134608,-0.672109
1.7562,5530,Real,Pinky_PIP,-17.836490,0.857300,20.834950,0.666731,0.292611,0.203098,-0.654676
1.7562,5530,Real,Pinky_DIP,-17.822800,0.859579,20.846950,0.636734,0.353159,0.262914,-0.633029
1.7562,5530,Real,Pinky_FingerTip,-17.811070,0.861818,20.861930,0.636734,0.353159,0.262914,-0.633029
1.7562,5530,Virtual,Wrist,-17.963960,0.878814,20.775120,0.672681,0.176643,0.072548,-0.714867
1.7562,5530,Virtual,Thumb_CMC,-17.937100,0.913380,20.793120,0.131480,0.371193,-0.390444,-0.832155
1.7562,5530,Virtual,Thumb_MCP,-17.918680,0.946200,20.815730,0.092010,0.382891,-0.301435,-0.868369
1.7562,5530,Virtual,Thumb_IP,-17.892940,0.975323,20.845620,0.018727,0.393346,-0.133596,-0.909440
1.7562,5530,Virtual,Thumb_FingerTip,-17.874270,0.982668,20.865870,0.018727,0.393346,-0.133596,-0.909440
1.7562,5530,Virtual,Index_MCP,-17.869000,0.925119,20.819380,0.615729,0.252682,0.150487,-0.731016
1.7562,5530,Virtual,Index_PIP,-17.830270,0.929387,20.845360,0.561761,0.356925,0.276572,-0.693208
1.7562,5530,Virtual,Index_DIP,-17.814890,0.929843,20.866260,0.498190,0.441336,0.382800,-0.640698
1.7562,5530,Virtual,Index_FingerTip,-17.806360,0.928477,20.891740,0.498190,0.441336,0.382800,-0.640698
1.7562,5530,Virtual,Middle_MCP,-17.863290,0.898449,20.816430,0.646158,0.257259,0.159078,-0.700708
1.7562,5530,Virtual,Middle_PIP,-17.820150,0.904232,20.846320,0.590316,0.367735,0.280780,-0.661408
1.7562,5530,Virtual,Middle_DIP,-17.804300,0.905971,20.869000,0.524007,0.457296,0.382811,-0.608074
1.7562,5530,Virtual,Middle_FingerTip,-17.796130,0.906359,20.896090,0.524007,0.457296,0.382811,-0.608074
1.7562,5530,Virtual,Ring_MCP,-17.864000,0.873891,20.815630,0.676992,0.223391,0.126518,-0.689762
1.7562,5530,Virtual,Ring_PIP,-17.823600,0.879844,20.837940,0.650391,0.291912,0.196869,-0.673069
1.7562,5530,Virtual,Ring_DIP,-17.803790,0.882866,20.855040,0.620530,0.350948,0.258417,-0.651920
1.7562,5530,Virtual,Ring_FingerTip,-17.787790,0.885410,20.875120,0.620530,0.350948,0.258417,-0.651920
1.7562,5530,Virtual,Pinky_MCP,-17.869900,0.852334,20.814670,0.689118,0.222879,0.128682,-0.677408
1.7562,5530,Virtual,Pinky_PIP,-17.835740,0.857564,20.833540,0.662506,0.292652,0.197749,-0.660558
1.7562,5530,Virtual,Pinky_DIP,-17.821980,0.859885,20.845440,0.632524,0.352807,0.258133,-0.639381
1.7562,5530,Virtual,Pinky_FingerTip,-17.810140,0.862112,20.860340,0.632524,0.352807,0.258133,-0.639381
1.7562,5530,Render,Wrist,-17.963960,0.878814,20.775120,0.672681,0.176643,0.072548,-0.714867
1.7562,5530,Render,Thumb_CMC,-17.937100,0.913380,20.793120,0.044108,0.363318,-0.285247,-0.885827
1.7562,5530,Render,Thumb_MCP,-17.911930,0.936978,20.820280,0.022947,0.365266,-0.233354,-0.900889
1.7562,5530,Render,Thumb_IP,-17.881320,0.958415,20.852020,-0.011543,0.365804,-0.147504,-0.918857
1.7562,5530,Render,Thumb_FingerTip,-17.861690,0.965899,20.871270,-0.011543,0.365804,-0.147504,-0.918857
1.7562,5530,Render,Index_MCP,-17.869000,0.925119,20.819380,0.626819,0.223759,0.116309,-0.737226
1.7562,5530,Render,Index_PIP,-17.828120,0.930224,20.841650,0.601521,0.284856,0.188893,-0.722045
1.7562,5530,Render,Index_DIP,-17.808230,0.932039,20.858230,0.573667,0.337456,0.252644,-0.702283
1.7562,5530,Render,Index_FingerTip,-17.790890,0.932908,20.878780,0.573667,0.337456,0.252644,-0.702283
1.7562,5530,Render,Middle_MCP,-17.863290,0.898449,20.816430,0.648438,0.251458,0.152791,-0.702106
1.7562,5530,Render,Middle_PIP,-17.819630,0.904340,20.845540,0.599521,0.352530,0.263786,-0.668367
1.7562,5530,Render,Middle_DIP,-17.802660,0.906282,20.867370,0.542089,0.435709,0.357882,-0.623072
1.7562,5530,Render,Middle_FingerTip,-17.792360,0.907030,20.893720,0.542089,0.435709,0.357882,-0.623072
1.7562,5530,Render,Ring_MCP,-17.864000,0.873891,20.815630,0.676823,0.223902,0.127039,-0.689667
1.7562,5530,Render,Ring_PIP,-17.823630,0.879841,20.838010,0.650287,0.292145,0.197110,-0.672998
1.7562,5530,Render,Ring_DIP,-17.803830,0.882861,20.855120,0.620530,0.350948,0.258417,-0.651920
1.7562,5530,Render,Ring_FingerTip,-17.787830,0.885405,20.875200,0.620530,0.350948,0.258417,-0.651920
1.7562,5530,Render,Pinky_MCP,-17.869900,0.852334,20.814670,0.689118,0.222879,0.128682,-0.677408
1.7562,5530,Render,Pinky_PIP,-17.835740,0.857564,20.833540,0.662506,0.292652,0.197749,-0.660558
1.7562,5530,Render,Pinky_DIP,-17.821980,0.859885,20.845440,0.632524,0.352807,0.258133,-0.639381
1.7562,5530,Render,Pinky_FingerTip,-17.810140,0.862112,20.860340,0.632524,0.352807,0.258133,-0.639381
1.7701,5531,Real,Wrist,-17.964080,0.880095,20.774890,0.680957,0.176939,0.084186,-0.705623
1.7701,5531,Real,Thumb_CMC,-17.936830,0.914466,20.792680,0.149989,0.362093,-0.376662,-0.839356
1.7701,5531,Real,Thumb_MCP,-17.916900,0.947001,20.814410,0.113653,0.375088,-0.292292,-0.872329
1.7701,5531,Real,Thumb_IP,-17.890040,0.976185,20.843240,0.045714,0.389253,-0.133852,-0.910207
1.7701,5531,Real,Thumb_FingerTip,-17.871200,0.984143,20.863080,0.045714,0.389253,-0.133852,-0.910207
1.7701,5531,Real,Index_MCP,-17.868980,0.925352,20.819940,0.613729,0.278900,0.189292,-0.713947
1.7701,5531,Real,Index_PIP,-17.832790,0.928726,20.849470,0.554231,0.383766,0.313443,-0.668809
1.7701,5531,Real,Index_DIP,-17.819580,0.928885,20.871810,0.485459,0.467737,0.416713,-0.609837
1.7701,5531,Real,Index_FingerTip,-17.813790,0.927429,20.898040,0.485459,0.467737,0.416713,-0.609837
1.7701,5531,Real,Middle_MCP,-17.863780,0.898517,20.817640,0.652477,0.263218,0.174418,-0.688890
1.7701,5531,Real,Middle_PIP,-17.821500,0.903965,20.848810,0.598652,0.369629,0.288254,-0.649539
1.7701,5531,Real,Middle_DIP,-17.805970,0.905853,20.871680,0.535452,0.456401,0.383714,-0.598126
1.7701,5531,Real,Middle_FingerTip,-17.797790,0.906695,20.898760,0.535452,0.456401,0.383714,-0.598126
1.7701,5531,Real,Ring_MCP,-17.864980,0.873967,20.817320,0.685080,0.223717,0.137223,-0.679548
1.7701,5531,Real,Ring_PIP,-17.824850,0.879553,20.840220,0.660541,0.288218,0.201592,-0.663307
1.7701,5531,Real,Ring_DIP,-17.805030,0.882538,20.857300,0.633269,0.344026,0.257960,-0.643485
1.7701,5531,Real,Ring_FingerTip,-17.788770,0.885215,20.877160,0.633269,0.344026,0.257960,-0.643485
1.7701,5531,Real,Pinky_MCP,-17.871310,0.852520,20.816680,0.697055,0.222986,0.139380,-0.667057
1.7701,5531,Real,Pinky_PIP,-17.837380,0.857438,20.836040,0.672531,0.288636,0.202544,-0.650667
1.7701,5531,Real,Pinky_DIP,-17.823600,0.859725,20.847930,0.645179,0.345475,0.257820,-0.630809
1.7701,5531,Real,Pinky_FingerTip,-17.811560,0.862034,20.862650,0.645179,0.345475,0.257820,-0.630809
1.7701,5531,Virtual,Wrist,-17.963940,0.879470,20.775200,0.677043,0.176145,0.078864,-0.710188
1.7701,5531,Virtual,Thumb_CMC,-17.936820,0.913897,20.793080,0.142481,0.360693,-0.379143,-0.840149
1.7701,5531,Virtual,Thumb_MCP,-17.916960,0.946384,20.814950,0.106318,0.372956,-0.294683,-0.873363
1.7701,5531,Virtual,Thumb_IP,-17.890090,0.975510,20.843810,0.038871,0.385862,-0.136023,-0.911646
1.7701,5531,Virtual,Thumb_FingerTip,-17.871130,0.983433,20.863570,0.038871,0.385862,-0.136023,-0.911646
1.7701,5531,Virtual,Index_MCP,-17.868810,0.925095,20.819810,0.609828,0.277251,0.184753,-0.719103
1.7701,5531,Virtual,Index_PIP,-17.832380,0.928488,20.849040,0.550687,0.381448,0.309895,-0.674690
1.7701,5531,Virtual,Index_DIP,-17.818960,0.928538,20.871260,0.482333,0.464880,0.414155,-0.616212
1.7701,5531,Virtual,Index_FingerTip,-17.812920,0.926871,20.897420,0.482333,0.464880,0.414155,-0.616212
1.7701,5531,Virtual,Middle_MCP,-17.863400,0.898331,20.817200,0.648698,0.261927,0.169728,-0.694103
1.7701,5531,Virtual,Middle_PIP,-17.820890,0.903833,20.848020,0.595145,0.367718,0.284511,-0.655469
1.7701,5531,Virtual,Middle_DIP,-17.805150,0.905627,20.870770,0.532276,0.453978,0.380918,-0.604556
1.7701,5531,Virtual,Middle_FingerTip,-17.796730,0.906270,20.897780,0.532276,0.453978,0.380918,-0.604556
1.7701,5531,Virtual,Ring_MCP,-17.864400,0.873776,20.816640,0.681343,0.222796,0.132226,-0.684580
1.7701,5531,Virtual,Ring_PIP,-17.824110,0.879479,20.839220,0.656909,0.286944,0.197099,-0.668795
1.7701,5531,Virtual,Ring_DIP,-17.804150,0.882466,20.856150,0.629761,0.342444,0.253956,-0.649338
1.7701,5531,Virtual,Ring_FingerTip,-17.787730,0.885085,20.875880,0.629761,0.342444,0.253956,-0.649338
1.7701,5531,Virtual,Pinky_MCP,-17.870550,0.852282,20.815840,0.693393,0.222164,0.134376,-0.672155
1.7701,5531,Virtual,Pinky_PIP,-17.836490,0.857300,20.834940,0.668964,0.287468,0.198051,-0.656221
1.7701,5531,Virtual,Pinky_DIP,-17.822610,0.859587,20.846720,0.641726,0.344004,0.253822,-0.636729
1.7701,5531,Virtual,Pinky_FingerTip,-17.810460,0.861853,20.861350,0.641726,0.344004,0.253822,-0.636729
1.7701,5531,Render,Wrist,-17.963940,0.879470,20.775200,0.677043,0.176145,0.078864,-0.710188
1.7701,5531,Render,Thumb_CMC,-17.936820,0.913897,20.793080,0.052057,0.365482,-0.281620,-0.885666
1.7701,5531,Render,Thumb_MCP,-17.911600,0.937472,20.820220,0.030757,0.367887,-0.229743,-0.900517
1.7701,5531,Render,Thumb_IP,-17.881020,0.958869,20.852010,-0.004014,0.369149,-0.143944,-0.918147
1.7701,5531,Render,Thumb_FingerTip,-17.861470,0.966318,20.871360,-0.004014,0.369149,-0.143944,-0.918147
1.7701,5531,Render,Index_MCP,-17.868810,0.925095,20.819810,0.631386,0.223854,0.122313,-0.732312
1.7701,5531,Render,Index_PIP,-17.828080,0.929944,20.842410,0.606055,0.285404,0.194380,-0.716560
1.7701,5531,Render,Index_DIP,-17.808310,0.931692,20.859130,0.578134,0.338407,0.257619,-0.696329
1.7701,5531,Render,Index_FingerTip,-17.791140,0.932567,20.879830,0.578134,0.338407,0.257619,-0.696329
1.7701,5531,Render,Middle_MCP,-17.863400,0.898331,20.817200,0.652828,0.251456,0.158538,-0.696744
1.7701,5531,Render,Middle_PIP,-17.819930,0.904002,20.846630,0.603854,0.353235,0.268595,-0.662150
1.7701,5531,Render,Middle_DIP,-17.803130,0.905967,20.868590,0.546274,0.437034,0.361739,-0.616223
1.7701,5531,Render,Middle_FingerTip,-17.793050,0.906863,20.895010,0.546274,0.437034,0.361739,-0.616223
1.7701,5531,Render,Ring_MCP,-17.864400,0.873776,20.816640,0.681097,0.223546,0.132979,-0.684434
1.7701,5531,Render,Ring_PIP,-17.824160,0.879476,20.839310,0.654575,0.292229,0.202482,-0.667185
1.7701,5531,Render,Ring_DIP,-17.804470,0.882436,20.856570,0.624792,0.351427,0.263228,-0.645635
1.7701,5531,Render,Ring_FingerTip,-17.788620,0.884997,20.876760,0.624792,0.351427,0.263228,-0.645635
1.7701,5531,Render,Pinky_MCP,-17.870550,0.852282,20.815840,0.693316,0.222403,0.134608,-0.672109
1.7701,5531,Render,Pinky_PIP,-17.836500,0.857300,20.834960,0.666731,0.292611,0.203098,-0.654676
1.7701,5531,Render,Pinky_DIP,-17.822810,0.859579,20.846960,0.636734,0.353159,0.262914,-0.633029
1.7701,5531,Render,Pinky_FingerTip,-17.811080,0.861818,20.861940,0.636734,0.353159,0.262914,-0.633029
1.7842,5532,Real,Wrist,-17.964450,0.880985,20.775020,0.686273,0.179172,0.092603,-0.698822
1.7842,5532,Real,Thumb_CMC,-17.937090,0.915285,20.792770,0.161106,0.365276,-0.373010,-0.837545
1.7842,5532,Real,Thumb_MCP,-17.917110,0.947889,20.814360,0.124403,0.379349,-0.288836,-0.870168
1.7842,5532,Real,Thumb_IP,-17.890380,0.977163,20.843200,0.055544,0.395344,-0.130831,-0.907470
1.7842,5532,Real,Thumb_FingerTip,-17.871760,0.985182,20.863240,0.055544,0.395344,-0.130831,-0.907470
1.7842,5532,Real,Index_MCP,-17.869550,0.925760,20.820970,0.618867,0.282336,0.196486,-0.706176
1.7842,5532,Real,Index_PIP,-17.833810,0.929129,20.851030,0.558675,0.388062,0.319137,-0.659881
1.7842,5532,Real,Index_DIP,-17.820960,0.929452,20.873580,0.489156,0.472690,0.420901,-0.600111
1.7842,5532,Real,Index_FingerTip,-17.815610,0.928302,20.899920,0.489156,0.472690,0.420901,-0.600111
1.7842,5532,Real,Middle_MCP,-17.864640,0.898836,20.819120,0.657461,0.266118,0.181888,-0.681061
1.7842,5532,Real,Middle_PIP,-17.822810,0.904231,20.850900,0.603075,0.373328,0.294294,-0.640561
1.7842,5532,Real,Middle_DIP,-17.807620,0.906262,20.874000,0.539260,0.460730,0.388318,-0.588333
1.7842,5532,Real,Middle_FingerTip,-17.799860,0.907393,20.901190,0.539260,0.460730,0.388318,-0.588333
1.7842,5532,Real,Ring_MCP,-17.866130,0.874300,20.819130,0.690062,0.226087,0.145183,-0.672028
1.7842,5532,Real,Ring_PIP,-17.826310,0.879739,20.842600,0.665273,0.291054,0.208797,-0.655060
1.7842,5532,Real,Ring_DIP,-17.806730,0.882735,20.859960,0.637739,0.347259,0.264427,-0.634648
1.7842,5532,Real,Ring_FingerTip,-17.790760,0.885503,20.880040,0.637739,0.347259,0.264427,-0.634648
1.7842,5532,Real,Pinky_MCP,-17.872700,0.852921,20.818690,0.701925,0.225200,0.147367,-0.659446
1.7842,5532,Real,Pinky_PIP,-17.839030,0.857716,20.838530,0.677167,0.291306,0.209767,-0.642327
1.7842,5532,Real,Pinky_DIP,-17.825410,0.860010,20.850610,0.649568,0.348534,0.264298,-0.621879
1.7842,5532,Real,Pinky_FingerTip,-17.813590,0.862387,20.865490,0.649568,0.348534,0.264298,-0.621879
1.7842,5532,Virtual,Wrist,-17.964080,0.880095,20.774890,0.680957,0.176938,0.084187,-0.705623
1.7842,5532,Virtual,Thumb_CMC,-17.936840,0.914467,20.792680,0.149989,0.362093,-0.376662,-0.839356
1.7842,5532,Virtual,Thumb_MCP,-17.916900,0.947001,20.814410,0.113653,0.375088,-0.292292,-0.872329
1.7842,5532,Virtual,Thumb_IP,-17.890050,0.976185,20.843240,0.045715,0.389253,-0.133852,-0.910207
1.7842,5532,Virtual,Thumb_FingerTip,-17.871200,0.984143,20.863090,0.045715,0.389253,-0.133852,-0.910207
1.7842,5532,Virtual,Index_MCP,-17.868980,0.925352,20.819950,0.613729,0.278900,0.189292,-0.713947
1.7842,5532,Virtual,Index_PIP,-17.832800,0.928726,20.849480,0.554232,0.383766,0.313443,-0.668809
1.7842,5532,Virtual,Index_DIP,-17.819590,0.928885,20.871820,0.485460,0.467737,0.416714,-0.609837
1.7842,5532,Virtual,Index_FingerTip,-17.813800,0.927429,20.898050,0.485460,0.467737,0.416714,-0.609837
1.7842,5532,Virtual,Middle_MCP,-17.863780,0.898517,20.817640,0.652477,0.263218,0.174418,-0.688890
1.7842,5532,Virtual,Middle_PIP,-17.821510,0.903965,20.848810,0.598652,0.369628,0.288254,-0.649539
1.7842,5532,Virtual,Middle_DIP,-17.805970,0.905853,20.871690,0.535452,0.456400,0.383714,-0.598125
1.7842,5532,Virtual,Middle_FingerTip,-17.797800,0.906695,20.898770,0.535452,0.456400,0.383714,-0.598125
1.7842,5532,Virtual,Ring_MCP,-17.864980,0.873967,20.817320,0.685081,0.223717,0.137224,-0.679548
1.7842,5532,Virtual,Ring_PIP,-17.824860,0.879553,20.840220,0.660541,0.288218,0.201593,-0.663307
1.7842,5532,Virtual,Ring_DIP,-17.805030,0.882538,20.857310,0.633270,0.344026,0.257960,-0.643485
1.7842,5532,Virtual,Ring_FingerTip,-17.788770,0.885215,20.877160,0.633270,0.344026,0.257960,-0.643485
1.7842,5532,Virtual,Pinky_MCP,-17.871310,0.852520,20.816680,0.697055,0.222986,0.139380,-0.667057
1.7842,5532,Virtual,Pinky_PIP,-17.837390,0.857438,20.836050,0.672531,0.288636,0.202544,-0.650667
1.7842,5532,Virtual,Pinky_DIP,-17.823600,0.859725,20.847940,0.645179,0.345475,0.257820,-0.630809
1.7842,5532,Virtual,Pinky_FingerTip,-17.811560,0.862034,20.862660,0.645179,0.345475,0.257820,-0.630809
1.7842,5532,Render,Wrist,-17.964080,0.880095,20.774890,0.680957,0.176938,0.084187,-0.705623
1.7842,5532,Render,Thumb_CMC,-17.936840,0.914467,20.792680,0.057068,0.350452,-0.283522,-0.890810
1.7842,5532,Render,Thumb_MCP,-17.910770,0.938404,20.818680,0.037321,0.353101,-0.233110,-0.905310
1.7842,5532,Render,Thumb_IP,-17.879300,0.960390,20.849170,0.005558,0.355025,-0.151120,-0.922545
1.7842,5532,Render,Thumb_FingerTip,-17.859280,0.968449,20.867790,0.005558,0.355025,-0.151120,-0.922545
1.7842,5532,Render,Index_MCP,-17.868980,0.925352,20.819950,0.635414,0.225162,0.127278,-0.727566
1.7842,5532,Render,Index_PIP,-17.828420,0.930079,20.842870,0.609934,0.287105,0.198850,-0.711344
1.7842,5532,Render,Index_DIP,-17.808800,0.931826,20.859760,0.581845,0.340448,0.261605,-0.690735
1.7842,5532,Render,Index_FingerTip,-17.791810,0.932762,20.880610,0.581845,0.340448,0.261605,-0.690735
1.7842,5532,Render,Middle_MCP,-17.863780,0.898517,20.817640,0.656627,0.252686,0.163312,-0.691607
1.7842,5532,Render,Middle_PIP,-17.820540,0.904112,20.847420,0.607406,0.355060,0.272480,-0.656312
1.7842,5532,Render,Middle_DIP,-17.803920,0.906154,20.869520,0.549524,0.439355,0.364736,-0.609884
1.7842,5532,Render,Middle_FingerTip,-17.794080,0.907229,20.896030,0.549524,0.439355,0.364736,-0.609884
1.7842,5532,Render,Ring_MCP,-17.864980,0.873967,20.817320,0.685694,0.221828,0.135351,-0.679924
1.7842,5532,Render,Ring_PIP,-17.824730,0.879559,20.840000,0.660917,0.287356,0.200727,-0.663570
1.7842,5532,Render,Ring_DIP,-17.804860,0.882548,20.857030,0.633270,0.344026,0.257960,-0.643485
1.7842,5532,Render,Ring_FingerTip,-17.788600,0.885224,20.876890,0.633270,0.344026,0.257960,-0.643485
1.7842,5532,Render,Pinky_MCP,-17.871310,0.852520,20.816680,0.697055,0.222986,0.139380,-0.667057
1.7842,5532,Render,Pinky_PIP,-17.837390,0.857438,20.836050,0.672531,0.288636,0.202544,-0.650667
1.7842,5532,Render,Pinky_DIP,-17.823600,0.859725,20.847940,0.645179,0.345475,0.257820,-0.630809
1.7842,5532,Render,Pinky_FingerTip,-17.811560,0.862034,20.862660,0.645179,0.345475,0.257820,-0.630809
1.7985,5533,Real,Wrist,-17.964770,0.881178,20.775210,0.688098,0.180345,0.099112,-0.695826
1.7985,5533,Real,Thumb_CMC,-17.937300,0.915320,20.793110,0.166204,0.367317,-0.366165,-0.838677
1.7985,5533,Real,Thumb_MCP,-17.917010,0.947651,20.814820,0.129807,0.381701,-0.283124,-0.870228
1.7985,5533,Real,Thumb_IP,-17.890140,0.976670,20.843790,0.061447,0.398459,-0.127470,-0.906205
1.7985,5533,Real,Thumb_FingerTip,-17.871610,0.984650,20.863920,0.061447,0.398459,-0.127470,-0.906205
1.7985,5533,Real,Index_MCP,-17.870000,0.925339,20.822030,0.617995,0.289640,0.208709,-0.700452
1.7985,5533,Real,Index_PIP,-17.835110,0.928412,20.853110,0.558618,0.392116,0.326658,-0.653824
1.7985,5533,Real,Index_DIP,-17.822680,0.928695,20.875890,0.490734,0.474329,0.424498,-0.594973
1.7985,5533,Real,Index_FingerTip,-17.817580,0.927630,20.902280,0.490734,0.474329,0.424498,-0.594973
1.7985,5533,Real,Middle_MCP,-17.865300,0.898365,20.820360,0.658396,0.269291,0.189781,-0.676742
1.7985,5533,Real,Middle_PIP,-17.823960,0.903526,20.852800,0.604297,0.375270,0.299931,-0.635640
1.7985,5533,Real,Middle_DIP,-17.809040,0.905529,20.876080,0.541098,0.461753,0.391974,-0.583398
1.7985,5533,Real,Middle_FingerTip,-17.801500,0.906727,20.903330,0.541098,0.461753,0.391974,-0.583398
1.7985,5533,Real,Ring_MCP,-17.867010,0.873843,20.820460,0.691950,0.226545,0.150846,-0.668676
1.7985,5533,Real,Ring_PIP,-17.827360,0.879045,20.844270,0.668042,0.289548,0.212022,-0.651866
1.7985,5533,Real,Ring_DIP,-17.807810,0.881954,20.861680,0.641624,0.344146,0.265542,-0.631957
1.7985,5533,Real,Ring_FingerTip,-17.791760,0.884689,20.881700,0.641624,0.344146,0.265542,-0.631957
1.7985,5533,Real,Pinky_MCP,-17.873760,0.852520,20.820040,0.703768,0.225529,0.153056,-0.656065
1.7985,5533,Real,Pinky_PIP,-17.840240,0.857112,20.840180,0.679903,0.289629,0.213057,-0.639105
1.7985,5533,Real,Pinky_DIP,-17.826640,0.859341,20.852280,0.653437,0.345213,0.265511,-0.619154
1.7985,5533,Real,Pinky_FingerTip,-17.814750,0.861685,20.867120,0.653437,0.345213,0.265511,-0.619154
1.7985,5533,Virtual,Wrist,-17.964460,0.880986,20.775030,0.686273,0.179172,0.092603,-0.698822
1.7985,5533,Virtual,Thumb_CMC,-17.937090,0.915285,20.792770,0.160624,0.364119,-0.369906,-0.839516
1.7985,5533,Virtual,Thumb_MCP,-17.916840,0.947694,20.814400,0.124564,0.377978,-0.286767,-0.871425
1.7985,5533,Virtual,Thumb_IP,-17.889880,0.976816,20.843190,0.056932,0.393880,-0.130849,-0.908018
1.7985,5533,Virtual,Thumb_FingerTip,-17.871200,0.984866,20.863160,0.056932,0.393880,-0.130849,-0.908018
1.7985,5533,Virtual,Index_MCP,-17.869560,0.925760,20.820970,0.616305,0.287884,0.202821,-0.704382
1.7985,5533,Virtual,Index_PIP,-17.834340,0.928997,20.851670,0.557257,0.390094,0.321539,-0.658714
1.7985,5533,Virtual,Index_DIP,-17.821650,0.929287,20.874310,0.489706,0.472121,0.420202,-0.600601
1.7985,5533,Virtual,Index_FingerTip,-17.816250,0.928148,20.900640,0.489706,0.472121,0.420202,-0.600601
1.7985,5533,Virtual,Middle_MCP,-17.864640,0.898836,20.819130,0.656741,0.267888,0.183722,-0.680568
1.7985,5533,Virtual,Middle_PIP,-17.822980,0.904211,20.851130,0.602900,0.373612,0.294595,-0.640423
1.7985,5533,Virtual,Middle_DIP,-17.807810,0.906239,20.874240,0.539965,0.459903,0.387416,-0.588928
1.7985,5533,Virtual,Middle_FingerTip,-17.799980,0.907381,20.901410,0.539965,0.459903,0.387416,-0.588928
1.7985,5533,Virtual,Ring_MCP,-17.866130,0.874300,20.819140,0.690279,0.225423,0.144537,-0.672168
1.7985,5533,Virtual,Ring_PIP,-17.826270,0.879740,20.842530,0.666481,0.288277,0.206062,-0.655926
1.7985,5533,Virtual,Ring_DIP,-17.806540,0.882742,20.859720,0.640175,0.342749,0.259941,-0.636499
1.7985,5533,Virtual,Ring_FingerTip,-17.790290,0.885526,20.879570,0.640175,0.342749,0.259941,-0.636499
1.7985,5533,Virtual,Pinky_MCP,-17.872710,0.852921,20.818700,0.702141,0.224525,0.146733,-0.659588
1.7985,5533,Virtual,Pinky_PIP,-17.839000,0.857714,20.838470,0.678376,0.288479,0.207086,-0.643197
1.7985,5533,Virtual,Pinky_DIP,-17.825280,0.860007,20.850440,0.652012,0.343941,0.259902,-0.623729
1.7985,5533,Virtual,Pinky_FingerTip,-17.813240,0.862388,20.865150,0.652012,0.343941,0.259902,-0.623729
1.7985,5533,Render,Wrist,-17.964460,0.880986,20.775030,0.686273,0.179172,0.092603,-0.698822
1.7985,5533,Render,Thumb_CMC,-17.937090,0.915285,20.792770,0.067736,0.355262,-0.280239,-0.889195
1.7985,5533,Render,Thumb_MCP,-17.911160,0.939282,20.818850,0.047703,0.358502,-0.229923,-0.903514
1.7985,5533,Render,Thumb_IP,-17.879920,0.961330,20.849530,0.015414,0.361333,-0.148107,-0.920470
1.7985,5533,Render,Thumb_FingerTip,-17.860110,0.969418,20.868360,0.015414,0.361333,-0.148107,-0.920470
1.7985,5533,Render,Index_MCP,-17.869560,0.925760,20.820970,0.640827,0.228144,0.135113,-0.720441
1.7985,5533,Render,Index_PIP,-17.829310,0.930336,20.844480,0.615025,0.290610,0.205938,-0.703477
1.7985,5533,Render,Index_DIP,-17.809950,0.932094,20.861670,0.586603,0.344393,0.267962,-0.682266
1.7985,5533,Render,Index_FingerTip,-17.793290,0.933127,20.882760,0.586603,0.344393,0.267962,-0.682266
1.7985,5533,Render,Middle_MCP,-17.864640,0.898836,20.819130,0.661657,0.255505,0.170906,-0.683899
1.7985,5533,Render,Middle_PIP,-17.821820,0.904346,20.849530,0.611917,0.358652,0.278735,-0.647483
1.7985,5533,Render,Middle_DIP,-17.805530,0.906508,20.871860,0.553467,0.443563,0.369645,-0.600241
1.7985,5533,Render,Middle_FingerTip,-17.796110,0.907844,20.898500,0.553467,0.443563,0.369645,-0.600241
1.7985,5533,Render,Ring_MCP,-17.866130,0.874300,20.819140,0.690682,0.224185,0.143331,-0.672426
1.7985,5533,Render,Ring_PIP,-17.826190,0.879741,20.842380,0.665652,0.290186,0.207941,-0.655333
1.7985,5533,Render,Ring_DIP,-17.806550,0.882738,20.859690,0.637739,0.347259,0.264427,-0.634648
1.7985,5533,Render,Ring_FingerTip,-17.790590,0.885506,20.879770,0.637739,0.347259,0.264427,-0.634648
1.7985,5533,Render,Pinky_MCP,-17.872710,0.852921,20.818700,0.701925,0.225200,0.147367,-0.659446
1.7985,5533,Render,Pinky_PIP,-17.839040,0.857716,20.838540,0.677167,0.291306,0.209767,-0.642327
1.7985,5533,Render,Pinky_DIP,-17.825420,0.860010,20.850610,0.649568,0.348534,0.264298,-0.621879
1.7985,5533,Render,Pinky_FingerTip,-17.813590,0.862387,20.865500,0.649568,0.348534,0.264298,-0.621879
1.8122,5534,Real,Wrist,-17.964670,0.880343,20.775710,0.686814,0.181313,0.101567,-0.696489
1.8122,5534,Real,Thumb_CMC,-17.937240,0.914383,20.793860,0.166612,0.366727,-0.362099,-0.840616
1.8122,5534,Real,Thumb_MCP,-17.916650,0.946481,20.815630,0.130798,0.380973,-0.280096,-0.871377
1.8122,5534,Real,Thumb_IP,-17.889550,0.975301,20.844590,0.063542,0.397757,-0.126547,-0.906497
1.8122,5534,Real,Thumb_FingerTip,-17.870980,0.983280,20.864690,0.063542,0.397757,-0.126547,-0.906497
1.8122,5534,Real,Index_MCP,-17.870070,0.924203,20.823130,0.614601,0.294531,0.215787,-0.699252
1.8122,5534,Real,Index_PIP,-17.835720,0.927025,20.854840,0.556819,0.392984,0.329473,-0.653425
1.8122,5534,Real,Index_DIP,-17.823420,0.927209,20.877690,0.491402,0.472237,0.423973,-0.596459
1.8122,5534,Real,Index_FingerTip,-17.818190,0.926088,20.904060,0.491402,0.472237,0.423973,-0.596459
1.8122,5534,Real,Middle_MCP,-17.865390,0.897228,20.821390,0.656290,0.271792,0.194064,-0.676574
1.8122,5534,Real,Middle_PIP,-17.824370,0.902200,20.854270,0.602352,0.376511,0.303203,-0.635201
1.8122,5534,Real,Middle_DIP,-17.809600,0.904096,20.877650,0.539593,0.461982,0.394381,-0.582989
1.8122,5534,Real,Middle_FingerTip,-17.802190,0.905191,20.904940,0.539593,0.461982,0.394381,-0.582989
1.8122,5534,Real,Ring_MCP,-17.867140,0.872708,20.821400,0.690863,0.226630,0.152663,-0.669359
1.8122,5534,Real,Ring_PIP,-17.827550,0.877770,20.845340,0.667772,0.287635,0.212037,-0.652984
1.8122,5534,Real,Ring_DIP,-17.807930,0.880595,20.862690,0.642389,0.340573,0.264029,-0.633748
1.8122,5534,Real,Ring_FingerTip,-17.791710,0.883250,20.882580,0.642389,0.340573,0.264029,-0.633748
1.8122,5534,Real,Pinky_MCP,-17.873920,0.851397,20.820880,0.702695,0.225559,0.154903,-0.656771
1.8122,5534,Real,Pinky_PIP,-17.840440,0.855867,20.841110,0.679652,0.287628,0.213140,-0.640246
1.8122,5534,Real,Pinky_DIP,-17.826800,0.858033,20.853190,0.654231,0.341525,0.264101,-0.620962
1.8122,5534,Real,Pinky_FingerTip,-17.814790,0.860310,20.867940,0.654231,0.341525,0.264101,-0.620962
1.8122,5534,Virtual,Wrist,-17.964770,0.881178,20.775220,0.688098,0.180345,0.099112,-0.695826
1.8122,5534,Virtual,Thumb_CMC,-17.937310,0.915320,20.793120,0.166906,0.364242,-0.363740,-0.840930
1.8122,5534,Virtual,Thumb_MCP,-17.916660,0.947522,20.814680,0.131328,0.378528,-0.281700,-0.871846
1.8122,5534,Virtual,Thumb_IP,-17.889470,0.976481,20.843420,0.064483,0.395439,-0.128047,-0.907234
1.8122,5534,Virtual,Thumb_FingerTip,-17.870820,0.984556,20.863400,0.064483,0.395439,-0.128047,-0.907234
1.8122,5534,Virtual,Index_MCP,-17.870010,0.925339,20.822040,0.616077,0.293696,0.213309,-0.699064
1.8122,5534,Virtual,Index_PIP,-17.835520,0.928320,20.853570,0.558414,0.392407,0.326999,-0.653654
1.8122,5534,Virtual,Index_DIP,-17.823110,0.928599,20.876370,0.493065,0.471906,0.421561,-0.597058
1.8122,5534,Virtual,Index_FingerTip,-17.817750,0.927576,20.902710,0.493065,0.471906,0.421561,-0.597058
1.8122,5534,Virtual,Middle_MCP,-17.865310,0.898365,20.820370,0.657693,0.271005,0.191543,-0.676246
1.8122,5534,Virtual,Middle_PIP,-17.824130,0.903509,20.853030,0.603865,0.375966,0.300663,-0.635294
1.8122,5534,Virtual,Middle_DIP,-17.809260,0.905506,20.876330,0.541171,0.461669,0.391883,-0.583459
1.8122,5534,Virtual,Middle_FingerTip,-17.801720,0.906706,20.903580,0.541171,0.461669,0.391883,-0.583459
1.8122,5534,Virtual,Ring_MCP,-17.867010,0.873843,20.820470,0.692189,0.225816,0.150141,-0.668835
1.8122,5534,Virtual,Ring_PIP,-17.827320,0.879045,20.844190,0.669165,0.286942,0.209479,-0.652688
1.8122,5534,Virtual,Ring_DIP,-17.807620,0.881958,20.861450,0.643834,0.339995,0.261455,-0.633659
1.8122,5534,Virtual,Ring_FingerTip,-17.791320,0.884704,20.881250,0.643834,0.339995,0.261455,-0.633659
1.8122,5534,Virtual,Pinky_MCP,-17.873760,0.852520,20.820050,0.704005,0.224787,0.152365,-0.656226
1.8122,5534,Virtual,Pinky_PIP,-17.840200,0.857108,20.840110,0.681027,0.286976,0.210564,-0.639930
1.8122,5534,Virtual,Pinky_DIP,-17.826500,0.859335,20.852110,0.655653,0.340986,0.261507,-0.620856
1.8122,5534,Virtual,Pinky_FingerTip,-17.814420,0.861681,20.866790,0.655653,0.340986,0.261507,-0.620856
1.8122,5534,Render,Wrist,-17.964770,0.881178,20.775220,0.688098,0.180345,0.099112,-0.695826
1.8122,5534,Render,Thumb_CMC,-17.937310,0.915320,20.793120,0.072548,0.357340,-0.277095,-0.888968
1.8122,5534,Render,Thumb_MCP,-17.911350,0.939230,20.819250,0.052420,0.360842,-0.226869,-0.903092
1.8122,5534,Render,Thumb_IP,-17.880140,0.961176,20.850040,0.019973,0.364082,-0.145281,-0.919749
1.8122,5534,Render,Thumb_FingerTip,-17.860400,0.969207,20.868960,0.019973,0.364082,-0.145281,-0.919749
1.8122,5534,Render,Index_MCP,-17.870010,0.925339,20.822040,0.642676,0.229732,0.141347,-0.717087
1.8122,5534,Render,Index_PIP,-17.829990,0.929674,20.845970,0.616706,0.292374,0.211808,-0.699521
1.8122,5534,Render,Index_DIP,-17.810800,0.931343,20.863370,0.588120,0.346300,0.273456,-0.677801
1.8122,5534,Render,Index_FingerTip,-17.794380,0.932328,20.884650,0.588120,0.346300,0.273456,-0.677801
1.8122,5534,Render,Middle_MCP,-17.865310,0.898365,20.820370,0.663338,0.256877,0.177036,-0.680188
1.8122,5534,Render,Middle_PIP,-17.822780,0.903643,20.851220,0.613355,0.360276,0.284188,-0.642833
1.8122,5534,Render,Middle_DIP,-17.806740,0.905766,20.873730,0.554654,0.445378,0.374366,-0.594850
1.8122,5534,Render,Middle_FingerTip,-17.797590,0.907144,20.900470,0.554654,0.445378,0.374366,-0.594850
1.8122,5534,Render,Ring_MCP,-17.867010,0.873843,20.820470,0.692783,0.223987,0.148375,-0.669229
1.8122,5534,Render,Ring_PIP,-17.827190,0.879044,20.843980,0.668547,0.288379,0.210881,-0.652236
1.8122,5534,Render,Ring_DIP,-17.807570,0.881955,20.861330,0.641624,0.344146,0.265542,-0.631957
1.8122,5534,Render,Ring_FingerTip,-17.791520,0.884690,20.881340,0.641624,0.344146,0.265542,-0.631957
1.8122,5534,Render,Pinky_MCP,-17.873760,0.852520,20.820050,0.703768,0.225529,0.153056,-0.656065
1.8122,5534,Render,Pinky_PIP,-17.840240,0.857112,20.840180,0.679903,0.289629,0.213057,-0.639105
1.8122,5534,Render,Pinky_DIP,-17.826640,0.859341,20.852290,0.653437,0.345214,0.265511,-0.619154
1.8122,5534,Render,Pinky_FingerTip,-17.814750,0.861685,20.867130,0.653437,0.345214,0.265511,-0.619154
1.8264,5535,Real,Wrist,-17.964590,0.879717,20.776010,0.686133,0.181849,0.104165,-0.696637
1.8264,5535,Real,Thumb_CMC,-17.937160,0.913649,20.794340,0.167933,0.365157,-0.357677,-0.842928
1.8264,5535,Real,Thumb_MCP,-17.916190,0.945512,20.816100,0.132521,0.379446,-0.276067,-0.873067
1.8264,5535,Real,Thumb_IP,-17.888760,0.974078,20.845000,0.065987,0.396468,-0.123399,-0.907322
1.8264,5535,Real,Thumb_FingerTip,-17.870080,0.981951,20.865030,0.065987,0.396468,-0.123399,-0.907322
1.8264,5535,Real,Index_MCP,-17.870090,0.923236,20.823930,0.612384,0.298009,0.221708,-0.697870
1.8264,5535,Real,Index_PIP,-17.836180,0.925837,20.856120,0.556160,0.393078,0.331599,-0.652854
1.8264,5535,Real,Index_DIP,-17.823950,0.925947,20.879010,0.493000,0.469867,0.423122,-0.597616
1.8264,5535,Real,Index_FingerTip,-17.818560,0.924806,20.905350,0.493000,0.469867,0.423122,-0.597616
1.8264,5535,Real,Middle_MCP,-17.865480,0.896252,20.822160,0.655178,0.273109,0.197564,-0.676108
1.8264,5535,Real,Middle_PIP,-17.824680,0.901042,20.855330,0.601755,0.376480,0.305370,-0.634746
1.8264,5535,Real,Middle_DIP,-17.809980,0.902856,20.878770,0.539799,0.460938,0.395457,-0.582896
1.8264,5535,Real,Middle_FingerTip,-17.802560,0.903892,20.906060,0.539799,0.460938,0.395457,-0.582896
1.8264,5535,Real,Ring_MCP,-17.867280,0.871737,20.822110,0.690606,0.225674,0.153945,-0.669653
1.8264,5535,Real,Ring_PIP,-17.827690,0.876648,20.846070,0.668607,0.284308,0.211041,-0.653908
1.8264,5535,Real,Ring_DIP,-17.807960,0.879392,20.863300,0.644554,0.335285,0.261099,-0.635580
1.8264,5535,Real,Ring_FingerTip,-17.791480,0.881980,20.882980,0.644554,0.335285,0.261099,-0.635580
1.8264,5535,Real,Pinky_MCP,-17.874120,0.850445,20.821510,0.702442,0.224534,0.156219,-0.657081
1.8264,5535,Real,Pinky_PIP,-17.840640,0.854781,20.841780,0.680497,0.284192,0.212224,-0.641187
1.8264,5535,Real,Pinky_DIP,-17.826910,0.856884,20.853760,0.656417,0.336091,0.261292,-0.622805
1.8264,5535,Real,Pinky_FingerTip,-17.814700,0.859102,20.868350,0.656417,0.336091,0.261292,-0.622805
1.8264,5535,Virtual,Wrist,-17.964670,0.880343,20.775720,0.686814,0.181313,0.101567,-0.696489
1.8264,5535,Virtual,Thumb_CMC,-17.937240,0.914383,20.793870,0.167507,0.363164,-0.359506,-0.843095
1.8264,5535,Virtual,Thumb_MCP,-17.916270,0.946344,20.815470,0.132286,0.377422,-0.277872,-0.873408
1.8264,5535,Virtual,Thumb_IP,-17.888770,0.975039,20.844190,0.066099,0.394433,-0.125120,-0.907964
1.8264,5535,Virtual,Thumb_FingerTip,-17.870040,0.983000,20.864130,0.066099,0.394433,-0.125120,-0.907964
1.8264,5535,Virtual,Index_MCP,-17.870070,0.924203,20.823140,0.613175,0.297491,0.219155,-0.698203
1.8264,5535,Virtual,Index_PIP,-17.836030,0.926956,20.855180,0.557023,0.392694,0.329133,-0.653596
1.8264,5535,Virtual,Index_DIP,-17.823700,0.927144,20.878020,0.493911,0.469613,0.420790,-0.598709
1.8264,5535,Virtual,Index_FingerTip,-17.818190,0.926069,20.904320,0.493911,0.469613,0.420790,-0.598709
1.8264,5535,Virtual,Middle_MCP,-17.865400,0.897228,20.821400,0.655926,0.272671,0.194970,-0.676313
1.8264,5535,Virtual,Middle_PIP,-17.824460,0.902190,20.854380,0.602565,0.376170,0.302843,-0.635373
1.8264,5535,Virtual,Middle_DIP,-17.809670,0.904089,20.877750,0.540646,0.460750,0.393050,-0.583887
1.8264,5535,Virtual,Middle_FingerTip,-17.802130,0.905199,20.905000,0.540646,0.460750,0.393050,-0.583887
1.8264,5535,Virtual,Ring_MCP,-17.867140,0.872708,20.821410,0.691313,0.225253,0.151328,-0.669662
1.8264,5535,Virtual,Ring_PIP,-17.827460,0.877769,20.845180,0.669347,0.283950,0.208435,-0.654142
1.8264,5535,Virtual,Ring_DIP,-17.807650,0.880600,20.862320,0.645320,0.334985,0.258519,-0.636015
1.8264,5535,Virtual,Ring_FingerTip,-17.791090,0.883270,20.881920,0.645320,0.334985,0.258519,-0.636015
1.8264,5535,Virtual,Pinky_MCP,-17.873920,0.851397,20.820890,0.703143,0.224158,0.153594,-0.657079
1.8264,5535,Virtual,Pinky_PIP,-17.840360,0.855861,20.840990,0.681227,0.283878,0.209608,-0.641411
1.8264,5535,Virtual,Pinky_DIP,-17.826590,0.858024,20.852910,0.657170,0.335834,0.258702,-0.623231
1.8264,5535,Virtual,Pinky_FingerTip,-17.814320,0.860302,20.867440,0.657170,0.335834,0.258702,-0.623231
1.8264,5535,Render,Wrist,-17.964670,0.880343,20.775720,0.686814,0.181313,0.101567,-0.696489
1.8264,5535,Render,Thumb_CMC,-17.937240,0.914383,20.793870,0.071210,0.355165,-0.276474,-0.890140
1.8264,5535,Render,Thumb_MCP,-17.911120,0.938217,20.819900,0.051310,0.358581,-0.226448,-0.904162
1.8264,5535,Render,Thumb_IP,-17.879730,0.960099,20.850550,0.019321,0.361718,-0.145404,-0.920677
1.8264,5535,Render,Thumb_FingerTip,-17.859890,0.968127,20.869370,0.019321,0.361718,-0.145404,-0.920677
1.8264,5535,Render,Index_MCP,-17.870070,0.924203,20.823140,0.641292,0.230713,0.143793,-0.717524
1.8264,5535,Render,Index_PIP,-17.830160,0.928397,20.847280,0.615232,0.293212,0.214286,-0.699713
1.8264,5535,Render,Index_DIP,-17.811050,0.929978,20.864770,0.586577,0.347004,0.275940,-0.677771
1.8264,5535,Render,Index_FingerTip,-17.794730,0.930867,20.886140,0.586577,0.347004,0.275940,-0.677771
1.8264,5535,Render,Middle_MCP,-17.865400,0.897228,20.821400,0.661953,0.257694,0.179550,-0.680569
1.8264,5535,Render,Middle_PIP,-17.823010,0.902338,20.852470,0.611856,0.360860,0.286730,-0.642805
1.8264,5535,Render,Middle_DIP,-17.807070,0.904360,20.875060,0.553087,0.445739,0.376878,-0.594454
1.8264,5535,Render,Middle_FingerTip,-17.798050,0.905633,20.901860,0.553087,0.445739,0.376878,-0.594454
1.8264,5535,Render,Ring_MCP,-17.867140,0.872708,20.821410,0.691849,0.223603,0.149730,-0.670021
1.8264,5535,Render,Ring_PIP,-17.827340,0.877769,20.844990,0.668367,0.286249,0.210682,-0.653422
1.8264,5535,Render,Ring_DIP,-17.807660,0.880596,20.862270,0.642389,0.340573,0.264029,-0.633748
1.8264,5535,Render,Ring_FingerTip,-17.791440,0.883251,20.882160,0.642389,0.340573,0.264029,-0.633748
1.8264,5535,Render,Pinky_MCP,-17.873920,0.851397,20.820890,0.702695,0.225559,0.154903,-0.656771
1.8264,5535,Render,Pinky_PIP,-17.840450,0.855867,20.841120,0.679652,0.287628,0.213140,-0.640246
1.8264,5535,Render,Pinky_DIP,-17.826810,0.858032,20.853190,0.654231,0.341525,0.264101,-0.620962
1.8264,5535,Render,Pinky_FingerTip,-17.814790,0.860310,20.867940,0.654231,0.341525,0.264101,-0.620962
1.8403,5536,Real,Wrist,-17.964390,0.878310,20.776680,0.682413,0.179082,0.104825,-0.700895
1.8403,5536,Real,Thumb_CMC,-17.936800,0.911955,20.795310,0.162725,0.365490,-0.354776,-0.845028
1.8403,5536,Real,Thumb_MCP,-17.915670,0.943507,20.817360,0.127305,0.379283,-0.272980,-0.874883
1.8403,5536,Real,Thumb_IP,-17.888060,0.971661,20.846490,0.060875,0.395419,-0.120048,-0.908585
1.8403,5536,Real,Thumb_FingerTip,-17.869300,0.979250,20.866550,0.060875,0.395419,-0.120048,-0.908585
1.8403,5536,Real,Index_MCP,-17.869590,0.921026,20.824760,0.609022,0.294632,0.223192,-0.701762
1.8403,5536,Real,Index_PIP,-17.835560,0.923162,20.856850,0.553388,0.389202,0.333693,-0.656455
1.8403,5536,Real,Index_DIP,-17.823250,0.922971,20.879700,0.490822,0.465629,0.425717,-0.600873
1.8403,5536,Real,Index_FingerTip,-17.817770,0.921505,20.905990,0.490822,0.465629,0.425717,-0.600873
1.8403,5536,Real,Middle_MCP,-17.865060,0.894054,20.822650,0.651868,0.269864,0.198795,-0.680237
1.8403,5536,Real,Middle_PIP,-17.824120,0.898351,20.855720,0.599020,0.372737,0.307258,-0.638619
1.8403,5536,Real,Middle_DIP,-17.809340,0.899851,20.879130,0.537645,0.456833,0.397895,-0.586449
1.8403,5536,Real,Middle_FingerTip,-17.801810,0.900545,20.906400,0.537645,0.456833,0.397895,-0.586449
1.8403,5536,Real,Ring_MCP,-17.866930,0.869546,20.822320,0.687194,0.222656,0.154822,-0.673958
1.8403,5536,Real,Ring_PIP,-17.827230,0.874075,20.846190,0.665467,0.281008,0.212285,-0.658122
1.8403,5536,Real,Ring_DIP,-17.807430,0.876567,20.863370,0.641679,0.331751,0.262666,-0.639684
1.8403,5536,Real,Ring_FingerTip,-17.790870,0.878881,20.883020,0.641679,0.331751,0.262666,-0.639684
1.8403,5536,Real,Pinky_MCP,-17.873820,0.848279,20.821500,0.699107,0.221511,0.157051,-0.661452
1.8403,5536,Real,Pinky_PIP,-17.840250,0.852293,20.841680,0.677434,0.280893,0.213430,-0.645470
1.8403,5536,Real,Pinky_DIP,-17.826470,0.854220,20.853640,0.653619,0.332564,0.262826,-0.626981
1.8403,5536,Real,Pinky_FingerTip,-17.814200,0.856235,20.868210,0.653619,0.332564,0.262826,-0.626981
1.8403,5536,Virtual,Wrist,-17.964600,0.879716,20.776010,0.686132,0.181849,0.104165,-0.696637
1.8403,5536,Virtual,Thumb_CMC,-17.937160,0.913649,20.794350,0.167933,0.365157,-0.357677,-0.842928
1.8403,5536,Virtual,Thumb_MCP,-17.916200,0.945512,20.816100,0.132521,0.379446,-0.276067,-0.873067
1.8403,5536,Virtual,Thumb_IP,-17.888760,0.974078,20.845000,0.065986,0.396468,-0.123400,-0.907322
1.8403,5536,Virtual,Thumb_FingerTip,-17.870090,0.981951,20.865040,0.065986,0.396468,-0.123400,-0.907322
1.8403,5536,Virtual,Index_MCP,-17.870090,0.923235,20.823930,0.612384,0.298009,0.221708,-0.697870
1.8403,5536,Virtual,Index_PIP,-17.836180,0.925836,20.856130,0.556160,0.393078,0.331598,-0.652855
1.8403,5536,Virtual,Index_DIP,-17.823960,0.925947,20.879020,0.493000,0.469867,0.423121,-0.597616
1.8403,5536,Virtual,Index_FingerTip,-17.818570,0.924805,20.905350,0.493000,0.469867,0.423121,-0.597616
1.8403,5536,Virtual,Middle_MCP,-17.865490,0.896251,20.822160,0.655178,0.273110,0.197564,-0.676108
1.8403,5536,Virtual,Middle_PIP,-17.824680,0.901042,20.855340,0.601755,0.376480,0.305369,-0.634747
1.8403,5536,Virtual,Middle_DIP,-17.809990,0.902856,20.878770,0.539799,0.460938,0.395456,-0.582897
1.8403,5536,Virtual,Middle_FingerTip,-17.802560,0.903892,20.906060,0.539799,0.460938,0.395456,-0.582897
1.8403,5536,Virtual,Ring_MCP,-17.867290,0.871737,20.822110,0.690606,0.225675,0.153944,-0.669653
1.8403,5536,Virtual,Ring_PIP,-17.827700,0.876647,20.846070,0.668606,0.284309,0.211041,-0.653909
1.8403,5536,Virtual,Ring_DIP,-17.807960,0.879392,20.863300,0.644554,0.335286,0.261099,-0.635580
1.8403,5536,Virtual,Ring_FingerTip,-17.791480,0.881980,20.882990,0.644554,0.335286,0.261099,-0.635580
1.8403,5536,Virtual,Pinky_MCP,-17.874130,0.850444,20.821520,0.702442,0.224535,0.156219,-0.657081
1.8403,5536,Virtual,Pinky_PIP,-17.840640,0.854781,20.841780,0.680496,0.284192,0.212224,-0.641187
1.8403,5536,Virtual,Pinky_DIP,-17.826920,0.856884,20.853760,0.656417,0.336091,0.261292,-0.622806
1.8403,5536,Virtual,Pinky_FingerTip,-17.814700,0.859102,20.868350,0.656417,0.336091,0.261292,-0.622806
1.8403,5536,Render,Wrist,-17.964600,0.879716,20.776010,0.686132,0.181849,0.104165,-0.696637
1.8403,5536,Render,Thumb_CMC,-17.937160,0.913649,20.794350,0.070391,0.351959,-0.275404,-0.891809
1.8403,5536,Render,Thumb_MCP,-17.910790,0.937394,20.820210,0.050671,0.355334,-0.225286,-0.905769
1.8403,5536,Render,Thumb_IP,-17.879120,0.959170,20.850650,0.018972,0.358427,-0.144104,-0.922174
1.8403,5536,Render,Thumb_FingerTip,-17.859130,0.967132,20.869330,0.018972,0.358427,-0.144104,-0.922174
1.8403,5536,Render,Index_MCP,-17.870090,0.923235,20.823930,0.640561,0.231313,0.146367,-0.717463
1.8403,5536,Render,Index_PIP,-17.830280,0.927277,20.848260,0.614445,0.293736,0.216841,-0.699397
1.8403,5536,Render,Index_DIP,-17.811240,0.928774,20.865840,0.585746,0.347455,0.278457,-0.677229
1.8403,5536,Render,Index_FingerTip,-17.795010,0.929578,20.887270,0.585746,0.347455,0.278457,-0.677229
1.8403,5536,Render,Middle_MCP,-17.865490,0.896251,20.822160,0.661215,0.258150,0.182148,-0.680424
1.8403,5536,Render,Middle_PIP,-17.823220,0.901189,20.853430,0.611055,0.361191,0.289271,-0.642243
1.8403,5536,Render,Middle_DIP,-17.807380,0.903125,20.876090,0.552246,0.445950,0.379310,-0.593530
1.8403,5536,Render,Middle_FingerTip,-17.798480,0.904322,20.902930,0.552246,0.445950,0.379310,-0.593530
1.8403,5536,Render,Ring_MCP,-17.867290,0.871737,20.822110,0.691664,0.222411,0.150780,-0.670373
1.8403,5536,Render,Ring_PIP,-17.827470,0.876646,20.845700,0.669241,0.282813,0.209578,-0.654379
1.8403,5536,Render,Ring_DIP,-17.807660,0.879393,20.862840,0.644554,0.335286,0.261099,-0.635580
1.8403,5536,Render,Ring_FingerTip,-17.791180,0.881981,20.882520,0.644554,0.335286,0.261099,-0.635580
1.8403,5536,Render,Pinky_MCP,-17.874130,0.850444,20.821520,0.702442,0.224535,0.156219,-0.657081
1.8403,5536,Render,Pinky_PIP,-17.840640,0.854781,20.841780,0.680496,0.284192,0.212224,-0.641187
1.8403,5536,Render,Pinky_DIP,-17.826920,0.856884,20.853760,0.656417,0.336091,0.261292,-0.622806
1.8403,5536,Render,Pinky_FingerTip,-17.814700,0.859102,20.868350,0.656417,0.336091,0.261292,-0.622806
1.8543,5537,Real,Wrist,-17.963990,0.876944,20.777180,0.677644,0.176722,0.103181,-0.706345
1.8543,5537,Real,Thumb_CMC,-17.936340,0.910379,20.796100,0.152817,0.365702,-0.346833,-0.850068
1.8543,5537,Real,Thumb_MCP,-17.914740,0.941180,20.818750,0.118237,0.378300,-0.266488,-0.878575
1.8543,5537,Real,Thumb_IP,-17.886710,0.968525,20.848250,0.053629,0.392702,-0.116554,-0.910673
1.8543,5537,Real,Thumb_FingerTip,-17.867770,0.975775,20.868270,0.053629,0.392702,-0.116554,-0.910673
1.8543,5537,Real,Index_MCP,-17.868970,0.919169,20.825230,0.599850,0.300865,0.233721,-0.703587
1.8543,5537,Real,Index_PIP,-17.835730,0.920671,20.858190,0.548745,0.386288,0.335228,-0.661273
1.8543,5537,Real,Index_DIP,-17.823350,0.920167,20.881000,0.492390,0.455952,0.420339,-0.610718
1.8543,5537,Real,Index_FingerTip,-17.817150,0.918434,20.907110,0.492390,0.455952,0.420339,-0.610718
1.8543,5537,Real,Middle_MCP,-17.864400,0.892238,20.822720,0.647265,0.267355,0.198408,-0.685714
1.8543,5537,Real,Middle_PIP,-17.823300,0.896146,20.855650,0.597980,0.364488,0.302336,-0.646654
1.8543,5537,Real,Middle_DIP,-17.808010,0.897390,20.878740,0.541213,0.444432,0.389687,-0.598091
1.8543,5537,Real,Middle_FingerTip,-17.799480,0.897813,20.905720,0.541213,0.444432,0.389687,-0.598091
1.8543,5537,Real,Ring_MCP,-17.866220,0.867734,20.822050,0.684775,0.213598,0.147085,-0.681047
1.8543,5537,Real,Ring_PIP,-17.825940,0.872024,20.844970,0.667488,0.262679,0.196072,-0.668592
1.8543,5537,Real,Ring_DIP,-17.805260,0.874355,20.861120,0.648924,0.305678,0.239284,-0.654372
1.8543,5537,Real,Ring_FingerTip,-17.787230,0.876511,20.879450,0.648924,0.305678,0.239284,-0.654372
1.8543,5537,Real,Pinky_MCP,-17.873080,0.846467,20.820980,0.696773,0.212376,0.149397,-0.668644
1.8543,5537,Real,Pinky_PIP,-17.839010,0.850253,20.840360,0.679543,0.262331,0.197478,-0.656054
1.8543,5537,Real,Pinky_DIP,-17.824620,0.852040,20.851600,0.660975,0.306117,0.239870,-0.641769
1.8543,5537,Real,Pinky_FingerTip,-17.811260,0.853895,20.865200,0.660975,0.306117,0.239870,-0.641769
1.8543,5537,Virtual,Wrist,-17.964400,0.878311,20.776700,0.682413,0.179082,0.104825,-0.700895
1.8543,5537,Virtual,Thumb_CMC,-17.936810,0.911956,20.795340,0.160257,0.365874,-0.348068,-0.848117
1.8543,5537,Virtual,Thumb_MCP,-17.915290,0.943031,20.817690,0.125629,0.379162,-0.267899,-0.876747
1.8543,5537,Virtual,Thumb_IP,-17.887400,0.970734,20.846980,0.060775,0.394782,-0.118249,-0.909105
1.8543,5537,Virtual,Thumb_FingerTip,-17.868580,0.978229,20.867030,0.060775,0.394782,-0.118249,-0.909105
1.8543,5537,Virtual,Index_MCP,-17.869600,0.921027,20.824780,0.604299,0.304203,0.234235,-0.698154
1.8543,5537,Virtual,Index_PIP,-17.836580,0.922928,20.857930,0.552651,0.390247,0.334933,-0.655824
1.8543,5537,Virtual,Index_DIP,-17.824350,0.922721,20.880830,0.495733,0.460396,0.419320,-0.605356
1.8543,5537,Virtual,Index_FingerTip,-17.818320,0.921343,20.907000,0.495733,0.460396,0.419320,-0.605356
1.8543,5537,Virtual,Middle_MCP,-17.865070,0.894055,20.822670,0.651669,0.270342,0.199294,-0.680091
1.8543,5537,Virtual,Middle_PIP,-17.824180,0.898346,20.855810,0.601867,0.368122,0.302341,-0.640962
1.8543,5537,Virtual,Middle_DIP,-17.809040,0.899886,20.878980,0.544555,0.448573,0.388897,-0.592454
1.8543,5537,Virtual,Middle_FingerTip,-17.800690,0.900671,20.906010,0.544555,0.448573,0.388897,-0.592454
1.8543,5537,Virtual,Ring_MCP,-17.866940,0.869547,20.822350,0.689260,0.216175,0.148468,-0.675386
1.8543,5537,Virtual,Ring_PIP,-17.826800,0.874082,20.845460,0.671775,0.265575,0.197040,-0.662846
1.8543,5537,Virtual,Ring_DIP,-17.806220,0.876600,20.861700,0.653012,0.308847,0.239876,-0.648575
1.8543,5537,Virtual,Ring_FingerTip,-17.788310,0.878979,20.880130,0.653012,0.308847,0.239876,-0.648575
1.8543,5537,Virtual,Pinky_MCP,-17.873830,0.848280,20.821520,0.701161,0.214918,0.150815,-0.662901
1.8543,5537,Virtual,Pinky_PIP,-17.839880,0.852273,20.841070,0.683736,0.265184,0.198476,-0.650223
1.8543,5537,Virtual,Pinky_DIP,-17.825570,0.854191,20.852370,0.664973,0.309238,0.240485,-0.635885
1.8543,5537,Virtual,Pinky_FingerTip,-17.812290,0.856211,20.866030,0.664973,0.309238,0.240485,-0.635885
1.8543,5537,Render,Wrist,-17.964400,0.878311,20.776700,0.682413,0.179082,0.104825,-0.700895
1.8543,5537,Render,Thumb_CMC,-17.936810,0.911956,20.795340,0.065033,0.351834,-0.272340,-0.893205
1.8543,5537,Render,Thumb_MCP,-17.910280,0.935329,20.821380,0.045328,0.354911,-0.222150,-0.906991
1.8543,5537,Render,Thumb_IP,-17.878440,0.956664,20.851960,0.013688,0.357532,-0.140872,-0.923114
1.8543,5537,Render,Thumb_FingerTip,-17.858360,0.964355,20.870660,0.013688,0.357532,-0.140872,-0.923114
1.8543,5537,Render,Index_MCP,-17.869600,0.921027,20.824780,0.636859,0.228312,0.147430,-0.721491
1.8543,5537,Render,Index_PIP,-17.829690,0.924683,20.849000,0.611060,0.290383,0.218299,-0.703299
1.8543,5537,Render,Index_DIP,-17.810590,0.925924,20.866530,0.582674,0.343813,0.280258,-0.680985
1.8543,5537,Render,Index_FingerTip,-17.794270,0.926434,20.887910,0.582674,0.343813,0.280258,-0.680985
1.8543,5537,Render,Middle_MCP,-17.865070,0.894055,20.822670,0.657832,0.254980,0.183285,-0.684580
1.8543,5537,Render,Middle_PIP,-17.822680,0.898518,20.853850,0.608226,0.357518,0.291062,-0.646162
1.8543,5537,Render,Middle_DIP,-17.806740,0.900147,20.876460,0.549979,0.441906,0.381650,-0.597148
1.8543,5537,Render,Middle_FingerTip,-17.797740,0.901003,20.903280,0.549979,0.441906,0.381650,-0.597148
1.8543,5537,Render,Ring_MCP,-17.866940,0.869547,20.822350,0.688238,0.219409,0.151637,-0.674682
1.8543,5537,Render,Ring_PIP,-17.827020,0.874079,20.845840,0.666093,0.279518,0.210813,-0.658595
1.8543,5537,Render,Ring_DIP,-17.807130,0.876573,20.862930,0.641679,0.331751,0.262666,-0.639684
1.8543,5537,Render,Ring_FingerTip,-17.790570,0.878888,20.882580,0.641679,0.331751,0.262666,-0.639684
1.8543,5537,Render,Pinky_MCP,-17.873830,0.848280,20.821520,0.699107,0.221511,0.157051,-0.661452
1.8543,5537,Render,Pinky_PIP,-17.840260,0.852294,20.841710,0.677434,0.280893,0.213430,-0.645470
1.8543,5537,Render,Pinky_DIP,-17.826480,0.854221,20.853660,0.653619,0.332565,0.262826,-0.626981
1.8543,5537,Render,Pinky_FingerTip,-17.814210,0.856236,20.868240,0.653619,0.332565,0.262826,-0.626981
1.8680,5538,Real,Wrist,-17.963860,0.875850,20.777610,0.673725,0.176904,0.099947,-0.710501
1.8680,5538,Real,Thumb_CMC,-17.936360,0.909290,20.796740,0.145500,0.366030,-0.345787,-0.851636
1.8680,5538,Real,Thumb_MCP,-17.914720,0.939829,20.819690,0.111272,0.377845,-0.266119,-0.879791
1.8680,5538,Real,Thumb_IP,-17.886630,0.966911,20.849390,0.047491,0.391015,-0.117514,-0.911616
1.8680,5538,Real,Thumb_FingerTip,-17.867630,0.974076,20.869390,0.047491,0.391015,-0.117514,-0.911616
1.8680,5538,Real,Index_MCP,-17.868910,0.918266,20.825640,0.593902,0.303904,0.235795,-0.706629
1.8680,5538,Real,Index_PIP,-17.835930,0.919565,20.858870,0.544617,0.385318,0.333941,-0.665888
1.8680,5538,Real,Index_DIP,-17.823480,0.918915,20.881630,0.490751,0.451930,0.416517,-0.617606
1.8680,5538,Real,Index_FingerTip,-17.816900,0.917008,20.907640,0.490751,0.451930,0.416517,-0.617606
1.8680,5538,Real,Middle_MCP,-17.864160,0.891394,20.822830,0.643131,0.267549,0.196357,-0.690105
1.8680,5538,Real,Middle_PIP,-17.822990,0.895256,20.855670,0.594793,0.362520,0.299327,-0.652077
1.8680,5538,Real,Middle_DIP,-17.807520,0.896389,20.878650,0.539348,0.440799,0.386075,-0.604770
1.8680,5538,Real,Middle_FingerTip,-17.798660,0.896630,20.905520,0.539348,0.440799,0.386075,-0.604770
1.8680,5538,Real,Ring_MCP,-17.865810,0.866885,20.821930,0.681665,0.211375,0.141822,-0.685959
1.8680,5538,Real,Ring_PIP,-17.825310,0.871241,20.844420,0.665748,0.257152,0.188051,-0.674752
1.8680,5538,Real,Ring_DIP,-17.804310,0.873576,20.860160,0.648794,0.297343,0.228921,-0.662004
1.8680,5538,Real,Ring_FingerTip,-17.785780,0.875711,20.877990,0.648794,0.297343,0.228921,-0.662004
1.8680,5538,Real,Pinky_MCP,-17.872520,0.845582,20.820680,0.693730,0.210174,0.144184,-0.673630
1.8680,5538,Real,Pinky_PIP,-17.838270,0.849415,20.839700,0.677866,0.256773,0.189570,-0.662291
1.8680,5538,Real,Pinky_DIP,-17.823660,0.851195,20.850660,0.660913,0.297705,0.229677,-0.649472
1.8680,5538,Real,Pinky_FingerTip,-17.809920,0.853019,20.863880,0.660913,0.297705,0.229677,-0.649472
1.8680,5538,Virtual,Wrist,-17.963990,0.876943,20.777180,0.677644,0.176722,0.103181,-0.706345
1.8680,5538,Virtual,Thumb_CMC,-17.936340,0.910379,20.796110,0.151869,0.365820,-0.344254,-0.851235
1.8680,5538,Virtual,Thumb_MCP,-17.914600,0.940993,20.818860,0.117634,0.378221,-0.264629,-0.879251
1.8680,5538,Virtual,Thumb_IP,-17.886460,0.968172,20.848420,0.053704,0.392434,-0.116133,-0.910837
1.8680,5538,Virtual,Thumb_FingerTip,-17.867510,0.975403,20.868440,0.053704,0.392434,-0.116133,-0.910837
1.8680,5538,Virtual,Index_MCP,-17.868970,0.919169,20.825240,0.597926,0.304670,0.238187,-0.702088
1.8680,5538,Virtual,Index_PIP,-17.836140,0.920568,20.858610,0.548491,0.386649,0.335663,-0.661053
1.8680,5538,Virtual,Index_DIP,-17.823800,0.920058,20.881440,0.494423,0.453747,0.417605,-0.612590
1.8680,5538,Virtual,Index_FingerTip,-17.817360,0.918365,20.907500,0.494423,0.453747,0.417605,-0.612590
1.8680,5538,Virtual,Middle_MCP,-17.864400,0.892237,20.822730,0.647038,0.267906,0.198992,-0.685545
1.8680,5538,Virtual,Middle_PIP,-17.823350,0.896138,20.855720,0.598600,0.363469,0.301235,-0.647168
1.8680,5538,Virtual,Middle_DIP,-17.807990,0.897392,20.878760,0.542988,0.442262,0.387290,-0.599646
1.8680,5538,Virtual,Middle_FingerTip,-17.799250,0.897839,20.905670,0.542988,0.442262,0.387290,-0.599646
1.8680,5538,Virtual,Ring_MCP,-17.866220,0.867733,20.822060,0.685483,0.211315,0.144815,-0.681534
1.8680,5538,Virtual,Ring_PIP,-17.825790,0.872029,20.844700,0.669560,0.257351,0.190737,-0.670134
1.8680,5538,Virtual,Ring_DIP,-17.804850,0.874373,20.860520,0.652588,0.297775,0.231320,-0.657230
1.8680,5538,Virtual,Ring_FingerTip,-17.786390,0.876555,20.878410,0.652588,0.297775,0.231320,-0.657230
1.8680,5538,Virtual,Pinky_MCP,-17.873080,0.846466,20.820990,0.697476,0.210054,0.147169,-0.669138
1.8680,5538,Virtual,Pinky_PIP,-17.838880,0.850248,20.840140,0.681612,0.256907,0.192243,-0.657607
1.8680,5538,Virtual,Pinky_DIP,-17.824320,0.852035,20.851150,0.664644,0.298068,0.232059,-0.644635
1.8680,5538,Virtual,Pinky_FingerTip,-17.810620,0.853894,20.864420,0.664644,0.298068,0.232059,-0.644635
1.8680,5538,Render,Wrist,-17.963990,0.876943,20.777180,0.677644,0.176722,0.103181,-0.706345
1.8680,5538,Render,Thumb_CMC,-17.936340,0.910379,20.796110,0.057539,0.350892,-0.270939,-0.894514
1.8680,5538,Render,Thumb_MCP,-17.909690,0.933436,20.822300,0.037899,0.353553,-0.220678,-0.908221
1.8680,5538,Render,Thumb_IP,-17.877700,0.954404,20.852970,0.006408,0.355521,-0.139297,-0.924208
1.8680,5538,Render,Thumb_FingerTip,-17.857510,0.961872,20.871640,0.006408,0.355521,-0.139297,-0.924208
1.8680,5538,Render,Index_MCP,-17.868970,0.919169,20.825240,0.632037,0.225541,0.146258,-0.726821
1.8680,5538,Render,Index_PIP,-17.828900,0.922563,20.849250,0.606536,0.287147,0.217662,-0.708720
1.8680,5538,Render,Index_DIP,-17.809690,0.923597,20.866670,0.578458,0.340186,0.280107,-0.686440
1.8680,5538,Render,Index_FingerTip,-17.793230,0.923839,20.887950,0.578458,0.340186,0.280107,-0.686440
1.8680,5538,Render,Middle_MCP,-17.864400,0.892237,20.822730,0.653360,0.252097,0.182266,-0.690180
1.8680,5538,Render,Middle_PIP,-17.821810,0.896347,20.853680,0.604275,0.353953,0.290958,-0.651853
1.8680,5538,Render,Middle_DIP,-17.805730,0.897690,20.876210,0.546587,0.437806,0.382372,-0.602794
1.8680,5538,Render,Middle_FingerTip,-17.796560,0.898189,20.902980,0.546587,0.437806,0.382372,-0.602794
1.8680,5538,Render,Ring_MCP,-17.866220,0.867733,20.822060,0.685799,0.210288,0.143794,-0.681750
1.8680,5538,Render,Ring_PIP,-17.825720,0.872031,20.844580,0.668087,0.261151,0.194541,-0.669039
1.8680,5538,Render,Ring_DIP,-17.804960,0.874366,20.860640,0.648924,0.305678,0.239284,-0.654372
1.8680,5538,Render,Ring_FingerTip,-17.786940,0.876522,20.878970,0.648924,0.305678,0.239284,-0.654372
1.8680,5538,Render,Pinky_MCP,-17.873080,0.846466,20.820990,0.696773,0.212376,0.149397,-0.668644
1.8680,5538,Render,Pinky_PIP,-17.839010,0.850252,20.840370,0.679543,0.262331,0.197478,-0.656054
1.8680,5538,Render,Pinky_DIP,-17.824620,0.852040,20.851610,0.660975,0.306117,0.239870,-0.641769
1.8680,5538,Render,Pinky_FingerTip,-17.811260,0.853894,20.865210,0.660975,0.306117,0.239870,-0.641769
1.8820,5539,Real,Wrist,-17.963730,0.875003,20.778090,0.671479,0.176952,0.097612,-0.712935
1.8820,5539,Real,Thumb_CMC,-17.936320,0.908463,20.797310,0.141642,0.365855,-0.346993,-0.851871
1.8820,5539,Real,Thumb_MCP,-17.914740,0.938974,20.820360,0.107446,0.377317,-0.267298,-0.880136
1.8820,5539,Real,Thumb_IP,-17.886680,0.966019,20.850110,0.043805,0.389863,-0.118620,-0.912150
1.8820,5539,Real,Thumb_FingerTip,-17.867640,0.973160,20.870080,0.043805,0.389863,-0.118620,-0.912150
1.8820,5539,Real,Index_MCP,-17.868810,0.917592,20.826030,0.591608,0.303389,0.233965,-0.709377
1.8820,5539,Real,Index_PIP,-17.835730,0.918858,20.859140,0.542420,0.384482,0.332521,-0.668868
1.8820,5539,Real,Index_DIP,-17.823190,0.918138,20.881860,0.488679,0.450820,0.415490,-0.620743
1.8820,5539,Real,Index_FingerTip,-17.816510,0.916115,20.907840,0.488679,0.450820,0.415490,-0.620743
1.8820,5539,Real,Middle_MCP,-17.863950,0.890759,20.823050,0.640899,0.267290,0.194378,-0.692836
1.8820,5539,Real,Middle_PIP,-17.822680,0.894628,20.855760,0.592627,0.361924,0.297787,-0.655078
1.8820,5539,Real,Middle_DIP,-17.807140,0.895704,20.878690,0.537284,0.439911,0.384963,-0.607954
1.8820,5539,Real,Middle_FingerTip,-17.798180,0.895835,20.905540,0.537284,0.439911,0.384963,-0.607954
1.8820,5539,Real,Ring_MCP,-17.865490,0.866248,20.822020,0.679481,0.211367,0.139627,-0.688574
1.8820,5539,Real,Ring_PIP,-17.824920,0.870666,20.844390,0.663569,0.256995,0.186039,-0.677510
1.8820,5539,Real,Ring_DIP,-17.803890,0.873011,20.860070,0.646629,0.297054,0.227082,-0.664879
1.8820,5539,Real,Ring_FingerTip,-17.785300,0.875131,20.877840,0.646629,0.297054,0.227082,-0.664879
1.8820,5539,Real,Pinky_MCP,-17.872110,0.844921,20.820670,0.691588,0.210209,0.141993,-0.676282
1.8820,5539,Real,Pinky_PIP,-17.837800,0.848807,20.839590,0.675726,0.256662,0.187565,-0.665085
1.8820,5539,Real,Pinky_DIP,-17.823160,0.850593,20.850510,0.658784,0.297464,0.227846,-0.652384
1.8820,5539,Real,Pinky_FingerTip,-17.809380,0.852406,20.863690,0.658784,0.297464,0.227846,-0.652384
1.8820,5539,Virtual,Wrist,-17.963860,0.875851,20.777620,0.673725,0.176903,0.099947,-0.710501
1.8820,5539,Virtual,Thumb_CMC,-17.936360,0.909291,20.796740,0.145500,0.366030,-0.345787,-0.851636
1.8820,5539,Virtual,Thumb_MCP,-17.914720,0.939830,20.819700,0.111272,0.377845,-0.266119,-0.879792
1.8820,5539,Virtual,Thumb_IP,-17.886630,0.966912,20.849400,0.047492,0.391015,-0.117514,-0.911616
1.8820,5539,Virtual,Thumb_FingerTip,-17.867640,0.974076,20.869390,0.047492,0.391015,-0.117514,-0.911616
1.8820,5539,Virtual,Index_MCP,-17.868910,0.918267,20.825640,0.593902,0.303904,0.235795,-0.706629
1.8820,5539,Virtual,Index_PIP,-17.835940,0.919566,20.858880,0.544617,0.385317,0.333941,-0.665888
1.8820,5539,Virtual,Index_DIP,-17.823480,0.918916,20.881630,0.490751,0.451930,0.416517,-0.617606
1.8820,5539,Virtual,Index_FingerTip,-17.816900,0.917008,20.907650,0.490751,0.451930,0.416517,-0.617606
1.8820,5539,Virtual,Middle_MCP,-17.864160,0.891395,20.822840,0.643131,0.267549,0.196357,-0.690105
1.8820,5539,Virtual,Middle_PIP,-17.822990,0.895256,20.855680,0.594793,0.362520,0.299327,-0.652077
1.8820,5539,Virtual,Middle_DIP,-17.807520,0.896389,20.878650,0.539348,0.440799,0.386075,-0.604770
1.8820,5539,Virtual,Middle_FingerTip,-17.798660,0.896630,20.905530,0.539348,0.440799,0.386075,-0.604770
1.8820,5539,Virtual,Ring_MCP,-17.865810,0.866886,20.821940,0.681666,0.211374,0.141822,-0.685959
1.8820,5539,Virtual,Ring_PIP,-17.825310,0.871242,20.844430,0.665748,0.257152,0.188051,-0.674752
1.8820,5539,Virtual,Ring_DIP,-17.804310,0.873576,20.860170,0.648794,0.297343,0.228921,-0.662004
1.8820,5539,Virtual,Ring_FingerTip,-17.785780,0.875711,20.877990,0.648794,0.297343,0.228921,-0.662004
1.8820,5539,Virtual,Pinky_MCP,-17.872520,0.845583,20.820690,0.693730,0.210174,0.144184,-0.673630
1.8820,5539,Virtual,Pinky_PIP,-17.838270,0.849416,20.839710,0.677866,0.256773,0.189570,-0.662291
1.8820,5539,Virtual,Pinky_DIP,-17.823660,0.851196,20.850660,0.660914,0.297705,0.229677,-0.649472
1.8820,5539,Virtual,Pinky_FingerTip,-17.809920,0.853019,20.863890,0.660914,0.297705,0.229677,-0.649472
1.8820,5539,Render,Wrist,-17.963860,0.875851,20.777620,0.673725,0.176903,0.099947,-0.710501
1.8820,5539,Render,Thumb_CMC,-17.936360,0.909291,20.796740,0.051184,0.350300,-0.272475,-0.894666
1.8820,5539,Render,Thumb_MCP,-17.909750,0.932274,20.823040,0.031587,0.352608,-0.222203,-0.908458
1.8820,5539,Render,Thumb_IP,-17.877750,0.953161,20.853770,0.000204,0.354019,-0.140795,-0.924580
1.8820,5539,Render,Thumb_FingerTip,-17.857530,0.960585,20.872420,0.000204,0.354019,-0.140795,-0.924580
1.8820,5539,Render,Index_MCP,-17.868910,0.918267,20.825640,0.627948,0.225296,0.143304,-0.731018
1.8820,5539,Render,Index_PIP,-17.828760,0.921705,20.849500,0.602492,0.286498,0.215138,-0.713189
1.8820,5539,Render,Index_DIP,-17.809460,0.922701,20.866830,0.574487,0.339178,0.277993,-0.691117
1.8820,5539,Render,Index_FingerTip,-17.792910,0.922848,20.888040,0.574487,0.339178,0.277993,-0.691117
1.8820,5539,Render,Middle_MCP,-17.864160,0.891395,20.822840,0.649445,0.251834,0.179522,-0.694675
1.8820,5539,Render,Middle_PIP,-17.821460,0.895497,20.853630,0.600454,0.353064,0.288972,-0.656731
1.8820,5539,Render,Middle_DIP,-17.805280,0.896729,20.876100,0.542936,0.436372,0.381115,-0.607908
1.8820,5539,Render,Middle_FingerTip,-17.795980,0.897026,20.902830,0.542936,0.436372,0.381115,-0.607908
1.8820,5539,Render,Ring_MCP,-17.865810,0.866886,20.821940,0.682665,0.208122,0.138550,-0.686628
1.8820,5539,Render,Ring_PIP,-17.825100,0.871255,20.844040,0.666327,0.255648,0.186526,-0.675175
1.8820,5539,Render,Ring_DIP,-17.804030,0.873595,20.859680,0.648794,0.297343,0.228921,-0.662004
1.8820,5539,Render,Ring_FingerTip,-17.785500,0.875729,20.877510,0.648794,0.297343,0.228921,-0.662004
1.8820,5539,Render,Pinky_MCP,-17.872520,0.845583,20.820690,0.693730,0.210174,0.144184,-0.673630
1.8820,5539,Render,Pinky_PIP,-17.838270,0.849416,20.839710,0.677866,0.256773,0.189570,-0.662291
1.8820,5539,Render,Pinky_DIP,-17.823660,0.851196,20.850660,0.660914,0.297705,0.229677,-0.649472
1.8820,5539,Render,Pinky_FingerTip,-17.809920,0.853019,20.863890,0.660914,0.297705,0.229677,-0.649472
1.8959,5540,Real,Wrist,-17.963650,0.873980,20.779020,0.669309,0.178242,0.092089,-0.715385
1.8959,5540,Real,Thumb_CMC,-17.936490,0.907656,20.798210,0.134857,0.364920,-0.345885,-0.853821
1.8959,5540,Real,Thumb_MCP,-17.914780,0.937914,20.821480,0.101266,0.375631,-0.267166,-0.881629
1.8959,5540,Real,Thumb_IP,-17.886590,0.964741,20.851300,0.038896,0.387092,-0.120388,-0.913320
1.8959,5540,Real,Thumb_FingerTip,-17.867450,0.971867,20.871180,0.038896,0.387092,-0.120388,-0.913320
1.8959,5540,Real,Index_MCP,-17.868900,0.917398,20.826560,0.584920,0.312073,0.238780,-0.709552
1.8959,5540,Real,Index_PIP,-17.836540,0.918626,20.860380,0.537343,0.388309,0.332544,-0.670741
1.8959,5540,Real,Index_DIP,-17.824150,0.917879,20.883180,0.486053,0.450858,0.411755,-0.625250
1.8959,5540,Real,Index_FingerTip,-17.817310,0.915818,20.909110,0.486053,0.450858,0.411755,-0.625250
1.8959,5540,Real,Middle_MCP,-17.863780,0.890632,20.823440,0.637690,0.270363,0.191525,-0.695395
1.8959,5540,Real,Middle_PIP,-17.822560,0.894775,20.856200,0.590001,0.362826,0.293521,-0.658864
1.8959,5540,Real,Middle_DIP,-17.806920,0.895921,20.879050,0.535664,0.439100,0.379717,-0.613246
1.8959,5540,Real,Middle_FingerTip,-17.797690,0.896054,20.905810,0.535664,0.439100,0.379717,-0.613246
1.8959,5540,Real,Ring_MCP,-17.865050,0.866111,20.822310,0.678272,0.209572,0.131107,-0.691982
1.8959,5540,Real,Ring_PIP,-17.824210,0.870897,20.844090,0.664113,0.250852,0.173378,-0.682619
1.8959,5540,Real,Ring_DIP,-17.802760,0.873438,20.859180,0.649222,0.287198,0.210866,-0.671985
1.8959,5540,Real,Ring_FingerTip,-17.783510,0.875748,20.876200,0.649222,0.287198,0.210866,-0.671985
1.8959,5540,Real,Pinky_MCP,-17.871450,0.844719,20.820920,0.690412,0.208456,0.133557,-0.679736
1.8959,5540,Real,Pinky_PIP,-17.836900,0.848903,20.839330,0.676299,0.250484,0.175071,-0.670245
1.8959,5540,Real,Pinky_DIP,-17.821980,0.850813,20.849840,0.661410,0.287505,0.211872,-0.659536
1.8959,5540,Real,Pinky_FingerTip,-17.807710,0.852745,20.862470,0.661410,0.287505,0.211872,-0.659536
1.8959,5540,Virtual,Wrist,-17.963740,0.875003,20.778100,0.671479,0.176952,0.097612,-0.712935
1.8959,5540,Virtual,Thumb_CMC,-17.936330,0.908463,20.797320,0.139659,0.366028,-0.341600,-0.854300
1.8959,5540,Virtual,Thumb_MCP,-17.914430,0.938581,20.820590,0.105948,0.377169,-0.262855,-0.881718
1.8959,5540,Virtual,Thumb_IP,-17.886130,0.965227,20.850470,0.043266,0.389371,-0.116120,-0.912707
1.8959,5540,Virtual,Thumb_FingerTip,-17.867040,0.972228,20.870440,0.043266,0.389371,-0.116120,-0.912707
1.8959,5540,Virtual,Index_MCP,-17.868820,0.917592,20.826030,0.587364,0.311527,0.243734,-0.706079
1.8959,5540,Virtual,Index_PIP,-17.836640,0.918611,20.860040,0.539838,0.388098,0.336984,-0.666631
1.8959,5540,Virtual,Index_DIP,-17.824400,0.917825,20.882910,0.488556,0.450953,0.415661,-0.620629
1.8959,5540,Virtual,Index_FingerTip,-17.817730,0.915799,20.908900,0.488556,0.450953,0.415661,-0.620629
1.8959,5540,Virtual,Middle_MCP,-17.863950,0.890759,20.823060,0.640019,0.269391,0.196650,-0.692195
1.8959,5540,Virtual,Middle_PIP,-17.822900,0.894592,20.856040,0.592450,0.362214,0.298108,-0.654932
1.8959,5540,Virtual,Middle_DIP,-17.807380,0.895665,20.878980,0.538173,0.438823,0.383732,-0.608731
1.8959,5540,Virtual,Middle_FingerTip,-17.798310,0.895810,20.905790,0.538173,0.438823,0.383732,-0.608731
1.8959,5540,Virtual,Ring_MCP,-17.865490,0.866248,20.822030,0.680445,0.208244,0.136463,-0.689208
1.8959,5540,Virtual,Ring_PIP,-17.824730,0.870682,20.844020,0.666364,0.249660,0.178554,-0.679521
1.8959,5540,Virtual,Ring_DIP,-17.803350,0.873055,20.859230,0.651536,0.286132,0.215863,-0.668605
1.8959,5540,Virtual,Ring_FingerTip,-17.784180,0.875227,20.876360,0.651536,0.286132,0.215863,-0.668605
1.8959,5540,Virtual,Pinky_MCP,-17.872110,0.844921,20.820670,0.692546,0.207030,0.138886,-0.676927
1.8959,5540,Virtual,Pinky_PIP,-17.837640,0.848808,20.839280,0.678516,0.249192,0.180217,-0.667114
1.8959,5540,Virtual,Pinky_DIP,-17.822760,0.850600,20.849870,0.663696,0.286338,0.216837,-0.656125
1.8959,5540,Virtual,Pinky_FingerTip,-17.808550,0.852431,20.862580,0.663696,0.286338,0.216837,-0.656125
1.8959,5540,Render,Wrist,-17.963740,0.875003,20.778100,0.671479,0.176952,0.097612,-0.712935
1.8959,5540,Render,Thumb_CMC,-17.936330,0.908463,20.797320,0.047370,0.349624,-0.273662,-0.894779
1.8959,5540,Render,Thumb_MCP,-17.909730,0.931422,20.823650,0.027816,0.351720,-0.223382,-0.908637
1.8959,5540,Render,Thumb_IP,-17.877720,0.952285,20.854380,-0.003472,0.352801,-0.141953,-0.924862
1.8959,5540,Render,Thumb_FingerTip,-17.857470,0.959699,20.873000,-0.003472,0.352801,-0.141953,-0.924862
1.8959,5540,Render,Index_MCP,-17.868820,0.917592,20.826030,0.625608,0.225080,0.141137,-0.733509
1.8959,5540,Render,Index_PIP,-17.828600,0.921084,20.849770,0.600184,0.286050,0.213230,-0.715883
1.8959,5540,Render,Index_DIP,-17.809250,0.922072,20.867030,0.572229,0.338526,0.276333,-0.693970
1.8959,5540,Render,Index_FingerTip,-17.792620,0.922177,20.888180,0.572229,0.338526,0.276333,-0.693970
1.8959,5540,Render,Middle_MCP,-17.863950,0.890759,20.823060,0.647208,0.251630,0.177477,-0.697357
1.8959,5540,Render,Middle_PIP,-17.821160,0.894887,20.853720,0.598280,0.352502,0.287386,-0.659707
1.8959,5540,Render,Middle_DIP,-17.804910,0.896068,20.876150,0.540865,0.435501,0.379977,-0.611083
1.8959,5540,Render,Middle_FingerTip,-17.795520,0.896258,20.902840,0.540865,0.435501,0.379977,-0.611083
1.8959,5540,Render,Ring_MCP,-17.865490,0.866248,20.822030,0.680481,0.208125,0.136343,-0.689232
1.8959,5540,Render,Ring_PIP,-17.824720,0.870683,20.844010,0.664148,0.255496,0.184508,-0.677928
1.8959,5540,Render,Ring_DIP,-17.803610,0.873033,20.859590,0.646629,0.297054,0.227081,-0.664879
1.8959,5540,Render,Ring_FingerTip,-17.785020,0.875154,20.877360,0.646629,0.297054,0.227081,-0.664879
1.8959,5540,Render,Pinky_MCP,-17.872110,0.844921,20.820670,0.691588,0.210209,0.141993,-0.676282
1.8959,5540,Render,Pinky_PIP,-17.837810,0.848807,20.839600,0.675726,0.256662,0.187565,-0.665085
1.8959,5540,Render,Pinky_DIP,-17.823170,0.850593,20.850510,0.658784,0.297464,0.227846,-0.652384
1.8959,5540,Render,Pinky_FingerTip,-17.809390,0.852406,20.863700,0.658784,0.297464,0.227846,-0.652384
1.9097,5541,Real,Wrist,-17.963670,0.873307,20.779760,0.667978,0.178843,0.090199,-0.716718
1.9097,5541,Real,Thumb_CMC,-17.936620,0.907042,20.799000,0.132516,0.364894,-0.347287,-0.853630
1.9097,5541,Real,Thumb_MCP,-17.914990,0.937324,20.822310,0.098937,0.375393,-0.268579,-0.881565
1.9097,5541,Real,Thumb_IP,-17.886860,0.964184,20.852150,0.036637,0.386480,-0.121793,-0.913487
1.9097,5541,Real,Thumb_FingerTip,-17.867720,0.971332,20.872030,0.036637,0.386480,-0.121793,-0.913487
1.9097,5541,Real,Index_MCP,-17.869020,0.916988,20.827250,0.583455,0.312287,0.237176,-0.711200
1.9097,5541,Real,Index_PIP,-17.836600,0.918255,20.861010,0.535862,0.388323,0.331178,-0.672591
1.9097,5541,Real,Index_DIP,-17.824160,0.917494,20.883780,0.484582,0.450692,0.410624,-0.627253
1.9097,5541,Real,Index_FingerTip,-17.817260,0.915387,20.909690,0.484582,0.450692,0.410624,-0.627253
1.9097,5541,Real,Middle_MCP,-17.863780,0.890253,20.824050,0.636288,0.270772,0.189841,-0.696980
1.9097,5541,Real,Middle_PIP,-17.822530,0.894475,20.856730,0.588554,0.363020,0.292093,-0.660684
1.9097,5541,Real,Middle_DIP,-17.806850,0.895621,20.879560,0.534204,0.439097,0.378548,-0.615242
1.9097,5541,Real,Middle_FingerTip,-17.797570,0.895716,20.906290,0.534204,0.439097,0.378548,-0.615242
1.9097,5541,Real,Ring_MCP,-17.864960,0.865730,20.822850,0.676946,0.210157,0.129303,-0.693441
1.9097,5541,Real,Ring_PIP,-17.824090,0.870625,20.844550,0.662754,0.251354,0.171667,-0.684185
1.9097,5541,Real,Ring_DIP,-17.802630,0.873214,20.859610,0.647838,0.287624,0.209244,-0.673644
1.9097,5541,Real,Ring_FingerTip,-17.783360,0.875556,20.876610,0.647838,0.287624,0.209244,-0.673644
1.9097,5541,Real,Pinky_MCP,-17.871270,0.844315,20.821390,0.689108,0.209075,0.131766,-0.681216
1.9097,5541,Real,Pinky_PIP,-17.836710,0.848592,20.839760,0.674960,0.251022,0.173374,-0.671833
1.9097,5541,Real,Pinky_DIP,-17.821770,0.850535,20.850240,0.660044,0.287968,0.210266,-0.661216
1.9097,5541,Real,Pinky_FingerTip,-17.807490,0.852491,20.862850,0.660044,0.287968,0.210266,-0.661216
1.9097,5541,Virtual,Wrist,-17.963660,0.873980,20.779020,0.669309,0.178242,0.092089,-0.715385
1.9097,5541,Virtual,Thumb_CMC,-17.936490,0.907656,20.798210,0.134857,0.364920,-0.345885,-0.853822
1.9097,5541,Virtual,Thumb_MCP,-17.914780,0.937914,20.821480,0.101266,0.375631,-0.267166,-0.881629
1.9097,5541,Virtual,Thumb_IP,-17.886590,0.964741,20.851300,0.038896,0.387092,-0.120388,-0.913320
1.9097,5541,Virtual,Thumb_FingerTip,-17.867460,0.971867,20.871190,0.038896,0.387092,-0.120388,-0.913320
1.9097,5541,Virtual,Index_MCP,-17.868910,0.917398,20.826560,0.584920,0.312072,0.238780,-0.709552
1.9097,5541,Virtual,Index_PIP,-17.836540,0.918626,20.860380,0.537343,0.388309,0.332544,-0.670741
1.9097,5541,Virtual,Index_DIP,-17.824160,0.917879,20.883180,0.486053,0.450858,0.411755,-0.625250
1.9097,5541,Virtual,Index_FingerTip,-17.817310,0.915818,20.909110,0.486053,0.450858,0.411755,-0.625250
1.9097,5541,Virtual,Middle_MCP,-17.863780,0.890632,20.823450,0.637690,0.270363,0.191525,-0.695395
1.9097,5541,Virtual,Middle_PIP,-17.822570,0.894775,20.856210,0.590001,0.362826,0.293521,-0.658864
1.9097,5541,Virtual,Middle_DIP,-17.806920,0.895921,20.879060,0.535664,0.439100,0.379717,-0.613246
1.9097,5541,Virtual,Middle_FingerTip,-17.797700,0.896054,20.905810,0.535664,0.439100,0.379717,-0.613246
1.9097,5541,Virtual,Ring_MCP,-17.865060,0.866111,20.822320,0.678272,0.209572,0.131107,-0.691982
1.9097,5541,Virtual,Ring_PIP,-17.824210,0.870897,20.844100,0.664113,0.250852,0.173378,-0.682619
1.9097,5541,Virtual,Ring_DIP,-17.802760,0.873438,20.859190,0.649222,0.287198,0.210866,-0.671985
1.9097,5541,Virtual,Ring_FingerTip,-17.783520,0.875748,20.876210,0.649222,0.287198,0.210866,-0.671985
1.9097,5541,Virtual,Pinky_MCP,-17.871450,0.844719,20.820920,0.690412,0.208456,0.133557,-0.679736
1.9097,5541,Virtual,Pinky_PIP,-17.836900,0.848903,20.839340,0.676299,0.250484,0.175071,-0.670245
1.9097,5541,Virtual,Pinky_DIP,-17.821990,0.850813,20.849840,0.661410,0.287505,0.211872,-0.659536
1.9097,5541,Virtual,Pinky_FingerTip,-17.807720,0.852745,20.862480,0.661410,0.287505,0.211872,-0.659536
1.9097,5541,Render,Wrist,-17.963660,0.873980,20.779020,0.669309,0.178242,0.092089,-0.715385
1.9097,5541,Render,Thumb_CMC,-17.936490,0.907656,20.798210,0.042779,0.347751,-0.277924,-0.894426
1.9097,5541,Render,Thumb_MCP,-17.909990,0.930794,20.824490,0.023337,0.349594,-0.227657,-0.908522
1.9097,5541,Render,Thumb_IP,-17.878020,0.951876,20.855110,-0.007746,0.350287,-0.146222,-0.925126
1.9097,5541,Render,Thumb_FingerTip,-17.857740,0.959431,20.873650,-0.007746,0.350287,-0.146222,-0.925126
1.9097,5541,Render,Index_MCP,-17.868910,0.917398,20.826560,0.623265,0.225967,0.135741,-0.736243
1.9097,5541,Render,Index_PIP,-17.828590,0.921229,20.850070,0.597766,0.286701,0.208131,-0.719139
1.9097,5541,Render,Index_DIP,-17.809150,0.922356,20.867230,0.569762,0.338958,0.271545,-0.697669
1.9097,5541,Render,Index_FingerTip,-17.792400,0.922553,20.888280,0.569762,0.338958,0.271545,-0.697669
1.9097,5541,Render,Middle_MCP,-17.863780,0.890632,20.823450,0.644907,0.252666,0.172266,-0.700414
1.9097,5541,Render,Middle_PIP,-17.820850,0.895098,20.853870,0.595841,0.353154,0.282735,-0.663564
1.9097,5541,Render,Middle_DIP,-17.804470,0.896363,20.876200,0.538358,0.435793,0.375934,-0.615573
1.9097,5541,Render,Middle_FingerTip,-17.794920,0.896544,20.902840,0.538358,0.435793,0.375934,-0.615573
1.9097,5541,Render,Ring_MCP,-17.865060,0.866111,20.822320,0.678272,0.209572,0.131107,-0.691982
1.9097,5541,Render,Ring_PIP,-17.824210,0.870897,20.844100,0.664113,0.250852,0.173378,-0.682619
1.9097,5541,Render,Ring_DIP,-17.802760,0.873438,20.859190,0.649222,0.287198,0.210866,-0.671985
1.9097,5541,Render,Ring_FingerTip,-17.783520,0.875748,20.876210,0.649222,0.287198,0.210866,-0.671985
1.9097,5541,Render,Pinky_MCP,-17.871450,0.844719,20.820920,0.690412,0.208456,0.133557,-0.679736
1.9097,5541,Render,Pinky_PIP,-17.836900,0.848903,20.839340,0.676299,0.250484,0.175071,-0.670245
1.9097,5541,Render,Pinky_DIP,-17.821990,0.850813,20.849840,0.661410,0.287505,0.211872,-0.659536
1.9097,5541,Render,Pinky_FingerTip,-17.807720,0.852745,20.862480,0.661410,0.287505,0.211872,-0.659536
1.9235,5542,Real,Wrist,-17.963850,0.872698,20.780330,0.667347,0.177625,0.091456,-0.717449
1.9235,5542,Real,Thumb_CMC,-17.936690,0.906301,20.799650,0.131951,0.365042,-0.345524,-0.854369
1.9235,5542,Real,Thumb_MCP,-17.914960,0.936457,20.823030,0.098361,0.375489,-0.266757,-0.882142
1.9235,5542,Real,Thumb_IP,-17.886740,0.963154,20.852940,0.036053,0.386480,-0.119901,-0.913760
1.9235,5542,Real,Thumb_FingerTip,-17.867570,0.970193,20.872820,0.036053,0.386480,-0.119901,-0.913760
1.9235,5542,Real,Index_MCP,-17.869060,0.915967,20.827910,0.583052,0.311012,0.238604,-0.711612
1.9235,5542,Real,Index_PIP,-17.836620,0.917048,20.861660,0.535635,0.387005,0.332648,-0.672806
1.9235,5542,Real,Index_DIP,-17.824180,0.916191,20.884430,0.484517,0.449356,0.412109,-0.627287
1.9235,5542,Real,Index_FingerTip,-17.817280,0.913996,20.910340,0.484517,0.449356,0.412109,-0.627287
1.9235,5542,Real,Middle_MCP,-17.863900,0.889225,20.824630,0.635834,0.269477,0.191188,-0.697527
1.9235,5542,Real,Middle_PIP,-17.822620,0.893236,20.857320,0.588300,0.361672,0.293506,-0.661023
1.9235,5542,Real,Middle_DIP,-17.806930,0.894276,20.880150,0.534133,0.437727,0.379994,-0.615387
1.9235,5542,Real,Middle_FingerTip,-17.797650,0.894274,20.906880,0.534133,0.437727,0.379994,-0.615387
1.9235,5542,Real,Ring_MCP,-17.865150,0.864708,20.823370,0.676397,0.208878,0.130563,-0.694126
1.9235,5542,Real,Ring_PIP,-17.824260,0.869422,20.845090,0.662284,0.250044,0.172967,-0.684792
1.9235,5542,Real,Ring_DIP,-17.802790,0.871907,20.860150,0.647442,0.286290,0.210576,-0.674178
1.9235,5542,Real,Ring_FingerTip,-17.783500,0.874146,20.877140,0.647442,0.286290,0.210576,-0.674178
1.9235,5542,Real,Pinky_MCP,-17.871520,0.843317,20.821870,0.688574,0.207775,0.133005,-0.681913
1.9235,5542,Real,Pinky_PIP,-17.836950,0.847440,20.840240,0.674506,0.249692,0.174653,-0.672452
1.9235,5542,Real,Pinky_DIP,-17.822000,0.849311,20.850720,0.659664,0.286615,0.211577,-0.661764
1.9235,5542,Real,Pinky_FingerTip,-17.807710,0.851190,20.863340,0.659664,0.286615,0.211577,-0.661764
1.9235,5542,Virtual,Wrist,-17.963680,0.873307,20.779760,0.667978,0.178843,0.090199,-0.716718
1.9235,5542,Virtual,Thumb_CMC,-17.936620,0.907042,20.799000,0.132516,0.364894,-0.347287,-0.853630
1.9235,5542,Virtual,Thumb_MCP,-17.915000,0.937324,20.822320,0.098937,0.375393,-0.268579,-0.881565
1.9235,5542,Virtual,Thumb_IP,-17.886860,0.964184,20.852160,0.036637,0.386479,-0.121793,-0.913487
1.9235,5542,Virtual,Thumb_FingerTip,-17.867720,0.971332,20.872030,0.036637,0.386479,-0.121793,-0.913487
1.9235,5542,Virtual,Index_MCP,-17.869030,0.916988,20.827250,0.583455,0.312287,0.237176,-0.711200
1.9235,5542,Virtual,Index_PIP,-17.836610,0.918255,20.861010,0.535862,0.388323,0.331178,-0.672591
1.9235,5542,Virtual,Index_DIP,-17.824170,0.917494,20.883780,0.484582,0.450692,0.410624,-0.627253
1.9235,5542,Virtual,Index_FingerTip,-17.817260,0.915386,20.909700,0.484582,0.450692,0.410624,-0.627253
1.9235,5542,Virtual,Middle_MCP,-17.863790,0.890253,20.824050,0.636288,0.270771,0.189841,-0.696980
1.9235,5542,Virtual,Middle_PIP,-17.822530,0.894475,20.856740,0.588554,0.363020,0.292092,-0.660684
1.9235,5542,Virtual,Middle_DIP,-17.806850,0.895621,20.879570,0.534204,0.439096,0.378548,-0.615242
1.9235,5542,Virtual,Middle_FingerTip,-17.797570,0.895715,20.906300,0.534204,0.439096,0.378548,-0.615242
1.9235,5542,Virtual,Ring_MCP,-17.864970,0.865729,20.822850,0.676946,0.210157,0.129303,-0.693441
1.9235,5542,Virtual,Ring_PIP,-17.824100,0.870625,20.844560,0.662754,0.251354,0.171667,-0.684186
1.9235,5542,Virtual,Ring_DIP,-17.802640,0.873214,20.859620,0.647837,0.287624,0.209244,-0.673644
1.9235,5542,Virtual,Ring_FingerTip,-17.783360,0.875555,20.876610,0.647837,0.287624,0.209244,-0.673644
1.9235,5542,Virtual,Pinky_MCP,-17.871270,0.844315,20.821400,0.689109,0.209075,0.131766,-0.681216
1.9235,5542,Virtual,Pinky_PIP,-17.836710,0.848592,20.839760,0.674960,0.251022,0.173374,-0.671833
1.9235,5542,Virtual,Pinky_DIP,-17.821780,0.850535,20.850250,0.660044,0.287967,0.210266,-0.661216
1.9235,5542,Virtual,Pinky_FingerTip,-17.807500,0.852490,20.862860,0.660044,0.287967,0.210266,-0.661216
1.9235,5542,Render,Wrist,-17.963680,0.873307,20.779760,0.667978,0.178843,0.090199,-0.716718
1.9235,5542,Render,Thumb_CMC,-17.936620,0.907042,20.799000,0.040481,0.347393,-0.279350,-0.894228
1.9235,5542,Render,Thumb_MCP,-17.910170,0.930215,20.825290,0.021062,0.349109,-0.229091,-0.908403
1.9235,5542,Render,Thumb_IP,-17.878230,0.951343,20.855910,-0.009969,0.349602,-0.147661,-0.925136
1.9235,5542,Render,Thumb_FingerTip,-17.857940,0.958931,20.874440,-0.009969,0.349602,-0.147661,-0.925136
1.9235,5542,Render,Index_MCP,-17.869030,0.916988,20.827250,0.621845,0.226387,0.133919,-0.737647
1.9235,5542,Render,Index_PIP,-17.828680,0.920921,20.850690,0.596311,0.286977,0.206458,-0.720717
1.9235,5542,Render,Index_DIP,-17.809220,0.922080,20.867820,0.568288,0.339103,0.270020,-0.699391
1.9235,5542,Render,Index_FingerTip,-17.792420,0.922288,20.888840,0.568288,0.339103,0.270020,-0.699391
1.9235,5542,Render,Middle_MCP,-17.863790,0.890253,20.824050,0.643516,0.253113,0.170538,-0.701953
1.9235,5542,Render,Middle_PIP,-17.820820,0.894812,20.854410,0.594397,0.353371,0.281277,-0.665360
1.9235,5542,Render,Middle_DIP,-17.804410,0.896082,20.876710,0.536898,0.435799,0.374752,-0.617561
1.9235,5542,Render,Middle_FingerTip,-17.794810,0.896226,20.903330,0.536898,0.435799,0.374752,-0.617561
1.9235,5542,Render,Ring_MCP,-17.864970,0.865729,20.822850,0.676946,0.210157,0.129303,-0.693441
1.9235,5542,Render,Ring_PIP,-17.824100,0.870625,20.844560,0.662754,0.251354,0.171667,-0.684186
1.9235,5542,Render,Ring_DIP,-17.802640,0.873214,20.859620,0.647837,0.287624,0.209244,-0.673644
1.9235,5542,Render,Ring_FingerTip,-17.783360,0.875555,20.876610,0.647837,0.287624,0.209244,-0.673644
1.9235,5542,Render,Pinky_MCP,-17.871270,0.844315,20.821400,0.689109,0.209075,0.131766,-0.681216
1.9235,5542,Render,Pinky_PIP,-17.836710,0.848592,20.839760,0.674960,0.251022,0.173374,-0.671833
1.9235,5542,Render,Pinky_DIP,-17.821780,0.850535,20.850250,0.660044,0.287967,0.210266,-0.661216
1.9235,5542,Render,Pinky_FingerTip,-17.807500,0.852490,20.862860,0.660044,0.287967,0.210266,-0.661216
1.9377,5543,Real,Wrist,-17.964020,0.872110,20.780900,0.666867,0.176622,0.092592,-0.717998
1.9377,5543,Real,Thumb_CMC,-17.936760,0.905600,20.800280,0.131115,0.365224,-0.342739,-0.855541
1.9377,5543,Real,Thumb_MCP,-17.914880,0.935557,20.823780,0.097627,0.375564,-0.264148,-0.882976
1.9377,5543,Real,Thumb_IP,-17.886520,0.962024,20.853770,0.035529,0.386416,-0.117695,-0.914095
1.9377,5543,Real,Thumb_FingerTip,-17.867330,0.968939,20.873660,0.035529,0.386416,-0.117695,-0.914095
1.9377,5543,Real,Index_MCP,-17.869100,0.915027,20.828560,0.581464,0.312397,0.242828,-0.710874
1.9377,5543,Real,Index_PIP,-17.836940,0.915872,20.862590,0.534013,0.387973,0.336495,-0.671624
1.9377,5543,Real,Index_DIP,-17.824680,0.914896,20.885440,0.482933,0.449965,0.415583,-0.625778
1.9377,5543,Real,Index_FingerTip,-17.817960,0.912595,20.911390,0.482933,0.449965,0.415583,-0.625778
1.9377,5543,Real,Middle_MCP,-17.864020,0.888277,20.825240,0.635323,0.268834,0.192848,-0.697785
1.9377,5543,Real,Middle_PIP,-17.822780,0.892103,20.857990,0.588153,0.360532,0.294705,-0.661243
1.9377,5543,Real,Middle_DIP,-17.807080,0.893056,20.880810,0.534427,0.436228,0.380809,-0.615693
1.9377,5543,Real,Middle_FingerTip,-17.797750,0.892980,20.907530,0.534427,0.436228,0.380809,-0.615693
1.9377,5543,Real,Ring_MCP,-17.865340,0.863766,20.823930,0.676268,0.206894,0.130744,-0.694812
1.9377,5543,Real,Ring_PIP,-17.824380,0.868334,20.845530,0.662719,0.246872,0.171964,-0.685774
1.9377,5543,Real,Ring_DIP,-17.802800,0.870740,20.860460,0.648506,0.282104,0.208542,-0.675550
1.9377,5543,Real,Ring_FingerTip,-17.783360,0.872911,20.877280,0.648506,0.282104,0.208542,-0.675550
1.9377,5543,Real,Pinky_MCP,-17.871770,0.842395,20.822380,0.688454,0.205756,0.133184,-0.682612
1.9377,5543,Real,Pinky_PIP,-17.837130,0.846391,20.840660,0.674952,0.246463,0.173672,-0.673450
1.9377,5543,Real,Pinky_DIP,-17.822120,0.848203,20.851050,0.660743,0.282353,0.209586,-0.663152
1.9377,5543,Real,Pinky_FingerTip,-17.807700,0.850026,20.863530,0.660743,0.282353,0.209586,-0.663152
1.9377,5543,Virtual,Wrist,-17.963850,0.872699,20.780330,0.667348,0.177625,0.091456,-0.717449
1.9377,5543,Virtual,Thumb_CMC,-17.936690,0.906301,20.799650,0.131487,0.365069,-0.344258,-0.854940
1.9377,5543,Virtual,Thumb_MCP,-17.914890,0.936365,20.823080,0.098011,0.375444,-0.265714,-0.882515
1.9377,5543,Virtual,Thumb_IP,-17.886610,0.962968,20.853020,0.035928,0.386359,-0.119316,-0.913893
1.9377,5543,Virtual,Thumb_FingerTip,-17.867430,0.969974,20.872900,0.035928,0.386359,-0.119316,-0.913893
1.9377,5543,Virtual,Index_MCP,-17.869060,0.915968,20.827910,0.581752,0.313436,0.241564,-0.710612
1.9377,5543,Virtual,Index_PIP,-17.836900,0.916968,20.861930,0.534158,0.389041,0.335207,-0.671535
1.9377,5543,Virtual,Index_DIP,-17.824630,0.916070,20.884790,0.482948,0.451043,0.414294,-0.625846
1.9377,5543,Virtual,Index_FingerTip,-17.817910,0.913840,20.910740,0.482948,0.451043,0.414294,-0.625846
1.9377,5543,Virtual,Middle_MCP,-17.863900,0.889225,20.824630,0.635657,0.269895,0.191646,-0.697402
1.9377,5543,Virtual,Middle_PIP,-17.822670,0.893228,20.857380,0.588325,0.361631,0.293460,-0.661043
1.9377,5543,Virtual,Middle_DIP,-17.806970,0.894269,20.880210,0.534450,0.437340,0.379549,-0.615662
1.9377,5543,Virtual,Middle_FingerTip,-17.797650,0.894272,20.906930,0.534450,0.437340,0.379549,-0.615662
1.9377,5543,Virtual,Ring_MCP,-17.865150,0.864708,20.823380,0.676683,0.207948,0.129609,-0.694305
1.9377,5543,Virtual,Ring_PIP,-17.824210,0.869429,20.844980,0.663072,0.247949,0.170801,-0.685336
1.9377,5543,Virtual,Ring_DIP,-17.802640,0.871924,20.859900,0.648800,0.283199,0.207357,-0.675175
1.9377,5543,Virtual,Ring_FingerTip,-17.783200,0.874181,20.876710,0.648800,0.283199,0.207357,-0.675175
1.9377,5543,Virtual,Pinky_MCP,-17.871520,0.843317,20.821870,0.688859,0.206829,0.132067,-0.682096
1.9377,5543,Virtual,Pinky_PIP,-17.836890,0.847443,20.840150,0.675292,0.247558,0.172526,-0.673001
1.9377,5543,Virtual,Pinky_DIP,-17.821890,0.849316,20.850530,0.661024,0.283465,0.208418,-0.662765
1.9377,5543,Virtual,Pinky_FingerTip,-17.807480,0.851203,20.863010,0.661024,0.283465,0.208418,-0.662765
1.9377,5543,Render,Wrist,-17.963850,0.872699,20.780330,0.667348,0.177625,0.091456,-0.717449
1.9377,5543,Render,Thumb_CMC,-17.936690,0.906301,20.799650,0.039844,0.347591,-0.277538,-0.894744
1.9377,5543,Render,Thumb_MCP,-17.910150,0.929326,20.825990,0.020415,0.349271,-0.227253,-0.908817
1.9377,5543,Render,Thumb_IP,-17.878150,0.950278,20.856660,-0.010627,0.349706,-0.145794,-0.925385
1.9377,5543,Render,Thumb_FingerTip,-17.857830,0.957756,20.875190,-0.010627,0.349706,-0.145794,-0.925385
1.9377,5543,Render,Index_MCP,-17.869060,0.915968,20.827910,0.621266,0.225182,0.135274,-0.738257
1.9377,5543,Render,Index_PIP,-17.828690,0.919717,20.851350,0.595853,0.285721,0.207866,-0.721189
1.9377,5543,Render,Index_DIP,-17.809220,0.920772,20.868480,0.567945,0.337811,0.271465,-0.699735
1.9377,5543,Render,Index_FingerTip,-17.792420,0.920875,20.889490,0.567945,0.337811,0.271465,-0.699735
1.9377,5543,Render,Middle_MCP,-17.863900,0.889225,20.824630,0.643027,0.251832,0.171870,-0.702537
1.9377,5543,Render,Middle_PIP,-17.820910,0.893575,20.854990,0.594121,0.352028,0.282685,-0.665722
1.9377,5543,Render,Middle_DIP,-17.804490,0.894737,20.877300,0.536819,0.434430,0.376198,-0.617716
1.9377,5543,Render,Middle_FingerTip,-17.794890,0.894784,20.903910,0.536819,0.434430,0.376198,-0.617716
1.9377,5543,Render,Ring_MCP,-17.865150,0.864708,20.823380,0.676397,0.208878,0.130563,-0.694126
1.9377,5543,Render,Ring_PIP,-17.824270,0.869423,20.845090,0.662284,0.250044,0.172967,-0.684792
1.9377,5543,Render,Ring_DIP,-17.802790,0.871907,20.860150,0.647441,0.286290,0.210576,-0.674178
1.9377,5543,Render,Ring_FingerTip,-17.783510,0.874146,20.877140,0.647441,0.286290,0.210576,-0.674178
1.9377,5543,Render,Pinky_MCP,-17.871520,0.843317,20.821870,0.688574,0.207775,0.133004,-0.681913
1.9377,5543,Render,Pinky_PIP,-17.836950,0.847441,20.840240,0.674506,0.249692,0.174653,-0.672452
1.9377,5543,Render,Pinky_DIP,-17.822010,0.849311,20.850730,0.659664,0.286615,0.211577,-0.661764
1.9377,5543,Render,Pinky_FingerTip,-17.807710,0.851191,20.863340,0.659664,0.286615,0.211577,-0.661764
1.9520,5544,Real,Wrist,-17.964240,0.871525,20.781270,0.668231,0.176191,0.096260,-0.716350
1.9520,5544,Real,Thumb_CMC,-17.936860,0.904888,20.800690,0.134783,0.362508,-0.336044,-0.858776
1.9520,5544,Real,Thumb_MCP,-17.914400,0.934523,20.824050,0.101656,0.373154,-0.257500,-0.885503
1.9520,5544,Real,Thumb_IP,-17.885530,0.960602,20.853890,0.040139,0.384665,-0.111305,-0.915442
1.9520,5544,Real,Thumb_FingerTip,-17.866170,0.967290,20.873710,0.040139,0.384665,-0.111305,-0.915442
1.9520,5544,Real,Index_MCP,-17.869270,0.913946,20.829250,0.580927,0.316139,0.250583,-0.706958
1.9520,5544,Real,Index_PIP,-17.837680,0.914555,20.863820,0.535336,0.388375,0.339609,-0.668765
1.9520,5544,Real,Index_DIP,-17.825540,0.913558,20.886740,0.486645,0.447880,0.414929,-0.624832
1.9520,5544,Real,Index_FingerTip,-17.818700,0.911336,20.912660,0.486645,0.447880,0.414929,-0.624832
1.9520,5544,Real,Middle_MCP,-17.864340,0.887154,20.826030,0.636834,0.268363,0.195988,-0.695710
1.9520,5544,Real,Middle_PIP,-17.823200,0.890803,20.858930,0.590908,0.358336,0.295318,-0.659705
1.9520,5544,Real,Middle_DIP,-17.807440,0.891741,20.881710,0.538745,0.432817,0.379377,-0.615221
1.9520,5544,Real,Middle_FingerTip,-17.797890,0.891728,20.908350,0.538745,0.432817,0.379377,-0.615221
1.9520,5544,Real,Ring_MCP,-17.865820,0.862649,20.824780,0.678390,0.203861,0.131686,-0.693460
1.9520,5544,Real,Ring_PIP,-17.824770,0.867021,20.846250,0.666172,0.240805,0.169566,-0.685183
1.9520,5544,Real,Ring_DIP,-17.802990,0.869352,20.860900,0.653456,0.273436,0.203223,-0.675965
1.9520,5544,Real,Ring_FingerTip,-17.783180,0.871483,20.877290,0.653456,0.273436,0.203223,-0.675965
1.9520,5544,Real,Pinky_MCP,-17.872390,0.841317,20.823270,0.690545,0.202612,0.134162,-0.681246
1.9520,5544,Real,Pinky_PIP,-17.837660,0.845137,20.841420,0.678378,0.240225,0.171367,-0.672852
1.9520,5544,Real,Pinky_DIP,-17.822520,0.846885,20.851620,0.665676,0.273460,0.204413,-0.663560
1.9520,5544,Real,Pinky_FingerTip,-17.807820,0.848663,20.863790,0.665676,0.273460,0.204413,-0.663560
1.9520,5544,Virtual,Wrist,-17.964020,0.872109,20.780900,0.666867,0.176621,0.092592,-0.717998
1.9520,5544,Virtual,Thumb_CMC,-17.936770,0.905600,20.800290,0.131613,0.361441,-0.338693,-0.858677
1.9520,5544,Virtual,Thumb_MCP,-17.914400,0.935318,20.823630,0.098595,0.371808,-0.260147,-0.885643
1.9520,5544,Virtual,Thumb_IP,-17.885560,0.961506,20.853410,0.037335,0.382842,-0.113895,-0.916006
1.9520,5544,Virtual,Thumb_FingerTip,-17.866160,0.968267,20.873150,0.037335,0.382842,-0.113895,-0.916006
1.9520,5544,Virtual,Index_MCP,-17.869110,0.915026,20.828570,0.579468,0.316086,0.247340,-0.709317
1.9520,5544,Virtual,Index_PIP,-17.837370,0.915749,20.862990,0.533896,0.388134,0.336697,-0.671523
1.9520,5544,Virtual,Index_DIP,-17.825120,0.914769,20.885850,0.485242,0.447473,0.412357,-0.627909
1.9520,5544,Virtual,Index_FingerTip,-17.818140,0.912521,20.911730,0.485242,0.447473,0.412357,-0.627909
1.9520,5544,Virtual,Middle_MCP,-17.864030,0.888277,20.825240,0.635423,0.268597,0.192588,-0.697857
1.9520,5544,Virtual,Middle_PIP,-17.822750,0.892108,20.857960,0.589477,0.358362,0.292267,-0.662325
1.9520,5544,Virtual,Middle_DIP,-17.806890,0.893087,20.880670,0.537323,0.432655,0.376697,-0.618218
1.9520,5544,Virtual,Middle_FingerTip,-17.797220,0.893064,20.907260,0.537323,0.432655,0.376697,-0.618218
1.9520,5544,Virtual,Ring_MCP,-17.865340,0.863766,20.823930,0.677047,0.204328,0.128109,-0.695303
1.9520,5544,Virtual,Ring_PIP,-17.824220,0.868351,20.845230,0.664806,0.241197,0.166095,-0.687219
1.9520,5544,Virtual,Ring_DIP,-17.802400,0.870786,20.859780,0.652072,0.273760,0.199857,-0.678170
1.9520,5544,Virtual,Ring_FingerTip,-17.782530,0.873003,20.876080,0.652072,0.273760,0.199857,-0.678170
1.9520,5544,Virtual,Pinky_MCP,-17.871770,0.842395,20.822390,0.689229,0.203144,0.130595,-0.683112
1.9520,5544,Virtual,Pinky_PIP,-17.837000,0.846395,20.840400,0.677034,0.240684,0.167908,-0.674910
1.9520,5544,Virtual,Pinky_DIP,-17.821810,0.848216,20.850530,0.664311,0.273851,0.201060,-0.665786
1.9520,5544,Virtual,Pinky_FingerTip,-17.807080,0.850058,20.862630,0.664311,0.273851,0.201060,-0.665786
1.9520,5544,Render,Wrist,-17.964020,0.872109,20.780900,0.666867,0.176621,0.092592,-0.717998
1.9520,5544,Render,Thumb_CMC,-17.936770,0.905600,20.800290,0.039410,0.347802,-0.275981,-0.895162
1.9520,5544,Render,Thumb_MCP,-17.910170,0.928500,20.826680,0.019970,0.349457,-0.225676,-0.909149
1.9520,5544,Render,Thumb_IP,-17.878110,0.949303,20.857390,-0.011087,0.349852,-0.144193,-0.925575
1.9520,5544,Render,Thumb_FingerTip,-17.857770,0.956689,20.875940,-0.011087,0.349852,-0.144193,-0.925575
1.9520,5544,Render,Index_MCP,-17.869110,0.915026,20.828570,0.620829,0.224196,0.136486,-0.738701
1.9520,5544,Render,Index_PIP,-17.828730,0.918620,20.852010,0.595517,0.284697,0.209117,-0.721511
1.9520,5544,Render,Index_DIP,-17.809250,0.919588,20.869140,0.567701,0.336761,0.272739,-0.699944
1.9520,5544,Render,Index_FingerTip,-17.792460,0.919603,20.890150,0.567701,0.336761,0.272739,-0.699944
1.9520,5544,Render,Middle_MCP,-17.864030,0.888277,20.825240,0.642663,0.250780,0.173060,-0.702954
1.9520,5544,Render,Middle_PIP,-17.821020,0.892450,20.855600,0.593930,0.350932,0.283927,-0.665942
1.9520,5544,Render,Middle_DIP,-17.804600,0.893522,20.877910,0.536789,0.433317,0.377459,-0.617753
1.9520,5544,Render,Middle_FingerTip,-17.794990,0.893490,20.904530,0.536789,0.433317,0.377459,-0.617753
1.9520,5544,Render,Ring_MCP,-17.865340,0.863766,20.823930,0.676267,0.206894,0.130744,-0.694812
1.9520,5544,Render,Ring_PIP,-17.824390,0.868333,20.845540,0.662719,0.246872,0.171964,-0.685774
1.9520,5544,Render,Ring_DIP,-17.802810,0.870740,20.860470,0.648506,0.282104,0.208542,-0.675550
1.9520,5544,Render,Ring_FingerTip,-17.783360,0.872911,20.877280,0.648506,0.282104,0.208542,-0.675550
1.9520,5544,Render,Pinky_MCP,-17.871770,0.842395,20.822390,0.688454,0.205756,0.133184,-0.682612
1.9520,5544,Render,Pinky_PIP,-17.837130,0.846391,20.840670,0.674952,0.246463,0.173672,-0.673450
1.9520,5544,Render,Pinky_DIP,-17.822120,0.848203,20.851060,0.660743,0.282353,0.209586,-0.663152
1.9520,5544,Render,Pinky_FingerTip,-17.807700,0.850026,20.863540,0.660743,0.282353,0.209586,-0.663152
1.9652,5545,Real,Wrist,-17.964650,0.871271,20.781710,0.670844,0.176723,0.099610,-0.713313
1.9652,5545,Real,Thumb_CMC,-17.937190,0.904611,20.801060,0.138978,0.362587,-0.331191,-0.859959
1.9652,5545,Real,Thumb_MCP,-17.914450,0.934049,20.824410,0.105716,0.373641,-0.252297,-0.886320
1.9652,5545,Real,Thumb_IP,-17.885360,0.959850,20.854260,0.043861,0.385824,-0.105550,-0.915465
1.9652,5545,Real,Thumb_FingerTip,-17.865980,0.966323,20.874130,0.043861,0.385824,-0.105550,-0.915465
1.9652,5545,Real,Index_MCP,-17.869720,0.913484,20.829960,0.582616,0.318937,0.255029,-0.702708
1.9652,5545,Real,Index_PIP,-17.838510,0.914103,20.864860,0.538317,0.389071,0.340631,-0.665439
1.9652,5545,Real,Index_DIP,-17.826430,0.913209,20.887830,0.491248,0.447032,0.413165,-0.623003
1.9652,5545,Real,Index_FingerTip,-17.819470,0.911175,20.913730,0.491248,0.447032,0.413165,-0.623003
1.9652,5545,Real,Middle_MCP,-17.864930,0.886644,20.826940,0.639878,0.267990,0.197508,-0.692625
1.9652,5545,Real,Middle_PIP,-17.823830,0.890307,20.859890,0.595096,0.356544,0.294308,-0.657359
1.9652,5545,Real,Middle_DIP,-17.807960,0.891344,20.882600,0.544350,0.430053,0.376334,-0.614093
1.9652,5545,Real,Middle_FingerTip,-17.798130,0.891514,20.909130,0.544350,0.430053,0.376334,-0.614093
1.9652,5545,Real,Ring_MCP,-17.866530,0.862140,20.825850,0.681615,0.202020,0.132479,-0.690680
1.9652,5545,Real,Ring_PIP,-17.825420,0.866439,20.847240,0.670480,0.236362,0.167371,-0.683064
1.9652,5545,Real,Ring_DIP,-17.803500,0.868766,20.861660,0.658980,0.266750,0.198407,-0.674703
1.9652,5545,Real,Ring_FingerTip,-17.783410,0.870929,20.877690,0.658980,0.266750,0.198407,-0.674703
1.9652,5545,Real,Pinky_MCP,-17.873210,0.840835,20.824430,0.693713,0.200667,0.135004,-0.678431
1.9652,5545,Real,Pinky_PIP,-17.838440,0.844584,20.842530,0.682632,0.235625,0.169270,-0.670703
1.9652,5545,Real,Pinky_DIP,-17.823180,0.846320,20.852570,0.671153,0.266570,0.199739,-0.662268
1.9652,5545,Real,Pinky_FingerTip,-17.808280,0.848107,20.864470,0.671153,0.266570,0.199739,-0.662268
1.9652,5545,Virtual,Wrist,-17.964250,0.871525,20.781280,0.668231,0.176191,0.096260,-0.716350
1.9652,5545,Virtual,Thumb_CMC,-17.936860,0.904888,20.800690,0.134109,0.361587,-0.332777,-0.860540
1.9652,5545,Virtual,Thumb_MCP,-17.914160,0.934296,20.824100,0.100957,0.372207,-0.253824,-0.887042
1.9652,5545,Virtual,Thumb_IP,-17.885030,0.960059,20.853970,0.039397,0.383638,-0.106940,-0.916425
1.9652,5545,Virtual,Thumb_FingerTip,-17.865570,0.966507,20.873760,0.039397,0.383638,-0.106940,-0.916425
1.9652,5545,Virtual,Index_MCP,-17.869270,0.913945,20.829260,0.580093,0.317666,0.252441,-0.706296
1.9652,5545,Virtual,Index_PIP,-17.837860,0.914505,20.863990,0.535973,0.387495,0.338510,-0.669322
1.9652,5545,Virtual,Index_DIP,-17.825650,0.913525,20.886870,0.489096,0.445203,0.411494,-0.627099
1.9652,5545,Virtual,Index_FingerTip,-17.818530,0.911357,20.912720,0.489096,0.445203,0.411494,-0.627099
1.9652,5545,Virtual,Middle_MCP,-17.864350,0.887153,20.826030,0.637364,0.267102,0.194611,-0.696097
1.9652,5545,Virtual,Middle_PIP,-17.823080,0.890826,20.858770,0.592735,0.355306,0.291936,-0.661209
1.9652,5545,Virtual,Middle_DIP,-17.807090,0.891800,20.881380,0.542167,0.428522,0.374476,-0.618216
1.9652,5545,Virtual,Middle_FingerTip,-17.797110,0.891847,20.907870,0.542167,0.428522,0.374476,-0.618216
1.9652,5545,Virtual,Ring_MCP,-17.865830,0.862648,20.824780,0.679103,0.201474,0.129246,-0.693919
1.9652,5545,Virtual,Ring_PIP,-17.824620,0.867035,20.845970,0.668000,0.235688,0.164306,-0.686463
1.9652,5545,Virtual,Ring_DIP,-17.802630,0.869388,20.860280,0.656533,0.265965,0.195500,-0.678239
1.9652,5545,Virtual,Ring_FingerTip,-17.782450,0.871556,20.876200,0.656533,0.265965,0.195500,-0.678239
1.9652,5545,Virtual,Pinky_MCP,-17.872390,0.841316,20.823270,0.691254,0.200182,0.131765,-0.681714
1.9652,5545,Virtual,Pinky_PIP,-17.837540,0.845139,20.841180,0.680200,0.235015,0.166202,-0.674146
1.9652,5545,Virtual,Pinky_DIP,-17.822240,0.846894,20.851150,0.668751,0.265849,0.196831,-0.665848
1.9652,5545,Virtual,Pinky_FingerTip,-17.807270,0.848684,20.862970,0.668751,0.265849,0.196831,-0.665848
1.9652,5545,Render,Wrist,-17.964250,0.871525,20.781280,0.668231,0.176191,0.096260,-0.716350
1.9652,5545,Render,Thumb_CMC,-17.936860,0.904888,20.800690,0.041416,0.343976,-0.274133,-0.897116
1.9652,5545,Render,Thumb_MCP,-17.909940,0.927737,20.826800,0.022186,0.345749,-0.223721,-0.910997
1.9652,5545,Render,Thumb_IP,-17.877540,0.948475,20.857200,-0.008552,0.346354,-0.142082,-0.927242
1.9652,5545,Render,Thumb_FingerTip,-17.857030,0.955815,20.875580,-0.008552,0.346354,-0.142082,-0.927242
1.9652,5545,Render,Index_MCP,-17.869270,0.913945,20.829260,0.622280,0.224027,0.140050,-0.736863
1.9652,5545,Render,Index_PIP,-17.828980,0.917337,20.852880,0.596977,0.284672,0.212481,-0.719328
1.9652,5545,Render,Index_DIP,-17.809580,0.918224,20.870100,0.569158,0.336867,0.275895,-0.697469
1.9652,5545,Render,Index_FingerTip,-17.792880,0.918187,20.891190,0.569158,0.336867,0.275895,-0.697469
1.9652,5545,Render,Middle_MCP,-17.864350,0.887153,20.826030,0.644151,0.250293,0.176286,-0.700961
1.9652,5545,Render,Middle_PIP,-17.821440,0.891130,20.856560,0.595643,0.350408,0.286476,-0.663593
1.9652,5545,Render,Middle_DIP,-17.805080,0.892162,20.878900,0.538745,0.432817,0.379377,-0.615221
1.9652,5545,Render,Middle_FingerTip,-17.795530,0.892150,20.905540,0.538745,0.432817,0.379377,-0.615221
1.9652,5545,Render,Ring_MCP,-17.865830,0.862648,20.824780,0.678390,0.203862,0.131686,-0.693460
1.9652,5545,Render,Ring_PIP,-17.824770,0.867021,20.846250,0.666172,0.240805,0.169566,-0.685183
1.9652,5545,Render,Ring_DIP,-17.803000,0.869351,20.860900,0.653457,0.273436,0.203223,-0.675965
1.9652,5545,Render,Ring_FingerTip,-17.783190,0.871483,20.877290,0.653457,0.273436,0.203223,-0.675965
1.9652,5545,Render,Pinky_MCP,-17.872390,0.841316,20.823270,0.690545,0.202612,0.134162,-0.681246
1.9652,5545,Render,Pinky_PIP,-17.837670,0.845137,20.841430,0.678378,0.240225,0.171367,-0.672852
1.9652,5545,Render,Pinky_DIP,-17.822520,0.846885,20.851630,0.665676,0.273460,0.204413,-0.663560
1.9652,5545,Render,Pinky_FingerTip,-17.807830,0.848663,20.863800,0.665676,0.273460,0.204413,-0.663560
1.9792,5546,Real,Wrist,-17.964930,0.871172,20.781810,0.671734,0.177565,0.100371,-0.712159
1.9792,5546,Real,Thumb_CMC,-17.937500,0.904550,20.801140,0.139831,0.363675,-0.329742,-0.859918
1.9792,5546,Real,Thumb_MCP,-17.914750,0.933918,20.824550,0.106318,0.374845,-0.250505,-0.886248
1.9792,5546,Real,Thumb_IP,-17.885650,0.959597,20.854520,0.043983,0.387141,-0.103137,-0.915178
1.9792,5546,Real,Thumb_FingerTip,-17.866310,0.965947,20.874460,0.043983,0.387141,-0.103137,-0.915178
1.9792,5546,Real,Index_MCP,-17.870100,0.913468,20.830180,0.583126,0.320383,0.255946,-0.701292
1.9792,5546,Real,Index_PIP,-17.839020,0.914155,20.865200,0.539061,0.389993,0.340654,-0.664284
1.9792,5546,Real,Index_DIP,-17.826980,0.913321,20.888180,0.492313,0.447559,0.412462,-0.622250
1.9792,5546,Real,Index_FingerTip,-17.820010,0.911367,20.914090,0.492313,0.447559,0.412462,-0.622250
1.9792,5546,Real,Middle_MCP,-17.865310,0.886618,20.827240,0.641085,0.267893,0.196962,-0.691701
1.9792,5546,Real,Middle_PIP,-17.824180,0.890367,20.860150,0.596914,0.355598,0.292512,-0.657025
1.9792,5546,Real,Middle_DIP,-17.808220,0.891480,20.882780,0.546935,0.428507,0.373563,-0.614569
1.9792,5546,Real,Middle_FingerTip,-17.798210,0.891751,20.909250,0.546935,0.428507,0.373563,-0.614569
1.9792,5546,Real,Ring_MCP,-17.866930,0.862111,20.826220,0.682860,0.201459,0.131781,-0.689747
1.9792,5546,Real,Ring_PIP,-17.825790,0.866455,20.847520,0.672310,0.234271,0.165008,-0.682561
1.9792,5546,Real,Ring_DIP,-17.803770,0.868820,20.861790,0.661467,0.263335,0.194584,-0.674725
1.9792,5546,Real,Ring_FingerTip,-17.783500,0.871033,20.877610,0.661467,0.263335,0.194584,-0.674725
1.9792,5546,Real,Pinky_MCP,-17.873610,0.840806,20.824840,0.694936,0.200066,0.134344,-0.677488
1.9792,5546,Real,Pinky_PIP,-17.838810,0.844587,20.842870,0.684439,0.233465,0.166975,-0.670192
1.9792,5546,Real,Pinky_DIP,-17.823490,0.846344,20.852800,0.673619,0.263058,0.196011,-0.662283
1.9792,5546,Real,Pinky_FingerTip,-17.808460,0.848160,20.864530,0.673619,0.263058,0.196011,-0.662283
1.9792,5546,Virtual,Wrist,-17.964650,0.871270,20.781720,0.670844,0.176723,0.099610,-0.713313
1.9792,5546,Virtual,Thumb_CMC,-17.937190,0.904610,20.801070,0.138167,0.363103,-0.329633,-0.860470
1.9792,5546,Virtual,Thumb_MCP,-17.914410,0.933926,20.824510,0.104713,0.374125,-0.250346,-0.886788
1.9792,5546,Virtual,Thumb_IP,-17.885250,0.959537,20.854470,0.042516,0.386169,-0.102893,-0.915685
1.9792,5546,Virtual,Thumb_FingerTip,-17.865850,0.965843,20.874380,0.042516,0.386169,-0.102893,-0.915685
1.9792,5546,Virtual,Index_MCP,-17.869720,0.913483,20.829960,0.582406,0.319320,0.255491,-0.702540
1.9792,5546,Virtual,Index_PIP,-17.838560,0.914090,20.864910,0.538477,0.388850,0.340357,-0.665579
1.9792,5546,Virtual,Index_DIP,-17.826470,0.913200,20.887860,0.491861,0.446357,0.412310,-0.623569
1.9792,5546,Virtual,Index_FingerTip,-17.819430,0.911179,20.913750,0.491861,0.446357,0.412310,-0.623569
1.9792,5546,Virtual,Middle_MCP,-17.864930,0.886643,20.826940,0.640318,0.266937,0.196367,-0.692949
1.9792,5546,Virtual,Middle_PIP,-17.823720,0.890324,20.859760,0.596290,0.354543,0.292099,-0.658343
1.9792,5546,Virtual,Middle_DIP,-17.807700,0.891383,20.882350,0.546450,0.427381,0.373321,-0.615930
1.9792,5546,Virtual,Middle_FingerTip,-17.797630,0.891587,20.908800,0.546450,0.427381,0.373321,-0.615930
1.9792,5546,Virtual,Ring_MCP,-17.866540,0.862139,20.825860,0.682033,0.200604,0.131045,-0.690954
1.9792,5546,Virtual,Ring_PIP,-17.825340,0.866445,20.847070,0.671525,0.233378,0.164332,-0.683802
1.9792,5546,Virtual,Ring_DIP,-17.803300,0.868782,20.861300,0.660721,0.262408,0.193963,-0.675994
1.9792,5546,Virtual,Ring_FingerTip,-17.782990,0.870963,20.877060,0.660721,0.262408,0.193963,-0.675994
1.9792,5546,Virtual,Pinky_MCP,-17.873210,0.840834,20.824440,0.694128,0.199227,0.133595,-0.678710
1.9792,5546,Virtual,Pinky_PIP,-17.838370,0.844583,20.842390,0.683673,0.232587,0.166286,-0.671449
1.9792,5546,Virtual,Pinky_DIP,-17.823030,0.846321,20.852290,0.672892,0.262147,0.195377,-0.663568
1.9792,5546,Virtual,Pinky_FingerTip,-17.807960,0.848112,20.863990,0.672892,0.262147,0.195377,-0.663568
1.9792,5546,Render,Wrist,-17.964650,0.871270,20.781720,0.670844,0.176723,0.099610,-0.713313
1.9792,5546,Render,Thumb_CMC,-17.937190,0.904610,20.801070,0.045930,0.344195,-0.272830,-0.897209
1.9792,5546,Render,Thumb_MCP,-17.910220,0.927496,20.827090,0.026681,0.346220,-0.222416,-0.911017
1.9792,5546,Render,Thumb_IP,-17.877800,0.948271,20.857440,-0.004116,0.347222,-0.140780,-0.927147
1.9792,5546,Render,Thumb_FingerTip,-17.857300,0.955630,20.875820,-0.004116,0.347222,-0.140780,-0.927147
1.9792,5546,Render,Index_MCP,-17.869720,0.913483,20.829960,0.624968,0.224893,0.143163,-0.733718
1.9792,5546,Render,Index_PIP,-17.829550,0.916809,20.853800,0.599566,0.285801,0.215266,-0.715890
1.9792,5546,Render,Index_DIP,-17.810240,0.917704,20.871120,0.571636,0.338222,0.278362,-0.693796
1.9792,5546,Render,Index_FingerTip,-17.793660,0.917716,20.892310,0.571636,0.338222,0.278362,-0.693796
1.9792,5546,Render,Middle_MCP,-17.864930,0.886643,20.826940,0.647222,0.249731,0.177781,-0.697949
1.9792,5546,Render,Middle_PIP,-17.822050,0.890609,20.857510,0.599833,0.348515,0.285448,-0.661255
1.9792,5546,Render,Middle_DIP,-17.805580,0.891734,20.879780,0.544350,0.430053,0.376334,-0.614093
1.9792,5546,Render,Middle_FingerTip,-17.795760,0.891903,20.906310,0.544350,0.430053,0.376334,-0.614093
1.9792,5546,Render,Ring_MCP,-17.866540,0.862139,20.825860,0.681615,0.202020,0.132480,-0.690680
1.9792,5546,Render,Ring_PIP,-17.825440,0.866438,20.847250,0.670480,0.236362,0.167371,-0.683064
1.9792,5546,Render,Ring_DIP,-17.803510,0.868765,20.861670,0.658980,0.266750,0.198407,-0.674703
1.9792,5546,Render,Ring_FingerTip,-17.783410,0.870928,20.877700,0.658980,0.266750,0.198407,-0.674703
1.9792,5546,Render,Pinky_MCP,-17.873210,0.840834,20.824440,0.693713,0.200667,0.135004,-0.678431
1.9792,5546,Render,Pinky_PIP,-17.838450,0.844583,20.842540,0.682632,0.235625,0.169270,-0.670703
1.9792,5546,Render,Pinky_DIP,-17.823190,0.846319,20.852570,0.671153,0.266569,0.199739,-0.662268
1.9792,5546,Render,Pinky_FingerTip,-17.808280,0.848106,20.864480,0.671153,0.266569,0.199739,-0.662268
1.9931,5547,Real,Wrist,-17.965120,0.871035,20.781980,0.672120,0.177776,0.100396,-0.711739
1.9931,5547,Real,Thumb_CMC,-17.937700,0.904436,20.801290,0.140386,0.363663,-0.329933,-0.859759
1.9931,5547,Real,Thumb_MCP,-17.914960,0.933832,20.824670,0.106872,0.374883,-0.250710,-0.886107
1.9931,5547,Real,Thumb_IP,-17.885880,0.959545,20.854620,0.044524,0.387268,-0.103362,-0.915072
1.9931,5547,Real,Thumb_FingerTip,-17.866540,0.965919,20.874560,0.044524,0.387268,-0.103362,-0.915072
1.9931,5547,Real,Index_MCP,-17.870310,0.913389,20.830340,0.583472,0.320680,0.255872,-0.700896
1.9931,5547,Real,Index_PIP,-17.839240,0.914117,20.865370,0.539367,0.390331,0.340532,-0.663900
1.9931,5547,Real,Index_DIP,-17.827220,0.913310,20.888360,0.492580,0.447929,0.412297,-0.621882
1.9931,5547,Real,Index_FingerTip,-17.820260,0.911386,20.914270,0.492580,0.447929,0.412297,-0.621882
1.9931,5547,Real,Middle_MCP,-17.865520,0.886535,20.827430,0.641438,0.268155,0.196930,-0.691281
1.9931,5547,Real,Middle_PIP,-17.824400,0.890324,20.860350,0.597226,0.355907,0.292421,-0.656614
1.9931,5547,Real,Middle_DIP,-17.808450,0.891463,20.882990,0.547206,0.428853,0.373420,-0.614173
1.9931,5547,Real,Middle_FingerTip,-17.798450,0.891765,20.909460,0.547206,0.428853,0.373420,-0.614173
1.9931,5547,Real,Ring_MCP,-17.867140,0.862028,20.826440,0.683226,0.201684,0.131795,-0.689316
1.9931,5547,Real,Ring_PIP,-17.826010,0.866397,20.847760,0.672664,0.234514,0.165002,-0.682130
1.9931,5547,Real,Ring_DIP,-17.803990,0.868779,20.862030,0.661810,0.263593,0.194559,-0.674295
1.9931,5547,Real,Ring_FingerTip,-17.783730,0.871011,20.877850,0.661810,0.263593,0.194559,-0.674295
1.9931,5547,Real,Pinky_MCP,-17.873820,0.840721,20.825080,0.695294,0.200291,0.134362,-0.677051
1.9931,5547,Real,Pinky_PIP,-17.839030,0.844523,20.843120,0.684786,0.233706,0.166972,-0.669754
1.9931,5547,Real,Pinky_DIP,-17.823710,0.846292,20.853060,0.673955,0.263314,0.195988,-0.661845
1.9931,5547,Real,Pinky_FingerTip,-17.808680,0.848122,20.864790,0.673955,0.263314,0.195988,-0.661845
1.9931,5547,Virtual,Wrist,-17.964940,0.871172,20.781820,0.671734,0.177565,0.100371,-0.712159
1.9931,5547,Virtual,Thumb_CMC,-17.937510,0.904550,20.801150,0.139831,0.363675,-0.329742,-0.859918
1.9931,5547,Virtual,Thumb_MCP,-17.914760,0.933918,20.824560,0.106318,0.374845,-0.250505,-0.886248
1.9931,5547,Virtual,Thumb_IP,-17.885660,0.959597,20.854530,0.043983,0.387140,-0.103137,-0.915178
1.9931,5547,Virtual,Thumb_FingerTip,-17.866310,0.965947,20.874460,0.043983,0.387140,-0.103137,-0.915178
1.9931,5547,Virtual,Index_MCP,-17.870110,0.913468,20.830180,0.583126,0.320383,0.255946,-0.701292
1.9931,5547,Virtual,Index_PIP,-17.839020,0.914155,20.865200,0.539061,0.389993,0.340654,-0.664284
1.9931,5547,Virtual,Index_DIP,-17.826990,0.913321,20.888180,0.492313,0.447559,0.412462,-0.622250
1.9931,5547,Virtual,Index_FingerTip,-17.820010,0.911367,20.914090,0.492313,0.447559,0.412462,-0.622250
1.9931,5547,Virtual,Middle_MCP,-17.865320,0.886618,20.827250,0.641085,0.267893,0.196962,-0.691701
1.9931,5547,Virtual,Middle_PIP,-17.824190,0.890367,20.860150,0.596914,0.355598,0.292512,-0.657024
1.9931,5547,Virtual,Middle_DIP,-17.808220,0.891480,20.882790,0.546935,0.428506,0.373563,-0.614569
1.9931,5547,Virtual,Middle_FingerTip,-17.798210,0.891751,20.909250,0.546935,0.428506,0.373563,-0.614569
1.9931,5547,Virtual,Ring_MCP,-17.866940,0.862111,20.826220,0.682860,0.201459,0.131781,-0.689747
1.9931,5547,Virtual,Ring_PIP,-17.825790,0.866455,20.847530,0.672310,0.234271,0.165008,-0.682561
1.9931,5547,Virtual,Ring_DIP,-17.803780,0.868820,20.861800,0.661467,0.263335,0.194584,-0.674725
1.9931,5547,Virtual,Ring_FingerTip,-17.783510,0.871033,20.877610,0.661467,0.263335,0.194584,-0.674725
1.9931,5547,Virtual,Pinky_MCP,-17.873620,0.840806,20.824840,0.694936,0.200066,0.134344,-0.677488
1.9931,5547,Virtual,Pinky_PIP,-17.838820,0.844587,20.842870,0.684439,0.233465,0.166975,-0.670192
1.9931,5547,Virtual,Pinky_DIP,-17.823500,0.846344,20.852810,0.673619,0.263058,0.196011,-0.662283
1.9931,5547,Virtual,Pinky_FingerTip,-17.808460,0.848160,20.864540,0.673619,0.263058,0.196011,-0.662283
1.9931,5547,Render,Wrist,-17.964940,0.871172,20.781820,0.671734,0.177565,0.100371,-0.712159
1.9931,5547,Render,Thumb_CMC,-17.937510,0.904550,20.801150,0.047699,0.345583,-0.272931,-0.896552
1.9931,5547,Render,Thumb_MCP,-17.910630,0.927488,20.827210,0.028370,0.347704,-0.222553,-0.910367
1.9931,5547,Render,Thumb_IP,-17.878310,0.948323,20.857630,-0.002565,0.348850,-0.140974,-0.926511
1.9931,5547,Render,Thumb_FingerTip,-17.857880,0.955716,20.876080,-0.002565,0.348850,-0.140974,-0.926511
1.9931,5547,Render,Index_MCP,-17.870110,0.913468,20.830180,0.625845,0.225830,0.143807,-0.732556
1.9931,5547,Render,Index_PIP,-17.829990,0.916839,20.854100,0.600346,0.286821,0.215791,-0.714670
1.9931,5547,Render,Index_DIP,-17.810720,0.917772,20.871470,0.572321,0.339308,0.278776,-0.692534
1.9931,5547,Render,Index_FingerTip,-17.794190,0.917833,20.892700,0.572321,0.339308,0.278776,-0.692534
1.9931,5547,Render,Middle_MCP,-17.865320,0.886618,20.827250,0.648344,0.249811,0.177490,-0.696952
1.9931,5547,Render,Middle_PIP,-17.822430,0.890659,20.857790,0.601585,0.347637,0.283759,-0.660852
1.9931,5547,Render,Middle_DIP,-17.805870,0.891857,20.879990,0.546935,0.428506,0.373563,-0.614569
1.9931,5547,Render,Middle_FingerTip,-17.795870,0.892128,20.906460,0.546935,0.428506,0.373563,-0.614569
1.9931,5547,Render,Ring_MCP,-17.866940,0.862111,20.826220,0.682860,0.201459,0.131781,-0.689747
1.9931,5547,Render,Ring_PIP,-17.825790,0.866455,20.847530,0.672310,0.234271,0.165008,-0.682561
1.9931,5547,Render,Ring_DIP,-17.803780,0.868820,20.861800,0.661467,0.263335,0.194584,-0.674725
1.9931,5547,Render,Ring_FingerTip,-17.783510,0.871033,20.877610,0.661467,0.263335,0.194584,-0.674725
1.9931,5547,Render,Pinky_MCP,-17.873620,0.840806,20.824840,0.694936,0.200066,0.134344,-0.677488
1.9931,5547,Render,Pinky_PIP,-17.838820,0.844587,20.842870,0.684439,0.233465,0.166975,-0.670192
1.9931,5547,Render,Pinky_DIP,-17.823500,0.846344,20.852810,0.673619,0.263058,0.196011,-0.662283
1.9931,5547,Render,Pinky_FingerTip,-17.808460,0.848160,20.864540,0.673619,0.263058,0.196011,-0.662283
2.0079,5548,Real,Wrist,-17.965250,0.871000,20.781750,0.670478,0.178111,0.098772,-0.713429
2.0079,5548,Real,Thumb_CMC,-17.937910,0.904426,20.801130,0.137685,0.363724,-0.330934,-0.859786
2.0079,5548,Real,Thumb_MCP,-17.915240,0.933812,20.824590,0.104177,0.374699,-0.251704,-0.886225
2.0079,5548,Real,Thumb_IP,-17.886190,0.959514,20.854580,0.041894,0.386648,-0.104324,-0.915350
2.0079,5548,Real,Thumb_FingerTip,-17.866830,0.965880,20.874510,0.041894,0.386648,-0.104324,-0.915350
2.0079,5548,Real,Index_MCP,-17.870500,0.913513,20.830090,0.581742,0.320553,0.254638,-0.702838
2.0079,5548,Real,Index_PIP,-17.839370,0.914216,20.865060,0.537667,0.389991,0.339547,-0.665980
2.0079,5548,Real,Index_DIP,-17.827290,0.913362,20.888020,0.490928,0.447402,0.411550,-0.624058
2.0079,5548,Real,Index_FingerTip,-17.820270,0.911362,20.913910,0.490928,0.447402,0.411550,-0.624058
2.0079,5548,Real,Middle_MCP,-17.865620,0.886688,20.827060,0.639765,0.268261,0.195553,-0.693178
2.0079,5548,Real,Middle_PIP,-17.824450,0.890498,20.859920,0.595556,0.355777,0.291325,-0.658685
2.0079,5548,Real,Middle_DIP,-17.808450,0.891606,20.882530,0.545566,0.428512,0.372596,-0.616367
2.0079,5548,Real,Middle_FingerTip,-17.798400,0.891840,20.908980,0.545566,0.428512,0.372596,-0.616367
2.0079,5548,Real,Ring_MCP,-17.867140,0.862179,20.825970,0.681615,0.201999,0.130249,-0.691110
2.0079,5548,Real,Ring_PIP,-17.825980,0.866616,20.847230,0.671041,0.234750,0.163544,-0.683996
2.0079,5548,Real,Ring_DIP,-17.803960,0.869022,20.861470,0.660178,0.263758,0.193184,-0.676223
2.0079,5548,Real,Ring_FingerTip,-17.783670,0.871266,20.877260,0.660178,0.263758,0.193184,-0.676223
2.0079,5548,Real,Pinky_MCP,-17.873750,0.840853,20.824550,0.693713,0.200635,0.132824,-0.678872
2.0079,5548,Real,Pinky_PIP,-17.838940,0.844713,20.842530,0.683190,0.233973,0.165523,-0.671648
2.0079,5548,Real,Pinky_DIP,-17.823600,0.846498,20.852450,0.672349,0.263511,0.194623,-0.663800
2.0079,5548,Real,Pinky_FingerTip,-17.808560,0.848337,20.864160,0.672349,0.263511,0.194623,-0.663800
2.0079,5548,Virtual,Wrist,-17.965130,0.871035,20.781990,0.672119,0.177776,0.100396,-0.711739
2.0079,5548,Virtual,Thumb_CMC,-17.937710,0.904436,20.801290,0.140386,0.363663,-0.329933,-0.859759
2.0079,5548,Virtual,Thumb_MCP,-17.914970,0.933832,20.824680,0.106872,0.374883,-0.250710,-0.886107
2.0079,5548,Virtual,Thumb_IP,-17.885880,0.959545,20.854630,0.044524,0.387268,-0.103362,-0.915073
2.0079,5548,Virtual,Thumb_FingerTip,-17.866540,0.965919,20.874570,0.044524,0.387268,-0.103362,-0.915073
2.0079,5548,Virtual,Index_MCP,-17.870320,0.913389,20.830350,0.583472,0.320680,0.255872,-0.700896
2.0079,5548,Virtual,Index_PIP,-17.839250,0.914117,20.865380,0.539367,0.390331,0.340532,-0.663900
2.0079,5548,Virtual,Index_DIP,-17.827220,0.913310,20.888370,0.492580,0.447928,0.412297,-0.621882
2.0079,5548,Virtual,Index_FingerTip,-17.820260,0.911386,20.914280,0.492580,0.447928,0.412297,-0.621882
2.0079,5548,Virtual,Middle_MCP,-17.865530,0.886535,20.827440,0.641437,0.268155,0.196930,-0.691281
2.0079,5548,Virtual,Middle_PIP,-17.824410,0.890324,20.860360,0.597226,0.355907,0.292421,-0.656614
2.0079,5548,Virtual,Middle_DIP,-17.808450,0.891463,20.883000,0.547206,0.428853,0.373420,-0.614173
2.0079,5548,Virtual,Middle_FingerTip,-17.798460,0.891764,20.909470,0.547206,0.428853,0.373420,-0.614173
2.0079,5548,Virtual,Ring_MCP,-17.867140,0.862028,20.826440,0.683226,0.201684,0.131795,-0.689316
2.0079,5548,Virtual,Ring_PIP,-17.826010,0.866397,20.847760,0.672664,0.234514,0.165002,-0.682130
2.0079,5548,Virtual,Ring_DIP,-17.804000,0.868779,20.862040,0.661810,0.263593,0.194559,-0.674295
2.0079,5548,Virtual,Ring_FingerTip,-17.783740,0.871011,20.877860,0.661810,0.263593,0.194559,-0.674295
2.0079,5548,Virtual,Pinky_MCP,-17.873830,0.840721,20.825090,0.695294,0.200291,0.134362,-0.677051
2.0079,5548,Virtual,Pinky_PIP,-17.839030,0.844523,20.843130,0.684786,0.233706,0.166972,-0.669754
2.0079,5548,Virtual,Pinky_DIP,-17.823720,0.846292,20.853070,0.673955,0.263314,0.195988,-0.661845
2.0079,5548,Virtual,Pinky_FingerTip,-17.808680,0.848122,20.864800,0.673955,0.263314,0.195988,-0.661845
2.0079,5548,Render,Wrist,-17.965130,0.871035,20.781990,0.672119,0.177776,0.100396,-0.711739
2.0079,5548,Render,Thumb_CMC,-17.937710,0.904436,20.801290,0.048264,0.345610,-0.273131,-0.896451
2.0079,5548,Render,Thumb_MCP,-17.910840,0.927404,20.827340,0.028932,0.347763,-0.222759,-0.910277
2.0079,5548,Render,Thumb_IP,-17.878530,0.948275,20.857750,-0.002010,0.348958,-0.141187,-0.926440
2.0079,5548,Render,Thumb_FingerTip,-17.858110,0.955690,20.876200,-0.002010,0.348958,-0.141187,-0.926440
2.0079,5548,Render,Index_MCP,-17.870320,0.913389,20.830350,0.626233,0.226070,0.143795,-0.732153
2.0079,5548,Render,Index_PIP,-17.830210,0.916788,20.854280,0.600708,0.287098,0.215739,-0.714270
2.0079,5548,Render,Index_DIP,-17.810950,0.917742,20.871650,0.572657,0.339617,0.278689,-0.692140
2.0079,5548,Render,Index_FingerTip,-17.794430,0.917828,20.892890,0.572657,0.339617,0.278689,-0.692140
2.0079,5548,Render,Middle_MCP,-17.865530,0.886535,20.827440,0.648704,0.250064,0.177469,-0.696532
2.0079,5548,Render,Middle_PIP,-17.822650,0.890612,20.858000,0.601901,0.347943,0.283673,-0.660440
2.0079,5548,Render,Middle_DIP,-17.806110,0.891836,20.880200,0.547206,0.428853,0.373420,-0.614173
2.0079,5548,Render,Middle_FingerTip,-17.796110,0.892138,20.906680,0.547206,0.428853,0.373420,-0.614173
2.0079,5548,Render,Ring_MCP,-17.867140,0.862028,20.826440,0.683226,0.201684,0.131795,-0.689316
2.0079,5548,Render,Ring_PIP,-17.826010,0.866397,20.847760,0.672664,0.234514,0.165002,-0.682130
2.0079,5548,Render,Ring_DIP,-17.804000,0.868779,20.862040,0.661810,0.263593,0.194559,-0.674295
2.0079,5548,Render,Ring_FingerTip,-17.783740,0.871011,20.877860,0.661810,0.263593,0.194559,-0.674295
2.0079,5548,Render,Pinky_MCP,-17.873830,0.840721,20.825090,0.695294,0.200291,0.134362,-0.677051
2.0079,5548,Render,Pinky_PIP,-17.839030,0.844523,20.843130,0.684786,0.233706,0.166972,-0.669754
2.0079,5548,Render,Pinky_DIP,-17.823720,0.846292,20.853070,0.673955,0.263314,0.195988,-0.661845
2.0079,5548,Render,Pinky_FingerTip,-17.808680,0.848122,20.864800,0.673955,0.263314,0.195988,-0.661845
2.0215,5549,Real,Wrist,-17.964940,0.870528,20.781470,0.666253,0.178847,0.095991,-0.717570
2.0215,5549,Real,Thumb_CMC,-17.937780,0.903948,20.801110,0.127376,0.365104,-0.322211,-0.864092
2.0215,5549,Real,Thumb_MCP,-17.914700,0.932484,20.825210,0.092397,0.375484,-0.239333,-0.890615
2.0215,5549,Real,Thumb_IP,-17.885110,0.956788,20.855840,0.027575,0.385701,-0.085291,-0.918259
2.0215,5549,Real,Thumb_FingerTip,-17.865500,0.961858,20.875890,0.027575,0.385701,-0.085291,-0.918259
2.0215,5549,Real,Index_MCP,-17.870340,0.913224,20.829940,0.577105,0.320547,0.253248,-0.707153
2.0215,5549,Real,Index_PIP,-17.839140,0.913777,20.864850,0.534311,0.387702,0.336551,-0.671516
2.0215,5549,Real,Index_DIP,-17.826870,0.912798,20.887710,0.489128,0.443344,0.407370,-0.631070
2.0215,5549,Real,Index_FingerTip,-17.819470,0.910634,20.913480,0.489128,0.443344,0.407370,-0.631070
2.0215,5549,Real,Middle_MCP,-17.865270,0.886469,20.826620,0.637737,0.263005,0.187432,-0.699278
2.0215,5549,Real,Middle_PIP,-17.823480,0.890340,20.858670,0.596968,0.345702,0.279010,-0.668037
2.0215,5549,Real,Middle_DIP,-17.806710,0.891448,20.880710,0.551133,0.414889,0.357215,-0.629697
2.0215,5549,Real,Middle_FingerTip,-17.795370,0.891659,20.906640,0.551133,0.414889,0.357215,-0.629697
2.0215,5549,Real,Ring_MCP,-17.866620,0.861962,20.825280,0.678511,0.199143,0.124057,-0.696114
2.0215,5549,Real,Ring_PIP,-17.825210,0.866500,20.846010,0.669444,0.227772,0.153502,-0.690219
2.0215,5549,Real,Ring_DIP,-17.802850,0.868952,20.859710,0.660251,0.253189,0.179767,-0.683849
2.0215,5549,Real,Ring_FingerTip,-17.782020,0.871234,20.874770,0.660251,0.253189,0.179767,-0.683849
2.0215,5549,Real,Pinky_MCP,-17.873080,0.840604,20.823650,0.690675,0.197767,0.126712,-0.683960
2.0215,5549,Real,Pinky_PIP,-17.838050,0.844535,20.841200,0.681655,0.226914,0.155638,-0.677963
2.0215,5549,Real,Pinky_DIP,-17.822480,0.846339,20.850730,0.672485,0.252798,0.181433,-0.671520
2.0215,5549,Real,Pinky_FingerTip,-17.807040,0.848185,20.861910,0.672485,0.252798,0.181433,-0.671520
2.0215,5549,Virtual,Wrist,-17.965250,0.871000,20.781760,0.670478,0.178111,0.098772,-0.713429
2.0215,5549,Virtual,Thumb_CMC,-17.937920,0.904426,20.801130,0.133749,0.364384,-0.320755,-0.863975
2.0215,5549,Virtual,Thumb_MCP,-17.914710,0.933044,20.825020,0.098809,0.375368,-0.237894,-0.890361
2.0215,5549,Virtual,Thumb_IP,-17.885040,0.957451,20.855480,0.033915,0.386671,-0.083916,-0.917766
2.0215,5549,Virtual,Thumb_FingerTip,-17.865470,0.962588,20.875550,0.033915,0.386671,-0.083916,-0.917766
2.0215,5549,Virtual,Index_MCP,-17.870500,0.913513,20.830090,0.581532,0.320935,0.255100,-0.702671
2.0215,5549,Virtual,Index_PIP,-17.839410,0.914204,20.865110,0.538658,0.388621,0.337850,-0.666843
2.0215,5549,Virtual,Index_DIP,-17.827220,0.913376,20.888010,0.493351,0.444729,0.408155,-0.626284
2.0215,5549,Virtual,Index_FingerTip,-17.819930,0.911427,20.913830,0.493351,0.444729,0.408155,-0.626284
2.0215,5549,Virtual,Middle_MCP,-17.865620,0.886688,20.827070,0.642021,0.262817,0.189657,-0.694814
2.0215,5549,Virtual,Middle_PIP,-17.823910,0.890591,20.859220,0.601239,0.346087,0.280621,-0.663316
2.0215,5549,Virtual,Middle_DIP,-17.807200,0.891808,20.881300,0.555326,0.415784,0.358247,-0.624817
2.0215,5549,Virtual,Middle_FingerTip,-17.795940,0.892207,20.907260,0.555326,0.415784,0.358247,-0.624817
2.0215,5549,Virtual,Ring_MCP,-17.867150,0.862179,20.825980,0.682651,0.198472,0.126674,-0.691774
2.0215,5549,Virtual,Ring_PIP,-17.825770,0.866633,20.846810,0.673608,0.227278,0.155932,-0.685771
2.0215,5549,Virtual,Ring_DIP,-17.803430,0.869065,20.860550,0.664430,0.252854,0.182025,-0.679312
2.0215,5549,Virtual,Ring_FingerTip,-17.782640,0.871354,20.875660,0.664430,0.252854,0.182025,-0.679312
2.0215,5549,Virtual,Pinky_MCP,-17.873750,0.840853,20.824560,0.694741,0.197046,0.129312,-0.679549
2.0215,5549,Virtual,Pinky_PIP,-17.838760,0.844713,20.842170,0.685748,0.226366,0.158048,-0.673446
2.0215,5549,Virtual,Pinky_DIP,-17.823210,0.846503,20.851750,0.676596,0.252407,0.183669,-0.666914
2.0215,5549,Virtual,Pinky_FingerTip,-17.807780,0.848354,20.862960,0.676596,0.252407,0.183669,-0.666914
2.0215,5549,Render,Wrist,-17.965250,0.871000,20.781760,0.670478,0.178111,0.098772,-0.713429
2.0215,5549,Render,Thumb_CMC,-17.937920,0.904426,20.801130,0.045580,0.345352,-0.274144,-0.896382
2.0215,5549,Render,Thumb_MCP,-17.911080,0.927390,20.827230,0.026267,0.347355,-0.223774,-0.910264
2.0215,5549,Render,Thumb_IP,-17.878790,0.948259,20.857650,-0.004629,0.348316,-0.142200,-0.926517
2.0215,5549,Render,Thumb_FingerTip,-17.858360,0.955676,20.876090,-0.004629,0.348316,-0.142200,-0.926517
2.0215,5549,Render,Index_MCP,-17.870500,0.913513,20.830090,0.624505,0.226214,0.142274,-0.733880
2.0215,5549,Render,Index_PIP,-17.830360,0.916965,20.853960,0.598974,0.287069,0.214398,-0.716139
2.0215,5549,Render,Index_DIP,-17.811070,0.917920,20.871300,0.570932,0.339433,0.277519,-0.694122
2.0215,5549,Render,Index_FingerTip,-17.794510,0.917983,20.892500,0.570932,0.339433,0.277519,-0.694122
2.0215,5549,Render,Middle_MCP,-17.865620,0.886688,20.827070,0.647036,0.250217,0.176039,-0.698389
2.0215,5549,Render,Middle_PIP,-17.822700,0.890802,20.857560,0.600229,0.347834,0.282549,-0.662497
2.0215,5549,Render,Middle_DIP,-17.806110,0.891999,20.879740,0.545566,0.428512,0.372596,-0.616367
2.0215,5549,Render,Middle_FingerTip,-17.796060,0.892233,20.906190,0.545566,0.428512,0.372596,-0.616367
2.0215,5549,Render,Ring_MCP,-17.867150,0.862179,20.825980,0.681616,0.201999,0.130249,-0.691110
2.0215,5549,Render,Ring_PIP,-17.825990,0.866616,20.847230,0.671041,0.234750,0.163544,-0.683996
2.0215,5549,Render,Ring_DIP,-17.803960,0.869022,20.861480,0.660178,0.263758,0.193184,-0.676223
2.0215,5549,Render,Ring_FingerTip,-17.783670,0.871266,20.877260,0.660178,0.263758,0.193184,-0.676223
2.0215,5549,Render,Pinky_MCP,-17.873750,0.840853,20.824560,0.693713,0.200635,0.132823,-0.678872
2.0215,5549,Render,Pinky_PIP,-17.838940,0.844712,20.842540,0.683190,0.233973,0.165523,-0.671648
2.0215,5549,Render,Pinky_DIP,-17.823610,0.846498,20.852460,0.672349,0.263511,0.194623,-0.663800
2.0215,5549,Render,Pinky_FingerTip,-17.808560,0.848337,20.864170,0.672349,0.263511,0.194623,-0.663800
