PlayerName,Player01
VisualCondition,Base
LoadCondition,Low
GrabbedObject,0-13
Timestamp,Frame,PoseType,JointName,PosX,PosY,PosZ,RotX,RotY,RotZ,RotW
0.0054,5752,Real,Wrist,-17.699370,0.975428,20.861580,-0.562118,-0.148116,0.049900,0.812155
0.0054,5752,Real,Thumb_CMC,-17.674750,1.010020,20.882510,0.051928,-0.329396,0.432004,0.837959
0.0054,5752,Real,Thumb_MCP,-17.656760,1.040309,20.908720,0.086706,-0.321994,0.340325,0.879194
0.0054,5752,Real,Thumb_IP,-17.629260,1.066913,20.939370,0.146563,-0.299529,0.166280,0.927983
0.0054,5752,Real,Thumb_FingerTip,-17.607450,1.073205,20.956610,0.146563,-0.299529,0.166280,0.927983
0.0054,5752,Real,Index_MCP,-17.605050,1.029895,20.897070,-0.513462,-0.185622,-0.007797,0.837759
0.0054,5752,Real,Index_PIP,-17.561450,1.038210,20.912010,-0.484272,-0.252150,-0.118955,0.829308
0.0054,5752,Real,Index_DIP,-17.539530,1.039427,20.925860,-0.450652,-0.308240,-0.217252,0.809137
0.0054,5752,Real,Index_FingerTip,-17.520280,1.037443,20.944540,-0.450652,-0.308240,-0.217252,0.809137
0.0054,5752,Real,Middle_MCP,-17.596090,1.006419,20.886070,-0.538834,-0.218114,-0.053358,0.811935
0.0054,5752,Real,Middle_PIP,-17.548610,1.014256,20.907810,-0.487795,-0.316182,-0.206110,0.787149
0.0054,5752,Real,Middle_DIP,-17.528790,1.013812,20.927180,-0.426709,-0.394759,-0.337366,0.740452
0.0054,5752,Real,Middle_FingerTip,-17.515750,1.009207,20.951870,-0.426709,-0.394759,-0.337366,0.740452
0.0054,5752,Real,Ring_MCP,-17.593070,0.983098,20.878910,-0.567816,-0.200005,-0.024172,0.798122
0.0054,5752,Real,Ring_PIP,-17.550310,0.991872,20.895040,-0.536981,-0.272156,-0.127770,0.788199
0.0054,5752,Real,Ring_DIP,-17.528730,0.994266,20.909960,-0.501411,-0.333172,-0.219202,0.767811
0.0054,5752,Real,Ring_FingerTip,-17.511140,0.994202,20.928830,-0.501411,-0.333172,-0.219202,0.767811
0.0054,5752,Real,Pinky_MCP,-17.595540,0.961554,20.873420,-0.581518,-0.201996,-0.025871,0.787633
0.0054,5752,Real,Pinky_PIP,-17.559430,0.969199,20.887130,-0.550307,-0.275912,-0.128091,0.777578
0.0054,5752,Real,Pinky_DIP,-17.544480,0.971115,20.897580,-0.514206,-0.338463,-0.218276,0.757226
0.0054,5752,Real,Pinky_FingerTip,-17.531540,0.971451,20.911710,-0.514206,-0.338463,-0.218276,0.757226
0.0054,5752,Virtual,Wrist,-17.703250,0.998481,20.845910,-0.562436,-0.149282,0.054834,0.811403
0.0054,5752,Virtual,Thumb_CMC,-17.678890,1.033358,20.866660,0.053060,-0.327141,0.436255,0.836568
0.0054,5752,Virtual,Thumb_MCP,-17.661090,1.063884,20.892720,0.087592,-0.319632,0.344700,0.878263
0.0054,5752,Virtual,Thumb_IP,-17.633730,1.090825,20.923210,0.146982,-0.297041,0.170753,0.927905
0.0054,5752,Virtual,Thumb_FingerTip,-17.611920,1.097368,20.940350,0.146982,-0.297041,0.170753,0.927905
0.0054,5752,Virtual,Index_MCP,-17.609320,1.053920,20.880930,-0.513739,-0.186596,-0.002775,0.837405
0.0054,5752,Virtual,Index_PIP,-17.565760,1.062680,20.895700,-0.484417,-0.253152,-0.113930,0.829624
0.0054,5752,Virtual,Index_DIP,-17.543800,1.064139,20.909460,-0.450676,-0.309252,-0.212301,0.810051
0.0054,5752,Virtual,Index_FingerTip,-17.524470,1.062385,20.928090,-0.450676,-0.309252,-0.212301,0.810051
0.0054,5752,Virtual,Middle_MCP,-17.600180,1.030498,20.869960,-0.539001,-0.219311,-0.048368,0.811814
0.0054,5752,Virtual,Middle_PIP,-17.552700,1.038836,20.891510,-0.487733,-0.317389,-0.201187,0.787975
0.0054,5752,Virtual,Middle_DIP,-17.532810,1.038629,20.910820,-0.426442,-0.395937,-0.332656,0.742106
0.0054,5752,Virtual,Middle_FingerTip,-17.519650,1.034213,20.935480,-0.426442,-0.395937,-0.332656,0.742106
0.0054,5752,Virtual,Ring_MCP,-17.596970,1.007187,20.862850,-0.567999,-0.201321,-0.019222,0.797796
0.0054,5752,Virtual,Ring_PIP,-17.554240,1.016402,20.878820,-0.536991,-0.273485,-0.122819,0.788520
0.0054,5752,Virtual,Ring_DIP,-17.532630,1.019037,20.893660,-0.501266,-0.334493,-0.214323,0.768709
0.0054,5752,Virtual,Ring_FingerTip,-17.514970,1.019188,20.912470,-0.501266,-0.334493,-0.214323,0.768709
0.0054,5752,Virtual,Pinky_MCP,-17.599250,0.985606,20.857430,-0.581680,-0.203396,-0.020944,0.787300
0.0054,5752,Virtual,Pinky_PIP,-17.563180,0.993623,20.870990,-0.550286,-0.277321,-0.123162,0.777888
0.0054,5752,Virtual,Pinky_DIP,-17.548210,0.995707,20.881390,-0.514020,-0.339860,-0.213418,0.758111
0.0054,5752,Virtual,Pinky_FingerTip,-17.535220,0.996202,20.895470,-0.514020,-0.339860,-0.213418,0.758111
0.0054,5752,Render,Wrist,-17.703250,0.998481,20.845910,-0.562436,-0.149282,0.054834,0.811403
0.0054,5752,Render,Thumb_CMC,-17.678890,1.033358,20.866660,0.050478,-0.323953,0.439074,0.836493
0.0054,5752,Render,Thumb_MCP,-17.661130,1.064177,20.892400,0.084637,-0.316750,0.347642,0.878437
0.0054,5752,Render,Thumb_IP,-17.633790,1.091494,20.922570,0.143452,-0.294814,0.173858,0.928590
0.0054,5752,Render,Thumb_FingerTip,-17.611960,1.098285,20.939590,0.143452,-0.294814,0.173858,0.928590
0.0054,5752,Render,Index_MCP,-17.609320,1.053920,20.880930,-0.514877,-0.183430,0.002380,0.837407
0.0054,5752,Render,Index_PIP,-17.565650,1.062952,20.895200,-0.486055,-0.249992,-0.108526,0.830348
0.0054,5752,Render,Index_DIP,-17.543540,1.064581,20.908720,-0.452778,-0.306165,-0.206762,0.811483
0.0054,5752,Render,Index_FingerTip,-17.523990,1.063013,20.927120,-0.452778,-0.306165,-0.206762,0.811483
0.0054,5752,Render,Middle_MCP,-17.600180,1.030498,20.869960,-0.539660,-0.217685,-0.045920,0.811956
0.0054,5752,Render,Middle_PIP,-17.552600,1.038967,20.891240,-0.489160,-0.315186,-0.197631,0.788875
0.0054,5752,Render,Middle_DIP,-17.532550,1.038871,20.910390,-0.428754,-0.393433,-0.328304,0.744042
0.0054,5752,Render,Middle_FingerTip,-17.519120,1.034593,20.934920,-0.428754,-0.393433,-0.328304,0.744042
0.0054,5752,Render,Ring_MCP,-17.596970,1.007187,20.862850,-0.569113,-0.198151,-0.014773,0.797891
0.0054,5752,Render,Ring_PIP,-17.554110,1.016585,20.878350,-0.540376,-0.266733,-0.112927,0.789997
0.0054,5752,Render,Ring_DIP,-17.532180,1.019479,20.892670,-0.507464,-0.325013,-0.199837,0.772601
0.0054,5752,Render,Ring_FingerTip,-17.513890,1.020023,20.910860,-0.507464,-0.325013,-0.199837,0.772601
0.0054,5752,Render,Pinky_MCP,-17.599250,0.985606,20.857430,-0.582805,-0.200149,-0.016554,0.787404
0.0054,5752,Render,Pinky_PIP,-17.563060,0.993764,20.870600,-0.553718,-0.270402,-0.113402,0.779371
0.0054,5752,Render,Pinky_DIP,-17.547870,0.996015,20.880630,-0.520317,-0.330139,-0.199131,0.761988
0.0054,5752,Render,Pinky_FingerTip,-17.534400,0.996783,20.894240,-0.520317,-0.330139,-0.199131,0.761988
0.0207,5753,Real,Wrist,-17.699990,0.973992,20.862980,-0.562573,-0.149059,0.046406,0.811874
0.0207,5753,Real,Thumb_CMC,-17.675330,1.008467,20.884050,0.052883,-0.335510,0.427068,0.838003
0.0207,5753,Real,Thumb_MCP,-17.657330,1.038339,20.910720,0.088310,-0.327971,0.335402,0.878716
0.0207,5753,Real,Thumb_IP,-17.629880,1.064399,20.941880,0.149285,-0.305086,0.161519,0.926579
0.0207,5753,Real,Thumb_FingerTip,-17.608170,1.070334,20.959380,0.149285,-0.305086,0.161519,0.926579
0.0207,5753,Real,Index_MCP,-17.605620,1.028012,20.899000,-0.512544,-0.190287,-0.016988,0.837139
0.0207,5753,Real,Index_PIP,-17.562210,1.035814,20.914740,-0.482651,-0.256823,-0.128277,0.827427
0.0207,5753,Real,Index_DIP,-17.540530,1.036739,20.928980,-0.448384,-0.312830,-0.226541,0.806083
0.0207,5753,Real,Index_FingerTip,-17.521660,1.034461,20.948020,-0.448384,-0.312830,-0.226541,0.806083
0.0207,5753,Real,Middle_MCP,-17.596710,1.004494,20.888050,-0.538228,-0.221398,-0.060238,0.810966
0.0207,5753,Real,Middle_PIP,-17.549460,1.011920,20.910440,-0.485710,-0.320613,-0.214814,0.784314
0.0207,5753,Real,Middle_DIP,-17.529990,1.011213,20.930160,-0.422922,-0.399805,-0.347258,0.735327
0.0207,5753,Real,Middle_FingerTip,-17.517570,1.006330,20.955110,-0.422922,-0.399805,-0.347258,0.735327
0.0207,5753,Real,Ring_MCP,-17.593760,0.981160,20.880910,-0.566848,-0.204639,-0.032914,0.797323
0.0207,5753,Real,Ring_PIP,-17.551220,0.989513,20.897830,-0.533220,-0.280838,-0.142530,0.785170
0.0207,5753,Real,Ring_DIP,-17.530100,0.991507,20.913450,-0.494225,-0.344870,-0.238915,0.761398
0.0207,5753,Real,Ring_FingerTip,-17.513390,0.990915,20.933090,-0.494225,-0.344870,-0.238915,0.761398
0.0207,5753,Real,Pinky_MCP,-17.596300,0.959627,20.875390,-0.580537,-0.206659,-0.034558,0.786814
0.0207,5753,Real,Pinky_PIP,-17.560380,0.966934,20.889780,-0.546500,-0.284726,-0.142709,0.774535
0.0207,5753,Real,Pinky_DIP,-17.545760,0.968587,20.900730,-0.506919,-0.350377,-0.237772,0.750822
0.0207,5753,Real,Pinky_FingerTip,-17.533470,0.968552,20.915430,-0.506919,-0.350377,-0.237772,0.750822
0.0207,5753,Virtual,Wrist,-17.702580,0.999730,20.847360,-0.562118,-0.148117,0.049900,0.812155
0.0207,5753,Virtual,Thumb_CMC,-17.677970,1.034322,20.868290,0.054836,-0.333026,0.428909,0.837929
0.0207,5753,Virtual,Thumb_MCP,-17.659950,1.064281,20.894860,0.089987,-0.325293,0.337240,0.878838
0.0207,5753,Virtual,Thumb_IP,-17.632450,1.090474,20.925870,0.150421,-0.302137,0.163299,0.927049
0.0207,5753,Virtual,Thumb_FingerTip,-17.610670,1.096512,20.943240,0.150421,-0.302137,0.163299,0.927049
0.0207,5753,Virtual,Index_MCP,-17.608260,1.054197,20.882850,-0.512170,-0.189158,-0.013573,0.837686
0.0207,5753,Virtual,Index_PIP,-17.564800,1.062206,20.898350,-0.482431,-0.255654,-0.124965,0.828423
0.0207,5753,Virtual,Index_DIP,-17.543050,1.063235,20.912470,-0.448306,-0.311643,-0.223372,0.807469
0.0207,5753,Virtual,Index_FingerTip,-17.524060,1.061047,20.931390,-0.448306,-0.311643,-0.223372,0.807469
0.0207,5753,Virtual,Middle_MCP,-17.599300,1.030721,20.871850,-0.537901,-0.220404,-0.056811,0.811700
0.0207,5753,Virtual,Middle_PIP,-17.551970,1.038372,20.893970,-0.485579,-0.319575,-0.211592,0.785693
0.0207,5753,Virtual,Middle_DIP,-17.532390,1.037759,20.913590,-0.422973,-0.398759,-0.344323,0.737243
0.0207,5753,Virtual,Middle_FingerTip,-17.519800,1.032937,20.938470,-0.422973,-0.398759,-0.344323,0.737243
0.0207,5753,Virtual,Ring_MCP,-17.596280,1.007400,20.864690,-0.566483,-0.203749,-0.029440,0.797945
0.0207,5753,Virtual,Ring_PIP,-17.553690,1.015956,20.881380,-0.532982,-0.279907,-0.139175,0.786266
0.0207,5753,Virtual,Ring_DIP,-17.532490,1.018051,20.896880,-0.494103,-0.343917,-0.235722,0.762901
0.0207,5753,Virtual,Ring_FingerTip,-17.515670,1.017540,20.916430,-0.494103,-0.343917,-0.235722,0.762901
0.0207,5753,Virtual,Pinky_MCP,-17.598750,0.985856,20.859200,-0.580171,-0.205831,-0.031070,0.787445
0.0207,5753,Virtual,Pinky_PIP,-17.562790,0.993333,20.873380,-0.546252,-0.283856,-0.139342,0.775641
0.0207,5753,Virtual,Pinky_DIP,-17.548110,0.995056,20.884250,-0.506781,-0.349483,-0.234569,0.752338
0.0207,5753,Virtual,Pinky_FingerTip,-17.535740,0.995081,20.898880,-0.506781,-0.349483,-0.234569,0.752338
0.0207,5753,Render,Wrist,-17.702580,0.999730,20.847360,-0.562118,-0.148117,0.049900,0.812155
0.0207,5753,Render,Thumb_CMC,-17.677970,1.034322,20.868290,0.051928,-0.329396,0.432004,0.837959
0.0207,5753,Render,Thumb_MCP,-17.659970,1.064612,20.894500,0.086706,-0.321994,0.340325,0.879194
0.0207,5753,Render,Thumb_IP,-17.632470,1.091215,20.925160,0.146563,-0.299529,0.166280,0.927983
0.0207,5753,Render,Thumb_FingerTip,-17.610660,1.097508,20.942390,0.146563,-0.299529,0.166280,0.927983
0.0207,5753,Render,Index_MCP,-17.608260,1.054197,20.882850,-0.513462,-0.185622,-0.007797,0.837759
0.0207,5753,Render,Index_PIP,-17.564660,1.062512,20.897790,-0.484272,-0.252150,-0.118955,0.829307
0.0207,5753,Render,Index_DIP,-17.542740,1.063730,20.911640,-0.450652,-0.308240,-0.217252,0.809137
0.0207,5753,Render,Index_FingerTip,-17.523490,1.061746,20.930330,-0.450652,-0.308240,-0.217252,0.809137
0.0207,5753,Render,Middle_MCP,-17.599300,1.030721,20.871850,-0.538833,-0.218114,-0.053358,0.811935
0.0207,5753,Render,Middle_PIP,-17.551820,1.038558,20.893590,-0.487795,-0.316182,-0.206110,0.787149
0.0207,5753,Render,Middle_DIP,-17.532000,1.038114,20.912960,-0.426709,-0.394759,-0.337366,0.740452
0.0207,5753,Render,Middle_FingerTip,-17.518960,1.033510,20.937650,-0.426709,-0.394759,-0.337366,0.740452
0.0207,5753,Render,Ring_MCP,-17.596280,1.007400,20.864690,-0.567816,-0.200005,-0.024172,0.798122
0.0207,5753,Render,Ring_PIP,-17.553520,1.016175,20.880830,-0.536981,-0.272156,-0.127770,0.788199
0.0207,5753,Render,Ring_DIP,-17.531940,1.018568,20.895750,-0.501411,-0.333172,-0.219202,0.767811
0.0207,5753,Render,Ring_FingerTip,-17.514350,1.018504,20.914610,-0.501411,-0.333172,-0.219202,0.767811
0.0207,5753,Render,Pinky_MCP,-17.598750,0.985856,20.859200,-0.581518,-0.201996,-0.025871,0.787633
0.0207,5753,Render,Pinky_PIP,-17.562640,0.993501,20.872910,-0.550307,-0.275912,-0.128091,0.777578
0.0207,5753,Render,Pinky_DIP,-17.547690,0.995418,20.883370,-0.514206,-0.338463,-0.218276,0.757226
0.0207,5753,Render,Pinky_FingerTip,-17.534750,0.995753,20.897490,-0.514206,-0.338463,-0.218276,0.757226
0.0333,5754,Real,Wrist,-17.700690,0.972766,20.864560,-0.564303,-0.150253,0.045459,0.810506
0.0333,5754,Real,Thumb_CMC,-17.676080,1.007310,20.885570,0.053381,-0.339281,0.423774,0.838126
0.0333,5754,Real,Thumb_MCP,-17.658060,1.036911,20.912530,0.089190,-0.331672,0.332159,0.878470
0.0333,5754,Real,Thumb_IP,-17.630630,1.062624,20.944010,0.150826,-0.308565,0.158471,0.925703
0.0333,5754,Real,Thumb_FingerTip,-17.608990,1.068333,20.961650,0.150826,-0.308565,0.158471,0.925703
0.0333,5754,Real,Index_MCP,-17.606410,1.026873,20.900700,-0.512456,-0.196342,-0.025385,0.835581
0.0333,5754,Real,Index_PIP,-17.563250,1.034310,20.917280,-0.481571,-0.263156,-0.136979,0.824667
0.0333,5754,Real,Index_DIP,-17.541860,1.035025,20.931970,-0.446347,-0.319273,-0.235363,0.802149
0.0333,5754,Real,Index_FingerTip,-17.523430,1.032534,20.951410,-0.446347,-0.319273,-0.235363,0.802149
0.0333,5754,Real,Middle_MCP,-17.597480,1.003308,20.889870,-0.538362,-0.226231,-0.066137,0.809081
0.0333,5754,Real,Middle_PIP,-17.550540,1.010519,20.912960,-0.483539,-0.327421,-0.223529,0.780398
0.0333,5754,Real,Middle_DIP,-17.531530,1.009625,20.933120,-0.418064,-0.407721,-0.357928,0.728611
0.0333,5754,Real,Middle_FingerTip,-17.519890,1.004512,20.958400,-0.418064,-0.407721,-0.357928,0.728611
0.0333,5754,Real,Ring_MCP,-17.594510,0.979943,20.882830,-0.566489,-0.211227,-0.041137,0.795476
0.0333,5754,Real,Ring_PIP,-17.552290,0.988034,20.900640,-0.528908,-0.292887,-0.158630,0.780584
0.0333,5754,Real,Ring_DIP,-17.531790,0.989672,20.917100,-0.485059,-0.360894,-0.261448,0.752409
0.0333,5754,Real,Ring_FingerTip,-17.516240,0.988554,20.937660,-0.485059,-0.360894,-0.261448,0.752409
0.0333,5754,Real,Pinky_MCP,-17.597050,0.958391,20.877400,-0.580135,-0.213354,-0.042701,0.784921
0.0333,5754,Real,Pinky_PIP,-17.561400,0.965498,20.892530,-0.542088,-0.297014,-0.158611,0.769913
0.0333,5754,Real,Pinky_DIP,-17.547220,0.966925,20.904080,-0.497570,-0.366744,-0.260004,0.741836
0.0333,5754,Real,Pinky_FingerTip,-17.535800,0.966526,20.919460,-0.497570,-0.366744,-0.260004,0.741836
0.0333,5754,Virtual,Wrist,-17.701480,1.000220,20.851040,-0.562573,-0.149059,0.046406,0.811875
0.0333,5754,Virtual,Thumb_CMC,-17.676830,1.034695,20.872100,0.055895,-0.338605,0.423251,0.838500
0.0333,5754,Virtual,Thumb_MCP,-17.658720,1.064200,20.899120,0.091618,-0.330732,0.331600,0.878786
0.0333,5754,Virtual,Thumb_IP,-17.631200,1.089805,20.930600,0.153030,-0.307180,0.157861,0.925906
0.0333,5754,Virtual,Thumb_FingerTip,-17.609500,1.095456,20.948180,0.153030,-0.307180,0.157861,0.925906
0.0333,5754,Virtual,Index_MCP,-17.607110,1.054240,20.887060,-0.510789,-0.194948,-0.024614,0.836950
0.0333,5754,Virtual,Index_PIP,-17.563900,1.061636,20.903520,-0.480105,-0.261552,-0.136398,0.826127
0.0333,5754,Virtual,Index_DIP,-17.542460,1.062306,20.918140,-0.445086,-0.317504,-0.234962,0.803669
0.0333,5754,Virtual,Index_FingerTip,-17.523960,1.059749,20.937490,-0.445086,-0.317504,-0.234962,0.803669
0.0333,5754,Virtual,Middle_MCP,-17.598200,1.030722,20.876110,-0.536812,-0.224811,-0.065386,0.810567
0.0333,5754,Virtual,Middle_PIP,-17.551180,1.037870,20.899060,-0.482297,-0.325725,-0.223084,0.782002
0.0333,5754,Virtual,Middle_DIP,-17.532110,1.036908,20.919150,-0.417141,-0.405832,-0.357773,0.730269
0.0333,5754,Virtual,Middle_FingerTip,-17.520370,1.031702,20.944370,-0.417141,-0.405832,-0.357773,0.730269
0.0333,5754,Virtual,Ring_MCP,-17.595250,1.007388,20.868960,-0.564925,-0.209889,-0.040310,0.796983
0.0333,5754,Virtual,Ring_PIP,-17.552970,1.015433,20.886650,-0.527560,-0.291332,-0.158036,0.782197
0.0333,5754,Virtual,Ring_DIP,-17.532410,1.017018,20.903050,-0.483930,-0.359173,-0.261075,0.754087
0.0333,5754,Virtual,Ring_FingerTip,-17.516790,1.015828,20.923550,-0.483930,-0.359173,-0.261075,0.754087
0.0333,5754,Virtual,Pinky_MCP,-17.597790,0.985856,20.863450,-0.578594,-0.212036,-0.041856,0.786459
0.0333,5754,Virtual,Pinky_PIP,-17.562100,0.992924,20.878490,-0.540760,-0.295482,-0.158004,0.771560
0.0333,5754,Virtual,Pinky_DIP,-17.547870,0.994314,20.889990,-0.496458,-0.365049,-0.259623,0.743549
0.0333,5754,Virtual,Pinky_FingerTip,-17.536410,0.993861,20.905330,-0.496458,-0.365049,-0.259623,0.743549
0.0333,5754,Render,Wrist,-17.701480,1.000220,20.851040,-0.562573,-0.149059,0.046406,0.811875
0.0333,5754,Render,Thumb_CMC,-17.676830,1.034695,20.872100,0.052883,-0.335510,0.427069,0.838003
0.0333,5754,Render,Thumb_MCP,-17.658820,1.064567,20.898780,0.088310,-0.327971,0.335402,0.878716
0.0333,5754,Render,Thumb_IP,-17.631370,1.090627,20.929940,0.149285,-0.305087,0.161519,0.926579
0.0333,5754,Render,Thumb_FingerTip,-17.609660,1.096562,20.947430,0.149285,-0.305087,0.161519,0.926579
0.0333,5754,Render,Index_MCP,-17.607110,1.054240,20.887060,-0.512544,-0.190287,-0.016988,0.837139
0.0333,5754,Render,Index_PIP,-17.563700,1.062042,20.902800,-0.482651,-0.256823,-0.128277,0.827427
0.0333,5754,Render,Index_DIP,-17.542020,1.062967,20.917040,-0.448384,-0.312830,-0.226541,0.806083
0.0333,5754,Render,Index_FingerTip,-17.523150,1.060689,20.936080,-0.448384,-0.312830,-0.226541,0.806083
0.0333,5754,Render,Middle_MCP,-17.598200,1.030722,20.876110,-0.538228,-0.221398,-0.060238,0.810966
0.0333,5754,Render,Middle_PIP,-17.550950,1.038148,20.898490,-0.485709,-0.320613,-0.214814,0.784314
0.0333,5754,Render,Middle_DIP,-17.531490,1.037441,20.918220,-0.422922,-0.399805,-0.347258,0.735327
0.0333,5754,Render,Middle_FingerTip,-17.519060,1.032559,20.943170,-0.422922,-0.399805,-0.347258,0.735327
0.0333,5754,Render,Ring_MCP,-17.595250,1.007388,20.868960,-0.566848,-0.204639,-0.032914,0.797323
0.0333,5754,Render,Ring_PIP,-17.552720,1.015741,20.885890,-0.533220,-0.280838,-0.142530,0.785170
0.0333,5754,Render,Ring_DIP,-17.531600,1.017735,20.901510,-0.494225,-0.344870,-0.238915,0.761398
0.0333,5754,Render,Ring_FingerTip,-17.514880,1.017143,20.921150,-0.494225,-0.344870,-0.238915,0.761398
0.0333,5754,Render,Pinky_MCP,-17.597790,0.985856,20.863450,-0.580537,-0.206659,-0.034558,0.786814
0.0333,5754,Render,Pinky_PIP,-17.561880,0.993162,20.877840,-0.546500,-0.284726,-0.142709,0.774535
0.0333,5754,Render,Pinky_DIP,-17.547250,0.994815,20.888790,-0.506919,-0.350377,-0.237772,0.750822
0.0333,5754,Render,Pinky_FingerTip,-17.534970,0.994780,20.903490,-0.506919,-0.350377,-0.237772,0.750822
0.0447,5755,Real,Wrist,-17.700970,0.971360,20.866080,-0.564682,-0.150445,0.044153,0.810279
0.0447,5755,Real,Thumb_CMC,-17.676340,1.005864,20.887130,0.052450,-0.340027,0.423067,0.838240
0.0447,5755,Real,Thumb_MCP,-17.658300,1.035442,20.914100,0.088343,-0.332513,0.331444,0.878508
0.0447,5755,Real,Thumb_IP,-17.630880,1.061115,20.945620,0.150155,-0.309552,0.157761,0.925604
0.0447,5755,Real,Thumb_FingerTip,-17.609260,1.066789,20.963300,0.150155,-0.309552,0.157761,0.925604
0.0447,5755,Real,Index_MCP,-17.606650,1.025296,20.902380,-0.512820,-0.196625,-0.026657,0.835251
0.0447,5755,Real,Index_PIP,-17.563510,1.032654,20.919040,-0.481893,-0.263485,-0.138195,0.824171
0.0447,5755,Real,Index_DIP,-17.542150,1.033333,20.933770,-0.446628,-0.319639,-0.236511,0.801510
0.0447,5755,Real,Index_FingerTip,-17.523760,1.030815,20.953230,-0.446628,-0.319639,-0.236511,0.801510
0.0447,5755,Real,Middle_MCP,-17.597750,1.001707,20.891580,-0.538711,-0.226472,-0.067399,0.808677
0.0447,5755,Real,Middle_PIP,-17.550830,1.008836,20.914750,-0.483834,-0.327726,-0.224688,0.779754
0.0447,5755,Real,Middle_DIP,-17.531870,1.007914,20.934940,-0.418300,-0.408074,-0.358955,0.727772
0.0447,5755,Real,Middle_FingerTip,-17.520280,1.002789,20.960250,-0.418300,-0.408074,-0.358955,0.727772
0.0447,5755,Real,Ring_MCP,-17.594820,0.978334,20.884550,-0.566843,-0.211422,-0.042416,0.795104
0.0447,5755,Real,Ring_PIP,-17.552610,0.986349,20.902440,-0.529230,-0.293133,-0.159840,0.780026
0.0447,5755,Real,Ring_DIP,-17.532140,0.987953,20.918940,-0.485345,-0.361180,-0.262573,0.751695
0.0447,5755,Real,Ring_FingerTip,-17.516630,0.986814,20.939530,-0.485345,-0.361180,-0.262573,0.751695
0.0447,5755,Real,Pinky_MCP,-17.597380,0.956784,20.879120,-0.580488,-0.213526,-0.043981,0.784542
0.0447,5755,Real,Pinky_PIP,-17.561750,0.963827,20.894320,-0.542412,-0.297236,-0.159822,0.769349
0.0447,5755,Real,Pinky_DIP,-17.547590,0.965231,20.905900,-0.497861,-0.367007,-0.261129,0.741116
0.0447,5755,Real,Pinky_FingerTip,-17.536200,0.964817,20.921300,-0.497861,-0.367007,-0.261129,0.741116
0.0447,5755,Virtual,Wrist,-17.701040,0.999845,20.852500,-0.564303,-0.150253,0.045459,0.810506
0.0447,5755,Virtual,Thumb_CMC,-17.676450,1.034389,20.873520,0.053381,-0.339280,0.423774,0.838126
0.0447,5755,Virtual,Thumb_MCP,-17.658410,1.063990,20.900480,0.089190,-0.331671,0.332159,0.878470
0.0447,5755,Virtual,Thumb_IP,-17.630990,1.089703,20.931950,0.150826,-0.308565,0.158471,0.925704
0.0447,5755,Virtual,Thumb_FingerTip,-17.609340,1.095412,20.949600,0.150826,-0.308565,0.158471,0.925704
0.0447,5755,Virtual,Index_MCP,-17.606770,1.053952,20.888650,-0.512456,-0.196342,-0.025385,0.835581
0.0447,5755,Virtual,Index_PIP,-17.563610,1.061389,20.905230,-0.481571,-0.263155,-0.136979,0.824667
0.0447,5755,Virtual,Index_DIP,-17.542220,1.062103,20.919920,-0.446347,-0.319273,-0.235363,0.802149
0.0447,5755,Virtual,Index_FingerTip,-17.523790,1.059613,20.939350,-0.446347,-0.319273,-0.235363,0.802149
0.0447,5755,Virtual,Middle_MCP,-17.597830,1.030386,20.877810,-0.538362,-0.226230,-0.066137,0.809081
0.0447,5755,Virtual,Middle_PIP,-17.550900,1.037598,20.900910,-0.483539,-0.327420,-0.223529,0.780398
0.0447,5755,Virtual,Middle_DIP,-17.531890,1.036704,20.921060,-0.418064,-0.407721,-0.357928,0.728611
0.0447,5755,Virtual,Middle_FingerTip,-17.520240,1.031591,20.946350,-0.418064,-0.407721,-0.357928,0.728611
0.0447,5755,Virtual,Ring_MCP,-17.594870,1.007022,20.870770,-0.566489,-0.211226,-0.041137,0.795476
0.0447,5755,Virtual,Ring_PIP,-17.552650,1.015113,20.888580,-0.528908,-0.292887,-0.158630,0.780584
0.0447,5755,Virtual,Ring_DIP,-17.532150,1.016751,20.905050,-0.485059,-0.360894,-0.261448,0.752409
0.0447,5755,Virtual,Ring_FingerTip,-17.516600,1.015633,20.925610,-0.485059,-0.360894,-0.261448,0.752409
0.0447,5755,Virtual,Pinky_MCP,-17.597400,0.985470,20.865340,-0.580135,-0.213353,-0.042700,0.784921
0.0447,5755,Virtual,Pinky_PIP,-17.561760,0.992577,20.880480,-0.542088,-0.297013,-0.158611,0.769913
0.0447,5755,Virtual,Pinky_DIP,-17.547570,0.994004,20.892020,-0.497570,-0.366743,-0.260004,0.741837
0.0447,5755,Virtual,Pinky_FingerTip,-17.536160,0.993605,20.907400,-0.497570,-0.366743,-0.260004,0.741837
0.0447,5755,Render,Wrist,-17.701040,0.999845,20.852500,-0.564303,-0.150253,0.045459,0.810506
0.0447,5755,Render,Thumb_CMC,-17.676450,1.034389,20.873520,0.053381,-0.339280,0.423774,0.838126
0.0447,5755,Render,Thumb_MCP,-17.658410,1.063990,20.900480,0.089190,-0.331671,0.332159,0.878470
0.0447,5755,Render,Thumb_IP,-17.630990,1.089703,20.931950,0.150826,-0.308565,0.158471,0.925704
0.0447,5755,Render,Thumb_FingerTip,-17.609340,1.095412,20.949600,0.150826,-0.308565,0.158471,0.925704
0.0447,5755,Render,Index_MCP,-17.606770,1.053952,20.888650,-0.512456,-0.196342,-0.025385,0.835581
0.0447,5755,Render,Index_PIP,-17.563610,1.061389,20.905230,-0.481571,-0.263155,-0.136979,0.824667
0.0447,5755,Render,Index_DIP,-17.542220,1.062103,20.919920,-0.446347,-0.319273,-0.235363,0.802149
0.0447,5755,Render,Index_FingerTip,-17.523790,1.059613,20.939350,-0.446347,-0.319273,-0.235363,0.802149
0.0447,5755,Render,Middle_MCP,-17.597830,1.030386,20.877810,-0.538362,-0.226230,-0.066137,0.809081
0.0447,5755,Render,Middle_PIP,-17.550900,1.037598,20.900910,-0.483539,-0.327420,-0.223529,0.780398
0.0447,5755,Render,Middle_DIP,-17.531890,1.036704,20.921060,-0.418064,-0.407721,-0.357928,0.728611
0.0447,5755,Render,Middle_FingerTip,-17.520240,1.031591,20.946350,-0.418064,-0.407721,-0.357928,0.728611
0.0447,5755,Render,Ring_MCP,-17.594870,1.007022,20.870770,-0.566489,-0.211226,-0.041137,0.795476
0.0447,5755,Render,Ring_PIP,-17.552650,1.015113,20.888580,-0.528908,-0.292887,-0.158630,0.780584
0.0447,5755,Render,Ring_DIP,-17.532150,1.016751,20.905050,-0.485059,-0.360894,-0.261448,0.752409
0.0447,5755,Render,Ring_FingerTip,-17.516600,1.015633,20.925610,-0.485059,-0.360894,-0.261448,0.752409
0.0447,5755,Render,Pinky_MCP,-17.597400,0.985470,20.865340,-0.580135,-0.213353,-0.042700,0.784921
0.0447,5755,Render,Pinky_PIP,-17.561760,0.992577,20.880480,-0.542088,-0.297013,-0.158611,0.769913
0.0447,5755,Render,Pinky_DIP,-17.547570,0.994004,20.892020,-0.497570,-0.366743,-0.260004,0.741837
0.0447,5755,Render,Pinky_FingerTip,-17.536160,0.993605,20.907400,-0.497570,-0.366743,-0.260004,0.741837
0.0552,5756,Real,Wrist,-17.700970,0.971360,20.866080,-0.564682,-0.150445,0.044153,0.810279
0.0552,5756,Real,Thumb_CMC,-17.676340,1.005864,20.887130,0.052450,-0.340027,0.423067,0.838240
0.0552,5756,Real,Thumb_MCP,-17.658300,1.035442,20.914100,0.088343,-0.332513,0.331444,0.878508
0.0552,5756,Real,Thumb_IP,-17.630880,1.061115,20.945620,0.150155,-0.309552,0.157761,0.925604
0.0552,5756,Real,Thumb_FingerTip,-17.609260,1.066789,20.963300,0.150155,-0.309552,0.157761,0.925604
0.0552,5756,Real,Index_MCP,-17.606650,1.025296,20.902380,-0.512820,-0.196625,-0.026657,0.835251
0.0552,5756,Real,Index_PIP,-17.563510,1.032654,20.919040,-0.481893,-0.263485,-0.138195,0.824171
0.0552,5756,Real,Index_DIP,-17.542150,1.033333,20.933770,-0.446628,-0.319639,-0.236511,0.801510
0.0552,5756,Real,Index_FingerTip,-17.523760,1.030815,20.953230,-0.446628,-0.319639,-0.236511,0.801510
0.0552,5756,Real,Middle_MCP,-17.597750,1.001707,20.891580,-0.538711,-0.226472,-0.067399,0.808677
0.0552,5756,Real,Middle_PIP,-17.550830,1.008836,20.914750,-0.483834,-0.327726,-0.224688,0.779754
0.0552,5756,Real,Middle_DIP,-17.531870,1.007914,20.934940,-0.418300,-0.408074,-0.358955,0.727772
0.0552,5756,Real,Middle_FingerTip,-17.520280,1.002789,20.960250,-0.418300,-0.408074,-0.358955,0.727772
0.0552,5756,Real,Ring_MCP,-17.594820,0.978334,20.884550,-0.566843,-0.211422,-0.042416,0.795104
0.0552,5756,Real,Ring_PIP,-17.552610,0.986349,20.902440,-0.529230,-0.293133,-0.159840,0.780026
0.0552,5756,Real,Ring_DIP,-17.532140,0.987953,20.918940,-0.485345,-0.361180,-0.262573,0.751695
0.0552,5756,Real,Ring_FingerTip,-17.516630,0.986814,20.939530,-0.485345,-0.361180,-0.262573,0.751695
0.0552,5756,Real,Pinky_MCP,-17.597380,0.956784,20.879120,-0.580488,-0.213526,-0.043981,0.784542
0.0552,5756,Real,Pinky_PIP,-17.561750,0.963827,20.894320,-0.542412,-0.297236,-0.159822,0.769349
0.0552,5756,Real,Pinky_DIP,-17.547590,0.965231,20.905900,-0.497861,-0.367007,-0.261129,0.741116
0.0552,5756,Real,Pinky_FingerTip,-17.536200,0.964817,20.921300,-0.497861,-0.367007,-0.261129,0.741116
0.0552,5756,Virtual,Wrist,-17.700860,0.999997,20.853250,-0.564682,-0.150445,0.044152,0.810279
0.0552,5756,Virtual,Thumb_CMC,-17.676240,1.034501,20.874300,0.052450,-0.340027,0.423067,0.838240
0.0552,5756,Virtual,Thumb_MCP,-17.658200,1.064079,20.901280,0.088343,-0.332513,0.331444,0.878508
0.0552,5756,Virtual,Thumb_IP,-17.630780,1.089751,20.932790,0.150155,-0.309552,0.157761,0.925604
0.0552,5756,Virtual,Thumb_FingerTip,-17.609160,1.095425,20.950480,0.150155,-0.309552,0.157761,0.925604
0.0552,5756,Virtual,Index_MCP,-17.606550,1.053932,20.889550,-0.512820,-0.196625,-0.026657,0.835251
0.0552,5756,Virtual,Index_PIP,-17.563410,1.061291,20.906210,-0.481893,-0.263485,-0.138195,0.824170
0.0552,5756,Virtual,Index_DIP,-17.542050,1.061969,20.920940,-0.446628,-0.319639,-0.236511,0.801510
0.0552,5756,Virtual,Index_FingerTip,-17.523650,1.059451,20.940400,-0.446628,-0.319639,-0.236511,0.801510
0.0552,5756,Virtual,Middle_MCP,-17.597640,1.030344,20.878750,-0.538711,-0.226473,-0.067400,0.808677
0.0552,5756,Virtual,Middle_PIP,-17.550730,1.037472,20.901920,-0.483834,-0.327726,-0.224688,0.779754
0.0552,5756,Virtual,Middle_DIP,-17.531770,1.036550,20.922120,-0.418300,-0.408074,-0.358955,0.727772
0.0552,5756,Virtual,Middle_FingerTip,-17.520180,1.031426,20.947430,-0.418300,-0.408074,-0.358955,0.727772
0.0552,5756,Virtual,Ring_MCP,-17.594710,1.006970,20.871730,-0.566843,-0.211422,-0.042416,0.795104
0.0552,5756,Virtual,Ring_PIP,-17.552510,1.014985,20.889610,-0.529230,-0.293133,-0.159840,0.780026
0.0552,5756,Virtual,Ring_DIP,-17.532030,1.016590,20.906110,-0.485345,-0.361180,-0.262573,0.751695
0.0552,5756,Virtual,Ring_FingerTip,-17.516530,1.015451,20.926700,-0.485345,-0.361180,-0.262573,0.751695
0.0552,5756,Virtual,Pinky_MCP,-17.597280,0.985420,20.866300,-0.580488,-0.213526,-0.043981,0.784542
0.0552,5756,Virtual,Pinky_PIP,-17.561650,0.992464,20.881490,-0.542412,-0.297236,-0.159822,0.769349
0.0552,5756,Virtual,Pinky_DIP,-17.547480,0.993868,20.893070,-0.497861,-0.367008,-0.261129,0.741116
0.0552,5756,Virtual,Pinky_FingerTip,-17.536100,0.993453,20.908470,-0.497861,-0.367008,-0.261129,0.741116
0.0552,5756,Render,Wrist,-17.700860,0.999997,20.853250,-0.564682,-0.150445,0.044152,0.810279
0.0552,5756,Render,Thumb_CMC,-17.676240,1.034501,20.874300,0.052450,-0.340027,0.423067,0.838240
0.0552,5756,Render,Thumb_MCP,-17.658200,1.064079,20.901280,0.088343,-0.332513,0.331444,0.878508
0.0552,5756,Render,Thumb_IP,-17.630780,1.089751,20.932790,0.150155,-0.309552,0.157761,0.925604
0.0552,5756,Render,Thumb_FingerTip,-17.609160,1.095425,20.950480,0.150155,-0.309552,0.157761,0.925604
0.0552,5756,Render,Index_MCP,-17.606550,1.053932,20.889550,-0.512820,-0.196625,-0.026657,0.835251
0.0552,5756,Render,Index_PIP,-17.563410,1.061291,20.906210,-0.481893,-0.263485,-0.138195,0.824170
0.0552,5756,Render,Index_DIP,-17.542050,1.061969,20.920940,-0.446628,-0.319639,-0.236511,0.801510
0.0552,5756,Render,Index_FingerTip,-17.523650,1.059451,20.940400,-0.446628,-0.319639,-0.236511,0.801510
0.0552,5756,Render,Middle_MCP,-17.597640,1.030344,20.878750,-0.538711,-0.226473,-0.067400,0.808677
0.0552,5756,Render,Middle_PIP,-17.550730,1.037472,20.901920,-0.483834,-0.327726,-0.224688,0.779754
0.0552,5756,Render,Middle_DIP,-17.531770,1.036550,20.922120,-0.418300,-0.408074,-0.358955,0.727772
0.0552,5756,Render,Middle_FingerTip,-17.520180,1.031426,20.947430,-0.418300,-0.408074,-0.358955,0.727772
0.0552,5756,Render,Ring_MCP,-17.594710,1.006970,20.871730,-0.566843,-0.211422,-0.042416,0.795104
0.0552,5756,Render,Ring_PIP,-17.552510,1.014985,20.889610,-0.529230,-0.293133,-0.159840,0.780026
0.0552,5756,Render,Ring_DIP,-17.532030,1.016590,20.906110,-0.485345,-0.361180,-0.262573,0.751695
0.0552,5756,Render,Ring_FingerTip,-17.516530,1.015451,20.926700,-0.485345,-0.361180,-0.262573,0.751695
0.0552,5756,Render,Pinky_MCP,-17.597280,0.985420,20.866300,-0.580488,-0.213526,-0.043981,0.784542
0.0552,5756,Render,Pinky_PIP,-17.561650,0.992464,20.881490,-0.542412,-0.297236,-0.159822,0.769349
0.0552,5756,Render,Pinky_DIP,-17.547480,0.993868,20.893070,-0.497861,-0.367008,-0.261129,0.741116
0.0552,5756,Render,Pinky_FingerTip,-17.536100,0.993453,20.908470,-0.497861,-0.367008,-0.261129,0.741116
0.0685,5757,Real,Wrist,-17.702260,0.969980,20.868300,-0.564255,-0.151967,0.042031,0.810405
0.0685,5757,Real,Thumb_CMC,-17.677670,1.004411,20.889520,0.061972,-0.351117,0.408379,0.840300
0.0685,5757,Real,Thumb_MCP,-17.659240,1.032637,20.917650,0.099955,-0.342247,0.314148,0.879879
0.0685,5757,Real,Thumb_IP,-17.631370,1.056388,20.950260,0.165012,-0.316062,0.135846,0.924350
0.0685,5757,Real,Thumb_FingerTip,-17.609610,1.060572,20.968190,0.165012,-0.316062,0.135846,0.924350
0.0685,5757,Real,Index_MCP,-17.608030,1.023706,20.905130,-0.507672,-0.209619,-0.047414,0.834315
0.0685,5757,Real,Index_PIP,-17.565530,1.029968,20.923770,-0.474660,-0.276349,-0.159809,0.820238
0.0685,5757,Real,Index_DIP,-17.544860,1.029973,20.939470,-0.437471,-0.332098,-0.258512,0.794671
0.0685,5757,Real,Index_FingerTip,-17.527490,1.026737,20.959760,-0.437471,-0.332098,-0.258512,0.794671
0.0685,5757,Real,Middle_MCP,-17.599110,1.000121,20.894340,-0.532572,-0.240511,-0.088509,0.806653
0.0685,5757,Real,Middle_PIP,-17.553240,1.006108,20.919800,-0.468743,-0.348938,-0.259129,0.769009
0.0685,5757,Real,Middle_DIP,-17.535990,1.004129,20.941420,-0.392612,-0.432820,-0.402632,0.704564
0.0685,5757,Real,Middle_FingerTip,-17.527470,0.997691,20.967620,-0.392612,-0.432820,-0.402632,0.704564
0.0685,5757,Real,Ring_MCP,-17.596190,0.976754,20.887290,-0.559186,-0.230808,-0.069939,0.793188
0.0685,5757,Real,Ring_PIP,-17.555060,0.983603,20.907970,-0.507904,-0.328626,-0.212983,0.767253
0.0685,5757,Real,Ring_DIP,-17.536800,0.983788,20.926950,-0.447214,-0.407383,-0.335783,0.722003
0.0685,5757,Real,Ring_FingerTip,-17.525380,0.980679,20.949880,-0.447214,-0.407383,-0.335783,0.722003
0.0685,5757,Real,Pinky_MCP,-17.598750,0.955217,20.881810,-0.572764,-0.233309,-0.071192,0.782585
0.0685,5757,Real,Pinky_PIP,-17.564070,0.961353,20.899400,-0.520801,-0.333554,-0.212287,0.756599
0.0685,5757,Real,Pinky_DIP,-17.551460,0.961833,20.912720,-0.459130,-0.414357,-0.333352,0.711607
0.0685,5757,Real,Pinky_FingerTip,-17.543140,0.960033,20.929880,-0.459130,-0.414357,-0.333352,0.711607
0.0685,5757,Virtual,Wrist,-17.700860,0.999997,20.853250,-0.564682,-0.150445,0.044152,0.810279
0.0685,5757,Virtual,Thumb_CMC,-17.676240,1.034501,20.874300,0.062556,-0.348727,0.409183,0.840860
0.0685,5757,Virtual,Thumb_MCP,-17.657710,1.062801,20.902300,0.100273,-0.339808,0.314887,0.880524
0.0685,5757,Virtual,Thumb_IP,-17.629720,1.086649,20.934740,0.164847,-0.313607,0.136444,0.925127
0.0685,5757,Virtual,Thumb_FingerTip,-17.607890,1.090897,20.952560,0.164847,-0.313607,0.136444,0.925127
0.0685,5757,Virtual,Index_MCP,-17.606550,1.053932,20.889550,-0.508286,-0.208065,-0.045363,0.834444
0.0685,5757,Virtual,Index_PIP,-17.563970,1.060292,20.907970,-0.475478,-0.274893,-0.157794,0.820643
0.0685,5757,Virtual,Index_DIP,-17.543230,1.060355,20.923580,-0.438461,-0.330753,-0.256561,0.795318
0.0685,5757,Virtual,Index_FingerTip,-17.525760,1.057179,20.943780,-0.438461,-0.330753,-0.256561,0.795318
0.0685,5757,Virtual,Middle_MCP,-17.597640,1.030344,20.878750,-0.533237,-0.239077,-0.086396,0.806868
0.0685,5757,Virtual,Middle_PIP,-17.551660,1.036445,20.903990,-0.469701,-0.347680,-0.257111,0.769672
0.0685,5757,Virtual,Middle_DIP,-17.534300,1.034528,20.925520,-0.393795,-0.431770,-0.400779,0.705604
0.0685,5757,Virtual,Middle_FingerTip,-17.525650,1.028146,20.951690,-0.393795,-0.431770,-0.400779,0.705604
0.0685,5757,Virtual,Ring_MCP,-17.594710,1.006970,20.871730,-0.559804,-0.229413,-0.067781,0.793344
0.0685,5757,Virtual,Ring_PIP,-17.553500,1.013918,20.892190,-0.508765,-0.327367,-0.210888,0.767799
0.0685,5757,Virtual,Ring_DIP,-17.535150,1.014162,20.911090,-0.448270,-0.406281,-0.333807,0.722885
0.0685,5757,Virtual,Ring_FingerTip,-17.523620,1.011109,20.933970,-0.448270,-0.406281,-0.333807,0.722885
0.0685,5757,Virtual,Pinky_MCP,-17.597280,0.985420,20.866300,-0.573375,-0.231951,-0.069008,0.782738
0.0685,5757,Virtual,Pinky_PIP,-17.562520,0.991639,20.883710,-0.521648,-0.332330,-0.210166,0.757146
0.0685,5757,Virtual,Pinky_DIP,-17.549840,0.992162,20.896960,-0.460166,-0.413288,-0.331350,0.712494
0.0685,5757,Virtual,Pinky_FingerTip,-17.541440,0.990403,20.914090,-0.460166,-0.413288,-0.331350,0.712494
0.0685,5757,Render,Wrist,-17.700860,0.999997,20.853250,-0.564682,-0.150445,0.044152,0.810279
0.0685,5757,Render,Thumb_CMC,-17.676240,1.034501,20.874300,0.056561,-0.343853,0.417603,0.839151
0.0685,5757,Render,Thumb_MCP,-17.658020,1.063568,20.901710,0.093265,-0.335761,0.324797,0.879246
0.0685,5757,Render,Thumb_IP,-17.630390,1.088501,20.933640,0.156319,-0.311446,0.148980,0.925403
0.0685,5757,Render,Thumb_FingerTip,-17.608690,1.093584,20.951390,0.156319,-0.311446,0.148980,0.925403
0.0685,5757,Render,Index_MCP,-17.606550,1.053932,20.889550,-0.511057,-0.201163,-0.034059,0.834982
0.0685,5757,Render,Index_PIP,-17.563620,1.060897,20.906910,-0.479253,-0.268259,-0.146374,0.822757
0.0685,5757,Render,Index_DIP,-17.542510,1.061319,20.922010,-0.443120,-0.324485,-0.245227,0.798886
0.0685,5757,Render,Index_FingerTip,-17.524510,1.058515,20.941800,-0.443120,-0.324485,-0.245227,0.798886
0.0685,5757,Render,Middle_MCP,-17.597640,1.030344,20.878750,-0.536699,-0.231201,-0.074508,0.808053
0.0685,5757,Render,Middle_PIP,-17.551070,1.037090,20.902700,-0.478490,-0.335480,-0.237223,0.776032
0.0685,5757,Render,Middle_DIP,-17.532710,1.035783,20.923430,-0.408929,-0.417464,-0.375383,0.719437
0.0685,5757,Render,Middle_FingerTip,-17.522250,1.030160,20.949110,-0.408929,-0.417464,-0.375383,0.719437
0.0685,5757,Render,Ring_MCP,-17.594710,1.006970,20.871730,-0.564326,-0.218052,-0.051733,0.794552
0.0685,5757,Render,Ring_PIP,-17.552850,1.014597,20.890560,-0.521759,-0.306232,-0.179231,0.775800
0.0685,5757,Render,Ring_DIP,-17.533140,1.015689,20.908010,-0.471724,-0.378797,-0.290058,0.741523
0.0685,5757,Render,Ring_FingerTip,-17.519090,1.013811,20.929570,-0.471724,-0.378797,-0.290058,0.741523
0.0685,5757,Render,Pinky_MCP,-17.597280,0.985420,20.866300,-0.577945,-0.220315,-0.053175,0.783973
0.0685,5757,Render,Pinky_PIP,-17.561950,0.992164,20.882310,-0.534835,-0.310663,-0.178947,0.765127
0.0685,5757,Render,Pinky_DIP,-17.548320,0.993237,20.894550,-0.484017,-0.385081,-0.288226,0.731004
0.0685,5757,Render,Pinky_FingerTip,-17.538030,0.992306,20.910680,-0.484017,-0.385081,-0.288226,0.731004
0.0827,5758,Real,Wrist,-17.702870,0.969631,20.869410,-0.565312,-0.152680,0.040860,0.809594
0.0827,5758,Real,Thumb_CMC,-17.678300,1.004076,20.890620,0.060232,-0.351889,0.408287,0.840148
0.0827,5758,Real,Thumb_MCP,-17.659900,1.032339,20.918750,0.098309,-0.343204,0.314074,0.879718
0.0827,5758,Real,Thumb_IP,-17.632090,1.056124,20.951380,0.163585,-0.317323,0.135805,0.924177
0.0827,5758,Real,Thumb_FingerTip,-17.610390,1.060319,20.969370,0.163585,-0.317323,0.135805,0.924177
0.0827,5758,Real,Index_MCP,-17.608680,1.023312,20.906390,-0.508668,-0.210502,-0.048458,0.833426
0.0827,5758,Real,Index_PIP,-17.566220,1.029558,20.925130,-0.475527,-0.277359,-0.160723,0.819216
0.0827,5758,Real,Index_DIP,-17.545600,1.029570,20.940900,-0.438210,-0.333207,-0.259295,0.793544
0.0827,5758,Real,Index_FingerTip,-17.528290,1.026355,20.961230,-0.438210,-0.333207,-0.259295,0.793544
0.0827,5758,Real,Middle_MCP,-17.599760,0.999691,20.895680,-0.533500,-0.241384,-0.089535,0.805664
0.0827,5758,Real,Middle_PIP,-17.553950,1.005673,20.921260,-0.469464,-0.349990,-0.259920,0.767824
0.0827,5758,Real,Middle_DIP,-17.536770,1.003718,20.942920,-0.393116,-0.433991,-0.403179,0.703248
0.0827,5758,Real,Middle_FingerTip,-17.528330,0.997327,20.969160,-0.393116,-0.433991,-0.403179,0.703248
0.0827,5758,Real,Ring_MCP,-17.596850,0.976304,20.888690,-0.560120,-0.231624,-0.071005,0.792197
0.0827,5758,Real,Ring_PIP,-17.555770,0.983144,20.909460,-0.508673,-0.329598,-0.213850,0.766084
0.0827,5758,Real,Ring_DIP,-17.537560,0.983346,20.928500,-0.447814,-0.408468,-0.336447,0.720708
0.0827,5758,Real,Ring_FingerTip,-17.526210,0.980272,20.951460,-0.447814,-0.408468,-0.336447,0.720708
0.0827,5758,Real,Pinky_MCP,-17.599430,0.954759,20.883250,-0.573686,-0.234102,-0.072267,0.781574
0.0827,5758,Real,Pinky_PIP,-17.564790,0.960887,20.900920,-0.521563,-0.334502,-0.213160,0.755410
0.0827,5758,Real,Pinky_DIP,-17.552210,0.961380,20.914270,-0.459726,-0.415417,-0.334018,0.710291
0.0827,5758,Real,Pinky_FingerTip,-17.543940,0.959607,20.931460,-0.459726,-0.415417,-0.334018,0.710291
0.0827,5758,Virtual,Wrist,-17.700580,1.000336,20.854580,-0.564255,-0.151967,0.042032,0.810405
0.0827,5758,Virtual,Thumb_CMC,-17.675990,1.034766,20.875800,0.061973,-0.351117,0.408379,0.840300
0.0827,5758,Virtual,Thumb_MCP,-17.657560,1.062992,20.903940,0.099955,-0.342247,0.314148,0.879879
0.0827,5758,Virtual,Thumb_IP,-17.629690,1.086743,20.936550,0.165012,-0.316062,0.135846,0.924350
0.0827,5758,Virtual,Thumb_FingerTip,-17.607930,1.090927,20.954480,0.165012,-0.316062,0.135846,0.924350
0.0827,5758,Virtual,Index_MCP,-17.606360,1.054061,20.891420,-0.507672,-0.209619,-0.047414,0.834315
0.0827,5758,Virtual,Index_PIP,-17.563850,1.060323,20.910060,-0.474659,-0.276349,-0.159809,0.820239
0.0827,5758,Virtual,Index_DIP,-17.543190,1.060328,20.925760,-0.437471,-0.332098,-0.258512,0.794671
0.0827,5758,Virtual,Index_FingerTip,-17.525820,1.057092,20.946040,-0.437471,-0.332098,-0.258512,0.794671
0.0827,5758,Virtual,Middle_MCP,-17.597430,1.030476,20.880620,-0.532572,-0.240511,-0.088509,0.806653
0.0827,5758,Virtual,Middle_PIP,-17.551560,1.036464,20.906090,-0.468743,-0.348938,-0.259129,0.769009
0.0827,5758,Virtual,Middle_DIP,-17.534320,1.034484,20.927700,-0.392612,-0.432820,-0.402632,0.704564
0.0827,5758,Virtual,Middle_FingerTip,-17.525790,1.028046,20.953910,-0.392612,-0.432820,-0.402632,0.704564
0.0827,5758,Virtual,Ring_MCP,-17.594500,1.007109,20.873570,-0.559186,-0.230808,-0.069939,0.793188
0.0827,5758,Virtual,Ring_PIP,-17.553380,1.013958,20.894260,-0.507904,-0.328627,-0.212983,0.767253
0.0827,5758,Virtual,Ring_DIP,-17.535120,1.014143,20.913240,-0.447214,-0.407383,-0.335783,0.722003
0.0827,5758,Virtual,Ring_FingerTip,-17.523700,1.011034,20.936160,-0.447214,-0.407383,-0.335783,0.722003
0.0827,5758,Virtual,Pinky_MCP,-17.597080,0.985572,20.868100,-0.572764,-0.233309,-0.071192,0.782585
0.0827,5758,Virtual,Pinky_PIP,-17.562390,0.991708,20.885680,-0.520801,-0.333554,-0.212287,0.756599
0.0827,5758,Virtual,Pinky_DIP,-17.549780,0.992188,20.899010,-0.459130,-0.414357,-0.333352,0.711607
0.0827,5758,Virtual,Pinky_FingerTip,-17.541460,0.990389,20.916170,-0.459130,-0.414357,-0.333352,0.711607
0.0827,5758,Render,Wrist,-17.700580,1.000336,20.854580,-0.564255,-0.151967,0.042032,0.810405
0.0827,5758,Render,Thumb_CMC,-17.675990,1.034766,20.875800,0.061973,-0.351117,0.408379,0.840300
0.0827,5758,Render,Thumb_MCP,-17.657560,1.062992,20.903940,0.099955,-0.342247,0.314148,0.879879
0.0827,5758,Render,Thumb_IP,-17.629690,1.086743,20.936550,0.165012,-0.316062,0.135846,0.924350
0.0827,5758,Render,Thumb_FingerTip,-17.607930,1.090927,20.954480,0.165012,-0.316062,0.135846,0.924350
0.0827,5758,Render,Index_MCP,-17.606360,1.054061,20.891420,-0.507672,-0.209619,-0.047414,0.834315
0.0827,5758,Render,Index_PIP,-17.563850,1.060323,20.910060,-0.474659,-0.276349,-0.159809,0.820239
0.0827,5758,Render,Index_DIP,-17.543190,1.060328,20.925760,-0.437471,-0.332098,-0.258512,0.794671
0.0827,5758,Render,Index_FingerTip,-17.525820,1.057092,20.946040,-0.437471,-0.332098,-0.258512,0.794671
0.0827,5758,Render,Middle_MCP,-17.597430,1.030476,20.880620,-0.532572,-0.240511,-0.088509,0.806653
0.0827,5758,Render,Middle_PIP,-17.551560,1.036464,20.906090,-0.468743,-0.348938,-0.259129,0.769009
0.0827,5758,Render,Middle_DIP,-17.534320,1.034484,20.927700,-0.392612,-0.432820,-0.402632,0.704564
0.0827,5758,Render,Middle_FingerTip,-17.525790,1.028046,20.953910,-0.392612,-0.432820,-0.402632,0.704564
0.0827,5758,Render,Ring_MCP,-17.594500,1.007109,20.873570,-0.559186,-0.230808,-0.069939,0.793188
0.0827,5758,Render,Ring_PIP,-17.553380,1.013958,20.894260,-0.507904,-0.328627,-0.212983,0.767253
0.0827,5758,Render,Ring_DIP,-17.535120,1.014143,20.913240,-0.447214,-0.407383,-0.335783,0.722003
0.0827,5758,Render,Ring_FingerTip,-17.523700,1.011034,20.936160,-0.447214,-0.407383,-0.335783,0.722003
0.0827,5758,Render,Pinky_MCP,-17.597080,0.985572,20.868100,-0.572764,-0.233309,-0.071192,0.782585
0.0827,5758,Render,Pinky_PIP,-17.562390,0.991708,20.885680,-0.520801,-0.333554,-0.212287,0.756599
0.0827,5758,Render,Pinky_DIP,-17.549780,0.992188,20.899010,-0.459130,-0.414357,-0.333352,0.711607
0.0827,5758,Render,Pinky_FingerTip,-17.541460,0.990389,20.916170,-0.459130,-0.414357,-0.333352,0.711607
0.0965,5759,Real,Wrist,-17.703270,0.968891,20.870530,-0.565442,-0.153063,0.039998,0.809473
0.0965,5759,Real,Thumb_CMC,-17.678700,1.003312,20.891790,0.067424,-0.358740,0.397466,0.841891
0.0965,5759,Real,Thumb_MCP,-17.659970,1.030575,20.920670,0.107063,-0.348967,0.300966,0.881011
0.0965,5759,Real,Thumb_IP,-17.631760,1.052913,20.953970,0.174715,-0.320491,0.118619,0.923412
0.0965,5759,Real,Thumb_FingerTip,-17.609910,1.055964,20.972030,0.174715,-0.320491,0.118619,0.923412
0.0965,5759,Real,Index_MCP,-17.609080,1.022480,20.907670,-0.505637,-0.218303,-0.061382,0.832411
0.0965,5759,Real,Index_PIP,-17.567070,1.028033,20.927600,-0.471164,-0.285182,-0.174263,0.816277
0.0965,5759,Real,Index_DIP,-17.546910,1.027624,20.943940,-0.432599,-0.340856,-0.273134,0.788716
0.0965,5759,Real,Index_FingerTip,-17.530280,1.023967,20.964770,-0.432599,-0.340856,-0.273134,0.788716
0.0965,5759,Real,Middle_MCP,-17.600160,0.998849,20.896970,-0.529165,-0.251273,-0.104735,0.803665
0.0965,5759,Real,Middle_PIP,-17.555190,1.004002,20.924140,-0.458464,-0.364642,-0.284116,0.759029
0.0965,5759,Real,Middle_DIP,-17.539310,1.001315,20.946710,-0.374311,-0.450605,-0.433173,0.684987
0.0965,5759,Real,Middle_FingerTip,-17.533120,0.994068,20.973360,-0.374311,-0.450605,-0.433173,0.684987
0.0965,5759,Real,Ring_MCP,-17.597270,0.975460,20.889980,-0.553715,-0.247070,-0.093252,0.789722
0.0965,5759,Real,Ring_PIP,-17.557220,0.981338,20.912950,-0.490410,-0.356570,-0.255062,0.753193
0.0965,5759,Real,Ring_DIP,-17.541000,0.980430,20.933690,-0.415091,-0.441976,-0.391392,0.692220
0.0965,5759,Real,Ring_FingerTip,-17.533190,0.975916,20.957860,-0.415091,-0.441976,-0.391392,0.692220
0.0965,5759,Real,Pinky_MCP,-17.599860,0.953917,20.884550,-0.567210,-0.249899,-0.094232,0.779067
0.0965,5759,Real,Pinky_PIP,-17.566110,0.959297,20.904080,-0.503024,-0.362137,-0.253810,0.742567
0.0965,5759,Real,Pinky_DIP,-17.554940,0.959066,20.918630,-0.426442,-0.449804,-0.388176,0.682015
0.0965,5759,Real,Pinky_FingerTip,-17.549310,0.956272,20.936740,-0.426442,-0.449804,-0.388176,0.682015
0.0965,5759,Virtual,Wrist,-17.700530,1.000226,20.855780,-0.565312,-0.152680,0.040860,0.809594
0.0965,5759,Virtual,Thumb_CMC,-17.675960,1.034670,20.877000,0.067951,-0.358025,0.397819,0.841987
0.0965,5759,Virtual,Thumb_MCP,-17.657200,1.061950,20.905840,0.107507,-0.348198,0.301306,0.881145
0.0965,5759,Virtual,Thumb_IP,-17.628970,1.084314,20.939110,0.174996,-0.319649,0.118926,0.923611
0.0965,5759,Virtual,Thumb_FingerTip,-17.607100,1.087387,20.957120,0.174996,-0.319649,0.118926,0.923611
0.0965,5759,Virtual,Index_MCP,-17.606340,1.053907,20.892770,-0.505557,-0.217869,-0.060559,0.832634
0.0965,5759,Virtual,Index_PIP,-17.564300,1.059500,20.912620,-0.471144,-0.284740,-0.173479,0.816610
0.0965,5759,Virtual,Index_DIP,-17.544120,1.059110,20.928930,-0.432633,-0.340415,-0.272396,0.789143
0.0965,5759,Virtual,Index_FingerTip,-17.527440,1.055468,20.949730,-0.432633,-0.340415,-0.272396,0.789143
0.0965,5759,Virtual,Middle_MCP,-17.597410,1.030285,20.882050,-0.529105,-0.250872,-0.103908,0.803937
0.0965,5759,Virtual,Middle_PIP,-17.552400,1.035482,20.909150,-0.458497,-0.364238,-0.283372,0.759482
0.0965,5759,Virtual,Middle_DIP,-17.536480,1.032809,20.931690,-0.374425,-0.450216,-0.432538,0.685582
0.0965,5759,Virtual,Middle_FingerTip,-17.530250,1.025566,20.958320,-0.374425,-0.450216,-0.432538,0.685582
0.0965,5759,Virtual,Ring_MCP,-17.594500,1.006899,20.875060,-0.553648,-0.246693,-0.092412,0.789985
0.0965,5759,Virtual,Ring_PIP,-17.554430,1.012816,20.897960,-0.490422,-0.356187,-0.254294,0.753626
0.0965,5759,Virtual,Ring_DIP,-17.538180,1.011923,20.918670,-0.415175,-0.441603,-0.390720,0.692788
0.0965,5759,Virtual,Ring_FingerTip,-17.530310,1.007416,20.942830,-0.415175,-0.441603,-0.390720,0.692788
0.0965,5759,Virtual,Pinky_MCP,-17.597090,0.985354,20.869620,-0.567142,-0.249538,-0.093386,0.779333
0.0965,5759,Virtual,Pinky_PIP,-17.563310,0.990767,20.889100,-0.503033,-0.361769,-0.253037,0.743003
0.0965,5759,Virtual,Pinky_DIP,-17.552120,0.990546,20.903640,-0.426519,-0.449444,-0.387499,0.682588
0.0965,5759,Virtual,Pinky_FingerTip,-17.546450,0.987756,20.921730,-0.426519,-0.449444,-0.387499,0.682588
0.0965,5759,Render,Wrist,-17.700530,1.000226,20.855780,-0.565312,-0.152680,0.040860,0.809594
0.0965,5759,Render,Thumb_CMC,-17.675960,1.034670,20.877000,0.060233,-0.351888,0.408287,0.840148
0.0965,5759,Render,Thumb_MCP,-17.657560,1.062934,20.905120,0.098309,-0.343204,0.314074,0.879718
0.0965,5759,Render,Thumb_IP,-17.629760,1.086719,20.937760,0.163585,-0.317322,0.135805,0.924178
0.0965,5759,Render,Thumb_FingerTip,-17.608050,1.090914,20.955740,0.163585,-0.317322,0.135805,0.924178
0.0965,5759,Render,Index_MCP,-17.606340,1.053907,20.892770,-0.508668,-0.210502,-0.048458,0.833426
0.0965,5759,Render,Index_PIP,-17.563880,1.060152,20.911500,-0.475527,-0.277359,-0.160723,0.819216
0.0965,5759,Render,Index_DIP,-17.543260,1.060164,20.927270,-0.438210,-0.333206,-0.259295,0.793545
0.0965,5759,Render,Index_FingerTip,-17.525950,1.056950,20.947610,-0.438210,-0.333206,-0.259295,0.793545
0.0965,5759,Render,Middle_MCP,-17.597410,1.030285,20.882050,-0.533500,-0.241384,-0.089535,0.805664
0.0965,5759,Render,Middle_PIP,-17.551610,1.036268,20.907630,-0.469464,-0.349989,-0.259920,0.767824
0.0965,5759,Render,Middle_DIP,-17.534430,1.034313,20.929290,-0.393117,-0.433991,-0.403179,0.703248
0.0965,5759,Render,Middle_FingerTip,-17.525990,1.027921,20.955540,-0.393117,-0.433991,-0.403179,0.703248
0.0965,5759,Render,Ring_MCP,-17.594500,1.006899,20.875060,-0.560120,-0.231623,-0.071004,0.792197
0.0965,5759,Render,Ring_PIP,-17.553430,1.013739,20.895840,-0.508673,-0.329598,-0.213850,0.766085
0.0965,5759,Render,Ring_DIP,-17.535220,1.013941,20.914870,-0.447814,-0.408468,-0.336447,0.720708
0.0965,5759,Render,Ring_FingerTip,-17.523870,1.010867,20.937830,-0.447814,-0.408468,-0.336447,0.720708
0.0965,5759,Render,Pinky_MCP,-17.597090,0.985354,20.869620,-0.573686,-0.234102,-0.072267,0.781575
0.0965,5759,Render,Pinky_PIP,-17.562450,0.991481,20.887290,-0.521563,-0.334501,-0.213160,0.755410
0.0965,5759,Render,Pinky_DIP,-17.549880,0.991975,20.900640,-0.459726,-0.415416,-0.334018,0.710291
0.0965,5759,Render,Pinky_FingerTip,-17.541600,0.990202,20.917830,-0.459726,-0.415416,-0.334018,0.710291
0.1107,5760,Real,Wrist,-17.703570,0.968552,20.871120,-0.564041,-0.153185,0.040317,0.810412
0.1107,5760,Real,Thumb_CMC,-17.679020,1.002929,20.892480,0.079250,-0.367471,0.384489,0.843121
0.1107,5760,Real,Thumb_MCP,-17.659950,1.028841,20.922360,0.121264,-0.355824,0.284285,0.881968
0.1107,5760,Real,Thumb_IP,-17.631260,1.049196,20.956510,0.192412,-0.322944,0.095220,0.921747
0.1107,5760,Real,Thumb_FingerTip,-17.609220,1.050657,20.974520,0.192412,-0.322944,0.095220,0.921747
0.1107,5760,Real,Index_MCP,-17.609420,1.022115,20.908380,-0.501413,-0.224538,-0.071633,0.832488
0.1107,5760,Real,Index_PIP,-17.567790,1.027075,20.929250,-0.465820,-0.291281,-0.185300,0.814759
0.1107,5760,Real,Index_DIP,-17.548020,1.026281,20.946050,-0.426214,-0.346662,-0.284656,0.785582
0.1107,5760,Real,Index_FingerTip,-17.531940,1.022199,20.967230,-0.426214,-0.346662,-0.284656,0.785582
0.1107,5760,Real,Middle_MCP,-17.600480,0.998529,20.897590,-0.523025,-0.260868,-0.119463,0.802572
0.1107,5760,Real,Middle_PIP,-17.556370,1.002813,20.926310,-0.445385,-0.378470,-0.308083,0.750652
0.1107,5760,Real,Middle_DIP,-17.541850,0.999337,20.949660,-0.353212,-0.465671,-0.462823,0.666475
0.1107,5760,Real,Middle_FingerTip,-17.537950,0.991188,20.976480,-0.353212,-0.465671,-0.462823,0.666475
0.1107,5760,Real,Ring_MCP,-17.597560,0.975165,20.890540,-0.544385,-0.264038,-0.117653,0.787456
0.1107,5760,Real,Ring_PIP,-17.558800,0.979920,20.915850,-0.466942,-0.384755,-0.299696,0.737639
0.1107,5760,Real,Ring_DIP,-17.544990,0.977738,20.938170,-0.374653,-0.475085,-0.449411,0.657236
0.1107,5760,Real,Ring_FingerTip,-17.541260,0.971681,20.962970,-0.374653,-0.475085,-0.449411,0.657236
0.1107,5760,Real,Pinky_MCP,-17.600150,0.953637,20.885030,-0.557801,-0.267294,-0.118308,0.776799
0.1107,5760,Real,Pinky_PIP,-17.567500,0.958140,20.906570,-0.479214,-0.391078,-0.297824,0.727127
0.1107,5760,Real,Pinky_DIP,-17.558020,0.957071,20.922250,-0.385304,-0.483868,-0.445351,0.647360
0.1107,5760,Real,Pinky_FingerTip,-17.555430,0.953168,20.940820,-0.385304,-0.483868,-0.445351,0.647360
0.1107,5760,Virtual,Wrist,-17.700550,1.000320,20.856550,-0.565442,-0.153063,0.039999,0.809473
0.1107,5760,Virtual,Thumb_CMC,-17.675980,1.034741,20.877810,0.077590,-0.367123,0.384682,0.843339
0.1107,5760,Virtual,Thumb_MCP,-17.656900,1.060730,20.907610,0.119574,-0.355671,0.284451,0.882206
0.1107,5760,Virtual,Thumb_IP,-17.628210,1.081168,20.941720,0.190728,-0.323145,0.095333,0.922015
0.1107,5760,Virtual,Thumb_FingerTip,-17.606180,1.082665,20.959740,0.190728,-0.323145,0.095333,0.922015
0.1107,5760,Virtual,Index_MCP,-17.606360,1.053909,20.893690,-0.502856,-0.224635,-0.071829,0.831575
0.1107,5760,Virtual,Index_PIP,-17.564740,1.058894,20.914560,-0.467235,-0.291575,-0.185368,0.813827
0.1107,5760,Virtual,Index_DIP,-17.544980,1.058135,20.931380,-0.427582,-0.347129,-0.284609,0.784649
0.1107,5760,Virtual,Index_FingerTip,-17.528920,1.054106,20.952580,-0.427582,-0.347129,-0.284609,0.784649
0.1107,5760,Virtual,Middle_MCP,-17.597440,1.030278,20.882980,-0.524424,-0.261023,-0.119591,0.801589
0.1107,5760,Virtual,Middle_PIP,-17.553340,1.034611,20.911710,-0.446706,-0.378955,-0.307972,0.749667
0.1107,5760,Virtual,Middle_DIP,-17.538840,1.031196,20.935080,-0.354397,-0.466430,-0.462502,0.665537
0.1107,5760,Virtual,Middle_FingerTip,-17.534960,1.023130,20.961930,-0.354397,-0.466430,-0.462502,0.665537
0.1107,5760,Virtual,Ring_MCP,-17.594540,1.006889,20.876000,-0.545761,-0.264175,-0.117774,0.786439
0.1107,5760,Virtual,Ring_PIP,-17.555790,1.011687,20.901320,-0.468247,-0.385212,-0.299575,0.736622
0.1107,5760,Virtual,Ring_DIP,-17.542000,1.009564,20.923660,-0.375831,-0.475809,-0.449076,0.656268
0.1107,5760,Virtual,Ring_FingerTip,-17.538290,1.003584,20.948480,-0.375831,-0.475809,-0.449076,0.656268
0.1107,5760,Virtual,Pinky_MCP,-17.597140,0.985346,20.870560,-0.559161,-0.267423,-0.118422,0.775758
0.1107,5760,Virtual,Pinky_PIP,-17.564510,0.989886,20.892110,-0.480506,-0.391523,-0.297691,0.726089
0.1107,5760,Virtual,Pinky_DIP,-17.555040,0.988858,20.907790,-0.386472,-0.484577,-0.445000,0.646375
0.1107,5760,Virtual,Pinky_FingerTip,-17.552460,0.985013,20.926380,-0.386472,-0.484577,-0.445000,0.646375
0.1107,5760,Render,Wrist,-17.700550,1.000320,20.856550,-0.565442,-0.153063,0.039999,0.809473
0.1107,5760,Render,Thumb_CMC,-17.675980,1.034741,20.877810,0.067424,-0.358739,0.397466,0.841891
0.1107,5760,Render,Thumb_MCP,-17.657240,1.062004,20.906680,0.107063,-0.348966,0.300966,0.881011
0.1107,5760,Render,Thumb_IP,-17.629030,1.084342,20.939990,0.174715,-0.320491,0.118619,0.923412
0.1107,5760,Render,Thumb_FingerTip,-17.607190,1.087393,20.958040,0.174715,-0.320491,0.118619,0.923412
0.1107,5760,Render,Index_MCP,-17.606360,1.053909,20.893690,-0.505637,-0.218303,-0.061382,0.832411
0.1107,5760,Render,Index_PIP,-17.564350,1.059461,20.913610,-0.471165,-0.285182,-0.174263,0.816277
0.1107,5760,Render,Index_DIP,-17.544190,1.059052,20.929950,-0.432599,-0.340855,-0.273134,0.788717
0.1107,5760,Render,Index_FingerTip,-17.527560,1.055395,20.950780,-0.432599,-0.340855,-0.273134,0.788717
0.1107,5760,Render,Middle_MCP,-17.597440,1.030278,20.882980,-0.529165,-0.251272,-0.104735,0.803665
0.1107,5760,Render,Middle_PIP,-17.552460,1.035431,20.910160,-0.458465,-0.364642,-0.284115,0.759029
0.1107,5760,Render,Middle_DIP,-17.536590,1.032744,20.932730,-0.374311,-0.450604,-0.433173,0.684988
0.1107,5760,Render,Middle_FingerTip,-17.530410,1.025496,20.959380,-0.374311,-0.450604,-0.433173,0.684988
0.1107,5760,Render,Ring_MCP,-17.594540,1.006889,20.876000,-0.553715,-0.247069,-0.093252,0.789722
0.1107,5760,Render,Ring_PIP,-17.554500,1.012767,20.898960,-0.490410,-0.356569,-0.255061,0.753194
0.1107,5760,Render,Ring_DIP,-17.538280,1.011859,20.919700,-0.415092,-0.441976,-0.391392,0.692220
0.1107,5760,Render,Ring_FingerTip,-17.530460,1.007345,20.943880,-0.415092,-0.441976,-0.391392,0.692220
0.1107,5760,Render,Pinky_MCP,-17.597140,0.985346,20.870560,-0.567210,-0.249898,-0.094232,0.779067
0.1107,5760,Render,Pinky_PIP,-17.563390,0.990726,20.890100,-0.503024,-0.362136,-0.253809,0.742567
0.1107,5760,Render,Pinky_DIP,-17.552220,0.990495,20.904650,-0.426442,-0.449803,-0.388175,0.682015
0.1107,5760,Render,Pinky_FingerTip,-17.546590,0.987701,20.922750,-0.426442,-0.449803,-0.388175,0.682015
0.1247,5761,Real,Wrist,-17.703870,0.968252,20.871420,-0.562216,-0.153645,0.039907,0.811613
0.1247,5761,Real,Thumb_CMC,-17.679340,1.002540,20.892940,0.091708,-0.376613,0.370423,0.844121
0.1247,5761,Real,Thumb_MCP,-17.659940,1.026967,20.923840,0.136263,-0.362877,0.266393,0.882489
0.1247,5761,Real,Thumb_IP,-17.630780,1.045172,20.958810,0.211079,-0.325105,0.070473,0.919123
0.1247,5761,Real,Thumb_FingerTip,-17.608590,1.044952,20.976680,0.211079,-0.325105,0.070473,0.919123
0.1247,5761,Real,Index_MCP,-17.609760,1.021677,20.908980,-0.496912,-0.230387,-0.081613,0.832671
0.1247,5761,Real,Index_PIP,-17.568530,1.026035,20.930740,-0.460452,-0.296620,-0.195499,0.813499
0.1247,5761,Real,Index_DIP,-17.549120,1.024869,20.947940,-0.420114,-0.351431,-0.294873,0.782976
0.1247,5761,Real,Index_FingerTip,-17.533540,1.020391,20.969410,-0.420114,-0.351431,-0.294873,0.782976
0.1247,5761,Real,Middle_MCP,-17.600810,0.998142,20.898090,-0.516383,-0.270261,-0.134488,0.801387
0.1247,5761,Real,Middle_PIP,-17.557630,1.001499,20.928300,-0.432269,-0.390943,-0.330852,0.742189
0.1247,5761,Real,Middle_DIP,-17.544450,0.997254,20.952320,-0.332832,-0.478452,-0.489891,0.648316
0.1247,5761,Real,Middle_FingerTip,-17.542690,0.988291,20.979100,-0.332832,-0.478452,-0.489891,0.648316
0.1247,5761,Real,Ring_MCP,-17.597880,0.974811,20.890930,-0.534196,-0.280622,-0.142399,0.784607
0.1247,5761,Real,Ring_PIP,-17.560560,0.978364,20.918500,-0.442838,-0.409889,-0.341543,0.720579
0.1247,5761,Real,Ring_DIP,-17.549210,0.974961,20.942030,-0.334336,-0.502329,-0.501039,0.620359
0.1247,5761,Real,Ring_FingerTip,-17.549390,0.967588,20.966750,-0.334336,-0.502329,-0.501039,0.620359
0.1247,5761,Real,Pinky_MCP,-17.600450,0.953307,20.885320,-0.547529,-0.284285,-0.142742,0.773963
0.1247,5761,Real,Pinky_PIP,-17.569040,0.956864,20.908800,-0.454760,-0.416894,-0.339106,0.710212
0.1247,5761,Real,Pinky_DIP,-17.561290,0.954984,20.925320,-0.344282,-0.511934,-0.496238,0.610853
0.1247,5761,Real,Pinky_FingerTip,-17.561610,0.950122,20.943860,-0.344282,-0.511934,-0.496238,0.610853
0.1247,5761,Virtual,Wrist,-17.700640,1.000579,20.856790,-0.564041,-0.153185,0.040317,0.810412
0.1247,5761,Virtual,Thumb_CMC,-17.676090,1.034956,20.878150,0.089887,-0.375506,0.371099,0.844513
0.1247,5761,Virtual,Thumb_MCP,-17.656660,1.059515,20.908920,0.134322,-0.361997,0.267017,0.882960
0.1247,5761,Virtual,Thumb_IP,-17.627470,1.077866,20.943780,0.208994,-0.324662,0.070982,0.919716
0.1247,5761,Virtual,Thumb_FingerTip,-17.605270,1.077720,20.961650,0.208994,-0.324662,0.070982,0.919716
0.1247,5761,Virtual,Index_MCP,-17.606490,1.054142,20.894050,-0.498838,-0.230202,-0.081057,0.831623
0.1247,5761,Virtual,Index_PIP,-17.565240,1.058584,20.915770,-0.462385,-0.296702,-0.194805,0.812538
0.1247,5761,Virtual,Index_DIP,-17.545820,1.057489,20.932950,-0.422022,-0.351753,-0.294065,0.782109
0.1247,5761,Virtual,Index_FingerTip,-17.530230,1.053102,20.954430,-0.422022,-0.351753,-0.294065,0.782109
0.1247,5761,Virtual,Middle_MCP,-17.597550,1.030556,20.883260,-0.518265,-0.270202,-0.133831,0.800301
0.1247,5761,Virtual,Middle_PIP,-17.554350,1.034034,20.913420,-0.434105,-0.391357,-0.329944,0.741303
0.1247,5761,Virtual,Middle_DIP,-17.541160,1.029892,20.937450,-0.334527,-0.479269,-0.488807,0.647658
0.1247,5761,Virtual,Middle_FingerTip,-17.539380,1.021049,20.964270,-0.334527,-0.479269,-0.488807,0.647658
0.1247,5761,Virtual,Ring_MCP,-17.594640,1.007192,20.876200,-0.536044,-0.280584,-0.141711,0.783485
0.1247,5761,Virtual,Ring_PIP,-17.557290,1.010857,20.903730,-0.444632,-0.410333,-0.340586,0.719674
0.1247,5761,Virtual,Ring_DIP,-17.545930,1.007555,20.927270,-0.335976,-0.503181,-0.499897,0.619704
0.1247,5761,Virtual,Ring_FingerTip,-17.546090,1.000293,20.952030,-0.335976,-0.503181,-0.499897,0.619704
0.1247,5761,Virtual,Pinky_MCP,-17.597210,0.985664,20.870690,-0.549354,-0.284249,-0.142039,0.772812
0.1247,5761,Virtual,Pinky_PIP,-17.565800,0.989316,20.894130,-0.456531,-0.417333,-0.338128,0.709283
0.1247,5761,Virtual,Pinky_DIP,-17.558040,0.987507,20.910660,-0.345901,-0.512777,-0.495069,0.610180
0.1247,5761,Virtual,Pinky_FingerTip,-17.558340,0.982729,20.929210,-0.345901,-0.512777,-0.495069,0.610180
0.1247,5761,Render,Wrist,-17.700640,1.000579,20.856790,-0.564041,-0.153185,0.040317,0.810412
0.1247,5761,Render,Thumb_CMC,-17.676090,1.034956,20.878150,0.128616,-0.351181,0.289940,0.880946
0.1247,5761,Render,Thumb_MCP,-17.650400,1.053421,20.908590,0.154718,-0.340488,0.222721,0.900292
0.1247,5761,Render,Thumb_IP,-17.617600,1.067918,20.942030,0.199306,-0.316460,0.099029,0.922130
0.1247,5761,Render,Thumb_FingerTip,-17.595370,1.069528,20.959780,0.199306,-0.316460,0.099029,0.922130
0.1247,5761,Render,Index_MCP,-17.606490,1.054142,20.894050,-0.501413,-0.224538,-0.071633,0.832488
0.1247,5761,Render,Index_PIP,-17.564860,1.059102,20.914920,-0.465820,-0.291281,-0.185300,0.814759
0.1247,5761,Render,Index_DIP,-17.545100,1.058308,20.931720,-0.426214,-0.346662,-0.284656,0.785582
0.1247,5761,Render,Index_FingerTip,-17.529020,1.054226,20.952900,-0.426214,-0.346662,-0.284656,0.785582
0.1247,5761,Render,Middle_MCP,-17.597550,1.030556,20.883260,-0.523025,-0.260868,-0.119463,0.802572
0.1247,5761,Render,Middle_PIP,-17.553440,1.034840,20.911970,-0.445385,-0.378470,-0.308083,0.750651
0.1247,5761,Render,Middle_DIP,-17.538930,1.031364,20.935330,-0.353212,-0.465671,-0.462823,0.666475
0.1247,5761,Render,Middle_FingerTip,-17.535020,1.023215,20.962150,-0.353212,-0.465671,-0.462823,0.666475
0.1247,5761,Render,Ring_MCP,-17.594640,1.007192,20.876200,-0.544385,-0.264038,-0.117653,0.787456
0.1247,5761,Render,Ring_PIP,-17.555880,1.011947,20.901520,-0.466941,-0.384755,-0.299696,0.737639
0.1247,5761,Render,Ring_DIP,-17.542070,1.009765,20.923840,-0.374653,-0.475085,-0.449411,0.657236
0.1247,5761,Render,Ring_FingerTip,-17.538340,1.003709,20.948640,-0.374653,-0.475085,-0.449411,0.657236
0.1247,5761,Render,Pinky_MCP,-17.597210,0.985664,20.870690,-0.557801,-0.267294,-0.118308,0.776798
0.1247,5761,Render,Pinky_PIP,-17.564570,0.990168,20.892240,-0.479214,-0.391078,-0.297824,0.727127
0.1247,5761,Render,Pinky_DIP,-17.555090,0.989098,20.907910,-0.385304,-0.483868,-0.445351,0.647360
0.1247,5761,Render,Pinky_FingerTip,-17.552500,0.985195,20.926490,-0.385304,-0.483868,-0.445351,0.647360
0.1398,5762,Real,Wrist,-17.704200,0.968075,20.871650,-0.561489,-0.154995,0.039405,0.811883
0.1398,5762,Real,Thumb_CMC,-17.679760,1.002348,20.893290,0.102523,-0.384729,0.357097,0.844959
0.1398,5762,Real,Thumb_MCP,-17.660050,1.025383,20.925060,0.149323,-0.369094,0.249842,0.882639
0.1398,5762,Real,Thumb_IP,-17.630500,1.041603,20.960660,0.227323,-0.326882,0.048257,0.916048
0.1398,5762,Real,Thumb_FingerTip,-17.608220,1.039887,20.978360,0.227323,-0.326882,0.048257,0.916048
0.1398,5762,Real,Index_MCP,-17.610240,1.021520,20.909540,-0.493084,-0.237718,-0.092334,0.831765
0.1398,5762,Real,Index_PIP,-17.569500,1.025305,20.932330,-0.455435,-0.303679,-0.206571,0.810979
0.1398,5762,Real,Index_DIP,-17.550550,1.023788,20.950000,-0.414031,-0.358079,-0.306046,0.778906
0.1398,5762,Real,Index_FingerTip,-17.535580,1.018939,20.971820,-0.414031,-0.358079,-0.306046,0.778906
0.1398,5762,Real,Middle_MCP,-17.601230,0.998012,20.898640,-0.510566,-0.280387,-0.149017,0.799062
0.1398,5762,Real,Middle_PIP,-17.559080,1.000555,20.930340,-0.420541,-0.403038,-0.350858,0.733216
0.1398,5762,Real,Middle_DIP,-17.547190,0.995690,20.954900,-0.314771,-0.490116,-0.512411,0.630985
0.1398,5762,Real,Middle_FingerTip,-17.547350,0.986122,20.981540,-0.314771,-0.490116,-0.512411,0.630985
0.1398,5762,Real,Ring_MCP,-17.598260,0.974696,20.891450,-0.525134,-0.296523,-0.164814,0.780477
0.1398,5762,Real,Ring_PIP,-17.562440,0.977216,20.921040,-0.421651,-0.431164,-0.375860,0.703589
0.1398,5762,Real,Ring_DIP,-17.553330,0.972862,20.945380,-0.299640,-0.523362,-0.540755,0.586424
0.1398,5762,Real,Ring_FingerTip,-17.556760,0.964590,20.969570,-0.299640,-0.523362,-0.540755,0.586424
0.1398,5762,Real,Pinky_MCP,-17.600800,0.953199,20.885800,-0.538368,-0.300548,-0.164885,0.769834
0.1398,5762,Real,Pinky_PIP,-17.570680,0.955945,20.911010,-0.433238,-0.438719,-0.372962,0.693348
0.1398,5762,Real,Pinky_DIP,-17.564500,0.953431,20.928100,-0.308953,-0.533589,-0.535374,0.577241
0.1398,5762,Real,Pinky_FingerTip,-17.567230,0.947906,20.946240,-0.308953,-0.533589,-0.535374,0.577241
0.1398,5762,Virtual,Wrist,-17.700370,1.001149,20.856840,-0.561489,-0.154995,0.039405,0.811883
0.1398,5762,Virtual,Thumb_CMC,-17.675930,1.035422,20.878480,0.102523,-0.384729,0.357097,0.844959
0.1398,5762,Virtual,Thumb_MCP,-17.656220,1.058456,20.910250,0.149323,-0.369093,0.249841,0.882640
0.1398,5762,Virtual,Thumb_IP,-17.626670,1.074676,20.945860,0.227323,-0.326882,0.048257,0.916048
0.1398,5762,Virtual,Thumb_FingerTip,-17.604390,1.072960,20.963550,0.227323,-0.326882,0.048257,0.916048
0.1398,5762,Virtual,Index_MCP,-17.606400,1.054594,20.894740,-0.493084,-0.237718,-0.092334,0.831765
0.1398,5762,Virtual,Index_PIP,-17.565670,1.058379,20.917520,-0.455435,-0.303678,-0.206571,0.810979
0.1398,5762,Virtual,Index_DIP,-17.546710,1.056862,20.935190,-0.414031,-0.358078,-0.306046,0.778906
0.1398,5762,Virtual,Index_FingerTip,-17.531750,1.052013,20.957010,-0.414031,-0.358078,-0.306046,0.778906
0.1398,5762,Virtual,Middle_MCP,-17.597400,1.031085,20.883840,-0.510565,-0.280387,-0.149017,0.799062
0.1398,5762,Virtual,Middle_PIP,-17.555250,1.033629,20.915530,-0.420541,-0.403037,-0.350858,0.733216
0.1398,5762,Virtual,Middle_DIP,-17.543350,1.028763,20.940100,-0.314771,-0.490115,-0.512411,0.630985
0.1398,5762,Virtual,Middle_FingerTip,-17.543510,1.019195,20.966730,-0.314771,-0.490115,-0.512411,0.630985
0.1398,5762,Virtual,Ring_MCP,-17.594430,1.007769,20.876640,-0.525134,-0.296523,-0.164813,0.780478
0.1398,5762,Virtual,Ring_PIP,-17.558610,1.010290,20.906240,-0.421651,-0.431163,-0.375860,0.703589
0.1398,5762,Virtual,Ring_DIP,-17.549500,1.005935,20.930570,-0.299640,-0.523362,-0.540755,0.586424
0.1398,5762,Virtual,Ring_FingerTip,-17.552920,0.997664,20.954770,-0.299640,-0.523362,-0.540755,0.586424
0.1398,5762,Virtual,Pinky_MCP,-17.596970,0.986273,20.870990,-0.538368,-0.300548,-0.164885,0.769834
0.1398,5762,Virtual,Pinky_PIP,-17.566850,0.989019,20.896200,-0.433238,-0.438718,-0.372962,0.693348
0.1398,5762,Virtual,Pinky_DIP,-17.560670,0.986505,20.913290,-0.308953,-0.533588,-0.535374,0.577241
0.1398,5762,Virtual,Pinky_FingerTip,-17.563400,0.980980,20.931430,-0.308953,-0.533588,-0.535374,0.577241
0.1398,5762,Render,Wrist,-17.700610,1.001045,20.856900,-0.562216,-0.153644,0.039908,0.811613
0.1398,5762,Render,Thumb_CMC,-17.676090,1.035334,20.878420,0.128861,-0.365489,0.285393,0.876564
0.1398,5762,Render,Thumb_MCP,-17.651060,1.053167,20.909780,0.156041,-0.354737,0.218516,0.895580
0.1398,5762,Render,Thumb_IP,-17.619050,1.066930,20.944280,0.202542,-0.330399,0.095500,0.916893
0.1398,5762,Render,Thumb_FingerTip,-17.597290,1.068106,20.962650,0.202542,-0.330399,0.095500,0.916893
0.1398,5762,Render,Index_MCP,-17.606500,1.054471,20.894450,-0.496912,-0.230387,-0.081613,0.832671
0.1398,5762,Render,Index_PIP,-17.565270,1.058828,20.916220,-0.460452,-0.296620,-0.195499,0.813500
0.1398,5762,Render,Index_DIP,-17.545860,1.057662,20.933420,-0.420114,-0.351431,-0.294873,0.782976
0.1398,5762,Render,Index_FingerTip,-17.530280,1.053184,20.954890,-0.420114,-0.351431,-0.294873,0.782976
0.1398,5762,Render,Middle_MCP,-17.597550,1.030935,20.883570,-0.516384,-0.270261,-0.134488,0.801387
0.1398,5762,Render,Middle_PIP,-17.554370,1.034292,20.913780,-0.432269,-0.390942,-0.330852,0.742189
0.1398,5762,Render,Middle_DIP,-17.541190,1.030047,20.937790,-0.332832,-0.478451,-0.489891,0.648316
0.1398,5762,Render,Middle_FingerTip,-17.539430,1.021084,20.964580,-0.332832,-0.478451,-0.489891,0.648316
0.1398,5762,Render,Ring_MCP,-17.594620,1.007604,20.876410,-0.542243,-0.264739,-0.119189,0.788467
0.1398,5762,Render,Ring_PIP,-17.555930,1.012218,20.901850,-0.448524,-0.403659,-0.331438,0.725282
0.1398,5762,Render,Ring_DIP,-17.543960,1.009092,20.925110,-0.334336,-0.502328,-0.501039,0.620360
0.1398,5762,Render,Ring_FingerTip,-17.544130,1.001719,20.949840,-0.334336,-0.502328,-0.501039,0.620360
0.1398,5762,Render,Pinky_MCP,-17.597190,0.986100,20.870810,-0.547530,-0.284285,-0.142742,0.773963
0.1398,5762,Render,Pinky_PIP,-17.565790,0.989658,20.894290,-0.454760,-0.416893,-0.339106,0.710212
0.1398,5762,Render,Pinky_DIP,-17.558030,0.987777,20.910810,-0.344282,-0.511934,-0.496238,0.610853
0.1398,5762,Render,Pinky_FingerTip,-17.558360,0.982916,20.929340,-0.344282,-0.511934,-0.496238,0.610853
0.1527,5763,Real,Wrist,-17.704200,0.968075,20.871650,-0.561489,-0.154995,0.039405,0.811883
0.1527,5763,Real,Thumb_CMC,-17.679760,1.002348,20.893290,0.102523,-0.384729,0.357097,0.844959
0.1527,5763,Real,Thumb_MCP,-17.660050,1.025383,20.925060,0.149323,-0.369094,0.249842,0.882639
0.1527,5763,Real,Thumb_IP,-17.630500,1.041603,20.960660,0.227323,-0.326882,0.048257,0.916048
0.1527,5763,Real,Thumb_FingerTip,-17.608220,1.039887,20.978360,0.227323,-0.326882,0.048257,0.916048
0.1527,5763,Real,Index_MCP,-17.610240,1.021520,20.909540,-0.493084,-0.237718,-0.092334,0.831765
0.1527,5763,Real,Index_PIP,-17.569500,1.025305,20.932330,-0.455435,-0.303679,-0.206571,0.810979
0.1527,5763,Real,Index_DIP,-17.550550,1.023788,20.950000,-0.414031,-0.358079,-0.306046,0.778906
0.1527,5763,Real,Index_FingerTip,-17.535580,1.018939,20.971820,-0.414031,-0.358079,-0.306046,0.778906
0.1527,5763,Real,Middle_MCP,-17.601230,0.998012,20.898640,-0.510566,-0.280387,-0.149017,0.799062
0.1527,5763,Real,Middle_PIP,-17.559080,1.000555,20.930340,-0.420541,-0.403038,-0.350858,0.733216
0.1527,5763,Real,Middle_DIP,-17.547190,0.995690,20.954900,-0.314771,-0.490116,-0.512411,0.630985
0.1527,5763,Real,Middle_FingerTip,-17.547350,0.986122,20.981540,-0.314771,-0.490116,-0.512411,0.630985
0.1527,5763,Real,Ring_MCP,-17.598260,0.974696,20.891450,-0.525134,-0.296523,-0.164814,0.780477
0.1527,5763,Real,Ring_PIP,-17.562440,0.977216,20.921040,-0.421651,-0.431164,-0.375860,0.703589
0.1527,5763,Real,Ring_DIP,-17.553330,0.972862,20.945380,-0.299640,-0.523362,-0.540755,0.586424
0.1527,5763,Real,Ring_FingerTip,-17.556760,0.964590,20.969570,-0.299640,-0.523362,-0.540755,0.586424
0.1527,5763,Real,Pinky_MCP,-17.600800,0.953199,20.885800,-0.538368,-0.300548,-0.164885,0.769834
0.1527,5763,Real,Pinky_PIP,-17.570680,0.955945,20.911010,-0.433238,-0.438719,-0.372962,0.693348
0.1527,5763,Real,Pinky_DIP,-17.564500,0.953431,20.928100,-0.308953,-0.533589,-0.535374,0.577241
0.1527,5763,Real,Pinky_FingerTip,-17.567230,0.947906,20.946240,-0.308953,-0.533589,-0.535374,0.577241
0.1527,5763,Virtual,Wrist,-17.700420,1.001148,20.857070,-0.561489,-0.154996,0.039404,0.811883
0.1527,5763,Virtual,Thumb_CMC,-17.675990,1.035422,20.878710,0.102523,-0.384730,0.357097,0.844958
0.1527,5763,Virtual,Thumb_MCP,-17.656280,1.058456,20.910470,0.149323,-0.369094,0.249842,0.882639
0.1527,5763,Virtual,Thumb_IP,-17.626720,1.074676,20.946080,0.227323,-0.326883,0.048258,0.916048
0.1527,5763,Virtual,Thumb_FingerTip,-17.604450,1.072960,20.963780,0.227323,-0.326883,0.048258,0.916048
0.1527,5763,Virtual,Index_MCP,-17.606460,1.054593,20.894960,-0.493084,-0.237719,-0.092334,0.831765
0.1527,5763,Virtual,Index_PIP,-17.565730,1.058379,20.917750,-0.455435,-0.303679,-0.206572,0.810979
0.1527,5763,Virtual,Index_DIP,-17.546770,1.056862,20.935410,-0.414031,-0.358079,-0.306046,0.778906
0.1527,5763,Virtual,Index_FingerTip,-17.531810,1.052013,20.957240,-0.414031,-0.358079,-0.306046,0.778906
0.1527,5763,Virtual,Middle_MCP,-17.597460,1.031085,20.884070,-0.510565,-0.280387,-0.149018,0.799062
0.1527,5763,Virtual,Middle_PIP,-17.555300,1.033629,20.915760,-0.420541,-0.403038,-0.350858,0.733215
0.1527,5763,Virtual,Middle_DIP,-17.543410,1.028763,20.940320,-0.314770,-0.490116,-0.512411,0.630984
0.1527,5763,Virtual,Middle_FingerTip,-17.543570,1.019195,20.966960,-0.314770,-0.490116,-0.512411,0.630984
0.1527,5763,Virtual,Ring_MCP,-17.594490,1.007769,20.876870,-0.525134,-0.296524,-0.164814,0.780477
0.1527,5763,Virtual,Ring_PIP,-17.558670,1.010290,20.906470,-0.421651,-0.431164,-0.375860,0.703589
0.1527,5763,Virtual,Ring_DIP,-17.549560,1.005935,20.930800,-0.299639,-0.523362,-0.540755,0.586423
0.1527,5763,Virtual,Ring_FingerTip,-17.552980,0.997664,20.954990,-0.299639,-0.523362,-0.540755,0.586423
0.1527,5763,Virtual,Pinky_MCP,-17.597020,0.986273,20.871220,-0.538367,-0.300549,-0.164885,0.769834
0.1527,5763,Virtual,Pinky_PIP,-17.566910,0.989019,20.896430,-0.433237,-0.438719,-0.372962,0.693348
0.1527,5763,Virtual,Pinky_DIP,-17.560730,0.986505,20.913520,-0.308953,-0.533589,-0.535374,0.577240
0.1527,5763,Virtual,Pinky_FingerTip,-17.563460,0.980980,20.931660,-0.308953,-0.533589,-0.535374,0.577240
0.1527,5763,Render,Wrist,-17.700420,1.001148,20.857070,-0.561489,-0.154996,0.039404,0.811883
0.1527,5763,Render,Thumb_CMC,-17.675990,1.035422,20.878710,0.127974,-0.378129,0.282225,0.872348
0.1527,5763,Render,Thumb_MCP,-17.651630,1.052793,20.910850,0.156109,-0.367408,0.215675,0.891138
0.1527,5763,Render,Thumb_IP,-17.620400,1.066016,20.946260,0.204322,-0.342945,0.093285,0.912107
0.1527,5763,Render,Thumb_FingerTip,-17.599100,1.066872,20.965170,0.204322,-0.342945,0.093285,0.912107
0.1527,5763,Render,Index_MCP,-17.606460,1.054593,20.894960,-0.493084,-0.237719,-0.092334,0.831765
0.1527,5763,Render,Index_PIP,-17.565730,1.058379,20.917750,-0.455435,-0.303679,-0.206572,0.810979
0.1527,5763,Render,Index_DIP,-17.546770,1.056862,20.935410,-0.414031,-0.358079,-0.306046,0.778906
0.1527,5763,Render,Index_FingerTip,-17.531810,1.052013,20.957240,-0.414031,-0.358079,-0.306046,0.778906
0.1527,5763,Render,Middle_MCP,-17.597460,1.031085,20.884070,-0.520373,-0.261736,-0.120017,0.803929
0.1527,5763,Render,Middle_PIP,-17.553410,1.035280,20.912880,-0.427386,-0.395772,-0.338242,0.739120
0.1527,5763,Render,Middle_DIP,-17.540720,1.030797,20.937110,-0.314770,-0.490116,-0.512411,0.630984
0.1527,5763,Render,Middle_FingerTip,-17.540870,1.021229,20.963750,-0.314770,-0.490116,-0.512411,0.630984
0.1527,5763,Render,Ring_MCP,-17.594490,1.007769,20.876870,-0.541278,-0.265913,-0.119773,0.788646
0.1527,5763,Render,Ring_PIP,-17.555870,1.012374,20.902420,-0.447274,-0.404522,-0.332050,0.725294
0.1527,5763,Render,Ring_DIP,-17.543960,1.009218,20.925700,-0.332911,-0.502854,-0.501634,0.620219
0.1527,5763,Render,Ring_FingerTip,-17.544190,1.001802,20.950420,-0.332911,-0.502854,-0.501634,0.620219
0.1527,5763,Render,Pinky_MCP,-17.597020,0.986273,20.871220,-0.538367,-0.300549,-0.164885,0.769834
0.1527,5763,Render,Pinky_PIP,-17.566910,0.989019,20.896430,-0.433237,-0.438719,-0.372962,0.693348
0.1527,5763,Render,Pinky_DIP,-17.560730,0.986505,20.913520,-0.308953,-0.533589,-0.535374,0.577240
0.1527,5763,Render,Pinky_FingerTip,-17.563460,0.980980,20.931660,-0.308953,-0.533589,-0.535374,0.577240
0.1671,5764,Real,Wrist,-17.705500,0.968049,20.872740,-0.564215,-0.157532,0.037014,0.809614
0.1671,5764,Real,Thumb_CMC,-17.681180,1.002411,20.894370,0.118394,-0.395882,0.329068,0.849103
0.1671,5764,Real,Thumb_MCP,-17.660540,1.022833,20.927310,0.168470,-0.377303,0.216792,0.884456
0.1671,5764,Real,Thumb_IP,-17.630080,1.035403,20.963620,0.250981,-0.328250,0.006867,0.910612
0.1671,5764,Real,Thumb_FingerTip,-17.607720,1.031063,20.980760,0.250981,-0.328250,0.006867,0.910612
0.1671,5764,Real,Index_MCP,-17.611750,1.021564,20.911050,-0.488354,-0.254836,-0.117870,0.826242
0.1671,5764,Real,Index_PIP,-17.572300,1.024099,20.936160,-0.447925,-0.320615,-0.232239,0.801645
0.1671,5764,Real,Index_DIP,-17.554480,1.021889,20.954900,-0.403989,-0.374465,-0.331332,0.766021
0.1671,5764,Real,Index_FingerTip,-17.541030,1.016373,20.977540,-0.403989,-0.374465,-0.331332,0.766021
0.1671,5764,Real,Middle_MCP,-17.602700,0.997975,20.900360,-0.502629,-0.300863,-0.177986,0.790675
0.1671,5764,Real,Middle_PIP,-17.562800,0.999084,20.934930,-0.403395,-0.424768,-0.383739,0.713855
0.1671,5764,Real,Middle_DIP,-17.553250,0.993397,20.960320,-0.288501,-0.509826,-0.545216,0.599654
0.1671,5764,Real,Middle_FingerTip,-17.556480,0.983217,20.986530,-0.288501,-0.509826,-0.545216,0.599654
0.1671,5764,Real,Ring_MCP,-17.599710,0.974611,20.893330,-0.514660,-0.320480,-0.197657,0.770292
0.1671,5764,Real,Ring_PIP,-17.566380,0.975792,20.925770,-0.398614,-0.456825,-0.414021,0.678973
0.1671,5764,Real,Ring_DIP,-17.560060,0.970575,20.950810,-0.264095,-0.545743,-0.578357,0.545822
0.1671,5764,Real,Ring_FingerTip,-17.566880,0.961723,20.974060,-0.264095,-0.545743,-0.578357,0.545822
0.1671,5764,Real,Pinky_MCP,-17.602250,0.953085,20.887780,-0.527694,-0.324980,-0.197330,0.759598
0.1671,5764,Real,Pinky_PIP,-17.574250,0.954786,20.915420,-0.409766,-0.464935,-0.410584,0.668841
0.1671,5764,Real,Pinky_DIP,-17.570020,0.951700,20.933010,-0.272714,-0.556506,-0.572371,0.536954
0.1671,5764,Real,Pinky_FingerTip,-17.575280,0.945740,20.950440,-0.272714,-0.556506,-0.572371,0.536954
0.1671,5764,Virtual,Wrist,-17.700410,1.000643,20.858660,-0.564215,-0.157533,0.037014,0.809614
0.1671,5764,Virtual,Thumb_CMC,-17.676080,1.035005,20.880280,0.118394,-0.395882,0.329068,0.849102
0.1671,5764,Virtual,Thumb_MCP,-17.655450,1.055427,20.913230,0.168470,-0.377303,0.216792,0.884456
0.1671,5764,Virtual,Thumb_IP,-17.624980,1.067997,20.949530,0.250981,-0.328250,0.006867,0.910612
0.1671,5764,Virtual,Thumb_FingerTip,-17.602630,1.063657,20.966670,0.250981,-0.328250,0.006867,0.910612
0.1671,5764,Virtual,Index_MCP,-17.606650,1.054158,20.896960,-0.488354,-0.254836,-0.117870,0.826242
0.1671,5764,Virtual,Index_PIP,-17.567210,1.056693,20.922070,-0.447925,-0.320616,-0.232239,0.801645
0.1671,5764,Virtual,Index_DIP,-17.549390,1.054483,20.940810,-0.403989,-0.374466,-0.331332,0.766021
0.1671,5764,Virtual,Index_FingerTip,-17.535940,1.048967,20.963450,-0.403989,-0.374466,-0.331332,0.766021
0.1671,5764,Virtual,Middle_MCP,-17.597610,1.030569,20.886270,-0.502629,-0.300864,-0.177986,0.790675
0.1671,5764,Virtual,Middle_PIP,-17.557710,1.031678,20.920840,-0.403395,-0.424768,-0.383740,0.713855
0.1671,5764,Virtual,Middle_DIP,-17.548160,1.025991,20.946230,-0.288500,-0.509826,-0.545216,0.599654
0.1671,5764,Virtual,Middle_FingerTip,-17.551390,1.015811,20.972440,-0.288500,-0.509826,-0.545216,0.599654
0.1671,5764,Virtual,Ring_MCP,-17.594620,1.007206,20.879230,-0.514659,-0.320481,-0.197658,0.770292
0.1671,5764,Virtual,Ring_PIP,-17.561280,1.008386,20.911680,-0.398614,-0.456825,-0.414021,0.678973
0.1671,5764,Virtual,Ring_DIP,-17.554970,1.003169,20.936720,-0.264095,-0.545744,-0.578357,0.545822
0.1671,5764,Virtual,Ring_FingerTip,-17.561790,0.994317,20.959970,-0.264095,-0.545744,-0.578357,0.545822
0.1671,5764,Virtual,Pinky_MCP,-17.597150,0.985680,20.873700,-0.527693,-0.324980,-0.197330,0.759598
0.1671,5764,Virtual,Pinky_PIP,-17.569160,0.987380,20.901330,-0.409765,-0.464935,-0.410585,0.668841
0.1671,5764,Virtual,Pinky_DIP,-17.564930,0.984295,20.918920,-0.272714,-0.556507,-0.572371,0.536954
0.1671,5764,Virtual,Pinky_FingerTip,-17.570190,0.978334,20.936350,-0.272714,-0.556507,-0.572371,0.536954
0.1671,5764,Render,Wrist,-17.700420,1.001148,20.857070,-0.561489,-0.154996,0.039404,0.811883
0.1671,5764,Render,Thumb_CMC,-17.675990,1.035422,20.878710,0.126770,-0.387393,0.279380,0.869369
0.1671,5764,Render,Thumb_MCP,-17.652110,1.052439,20.911400,0.155607,-0.376737,0.213063,0.887953
0.1671,5764,Render,Thumb_IP,-17.621450,1.065243,20.947450,0.205085,-0.352256,0.091127,0.908599
0.1671,5764,Render,Thumb_FingerTip,-17.600500,1.065845,20.966760,0.205085,-0.352256,0.091127,0.908599
0.1671,5764,Render,Index_MCP,-17.606460,1.054593,20.894960,-0.489277,-0.245459,-0.105429,0.830207
0.1671,5764,Render,Index_PIP,-17.566310,1.057644,20.918880,-0.450593,-0.310818,-0.219325,0.807623
0.1671,5764,Render,Index_DIP,-17.547870,1.055719,20.937040,-0.408337,-0.364559,-0.318281,0.773987
0.1671,5764,Render,Index_FingerTip,-17.533570,1.050474,20.959220,-0.408337,-0.364559,-0.318281,0.773987
0.1671,5764,Render,Middle_MCP,-17.597460,1.031085,20.884070,-0.520373,-0.261736,-0.120017,0.803929
0.1671,5764,Render,Middle_PIP,-17.553410,1.035280,20.912880,-0.427386,-0.395772,-0.338242,0.739120
0.1671,5764,Render,Middle_DIP,-17.540720,1.030797,20.937110,-0.314770,-0.490116,-0.512411,0.630984
0.1671,5764,Render,Middle_FingerTip,-17.540870,1.021229,20.963750,-0.314770,-0.490116,-0.512411,0.630984
0.1671,5764,Render,Ring_MCP,-17.594490,1.007769,20.876870,-0.541278,-0.265913,-0.119773,0.788646
0.1671,5764,Render,Ring_PIP,-17.555870,1.012374,20.902420,-0.447274,-0.404522,-0.332050,0.725294
0.1671,5764,Render,Ring_DIP,-17.543960,1.009218,20.925700,-0.332911,-0.502854,-0.501634,0.620219
0.1671,5764,Render,Ring_FingerTip,-17.544190,1.001802,20.950420,-0.332911,-0.502854,-0.501634,0.620219
0.1671,5764,Render,Pinky_MCP,-17.597020,0.986273,20.871220,-0.530669,-0.313942,-0.184120,0.765462
0.1671,5764,Render,Pinky_PIP,-17.568080,0.988294,20.897830,-0.417280,-0.453923,-0.397505,0.679574
0.1671,5764,Render,Pinky_DIP,-17.563100,0.985332,20.915240,-0.284432,-0.547053,-0.561005,0.552362
0.1671,5764,Render,Pinky_FingerTip,-17.567460,0.979420,20.932930,-0.284432,-0.547053,-0.561005,0.552362
0.1805,5765,Real,Wrist,-17.705500,0.968049,20.872740,-0.564215,-0.157532,0.037014,0.809614
0.1805,5765,Real,Thumb_CMC,-17.681180,1.002411,20.894370,0.118394,-0.395882,0.329068,0.849103
0.1805,5765,Real,Thumb_MCP,-17.660540,1.022833,20.927310,0.168470,-0.377303,0.216792,0.884456
0.1805,5765,Real,Thumb_IP,-17.630080,1.035403,20.963620,0.250981,-0.328250,0.006867,0.910612
0.1805,5765,Real,Thumb_FingerTip,-17.607720,1.031063,20.980760,0.250981,-0.328250,0.006867,0.910612
0.1805,5765,Real,Index_MCP,-17.611750,1.021564,20.911050,-0.488354,-0.254836,-0.117870,0.826242
0.1805,5765,Real,Index_PIP,-17.572300,1.024099,20.936160,-0.447925,-0.320615,-0.232239,0.801645
0.1805,5765,Real,Index_DIP,-17.554480,1.021889,20.954900,-0.403989,-0.374465,-0.331332,0.766021
0.1805,5765,Real,Index_FingerTip,-17.541030,1.016373,20.977540,-0.403989,-0.374465,-0.331332,0.766021
0.1805,5765,Real,Middle_MCP,-17.602700,0.997975,20.900360,-0.502629,-0.300863,-0.177986,0.790675
0.1805,5765,Real,Middle_PIP,-17.562800,0.999084,20.934930,-0.403395,-0.424768,-0.383739,0.713855
0.1805,5765,Real,Middle_DIP,-17.553250,0.993397,20.960320,-0.288501,-0.509826,-0.545216,0.599654
0.1805,5765,Real,Middle_FingerTip,-17.556480,0.983217,20.986530,-0.288501,-0.509826,-0.545216,0.599654
0.1805,5765,Real,Ring_MCP,-17.599710,0.974611,20.893330,-0.514660,-0.320480,-0.197657,0.770292
0.1805,5765,Real,Ring_PIP,-17.566380,0.975792,20.925770,-0.398614,-0.456825,-0.414021,0.678973
0.1805,5765,Real,Ring_DIP,-17.560060,0.970575,20.950810,-0.264095,-0.545743,-0.578357,0.545822
0.1805,5765,Real,Ring_FingerTip,-17.566880,0.961723,20.974060,-0.264095,-0.545743,-0.578357,0.545822
0.1805,5765,Real,Pinky_MCP,-17.602250,0.953085,20.887780,-0.527694,-0.324980,-0.197330,0.759598
0.1805,5765,Real,Pinky_PIP,-17.574250,0.954786,20.915420,-0.409766,-0.464935,-0.410584,0.668841
0.1805,5765,Real,Pinky_DIP,-17.570020,0.951700,20.933010,-0.272714,-0.556506,-0.572371,0.536954
0.1805,5765,Real,Pinky_FingerTip,-17.575280,0.945740,20.950440,-0.272714,-0.556506,-0.572371,0.536954
0.1805,5765,Virtual,Wrist,-17.700470,1.000643,20.858840,-0.564215,-0.157532,0.037014,0.809614
0.1805,5765,Virtual,Thumb_CMC,-17.676150,1.035005,20.880470,0.118394,-0.395882,0.329068,0.849103
0.1805,5765,Virtual,Thumb_MCP,-17.655510,1.055428,20.913410,0.168470,-0.377303,0.216792,0.884456
0.1805,5765,Virtual,Thumb_IP,-17.625050,1.067997,20.949720,0.250981,-0.328250,0.006867,0.910612
0.1805,5765,Virtual,Thumb_FingerTip,-17.602700,1.063658,20.966850,0.250981,-0.328250,0.006867,0.910612
0.1805,5765,Virtual,Index_MCP,-17.606710,1.054158,20.897140,-0.488354,-0.254836,-0.117870,0.826242
0.1805,5765,Virtual,Index_PIP,-17.567270,1.056693,20.922250,-0.447925,-0.320615,-0.232239,0.801645
0.1805,5765,Virtual,Index_DIP,-17.549450,1.054483,20.941000,-0.403989,-0.374466,-0.331332,0.766021
0.1805,5765,Virtual,Index_FingerTip,-17.536000,1.048967,20.963630,-0.403989,-0.374466,-0.331332,0.766021
0.1805,5765,Virtual,Middle_MCP,-17.597670,1.030570,20.886450,-0.502629,-0.300863,-0.177986,0.790675
0.1805,5765,Virtual,Middle_PIP,-17.557770,1.031678,20.921020,-0.403395,-0.424768,-0.383739,0.713855
0.1805,5765,Virtual,Middle_DIP,-17.548220,1.025991,20.946420,-0.288501,-0.509826,-0.545216,0.599654
0.1805,5765,Virtual,Middle_FingerTip,-17.551450,1.015811,20.972620,-0.288501,-0.509826,-0.545216,0.599654
0.1805,5765,Virtual,Ring_MCP,-17.594680,1.007206,20.879420,-0.514660,-0.320481,-0.197658,0.770292
0.1805,5765,Virtual,Ring_PIP,-17.561350,1.008386,20.911860,-0.398614,-0.456825,-0.414021,0.678973
0.1805,5765,Virtual,Ring_DIP,-17.555030,1.003170,20.936900,-0.264095,-0.545744,-0.578357,0.545822
0.1805,5765,Virtual,Ring_FingerTip,-17.561860,0.994317,20.960160,-0.264095,-0.545744,-0.578357,0.545822
0.1805,5765,Virtual,Pinky_MCP,-17.597220,0.985680,20.873880,-0.527694,-0.324980,-0.197330,0.759598
0.1805,5765,Virtual,Pinky_PIP,-17.569230,0.987380,20.901520,-0.409766,-0.464935,-0.410584,0.668841
0.1805,5765,Virtual,Pinky_DIP,-17.564990,0.984295,20.919100,-0.272714,-0.556506,-0.572371,0.536954
0.1805,5765,Virtual,Pinky_FingerTip,-17.570260,0.978334,20.936530,-0.272714,-0.556506,-0.572371,0.536954
0.1805,5765,Render,Wrist,-17.700470,1.000643,20.858840,-0.564215,-0.157532,0.037014,0.809614
0.1805,5765,Render,Thumb_CMC,-17.676150,1.035005,20.880470,0.121880,-0.396599,0.278265,0.866270
0.1805,5765,Render,Thumb_MCP,-17.652850,1.051930,20.913620,0.151424,-0.386285,0.212184,0.884779
0.1805,5765,Render,Thumb_IP,-17.622870,1.064604,20.950290,0.202230,-0.362281,0.090685,0.905335
0.1805,5765,Render,Thumb_FingerTip,-17.602320,1.065107,20.970020,0.202230,-0.362281,0.090685,0.905335
0.1805,5765,Render,Index_MCP,-17.606710,1.054158,20.897140,-0.488354,-0.254836,-0.117870,0.826242
0.1805,5765,Render,Index_PIP,-17.567270,1.056693,20.922250,-0.447925,-0.320615,-0.232239,0.801645
0.1805,5765,Render,Index_DIP,-17.549450,1.054483,20.941000,-0.403989,-0.374466,-0.331332,0.766021
0.1805,5765,Render,Index_FingerTip,-17.536000,1.048967,20.963630,-0.403989,-0.374466,-0.331332,0.766021
0.1805,5765,Render,Middle_MCP,-17.597670,1.030570,20.886450,-0.522551,-0.264756,-0.121918,0.801237
0.1805,5765,Render,Middle_PIP,-17.553840,1.034864,20.915580,-0.428640,-0.399277,-0.339322,0.736007
0.1805,5765,Render,Middle_DIP,-17.541340,1.030507,20.939940,-0.315108,-0.493824,-0.512678,0.627700
0.1805,5765,Render,Middle_FingerTip,-17.541720,1.021100,20.966630,-0.315108,-0.493824,-0.512678,0.627700
0.1805,5765,Render,Ring_MCP,-17.594680,1.007206,20.879420,-0.543414,-0.268855,-0.121729,0.785875
0.1805,5765,Render,Ring_PIP,-17.556250,1.011900,20.905240,-0.448518,-0.407939,-0.333168,0.722092
0.1805,5765,Render,Ring_DIP,-17.544530,1.008864,20.928640,-0.333268,-0.506472,-0.501923,0.616840
0.1805,5765,Render,Ring_FingerTip,-17.544970,1.001598,20.953390,-0.333268,-0.506472,-0.501923,0.616840
0.1805,5765,Render,Pinky_MCP,-17.597220,0.985680,20.873880,-0.527694,-0.324980,-0.197330,0.759598
0.1805,5765,Render,Pinky_PIP,-17.569230,0.987380,20.901520,-0.409766,-0.464935,-0.410584,0.668841
0.1805,5765,Render,Pinky_DIP,-17.564990,0.984295,20.919100,-0.272714,-0.556506,-0.572371,0.536954
0.1805,5765,Render,Pinky_FingerTip,-17.570260,0.978334,20.936530,-0.272714,-0.556506,-0.572371,0.536954
0.1948,5766,Real,Wrist,-17.707230,0.969362,20.873510,-0.567782,-0.158482,0.036329,0.806962
0.1948,5766,Real,Thumb_CMC,-17.682940,1.003883,20.894930,0.124896,-0.400552,0.315352,0.851183
0.1948,5766,Real,Thumb_MCP,-17.661850,1.023063,20.928330,0.176721,-0.380540,0.200131,0.885385
0.1948,5766,Real,Thumb_IP,-17.630950,1.033844,20.964840,0.261622,-0.328016,-0.014709,0.907603
0.1948,5766,Real,Thumb_FingerTip,-17.608600,1.028192,20.981590,0.261622,-0.328016,-0.014709,0.907603
0.1948,5766,Real,Index_MCP,-17.613540,1.023111,20.911680,-0.488257,-0.263142,-0.129162,0.821997
0.1948,5766,Real,Index_PIP,-17.574760,1.025200,20.937850,-0.445729,-0.330097,-0.245092,0.795167
0.1948,5766,Real,Index_DIP,-17.557580,1.022721,20.957140,-0.399632,-0.384621,-0.345210,0.757094
0.1948,5766,Real,Index_FingerTip,-17.545050,1.016930,20.980230,-0.399632,-0.384621,-0.345210,0.757094
0.1948,5766,Real,Middle_MCP,-17.604490,0.999424,20.901220,-0.501350,-0.310067,-0.189421,0.785256
0.1948,5766,Real,Middle_PIP,-17.565630,1.000132,20.936960,-0.398380,-0.434496,-0.395432,0.704373
0.1948,5766,Real,Middle_DIP,-17.557040,0.994287,20.962670,-0.279867,-0.518814,-0.555860,0.586111
0.1948,5766,Real,Middle_FingerTip,-17.561460,0.984065,20.988680,-0.279867,-0.518814,-0.555860,0.586111
0.1948,5766,Real,Ring_MCP,-17.601500,0.975998,20.894400,-0.512545,-0.330576,-0.209730,0.764219
0.1948,5766,Real,Ring_PIP,-17.569230,0.976850,20.927920,-0.391923,-0.467310,-0.426258,0.668073
0.1948,5766,Real,Ring_DIP,-17.563960,0.971496,20.953170,-0.253038,-0.554937,-0.589049,0.530131
0.1948,5766,Real,Ring_FingerTip,-17.571960,0.962628,20.976040,-0.253038,-0.554937,-0.589049,0.530131
0.1948,5766,Real,Pinky_MCP,-17.604030,0.954428,20.889040,-0.525463,-0.335256,-0.209229,0.753469
0.1948,5766,Real,Pinky_PIP,-17.576960,0.955886,20.917580,-0.402881,-0.475600,-0.422602,0.657951
0.1948,5766,Real,Pinky_DIP,-17.573460,0.952715,20.935310,-0.261387,-0.565849,-0.582825,0.521351
0.1948,5766,Real,Pinky_FingerTip,-17.579590,0.946739,20.952450,-0.261387,-0.565849,-0.582825,0.521351
0.1948,5766,Virtual,Wrist,-17.701460,0.999786,20.861430,-0.567782,-0.158482,0.036329,0.806962
0.1948,5766,Virtual,Thumb_CMC,-17.677170,1.034307,20.882850,0.124896,-0.400552,0.315352,0.851183
0.1948,5766,Virtual,Thumb_MCP,-17.656090,1.053487,20.916250,0.176721,-0.380540,0.200131,0.885385
0.1948,5766,Virtual,Thumb_IP,-17.625180,1.064268,20.952760,0.261622,-0.328016,-0.014709,0.907603
0.1948,5766,Virtual,Thumb_FingerTip,-17.602830,1.058615,20.969500,0.261622,-0.328016,-0.014709,0.907603
0.1948,5766,Virtual,Index_MCP,-17.607780,1.053535,20.899600,-0.488257,-0.263142,-0.129162,0.821997
0.1948,5766,Virtual,Index_PIP,-17.569000,1.055624,20.925760,-0.445729,-0.330097,-0.245092,0.795167
0.1948,5766,Virtual,Index_DIP,-17.551820,1.053145,20.945060,-0.399632,-0.384621,-0.345210,0.757094
0.1948,5766,Virtual,Index_FingerTip,-17.539280,1.047353,20.968150,-0.399632,-0.384621,-0.345210,0.757094
0.1948,5766,Virtual,Middle_MCP,-17.598720,1.029847,20.889140,-0.501350,-0.310067,-0.189421,0.785256
0.1948,5766,Virtual,Middle_PIP,-17.559860,1.030556,20.924880,-0.398379,-0.434496,-0.395432,0.704373
0.1948,5766,Virtual,Middle_DIP,-17.551270,1.024711,20.950580,-0.279867,-0.518814,-0.555861,0.586111
0.1948,5766,Virtual,Middle_FingerTip,-17.555700,1.014489,20.976600,-0.279867,-0.518814,-0.555861,0.586111
0.1948,5766,Virtual,Ring_MCP,-17.595740,1.006422,20.882310,-0.512545,-0.330577,-0.209730,0.764219
0.1948,5766,Virtual,Ring_PIP,-17.563460,1.007274,20.915830,-0.391923,-0.467310,-0.426258,0.668073
0.1948,5766,Virtual,Ring_DIP,-17.558200,1.001920,20.941080,-0.253038,-0.554936,-0.589049,0.530131
0.1948,5766,Virtual,Ring_FingerTip,-17.566190,0.993052,20.963950,-0.253038,-0.554936,-0.589049,0.530131
0.1948,5766,Virtual,Pinky_MCP,-17.598260,0.984852,20.876950,-0.525463,-0.335256,-0.209229,0.753469
0.1948,5766,Virtual,Pinky_PIP,-17.571190,0.986310,20.905490,-0.402881,-0.475600,-0.422602,0.657951
0.1948,5766,Virtual,Pinky_DIP,-17.567700,0.983139,20.923230,-0.261387,-0.565849,-0.582825,0.521351
0.1948,5766,Virtual,Pinky_FingerTip,-17.573820,0.977163,20.940370,-0.261387,-0.565849,-0.582825,0.521351
0.1948,5766,Render,Wrist,-17.700470,1.000643,20.858840,-0.564215,-0.157532,0.037014,0.809614
0.1948,5766,Render,Thumb_CMC,-17.676150,1.035005,20.880470,0.120840,-0.404478,0.275808,0.863554
0.1948,5766,Render,Thumb_MCP,-17.653280,1.051630,20.914070,0.150981,-0.394220,0.209939,0.881885
0.1948,5766,Render,Thumb_IP,-17.623820,1.063948,20.951270,0.202864,-0.370204,0.088852,0.902165
0.1948,5766,Render,Thumb_FingerTip,-17.603580,1.064237,20.971340,0.202864,-0.370204,0.088852,0.902165
0.1948,5766,Render,Index_MCP,-17.606710,1.054158,20.897140,-0.484859,-0.261426,-0.129048,0.824570
0.1948,5766,Render,Index_PIP,-17.567850,1.056064,20.923190,-0.442611,-0.327914,-0.245346,0.797731
0.1948,5766,Render,Index_DIP,-17.550600,1.053438,20.942410,-0.396819,-0.382055,-0.345790,0.759604
0.1948,5766,Render,Index_FingerTip,-17.537980,1.047463,20.965400,-0.396819,-0.382055,-0.345790,0.759604
0.1948,5766,Render,Middle_MCP,-17.597670,1.030570,20.886450,-0.522551,-0.264756,-0.121918,0.801237
0.1948,5766,Render,Middle_PIP,-17.553840,1.034864,20.915580,-0.428640,-0.399277,-0.339322,0.736007
0.1948,5766,Render,Middle_DIP,-17.541340,1.030507,20.939940,-0.315108,-0.493824,-0.512678,0.627700
0.1948,5766,Render,Middle_FingerTip,-17.541720,1.021100,20.966630,-0.315108,-0.493824,-0.512678,0.627700
0.1948,5766,Render,Ring_MCP,-17.594680,1.007206,20.879420,-0.543414,-0.268855,-0.121729,0.785875
0.1948,5766,Render,Ring_PIP,-17.556250,1.011900,20.905240,-0.448518,-0.407939,-0.333168,0.722092
0.1948,5766,Render,Ring_DIP,-17.544530,1.008864,20.928640,-0.333268,-0.506472,-0.501923,0.616840
0.1948,5766,Render,Ring_FingerTip,-17.544970,1.001598,20.953390,-0.333268,-0.506472,-0.501923,0.616840
0.1948,5766,Render,Pinky_MCP,-17.597220,0.985680,20.873880,-0.545053,-0.294941,-0.154513,0.769450
0.1948,5766,Render,Pinky_PIP,-17.566570,0.988977,20.898380,-0.416447,-0.458960,-0.400868,0.674709
0.1948,5766,Render,Pinky_DIP,-17.561850,0.986066,20.915870,-0.259894,-0.562608,-0.584522,0.523700
0.1948,5766,Render,Pinky_FingerTip,-17.567910,0.979939,20.932980,-0.259894,-0.562608,-0.584522,0.523700
0.2084,5767,Real,Wrist,-17.707910,0.969719,20.873800,-0.568067,-0.159443,0.036985,0.806542
0.2084,5767,Real,Thumb_CMC,-17.683710,1.004314,20.895200,0.124706,-0.400660,0.316516,0.850728
0.2084,5767,Real,Thumb_MCP,-17.662700,1.023574,20.928610,0.176547,-0.380672,0.201346,0.885088
0.2084,5767,Real,Thumb_IP,-17.631860,1.034459,20.965130,0.261484,-0.328186,-0.013459,0.907601
0.2084,5767,Real,Thumb_FingerTip,-17.609500,1.028871,20.981910,0.261484,-0.328186,-0.013459,0.907601
0.2084,5767,Real,Index_MCP,-17.614380,1.023705,20.912000,-0.488362,-0.264116,-0.128396,0.821742
0.2084,5767,Real,Index_PIP,-17.575620,1.025903,20.938200,-0.445694,-0.331076,-0.244298,0.795025
0.2084,5767,Real,Index_DIP,-17.558450,1.023481,20.957520,-0.399471,-0.385588,-0.344403,0.757055
0.2084,5767,Real,Index_FingerTip,-17.545930,1.017740,20.980620,-0.399471,-0.385588,-0.344403,0.757055
0.2084,5767,Real,Middle_MCP,-17.605260,1.000026,20.901570,-0.501357,-0.311069,-0.188675,0.785035
0.2084,5767,Real,Middle_PIP,-17.566430,1.000854,20.937360,-0.398114,-0.435463,-0.394653,0.704363
0.2084,5767,Real,Middle_DIP,-17.557860,0.995054,20.963070,-0.279373,-0.519686,-0.555103,0.586292
0.2084,5767,Real,Middle_FingerTip,-17.562290,0.984851,20.989090,-0.279373,-0.519686,-0.555103,0.586292
0.2084,5767,Real,Ring_MCP,-17.602210,0.976599,20.894780,-0.512509,-0.331592,-0.209000,0.764004
0.2084,5767,Real,Ring_PIP,-17.569980,0.977554,20.928330,-0.391589,-0.468269,-0.425497,0.668083
0.2084,5767,Real,Ring_DIP,-17.564730,0.972238,20.953590,-0.252460,-0.555772,-0.588318,0.530343
0.2084,5767,Real,Ring_FingerTip,-17.572730,0.963379,20.976460,-0.252460,-0.555772,-0.588318,0.530343
0.2084,5767,Real,Pinky_MCP,-17.604690,0.955018,20.889430,-0.525417,-0.336279,-0.208514,0.753243
0.2084,5767,Real,Pinky_PIP,-17.577650,0.956563,20.918010,-0.402535,-0.476563,-0.421852,0.657947
0.2084,5767,Real,Pinky_DIP,-17.574170,0.953418,20.935740,-0.260796,-0.566685,-0.582101,0.521548
0.2084,5767,Real,Pinky_FingerTip,-17.580300,0.947448,20.952880,-0.260796,-0.566685,-0.582101,0.521548
0.2084,5767,Virtual,Wrist,-17.701510,0.999785,20.861540,-0.567782,-0.158482,0.036329,0.806962
0.2084,5767,Virtual,Thumb_CMC,-17.677230,1.034307,20.882960,0.124896,-0.400552,0.315352,0.851183
0.2084,5767,Virtual,Thumb_MCP,-17.656140,1.053486,20.916360,0.176721,-0.380540,0.200131,0.885385
0.2084,5767,Virtual,Thumb_IP,-17.625230,1.064268,20.952870,0.261622,-0.328016,-0.014709,0.907603
0.2084,5767,Virtual,Thumb_FingerTip,-17.602880,1.058615,20.969620,0.261622,-0.328016,-0.014709,0.907603
0.2084,5767,Virtual,Index_MCP,-17.607830,1.053535,20.899710,-0.488257,-0.263142,-0.129162,0.821997
0.2084,5767,Virtual,Index_PIP,-17.569050,1.055624,20.925870,-0.445729,-0.330097,-0.245092,0.795167
0.2084,5767,Virtual,Index_DIP,-17.551870,1.053145,20.945170,-0.399632,-0.384621,-0.345210,0.757094
0.2084,5767,Virtual,Index_FingerTip,-17.539340,1.047353,20.968260,-0.399632,-0.384621,-0.345210,0.757094
0.2084,5767,Virtual,Middle_MCP,-17.598780,1.029847,20.889250,-0.501350,-0.310067,-0.189421,0.785256
0.2084,5767,Virtual,Middle_PIP,-17.559910,1.030556,20.924990,-0.398380,-0.434496,-0.395432,0.704373
0.2084,5767,Virtual,Middle_DIP,-17.551330,1.024711,20.950690,-0.279867,-0.518814,-0.555861,0.586111
0.2084,5767,Virtual,Middle_FingerTip,-17.555750,1.014489,20.976710,-0.279867,-0.518814,-0.555861,0.586111
0.2084,5767,Virtual,Ring_MCP,-17.595790,1.006422,20.882430,-0.512545,-0.330576,-0.209730,0.764219
0.2084,5767,Virtual,Ring_PIP,-17.563520,1.007274,20.915940,-0.391923,-0.467310,-0.426258,0.668073
0.2084,5767,Virtual,Ring_DIP,-17.558250,1.001920,20.941200,-0.253038,-0.554937,-0.589049,0.530131
0.2084,5767,Virtual,Ring_FingerTip,-17.566250,0.993052,20.964070,-0.253038,-0.554937,-0.589049,0.530131
0.2084,5767,Virtual,Pinky_MCP,-17.598320,0.984852,20.877060,-0.525463,-0.335256,-0.209229,0.753469
0.2084,5767,Virtual,Pinky_PIP,-17.571250,0.986310,20.905610,-0.402881,-0.475600,-0.422602,0.657951
0.2084,5767,Virtual,Pinky_DIP,-17.567750,0.983139,20.923340,-0.261387,-0.565849,-0.582825,0.521351
0.2084,5767,Virtual,Pinky_FingerTip,-17.573880,0.977163,20.940480,-0.261387,-0.565849,-0.582825,0.521351
0.2084,5767,Render,Wrist,-17.701510,0.999785,20.861540,-0.567782,-0.158482,0.036329,0.806962
0.2084,5767,Render,Thumb_CMC,-17.677230,1.034307,20.882960,0.116510,-0.404835,0.277310,0.863501
0.2084,5767,Render,Thumb_MCP,-17.654460,1.051194,20.916500,0.146691,-0.394902,0.211440,0.881946
0.2084,5767,Render,Thumb_IP,-17.625110,1.063800,20.953690,0.198705,-0.371459,0.090332,0.902427
0.2084,5767,Render,Thumb_FingerTip,-17.604940,1.064239,20.973820,0.198705,-0.371459,0.090332,0.902427
0.2084,5767,Render,Index_MCP,-17.607830,1.053535,20.899710,-0.488257,-0.263142,-0.129162,0.821997
0.2084,5767,Render,Index_PIP,-17.569050,1.055624,20.925870,-0.445729,-0.330097,-0.245092,0.795167
0.2084,5767,Render,Index_DIP,-17.551870,1.053145,20.945170,-0.399632,-0.384621,-0.345210,0.757094
0.2084,5767,Render,Index_FingerTip,-17.539340,1.047353,20.968260,-0.399632,-0.384621,-0.345210,0.757094
0.2084,5767,Render,Middle_MCP,-17.598780,1.029847,20.889250,-0.525864,-0.266384,-0.122071,0.798502
0.2084,5767,Render,Middle_PIP,-17.555040,1.034347,20.918490,-0.431372,-0.401761,-0.338711,0.733336
0.2084,5767,Render,Middle_DIP,-17.542630,1.030185,20.942930,-0.317131,-0.496911,-0.511418,0.625267
0.2084,5767,Render,Middle_FingerTip,-17.543110,1.021005,20.969690,-0.317131,-0.496911,-0.511418,0.625267
0.2084,5767,Render,Ring_MCP,-17.595790,1.006422,20.882430,-0.546664,-0.270446,-0.121893,0.783045
0.2084,5767,Render,Ring_PIP,-17.557440,1.011298,20.908340,-0.451205,-0.410362,-0.332548,0.719326
0.2084,5767,Render,Ring_DIP,-17.545800,1.008450,20.931800,-0.335270,-0.509487,-0.500635,0.614314
0.2084,5767,Render,Ring_FingerTip,-17.546330,1.001395,20.956610,-0.335270,-0.509487,-0.500635,0.614314
0.2084,5767,Render,Pinky_MCP,-17.598320,0.984852,20.877060,-0.548190,-0.296642,-0.154561,0.766553
0.2084,5767,Render,Pinky_PIP,-17.567750,0.988328,20.901640,-0.418842,-0.461605,-0.399953,0.671960
0.2084,5767,Render,Pinky_DIP,-17.563100,0.985561,20.919170,-0.261387,-0.565849,-0.582825,0.521351
0.2084,5767,Render,Pinky_FingerTip,-17.569230,0.979585,20.936310,-0.261387,-0.565849,-0.582825,0.521351
0.2228,5768,Real,Wrist,-17.708680,0.970367,20.873850,-0.568775,-0.161842,0.038643,0.805487
0.2228,5768,Real,Thumb_CMC,-17.684720,1.005146,20.895220,0.153922,-0.412354,0.279032,0.853472
0.2228,5768,Real,Thumb_MCP,-17.662580,1.020486,20.929900,0.211755,-0.385860,0.153091,0.884780
0.2228,5768,Real,Thumb_IP,-17.630450,1.025757,20.966560,0.303954,-0.318340,-0.079848,0.894369
0.2228,5768,Real,Thumb_FingerTip,-17.608090,1.016171,20.981400,0.303954,-0.318340,-0.079848,0.894369
0.2228,5768,Real,Index_MCP,-17.615520,1.024946,20.912130,-0.480116,-0.281575,-0.151870,0.816787
0.2228,5768,Real,Index_PIP,-17.578280,1.025990,20.940500,-0.429045,-0.354564,-0.280231,0.782097
0.2228,5768,Real,Index_DIP,-17.562930,1.022509,20.961130,-0.373642,-0.412537,-0.389709,0.733711
0.2228,5768,Real,Index_FingerTip,-17.553350,1.015419,20.985250,-0.373642,-0.412537,-0.389709,0.733711
0.2228,5768,Real,Middle_MCP,-17.606260,1.001287,20.901790,-0.490610,-0.330151,-0.212901,0.777802
0.2228,5768,Real,Middle_PIP,-17.569750,1.000905,20.939940,-0.377271,-0.455374,-0.424091,0.685893
0.2228,5768,Real,Middle_DIP,-17.563500,0.994303,20.966130,-0.248632,-0.536545,-0.585021,0.555025
0.2228,5768,Real,Middle_FingerTip,-17.570860,0.983476,20.991210,-0.248632,-0.536545,-0.585021,0.555025
0.2228,5768,Real,Ring_MCP,-17.603080,0.977859,20.895070,-0.498538,-0.354498,-0.237745,0.754499
0.2228,5768,Real,Ring_PIP,-17.573500,0.977612,20.930990,-0.361539,-0.493456,-0.463247,0.641244
0.2228,5768,Real,Ring_DIP,-17.571290,0.971361,20.956490,-0.206303,-0.575889,-0.626461,0.483052
0.2228,5768,Real,Ring_FingerTip,-17.582860,0.961876,20.977510,-0.206303,-0.575889,-0.626461,0.483052
0.2228,5768,Real,Pinky_MCP,-17.605430,0.956251,20.889770,-0.511219,-0.359721,-0.236863,0.743742
0.2228,5768,Real,Pinky_PIP,-17.580670,0.956860,20.920370,-0.371930,-0.502407,-0.459022,0.631312
0.2228,5768,Real,Pinky_DIP,-17.579320,0.953083,20.938280,-0.213720,-0.587425,-0.619585,0.474731
0.2228,5768,Real,Pinky_FingerTip,-17.588090,0.946624,20.954040,-0.213720,-0.587425,-0.619585,0.474731
0.2228,5768,Virtual,Wrist,-17.701910,0.999458,20.862460,-0.568067,-0.159443,0.036985,0.806542
0.2228,5768,Virtual,Thumb_CMC,-17.677720,1.034053,20.883870,0.154319,-0.412118,0.276051,0.854483
0.2228,5768,Virtual,Thumb_MCP,-17.655420,1.049183,20.918540,0.212113,-0.385570,0.149996,0.885351
0.2228,5768,Virtual,Thumb_IP,-17.623170,1.054186,20.955130,0.304225,-0.317967,-0.082986,0.894124
0.2228,5768,Virtual,Thumb_FingerTip,-17.600830,1.044443,20.969900,0.304225,-0.317967,-0.082986,0.894124
0.2228,5768,Virtual,Index_MCP,-17.608380,1.053444,20.900660,-0.479934,-0.279137,-0.153823,0.817364
0.2228,5768,Virtual,Index_PIP,-17.571070,1.054216,20.928940,-0.429255,-0.352129,-0.282252,0.782355
0.2228,5768,Virtual,Index_DIP,-17.555680,1.050599,20.949540,-0.374199,-0.410158,-0.391746,0.733677
0.2228,5768,Virtual,Index_FingerTip,-17.546090,1.043393,20.973610,-0.374199,-0.410158,-0.391746,0.733677
0.2228,5768,Virtual,Middle_MCP,-17.599260,1.029765,20.890240,-0.490681,-0.327651,-0.214805,0.778291
0.2228,5768,Virtual,Middle_PIP,-17.562670,1.029088,20.928300,-0.378045,-0.452995,-0.426055,0.685825
0.2228,5768,Virtual,Middle_DIP,-17.556390,1.022383,20.954460,-0.249988,-0.534442,-0.586902,0.554458
0.2228,5768,Virtual,Middle_FingerTip,-17.563750,1.011527,20.979530,-0.249988,-0.534442,-0.586902,0.554458
0.2228,5768,Virtual,Ring_MCP,-17.596220,1.006338,20.883440,-0.498733,-0.351971,-0.239611,0.754963
0.2228,5768,Virtual,Ring_PIP,-17.566560,1.005839,20.919300,-0.362520,-0.491118,-0.465164,0.641097
0.2228,5768,Virtual,Ring_DIP,-17.564330,0.999508,20.944770,-0.207908,-0.573927,-0.628256,0.482366
0.2228,5768,Virtual,Ring_FingerTip,-17.575890,0.990027,20.965800,-0.207908,-0.573927,-0.628256,0.482366
0.2228,5768,Virtual,Pinky_MCP,-17.598700,0.984757,20.878100,-0.511442,-0.357175,-0.238692,0.744232
0.2228,5768,Virtual,Pinky_PIP,-17.573860,0.985154,20.908640,-0.372943,-0.500060,-0.460912,0.631200
0.2228,5768,Virtual,Pinky_DIP,-17.572480,0.981322,20.926530,-0.215359,-0.585463,-0.621366,0.474087
0.2228,5768,Virtual,Pinky_FingerTip,-17.581250,0.974866,20.942290,-0.215359,-0.585463,-0.621366,0.474087
0.2228,5768,Render,Wrist,-17.701910,0.999458,20.862460,-0.568067,-0.159443,0.036985,0.806542
0.2228,5768,Render,Thumb_CMC,-17.677720,1.034053,20.883870,0.116337,-0.404978,0.278485,0.863079
0.2228,5768,Render,Thumb_MCP,-17.655020,1.051024,20.917410,0.146528,-0.395058,0.212645,0.881613
0.2228,5768,Render,Thumb_IP,-17.625730,1.063731,20.954620,0.198565,-0.371636,0.091569,0.902261
0.2228,5768,Render,Thumb_FingerTip,-17.605580,1.064234,20.974770,0.198565,-0.371636,0.091569,0.902261
0.2228,5768,Render,Index_MCP,-17.608380,1.053444,20.900660,-0.488361,-0.264116,-0.128396,0.821743
0.2228,5768,Render,Index_PIP,-17.569630,1.055643,20.926860,-0.445693,-0.331076,-0.244298,0.795025
0.2228,5768,Render,Index_DIP,-17.552460,1.053220,20.946180,-0.399470,-0.385587,-0.344403,0.757055
0.2228,5768,Render,Index_FingerTip,-17.539940,1.047480,20.969290,-0.399470,-0.385587,-0.344403,0.757055
0.2228,5768,Render,Middle_MCP,-17.599260,1.029765,20.890240,-0.525955,-0.267383,-0.121346,0.798219
0.2228,5768,Render,Middle_PIP,-17.555560,1.034387,20.919520,-0.431183,-0.402745,-0.337935,0.733265
0.2228,5768,Render,Middle_DIP,-17.543170,1.030277,20.943970,-0.316702,-0.497817,-0.510650,0.625392
0.2228,5768,Render,Middle_FingerTip,-17.543650,1.021125,20.970750,-0.316702,-0.497817,-0.510650,0.625392
0.2228,5768,Render,Ring_MCP,-17.596220,1.006338,20.883440,-0.546743,-0.271459,-0.121192,0.782749
0.2228,5768,Render,Ring_PIP,-17.557910,1.011322,20.909390,-0.451002,-0.411357,-0.331792,0.719233
0.2228,5768,Render,Ring_DIP,-17.546280,1.008524,20.932860,-0.334827,-0.510401,-0.499880,0.614412
0.2228,5768,Render,Ring_FingerTip,-17.546820,1.001494,20.957680,-0.334827,-0.510401,-0.499880,0.614412
0.2228,5768,Render,Pinky_MCP,-17.598700,0.984757,20.878100,-0.548217,-0.297665,-0.153864,0.766277
0.2228,5768,Render,Pinky_PIP,-17.568170,0.988323,20.902700,-0.418529,-0.462580,-0.399203,0.671931
0.2228,5768,Render,Pinky_DIP,-17.563530,0.985585,20.920230,-0.260796,-0.566685,-0.582101,0.521548
0.2228,5768,Render,Pinky_FingerTip,-17.569650,0.979615,20.937380,-0.260796,-0.566685,-0.582101,0.521548
0.2366,5769,Real,Wrist,-17.709550,0.970993,20.873580,-0.569521,-0.163941,0.040229,0.804457
0.2366,5769,Real,Thumb_CMC,-17.685800,1.005944,20.894900,0.153471,-0.412444,0.281784,0.852605
0.2366,5769,Real,Thumb_MCP,-17.663800,1.021485,20.929590,0.211321,-0.386014,0.155939,0.884319
0.2366,5769,Real,Thumb_IP,-17.631770,1.027008,20.966290,0.303574,-0.318600,-0.076977,0.894657
0.2366,5769,Real,Thumb_FingerTip,-17.609390,1.017570,20.981200,0.303574,-0.318600,-0.076977,0.894657
0.2366,5769,Real,Index_MCP,-17.616730,1.026121,20.911890,-0.480403,-0.283731,-0.150006,0.816216
0.2366,5769,Real,Index_PIP,-17.579550,1.027420,20.940330,-0.428985,-0.356739,-0.278300,0.781830
0.2366,5769,Real,Index_DIP,-17.564230,1.024069,20.961010,-0.373270,-0.414681,-0.387760,0.733725
0.2366,5769,Real,Index_FingerTip,-17.554660,1.017090,20.985160,-0.373270,-0.414681,-0.387760,0.733725
0.2366,5769,Real,Middle_MCP,-17.607330,1.002479,20.901630,-0.490668,-0.332378,-0.211074,0.777314
0.2366,5769,Real,Middle_PIP,-17.570900,1.002375,20.939860,-0.376697,-0.457526,-0.422200,0.685942
0.2366,5769,Real,Middle_DIP,-17.564670,0.995874,20.966070,-0.247529,-0.538479,-0.583205,0.555555
0.2366,5769,Real,Middle_FingerTip,-17.572030,0.985080,20.991180,-0.247529,-0.538479,-0.583205,0.555555
0.2366,5769,Real,Ring_MCP,-17.604030,0.979048,20.894980,-0.498482,-0.356754,-0.235948,0.754037
0.2366,5769,Real,Ring_PIP,-17.574520,0.979040,20.930960,-0.360775,-0.495579,-0.461396,0.641371
0.2366,5769,Real,Ring_DIP,-17.572330,0.972869,20.956480,-0.204967,-0.577708,-0.624722,0.483700
0.2366,5769,Real,Ring_FingerTip,-17.583890,0.963386,20.977500,-0.204967,-0.577708,-0.624722,0.483700
0.2366,5769,Real,Pinky_MCP,-17.606270,0.957414,20.889740,-0.511137,-0.361996,-0.235097,0.743255
0.2366,5769,Real,Pinky_PIP,-17.581570,0.958225,20.920390,-0.371136,-0.504540,-0.457193,0.631406
0.2366,5769,Real,Pinky_DIP,-17.580230,0.954504,20.938310,-0.212352,-0.589244,-0.617858,0.475341
0.2366,5769,Real,Pinky_FingerTip,-17.589000,0.948045,20.954070,-0.212352,-0.589244,-0.617858,0.475341
0.2366,5769,Virtual,Wrist,-17.702670,0.998638,20.864040,-0.568775,-0.161843,0.038642,0.805487
0.2366,5769,Virtual,Thumb_CMC,-17.678710,1.033417,20.885410,0.153922,-0.412355,0.279032,0.853471
0.2366,5769,Virtual,Thumb_MCP,-17.656570,1.048757,20.920090,0.211755,-0.385861,0.153091,0.884780
0.2366,5769,Virtual,Thumb_IP,-17.624440,1.054028,20.956750,0.303954,-0.318340,-0.079848,0.894369
0.2366,5769,Virtual,Thumb_FingerTip,-17.602090,1.044442,20.971590,0.303954,-0.318340,-0.079848,0.894369
0.2366,5769,Virtual,Index_MCP,-17.609520,1.053217,20.902320,-0.480116,-0.281575,-0.151870,0.816787
0.2366,5769,Virtual,Index_PIP,-17.572280,1.054261,20.930680,-0.429045,-0.354564,-0.280231,0.782097
0.2366,5769,Virtual,Index_DIP,-17.556920,1.050780,20.951320,-0.373642,-0.412537,-0.389709,0.733711
0.2366,5769,Virtual,Index_FingerTip,-17.547350,1.043690,20.975440,-0.373642,-0.412537,-0.389709,0.733711
0.2366,5769,Virtual,Middle_MCP,-17.600260,1.029558,20.891980,-0.490610,-0.330152,-0.212901,0.777802
0.2366,5769,Virtual,Middle_PIP,-17.563750,1.029176,20.930130,-0.377270,-0.455374,-0.424091,0.685893
0.2366,5769,Virtual,Middle_DIP,-17.557490,1.022574,20.956310,-0.248632,-0.536545,-0.585021,0.555025
0.2366,5769,Virtual,Middle_FingerTip,-17.564860,1.011747,20.981400,-0.248632,-0.536545,-0.585021,0.555025
0.2366,5769,Virtual,Ring_MCP,-17.597080,1.006130,20.885250,-0.498538,-0.354498,-0.237745,0.754499
0.2366,5769,Virtual,Ring_PIP,-17.567500,1.005883,20.921180,-0.361539,-0.493456,-0.463248,0.641244
0.2366,5769,Virtual,Ring_DIP,-17.565290,0.999632,20.946670,-0.206303,-0.575889,-0.626461,0.483052
0.2366,5769,Virtual,Ring_FingerTip,-17.576850,0.990147,20.967690,-0.206303,-0.575889,-0.626461,0.483052
0.2366,5769,Virtual,Pinky_MCP,-17.599430,0.984522,20.879960,-0.511219,-0.359722,-0.236863,0.743742
0.2366,5769,Virtual,Pinky_PIP,-17.574660,0.985131,20.910560,-0.371930,-0.502407,-0.459022,0.631312
0.2366,5769,Virtual,Pinky_DIP,-17.573310,0.981354,20.928460,-0.213720,-0.587425,-0.619585,0.474731
0.2366,5769,Virtual,Pinky_FingerTip,-17.582080,0.974894,20.944220,-0.213720,-0.587425,-0.619585,0.474731
0.2366,5769,Render,Wrist,-17.702670,0.998638,20.864040,-0.568775,-0.161843,0.038642,0.805487
0.2366,5769,Render,Thumb_CMC,-17.678710,1.033417,20.885410,0.113395,-0.424905,0.275288,0.854877
0.2366,5769,Render,Thumb_MCP,-17.657320,1.049853,20.920050,0.145097,-0.415150,0.210075,0.873193
0.2366,5769,Render,Thumb_IP,-17.629510,1.061934,20.958590,0.199862,-0.391737,0.090161,0.893571
0.2366,5769,Render,Thumb_FingerTip,-17.610220,1.062064,20.979570,0.199862,-0.391737,0.090161,0.893571
0.2366,5769,Render,Index_MCP,-17.609520,1.053217,20.902320,-0.480116,-0.281575,-0.151870,0.816787
0.2366,5769,Render,Index_PIP,-17.572280,1.054261,20.930680,-0.429045,-0.354564,-0.280231,0.782097
0.2366,5769,Render,Index_DIP,-17.556920,1.050780,20.951320,-0.373642,-0.412537,-0.389709,0.733711
0.2366,5769,Render,Index_FingerTip,-17.547350,1.043690,20.975440,-0.373642,-0.412537,-0.389709,0.733711
0.2366,5769,Render,Middle_MCP,-17.600260,1.029558,20.891980,-0.526181,-0.269874,-0.119514,0.797508
0.2366,5769,Render,Middle_PIP,-17.556650,1.034489,20.921350,-0.430709,-0.405202,-0.335978,0.733090
0.2366,5769,Render,Middle_DIP,-17.544290,1.030510,20.945840,-0.315628,-0.500077,-0.508711,0.625712
0.2366,5769,Render,Middle_FingerTip,-17.544790,1.021427,20.972640,-0.315628,-0.500077,-0.508711,0.625712
0.2366,5769,Render,Ring_MCP,-17.597080,1.006130,20.885250,-0.546937,-0.273987,-0.119420,0.782004
0.2366,5769,Render,Ring_PIP,-17.558850,1.011385,20.911270,-0.450494,-0.413841,-0.329883,0.719005
0.2366,5769,Render,Ring_DIP,-17.547270,1.008711,20.934780,-0.333718,-0.512680,-0.497975,0.614665
0.2366,5769,Render,Ring_FingerTip,-17.547820,1.001745,20.959620,-0.333718,-0.512680,-0.497975,0.614665
0.2366,5769,Render,Pinky_MCP,-17.599430,0.984522,20.879960,-0.548281,-0.300221,-0.152101,0.765585
0.2366,5769,Render,Pinky_PIP,-17.568970,0.988314,20.904620,-0.417742,-0.465013,-0.397311,0.671863
0.2366,5769,Render,Pinky_DIP,-17.564360,0.985647,20.922180,-0.259317,-0.568770,-0.580276,0.522050
0.2366,5769,Render,Pinky_FingerTip,-17.570490,0.979691,20.939320,-0.259317,-0.568770,-0.580276,0.522050
0.2503,5770,Real,Wrist,-17.710700,0.971851,20.873200,-0.570874,-0.166452,0.040374,0.802974
0.2503,5770,Real,Thumb_CMC,-17.687140,1.006947,20.894500,0.162703,-0.417989,0.270285,0.851915
0.2503,5770,Real,Thumb_MCP,-17.664990,1.021196,20.929630,0.223742,-0.388750,0.139026,0.882884
0.2503,5770,Real,Thumb_IP,-17.632670,1.024703,20.966340,0.319916,-0.314390,-0.103161,0.887790
0.2503,5770,Real,Thumb_FingerTip,-17.610410,1.013750,20.980370,0.319916,-0.314390,-0.103161,0.887790
0.2503,5770,Real,Index_MCP,-17.618200,1.027378,20.911720,-0.477841,-0.292047,-0.158842,0.813109
0.2503,5770,Real,Index_PIP,-17.581730,1.028352,20.941070,-0.420421,-0.369958,-0.296467,0.773618
0.2503,5770,Real,Index_DIP,-17.567440,1.024520,20.962400,-0.357951,-0.430691,-0.412871,0.718272
0.2503,5770,Real,Index_FingerTip,-17.559690,1.016859,20.986990,-0.357951,-0.430691,-0.412871,0.718272
0.2503,5770,Real,Middle_MCP,-17.608690,1.003724,20.901600,-0.487533,-0.340463,-0.218833,0.773633
0.2503,5770,Real,Middle_PIP,-17.573180,1.003374,20.940680,-0.368045,-0.467062,-0.433498,0.677109
0.2503,5770,Real,Middle_DIP,-17.567980,0.996632,20.967060,-0.233184,-0.547019,-0.595397,0.540277
0.2503,5770,Real,Middle_FingerTip,-17.576680,0.985645,20.991640,-0.233184,-0.547019,-0.595397,0.540277
0.2503,5770,Real,Ring_MCP,-17.605290,0.980278,20.895040,-0.494974,-0.364894,-0.243412,0.750070
0.2503,5770,Real,Ring_PIP,-17.576660,0.980095,20.931730,-0.350116,-0.505535,-0.473218,0.630807
0.2503,5770,Real,Ring_DIP,-17.575580,0.973693,20.957260,-0.186937,-0.585834,-0.637032,0.464805
0.2503,5770,Real,Ring_FingerTip,-17.588430,0.964065,20.977460,-0.186937,-0.585834,-0.637032,0.464805
0.2503,5770,Real,Pinky_MCP,-17.607450,0.958619,20.889880,-0.507547,-0.370263,-0.242477,0.739261
0.2503,5770,Real,Pinky_PIP,-17.583500,0.959302,20.921120,-0.360273,-0.514687,-0.468834,0.620884
0.2503,5770,Real,Pinky_DIP,-17.582940,0.955425,20.939040,-0.193972,-0.597556,-0.629937,0.456598
0.2503,5770,Real,Pinky_FingerTip,-17.592670,0.948845,20.954180,-0.193972,-0.597556,-0.629937,0.456598
0.2503,5770,Virtual,Wrist,-17.703080,0.998265,20.864810,-0.569521,-0.163941,0.040229,0.804457
0.2503,5770,Virtual,Thumb_CMC,-17.679330,1.033217,20.886130,0.164309,-0.416810,0.267965,0.852917
0.2503,5770,Virtual,Thumb_MCP,-17.656980,1.047274,20.921220,0.225153,-0.387343,0.136581,0.883526
0.2503,5770,Virtual,Thumb_IP,-17.624490,1.050555,20.957790,0.320896,-0.312656,-0.105688,0.887751
0.2503,5770,Virtual,Thumb_FingerTip,-17.602200,1.039489,20.971680,0.320896,-0.312656,-0.105688,0.887751
0.2503,5770,Virtual,Index_MCP,-17.610260,1.053393,20.903120,-0.477088,-0.289272,-0.159441,0.814425
0.2503,5770,Virtual,Index_PIP,-17.573650,1.054157,20.932300,-0.420158,-0.367095,-0.297284,0.774811
0.2503,5770,Virtual,Index_DIP,-17.559280,1.050206,20.953560,-0.358135,-0.427821,-0.413863,0.719324
0.2503,5770,Virtual,Index_FingerTip,-17.551440,1.042433,20.978090,-0.358135,-0.427821,-0.413863,0.719324
0.2503,5770,Virtual,Middle_MCP,-17.600860,1.029751,20.892860,-0.487055,-0.337651,-0.219446,0.774993
0.2503,5770,Virtual,Middle_PIP,-17.565190,1.029158,20.931780,-0.368401,-0.464232,-0.434478,0.678232
0.2503,5770,Virtual,Middle_DIP,-17.559880,1.022303,20.958110,-0.234267,-0.544380,-0.596636,0.541106
0.2503,5770,Virtual,Middle_FingerTip,-17.568500,1.011248,20.982690,-0.234267,-0.544380,-0.596636,0.541106
0.2503,5770,Virtual,Ring_MCP,-17.597560,1.006320,20.886200,-0.494628,-0.362079,-0.244020,0.751463
0.2503,5770,Virtual,Ring_PIP,-17.568760,1.005921,20.922760,-0.350701,-0.502759,-0.474245,0.631929
0.2503,5770,Virtual,Ring_DIP,-17.567590,0.999421,20.948270,-0.188308,-0.583350,-0.638342,0.465577
0.2503,5770,Virtual,Ring_FingerTip,-17.580370,0.989754,20.968480,-0.188308,-0.583350,-0.638342,0.465577
0.2503,5770,Virtual,Pinky_MCP,-17.599800,0.984686,20.880970,-0.507226,-0.367456,-0.243053,0.740691
0.2503,5770,Virtual,Pinky_PIP,-17.575710,0.985187,20.912110,-0.360878,-0.511927,-0.469842,0.622051
0.2503,5770,Virtual,Pinky_DIP,-17.575080,0.981242,20.930020,-0.195359,-0.595094,-0.631242,0.457419
0.2503,5770,Virtual,Pinky_FingerTip,-17.584760,0.974633,20.945170,-0.195359,-0.595094,-0.631242,0.457419
0.2503,5770,Render,Wrist,-17.703080,0.998265,20.864810,-0.569521,-0.163941,0.040229,0.804457
0.2503,5770,Render,Thumb_CMC,-17.679330,1.033217,20.886130,0.112976,-0.425098,0.278021,0.853952
0.2503,5770,Render,Thumb_MCP,-17.658080,1.049849,20.920770,0.144693,-0.415374,0.212869,0.872477
0.2503,5770,Render,Thumb_IP,-17.630410,1.062168,20.959320,0.199492,-0.392013,0.093027,0.893238
0.2503,5770,Render,Thumb_FingerTip,-17.611160,1.062447,20.980340,0.199492,-0.392013,0.093027,0.893238
0.2503,5770,Render,Index_MCP,-17.610260,1.053393,20.903120,-0.480403,-0.283732,-0.150006,0.816215
0.2503,5770,Render,Index_PIP,-17.573080,1.054692,20.931550,-0.428985,-0.356739,-0.278300,0.781830
0.2503,5770,Render,Index_DIP,-17.557750,1.051341,20.952230,-0.373270,-0.414681,-0.387759,0.733725
0.2503,5770,Render,Index_FingerTip,-17.548190,1.044362,20.976390,-0.373270,-0.414681,-0.387759,0.733725
0.2503,5770,Render,Middle_MCP,-17.600860,1.029751,20.892860,-0.526502,-0.272078,-0.117757,0.796808
0.2503,5770,Render,Middle_PIP,-17.557340,1.034970,20.922310,-0.430406,-0.407408,-0.334096,0.732905
0.2503,5770,Render,Middle_DIP,-17.545010,1.031117,20.946830,-0.314783,-0.502138,-0.506842,0.626004
0.2503,5770,Render,Middle_FingerTip,-17.545520,1.022105,20.973650,-0.314783,-0.502138,-0.506842,0.626004
0.2503,5770,Render,Ring_MCP,-17.597560,1.006320,20.886200,-0.547227,-0.276225,-0.117715,0.781272
0.2503,5770,Render,Ring_PIP,-17.559410,1.011829,20.912280,-0.450157,-0.416072,-0.328043,0.718770
0.2503,5770,Render,Ring_DIP,-17.547860,1.009274,20.935830,-0.332838,-0.514759,-0.496134,0.614894
0.2503,5770,Render,Ring_FingerTip,-17.548430,1.002373,20.960680,-0.332838,-0.514759,-0.496134,0.614894
0.2503,5770,Render,Pinky_MCP,-17.599800,0.984686,20.880970,-0.548454,-0.302491,-0.150400,0.764904
0.2503,5770,Render,Pinky_PIP,-17.569410,0.988691,20.905690,-0.417153,-0.467211,-0.395481,0.671783
0.2503,5770,Render,Pinky_DIP,-17.564810,0.986095,20.923250,-0.258096,-0.570691,-0.578506,0.522522
0.2503,5770,Render,Pinky_FingerTip,-17.570960,0.980156,20.940400,-0.258096,-0.570691,-0.578506,0.522522
0.2648,5771,Real,Wrist,-17.711670,0.972630,20.873160,-0.572542,-0.168745,0.041049,0.801272
0.2648,5771,Real,Thumb_CMC,-17.688300,1.007903,20.894380,0.177249,-0.423847,0.251299,0.851931
0.2648,5771,Real,Thumb_MCP,-17.665710,1.020106,20.930000,0.245646,-0.388228,0.105262,0.881962
0.2648,5771,Real,Thumb_IP,-17.632550,1.019858,20.966120,0.350148,-0.297422,-0.162258,0.873275
0.2648,5771,Real,Thumb_FingerTip,-17.610590,1.005846,20.977680,0.350148,-0.297422,-0.162258,0.873275
0.2648,5771,Real,Index_MCP,-17.619500,1.028640,20.911750,-0.472394,-0.305093,-0.175437,0.808074
0.2648,5771,Real,Index_PIP,-17.584270,1.028861,20.942610,-0.398390,-0.396892,-0.340083,0.753728
0.2648,5771,Real,Index_DIP,-17.572500,1.023763,20.965170,-0.316702,-0.464692,-0.475676,0.676384
0.2648,5771,Real,Index_FingerTip,-17.569390,1.014371,20.990180,-0.316702,-0.464692,-0.475676,0.676384
0.2648,5771,Real,Middle_MCP,-17.609880,1.004971,20.901770,-0.482328,-0.351623,-0.231066,0.768330
0.2648,5771,Real,Middle_PIP,-17.575770,1.004133,20.942070,-0.349164,-0.484110,-0.458408,0.658471
0.2648,5771,Real,Middle_DIP,-17.572690,0.996770,20.968620,-0.199297,-0.562636,-0.624757,0.503389
0.2648,5771,Real,Middle_FingerTip,-17.584400,0.985316,20.991700,-0.199297,-0.562636,-0.624757,0.503389
0.2648,5771,Real,Ring_MCP,-17.606370,0.981506,20.895340,-0.489667,-0.375599,-0.254303,0.744636
0.2648,5771,Real,Ring_PIP,-17.578990,0.980999,20.932960,-0.326897,-0.523437,-0.499235,0.608208
0.2648,5771,Real,Ring_DIP,-17.580210,0.974016,20.958340,-0.144209,-0.600043,-0.666219,0.418695
0.2648,5771,Real,Ring_FingerTip,-17.595890,0.964088,20.976260,-0.144209,-0.600043,-0.666219,0.418695
0.2648,5771,Real,Pinky_MCP,-17.608440,0.959816,20.890270,-0.502119,-0.381168,-0.253221,0.733803
0.2648,5771,Real,Pinky_PIP,-17.585560,0.960255,20.922300,-0.336606,-0.533019,-0.494424,0.598442
0.2648,5771,Real,Pinky_DIP,-17.586610,0.955982,20.940120,-0.150381,-0.612208,-0.658561,0.410956
0.2648,5771,Real,Pinky_FingerTip,-17.598430,0.949140,20.953550,-0.150381,-0.612208,-0.658561,0.410956
0.2648,5771,Virtual,Wrist,-17.703540,0.998157,20.865500,-0.570874,-0.166452,0.040374,0.802974
0.2648,5771,Virtual,Thumb_CMC,-17.679980,1.033253,20.886790,0.178991,-0.423182,0.248591,0.852691
0.2648,5771,Virtual,Thumb_MCP,-17.657220,1.045217,20.922390,0.247252,-0.387282,0.102465,0.882259
0.2648,5771,Virtual,Thumb_IP,-17.623930,1.044692,20.958380,0.351399,-0.296040,-0.165016,0.872725
0.2648,5771,Virtual,Thumb_FingerTip,-17.601980,1.030553,20.969800,0.351399,-0.296040,-0.165016,0.872725
0.2648,5771,Virtual,Index_MCP,-17.611050,1.053684,20.904010,-0.471327,-0.302447,-0.176620,0.809433
0.2648,5771,Virtual,Index_PIP,-17.575700,1.053646,20.934740,-0.397898,-0.394082,-0.341524,0.754810
0.2648,5771,Virtual,Index_DIP,-17.563870,1.048404,20.957230,-0.316746,-0.461839,-0.477294,0.677176
0.2648,5771,Virtual,Index_FingerTip,-17.560700,1.038885,20.982190,-0.316746,-0.461839,-0.477294,0.677176
0.2648,5771,Virtual,Middle_MCP,-17.601540,1.030030,20.893880,-0.481530,-0.348903,-0.232274,0.769705
0.2648,5771,Virtual,Middle_PIP,-17.567280,1.028892,20.934060,-0.349251,-0.481277,-0.459984,0.659402
0.2648,5771,Virtual,Middle_DIP,-17.564140,1.021395,20.960560,-0.200176,-0.559941,-0.626531,0.503841
0.2648,5771,Virtual,Middle_FingerTip,-17.575800,1.009873,20.983630,-0.200176,-0.559941,-0.626531,0.503841
0.2648,5771,Virtual,Ring_MCP,-17.598140,1.006584,20.887340,-0.489005,-0.372855,-0.255515,0.746033
0.2648,5771,Virtual,Ring_PIP,-17.570610,1.005812,20.924850,-0.327239,-0.520635,-0.500860,0.609092
0.2648,5771,Virtual,Ring_DIP,-17.571770,0.998715,20.950200,-0.145421,-0.597495,-0.668040,0.419018
0.2648,5771,Virtual,Ring_FingerTip,-17.587420,0.988755,20.968130,-0.145421,-0.597495,-0.668040,0.419018
0.2648,5771,Virtual,Pinky_MCP,-17.600290,0.984925,20.882170,-0.501490,-0.378426,-0.254406,0.735241
0.2648,5771,Virtual,Pinky_PIP,-17.577290,0.985140,20.914120,-0.336978,-0.530231,-0.496037,0.599374
0.2648,5771,Virtual,Pinky_DIP,-17.578290,0.980787,20.931920,-0.151618,-0.609681,-0.660387,0.411328
0.2648,5771,Virtual,Pinky_FingerTip,-17.590090,0.973921,20.945360,-0.151618,-0.609681,-0.660387,0.411328
0.2648,5771,Render,Wrist,-17.703540,0.998157,20.865500,-0.570874,-0.166452,0.040374,0.802974
0.2648,5771,Render,Thumb_CMC,-17.679980,1.033253,20.886790,0.110465,-0.433464,0.277967,0.850083
0.2648,5771,Render,Thumb_MCP,-17.659360,1.049800,20.921850,0.142820,-0.423905,0.213107,0.868615
0.2648,5771,Render,Thumb_IP,-17.632400,1.062015,20.960940,0.198789,-0.400720,0.093784,0.889445
0.2648,5771,Render,Thumb_FingerTip,-17.613560,1.062229,20.982320,0.198789,-0.400720,0.093784,0.889445
0.2648,5771,Render,Index_MCP,-17.611050,1.053684,20.904010,-0.477841,-0.292047,-0.158842,0.813109
0.2648,5771,Render,Index_PIP,-17.574570,1.054658,20.933360,-0.420422,-0.369958,-0.296467,0.773618
0.2648,5771,Render,Index_DIP,-17.560280,1.050826,20.954690,-0.357951,-0.430691,-0.412871,0.718272
0.2648,5771,Render,Index_FingerTip,-17.552530,1.043166,20.979280,-0.357951,-0.430691,-0.412871,0.718272
0.2648,5771,Render,Middle_MCP,-17.601540,1.030030,20.893880,-0.527338,-0.274805,-0.117325,0.795381
0.2648,5771,Render,Middle_PIP,-17.558160,1.035480,20.923500,-0.430454,-0.410260,-0.333285,0.731654
0.2648,5771,Render,Middle_DIP,-17.545930,1.031751,20.948100,-0.314116,-0.504911,-0.505744,0.624996
0.2648,5771,Render,Middle_FingerTip,-17.546540,1.022838,20.974950,-0.314116,-0.504911,-0.505744,0.624996
0.2648,5771,Render,Ring_MCP,-17.598140,1.006584,20.887340,-0.548029,-0.278946,-0.117343,0.779798
0.2648,5771,Render,Ring_PIP,-17.560120,1.012295,20.913560,-0.450180,-0.418909,-0.327279,0.717455
0.2648,5771,Render,Ring_DIP,-17.548670,1.009860,20.937160,-0.332156,-0.517512,-0.495068,0.613809
0.2648,5771,Render,Ring_FingerTip,-17.549330,1.003050,20.962040,-0.332156,-0.517512,-0.495068,0.613809
0.2648,5771,Render,Pinky_MCP,-17.600290,0.984925,20.882170,-0.549116,-0.305238,-0.150005,0.763414
0.2648,5771,Render,Pinky_PIP,-17.570030,0.989106,20.907000,-0.416867,-0.470022,-0.394614,0.670509
0.2648,5771,Render,Pinky_DIP,-17.565500,0.986587,20.924600,-0.256982,-0.573288,-0.577297,0.521565
0.2648,5771,Render,Pinky_FingerTip,-17.571710,0.980695,20.941740,-0.256982,-0.573288,-0.577297,0.521565
0.2785,5772,Real,Wrist,-17.713080,0.973805,20.873080,-0.576038,-0.173289,0.041604,0.797760
0.2785,5772,Real,Thumb_CMC,-17.690070,1.009397,20.894150,0.179359,-0.428724,0.249853,0.849470
0.2785,5772,Real,Thumb_MCP,-17.667790,1.021283,20.930070,0.251911,-0.390531,0.096680,0.880159
0.2785,5772,Real,Thumb_IP,-17.634620,1.019981,20.966160,0.361381,-0.292193,-0.183347,0.866262
0.2785,5772,Real,Thumb_FingerTip,-17.612910,1.004909,20.976810,0.361381,-0.292193,-0.183347,0.866262
0.2785,5772,Real,Index_MCP,-17.621520,1.030658,20.911880,-0.472154,-0.314269,-0.180344,0.803606
0.2785,5772,Real,Index_PIP,-17.586990,1.030982,20.943510,-0.388808,-0.412944,-0.357482,0.741965
0.2785,5772,Real,Index_DIP,-17.576520,1.025547,20.966630,-0.296410,-0.483565,-0.501299,0.653456
0.2785,5772,Real,Index_FingerTip,-17.575720,1.015635,20.991620,-0.296410,-0.483565,-0.501299,0.653456
0.2785,5772,Real,Middle_MCP,-17.611690,1.006946,20.902200,-0.482153,-0.359690,-0.233493,0.763959
0.2785,5772,Real,Middle_PIP,-17.578310,1.006423,20.943110,-0.340604,-0.495820,-0.467117,0.648039
0.2785,5772,Real,Middle_DIP,-17.576310,0.999004,20.969740,-0.181652,-0.573456,-0.635420,0.484142
0.2785,5772,Real,Middle_FingerTip,-17.589480,0.987488,20.991990,-0.181652,-0.573456,-0.635420,0.484142
0.2785,5772,Real,Ring_MCP,-17.608020,0.983440,20.896020,-0.489249,-0.383538,-0.256281,0.740172
0.2785,5772,Real,Ring_PIP,-17.581280,0.983250,20.934110,-0.315647,-0.535568,-0.508603,0.595700
0.2785,5772,Real,Ring_DIP,-17.583680,0.976193,20.959380,-0.121395,-0.609696,-0.676583,0.394676
0.2785,5772,Real,Ring_FingerTip,-17.600690,0.966234,20.976030,-0.121395,-0.609696,-0.676583,0.394676
0.2785,5772,Real,Pinky_MCP,-17.609930,0.961693,20.891140,-0.501612,-0.389153,-0.255197,0.729260
0.2785,5772,Real,Pinky_PIP,-17.587610,0.962410,20.923560,-0.325109,-0.545306,-0.503613,0.585935
0.2785,5772,Real,Pinky_DIP,-17.589490,0.958088,20.941290,-0.127117,-0.622009,-0.668654,0.387103
0.2785,5772,Real,Pinky_FingerTip,-17.602280,0.951199,20.953780,-0.127117,-0.622009,-0.668654,0.387103
0.2785,5772,Virtual,Wrist,-17.704220,0.998041,20.866260,-0.572542,-0.168745,0.041049,0.801272
0.2785,5772,Virtual,Thumb_CMC,-17.680850,1.033313,20.887480,0.183263,-0.426912,0.244887,0.850995
0.2785,5772,Virtual,Thumb_MCP,-17.658210,1.044744,20.923320,0.255436,-0.388061,0.091523,0.880787
0.2785,5772,Virtual,Thumb_IP,-17.624770,1.042928,20.959130,0.363958,-0.288745,-0.188442,0.865246
0.2785,5772,Virtual,Thumb_FingerTip,-17.603040,1.027645,20.969460,0.363958,-0.288745,-0.188442,0.865246
0.2785,5772,Virtual,Index_MCP,-17.612050,1.054051,20.904850,-0.469900,-0.308921,-0.181997,0.806622
0.2785,5772,Virtual,Index_PIP,-17.577260,1.053897,20.936200,-0.387822,-0.407225,-0.359774,0.744530
0.2785,5772,Virtual,Index_DIP,-17.566630,1.048190,20.959180,-0.296612,-0.477765,-0.504066,0.655499
0.2785,5772,Virtual,Index_FingerTip,-17.565680,1.038038,20.984070,-0.296612,-0.477765,-0.504066,0.655499
0.2785,5772,Virtual,Middle_MCP,-17.602420,1.030381,20.894870,-0.480420,-0.354225,-0.235215,0.767069
0.2785,5772,Virtual,Middle_PIP,-17.568710,1.029299,20.935500,-0.340724,-0.490088,-0.469749,0.650429
0.2785,5772,Virtual,Middle_DIP,-17.566540,1.021618,20.962040,-0.183434,-0.568006,-0.638634,0.485664
0.2785,5772,Virtual,Middle_FingerTip,-17.579580,1.009960,20.984290,-0.183434,-0.568006,-0.638634,0.485664
0.2785,5772,Virtual,Ring_MCP,-17.598920,1.006916,20.888440,-0.487782,-0.378043,-0.258024,0.743355
0.2785,5772,Virtual,Ring_PIP,-17.571880,1.006227,20.926310,-0.316285,-0.529917,-0.511387,0.598027
0.2785,5772,Virtual,Ring_DIP,-17.574110,0.998945,20.951520,-0.123861,-0.604571,-0.679979,0.395955
0.2785,5772,Virtual,Ring_FingerTip,-17.591030,0.988916,20.968220,-0.123861,-0.604571,-0.679979,0.395955
0.2785,5772,Virtual,Pinky_MCP,-17.600990,0.985227,20.883370,-0.500206,-0.383675,-0.256888,0.732527
0.2785,5772,Virtual,Pinky_PIP,-17.578400,0.985521,20.915610,-0.325799,-0.539693,-0.506380,0.588360
0.2785,5772,Virtual,Pinky_DIP,-17.580150,0.981041,20.933320,-0.129619,-0.616938,-0.672065,0.388480
0.2785,5772,Virtual,Pinky_FingerTip,-17.592890,0.974101,20.945840,-0.129619,-0.616938,-0.672065,0.388480
0.2785,5772,Render,Wrist,-17.704220,0.998041,20.866260,-0.572542,-0.168745,0.041049,0.801272
0.2785,5772,Render,Thumb_CMC,-17.680850,1.033313,20.887480,0.107577,-0.443207,0.277660,0.845518
0.2785,5772,Render,Thumb_MCP,-17.660960,1.049743,20.923010,0.140675,-0.433839,0.213145,0.864039
0.2785,5772,Render,Thumb_IP,-17.634840,1.061818,20.962710,0.198005,-0.410852,0.094440,0.884916
0.2785,5772,Render,Thumb_FingerTip,-17.616470,1.061944,20.984500,0.198005,-0.410852,0.094440,0.884916
0.2785,5772,Render,Index_MCP,-17.612050,1.054051,20.904850,-0.472394,-0.305093,-0.175437,0.808074
0.2785,5772,Render,Index_PIP,-17.576820,1.054272,20.935700,-0.398390,-0.396892,-0.340083,0.753728
0.2785,5772,Render,Index_DIP,-17.565040,1.049173,20.958260,-0.316702,-0.464692,-0.475676,0.676384
0.2785,5772,Render,Index_FingerTip,-17.561930,1.039781,20.983280,-0.316702,-0.464692,-0.475676,0.676384
0.2785,5772,Render,Middle_MCP,-17.602420,1.030381,20.894870,-0.528526,-0.277380,-0.116330,0.793845
0.2785,5772,Render,Middle_PIP,-17.559170,1.036111,20.924620,-0.430880,-0.413063,-0.331903,0.730454
0.2785,5772,Render,Middle_DIP,-17.547020,1.032538,20.949270,-0.313827,-0.507731,-0.504106,0.624179
0.2785,5772,Render,Middle_FingerTip,-17.547690,1.023747,20.976160,-0.313827,-0.507731,-0.504106,0.624179
0.2785,5772,Render,Ring_MCP,-17.598920,1.006916,20.888440,-0.549173,-0.281526,-0.116401,0.778205
0.2785,5772,Render,Ring_PIP,-17.561020,1.012875,20.914780,-0.450570,-0.421705,-0.325937,0.716183
0.2785,5772,Render,Ring_DIP,-17.549650,1.010587,20.938430,-0.331840,-0.520317,-0.493451,0.612910
0.2785,5772,Render,Ring_FingerTip,-17.550380,1.003890,20.963330,-0.331840,-0.520317,-0.493451,0.612910
0.2785,5772,Render,Pinky_MCP,-17.600990,0.985227,20.883370,-0.550120,-0.307866,-0.149031,0.761825
0.2785,5772,Render,Pinky_PIP,-17.570830,0.989623,20.908290,-0.416942,-0.472834,-0.393168,0.669333
0.2785,5772,Render,Pinky_DIP,-17.566360,0.987201,20.925920,-0.256211,-0.575994,-0.575565,0.520876
0.2785,5772,Render,Pinky_FingerTip,-17.572610,0.981368,20.943060,-0.256211,-0.575994,-0.575565,0.520876
0.2921,5773,Real,Wrist,-17.714590,0.975132,20.873240,-0.580332,-0.177085,0.041780,0.793795
0.2921,5773,Real,Thumb_CMC,-17.691860,1.011038,20.894090,0.177670,-0.430849,0.249752,0.848780
0.2921,5773,Real,Thumb_MCP,-17.669730,1.022933,20.930100,0.254928,-0.390139,0.087021,0.880472
0.2921,5773,Real,Thumb_IP,-17.636370,1.020693,20.965960,0.369813,-0.283611,-0.209681,0.859557
0.2921,5773,Real,Thumb_FingerTip,-17.614960,1.004442,20.975440,0.369813,-0.283611,-0.209681,0.859557
0.2921,5773,Real,Index_MCP,-17.623520,1.032738,20.912100,-0.472866,-0.322877,-0.185270,0.798639
0.2921,5773,Real,Index_PIP,-17.589670,1.033180,20.944450,-0.377237,-0.430749,-0.378868,0.727054
0.2921,5773,Real,Index_DIP,-17.580790,1.027315,20.968130,-0.270520,-0.504649,-0.532896,0.623033
0.2921,5773,Real,Index_FingerTip,-17.582870,1.016798,20.992800,-0.270520,-0.504649,-0.532896,0.623033
0.2921,5773,Real,Middle_MCP,-17.613530,1.008955,20.902760,-0.483094,-0.367104,-0.235708,0.759143
0.2921,5773,Real,Middle_PIP,-17.580830,1.008787,20.944220,-0.329881,-0.509238,-0.479298,0.634137
0.2921,5773,Real,Middle_DIP,-17.580220,1.001250,20.970890,-0.157902,-0.585843,-0.650608,0.456689
0.2921,5773,Real,Middle_FingerTip,-17.595300,0.989669,20.991850,-0.157902,-0.585843,-0.650608,0.456689
0.2921,5773,Real,Ring_MCP,-17.609730,0.985394,20.896870,-0.489920,-0.390897,-0.258106,0.735228
0.2921,5773,Real,Ring_PIP,-17.583620,0.985556,20.935390,-0.301440,-0.549505,-0.521505,0.578974
0.2921,5773,Real,Ring_DIP,-17.587510,0.978375,20.960430,-0.090992,-0.620115,-0.690612,0.360879
0.2921,5773,Real,Ring_FingerTip,-17.606160,0.968427,20.975220,-0.090992,-0.620115,-0.690612,0.360879
0.2921,5773,Real,Pinky_MCP,-17.611530,0.963588,20.892220,-0.502190,-0.396543,-0.257006,0.724229
0.2921,5773,Real,Pinky_PIP,-17.589750,0.964612,20.924990,-0.310587,-0.559444,-0.516251,0.569249
0.2921,5773,Real,Pinky_DIP,-17.592670,0.960205,20.942560,-0.096100,-0.632618,-0.682298,0.353595
0.2921,5773,Real,Pinky_FingerTip,-17.606680,0.953290,20.953640,-0.096100,-0.632618,-0.682298,0.353595
0.2921,5773,Virtual,Wrist,-17.705450,0.997745,20.867310,-0.576038,-0.173290,0.041604,0.797760
0.2921,5773,Virtual,Thumb_CMC,-17.682440,1.033337,20.888380,0.182598,-0.429325,0.245184,0.849838
0.2921,5773,Virtual,Thumb_MCP,-17.659990,1.044751,20.924350,0.259486,-0.387723,0.082336,0.880659
0.2921,5773,Virtual,Thumb_IP,-17.626370,1.041996,20.959930,0.373312,-0.279821,-0.214163,0.858180
0.2921,5773,Virtual,Thumb_FingerTip,-17.604950,1.025566,20.969060,0.373312,-0.279821,-0.214163,0.858180
0.2921,5773,Virtual,Index_MCP,-17.613890,1.054598,20.906110,-0.469663,-0.317981,-0.186670,0.802159
0.2921,5773,Virtual,Index_PIP,-17.579790,1.054561,20.938210,-0.375358,-0.425207,-0.381104,0.730113
0.2921,5773,Virtual,Index_DIP,-17.570760,1.048402,20.961750,-0.269938,-0.498827,-0.535763,0.625511
0.2921,5773,Virtual,Index_FingerTip,-17.572690,1.037616,20.986320,-0.269938,-0.498827,-0.535763,0.625511
0.2921,5773,Virtual,Middle_MCP,-17.604060,1.030886,20.896430,-0.480379,-0.362057,-0.237246,0.762801
0.2921,5773,Virtual,Middle_PIP,-17.571040,1.030142,20.937640,-0.329040,-0.503569,-0.481986,0.637056
0.2921,5773,Virtual,Middle_DIP,-17.570260,1.022305,20.964210,-0.158839,-0.580189,-0.654062,0.458644
0.2921,5773,Virtual,Middle_FingerTip,-17.585230,1.010543,20.985150,-0.158839,-0.580189,-0.654062,0.458644
0.2921,5773,Virtual,Ring_MCP,-17.600380,1.007380,20.890250,-0.487466,-0.385802,-0.259709,0.738976
0.2921,5773,Virtual,Ring_PIP,-17.573980,1.007021,20.928570,-0.301138,-0.543858,-0.524429,0.581815
0.2921,5773,Virtual,Ring_DIP,-17.577710,0.999574,20.953560,-0.092677,-0.614717,-0.694342,0.362523
0.2921,5773,Virtual,Ring_FingerTip,-17.596290,0.989525,20.968380,-0.092677,-0.614717,-0.694342,0.362523
0.2921,5773,Virtual,Pinky_MCP,-17.602300,0.985633,20.885370,-0.499802,-0.391475,-0.258575,0.728069
0.2921,5773,Virtual,Pinky_PIP,-17.580260,0.986216,20.917990,-0.310336,-0.553847,-0.519179,0.572188
0.2921,5773,Virtual,Pinky_DIP,-17.583060,0.981623,20.935530,-0.097817,-0.627285,-0.686066,0.355330
0.2921,5773,Virtual,Pinky_FingerTip,-17.597010,0.974633,20.946640,-0.097817,-0.627285,-0.686066,0.355330
0.2921,5773,Render,Wrist,-17.705450,0.997745,20.867310,-0.576038,-0.173290,0.041604,0.797760
0.2921,5773,Render,Thumb_CMC,-17.682440,1.033337,20.888380,0.103073,-0.449543,0.280929,0.841645
0.2921,5773,Render,Thumb_MCP,-17.663200,1.050032,20.924150,0.136661,-0.440496,0.216697,0.860424
0.2921,5773,Render,Thumb_IP,-17.637810,1.062413,20.964220,0.194928,-0.417990,0.098448,0.881814
0.2921,5773,Render,Thumb_FingerTip,-17.619820,1.062717,20.986320,0.194928,-0.417990,0.098448,0.881814
0.2921,5773,Render,Index_MCP,-17.613890,1.054598,20.906110,-0.497999,-0.271462,-0.108864,0.816366
0.2921,5773,Render,Index_PIP,-17.575070,1.058936,20.931950,-0.405714,-0.396347,-0.326184,0.756247
0.2921,5773,Render,Index_DIP,-17.562790,1.054478,20.954370,-0.296410,-0.483566,-0.501299,0.653456
0.2921,5773,Render,Index_FingerTip,-17.561990,1.044565,20.979370,-0.296410,-0.483566,-0.501299,0.653456
0.2921,5773,Render,Middle_MCP,-17.604060,1.030886,20.896430,-0.531066,-0.282520,-0.115100,0.790508
0.2921,5773,Render,Middle_PIP,-17.561080,1.037122,20.926470,-0.431896,-0.418706,-0.329796,0.727589
0.2921,5773,Render,Middle_DIP,-17.549110,1.033845,20.951260,-0.313399,-0.513449,-0.501349,0.621933
0.2921,5773,Render,Middle_FingerTip,-17.549960,1.025305,20.978230,-0.313399,-0.513449,-0.501349,0.621933
0.2921,5773,Render,Ring_MCP,-17.600380,1.007380,20.890250,-0.551629,-0.286657,-0.115276,0.774755
0.2921,5773,Render,Ring_PIP,-17.562730,1.013785,20.916840,-0.451520,-0.427313,-0.323906,0.713176
0.2921,5773,Render,Ring_DIP,-17.551540,1.011780,20.940600,-0.331369,-0.525986,-0.490738,0.610501
0.2921,5773,Render,Ring_FingerTip,-17.552440,1.005314,20.965560,-0.331369,-0.525986,-0.490738,0.610501
0.2921,5773,Render,Pinky_MCP,-17.602300,0.985633,20.885370,-0.552297,-0.313086,-0.147827,0.758349
0.2921,5773,Render,Pinky_PIP,-17.572370,0.990422,20.910500,-0.417265,-0.478481,-0.390880,0.666452
0.2921,5773,Render,Pinky_DIP,-17.568020,0.988189,20.928180,-0.254829,-0.581478,-0.572519,0.518813
0.2921,5773,Render,Pinky_FingerTip,-17.574380,0.982486,20.945330,-0.254829,-0.581478,-0.572519,0.518813
0.3064,5774,Real,Wrist,-17.716350,0.976409,20.873110,-0.584206,-0.181348,0.040764,0.790035
0.3064,5774,Real,Thumb_CMC,-17.693900,1.012570,20.893820,0.172799,-0.433488,0.253676,0.847277
0.3064,5774,Real,Thumb_MCP,-17.672150,1.024868,20.929930,0.250635,-0.393641,0.091157,0.879727
0.3064,5774,Real,Thumb_IP,-17.639130,1.023057,20.966120,0.366923,-0.288338,-0.205532,0.860225
0.3064,5774,Real,Thumb_FingerTip,-17.617770,1.006949,20.975960,0.366923,-0.288338,-0.205532,0.860225
0.3064,5774,Real,Index_MCP,-17.625780,1.034604,20.912270,-0.475510,-0.328150,-0.185045,0.794964
0.3064,5774,Real,Index_PIP,-17.592250,1.035441,20.944940,-0.378480,-0.436515,-0.377733,0.723551
0.3064,5774,Real,Index_DIP,-17.583590,1.029829,20.968760,-0.270433,-0.510547,-0.531000,0.619877
0.3064,5774,Real,Index_FingerTip,-17.585880,1.019549,20.993520,-0.270433,-0.510547,-0.531000,0.619877
0.3064,5774,Real,Middle_MCP,-17.615660,1.010754,20.903260,-0.485252,-0.372444,-0.235359,0.755263
0.3064,5774,Real,Middle_PIP,-17.583360,1.011068,20.945030,-0.330099,-0.514994,-0.477653,0.630606
0.3064,5774,Real,Middle_DIP,-17.582990,1.003793,20.971780,-0.156345,-0.591388,-0.647961,0.453832
0.3064,5774,Real,Middle_FingerTip,-17.598250,0.992383,20.992700,-0.156345,-0.591388,-0.647961,0.453832
0.3064,5774,Real,Ring_MCP,-17.611750,0.987146,20.897640,-0.491826,-0.396239,-0.257700,0.731227
0.3064,5774,Real,Ring_PIP,-17.586010,0.987745,20.936410,-0.301140,-0.555170,-0.519589,0.575439
0.3064,5774,Real,Ring_DIP,-17.590120,0.980801,20.961480,-0.088736,-0.625319,-0.687583,0.358234
0.3064,5774,Real,Ring_FingerTip,-17.608900,0.970954,20.976190,-0.088736,-0.625319,-0.687583,0.358234
0.3064,5774,Real,Pinky_MCP,-17.613460,0.965291,20.893180,-0.504040,-0.401841,-0.256644,0.720140
0.3064,5774,Real,Pinky_PIP,-17.591990,0.966686,20.926160,-0.310252,-0.565046,-0.514342,0.565615
0.3064,5774,Real,Pinky_DIP,-17.595060,0.962444,20.943740,-0.093834,-0.637752,-0.679241,0.350855
0.3064,5774,Real,Pinky_FingerTip,-17.609170,0.955606,20.954750,-0.093834,-0.637752,-0.679241,0.350855
0.3064,5774,Virtual,Wrist,-17.707060,0.997534,20.868400,-0.580332,-0.177085,0.041780,0.793795
0.3064,5774,Virtual,Thumb_CMC,-17.684330,1.033440,20.889240,0.177670,-0.430849,0.249752,0.848780
0.3064,5774,Virtual,Thumb_MCP,-17.662200,1.045334,20.925250,0.254928,-0.390139,0.087021,0.880472
0.3064,5774,Virtual,Thumb_IP,-17.628840,1.043095,20.961120,0.369813,-0.283611,-0.209681,0.859557
0.3064,5774,Virtual,Thumb_FingerTip,-17.607430,1.026843,20.970590,0.369813,-0.283611,-0.209681,0.859557
0.3064,5774,Virtual,Index_MCP,-17.615990,1.055140,20.907250,-0.472866,-0.322877,-0.185270,0.798639
0.3064,5774,Virtual,Index_PIP,-17.582140,1.055581,20.939610,-0.377237,-0.430749,-0.378868,0.727054
0.3064,5774,Virtual,Index_DIP,-17.573270,1.049717,20.963290,-0.270520,-0.504649,-0.532896,0.623033
0.3064,5774,Virtual,Index_FingerTip,-17.575350,1.039199,20.987960,-0.270520,-0.504649,-0.532896,0.623033
0.3064,5774,Virtual,Middle_MCP,-17.606000,1.031356,20.897910,-0.483094,-0.367104,-0.235708,0.759143
0.3064,5774,Virtual,Middle_PIP,-17.573300,1.031188,20.939370,-0.329881,-0.509238,-0.479298,0.634137
0.3064,5774,Virtual,Middle_DIP,-17.572690,1.023651,20.966040,-0.157902,-0.585842,-0.650608,0.456689
0.3064,5774,Virtual,Middle_FingerTip,-17.587780,1.012070,20.987000,-0.157902,-0.585842,-0.650608,0.456689
0.3064,5774,Virtual,Ring_MCP,-17.602200,1.007796,20.892030,-0.489920,-0.390896,-0.258106,0.735228
0.3064,5774,Virtual,Ring_PIP,-17.576090,1.007958,20.930540,-0.301440,-0.549505,-0.521505,0.578974
0.3064,5774,Virtual,Ring_DIP,-17.579990,1.000777,20.955590,-0.090992,-0.620115,-0.690612,0.360880
0.3064,5774,Virtual,Ring_FingerTip,-17.598630,0.990828,20.970380,-0.090992,-0.620115,-0.690612,0.360880
0.3064,5774,Virtual,Pinky_MCP,-17.604010,0.985990,20.887370,-0.502190,-0.396542,-0.257006,0.724229
0.3064,5774,Virtual,Pinky_PIP,-17.582220,0.987014,20.920150,-0.310587,-0.559443,-0.516251,0.569249
0.3064,5774,Virtual,Pinky_DIP,-17.585130,0.982607,20.937720,-0.096101,-0.632618,-0.682297,0.353595
0.3064,5774,Virtual,Pinky_FingerTip,-17.599150,0.975692,20.948800,-0.096101,-0.632618,-0.682297,0.353595
0.3064,5774,Render,Wrist,-17.707060,0.997534,20.868400,-0.580332,-0.177085,0.041780,0.793795
0.3064,5774,Render,Thumb_CMC,-17.684330,1.033440,20.889240,0.097945,-0.452260,0.284883,0.839470
0.3064,5774,Render,Thumb_MCP,-17.665510,1.050552,20.925040,0.131753,-0.443591,0.220803,0.858553
0.3064,5774,Render,Thumb_IP,-17.640560,1.063411,20.965230,0.190483,-0.421720,0.102769,0.880515
0.3064,5774,Render,Thumb_FingerTip,-17.622790,1.063990,20.987520,0.190483,-0.421720,0.102769,0.880515
0.3064,5774,Render,Index_MCP,-17.615990,1.055140,20.907250,-0.501657,-0.276029,-0.107807,0.812728
0.3064,5774,Render,Index_PIP,-17.577380,1.059903,20.933330,-0.407997,-0.401735,-0.324180,0.753031
0.3064,5774,Render,Index_DIP,-17.565260,1.055739,20.955900,-0.297305,-0.489348,-0.498570,0.650828
0.3064,5774,Render,Index_FingerTip,-17.564620,1.046108,20.981010,-0.297305,-0.489348,-0.498570,0.650828
0.3064,5774,Render,Middle_MCP,-17.606000,1.031356,20.897910,-0.534536,-0.287081,-0.114152,0.786654
0.3064,5774,Render,Middle_PIP,-17.563280,1.038079,20.928210,-0.433965,-0.424051,-0.327816,0.724149
0.3064,5774,Render,Middle_DIP,-17.551490,1.035121,20.953120,-0.314065,-0.519141,-0.498572,0.619098
0.3064,5774,Render,Middle_FingerTip,-17.552510,1.026879,20.980180,-0.314065,-0.519141,-0.498572,0.619098
0.3064,5774,Render,Ring_MCP,-17.602200,1.007796,20.892030,-0.555002,-0.291195,-0.114411,0.770771
0.3064,5774,Render,Ring_PIP,-17.564780,1.014630,20.918830,-0.453515,-0.432604,-0.321978,0.709584
0.3064,5774,Render,Ring_DIP,-17.553750,1.012930,20.942690,-0.331989,-0.531606,-0.487979,0.607499
0.3064,5774,Render,Ring_FingerTip,-17.554820,1.006740,20.967720,-0.331989,-0.531606,-0.487979,0.607499
0.3064,5774,Render,Pinky_MCP,-17.604010,0.985990,20.887370,-0.555409,-0.317744,-0.146844,0.754318
0.3064,5774,Render,Pinky_PIP,-17.574280,0.991164,20.912660,-0.418658,-0.483908,-0.388617,0.662976
0.3064,5774,Render,Pinky_DIP,-17.570070,0.989144,20.930400,-0.254532,-0.587073,-0.569319,0.516174
0.3064,5774,Render,Pinky_FingerTip,-17.576540,0.983610,20.947570,-0.254532,-0.587073,-0.569319,0.516174
0.3201,5775,Real,Wrist,-17.717960,0.977606,20.872950,-0.587462,-0.185317,0.040024,0.786730
0.3201,5775,Real,Thumb_CMC,-17.695790,1.013998,20.893550,0.171481,-0.436573,0.253667,0.845962
0.3201,5775,Real,Thumb_MCP,-17.674260,1.026269,20.929800,0.253587,-0.394583,0.083242,0.879244
0.3201,5775,Real,Thumb_IP,-17.641180,1.023634,20.965890,0.374780,-0.282031,-0.227119,0.853473
0.3201,5775,Real,Thumb_FingerTip,-17.620160,1.006560,20.974760,0.374780,-0.282031,-0.227119,0.853473
0.3201,5775,Real,Index_MCP,-17.627880,1.036362,20.912400,-0.475075,-0.336584,-0.190727,0.790341
0.3201,5775,Real,Index_PIP,-17.595070,1.037220,20.945800,-0.366370,-0.452502,-0.397323,0.709330
0.3201,5775,Real,Index_DIP,-17.587940,1.031196,20.970020,-0.244923,-0.528203,-0.558349,0.590983
0.3201,5775,Real,Index_FingerTip,-17.592830,1.020403,20.994170,-0.244923,-0.528203,-0.558349,0.590983
0.3201,5775,Real,Middle_MCP,-17.617630,1.012463,20.903680,-0.484776,-0.380061,-0.239185,0.750558
0.3201,5775,Real,Middle_PIP,-17.586110,1.012962,20.946050,-0.317516,-0.527862,-0.490946,0.616051
0.3201,5775,Real,Middle_DIP,-17.587210,1.005486,20.972720,-0.130583,-0.601999,-0.663201,0.425100
0.3201,5775,Real,Middle_FingerTip,-17.604310,0.993979,20.992110,-0.130583,-0.601999,-0.663201,0.425100
0.3201,5775,Real,Ring_MCP,-17.613610,0.988819,20.898290,-0.490957,-0.403927,-0.261400,0.726274
0.3201,5775,Real,Ring_PIP,-17.588610,0.989607,20.937540,-0.284841,-0.568385,-0.533595,0.557746
0.3201,5775,Real,Ring_DIP,-17.594290,0.982456,20.962250,-0.056224,-0.633273,-0.701127,0.322839
0.3201,5775,Real,Ring_FingerTip,-17.614550,0.972614,20.974830,-0.056224,-0.633273,-0.701127,0.322839
0.3201,5775,Real,Pinky_MCP,-17.615220,0.966923,20.894000,-0.503090,-0.409562,-0.260323,0.715117
0.3201,5775,Real,Pinky_PIP,-17.594390,0.968489,20.927380,-0.293644,-0.578458,-0.528083,0.547985
0.3201,5775,Real,Pinky_DIP,-17.598560,0.964104,20.944700,-0.060713,-0.645875,-0.692416,0.315784
0.3201,5775,Real,Pinky_FingerTip,-17.613750,0.957228,20.954120,-0.060713,-0.645875,-0.692416,0.315784
0.3201,5775,Virtual,Wrist,-17.708900,0.997418,20.869230,-0.584206,-0.181347,0.040764,0.790035
0.3201,5775,Virtual,Thumb_CMC,-17.686460,1.033579,20.889940,0.175570,-0.434212,0.250006,0.847427
0.3201,5775,Virtual,Thumb_MCP,-17.664590,1.045490,20.926110,0.257134,-0.391468,0.079366,0.879964
0.3201,5775,Virtual,Thumb_IP,-17.631210,1.042468,20.961890,0.377026,-0.277878,-0.231004,0.852803
0.3201,5775,Virtual,Thumb_FingerTip,-17.610150,1.025267,20.970430,0.377026,-0.277878,-0.231004,0.852803
0.3201,5775,Virtual,Index_MCP,-17.618340,1.055613,20.908390,-0.472992,-0.331769,-0.191107,0.793528
0.3201,5775,Virtual,Index_PIP,-17.585240,1.056107,20.941510,-0.365666,-0.447303,-0.398550,0.712297
0.3201,5775,Virtual,Index_DIP,-17.577920,1.049860,20.965620,-0.245509,-0.522989,-0.560263,0.593561
0.3201,5775,Virtual,Index_FingerTip,-17.582620,1.038877,20.989720,-0.245509,-0.522989,-0.560263,0.593561
0.3201,5775,Virtual,Middle_MCP,-17.608220,1.031762,20.899380,-0.483124,-0.375200,-0.239654,0.753912
0.3201,5775,Virtual,Middle_PIP,-17.576340,1.031825,20.941490,-0.317705,-0.522730,-0.492579,0.619018
0.3201,5775,Virtual,Middle_DIP,-17.577220,1.024127,20.968100,-0.132415,-0.597202,-0.665703,0.427383
0.3201,5775,Virtual,Middle_FingerTip,-17.594190,1.012500,20.987540,-0.132415,-0.597202,-0.665703,0.427383
0.3201,5775,Virtual,Ring_MCP,-17.604310,1.008154,20.893760,-0.489533,-0.399067,-0.261912,0.729729
0.3201,5775,Virtual,Ring_PIP,-17.578980,1.008548,20.932800,-0.285511,-0.563366,-0.535464,0.560697
0.3201,5775,Virtual,Ring_DIP,-17.584460,1.001204,20.957500,-0.058690,-0.628851,-0.703949,0.324897
0.3201,5775,Virtual,Ring_FingerTip,-17.604640,0.991307,20.970170,-0.058690,-0.628851,-0.703949,0.324897
0.3201,5775,Virtual,Pinky_MCP,-17.606010,0.986299,20.889310,-0.501715,-0.404740,-0.260791,0.718649
0.3201,5775,Virtual,Pinky_PIP,-17.584900,0.987531,20.922510,-0.294344,-0.573493,-0.529944,0.551024
0.3201,5775,Virtual,Pinky_DIP,-17.588920,0.983011,20.939830,-0.063187,-0.641514,-0.695263,0.317927
0.3201,5775,Virtual,Pinky_FingerTip,-17.604050,0.976094,20.949330,-0.063187,-0.641514,-0.695263,0.317927
0.3201,5775,Render,Wrist,-17.708900,0.997418,20.869230,-0.584206,-0.181347,0.040764,0.790035
0.3201,5775,Render,Thumb_CMC,-17.686460,1.033579,20.889940,0.092978,-0.454771,0.288518,0.837434
0.3201,5775,Render,Thumb_MCP,-17.668020,1.051084,20.925740,0.126989,-0.446470,0.224581,0.856798
0.3201,5775,Render,Thumb_IP,-17.643480,1.064394,20.966050,0.186152,-0.425217,0.106750,0.879286
0.3201,5775,Render,Thumb_FingerTip,-17.625940,1.065232,20.988490,0.186152,-0.425217,0.106750,0.879286
0.3201,5775,Render,Index_MCP,-17.618340,1.055613,20.908390,-0.504795,-0.281023,-0.107935,0.809048
0.3201,5775,Render,Index_PIP,-17.580000,1.060720,20.934790,-0.409662,-0.407392,-0.323305,0.749455
0.3201,5775,Render,Index_DIP,-17.568080,1.056805,20.957520,-0.297536,-0.495242,-0.496847,0.647574
0.3201,5775,Render,Index_FingerTip,-17.567660,1.047423,20.982720,-0.297536,-0.495242,-0.496847,0.647574
0.3201,5775,Render,Middle_MCP,-17.608220,1.031762,20.899380,-0.537502,-0.292018,-0.114413,0.782769
0.3201,5775,Render,Middle_PIP,-17.565800,1.038881,20.930020,-0.435446,-0.429616,-0.326990,0.720344
0.3201,5775,Render,Middle_DIP,-17.554240,1.036193,20.955070,-0.314106,-0.524901,-0.496819,0.615620
0.3201,5775,Render,Middle_FingerTip,-17.555510,1.028214,20.982190,-0.314106,-0.524901,-0.496819,0.615620
0.3201,5775,Render,Ring_MCP,-17.604310,1.008154,20.893760,-0.557884,-0.296080,-0.114768,0.766767
0.3201,5775,Render,Ring_PIP,-17.567150,1.015337,20.920850,-0.454942,-0.438093,-0.321220,0.705635
0.3201,5775,Render,Ring_DIP,-17.556360,1.013896,20.944840,-0.332010,-0.537278,-0.486265,0.603862
0.3201,5775,Render,Ring_FingerTip,-17.557650,1.007949,20.969910,-0.332010,-0.537278,-0.486265,0.603862
0.3201,5775,Render,Pinky_MCP,-17.606010,0.986299,20.889310,-0.558025,-0.322709,-0.147092,0.750221
0.3201,5775,Render,Pinky_PIP,-17.576550,0.991790,20.914830,-0.419479,-0.489459,-0.387492,0.659028
0.3201,5775,Render,Pinky_DIP,-17.572500,0.989954,20.932630,-0.253653,-0.592615,-0.567063,0.512745
0.3201,5775,Render,Pinky_FingerTip,-17.579120,0.984572,20.949790,-0.253653,-0.592615,-0.567063,0.512745
0.3338,5776,Real,Wrist,-17.720310,0.979217,20.872440,-0.592196,-0.190352,0.039131,0.782009
0.3338,5776,Real,Thumb_CMC,-17.698470,1.015929,20.892830,0.169784,-0.441147,0.253953,0.843843
0.3338,5776,Real,Thumb_MCP,-17.677320,1.028171,20.929310,0.258610,-0.395674,0.071146,0.878352
0.3338,5776,Real,Thumb_IP,-17.644140,1.024265,20.965190,0.387118,-0.271250,-0.260324,0.841900
0.3338,5776,Real,Thumb_FingerTip,-17.623700,1.005787,20.972460,0.387118,-0.271250,-0.260324,0.841900
0.3338,5776,Real,Index_MCP,-17.630860,1.038740,20.912160,-0.474832,-0.347684,-0.197978,0.783872
0.3338,5776,Real,Index_PIP,-17.599020,1.039667,20.946480,-0.348111,-0.474519,-0.424812,0.687885
0.3338,5776,Real,Index_DIP,-17.594120,1.033073,20.971110,-0.206034,-0.551271,-0.595783,0.546528
0.3338,5776,Real,Index_FingerTip,-17.602670,1.021665,20.993920,-0.206034,-0.551271,-0.595783,0.546528
0.3338,5776,Real,Middle_MCP,-17.620420,1.014769,20.903850,-0.484366,-0.390282,-0.244250,0.743916
0.3338,5776,Real,Middle_PIP,-17.590010,1.015544,20.947000,-0.297021,-0.546543,-0.511559,0.592771
0.3338,5776,Real,Middle_DIP,-17.593360,1.007733,20.973390,-0.088359,-0.615730,-0.685807,0.377808
0.3338,5776,Real,Middle_FingerTip,-17.613140,0.996147,20.989980,-0.088359,-0.615730,-0.685807,0.377808
0.3338,5776,Real,Ring_MCP,-17.616280,0.991074,20.898790,-0.490258,-0.413956,-0.265835,0.719458
0.3338,5776,Real,Ring_PIP,-17.592260,0.992162,20.938640,-0.260836,-0.586240,-0.552816,0.531679
0.3338,5776,Real,Ring_DIP,-17.600130,0.984732,20.962660,-0.008196,-0.641596,-0.717818,0.270232
0.3338,5776,Real,Ring_FingerTip,-17.622160,0.974994,20.971910,-0.008196,-0.641596,-0.717818,0.270232
0.3338,5776,Real,Pinky_MCP,-17.617780,0.969122,20.894760,-0.502277,-0.419631,-0.264724,0.708201
0.3338,5776,Real,Pinky_PIP,-17.597790,0.970956,20.928630,-0.269181,-0.596585,-0.546911,0.522031
0.3338,5776,Real,Pinky_DIP,-17.603480,0.966373,20.945460,-0.011778,-0.654395,-0.708584,0.263700
0.3338,5776,Real,Pinky_FingerTip,-17.619960,0.959508,20.952390,-0.011778,-0.654395,-0.708584,0.263700
0.3338,5776,Virtual,Wrist,-17.710730,0.997305,20.869830,-0.587462,-0.185317,0.040024,0.786730
0.3338,5776,Virtual,Thumb_CMC,-17.688560,1.033697,20.890430,0.175669,-0.438271,0.248975,0.845619
0.3338,5776,Virtual,Thumb_MCP,-17.666960,1.045425,20.926820,0.263761,-0.391626,0.065905,0.879043
0.3338,5776,Virtual,Thumb_IP,-17.633390,1.040977,20.962280,0.390396,-0.265578,-0.265446,0.840594
0.3338,5776,Virtual,Thumb_FingerTip,-17.612930,1.022349,20.969100,0.390396,-0.265578,-0.265446,0.840594
0.3338,5776,Virtual,Index_MCP,-17.620660,1.056061,20.909280,-0.471653,-0.341363,-0.198696,0.788375
0.3338,5776,Virtual,Index_PIP,-17.588440,1.056470,20.943260,-0.346982,-0.467534,-0.426852,0.691963
0.3338,5776,Virtual,Index_DIP,-17.583290,1.049558,20.967740,-0.206847,-0.544242,-0.598855,0.549898
0.3338,5776,Virtual,Index_FingerTip,-17.591620,1.037898,20.990510,-0.206847,-0.544242,-0.598855,0.549898
0.3338,5776,Virtual,Middle_MCP,-17.610400,1.032163,20.900560,-0.481756,-0.383882,-0.245112,0.748643
0.3338,5776,Virtual,Middle_PIP,-17.579500,1.032314,20.943380,-0.297073,-0.539631,-0.514173,0.596802
0.3338,5776,Virtual,Middle_DIP,-17.582580,1.024190,20.969710,-0.090811,-0.609268,-0.689659,0.380678
0.3338,5776,Virtual,Middle_FingerTip,-17.602210,1.012462,20.986370,-0.090811,-0.609268,-0.689659,0.380678
0.3338,5776,Virtual,Ring_MCP,-17.606370,1.008518,20.895170,-0.487954,-0.407550,-0.266770,0.724319
0.3338,5776,Virtual,Ring_PIP,-17.581920,1.009043,20.934760,-0.261554,-0.579470,-0.555777,0.535646
0.3338,5776,Virtual,Ring_DIP,-17.589550,1.001344,20.958770,-0.011529,-0.635659,-0.722104,0.272709
0.3338,5776,Virtual,Ring_FingerTip,-17.611500,0.991560,20.968150,-0.011529,-0.635659,-0.722104,0.272709
0.3338,5776,Virtual,Pinky_MCP,-17.607990,0.986622,20.890880,-0.500044,-0.413275,-0.265610,0.713170
0.3338,5776,Virtual,Pinky_PIP,-17.587630,0.987979,20.924550,-0.269941,-0.589892,-0.549873,0.526117
0.3338,5776,Virtual,Pinky_DIP,-17.593140,0.983207,20.941380,-0.015120,-0.648546,-0.712918,0.266284
0.3338,5776,Virtual,Pinky_FingerTip,-17.609580,0.976309,20.948410,-0.015120,-0.648546,-0.712918,0.266284
0.3338,5776,Render,Wrist,-17.710730,0.997305,20.869830,-0.587462,-0.185317,0.040024,0.786730
0.3338,5776,Render,Thumb_CMC,-17.688560,1.033697,20.890430,0.088658,-0.458315,0.291494,0.834936
0.3338,5776,Render,Thumb_MCP,-17.670560,1.051502,20.926310,0.122948,-0.450330,0.227737,0.854531
0.3338,5776,Render,Thumb_IP,-17.646500,1.065156,20.966790,0.182670,-0.429587,0.110183,0.877466
0.3338,5776,Render,Thumb_FingerTip,-17.629210,1.066194,20.989420,0.182670,-0.429587,0.110183,0.877466
0.3338,5776,Render,Index_MCP,-17.620660,1.056061,20.909280,-0.507366,-0.285597,-0.107888,0.805838
0.3338,5776,Render,Index_PIP,-17.582560,1.061490,20.935960,-0.410896,-0.412492,-0.322389,0.746378
0.3338,5776,Render,Index_DIP,-17.570830,1.057797,20.958820,-0.297484,-0.500488,-0.495206,0.644815
0.3338,5776,Render,Index_FingerTip,-17.570600,1.048628,20.984110,-0.297484,-0.500488,-0.495206,0.644815
0.3338,5776,Render,Middle_MCP,-17.610400,1.032163,20.900560,-0.539920,-0.296548,-0.114494,0.779383
0.3338,5776,Render,Middle_PIP,-17.568260,1.039648,20.931500,-0.436512,-0.434639,-0.326128,0.717068
0.3338,5776,Render,Middle_DIP,-17.556920,1.037202,20.956670,-0.313882,-0.530030,-0.495166,0.612664
0.3338,5776,Render,Middle_FingerTip,-17.558390,1.029447,20.983840,-0.313882,-0.530030,-0.495166,0.612664
0.3338,5776,Render,Ring_MCP,-17.606370,1.008518,20.895170,-0.560227,-0.300568,-0.114940,0.763278
0.3338,5776,Render,Ring_PIP,-17.569480,1.016025,20.922520,-0.455961,-0.443053,-0.320426,0.702234
0.3338,5776,Render,Ring_DIP,-17.558890,1.014813,20.946610,-0.331765,-0.542335,-0.484652,0.600764
0.3338,5776,Render,Ring_FingerTip,-17.560380,1.009074,20.971720,-0.331765,-0.542335,-0.484652,0.600764
0.3338,5776,Render,Pinky_MCP,-17.607990,0.986622,20.890880,-0.560125,-0.327262,-0.147172,0.746660
0.3338,5776,Render,Pinky_PIP,-17.578760,0.992404,20.916620,-0.419951,-0.494451,-0.386387,0.655641
0.3338,5776,Render,Pinky_DIP,-17.574860,0.990727,20.934470,-0.252609,-0.597519,-0.564995,0.509844
0.3338,5776,Render,Pinky_FingerTip,-17.581620,0.985474,20.951600,-0.252609,-0.597519,-0.564995,0.509844
0.3470,5777,Real,Wrist,-17.720310,0.979217,20.872440,-0.592196,-0.190352,0.039131,0.782009
0.3470,5777,Real,Thumb_CMC,-17.698470,1.015929,20.892830,0.169784,-0.441147,0.253953,0.843843
0.3470,5777,Real,Thumb_MCP,-17.677320,1.028171,20.929310,0.258610,-0.395674,0.071146,0.878352
0.3470,5777,Real,Thumb_IP,-17.644140,1.024265,20.965190,0.387118,-0.271250,-0.260324,0.841900
0.3470,5777,Real,Thumb_FingerTip,-17.623700,1.005787,20.972460,0.387118,-0.271250,-0.260324,0.841900
0.3470,5777,Real,Index_MCP,-17.630860,1.038740,20.912160,-0.474832,-0.347684,-0.197978,0.783872
0.3470,5777,Real,Index_PIP,-17.599020,1.039667,20.946480,-0.348111,-0.474519,-0.424812,0.687885
0.3470,5777,Real,Index_DIP,-17.594120,1.033073,20.971110,-0.206034,-0.551271,-0.595783,0.546528
0.3470,5777,Real,Index_FingerTip,-17.602670,1.021665,20.993920,-0.206034,-0.551271,-0.595783,0.546528
0.3470,5777,Real,Middle_MCP,-17.620420,1.014769,20.903850,-0.484366,-0.390282,-0.244250,0.743916
0.3470,5777,Real,Middle_PIP,-17.590010,1.015544,20.947000,-0.297021,-0.546543,-0.511559,0.592771
0.3470,5777,Real,Middle_DIP,-17.593360,1.007733,20.973390,-0.088359,-0.615730,-0.685807,0.377808
0.3470,5777,Real,Middle_FingerTip,-17.613140,0.996147,20.989980,-0.088359,-0.615730,-0.685807,0.377808
0.3470,5777,Real,Ring_MCP,-17.616280,0.991074,20.898790,-0.490258,-0.413956,-0.265835,0.719458
0.3470,5777,Real,Ring_PIP,-17.592260,0.992162,20.938640,-0.260836,-0.586240,-0.552816,0.531679
0.3470,5777,Real,Ring_DIP,-17.600130,0.984732,20.962660,-0.008196,-0.641596,-0.717818,0.270232
0.3470,5777,Real,Ring_FingerTip,-17.622160,0.974994,20.971910,-0.008196,-0.641596,-0.717818,0.270232
0.3470,5777,Real,Pinky_MCP,-17.617780,0.969122,20.894760,-0.502277,-0.419631,-0.264724,0.708201
0.3470,5777,Real,Pinky_PIP,-17.597790,0.970956,20.928630,-0.269181,-0.596585,-0.546911,0.522031
0.3470,5777,Real,Pinky_DIP,-17.603480,0.966373,20.945460,-0.011778,-0.654395,-0.708584,0.263700
0.3470,5777,Real,Pinky_FingerTip,-17.619960,0.959508,20.952390,-0.011778,-0.654395,-0.708584,0.263700
0.3470,5777,Virtual,Wrist,-17.713510,0.997011,20.870340,-0.592197,-0.190352,0.039131,0.782009
0.3470,5777,Virtual,Thumb_CMC,-17.691680,1.033723,20.890730,0.169783,-0.441147,0.253954,0.843843
0.3470,5777,Virtual,Thumb_MCP,-17.670530,1.045965,20.927210,0.258610,-0.395674,0.071146,0.878352
0.3470,5777,Virtual,Thumb_IP,-17.637340,1.042059,20.963100,0.387118,-0.271250,-0.260324,0.841900
0.3470,5777,Virtual,Thumb_FingerTip,-17.616900,1.023582,20.970370,0.387118,-0.271250,-0.260324,0.841900
0.3470,5777,Virtual,Index_MCP,-17.624060,1.056534,20.910060,-0.474832,-0.347684,-0.197978,0.783872
0.3470,5777,Virtual,Index_PIP,-17.592230,1.057462,20.944390,-0.348111,-0.474520,-0.424812,0.687885
0.3470,5777,Virtual,Index_DIP,-17.587330,1.050867,20.969010,-0.206034,-0.551271,-0.595783,0.546528
0.3470,5777,Virtual,Index_FingerTip,-17.595880,1.039459,20.991820,-0.206034,-0.551271,-0.595783,0.546528
0.3470,5777,Virtual,Middle_MCP,-17.613630,1.032563,20.901750,-0.484366,-0.390282,-0.244250,0.743916
0.3470,5777,Virtual,Middle_PIP,-17.583210,1.033338,20.944900,-0.297021,-0.546543,-0.511559,0.592771
0.3470,5777,Virtual,Middle_DIP,-17.586560,1.025527,20.971290,-0.088359,-0.615730,-0.685807,0.377808
0.3470,5777,Virtual,Middle_FingerTip,-17.606340,1.013941,20.987890,-0.088359,-0.615730,-0.685807,0.377808
0.3470,5777,Virtual,Ring_MCP,-17.609480,1.008868,20.896700,-0.490258,-0.413956,-0.265835,0.719458
0.3470,5777,Virtual,Ring_PIP,-17.585470,1.009956,20.936550,-0.260836,-0.586240,-0.552816,0.531679
0.3470,5777,Virtual,Ring_DIP,-17.593340,1.002527,20.960560,-0.008196,-0.641596,-0.717818,0.270232
0.3470,5777,Virtual,Ring_FingerTip,-17.615370,0.992789,20.969810,-0.008196,-0.641596,-0.717818,0.270232
0.3470,5777,Virtual,Pinky_MCP,-17.610980,0.986916,20.892660,-0.502277,-0.419631,-0.264724,0.708201
0.3470,5777,Virtual,Pinky_PIP,-17.590990,0.988750,20.926530,-0.269181,-0.596585,-0.546911,0.522031
0.3470,5777,Virtual,Pinky_DIP,-17.596680,0.984167,20.943360,-0.011778,-0.654396,-0.708583,0.263700
0.3470,5777,Virtual,Pinky_FingerTip,-17.613170,0.977303,20.950290,-0.011778,-0.654396,-0.708583,0.263700
0.3470,5777,Render,Wrist,-17.713510,0.997011,20.870340,-0.592197,-0.190352,0.039131,0.782009
0.3470,5777,Render,Thumb_CMC,-17.691680,1.033723,20.890730,0.082380,-0.463570,0.295301,0.831333
0.3470,5777,Render,Thumb_MCP,-17.674300,1.051929,20.926710,0.117084,-0.456042,0.231805,0.851225
0.3470,5777,Render,Thumb_IP,-17.650940,1.066042,20.967440,0.177632,-0.436039,0.114660,0.874740
0.3470,5777,Render,Thumb_FingerTip,-17.634020,1.067344,20.990350,0.177632,-0.436039,0.114660,0.874740
0.3470,5777,Render,Index_MCP,-17.624060,1.056534,20.910060,-0.511242,-0.291516,-0.107686,0.801283
0.3470,5777,Render,Index_PIP,-17.586280,1.062411,20.937090,-0.413022,-0.419241,-0.320959,0.742048
0.3470,5777,Render,Index_DIP,-17.574800,1.059036,20.960120,-0.297894,-0.507552,-0.492760,0.640967
0.3470,5777,Render,Index_FingerTip,-17.574820,1.050178,20.985520,-0.297894,-0.507552,-0.492760,0.640967
0.3470,5777,Render,Middle_MCP,-17.613630,1.032563,20.901750,-0.543579,-0.302412,-0.114447,0.774578
0.3470,5777,Render,Middle_PIP,-17.571870,1.040562,20.933050,-0.438402,-0.441287,-0.324751,0.712465
0.3470,5777,Render,Middle_DIP,-17.560790,1.038460,20.958380,-0.314048,-0.536940,-0.492680,0.608552
0.3470,5777,Render,Middle_FingerTip,-17.562550,1.031035,20.985630,-0.314048,-0.536940,-0.492680,0.608552
0.3470,5777,Render,Ring_MCP,-17.609480,1.008868,20.896700,-0.563778,-0.306377,-0.115006,0.758328
0.3470,5777,Render,Ring_PIP,-17.572910,1.016827,20.924350,-0.457777,-0.449614,-0.319128,0.697456
0.3470,5777,Render,Ring_DIP,-17.562590,1.015944,20.948570,-0.331897,-0.549142,-0.482209,0.596458
0.3470,5777,Render,Ring_FingerTip,-17.564350,1.010508,20.973730,-0.331897,-0.549142,-0.482209,0.596458
0.3470,5777,Render,Pinky_MCP,-17.610980,0.986916,20.892660,-0.563353,-0.333175,-0.147099,0.741613
0.3470,5777,Render,Pinky_PIP,-17.582050,0.993106,20.918640,-0.421036,-0.501100,-0.384645,0.650904
0.3470,5777,Render,Pinky_DIP,-17.578350,0.991661,20.936550,-0.251654,-0.604188,-0.561914,0.505846
0.3470,5777,Render,Pinky_FingerTip,-17.585280,0.986595,20.953680,-0.251654,-0.604188,-0.561914,0.505846
0.3610,5778,Real,Wrist,-17.724350,0.981864,20.871480,-0.598814,-0.200311,0.040857,0.774357
0.3610,5778,Real,Thumb_CMC,-17.703320,1.019235,20.891520,0.168088,-0.443359,0.253537,0.843148
0.3610,5778,Real,Thumb_MCP,-17.682320,1.031464,20.928090,0.266069,-0.392464,0.051664,0.878926
0.3610,5778,Real,Thumb_IP,-17.648650,1.025677,20.963270,0.403001,-0.249822,-0.311300,0.823573
0.3610,5778,Real,Thumb_FingerTip,-17.629240,1.005325,20.967850,0.403001,-0.249822,-0.311300,0.823573
0.3610,5778,Real,Index_MCP,-17.636330,1.043272,20.911540,-0.472851,-0.366570,-0.205740,0.774410
0.3610,5778,Real,Index_PIP,-17.606050,1.044584,20.947240,-0.320292,-0.505345,-0.456462,0.658545
0.3610,5778,Real,Index_DIP,-17.604170,1.037381,20.972100,-0.149830,-0.579234,-0.636471,0.486769
0.3610,5778,Real,Index_FingerTip,-17.617120,1.025382,20.992400,-0.149830,-0.579234,-0.636471,0.486769
0.3610,5778,Real,Middle_MCP,-17.625470,1.019281,20.903870,-0.480316,-0.409877,-0.251941,0.733364
0.3610,5778,Real,Middle_PIP,-17.597110,1.020559,20.948390,-0.258690,-0.576006,-0.541562,0.554985
0.3610,5778,Real,Middle_DIP,-17.604040,1.012157,20.973880,-0.015210,-0.631246,-0.714338,0.301694
0.3610,5778,Real,Middle_FingerTip,-17.627170,1.000503,20.985280,-0.015210,-0.631246,-0.714338,0.301694
0.3610,5778,Real,Ring_MCP,-17.620940,0.995548,20.899350,-0.487544,-0.431090,-0.269331,0.709875
0.3610,5778,Real,Ring_PIP,-17.598450,0.997315,20.940050,-0.226546,-0.610094,-0.572338,0.498891
0.3610,5778,Real,Ring_DIP,-17.608970,0.989553,20.962920,0.056260,-0.648362,-0.730756,0.206054
0.3610,5778,Real,Ring_FingerTip,-17.632420,0.979901,20.967690,0.056260,-0.648362,-0.730756,0.206054
0.3610,5778,Real,Pinky_MCP,-17.622090,0.973505,20.895710,-0.499364,-0.436865,-0.268212,0.698461
0.3610,5778,Real,Pinky_PIP,-17.603420,0.975932,20.930290,-0.234244,-0.620762,-0.565967,0.489353
0.3610,5778,Real,Pinky_DIP,-17.610960,0.971105,20.946290,0.053866,-0.661297,-0.720917,0.200159
0.3610,5778,Real,Pinky_FingerTip,-17.628470,0.964211,20.949880,0.053866,-0.661297,-0.720917,0.200159
0.3610,5778,Virtual,Wrist,-17.713510,0.997011,20.870340,-0.592197,-0.190352,0.039131,0.782009
0.3610,5778,Virtual,Thumb_CMC,-17.691680,1.033723,20.890730,0.175566,-0.439665,0.242509,0.846794
0.3610,5778,Virtual,Thumb_MCP,-17.669910,1.044979,20.927170,0.272490,-0.387141,0.040091,0.879923
0.3610,5778,Virtual,Thumb_IP,-17.635730,1.038093,20.961640,0.406693,-0.242343,-0.322273,0.819763
0.3610,5778,Virtual,Thumb_FingerTip,-17.616500,1.017417,20.965490,0.406693,-0.242343,-0.322273,0.819763
0.3610,5778,Virtual,Index_MCP,-17.624060,1.056534,20.910060,-0.469382,-0.355008,-0.210113,0.780707
0.3610,5778,Virtual,Index_PIP,-17.593170,1.056777,20.945250,-0.320956,-0.493292,-0.462714,0.662983
0.3610,5778,Virtual,Index_DIP,-17.590970,1.049071,20.969940,-0.154159,-0.567966,-0.643782,0.489076
0.3610,5778,Virtual,Index_FingerTip,-17.603720,1.036842,20.990220,-0.154159,-0.567966,-0.643782,0.489076
0.3610,5778,Virtual,Middle_MCP,-17.613630,1.032563,20.901750,-0.477907,-0.398165,-0.256406,0.739815
0.3610,5778,Virtual,Middle_PIP,-17.584510,1.032626,20.945800,-0.261525,-0.564390,-0.548357,0.558904
0.3610,5778,Virtual,Middle_DIP,-17.591130,1.023818,20.971240,-0.022326,-0.621637,-0.722121,0.302673
0.3610,5778,Virtual,Middle_FingerTip,-17.614210,1.012233,20.982800,-0.022326,-0.621637,-0.722121,0.302673
0.3610,5778,Virtual,Ring_MCP,-17.609480,1.008868,20.896700,-0.485641,-0.419363,-0.273790,0.716468
0.3610,5778,Virtual,Ring_PIP,-17.586290,1.009566,20.937040,-0.230400,-0.598856,-0.579379,0.502601
0.3610,5778,Virtual,Ring_DIP,-17.596530,1.001493,20.959930,0.047968,-0.639853,-0.738708,0.206395
0.3610,5778,Virtual,Ring_FingerTip,-17.620010,0.992042,20.964910,0.047968,-0.639853,-0.738708,0.206395
0.3610,5778,Virtual,Pinky_MCP,-17.610980,0.986916,20.892660,-0.497597,-0.425170,-0.272555,0.705225
0.3610,5778,Virtual,Pinky_PIP,-17.591690,0.988440,20.926940,-0.238203,-0.609616,-0.572986,0.493269
0.3610,5778,Virtual,Pinky_DIP,-17.599030,0.983398,20.942990,0.045519,-0.652917,-0.728937,0.200696
0.3610,5778,Virtual,Pinky_FingerTip,-17.616570,0.976653,20.946740,0.045519,-0.652917,-0.728937,0.200696
0.3610,5778,Render,Wrist,-17.713510,0.997011,20.870340,-0.592197,-0.190352,0.039131,0.782009
0.3610,5778,Render,Thumb_CMC,-17.691680,1.033723,20.890730,0.082380,-0.463570,0.295301,0.831333
0.3610,5778,Render,Thumb_MCP,-17.674300,1.051929,20.926710,0.117084,-0.456042,0.231805,0.851225
0.3610,5778,Render,Thumb_IP,-17.650940,1.066042,20.967440,0.177632,-0.436039,0.114660,0.874740
0.3610,5778,Render,Thumb_FingerTip,-17.634020,1.067344,20.990350,0.177632,-0.436039,0.114660,0.874740
0.3610,5778,Render,Index_MCP,-17.624060,1.056534,20.910060,-0.511242,-0.291516,-0.107686,0.801283
0.3610,5778,Render,Index_PIP,-17.586280,1.062411,20.937090,-0.413022,-0.419241,-0.320959,0.742048
0.3610,5778,Render,Index_DIP,-17.574800,1.059036,20.960120,-0.297894,-0.507552,-0.492760,0.640967
0.3610,5778,Render,Index_FingerTip,-17.574820,1.050178,20.985520,-0.297894,-0.507552,-0.492760,0.640967
0.3610,5778,Render,Middle_MCP,-17.613630,1.032563,20.901750,-0.543579,-0.302412,-0.114447,0.774578
0.3610,5778,Render,Middle_PIP,-17.571870,1.040562,20.933050,-0.438402,-0.441287,-0.324751,0.712465
0.3610,5778,Render,Middle_DIP,-17.560790,1.038460,20.958380,-0.314048,-0.536940,-0.492680,0.608552
0.3610,5778,Render,Middle_FingerTip,-17.562550,1.031035,20.985630,-0.314048,-0.536940,-0.492680,0.608552
0.3610,5778,Render,Ring_MCP,-17.609480,1.008868,20.896700,-0.563778,-0.306377,-0.115006,0.758328
0.3610,5778,Render,Ring_PIP,-17.572910,1.016827,20.924350,-0.457777,-0.449614,-0.319128,0.697456
0.3610,5778,Render,Ring_DIP,-17.562590,1.015944,20.948570,-0.331897,-0.549142,-0.482209,0.596458
0.3610,5778,Render,Ring_FingerTip,-17.564350,1.010508,20.973730,-0.331897,-0.549142,-0.482209,0.596458
0.3610,5778,Render,Pinky_MCP,-17.610980,0.986916,20.892660,-0.563353,-0.333175,-0.147099,0.741613
0.3610,5778,Render,Pinky_PIP,-17.582050,0.993106,20.918640,-0.421036,-0.501100,-0.384645,0.650904
0.3610,5778,Render,Pinky_DIP,-17.578350,0.991661,20.936550,-0.251654,-0.604188,-0.561914,0.505846
0.3610,5778,Render,Pinky_FingerTip,-17.585280,0.986595,20.953680,-0.251654,-0.604188,-0.561914,0.505846
0.3751,5779,Real,Wrist,-17.726700,0.983178,20.870770,-0.601480,-0.205648,0.041757,0.770836
0.3751,5779,Real,Thumb_CMC,-17.706110,1.020861,20.890680,0.168796,-0.445480,0.253064,0.842030
0.3751,5779,Real,Thumb_MCP,-17.685250,1.032971,20.927370,0.269818,-0.392610,0.045729,0.878046
0.3751,5779,Real,Thumb_IP,-17.651540,1.026520,20.962390,0.409376,-0.243631,-0.325980,0.816574
0.3751,5779,Real,Thumb_FingerTip,-17.632480,1.005663,20.966120,0.409376,-0.243631,-0.325980,0.816574
0.3751,5779,Real,Index_MCP,-17.639470,1.045533,20.911080,-0.471826,-0.375043,-0.207767,0.770426
0.3751,5779,Real,Index_PIP,-17.609860,1.047114,20.947320,-0.312791,-0.515207,-0.461663,0.650839
0.3751,5779,Real,Index_DIP,-17.608750,1.039882,20.972230,-0.135904,-0.587203,-0.642106,0.473734
0.3751,5779,Real,Index_FingerTip,-17.622580,1.027810,20.991890,-0.135904,-0.587203,-0.642106,0.473734
0.3751,5779,Real,Middle_MCP,-17.628370,1.021556,20.903710,-0.477886,-0.419159,-0.254865,0.728681
0.3751,5779,Real,Middle_PIP,-17.600980,1.023098,20.948830,-0.245483,-0.586351,-0.548773,0.542936
0.3751,5779,Real,Middle_DIP,-17.609010,1.014560,20.973950,0.007859,-0.635616,-0.719390,0.280016
0.3751,5779,Real,Middle_FingerTip,-17.632870,1.002876,20.983710,0.007859,-0.635616,-0.719390,0.280016
0.3751,5779,Real,Ring_MCP,-17.623630,0.997819,20.899430,-0.486032,-0.438962,-0.270007,0.705820
0.3751,5779,Real,Ring_PIP,-17.601810,0.999939,20.940480,-0.216986,-0.617926,-0.574625,0.490807
0.3751,5779,Real,Ring_DIP,-17.612990,0.992144,20.963030,0.072536,-0.650887,-0.730651,0.192964
0.3751,5779,Real,Ring_FingerTip,-17.636590,0.982433,20.966770,0.072536,-0.650887,-0.730651,0.192964
0.3751,5779,Real,Pinky_MCP,-17.624600,0.975740,20.895960,-0.497766,-0.444770,-0.268911,0.694331
0.3751,5779,Real,Pinky_PIP,-17.606510,0.978470,20.930820,-0.224516,-0.628637,-0.568169,0.481241
0.3751,5779,Real,Pinky_DIP,-17.614500,0.973617,20.946600,0.070398,-0.663804,-0.720684,0.187145
0.3751,5779,Real,Pinky_FingerTip,-17.632130,0.966658,20.949420,0.070398,-0.663804,-0.720684,0.187145
0.3751,5779,Virtual,Wrist,-17.721450,0.996375,20.870310,-0.601480,-0.205648,0.041757,0.770836
0.3751,5779,Virtual,Thumb_CMC,-17.700860,1.034057,20.890220,0.168796,-0.445480,0.253064,0.842030
0.3751,5779,Virtual,Thumb_MCP,-17.680000,1.046167,20.926920,0.269818,-0.392610,0.045729,0.878046
0.3751,5779,Virtual,Thumb_IP,-17.646290,1.039716,20.961930,0.409376,-0.243632,-0.325980,0.816574
0.3751,5779,Virtual,Thumb_FingerTip,-17.627230,1.018859,20.965660,0.409376,-0.243632,-0.325980,0.816574
0.3751,5779,Virtual,Index_MCP,-17.634220,1.058729,20.910630,-0.471826,-0.375043,-0.207767,0.770426
0.3751,5779,Virtual,Index_PIP,-17.604610,1.060310,20.946870,-0.312791,-0.515207,-0.461663,0.650839
0.3751,5779,Virtual,Index_DIP,-17.603500,1.053078,20.971770,-0.135904,-0.587203,-0.642106,0.473734
0.3751,5779,Virtual,Index_FingerTip,-17.617330,1.041006,20.991430,-0.135904,-0.587203,-0.642106,0.473734
0.3751,5779,Virtual,Middle_MCP,-17.623120,1.034753,20.903260,-0.477886,-0.419159,-0.254865,0.728680
0.3751,5779,Virtual,Middle_PIP,-17.595730,1.036294,20.948380,-0.245483,-0.586351,-0.548773,0.542936
0.3751,5779,Virtual,Middle_DIP,-17.603770,1.027756,20.973490,0.007859,-0.635616,-0.719390,0.280016
0.3751,5779,Virtual,Middle_FingerTip,-17.627620,1.016072,20.983250,0.007859,-0.635616,-0.719390,0.280016
0.3751,5779,Virtual,Ring_MCP,-17.618380,1.011016,20.898970,-0.486032,-0.438962,-0.270007,0.705819
0.3751,5779,Virtual,Ring_PIP,-17.596560,1.013135,20.940020,-0.216987,-0.617926,-0.574625,0.490806
0.3751,5779,Virtual,Ring_DIP,-17.607730,1.005340,20.962570,0.072536,-0.650887,-0.730650,0.192964
0.3751,5779,Virtual,Ring_FingerTip,-17.631340,0.995629,20.966320,0.072536,-0.650887,-0.730650,0.192964
0.3751,5779,Virtual,Pinky_MCP,-17.619350,0.988936,20.895510,-0.497766,-0.444770,-0.268911,0.694331
0.3751,5779,Virtual,Pinky_PIP,-17.601250,0.991667,20.930370,-0.224516,-0.628637,-0.568169,0.481241
0.3751,5779,Virtual,Pinky_DIP,-17.609250,0.986813,20.946150,0.070398,-0.663804,-0.720684,0.187145
0.3751,5779,Virtual,Pinky_FingerTip,-17.626870,0.979855,20.948960,0.070398,-0.663804,-0.720684,0.187145
0.3751,5779,Render,Wrist,-17.718650,0.996302,20.870520,-0.598814,-0.200311,0.040857,0.774357
0.3751,5779,Render,Thumb_CMC,-17.697630,1.033674,20.890560,0.074819,-0.466567,0.305862,0.826539
0.3751,5779,Render,Thumb_MCP,-17.681050,1.052810,20.926440,0.109770,-0.459601,0.242697,0.847240
0.3751,5779,Render,Thumb_IP,-17.658510,1.068026,20.967230,0.170865,-0.440553,0.125991,0.872264
0.3751,5779,Render,Thumb_FingerTip,-17.641980,1.070000,20.990360,0.170865,-0.440553,0.125991,0.872264
0.3751,5779,Render,Index_MCP,-17.630640,1.057710,20.910570,-0.516172,-0.302535,-0.104162,0.794474
0.3751,5779,Render,Index_PIP,-17.593400,1.064585,20.938120,-0.414779,-0.431184,-0.315721,0.736451
0.3751,5779,Render,Index_DIP,-17.582270,1.061800,20.961400,-0.296676,-0.519562,-0.486311,0.636821
0.3751,5779,Render,Index_FingerTip,-17.582620,1.053431,20.986970,-0.296676,-0.519562,-0.486311,0.636821
0.3751,5779,Render,Middle_MCP,-17.619780,1.033719,20.902910,-0.548123,-0.313471,-0.111259,0.767411
0.3751,5779,Render,Middle_PIP,-17.578650,1.042848,20.934750,-0.439701,-0.453173,-0.319700,0.706462
0.3751,5779,Render,Middle_DIP,-17.567990,1.041374,20.960290,-0.312332,-0.548773,-0.486289,0.604004
0.3751,5779,Render,Middle_FingerTip,-17.570120,1.034451,20.987650,-0.312332,-0.548773,-0.486289,0.604004
0.3751,5779,Render,Ring_MCP,-17.615240,1.009986,20.898390,-0.568133,-0.317431,-0.112053,0.750937
0.3751,5779,Render,Ring_PIP,-17.579250,1.018940,20.926500,-0.458924,-0.461440,-0.314256,0.691162
0.3751,5779,Render,Ring_DIP,-17.569330,1.018653,20.950900,-0.330074,-0.560882,-0.475928,0.591570
0.3751,5779,Render,Ring_FingerTip,-17.571450,1.013678,20.976130,-0.330074,-0.560882,-0.475928,0.591570
0.3751,5779,Render,Pinky_MCP,-17.616400,0.987944,20.894750,-0.567107,-0.344391,-0.143986,0.734202
0.3751,5779,Render,Pinky_PIP,-17.588000,0.994998,20.921090,-0.420859,-0.512926,-0.379251,0.644945
0.3751,5779,Render,Pinky_DIP,-17.584590,0.993944,20.939080,-0.247943,-0.615418,-0.554984,0.501775
0.3751,5779,Render,Pinky_FingerTip,-17.591740,0.989121,20.956190,-0.247943,-0.615418,-0.554984,0.501775
0.3897,5780,Real,Wrist,-17.729090,0.984505,20.870090,-0.603031,-0.211133,0.042437,0.768099
0.3897,5780,Real,Thumb_CMC,-17.708950,1.022444,20.889980,0.171666,-0.448989,0.252126,0.839864
0.3897,5780,Real,Thumb_MCP,-17.688330,1.034271,20.926900,0.276160,-0.393442,0.039292,0.876011
0.3897,5780,Real,Thumb_IP,-17.654630,1.026992,20.961750,0.418452,-0.236556,-0.341028,0.807861
0.3897,5780,Real,Thumb_FingerTip,-17.635950,1.005647,20.964510,0.418452,-0.236556,-0.341028,0.807861
0.3897,5780,Real,Index_MCP,-17.642680,1.047711,20.910830,-0.469964,-0.382827,-0.209443,0.767275
0.3897,5780,Real,Index_PIP,-17.613680,1.049510,20.947560,-0.305371,-0.523614,-0.465825,0.644659
0.3897,5780,Real,Index_DIP,-17.613220,1.042222,20.972470,-0.123186,-0.593505,-0.646509,0.463254
0.3897,5780,Real,Index_FingerTip,-17.627760,1.030042,20.991540,-0.123186,-0.593505,-0.646509,0.463254
0.3897,5780,Real,Middle_MCP,-17.631330,1.023776,20.903690,-0.475516,-0.426742,-0.256120,0.725382
0.3897,5780,Real,Middle_PIP,-17.604690,1.025586,20.949250,-0.235948,-0.593762,-0.552151,0.535636
0.3897,5780,Real,Middle_DIP,-17.613420,1.016956,20.974100,0.023508,-0.638492,-0.721257,0.267516
0.3897,5780,Real,Middle_FingerTip,-17.637630,1.005186,20.982810,0.023508,-0.638492,-0.721257,0.267516
0.3897,5780,Real,Ring_MCP,-17.626390,1.000050,20.899590,-0.483994,-0.445881,-0.270268,0.702777
0.3897,5780,Real,Ring_PIP,-17.605160,1.002458,20.940920,-0.208928,-0.624027,-0.575710,0.485282
0.3897,5780,Real,Ring_DIP,-17.616790,0.994607,20.963220,0.085233,-0.652530,-0.730026,0.184397
0.3897,5780,Real,Ring_FingerTip,-17.640460,0.984791,20.966210,0.085233,-0.652530,-0.730026,0.184397
0.3897,5780,Real,Pinky_MCP,-17.627170,0.977946,20.896230,-0.495665,-0.451707,-0.269218,0.691229
0.3897,5780,Real,Pinky_PIP,-17.609570,0.980923,20.931330,-0.216341,-0.634760,-0.569222,0.475672
0.3897,5780,Real,Pinky_DIP,-17.617900,0.976027,20.946930,0.083264,-0.665425,-0.719986,0.178596
0.3897,5780,Real,Pinky_FingerTip,-17.635570,0.968977,20.949180,0.083264,-0.665425,-0.719986,0.178596
0.3897,5780,Virtual,Wrist,-17.721470,0.996709,20.870310,-0.601480,-0.205648,0.041757,0.770836
0.3897,5780,Virtual,Thumb_CMC,-17.700880,1.034391,20.890220,0.173472,-0.446560,0.247083,0.842284
0.3897,5780,Virtual,Thumb_MCP,-17.679850,1.045865,20.927020,0.277317,-0.390646,0.033811,0.877125
0.3897,5780,Virtual,Thumb_IP,-17.645890,1.038150,20.961540,0.418295,-0.233534,-0.346457,0.806511
0.3897,5780,Virtual,Thumb_FingerTip,-17.627340,1.016655,20.964020,0.418295,-0.233534,-0.346457,0.806511
0.3897,5780,Virtual,Index_MCP,-17.634240,1.059063,20.910630,-0.470159,-0.377130,-0.211179,0.769498
0.3897,5780,Virtual,Index_PIP,-17.604910,1.060450,20.947110,-0.307557,-0.518349,-0.468231,0.646130
0.3897,5780,Virtual,Index_DIP,-17.604290,1.053021,20.971970,-0.126930,-0.589208,-0.649258,0.463884
0.3897,5780,Virtual,Index_FingerTip,-17.618740,1.040841,20.991110,-0.126930,-0.589208,-0.649258,0.463884
0.3897,5780,Virtual,Middle_MCP,-17.623140,1.035087,20.903260,-0.476193,-0.421082,-0.257800,0.727647
0.3897,5780,Virtual,Middle_PIP,-17.596080,1.036453,20.948580,-0.239072,-0.588994,-0.554663,0.536917
0.3897,5780,Virtual,Middle_DIP,-17.604650,1.027749,20.973460,0.018726,-0.635389,-0.724073,0.267675
0.3897,5780,Virtual,Middle_FingerTip,-17.628870,1.016106,20.982320,0.018726,-0.635389,-0.724073,0.267675
0.3897,5780,Virtual,Ring_MCP,-17.618400,1.011350,20.898970,-0.484865,-0.440251,-0.271880,0.705100
0.3897,5780,Virtual,Ring_PIP,-17.596790,1.013375,20.940130,-0.212406,-0.619515,-0.578243,0.486539
0.3897,5780,Virtual,Ring_DIP,-17.608280,1.005485,20.962490,0.080131,-0.649996,-0.732854,0.184419
0.3897,5780,Virtual,Ring_FingerTip,-17.631990,0.995824,20.965640,0.080131,-0.649996,-0.732854,0.184419
0.3897,5780,Virtual,Pinky_MCP,-17.619380,0.989270,20.895510,-0.496584,-0.446090,-0.270753,0.693615
0.3897,5780,Virtual,Pinky_PIP,-17.601450,0.991926,20.930460,-0.219856,-0.630282,-0.571717,0.477021
0.3897,5780,Virtual,Pinky_DIP,-17.609670,0.987004,20.946100,0.078145,-0.662937,-0.722820,0.178717
0.3897,5780,Virtual,Pinky_FingerTip,-17.627370,0.980069,20.948480,0.078145,-0.662937,-0.722820,0.178717
0.3897,5780,Render,Wrist,-17.721470,0.996709,20.870310,-0.601480,-0.205648,0.041757,0.770836
0.3897,5780,Render,Thumb_CMC,-17.700880,1.034391,20.890220,0.071634,-0.469311,0.310815,0.823414
0.3897,5780,Render,Thumb_MCP,-17.684800,1.053915,20.926120,0.106801,-0.462578,0.247872,0.844497
0.3897,5780,Render,Thumb_IP,-17.662780,1.069597,20.967020,0.168326,-0.443904,0.131489,0.870245
0.3897,5780,Render,Thumb_FingerTip,-17.646490,1.071861,20.990300,0.168326,-0.443904,0.131489,0.870245
0.3897,5780,Render,Index_MCP,-17.634240,1.059063,20.910630,-0.517926,-0.308268,-0.102400,0.791352
0.3897,5780,Render,Index_PIP,-17.597300,1.066427,20.938440,-0.414913,-0.437178,-0.313179,0.733923
0.3897,5780,Render,Index_DIP,-17.586360,1.063912,20.961850,-0.295339,-0.525406,-0.483228,0.634992
0.3897,5780,Render,Index_FingerTip,-17.586870,1.055751,20.987470,-0.295339,-0.525406,-0.483228,0.634992
0.3897,5780,Render,Middle_MCP,-17.623140,1.035087,20.903260,-0.549694,-0.319226,-0.109688,0.764133
0.3897,5780,Render,Middle_PIP,-17.582370,1.044767,20.935390,-0.439615,-0.459139,-0.317282,0.703749
0.3897,5780,Render,Middle_DIP,-17.571910,1.043579,20.961030,-0.310756,-0.554527,-0.483269,0.601982
0.3897,5780,Render,Middle_FingerTip,-17.574240,1.036866,20.988420,-0.310756,-0.554527,-0.483269,0.601982
0.3897,5780,Render,Ring_MCP,-17.618400,1.011350,20.898970,-0.569619,-0.323187,-0.110612,0.747563
0.3897,5780,Render,Ring_PIP,-17.582730,1.020788,20.927320,-0.458770,-0.467382,-0.311943,0.688315
0.3897,5780,Render,Ring_DIP,-17.573020,1.020772,20.951810,-0.328450,-0.566600,-0.472980,0.589385
0.3897,5780,Render,Ring_FingerTip,-17.575330,1.015991,20.977060,-0.328450,-0.566600,-0.472980,0.589385
0.3897,5780,Render,Pinky_MCP,-17.619380,0.989270,20.895510,-0.568288,-0.350201,-0.142487,0.730826
0.3897,5780,Render,Pinky_PIP,-17.591260,0.996742,20.922040,-0.420048,-0.518799,-0.376717,0.642256
0.3897,5780,Render,Pinky_DIP,-17.588000,0.995860,20.940070,-0.245410,-0.620778,-0.551760,0.499969
0.3897,5780,Render,Pinky_FingerTip,-17.595270,0.991127,20.957150,-0.245410,-0.620778,-0.551760,0.499969
0.4038,5781,Real,Wrist,-17.731820,0.985974,20.869320,-0.605334,-0.218183,0.043568,0.764244
0.4038,5781,Real,Thumb_CMC,-17.712270,1.024264,20.889120,0.172787,-0.451920,0.253051,0.837782
0.4038,5781,Real,Thumb_MCP,-17.691920,1.036025,20.926210,0.281202,-0.393717,0.033523,0.874522
0.4038,5781,Real,Thumb_IP,-17.658210,1.028043,20.960910,0.426542,-0.228363,-0.357434,0.798846
0.4038,5781,Real,Thumb_FingerTip,-17.639960,1.006216,20.962610,0.426542,-0.228363,-0.357434,0.798846
0.4038,5781,Real,Index_MCP,-17.646480,1.050335,20.910520,-0.468579,-0.391977,-0.209684,0.763427
0.4038,5781,Real,Index_PIP,-17.618160,1.052544,20.947750,-0.296684,-0.534032,-0.469704,0.637313
0.4038,5781,Real,Index_DIP,-17.618470,1.045229,20.972650,-0.107401,-0.601396,-0.651044,0.450477
0.4038,5781,Real,Index_FingerTip,-17.633830,1.032926,20.990990,-0.107401,-0.601396,-0.651044,0.450477
0.4038,5781,Real,Middle_MCP,-17.634830,1.026454,20.903700,-0.474153,-0.434985,-0.254887,0.721803
0.4038,5781,Real,Middle_PIP,-17.608870,1.028806,20.949630,-0.227480,-0.601902,-0.552617,0.529700
0.4038,5781,Real,Middle_DIP,-17.618170,1.020168,20.974270,0.037981,-0.642332,-0.720683,0.258038
0.4038,5781,Real,Middle_FingerTip,-17.642610,1.008262,20.982100,0.037981,-0.642332,-0.720683,0.258038
0.4038,5781,Real,Ring_MCP,-17.629620,1.002745,20.899840,-0.482310,-0.454134,-0.269110,0.699085
0.4038,5781,Real,Ring_PIP,-17.609010,1.005621,20.941470,-0.199660,-0.631662,-0.575820,0.479136
0.4038,5781,Real,Ring_DIP,-17.621160,0.997730,20.963470,0.100469,-0.654803,-0.728397,0.174866
0.4038,5781,Real,Ring_FingerTip,-17.644860,0.987763,20.965600,0.100469,-0.654803,-0.728397,0.174866
0.4038,5781,Real,Pinky_MCP,-17.630150,0.980608,20.896660,-0.493901,-0.459969,-0.268138,0.687454
0.4038,5781,Real,Pinky_PIP,-17.613100,0.983982,20.931990,-0.206935,-0.642407,-0.569300,0.469456
0.4038,5781,Real,Pinky_DIP,-17.621790,0.979053,20.947380,0.098700,-0.667658,-0.718266,0.169071
0.4038,5781,Real,Pinky_FingerTip,-17.639480,0.971875,20.948990,0.098700,-0.667658,-0.718266,0.169071
0.4038,5781,Virtual,Wrist,-17.724340,0.996407,20.869870,-0.603032,-0.211133,0.042437,0.768099
0.4038,5781,Virtual,Thumb_CMC,-17.704200,1.034347,20.889760,0.175419,-0.449025,0.246224,0.840820
0.4038,5781,Virtual,Thumb_MCP,-17.683320,1.045611,20.926710,0.283019,-0.390251,0.026152,0.875740
0.4038,5781,Virtual,Thumb_IP,-17.649290,1.037026,20.960950,0.426635,-0.224451,-0.364582,0.796671
0.4038,5781,Virtual,Thumb_FingerTip,-17.631240,1.015013,20.962270,0.426635,-0.224451,-0.364582,0.796671
0.4038,5781,Virtual,Index_MCP,-17.637930,1.059613,20.910620,-0.468547,-0.384560,-0.212276,0.766496
0.4038,5781,Virtual,Index_PIP,-17.609170,1.061250,20.947540,-0.299316,-0.527099,-0.473224,0.639247
0.4038,5781,Virtual,Index_DIP,-17.609260,1.053736,20.972390,-0.112140,-0.595691,-0.655002,0.451165
0.4038,5781,Virtual,Index_FingerTip,-17.624530,1.041431,20.990800,-0.112140,-0.595691,-0.655002,0.451165
0.4038,5781,Virtual,Middle_MCP,-17.626590,1.035678,20.903470,-0.474751,-0.427593,-0.257419,0.724922
0.4038,5781,Virtual,Middle_PIP,-17.600090,1.037409,20.949120,-0.231342,-0.595571,-0.556282,0.531344
0.4038,5781,Virtual,Middle_DIP,-17.609190,1.028661,20.973800,0.031871,-0.638129,-0.724700,0.258043
0.4038,5781,Virtual,Middle_FingerTip,-17.633660,1.016926,20.981810,0.031871,-0.638129,-0.724700,0.258043
0.4038,5781,Virtual,Ring_MCP,-17.621640,1.011953,20.899370,-0.483171,-0.446773,-0.271564,0.702277
0.4038,5781,Virtual,Ring_PIP,-17.600550,1.014294,20.940780,-0.204001,-0.625655,-0.579519,0.480727
0.4038,5781,Virtual,Ring_DIP,-17.612520,1.006341,20.962860,0.093918,-0.651337,-0.732418,0.174656
0.4038,5781,Virtual,Ring_FingerTip,-17.636290,0.996584,20.965170,0.093918,-0.651337,-0.732418,0.174656
0.4038,5781,Virtual,Pinky_MCP,-17.622430,0.989848,20.896020,-0.494831,-0.452622,-0.270494,0.690731
0.4038,5781,Virtual,Pinky_PIP,-17.604950,0.992772,20.931180,-0.211329,-0.636446,-0.572955,0.471169
0.4038,5781,Virtual,Pinky_DIP,-17.613510,0.987802,20.946620,0.092121,-0.664257,-0.722301,0.168989
0.4038,5781,Virtual,Pinky_FingerTip,-17.631240,0.980781,20.948370,0.092121,-0.664257,-0.722301,0.168989
0.4038,5781,Render,Wrist,-17.724340,0.996407,20.869870,-0.603032,-0.211133,0.042437,0.768099
0.4038,5781,Render,Thumb_CMC,-17.704200,1.034347,20.889760,0.069539,-0.473765,0.314820,0.819512
0.4038,5781,Render,Thumb_MCP,-17.688710,1.054111,20.925780,0.105048,-0.467177,0.252159,0.840909
0.4038,5781,Render,Thumb_IP,-17.667310,1.070092,20.966900,0.167210,-0.448698,0.136222,0.867269
0.4038,5781,Render,Thumb_FingerTip,-17.651350,1.072549,20.990380,0.167210,-0.448698,0.136222,0.867269
0.4038,5781,Render,Index_MCP,-17.637930,1.059613,20.910620,-0.518523,-0.313937,-0.100989,0.788910
0.4038,5781,Render,Index_PIP,-17.601280,1.067397,20.938710,-0.413950,-0.442796,-0.311158,0.731955
0.4038,5781,Render,Index_DIP,-17.590530,1.065089,20.962230,-0.293031,-0.530619,-0.480787,0.633578
0.4038,5781,Render,Index_FingerTip,-17.591220,1.057066,20.987900,-0.293031,-0.530619,-0.480787,0.633578
0.4038,5781,Render,Middle_MCP,-17.626590,1.035678,20.903470,-0.550144,-0.324909,-0.108486,0.761582
0.4038,5781,Render,Middle_PIP,-17.586170,1.045830,20.935910,-0.438471,-0.464723,-0.315420,0.701631
0.4038,5781,Render,Middle_DIP,-17.575940,1.044858,20.961650,-0.308252,-0.559647,-0.480936,0.600397
0.4038,5781,Render,Middle_FingerTip,-17.578460,1.038279,20.989060,-0.308252,-0.559647,-0.480936,0.600397
0.4038,5781,Render,Ring_MCP,-17.621640,1.011953,20.899370,-0.570004,-0.328870,-0.109548,0.744943
0.4038,5781,Render,Ring_PIP,-17.586290,1.021805,20.927980,-0.457577,-0.472952,-0.310199,0.686088
0.4038,5781,Render,Ring_DIP,-17.576800,1.021994,20.952560,-0.325912,-0.571701,-0.470738,0.587661
0.4038,5781,Render,Ring_FingerTip,-17.579300,1.017334,20.977810,-0.325912,-0.571701,-0.470738,0.587661
0.4038,5781,Render,Pinky_MCP,-17.622430,0.989848,20.896020,-0.568388,-0.355892,-0.141402,0.728205
0.4038,5781,Render,Pinky_PIP,-17.594600,0.997669,20.922760,-0.418255,-0.524201,-0.374825,0.640143
0.4038,5781,Render,Pinky_DIP,-17.591490,0.996910,20.940810,-0.242082,-0.625396,-0.549322,0.498519
0.4038,5781,Render,Pinky_FingerTip,-17.598880,0.992218,20.957860,-0.242082,-0.625396,-0.549322,0.498519
0.4175,5782,Real,Wrist,-17.734490,0.987568,20.869180,-0.609486,-0.224123,0.046374,0.759043
0.4175,5782,Real,Thumb_CMC,-17.715500,1.026315,20.888630,0.168423,-0.452820,0.261014,0.835739
0.4175,5782,Real,Thumb_MCP,-17.695580,1.038774,20.925720,0.277206,-0.395688,0.041744,0.874555
0.4175,5782,Real,Thumb_IP,-17.662080,1.031599,20.960790,0.423833,-0.231901,-0.350078,0.802517
0.4175,5782,Real,Thumb_FingerTip,-17.643630,1.009983,20.962940,0.423833,-0.231901,-0.350078,0.802517
0.4175,5782,Real,Index_MCP,-17.650160,1.053336,20.910210,-0.470798,-0.398904,-0.205143,0.759698
0.4175,5782,Real,Index_PIP,-17.622170,1.056329,20.947640,-0.296269,-0.541295,-0.464127,0.635462
0.4175,5782,Real,Index_DIP,-17.622610,1.049343,20.972640,-0.104653,-0.608131,-0.645169,0.450536
0.4175,5782,Real,Index_FingerTip,-17.638000,1.037129,20.991010,-0.104653,-0.608131,-0.645169,0.450536
0.4175,5782,Real,Middle_MCP,-17.638210,1.029486,20.903810,-0.475689,-0.442067,-0.250291,0.718089
0.4175,5782,Real,Middle_PIP,-17.612660,1.032713,20.949910,-0.225662,-0.608917,-0.546840,0.528453
0.4175,5782,Real,Middle_DIP,-17.622080,1.024310,20.974590,0.042504,-0.647995,-0.714900,0.259257
0.4175,5782,Real,Middle_FingerTip,-17.646470,1.012262,20.982380,0.042504,-0.647995,-0.714900,0.259257
0.4175,5782,Real,Ring_MCP,-17.632720,1.005783,20.900310,-0.483537,-0.461258,-0.264535,0.695309
0.4175,5782,Real,Ring_PIP,-17.612500,1.009422,20.942060,-0.197258,-0.638479,-0.569984,0.478071
0.4175,5782,Real,Ring_DIP,-17.624750,1.001701,20.964070,0.105639,-0.659854,-0.722692,0.176493
0.4175,5782,Real,Ring_FingerTip,-17.648370,0.991522,20.966140,0.105639,-0.659854,-0.722692,0.176493
0.4175,5782,Real,Pinky_MCP,-17.633010,0.983601,20.897430,-0.495025,-0.467096,-0.263630,0.683573
0.4175,5782,Real,Pinky_PIP,-17.616290,0.987618,20.932840,-0.204441,-0.649178,-0.563472,0.468265
0.4175,5782,Real,Pinky_DIP,-17.625060,0.982806,20.948230,0.103932,-0.672626,-0.712513,0.170582
0.4175,5782,Real,Pinky_FingerTip,-17.642680,0.975471,20.949780,0.103932,-0.672626,-0.712513,0.170582
0.4175,5782,Virtual,Wrist,-17.727780,0.996084,20.869250,-0.605334,-0.218182,0.043568,0.764244
0.4175,5782,Virtual,Thumb_CMC,-17.708240,1.034374,20.889050,0.172787,-0.451920,0.253050,0.837782
0.4175,5782,Virtual,Thumb_MCP,-17.687890,1.046134,20.926140,0.281202,-0.393716,0.033523,0.874522
0.4175,5782,Virtual,Thumb_IP,-17.654170,1.038153,20.960830,0.426541,-0.228363,-0.357434,0.798846
0.4175,5782,Virtual,Thumb_FingerTip,-17.635920,1.016325,20.962540,0.426541,-0.228363,-0.357434,0.798846
0.4175,5782,Virtual,Index_MCP,-17.642450,1.060444,20.910440,-0.468579,-0.391977,-0.209684,0.763427
0.4175,5782,Virtual,Index_PIP,-17.614130,1.062654,20.947670,-0.296684,-0.534032,-0.469703,0.637313
0.4175,5782,Virtual,Index_DIP,-17.614430,1.055339,20.972580,-0.107401,-0.601395,-0.651044,0.450478
0.4175,5782,Virtual,Index_FingerTip,-17.629790,1.043036,20.990910,-0.107401,-0.601395,-0.651044,0.450478
0.4175,5782,Virtual,Middle_MCP,-17.630800,1.036563,20.903630,-0.474153,-0.434985,-0.254887,0.721803
0.4175,5782,Virtual,Middle_PIP,-17.604840,1.038916,20.949550,-0.227480,-0.601902,-0.552617,0.529700
0.4175,5782,Virtual,Middle_DIP,-17.614130,1.030278,20.974200,0.037981,-0.642332,-0.720683,0.258038
0.4175,5782,Virtual,Middle_FingerTip,-17.638580,1.018372,20.982020,0.037981,-0.642332,-0.720683,0.258038
0.4175,5782,Virtual,Ring_MCP,-17.625580,1.012855,20.899770,-0.482310,-0.454134,-0.269110,0.699085
0.4175,5782,Virtual,Ring_PIP,-17.604980,1.015731,20.941390,-0.199660,-0.631662,-0.575820,0.479136
0.4175,5782,Virtual,Ring_DIP,-17.617130,1.007840,20.963400,0.100469,-0.654803,-0.728397,0.174866
0.4175,5782,Virtual,Ring_FingerTip,-17.640830,0.997873,20.965530,0.100469,-0.654803,-0.728397,0.174866
0.4175,5782,Virtual,Pinky_MCP,-17.626110,0.990718,20.896590,-0.493901,-0.459969,-0.268137,0.687455
0.4175,5782,Virtual,Pinky_PIP,-17.609060,0.994091,20.931920,-0.206935,-0.642407,-0.569300,0.469456
0.4175,5782,Virtual,Pinky_DIP,-17.617750,0.989163,20.947300,0.098700,-0.667658,-0.718266,0.169071
0.4175,5782,Virtual,Pinky_FingerTip,-17.635440,0.981985,20.948910,0.098700,-0.667658,-0.718266,0.169071
0.4175,5782,Render,Wrist,-17.727780,0.996084,20.869250,-0.605334,-0.218182,0.043568,0.764244
0.4175,5782,Render,Thumb_CMC,-17.708240,1.034374,20.889050,0.066685,-0.477408,0.320851,0.815285
0.4175,5782,Render,Thumb_MCP,-17.693380,1.054551,20.925110,0.102477,-0.471024,0.258492,0.837148
0.4175,5782,Render,Thumb_IP,-17.672660,1.071037,20.966380,0.165183,-0.452858,0.143004,0.864399
0.4175,5782,Render,Thumb_FingerTip,-17.657020,1.073819,20.990040,0.165183,-0.452858,0.143004,0.864399
0.4175,5782,Render,Index_MCP,-17.642450,1.060444,20.910440,-0.519610,-0.321273,-0.098861,0.785503
0.4175,5782,Render,Index_PIP,-17.606200,1.068806,20.938890,-0.413007,-0.450152,-0.308186,0.729253
0.4175,5782,Render,Index_DIP,-17.595690,1.066791,20.962540,-0.290316,-0.537520,-0.477244,0.631686
0.4175,5782,Render,Index_FingerTip,-17.596590,1.058967,20.988260,-0.290316,-0.537520,-0.477244,0.631686
0.4175,5782,Render,Middle_MCP,-17.630800,1.036563,20.903630,-0.551025,-0.332272,-0.106623,0.758023
0.4175,5782,Render,Middle_PIP,-17.590850,1.047364,20.936430,-0.437275,-0.472042,-0.312643,0.698729
0.4175,5782,Render,Middle_DIP,-17.580900,1.046697,20.962300,-0.305262,-0.566434,-0.477521,0.598282
0.4175,5782,Render,Middle_FingerTip,-17.583670,1.040313,20.989730,-0.305262,-0.566434,-0.477521,0.598282
0.4175,5782,Render,Ring_MCP,-17.625580,1.012855,20.899770,-0.570792,-0.336239,-0.107860,0.741287
0.4175,5782,Render,Ring_PIP,-17.590650,1.023276,20.928690,-0.456308,-0.480254,-0.307571,0.683037
0.4175,5782,Render,Ring_DIP,-17.581440,1.023753,20.953370,-0.322871,-0.578459,-0.467436,0.585358
0.4175,5782,Render,Ring_FingerTip,-17.584190,1.019272,20.978630,-0.322871,-0.578459,-0.467436,0.585358
0.4175,5782,Render,Pinky_MCP,-17.626110,0.990718,20.896590,-0.568799,-0.363287,-0.139676,0.724556
0.4175,5782,Render,Pinky_PIP,-17.598670,0.999020,20.923570,-0.416191,-0.531314,-0.371987,0.637273
0.4175,5782,Render,Pinky_DIP,-17.595760,0.998435,20.941670,-0.237983,-0.631564,-0.545755,0.496631
0.4175,5782,Render,Pinky_FingerTip,-17.603300,0.993809,20.958670,-0.237983,-0.631564,-0.545755,0.496631
0.4317,5783,Real,Wrist,-17.736820,0.988984,20.868910,-0.612459,-0.229895,0.048876,0.754755
0.4317,5783,Real,Thumb_CMC,-17.718370,1.028116,20.888100,0.169411,-0.453384,0.260937,0.835258
0.4317,5783,Real,Thumb_MCP,-17.698490,1.040511,20.925240,0.283003,-0.392640,0.031373,0.874505
0.4317,5783,Real,Thumb_IP,-17.664670,1.032305,20.959780,0.432441,-0.217375,-0.376384,0.789986
0.4317,5783,Real,Thumb_FingerTip,-17.646940,1.009999,20.960290,0.432441,-0.217375,-0.376384,0.789986
0.4317,5783,Real,Index_MCP,-17.653470,1.056006,20.909920,-0.470920,-0.406446,-0.203041,0.756182
0.4317,5783,Real,Index_PIP,-17.625970,1.059552,20.947660,-0.287409,-0.551688,-0.468084,0.627642
0.4317,5783,Real,Index_DIP,-17.627190,1.052532,20.972620,-0.086589,-0.616008,-0.650872,0.435204
0.4317,5783,Real,Index_FingerTip,-17.643500,1.040162,20.990080,-0.086589,-0.616008,-0.650872,0.435204
0.4317,5783,Real,Middle_MCP,-17.641240,1.032211,20.903860,-0.475714,-0.449058,-0.247106,0.714830
0.4317,5783,Real,Middle_PIP,-17.616180,1.036117,20.950180,-0.216464,-0.617333,-0.547695,0.521607
0.4317,5783,Real,Middle_DIP,-17.626210,1.027688,20.974600,0.060113,-0.651416,-0.715099,0.246327
0.4317,5783,Real,Middle_FingerTip,-17.650880,1.015501,20.981250,0.060113,-0.651416,-0.715099,0.246327
0.4317,5783,Real,Ring_MCP,-17.635490,1.008529,20.900650,-0.482829,-0.468735,-0.262023,0.691743
0.4317,5783,Real,Ring_PIP,-17.615790,1.012723,20.942600,-0.185880,-0.646749,-0.571264,0.469916
0.4317,5783,Real,Ring_DIP,-17.628680,1.004913,20.964210,0.126063,-0.661018,-0.721868,0.161464
0.4317,5783,Real,Ring_FingerTip,-17.652320,0.994599,20.965020,0.126063,-0.661018,-0.721868,0.161464
0.4317,5783,Real,Pinky_MCP,-17.635530,0.986316,20.897990,-0.494219,-0.474602,-0.261168,0.679921
0.4317,5783,Real,Pinky_PIP,-17.619270,0.990803,20.933570,-0.192845,-0.657502,-0.564645,0.460085
0.4317,5783,Real,Pinky_DIP,-17.628480,0.985924,20.948660,0.124702,-0.673757,-0.711524,0.155679
0.4317,5783,Real,Pinky_FingerTip,-17.646120,0.978460,20.949280,0.124702,-0.673757,-0.711524,0.155679
0.4317,5783,Virtual,Wrist,-17.731270,0.995635,20.869090,-0.609486,-0.224123,0.046374,0.759043
0.4317,5783,Virtual,Thumb_CMC,-17.712280,1.034382,20.888540,0.172506,-0.452251,0.253783,0.837440
0.4317,5783,Virtual,Thumb_MCP,-17.691990,1.046195,20.925640,0.285690,-0.390731,0.023897,0.874723
0.4317,5783,Virtual,Thumb_IP,-17.657990,1.037298,20.959830,0.433941,-0.214440,-0.383114,0.786724
0.4317,5783,Virtual,Thumb_FingerTip,-17.640470,1.014814,20.959970,0.433941,-0.214440,-0.383114,0.786724
0.4317,5783,Virtual,Index_MCP,-17.646930,1.061403,20.910130,-0.469814,-0.400062,-0.207013,0.759191
0.4317,5783,Virtual,Index_PIP,-17.619110,1.064287,20.947680,-0.288741,-0.545348,-0.472887,0.628970
0.4317,5783,Virtual,Index_DIP,-17.620200,1.057021,20.972580,-0.089962,-0.610477,-0.655843,0.434851
0.4317,5783,Virtual,Index_FingerTip,-17.636500,1.044632,20.990030,-0.089962,-0.610477,-0.655843,0.434851
0.4317,5783,Virtual,Middle_MCP,-17.634990,1.037553,20.903730,-0.475207,-0.442585,-0.251073,0.717815
0.4317,5783,Virtual,Middle_PIP,-17.609530,1.040732,20.949870,-0.218986,-0.611350,-0.552590,0.522438
0.4317,5783,Virtual,Middle_DIP,-17.619460,1.032149,20.974290,0.055330,-0.647026,-0.719896,0.245046
0.4317,5783,Virtual,Middle_FingerTip,-17.644190,1.020138,20.981010,0.055330,-0.647026,-0.719896,0.245046
0.4317,5783,Virtual,Ring_MCP,-17.629500,1.013850,20.900220,-0.482598,-0.462240,-0.265949,0.694770
0.4317,5783,Virtual,Ring_PIP,-17.609440,1.017415,20.942060,-0.188908,-0.641000,-0.576175,0.470591
0.4317,5783,Virtual,Ring_DIP,-17.622230,1.009509,20.963690,0.120765,-0.657254,-0.726555,0.159849
0.4317,5783,Virtual,Ring_FingerTip,-17.645960,0.999420,20.964580,0.120765,-0.657254,-0.726555,0.159849
0.4317,5783,Virtual,Pinky_MCP,-17.629790,0.991668,20.897340,-0.494073,-0.468102,-0.265020,0.683035
0.4317,5783,Virtual,Pinky_PIP,-17.613200,0.995625,20.932830,-0.195951,-0.651791,-0.569535,0.460871
0.4317,5783,Virtual,Pinky_DIP,-17.622340,0.990681,20.947940,0.119352,-0.670062,-0.716242,0.154173
0.4317,5783,Virtual,Pinky_FingerTip,-17.640050,0.983385,20.948630,0.119352,-0.670062,-0.716242,0.154173
0.4317,5783,Render,Wrist,-17.731270,0.995635,20.869090,-0.609486,-0.224123,0.046374,0.759043
0.4317,5783,Render,Thumb_CMC,-17.712280,1.034382,20.888540,0.062323,-0.478297,0.328426,0.812086
0.4317,5783,Render,Thumb_MCP,-17.697930,1.055187,20.924450,0.098194,-0.472240,0.266287,0.834529
0.4317,5783,Render,Thumb_IP,-17.677720,1.072431,20.965660,0.161104,-0.454641,0.151082,0.862857
0.4317,5783,Render,Thumb_FingerTip,-17.662310,1.075687,20.989410,0.161104,-0.454641,0.151082,0.862857
0.4317,5783,Render,Index_MCP,-17.646930,1.061403,20.910130,-0.522793,-0.327814,-0.094897,0.781166
0.4317,5783,Render,Index_PIP,-17.611020,1.070511,20.938760,-0.414296,-0.457311,-0.303194,0.726153
0.4317,5783,Render,Index_DIP,-17.600690,1.068917,20.962520,-0.289815,-0.544777,-0.471646,0.629901
0.4317,5783,Render,Index_FingerTip,-17.601730,1.061428,20.988330,-0.289815,-0.544777,-0.471646,0.629901
0.4317,5783,Render,Middle_MCP,-17.634990,1.037553,20.903730,-0.553935,-0.338909,-0.102855,0.753470
0.4317,5783,Render,Middle_PIP,-17.595430,1.049195,20.936710,-0.438231,-0.479226,-0.307761,0.695399
0.4317,5783,Render,Middle_DIP,-17.585700,1.048973,20.962660,-0.304391,-0.573629,-0.471961,0.596280
0.4317,5783,Render,Middle_FingerTip,-17.588630,1.042928,20.990150,-0.304391,-0.573629,-0.471961,0.596280
0.4317,5783,Render,Ring_MCP,-17.629500,1.013850,20.900220,-0.573565,-0.342915,-0.104233,0.736593
0.4317,5783,Render,Ring_PIP,-17.594920,1.025010,20.929300,-0.457138,-0.487434,-0.302793,0.679522
0.4317,5783,Render,Ring_DIP,-17.585930,1.025909,20.954040,-0.321893,-0.585621,-0.461935,0.583138
0.4317,5783,Render,Ring_FingerTip,-17.588830,1.021736,20.979340,-0.321893,-0.585621,-0.461935,0.583138
0.4317,5783,Render,Pinky_MCP,-17.629790,0.991668,20.897340,-0.571190,-0.370094,-0.135943,0.719925
0.4317,5783,Render,Pinky_PIP,-17.602660,1.000607,20.924430,-0.416191,-0.538529,-0.366929,0.634141
0.4317,5783,Render,Pinky_DIP,-17.599890,1.000293,20.942570,-0.235822,-0.638448,-0.539992,0.495158
0.4317,5783,Render,Pinky_FingerTip,-17.607520,0.995817,20.959560,-0.235822,-0.638448,-0.539992,0.495158
0.4456,5784,Real,Wrist,-17.739570,0.990386,20.868320,-0.613604,-0.236403,0.052212,0.751584
0.4456,5784,Real,Thumb_CMC,-17.721750,1.029874,20.887390,0.168633,-0.454488,0.268365,0.832457
0.4456,5784,Real,Thumb_MCP,-17.702310,1.042763,20.924590,0.282544,-0.393910,0.039277,0.873763
0.4456,5784,Real,Thumb_IP,-17.668650,1.035214,20.959430,0.432621,-0.218714,-0.369032,0.792981
0.4456,5784,Real,Thumb_FingerTip,-17.650630,1.013141,20.960220,0.432621,-0.218714,-0.369032,0.792981
0.4456,5784,Real,Index_MCP,-17.657380,1.058734,20.909490,-0.470024,-0.412868,-0.198596,0.754438
0.4456,5784,Real,Index_PIP,-17.630210,1.062876,20.947410,-0.284204,-0.557325,-0.463309,0.627664
0.4456,5784,Real,Index_DIP,-17.631520,1.056003,20.972410,-0.081685,-0.620251,-0.646379,0.436820
0.4456,5784,Real,Index_FingerTip,-17.647790,1.043538,20.989820,-0.081685,-0.620251,-0.646379,0.436820
0.4456,5784,Real,Middle_MCP,-17.644800,1.035059,20.903680,-0.474250,-0.455503,-0.242803,0.713198
0.4456,5784,Real,Middle_PIP,-17.620140,1.039585,20.950150,-0.212206,-0.622386,-0.543123,0.522133
0.4456,5784,Real,Middle_DIP,-17.630240,1.031186,20.974560,0.066089,-0.654238,-0.711160,0.248709
0.4456,5784,Real,Middle_FingerTip,-17.654790,1.018728,20.981110,0.066089,-0.654238,-0.711160,0.248709
0.4456,5784,Real,Ring_MCP,-17.638730,1.011432,20.900670,-0.481110,-0.475188,-0.257829,0.690112
0.4456,5784,Real,Ring_PIP,-17.619390,1.016150,20.942740,-0.181180,-0.651494,-0.566814,0.470587
0.4456,5784,Real,Ring_DIP,-17.632340,1.008315,20.964300,0.132398,-0.663130,-0.718200,0.164071
0.4456,5784,Real,Ring_FingerTip,-17.655850,0.997704,20.965010,0.132398,-0.663130,-0.718200,0.164071
0.4456,5784,Real,Pinky_MCP,-17.638470,0.989204,20.898160,-0.492426,-0.481081,-0.257071,0.678227
0.4456,5784,Real,Pinky_PIP,-17.622520,0.994129,20.933820,-0.188068,-0.662234,-0.560248,0.460651
0.4456,5784,Real,Pinky_DIP,-17.631780,0.989230,20.948870,0.131100,-0.675822,-0.707856,0.158169
0.4456,5784,Real,Pinky_FingerTip,-17.649320,0.981545,20.949420,0.131100,-0.675822,-0.707856,0.158169
0.4456,5784,Virtual,Wrist,-17.734260,0.995412,20.868860,-0.612459,-0.229895,0.048876,0.754755
0.4456,5784,Virtual,Thumb_CMC,-17.715810,1.034544,20.888060,0.169411,-0.453384,0.260937,0.835258
0.4456,5784,Virtual,Thumb_MCP,-17.695930,1.046939,20.925200,0.283003,-0.392640,0.031373,0.874505
0.4456,5784,Virtual,Thumb_IP,-17.662110,1.038733,20.959740,0.432441,-0.217375,-0.376384,0.789986
0.4456,5784,Virtual,Thumb_FingerTip,-17.644380,1.016427,20.960250,0.432441,-0.217375,-0.376384,0.789986
0.4456,5784,Virtual,Index_MCP,-17.650910,1.062434,20.909870,-0.470920,-0.406446,-0.203041,0.756182
0.4456,5784,Virtual,Index_PIP,-17.623410,1.065981,20.947610,-0.287409,-0.551688,-0.468084,0.627642
0.4456,5784,Virtual,Index_DIP,-17.624630,1.058961,20.972570,-0.086589,-0.616008,-0.650872,0.435204
0.4456,5784,Virtual,Index_FingerTip,-17.640940,1.046591,20.990030,-0.086589,-0.616008,-0.650872,0.435204
0.4456,5784,Virtual,Middle_MCP,-17.638680,1.038640,20.903810,-0.475714,-0.449058,-0.247106,0.714830
0.4456,5784,Virtual,Middle_PIP,-17.613620,1.042546,20.950130,-0.216464,-0.617333,-0.547695,0.521607
0.4456,5784,Virtual,Middle_DIP,-17.623650,1.034116,20.974550,0.060113,-0.651416,-0.715099,0.246327
0.4456,5784,Virtual,Middle_FingerTip,-17.648320,1.021930,20.981200,0.060113,-0.651416,-0.715099,0.246327
0.4456,5784,Virtual,Ring_MCP,-17.632930,1.014957,20.900600,-0.482829,-0.468735,-0.262023,0.691743
0.4456,5784,Virtual,Ring_PIP,-17.613230,1.019151,20.942550,-0.185880,-0.646750,-0.571264,0.469916
0.4456,5784,Virtual,Ring_DIP,-17.626120,1.011342,20.964160,0.126063,-0.661018,-0.721868,0.161464
0.4456,5784,Virtual,Ring_FingerTip,-17.649750,1.001027,20.964970,0.126063,-0.661018,-0.721868,0.161464
0.4456,5784,Virtual,Pinky_MCP,-17.632970,0.992745,20.897950,-0.494219,-0.474602,-0.261168,0.679921
0.4456,5784,Virtual,Pinky_PIP,-17.616710,0.997232,20.933520,-0.192845,-0.657503,-0.564645,0.460085
0.4456,5784,Virtual,Pinky_DIP,-17.625920,0.992352,20.948610,0.124702,-0.673757,-0.711524,0.155679
0.4456,5784,Virtual,Pinky_FingerTip,-17.643550,0.984889,20.949230,0.124702,-0.673757,-0.711524,0.155679
0.4456,5784,Render,Wrist,-17.734260,0.995412,20.868860,-0.612459,-0.229895,0.048876,0.754755
0.4456,5784,Render,Thumb_CMC,-17.715810,1.034544,20.888060,0.059197,-0.479489,0.335151,0.808863
0.4456,5784,Render,Thumb_MCP,-17.701950,1.055859,20.923860,0.095166,-0.473664,0.273235,0.831823
0.4456,5784,Render,Thumb_IP,-17.682240,1.073726,20.965040,0.158296,-0.456461,0.158332,0.861114
0.4456,5784,Render,Thumb_FingerTip,-17.667050,1.077379,20.988880,0.158296,-0.456461,0.158332,0.861114
0.4456,5784,Render,Index_MCP,-17.650910,1.062434,20.909870,-0.524812,-0.333971,-0.091403,0.777613
0.4456,5784,Render,Index_PIP,-17.615310,1.072193,20.938690,-0.414569,-0.463784,-0.298868,0.723682
0.4456,5784,Render,Index_DIP,-17.605150,1.070946,20.962550,-0.288496,-0.551120,-0.466846,0.628563
0.4456,5784,Render,Index_FingerTip,-17.606320,1.063713,20.988430,-0.288496,-0.551120,-0.466846,0.628563
0.4456,5784,Render,Middle_MCP,-17.638680,1.038640,20.903810,-0.555723,-0.345151,-0.099563,0.749754
0.4456,5784,Render,Middle_PIP,-17.599500,1.051013,20.936990,-0.438218,-0.485718,-0.303567,0.692741
0.4456,5784,Render,Middle_DIP,-17.589970,1.051155,20.963010,-0.302753,-0.579912,-0.467236,0.594756
0.4456,5784,Render,Middle_FingerTip,-17.593060,1.045364,20.990540,-0.302753,-0.579912,-0.467236,0.594756
0.4456,5784,Render,Ring_MCP,-17.632930,1.014957,20.900600,-0.575239,-0.349194,-0.101082,0.732766
0.4456,5784,Render,Ring_PIP,-17.598690,1.026759,20.929830,-0.457021,-0.493932,-0.298711,0.676710
0.4456,5784,Render,Ring_DIP,-17.589900,1.028002,20.954630,-0.320168,-0.591886,-0.457282,0.581427
0.4456,5784,Render,Ring_FingerTip,-17.592970,1.024061,20.979950,-0.320168,-0.591886,-0.457282,0.581427
0.4456,5784,Render,Pinky_MCP,-17.632970,0.992745,20.897950,-0.572519,-0.376458,-0.132723,0.716161
0.4456,5784,Render,Pinky_PIP,-17.606150,1.002232,20.925160,-0.415334,-0.544973,-0.362644,0.631657
0.4456,5784,Render,Pinky_DIP,-17.603520,1.002132,20.943310,-0.233075,-0.644341,-0.535159,0.494071
0.4456,5784,Render,Pinky_FingerTip,-17.611240,0.997755,20.960290,-0.233075,-0.644341,-0.535159,0.494071
0.4593,5785,Real,Wrist,-17.742160,0.991638,20.867860,-0.613878,-0.243187,0.054822,0.749005
0.4593,5785,Real,Thumb_CMC,-17.725000,1.031421,20.886910,0.177701,-0.454410,0.258392,0.833768
0.4593,5785,Real,Thumb_MCP,-17.705090,1.043250,20.924210,0.302206,-0.383063,0.004670,0.872876
0.4593,5785,Real,Thumb_IP,-17.670440,1.032297,20.957140,0.454629,-0.177138,-0.438229,0.754911
0.4593,5785,Real,Thumb_FingerTip,-17.654680,1.008851,20.953410,0.454629,-0.177138,-0.438229,0.754911
0.4593,5785,Real,Index_MCP,-17.661170,1.061167,20.909430,-0.467356,-0.420205,-0.196489,0.752595
0.4593,5785,Real,Index_PIP,-17.634490,1.065710,20.947640,-0.263268,-0.570687,-0.477896,0.613696
0.4593,5785,Real,Index_DIP,-17.637300,1.058284,20.972360,-0.041828,-0.627092,-0.665722,0.402269
0.4593,5785,Real,Index_FingerTip,-17.655400,1.045288,20.987430,-0.041828,-0.627092,-0.665722,0.402269
0.4593,5785,Real,Middle_MCP,-17.648250,1.037627,20.903810,-0.469959,-0.463816,-0.242346,0.710832
0.4593,5785,Real,Middle_PIP,-17.624370,1.042454,20.950660,-0.184929,-0.633867,-0.557568,0.503123
0.4593,5785,Real,Middle_DIP,-17.636160,1.033400,20.974060,0.113941,-0.650387,-0.722419,0.205246
0.4593,5785,Real,Middle_FingerTip,-17.661340,1.020814,20.976950,0.113941,-0.650387,-0.722419,0.205246
0.4593,5785,Real,Ring_MCP,-17.641860,1.014065,20.900940,-0.475850,-0.484151,-0.258338,0.687333
0.4593,5785,Real,Ring_PIP,-17.623350,1.018981,20.943360,-0.151659,-0.661691,-0.580150,0.450101
0.4593,5785,Real,Ring_DIP,-17.637810,1.010510,20.963690,0.181718,-0.654075,-0.724482,0.119545
0.4593,5785,Real,Ring_FingerTip,-17.661170,0.999908,20.960930,0.181718,-0.654075,-0.724482,0.119545
0.4593,5785,Real,Pinky_MCP,-17.641300,0.991832,20.898530,-0.487075,-0.490126,-0.257624,0.675400
0.4593,5785,Real,Pinky_PIP,-17.626080,0.996929,20.934470,-0.158090,-0.672661,-0.573289,0.440312
0.4593,5785,Real,Pinky_DIP,-17.636390,0.991569,20.948670,0.181287,-0.666784,-0.713787,0.114203
0.4593,5785,Real,Pinky_FingerTip,-17.653790,0.983814,20.946630,0.181287,-0.666784,-0.713787,0.114203
0.4593,5785,Virtual,Wrist,-17.737630,0.995243,20.868370,-0.613604,-0.236403,0.052212,0.751584
0.4593,5785,Virtual,Thumb_CMC,-17.719810,1.034731,20.887440,0.177656,-0.452591,0.251555,0.836852
0.4593,5785,Virtual,Thumb_MCP,-17.699450,1.046158,20.924630,0.301634,-0.381336,-0.002768,0.873838
0.4593,5785,Virtual,Thumb_IP,-17.664680,1.034641,20.957230,0.453261,-0.175939,-0.445129,0.751971
0.4593,5785,Virtual,Thumb_FingerTip,-17.649240,1.011017,20.953270,0.453261,-0.175939,-0.445129,0.751971
0.4593,5785,Virtual,Index_MCP,-17.655440,1.063591,20.909550,-0.469210,-0.413793,-0.200081,0.754046
0.4593,5785,Virtual,Index_PIP,-17.628400,1.067645,20.947570,-0.267505,-0.565530,-0.481769,0.613609
0.4593,5785,Virtual,Index_DIP,-17.631090,1.060152,20.972270,-0.047630,-0.623791,-0.669308,0.400804
0.4593,5785,Virtual,Index_FingerTip,-17.649230,1.047318,20.987440,-0.047630,-0.623791,-0.669308,0.400804
0.4593,5785,Virtual,Middle_MCP,-17.642860,1.039917,20.903730,-0.472358,-0.457464,-0.245757,0.712186
0.4593,5785,Virtual,Middle_PIP,-17.618540,1.044253,20.950410,-0.190115,-0.629485,-0.561206,0.502646
0.4593,5785,Virtual,Middle_DIP,-17.630250,1.035249,20.973860,0.107353,-0.648746,-0.725472,0.203212
0.4593,5785,Virtual,Middle_FingerTip,-17.655550,1.022964,20.976910,0.107353,-0.648746,-0.725472,0.203212
0.4593,5785,Virtual,Ring_MCP,-17.636790,1.016289,20.900720,-0.478489,-0.477827,-0.261620,0.688684
0.4593,5785,Virtual,Ring_PIP,-17.617870,1.020800,20.943000,-0.157221,-0.657687,-0.583653,0.449532
0.4593,5785,Virtual,Ring_DIP,-17.632270,1.012424,20.963410,0.174921,-0.653202,-0.727292,0.117376
0.4593,5785,Virtual,Ring_FingerTip,-17.655780,1.002123,20.960800,0.174921,-0.653202,-0.727292,0.117376
0.4593,5785,Virtual,Pinky_MCP,-17.636530,0.994062,20.898210,-0.489773,-0.483783,-0.260798,0.676803
0.4593,5785,Virtual,Pinky_PIP,-17.620940,0.998821,20.934050,-0.163712,-0.668671,-0.576728,0.439844
0.4593,5785,Virtual,Pinky_DIP,-17.631200,0.993530,20.948300,0.174444,-0.665952,-0.716589,0.112154
0.4593,5785,Virtual,Pinky_FingerTip,-17.648710,0.985999,20.946370,0.174444,-0.665952,-0.716589,0.112154
0.4593,5785,Render,Wrist,-17.737630,0.995243,20.868370,-0.613604,-0.236403,0.052212,0.751584
0.4593,5785,Render,Thumb_CMC,-17.719810,1.034731,20.887440,0.058404,-0.480959,0.342091,0.805135
0.4593,5785,Render,Thumb_MCP,-17.706500,1.056453,20.923210,0.094487,-0.475190,0.280436,0.828627
0.4593,5785,Render,Thumb_IP,-17.687320,1.074837,20.964420,0.157829,-0.458064,0.165899,0.858921
0.4593,5785,Render,Thumb_FingerTip,-17.672350,1.078838,20.988330,0.157829,-0.458064,0.165899,0.858921
0.4593,5785,Render,Index_MCP,-17.655440,1.063591,20.909550,-0.524856,-0.340455,-0.087257,0.775244
0.4593,5785,Render,Index_PIP,-17.620180,1.073991,20.938560,-0.412853,-0.470038,-0.294234,0.722526
0.4593,5785,Render,Index_DIP,-17.610190,1.073029,20.962490,-0.285302,-0.556764,-0.462071,0.628576
0.4593,5785,Render,Index_FingerTip,-17.611450,1.065949,20.988420,-0.285302,-0.556764,-0.462071,0.628576
0.4593,5785,Render,Middle_MCP,-17.642860,1.039917,20.903730,-0.555574,-0.351757,-0.095672,0.747296
0.4593,5785,Render,Middle_PIP,-17.604090,1.053005,20.937110,-0.436243,-0.492024,-0.299147,0.691459
0.4593,5785,Render,Middle_DIP,-17.594750,1.053437,20.963210,-0.299263,-0.585523,-0.462635,0.594620
0.4593,5785,Render,Middle_FingerTip,-17.597970,1.047785,20.990750,-0.299263,-0.585523,-0.462635,0.594620
0.4593,5785,Render,Ring_MCP,-17.636790,1.016289,20.900720,-0.575003,-0.355868,-0.097356,0.730241
0.4593,5785,Render,Ring_PIP,-17.602920,1.028717,20.930120,-0.454958,-0.500284,-0.294435,0.675306
0.4593,5785,Render,Ring_DIP,-17.594330,1.030234,20.954980,-0.316594,-0.597527,-0.452792,0.581128
0.4593,5785,Render,Ring_FingerTip,-17.597530,1.026417,20.980290,-0.316594,-0.597527,-0.452792,0.581128
0.4593,5785,Render,Pinky_MCP,-17.636530,0.994062,20.898210,-0.571939,-0.383156,-0.129005,0.713747
0.4593,5785,Render,Pinky_PIP,-17.610030,1.004067,20.925550,-0.412567,-0.551100,-0.358336,0.630613
0.4593,5785,Render,Pinky_DIP,-17.607530,1.004118,20.943730,-0.228599,-0.649358,-0.530736,0.494365
0.4593,5785,Render,Pinky_FingerTip,-17.615330,0.999753,20.960680,-0.228599,-0.649358,-0.530736,0.494365
0.4762,5786,Real,Wrist,-17.744900,0.992930,20.867220,-0.614753,-0.249979,0.056912,0.745889
0.4762,5786,Real,Thumb_CMC,-17.728370,1.033008,20.886210,0.179606,-0.456095,0.260342,0.831830
0.4762,5786,Real,Thumb_MCP,-17.708680,1.044833,20.923640,0.307193,-0.381986,0.001013,0.871619
0.4762,5786,Real,Thumb_IP,-17.673950,1.033412,20.956320,0.460530,-0.167908,-0.450161,0.746374
0.4762,5786,Real,Thumb_FingerTip,-17.658610,1.009854,20.951640,0.460530,-0.167908,-0.450161,0.746374
0.4762,5786,Real,Index_MCP,-17.665090,1.063600,20.909150,-0.465342,-0.427657,-0.194511,0.750155
0.4762,5786,Real,Index_PIP,-17.638930,1.068573,20.947670,-0.253948,-0.578744,-0.479895,0.608496
0.4762,5786,Real,Index_DIP,-17.642320,1.061043,20.972280,-0.025793,-0.631481,-0.668511,0.391995
0.4762,5786,Real,Index_FingerTip,-17.660920,1.047821,20.986520,-0.025793,-0.631481,-0.668511,0.391995
0.4762,5786,Real,Middle_MCP,-17.651860,1.040179,20.903780,-0.466429,-0.472075,-0.241729,0.707924
0.4762,5786,Real,Middle_PIP,-17.628750,1.045361,20.950980,-0.170703,-0.641305,-0.561152,0.494670
0.4762,5786,Real,Middle_DIP,-17.641290,1.036041,20.973880,0.136498,-0.649445,-0.723829,0.188841
0.4762,5786,Real,Middle_FingerTip,-17.666520,1.023287,20.975230,0.136498,-0.649445,-0.723829,0.188841
0.4762,5786,Real,Ring_MCP,-17.645170,1.016677,20.901100,-0.471880,-0.492508,-0.257902,0.684289
0.4762,5786,Real,Ring_PIP,-17.627400,1.021882,20.943800,-0.136515,-0.668281,-0.583102,0.441313
0.4762,5786,Real,Ring_DIP,-17.642500,1.013130,20.963530,0.204662,-0.650653,-0.723957,0.103208
0.4762,5786,Real,Ring_FingerTip,-17.665590,1.002403,20.959350,0.204662,-0.650653,-0.723957,0.103208
0.4762,5786,Real,Pinky_MCP,-17.644340,0.994439,20.898810,-0.483020,-0.498532,-0.257246,0.672297
0.4762,5786,Real,Pinky_PIP,-17.629750,0.999782,20.934990,-0.142725,-0.679317,-0.576151,0.431519
0.4762,5786,Real,Pinky_DIP,-17.640510,0.994218,20.948760,0.204582,-0.663316,-0.713128,0.098013
0.4762,5786,Real,Pinky_FingerTip,-17.657700,0.986340,20.945660,0.204582,-0.663316,-0.713128,0.098013
0.4762,5786,Virtual,Wrist,-17.740760,0.995140,20.867860,-0.613878,-0.243187,0.054822,0.749005
0.4762,5786,Virtual,Thumb_CMC,-17.723600,1.034924,20.886920,0.180453,-0.453972,0.253537,0.834904
0.4762,5786,Virtual,Thumb_MCP,-17.703440,1.046319,20.924220,0.307371,-0.379707,-0.006398,0.872528
0.4762,5786,Virtual,Thumb_IP,-17.668540,1.034327,20.956520,0.459503,-0.165866,-0.456974,0.743318
0.4762,5786,Virtual,Thumb_FingerTip,-17.653520,1.010622,20.951570,0.459503,-0.165866,-0.456974,0.743318
0.4762,5786,Virtual,Index_MCP,-17.659770,1.064669,20.909430,-0.466631,-0.421010,-0.197786,0.752255
0.4762,5786,Virtual,Index_PIP,-17.633210,1.069134,20.947730,-0.257802,-0.573177,-0.483739,0.609101
0.4762,5786,Virtual,Index_DIP,-17.636450,1.061509,20.972340,-0.031409,-0.627700,-0.672310,0.391159
0.4762,5786,Virtual,Index_FingerTip,-17.655070,1.048421,20.986680,-0.031409,-0.627700,-0.672310,0.391159
0.4762,5786,Virtual,Middle_MCP,-17.646860,1.041129,20.903820,-0.468303,-0.465488,-0.244878,0.709964
0.4762,5786,Virtual,Middle_PIP,-17.623270,1.045790,20.950830,-0.175598,-0.636515,-0.564898,0.494879
0.4762,5786,Virtual,Middle_DIP,-17.635700,1.036488,20.973790,0.129970,-0.647375,-0.727267,0.187340
0.4762,5786,Virtual,Middle_FingerTip,-17.661050,1.024015,20.975310,0.129970,-0.647375,-0.727267,0.187340
0.4762,5786,Virtual,Ring_MCP,-17.640460,1.017567,20.900950,-0.474008,-0.485955,-0.260946,0.686347
0.4762,5786,Virtual,Ring_PIP,-17.622250,1.022337,20.943510,-0.141810,-0.663872,-0.586774,0.441431
0.4762,5786,Virtual,Ring_DIP,-17.637260,1.013650,20.963330,0.197893,-0.649364,-0.727225,0.101530
0.4762,5786,Virtual,Ring_FingerTip,-17.660510,1.003209,20.959300,0.197893,-0.649364,-0.727225,0.101530
0.4762,5786,Virtual,Pinky_MCP,-17.639910,0.995334,20.898530,-0.485211,-0.491972,-0.260186,0.674417
0.4762,5786,Virtual,Pinky_PIP,-17.624930,1.000314,20.934600,-0.148078,-0.674936,-0.579769,0.431744
0.4762,5786,Virtual,Pinky_DIP,-17.635620,0.994797,20.948440,0.197777,-0.662080,-0.716402,0.096455
0.4762,5786,Virtual,Pinky_FingerTip,-17.652930,0.987132,20.945460,0.197777,-0.662080,-0.716402,0.096455
0.4762,5786,Render,Wrist,-17.740760,0.995140,20.867860,-0.613878,-0.243187,0.054822,0.749005
0.4762,5786,Render,Thumb_CMC,-17.723600,1.034924,20.886920,0.058340,-0.482563,0.348484,0.801430
0.4762,5786,Render,Thumb_MCP,-17.710810,1.056978,20.922670,0.094544,-0.476793,0.287090,0.825415
0.4762,5786,Render,Thumb_IP,-17.692150,1.075795,20.963920,0.158102,-0.459646,0.172926,0.856637
0.4762,5786,Render,Thumb_FingerTip,-17.677400,1.080097,20.987920,0.158102,-0.459646,0.172926,0.856637
0.4762,5786,Render,Index_MCP,-17.659770,1.064669,20.909430,-0.523962,-0.347070,-0.083917,0.773282
0.4762,5786,Render,Index_PIP,-17.624880,1.075623,20.938680,-0.410199,-0.476162,-0.290487,0.721543
0.4762,5786,Render,Index_DIP,-17.615080,1.074882,20.962700,-0.281230,-0.562053,-0.458197,0.628540
0.4762,5786,Render,Index_FingerTip,-17.616470,1.067892,20.988640,-0.281230,-0.562053,-0.458197,0.628540
0.4762,5786,Render,Middle_MCP,-17.646860,1.041129,20.903820,-0.554517,-0.358465,-0.092608,0.745277
0.4762,5786,Render,Middle_PIP,-17.608520,1.054833,20.937450,-0.433368,-0.498175,-0.295643,0.690369
0.4762,5786,Render,Middle_DIP,-17.599410,1.055486,20.963630,-0.294941,-0.590759,-0.458970,0.594441
0.4762,5786,Render,Middle_FingerTip,-17.602790,1.049906,20.991160,-0.294941,-0.590759,-0.458970,0.594441
0.4762,5786,Render,Ring_MCP,-17.640460,1.017567,20.900950,-0.573878,-0.362628,-0.094470,0.728176
0.4762,5786,Render,Ring_PIP,-17.607000,1.030533,20.930570,-0.452018,-0.506474,-0.291092,0.674115
0.4762,5786,Render,Ring_DIP,-17.598630,1.032256,20.955490,-0.312209,-0.602795,-0.449258,0.580803
0.4762,5786,Render,Ring_FingerTip,-17.602000,1.028503,20.980800,-0.312209,-0.602795,-0.449258,0.580803
0.4762,5786,Render,Pinky_MCP,-17.639910,0.995334,20.898530,-0.570481,-0.389894,-0.126151,0.711773
0.4762,5786,Render,Pinky_PIP,-17.613760,1.005779,20.926060,-0.408957,-0.556974,-0.354989,0.629696
0.4762,5786,Render,Pinky_DIP,-17.611420,1.005934,20.944250,-0.223397,-0.653880,-0.527268,0.494493
0.4762,5786,Render,Pinky_FingerTip,-17.619300,1.001541,20.961150,-0.223397,-0.653880,-0.527268,0.494493
0.4877,5787,Real,Wrist,-17.748020,0.994373,20.866970,-0.617074,-0.257487,0.059579,0.741196
0.4877,5787,Real,Thumb_CMC,-17.732190,1.034837,20.885740,0.177057,-0.458060,0.268724,0.828625
0.4877,5787,Real,Thumb_MCP,-17.713050,1.047270,20.923250,0.305345,-0.384620,0.009969,0.871053
0.4877,5787,Real,Thumb_IP,-17.678540,1.036605,20.956400,0.460311,-0.171118,-0.442205,0.750525
0.4877,5787,Real,Thumb_FingerTip,-17.662860,1.013198,20.952120,0.460311,-0.171118,-0.442205,0.750525
0.4877,5787,Real,Index_MCP,-17.669550,1.066446,20.909040,-0.465249,-0.435460,-0.190156,0.746833
0.4877,5787,Real,Index_PIP,-17.643870,1.072120,20.947780,-0.250723,-0.585849,-0.474572,0.607207
0.4877,5787,Real,Index_DIP,-17.647420,1.064786,20.972420,-0.020202,-0.636925,-0.663083,0.392734
0.4877,5787,Real,Index_FingerTip,-17.666000,1.051468,20.986600,-0.020202,-0.636925,-0.663083,0.392734
0.4877,5787,Real,Middle_MCP,-17.655970,1.043144,20.904040,-0.465603,-0.479889,-0.237428,0.704662
0.4877,5787,Real,Middle_PIP,-17.633440,1.049072,20.951430,-0.166108,-0.647679,-0.555799,0.493972
0.4877,5787,Real,Middle_DIP,-17.646100,1.039816,20.974280,0.143472,-0.653066,-0.718736,0.190630
0.4877,5787,Real,Middle_FingerTip,-17.671180,1.026758,20.975490,0.143472,-0.653066,-0.718736,0.190630
0.4877,5787,Real,Ring_MCP,-17.648960,1.019703,20.901660,-0.470725,-0.500310,-0.253678,0.680996
0.4877,5787,Real,Ring_PIP,-17.631710,1.025544,20.944480,-0.131377,-0.674264,-0.577772,0.440780
0.4877,5787,Real,Ring_DIP,-17.646910,1.016793,20.964140,0.212057,-0.653394,-0.719037,0.105326
0.4877,5787,Real,Ring_FingerTip,-17.669820,1.005735,20.959830,0.212057,-0.653394,-0.719037,0.105326
0.4877,5787,Real,Pinky_MCP,-17.647830,0.997457,20.899600,-0.481771,-0.506337,-0.253126,0.668915
0.4877,5787,Real,Pinky_PIP,-17.633690,1.003332,20.935870,-0.137506,-0.685254,-0.570863,0.430855
0.4877,5787,Real,Pinky_DIP,-17.644530,0.997765,20.949580,0.212025,-0.665977,-0.708181,0.099996
0.4877,5787,Real,Pinky_FingerTip,-17.661580,0.989641,20.946380,0.212025,-0.665977,-0.708181,0.099996
0.4877,5787,Virtual,Wrist,-17.744090,0.994951,20.867240,-0.614753,-0.249979,0.056912,0.745889
0.4877,5787,Virtual,Thumb_CMC,-17.727560,1.035029,20.886240,0.179606,-0.456095,0.260342,0.831830
0.4877,5787,Virtual,Thumb_MCP,-17.707870,1.046853,20.923660,0.307193,-0.381986,0.001013,0.871619
0.4877,5787,Virtual,Thumb_IP,-17.673150,1.035433,20.956340,0.460530,-0.167908,-0.450161,0.746374
0.4877,5787,Virtual,Thumb_FingerTip,-17.657810,1.011875,20.951670,0.460530,-0.167908,-0.450161,0.746374
0.4877,5787,Virtual,Index_MCP,-17.664280,1.065621,20.909170,-0.465342,-0.427657,-0.194511,0.750155
0.4877,5787,Virtual,Index_PIP,-17.638130,1.070593,20.947690,-0.253948,-0.578744,-0.479895,0.608496
0.4877,5787,Virtual,Index_DIP,-17.641520,1.063064,20.972300,-0.025793,-0.631481,-0.668511,0.391995
0.4877,5787,Virtual,Index_FingerTip,-17.660110,1.049842,20.986550,-0.025793,-0.631481,-0.668511,0.391995
0.4877,5787,Virtual,Middle_MCP,-17.651050,1.042200,20.903800,-0.466429,-0.472075,-0.241730,0.707924
0.4877,5787,Virtual,Middle_PIP,-17.627950,1.047382,20.951010,-0.170703,-0.641305,-0.561152,0.494670
0.4877,5787,Virtual,Middle_DIP,-17.640490,1.038062,20.973900,0.136498,-0.649445,-0.723829,0.188841
0.4877,5787,Virtual,Middle_FingerTip,-17.665720,1.025308,20.975250,0.136498,-0.649445,-0.723829,0.188841
0.4877,5787,Virtual,Ring_MCP,-17.644360,1.018698,20.901130,-0.471880,-0.492508,-0.257903,0.684289
0.4877,5787,Virtual,Ring_PIP,-17.626590,1.023903,20.943820,-0.136515,-0.668281,-0.583102,0.441313
0.4877,5787,Virtual,Ring_DIP,-17.641700,1.015151,20.963550,0.204662,-0.650652,-0.723957,0.103208
0.4877,5787,Virtual,Ring_FingerTip,-17.664780,1.004424,20.959380,0.204662,-0.650652,-0.723957,0.103208
0.4877,5787,Virtual,Pinky_MCP,-17.643530,0.996460,20.898840,-0.483019,-0.498532,-0.257246,0.672297
0.4877,5787,Virtual,Pinky_PIP,-17.628940,1.001803,20.935010,-0.142725,-0.679317,-0.576151,0.431519
0.4877,5787,Virtual,Pinky_DIP,-17.639710,0.996239,20.948790,0.204582,-0.663316,-0.713129,0.098013
0.4877,5787,Virtual,Pinky_FingerTip,-17.656890,0.988361,20.945690,0.204582,-0.663316,-0.713129,0.098013
0.4877,5787,Render,Wrist,-17.744090,0.994951,20.867240,-0.614753,-0.249979,0.056912,0.745889
0.4877,5787,Render,Thumb_CMC,-17.727560,1.035029,20.886240,0.057311,-0.484969,0.354609,0.797354
0.4877,5787,Render,Thumb_MCP,-17.715350,1.057419,20.921980,0.093699,-0.479270,0.293505,0.821812
0.4877,5787,Render,Thumb_IP,-17.697290,1.076669,20.963300,0.157600,-0.462214,0.179769,0.853935
0.4877,5787,Render,Thumb_FingerTip,-17.682810,1.081267,20.987410,0.157600,-0.462214,0.179769,0.853935
0.4877,5787,Render,Index_MCP,-17.664280,1.065621,20.909170,-0.523674,-0.353835,-0.080990,0.770719
0.4877,5787,Render,Index_PIP,-17.629800,1.077129,20.938680,-0.408088,-0.482595,-0.286975,0.719870
0.4877,5787,Render,Index_DIP,-17.620200,1.076628,20.962800,-0.277609,-0.567774,-0.454382,0.627777
0.4877,5787,Render,Index_FingerTip,-17.621760,1.069762,20.988760,-0.277609,-0.567774,-0.454382,0.627777
0.4877,5787,Render,Middle_MCP,-17.651050,1.042200,20.903800,-0.554048,-0.365297,-0.089950,0.742629
0.4877,5787,Render,Middle_PIP,-17.613190,1.056520,20.937720,-0.431022,-0.504610,-0.292356,0.688562
0.4877,5787,Render,Middle_DIP,-17.604320,1.057418,20.963970,-0.291060,-0.596402,-0.455335,0.593515
0.4877,5787,Render,Middle_FingerTip,-17.607890,1.051947,20.991510,-0.291060,-0.596402,-0.455335,0.593515
0.4877,5787,Render,Ring_MCP,-17.644360,1.018698,20.901130,-0.573330,-0.369497,-0.091988,0.725468
0.4877,5787,Render,Ring_PIP,-17.611320,1.032203,20.930980,-0.449601,-0.512927,-0.287960,0.672194
0.4877,5787,Render,Ring_DIP,-17.603210,1.034155,20.955970,-0.308267,-0.608446,-0.445747,0.579720
0.4877,5787,Render,Ring_FingerTip,-17.606760,1.030499,20.981260,-0.308267,-0.608446,-0.445747,0.579720
0.4877,5787,Render,Pinky_MCP,-17.643530,0.996460,20.898840,-0.569587,-0.396752,-0.123672,0.709129
0.4877,5787,Render,Pinky_PIP,-17.617760,1.007349,20.926540,-0.405840,-0.563148,-0.351773,0.628024
0.4877,5787,Render,Pinky_DIP,-17.615590,1.007629,20.944750,-0.218574,-0.658838,-0.523699,0.493860
0.4877,5787,Render,Pinky_FingerTip,-17.623580,1.003237,20.961610,-0.218574,-0.658838,-0.523699,0.493860
0.5008,5788,Real,Wrist,-17.751390,0.996115,20.866730,-0.620476,-0.265727,0.063008,0.735139
0.5008,5788,Real,Thumb_CMC,-17.736350,1.037047,20.885140,0.178263,-0.459568,0.270993,0.826791
0.5008,5788,Real,Thumb_MCP,-17.717440,1.049529,20.922750,0.310966,-0.382466,0.003573,0.870062
0.5008,5788,Real,Thumb_IP,-17.682760,1.038171,20.955490,0.467059,-0.157594,-0.461149,0.737809
0.5008,5788,Real,Thumb_FingerTip,-17.667800,1.014582,20.949840,0.467059,-0.157594,-0.461149,0.737809
0.5008,5788,Real,Index_MCP,-17.674440,1.069853,20.908720,-0.464680,-0.445677,-0.186806,0.741989
0.5008,5788,Real,Index_PIP,-17.649480,1.076268,20.947830,-0.239297,-0.597739,-0.476409,0.598732
0.5008,5788,Real,Index_DIP,-17.653860,1.068886,20.972320,0.001371,-0.643858,-0.665613,0.377365
0.5008,5788,Real,Index_FingerTip,-17.673100,1.055324,20.985340,0.001371,-0.643858,-0.665613,0.377365
0.5008,5788,Real,Middle_MCP,-17.660470,1.046683,20.904200,-0.462423,-0.491696,-0.236252,0.698988
0.5008,5788,Real,Middle_PIP,-17.639090,1.053256,20.952030,-0.146239,-0.658950,-0.560257,0.480117
0.5008,5788,Real,Middle_DIP,-17.652850,1.043686,20.974110,0.176340,-0.651541,-0.719102,0.165201
0.5008,5788,Real,Middle_FingerTip,-17.677840,1.030459,20.973030,0.176340,-0.651541,-0.719102,0.165201
0.5008,5788,Real,Ring_MCP,-17.653110,1.023316,20.902210,-0.467095,-0.512086,-0.252318,0.675223
0.5008,5788,Real,Ring_PIP,-17.636900,1.029721,20.945360,-0.110978,-0.684174,-0.580528,0.427291
0.5008,5788,Real,Ring_DIP,-17.652980,1.020652,20.964160,0.244169,-0.648685,-0.716172,0.081778
0.5008,5788,Real,Ring_FingerTip,-17.675360,1.009457,20.957870,0.244169,-0.648685,-0.716172,0.081778
0.5008,5788,Real,Pinky_MCP,-17.651630,1.001062,20.900460,-0.477984,-0.518185,-0.251802,0.663033
0.5008,5788,Real,Pinky_PIP,-17.638400,1.007419,20.936990,-0.116758,-0.695235,-0.573429,0.417368
0.5008,5788,Real,Pinky_DIP,-17.649850,1.001617,20.950090,0.244659,-0.661155,-0.705077,0.076704
0.5008,5788,Real,Pinky_FingerTip,-17.666490,0.993346,20.945430,0.244659,-0.661155,-0.705077,0.076704
0.5008,5788,Virtual,Wrist,-17.747960,0.994552,20.866970,-0.617074,-0.257487,0.059579,0.741196
0.5008,5788,Virtual,Thumb_CMC,-17.732130,1.035017,20.885740,0.182042,-0.457852,0.261014,0.830123
0.5008,5788,Virtual,Thumb_MCP,-17.712610,1.046726,20.923290,0.314033,-0.379672,-0.006947,0.870164
0.5008,5788,Virtual,Thumb_IP,-17.677720,1.034441,20.955480,0.468163,-0.153594,-0.470102,0.732282
0.5008,5788,Virtual,Thumb_FingerTip,-17.663160,1.010721,20.949340,0.468163,-0.153594,-0.470102,0.732282
0.5008,5788,Virtual,Index_MCP,-17.669490,1.066626,20.909040,-0.463960,-0.436833,-0.192362,0.746268
0.5008,5788,Virtual,Index_PIP,-17.644000,1.072163,20.947930,-0.242291,-0.589387,-0.483235,0.600336
0.5008,5788,Virtual,Index_DIP,-17.648200,1.064516,20.972380,-0.004527,-0.637229,-0.672544,0.376303
0.5008,5788,Virtual,Index_FingerTip,-17.667480,1.051056,20.985440,-0.004527,-0.637229,-0.672544,0.376303
0.5008,5788,Virtual,Middle_MCP,-17.655910,1.043324,20.904040,-0.462601,-0.482784,-0.241818,0.703168
0.5008,5788,Virtual,Middle_PIP,-17.633890,1.048952,20.951710,-0.150945,-0.651380,-0.567177,0.480865
0.5008,5788,Virtual,Middle_DIP,-17.647530,1.039283,20.973820,0.168657,-0.647020,-0.725579,0.162652
0.5008,5788,Virtual,Middle_FingerTip,-17.672720,1.026427,20.972850,0.168657,-0.647020,-0.725579,0.162652
0.5008,5788,Virtual,Ring_MCP,-17.648900,1.019883,20.901660,-0.467668,-0.503169,-0.257823,0.679438
0.5008,5788,Virtual,Ring_PIP,-17.632110,1.025480,20.944710,-0.116334,-0.677022,-0.587442,0.427809
0.5008,5788,Virtual,Ring_DIP,-17.648100,1.016389,20.963560,0.235964,-0.645146,-0.722427,0.078788
0.5008,5788,Virtual,Ring_FingerTip,-17.670710,1.005597,20.957390,0.235964,-0.645146,-0.722427,0.078788
0.5008,5788,Virtual,Pinky_MCP,-17.647760,0.997636,20.899600,-0.478677,-0.509263,-0.257197,0.667360
0.5008,5788,Virtual,Pinky_PIP,-17.634020,1.003316,20.936050,-0.122217,-0.688145,-0.580313,0.418039
0.5008,5788,Virtual,Pinky_DIP,-17.645410,0.997501,20.949210,0.236396,-0.657722,-0.711382,0.073861
0.5008,5788,Virtual,Pinky_FingerTip,-17.662220,0.989530,20.944630,0.236396,-0.657722,-0.711382,0.073861
0.5008,5788,Render,Wrist,-17.747960,0.994552,20.866970,-0.617074,-0.257487,0.059579,0.741196
0.5008,5788,Render,Thumb_CMC,-17.732130,1.035017,20.885740,0.054621,-0.487063,0.362267,0.792811
0.5008,5788,Render,Thumb_MCP,-17.720580,1.057904,20.921390,0.091174,-0.481561,0.301484,0.817860
0.5008,5788,Render,Thumb_IP,-17.703200,1.077778,20.962710,0.155408,-0.464825,0.188208,0.851096
0.5008,5788,Render,Thumb_FingerTip,-17.689030,1.082790,20.986920,0.155408,-0.464825,0.188208,0.851096
0.5008,5788,Render,Index_MCP,-17.669490,1.066626,20.909040,-0.524740,-0.361565,-0.077176,0.766787
0.5008,5788,Render,Index_PIP,-17.635460,1.078853,20.938800,-0.407017,-0.490325,-0.282238,0.717120
0.5008,5788,Render,Index_DIP,-17.626120,1.078706,20.963010,-0.274680,-0.575007,-0.449116,0.626270
0.5008,5788,Render,Index_FingerTip,-17.627860,1.072071,20.989030,-0.274680,-0.575007,-0.449116,0.626270
0.5008,5788,Render,Middle_MCP,-17.655910,1.043324,20.904040,-0.554857,-0.373114,-0.086417,0.738548
0.5008,5788,Render,Middle_PIP,-17.618590,1.058447,20.938210,-0.429631,-0.512344,-0.287829,0.685620
0.5008,5788,Render,Middle_DIP,-17.610020,1.059710,20.964530,-0.287778,-0.603542,-0.450217,0.591799
0.5008,5788,Render,Middle_FingerTip,-17.613810,1.054461,20.992090,-0.287778,-0.603542,-0.450217,0.591799
0.5008,5788,Render,Ring_MCP,-17.648900,1.019883,20.901660,-0.574017,-0.377354,-0.088644,0.721284
0.5008,5788,Render,Ring_PIP,-17.616350,1.034092,20.931730,-0.448101,-0.520670,-0.283595,0.669091
0.5008,5788,Render,Ring_DIP,-17.608520,1.036387,20.956780,-0.304892,-0.615575,-0.440749,0.577797
0.5008,5788,Render,Ring_FingerTip,-17.612300,1.032931,20.982070,-0.304892,-0.615575,-0.440749,0.577797
0.5008,5788,Render,Pinky_MCP,-17.647760,0.997636,20.899600,-0.569857,-0.404653,-0.120277,0.705020
0.5008,5788,Render,Pinky_PIP,-17.622430,1.009117,20.927460,-0.403476,-0.570691,-0.347208,0.625273
0.5008,5788,Render,Pinky_DIP,-17.620450,1.009600,20.945690,-0.214059,-0.665327,-0.518520,0.492602
0.5008,5788,Render,Pinky_FingerTip,-17.628560,1.005270,20.962500,-0.214059,-0.665327,-0.518520,0.492602
0.5149,5789,Real,Wrist,-17.754950,0.997943,20.866540,-0.623820,-0.273818,0.065141,0.729130
0.5149,5789,Real,Thumb_CMC,-17.740650,1.039281,20.884630,0.175289,-0.461914,0.278063,0.823766
0.5149,5789,Real,Thumb_MCP,-17.722270,1.052286,20.922320,0.309625,-0.384997,0.009498,0.869379
0.5149,5789,Real,Thumb_IP,-17.687780,1.041407,20.955440,0.467848,-0.158772,-0.458427,0.738752
0.5149,5789,Real,Thumb_FingerTip,-17.672700,1.017869,20.949900,0.467848,-0.158772,-0.458427,0.738752
0.5149,5789,Real,Index_MCP,-17.679450,1.073132,20.908590,-0.465152,-0.454643,-0.182855,0.737223
0.5149,5789,Real,Index_PIP,-17.655110,1.080313,20.947950,-0.235810,-0.606185,-0.471054,0.595854
0.5149,5789,Real,Index_DIP,-17.659740,1.073163,20.972460,0.007970,-0.650387,-0.659691,0.376485
0.5149,5789,Real,Index_FingerTip,-17.679020,1.059522,20.985360,0.007970,-0.650387,-0.659691,0.376485
0.5149,5789,Real,Middle_MCP,-17.665140,1.050081,20.904530,-0.461869,-0.500804,-0.232426,0.694155
0.5149,5789,Real,Middle_PIP,-17.644530,1.057470,20.952580,-0.140409,-0.666643,-0.555000,0.477335
0.5149,5789,Real,Middle_DIP,-17.658520,1.047972,20.974540,0.185693,-0.655473,-0.713310,0.164504
0.5149,5789,Real,Middle_FingerTip,-17.683340,1.034442,20.973150,0.185693,-0.655473,-0.713310,0.164504
0.5149,5789,Real,Ring_MCP,-17.657470,1.026782,20.902940,-0.466193,-0.521132,-0.248465,0.670337
0.5149,5789,Real,Ring_PIP,-17.641950,1.033892,20.946230,-0.104601,-0.691356,-0.575044,0.424748
0.5149,5789,Real,Ring_DIP,-17.658220,1.024833,20.964870,0.253846,-0.651519,-0.710221,0.081679
0.5149,5789,Real,Ring_FingerTip,-17.680350,1.013306,20.958310,0.253846,-0.651519,-0.710221,0.081679
0.5149,5789,Real,Pinky_MCP,-17.655710,1.004529,20.901480,-0.476966,-0.527223,-0.248046,0.658037
0.5149,5789,Real,Pinky_PIP,-17.643060,1.011477,20.938110,-0.110278,-0.702353,-0.567957,0.414687
0.5149,5789,Real,Pinky_DIP,-17.654660,1.005678,20.951100,0.254403,-0.663882,-0.699063,0.076488
0.5149,5789,Real,Pinky_FingerTip,-17.671110,0.997157,20.946230,0.254403,-0.663882,-0.699063,0.076488
0.5149,5789,Virtual,Wrist,-17.751390,0.996114,20.866740,-0.620476,-0.265727,0.063008,0.735139
0.5149,5789,Virtual,Thumb_CMC,-17.736360,1.037045,20.885140,0.179404,-0.459389,0.269028,0.827285
0.5149,5789,Virtual,Thumb_MCP,-17.717340,1.049353,20.922760,0.312757,-0.381324,-0.000183,0.869929
0.5149,5789,Virtual,Thumb_IP,-17.682560,1.037643,20.955280,0.468520,-0.153992,-0.466891,0.734022
0.5149,5789,Virtual,Thumb_FingerTip,-17.667840,1.013996,20.949250,0.468520,-0.153992,-0.466891,0.734022
0.5149,5789,Virtual,Index_MCP,-17.674440,1.069852,20.908730,-0.464461,-0.445906,-0.187172,0.741898
0.5149,5789,Virtual,Index_PIP,-17.649520,1.076243,20.947850,-0.238790,-0.597942,-0.476917,0.598327
0.5149,5789,Virtual,Index_DIP,-17.653930,1.068842,20.972340,0.002123,-0.643856,-0.666053,0.376587
0.5149,5789,Virtual,Index_FingerTip,-17.673200,1.055274,20.985310,0.002123,-0.643856,-0.666053,0.376587
0.5149,5789,Virtual,Middle_MCP,-17.660470,1.046682,20.904200,-0.462046,-0.492051,-0.236788,0.698807
0.5149,5789,Virtual,Middle_PIP,-17.639160,1.053217,20.952070,-0.145042,-0.659214,-0.561128,0.479099
0.5149,5789,Virtual,Middle_DIP,-17.652990,1.043614,20.974090,0.178138,-0.651051,-0.719556,0.163216
0.5149,5789,Virtual,Middle_FingerTip,-17.677990,1.030403,20.972850,0.178138,-0.651051,-0.719556,0.163216
0.5149,5789,Virtual,Ring_MCP,-17.653110,1.023314,20.902220,-0.466745,-0.512405,-0.252780,0.675050
0.5149,5789,Virtual,Ring_PIP,-17.636960,1.029692,20.945390,-0.109843,-0.684357,-0.581236,0.426328
0.5149,5789,Virtual,Ring_DIP,-17.653090,1.020597,20.964130,0.245813,-0.648063,-0.716377,0.079963
0.5149,5789,Virtual,Ring_FingerTip,-17.675440,1.009421,20.957710,0.245813,-0.648063,-0.716377,0.079963
0.5149,5789,Virtual,Pinky_MCP,-17.651640,1.001061,20.900470,-0.477629,-0.518511,-0.252255,0.662861
0.5149,5789,Virtual,Pinky_PIP,-17.638440,1.007396,20.937020,-0.115605,-0.695427,-0.574120,0.416417
0.5149,5789,Virtual,Pinky_DIP,-17.649940,1.001574,20.950080,0.246334,-0.660533,-0.705269,0.074916
0.5149,5789,Virtual,Pinky_FingerTip,-17.666560,0.993315,20.945310,0.246334,-0.660533,-0.705269,0.074916
0.5149,5789,Render,Wrist,-17.751390,0.996114,20.866740,-0.620476,-0.265727,0.063008,0.735139
0.5149,5789,Render,Thumb_CMC,-17.736360,1.037045,20.885140,0.050724,-0.489430,0.371249,0.787439
0.5149,5789,Render,Thumb_MCP,-17.725590,1.060539,20.920650,0.087467,-0.484215,0.310846,0.813179
0.5149,5789,Render,Thumb_IP,-17.709030,1.081173,20.961920,0.152093,-0.467956,0.198117,0.847724
0.5149,5789,Render,Thumb_FingerTip,-17.695240,1.086689,20.986250,0.152093,-0.467956,0.198117,0.847724
0.5149,5789,Render,Index_MCP,-17.674440,1.069852,20.908730,-0.526791,-0.370198,-0.072332,0.761717
0.5149,5789,Render,Index_PIP,-17.640940,1.082956,20.938710,-0.406650,-0.499191,-0.276201,0.713553
0.5149,5789,Render,Index_DIP,-17.631880,1.083263,20.963030,-0.272154,-0.583513,-0.442390,0.624289
0.5149,5789,Render,Index_FingerTip,-17.633830,1.076949,20.989100,-0.272154,-0.583513,-0.442390,0.624289
0.5149,5789,Render,Middle_MCP,-17.660470,1.046682,20.904200,-0.556583,-0.381859,-0.081870,0.733278
0.5149,5789,Render,Middle_PIP,-17.623780,1.062788,20.938590,-0.428865,-0.521225,-0.281999,0.681818
0.5149,5789,Render,Middle_DIP,-17.615530,1.064521,20.964990,-0.284814,-0.611949,-0.443621,0.589577
0.5149,5789,Render,Middle_FingerTip,-17.619560,1.059583,20.992560,-0.284814,-0.611949,-0.443621,0.589577
0.5149,5789,Render,Ring_MCP,-17.653110,1.023314,20.902220,-0.575584,-0.386151,-0.084301,0.715880
0.5149,5789,Render,Ring_PIP,-17.621110,1.038384,20.932460,-0.447188,-0.529559,-0.277933,0.665089
0.5149,5789,Render,Ring_DIP,-17.613620,1.041121,20.957570,-0.301803,-0.623959,-0.434271,0.575325
0.5149,5789,Render,Ring_FingerTip,-17.617640,1.037946,20.982850,-0.301803,-0.623959,-0.434271,0.575325
0.5149,5789,Render,Pinky_MCP,-17.651640,1.001061,20.900470,-0.570940,-0.413535,-0.115843,0.699712
0.5149,5789,Render,Pinky_PIP,-17.626790,1.013270,20.928460,-0.401553,-0.579430,-0.341265,0.621736
0.5149,5789,Render,Pinky_DIP,-17.625040,1.014022,20.946700,-0.209607,-0.673089,-0.511790,0.491007
0.5149,5789,Render,Pinky_FingerTip,-17.633270,1.009799,20.963480,-0.209607,-0.673089,-0.511790,0.491007
0.5293,5790,Real,Wrist,-17.758210,0.999552,20.866300,-0.626500,-0.281712,0.066680,0.723664
0.5293,5790,Real,Thumb_CMC,-17.744620,1.041237,20.884130,0.171758,-0.464758,0.286287,0.820085
0.5293,5790,Real,Thumb_MCP,-17.726870,1.054845,20.921920,0.307148,-0.388794,0.018457,0.868423
0.5293,5790,Real,Thumb_IP,-17.692700,1.044707,20.955590,0.467795,-0.163306,-0.450354,0.742752
0.5293,5790,Real,Thumb_FingerTip,-17.677280,1.021286,20.950490,0.467795,-0.163306,-0.450354,0.742752
0.5293,5790,Real,Index_MCP,-17.684120,1.076034,20.908520,-0.465254,-0.462988,-0.179278,0.732830
0.5293,5790,Real,Index_PIP,-17.660370,1.083903,20.948100,-0.232456,-0.613827,-0.465983,0.593330
0.5293,5790,Real,Index_DIP,-17.665250,1.076958,20.972630,0.013937,-0.656221,-0.654044,0.376041
0.5293,5790,Real,Index_FingerTip,-17.684530,1.063234,20.985420,0.013937,-0.656221,-0.654044,0.376041
0.5293,5790,Real,Middle_MCP,-17.669500,1.053105,20.904890,-0.461163,-0.509110,-0.228827,0.689764
0.5293,5790,Real,Middle_PIP,-17.649600,1.061232,20.953120,-0.135550,-0.673417,-0.549660,0.475406
0.5293,5790,Real,Middle_DIP,-17.663770,1.051805,20.975000,0.193145,-0.659211,-0.707686,0.165279
0.5293,5790,Real,Middle_FingerTip,-17.688410,1.037979,20.973430,0.193145,-0.659211,-0.707686,0.165279
0.5293,5790,Real,Ring_MCP,-17.661540,1.029880,20.903640,-0.465142,-0.529393,-0.244920,0.665884
0.5293,5790,Real,Ring_PIP,-17.646680,1.037620,20.947050,-0.099197,-0.697692,-0.569639,0.422963
0.5293,5790,Real,Ring_DIP,-17.663080,1.028572,20.965580,0.261688,-0.654319,-0.704647,0.082825
0.5293,5790,Real,Ring_FingerTip,-17.684990,1.016725,20.958850,0.261688,-0.654319,-0.704647,0.082825
0.5293,5790,Real,Pinky_MCP,-17.659510,1.007634,20.902440,-0.475818,-0.535463,-0.244609,0.653486
0.5293,5790,Real,Pinky_PIP,-17.647430,1.015110,20.939160,-0.104805,-0.708617,-0.562588,0.412762
0.5293,5790,Real,Pinky_DIP,-17.659120,1.009315,20.952050,0.262271,-0.666586,-0.693450,0.077494
0.5293,5790,Real,Pinky_FingerTip,-17.675420,1.000557,20.947070,0.262271,-0.666586,-0.693450,0.077494
0.5293,5790,Virtual,Wrist,-17.754960,0.997944,20.866550,-0.623820,-0.273818,0.065141,0.729130
0.5293,5790,Virtual,Thumb_CMC,-17.740650,1.039282,20.884630,0.175289,-0.461914,0.278063,0.823766
0.5293,5790,Virtual,Thumb_MCP,-17.722270,1.052287,20.922330,0.309625,-0.384997,0.009498,0.869379
0.5293,5790,Virtual,Thumb_IP,-17.687780,1.041408,20.955440,0.467848,-0.158772,-0.458427,0.738752
0.5293,5790,Virtual,Thumb_FingerTip,-17.672700,1.017870,20.949900,0.467848,-0.158772,-0.458427,0.738752
0.5293,5790,Virtual,Index_MCP,-17.679450,1.073133,20.908600,-0.465152,-0.454643,-0.182855,0.737223
0.5293,5790,Virtual,Index_PIP,-17.655120,1.080315,20.947950,-0.235810,-0.606185,-0.471054,0.595854
0.5293,5790,Virtual,Index_DIP,-17.659750,1.073164,20.972470,0.007969,-0.650387,-0.659691,0.376485
0.5293,5790,Virtual,Index_FingerTip,-17.679030,1.059523,20.985360,0.007969,-0.650387,-0.659691,0.376485
0.5293,5790,Virtual,Middle_MCP,-17.665150,1.050082,20.904540,-0.461869,-0.500804,-0.232426,0.694155
0.5293,5790,Virtual,Middle_PIP,-17.644540,1.057471,20.952590,-0.140409,-0.666643,-0.555000,0.477335
0.5293,5790,Virtual,Middle_DIP,-17.658530,1.047973,20.974550,0.185693,-0.655473,-0.713310,0.164504
0.5293,5790,Virtual,Middle_FingerTip,-17.683350,1.034443,20.973160,0.185693,-0.655473,-0.713310,0.164504
0.5293,5790,Virtual,Ring_MCP,-17.657470,1.026783,20.902940,-0.466193,-0.521132,-0.248465,0.670337
0.5293,5790,Virtual,Ring_PIP,-17.641960,1.033893,20.946240,-0.104601,-0.691356,-0.575044,0.424748
0.5293,5790,Virtual,Ring_DIP,-17.658220,1.024835,20.964870,0.253846,-0.651519,-0.710221,0.081679
0.5293,5790,Virtual,Ring_FingerTip,-17.680360,1.013307,20.958320,0.253846,-0.651519,-0.710221,0.081679
0.5293,5790,Virtual,Pinky_MCP,-17.655710,1.004530,20.901490,-0.476966,-0.527223,-0.248046,0.658037
0.5293,5790,Virtual,Pinky_PIP,-17.643070,1.011478,20.938120,-0.110278,-0.702353,-0.567957,0.414687
0.5293,5790,Virtual,Pinky_DIP,-17.654660,1.005679,20.951110,0.254403,-0.663882,-0.699063,0.076488
0.5293,5790,Virtual,Pinky_FingerTip,-17.671120,0.997158,20.946240,0.254403,-0.663882,-0.699063,0.076488
0.5293,5790,Render,Wrist,-17.754960,0.997944,20.866550,-0.623820,-0.273818,0.065141,0.729130
0.5293,5790,Render,Thumb_CMC,-17.740650,1.039282,20.884630,0.046391,-0.491840,0.379396,0.782305
0.5293,5790,Render,Thumb_MCP,-17.730630,1.063344,20.919970,0.083328,-0.486945,0.319356,0.808674
0.5293,5790,Render,Thumb_IP,-17.714850,1.084689,20.961200,0.148360,-0.471220,0.207158,0.844410
0.5293,5790,Render,Thumb_FingerTip,-17.701460,1.090675,20.985630,0.148360,-0.471220,0.207158,0.844410
0.5293,5790,Render,Index_MCP,-17.679450,1.073133,20.908600,-0.528801,-0.378730,-0.068775,0.756442
0.5293,5790,Render,Index_PIP,-17.646500,1.087018,20.938830,-0.406271,-0.507948,-0.271346,0.709440
0.5293,5790,Render,Index_DIP,-17.637760,1.087738,20.963260,-0.269644,-0.591911,-0.436676,0.621488
0.5293,5790,Render,Index_FingerTip,-17.639970,1.081723,20.989390,-0.269644,-0.591911,-0.436676,0.621488
0.5293,5790,Render,Middle_MCP,-17.665150,1.050082,20.904540,-0.558281,-0.390448,-0.078604,0.727801
0.5293,5790,Render,Middle_PIP,-17.629100,1.067061,20.939180,-0.428115,-0.529948,-0.277342,0.677462
0.5293,5790,Render,Middle_DIP,-17.621210,1.069223,20.965670,-0.281906,-0.620207,-0.438022,0.586524
0.5293,5790,Render,Middle_FingerTip,-17.625540,1.064578,20.993250,-0.281906,-0.620207,-0.438022,0.586524
0.5293,5790,Render,Ring_MCP,-17.657470,1.026783,20.902940,-0.577131,-0.394758,-0.081236,0.710272
0.5293,5790,Render,Ring_PIP,-17.626060,1.042617,20.933400,-0.446309,-0.538259,-0.273444,0.660541
0.5293,5790,Render,Ring_DIP,-17.618920,1.045758,20.958560,-0.298791,-0.632169,-0.428794,0.572033
0.5293,5790,Render,Ring_FingerTip,-17.623230,1.042848,20.983830,-0.298791,-0.632169,-0.428794,0.572033
0.5293,5790,Render,Pinky_MCP,-17.655710,1.004530,20.901490,-0.572017,-0.422205,-0.112673,0.694150
0.5293,5790,Render,Pinky_PIP,-17.631380,1.017388,20.929640,-0.399694,-0.587967,-0.336431,0.617539
0.5293,5790,Render,Pinky_DIP,-17.629870,1.018388,20.947900,-0.205277,-0.680677,-0.505921,0.488450
0.5293,5790,Render,Pinky_FingerTip,-17.638270,1.014273,20.964610,-0.205277,-0.680677,-0.505921,0.488450
0.5435,5791,Real,Wrist,-17.762150,1.001319,20.866110,-0.629800,-0.290821,0.067335,0.717106
0.5435,5791,Real,Thumb_CMC,-17.749320,1.043369,20.883640,0.167063,-0.468224,0.294183,0.816280
0.5435,5791,Real,Thumb_MCP,-17.732270,1.057589,20.921520,0.304117,-0.393264,0.026348,0.867273
0.5435,5791,Real,Thumb_IP,-17.698470,1.048101,20.955750,0.467913,-0.167933,-0.444307,0.745284
0.5435,5791,Real,Thumb_FingerTip,-17.682830,1.024748,20.951040,0.467913,-0.167933,-0.444307,0.745284
0.5435,5791,Real,Index_MCP,-17.689620,1.079149,20.908590,-0.465561,-0.472738,-0.176123,0.727154
0.5435,5791,Real,Index_PIP,-17.666630,1.087767,20.948460,-0.228708,-0.622832,-0.460764,0.589465
0.5435,5791,Real,Index_DIP,-17.671830,1.081063,20.973000,0.020781,-0.663171,-0.647759,0.374408
0.5435,5791,Real,Index_FingerTip,-17.691170,1.067273,20.985630,0.020781,-0.663171,-0.647759,0.374408
0.5435,5791,Real,Middle_MCP,-17.674690,1.056348,20.905490,-0.460537,-0.518779,-0.225599,0.684018
0.5435,5791,Real,Middle_PIP,-17.655690,1.065283,20.953930,-0.130063,-0.681402,-0.543945,0.472121
0.5435,5791,Real,Middle_DIP,-17.670110,1.055959,20.975690,0.201716,-0.663729,-0.701099,0.165029
0.5435,5791,Real,Middle_FingerTip,-17.694570,1.041833,20.973880,0.201716,-0.663729,-0.701099,0.165029
0.5435,5791,Real,Ring_MCP,-17.666460,1.033202,20.904650,-0.464122,-0.538984,-0.241737,0.660039
0.5435,5791,Real,Ring_PIP,-17.652400,1.041635,20.948200,-0.093091,-0.705157,-0.563774,0.419817
0.5435,5791,Real,Ring_DIP,-17.669000,1.032623,20.966560,0.270702,-0.657748,-0.697994,0.083020
0.5435,5791,Real,Ring_FingerTip,-17.690660,1.020445,20.959630,0.270702,-0.657748,-0.697994,0.083020
0.5435,5791,Real,Pinky_MCP,-17.664160,1.010968,20.903760,-0.474691,-0.545009,-0.241547,0.647526
0.5435,5791,Real,Pinky_PIP,-17.652770,1.019024,20.940580,-0.098632,-0.715987,-0.556762,0.409452
0.5435,5791,Real,Pinky_DIP,-17.664610,1.013251,20.953350,0.271295,-0.669899,-0.686749,0.077528
0.5435,5791,Real,Pinky_FingerTip,-17.680720,1.004247,20.948200,0.271295,-0.669899,-0.686749,0.077528
0.5435,5791,Virtual,Wrist,-17.758220,0.999553,20.866310,-0.626500,-0.281712,0.066680,0.723665
0.5435,5791,Virtual,Thumb_CMC,-17.744620,1.041238,20.884140,0.171773,-0.464195,0.285297,0.820745
0.5435,5791,Virtual,Thumb_MCP,-17.726780,1.054799,20.921900,0.307344,-0.387973,0.016515,0.868760
0.5435,5791,Virtual,Thumb_IP,-17.692540,1.044513,20.955450,0.467787,-0.161736,-0.453397,0.741248
0.5435,5791,Virtual,Thumb_FingerTip,-17.677250,1.021045,20.950200,0.467787,-0.161736,-0.453397,0.741248
0.5435,5791,Virtual,Index_MCP,-17.684120,1.076035,20.908520,-0.465254,-0.462988,-0.179278,0.732830
0.5435,5791,Virtual,Index_PIP,-17.660380,1.083904,20.948110,-0.232456,-0.613827,-0.465983,0.593331
0.5435,5791,Virtual,Index_DIP,-17.665250,1.076959,20.972640,0.013937,-0.656220,-0.654044,0.376042
0.5435,5791,Virtual,Index_FingerTip,-17.684540,1.063235,20.985430,0.013937,-0.656220,-0.654044,0.376042
0.5435,5791,Virtual,Middle_MCP,-17.669500,1.053106,20.904890,-0.461163,-0.509110,-0.228827,0.689764
0.5435,5791,Virtual,Middle_PIP,-17.649600,1.061233,20.953120,-0.135550,-0.673417,-0.549660,0.475406
0.5435,5791,Virtual,Middle_DIP,-17.663770,1.051806,20.975000,0.193145,-0.659211,-0.707686,0.165279
0.5435,5791,Virtual,Middle_FingerTip,-17.688420,1.037980,20.973440,0.193145,-0.659211,-0.707686,0.165279
0.5435,5791,Virtual,Ring_MCP,-17.661550,1.029881,20.903640,-0.465141,-0.529393,-0.244920,0.665884
0.5435,5791,Virtual,Ring_PIP,-17.646680,1.037621,20.947060,-0.099197,-0.697691,-0.569639,0.422963
0.5435,5791,Virtual,Ring_DIP,-17.663080,1.028573,20.965580,0.261688,-0.654319,-0.704647,0.082825
0.5435,5791,Virtual,Ring_FingerTip,-17.685000,1.016726,20.958860,0.261688,-0.654319,-0.704647,0.082825
0.5435,5791,Virtual,Pinky_MCP,-17.659520,1.007635,20.902450,-0.475818,-0.535462,-0.244609,0.653487
0.5435,5791,Virtual,Pinky_PIP,-17.647440,1.015111,20.939170,-0.104805,-0.708617,-0.562588,0.412762
0.5435,5791,Virtual,Pinky_DIP,-17.659130,1.009315,20.952060,0.262271,-0.666586,-0.693450,0.077494
0.5435,5791,Virtual,Pinky_FingerTip,-17.675420,1.000558,20.947070,0.262271,-0.666586,-0.693450,0.077494
0.5435,5791,Render,Wrist,-17.758220,0.999553,20.866310,-0.626500,-0.281712,0.066680,0.723665
0.5435,5791,Render,Thumb_CMC,-17.744620,1.041238,20.884140,0.042599,-0.494611,0.386703,0.777178
0.5435,5791,Render,Thumb_MCP,-17.735330,1.065781,20.919340,0.079756,-0.489994,0.327029,0.804113
0.5435,5791,Render,Thumb_IP,-17.720330,1.087736,20.960540,0.145233,-0.474723,0.215377,0.840927
0.5435,5791,Render,Thumb_FingerTip,-17.707320,1.094130,20.985070,0.145233,-0.474723,0.215377,0.840927
0.5435,5791,Render,Index_MCP,-17.684120,1.076035,20.908520,-0.530170,-0.386962,-0.065907,0.751557
0.5435,5791,Render,Index_PIP,-17.651720,1.090610,20.939030,-0.405356,-0.516242,-0.267261,0.705516
0.5435,5791,Render,Index_DIP,-17.643310,1.091685,20.963560,-0.266727,-0.599730,-0.431755,0.618683
0.5435,5791,Render,Index_FingerTip,-17.645790,1.085919,20.989720,-0.266727,-0.599730,-0.431755,0.618683
0.5435,5791,Render,Middle_MCP,-17.669500,1.053106,20.904890,-0.559367,-0.398713,-0.076027,0.722742
0.5435,5791,Render,Middle_PIP,-17.634100,1.070857,20.939820,-0.426866,-0.538190,-0.273464,0.673316
0.5435,5791,Render,Middle_DIP,-17.626590,1.073386,20.966380,-0.278635,-0.627875,-0.433229,0.583480
0.5435,5791,Render,Middle_FingerTip,-17.631220,1.068981,20.993940,-0.278635,-0.627875,-0.433229,0.583480
0.5435,5791,Render,Ring_MCP,-17.661550,1.029881,20.903640,-0.578083,-0.403031,-0.078857,0.705102
0.5435,5791,Render,Ring_PIP,-17.630710,1.046391,20.934340,-0.444948,-0.546475,-0.269735,0.656224
0.5435,5791,Render,Ring_DIP,-17.623940,1.049876,20.959550,-0.295435,-0.639790,-0.424130,0.568772
0.5435,5791,Render,Ring_FingerTip,-17.628540,1.047181,20.984800,-0.295435,-0.639790,-0.424130,0.568772
0.5435,5791,Render,Pinky_MCP,-17.659520,1.007635,20.902450,-0.572525,-0.430509,-0.110206,0.689008
0.5435,5791,Render,Pinky_PIP,-17.635690,1.021065,20.930770,-0.397421,-0.595969,-0.332399,0.613506
0.5435,5791,Render,Pinky_DIP,-17.634440,1.022272,20.949040,-0.200712,-0.687632,-0.500866,0.485810
0.5435,5791,Render,Pinky_FingerTip,-17.643010,1.018237,20.965690,-0.200712,-0.687632,-0.500866,0.485810
0.5568,5792,Real,Wrist,-17.765820,1.003007,20.866130,-0.632905,-0.299946,0.067773,0.710543
0.5568,5792,Real,Thumb_CMC,-17.753760,1.045401,20.883380,0.162414,-0.472373,0.302885,0.811632
0.5568,5792,Real,Thumb_MCP,-17.737500,1.060252,20.921370,0.300984,-0.398652,0.036062,0.865555
0.5568,5792,Real,Thumb_IP,-17.704180,1.051547,20.956280,0.468170,-0.174160,-0.435194,0.749061
0.5568,5792,Real,Thumb_FingerTip,-17.688210,1.028319,20.952100,0.468170,-0.174160,-0.435194,0.749061
0.5568,5792,Real,Index_MCP,-17.694890,1.082141,20.908900,-0.465675,-0.482444,-0.173166,0.721393
0.5568,5792,Real,Index_PIP,-17.672670,1.091483,20.949050,-0.224803,-0.631719,-0.455692,0.585439
0.5568,5792,Real,Index_DIP,-17.678210,1.085006,20.973570,0.027726,-0.669953,-0.641549,0.372571
0.5568,5792,Real,Index_FingerTip,-17.697610,1.071147,20.986040,0.027726,-0.669953,-0.641549,0.372571
0.5568,5792,Real,Middle_MCP,-17.679660,1.059475,20.906310,-0.459725,-0.528383,-0.222568,0.678180
0.5568,5792,Real,Middle_PIP,-17.661570,1.069189,20.954960,-0.124450,-0.689237,-0.538354,0.468658
0.5568,5792,Real,Middle_DIP,-17.676260,1.059956,20.976590,0.210329,-0.668055,-0.694539,0.164563
0.5568,5792,Real,Middle_FingerTip,-17.700520,1.045535,20.974540,0.210329,-0.668055,-0.694539,0.164563
0.5568,5792,Real,Ring_MCP,-17.671150,1.036416,20.905890,-0.462921,-0.548500,-0.238751,0.654102
0.5568,5792,Real,Ring_PIP,-17.657930,1.045514,20.949570,-0.086874,-0.712461,-0.558025,0.416486
0.5568,5792,Real,Ring_DIP,-17.674730,1.036530,20.967760,0.279732,-0.660983,-0.691349,0.082997
0.5568,5792,Real,Ring_FingerTip,-17.696140,1.024028,20.960610,0.279732,-0.660983,-0.691349,0.082997
0.5568,5792,Real,Pinky_MCP,-17.668590,1.014201,20.905300,-0.473383,-0.554478,-0.238684,0.641476
0.5568,5792,Real,Pinky_PIP,-17.657920,1.022813,20.942210,-0.092352,-0.723194,-0.551054,0.405959
0.5568,5792,Real,Pinky_DIP,-17.669900,1.017056,20.954850,0.280331,-0.673018,-0.680059,0.077344
0.5568,5792,Real,Pinky_FingerTip,-17.685820,1.007811,20.949540,0.280331,-0.673018,-0.680059,0.077344
0.5568,5792,Virtual,Wrist,-17.762150,1.001319,20.866110,-0.629800,-0.290821,0.067335,0.717106
0.5568,5792,Virtual,Thumb_CMC,-17.749320,1.043370,20.883650,0.167063,-0.468224,0.294183,0.816280
0.5568,5792,Virtual,Thumb_MCP,-17.732260,1.057589,20.921530,0.304117,-0.393264,0.026348,0.867273
0.5568,5792,Virtual,Thumb_IP,-17.698470,1.048102,20.955760,0.467912,-0.167933,-0.444307,0.745284
0.5568,5792,Virtual,Thumb_FingerTip,-17.682830,1.024749,20.951040,0.467912,-0.167933,-0.444307,0.745284
0.5568,5792,Virtual,Index_MCP,-17.689630,1.079149,20.908590,-0.465561,-0.472737,-0.176123,0.727155
0.5568,5792,Virtual,Index_PIP,-17.666640,1.087768,20.948470,-0.228708,-0.622832,-0.460764,0.589465
0.5568,5792,Virtual,Index_DIP,-17.671840,1.081063,20.973000,0.020781,-0.663171,-0.647759,0.374408
0.5568,5792,Virtual,Index_FingerTip,-17.691170,1.067273,20.985630,0.020781,-0.663171,-0.647759,0.374408
0.5568,5792,Virtual,Middle_MCP,-17.674700,1.056348,20.905490,-0.460537,-0.518779,-0.225599,0.684018
0.5568,5792,Virtual,Middle_PIP,-17.655690,1.065284,20.953940,-0.130063,-0.681402,-0.543945,0.472122
0.5568,5792,Virtual,Middle_DIP,-17.670120,1.055960,20.975690,0.201716,-0.663729,-0.701099,0.165029
0.5568,5792,Virtual,Middle_FingerTip,-17.694570,1.041833,20.973890,0.201716,-0.663729,-0.701099,0.165029
0.5568,5792,Virtual,Ring_MCP,-17.666460,1.033203,20.904660,-0.464122,-0.538984,-0.241737,0.660039
0.5568,5792,Virtual,Ring_PIP,-17.652400,1.041635,20.948200,-0.093091,-0.705157,-0.563774,0.419817
0.5568,5792,Virtual,Ring_DIP,-17.669000,1.032623,20.966570,0.270702,-0.657749,-0.697994,0.083020
0.5568,5792,Virtual,Ring_FingerTip,-17.690670,1.020446,20.959630,0.270702,-0.657749,-0.697994,0.083020
0.5568,5792,Virtual,Pinky_MCP,-17.664160,1.010969,20.903760,-0.474691,-0.545009,-0.241547,0.647526
0.5568,5792,Virtual,Pinky_PIP,-17.652770,1.019024,20.940580,-0.098632,-0.715987,-0.556762,0.409452
0.5568,5792,Virtual,Pinky_DIP,-17.664610,1.013251,20.953350,0.271295,-0.669899,-0.686749,0.077528
0.5568,5792,Virtual,Pinky_FingerTip,-17.680720,1.004248,20.948200,0.271295,-0.669899,-0.686749,0.077528
0.5568,5792,Render,Wrist,-17.762150,1.001319,20.866110,-0.629800,-0.290821,0.067335,0.717106
0.5568,5792,Render,Thumb_CMC,-17.749320,1.043370,20.883650,0.037479,-0.497766,0.394634,0.771420
0.5568,5792,Render,Thumb_MCP,-17.740850,1.068466,20.918670,0.074888,-0.493525,0.335371,0.798969
0.5568,5792,Render,Thumb_IP,-17.726730,1.091118,20.959800,0.140887,-0.478880,0.224337,0.836958
0.5568,5792,Render,Thumb_FingerTip,-17.714170,1.097974,20.984450,0.140887,-0.478880,0.224337,0.836958
0.5568,5792,Render,Index_MCP,-17.689630,1.079149,20.908590,-0.531954,-0.396552,-0.063650,0.745467
0.5568,5792,Render,Index_PIP,-17.657910,1.094462,20.939450,-0.404472,-0.525957,-0.263437,0.700267
0.5568,5792,Render,Index_DIP,-17.649920,1.095929,20.964100,-0.263494,-0.608932,-0.426763,0.614529
0.5568,5792,Render,Index_FingerTip,-17.652760,1.090452,20.990290,-0.263494,-0.608932,-0.426763,0.614529
0.5568,5792,Render,Middle_MCP,-17.674700,1.056348,20.905490,-0.560824,-0.408292,-0.074103,0.716438
0.5568,5792,Render,Middle_PIP,-17.640080,1.074924,20.940770,-0.425610,-0.547797,-0.269866,0.667793
0.5568,5792,Render,Middle_DIP,-17.633030,1.077859,20.967410,-0.275014,-0.636862,-0.428365,0.579033
0.5568,5792,Render,Middle_FingerTip,-17.638070,1.073733,20.994960,-0.275014,-0.636862,-0.428365,0.579033
0.5568,5792,Render,Ring_MCP,-17.666460,1.033203,20.904660,-0.579383,-0.412587,-0.077161,0.698666
0.5568,5792,Render,Ring_PIP,-17.636330,1.050434,20.935640,-0.443570,-0.556020,-0.266334,0.650503
0.5568,5792,Render,Ring_DIP,-17.630010,1.054300,20.960920,-0.291731,-0.648695,-0.419416,0.564073
0.5568,5792,Render,Ring_FingerTip,-17.635000,1.051857,20.986120,-0.291731,-0.648695,-0.419416,0.564073
0.5568,5792,Render,Pinky_MCP,-17.664160,1.010969,20.903760,-0.573313,-0.440090,-0.108387,0.682559
0.5568,5792,Render,Pinky_PIP,-17.640960,1.025011,20.932310,-0.394988,-0.605269,-0.328544,0.608024
0.5568,5792,Render,Pinky_DIP,-17.640020,1.026453,20.950570,-0.195605,-0.695776,-0.495547,0.481734
0.5568,5792,Render,Pinky_FingerTip,-17.648820,1.022521,20.967130,-0.195605,-0.695776,-0.495547,0.481734
0.5702,5793,Real,Wrist,-17.770020,1.004696,20.866050,-0.635749,-0.309438,0.067459,0.703933
0.5702,5793,Real,Thumb_CMC,-17.758730,1.047403,20.883040,0.157532,-0.477236,0.311632,0.806421
0.5702,5793,Real,Thumb_MCP,-17.743340,1.062871,20.921150,0.297740,-0.404872,0.046235,0.863303
0.5702,5793,Real,Thumb_IP,-17.710600,1.054964,20.956780,0.468690,-0.181383,-0.425030,0.752848
0.5702,5793,Real,Thumb_FingerTip,-17.694270,1.031880,20.953210,0.468690,-0.181383,-0.425030,0.752848
0.5702,5793,Real,Index_MCP,-17.700730,1.085055,20.909220,-0.465533,-0.492325,-0.170707,0.715370
0.5702,5793,Real,Index_PIP,-17.679340,1.095083,20.949650,-0.220592,-0.640659,-0.450964,0.580970
0.5702,5793,Real,Index_DIP,-17.685240,1.088819,20.974130,0.034974,-0.676670,-0.635493,0.370194
0.5702,5793,Real,Index_FingerTip,-17.704700,1.074889,20.986420,0.034974,-0.676670,-0.635493,0.370194
0.5702,5793,Real,Middle_MCP,-17.685210,1.062529,20.907160,-0.458618,-0.538143,-0.220096,0.672034
0.5702,5793,Real,Middle_PIP,-17.668110,1.072973,20.956020,-0.118501,-0.697055,-0.533085,0.464642
0.5702,5793,Real,Middle_DIP,-17.683080,1.063821,20.977470,0.219233,-0.672209,-0.688007,0.163455
0.5702,5793,Real,Middle_FingerTip,-17.707150,1.049115,20.975150,0.219233,-0.672209,-0.688007,0.163455
0.5702,5793,Real,Ring_MCP,-17.676460,1.039560,20.907150,-0.461423,-0.558150,-0.236338,0.647844
0.5702,5793,Real,Ring_PIP,-17.664120,1.049280,20.950950,-0.080355,-0.719712,-0.552566,0.412587
0.5702,5793,Real,Ring_DIP,-17.681150,1.040315,20.968940,0.288980,-0.664028,-0.684672,0.082355
0.5702,5793,Real,Ring_FingerTip,-17.702290,1.027504,20.961540,0.288980,-0.664028,-0.684672,0.082355
0.5702,5793,Real,Pinky_MCP,-17.673650,1.017369,20.906850,-0.471785,-0.564067,-0.236404,0.635107
0.5702,5793,Real,Pinky_PIP,-17.663730,1.026502,20.943840,-0.085784,-0.730338,-0.545645,0.401894
0.5702,5793,Real,Pinky_DIP,-17.675880,1.020754,20.956330,0.289569,-0.675946,-0.673343,0.076533
0.5702,5793,Real,Pinky_FingerTip,-17.691600,1.011280,20.950840,0.289569,-0.675946,-0.673343,0.076533
0.5702,5793,Virtual,Wrist,-17.765830,1.003008,20.866140,-0.632905,-0.299946,0.067773,0.710543
0.5702,5793,Virtual,Thumb_CMC,-17.753760,1.045402,20.883390,0.162204,-0.472399,0.303227,0.811531
0.5702,5793,Virtual,Thumb_MCP,-17.737530,1.060283,20.921380,0.300682,-0.398825,0.036660,0.865555
0.5702,5793,Virtual,Thumb_IP,-17.704220,1.051636,20.956310,0.467921,-0.174702,-0.434315,0.749600
0.5702,5793,Virtual,Thumb_FingerTip,-17.688220,1.028419,20.952190,0.467921,-0.174702,-0.434315,0.749600
0.5702,5793,Virtual,Index_MCP,-17.694900,1.082142,20.908910,-0.465794,-0.482329,-0.172989,0.721436
0.5702,5793,Virtual,Index_PIP,-17.672660,1.091495,20.949040,-0.224959,-0.631664,-0.455548,0.585552
0.5702,5793,Virtual,Index_DIP,-17.678190,1.085025,20.973560,0.027561,-0.669960,-0.641458,0.372729
0.5702,5793,Virtual,Index_FingerTip,-17.697580,1.071168,20.986050,0.027561,-0.669960,-0.641458,0.372729
0.5702,5793,Virtual,Middle_MCP,-17.679670,1.059476,20.906320,-0.459813,-0.528306,-0.222456,0.678217
0.5702,5793,Virtual,Middle_PIP,-17.661570,1.069198,20.954960,-0.124563,-0.689217,-0.538277,0.468746
0.5702,5793,Virtual,Middle_DIP,-17.676240,1.059969,20.976590,0.210221,-0.668089,-0.694512,0.164674
0.5702,5793,Virtual,Middle_FingerTip,-17.700500,1.045547,20.974550,0.210221,-0.668089,-0.694512,0.164674
0.5702,5793,Virtual,Ring_MCP,-17.671160,1.036417,20.905890,-0.463006,-0.548429,-0.238650,0.654139
0.5702,5793,Virtual,Ring_PIP,-17.657920,1.045521,20.949570,-0.087004,-0.712446,-0.557949,0.416588
0.5702,5793,Virtual,Ring_DIP,-17.674720,1.036541,20.967760,0.279594,-0.661041,-0.691332,0.083141
0.5702,5793,Virtual,Ring_FingerTip,-17.696130,1.024038,20.960630,0.279594,-0.661041,-0.691332,0.083141
0.5702,5793,Virtual,Pinky_MCP,-17.668600,1.014202,20.905310,-0.473469,-0.554405,-0.238585,0.641513
0.5702,5793,Virtual,Pinky_PIP,-17.657910,1.022819,20.942210,-0.092485,-0.723177,-0.550979,0.406059
0.5702,5793,Virtual,Pinky_DIP,-17.669890,1.017065,20.954850,0.280190,-0.673076,-0.680043,0.077486
0.5702,5793,Virtual,Pinky_FingerTip,-17.685810,1.007819,20.949550,0.280190,-0.673076,-0.680043,0.077486
0.5702,5793,Render,Wrist,-17.765830,1.003008,20.866140,-0.632905,-0.299946,0.067773,0.710543
0.5702,5793,Render,Thumb_CMC,-17.753760,1.045402,20.883390,0.032425,-0.501673,0.402164,0.765204
0.5702,5793,Render,Thumb_MCP,-17.746160,1.070999,20.918250,0.070143,-0.497802,0.343348,0.793338
0.5702,5793,Render,Thumb_IP,-17.732990,1.094286,20.959340,0.136763,-0.483759,0.233002,0.832456
0.5702,5793,Render,Thumb_FingerTip,-17.720920,1.101571,20.984100,0.136763,-0.483759,0.233002,0.832456
0.5702,5793,Render,Index_MCP,-17.694900,1.082142,20.908910,-0.533541,-0.406128,-0.061603,0.739324
0.5702,5793,Render,Index_PIP,-17.663880,1.098171,20.940110,-0.403402,-0.535605,-0.259800,0.694909
0.5702,5793,Render,Index_DIP,-17.656310,1.100015,20.964870,-0.260096,-0.618026,-0.421926,0.610224
0.5702,5793,Render,Index_FingerTip,-17.659540,1.094811,20.991060,-0.260096,-0.618026,-0.421926,0.610224
0.5702,5793,Render,Middle_MCP,-17.679670,1.059476,20.906320,-0.562085,-0.417847,-0.072391,0.710087
0.5702,5793,Render,Middle_PIP,-17.645850,1.078852,20.941950,-0.424172,-0.557328,-0.266461,0.662166
0.5702,5793,Render,Middle_DIP,-17.639290,1.082176,20.968680,-0.271237,-0.645729,-0.423659,0.574437
0.5702,5793,Render,Middle_FingerTip,-17.644750,1.078315,20.996170,-0.271237,-0.645729,-0.423659,0.574437
0.5702,5793,Render,Ring_MCP,-17.671160,1.036417,20.905890,-0.580489,-0.422115,-0.075679,0.692188
0.5702,5793,Render,Ring_PIP,-17.641740,1.054347,20.937180,-0.442013,-0.565485,-0.263128,0.644683
0.5702,5793,Render,Ring_DIP,-17.635890,1.058579,20.962520,-0.287874,-0.657478,-0.414865,0.559230
0.5702,5793,Render,Ring_FingerTip,-17.641280,1.056374,20.987650,-0.287874,-0.657478,-0.414865,0.559230
0.5702,5793,Render,Pinky_MCP,-17.668600,1.014202,20.905310,-0.573908,-0.449630,-0.106780,0.676062
0.5702,5793,Render,Pinky_PIP,-17.646040,1.028837,20.934070,-0.392387,-0.614468,-0.324875,0.602427
0.5702,5793,Render,Pinky_DIP,-17.645420,1.030502,20.952330,-0.190369,-0.703774,-0.490370,0.477493
0.5702,5793,Render,Pinky_FingerTip,-17.654460,1.026664,20.968780,-0.190369,-0.703774,-0.490370,0.477493
0.5840,5794,Real,Wrist,-17.773570,1.006290,20.865980,-0.637623,-0.317940,0.068543,0.698322
0.5840,5794,Real,Thumb_CMC,-17.763030,1.049284,20.882740,0.154210,-0.481130,0.321013,0.801052
0.5840,5794,Real,Thumb_MCP,-17.748500,1.065351,20.920930,0.295687,-0.409678,0.057033,0.861093
0.5840,5794,Real,Thumb_IP,-17.716250,1.058288,20.957180,0.469459,-0.186749,-0.414397,0.756973
0.5840,5794,Real,Thumb_FingerTip,-17.699520,1.035411,20.954150,0.469459,-0.186749,-0.414397,0.756973
0.5840,5794,Real,Index_MCP,-17.705870,1.087868,20.909390,-0.465290,-0.500418,-0.166598,0.710868
0.5840,5794,Real,Index_PIP,-17.685100,1.098583,20.949960,-0.215873,-0.648314,-0.446392,0.577774
0.5840,5794,Real,Index_DIP,-17.691310,1.092460,20.974410,0.043306,-0.681936,-0.630647,0.367929
0.5840,5794,Real,Index_FingerTip,-17.710820,1.078387,20.986440,0.043306,-0.681936,-0.630647,0.367929
0.5840,5794,Real,Middle_MCP,-17.690060,1.065512,20.907760,-0.457347,-0.546335,-0.216347,0.667493
0.5840,5794,Real,Middle_PIP,-17.673730,1.076650,20.956720,-0.112078,-0.703624,-0.528286,0.461807
0.5840,5794,Real,Middle_DIP,-17.688920,1.067496,20.978020,0.228955,-0.674706,-0.682677,0.162185
0.5840,5794,Real,Middle_FingerTip,-17.712770,1.052487,20.975360,0.228955,-0.674706,-0.682677,0.162185
0.5840,5794,Real,Ring_MCP,-17.681030,1.042651,20.908080,-0.459723,-0.566336,-0.232787,0.643218
0.5840,5794,Real,Ring_PIP,-17.669400,1.052947,20.951950,-0.073416,-0.725735,-0.547645,0.409882
0.5840,5794,Real,Ring_DIP,-17.686610,1.043928,20.969740,0.298851,-0.665410,-0.679162,0.081592
0.5840,5794,Real,Ring_FingerTip,-17.707450,1.030807,20.962060,0.298851,-0.665410,-0.679162,0.081592
0.5840,5794,Real,Pinky_MCP,-17.677960,1.020493,20.908040,-0.469992,-0.572218,-0.232983,0.630391
0.5840,5794,Real,Pinky_PIP,-17.668640,1.030105,20.945060,-0.078772,-0.736289,-0.540769,0.399053
0.5840,5794,Real,Pinky_DIP,-17.680920,1.024316,20.957410,0.299481,-0.677227,-0.667797,0.075644
0.5840,5794,Real,Pinky_FingerTip,-17.696420,1.014609,20.951700,0.299481,-0.677227,-0.667797,0.075644
0.5840,5794,Virtual,Wrist,-17.770020,1.004695,20.866050,-0.635749,-0.309438,0.067459,0.703933
0.5840,5794,Virtual,Thumb_CMC,-17.758730,1.047402,20.883050,0.157351,-0.477782,0.312876,0.805651
0.5840,5794,Virtual,Thumb_MCP,-17.743460,1.062937,20.921180,0.297636,-0.405522,0.047871,0.862945
0.5840,5794,Virtual,Thumb_IP,-17.710780,1.055152,20.956890,0.468871,-0.182196,-0.423120,0.753614
0.5840,5794,Virtual,Thumb_FingerTip,-17.694380,1.032107,20.953410,0.468871,-0.182196,-0.423120,0.753614
0.5840,5794,Virtual,Index_MCP,-17.700740,1.085054,20.909230,-0.466139,-0.491751,-0.169826,0.715580
0.5840,5794,Virtual,Index_PIP,-17.679260,1.095140,20.949600,-0.220240,-0.640780,-0.451283,0.580723
0.5840,5794,Virtual,Index_DIP,-17.685190,1.088862,20.974080,0.036430,-0.676593,-0.636288,0.368826
0.5840,5794,Virtual,Index_FingerTip,-17.704700,1.074910,20.986250,0.036430,-0.676593,-0.636288,0.368826
0.5840,5794,Virtual,Middle_MCP,-17.685220,1.062528,20.907170,-0.459029,-0.537793,-0.219583,0.672202
0.5840,5794,Virtual,Middle_PIP,-17.668050,1.073011,20.955990,-0.117906,-0.697156,-0.533481,0.464187
0.5840,5794,Virtual,Middle_DIP,-17.683050,1.063839,20.977420,0.220783,-0.671702,-0.688383,0.161868
0.5840,5794,Virtual,Middle_FingerTip,-17.707110,1.049139,20.974970,0.220783,-0.671702,-0.688383,0.161868
0.5840,5794,Virtual,Ring_MCP,-17.676460,1.039559,20.907150,-0.461754,-0.557876,-0.235954,0.647984
0.5840,5794,Virtual,Ring_PIP,-17.664070,1.049304,20.950940,-0.079758,-0.719779,-0.552909,0.412128
0.5840,5794,Virtual,Ring_DIP,-17.681140,1.040323,20.968890,0.290381,-0.663417,-0.684844,0.080909
0.5840,5794,Virtual,Ring_FingerTip,-17.702250,1.027523,20.961400,0.290381,-0.663417,-0.684844,0.080909
0.5840,5794,Virtual,Pinky_MCP,-17.673650,1.017368,20.906860,-0.472119,-0.563787,-0.236028,0.635247
0.5840,5794,Virtual,Pinky_PIP,-17.663690,1.026521,20.943840,-0.085177,-0.730409,-0.545979,0.401441
0.5840,5794,Virtual,Pinky_DIP,-17.675870,1.020762,20.956300,0.290995,-0.675333,-0.673503,0.075111
0.5840,5794,Virtual,Pinky_FingerTip,-17.691560,1.011294,20.950730,0.290995,-0.675333,-0.673503,0.075111
0.5840,5794,Render,Wrist,-17.770020,1.004695,20.866050,-0.635749,-0.309438,0.067459,0.703933
0.5840,5794,Render,Thumb_CMC,-17.758730,1.047402,20.883050,0.027270,-0.506242,0.409290,0.758589
0.5840,5794,Render,Thumb_MCP,-17.752040,1.073457,20.917760,0.065347,-0.502747,0.350952,0.787279
0.5840,5794,Render,Thumb_IP,-17.739870,1.097329,20.958820,0.132680,-0.489306,0.241356,0.827480
0.5840,5794,Render,Thumb_FingerTip,-17.728340,1.105012,20.983720,0.132680,-0.489306,0.241356,0.827480
0.5840,5794,Render,Index_MCP,-17.700740,1.085054,20.909230,-0.534799,-0.416048,-0.060267,0.732982
0.5840,5794,Render,Index_PIP,-17.670460,1.101755,20.940810,-0.401923,-0.545494,-0.256795,0.689167
0.5840,5794,Render,Index_DIP,-17.663370,1.103950,20.965680,-0.256242,-0.627252,-0.417607,0.605392
0.5840,5794,Render,Index_FingerTip,-17.667030,1.098995,20.991870,-0.256242,-0.627252,-0.417607,0.605392
0.5840,5794,Render,Middle_MCP,-17.685220,1.062528,20.907170,-0.563020,-0.427712,-0.071407,0.703543
0.5840,5794,Render,Middle_PIP,-17.652270,1.082654,20.943190,-0.422334,-0.567065,-0.263701,0.656151
0.5840,5794,Render,Middle_DIP,-17.646230,1.086339,20.969990,-0.267022,-0.654697,-0.419482,0.569303
0.5840,5794,Render,Middle_FingerTip,-17.652150,1.082717,20.997430,-0.267022,-0.654697,-0.419482,0.569303
0.5840,5794,Render,Ring_MCP,-17.676460,1.039559,20.907150,-0.581271,-0.431933,-0.074936,0.685523
0.5840,5794,Render,Ring_PIP,-17.647810,1.058146,20.938770,-0.440065,-0.575140,-0.260581,0.638479
0.5840,5794,Render,Ring_DIP,-17.642480,1.062715,20.964160,-0.283592,-0.666347,-0.410858,0.553853
0.5840,5794,Render,Ring_FingerTip,-17.648300,1.060724,20.989210,-0.283592,-0.666347,-0.410858,0.553853
0.5840,5794,Render,Pinky_MCP,-17.673650,1.017368,20.906860,-0.574172,-0.459434,-0.105912,0.669351
0.5840,5794,Render,Pinky_PIP,-17.651780,1.032558,20.935860,-0.389385,-0.623804,-0.321830,0.596384
0.5840,5794,Render,Pinky_DIP,-17.651520,1.034428,20.954110,-0.184709,-0.711783,-0.485655,0.472638
0.5840,5794,Render,Pinky_FingerTip,-17.660810,1.030670,20.970440,-0.184709,-0.711783,-0.485655,0.472638
0.5990,5795,Real,Wrist,-17.777530,1.007907,20.866210,-0.639144,-0.326914,0.068180,0.692801
0.5990,5795,Real,Thumb_CMC,-17.767730,1.051138,20.882800,0.149990,-0.485836,0.330016,0.795334
0.5990,5795,Real,Thumb_MCP,-17.754110,1.067789,20.921080,0.293089,-0.415491,0.067456,0.858438
0.5990,5795,Real,Thumb_IP,-17.722460,1.061526,20.958000,0.470352,-0.193139,-0.404034,0.760410
0.5990,5795,Real,Thumb_FingerTip,-17.705390,1.038837,20.955530,0.470352,-0.193139,-0.404034,0.760410
0.5990,5795,Real,Index_MCP,-17.711440,1.090539,20.910100,-0.465428,-0.508095,-0.162651,0.706230
0.5990,5795,Real,Index_PIP,-17.691270,1.101929,20.950790,-0.211649,-0.655736,-0.441900,0.574404
0.5990,5795,Real,Index_DIP,-17.697770,1.095957,20.975200,0.051109,-0.687148,-0.625806,0.365490
0.5990,5795,Real,Index_FingerTip,-17.717350,1.081761,20.987000,0.051109,-0.687148,-0.625806,0.365490
0.5990,5795,Real,Middle_MCP,-17.695360,1.068343,20.908910,-0.455891,-0.554564,-0.213592,0.662571
0.5990,5795,Real,Middle_PIP,-17.679860,1.080098,20.958000,-0.104695,-0.710223,-0.524629,0.457588
0.5990,5795,Real,Middle_DIP,-17.695360,1.070911,20.979060,0.240202,-0.676521,-0.677860,0.158517
0.5990,5795,Real,Middle_FingerTip,-17.718970,1.055632,20.975910,0.240202,-0.676521,-0.677860,0.158517
0.5990,5795,Real,Ring_MCP,-17.686100,1.045584,20.909560,-0.457976,-0.574418,-0.230113,0.638240
0.5990,5795,Real,Ring_PIP,-17.675200,1.056399,20.953490,-0.066201,-0.731652,-0.543411,0.406210
0.5990,5795,Real,Ring_DIP,-17.692630,1.047321,20.971050,0.309138,-0.666432,-0.673790,0.079432
0.5990,5795,Real,Ring_FingerTip,-17.713170,1.033928,20.963030,0.309138,-0.666432,-0.673790,0.079432
0.5990,5795,Real,Pinky_MCP,-17.682790,1.023461,20.909740,-0.468170,-0.580234,-0.230459,0.625327
0.5990,5795,Real,Pinky_PIP,-17.674110,1.033504,20.946810,-0.071511,-0.742119,-0.536593,0.395239
0.5990,5795,Real,Pinky_DIP,-17.686540,1.027669,20.958980,0.309784,-0.678151,-0.662394,0.073351
0.5990,5795,Real,Pinky_FingerTip,-17.701810,1.017758,20.953020,0.309784,-0.678151,-0.662394,0.073351
0.5990,5795,Virtual,Wrist,-17.773580,1.006291,20.865990,-0.637623,-0.317940,0.068543,0.698322
0.5990,5795,Virtual,Thumb_CMC,-17.763040,1.049285,20.882740,0.153198,-0.481237,0.322606,0.800542
0.5990,5795,Virtual,Thumb_MCP,-17.748610,1.065491,20.920910,0.294714,-0.410125,0.058798,0.861095
0.5990,5795,Virtual,Thumb_IP,-17.716410,1.058603,20.957240,0.468842,-0.187739,-0.412765,0.758002
0.5990,5795,Virtual,Thumb_FingerTip,-17.699630,1.035753,20.954320,0.468842,-0.187739,-0.412765,0.758002
0.5990,5795,Virtual,Index_MCP,-17.705880,1.087869,20.909390,-0.466766,-0.499041,-0.164497,0.711357
0.5990,5795,Virtual,Index_PIP,-17.684910,1.098726,20.949830,-0.216634,-0.648060,-0.445713,0.578298
0.5990,5795,Virtual,Index_DIP,-17.691070,1.092633,20.974290,0.043598,-0.681917,-0.630805,0.367659
0.5990,5795,Virtual,Index_FingerTip,-17.710590,1.078556,20.986310,0.043598,-0.681917,-0.630805,0.367659
0.5990,5795,Virtual,Middle_MCP,-17.690070,1.065513,20.907760,-0.458073,-0.545727,-0.215459,0.667780
0.5990,5795,Virtual,Middle_PIP,-17.673610,1.076719,20.956670,-0.111121,-0.703776,-0.528915,0.461088
0.5990,5795,Virtual,Middle_DIP,-17.688870,1.067534,20.977920,0.231505,-0.673835,-0.683286,0.159601
0.5990,5795,Virtual,Middle_FingerTip,-17.712690,1.052533,20.975050,0.231505,-0.673835,-0.683286,0.159601
0.5990,5795,Virtual,Ring_MCP,-17.681040,1.042652,20.908090,-0.460496,-0.565708,-0.231909,0.643535
0.5990,5795,Virtual,Ring_PIP,-17.669290,1.053007,20.951910,-0.073098,-0.725767,-0.547825,0.409642
0.5990,5795,Virtual,Ring_DIP,-17.686510,1.043979,20.969680,0.300221,-0.664793,-0.679329,0.080193
0.5990,5795,Virtual,Ring_FingerTip,-17.707330,1.030869,20.961910,0.300221,-0.664793,-0.679329,0.080193
0.5990,5795,Virtual,Pinky_MCP,-17.677960,1.020494,20.908040,-0.470773,-0.571576,-0.232122,0.630709
0.5990,5795,Virtual,Pinky_PIP,-17.668560,1.030154,20.945030,-0.078449,-0.736323,-0.540944,0.398816
0.5990,5795,Virtual,Pinky_DIP,-17.680840,1.024358,20.957360,0.300876,-0.676609,-0.667951,0.074268
0.5990,5795,Virtual,Pinky_FingerTip,-17.696320,1.014657,20.951590,0.300876,-0.676609,-0.667951,0.074268
0.5990,5795,Render,Wrist,-17.773580,1.006291,20.865990,-0.637623,-0.317940,0.068543,0.698322
0.5990,5795,Render,Thumb_CMC,-17.763040,1.049285,20.882740,0.023875,-0.510206,0.416168,0.752280
0.5990,5795,Render,Thumb_MCP,-17.757200,1.075710,20.917320,0.062260,-0.506955,0.358286,0.781506
0.5990,5795,Render,Thumb_IP,-17.745960,1.100072,20.958360,0.130190,-0.493893,0.249402,0.822751
0.5990,5795,Render,Thumb_FingerTip,-17.734910,1.108103,20.983370,0.130190,-0.493893,0.249402,0.822751
0.5990,5795,Render,Index_MCP,-17.705880,1.087869,20.909390,-0.535262,-0.424743,-0.057784,0.727839
0.5990,5795,Render,Index_PIP,-17.676260,1.105223,20.941240,-0.400011,-0.553989,-0.253010,0.684890
0.5990,5795,Render,Index_DIP,-17.669560,1.107731,20.966190,-0.252309,-0.635021,-0.412891,0.602170
0.5990,5795,Render,Index_FingerTip,-17.673530,1.102975,20.992370,-0.252309,-0.635021,-0.412891,0.602170
0.5990,5795,Render,Middle_MCP,-17.690070,1.065513,20.907760,-0.563195,-0.436416,-0.069248,0.698253
0.5990,5795,Render,Middle_PIP,-17.657880,1.086365,20.944060,-0.420089,-0.575477,-0.260159,0.651667
0.5990,5795,Render,Middle_DIP,-17.652270,1.090368,20.970910,-0.262744,-0.662279,-0.414931,0.565848
0.5990,5795,Render,Middle_FingerTip,-17.658550,1.086928,20.998290,-0.262744,-0.662279,-0.414931,0.565848
0.5990,5795,Render,Ring_MCP,-17.681040,1.042652,20.908090,-0.581312,-0.440634,-0.072995,0.680140
0.5990,5795,Render,Ring_PIP,-17.653070,1.061871,20.939930,-0.437711,-0.583516,-0.257234,0.633837
0.5990,5795,Render,Ring_DIP,-17.648150,1.066738,20.965350,-0.279233,-0.673877,-0.406464,0.550187
0.5990,5795,Render,Ring_FingerTip,-17.654310,1.064908,20.990340,-0.279233,-0.673877,-0.406464,0.550187
0.5990,5795,Render,Pinky_MCP,-17.677960,1.020494,20.908040,-0.573752,-0.468119,-0.103887,0.663989
0.5990,5795,Render,Pinky_PIP,-17.656690,1.036212,20.937210,-0.386109,-0.631859,-0.318142,0.591997
0.5990,5795,Render,Pinky_DIP,-17.656710,1.038253,20.955440,-0.179172,-0.718487,-0.480823,0.469557
0.5990,5795,Render,Pinky_FingerTip,-17.666190,1.034534,20.971670,-0.179172,-0.718487,-0.480823,0.469557
0.6126,5796,Real,Wrist,-17.781410,1.009396,20.866350,-0.639256,-0.335253,0.069680,0.688551
0.6126,5796,Real,Thumb_CMC,-17.772390,1.052842,20.882820,0.148989,-0.488868,0.337520,0.790500
0.6126,5796,Real,Thumb_MCP,-17.759470,1.069877,20.921180,0.293076,-0.418684,0.076088,0.856166
0.6126,5796,Real,Thumb_IP,-17.728200,1.064232,20.958520,0.472056,-0.195839,-0.395533,0.763128
0.6126,5796,Real,Thumb_FingerTip,-17.710800,1.041758,20.956390,0.472056,-0.195839,-0.395533,0.763128
0.6126,5796,Real,Index_MCP,-17.716960,1.093132,20.910590,-0.462950,-0.515986,-0.159480,0.702853
0.6126,5796,Real,Index_PIP,-17.697450,1.105006,20.951480,-0.206110,-0.661878,-0.437611,0.572654
0.6126,5796,Real,Index_DIP,-17.704180,1.099079,20.975830,0.058554,-0.690750,-0.621173,0.365486
0.6126,5796,Real,Index_FingerTip,-17.723710,1.084688,20.987460,0.058554,-0.690750,-0.621173,0.365486
0.6126,5796,Real,Middle_MCP,-17.700580,1.071146,20.909730,-0.452671,-0.562256,-0.210522,0.659271
0.6126,5796,Real,Middle_PIP,-17.685840,1.083368,20.958940,-0.097969,-0.715154,-0.520297,0.456343
0.6126,5796,Real,Middle_DIP,-17.701490,1.074089,20.979860,0.248454,-0.677727,-0.673450,0.159446
0.6126,5796,Real,Middle_FingerTip,-17.724860,1.058481,20.976500,0.248454,-0.677727,-0.673450,0.159446
0.6126,5796,Real,Ring_MCP,-17.691030,1.048515,20.910620,-0.454455,-0.582017,-0.227163,0.634921
0.6126,5796,Real,Ring_PIP,-17.680830,1.059709,20.954620,-0.059078,-0.736059,-0.539121,0.405063
0.6126,5796,Real,Ring_DIP,-17.698340,1.050494,20.972010,0.317510,-0.666678,-0.669502,0.080588
0.6126,5796,Real,Ring_FingerTip,-17.718610,1.036787,20.963810,0.317510,-0.666678,-0.669502,0.080588
0.6126,5796,Real,Pinky_MCP,-17.687420,1.026439,20.910960,-0.464573,-0.587821,-0.227642,0.621947
0.6126,5796,Real,Pinky_PIP,-17.679340,1.036795,20.948080,-0.064331,-0.746473,-0.532381,0.393967
0.6126,5796,Real,Pinky_DIP,-17.691840,1.030861,20.960120,0.318179,-0.678324,-0.658111,0.074360
0.6126,5796,Real,Pinky_FingerTip,-17.706910,1.020716,20.954040,0.318179,-0.678324,-0.658111,0.074360
0.6126,5796,Virtual,Wrist,-17.777540,1.007905,20.866210,-0.639144,-0.326914,0.068180,0.692802
0.6126,5796,Virtual,Thumb_CMC,-17.767730,1.051137,20.882810,0.149990,-0.485836,0.330016,0.795334
0.6126,5796,Virtual,Thumb_MCP,-17.754120,1.067788,20.921090,0.293089,-0.415491,0.067456,0.858438
0.6126,5796,Virtual,Thumb_IP,-17.722460,1.061525,20.958000,0.470353,-0.193139,-0.404035,0.760409
0.6126,5796,Virtual,Thumb_FingerTip,-17.705400,1.038835,20.955540,0.470353,-0.193139,-0.404035,0.760409
0.6126,5796,Virtual,Index_MCP,-17.711440,1.090538,20.910100,-0.465428,-0.508095,-0.162651,0.706230
0.6126,5796,Virtual,Index_PIP,-17.691270,1.101928,20.950800,-0.211649,-0.655735,-0.441900,0.574405
0.6126,5796,Virtual,Index_DIP,-17.697780,1.095955,20.975200,0.051109,-0.687148,-0.625806,0.365490
0.6126,5796,Virtual,Index_FingerTip,-17.717350,1.081760,20.987000,0.051109,-0.687148,-0.625806,0.365490
0.6126,5796,Virtual,Middle_MCP,-17.695370,1.068342,20.908910,-0.455891,-0.554564,-0.213592,0.662572
0.6126,5796,Virtual,Middle_PIP,-17.679860,1.080097,20.958000,-0.104695,-0.710223,-0.524629,0.457588
0.6126,5796,Virtual,Middle_DIP,-17.695370,1.070910,20.979060,0.240202,-0.676521,-0.677861,0.158517
0.6126,5796,Virtual,Middle_FingerTip,-17.718980,1.055631,20.975910,0.240202,-0.676521,-0.677861,0.158517
0.6126,5796,Virtual,Ring_MCP,-17.686110,1.045583,20.909570,-0.457976,-0.574418,-0.230113,0.638240
0.6126,5796,Virtual,Ring_PIP,-17.675210,1.056398,20.953500,-0.066201,-0.731652,-0.543412,0.406210
0.6126,5796,Virtual,Ring_DIP,-17.692630,1.047320,20.971050,0.309138,-0.666432,-0.673790,0.079432
0.6126,5796,Virtual,Ring_FingerTip,-17.713170,1.033927,20.963030,0.309138,-0.666432,-0.673790,0.079432
0.6126,5796,Virtual,Pinky_MCP,-17.682790,1.023460,20.909740,-0.468170,-0.580234,-0.230459,0.625328
0.6126,5796,Virtual,Pinky_PIP,-17.674110,1.033502,20.946810,-0.071511,-0.742119,-0.536593,0.395239
0.6126,5796,Virtual,Pinky_DIP,-17.686540,1.027668,20.958980,0.309784,-0.678151,-0.662394,0.073350
0.6126,5796,Virtual,Pinky_FingerTip,-17.701810,1.017757,20.953020,0.309784,-0.678151,-0.662394,0.073350
0.6126,5796,Render,Wrist,-17.777540,1.007905,20.866210,-0.639144,-0.326914,0.068180,0.692802
0.6126,5796,Render,Thumb_CMC,-17.767730,1.051137,20.882810,0.020234,-0.514733,0.422344,0.745833
0.6126,5796,Render,Thumb_MCP,-17.762760,1.077886,20.917270,0.058971,-0.511744,0.364931,0.775543
0.6126,5796,Render,Thumb_IP,-17.752470,1.102680,20.958300,0.127577,-0.499083,0.256791,0.817740
0.6126,5796,Render,Thumb_FingerTip,-17.741930,1.111020,20.983430,0.127577,-0.499083,0.256791,0.817740
0.6126,5796,Render,Index_MCP,-17.711440,1.090538,20.910100,-0.535274,-0.433896,-0.056715,0.722496
0.6126,5796,Render,Index_PIP,-17.682550,1.108452,20.942300,-0.397540,-0.562802,-0.250532,0.680037
0.6126,5796,Render,Index_DIP,-17.676300,1.111223,20.967340,-0.247758,-0.642962,-0.409301,0.598071
0.6126,5796,Render,Index_FingerTip,-17.680650,1.106623,20.993490,-0.247758,-0.642962,-0.409301,0.598071
0.6126,5796,Render,Middle_MCP,-17.695370,1.068342,20.908910,-0.562934,-0.445515,-0.068525,0.692768
0.6126,5796,Render,Middle_PIP,-17.664020,1.089815,20.945580,-0.417315,-0.584146,-0.257943,0.646597
0.6126,5796,Render,Middle_DIP,-17.658910,1.094084,20.972480,-0.257888,-0.669979,-0.411518,0.561494
0.6126,5796,Render,Middle_FingerTip,-17.665600,1.090785,20.999790,-0.257888,-0.669979,-0.411518,0.561494
0.6126,5796,Render,Ring_MCP,-17.686110,1.045583,20.909570,-0.580925,-0.449693,-0.072504,0.674571
0.6126,5796,Render,Ring_PIP,-17.658880,1.065344,20.941720,-0.434848,-0.592119,-0.255230,0.628618
0.6126,5796,Render,Ring_DIP,-17.654440,1.070457,20.967180,-0.274325,-0.681501,-0.403229,0.545628
0.6126,5796,Render,Ring_FingerTip,-17.661000,1.068751,20.992070,-0.274325,-0.681501,-0.403229,0.545628
0.6126,5796,Render,Pinky_MCP,-17.682790,1.023460,20.909740,-0.572898,-0.477119,-0.103312,0.658387
0.6126,5796,Render,Pinky_PIP,-17.662190,1.039628,20.939140,-0.382320,-0.640067,-0.315742,0.586901
0.6126,5796,Render,Pinky_DIP,-17.662530,1.041807,20.957350,-0.173098,-0.725184,-0.477007,0.465414
0.6126,5796,Render,Pinky_FingerTip,-17.672240,1.038110,20.973450,-0.173098,-0.725184,-0.477007,0.465414
0.6263,5797,Real,Wrist,-17.784620,1.010787,20.866660,-0.637958,-0.343426,0.073681,0.685302
0.6263,5797,Real,Thumb_CMC,-17.776490,1.054446,20.883040,0.147919,-0.490347,0.349467,0.784572
0.6263,5797,Real,Thumb_MCP,-17.764420,1.072155,20.921360,0.291920,-0.420836,0.090495,0.854102
0.6263,5797,Real,Thumb_IP,-17.733560,1.067687,20.959200,0.471729,-0.199479,-0.380306,0.770096
0.6263,5797,Real,Thumb_FingerTip,-17.715570,1.045630,20.957730,0.471729,-0.199479,-0.380306,0.770096
0.6263,5797,Real,Index_MCP,-17.722000,1.095795,20.911100,-0.462406,-0.520297,-0.149954,0.702130
0.6263,5797,Real,Index_PIP,-17.702630,1.108466,20.951810,-0.203821,-0.665571,-0.428649,0.575962
0.6263,5797,Real,Index_DIP,-17.709210,1.102692,20.976240,0.062066,-0.693308,-0.614119,0.371928
0.6263,5797,Real,Index_FingerTip,-17.728460,1.088089,20.988070,0.062066,-0.693308,-0.614119,0.371928
0.6263,5797,Real,Middle_MCP,-17.705240,1.074092,20.910450,-0.449814,-0.567978,-0.203716,0.658459
0.6263,5797,Real,Middle_PIP,-17.690880,1.086907,20.959620,-0.090729,-0.718819,-0.515222,0.457837
0.6263,5797,Real,Middle_DIP,-17.706530,1.077446,20.980460,0.258130,-0.676979,-0.670041,0.161598
0.6263,5797,Real,Middle_FingerTip,-17.729570,1.061427,20.976860,0.258130,-0.676979,-0.670041,0.161598
0.6263,5797,Real,Ring_MCP,-17.695300,1.051633,20.911510,-0.452051,-0.587157,-0.219864,0.634474
0.6263,5797,Real,Ring_PIP,-17.685350,1.063354,20.955440,-0.054665,-0.738996,-0.532548,0.409011
0.6263,5797,Real,Ring_DIP,-17.702720,1.054006,20.972890,0.322457,-0.667176,-0.665745,0.087640
0.6263,5797,Real,Ring_FingerTip,-17.722760,1.039894,20.964830,0.322457,-0.667176,-0.665745,0.087640
0.6263,5797,Real,Pinky_MCP,-17.691320,1.029625,20.911970,-0.462114,-0.592956,-0.220537,0.621464
0.6263,5797,Real,Pinky_PIP,-17.683460,1.040409,20.949010,-0.059881,-0.749374,-0.525955,0.397775
0.6263,5797,Real,Pinky_DIP,-17.695870,1.034380,20.961100,0.323134,-0.678771,-0.654415,0.081211
0.6263,5797,Real,Pinky_FingerTip,-17.710770,1.023939,20.955110,0.323134,-0.678771,-0.654415,0.081211
0.6263,5797,Virtual,Wrist,-17.781410,1.009396,20.866350,-0.639256,-0.335253,0.069680,0.688551
0.6263,5797,Virtual,Thumb_CMC,-17.772390,1.052843,20.882830,0.146631,-0.489093,0.341110,0.789260
0.6263,5797,Virtual,Thumb_MCP,-17.759710,1.070188,20.921120,0.290308,-0.420040,0.081100,0.855985
0.6263,5797,Virtual,Thumb_IP,-17.728630,1.065038,20.958690,0.469941,-0.199670,-0.389251,0.766662
0.6263,5797,Virtual,Thumb_FingerTip,-17.711030,1.042680,20.956990,0.469941,-0.199670,-0.389251,0.766662
0.6263,5797,Virtual,Index_MCP,-17.716970,1.093132,20.910600,-0.466117,-0.513127,-0.155150,0.703822
0.6263,5797,Virtual,Index_PIP,-17.697060,1.105306,20.951200,-0.210181,-0.660597,-0.434078,0.575337
0.6263,5797,Virtual,Index_DIP,-17.703540,1.099549,20.975660,0.054301,-0.691097,-0.618912,0.369303
0.6263,5797,Virtual,Index_FingerTip,-17.722940,1.085233,20.987590,0.054301,-0.691097,-0.618912,0.369303
0.6263,5797,Virtual,Middle_MCP,-17.700590,1.071146,20.909730,-0.454242,-0.560988,-0.208676,0.659858
0.6263,5797,Virtual,Middle_PIP,-17.685620,1.083516,20.958840,-0.098137,-0.715131,-0.520190,0.456465
0.6263,5797,Virtual,Middle_DIP,-17.701260,1.074243,20.979760,0.249858,-0.677210,-0.673779,0.158050
0.6263,5797,Virtual,Middle_FingerTip,-17.724610,1.058639,20.976290,0.249858,-0.677210,-0.673779,0.158050
0.6263,5797,Virtual,Ring_MCP,-17.691040,1.048516,20.910630,-0.456757,-0.580212,-0.224645,0.635816
0.6263,5797,Virtual,Ring_PIP,-17.680530,1.059888,20.954510,-0.062415,-0.735783,-0.537279,0.407503
0.6263,5797,Virtual,Ring_DIP,-17.697920,1.050771,20.972080,0.314140,-0.668273,-0.669087,0.083967
0.6263,5797,Virtual,Ring_FingerTip,-17.718260,1.037040,20.964130,0.314140,-0.668273,-0.669087,0.083967
0.6263,5797,Virtual,Pinky_MCP,-17.687430,1.026440,20.910970,-0.466898,-0.585975,-0.225176,0.622845
0.6263,5797,Virtual,Pinky_PIP,-17.679090,1.036940,20.947990,-0.067715,-0.746174,-0.530589,0.396377
0.6263,5797,Virtual,Pinky_DIP,-17.691500,1.031077,20.960160,0.314750,-0.679922,-0.657727,0.077682
0.6263,5797,Virtual,Pinky_FingerTip,-17.706630,1.020919,20.954250,0.314750,-0.679922,-0.657727,0.077682
0.6263,5797,Render,Wrist,-17.781410,1.009396,20.866350,-0.639256,-0.335253,0.069680,0.688551
0.6263,5797,Render,Thumb_CMC,-17.772390,1.052843,20.882830,0.018990,-0.518064,0.428788,0.739858
0.6263,5797,Render,Thumb_MCP,-17.768200,1.079839,20.917210,0.057982,-0.515160,0.371807,0.770071
0.6263,5797,Render,Thumb_IP,-17.758750,1.104987,20.958220,0.127059,-0.502601,0.264344,0.813247
0.6263,5797,Render,Thumb_FingerTip,-17.748630,1.113600,20.983430,0.127059,-0.502601,0.264344,0.813247
0.6263,5797,Render,Index_MCP,-17.716970,1.093132,20.910600,-0.533987,-0.442066,-0.054076,0.718688
0.6263,5797,Render,Index_PIP,-17.688720,1.111601,20.943060,-0.394085,-0.570317,-0.246959,0.677088
0.6263,5797,Render,Index_DIP,-17.682820,1.114588,20.968160,-0.242569,-0.649403,-0.405115,0.596086
0.6263,5797,Render,Index_FingerTip,-17.687430,1.110071,20.994270,-0.242569,-0.649403,-0.405115,0.596086
0.6263,5797,Render,Middle_MCP,-17.700590,1.071146,20.909730,-0.561414,-0.453715,-0.066223,0.688892
0.6263,5797,Render,Middle_PIP,-17.669990,1.093230,20.946670,-0.413581,-0.591603,-0.254657,0.643512
0.6263,5797,Render,Middle_DIP,-17.665270,1.097709,20.973620,-0.252408,-0.676264,-0.407564,0.559330
0.6263,5797,Render,Middle_FingerTip,-17.672260,1.094468,21.000840,-0.252408,-0.676264,-0.407564,0.559330
0.6263,5797,Render,Ring_MCP,-17.691040,1.048516,20.910630,-0.579303,-0.457909,-0.070423,0.670648
0.6263,5797,Render,Ring_PIP,-17.664480,1.068809,20.943000,-0.431029,-0.599572,-0.252150,0.625418
0.6263,5797,Render,Ring_DIP,-17.660430,1.074116,20.968490,-0.268775,-0.687774,-0.399451,0.543293
0.6263,5797,Render,Ring_FingerTip,-17.667270,1.072457,20.993310,-0.268775,-0.687774,-0.399451,0.543293
0.6263,5797,Render,Pinky_MCP,-17.687430,1.026440,20.910970,-0.570859,-0.485264,-0.101212,0.654519
0.6263,5797,Render,Pinky_PIP,-17.667410,1.043037,20.940530,-0.377696,-0.647076,-0.312479,0.583949
0.6263,5797,Render,Pinky_DIP,-17.668010,1.045309,20.958720,-0.166587,-0.730486,-0.473009,0.463575
0.6263,5797,Render,Pinky_FingerTip,-17.677870,1.041570,20.974710,-0.166587,-0.730486,-0.473009,0.463575
0.6405,5798,Real,Wrist,-17.788170,1.012404,20.866760,-0.637459,-0.351424,0.077112,0.681323
0.6405,5798,Real,Thumb_CMC,-17.780880,1.056275,20.882960,0.144168,-0.492164,0.363397,0.777774
0.6405,5798,Real,Thumb_MCP,-17.769840,1.074866,20.921180,0.287710,-0.424538,0.108258,0.851628
0.6405,5798,Real,Thumb_IP,-17.739630,1.071929,20.959690,0.469100,-0.207257,-0.360000,0.779353
0.6405,5798,Real,Thumb_FingerTip,-17.720970,1.050396,20.959260,0.469100,-0.207257,-0.360000,0.779353
0.6405,5798,Real,Index_MCP,-17.727320,1.098637,20.911290,-0.463799,-0.523846,-0.139386,0.700748
0.6405,5798,Real,Index_PIP,-17.708010,1.112244,20.951720,-0.204087,-0.669233,-0.418053,0.579403
0.6405,5798,Real,Index_DIP,-17.714370,1.106760,20.976280,0.062754,-0.696840,-0.605358,0.379496
0.6405,5798,Real,Index_FingerTip,-17.733320,1.092048,20.988460,0.062754,-0.696840,-0.605358,0.379496
0.6405,5798,Real,Middle_MCP,-17.710210,1.077200,20.910920,-0.449091,-0.572862,-0.195669,0.657162
0.6405,5798,Real,Middle_PIP,-17.696100,1.090790,20.959950,-0.087013,-0.722691,-0.508029,0.460494
0.6405,5798,Real,Middle_DIP,-17.711650,1.081306,20.980860,0.263711,-0.678461,-0.665061,0.166856
0.6405,5798,Real,Middle_FingerTip,-17.734430,1.064899,20.977330,0.263711,-0.678461,-0.665061,0.166856
0.6405,5798,Real,Ring_MCP,-17.699930,1.054908,20.912200,-0.452970,-0.590575,-0.210114,0.633950
0.6405,5798,Real,Ring_PIP,-17.689960,1.067409,20.955900,-0.057696,-0.742046,-0.521797,0.416854
0.6405,5798,Real,Ring_DIP,-17.706970,1.058204,20.973780,0.317983,-0.672939,-0.659852,0.103127
0.6405,5798,Real,Ring_FingerTip,-17.727010,1.043651,20.966540,0.317983,-0.672939,-0.659852,0.103127
0.6405,5798,Real,Pinky_MCP,-17.695600,1.032968,20.912820,-0.462995,-0.596314,-0.211026,0.620898
0.6405,5798,Real,Pinky_PIP,-17.687740,1.044391,20.949660,-0.062970,-0.752322,-0.515446,0.405416
0.6405,5798,Real,Pinky_DIP,-17.699910,1.038462,20.962040,0.318501,-0.684479,-0.648663,0.096345
0.6405,5798,Real,Pinky_FingerTip,-17.714820,1.027714,20.956660,0.318501,-0.684479,-0.648663,0.096345
0.6405,5798,Virtual,Wrist,-17.784630,1.010786,20.866670,-0.637958,-0.343426,0.073681,0.685303
0.6405,5798,Virtual,Thumb_CMC,-17.776490,1.054445,20.883040,0.144111,-0.490700,0.355184,0.782490
0.6405,5798,Virtual,Thumb_MCP,-17.764810,1.072643,20.921260,0.287208,-0.423162,0.098997,0.853607
0.6405,5798,Virtual,Thumb_IP,-17.734300,1.069011,20.959470,0.467944,-0.206357,-0.368900,0.776118
0.6405,5798,Virtual,Thumb_FingerTip,-17.715980,1.047188,20.958760,0.467944,-0.206357,-0.368900,0.776118
0.6405,5798,Virtual,Index_MCP,-17.722000,1.095794,20.911100,-0.466618,-0.516522,-0.144244,0.703325
0.6405,5798,Virtual,Index_PIP,-17.702110,1.108865,20.951430,-0.209695,-0.663744,-0.423543,0.579728
0.6405,5798,Virtual,Index_DIP,-17.708340,1.103344,20.976020,0.055492,-0.693865,-0.610567,0.377732
0.6405,5798,Virtual,Index_FingerTip,-17.727400,1.088864,20.988290,0.055492,-0.693865,-0.610567,0.377732
0.6405,5798,Virtual,Middle_MCP,-17.705240,1.074091,20.910460,-0.452680,-0.565696,-0.200384,0.659481
0.6405,5798,Virtual,Middle_PIP,-17.690470,1.087179,20.959440,-0.093797,-0.718425,-0.513263,0.460033
0.6405,5798,Virtual,Middle_DIP,-17.705970,1.077825,20.980430,0.255717,-0.677894,-0.669461,0.163984
0.6405,5798,Virtual,Middle_FingerTip,-17.729050,1.061800,20.977030,0.255717,-0.677894,-0.669461,0.163984
0.6405,5798,Virtual,Ring_MCP,-17.695300,1.051633,20.911520,-0.456831,-0.583445,-0.214676,0.636249
0.6405,5798,Virtual,Ring_PIP,-17.684740,1.063727,20.955190,-0.064820,-0.738174,-0.526875,0.416294
0.6405,5798,Virtual,Ring_DIP,-17.701730,1.054692,20.973180,0.309877,-0.673112,-0.663983,0.100122
0.6405,5798,Virtual,Ring_FingerTip,-17.722060,1.040499,20.966050,0.309877,-0.673112,-0.663983,0.100122
0.6405,5798,Virtual,Pinky_MCP,-17.691320,1.029624,20.911970,-0.466941,-0.589162,-0.215454,0.623245
0.6405,5798,Virtual,Pinky_PIP,-17.682940,1.040713,20.948810,-0.070178,-0.748479,-0.520437,0.404969
0.6405,5798,Virtual,Pinky_DIP,-17.695080,1.034907,20.961270,0.310336,-0.684717,-0.652775,0.093481
0.6405,5798,Virtual,Pinky_FingerTip,-17.710220,1.024427,20.955970,0.310336,-0.684717,-0.652775,0.093481
0.6405,5798,Render,Wrist,-17.784630,1.010786,20.866670,-0.637958,-0.343426,0.073681,0.685303
0.6405,5798,Render,Thumb_CMC,-17.776490,1.054445,20.883040,0.020276,-0.520047,0.436251,0.734047
0.6405,5798,Render,Thumb_MCP,-17.773040,1.081642,20.917350,0.059413,-0.517040,0.379686,0.764839
0.6405,5798,Render,Thumb_IP,-17.764370,1.107106,20.958330,0.128731,-0.504270,0.272858,0.809128
0.6405,5798,Render,Thumb_FingerTip,-17.754600,1.115990,20.983590,0.128731,-0.504270,0.272858,0.809128
0.6405,5798,Render,Index_MCP,-17.722000,1.095794,20.911100,-0.531326,-0.449689,-0.049172,0.716279
0.6405,5798,Render,Index_PIP,-17.694340,1.114873,20.943720,-0.389457,-0.576932,-0.241585,0.676099
0.6405,5798,Render,Index_DIP,-17.688690,1.118058,20.968850,-0.236463,-0.654685,-0.399662,0.596442
0.6405,5798,Render,Index_FingerTip,-17.693450,1.113562,20.994940,-0.236463,-0.654685,-0.399662,0.596442
0.6405,5798,Render,Middle_MCP,-17.705240,1.074091,20.910460,-0.558544,-0.461476,-0.061664,0.686488
0.6405,5798,Render,Middle_PIP,-17.675330,1.096842,20.947550,-0.408671,-0.598264,-0.249610,0.642467
0.6405,5798,Render,Middle_DIP,-17.670900,1.101506,20.974520,-0.245987,-0.681485,-0.402416,0.559580
0.6405,5798,Render,Middle_FingerTip,-17.678050,1.098249,21.001700,-0.245987,-0.681485,-0.402416,0.559580
0.6405,5798,Render,Ring_MCP,-17.695300,1.051633,20.911520,-0.576343,-0.465759,-0.066086,0.668229
0.6405,5798,Render,Ring_PIP,-17.669360,1.072506,20.944030,-0.426024,-0.606306,-0.247316,0.624286
0.6405,5798,Render,Ring_DIP,-17.665610,1.077981,20.969520,-0.262257,-0.693054,-0.394486,0.543395
0.6405,5798,Render,Ring_FingerTip,-17.672630,1.076298,20.994300,-0.262257,-0.693054,-0.394486,0.543395
0.6405,5798,Render,Pinky_MCP,-17.691320,1.029624,20.911970,-0.567506,-0.493035,-0.096925,0.652273
0.6405,5798,Render,Pinky_PIP,-17.671830,1.046678,20.941630,-0.371957,-0.653295,-0.307690,0.583251
0.6405,5798,Render,Pinky_DIP,-17.672620,1.049009,20.959810,-0.159249,-0.734701,-0.468231,0.464343
0.6405,5798,Render,Pinky_FingerTip,-17.682540,1.045162,20.975740,-0.159249,-0.734701,-0.468231,0.464343
0.6542,5799,Real,Wrist,-17.791230,1.013990,20.866880,-0.634578,-0.358048,0.083330,0.679830
0.6542,5799,Real,Thumb_CMC,-17.784810,1.058015,20.883040,0.143591,-0.491602,0.377850,0.771323
0.6542,5799,Real,Thumb_MCP,-17.774660,1.077411,20.921100,0.285128,-0.425432,0.127711,0.849353
0.6542,5799,Real,Thumb_IP,-17.744980,1.076153,20.960110,0.465720,-0.213062,-0.336083,0.790417
0.6542,5799,Real,Thumb_FingerTip,-17.725500,1.055355,20.960780,0.465720,-0.213062,-0.336083,0.790417
0.6542,5799,Real,Index_MCP,-17.732110,1.101433,20.911400,-0.463385,-0.525210,-0.127008,0.702352
0.6542,5799,Real,Index_PIP,-17.712630,1.115872,20.951460,-0.205767,-0.669500,-0.405163,0.587599
0.6542,5799,Real,Index_DIP,-17.718460,1.110665,20.976210,0.058838,-0.697932,-0.595115,0.394041
0.6542,5799,Real,Index_FingerTip,-17.736830,1.095839,20.989120,0.058838,-0.697932,-0.595115,0.394041
0.6542,5799,Real,Middle_MCP,-17.714600,1.080327,20.911080,-0.447152,-0.575277,-0.185588,0.659295
0.6542,5799,Real,Middle_PIP,-17.700380,1.094572,20.959900,-0.085992,-0.723529,-0.499291,0.468850
0.6542,5799,Real,Middle_DIP,-17.715500,1.085043,20.981090,0.263410,-0.679340,-0.660870,0.179897
0.6542,5799,Real,Middle_FingerTip,-17.738040,1.068186,20.978150,0.263410,-0.679340,-0.660870,0.179897
0.6542,5799,Real,Ring_MCP,-17.703900,1.058238,20.912410,-0.453622,-0.590942,-0.197488,0.637192
0.6542,5799,Real,Ring_PIP,-17.693490,1.071476,20.955790,-0.065857,-0.742057,-0.508464,0.431833
0.6542,5799,Real,Ring_DIP,-17.709780,1.062482,20.974440,0.304475,-0.679912,-0.654512,0.128953
0.6542,5799,Real,Ring_FingerTip,-17.729940,1.047444,20.968680,0.304475,-0.679912,-0.654512,0.128953
0.6542,5799,Real,Pinky_MCP,-17.699150,1.036386,20.913070,-0.463641,-0.596664,-0.198664,0.624149
0.6542,5799,Real,Pinky_PIP,-17.690920,1.048406,20.949640,-0.071243,-0.752260,-0.502460,0.420195
0.6542,5799,Real,Pinky_DIP,-17.702600,1.042626,20.962550,0.304749,-0.691446,-0.643595,0.121721
0.6542,5799,Real,Pinky_FingerTip,-17.717630,1.031550,20.958260,0.304749,-0.691446,-0.643595,0.121721
0.6542,5799,Virtual,Wrist,-17.788180,1.012404,20.866760,-0.637459,-0.351424,0.077113,0.681323
0.6542,5799,Virtual,Thumb_CMC,-17.780890,1.056276,20.882960,0.139705,-0.492548,0.369990,0.775233
0.6542,5799,Virtual,Thumb_MCP,-17.770310,1.075423,20.921040,0.281709,-0.427506,0.119038,0.850711
0.6542,5799,Virtual,Thumb_IP,-17.740580,1.073543,20.959990,0.463894,-0.216619,-0.344182,0.787031
0.6542,5799,Virtual,Thumb_FingerTip,-17.721510,1.052376,20.960610,0.463894,-0.216619,-0.344182,0.787031
0.6542,5799,Virtual,Index_MCP,-17.727320,1.098638,20.911290,-0.468040,-0.520060,-0.133688,0.701857
0.6542,5799,Virtual,Index_PIP,-17.707500,1.112647,20.951340,-0.212130,-0.666727,-0.411046,0.584395
0.6542,5799,Virtual,Index_DIP,-17.713390,1.107519,20.976090,0.051899,-0.697732,-0.599378,0.388873
0.6542,5799,Virtual,Index_FingerTip,-17.732010,1.093031,20.989010,0.051899,-0.697732,-0.599378,0.388873
0.6542,5799,Virtual,Middle_MCP,-17.710210,1.077200,20.910920,-0.452366,-0.570279,-0.191900,0.658272
0.6542,5799,Virtual,Middle_PIP,-17.695640,1.091104,20.959730,-0.093039,-0.721939,-0.504169,0.464716
0.6542,5799,Virtual,Middle_DIP,-17.710910,1.081839,20.980930,0.256442,-0.681242,-0.663239,0.173958
0.6542,5799,Virtual,Middle_FingerTip,-17.733770,1.065421,20.978020,0.256442,-0.681242,-0.663239,0.173958
0.6542,5799,Virtual,Ring_MCP,-17.699930,1.054909,20.912200,-0.459011,-0.585892,-0.203593,0.636074
0.6542,5799,Virtual,Ring_PIP,-17.689200,1.067886,20.955580,-0.073114,-0.740686,-0.513016,0.427615
0.6542,5799,Virtual,Ring_DIP,-17.705640,1.059181,20.974250,0.297471,-0.682255,-0.656429,0.123050
0.6542,5799,Virtual,Ring_FingerTip,-17.726080,1.044540,20.968500,0.297471,-0.682255,-0.656429,0.123050
0.6542,5799,Virtual,Pinky_MCP,-17.695610,1.032969,20.912820,-0.469094,-0.591528,-0.204639,0.623032
0.6542,5799,Virtual,Pinky_PIP,-17.687080,1.044779,20.949400,-0.078601,-0.750850,-0.506904,0.416047
0.6542,5799,Virtual,Pinky_DIP,-17.698850,1.039207,20.962320,0.297639,-0.693805,-0.645450,0.115933
0.6542,5799,Virtual,Pinky_FingerTip,-17.714100,1.028427,20.958040,0.297639,-0.693805,-0.645450,0.115933
0.6542,5799,Render,Wrist,-17.788180,1.012404,20.866760,-0.637459,-0.351424,0.077113,0.681323
0.6542,5799,Render,Thumb_CMC,-17.780890,1.056276,20.882960,0.020331,-0.522041,0.443586,0.728212
0.6542,5799,Render,Thumb_MCP,-17.778190,1.083712,20.917140,0.059619,-0.519024,0.387440,0.759573
0.6542,5799,Render,Thumb_IP,-17.770300,1.109536,20.958070,0.129203,-0.506208,0.281252,0.804958
0.6542,5799,Render,Thumb_FingerTip,-17.760910,1.118713,20.983360,0.129203,-0.506208,0.281252,0.804958
0.6542,5799,Render,Index_MCP,-17.727320,1.098638,20.911290,-0.529509,-0.457323,-0.044701,0.713076
0.6542,5799,Render,Index_PIP,-17.700270,1.118332,20.944050,-0.385638,-0.583788,-0.236413,0.674229
0.6542,5799,Render,Index_DIP,-17.694910,1.121744,20.969210,-0.231083,-0.660398,-0.394190,0.595894
0.6542,5799,Render,Index_FingerTip,-17.699830,1.117317,20.995290,-0.231083,-0.660398,-0.394190,0.595894
0.6542,5799,Render,Middle_MCP,-17.710210,1.077200,20.910920,-0.556491,-0.469223,-0.057521,0.683256
0.6542,5799,Render,Middle_PIP,-17.681010,1.100627,20.948160,-0.404551,-0.605138,-0.244734,0.640510
0.6542,5799,Render,Middle_DIP,-17.676910,1.105508,20.975130,-0.240278,-0.687109,-0.397205,0.558906
0.6542,5799,Render,Middle_FingerTip,-17.684260,1.102288,21.002270,-0.240278,-0.687109,-0.397205,0.558906
0.6542,5799,Render,Ring_MCP,-17.699930,1.054909,20.912200,-0.574185,-0.473574,-0.062158,0.664963
0.6542,5799,Render,Ring_PIP,-17.674630,1.076370,20.944830,-0.421799,-0.613226,-0.242641,0.622226
0.6542,5799,Render,Ring_DIP,-17.671200,1.082043,20.970330,-0.256447,-0.698710,-0.389447,0.542560
0.6542,5799,Render,Ring_FingerTip,-17.678420,1.080386,20.995040,-0.256447,-0.698710,-0.389447,0.542560
0.6542,5799,Render,Pinky_MCP,-17.695610,1.032969,20.912820,-0.564945,-0.500791,-0.093005,0.649150
0.6542,5799,Render,Pinky_PIP,-17.676660,1.050493,20.942550,-0.366969,-0.659764,-0.302956,0.581605
0.6542,5799,Render,Pinky_DIP,-17.677660,1.052911,20.960710,-0.152553,-0.739379,-0.463222,0.464189
0.6542,5799,Render,Pinky_FingerTip,-17.687670,1.048994,20.976570,-0.152553,-0.739379,-0.463222,0.464189
0.6723,5800,Real,Wrist,-17.794220,1.015490,20.866850,-0.630246,-0.365014,0.090755,0.679204
0.6723,5800,Real,Thumb_CMC,-17.788770,1.059631,20.883050,0.139205,-0.490568,0.400092,0.761506
0.6723,5800,Real,Thumb_MCP,-17.780050,1.080390,20.920740,0.275923,-0.428837,0.161206,0.844972
0.6723,5800,Real,Thumb_IP,-17.751600,1.082144,20.960640,0.455189,-0.229864,-0.289232,0.810130
0.6723,5800,Real,Thumb_FingerTip,-17.730880,1.062825,20.963750,0.455189,-0.229864,-0.289232,0.810130
0.6723,5800,Real,Index_MCP,-17.737040,1.104178,20.911430,-0.466423,-0.522095,-0.107094,0.705973
0.6723,5800,Real,Index_PIP,-17.716820,1.119904,20.950630,-0.220256,-0.664546,-0.379078,0.605117
0.6723,5800,Real,Index_DIP,-17.721250,1.115595,20.975840,0.033691,-0.699285,-0.571469,0.428124
0.6723,5800,Real,Index_FingerTip,-17.738230,1.101164,20.990910,0.033691,-0.699285,-0.571469,0.428124
0.6723,5800,Real,Middle_MCP,-17.719060,1.083465,20.911090,-0.450583,-0.572206,-0.166852,0.664617
0.6723,5800,Real,Middle_PIP,-17.703780,1.098983,20.959200,-0.104045,-0.720847,-0.476854,0.492103
0.6723,5800,Real,Middle_DIP,-17.717470,1.090132,20.981610,0.234612,-0.689494,-0.648309,0.221925
0.6723,5800,Real,Middle_FingerTip,-17.739870,1.072833,20.981670,0.234612,-0.689494,-0.648309,0.221925
0.6723,5800,Real,Ring_MCP,-17.707870,1.061618,20.912400,-0.461331,-0.584563,-0.174816,0.644127
0.6723,5800,Real,Ring_PIP,-17.695990,1.076237,20.954950,-0.098158,-0.738177,-0.479217,0.464555
0.6723,5800,Real,Ring_DIP,-17.710450,1.068325,20.975500,0.255436,-0.699495,-0.640026,0.189278
0.6723,5800,Real,Ring_FingerTip,-17.731040,1.052854,20.973890,0.255436,-0.699495,-0.640026,0.189278
0.6723,5800,Real,Pinky_MCP,-17.702640,1.039876,20.913030,-0.471433,-0.590149,-0.176459,0.631140
0.6723,5800,Real,Pinky_PIP,-17.693150,1.053014,20.948920,-0.103991,-0.748138,-0.473998,0.452550
0.6723,5800,Real,Pinky_DIP,-17.703590,1.047998,20.963140,0.254889,-0.711025,-0.629834,0.181063
0.6723,5800,Real,Pinky_FingerTip,-17.719000,1.036684,20.961930,0.254889,-0.711025,-0.629834,0.181063
0.6723,5800,Virtual,Wrist,-17.791230,1.013991,20.866890,-0.634578,-0.358048,0.083330,0.679830
0.6723,5800,Virtual,Thumb_CMC,-17.784810,1.058016,20.883040,0.133362,-0.491976,0.391884,0.765899
0.6723,5800,Virtual,Thumb_MCP,-17.775650,1.078613,20.920720,0.270742,-0.431885,0.152075,0.846787
0.6723,5800,Virtual,Thumb_IP,-17.747180,1.079774,20.960620,0.452268,-0.235117,-0.298024,0.807066
0.6723,5800,Virtual,Thumb_FingerTip,-17.726890,1.060004,20.963750,0.452268,-0.235117,-0.298024,0.807066
0.6723,5800,Virtual,Index_MCP,-17.732120,1.101433,20.911400,-0.472495,-0.517029,-0.114711,0.704465
0.6723,5800,Virtual,Index_PIP,-17.711560,1.116745,20.950590,-0.227842,-0.662313,-0.385466,0.600704
0.6723,5800,Virtual,Index_DIP,-17.716090,1.112558,20.975800,0.025810,-0.699932,-0.575841,0.421708
0.6723,5800,Virtual,Index_FingerTip,-17.733390,1.098521,20.990880,0.025810,-0.699932,-0.575841,0.421708
0.6723,5800,Virtual,Middle_MCP,-17.714600,1.080328,20.911090,-0.457185,-0.567336,-0.173982,0.662452
0.6723,5800,Virtual,Middle_PIP,-17.698990,1.095549,20.959180,-0.112197,-0.719931,-0.481945,0.486664
0.6723,5800,Virtual,Middle_DIP,-17.712880,1.087024,20.981600,0.226933,-0.692380,-0.650375,0.214766
0.6723,5800,Virtual,Middle_FingerTip,-17.735650,1.070225,20.981660,0.226933,-0.692380,-0.650375,0.214766
0.6723,5800,Virtual,Ring_MCP,-17.703900,1.058239,20.912420,-0.468058,-0.579575,-0.181713,0.641869
0.6723,5800,Virtual,Ring_PIP,-17.691700,1.072631,20.954960,-0.106489,-0.737323,-0.483994,0.459091
0.6723,5800,Virtual,Ring_DIP,-17.706340,1.065061,20.975510,0.247660,-0.702602,-0.641724,0.182222
0.6723,5800,Virtual,Ring_FingerTip,-17.727260,1.050048,20.973910,0.247660,-0.702602,-0.641724,0.182222
0.6723,5800,Virtual,Pinky_MCP,-17.699160,1.036387,20.913070,-0.478215,-0.585048,-0.183211,0.628859
0.6723,5800,Virtual,Pinky_PIP,-17.689380,1.049345,20.948940,-0.112427,-0.747215,-0.478639,0.447141
0.6723,5800,Virtual,Pinky_DIP,-17.699930,1.044575,20.963170,0.246987,-0.714120,-0.631437,0.174119
0.6723,5800,Virtual,Pinky_FingerTip,-17.715580,1.033604,20.961960,0.246987,-0.714120,-0.631437,0.174119
0.6723,5800,Render,Wrist,-17.791230,1.013991,20.866890,-0.634578,-0.358048,0.083330,0.679830
0.6723,5800,Render,Thumb_CMC,-17.784810,1.058016,20.883040,0.024473,-0.522148,0.450910,0.723494
0.6723,5800,Render,Thumb_MCP,-17.782700,1.085543,20.917190,0.063757,-0.518818,0.395099,0.755420
0.6723,5800,Render,Thumb_IP,-17.775370,1.111568,20.958090,0.133276,-0.505445,0.289402,0.801879
0.6723,5800,Render,Thumb_FingerTip,-17.766210,1.120955,20.983390,0.133276,-0.505445,0.289402,0.801879
0.6723,5800,Render,Index_MCP,-17.732120,1.101433,20.911400,-0.525536,-0.463015,-0.038011,0.712731
0.6723,5800,Render,Index_PIP,-17.705510,1.121686,20.944180,-0.380269,-0.588189,-0.229880,0.675710
0.6723,5800,Render,Index_DIP,-17.700250,1.125233,20.969350,-0.224801,-0.663352,-0.388218,0.598929
0.6723,5800,Render,Index_FingerTip,-17.705140,1.120747,20.995420,-0.224801,-0.663352,-0.388218,0.598929
0.6723,5800,Render,Middle_MCP,-17.714600,1.080328,20.911090,-0.552372,-0.475156,-0.051131,0.683007
0.6723,5800,Render,Middle_PIP,-17.685920,1.104358,20.948340,-0.398947,-0.609696,-0.238526,0.642042
0.6723,5800,Render,Middle_DIP,-17.681960,1.109353,20.975320,-0.233713,-0.690121,-0.391578,0.561942
0.6723,5800,Render,Middle_FingerTip,-17.689300,1.106028,21.002450,-0.233713,-0.690121,-0.391578,0.561942
0.6723,5800,Render,Ring_MCP,-17.703900,1.058239,20.912420,-0.570006,-0.479665,-0.055956,0.664744
0.6723,5800,Render,Ring_PIP,-17.679070,1.080224,20.945060,-0.416107,-0.617932,-0.236617,0.623721
0.6723,5800,Render,Ring_DIP,-17.675790,1.085995,20.970550,-0.249765,-0.701857,-0.383983,0.545502
0.6723,5800,Render,Ring_FingerTip,-17.683020,1.084232,20.995260,-0.249765,-0.701857,-0.383983,0.545502
0.6723,5800,Render,Pinky_MCP,-17.699160,1.036387,20.913070,-0.560469,-0.506798,-0.086927,0.649210
0.6723,5800,Render,Pinky_PIP,-17.680600,1.054310,20.942810,-0.360755,-0.663948,-0.297242,0.583676
0.6723,5800,Render,Pinky_DIP,-17.681670,1.056732,20.960970,-0.145372,-0.741510,-0.458390,0.467877
0.6723,5800,Render,Pinky_FingerTip,-17.691630,1.052645,20.976810,-0.145372,-0.741510,-0.458390,0.467877
0.6836,5801,Real,Wrist,-17.797090,1.016987,20.866930,-0.626589,-0.371458,0.097844,0.678109
0.6836,5801,Real,Thumb_CMC,-17.792560,1.061237,20.883110,0.144106,-0.489005,0.408022,0.757381
0.6836,5801,Real,Thumb_MCP,-17.784270,1.082188,20.920800,0.280156,-0.425916,0.169993,0.843333
0.6836,5801,Real,Thumb_IP,-17.755860,1.084545,20.960690,0.457359,-0.225200,-0.280826,0.813170
0.6836,5801,Real,Thumb_FingerTip,-17.734750,1.065658,20.963810,0.457359,-0.225200,-0.280826,0.813170
0.6836,5801,Real,Index_MCP,-17.741760,1.106853,20.911480,-0.461165,-0.526883,-0.099690,0.706954
0.6836,5801,Real,Index_PIP,-17.721860,1.123010,20.950670,-0.213528,-0.666847,-0.372675,0.608962
0.6836,5801,Real,Index_DIP,-17.726200,1.118620,20.975880,0.040796,-0.699010,-0.566879,0.434017
0.6836,5801,Real,Index_FingerTip,-17.742880,1.103849,20.990960,0.040796,-0.699010,-0.566879,0.434017
0.6836,5801,Real,Middle_MCP,-17.723350,1.086516,20.911150,-0.444803,-0.576841,-0.159861,0.666221
0.6836,5801,Real,Middle_PIP,-17.708390,1.102366,20.959240,-0.096721,-0.721970,-0.471601,0.496989
0.6836,5801,Real,Middle_DIP,-17.721900,1.093244,20.981660,0.241647,-0.687169,-0.645847,0.228662
0.6836,5801,Real,Middle_FingerTip,-17.743930,1.075487,20.981720,0.241647,-0.687169,-0.645847,0.228662
0.6836,5801,Real,Ring_MCP,-17.711720,1.064904,20.912460,-0.455418,-0.589311,-0.168032,0.645812
0.6836,5801,Real,Ring_PIP,-17.700130,1.079783,20.955000,-0.090650,-0.739240,-0.474245,0.469468
0.6836,5801,Real,Ring_DIP,-17.714430,1.071584,20.975550,0.262581,-0.696953,-0.637900,0.195937
0.6836,5801,Real,Ring_FingerTip,-17.734690,1.055691,20.973960,0.262581,-0.696953,-0.637900,0.195937
0.6836,5801,Real,Pinky_MCP,-17.706040,1.043275,20.913100,-0.465459,-0.595001,-0.169808,0.632841
0.6836,5801,Real,Pinky_PIP,-17.696820,1.056621,20.948970,-0.096378,-0.749259,-0.469148,0.457408
0.6836,5801,Real,Pinky_DIP,-17.707150,1.051397,20.963210,0.262154,-0.708487,-0.627791,0.187617
0.6836,5801,Real,Pinky_FingerTip,-17.722320,1.039767,20.962000,0.262154,-0.708487,-0.627791,0.187617
0.6836,5801,Virtual,Wrist,-17.794220,1.015489,20.866850,-0.630246,-0.365014,0.090755,0.679204
0.6836,5801,Virtual,Thumb_CMC,-17.788770,1.059630,20.883050,0.139205,-0.490568,0.400092,0.761506
0.6836,5801,Virtual,Thumb_MCP,-17.780060,1.080389,20.920750,0.275923,-0.428837,0.161206,0.844972
0.6836,5801,Virtual,Thumb_IP,-17.751610,1.082144,20.960640,0.455189,-0.229864,-0.289232,0.810130
0.6836,5801,Virtual,Thumb_FingerTip,-17.730890,1.062824,20.963750,0.455189,-0.229864,-0.289232,0.810130
0.6836,5801,Virtual,Index_MCP,-17.737050,1.104177,20.911440,-0.466423,-0.522095,-0.107094,0.705973
0.6836,5801,Virtual,Index_PIP,-17.716820,1.119903,20.950630,-0.220256,-0.664546,-0.379078,0.605117
0.6836,5801,Virtual,Index_DIP,-17.721250,1.115594,20.975850,0.033691,-0.699284,-0.571469,0.428124
0.6836,5801,Virtual,Index_FingerTip,-17.738230,1.101163,20.990910,0.033691,-0.699284,-0.571469,0.428124
0.6836,5801,Virtual,Middle_MCP,-17.719070,1.083464,20.911100,-0.450583,-0.572206,-0.166852,0.664617
0.6836,5801,Virtual,Middle_PIP,-17.703780,1.098982,20.959200,-0.104045,-0.720847,-0.476854,0.492104
0.6836,5801,Virtual,Middle_DIP,-17.717480,1.090131,20.981620,0.234612,-0.689495,-0.648309,0.221925
0.6836,5801,Virtual,Middle_FingerTip,-17.739870,1.072832,20.981670,0.234612,-0.689495,-0.648309,0.221925
0.6836,5801,Virtual,Ring_MCP,-17.707880,1.061617,20.912410,-0.461331,-0.584564,-0.174816,0.644127
0.6836,5801,Virtual,Ring_PIP,-17.695990,1.076236,20.954960,-0.098158,-0.738177,-0.479217,0.464555
0.6836,5801,Virtual,Ring_DIP,-17.710450,1.068324,20.975500,0.255436,-0.699495,-0.640026,0.189278
0.6836,5801,Virtual,Ring_FingerTip,-17.731040,1.052853,20.973900,0.255436,-0.699495,-0.640026,0.189278
0.6836,5801,Virtual,Pinky_MCP,-17.702650,1.039875,20.913040,-0.471433,-0.590149,-0.176459,0.631140
0.6836,5801,Virtual,Pinky_PIP,-17.693150,1.053013,20.948920,-0.103991,-0.748138,-0.473998,0.452550
0.6836,5801,Virtual,Pinky_DIP,-17.703590,1.047997,20.963150,0.254889,-0.711025,-0.629834,0.181063
0.6836,5801,Virtual,Pinky_FingerTip,-17.719000,1.036683,20.961930,0.254889,-0.711025,-0.629834,0.181063
0.6836,5801,Render,Wrist,-17.794220,1.015489,20.866850,-0.630246,-0.365014,0.090755,0.679204
0.6836,5801,Render,Thumb_CMC,-17.788770,1.059630,20.883050,0.030565,-0.521358,0.458826,0.718840
0.6836,5801,Render,Thumb_MCP,-17.787220,1.087196,20.917190,0.069772,-0.517572,0.403343,0.751376
0.6836,5801,Render,Thumb_IP,-17.780410,1.113373,20.958090,0.139067,-0.503398,0.298117,0.798985
0.6836,5801,Render,Thumb_FingerTip,-17.771420,1.122960,20.983380,0.139067,-0.503398,0.298117,0.798985
0.6836,5801,Render,Index_MCP,-17.737050,1.104177,20.911440,-0.520046,-0.468707,-0.030276,0.713407
0.6836,5801,Render,Index_PIP,-17.710880,1.124983,20.944230,-0.373442,-0.592178,-0.222619,0.678460
0.6836,5801,Render,Index_DIP,-17.705700,1.128622,20.969400,-0.217205,-0.665549,-0.381850,0.603371
0.6836,5801,Render,Index_FingerTip,-17.710480,1.124004,20.995470,-0.217205,-0.665549,-0.381850,0.603371
0.6836,5801,Render,Middle_MCP,-17.719070,1.083464,20.911100,-0.546762,-0.481141,-0.043728,0.683844
0.6836,5801,Render,Middle_PIP,-17.690910,1.108090,20.948370,-0.391898,-0.613891,-0.231645,0.644900
0.6836,5801,Render,Middle_DIP,-17.687060,1.113145,20.975350,-0.225838,-0.692418,-0.385631,0.566431
0.6836,5801,Render,Middle_FingerTip,-17.694310,1.109633,21.002480,-0.225838,-0.692418,-0.385631,0.566431
0.6836,5801,Render,Ring_MCP,-17.707880,1.061617,20.912410,-0.564354,-0.485844,-0.048754,0.665645
0.6836,5801,Render,Ring_PIP,-17.683530,1.084116,20.945070,-0.408974,-0.622319,-0.229941,0.626568
0.6836,5801,Render,Ring_DIP,-17.680380,1.089934,20.970570,-0.241766,-0.704336,-0.378222,0.549917
0.6836,5801,Render,Ring_FingerTip,-17.687560,1.087989,20.995270,-0.241766,-0.704336,-0.378222,0.549917
0.6836,5801,Render,Pinky_MCP,-17.702650,1.039875,20.913040,-0.554529,-0.512858,-0.079910,0.650454
0.6836,5801,Render,Pinky_PIP,-17.684490,1.058176,20.942800,-0.353141,-0.667695,-0.291033,0.587175
0.6836,5801,Render,Pinky_DIP,-17.685610,1.060557,20.960950,-0.136985,-0.742806,-0.453514,0.473075
0.6836,5801,Render,Pinky_FingerTip,-17.695480,1.056236,20.976800,-0.136985,-0.742806,-0.453514,0.473075
0.6963,5802,Real,Wrist,-17.800020,1.018454,20.867130,-0.624092,-0.379169,0.103277,0.675333
0.6963,5802,Real,Thumb_CMC,-17.796430,1.062826,20.883210,0.142291,-0.489463,0.422775,0.749294
0.6963,5802,Real,Thumb_MCP,-17.789260,1.084530,20.920700,0.276416,-0.428269,0.190656,0.838946
0.6963,5802,Real,Thumb_IP,-17.761770,1.088606,20.961100,0.453247,-0.233211,-0.253405,0.822171
0.6963,5802,Real,Thumb_FingerTip,-17.740040,1.070706,20.965480,0.453247,-0.233211,-0.253405,0.822171
0.6963,5802,Real,Index_MCP,-17.746680,1.109493,20.911720,-0.460877,-0.529698,-0.087766,0.706619
0.6963,5802,Real,Index_PIP,-17.726850,1.126549,20.950560,-0.217141,-0.667710,-0.357005,0.616085
0.6963,5802,Real,Index_DIP,-17.730650,1.122658,20.975940,0.033017,-0.701354,-0.551807,0.450025
0.6963,5802,Real,Index_FingerTip,-17.746600,1.108052,20.991940,0.033017,-0.701354,-0.551807,0.450025
0.6963,5802,Real,Middle_MCP,-17.727880,1.089517,20.911540,-0.445956,-0.578259,-0.146526,0.667286
0.6963,5802,Real,Middle_PIP,-17.712660,1.106426,20.959190,-0.106276,-0.722472,-0.454084,0.510439
0.6963,5802,Real,Middle_DIP,-17.725300,1.097833,20.982310,0.225369,-0.694600,-0.633439,0.255921
0.6963,5802,Real,Middle_FingerTip,-17.747020,1.079797,20.984290,0.225369,-0.694600,-0.633439,0.255921
0.6963,5802,Real,Ring_MCP,-17.715830,1.068139,20.912970,-0.457038,-0.590287,-0.154580,0.647135
0.6963,5802,Real,Ring_PIP,-17.703950,1.083938,20.955100,-0.102082,-0.739528,-0.456510,0.484022
0.6963,5802,Real,Ring_DIP,-17.717400,1.076273,20.976410,0.243564,-0.705690,-0.626107,0.225098
0.6963,5802,Real,Ring_FingerTip,-17.737520,1.060132,20.976740,0.243564,-0.705690,-0.626107,0.225098
0.6963,5802,Real,Pinky_MCP,-17.709740,1.046625,20.913700,-0.467069,-0.595925,-0.156652,0.634177
0.6963,5802,Real,Pinky_PIP,-17.700270,1.060720,20.949220,-0.107969,-0.749415,-0.451849,0.471755
0.6963,5802,Real,Pinky_DIP,-17.710020,1.055868,20.963980,0.242788,-0.717171,-0.616400,0.216267
0.6963,5802,Real,Pinky_FingerTip,-17.725120,1.044088,20.964190,0.242788,-0.717171,-0.616400,0.216267
0.6963,5802,Virtual,Wrist,-17.797100,1.016987,20.866940,-0.626589,-0.371458,0.097844,0.678109
0.6963,5802,Virtual,Thumb_CMC,-17.792570,1.061238,20.883110,0.139614,-0.489417,0.414461,0.754454
0.6963,5802,Virtual,Thumb_MCP,-17.784770,1.082698,20.920620,0.273838,-0.428992,0.181213,0.841511
0.6963,5802,Virtual,Thumb_IP,-17.757010,1.086132,20.960890,0.451374,-0.235123,-0.262869,0.819682
0.6963,5802,Virtual,Thumb_FingerTip,-17.735600,1.067801,20.965110,0.451374,-0.235123,-0.262869,0.819682
0.6963,5802,Virtual,Index_MCP,-17.741760,1.106854,20.911480,-0.465302,-0.523233,-0.094117,0.707717
0.6963,5802,Virtual,Index_PIP,-17.721410,1.123418,20.950260,-0.223742,-0.663490,-0.363280,0.614613
0.6963,5802,Virtual,Index_DIP,-17.725160,1.119533,20.975650,0.025350,-0.699740,-0.557156,0.446429
0.6963,5802,Virtual,Index_FingerTip,-17.741300,1.105197,20.991700,0.025350,-0.699740,-0.557156,0.446429
0.6963,5802,Virtual,Middle_MCP,-17.723360,1.086516,20.911150,-0.451060,-0.571962,-0.152594,0.667923
0.6963,5802,Virtual,Middle_PIP,-17.707570,1.102999,20.958770,-0.113806,-0.719474,-0.459689,0.508027
0.6963,5802,Virtual,Middle_DIP,-17.720260,1.094592,20.981930,0.217290,-0.695255,-0.637391,0.251272
0.6963,5802,Virtual,Middle_FingerTip,-17.742310,1.076976,20.983980,0.217290,-0.695255,-0.637391,0.251272
0.6963,5802,Virtual,Ring_MCP,-17.711730,1.064905,20.912470,-0.462305,-0.583924,-0.160439,0.647740
0.6963,5802,Virtual,Ring_PIP,-17.699320,1.080357,20.954570,-0.109820,-0.736636,-0.461891,0.481627
0.6963,5802,Virtual,Ring_DIP,-17.712800,1.072899,20.975930,0.235355,-0.706612,-0.629822,0.220527
0.6963,5802,Virtual,Ring_FingerTip,-17.733240,1.057150,20.976330,0.235355,-0.706612,-0.629822,0.220527
0.6963,5802,Virtual,Pinky_MCP,-17.706050,1.043275,20.913110,-0.472412,-0.589496,-0.162367,0.634791
0.6963,5802,Virtual,Pinky_PIP,-17.696120,1.057088,20.948610,-0.115806,-0.746503,-0.457109,0.469440
0.6963,5802,Virtual,Pinky_DIP,-17.705880,1.052387,20.963410,0.234481,-0.718120,-0.620043,0.211822
0.6963,5802,Virtual,Pinky_FingerTip,-17.721220,1.040902,20.963670,0.234481,-0.718120,-0.620043,0.211822
0.6963,5802,Render,Wrist,-17.797100,1.016987,20.866940,-0.626589,-0.371458,0.097844,0.678109
0.6963,5802,Render,Thumb_CMC,-17.792570,1.061238,20.883110,0.035799,-0.520903,0.466322,0.714089
0.6963,5802,Render,Thumb_MCP,-17.791580,1.088844,20.917240,0.074957,-0.516723,0.411176,0.747204
0.6963,5802,Render,Thumb_IP,-17.785310,1.115174,20.958130,0.144090,-0.501856,0.306442,0.795910
0.6963,5802,Render,Thumb_FingerTip,-17.776520,1.124954,20.983410,0.144090,-0.501856,0.306442,0.795910
0.6963,5802,Render,Index_MCP,-17.741760,1.106854,20.911480,-0.515336,-0.474034,-0.022809,0.713583
0.6963,5802,Render,Index_PIP,-17.716030,1.128209,20.944260,-0.367464,-0.596028,-0.215479,0.680654
0.6963,5802,Render,Index_DIP,-17.710930,1.131965,20.969430,-0.210466,-0.667819,-0.375465,0.607246
0.6963,5802,Render,Index_FingerTip,-17.715610,1.127260,20.995500,-0.210466,-0.667819,-0.375465,0.607246
0.6963,5802,Render,Middle_MCP,-17.723360,1.086516,20.911150,-0.541916,-0.486747,-0.036561,0.684156
0.6963,5802,Render,Middle_PIP,-17.695720,1.111733,20.948410,-0.385687,-0.617932,-0.224845,0.647186
0.6963,5802,Render,Middle_DIP,-17.691970,1.116878,20.975390,-0.218814,-0.694777,-0.379620,0.570346
0.6963,5802,Render,Middle_FingerTip,-17.699150,1.113228,21.002520,-0.218814,-0.694777,-0.379620,0.570346
0.6963,5802,Render,Ring_MCP,-17.711730,1.064905,20.912470,-0.559455,-0.491632,-0.041774,0.666005
0.6963,5802,Render,Ring_PIP,-17.687850,1.087915,20.945110,-0.402672,-0.626537,-0.223329,0.628834
0.6963,5802,Render,Ring_DIP,-17.684810,1.093808,20.970610,-0.234615,-0.706858,-0.372379,0.553753
0.6963,5802,Render,Ring_FingerTip,-17.691950,1.091725,20.995320,-0.234615,-0.706858,-0.372379,0.553753
0.6963,5802,Render,Pinky_MCP,-17.706050,1.043275,20.913110,-0.549349,-0.518550,-0.073078,0.651139
0.6963,5802,Render,Pinky_PIP,-17.688270,1.061960,20.942860,-0.346368,-0.671348,-0.284816,0.590087
0.6963,5802,Render,Pinky_DIP,-17.689440,1.064325,20.961010,-0.129428,-0.744263,-0.448454,0.477714
0.6963,5802,Render,Pinky_FingerTip,-17.699210,1.059807,20.976850,-0.129428,-0.744263,-0.448454,0.477714
0.7096,5803,Real,Wrist,-17.802980,1.020024,20.867620,-0.622435,-0.386736,0.108326,0.671770
0.7096,5803,Real,Thumb_CMC,-17.800300,1.064525,20.883530,0.140104,-0.489889,0.436242,0.741669
0.7096,5803,Real,Thumb_MCP,-17.794170,1.086911,20.920800,0.272938,-0.430262,0.208666,0.834768
0.7096,5803,Real,Thumb_IP,-17.767570,1.092477,20.961610,0.449727,-0.239514,-0.230491,0.829008
0.7096,5803,Real,Thumb_FingerTip,-17.745370,1.075446,20.967020,0.449727,-0.239514,-0.230491,0.829008
0.7096,5803,Real,Index_MCP,-17.751590,1.112219,20.912130,-0.461011,-0.533128,-0.076712,0.705238
0.7096,5803,Real,Index_PIP,-17.731930,1.130171,20.950660,-0.219742,-0.669678,-0.342759,0.621097
0.7096,5803,Real,Index_DIP,-17.735350,1.126759,20.976160,0.027669,-0.704266,-0.537889,0.462515
0.7096,5803,Real,Index_FingerTip,-17.750700,1.112326,20.992880,0.027669,-0.704266,-0.537889,0.462515
0.7096,5803,Real,Middle_MCP,-17.732420,1.092588,20.912160,-0.447987,-0.579912,-0.133325,0.667259
0.7096,5803,Real,Middle_PIP,-17.717010,1.110630,20.959340,-0.115954,-0.723564,-0.436303,0.522159
0.7096,5803,Real,Middle_DIP,-17.728870,1.102651,20.983090,0.209587,-0.702185,-0.619698,0.281042
0.7096,5803,Real,Middle_FingerTip,-17.750220,1.084465,20.986900,0.209587,-0.702185,-0.619698,0.281042
0.7096,5803,Real,Ring_MCP,-17.720000,1.071441,20.913760,-0.458822,-0.592029,-0.142002,0.647163
0.7096,5803,Real,Ring_PIP,-17.707960,1.088169,20.955490,-0.111426,-0.740675,-0.439857,0.495490
0.7096,5803,Real,Ring_DIP,-17.720710,1.081035,20.977410,0.228258,-0.713382,-0.613856,0.249331
0.7096,5803,Real,Ring_FingerTip,-17.740620,1.064735,20.979360,0.228258,-0.713382,-0.613856,0.249331
0.7096,5803,Real,Pinky_MCP,-17.713520,1.050046,20.914630,-0.468824,-0.597618,-0.144347,0.634209
0.7096,5803,Real,Pinky_PIP,-17.703910,1.064899,20.949800,-0.117427,-0.750436,-0.435580,0.483039
0.7096,5803,Real,Pinky_DIP,-17.713190,1.060413,20.964980,0.227203,-0.724791,-0.604505,0.240064
0.7096,5803,Real,Pinky_FingerTip,-17.728160,1.048542,20.966390,0.227203,-0.724791,-0.604505,0.240064
0.7096,5803,Virtual,Wrist,-17.800020,1.018453,20.867130,-0.624092,-0.379169,0.103278,0.675332
0.7096,5803,Virtual,Thumb_CMC,-17.796430,1.062825,20.883210,0.138654,-0.489792,0.427915,0.746839
0.7096,5803,Virtual,Thumb_MCP,-17.789670,1.084927,20.920550,0.271519,-0.430579,0.199217,0.837372
0.7096,5803,Virtual,Thumb_IP,-17.762710,1.089821,20.961210,0.448649,-0.240490,-0.239994,0.826609
0.7096,5803,Virtual,Thumb_FingerTip,-17.740790,1.072364,20.966400,0.448649,-0.240490,-0.239994,0.826609
0.7096,5803,Virtual,Index_MCP,-17.746680,1.109493,20.911720,-0.464518,-0.526508,-0.082892,0.707207
0.7096,5803,Virtual,Index_PIP,-17.726460,1.126908,20.950200,-0.225531,-0.664923,-0.349220,0.620531
0.7096,5803,Virtual,Index_DIP,-17.729790,1.123444,20.975710,0.020585,-0.701829,-0.543747,0.459731
0.7096,5803,Virtual,Index_FingerTip,-17.745290,1.109217,20.992470,0.020585,-0.701829,-0.543747,0.459731
0.7096,5803,Virtual,Middle_MCP,-17.727880,1.089516,20.911540,-0.452184,-0.573402,-0.139300,0.668832
0.7096,5803,Virtual,Middle_PIP,-17.711850,1.107060,20.958700,-0.122755,-0.719855,-0.442303,0.520681
0.7096,5803,Virtual,Middle_DIP,-17.723700,1.099191,20.982490,0.201850,-0.701796,-0.624461,0.277107
0.7096,5803,Virtual,Middle_FingerTip,-17.745350,1.081380,20.986360,0.201850,-0.701796,-0.624461,0.277107
0.7096,5803,Virtual,Ring_MCP,-17.715830,1.068138,20.912980,-0.463201,-0.585463,-0.147787,0.648720
0.7096,5803,Virtual,Ring_PIP,-17.703230,1.084455,20.954700,-0.118454,-0.737083,-0.445665,0.494025
0.7096,5803,Virtual,Ring_DIP,-17.715980,1.077455,20.976670,0.220366,-0.713275,-0.618414,0.245444
0.7096,5803,Virtual,Ring_FingerTip,-17.736160,1.061512,20.978670,0.220366,-0.713275,-0.618414,0.245444
0.7096,5803,Virtual,Pinky_MCP,-17.709740,1.046625,20.913700,-0.473291,-0.590996,-0.149995,0.635784
0.7096,5803,Virtual,Pinky_PIP,-17.699650,1.061141,20.948880,-0.124558,-0.746837,-0.441278,0.481658
0.7096,5803,Virtual,Pinky_DIP,-17.708910,1.056756,20.964100,0.219215,-0.724724,-0.609001,0.236300
0.7096,5803,Virtual,Pinky_FingerTip,-17.724090,1.045154,20.965550,0.219215,-0.724724,-0.609001,0.236300
0.7096,5803,Render,Wrist,-17.800020,1.018453,20.867130,-0.624092,-0.379169,0.103278,0.675332
0.7096,5803,Render,Thumb_CMC,-17.796430,1.062825,20.883210,0.038705,-0.521782,0.474011,0.708208
0.7096,5803,Render,Thumb_MCP,-17.796160,1.090533,20.917280,0.077920,-0.517381,0.419287,0.741920
0.7096,5803,Render,Thumb_IP,-17.790620,1.117084,20.958120,0.147115,-0.502107,0.315192,0.791770
0.7096,5803,Render,Thumb_FingerTip,-17.782150,1.127099,20.983430,0.147115,-0.502107,0.315192,0.791770
0.7096,5803,Render,Index_MCP,-17.746680,1.109493,20.911720,-0.511580,-0.480909,-0.016599,0.711855
0.7096,5803,Render,Index_PIP,-17.721530,1.131428,20.944580,-0.361984,-0.601627,-0.209034,0.680675
0.7096,5803,Render,Index_DIP,-17.716640,1.135347,20.969770,-0.203783,-0.671908,-0.369220,0.608843
0.7096,5803,Render,Index_FingerTip,-17.721360,1.130619,20.995830,-0.203783,-0.671908,-0.369220,0.608843
0.7096,5803,Render,Middle_MCP,-17.727880,1.089516,20.911540,-0.537960,-0.493821,-0.030690,0.682494
0.7096,5803,Render,Middle_PIP,-17.700930,1.115360,20.948880,-0.379926,-0.623632,-0.218743,0.647218
0.7096,5803,Render,Middle_DIP,-17.697420,1.120647,20.975860,-0.211809,-0.698854,-0.373720,0.571903
0.7096,5803,Render,Middle_FingerTip,-17.704670,1.116928,21.002960,-0.211809,-0.698854,-0.373720,0.571903
0.7096,5803,Render,Ring_MCP,-17.715830,1.068138,20.912980,-0.555414,-0.498836,-0.036118,0.664360
0.7096,5803,Render,Ring_PIP,-17.692580,1.091691,20.945690,-0.396805,-0.632351,-0.217439,0.628807
0.7096,5803,Render,Ring_DIP,-17.689790,1.097708,20.971180,-0.227489,-0.711035,-0.366666,0.555189
0.7096,5803,Render,Ring_FingerTip,-17.697020,1.095550,20.995860,-0.227489,-0.711035,-0.366666,0.555189
0.7096,5803,Render,Pinky_MCP,-17.709740,1.046625,20.913700,-0.544946,-0.525656,-0.067504,0.649741
0.7096,5803,Render,Pinky_PIP,-17.692490,1.065727,20.943490,-0.339857,-0.676592,-0.279093,0.590616
0.7096,5803,Render,Pinky_DIP,-17.693800,1.068116,20.961640,-0.121646,-0.747317,-0.443152,0.479934
0.7096,5803,Render,Pinky_FingerTip,-17.703560,1.063450,20.977450,-0.121646,-0.747317,-0.443152,0.479934
0.7236,5804,Real,Wrist,-17.805690,1.021603,20.868370,-0.621385,-0.394574,0.111554,0.667643
0.7236,5804,Real,Thumb_CMC,-17.803860,1.066211,20.884090,0.140223,-0.491288,0.443854,0.736185
0.7236,5804,Real,Thumb_MCP,-17.798450,1.088857,20.921320,0.273447,-0.431570,0.217518,0.831661
0.7236,5804,Real,Thumb_IP,-17.772320,1.095024,20.962350,0.450815,-0.240400,-0.221259,0.830674
0.7236,5804,Real,Thumb_FingerTip,-17.749910,1.078371,20.968040,0.450815,-0.240400,-0.221259,0.830674
0.7236,5804,Real,Index_MCP,-17.756190,1.114797,20.912940,-0.458010,-0.540261,-0.072116,0.702242
0.7236,5804,Real,Index_PIP,-17.737180,1.133229,20.951560,-0.214223,-0.675103,-0.337363,0.620106
0.7236,5804,Real,Index_DIP,-17.740790,1.129876,20.977050,0.034734,-0.707424,-0.532486,0.463469
0.7236,5804,Real,Index_FingerTip,-17.756070,1.115277,20.993690,0.034734,-0.707424,-0.532486,0.463469
0.7236,5804,Real,Middle_MCP,-17.736720,1.095472,20.913230,-0.444263,-0.586889,-0.128858,0.664521
0.7236,5804,Real,Middle_PIP,-17.722040,1.113965,20.960470,-0.109347,-0.727909,-0.431071,0.521891
0.7236,5804,Real,Middle_DIP,-17.734000,1.105906,20.984140,0.217425,-0.703232,-0.614868,0.283072
0.7236,5804,Real,Middle_FingerTip,-17.755090,1.087401,20.987840,0.217425,-0.703232,-0.614868,0.283072
0.7236,5804,Real,Ring_MCP,-17.723980,1.074531,20.915050,-0.454916,-0.599015,-0.137718,0.644412
0.7236,5804,Real,Ring_PIP,-17.712600,1.091633,20.956810,-0.104607,-0.744865,-0.434775,0.495181
0.7236,5804,Real,Ring_DIP,-17.725450,1.084395,20.978640,0.236228,-0.714117,-0.609163,0.251305
0.7236,5804,Real,Ring_FingerTip,-17.745110,1.067791,20.980480,0.236228,-0.714117,-0.609163,0.251305
0.7236,5804,Real,Pinky_MCP,-17.717170,1.053245,20.916080,-0.464833,-0.604627,-0.140200,0.631428
0.7236,5804,Real,Pinky_PIP,-17.708140,1.068405,20.951270,-0.110523,-0.754605,-0.430603,0.482637
0.7236,5804,Real,Pinky_DIP,-17.717480,1.063840,20.966380,0.235240,-0.725469,-0.599865,0.241908
0.7236,5804,Real,Pinky_FingerTip,-17.732280,1.051741,20.967700,0.235240,-0.725469,-0.599865,0.241908
0.7236,5804,Virtual,Wrist,-17.802990,1.020024,20.867630,-0.622436,-0.386736,0.108327,0.671770
0.7236,5804,Virtual,Thumb_CMC,-17.800310,1.064525,20.883530,0.140104,-0.489889,0.436242,0.741669
0.7236,5804,Virtual,Thumb_MCP,-17.794180,1.086912,20.920810,0.272938,-0.430262,0.208666,0.834769
0.7236,5804,Virtual,Thumb_IP,-17.767570,1.092477,20.961620,0.449726,-0.239514,-0.230491,0.829008
0.7236,5804,Virtual,Thumb_FingerTip,-17.745370,1.075446,20.967030,0.449726,-0.239514,-0.230491,0.829008
0.7236,5804,Virtual,Index_MCP,-17.751600,1.112219,20.912140,-0.461011,-0.533127,-0.076712,0.705238
0.7236,5804,Virtual,Index_PIP,-17.731940,1.130171,20.950670,-0.219743,-0.669678,-0.342759,0.621097
0.7236,5804,Virtual,Index_DIP,-17.735360,1.126759,20.976170,0.027669,-0.704266,-0.537889,0.462515
0.7236,5804,Virtual,Index_FingerTip,-17.750710,1.112326,20.992900,0.027669,-0.704266,-0.537889,0.462515
0.7236,5804,Virtual,Middle_MCP,-17.732440,1.092589,20.912170,-0.447987,-0.579912,-0.133325,0.667259
0.7236,5804,Virtual,Middle_PIP,-17.717020,1.110631,20.959350,-0.115955,-0.723564,-0.436303,0.522159
0.7236,5804,Virtual,Middle_DIP,-17.728880,1.102652,20.983100,0.209587,-0.702185,-0.619698,0.281042
0.7236,5804,Virtual,Middle_FingerTip,-17.750230,1.084465,20.986910,0.209587,-0.702185,-0.619698,0.281042
0.7236,5804,Virtual,Ring_MCP,-17.720010,1.071441,20.913770,-0.458822,-0.592029,-0.142002,0.647163
0.7236,5804,Virtual,Ring_PIP,-17.707970,1.088170,20.955500,-0.111426,-0.740675,-0.439857,0.495490
0.7236,5804,Virtual,Ring_DIP,-17.720720,1.081035,20.977420,0.228258,-0.713382,-0.613856,0.249331
0.7236,5804,Virtual,Ring_FingerTip,-17.740630,1.064735,20.979370,0.228258,-0.713382,-0.613856,0.249331
0.7236,5804,Virtual,Pinky_MCP,-17.713530,1.050046,20.914640,-0.468825,-0.597618,-0.144347,0.634209
0.7236,5804,Virtual,Pinky_PIP,-17.703920,1.064900,20.949810,-0.117428,-0.750436,-0.435580,0.483039
0.7236,5804,Virtual,Pinky_DIP,-17.713200,1.060413,20.964990,0.227203,-0.724792,-0.604505,0.240064
0.7236,5804,Virtual,Pinky_FingerTip,-17.728170,1.048543,20.966390,0.227203,-0.724792,-0.604505,0.240064
0.7236,5804,Render,Wrist,-17.802990,1.020024,20.867630,-0.622436,-0.386736,0.108327,0.671770
0.7236,5804,Render,Thumb_CMC,-17.800310,1.064525,20.883530,0.040393,-0.522565,0.481742,0.702296
0.7236,5804,Render,Thumb_MCP,-17.800760,1.092384,20.917470,0.079663,-0.518035,0.427441,0.736606
0.7236,5804,Render,Thumb_IP,-17.795960,1.119212,20.958230,0.148931,-0.502519,0.323989,0.787607
0.7236,5804,Render,Thumb_FingerTip,-17.787840,1.129491,20.983540,0.148931,-0.502519,0.323989,0.787607
0.7236,5804,Render,Index_MCP,-17.751600,1.112219,20.912140,-0.508705,-0.487827,-0.010630,0.709318
0.7236,5804,Render,Index_PIP,-17.727070,1.134755,20.945060,-0.357341,-0.607506,-0.202600,0.679851
0.7236,5804,Render,Index_DIP,-17.722400,1.138874,20.970250,-0.197843,-0.676472,-0.362781,0.609619
0.7236,5804,Render,Index_FingerTip,-17.727200,1.134176,20.996310,-0.197843,-0.676472,-0.362781,0.609619
0.7236,5804,Render,Middle_MCP,-17.732440,1.092589,20.912170,-0.534857,-0.500918,-0.025042,0.679987
0.7236,5804,Render,Middle_PIP,-17.706200,1.119086,20.949560,-0.374976,-0.629590,-0.212622,0.646376
0.7236,5804,Render,Middle_DIP,-17.702960,1.124555,20.976540,-0.205526,-0.703385,-0.367582,0.572619
0.7236,5804,Render,Middle_FingerTip,-17.710310,1.120824,21.003610,-0.205526,-0.703385,-0.367582,0.572619
0.7236,5804,Render,Ring_MCP,-17.720010,1.071441,20.913770,-0.552206,-0.506047,-0.030679,0.661848
0.7236,5804,Render,Ring_PIP,-17.697390,1.095560,20.946520,-0.391738,-0.638402,-0.211519,0.627889
0.7236,5804,Render,Ring_DIP,-17.694880,1.101739,20.972010,-0.221079,-0.715640,-0.360703,0.555768
0.7236,5804,Render,Ring_FingerTip,-17.702220,1.099558,20.996650,-0.221079,-0.715640,-0.360703,0.555768
0.7236,5804,Render,Pinky_MCP,-17.713530,1.050046,20.914640,-0.541362,-0.532795,-0.062104,0.647456
0.7236,5804,Render,Pinky_PIP,-17.696810,1.069592,20.944450,-0.334110,-0.682140,-0.273241,0.590251
0.7236,5804,Render,Pinky_DIP,-17.698280,1.072037,20.962570,-0.114501,-0.750888,-0.437459,0.481338
0.7236,5804,Render,Pinky_FingerTip,-17.708060,1.067263,20.978340,-0.114501,-0.750888,-0.437459,0.481338
0.7381,5805,Real,Wrist,-17.808510,1.023312,20.869290,-0.620048,-0.402069,0.113879,0.664013
0.7381,5805,Real,Thumb_CMC,-17.807470,1.067986,20.884900,0.136640,-0.493541,0.455752,0.728037
0.7381,5805,Real,Thumb_MCP,-17.803200,1.091203,20.921920,0.269419,-0.435507,0.233569,0.826555
0.7381,5805,Real,Thumb_IP,-17.778110,1.098629,20.963390,0.448000,-0.248091,-0.200538,0.835184
0.7381,5805,Real,Thumb_FingerTip,-17.755410,1.082747,20.970080,0.448000,-0.248091,-0.200538,0.835184
0.7381,5805,Real,Index_MCP,-17.760770,1.117329,20.914060,-0.460031,-0.542624,-0.061816,0.700079
0.7381,5805,Real,Index_PIP,-17.741880,1.136655,20.952300,-0.220240,-0.676434,-0.322364,0.624510
0.7381,5805,Real,Index_DIP,-17.745070,1.133938,20.977920,0.024776,-0.710954,-0.516773,0.476316
0.7381,5805,Real,Index_FingerTip,-17.759730,1.119748,20.995450,0.024776,-0.710954,-0.516773,0.476316
0.7381,5805,Real,Middle_MCP,-17.741040,1.098286,20.914610,-0.448637,-0.587234,-0.116152,0.663619
0.7381,5805,Real,Middle_PIP,-17.726080,1.117969,20.961260,-0.123458,-0.728613,-0.411898,0.533125
0.7381,5805,Real,Middle_DIP,-17.737190,1.110782,20.985620,0.195860,-0.712571,-0.598539,0.309245
0.7381,5805,Real,Middle_FingerTip,-17.757910,1.092407,20.991460,0.195860,-0.712571,-0.598539,0.309245
0.7381,5805,Real,Ring_MCP,-17.728010,1.077535,20.916610,-0.459287,-0.599213,-0.125482,0.643626
0.7381,5805,Real,Ring_PIP,-17.716360,1.095632,20.957870,-0.119100,-0.745530,-0.416444,0.506532
0.7381,5805,Real,Ring_DIP,-17.728440,1.089196,20.980380,0.214142,-0.723977,-0.594205,0.277347
0.7381,5805,Real,Ring_FingerTip,-17.747910,1.072693,20.984170,0.214142,-0.723977,-0.594205,0.277347
0.7381,5805,Real,Pinky_MCP,-17.720910,1.056351,20.917760,-0.469210,-0.604698,-0.128278,0.630656
0.7381,5805,Real,Pinky_PIP,-17.711630,1.072323,20.952530,-0.125221,-0.755074,-0.412736,0.493793
0.7381,5805,Real,Pinky_DIP,-17.720460,1.068314,20.968110,0.212736,-0.735229,-0.585364,0.267453
0.7381,5805,Real,Pinky_FingerTip,-17.735140,1.056322,20.970870,0.212736,-0.735229,-0.585364,0.267453
0.7381,5805,Virtual,Wrist,-17.805690,1.021602,20.868370,-0.621385,-0.394574,0.111554,0.667643
0.7381,5805,Virtual,Thumb_CMC,-17.803870,1.066210,20.884090,0.136368,-0.491630,0.449160,0.733457
0.7381,5805,Virtual,Thumb_MCP,-17.798900,1.089254,20.921140,0.268623,-0.433749,0.225723,0.829911
0.7381,5805,Virtual,Thumb_IP,-17.773320,1.096198,20.962390,0.446446,-0.246947,-0.209023,0.834274
0.7381,5805,Virtual,Thumb_FingerTip,-17.750790,1.079975,20.968810,0.446446,-0.246947,-0.209023,0.834274
0.7381,5805,Virtual,Index_MCP,-17.756190,1.114796,20.912940,-0.463177,-0.535838,-0.065369,0.702903
0.7381,5805,Virtual,Index_PIP,-17.736650,1.133737,20.951050,-0.225722,-0.671346,-0.326723,0.625778
0.7381,5805,Virtual,Index_DIP,-17.739630,1.130990,20.976690,0.017883,-0.708050,-0.521302,0.476014
0.7381,5805,Virtual,Index_FingerTip,-17.754330,1.116958,20.994320,0.017883,-0.708050,-0.521302,0.476014
0.7381,5805,Virtual,Middle_MCP,-17.736720,1.095471,20.913240,-0.452418,-0.580626,-0.119563,0.666256
0.7381,5805,Virtual,Middle_PIP,-17.721030,1.114801,20.959810,-0.129882,-0.724527,-0.416144,0.533869
0.7381,5805,Virtual,Middle_DIP,-17.732010,1.107701,20.984250,0.188312,-0.711581,-0.602702,0.308127
0.7381,5805,Virtual,Middle_FingerTip,-17.752930,1.089606,20.990230,0.188312,-0.711581,-0.602702,0.308127
0.7381,5805,Virtual,Ring_MCP,-17.723980,1.074530,20.915060,-0.463227,-0.592611,-0.128715,0.646271
0.7381,5805,Virtual,Ring_PIP,-17.711670,1.092337,20.956250,-0.125705,-0.741596,-0.420546,0.507321
0.7381,5805,Virtual,Ring_DIP,-17.723630,1.086008,20.978860,0.206486,-0.723278,-0.598246,0.276289
0.7381,5805,Virtual,Ring_FingerTip,-17.743280,1.069772,20.982800,0.206486,-0.723278,-0.598246,0.276289
0.7381,5805,Virtual,Pinky_MCP,-17.717170,1.053244,20.916080,-0.473221,-0.598084,-0.131379,0.633322
0.7381,5805,Virtual,Pinky_PIP,-17.707330,1.068979,20.950800,-0.131895,-0.751164,-0.416731,0.494664
0.7381,5805,Virtual,Pinky_DIP,-17.716060,1.065050,20.966460,0.205028,-0.734579,-0.589344,0.266515
0.7381,5805,Virtual,Pinky_FingerTip,-17.730880,1.053261,20.969330,0.205028,-0.734579,-0.589344,0.266515
0.7381,5805,Render,Wrist,-17.805690,1.021602,20.868370,-0.621385,-0.394574,0.111554,0.667643
0.7381,5805,Render,Thumb_CMC,-17.803870,1.066210,20.884090,0.040648,-0.524461,0.488642,0.696074
0.7381,5805,Render,Thumb_MCP,-17.805080,1.094208,20.917900,0.080060,-0.519905,0.434790,0.730922
0.7381,5805,Render,Thumb_IP,-17.801090,1.121290,20.958580,0.149576,-0.504320,0.332040,0.782968
0.7381,5805,Render,Thumb_FingerTip,-17.793380,1.131809,20.983920,0.149576,-0.504320,0.332040,0.782968
0.7381,5805,Render,Index_MCP,-17.756190,1.114796,20.912940,-0.506383,-0.495209,-0.006333,0.705907
0.7381,5805,Render,Index_PIP,-17.732330,1.137863,20.945980,-0.353103,-0.613982,-0.197539,0.677734
0.7381,5805,Render,Index_DIP,-17.727970,1.142167,20.971200,-0.192150,-0.681714,-0.357355,0.608804
0.7381,5805,Render,Index_FingerTip,-17.732950,1.137510,20.997230,-0.192150,-0.681714,-0.357355,0.608804
0.7381,5805,Render,Middle_MCP,-17.736720,1.095471,20.913240,-0.532295,-0.508400,-0.021070,0.676571
0.7381,5805,Render,Middle_PIP,-17.711260,1.122546,20.950750,-0.370440,-0.636068,-0.207858,0.644195
0.7381,5805,Render,Middle_DIP,-17.708370,1.128186,20.977740,-0.199514,-0.708522,-0.362425,0.571700
0.7381,5805,Render,Middle_FingerTip,-17.715920,1.124459,21.004760,-0.199514,-0.708522,-0.362425,0.571700
0.7381,5805,Render,Ring_MCP,-17.723980,1.074530,20.915060,-0.549536,-0.513593,-0.026920,0.658414
0.7381,5805,Render,Ring_PIP,-17.702060,1.099149,20.947910,-0.387095,-0.644922,-0.206961,0.625620
0.7381,5805,Render,Ring_DIP,-17.699890,1.105480,20.973390,-0.214963,-0.720804,-0.355725,0.554701
0.7381,5805,Render,Ring_FingerTip,-17.707430,1.103293,20.997960,-0.214963,-0.720804,-0.355725,0.554701
0.7381,5805,Render,Pinky_MCP,-17.717170,1.053244,20.916080,-0.538299,-0.540257,-0.058346,0.644168
0.7381,5805,Render,Pinky_PIP,-17.701060,1.073185,20.945960,-0.328746,-0.688164,-0.268605,0.588395
0.7381,5805,Render,Pinky_DIP,-17.702730,1.075686,20.964060,-0.107580,-0.755030,-0.432481,0.480955
0.7381,5805,Render,Pinky_FingerTip,-17.712580,1.070829,20.979750,-0.107580,-0.755030,-0.432481,0.480955
0.7526,5806,Real,Wrist,-17.811320,1.024979,20.869980,-0.618151,-0.410038,0.116704,0.660409
0.7526,5806,Real,Thumb_CMC,-17.811140,1.069700,20.885490,0.135340,-0.495545,0.465716,0.720574
0.7526,5806,Real,Thumb_MCP,-17.807840,1.093282,20.922380,0.268848,-0.437724,0.245011,0.822246
0.7526,5806,Real,Thumb_IP,-17.783490,1.101497,20.964140,0.448703,-0.250094,-0.188844,0.836933
0.7526,5806,Real,Thumb_FingerTip,-17.760590,1.086092,20.971240,0.448703,-0.250094,-0.188844,0.836933
0.7526,5806,Real,Index_MCP,-17.765520,1.119852,20.914970,-0.461748,-0.545058,-0.050718,0.697946
0.7526,5806,Real,Index_PIP,-17.746750,1.140108,20.952800,-0.225257,-0.677908,-0.307263,0.628721
0.7526,5806,Real,Index_DIP,-17.749560,1.138007,20.978510,0.016448,-0.714163,-0.501219,0.488344
0.7526,5806,Real,Index_FingerTip,-17.763610,1.124206,20.996830,0.016448,-0.714163,-0.501219,0.488344
0.7526,5806,Real,Middle_MCP,-17.745490,1.101128,20.915750,-0.451167,-0.588803,-0.104449,0.662457
0.7526,5806,Real,Middle_PIP,-17.730450,1.121876,20.961920,-0.131658,-0.730005,-0.396060,0.541198
0.7526,5806,Real,Middle_DIP,-17.740970,1.115321,20.986720,0.183097,-0.718830,-0.584909,0.328086
0.7526,5806,Real,Middle_FingerTip,-17.761280,1.097011,20.994010,0.183097,-0.718830,-0.584909,0.328086
0.7526,5806,Real,Ring_MCP,-17.732150,1.080592,20.917930,-0.463937,-0.599003,-0.111913,0.642988
0.7526,5806,Real,Ring_PIP,-17.720180,1.099759,20.958610,-0.134027,-0.745707,-0.396793,0.518183
0.7526,5806,Real,Ring_DIP,-17.731430,1.094192,20.981770,0.191279,-0.733113,-0.577618,0.303835
0.7526,5806,Real,Ring_FingerTip,-17.750580,1.077900,20.987560,0.191279,-0.733113,-0.577618,0.303835
0.7526,5806,Real,Pinky_MCP,-17.724730,1.059528,20.919200,-0.473871,-0.604357,-0.115053,0.630050
0.7526,5806,Real,Pinky_PIP,-17.715160,1.076371,20.953480,-0.140356,-0.755050,-0.393589,0.505260
0.7526,5806,Real,Pinky_DIP,-17.723420,1.072963,20.969500,0.189455,-0.744249,-0.569286,0.293450
0.7526,5806,Real,Pinky_FingerTip,-17.737900,1.061159,20.973740,0.189455,-0.744249,-0.569286,0.293450
0.7526,5806,Virtual,Wrist,-17.808520,1.023312,20.869300,-0.620048,-0.402069,0.113879,0.664013
0.7526,5806,Virtual,Thumb_CMC,-17.807480,1.067986,20.884900,0.134465,-0.493726,0.458696,0.726466
0.7526,5806,Virtual,Thumb_MCP,-17.803450,1.091421,20.921820,0.267497,-0.436224,0.236620,0.825933
0.7526,5806,Virtual,Thumb_IP,-17.778570,1.099142,20.963360,0.446791,-0.249447,-0.197965,0.836041
0.7526,5806,Virtual,Thumb_FingerTip,-17.755860,1.083356,20.970200,0.446791,-0.249447,-0.197965,0.836041
0.7526,5806,Virtual,Index_MCP,-17.760780,1.117330,20.914070,-0.465485,-0.537952,-0.054745,0.700667
0.7526,5806,Virtual,Index_PIP,-17.741340,1.137190,20.951760,-0.231373,-0.672708,-0.312014,0.629745
0.7526,5806,Virtual,Index_DIP,-17.743930,1.135070,20.977490,0.008937,-0.711329,-0.506037,0.487707
0.7526,5806,Virtual,Index_FingerTip,-17.758030,1.121450,20.995910,0.008937,-0.711329,-0.506037,0.487707
0.7526,5806,Virtual,Middle_MCP,-17.741040,1.098287,20.914610,-0.455554,-0.581885,-0.108293,0.664947
0.7526,5806,Virtual,Middle_PIP,-17.725240,1.118677,20.960690,-0.138724,-0.725861,-0.400618,0.541652
0.7526,5806,Virtual,Middle_DIP,-17.735620,1.112230,20.985560,0.174949,-0.717992,-0.589244,0.326608
0.7526,5806,Virtual,Middle_FingerTip,-17.756150,1.094228,20.993000,0.174949,-0.717992,-0.589244,0.326608
0.7526,5806,Virtual,Ring_MCP,-17.728020,1.077535,20.916610,-0.468463,-0.592067,-0.115553,0.645483
0.7526,5806,Virtual,Ring_PIP,-17.715350,1.096408,20.957220,-0.141250,-0.741653,-0.401174,0.518710
0.7526,5806,Virtual,Ring_DIP,-17.726470,1.090963,20.980480,0.183022,-0.732464,-0.581816,0.302475
0.7526,5806,Virtual,Ring_FingerTip,-17.745820,1.074965,20.986420,0.183022,-0.732464,-0.581816,0.302475
0.7526,5806,Virtual,Pinky_MCP,-17.720930,1.056352,20.917770,-0.478470,-0.597398,-0.118548,0.632557
0.7526,5806,Virtual,Pinky_PIP,-17.710760,1.072955,20.951990,-0.147653,-0.751010,-0.397847,0.505866
0.7526,5806,Virtual,Pinky_DIP,-17.718920,1.069639,20.968080,0.181136,-0.743645,-0.573406,0.292213
0.7526,5806,Virtual,Pinky_FingerTip,-17.733550,1.058058,20.972430,0.181136,-0.743645,-0.573406,0.292213
0.7526,5806,Render,Wrist,-17.808520,1.023312,20.869300,-0.620048,-0.402069,0.113879,0.664013
0.7526,5806,Render,Thumb_CMC,-17.807480,1.067986,20.884900,0.041021,-0.526815,0.494549,0.690076
0.7526,5806,Render,Thumb_MCP,-17.809420,1.096060,20.918610,0.080609,-0.522225,0.441133,0.725386
0.7526,5806,Render,Thumb_IP,-17.806210,1.123311,20.959250,0.150434,-0.506544,0.339072,0.778340
0.7526,5806,Render,Thumb_FingerTip,-17.798890,1.134010,20.984630,0.150434,-0.506544,0.339072,0.778340
0.7526,5806,Render,Index_MCP,-17.760780,1.117330,20.914070,-0.503816,-0.502234,-0.003028,0.702796
0.7526,5806,Render,Index_PIP,-17.737580,1.140829,20.947270,-0.348727,-0.620047,-0.193514,0.675636
0.7526,5806,Render,Index_DIP,-17.733520,1.145267,20.972520,-0.186422,-0.686525,-0.352939,0.607754
0.7526,5806,Render,Index_FingerTip,-17.738680,1.140612,20.998500,-0.186422,-0.686525,-0.352939,0.607754
0.7526,5806,Render,Middle_MCP,-17.741040,1.098287,20.914610,-0.529519,-0.515489,-0.018081,0.673464
0.7526,5806,Render,Middle_PIP,-17.716340,1.125829,20.952280,-0.365807,-0.642110,-0.204125,0.642039
0.7526,5806,Render,Middle_DIP,-17.713790,1.131585,20.979280,-0.193516,-0.713211,-0.358271,0.570547
0.7526,5806,Render,Middle_FingerTip,-17.721540,1.127827,21.006240,-0.193516,-0.713211,-0.358271,0.570547
0.7526,5806,Render,Ring_MCP,-17.728020,1.077535,20.916610,-0.546667,-0.520725,-0.024136,0.655300
0.7526,5806,Render,Ring_PIP,-17.706780,1.102557,20.949600,-0.382376,-0.650991,-0.203428,0.623392
0.7526,5806,Render,Ring_DIP,-17.704940,1.108991,20.975080,-0.208886,-0.725511,-0.351749,0.553419
0.7526,5806,Render,Ring_FingerTip,-17.712690,1.106766,20.999590,-0.208886,-0.725511,-0.351749,0.553419
0.7526,5806,Render,Pinky_MCP,-17.720930,1.056352,20.917770,-0.535068,-0.547284,-0.055569,0.641167
0.7526,5806,Render,Pinky_PIP,-17.705380,1.076605,20.947740,-0.323368,-0.693723,-0.264991,0.586483
0.7526,5806,Render,Pinky_DIP,-17.707270,1.079134,20.965810,-0.100784,-0.758723,-0.428460,0.480213
0.7526,5806,Render,Pinky_FingerTip,-17.717200,1.074180,20.981430,-0.100784,-0.758723,-0.428460,0.480213
0.7661,5807,Real,Wrist,-17.814080,1.026842,20.870900,-0.616281,-0.417889,0.119791,0.656671
0.7661,5807,Real,Thumb_CMC,-17.814770,1.071603,20.886280,0.136181,-0.497072,0.472856,0.714690
0.7661,5807,Real,Thumb_MCP,-17.812190,1.095338,20.923130,0.270082,-0.438954,0.253514,0.818600
0.7661,5807,Real,Thumb_IP,-17.788360,1.104062,20.965080,0.450382,-0.250562,-0.179645,0.837916
0.7661,5807,Real,Thumb_FingerTip,-17.765280,1.089050,20.972430,0.450382,-0.250562,-0.179645,0.837916
0.7661,5807,Real,Index_MCP,-17.770240,1.122570,20.916030,-0.458078,-0.552048,-0.046410,0.695165
0.7661,5807,Real,Index_PIP,-17.752160,1.143232,20.953960,-0.219245,-0.683025,-0.302228,0.627747
0.7661,5807,Real,Index_DIP,-17.755160,1.141157,20.979660,0.023834,-0.716955,-0.496151,0.489125
0.7661,5807,Real,Index_FingerTip,-17.769160,1.127181,20.997890,0.023834,-0.716955,-0.496151,0.489125
0.7661,5807,Real,Middle_MCP,-17.749920,1.104175,20.917050,-0.446846,-0.595619,-0.100314,0.659927
0.7661,5807,Real,Middle_PIP,-17.735640,1.125292,20.963290,-0.124696,-0.734088,-0.391226,0.540841
0.7661,5807,Real,Middle_DIP,-17.746280,1.118636,20.988010,0.191125,-0.719656,-0.580363,0.329767
0.7661,5807,Real,Middle_FingerTip,-17.766360,1.100019,20.995160,0.191125,-0.719656,-0.580363,0.329767
0.7661,5807,Real,Ring_MCP,-17.736270,1.083864,20.919410,-0.459470,-0.605843,-0.107980,0.640455
0.7661,5807,Real,Ring_PIP,-17.724980,1.103335,20.960140,-0.126902,-0.749703,-0.392134,0.517757
0.7661,5807,Real,Ring_DIP,-17.736350,1.097651,20.983210,0.199423,-0.733750,-0.573210,0.305404
0.7661,5807,Real,Ring_FingerTip,-17.755290,1.081067,20.988880,0.199423,-0.733750,-0.573210,0.305404
0.7661,5807,Real,Pinky_MCP,-17.728520,1.062926,20.920810,-0.469327,-0.611222,-0.111262,0.627503
0.7661,5807,Real,Pinky_PIP,-17.719540,1.080017,20.955130,-0.133151,-0.759033,-0.389050,0.504758
0.7661,5807,Real,Pinky_DIP,-17.727890,1.076520,20.971080,0.197667,-0.744841,-0.564955,0.294899
0.7661,5807,Real,Pinky_FingerTip,-17.742220,1.064495,20.975220,0.197667,-0.744841,-0.564955,0.294899
0.7661,5807,Virtual,Wrist,-17.811320,1.024978,20.869990,-0.618151,-0.410038,0.116704,0.660408
0.7661,5807,Virtual,Thumb_CMC,-17.811150,1.069699,20.885490,0.135340,-0.495545,0.465716,0.720574
0.7661,5807,Virtual,Thumb_MCP,-17.807850,1.093281,20.922390,0.268848,-0.437724,0.245011,0.822246
0.7661,5807,Virtual,Thumb_IP,-17.783490,1.101496,20.964140,0.448703,-0.250094,-0.188844,0.836933
0.7661,5807,Virtual,Thumb_FingerTip,-17.760590,1.086091,20.971240,0.448703,-0.250094,-0.188844,0.836933
0.7661,5807,Virtual,Index_MCP,-17.765520,1.119851,20.914980,-0.461748,-0.545058,-0.050718,0.697946
0.7661,5807,Virtual,Index_PIP,-17.746760,1.140108,20.952800,-0.225257,-0.677908,-0.307263,0.628721
0.7661,5807,Virtual,Index_DIP,-17.749560,1.138006,20.978520,0.016448,-0.714163,-0.501219,0.488344
0.7661,5807,Virtual,Index_FingerTip,-17.763610,1.124205,20.996840,0.016448,-0.714163,-0.501219,0.488344
0.7661,5807,Virtual,Middle_MCP,-17.745490,1.101127,20.915760,-0.451167,-0.588803,-0.104449,0.662457
0.7661,5807,Virtual,Middle_PIP,-17.730450,1.121875,20.961930,-0.131657,-0.730005,-0.396060,0.541198
0.7661,5807,Virtual,Middle_DIP,-17.740970,1.115320,20.986720,0.183097,-0.718830,-0.584909,0.328086
0.7661,5807,Virtual,Middle_FingerTip,-17.761280,1.097010,20.994010,0.183097,-0.718830,-0.584909,0.328086
0.7661,5807,Virtual,Ring_MCP,-17.732150,1.080591,20.917930,-0.463936,-0.599003,-0.111913,0.642988
0.7661,5807,Virtual,Ring_PIP,-17.720180,1.099759,20.958610,-0.134027,-0.745707,-0.396793,0.518183
0.7661,5807,Virtual,Ring_DIP,-17.731430,1.094191,20.981780,0.191279,-0.733113,-0.577618,0.303835
0.7661,5807,Virtual,Ring_FingerTip,-17.750580,1.077899,20.987570,0.191279,-0.733113,-0.577618,0.303835
0.7661,5807,Virtual,Pinky_MCP,-17.724730,1.059527,20.919210,-0.473871,-0.604357,-0.115053,0.630050
0.7661,5807,Virtual,Pinky_PIP,-17.715160,1.076370,20.953490,-0.140355,-0.755050,-0.393589,0.505260
0.7661,5807,Virtual,Pinky_DIP,-17.723420,1.072962,20.969510,0.189456,-0.744249,-0.569286,0.293450
0.7661,5807,Virtual,Pinky_FingerTip,-17.737900,1.061158,20.973750,0.189456,-0.744249,-0.569286,0.293450
0.7661,5807,Render,Wrist,-17.811320,1.024978,20.869990,-0.618151,-0.410038,0.116704,0.660408
0.7661,5807,Render,Thumb_CMC,-17.811150,1.069699,20.885490,0.042038,-0.529163,0.500871,0.683629
0.7661,5807,Render,Thumb_MCP,-17.813860,1.097817,20.919110,0.081800,-0.524489,0.447923,0.719434
0.7661,5807,Render,Thumb_IP,-17.811480,1.125210,20.959710,0.151920,-0.508626,0.346604,0.773360
0.7661,5807,Render,Thumb_FingerTip,-17.804570,1.136084,20.985130,0.151920,-0.508626,0.346604,0.773360
0.7661,5807,Render,Index_MCP,-17.765520,1.119851,20.914980,-0.500612,-0.509596,0.000787,0.699786
0.7661,5807,Render,Index_PIP,-17.743010,1.143796,20.948340,-0.343647,-0.626264,-0.189025,0.673773
0.7661,5807,Render,Index_DIP,-17.739270,1.148356,20.973610,-0.179976,-0.691309,-0.348131,0.607047
0.7661,5807,Render,Index_FingerTip,-17.744600,1.143680,20.999560,-0.179976,-0.691309,-0.348131,0.607047
0.7661,5807,Render,Middle_MCP,-17.745490,1.101127,20.915760,-0.526101,-0.522933,-0.014605,0.670482
0.7661,5807,Render,Middle_PIP,-17.721590,1.129148,20.953600,-0.360458,-0.648314,-0.199959,0.640137
0.7661,5807,Render,Middle_DIP,-17.719380,1.135008,20.980600,-0.186786,-0.717881,-0.353761,0.569748
0.7661,5807,Render,Middle_FingerTip,-17.727330,1.131189,21.007490,-0.186786,-0.717881,-0.353761,0.569748
0.7661,5807,Render,Ring_MCP,-17.732150,1.080591,20.917930,-0.543156,-0.528227,-0.020882,0.652321
0.7661,5807,Render,Ring_PIP,-17.711630,1.106027,20.951060,-0.376936,-0.657238,-0.199479,0.621423
0.7661,5807,Render,Ring_DIP,-17.710140,1.112548,20.976540,-0.202066,-0.730213,-0.347436,0.552492
0.7661,5807,Render,Ring_FingerTip,-17.718080,1.110257,21.000980,-0.202066,-0.730213,-0.347436,0.552492
0.7661,5807,Render,Pinky_MCP,-17.724730,1.059527,20.919210,-0.531178,-0.554663,-0.052339,0.638327
0.7661,5807,Render,Pinky_PIP,-17.709800,1.080096,20.949280,-0.317252,-0.699394,-0.261001,0.584875
0.7661,5807,Render,Pinky_DIP,-17.711900,1.082636,20.967320,-0.093250,-0.762302,-0.424172,0.479873
0.7661,5807,Render,Pinky_FingerTip,-17.721900,1.077560,20.982850,-0.093250,-0.762302,-0.424172,0.479873
0.7802,5808,Real,Wrist,-17.816700,1.028772,20.872180,-0.614722,-0.425540,0.124679,0.652294
0.7802,5808,Real,Thumb_CMC,-17.818320,1.073598,20.887290,0.136968,-0.497095,0.481224,0.708915
0.7802,5808,Real,Thumb_MCP,-17.816440,1.097578,20.924030,0.270845,-0.438756,0.263166,0.815402
0.7802,5808,Real,Thumb_IP,-17.793080,1.106968,20.966100,0.450950,-0.250015,-0.169662,0.839852
0.7802,5808,Real,Thumb_FingerTip,-17.769780,1.092420,20.973710,0.450950,-0.250015,-0.169662,0.839852
0.7802,5808,Real,Index_MCP,-17.774940,1.125531,20.917080,-0.454806,-0.558858,-0.040210,0.692252
0.7802,5808,Real,Index_PIP,-17.757510,1.146729,20.955020,-0.213670,-0.688125,-0.295389,0.627355
0.7802,5808,Real,Index_DIP,-17.760670,1.144741,20.980710,0.030801,-0.719877,-0.489580,0.491061
0.7802,5808,Real,Index_FingerTip,-17.774540,1.130614,20.998920,0.030801,-0.719877,-0.489580,0.491061
0.7802,5808,Real,Middle_MCP,-17.754290,1.107515,20.918350,-0.442883,-0.602347,-0.094269,0.657378
0.7802,5808,Real,Middle_PIP,-17.740740,1.129144,20.964580,-0.118093,-0.738256,-0.384685,0.541341
0.7802,5808,Real,Middle_DIP,-17.751440,1.122433,20.989250,0.198862,-0.720709,-0.574618,0.332936
0.7802,5808,Real,Middle_FingerTip,-17.771230,1.103493,20.996360,0.198862,-0.720709,-0.574618,0.332936
0.7802,5808,Real,Ring_MCP,-17.740300,1.087469,20.920920,-0.455331,-0.612636,-0.102129,0.637904
0.7802,5808,Real,Ring_PIP,-17.729670,1.107368,20.961620,-0.120089,-0.753809,-0.385767,0.518204
0.7802,5808,Real,Ring_DIP,-17.741100,1.101605,20.984650,0.207330,-0.734618,-0.567618,0.308481
0.7802,5808,Real,Ring_FingerTip,-17.759770,1.084711,20.990270,0.207330,-0.734618,-0.567618,0.308481
0.7802,5808,Real,Pinky_MCP,-17.732180,1.066684,20.922500,-0.465091,-0.618066,-0.105550,0.624936
0.7802,5808,Real,Pinky_PIP,-17.723760,1.084126,20.956780,-0.126227,-0.763139,-0.382798,0.505125
0.7802,5808,Real,Pinky_DIP,-17.732160,1.080565,20.972700,0.205674,-0.745663,-0.559435,0.297856
0.7802,5808,Real,Pinky_FingerTip,-17.746300,1.068304,20.976800,0.205674,-0.745663,-0.559435,0.297856
0.7802,5808,Virtual,Wrist,-17.814090,1.026843,20.870910,-0.616281,-0.417889,0.119791,0.656671
0.7802,5808,Virtual,Thumb_CMC,-17.814780,1.071604,20.886280,0.136181,-0.497072,0.472855,0.714690
0.7802,5808,Virtual,Thumb_MCP,-17.812200,1.095338,20.923140,0.270082,-0.438955,0.253513,0.818600
0.7802,5808,Virtual,Thumb_IP,-17.788370,1.104063,20.965090,0.450382,-0.250562,-0.179645,0.837915
0.7802,5808,Virtual,Thumb_FingerTip,-17.765290,1.089051,20.972440,0.450382,-0.250562,-0.179645,0.837915
0.7802,5808,Virtual,Index_MCP,-17.770250,1.122570,20.916030,-0.458078,-0.552048,-0.046410,0.695165
0.7802,5808,Virtual,Index_PIP,-17.752160,1.143233,20.953970,-0.219245,-0.683025,-0.302229,0.627747
0.7802,5808,Virtual,Index_DIP,-17.755170,1.141158,20.979670,0.023834,-0.716955,-0.496151,0.489124
0.7802,5808,Virtual,Index_FingerTip,-17.769170,1.127182,20.997900,0.023834,-0.716955,-0.496151,0.489124
0.7802,5808,Virtual,Middle_MCP,-17.749920,1.104175,20.917060,-0.446846,-0.595619,-0.100315,0.659927
0.7802,5808,Virtual,Middle_PIP,-17.735650,1.125292,20.963300,-0.124696,-0.734087,-0.391227,0.540841
0.7802,5808,Virtual,Middle_DIP,-17.746290,1.118637,20.988020,0.191125,-0.719656,-0.580363,0.329766
0.7802,5808,Virtual,Middle_FingerTip,-17.766370,1.100020,20.995170,0.191125,-0.719656,-0.580363,0.329766
0.7802,5808,Virtual,Ring_MCP,-17.736280,1.083864,20.919420,-0.459470,-0.605843,-0.107980,0.640455
0.7802,5808,Virtual,Ring_PIP,-17.724990,1.103336,20.960150,-0.126902,-0.749703,-0.392135,0.517757
0.7802,5808,Virtual,Ring_DIP,-17.736360,1.097651,20.983220,0.199423,-0.733750,-0.573211,0.305404
0.7802,5808,Virtual,Ring_FingerTip,-17.755300,1.081067,20.988890,0.199423,-0.733750,-0.573211,0.305404
0.7802,5808,Virtual,Pinky_MCP,-17.728530,1.062926,20.920820,-0.469327,-0.611222,-0.111263,0.627504
0.7802,5808,Virtual,Pinky_PIP,-17.719550,1.080017,20.955130,-0.133151,-0.759033,-0.389050,0.504757
0.7802,5808,Virtual,Pinky_DIP,-17.727900,1.076520,20.971090,0.197667,-0.744841,-0.564956,0.294898
0.7802,5808,Virtual,Pinky_FingerTip,-17.742230,1.064495,20.975230,0.197667,-0.744841,-0.564956,0.294898
0.7802,5808,Render,Wrist,-17.814090,1.026843,20.870910,-0.616281,-0.417889,0.119791,0.656671
0.7802,5808,Render,Thumb_CMC,-17.814780,1.071604,20.886280,0.043045,-0.531224,0.507329,0.677175
0.7802,5808,Render,Thumb_MCP,-17.818250,1.099767,20.919790,0.082960,-0.526469,0.454849,0.713485
0.7802,5808,Render,Thumb_IP,-17.816700,1.127308,20.960330,0.153337,-0.510431,0.354270,0.768402
0.7802,5808,Render,Thumb_FingerTip,-17.810200,1.138363,20.985780,0.153337,-0.510431,0.354270,0.768402
0.7802,5808,Render,Index_MCP,-17.770250,1.122570,20.916030,-0.497465,-0.516836,0.004879,0.696696
0.7802,5808,Render,Index_PIP,-17.748440,1.146969,20.949530,-0.338655,-0.632380,-0.184249,0.671908
0.7802,5808,Render,Index_DIP,-17.745010,1.151659,20.974830,-0.173639,-0.696018,-0.343044,0.606407
0.7802,5808,Render,Index_FingerTip,-17.750500,1.146970,21.000740,-0.173639,-0.696018,-0.343044,0.606407
0.7802,5808,Render,Middle_MCP,-17.749920,1.104175,20.917060,-0.522733,-0.530267,-0.010848,0.667420
0.7802,5808,Render,Middle_PIP,-17.726830,1.132685,20.955030,-0.355189,-0.654427,-0.195500,0.638237
0.7802,5808,Render,Middle_DIP,-17.724970,1.138654,20.982040,-0.180154,-0.722480,-0.348969,0.569024
0.7802,5808,Render,Middle_FingerTip,-17.733110,1.134782,21.008870,-0.180154,-0.722480,-0.348969,0.569024
0.7802,5808,Render,Ring_MCP,-17.736280,1.083864,20.919420,-0.539690,-0.535624,-0.017342,0.649262
0.7802,5808,Render,Ring_PIP,-17.716470,1.109721,20.952650,-0.371569,-0.663396,-0.195235,0.619456
0.7802,5808,Render,Ring_DIP,-17.715320,1.116336,20.978130,-0.195339,-0.734848,-0.342836,0.551639
0.7802,5808,Render,Ring_FingerTip,-17.723450,1.113984,21.002500,-0.195339,-0.734848,-0.342836,0.551639
0.7802,5808,Render,Pinky_MCP,-17.728530,1.062926,20.920820,-0.527334,-0.561942,-0.048818,0.635419
0.7802,5808,Render,Pinky_PIP,-17.714210,1.083818,20.950960,-0.311212,-0.704988,-0.256716,0.583298
0.7802,5808,Render,Pinky_DIP,-17.716520,1.086374,20.968980,-0.085812,-0.765831,-0.419611,0.479653
0.7802,5808,Render,Pinky_FingerTip,-17.726580,1.081180,20.984440,-0.085812,-0.765831,-0.419611,0.479653
0.7934,5809,Real,Wrist,-17.819140,1.030586,20.873170,-0.612662,-0.433216,0.129490,0.648229
0.7934,5809,Real,Thumb_CMC,-17.821690,1.075441,20.888070,0.137922,-0.497253,0.489796,0.702722
0.7934,5809,Real,Thumb_MCP,-17.820560,1.099645,20.924690,0.271910,-0.438575,0.272935,0.811926
0.7934,5809,Real,Thumb_IP,-17.797700,1.109681,20.966890,0.451897,-0.249141,-0.159806,0.841534
0.7934,5809,Real,Thumb_FingerTip,-17.774200,1.095599,20.974720,0.451897,-0.249141,-0.159806,0.841534
0.7934,5809,Real,Index_MCP,-17.779490,1.128298,20.917920,-0.451867,-0.564894,-0.033139,0.689647
0.7934,5809,Real,Index_PIP,-17.762650,1.150064,20.955810,-0.208939,-0.692556,-0.287634,0.627677
0.7934,5809,Real,Index_DIP,-17.765890,1.148204,20.981500,0.036517,-0.722465,-0.482229,0.494133
0.7934,5809,Real,Index_FingerTip,-17.779580,1.133964,20.999760,0.036517,-0.722465,-0.482229,0.494133
0.7934,5809,Real,Middle_MCP,-17.758530,1.110673,20.919420,-0.439115,-0.608449,-0.087669,0.655197
0.7934,5809,Real,Middle_PIP,-17.745630,1.132824,20.965590,-0.111852,-0.741971,-0.377890,0.542373
0.7934,5809,Real,Middle_DIP,-17.756350,1.126063,20.990240,0.206168,-0.721475,-0.568905,0.336626
0.7934,5809,Real,Middle_FingerTip,-17.775830,1.106805,20.997350,0.206168,-0.721475,-0.568905,0.336626
0.7934,5809,Real,Ring_MCP,-17.744190,1.090901,20.922190,-0.452383,-0.618074,-0.094747,0.635891
0.7934,5809,Real,Ring_PIP,-17.734040,1.111317,20.962760,-0.116567,-0.757019,-0.377187,0.520639
0.7934,5809,Real,Ring_DIP,-17.745390,1.105620,20.985840,0.210467,-0.736458,-0.560251,0.315363
0.7934,5809,Real,Ring_FingerTip,-17.763770,1.088505,20.991740,0.210467,-0.736458,-0.560251,0.315363
0.7934,5809,Real,Pinky_MCP,-17.735690,1.070277,20.923910,-0.462066,-0.623530,-0.098345,0.622924
0.7934,5809,Real,Pinky_PIP,-17.727700,1.088140,20.958080,-0.122645,-0.766324,-0.374403,0.507473
0.7934,5809,Real,Pinky_DIP,-17.736050,1.084617,20.974030,0.208834,-0.747451,-0.552219,0.304566
0.7934,5809,Real,Pinky_FingerTip,-17.749980,1.072192,20.978330,0.208834,-0.747451,-0.552219,0.304566
0.7934,5809,Virtual,Wrist,-17.816700,1.028773,20.872180,-0.614722,-0.425540,0.124679,0.652294
0.7934,5809,Virtual,Thumb_CMC,-17.818320,1.073598,20.887290,0.136623,-0.497125,0.481675,0.708654
0.7934,5809,Virtual,Thumb_MCP,-17.816490,1.097611,20.924020,0.270628,-0.438817,0.263476,0.815341
0.7934,5809,Virtual,Thumb_IP,-17.793150,1.107031,20.966090,0.450898,-0.249981,-0.169725,0.839878
0.7934,5809,Virtual,Thumb_FingerTip,-17.769850,1.092481,20.973700,0.450898,-0.249981,-0.169725,0.839878
0.7934,5809,Virtual,Index_MCP,-17.774940,1.125531,20.917080,-0.455632,-0.558186,-0.039187,0.692310
0.7934,5809,Virtual,Index_PIP,-17.757440,1.146810,20.954950,-0.214932,-0.687732,-0.294238,0.627896
0.7934,5809,Virtual,Index_DIP,-17.760530,1.144893,20.980650,0.029250,-0.719942,-0.488521,0.492114
0.7934,5809,Virtual,Index_FingerTip,-17.774350,1.130826,20.998940,0.029250,-0.719942,-0.488521,0.492114
0.7934,5809,Virtual,Middle_MCP,-17.754300,1.107516,20.918350,-0.443552,-0.601855,-0.093538,0.657483
0.7934,5809,Virtual,Middle_PIP,-17.740670,1.129214,20.964520,-0.118816,-0.738140,-0.384154,0.541718
0.7934,5809,Virtual,Middle_DIP,-17.751340,1.122539,20.989220,0.198243,-0.720879,-0.574332,0.333430
0.7934,5809,Virtual,Middle_FingerTip,-17.771120,1.103612,20.996380,0.198243,-0.720879,-0.574332,0.333430
0.7934,5809,Virtual,Ring_MCP,-17.740300,1.087470,20.920930,-0.456977,-0.611409,-0.100413,0.638176
0.7934,5809,Virtual,Ring_PIP,-17.729500,1.107510,20.961510,-0.123716,-0.753222,-0.383268,0.520055
0.7934,5809,Virtual,Ring_DIP,-17.740790,1.101918,20.984650,0.202385,-0.735996,-0.565531,0.312292
0.7934,5809,Virtual,Ring_FingerTip,-17.759440,1.085119,20.990610,0.202385,-0.735996,-0.565531,0.312292
0.7934,5809,Virtual,Pinky_MCP,-17.732180,1.066685,20.922500,-0.466752,-0.616813,-0.103869,0.625217
0.7934,5809,Virtual,Pinky_PIP,-17.723620,1.084242,20.956690,-0.129900,-0.762523,-0.380362,0.506962
0.7934,5809,Virtual,Pinky_DIP,-17.731910,1.080801,20.972690,0.200654,-0.747029,-0.557419,0.301612
0.7934,5809,Virtual,Pinky_FingerTip,-17.746050,1.068615,20.977030,0.200654,-0.747029,-0.557419,0.301612
0.7934,5809,Render,Wrist,-17.816700,1.028773,20.872180,-0.614722,-0.425540,0.124679,0.652294
0.7934,5809,Render,Thumb_CMC,-17.818320,1.073598,20.887290,0.044128,-0.531858,0.515110,0.670702
0.7934,5809,Render,Thumb_MCP,-17.822560,1.101878,20.920620,0.084087,-0.527020,0.463096,0.707617
0.7934,5809,Render,Thumb_IP,-17.821790,1.129667,20.961010,0.154528,-0.510825,0.363234,0.763702
0.7934,5809,Render,Thumb_FingerTip,-17.815690,1.140979,20.986440,0.154528,-0.510825,0.363234,0.763702
0.7934,5809,Render,Index_MCP,-17.774940,1.125531,20.917080,-0.494705,-0.523869,0.010849,0.693334
0.7934,5809,Render,Index_PIP,-17.753830,1.150508,20.950600,-0.334090,-0.638400,-0.177591,0.670291
0.7934,5809,Render,Index_DIP,-17.750670,1.155401,20.975890,-0.167740,-0.700739,-0.336193,0.606468
0.7934,5809,Render,Index_FingerTip,-17.756260,1.150755,21.001790,-0.167740,-0.700739,-0.336193,0.606468
0.7934,5809,Render,Middle_MCP,-17.754300,1.107516,20.918350,-0.519709,-0.537466,-0.005199,0.664083
0.7934,5809,Render,Middle_PIP,-17.732000,1.136651,20.956330,-0.350287,-0.660505,-0.189147,0.636598
0.7934,5809,Render,Middle_DIP,-17.730450,1.142803,20.983320,-0.173888,-0.727139,-0.342407,0.569026
0.7934,5809,Render,Middle_FingerTip,-17.738710,1.138931,21.010110,-0.173888,-0.727139,-0.342407,0.569026
0.7934,5809,Render,Ring_MCP,-17.740300,1.087470,20.920930,-0.536542,-0.542929,-0.011904,0.645918
0.7934,5809,Render,Ring_PIP,-17.721220,1.113867,20.954160,-0.366534,-0.669554,-0.189087,0.617736
0.7934,5809,Render,Ring_DIP,-17.720380,1.120643,20.979610,-0.188933,-0.739563,-0.336454,0.551498
0.7934,5809,Render,Ring_FingerTip,-17.728640,1.118278,21.003930,-0.188933,-0.739563,-0.336454,0.551498
0.7934,5809,Render,Pinky_MCP,-17.732180,1.066685,20.922500,-0.523793,-0.569171,-0.043386,0.632300
0.7934,5809,Render,Pinky_PIP,-17.718470,1.088000,20.952630,-0.305475,-0.710634,-0.250557,0.582157
0.7934,5809,Render,Pinky_DIP,-17.720950,1.090613,20.970620,-0.078648,-0.769499,-0.413393,0.480408
0.7934,5809,Render,Pinky_FingerTip,-17.731040,1.085323,20.986030,-0.078648,-0.769499,-0.413393,0.480408
0.8069,5810,Real,Wrist,-17.821620,1.032552,20.874530,-0.611102,-0.440626,0.133952,0.643785
0.8069,5810,Real,Thumb_CMC,-17.825060,1.077434,20.889160,0.138489,-0.497381,0.497733,0.696919
0.8069,5810,Real,Thumb_MCP,-17.824640,1.101848,20.925660,0.272490,-0.438539,0.282182,0.808583
0.8069,5810,Real,Thumb_IP,-17.802270,1.112504,20.967970,0.452385,-0.248826,-0.150107,0.843150
0.8069,5810,Real,Thumb_FingerTip,-17.778590,1.098874,20.976060,0.452385,-0.248826,-0.150107,0.843150
0.8069,5810,Real,Index_MCP,-17.784020,1.131175,20.919040,-0.448665,-0.571495,-0.027346,0.686546
0.8069,5810,Real,Index_PIP,-17.767850,1.153431,20.956940,-0.203509,-0.697490,-0.281102,0.626956
0.8069,5810,Real,Index_DIP,-17.771250,1.151651,20.982610,0.043292,-0.725282,-0.475836,0.495654
0.8069,5810,Real,Index_FingerTip,-17.784830,1.137273,21.000840,0.043292,-0.725282,-0.475836,0.495654
0.8069,5810,Real,Middle_MCP,-17.762760,1.113925,20.920790,-0.435236,-0.614953,-0.082007,0.652440
0.8069,5810,Real,Middle_PIP,-17.750600,1.136542,20.966940,-0.105426,-0.745978,-0.371594,0.542513
0.8069,5810,Real,Middle_DIP,-17.761380,1.129726,20.991540,0.213678,-0.722454,-0.563234,0.339367
0.8069,5810,Real,Middle_FingerTip,-17.780590,1.110170,20.998610,0.213678,-0.722454,-0.563234,0.339367
0.8069,5810,Real,Ring_MCP,-17.748100,1.094421,20.923770,-0.448342,-0.624639,-0.089277,0.633124
0.8069,5810,Real,Ring_PIP,-17.738620,1.115225,20.964300,-0.109955,-0.760982,-0.371057,0.520704
0.8069,5810,Real,Ring_DIP,-17.750040,1.109454,20.987330,0.218130,-0.737295,-0.554709,0.317985
0.8069,5810,Real,Ring_FingerTip,-17.768170,1.092053,20.993190,0.218130,-0.737295,-0.554709,0.317985
0.8069,5810,Real,Pinky_MCP,-17.739270,1.073957,20.925680,-0.457928,-0.630139,-0.093009,0.620142
0.8069,5810,Real,Pinky_PIP,-17.731840,1.092137,20.959800,-0.115927,-0.770282,-0.368385,0.507464
0.8069,5810,Real,Pinky_DIP,-17.740250,1.088555,20.975710,0.216591,-0.748239,-0.546748,0.307072
0.8069,5810,Real,Pinky_FingerTip,-17.753990,1.075912,20.979980,0.216591,-0.748239,-0.546748,0.307072
0.8069,5810,Virtual,Wrist,-17.819150,1.030585,20.873180,-0.612662,-0.433216,0.129490,0.648230
0.8069,5810,Virtual,Thumb_CMC,-17.821700,1.075440,20.888080,0.137922,-0.497253,0.489796,0.702722
0.8069,5810,Virtual,Thumb_MCP,-17.820570,1.099644,20.924690,0.271910,-0.438575,0.272935,0.811926
0.8069,5810,Virtual,Thumb_IP,-17.797700,1.109681,20.966890,0.451897,-0.249141,-0.159805,0.841534
0.8069,5810,Virtual,Thumb_FingerTip,-17.774200,1.095598,20.974730,0.451897,-0.249141,-0.159805,0.841534
0.8069,5810,Virtual,Index_MCP,-17.779500,1.128297,20.917930,-0.451867,-0.564894,-0.033139,0.689647
0.8069,5810,Virtual,Index_PIP,-17.762660,1.150064,20.955820,-0.208939,-0.692556,-0.287634,0.627677
0.8069,5810,Virtual,Index_DIP,-17.765900,1.148203,20.981500,0.036517,-0.722465,-0.482229,0.494133
0.8069,5810,Virtual,Index_FingerTip,-17.779590,1.133964,20.999770,0.036517,-0.722465,-0.482229,0.494133
0.8069,5810,Virtual,Middle_MCP,-17.758530,1.110673,20.919420,-0.439114,-0.608449,-0.087669,0.655197
0.8069,5810,Virtual,Middle_PIP,-17.745630,1.132823,20.965600,-0.111851,-0.741971,-0.377890,0.542373
0.8069,5810,Virtual,Middle_DIP,-17.756350,1.126062,20.990250,0.206169,-0.721475,-0.568904,0.336626
0.8069,5810,Virtual,Middle_FingerTip,-17.775830,1.106804,20.997360,0.206169,-0.721475,-0.568904,0.336626
0.8069,5810,Virtual,Ring_MCP,-17.744190,1.090901,20.922190,-0.452383,-0.618074,-0.094747,0.635891
0.8069,5810,Virtual,Ring_PIP,-17.734050,1.111317,20.962760,-0.116567,-0.757019,-0.377187,0.520639
0.8069,5810,Virtual,Ring_DIP,-17.745390,1.105619,20.985840,0.210467,-0.736458,-0.560250,0.315363
0.8069,5810,Virtual,Ring_FingerTip,-17.763770,1.088504,20.991740,0.210467,-0.736458,-0.560250,0.315363
0.8069,5810,Virtual,Pinky_MCP,-17.735700,1.070276,20.923920,-0.462066,-0.623530,-0.098345,0.622924
0.8069,5810,Virtual,Pinky_PIP,-17.727710,1.088139,20.958080,-0.122645,-0.766324,-0.374403,0.507473
0.8069,5810,Virtual,Pinky_DIP,-17.736050,1.084617,20.974040,0.208834,-0.747451,-0.552219,0.304566
0.8069,5810,Virtual,Pinky_FingerTip,-17.749980,1.072191,20.978340,0.208834,-0.747451,-0.552219,0.304566
0.8069,5810,Render,Wrist,-17.819150,1.030585,20.873180,-0.612662,-0.433216,0.129490,0.648230
0.8069,5810,Render,Thumb_CMC,-17.821700,1.075440,20.888080,0.045720,-0.532630,0.522631,0.664133
0.8069,5810,Render,Thumb_MCP,-17.826690,1.103784,20.921240,0.085733,-0.527669,0.471090,0.701634
0.8069,5810,Render,Thumb_IP,-17.826730,1.131760,20.961510,0.156246,-0.511245,0.371964,0.758854
0.8069,5810,Render,Thumb_FingerTip,-17.821010,1.143296,20.986930,0.156246,-0.511245,0.371964,0.758854
0.8069,5810,Render,Index_MCP,-17.779500,1.128297,20.917930,-0.491433,-0.530832,0.016688,0.690241
0.8069,5810,Render,Index_PIP,-17.759080,1.153808,20.951480,-0.329053,-0.644215,-0.171132,0.668899
0.8069,5810,Render,Index_DIP,-17.756190,1.158870,20.976770,-0.161433,-0.705144,-0.329589,0.606699
0.8069,5810,Render,Index_FingerTip,-17.761890,1.154237,21.002650,-0.161433,-0.705144,-0.329589,0.606699
0.8069,5810,Render,Middle_MCP,-17.758530,1.110673,20.919420,-0.516189,-0.544592,0.000314,0.661036
0.8069,5810,Render,Middle_PIP,-17.737050,1.140383,20.957430,-0.344929,-0.666375,-0.183005,0.635199
0.8069,5810,Render,Middle_DIP,-17.735800,1.146682,20.984390,-0.167231,-0.731482,-0.336112,0.569209
0.8069,5810,Render,Middle_FingerTip,-17.744180,1.142777,21.011140,-0.167231,-0.731482,-0.336112,0.569209
0.8069,5810,Render,Ring_MCP,-17.744190,1.090901,20.922190,-0.532905,-0.550162,-0.006606,0.642877
0.8069,5810,Render,Ring_PIP,-17.725830,1.117792,20.955430,-0.361049,-0.675507,-0.183157,0.616270
0.8069,5810,Render,Ring_DIP,-17.725290,1.124695,20.980850,-0.182142,-0.743969,-0.330345,0.551549
0.8069,5810,Render,Ring_FingerTip,-17.733690,1.122286,21.005130,-0.182142,-0.743969,-0.330345,0.551549
0.8069,5810,Render,Pinky_MCP,-17.735700,1.070276,20.923920,-0.519774,-0.576307,-0.038109,0.629487
0.8069,5810,Render,Pinky_PIP,-17.722600,1.091975,20.954050,-0.299317,-0.716033,-0.244645,0.581253
0.8069,5810,Render,Pinky_DIP,-17.725260,1.094621,20.972000,-0.071155,-0.772807,-0.407482,0.481316
0.8069,5810,Render,Pinky_FingerTip,-17.735340,1.089213,20.987360,-0.071155,-0.772807,-0.407482,0.481316
0.8211,5811,Real,Wrist,-17.824220,1.034637,20.876000,-0.610027,-0.447057,0.139345,0.639210
0.8211,5811,Real,Thumb_CMC,-17.828500,1.079558,20.890290,0.138633,-0.495899,0.505278,0.692503
0.8211,5811,Real,Thumb_MCP,-17.828610,1.104249,20.926600,0.272452,-0.436927,0.290219,0.806621
0.8211,5811,Real,Thumb_IP,-17.806560,1.115532,20.968920,0.451808,-0.246993,-0.142974,0.845236
0.8211,5811,Real,Thumb_FingerTip,-17.782700,1.102283,20.977130,0.451808,-0.246993,-0.142974,0.845236
0.8211,5811,Real,Index_MCP,-17.788540,1.134202,20.920000,-0.446345,-0.577132,-0.020500,0.683575
0.8211,5811,Real,Index_PIP,-17.772940,1.157015,20.957810,-0.199257,-0.701856,-0.273643,0.626750
0.8211,5811,Real,Index_DIP,-17.776440,1.155372,20.983470,0.048766,-0.727961,-0.468742,0.497972
0.8211,5811,Real,Index_FingerTip,-17.789880,1.140904,21.001750,0.048766,-0.727961,-0.468742,0.497972
0.8211,5811,Real,Middle_MCP,-17.767000,1.117329,20.921990,-0.432144,-0.620681,-0.075412,0.649861
0.8211,5811,Real,Middle_PIP,-17.755480,1.140481,20.968030,-0.099815,-0.749687,-0.364724,0.543124
0.8211,5811,Real,Middle_DIP,-17.766290,1.133648,20.992630,0.220530,-0.723436,-0.557336,0.342612
0.8211,5811,Real,Middle_FingerTip,-17.785200,1.113811,20.999690,0.220530,-0.723436,-0.557336,0.342612
0.8211,5811,Real,Ring_MCP,-17.752030,1.098099,20.925190,-0.445451,-0.630187,-0.082472,0.630584
0.8211,5811,Real,Ring_PIP,-17.743090,1.119385,20.965600,-0.105233,-0.764519,-0.363574,0.521777
0.8211,5811,Real,Ring_DIP,-17.754500,1.113629,20.988630,0.223549,-0.738640,-0.548207,0.322346
0.8211,5811,Real,Ring_FingerTip,-17.772360,1.095990,20.994590,0.223549,-0.738640,-0.548207,0.322346
0.8211,5811,Real,Pinky_MCP,-17.742860,1.077802,20.927290,-0.454937,-0.635741,-0.086329,0.617587
0.8211,5811,Real,Pinky_PIP,-17.735900,1.096378,20.961300,-0.111096,-0.773816,-0.361013,0.508465
0.8211,5811,Real,Pinky_DIP,-17.744310,1.092797,20.977210,0.222103,-0.749536,-0.540322,0.311318
0.8211,5811,Real,Pinky_FingerTip,-17.757860,1.079973,20.981550,0.222103,-0.749536,-0.540322,0.311318
0.8211,5811,Virtual,Wrist,-17.821620,1.032553,20.874530,-0.611102,-0.440626,0.133952,0.643785
0.8211,5811,Virtual,Thumb_CMC,-17.825070,1.077434,20.889170,0.138296,-0.497000,0.497205,0.697605
0.8211,5811,Virtual,Thumb_MCP,-17.824560,1.101859,20.925650,0.272438,-0.438078,0.281038,0.809249
0.8211,5811,Virtual,Thumb_IP,-17.802100,1.112458,20.967930,0.452360,-0.248003,-0.152263,0.843020
0.8211,5811,Virtual,Thumb_FingerTip,-17.778430,1.098747,20.975920,0.452360,-0.248003,-0.152263,0.843020
0.8211,5811,Virtual,Index_MCP,-17.784020,1.131175,20.919050,-0.448806,-0.571385,-0.027177,0.686553
0.8211,5811,Virtual,Index_PIP,-17.767840,1.153445,20.956930,-0.203681,-0.697440,-0.280948,0.627026
0.8211,5811,Virtual,Index_DIP,-17.771230,1.151675,20.982600,0.043113,-0.725292,-0.475714,0.495771
0.8211,5811,Virtual,Index_FingerTip,-17.784810,1.137304,21.000850,0.043113,-0.725292,-0.475714,0.495771
0.8211,5811,Virtual,Middle_MCP,-17.762760,1.113926,20.920800,-0.435246,-0.614946,-0.081996,0.652441
0.8211,5811,Virtual,Middle_PIP,-17.750600,1.136543,20.966940,-0.105199,-0.746010,-0.371759,0.542401
0.8211,5811,Virtual,Middle_DIP,-17.761400,1.129715,20.991540,0.214105,-0.722327,-0.563435,0.339034
0.8211,5811,Virtual,Middle_FingerTip,-17.780600,1.110151,20.998570,0.214105,-0.722327,-0.563435,0.339034
0.8211,5811,Virtual,Ring_MCP,-17.748100,1.094422,20.923780,-0.448723,-0.624365,-0.088891,0.633178
0.8211,5811,Virtual,Ring_PIP,-17.738590,1.115259,20.964290,-0.110818,-0.760857,-0.370466,0.521125
0.8211,5811,Virtual,Ring_DIP,-17.749970,1.109529,20.987340,0.216946,-0.737644,-0.554197,0.318876
0.8211,5811,Virtual,Ring_FingerTip,-17.768100,1.092153,20.993270,0.216946,-0.737644,-0.554197,0.318876
0.8211,5811,Virtual,Pinky_MCP,-17.739270,1.073957,20.925680,-0.458312,-0.629860,-0.092631,0.620199
0.8211,5811,Virtual,Pinky_PIP,-17.731810,1.092165,20.959790,-0.116800,-0.770150,-0.367810,0.507881
0.8211,5811,Virtual,Pinky_DIP,-17.740190,1.088611,20.975710,0.215389,-0.748586,-0.546254,0.307950
0.8211,5811,Virtual,Pinky_FingerTip,-17.753940,1.075988,20.980040,0.215389,-0.748586,-0.546254,0.307950
0.8211,5811,Render,Wrist,-17.821620,1.032553,20.874530,-0.611102,-0.440626,0.133952,0.643785
0.8211,5811,Render,Thumb_CMC,-17.825070,1.077434,20.889170,0.046577,-0.533322,0.529977,0.657665
0.8211,5811,Render,Thumb_MCP,-17.830810,1.105863,20.922140,0.086640,-0.528295,0.478902,0.695738
0.8211,5811,Render,Thumb_IP,-17.831630,1.134047,20.962250,0.157230,-0.511743,0.380501,0.754067
0.8211,5811,Render,Thumb_FingerTip,-17.826310,1.145815,20.987660,0.157230,-0.511743,0.380501,0.754067
0.8211,5811,Render,Index_MCP,-17.784020,1.131175,20.919050,-0.488716,-0.537647,0.022243,0.686730
0.8211,5811,Render,Index_PIP,-17.764310,1.157215,20.952610,-0.324590,-0.650038,-0.164833,0.667025
0.8211,5811,Render,Index_DIP,-17.761700,1.162461,20.977900,-0.155681,-0.709698,-0.323023,0.606423
0.8211,5811,Render,Index_FingerTip,-17.767510,1.157866,21.003760,-0.155681,-0.709698,-0.323023,0.606423
0.8211,5811,Render,Middle_MCP,-17.762760,1.113926,20.920800,-0.513211,-0.551555,0.005559,0.657550
0.8211,5811,Render,Middle_PIP,-17.742090,1.144207,20.958800,-0.340137,-0.672239,-0.176999,0.633304
0.8211,5811,Render,Middle_DIP,-17.741160,1.150669,20.985740,-0.161124,-0.735960,-0.329822,0.568876
0.8211,5811,Render,Middle_FingerTip,-17.749670,1.146761,21.012450,-0.161124,-0.735960,-0.329822,0.568876
0.8211,5811,Render,Ring_MCP,-17.748100,1.094422,20.923780,-0.529803,-0.557219,-0.001567,0.639386
0.8211,5811,Render,Ring_PIP,-17.730460,1.121804,20.957020,-0.356125,-0.681439,-0.177352,0.614299
0.8211,5811,Render,Ring_DIP,-17.730250,1.128850,20.982400,-0.175901,-0.748494,-0.324233,0.551080
0.8211,5811,Render,Ring_FingerTip,-17.738780,1.126424,21.006630,-0.175901,-0.748494,-0.324233,0.551080
0.8211,5811,Render,Pinky_MCP,-17.739270,1.073957,20.925680,-0.516290,-0.583283,-0.033064,0.626206
0.8211,5811,Render,Pinky_PIP,-17.726770,1.096040,20.955790,-0.293717,-0.721460,-0.238799,0.579830
0.8211,5811,Render,Pinky_DIP,-17.729620,1.098735,20.973710,-0.064188,-0.776308,-0.401477,0.481709
0.8211,5811,Render,Pinky_FingerTip,-17.739730,1.093234,20.989030,-0.064188,-0.776308,-0.401477,0.481709
0.8348,5812,Real,Wrist,-17.826600,1.036774,20.877520,-0.608080,-0.453230,0.147005,0.634990
0.8348,5812,Real,Thumb_CMC,-17.831820,1.081709,20.891460,0.142122,-0.493338,0.513029,0.687910
0.8348,5812,Real,Thumb_MCP,-17.832390,1.106545,20.927660,0.275689,-0.433102,0.297820,0.804812
0.8348,5812,Real,Thumb_IP,-17.810460,1.118340,20.969890,0.453360,-0.240927,-0.137603,0.847045
0.8348,5812,Real,Thumb_FingerTip,-17.786350,1.105471,20.977970,0.453360,-0.240927,-0.137603,0.847045
0.8348,5812,Real,Index_MCP,-17.793020,1.137380,20.920810,-0.443122,-0.582302,-0.011729,0.681492
0.8348,5812,Real,Index_PIP,-17.777960,1.160798,20.958460,-0.194340,-0.705453,-0.264727,0.628083
0.8348,5812,Real,Index_DIP,-17.781480,1.159283,20.984130,0.054608,-0.729692,-0.460797,0.502230
0.8348,5812,Real,Index_FingerTip,-17.794650,1.144689,21.002490,0.054608,-0.729692,-0.460797,0.502230
0.8348,5812,Real,Middle_MCP,-17.771150,1.120963,20.922970,-0.428158,-0.625987,-0.066945,0.648337
0.8348,5812,Real,Middle_PIP,-17.760200,1.144685,20.968850,-0.093596,-0.752607,-0.356677,0.545531
0.8348,5812,Real,Middle_DIP,-17.770940,1.137803,20.993470,0.227613,-0.723444,-0.551117,0.347983
0.8348,5812,Real,Middle_FingerTip,-17.789450,1.117629,21.000620,0.227613,-0.723444,-0.551117,0.347983
0.8348,5812,Real,Ring_MCP,-17.755800,1.102065,20.926340,-0.441278,-0.635645,-0.074177,0.629069
0.8348,5812,Real,Ring_PIP,-17.747380,1.123828,20.966600,-0.098755,-0.767475,-0.355691,0.524131
0.8348,5812,Real,Ring_DIP,-17.758740,1.117999,20.989650,0.230896,-0.738551,-0.542127,0.327610
0.8348,5812,Real,Ring_FingerTip,-17.776250,1.100035,20.995670,0.230896,-0.738551,-0.542127,0.327610
0.8348,5812,Real,Pinky_MCP,-17.746230,1.081975,20.928610,-0.450651,-0.641300,-0.078149,0.616069
0.8348,5812,Real,Pinky_PIP,-17.739720,1.100941,20.962500,-0.104468,-0.776813,-0.353226,0.510764
0.8348,5812,Real,Pinky_DIP,-17.748090,1.097299,20.978410,0.229606,-0.749422,-0.534303,0.316495
0.8348,5812,Real,Pinky_FingerTip,-17.761390,1.084226,20.982800,0.229606,-0.749422,-0.534303,0.316495
0.8348,5812,Virtual,Wrist,-17.824220,1.034636,20.876010,-0.610028,-0.447057,0.139345,0.639210
0.8348,5812,Virtual,Thumb_CMC,-17.828500,1.079556,20.890300,0.140255,-0.496134,0.503989,0.692947
0.8348,5812,Virtual,Thumb_MCP,-17.828520,1.104116,20.926690,0.274688,-0.436311,0.287726,0.807090
0.8348,5812,Virtual,Thumb_IP,-17.806270,1.115135,20.968980,0.454071,-0.244213,-0.147508,0.844051
0.8348,5812,Virtual,Thumb_FingerTip,-17.782410,1.101718,20.976910,0.454071,-0.244213,-0.147508,0.844051
0.8348,5812,Virtual,Index_MCP,-17.788540,1.134201,20.920010,-0.446346,-0.577132,-0.020499,0.683575
0.8348,5812,Virtual,Index_PIP,-17.772950,1.157014,20.957810,-0.199257,-0.701856,-0.273642,0.626750
0.8348,5812,Virtual,Index_DIP,-17.776450,1.155371,20.983480,0.048766,-0.727961,-0.468742,0.497972
0.8348,5812,Virtual,Index_FingerTip,-17.789880,1.140903,21.001750,0.048766,-0.727961,-0.468742,0.497972
0.8348,5812,Virtual,Middle_MCP,-17.767000,1.117328,20.922000,-0.432003,-0.620780,-0.075560,0.649844
0.8348,5812,Virtual,Middle_PIP,-17.755500,1.140465,20.968050,-0.099400,-0.749742,-0.365024,0.542922
0.8348,5812,Virtual,Middle_DIP,-17.766330,1.133610,20.992630,0.221143,-0.723249,-0.557626,0.342141
0.8348,5812,Virtual,Middle_FingerTip,-17.785230,1.113759,20.999650,0.221143,-0.723249,-0.557626,0.342141
0.8348,5812,Virtual,Ring_MCP,-17.752030,1.098097,20.925200,-0.445301,-0.630294,-0.082623,0.630564
0.8348,5812,Virtual,Ring_PIP,-17.743100,1.119371,20.965610,-0.104791,-0.764580,-0.363875,0.521567
0.8348,5812,Virtual,Ring_DIP,-17.754540,1.113593,20.988630,0.224202,-0.738442,-0.548491,0.321861
0.8348,5812,Virtual,Ring_FingerTip,-17.772400,1.095941,20.994550,0.224202,-0.738442,-0.548491,0.321861
0.8348,5812,Virtual,Pinky_MCP,-17.742860,1.077801,20.927300,-0.454785,-0.635850,-0.086476,0.617566
0.8348,5812,Virtual,Pinky_PIP,-17.735910,1.096366,20.961320,-0.110649,-0.773881,-0.361306,0.508256
0.8348,5812,Virtual,Pinky_DIP,-17.744330,1.092770,20.977210,0.222766,-0.749340,-0.540596,0.310840
0.8348,5812,Virtual,Pinky_FingerTip,-17.757880,1.079936,20.981520,0.222766,-0.749340,-0.540596,0.310840
0.8348,5812,Render,Wrist,-17.824220,1.034636,20.876010,-0.610028,-0.447057,0.139345,0.639210
0.8348,5812,Render,Thumb_CMC,-17.828500,1.079556,20.890300,0.047131,-0.532174,0.537788,0.652192
0.8348,5812,Render,Thumb_MCP,-17.834860,1.108156,20.923000,0.087106,-0.527108,0.487104,0.690869
0.8348,5812,Render,Thumb_IP,-17.836350,1.136654,20.962880,0.157530,-0.510504,0.389285,0.750352
0.8348,5812,Render,Thumb_FingerTip,-17.831340,1.148719,20.988200,0.157530,-0.510504,0.389285,0.750352
0.8348,5812,Render,Index_MCP,-17.788540,1.134201,20.920010,-0.486676,-0.543555,0.028689,0.683280
0.8348,5812,Render,Index_PIP,-17.769460,1.160812,20.953480,-0.321023,-0.655172,-0.157693,0.665453
0.8348,5812,Render,Index_DIP,-17.767080,1.166283,20.978740,-0.150967,-0.713803,-0.315715,0.606646
0.8348,5812,Render,Index_FingerTip,-17.772950,1.161776,21.004600,-0.150967,-0.713803,-0.315715,0.606646
0.8348,5812,Render,Middle_MCP,-17.767000,1.117328,20.922000,-0.510900,-0.557652,0.011742,0.654117
0.8348,5812,Render,Middle_PIP,-17.747050,1.148229,20.959880,-0.336226,-0.677456,-0.170107,0.631720
0.8348,5812,Render,Middle_DIP,-17.746380,1.154899,20.986780,-0.156033,-0.740032,-0.322753,0.569067
0.8348,5812,Render,Middle_FingerTip,-17.754970,1.151039,21.013470,-0.156033,-0.740032,-0.322753,0.569067
0.8348,5812,Render,Ring_MCP,-17.752030,1.098097,20.925200,-0.527358,-0.563433,0.004437,0.635938
0.8348,5812,Render,Ring_PIP,-17.735040,1.126014,20.958330,-0.352066,-0.686741,-0.170631,0.612636
0.8348,5812,Render,Ring_DIP,-17.735080,1.133246,20.983660,-0.170653,-0.752623,-0.317309,0.551137
0.8348,5812,Render,Ring_FingerTip,-17.743700,1.130849,21.007850,-0.170653,-0.752623,-0.317309,0.551137
0.8348,5812,Render,Pinky_MCP,-17.742860,1.077801,20.927300,-0.513491,-0.589459,-0.027039,0.623005
0.8348,5812,Render,Pinky_PIP,-17.730910,1.100309,20.957310,-0.289029,-0.726358,-0.232053,0.578807
0.8348,5812,Render,Pinky_DIP,-17.733890,1.103083,20.975200,-0.058248,-0.779578,-0.394735,0.482753
0.8348,5812,Render,Pinky_FingerTip,-17.743990,1.097522,20.990500,-0.058248,-0.779578,-0.394735,0.482753
0.8492,5813,Real,Wrist,-17.829040,1.038900,20.878880,-0.605851,-0.459848,0.154110,0.630662
0.8492,5813,Real,Thumb_CMC,-17.835210,1.083814,20.892480,0.144447,-0.491076,0.521335,0.682781
0.8492,5813,Real,Thumb_MCP,-17.836350,1.108845,20.928540,0.277539,-0.430108,0.306754,0.802422
0.8492,5813,Real,Thumb_IP,-17.814690,1.121277,20.970730,0.453751,-0.236920,-0.129571,0.849230
0.8492,5813,Real,Thumb_FingerTip,-17.790340,1.108878,20.978850,0.453751,-0.236920,-0.129571,0.849230
0.8492,5813,Real,Index_MCP,-17.797650,1.140466,20.921560,-0.439509,-0.587853,-0.003444,0.679154
0.8492,5813,Real,Index_PIP,-17.783190,1.164445,20.959090,-0.188919,-0.709259,-0.256167,0.628999
0.8492,5813,Real,Index_DIP,-17.786760,1.163036,20.984760,0.060994,-0.731450,-0.453045,0.505975
0.8492,5813,Real,Index_FingerTip,-17.799680,1.148303,21.003190,0.060994,-0.731450,-0.453045,0.505975
0.8492,5813,Real,Middle_MCP,-17.775460,1.124513,20.923890,-0.423685,-0.631669,-0.059043,0.646528
0.8492,5813,Real,Middle_PIP,-17.765160,1.148746,20.969660,-0.086647,-0.755651,-0.349092,0.547376
0.8492,5813,Real,Middle_DIP,-17.775850,1.141783,20.994270,0.235515,-0.723221,-0.545140,0.352573
0.8492,5813,Real,Middle_FingerTip,-17.793980,1.121264,21.001440,0.235515,-0.723221,-0.545140,0.352573
0.8492,5813,Real,Ring_MCP,-17.759740,1.105955,20.927450,-0.436692,-0.641415,-0.066385,0.627280
0.8492,5813,Real,Ring_PIP,-17.751900,1.128149,20.967590,-0.091764,-0.770515,-0.348130,0.526016
0.8492,5813,Real,Ring_DIP,-17.763220,1.122226,20.990630,0.238743,-0.738319,-0.536146,0.332317
0.8492,5813,Real,Ring_FingerTip,-17.780390,1.103937,20.996680,0.238743,-0.738319,-0.536146,0.332317
0.8492,5813,Real,Pinky_MCP,-17.749770,1.086081,20.929890,-0.445955,-0.647162,-0.070480,0.614279
0.8492,5813,Real,Pinky_PIP,-17.743760,1.105397,20.963670,-0.097334,-0.779885,-0.345769,0.512591
0.8492,5813,Real,Pinky_DIP,-17.752120,1.101680,20.979570,0.237601,-0.749160,-0.528390,0.321108
0.8492,5813,Real,Pinky_FingerTip,-17.765160,1.088358,20.983980,0.237601,-0.749160,-0.528390,0.321108
0.8492,5813,Virtual,Wrist,-17.826600,1.036775,20.877530,-0.608080,-0.453230,0.147005,0.634989
0.8492,5813,Virtual,Thumb_CMC,-17.831820,1.081709,20.891460,0.142593,-0.493289,0.512432,0.688293
0.8492,5813,Virtual,Thumb_MCP,-17.832340,1.106507,20.927700,0.276387,-0.432755,0.296656,0.805189
0.8492,5813,Virtual,Thumb_IP,-17.810310,1.118201,20.969910,0.454056,-0.239791,-0.139718,0.846648
0.8492,5813,Virtual,Thumb_FingerTip,-17.786200,1.105253,20.977870,0.454056,-0.239791,-0.139718,0.846648
0.8492,5813,Virtual,Index_MCP,-17.793030,1.137381,20.920820,-0.443122,-0.582302,-0.011729,0.681491
0.8492,5813,Virtual,Index_PIP,-17.777970,1.160799,20.958470,-0.194339,-0.705454,-0.264727,0.628083
0.8492,5813,Virtual,Index_DIP,-17.781490,1.159284,20.984140,0.054608,-0.729692,-0.460796,0.502230
0.8492,5813,Virtual,Index_FingerTip,-17.794660,1.144689,21.002500,0.054608,-0.729692,-0.460796,0.502230
0.8492,5813,Virtual,Middle_MCP,-17.771160,1.120964,20.922970,-0.427943,-0.626134,-0.067168,0.648314
0.8492,5813,Virtual,Middle_PIP,-17.760230,1.144663,20.968880,-0.092970,-0.752685,-0.357130,0.545234
0.8492,5813,Virtual,Middle_DIP,-17.770990,1.137748,20.993470,0.228532,-0.723154,-0.551559,0.347282
0.8492,5813,Virtual,Middle_FingerTip,-17.789510,1.117553,21.000550,0.228532,-0.723154,-0.551559,0.347282
0.8492,5813,Virtual,Ring_MCP,-17.755800,1.102066,20.926350,-0.441126,-0.635751,-0.074328,0.629051
0.8492,5813,Virtual,Ring_PIP,-17.747400,1.123815,20.966620,-0.098310,-0.767532,-0.355995,0.523925
0.8492,5813,Virtual,Ring_DIP,-17.758770,1.117964,20.989650,0.231550,-0.738346,-0.542417,0.327130
0.8492,5813,Virtual,Ring_FingerTip,-17.776290,1.099986,20.995640,0.231550,-0.738346,-0.542417,0.327130
0.8492,5813,Virtual,Pinky_MCP,-17.746230,1.081976,20.928630,-0.450498,-0.641408,-0.078296,0.616050
0.8492,5813,Virtual,Pinky_PIP,-17.739730,1.100931,20.962510,-0.104018,-0.776873,-0.353522,0.510559
0.8492,5813,Virtual,Pinky_DIP,-17.748120,1.097273,20.978420,0.230270,-0.749218,-0.534583,0.316022
0.8492,5813,Virtual,Pinky_FingerTip,-17.761420,1.084190,20.982780,0.230270,-0.749218,-0.534583,0.316022
0.8492,5813,Render,Wrist,-17.826600,1.036775,20.877530,-0.608080,-0.453230,0.147005,0.634989
0.8492,5813,Render,Thumb_CMC,-17.831820,1.081709,20.891460,0.049656,-0.530747,0.546273,0.646087
0.8492,5813,Render,Thumb_MCP,-17.838860,1.110390,20.923960,0.089516,-0.525495,0.496025,0.685421
0.8492,5813,Render,Thumb_IP,-17.841040,1.139117,20.963640,0.159701,-0.508580,0.398861,0.746159
0.8492,5813,Render,Thumb_FingerTip,-17.836350,1.151451,20.988900,0.159701,-0.508580,0.398861,0.746159
0.8492,5813,Render,Index_MCP,-17.793030,1.137381,20.920820,-0.483832,-0.548944,0.037287,0.680572
0.8492,5813,Render,Index_PIP,-17.774550,1.164632,20.954120,-0.316824,-0.659587,-0.148683,0.665178
0.8492,5813,Render,Index_DIP,-17.772330,1.170346,20.979340,-0.145815,-0.717057,-0.306912,0.608583
0.8492,5813,Render,Index_FingerTip,-17.778160,1.165923,21.005220,-0.145815,-0.717057,-0.306912,0.608583
0.8492,5813,Render,Middle_MCP,-17.771160,1.120964,20.922970,-0.507783,-0.563324,0.020078,0.651474
0.8492,5813,Render,Middle_PIP,-17.751910,1.152555,20.960660,-0.331658,-0.682042,-0.161364,0.631493
0.8492,5813,Render,Middle_DIP,-17.751420,1.159446,20.987500,-0.150463,-0.743330,-0.314231,0.571035
0.8492,5813,Render,Middle_FingerTip,-17.759990,1.155621,21.014200,-0.150463,-0.743330,-0.314231,0.571035
0.8492,5813,Render,Ring_MCP,-17.755800,1.102066,20.926350,-0.524105,-0.569284,0.012598,0.633302
0.8492,5813,Render,Ring_PIP,-17.739450,1.130577,20.959290,-0.347328,-0.691472,-0.162060,0.612345
0.8492,5813,Render,Ring_DIP,-17.739680,1.138003,20.984570,-0.164890,-0.756030,-0.308934,0.552983
0.8492,5813,Render,Ring_FingerTip,-17.748300,1.135620,21.008770,-0.164890,-0.756030,-0.308934,0.552983
0.8492,5813,Render,Pinky_MCP,-17.746230,1.081976,20.928630,-0.509897,-0.595280,-0.018893,0.620718
0.8492,5813,Render,Pinky_PIP,-17.734790,1.104953,20.958480,-0.283709,-0.730658,-0.223610,0.579351
0.8492,5813,Render,Pinky_DIP,-17.737870,1.107806,20.976340,-0.051883,-0.782087,-0.386842,0.485800
0.8492,5813,Render,Pinky_FingerTip,-17.747880,1.102160,20.991660,-0.051883,-0.782087,-0.386842,0.485800
0.8631,5814,Real,Wrist,-17.831260,1.041138,20.880310,-0.602649,-0.464855,0.163322,0.627734
0.8631,5814,Real,Thumb_CMC,-17.838360,1.085996,20.893650,0.148346,-0.486739,0.530006,0.678360
0.8631,5814,Real,Thumb_MCP,-17.839930,1.111230,20.929550,0.280050,-0.424845,0.316323,0.800637
0.8631,5814,Real,Thumb_IP,-17.818410,1.124398,20.971590,0.453335,-0.231103,-0.120369,0.852403
0.8631,5814,Real,Thumb_FingerTip,-17.793780,1.112578,20.979710,0.453335,-0.231103,-0.120369,0.852403
0.8631,5814,Real,Index_MCP,-17.801940,1.143630,20.922240,-0.435343,-0.591492,0.006451,0.678655
0.8631,5814,Real,Index_PIP,-17.787880,1.168157,20.959570,-0.183697,-0.711085,-0.246799,0.632222
0.8631,5814,Real,Index_DIP,-17.791340,1.166838,20.985260,0.066525,-0.731410,-0.445310,0.512166
0.8631,5814,Real,Index_FingerTip,-17.803890,1.151950,21.003820,0.066525,-0.731410,-0.445310,0.512166
0.8631,5814,Real,Middle_MCP,-17.779400,1.128174,20.924610,-0.419031,-0.635365,-0.049379,0.646751
0.8631,5814,Real,Middle_PIP,-17.769490,1.152919,20.970190,-0.080816,-0.756799,-0.340607,0.552007
0.8631,5814,Real,Middle_DIP,-17.779950,1.145886,20.994880,0.241295,-0.721840,-0.539350,0.360314
0.8631,5814,Real,Middle_FingerTip,-17.797610,1.125029,21.002230,0.241295,-0.721840,-0.539350,0.360314
0.8631,5814,Real,Ring_MCP,-17.763270,1.109982,20.928230,-0.431881,-0.645305,-0.056876,0.627556
0.8631,5814,Real,Ring_PIP,-17.755790,1.132599,20.968210,-0.085702,-0.771748,-0.339819,0.530645
0.8631,5814,Real,Ring_DIP,-17.766920,1.126583,20.991320,0.244766,-0.736905,-0.530532,0.339996
0.8631,5814,Real,Ring_FingerTip,-17.783660,1.107968,20.997540,0.244766,-0.736905,-0.530532,0.339996
0.8631,5814,Real,Pinky_MCP,-17.752860,1.090343,20.930760,-0.441046,-0.651184,-0.061078,0.614579
0.8631,5814,Real,Pinky_PIP,-17.747180,1.110003,20.964400,-0.091124,-0.781191,-0.337565,0.517193
0.8631,5814,Real,Pinky_DIP,-17.755400,1.106209,20.980350,0.243788,-0.747750,-0.522860,0.328718
0.8631,5814,Real,Pinky_FingerTip,-17.768140,1.092638,20.984890,0.243788,-0.747750,-0.522860,0.328718
0.8631,5814,Virtual,Wrist,-17.829040,1.038899,20.878880,-0.605851,-0.459848,0.154110,0.630662
0.8631,5814,Virtual,Thumb_CMC,-17.835220,1.083813,20.892490,0.144447,-0.491076,0.521335,0.682781
0.8631,5814,Virtual,Thumb_MCP,-17.836360,1.108844,20.928540,0.277539,-0.430108,0.306754,0.802422
0.8631,5814,Virtual,Thumb_IP,-17.814690,1.121276,20.970740,0.453751,-0.236920,-0.129570,0.849230
0.8631,5814,Virtual,Thumb_FingerTip,-17.790350,1.108876,20.978860,0.453751,-0.236920,-0.129570,0.849230
0.8631,5814,Virtual,Index_MCP,-17.797660,1.140465,20.921560,-0.439509,-0.587853,-0.003444,0.679153
0.8631,5814,Virtual,Index_PIP,-17.783190,1.164443,20.959100,-0.188919,-0.709259,-0.256167,0.628999
0.8631,5814,Virtual,Index_DIP,-17.786760,1.163035,20.984770,0.060994,-0.731450,-0.453045,0.505975
0.8631,5814,Virtual,Index_FingerTip,-17.799690,1.148302,21.003190,0.060994,-0.731450,-0.453045,0.505975
0.8631,5814,Virtual,Middle_MCP,-17.775460,1.124512,20.923900,-0.423685,-0.631669,-0.059043,0.646528
0.8631,5814,Virtual,Middle_PIP,-17.765160,1.148745,20.969670,-0.086647,-0.755651,-0.349092,0.547376
0.8631,5814,Virtual,Middle_DIP,-17.775850,1.141781,20.994280,0.235515,-0.723221,-0.545140,0.352573
0.8631,5814,Virtual,Middle_FingerTip,-17.793980,1.121263,21.001450,0.235515,-0.723221,-0.545140,0.352573
0.8631,5814,Virtual,Ring_MCP,-17.759740,1.105954,20.927450,-0.436692,-0.641415,-0.066385,0.627280
0.8631,5814,Virtual,Ring_PIP,-17.751910,1.128148,20.967600,-0.091764,-0.770515,-0.348130,0.526016
0.8631,5814,Virtual,Ring_DIP,-17.763230,1.122225,20.990640,0.238743,-0.738319,-0.536146,0.332317
0.8631,5814,Virtual,Ring_FingerTip,-17.780390,1.103935,20.996690,0.238743,-0.738319,-0.536146,0.332317
0.8631,5814,Virtual,Pinky_MCP,-17.749760,1.086079,20.929900,-0.445955,-0.647162,-0.070480,0.614279
0.8631,5814,Virtual,Pinky_PIP,-17.743760,1.105396,20.963680,-0.097334,-0.779885,-0.345769,0.512591
0.8631,5814,Virtual,Pinky_DIP,-17.752120,1.101678,20.979580,0.237601,-0.749160,-0.528390,0.321108
0.8631,5814,Virtual,Pinky_FingerTip,-17.765170,1.088357,20.983980,0.237601,-0.749160,-0.528390,0.321108
0.8631,5814,Render,Wrist,-17.829040,1.038899,20.878880,-0.605851,-0.459848,0.154110,0.630662
0.8631,5814,Render,Thumb_CMC,-17.835220,1.083813,20.892490,0.051992,-0.529297,0.554733,0.639854
0.8631,5814,Render,Thumb_MCP,-17.842940,1.112568,20.924760,0.091736,-0.523873,0.504930,0.679844
0.8631,5814,Render,Thumb_IP,-17.845820,1.141518,20.964230,0.161681,-0.506673,0.408438,0.741836
0.8631,5814,Render,Thumb_FingerTip,-17.841460,1.154119,20.989420,0.161681,-0.506673,0.408438,0.741836
0.8631,5814,Render,Index_MCP,-17.797660,1.140465,20.921560,-0.480627,-0.554740,0.045382,0.677644
0.8631,5814,Render,Index_PIP,-17.779840,1.168316,20.954730,-0.312168,-0.664297,-0.140097,0.664556
0.8631,5814,Render,Index_DIP,-17.777810,1.174248,20.979920,-0.140148,-0.720484,-0.298434,0.610081
0.8631,5814,Render,Index_FingerTip,-17.783630,1.169885,21.005810,-0.140148,-0.720484,-0.298434,0.610081
0.8631,5814,Render,Middle_MCP,-17.775460,1.124512,20.923900,-0.504304,-0.569379,0.027892,0.648619
0.8631,5814,Render,Middle_PIP,-17.756980,1.156748,20.961420,-0.326636,-0.686895,-0.153065,0.630917
0.8631,5814,Render,Middle_DIP,-17.756710,1.163833,20.988210,-0.144387,-0.746772,-0.306052,0.572553
0.8631,5814,Render,Middle_FingerTip,-17.765280,1.160017,21.014920,-0.144387,-0.746772,-0.306052,0.572553
0.8631,5814,Render,Ring_MCP,-17.759740,1.105954,20.927450,-0.520490,-0.575503,0.020224,0.630459
0.8631,5814,Render,Ring_PIP,-17.744070,1.135020,20.960240,-0.342142,-0.696457,-0.153946,0.611709
0.8631,5814,Render,Ring_DIP,-17.744530,1.142613,20.985470,-0.158629,-0.759573,-0.300916,0.554379
0.8631,5814,Render,Ring_FingerTip,-17.753170,1.140222,21.009660,-0.158629,-0.759573,-0.300916,0.554379
0.8631,5814,Render,Pinky_MCP,-17.749760,1.086079,20.929900,-0.505926,-0.601442,-0.011283,0.618206
0.8631,5814,Render,Pinky_PIP,-17.738890,1.109491,20.959630,-0.277919,-0.735157,-0.215597,0.579503
0.8631,5814,Render,Pinky_DIP,-17.742080,1.112403,20.977460,-0.045013,-0.784645,-0.379242,0.488345
0.8631,5814,Render,Pinky_FingerTip,-17.752020,1.106660,20.992790,-0.045013,-0.784645,-0.379242,0.488345
0.8771,5815,Real,Wrist,-17.833040,1.043397,20.881850,-0.599116,-0.468908,0.174469,0.625097
0.8771,5815,Real,Thumb_CMC,-17.841080,1.088183,20.894890,0.153252,-0.480527,0.539036,0.674573
0.8771,5815,Real,Thumb_MCP,-17.842960,1.113649,20.930610,0.283101,-0.417428,0.325857,0.799641
0.8771,5815,Real,Thumb_IP,-17.821430,1.127612,20.972390,0.452424,-0.222946,-0.111967,0.856196
0.8771,5815,Real,Thumb_FingerTip,-17.796480,1.116399,20.980380,0.452424,-0.222946,-0.111967,0.856196
0.8771,5815,Real,Index_MCP,-17.805790,1.146862,20.922780,-0.431117,-0.594039,0.018100,0.678918
0.8771,5815,Real,Index_PIP,-17.792040,1.171999,20.959820,-0.178573,-0.711938,-0.236312,0.636721
0.8771,5815,Real,Index_DIP,-17.795300,1.170787,20.985540,0.071871,-0.730464,-0.437118,0.519793
0.8771,5815,Real,Index_FingerTip,-17.807390,1.155739,21.004280,0.071871,-0.730464,-0.437118,0.519793
0.8771,5815,Real,Middle_MCP,-17.782890,1.131948,20.925110,-0.414458,-0.637996,-0.037894,0.647881
0.8771,5815,Real,Middle_PIP,-17.773230,1.157281,20.970420,-0.075426,-0.757050,-0.331009,0.558228
0.8771,5815,Real,Middle_DIP,-17.783350,1.150203,20.995230,0.246405,-0.719791,-0.533263,0.369888
0.8771,5815,Real,Middle_FingerTip,-17.800470,1.129000,21.002860,0.246405,-0.719791,-0.533263,0.369888
0.8771,5815,Real,Ring_MCP,-17.766320,1.114161,20.928750,-0.426991,-0.648279,-0.045680,0.628749
0.8771,5815,Real,Ring_PIP,-17.759090,1.137251,20.968500,-0.079607,-0.772173,-0.330701,0.536702
0.8771,5815,Real,Ring_DIP,-17.769930,1.131138,20.991730,0.250808,-0.734631,-0.524937,0.349076
0.8771,5815,Real,Ring_FingerTip,-17.786190,1.112175,20.998170,0.250808,-0.734631,-0.524937,0.349076
0.8771,5815,Real,Pinky_MCP,-17.755440,1.094787,20.931370,-0.436052,-0.654327,-0.049974,0.615807
0.8771,5815,Real,Pinky_PIP,-17.749980,1.114831,20.964810,-0.084854,-0.781719,-0.328538,0.523238
0.8771,5815,Real,Pinky_DIP,-17.758020,1.110957,20.980840,0.250038,-0.745497,-0.517338,0.337753
0.8771,5815,Real,Pinky_FingerTip,-17.770410,1.097120,20.985530,0.250038,-0.745497,-0.517338,0.337753
0.8771,5815,Virtual,Wrist,-17.831270,1.041139,20.880320,-0.602649,-0.464855,0.163322,0.627735
0.8771,5815,Virtual,Thumb_CMC,-17.838370,1.085997,20.893650,0.148433,-0.486729,0.529897,0.678434
0.8771,5815,Virtual,Thumb_MCP,-17.839930,1.111224,20.929560,0.280236,-0.424741,0.315999,0.800755
0.8771,5815,Virtual,Thumb_IP,-17.818380,1.124365,20.971600,0.453548,-0.230719,-0.121088,0.852292
0.8771,5815,Virtual,Thumb_FingerTip,-17.793750,1.112518,20.979670,0.453548,-0.230719,-0.121088,0.852292
0.8771,5815,Virtual,Index_MCP,-17.801940,1.143631,20.922250,-0.435343,-0.591492,0.006451,0.678655
0.8771,5815,Virtual,Index_PIP,-17.787890,1.168158,20.959580,-0.183444,-0.711150,-0.247024,0.632135
0.8771,5815,Virtual,Index_DIP,-17.791360,1.166824,20.985270,0.067019,-0.731365,-0.445656,0.511865
0.8771,5815,Virtual,Index_FingerTip,-17.803920,1.151914,21.003800,0.067019,-0.731365,-0.445656,0.511865
0.8771,5815,Virtual,Middle_MCP,-17.779410,1.128175,20.924620,-0.419115,-0.635310,-0.049293,0.646757
0.8771,5815,Virtual,Middle_PIP,-17.769490,1.152929,20.970190,-0.080796,-0.756801,-0.340622,0.551998
0.8771,5815,Virtual,Middle_DIP,-17.779950,1.145895,20.994870,0.241417,-0.721799,-0.539411,0.360223
0.8771,5815,Virtual,Middle_FingerTip,-17.797610,1.125035,21.002220,0.241417,-0.721799,-0.539411,0.360223
0.8771,5815,Virtual,Ring_MCP,-17.763280,1.109983,20.928240,-0.431813,-0.645350,-0.056943,0.627550
0.8771,5815,Virtual,Ring_PIP,-17.755810,1.132593,20.968220,-0.085237,-0.771799,-0.340139,0.530440
0.8771,5815,Virtual,Ring_DIP,-17.766940,1.126553,20.991310,0.245540,-0.736648,-0.530889,0.339439
0.8771,5815,Virtual,Ring_FingerTip,-17.783690,1.107921,20.997490,0.245540,-0.736648,-0.530889,0.339439
0.8771,5815,Virtual,Pinky_MCP,-17.752870,1.090344,20.930770,-0.440977,-0.651231,-0.061143,0.614573
0.8771,5815,Virtual,Pinky_PIP,-17.747190,1.109998,20.964410,-0.090653,-0.781245,-0.337877,0.516989
0.8771,5815,Virtual,Pinky_DIP,-17.755420,1.106188,20.980360,0.244573,-0.747493,-0.523205,0.328169
0.8771,5815,Virtual,Pinky_FingerTip,-17.768160,1.092604,20.984850,0.244573,-0.747493,-0.523205,0.328169
0.8771,5815,Render,Wrist,-17.831270,1.041139,20.880320,-0.602649,-0.464855,0.163322,0.627735
0.8771,5815,Render,Thumb_CMC,-17.838370,1.085997,20.893650,0.056499,-0.525913,0.563208,0.634839
0.8771,5815,Render,Thumb_MCP,-17.846610,1.114788,20.925770,0.095975,-0.520159,0.513760,0.675481
0.8771,5815,Render,Thumb_IP,-17.849990,1.143923,20.965060,0.165379,-0.502420,0.417776,0.738707
0.8771,5815,Render,Thumb_FingerTip,-17.845830,1.156778,20.990150,0.165379,-0.502420,0.417776,0.738707
0.8771,5815,Render,Index_MCP,-17.801940,1.143631,20.922250,-0.476733,-0.558669,0.055216,0.676436
0.8771,5815,Render,Index_PIP,-17.784630,1.172073,20.955180,-0.307355,-0.667023,-0.130304,0.666060
0.8771,5815,Render,Index_DIP,-17.782660,1.178210,20.980320,-0.134814,-0.721949,-0.289307,0.613935
0.8771,5815,Render,Index_FingerTip,-17.788300,1.173891,21.006260,-0.134814,-0.721949,-0.289307,0.613935
0.8771,5815,Render,Middle_MCP,-17.779410,1.128175,20.924620,-0.500185,-0.573664,0.037499,0.647548
0.8771,5815,Render,Middle_PIP,-17.761510,1.161043,20.961860,-0.321491,-0.689869,-0.143538,0.632552
0.8771,5815,Render,Middle_DIP,-17.761320,1.168305,20.988620,-0.138661,-0.748364,-0.297237,0.576519
0.8771,5815,Render,Middle_FingerTip,-17.769720,1.164479,21.015370,-0.138661,-0.748364,-0.297237,0.576519
0.8771,5815,Render,Ring_MCP,-17.763280,1.109983,20.928240,-0.516258,-0.580015,0.029680,0.629428
0.8771,5815,Render,Ring_PIP,-17.748130,1.139591,20.960780,-0.336833,-0.699631,-0.144571,0.613319
0.8771,5815,Render,Ring_DIP,-17.748680,1.147335,20.985960,-0.152698,-0.761330,-0.292234,0.558266
0.8771,5815,Render,Ring_FingerTip,-17.757200,1.144916,21.010190,-0.152698,-0.761330,-0.292234,0.558266
0.8771,5815,Render,Pinky_MCP,-17.752870,1.090344,20.930770,-0.501426,-0.605916,-0.001896,0.617604
0.8771,5815,Render,Pinky_PIP,-17.742410,1.114176,20.960320,-0.272190,-0.737885,-0.206541,0.582047
0.8771,5815,Render,Pinky_DIP,-17.745600,1.117134,20.978140,-0.038730,-0.785533,-0.371364,0.493485
0.8771,5815,Render,Pinky_FingerTip,-17.755370,1.111278,20.993540,-0.038730,-0.785533,-0.371364,0.493485
0.8909,5816,Real,Wrist,-17.834840,1.045562,20.883300,-0.595567,-0.473465,0.184886,0.622052
0.8909,5816,Real,Thumb_CMC,-17.843830,1.090249,20.896060,0.157847,-0.474975,0.547822,0.670354
0.8909,5816,Real,Thumb_MCP,-17.846090,1.115916,20.931610,0.285937,-0.410800,0.335473,0.798087
0.8909,5816,Real,Thumb_IP,-17.824640,1.130651,20.973170,0.451616,-0.215776,-0.102851,0.859596
0.8909,5816,Real,Thumb_FingerTip,-17.799400,1.120058,20.981090,0.451616,-0.215776,-0.102851,0.859596
0.8909,5816,Real,Index_MCP,-17.809760,1.149925,20.923320,-0.426605,-0.597209,0.029005,0.678608
0.8909,5816,Real,Index_PIP,-17.796410,1.175630,20.960120,-0.173458,-0.713136,-0.225850,0.640579
0.8909,5816,Real,Index_DIP,-17.799510,1.174541,20.985870,0.076857,-0.729893,-0.428400,0.527090
0.8909,5816,Real,Index_FingerTip,-17.811140,1.159374,21.004800,0.076857,-0.729893,-0.428400,0.527090
0.8909,5816,Real,Middle_MCP,-17.786510,1.135556,20.925640,-0.409452,-0.641262,-0.027224,0.648375
0.8909,5816,Real,Middle_PIP,-17.777210,1.161422,20.970730,-0.069718,-0.757633,-0.321579,0.563665
0.8909,5816,Real,Middle_DIP,-17.787040,1.154301,20.995650,0.251633,-0.718018,-0.526842,0.378906
0.8909,5816,Real,Middle_FingerTip,-17.803640,1.132776,21.003540,0.251633,-0.718018,-0.526842,0.378906
0.8909,5816,Real,Ring_MCP,-17.769520,1.118180,20.929330,-0.421735,-0.651821,-0.035229,0.629308
0.8909,5816,Real,Ring_PIP,-17.762640,1.141701,20.968890,-0.073420,-0.772878,-0.321610,0.542066
0.8909,5816,Real,Ring_DIP,-17.773220,1.135506,20.992200,0.256629,-0.732716,-0.518879,0.357818
0.8909,5816,Real,Ring_FingerTip,-17.789010,1.116223,20.998860,0.256629,-0.732716,-0.518879,0.357818
0.8909,5816,Real,Pinky_MCP,-17.758190,1.099079,20.932030,-0.430687,-0.658024,-0.039620,0.616396
0.8909,5816,Real,Pinky_PIP,-17.753040,1.119473,20.965310,-0.078499,-0.782512,-0.319549,0.528585
0.8909,5816,Real,Pinky_DIP,-17.760910,1.115529,20.981410,0.256046,-0.743591,-0.511367,0.346435
0.8909,5816,Real,Pinky_FingerTip,-17.772950,1.101446,20.986260,0.256046,-0.743591,-0.511367,0.346435
0.8909,5816,Virtual,Wrist,-17.833040,1.043396,20.881860,-0.599116,-0.468908,0.174470,0.625097
0.8909,5816,Virtual,Thumb_CMC,-17.841080,1.088182,20.894900,0.153464,-0.480499,0.538767,0.674759
0.8909,5816,Virtual,Thumb_MCP,-17.842940,1.113632,20.930630,0.283300,-0.417339,0.325541,0.799745
0.8909,5816,Virtual,Thumb_IP,-17.821380,1.127568,20.972400,0.452556,-0.222765,-0.112305,0.856129
0.8909,5816,Virtual,Thumb_FingerTip,-17.796430,1.116342,20.980380,0.452556,-0.222765,-0.112305,0.856129
0.8909,5816,Virtual,Index_MCP,-17.805800,1.146861,20.922780,-0.430970,-0.594145,0.017933,0.678922
0.8909,5816,Virtual,Index_PIP,-17.792060,1.171983,20.959840,-0.178651,-0.711918,-0.236242,0.636747
0.8909,5816,Virtual,Index_DIP,-17.795310,1.170776,20.985560,0.071557,-0.730495,-0.436893,0.519982
0.8909,5816,Virtual,Index_FingerTip,-17.807390,1.155742,21.004310,0.071557,-0.730495,-0.436893,0.519982
0.8909,5816,Virtual,Middle_MCP,-17.782900,1.131946,20.925110,-0.414290,-0.638105,-0.038064,0.647871
0.8909,5816,Virtual,Middle_PIP,-17.773240,1.157262,20.970440,-0.075465,-0.757046,-0.330980,0.558246
0.8909,5816,Virtual,Middle_DIP,-17.783370,1.150186,20.995250,0.246163,-0.719874,-0.533138,0.370068
0.8909,5816,Virtual,Middle_FingerTip,-17.800490,1.128989,21.002900,0.246163,-0.719874,-0.533138,0.370068
0.8909,5816,Virtual,Ring_MCP,-17.766330,1.114160,20.928750,-0.426742,-0.648443,-0.045921,0.628732
0.8909,5816,Virtual,Ring_PIP,-17.759120,1.137227,20.968520,-0.079421,-0.772192,-0.330831,0.536622
0.8909,5816,Virtual,Ring_DIP,-17.769960,1.131105,20.991740,0.250892,-0.734603,-0.524976,0.349016
0.8909,5816,Virtual,Ring_FingerTip,-17.786230,1.112140,20.998170,0.250892,-0.734603,-0.524976,0.349016
0.8909,5816,Virtual,Pinky_MCP,-17.755450,1.094786,20.931370,-0.435800,-0.654494,-0.050210,0.615788
0.8909,5816,Virtual,Pinky_PIP,-17.750010,1.114811,20.964830,-0.084665,-0.781739,-0.328664,0.523159
0.8909,5816,Virtual,Pinky_DIP,-17.758050,1.110931,20.980860,0.250123,-0.745469,-0.517376,0.337694
0.8909,5816,Virtual,Pinky_FingerTip,-17.770440,1.097092,20.985540,0.250123,-0.745469,-0.517376,0.337694
0.8909,5816,Render,Wrist,-17.833040,1.043396,20.881860,-0.599116,-0.468908,0.174470,0.625097
0.8909,5816,Render,Thumb_CMC,-17.841080,1.088182,20.894900,0.062064,-0.520790,0.572320,0.630378
0.8909,5816,Render,Thumb_MCP,-17.849760,1.117027,20.926850,0.101138,-0.514631,0.523182,0.671720
0.8909,5816,Render,Thumb_IP,-17.853540,1.146385,20.965930,0.169748,-0.496246,0.427620,0.736252
0.8909,5816,Render,Thumb_FingerTip,-17.849500,1.159529,20.990900,0.169748,-0.496246,0.427620,0.736252
0.8909,5816,Render,Index_MCP,-17.805800,1.146861,20.922780,-0.472701,-0.561513,0.066854,0.675860
0.8909,5816,Render,Index_PIP,-17.788920,1.175952,20.955370,-0.302702,-0.668667,-0.118946,0.668662
0.8909,5816,Render,Index_DIP,-17.786910,1.182331,20.980440,-0.129901,-0.722405,-0.278931,0.619237
0.8909,5816,Render,Index_FingerTip,-17.792270,1.178087,21.006460,-0.129901,-0.722405,-0.278931,0.619237
0.8909,5816,Render,Middle_MCP,-17.782900,1.131946,20.925110,-0.495929,-0.576948,0.048947,0.647140
0.8909,5816,Render,Middle_PIP,-17.765500,1.165510,20.961980,-0.316491,-0.691844,-0.132426,0.635334
0.8909,5816,Render,Middle_DIP,-17.765280,1.172985,20.988670,-0.133325,-0.749025,-0.287174,0.581994
0.8909,5816,Render,Middle_FingerTip,-17.773410,1.169177,21.015510,-0.133325,-0.749025,-0.287174,0.581994
0.8909,5816,Render,Ring_MCP,-17.766330,1.114160,20.928750,-0.511883,-0.583578,0.041002,0.629072
0.8909,5816,Render,Ring_PIP,-17.751640,1.144363,20.960970,-0.331647,-0.701853,-0.133588,0.616090
0.8909,5816,Render,Ring_DIP,-17.752190,1.152291,20.986090,-0.147123,-0.762196,-0.282282,0.563675
0.8909,5816,Render,Ring_FingerTip,-17.760480,1.149866,21.010400,-0.147123,-0.762196,-0.282282,0.563675
0.8909,5816,Render,Pinky_MCP,-17.755450,1.094786,20.931370,-0.496820,-0.609471,0.009341,0.617761
0.8909,5816,Render,Pinky_PIP,-17.745340,1.119083,20.960650,-0.266667,-0.739712,-0.195992,0.585920
0.8909,5816,Render,Pinky_DIP,-17.748470,1.122108,20.978470,-0.032912,-0.785622,-0.362459,0.500339
0.8909,5816,Render,Pinky_FingerTip,-17.758000,1.116149,20.993990,-0.032912,-0.785622,-0.362459,0.500339
0.9053,5817,Real,Wrist,-17.836760,1.047727,20.884690,-0.592277,-0.478292,0.194521,0.618552
0.9053,5817,Real,Thumb_CMC,-17.846700,1.092298,20.897140,0.161534,-0.470032,0.556702,0.665628
0.9053,5817,Real,Thumb_MCP,-17.849410,1.118172,20.932520,0.288073,-0.405015,0.345328,0.796069
0.9053,5817,Real,Thumb_IP,-17.828160,1.133689,20.973890,0.450613,-0.209692,-0.093287,0.862714
0.9053,5817,Real,Thumb_FingerTip,-17.802670,1.123716,20.981800,0.450613,-0.209692,-0.093287,0.862714
0.9053,5817,Real,Index_MCP,-17.813870,1.152915,20.923850,-0.422430,-0.600639,0.039451,0.677665
0.9053,5817,Real,Index_PIP,-17.800980,1.179182,20.960410,-0.168306,-0.714764,-0.215804,0.643595
0.9053,5817,Real,Index_DIP,-17.803960,1.178217,20.986180,0.082256,-0.729691,-0.419956,0.533313
0.9053,5817,Real,Index_FingerTip,-17.815190,1.162938,21.005260,0.082256,-0.729691,-0.419956,0.533313
0.9053,5817,Real,Middle_MCP,-17.790300,1.139081,20.926200,-0.404774,-0.644759,-0.016974,0.648195
0.9053,5817,Real,Middle_PIP,-17.781430,1.165482,20.971060,-0.063957,-0.758594,-0.312388,0.568206
0.9053,5817,Real,Middle_DIP,-17.791020,1.158331,20.996060,0.257273,-0.716496,-0.520371,0.386857
0.9053,5817,Real,Middle_FingerTip,-17.807110,1.136505,21.004180,0.257273,-0.716496,-0.520371,0.386857
0.9053,5817,Real,Ring_MCP,-17.772910,1.122114,20.929950,-0.416881,-0.655515,-0.025130,0.629190
0.9053,5817,Real,Ring_PIP,-17.766430,1.146076,20.969320,-0.067410,-0.773916,-0.312596,0.546621
0.9053,5817,Real,Ring_DIP,-17.776790,1.139822,20.992720,0.262523,-0.731144,-0.512597,0.365726
0.9053,5817,Real,Ring_FingerTip,-17.792140,1.120244,20.999570,0.262523,-0.731144,-0.512597,0.365726
0.9053,5817,Real,Pinky_MCP,-17.761160,1.103289,20.932760,-0.425723,-0.661855,-0.029626,0.616304
0.9053,5817,Real,Pinky_PIP,-17.756350,1.124039,20.965870,-0.072328,-0.783620,-0.310640,0.533115
0.9053,5817,Real,Pinky_DIP,-17.764080,1.120042,20.982020,0.262115,-0.742016,-0.505170,0.354277
0.9053,5817,Real,Pinky_FingerTip,-17.775790,1.105733,20.987020,0.262115,-0.742016,-0.505170,0.354277
0.9053,5817,Virtual,Wrist,-17.834840,1.045563,20.883310,-0.595566,-0.473466,0.184887,0.622052
0.9053,5817,Virtual,Thumb_CMC,-17.843840,1.090250,20.896060,0.157847,-0.474974,0.547823,0.670354
0.9053,5817,Virtual,Thumb_MCP,-17.846100,1.115916,20.931620,0.285938,-0.410799,0.335474,0.798086
0.9053,5817,Virtual,Thumb_IP,-17.824650,1.130653,20.973180,0.451616,-0.215775,-0.102850,0.859597
0.9053,5817,Virtual,Thumb_FingerTip,-17.799410,1.120059,20.981100,0.451616,-0.215775,-0.102850,0.859597
0.9053,5817,Virtual,Index_MCP,-17.809760,1.149926,20.923330,-0.426605,-0.597210,0.029006,0.678608
0.9053,5817,Virtual,Index_PIP,-17.796420,1.175631,20.960130,-0.173458,-0.713136,-0.225849,0.640580
0.9053,5817,Virtual,Index_DIP,-17.799510,1.174542,20.985880,0.076857,-0.729893,-0.428398,0.527091
0.9053,5817,Virtual,Index_FingerTip,-17.811150,1.159375,21.004800,0.076857,-0.729893,-0.428398,0.527091
0.9053,5817,Virtual,Middle_MCP,-17.786520,1.135557,20.925650,-0.409452,-0.641263,-0.027223,0.648375
0.9053,5817,Virtual,Middle_PIP,-17.777220,1.161423,20.970730,-0.069718,-0.757633,-0.321577,0.563666
0.9053,5817,Virtual,Middle_DIP,-17.787050,1.154302,20.995650,0.251633,-0.718018,-0.526841,0.378906
0.9053,5817,Virtual,Middle_FingerTip,-17.803640,1.132778,21.003550,0.251633,-0.718018,-0.526841,0.378906
0.9053,5817,Virtual,Ring_MCP,-17.769520,1.118181,20.929340,-0.421735,-0.651821,-0.035228,0.629308
0.9053,5817,Virtual,Ring_PIP,-17.762650,1.141703,20.968900,-0.073420,-0.772878,-0.321609,0.542067
0.9053,5817,Virtual,Ring_DIP,-17.773230,1.135507,20.992210,0.256630,-0.732716,-0.518878,0.357819
0.9053,5817,Virtual,Ring_FingerTip,-17.789020,1.116224,20.998870,0.256630,-0.732716,-0.518878,0.357819
0.9053,5817,Virtual,Pinky_MCP,-17.758200,1.099080,20.932030,-0.430686,-0.658025,-0.039619,0.616396
0.9053,5817,Virtual,Pinky_PIP,-17.753040,1.119474,20.965320,-0.078499,-0.782512,-0.319548,0.528585
0.9053,5817,Virtual,Pinky_DIP,-17.760910,1.115530,20.981410,0.256046,-0.743591,-0.511366,0.346436
0.9053,5817,Virtual,Pinky_FingerTip,-17.772960,1.101447,20.986270,0.256046,-0.743591,-0.511366,0.346436
0.9053,5817,Render,Wrist,-17.834840,1.045563,20.883310,-0.595566,-0.473466,0.184887,0.622052
0.9053,5817,Render,Thumb_CMC,-17.843840,1.090250,20.896060,0.067165,-0.516298,0.581251,0.625358
0.9053,5817,Render,Thumb_MCP,-17.853010,1.119127,20.927840,0.105886,-0.509767,0.532466,0.667388
0.9053,5817,Render,Thumb_IP,-17.857260,1.148681,20.966730,0.173796,-0.490785,0.437404,0.733215
0.9053,5817,Render,Thumb_FingerTip,-17.853400,1.162099,20.991580,0.173796,-0.490785,0.437404,0.733215
0.9053,5817,Render,Index_MCP,-17.809760,1.149926,20.923330,-0.468568,-0.564885,0.077876,0.674748
0.9053,5817,Render,Index_PIP,-17.793390,1.179637,20.955610,-0.297809,-0.670791,-0.108036,0.670580
0.9053,5817,Render,Index_DIP,-17.791400,1.186247,20.980630,-0.124637,-0.723268,-0.268822,0.623766
0.9053,5817,Render,Index_FingerTip,-17.796530,1.182075,21.006710,-0.124637,-0.723268,-0.268822,0.623766
0.9053,5817,Render,Middle_MCP,-17.786520,1.135557,20.925650,-0.491557,-0.580725,0.059758,0.646189
0.9053,5817,Render,Middle_PIP,-17.769700,1.169783,20.962180,-0.311243,-0.694260,-0.121775,0.637418
0.9053,5817,Render,Middle_DIP,-17.769520,1.177459,20.988810,-0.127640,-0.750051,-0.277384,0.586677
0.9053,5817,Render,Middle_FingerTip,-17.777420,1.173667,21.015720,-0.127640,-0.750051,-0.277384,0.586677
0.9053,5817,Render,Ring_MCP,-17.769520,1.118181,20.929340,-0.507388,-0.587612,0.051673,0.628171
0.9053,5817,Render,Ring_PIP,-17.755370,1.148951,20.961250,-0.326216,-0.704496,-0.123081,0.618159
0.9053,5817,Render,Ring_DIP,-17.755980,1.157051,20.986310,-0.141206,-0.763408,-0.272617,0.568286
0.9053,5817,Render,Ring_FingerTip,-17.764080,1.154619,21.010680,-0.141206,-0.763408,-0.272617,0.568286
0.9053,5817,Render,Pinky_MCP,-17.758200,1.099080,20.932030,-0.492070,-0.613477,0.019942,0.617346
0.9053,5817,Render,Pinky_PIP,-17.748490,1.123821,20.961080,-0.260857,-0.741917,-0.185853,0.589043
0.9053,5817,Render,Pinky_DIP,-17.751610,1.126905,20.978900,-0.026709,-0.785986,-0.353720,0.506355
0.9053,5817,Render,Pinky_FingerTip,-17.760920,1.120846,20.994510,-0.026709,-0.785986,-0.353720,0.506355
0.9195,5818,Real,Wrist,-17.838270,1.049927,20.886180,-0.589324,-0.481516,0.206811,0.614874
0.9195,5818,Real,Thumb_CMC,-17.849150,1.094393,20.898220,0.165486,-0.462269,0.566442,0.661865
0.9195,5818,Real,Thumb_MCP,-17.852190,1.120600,20.933320,0.289741,-0.396394,0.355581,0.795289
0.9195,5818,Real,Thumb_IP,-17.830960,1.137068,20.974340,0.447873,-0.201218,-0.084289,0.867074
0.9195,5818,Real,Thumb_FingerTip,-17.805170,1.127765,20.982130,0.447873,-0.201218,-0.084289,0.867074
0.9195,5818,Real,Index_MCP,-17.817530,1.156054,20.923980,-0.419183,-0.602398,0.052599,0.677226
0.9195,5818,Real,Index_PIP,-17.804940,1.183041,20.960130,-0.164383,-0.715246,-0.203670,0.648013
0.9195,5818,Real,Index_DIP,-17.807700,1.182293,20.985930,0.086346,-0.728795,-0.410192,0.541428
0.9195,5818,Real,Index_FingerTip,-17.818420,1.166958,21.005250,0.086346,-0.728795,-0.410192,0.541428
0.9195,5818,Real,Middle_MCP,-17.793620,1.142799,20.926280,-0.401103,-0.646743,-0.003985,0.648710
0.9195,5818,Real,Middle_PIP,-17.784990,1.169923,20.970760,-0.059546,-0.758692,-0.301263,0.574527
0.9195,5818,Real,Middle_DIP,-17.794210,1.162832,20.995920,0.261528,-0.714677,-0.512995,0.397085
0.9195,5818,Real,Middle_FingerTip,-17.809720,1.140724,21.004380,0.261528,-0.714677,-0.512995,0.397085
0.9195,5818,Real,Ring_MCP,-17.775810,1.126284,20.930080,-0.413015,-0.657759,-0.012256,0.629780
0.9195,5818,Real,Ring_PIP,-17.769560,1.150850,20.969110,-0.062703,-0.774142,-0.301619,0.552991
0.9195,5818,Real,Ring_DIP,-17.779580,1.144619,20.992660,0.267098,-0.729306,-0.505396,0.375962
0.9195,5818,Real,Ring_FingerTip,-17.794410,1.124763,20.999840,0.267098,-0.729306,-0.505396,0.375962
0.9195,5818,Real,Pinky_MCP,-17.763600,1.107771,20.932990,-0.421730,-0.664277,-0.016833,0.616926
0.9195,5818,Real,Pinky_PIP,-17.759000,1.129013,20.965820,-0.067424,-0.783948,-0.299745,0.539475
0.9195,5818,Real,Pinky_DIP,-17.766500,1.125019,20.982080,0.266914,-0.740187,-0.498037,0.364472
0.9195,5818,Real,Pinky_FingerTip,-17.777840,1.110494,20.987330,0.266914,-0.740187,-0.498037,0.364472
0.9195,5818,Virtual,Wrist,-17.836770,1.047728,20.884690,-0.592277,-0.478292,0.194521,0.618552
0.9195,5818,Virtual,Thumb_CMC,-17.846710,1.092298,20.897150,0.161476,-0.470040,0.556775,0.665575
0.9195,5818,Virtual,Thumb_MCP,-17.849420,1.118177,20.932520,0.288098,-0.404983,0.345259,0.796106
0.9195,5818,Virtual,Thumb_IP,-17.828170,1.133689,20.973890,0.450693,-0.209495,-0.093665,0.862679
0.9195,5818,Virtual,Thumb_FingerTip,-17.802670,1.123702,20.981790,0.450693,-0.209495,-0.093665,0.862679
0.9195,5818,Virtual,Index_MCP,-17.813880,1.152916,20.923860,-0.422577,-0.600536,0.039618,0.677655
0.9195,5818,Virtual,Index_PIP,-17.800970,1.179198,20.960400,-0.168227,-0.714783,-0.215875,0.643571
0.9195,5818,Virtual,Index_DIP,-17.803950,1.178228,20.986170,0.082570,-0.729655,-0.420186,0.533132
0.9195,5818,Virtual,Index_FingerTip,-17.815200,1.162934,21.005230,0.082570,-0.729655,-0.420186,0.533132
0.9195,5818,Virtual,Middle_MCP,-17.790300,1.139082,20.926200,-0.404943,-0.644652,-0.016803,0.648199
0.9195,5818,Virtual,Middle_PIP,-17.781420,1.165501,20.971050,-0.063917,-0.758598,-0.312417,0.568190
0.9195,5818,Virtual,Middle_DIP,-17.791010,1.158349,20.996050,0.257514,-0.716410,-0.520501,0.386682
0.9195,5818,Virtual,Middle_FingerTip,-17.807100,1.136515,21.004140,0.257514,-0.716410,-0.520501,0.386682
0.9195,5818,Virtual,Ring_MCP,-17.772920,1.122114,20.929960,-0.417055,-0.655404,-0.024963,0.629196
0.9195,5818,Virtual,Ring_PIP,-17.766420,1.146093,20.969310,-0.067373,-0.773919,-0.312622,0.546606
0.9195,5818,Virtual,Ring_DIP,-17.776780,1.139837,20.992710,0.262763,-0.731058,-0.512717,0.365558
0.9195,5818,Virtual,Ring_FingerTip,-17.792130,1.120253,20.999540,0.262763,-0.731058,-0.512717,0.365558
0.9195,5818,Virtual,Pinky_MCP,-17.761160,1.103290,20.932760,-0.425898,-0.661742,-0.029463,0.616312
0.9195,5818,Virtual,Pinky_PIP,-17.756340,1.124053,20.965860,-0.072291,-0.783624,-0.310665,0.533100
0.9195,5818,Virtual,Pinky_DIP,-17.764070,1.120055,20.982020,0.262359,-0.741930,-0.505286,0.354111
0.9195,5818,Virtual,Pinky_FingerTip,-17.775780,1.105741,20.987000,0.262359,-0.741930,-0.505286,0.354111
0.9195,5818,Render,Wrist,-17.836770,1.047728,20.884690,-0.592277,-0.478292,0.194521,0.618552
0.9195,5818,Render,Thumb_CMC,-17.846710,1.092298,20.897150,0.071538,-0.512309,0.589935,0.619999
0.9195,5818,Render,Thumb_MCP,-17.856410,1.121201,20.928750,0.109946,-0.505460,0.541529,0.662698
0.9195,5818,Render,Thumb_IP,-17.861190,1.150943,20.967430,0.177237,-0.485968,0.447018,0.729793
0.9195,5818,Render,Thumb_FingerTip,-17.857540,1.164628,20.992170,0.177237,-0.485968,0.447018,0.729793
0.9195,5818,Render,Index_MCP,-17.813880,1.152916,20.923860,-0.464651,-0.568607,0.088226,0.673054
0.9195,5818,Render,Index_PIP,-17.798060,1.183222,20.955860,-0.293030,-0.673311,-0.097615,0.671757
0.9195,5818,Render,Index_DIP,-17.796130,1.190060,20.980830,-0.119386,-0.724542,-0.259005,0.627457
0.9195,5818,Render,Index_FingerTip,-17.801080,1.185970,21.006950,-0.119386,-0.724542,-0.259005,0.627457
0.9195,5818,Render,Middle_MCP,-17.790300,1.139082,20.926200,-0.487388,-0.584815,0.069891,0.644639
0.9195,5818,Render,Middle_PIP,-17.774140,1.173943,20.962420,-0.306103,-0.697034,-0.111610,0.638739
0.9195,5818,Render,Middle_DIP,-17.774040,1.181820,20.988990,-0.121969,-0.751452,-0.267873,0.590499
0.9195,5818,Render,Middle_FingerTip,-17.781760,1.178054,21.015960,-0.121969,-0.751452,-0.267873,0.590499
0.9195,5818,Render,Ring_MCP,-17.772920,1.122114,20.929960,-0.503089,-0.591938,0.061658,0.626665
0.9195,5818,Render,Ring_PIP,-17.759350,1.153427,20.961600,-0.320892,-0.707473,-0.113066,0.619457
0.9195,5818,Render,Ring_DIP,-17.760050,1.161698,20.986600,-0.135310,-0.764971,-0.263237,0.572029
0.9195,5818,Render,Ring_FingerTip,-17.768020,1.159269,21.011010,-0.135310,-0.764971,-0.263237,0.572029
0.9195,5818,Render,Pinky_MCP,-17.761160,1.103290,20.932760,-0.487498,-0.617768,0.029880,0.616292
0.9195,5818,Render,Pinky_PIP,-17.751910,1.128455,20.961590,-0.255122,-0.744449,-0.176128,0.591344
0.9195,5818,Render,Pinky_DIP,-17.755040,1.131602,20.979390,-0.020479,-0.786684,-0.345130,0.511462
0.9195,5818,Render,Pinky_FingerTip,-17.764160,1.125455,20.995080,-0.020479,-0.786684,-0.345130,0.511462
0.9331,5819,Real,Wrist,-17.839780,1.052061,20.887480,-0.585583,-0.484993,0.219131,0.611439
0.9331,5819,Real,Thumb_CMC,-17.851630,1.096367,20.899170,0.170290,-0.454600,0.575905,0.657780
0.9331,5819,Real,Thumb_MCP,-17.855000,1.122837,20.934050,0.292212,-0.387649,0.365735,0.794090
0.9331,5819,Real,Thumb_IP,-17.833820,1.140209,20.974710,0.445730,-0.192314,-0.075029,0.871040
0.9331,5819,Real,Thumb_FingerTip,-17.807750,1.131598,20.982360,0.445730,-0.192314,-0.075029,0.871040
0.9331,5819,Real,Index_MCP,-17.821300,1.159031,20.924060,-0.414953,-0.604296,0.065565,0.677010
0.9331,5819,Real,Index_PIP,-17.809080,1.186673,20.959830,-0.159751,-0.715429,-0.191558,0.652646
0.9331,5819,Real,Index_DIP,-17.811590,1.186116,20.985660,0.090769,-0.727406,-0.400351,0.549873
0.9331,5819,Real,Index_FingerTip,-17.821790,1.170720,21.005220,0.090769,-0.727406,-0.400351,0.549873
0.9331,5819,Real,Middle_MCP,-17.797060,1.146383,20.926280,-0.396510,-0.648772,0.008857,0.649459
0.9331,5819,Real,Middle_PIP,-17.788720,1.174158,20.970410,-0.054658,-0.758378,-0.290103,0.581133
0.9331,5819,Real,Middle_DIP,-17.797550,1.167110,20.995720,0.265738,-0.712396,-0.505536,0.407810
0.9331,5819,Real,Middle_FingerTip,-17.812440,1.144727,21.004560,0.265738,-0.712396,-0.505536,0.407810
0.9331,5819,Real,Ring_MCP,-17.778830,1.130342,20.930090,-0.408155,-0.660097,0.000388,0.630620
0.9331,5819,Real,Ring_PIP,-17.772850,1.155440,20.968820,-0.057312,-0.773973,-0.290791,0.559573
0.9331,5819,Real,Ring_DIP,-17.782520,1.149204,20.992520,0.271923,-0.726895,-0.498318,0.386472
0.9331,5819,Real,Ring_FingerTip,-17.796800,1.129067,21.000020,0.271923,-0.726895,-0.498318,0.386472
0.9331,5819,Real,Pinky_MCP,-17.766140,1.112160,20.933080,-0.416746,-0.666798,-0.004275,0.617807
0.9331,5819,Real,Pinky_PIP,-17.761790,1.133834,20.965660,-0.061839,-0.783883,-0.289013,0.546055
0.9331,5819,Real,Pinky_DIP,-17.769050,1.129822,20.982020,0.271960,-0.737790,-0.491044,0.374939
0.9331,5819,Real,Pinky_FingerTip,-17.779990,1.115080,20.987500,0.271960,-0.737790,-0.491044,0.374939
0.9331,5819,Virtual,Wrist,-17.838280,1.049926,20.886180,-0.589324,-0.481516,0.206811,0.614874
0.9331,5819,Virtual,Thumb_CMC,-17.849160,1.094391,20.898220,0.165562,-0.462257,0.566346,0.661937
0.9331,5819,Virtual,Thumb_MCP,-17.852180,1.120593,20.933330,0.289849,-0.396333,0.355389,0.795366
0.9331,5819,Virtual,Thumb_IP,-17.830940,1.137047,20.974340,0.447973,-0.201029,-0.084651,0.867031
0.9331,5819,Virtual,Thumb_FingerTip,-17.805150,1.127730,20.982120,0.447973,-0.201029,-0.084651,0.867031
0.9331,5819,Virtual,Index_MCP,-17.817530,1.156053,20.923990,-0.419183,-0.602398,0.052599,0.677227
0.9331,5819,Virtual,Index_PIP,-17.804950,1.183039,20.960130,-0.164383,-0.715246,-0.203670,0.648013
0.9331,5819,Virtual,Index_DIP,-17.807700,1.182291,20.985930,0.086346,-0.728795,-0.410192,0.541429
0.9331,5819,Virtual,Index_FingerTip,-17.818430,1.166957,21.005250,0.086346,-0.728795,-0.410192,0.541429
0.9331,5819,Virtual,Middle_MCP,-17.793630,1.142798,20.926280,-0.401177,-0.646697,-0.003911,0.648710
0.9331,5819,Virtual,Middle_PIP,-17.784990,1.169930,20.970760,-0.059756,-0.758676,-0.301104,0.574610
0.9331,5819,Virtual,Middle_DIP,-17.794210,1.162852,20.995920,0.261225,-0.714788,-0.512827,0.397302
0.9331,5819,Virtual,Middle_FingerTip,-17.809710,1.140752,21.004410,0.261225,-0.714788,-0.512827,0.397302
0.9331,5819,Virtual,Ring_MCP,-17.775820,1.126283,20.930080,-0.413015,-0.657758,-0.012255,0.629780
0.9331,5819,Virtual,Ring_PIP,-17.769570,1.150848,20.969110,-0.062703,-0.774142,-0.301619,0.552991
0.9331,5819,Virtual,Ring_DIP,-17.779590,1.144618,20.992660,0.267098,-0.729306,-0.505396,0.375962
0.9331,5819,Virtual,Ring_FingerTip,-17.794420,1.124762,20.999850,0.267098,-0.729306,-0.505396,0.375962
0.9331,5819,Virtual,Pinky_MCP,-17.763610,1.107769,20.932990,-0.421730,-0.664276,-0.016832,0.616926
0.9331,5819,Virtual,Pinky_PIP,-17.759000,1.129011,20.965830,-0.067424,-0.783948,-0.299745,0.539475
0.9331,5819,Virtual,Pinky_DIP,-17.766500,1.125018,20.982090,0.266914,-0.740187,-0.498037,0.364472
0.9331,5819,Virtual,Pinky_FingerTip,-17.777840,1.110492,20.987330,0.266914,-0.740187,-0.498037,0.364472
0.9331,5819,Render,Wrist,-17.838280,1.049926,20.886180,-0.589324,-0.481516,0.206811,0.614874
0.9331,5819,Render,Thumb_CMC,-17.849160,1.094391,20.898220,0.076440,-0.505582,0.599675,0.615577
0.9331,5819,Render,Thumb_MCP,-17.859270,1.123416,20.929580,0.114327,-0.498382,0.551574,0.659023
0.9331,5819,Render,Thumb_IP,-17.864440,1.153474,20.967970,0.180621,-0.478364,0.457467,0.727508
0.9331,5819,Render,Thumb_FingerTip,-17.860910,1.167519,20.992520,0.180621,-0.478364,0.457467,0.727508
0.9331,5819,Render,Index_MCP,-17.817530,1.156053,20.923990,-0.461399,-0.570709,0.101142,0.671694
0.9331,5819,Render,Index_PIP,-17.802170,1.187078,20.955520,-0.289330,-0.674453,-0.084813,0.673951
0.9331,5819,Render,Index_DIP,-17.800200,1.194241,20.980390,-0.115519,-0.724744,-0.247129,0.632716
0.9331,5819,Render,Index_FingerTip,-17.804840,1.190333,21.006600,-0.115519,-0.724744,-0.247129,0.632716
0.9331,5819,Render,Middle_MCP,-17.793630,1.142798,20.926280,-0.483861,-0.587400,0.082662,0.643434
0.9331,5819,Render,Middle_PIP,-17.777980,1.178432,20.961980,-0.301998,-0.698539,-0.099005,0.641123
0.9331,5819,Render,Middle_DIP,-17.777860,1.186609,20.988460,-0.117618,-0.751882,-0.256265,0.595960
0.9331,5819,Render,Middle_FingerTip,-17.785270,1.182970,21.015530,-0.117618,-0.751882,-0.256265,0.595960
0.9331,5819,Render,Ring_MCP,-17.775820,1.126283,20.930080,-0.499411,-0.594825,0.074326,0.625498
0.9331,5819,Render,Ring_PIP,-17.762730,1.158257,20.961260,-0.316563,-0.709236,-0.100566,0.621819
0.9331,5819,Render,Ring_DIP,-17.763420,1.166792,20.986170,-0.130678,-0.765605,-0.251714,0.577419
0.9331,5819,Render,Ring_FingerTip,-17.771140,1.164455,21.010680,-0.130678,-0.765605,-0.251714,0.577419
0.9331,5819,Render,Pinky_MCP,-17.763610,1.107769,20.932990,-0.483594,-0.620691,0.042510,0.615690
0.9331,5819,Render,Pinky_PIP,-17.754710,1.133466,20.961470,-0.250468,-0.745912,-0.164012,0.594963
0.9331,5819,Render,Pinky_DIP,-17.757770,1.136741,20.979260,-0.015601,-0.786687,-0.334654,0.518544
0.9331,5819,Render,Pinky_FingerTip,-17.766610,1.130562,20.995090,-0.015601,-0.786687,-0.334654,0.518544
0.9468,5820,Real,Wrist,-17.841240,1.054258,20.888830,-0.582428,-0.488016,0.232084,0.607253
0.9468,5820,Real,Thumb_CMC,-17.854060,1.098407,20.900090,0.173919,-0.446123,0.586349,0.653393
0.9468,5820,Real,Thumb_MCP,-17.857830,1.125239,20.934650,0.293504,-0.378324,0.376543,0.793059
0.9468,5820,Real,Thumb_IP,-17.836730,1.143633,20.974910,0.442426,-0.183118,-0.066024,0.875425
0.9468,5820,Real,Thumb_FingerTip,-17.810390,1.135721,20.982380,0.442426,-0.183118,-0.066024,0.875425
0.9468,5820,Real,Index_MCP,-17.825050,1.162090,20.923950,-0.412191,-0.605383,0.080145,0.676156
0.9468,5820,Real,Index_PIP,-17.813150,1.190536,20.959190,-0.156018,-0.715576,-0.178412,0.657099
0.9468,5820,Real,Index_DIP,-17.815430,1.190246,20.985040,0.095031,-0.726195,-0.390013,0.558122
0.9468,5820,Real,Index_FingerTip,-17.825080,1.174822,21.004850,0.095031,-0.726195,-0.390013,0.558122
0.9468,5820,Real,Middle_MCP,-17.800500,1.150061,20.926110,-0.393378,-0.650104,0.023301,0.649674
0.9468,5820,Real,Middle_PIP,-17.792380,1.178669,20.969750,-0.050553,-0.758173,-0.277919,0.587690
0.9468,5820,Real,Middle_DIP,-17.800810,1.171739,20.995220,0.269985,-0.710274,-0.497537,0.418421
0.9468,5820,Real,Middle_FingerTip,-17.815080,1.149102,21.004440,0.269985,-0.710274,-0.497537,0.418421
0.9468,5820,Real,Ring_MCP,-17.781850,1.134515,20.929950,-0.404988,-0.661588,0.014860,0.630925
0.9468,5820,Real,Ring_PIP,-17.776070,1.160325,20.968230,-0.053372,-0.773864,-0.278418,0.566366
0.9468,5820,Real,Ring_DIP,-17.785360,1.154193,20.992110,0.275827,-0.725006,-0.490129,0.397569
0.9468,5820,Real,Ring_FingerTip,-17.799080,1.133819,21.000010,0.275827,-0.725006,-0.490129,0.397569
0.9468,5820,Real,Pinky_MCP,-17.768700,1.116684,20.933040,-0.413449,-0.668464,0.010101,0.618154
0.9468,5820,Real,Pinky_PIP,-17.764520,1.138939,20.965250,-0.057698,-0.783872,-0.276736,0.552842
0.9468,5820,Real,Pinky_DIP,-17.771530,1.134985,20.981740,0.276094,-0.735905,-0.482934,0.385994
0.9468,5820,Real,Pinky_FingerTip,-17.782050,1.120057,20.987510,0.276094,-0.735905,-0.482934,0.385994
0.9468,5820,Virtual,Wrist,-17.839780,1.052061,20.887480,-0.585583,-0.484993,0.219130,0.611439
0.9468,5820,Virtual,Thumb_CMC,-17.851640,1.096368,20.899180,0.169920,-0.454663,0.576383,0.657413
0.9468,5820,Virtual,Thumb_MCP,-17.855050,1.122861,20.934030,0.292096,-0.387648,0.365845,0.794082
0.9468,5820,Virtual,Thumb_IP,-17.833890,1.140245,20.974700,0.445826,-0.191914,-0.075822,0.871011
0.9468,5820,Virtual,Thumb_FingerTip,-17.807810,1.131604,20.982300,0.445826,-0.191914,-0.075822,0.871011
0.9468,5820,Virtual,Index_MCP,-17.821310,1.159032,20.924070,-0.415697,-0.603784,0.066399,0.676929
0.9468,5820,Virtual,Index_PIP,-17.809030,1.186749,20.959760,-0.159867,-0.715403,-0.191451,0.652677
0.9468,5820,Virtual,Index_DIP,-17.811550,1.186199,20.985590,0.091349,-0.727334,-0.400790,0.549553
0.9468,5820,Virtual,Index_FingerTip,-17.821750,1.170775,21.005120,0.091349,-0.727334,-0.400790,0.549553
0.9468,5820,Virtual,Middle_MCP,-17.797070,1.146384,20.926290,-0.397342,-0.648263,0.009689,0.649447
0.9468,5820,Virtual,Middle_PIP,-17.788650,1.174252,20.970350,-0.054918,-0.758359,-0.289903,0.581233
0.9468,5820,Virtual,Middle_DIP,-17.797470,1.167219,20.995660,0.266094,-0.712263,-0.505740,0.407557
0.9468,5820,Virtual,Middle_FingerTip,-17.812370,1.144826,21.004480,0.266094,-0.712263,-0.505740,0.407557
0.9468,5820,Virtual,Ring_MCP,-17.778840,1.130343,20.930100,-0.409167,-0.659470,0.001355,0.630618
0.9468,5820,Virtual,Ring_PIP,-17.772780,1.155536,20.968750,-0.058057,-0.773917,-0.290252,0.559853
0.9468,5820,Virtual,Ring_DIP,-17.782430,1.149342,20.992470,0.271596,-0.727018,-0.498144,0.386696
0.9468,5820,Virtual,Ring_FingerTip,-17.796710,1.129213,21.000000,0.271596,-0.727018,-0.498144,0.386696
0.9468,5820,Virtual,Pinky_MCP,-17.766150,1.112161,20.933090,-0.417768,-0.666158,-0.003328,0.617813
0.9468,5820,Virtual,Pinky_PIP,-17.761720,1.133914,20.965600,-0.062594,-0.783823,-0.288487,0.546333
0.9468,5820,Virtual,Pinky_DIP,-17.768970,1.129931,20.981980,0.271628,-0.737913,-0.490876,0.375160
0.9468,5820,Virtual,Pinky_FingerTip,-17.779910,1.115194,20.987470,0.271628,-0.737913,-0.490876,0.375160
0.9468,5820,Render,Wrist,-17.839780,1.052061,20.887480,-0.585583,-0.484993,0.219130,0.611439
0.9468,5820,Render,Thumb_CMC,-17.851640,1.096368,20.899180,0.082073,-0.499034,0.609260,0.610763
0.9468,5820,Render,Thumb_MCP,-17.862200,1.125451,20.930340,0.119451,-0.491429,0.561495,0.654945
0.9468,5820,Render,Thumb_IP,-17.867760,1.155756,20.968480,0.184758,-0.470782,0.467848,0.724809
0.9468,5820,Render,Thumb_FingerTip,-17.864370,1.170127,20.992860,0.184758,-0.470782,0.467848,0.724809
0.9468,5820,Render,Index_MCP,-17.821310,1.159032,20.924070,-0.457317,-0.572906,0.114059,0.670546
0.9468,5820,Render,Index_PIP,-17.806430,1.190733,20.955160,-0.284804,-0.675460,-0.072069,0.676348
0.9468,5820,Render,Index_DIP,-17.804440,1.198189,20.979940,-0.110885,-0.724613,-0.235359,0.638159
0.9468,5820,Render,Index_FingerTip,-17.808760,1.194431,21.006230,-0.110885,-0.724613,-0.235359,0.638159
0.9468,5820,Render,Middle_MCP,-17.797070,1.146384,20.926290,-0.479513,-0.590078,0.095416,0.642473
0.9468,5820,Render,Middle_PIP,-17.782000,1.182741,20.961490,-0.297078,-0.699907,-0.086485,0.643736
0.9468,5820,Render,Middle_DIP,-17.781850,1.191181,20.987900,-0.112512,-0.751975,-0.244797,0.601623
0.9468,5820,Render,Middle_FingerTip,-17.788940,1.187634,21.015060,-0.112512,-0.751975,-0.244797,0.601623
0.9468,5820,Render,Ring_MCP,-17.778840,1.130343,20.930100,-0.494918,-0.597809,0.086965,0.624595
0.9468,5820,Render,Ring_PIP,-17.766270,1.162935,20.960840,-0.311422,-0.710869,-0.088166,0.624426
0.9468,5820,Render,Ring_DIP,-17.766950,1.171698,20.985680,-0.125293,-0.765912,-0.240349,0.583022
0.9468,5820,Render,Ring_FingerTip,-17.774400,1.169420,21.010270,-0.125293,-0.765912,-0.240349,0.583022
0.9468,5820,Render,Pinky_MCP,-17.766150,1.112161,20.933090,-0.478875,-0.623679,0.055094,0.615361
0.9468,5820,Render,Pinky_PIP,-17.757640,1.138349,20.961230,-0.245026,-0.747167,-0.152031,0.598825
0.9468,5820,Render,Pinky_DIP,-17.760630,1.141725,20.979010,-0.010032,-0.786254,-0.324379,0.525816
0.9468,5820,Render,Pinky_FingerTip,-17.769190,1.135492,20.994970,-0.010032,-0.786254,-0.324379,0.525816
0.9609,5821,Real,Wrist,-17.842920,1.056656,20.890260,-0.579947,-0.491125,0.244233,0.602335
0.9609,5821,Real,Thumb_CMC,-17.856690,1.100643,20.901040,0.176733,-0.438027,0.596178,0.649207
0.9609,5821,Real,Thumb_MCP,-17.860850,1.127835,20.935270,0.293902,-0.369762,0.387156,0.791839
0.9609,5821,Real,Thumb_IP,-17.839920,1.147240,20.975130,0.438529,-0.175484,-0.056201,0.879625
0.9609,5821,Real,Thumb_FingerTip,-17.813360,1.140036,20.982520,0.438529,-0.175484,-0.056201,0.879625
0.9609,5821,Real,Index_MCP,-17.829010,1.165287,20.923850,-0.409336,-0.607283,0.093301,0.674498
0.9609,5821,Real,Index_PIP,-17.817540,1.194462,20.958640,-0.152660,-0.716270,-0.165590,0.660479
0.9609,5821,Real,Index_DIP,-17.819640,1.194461,20.984510,0.098426,-0.725714,-0.379087,0.565637
0.9609,5821,Real,Index_FingerTip,-17.828800,1.179082,21.004590,0.098426,-0.725714,-0.379087,0.565637
0.9609,5821,Real,Middle_MCP,-17.804160,1.153856,20.926000,-0.390026,-0.652244,0.036387,0.648948
0.9609,5821,Real,Middle_PIP,-17.796430,1.183217,20.969200,-0.046591,-0.758533,-0.265964,0.593061
0.9609,5821,Real,Middle_DIP,-17.804530,1.176431,20.994830,0.273736,-0.708951,-0.488906,0.428285
0.9609,5821,Real,Middle_FingerTip,-17.818210,1.153596,21.004440,0.273736,-0.708951,-0.488906,0.428285
0.9609,5821,Real,Ring_MCP,-17.785140,1.138796,20.929920,-0.401407,-0.663980,0.027845,0.630261
0.9609,5821,Real,Ring_PIP,-17.779710,1.165235,20.967820,-0.049092,-0.774330,-0.266596,0.571778
0.9609,5821,Real,Ring_DIP,-17.788700,1.159207,20.991840,0.279909,-0.723635,-0.481663,0.407437
0.9609,5821,Real,Ring_FingerTip,-17.801890,1.138628,21.000100,0.279909,-0.723635,-0.481663,0.407437
0.9609,5821,Real,Pinky_MCP,-17.771560,1.121315,20.933150,-0.409720,-0.671027,0.023012,0.617514
0.9609,5821,Real,Pinky_PIP,-17.767680,1.144083,20.965040,-0.053206,-0.784421,-0.264990,0.558241
0.9609,5821,Real,Pinky_DIP,-17.774490,1.140187,20.981620,0.280402,-0.734522,-0.474532,0.395819
0.9609,5821,Real,Pinky_FingerTip,-17.784640,1.125098,20.987670,0.280402,-0.734522,-0.474532,0.395819
0.9609,5821,Virtual,Wrist,-17.841240,1.054257,20.888840,-0.582427,-0.488016,0.232084,0.607253
0.9609,5821,Virtual,Thumb_CMC,-17.854070,1.098405,20.900110,0.173919,-0.446123,0.586349,0.653393
0.9609,5821,Virtual,Thumb_MCP,-17.857830,1.125237,20.934660,0.293504,-0.378323,0.376543,0.793059
0.9609,5821,Virtual,Thumb_IP,-17.836740,1.143632,20.974920,0.442426,-0.183118,-0.066024,0.875425
0.9609,5821,Virtual,Thumb_FingerTip,-17.810400,1.135719,20.982390,0.442426,-0.183118,-0.066024,0.875425
0.9609,5821,Virtual,Index_MCP,-17.825060,1.162089,20.923950,-0.412191,-0.605383,0.080145,0.676156
0.9609,5821,Virtual,Index_PIP,-17.813150,1.190535,20.959200,-0.156018,-0.715576,-0.178412,0.657099
0.9609,5821,Virtual,Index_DIP,-17.815430,1.190244,20.985050,0.095031,-0.726195,-0.390013,0.558122
0.9609,5821,Virtual,Index_FingerTip,-17.825090,1.174820,21.004860,0.095031,-0.726195,-0.390013,0.558122
0.9609,5821,Virtual,Middle_MCP,-17.800500,1.150060,20.926110,-0.393378,-0.650104,0.023301,0.649674
0.9609,5821,Virtual,Middle_PIP,-17.792380,1.178667,20.969750,-0.050553,-0.758173,-0.277919,0.587690
0.9609,5821,Virtual,Middle_DIP,-17.800820,1.171737,20.995230,0.269985,-0.710274,-0.497537,0.418421
0.9609,5821,Virtual,Middle_FingerTip,-17.815080,1.149101,21.004450,0.269985,-0.710274,-0.497537,0.418421
0.9609,5821,Virtual,Ring_MCP,-17.781850,1.134514,20.929950,-0.404988,-0.661588,0.014860,0.630925
0.9609,5821,Virtual,Ring_PIP,-17.776070,1.160323,20.968240,-0.053372,-0.773863,-0.278418,0.566366
0.9609,5821,Virtual,Ring_DIP,-17.785360,1.154191,20.992120,0.275827,-0.725005,-0.490129,0.397569
0.9609,5821,Virtual,Ring_FingerTip,-17.799080,1.133818,21.000020,0.275827,-0.725005,-0.490129,0.397569
0.9609,5821,Virtual,Pinky_MCP,-17.768700,1.116683,20.933050,-0.413449,-0.668464,0.010100,0.618154
0.9609,5821,Virtual,Pinky_PIP,-17.764520,1.138937,20.965260,-0.057698,-0.783871,-0.276736,0.552842
0.9609,5821,Virtual,Pinky_DIP,-17.771530,1.134983,20.981750,0.276093,-0.735905,-0.482934,0.385994
0.9609,5821,Virtual,Pinky_FingerTip,-17.782060,1.120056,20.987520,0.276093,-0.735905,-0.482934,0.385994
0.9609,5821,Render,Wrist,-17.841240,1.054257,20.888840,-0.582427,-0.488016,0.232084,0.607253
0.9609,5821,Render,Thumb_CMC,-17.854070,1.098405,20.900110,0.087050,-0.491558,0.619315,0.606005
0.9609,5821,Render,Thumb_MCP,-17.865060,1.127607,20.931000,0.123851,-0.483600,0.571880,0.650958
0.9609,5821,Render,Thumb_IP,-17.871030,1.158239,20.968820,0.188059,-0.462430,0.478677,0.722261
0.9609,5821,Render,Thumb_FingerTip,-17.867780,1.172989,20.992980,0.188059,-0.462430,0.478677,0.722261
0.9609,5821,Render,Index_MCP,-17.825060,1.162089,20.923950,-0.453933,-0.574748,0.127717,0.668804
0.9609,5821,Render,Index_PIP,-17.810690,1.194524,20.954520,-0.281048,-0.676315,-0.058450,0.678376
0.9609,5821,Render,Index_DIP,-17.808660,1.202332,20.979190,-0.107033,-0.724523,-0.222651,0.643457
0.9609,5821,Render,Index_FingerTip,-17.812670,1.198797,21.005560,-0.107033,-0.724523,-0.222651,0.643457
0.9609,5821,Render,Middle_MCP,-17.800500,1.150060,20.926110,-0.475828,-0.592427,0.108938,0.640899
0.9609,5821,Render,Middle_PIP,-17.786010,1.187204,20.960740,-0.292886,-0.701141,-0.073057,0.645973
0.9609,5821,Render,Middle_DIP,-17.785840,1.195973,20.987030,-0.108145,-0.752121,-0.232356,0.607149
0.9609,5821,Render,Middle_FingerTip,-17.792620,1.192592,21.014300,-0.108145,-0.752121,-0.232356,0.607149
0.9609,5821,Render,Ring_MCP,-17.781850,1.134514,20.929950,-0.491065,-0.600474,0.100386,0.623065
0.9609,5821,Render,Ring_PIP,-17.769810,1.167779,20.960190,-0.306985,-0.712372,-0.074842,0.626647
0.9609,5821,Render,Ring_DIP,-17.770500,1.176830,20.984920,-0.120622,-0.766266,-0.227992,0.588478
0.9609,5821,Render,Ring_FingerTip,-17.777680,1.174676,21.009610,-0.120622,-0.766266,-0.227992,0.588478
0.9609,5821,Render,Pinky_MCP,-17.768700,1.116683,20.933050,-0.474793,-0.626383,0.068495,0.614431
0.9609,5821,Render,Pinky_PIP,-17.760590,1.143415,20.960790,-0.240278,-0.748365,-0.139080,0.602390
0.9609,5821,Render,Pinky_DIP,-17.763510,1.146939,20.978560,-0.005144,-0.785975,-0.313090,0.533096
0.9609,5821,Render,Pinky_FingerTip,-17.771770,1.140699,20.994680,-0.005144,-0.785975,-0.313090,0.533096
0.9782,5822,Real,Wrist,-17.843730,1.059753,20.892870,-0.583796,-0.492328,0.271280,0.585835
0.9782,5822,Real,Thumb_CMC,-17.859070,1.103668,20.901630,0.171683,-0.415885,0.619112,0.643634
0.9782,5822,Real,Thumb_MCP,-17.864010,1.132393,20.934470,0.283013,-0.349770,0.410176,0.793297
0.9782,5822,Real,Thumb_IP,-17.843470,1.154594,20.973070,0.419368,-0.162992,-0.038049,0.892254
0.9782,5822,Real,Thumb_FingerTip,-17.816570,1.148763,20.980450,0.419368,-0.162992,-0.038049,0.892254
0.9782,5822,Real,Index_MCP,-17.833650,1.170375,20.920860,-0.415385,-0.607367,0.125489,0.665442
0.9782,5822,Real,Index_PIP,-17.822840,1.201825,20.953830,-0.157727,-0.718723,-0.132824,0.664017
0.9782,5822,Real,Index_DIP,-17.824620,1.203131,20.979690,0.094953,-0.729674,-0.349818,0.579817
0.9782,5822,Real,Index_FingerTip,-17.832950,1.188491,21.000670,0.094953,-0.729674,-0.349818,0.579817
0.9782,5822,Real,Middle_MCP,-17.808360,1.160017,20.923260,-0.394545,-0.653865,0.068557,0.641947
0.9782,5822,Real,Middle_PIP,-17.801200,1.191910,20.964730,-0.048545,-0.762134,-0.235213,0.601224
0.9782,5822,Real,Middle_DIP,-17.808750,1.186121,20.990760,0.274568,-0.712613,-0.465051,0.447799
0.9782,5822,Real,Middle_FingerTip,-17.821440,1.163261,21.001600,0.274568,-0.712613,-0.465051,0.447799
0.9782,5822,Real,Ring_MCP,-17.788730,1.145904,20.927670,-0.405394,-0.666060,0.060069,0.623227
0.9782,5822,Real,Ring_PIP,-17.783810,1.174519,20.964030,-0.050482,-0.778095,-0.235653,0.580076
0.9782,5822,Real,Ring_DIP,-17.792300,1.169386,20.988450,0.281221,-0.727252,-0.457630,0.427312
0.9782,5822,Real,Ring_FingerTip,-17.804590,1.148742,20.997840,0.281221,-0.727252,-0.457630,0.427312
0.9782,5822,Real,Pinky_MCP,-17.774450,1.129134,20.931590,-0.413295,-0.673442,0.055193,0.610424
0.9782,5822,Real,Pinky_PIP,-17.771030,1.153704,20.962170,-0.054061,-0.788298,-0.234039,0.566471
0.9782,5822,Real,Pinky_DIP,-17.777490,1.150403,20.979020,0.282262,-0.738014,-0.450448,0.415645
0.9782,5822,Real,Pinky_FingerTip,-17.786980,1.135247,20.985900,0.282262,-0.738014,-0.450448,0.415645
0.9782,5822,Virtual,Wrist,-17.842930,1.056657,20.890270,-0.579947,-0.491126,0.244233,0.602335
0.9782,5822,Virtual,Thumb_CMC,-17.856700,1.100643,20.901040,0.175989,-0.438168,0.597155,0.648416
0.9782,5822,Virtual,Thumb_MCP,-17.860960,1.127876,20.935220,0.293486,-0.369904,0.387766,0.791628
0.9782,5822,Virtual,Thumb_IP,-17.840100,1.147332,20.975100,0.438458,-0.175264,-0.056670,0.879674
0.9782,5822,Virtual,Thumb_FingerTip,-17.813530,1.140110,20.982470,0.438458,-0.175264,-0.056670,0.879674
0.9782,5822,Virtual,Index_MCP,-17.829010,1.165288,20.923850,-0.410979,-0.606172,0.095128,0.674242
0.9782,5822,Virtual,Index_PIP,-17.817440,1.194627,20.958470,-0.154089,-0.715964,-0.164271,0.660808
0.9782,5822,Virtual,Index_DIP,-17.819500,1.194719,20.984350,0.097443,-0.725847,-0.378320,0.566150
0.9782,5822,Virtual,Index_FingerTip,-17.828650,1.179390,21.004470,0.097443,-0.725847,-0.378320,0.566150
0.9782,5822,Virtual,Middle_MCP,-17.804170,1.153857,20.926000,-0.391286,-0.651489,0.037642,0.648876
0.9782,5822,Virtual,Middle_PIP,-17.796340,1.183359,20.969100,-0.046749,-0.758523,-0.265840,0.593116
0.9782,5822,Virtual,Middle_DIP,-17.804430,1.176584,20.994720,0.274690,-0.708582,-0.489482,0.427627
0.9782,5822,Virtual,Middle_FingerTip,-17.818110,1.153720,21.004260,0.274690,-0.708582,-0.489482,0.427627
0.9782,5822,Virtual,Ring_MCP,-17.785140,1.138797,20.929920,-0.402779,-0.663148,0.029148,0.630202
0.9782,5822,Virtual,Ring_PIP,-17.779620,1.165366,20.967720,-0.049514,-0.774303,-0.266284,0.571924
0.9782,5822,Virtual,Ring_DIP,-17.788600,1.159362,20.991750,0.280505,-0.723404,-0.481998,0.407040
0.9782,5822,Virtual,Ring_FingerTip,-17.801780,1.138768,20.999960,0.280505,-0.723404,-0.481998,0.407040
0.9782,5822,Virtual,Pinky_MCP,-17.771560,1.121316,20.933160,-0.411106,-0.670179,0.024289,0.617465
0.9782,5822,Virtual,Pinky_PIP,-17.767600,1.144192,20.964950,-0.053634,-0.784392,-0.264685,0.558386
0.9782,5822,Virtual,Pinky_DIP,-17.774410,1.140313,20.981540,0.281007,-0.734291,-0.474858,0.395428
0.9782,5822,Virtual,Pinky_FingerTip,-17.784550,1.125212,20.987560,0.281007,-0.734291,-0.474858,0.395428
0.9782,5822,Render,Wrist,-17.842930,1.056657,20.890270,-0.579947,-0.491126,0.244233,0.602335
0.9782,5822,Render,Thumb_CMC,-17.856700,1.100643,20.901040,0.090819,-0.484404,0.629185,0.601025
0.9782,5822,Render,Thumb_MCP,-17.868160,1.129990,20.931630,0.127070,-0.476181,0.582098,0.646736
0.9782,5822,Render,Thumb_IP,-17.874590,1.160973,20.969080,0.190247,-0.454644,0.489371,0.719459
0.9782,5822,Render,Thumb_FingerTip,-17.871530,1.176111,20.993030,0.190247,-0.454644,0.489371,0.719459
0.9782,5822,Render,Index_MCP,-17.829010,1.165288,20.923850,-0.451218,-0.576845,0.140723,0.666220
0.9782,5822,Render,Index_PIP,-17.815210,1.198446,20.953900,-0.277866,-0.677598,-0.045231,0.679416
0.9782,5822,Render,Index_DIP,-17.813190,1.206624,20.978450,-0.103635,-0.724988,-0.210087,0.647700
0.9782,5822,Render,Index_FingerTip,-17.816940,1.203346,21.004890,-0.103635,-0.724988,-0.210087,0.647700
0.9782,5822,Render,Middle_MCP,-17.804170,1.153857,20.926000,-0.472787,-0.594992,0.121814,0.638450
0.9782,5822,Render,Middle_PIP,-17.790320,1.191780,20.960040,-0.289253,-0.702763,-0.060007,0.647191
0.9782,5822,Render,Middle_DIP,-17.790180,1.200896,20.986220,-0.104222,-0.752782,-0.220026,0.611593
0.9782,5822,Render,Middle_FingerTip,-17.796690,1.197720,21.013570,-0.104222,-0.752782,-0.220026,0.611593
0.9782,5822,Render,Ring_MCP,-17.785140,1.138797,20.929920,-0.487842,-0.603330,0.113161,0.620644
0.9782,5822,Render,Ring_PIP,-17.773670,1.172727,20.959630,-0.303100,-0.714232,-0.061894,0.627832
0.9782,5822,Render,Ring_DIP,-17.774410,1.182086,20.984250,-0.116398,-0.767104,-0.215743,0.592840
0.9782,5822,Render,Ring_FingerTip,-17.781380,1.180093,21.009010,-0.116398,-0.767104,-0.215743,0.592840
0.9782,5822,Render,Pinky_MCP,-17.771560,1.121316,20.933160,-0.471323,-0.629287,0.081288,0.612572
0.9782,5822,Render,Pinky_PIP,-17.763890,1.148592,20.960490,-0.236042,-0.749955,-0.126393,0.604878
0.9782,5822,Render,Pinky_DIP,-17.766770,1.152282,20.978230,-0.000626,-0.786223,-0.301731,0.539269
0.9782,5822,Render,Pinky_FingerTip,-17.774780,1.146066,20.994480,-0.000626,-0.786223,-0.301731,0.539269
0.9904,5823,Real,Wrist,-17.845350,1.061550,20.892990,-0.576841,-0.495042,0.278491,0.587054
0.9904,5823,Real,Thumb_CMC,-17.861380,1.105151,20.902090,0.179808,-0.412269,0.623111,0.639872
0.9904,5823,Real,Thumb_MCP,-17.866490,1.133657,20.935090,0.289771,-0.343990,0.415081,0.790830
0.9904,5823,Real,Thumb_IP,-17.845960,1.156071,20.973560,0.422362,-0.154618,-0.032567,0.892549
0.9904,5823,Real,Thumb_FingerTip,-17.818880,1.150692,20.980650,0.422362,-0.154618,-0.032567,0.892549
0.9904,5823,Real,Index_MCP,-17.836950,1.172226,20.921330,-0.408001,-0.607882,0.132329,0.668210
0.9904,5823,Real,Index_PIP,-17.826370,1.203736,20.954310,-0.150688,-0.716435,-0.127518,0.669145
0.9904,5823,Real,Index_DIP,-17.827910,1.204911,20.980200,0.100802,-0.725138,-0.346561,0.586439
0.9904,5823,Real,Index_FingerTip,-17.835760,1.190044,21.001190,0.100802,-0.725138,-0.346561,0.586439
0.9904,5823,Real,Middle_MCP,-17.811460,1.162311,20.923420,-0.387086,-0.654199,0.074993,0.645419
0.9904,5823,Real,Middle_PIP,-17.804450,1.194167,20.964940,-0.041772,-0.758991,-0.231103,0.607273
0.9904,5823,Real,Middle_DIP,-17.811620,1.188144,20.991030,0.279406,-0.706925,-0.463847,0.455012
0.9904,5823,Real,Middle_FingerTip,-17.823790,1.165020,21.001900,0.279406,-0.706925,-0.463847,0.455012
0.9904,5823,Real,Ring_MCP,-17.791530,1.148534,20.927570,-0.397906,-0.666569,0.066370,0.626859
0.9904,5823,Real,Ring_PIP,-17.786760,1.177091,20.964000,-0.043611,-0.775075,-0.231753,0.586215
0.9904,5823,Real,Ring_DIP,-17.794900,1.171714,20.988480,0.286186,-0.721624,-0.456672,0.434521
0.9904,5823,Real,Ring_FingerTip,-17.806730,1.150818,20.997910,0.286186,-0.721624,-0.456672,0.434521
0.9904,5823,Real,Pinky_MCP,-17.776920,1.132006,20.931290,-0.405791,-0.674076,0.061406,0.614154
0.9904,5823,Real,Pinky_PIP,-17.773620,1.156515,20.961920,-0.047118,-0.785382,-0.230262,0.572656
0.9904,5823,Real,Pinky_DIP,-17.779860,1.153035,20.978820,0.287336,-0.732450,-0.449620,0.422844
0.9904,5823,Real,Pinky_FingerTip,-17.789000,1.137686,20.985740,0.287336,-0.732450,-0.449620,0.422844
0.9904,5823,Virtual,Wrist,-17.843740,1.059750,20.892880,-0.583796,-0.492328,0.271280,0.585835
0.9904,5823,Virtual,Thumb_CMC,-17.859080,1.103665,20.901640,0.171683,-0.415885,0.619112,0.643634
0.9904,5823,Virtual,Thumb_MCP,-17.864010,1.132390,20.934480,0.283013,-0.349770,0.410176,0.793297
0.9904,5823,Virtual,Thumb_IP,-17.843480,1.154591,20.973070,0.419368,-0.162992,-0.038049,0.892254
0.9904,5823,Virtual,Thumb_FingerTip,-17.816580,1.148760,20.980450,0.419368,-0.162992,-0.038049,0.892254
0.9904,5823,Virtual,Index_MCP,-17.833650,1.170372,20.920870,-0.415385,-0.607367,0.125489,0.665442
0.9904,5823,Virtual,Index_PIP,-17.822850,1.201822,20.953840,-0.157727,-0.718723,-0.132824,0.664017
0.9904,5823,Virtual,Index_DIP,-17.824630,1.203128,20.979710,0.094953,-0.729674,-0.349817,0.579818
0.9904,5823,Virtual,Index_FingerTip,-17.832950,1.188488,21.000680,0.094953,-0.729674,-0.349817,0.579818
0.9904,5823,Virtual,Middle_MCP,-17.808370,1.160014,20.923260,-0.394545,-0.653865,0.068557,0.641947
0.9904,5823,Virtual,Middle_PIP,-17.801210,1.191907,20.964740,-0.048545,-0.762134,-0.235212,0.601224
0.9904,5823,Virtual,Middle_DIP,-17.808760,1.186118,20.990770,0.274568,-0.712613,-0.465051,0.447799
0.9904,5823,Virtual,Middle_FingerTip,-17.821440,1.163258,21.001610,0.274568,-0.712613,-0.465051,0.447799
0.9904,5823,Virtual,Ring_MCP,-17.788730,1.145901,20.927680,-0.405394,-0.666060,0.060069,0.623227
0.9904,5823,Virtual,Ring_PIP,-17.783820,1.174516,20.964040,-0.050482,-0.778095,-0.235653,0.580076
0.9904,5823,Virtual,Ring_DIP,-17.792300,1.169383,20.988450,0.281221,-0.727252,-0.457630,0.427312
0.9904,5823,Virtual,Ring_FingerTip,-17.804590,1.148739,20.997850,0.281221,-0.727252,-0.457630,0.427312
0.9904,5823,Virtual,Pinky_MCP,-17.774450,1.129131,20.931600,-0.413295,-0.673442,0.055193,0.610424
0.9904,5823,Virtual,Pinky_PIP,-17.771030,1.153701,20.962180,-0.054061,-0.788298,-0.234038,0.566471
0.9904,5823,Virtual,Pinky_DIP,-17.777500,1.150400,20.979020,0.282262,-0.738014,-0.450447,0.415645
0.9904,5823,Virtual,Pinky_FingerTip,-17.786980,1.135245,20.985900,0.282262,-0.738014,-0.450447,0.415645
0.9904,5823,Render,Wrist,-17.843740,1.059750,20.892880,-0.583796,-0.492328,0.271280,0.585835
0.9904,5823,Render,Thumb_CMC,-17.859080,1.103665,20.901640,0.088810,-0.463210,0.651874,0.593810
0.9904,5823,Render,Thumb_MCP,-17.871330,1.134047,20.930880,0.123469,-0.455199,0.605266,0.641252
0.9904,5823,Render,Thumb_IP,-17.878540,1.166596,20.966830,0.183844,-0.434341,0.513068,0.717155
0.9904,5823,Render,Thumb_FingerTip,-17.875800,1.183017,20.989960,0.183844,-0.434341,0.513068,0.717155
0.9904,5823,Render,Index_MCP,-17.833650,1.170372,20.920870,-0.455696,-0.577738,0.170416,0.655377
0.9904,5823,Render,Index_PIP,-17.820800,1.205490,20.949060,-0.281934,-0.679671,-0.013711,0.677032
0.9904,5823,Render,Index_DIP,-17.818840,1.214955,20.973150,-0.107071,-0.727994,-0.178942,0.653100
0.9904,5823,Render,Index_FingerTip,-17.822170,1.212861,20.999760,-0.107071,-0.727994,-0.178942,0.653100
0.9904,5823,Render,Middle_MCP,-17.808370,1.160014,20.923260,-0.476328,-0.596923,0.151564,0.627554
0.9904,5823,Render,Middle_PIP,-17.795620,1.200088,20.955200,-0.292119,-0.705600,-0.028403,0.644972
0.9904,5823,Render,Middle_DIP,-17.795540,1.210499,20.980890,-0.106287,-0.756246,-0.188871,0.617352
0.9904,5823,Render,Middle_FingerTip,-17.801630,1.208449,21.008450,-0.106287,-0.756246,-0.188871,0.617352
0.9904,5823,Render,Ring_MCP,-17.788730,1.145901,20.927680,-0.490823,-0.605865,0.142871,0.609597
0.9904,5823,Render,Ring_PIP,-17.778260,1.181684,20.955520,-0.305269,-0.717489,-0.030291,0.625382
0.9904,5823,Render,Ring_DIP,-17.779090,1.192226,20.979650,-0.117690,-0.770798,-0.184521,0.598308
0.9904,5823,Render,Ring_FingerTip,-17.785700,1.191210,21.004570,-0.117690,-0.770798,-0.184521,0.598308
0.9904,5823,Render,Pinky_MCP,-17.774450,1.129131,20.931600,-0.473804,-0.632334,0.111408,0.602704
0.9904,5823,Render,Pinky_PIP,-17.767540,1.158010,20.957450,-0.237372,-0.753652,-0.094705,0.605553
0.9904,5823,Render,Pinky_DIP,-17.770370,1.162470,20.975030,-0.000788,-0.790149,-0.271699,0.549403
0.9904,5823,Render,Pinky_FingerTip,-17.777960,1.156774,20.991660,-0.000788,-0.790149,-0.271699,0.549403
1.0026,5824,Real,Wrist,-17.847210,1.063694,20.894590,-0.577643,-0.496504,0.285842,0.581470
1.0026,5824,Real,Thumb_CMC,-17.863770,1.107211,20.903100,0.177873,-0.406620,0.630382,0.636900
1.0026,5824,Real,Thumb_MCP,-17.869280,1.136118,20.935690,0.286450,-0.339006,0.422565,0.790228
1.0026,5824,Real,Thumb_IP,-17.849030,1.159340,20.973820,0.417118,-0.151627,-0.026448,0.895725
1.0026,5824,Real,Thumb_FingerTip,-17.821890,1.154385,20.980930,0.417118,-0.151627,-0.026448,0.895725
1.0026,5824,Real,Index_MCP,-17.840180,1.174849,20.921380,-0.409768,-0.608547,0.142060,0.664515
1.0026,5824,Real,Index_PIP,-17.829930,1.207045,20.953810,-0.152076,-0.717713,-0.117111,0.669363
1.0026,5824,Real,Index_DIP,-17.831430,1.208641,20.979670,0.099928,-0.726811,-0.336843,0.590168
1.0026,5824,Real,Index_FingerTip,-17.839050,1.194039,21.000930,0.099928,-0.726811,-0.336843,0.590168
1.0026,5824,Real,Middle_MCP,-17.814570,1.165286,20.923590,-0.387976,-0.655486,0.084338,0.642417
1.0026,5824,Real,Middle_PIP,-17.807890,1.197867,20.964610,-0.041131,-0.760589,-0.222097,0.608675
1.0026,5824,Real,Middle_DIP,-17.814980,1.192107,20.990780,0.281359,-0.707831,-0.456708,0.459598
1.0026,5824,Real,Middle_FingerTip,-17.826840,1.168955,21.001920,0.281359,-0.707831,-0.456708,0.459598
1.0026,5824,Real,Ring_MCP,-17.794470,1.151820,20.927920,-0.398765,-0.667885,0.075821,0.623833
1.0026,5824,Real,Ring_PIP,-17.789980,1.181010,20.963890,-0.043174,-0.776673,-0.222420,0.587746
1.0026,5824,Real,Ring_DIP,-17.798030,1.175889,20.988440,0.287746,-0.722694,-0.449146,0.439527
1.0026,5824,Real,Ring_FingerTip,-17.809580,1.154972,20.998160,0.287746,-0.722694,-0.449146,0.439527
1.0026,5824,Real,Pinky_MCP,-17.779640,1.135532,20.931840,-0.406525,-0.675473,0.070817,0.611113
1.0026,5824,Real,Pinky_PIP,-17.776590,1.160562,20.962090,-0.046525,-0.786995,-0.220948,0.574157
1.0026,5824,Real,Pinky_DIP,-17.782760,1.157251,20.979040,0.289051,-0.733468,-0.442091,0.427821
1.0026,5824,Real,Pinky_FingerTip,-17.791710,1.141881,20.986170,0.289051,-0.733468,-0.442091,0.427821
1.0026,5824,Virtual,Wrist,-17.845360,1.061551,20.893000,-0.576840,-0.495042,0.278491,0.587054
1.0026,5824,Virtual,Thumb_CMC,-17.861380,1.105152,20.902100,0.179458,-0.412342,0.623585,0.639462
1.0026,5824,Virtual,Thumb_MCP,-17.866550,1.133672,20.935080,0.289601,-0.344038,0.415320,0.790746
1.0026,5824,Virtual,Thumb_IP,-17.846040,1.156107,20.973550,0.422355,-0.154426,-0.032990,0.892570
1.0026,5824,Virtual,Thumb_FingerTip,-17.818970,1.150711,20.980610,0.422355,-0.154426,-0.032990,0.892570
1.0026,5824,Virtual,Index_MCP,-17.836960,1.172227,20.921340,-0.409049,-0.607178,0.133480,0.667981
1.0026,5824,Virtual,Index_PIP,-17.826320,1.203838,20.954210,-0.151923,-0.716174,-0.126364,0.669363
1.0026,5824,Virtual,Index_DIP,-17.827820,1.205096,20.980090,0.099552,-0.725310,-0.345550,0.587035
1.0026,5824,Virtual,Index_FingerTip,-17.835650,1.190297,21.001150,0.099552,-0.725310,-0.345550,0.587035
1.0026,5824,Virtual,Middle_MCP,-17.811460,1.162311,20.923430,-0.387685,-0.653844,0.075584,0.645350
1.0026,5824,Virtual,Middle_PIP,-17.804410,1.194234,20.964900,-0.041632,-0.758998,-0.231215,0.607230
1.0026,5824,Virtual,Middle_DIP,-17.811590,1.188202,20.990980,0.280237,-0.706596,-0.464382,0.454466
1.0026,5824,Virtual,Middle_FingerTip,-17.823760,1.165050,21.001790,0.280237,-0.706596,-0.464382,0.454466
1.0026,5824,Virtual,Ring_MCP,-17.791530,1.148534,20.927580,-0.398677,-0.666108,0.067095,0.626782
1.0026,5824,Virtual,Ring_PIP,-17.786720,1.177164,20.963950,-0.043921,-0.775057,-0.231518,0.586308
1.0026,5824,Virtual,Ring_DIP,-17.794850,1.171806,20.988430,0.286388,-0.721543,-0.456794,0.434393
1.0026,5824,Virtual,Ring_FingerTip,-17.806670,1.150904,20.997850,0.286388,-0.721543,-0.456794,0.434393
1.0026,5824,Virtual,Pinky_MCP,-17.776920,1.132007,20.931290,-0.406570,-0.673606,0.062116,0.614082
1.0026,5824,Virtual,Pinky_PIP,-17.773580,1.156576,20.961880,-0.047432,-0.785363,-0.230033,0.572748
1.0026,5824,Virtual,Pinky_DIP,-17.779810,1.153108,20.978780,0.287541,-0.732369,-0.449739,0.422718
1.0026,5824,Virtual,Pinky_FingerTip,-17.788960,1.137755,20.985690,0.287541,-0.732369,-0.449739,0.422718
1.0026,5824,Render,Wrist,-17.845360,1.061551,20.893000,-0.576840,-0.495042,0.278491,0.587054
1.0026,5824,Render,Thumb_CMC,-17.861380,1.105152,20.902100,0.097429,-0.460648,0.655757,0.590164
1.0026,5824,Render,Thumb_MCP,-17.873870,1.135197,20.931580,0.131871,-0.451995,0.609413,0.637909
1.0026,5824,Render,Thumb_IP,-17.881290,1.167474,20.967730,0.191735,-0.430031,0.517628,0.714403
1.0026,5824,Render,Thumb_FingerTip,-17.878600,1.183852,20.990900,0.191735,-0.430031,0.517628,0.714403
1.0026,5824,Render,Index_MCP,-17.836960,1.172227,20.921340,-0.448364,-0.578753,0.177428,0.657673
1.0026,5824,Render,Index_PIP,-17.824450,1.207459,20.949530,-0.274602,-0.678660,-0.007584,0.681145
1.0026,5824,Render,Index_DIP,-17.822400,1.216865,20.973640,-0.100209,-0.725220,-0.174008,0.658587
1.0026,5824,Render,Index_FingerTip,-17.825430,1.214609,21.000270,-0.100209,-0.725220,-0.174008,0.658587
1.0026,5824,Render,Middle_MCP,-17.811460,1.162311,20.923430,-0.468975,-0.598225,0.158397,0.630158
1.0026,5824,Render,Middle_PIP,-17.799100,1.202483,20.955390,-0.284694,-0.704812,-0.022560,0.649369
1.0026,5824,Render,Middle_DIP,-17.798950,1.212795,20.981120,-0.099295,-0.753626,-0.184314,0.623071
1.0026,5824,Render,Middle_FingerTip,-17.804720,1.210530,21.008740,-0.099295,-0.753626,-0.184314,0.623071
1.0026,5824,Render,Ring_MCP,-17.791530,1.148534,20.927580,-0.483470,-0.607371,0.149602,0.612354
1.0026,5824,Render,Ring_PIP,-17.781420,1.184390,20.955470,-0.297786,-0.716914,-0.024578,0.629884
1.0026,5824,Render,Ring_DIP,-17.782190,1.194823,20.979640,-0.110584,-0.768384,-0.180104,0.604086
1.0026,5824,Render,Ring_FingerTip,-17.788520,1.193593,21.004620,-0.110584,-0.768384,-0.180104,0.604086
1.0026,5824,Render,Pinky_MCP,-17.776920,1.132007,20.931290,-0.466390,-0.633660,0.117940,0.605843
1.0026,5824,Render,Pinky_PIP,-17.770270,1.160904,20.957190,-0.229939,-0.752445,-0.089584,0.610680
1.0026,5824,Render,Pinky_DIP,-17.772990,1.165245,20.974810,0.005943,-0.786772,-0.268349,0.555828
1.0026,5824,Render,Pinky_FingerTip,-17.780310,1.159351,20.991500,0.005943,-0.786772,-0.268349,0.555828
1.0171,5825,Real,Wrist,-17.848960,1.066096,20.896230,-0.577506,-0.500518,0.295761,0.573144
1.0171,5825,Real,Thumb_CMC,-17.866460,1.109392,20.903970,0.175929,-0.399864,0.641097,0.630994
1.0171,5825,Real,Thumb_MCP,-17.872680,1.138740,20.936040,0.282751,-0.333007,0.434303,0.787743
1.0171,5825,Real,Thumb_IP,-17.853030,1.163055,20.973800,0.410999,-0.148060,-0.015473,0.899399
1.0171,5825,Real,Thumb_FingerTip,-17.825780,1.158794,20.981030,0.410999,-0.148060,-0.015473,0.899399
1.0171,5825,Real,Index_MCP,-17.844320,1.177813,20.921130,-0.409976,-0.611459,0.154911,0.658818
1.0171,5825,Real,Index_PIP,-17.834760,1.210850,20.952920,-0.151179,-0.720491,-0.103062,0.668892
1.0171,5825,Real,Index_DIP,-17.836300,1.212926,20.978740,0.101713,-0.729120,-0.323464,0.594483
1.0171,5825,Real,Index_FingerTip,-17.843640,1.198590,21.000290,0.101713,-0.729120,-0.323464,0.594483
1.0171,5825,Real,Middle_MCP,-17.818510,1.168832,20.923530,-0.387302,-0.658808,0.097121,0.637602
1.0171,5825,Real,Middle_PIP,-17.812550,1.202319,20.963930,-0.038642,-0.763242,-0.208820,0.610216
1.0171,5825,Real,Middle_DIP,-17.819540,1.196890,20.990190,0.285027,-0.709078,-0.445494,0.466373
1.0171,5825,Real,Middle_FingerTip,-17.830930,1.173692,21.001720,0.285027,-0.709078,-0.445494,0.466373
1.0171,5825,Real,Ring_MCP,-17.798140,1.155868,20.928120,-0.398140,-0.671172,0.088791,0.618975
1.0171,5825,Real,Ring_PIP,-17.794270,1.185854,20.963490,-0.041274,-0.779284,-0.208542,0.589512
1.0171,5825,Real,Ring_DIP,-17.802210,1.181071,20.988150,0.290419,-0.724323,-0.437208,0.447060
1.0171,5825,Real,Ring_FingerTip,-17.813340,1.160131,20.998310,0.290419,-0.724323,-0.437208,0.447060
1.0171,5825,Real,Pinky_MCP,-17.782990,1.139965,20.932340,-0.405720,-0.678862,0.083692,0.606246
1.0171,5825,Real,Pinky_PIP,-17.780450,1.165648,20.962070,-0.044421,-0.789613,-0.207152,0.575870
1.0171,5825,Real,Pinky_DIP,-17.786560,1.162558,20.979090,0.291910,-0.735017,-0.430208,0.435270
1.0171,5825,Real,Pinky_FingerTip,-17.795190,1.147162,20.986540,0.291910,-0.735017,-0.430208,0.435270
1.0171,5825,Virtual,Wrist,-17.847210,1.063693,20.894600,-0.577643,-0.496504,0.285842,0.581470
1.0171,5825,Virtual,Thumb_CMC,-17.863780,1.107209,20.903100,0.177517,-0.406693,0.630867,0.636472
1.0171,5825,Virtual,Thumb_MCP,-17.869340,1.136132,20.935670,0.286222,-0.339099,0.422935,0.790073
1.0171,5825,Virtual,Thumb_IP,-17.849130,1.159381,20.973810,0.417042,-0.151615,-0.026493,0.895761
1.0171,5825,Virtual,Thumb_FingerTip,-17.821990,1.154425,20.980920,0.417042,-0.151615,-0.026493,0.895761
1.0171,5825,Virtual,Index_MCP,-17.840190,1.174847,20.921390,-0.410666,-0.607941,0.143041,0.664304
1.0171,5825,Virtual,Index_PIP,-17.829900,1.207129,20.953710,-0.153136,-0.717488,-0.116122,0.669535
1.0171,5825,Virtual,Index_DIP,-17.831360,1.208797,20.979570,0.098855,-0.726957,-0.335971,0.590665
1.0171,5825,Virtual,Index_FingerTip,-17.838970,1.194254,21.000890,0.098855,-0.726957,-0.335971,0.590665
1.0171,5825,Virtual,Middle_MCP,-17.814570,1.165285,20.923600,-0.388714,-0.655049,0.085062,0.642322
1.0171,5825,Virtual,Middle_PIP,-17.807850,1.197947,20.964540,-0.041633,-0.760562,-0.221695,0.608822
1.0171,5825,Virtual,Middle_DIP,-17.814920,1.192220,20.990720,0.281188,-0.707899,-0.456597,0.459709
1.0171,5825,Virtual,Middle_FingerTip,-17.826790,1.169073,21.001880,0.281188,-0.707899,-0.456597,0.459709
1.0171,5825,Virtual,Ring_MCP,-17.794470,1.151819,20.927930,-0.399846,-0.667239,0.076831,0.623709
1.0171,5825,Virtual,Ring_PIP,-17.789920,1.181110,20.963800,-0.044610,-0.776591,-0.221333,0.588156
1.0171,5825,Virtual,Ring_DIP,-17.797930,1.176076,20.988390,0.286260,-0.723284,-0.448242,0.440449
1.0171,5825,Virtual,Ring_FingerTip,-17.809500,1.155205,20.998210,0.286260,-0.723284,-0.448242,0.440449
1.0171,5825,Virtual,Pinky_MCP,-17.779650,1.135530,20.931850,-0.407617,-0.674814,0.071807,0.610998
1.0171,5825,Virtual,Pinky_PIP,-17.776540,1.160645,20.962010,-0.047980,-0.786908,-0.219886,0.574565
1.0171,5825,Virtual,Pinky_DIP,-17.782690,1.157395,20.978990,0.287543,-0.734061,-0.441210,0.428728
1.0171,5825,Virtual,Pinky_FingerTip,-17.791640,1.142059,20.986190,0.287543,-0.734061,-0.441210,0.428728
1.0171,5825,Render,Wrist,-17.847210,1.063693,20.894600,-0.577643,-0.496504,0.285842,0.581470
1.0171,5825,Render,Thumb_CMC,-17.863780,1.107209,20.903100,0.096507,-0.455239,0.662608,0.586852
1.0171,5825,Render,Thumb_MCP,-17.876630,1.137500,20.932180,0.130543,-0.446670,0.616494,0.635122
1.0171,5825,Render,Thumb_IP,-17.884430,1.170178,20.967890,0.189701,-0.424935,0.525021,0.712599
1.0171,5825,Render,Thumb_FingerTip,-17.881940,1.186908,20.990830,0.189701,-0.424935,0.525021,0.712599
1.0171,5825,Render,Index_MCP,-17.840190,1.174847,20.921390,-0.449172,-0.580072,0.185759,0.653647
1.0171,5825,Render,Index_PIP,-17.828110,1.210622,20.949090,-0.275022,-0.680149,0.001527,0.679528
1.0171,5825,Render,Index_DIP,-17.826170,1.220386,20.973060,-0.100252,-0.726766,-0.164778,0.659249
1.0171,5825,Render,Index_FingerTip,-17.829140,1.218462,20.999730,-0.100252,-0.726766,-0.164778,0.659249
1.0171,5825,Render,Middle_MCP,-17.814570,1.165285,20.923600,-0.469477,-0.599816,0.166698,0.626119
1.0171,5825,Render,Middle_PIP,-17.802700,1.206048,20.954990,-0.284735,-0.706480,-0.013464,0.647790
1.0171,5825,Render,Middle_DIP,-17.802660,1.216717,20.980580,-0.098917,-0.755251,-0.175112,0.623817
1.0171,5825,Render,Middle_FingerTip,-17.808380,1.214762,21.008220,-0.098917,-0.755251,-0.175112,0.623817
1.0171,5825,Render,Ring_MCP,-17.794470,1.151819,20.927930,-0.483793,-0.609121,0.157860,0.608273
1.0171,5825,Render,Ring_PIP,-17.784790,1.188183,20.955300,-0.297615,-0.718686,-0.015517,0.628232
1.0171,5825,Render,Ring_DIP,-17.785670,1.198939,20.979330,-0.109979,-0.770058,-0.170916,0.604735
1.0171,5825,Render,Ring_FingerTip,-17.791970,1.197976,21.004330,-0.109979,-0.770058,-0.170916,0.604735
1.0171,5825,Render,Pinky_MCP,-17.779650,1.135530,20.931850,-0.466515,-0.635523,0.126333,0.602092
1.0171,5825,Render,Pinky_PIP,-17.773340,1.164866,20.957340,-0.229439,-0.754244,-0.080421,0.609924
1.0171,5825,Render,Pinky_DIP,-17.776100,1.169416,20.974900,0.006959,-0.788339,-0.259380,0.557850
1.0171,5825,Render,Pinky_FingerTip,-17.783330,1.163661,20.991680,0.006959,-0.788339,-0.259380,0.557850
1.0305,5826,Real,Wrist,-17.850990,1.068184,20.898220,-0.580874,-0.503010,0.300701,0.564930
1.0305,5826,Real,Thumb_CMC,-17.868980,1.111425,20.905100,0.170257,-0.395893,0.648236,0.627752
1.0305,5826,Real,Thumb_MCP,-17.875730,1.141243,20.936620,0.276182,-0.330820,0.442070,0.786674
1.0305,5826,Real,Thumb_IP,-17.856600,1.166386,20.974110,0.404213,-0.149433,-0.008205,0.902338
1.0305,5826,Real,Thumb_FingerTip,-17.829380,1.162521,20.981610,0.404213,-0.149433,-0.008205,0.902338
1.0305,5826,Real,Index_MCP,-17.847660,1.180345,20.921270,-0.412998,-0.614604,0.161837,0.652306
1.0305,5826,Real,Index_PIP,-17.838660,1.214005,20.952560,-0.152804,-0.724539,-0.094201,0.665448
1.0305,5826,Real,Index_DIP,-17.840410,1.216498,20.978330,0.101555,-0.733480,-0.313961,0.594242
1.0305,5826,Real,Index_FingerTip,-17.847760,1.202453,21.000070,0.101555,-0.733480,-0.313961,0.594242
1.0305,5826,Real,Middle_MCP,-17.821780,1.171666,20.924010,-0.389697,-0.662246,0.104426,0.631397
1.0305,5826,Real,Middle_PIP,-17.816440,1.205885,20.963870,-0.039176,-0.767397,-0.199474,0.608093
1.0305,5826,Real,Middle_DIP,-17.823580,1.200827,20.990170,0.286286,-0.713073,-0.436119,0.468367
1.0305,5826,Real,Middle_FingerTip,-17.834820,1.177712,21.002010,0.286286,-0.713073,-0.436119,0.468367
1.0305,5826,Real,Ring_MCP,-17.801310,1.158987,20.928960,-0.400285,-0.674664,0.096066,0.612676
1.0305,5826,Real,Ring_PIP,-17.797990,1.189600,20.963850,-0.041554,-0.783373,-0.199174,0.587308
1.0305,5826,Real,Ring_DIP,-17.806080,1.185151,20.988520,0.291885,-0.728150,-0.427782,0.449002
1.0305,5826,Real,Ring_FingerTip,-17.817080,1.164273,20.998950,0.291885,-0.728150,-0.427782,0.449002
1.0305,5826,Real,Pinky_MCP,-17.786030,1.143310,20.933560,-0.407700,-0.682388,0.090941,0.599881
1.0305,5826,Real,Pinky_PIP,-17.783980,1.169513,20.962870,-0.044539,-0.793655,-0.197778,0.573596
1.0305,5826,Real,Pinky_DIP,-17.790170,1.166648,20.979890,0.293504,-0.738734,-0.420746,0.437150
1.0305,5826,Real,Pinky_FingerTip,-17.798710,1.151293,20.987540,0.293504,-0.738734,-0.420746,0.437150
1.0305,5826,Virtual,Wrist,-17.848970,1.066097,20.896240,-0.577506,-0.500518,0.295762,0.573144
1.0305,5826,Virtual,Thumb_CMC,-17.866460,1.109393,20.903980,0.175929,-0.399864,0.641097,0.630994
1.0305,5826,Virtual,Thumb_MCP,-17.872690,1.138741,20.936040,0.282752,-0.333007,0.434304,0.787743
1.0305,5826,Virtual,Thumb_IP,-17.853030,1.163056,20.973800,0.411000,-0.148059,-0.015473,0.899399
1.0305,5826,Virtual,Thumb_FingerTip,-17.825790,1.158795,20.981030,0.411000,-0.148059,-0.015473,0.899399
1.0305,5826,Virtual,Index_MCP,-17.844330,1.177814,20.921140,-0.409975,-0.611459,0.154911,0.658818
1.0305,5826,Virtual,Index_PIP,-17.834770,1.210851,20.952920,-0.151179,-0.720491,-0.103062,0.668892
1.0305,5826,Virtual,Index_DIP,-17.836310,1.212927,20.978750,0.101714,-0.729120,-0.323464,0.594483
1.0305,5826,Virtual,Index_FingerTip,-17.843640,1.198591,21.000290,0.101714,-0.729120,-0.323464,0.594483
1.0305,5826,Virtual,Middle_MCP,-17.818530,1.168833,20.923540,-0.387302,-0.658809,0.097121,0.637602
1.0305,5826,Virtual,Middle_PIP,-17.812550,1.202320,20.963930,-0.038642,-0.763242,-0.208820,0.610216
1.0305,5826,Virtual,Middle_DIP,-17.819540,1.196891,20.990200,0.285028,-0.709077,-0.445494,0.466374
1.0305,5826,Virtual,Middle_FingerTip,-17.830940,1.173693,21.001730,0.285028,-0.709077,-0.445494,0.466374
1.0305,5826,Virtual,Ring_MCP,-17.798150,1.155869,20.928120,-0.398139,-0.671172,0.088791,0.618975
1.0305,5826,Virtual,Ring_PIP,-17.794270,1.185855,20.963500,-0.041274,-0.779284,-0.208542,0.589512
1.0305,5826,Virtual,Ring_DIP,-17.802210,1.181072,20.988150,0.290419,-0.724323,-0.437208,0.447061
1.0305,5826,Virtual,Ring_FingerTip,-17.813350,1.160132,20.998310,0.290419,-0.724323,-0.437208,0.447061
1.0305,5826,Virtual,Pinky_MCP,-17.782990,1.139966,20.932340,-0.405719,-0.678862,0.083692,0.606246
1.0305,5826,Virtual,Pinky_PIP,-17.780460,1.165649,20.962080,-0.044420,-0.789613,-0.207152,0.575870
1.0305,5826,Virtual,Pinky_DIP,-17.786570,1.162559,20.979100,0.291911,-0.735017,-0.430208,0.435270
1.0305,5826,Virtual,Pinky_FingerTip,-17.795200,1.147163,20.986540,0.291911,-0.735017,-0.430208,0.435270
1.0305,5826,Render,Wrist,-17.848970,1.066097,20.896240,-0.577506,-0.500518,0.295762,0.573144
1.0305,5826,Render,Thumb_CMC,-17.866460,1.109393,20.903980,0.095839,-0.448954,0.672669,0.580321
1.0305,5826,Render,Thumb_MCP,-17.879990,1.139896,20.932520,0.129403,-0.440453,0.627019,0.629368
1.0305,5826,Render,Thumb_IP,-17.888540,1.173005,20.967660,0.187731,-0.418929,0.536227,0.708320
1.0305,5826,Render,Thumb_FingerTip,-17.886430,1.190171,20.990310,0.187731,-0.418929,0.536227,0.708320
1.0305,5826,Render,Index_MCP,-17.844330,1.177814,20.921140,-0.448711,-0.583627,0.197249,0.647404
1.0305,5826,Render,Index_PIP,-17.833050,1.214301,20.948230,-0.273613,-0.683445,0.014279,0.676635
1.0305,5826,Render,Index_DIP,-17.831350,1.224510,20.972040,-0.098080,-0.729618,-0.151706,0.659564
1.0305,5826,Render,Index_FingerTip,-17.834330,1.222977,20.998730,-0.098080,-0.729618,-0.151706,0.659564
1.0305,5826,Render,Middle_MCP,-17.818530,1.168833,20.923540,-0.468558,-0.603726,0.178053,0.619892
1.0305,5826,Render,Middle_PIP,-17.807560,1.210365,20.954250,-0.282767,-0.709982,-0.000827,0.644956
1.0305,5826,Render,Middle_DIP,-17.807790,1.221465,20.979650,-0.096136,-0.758148,-0.162169,0.624236
1.0305,5826,Render,Middle_FingerTip,-17.813510,1.219861,21.007320,-0.096136,-0.758148,-0.162169,0.624236
1.0305,5826,Render,Ring_MCP,-17.798150,1.155869,20.928120,-0.482617,-0.613244,0.169097,0.602013
1.0305,5826,Render,Ring_PIP,-17.789270,1.192889,20.954890,-0.295351,-0.722326,-0.002991,0.625304
1.0305,5826,Render,Ring_DIP,-17.790420,1.204031,20.978730,-0.106882,-0.773022,-0.158056,0.605006
1.0305,5826,Render,Ring_FingerTip,-17.796750,1.203360,21.003730,-0.106882,-0.773022,-0.158056,0.605006
1.0305,5826,Render,Pinky_MCP,-17.782990,1.139966,20.932340,-0.464988,-0.639725,0.137745,0.596293
1.0305,5826,Render,Pinky_PIP,-17.777340,1.169857,20.957340,-0.226605,-0.757702,-0.067732,0.608236
1.0305,5826,Render,Pinky_DIP,-17.780230,1.174645,20.974810,0.010698,-0.790789,-0.246768,0.560039
1.0305,5826,Render,Pinky_FingerTip,-17.787360,1.169026,20.991680,0.010698,-0.790789,-0.246768,0.560039
1.0442,5827,Real,Wrist,-17.852960,1.070075,20.900970,-0.585718,-0.507130,0.303789,0.554497
1.0442,5827,Real,Thumb_CMC,-17.871450,1.113255,20.906800,0.161641,-0.393694,0.656205,0.623115
1.0442,5827,Real,Thumb_MCP,-17.878970,1.143576,20.937660,0.267375,-0.331110,0.450848,0.784611
1.0442,5827,Real,Thumb_IP,-17.860630,1.169583,20.974960,0.396784,-0.153901,0.000053,0.904918
1.0442,5827,Real,Thumb_FingerTip,-17.833480,1.166105,20.982900,0.396784,-0.153901,0.000053,0.904918
1.0442,5827,Real,Index_MCP,-17.851030,1.182663,20.922010,-0.417716,-0.619390,0.168225,0.643094
1.0442,5827,Real,Index_PIP,-17.842780,1.217027,20.952740,-0.155647,-0.730688,-0.084594,0.659328
1.0442,5827,Real,Index_DIP,-17.844910,1.220036,20.978430,0.100725,-0.740260,-0.302659,0.591834
1.0442,5827,Real,Index_FingerTip,-17.852430,1.206387,21.000360,0.100725,-0.740260,-0.302659,0.591834
1.0442,5827,Real,Middle_MCP,-17.825120,1.174289,20.925290,-0.393535,-0.667365,0.111212,0.622404
1.0442,5827,Real,Middle_PIP,-17.820650,1.209337,20.964530,-0.040338,-0.773705,-0.189197,0.603290
1.0442,5827,Real,Middle_DIP,-17.828100,1.204739,20.990830,0.287768,-0.719330,-0.424706,0.468380
1.0442,5827,Real,Middle_FingerTip,-17.839300,1.181764,21.002980,0.287768,-0.719330,-0.424706,0.468380
1.0442,5827,Real,Ring_MCP,-17.804600,1.161904,20.930760,-0.404662,-0.679277,0.103512,0.603421
1.0442,5827,Real,Ring_PIP,-17.802010,1.193300,20.965010,-0.044759,-0.789408,-0.187200,0.582913
1.0442,5827,Real,Ring_DIP,-17.810340,1.189413,20.989690,0.290287,-0.735461,-0.414317,0.450747
1.0442,5827,Real,Ring_FingerTip,-17.821310,1.168760,21.000590,0.290287,-0.735461,-0.414317,0.450747
1.0442,5827,Real,Pinky_MCP,-17.789240,1.146464,20.935860,-0.411901,-0.686976,0.098316,0.590539
1.0442,5827,Real,Pinky_PIP,-17.787790,1.173318,20.964620,-0.047618,-0.799581,-0.185853,0.569088
1.0442,5827,Real,Pinky_DIP,-17.794170,1.170834,20.981640,0.291955,-0.745896,-0.407298,0.438761
1.0442,5827,Real,Pinky_FingerTip,-17.802680,1.155642,20.989620,0.291955,-0.745896,-0.407298,0.438761
1.0442,5827,Virtual,Wrist,-17.851000,1.068185,20.898230,-0.580874,-0.503010,0.300701,0.564930
1.0442,5827,Virtual,Thumb_CMC,-17.868980,1.111426,20.905110,0.170151,-0.395913,0.648381,0.627618
1.0442,5827,Virtual,Thumb_MCP,-17.875760,1.141247,20.936620,0.276164,-0.330805,0.442064,0.786690
1.0442,5827,Virtual,Thumb_IP,-17.856620,1.166391,20.974110,0.404253,-0.149259,-0.008599,0.902346
1.0442,5827,Virtual,Thumb_FingerTip,-17.829400,1.162510,20.981590,0.404253,-0.149259,-0.008599,0.902346
1.0442,5827,Virtual,Index_MCP,-17.847660,1.180345,20.921280,-0.413603,-0.614197,0.162480,0.652146
1.0442,5827,Virtual,Index_PIP,-17.838640,1.214061,20.952500,-0.153775,-0.724334,-0.093308,0.665574
1.0442,5827,Virtual,Index_DIP,-17.840370,1.216620,20.978270,0.100337,-0.733648,-0.312972,0.594763
1.0442,5827,Virtual,Index_FingerTip,-17.847690,1.202645,21.000060,0.100337,-0.733648,-0.312972,0.594763
1.0442,5827,Virtual,Middle_MCP,-17.821780,1.171666,20.924020,-0.390257,-0.661916,0.104960,0.631308
1.0442,5827,Virtual,Middle_PIP,-17.816410,1.205946,20.963820,-0.039951,-0.767357,-0.198858,0.608295
1.0442,5827,Virtual,Middle_DIP,-17.823530,1.200939,20.990140,0.285458,-0.713405,-0.435575,0.468873
1.0442,5827,Virtual,Middle_FingerTip,-17.834770,1.177854,21.002040,0.285458,-0.713405,-0.435575,0.468873
1.0442,5827,Virtual,Ring_MCP,-17.801310,1.158988,20.928960,-0.401669,-0.673841,0.097325,0.612477
1.0442,5827,Virtual,Ring_PIP,-17.797920,1.189726,20.963740,-0.044618,-0.783204,-0.196874,0.588083
1.0442,5827,Virtual,Ring_DIP,-17.805940,1.185467,20.988470,0.287814,-0.729769,-0.425267,0.451386
1.0442,5827,Virtual,Ring_FingerTip,-17.816950,1.164724,20.999150,0.287814,-0.729769,-0.425267,0.451386
1.0442,5827,Virtual,Pinky_MCP,-17.786030,1.143311,20.933560,-0.409100,-0.681550,0.092173,0.599693
1.0442,5827,Virtual,Pinky_PIP,-17.783910,1.169619,20.962770,-0.047643,-0.793475,-0.195531,0.574365
1.0442,5827,Virtual,Pinky_DIP,-17.790060,1.166886,20.979840,0.289373,-0.740362,-0.418297,0.439494
1.0442,5827,Virtual,Pinky_FingerTip,-17.798610,1.151633,20.987670,0.289373,-0.740362,-0.418297,0.439494
1.0442,5827,Render,Wrist,-17.851000,1.068185,20.898230,-0.580874,-0.503010,0.300701,0.564930
1.0442,5827,Render,Thumb_CMC,-17.868980,1.111426,20.905110,0.090727,-0.444929,0.679671,0.576069
1.0442,5827,Render,Thumb_MCP,-17.883030,1.142266,20.933030,0.124002,-0.436825,0.634320,0.625656
1.0442,5827,Render,Thumb_IP,-17.892160,1.175871,20.967540,0.181889,-0.416064,0.543963,0.705628
1.0442,5827,Render,Thumb_FingerTip,-17.890400,1.193436,20.989920,0.181889,-0.416064,0.543963,0.705628
1.0442,5827,Render,Index_MCP,-17.847660,1.180345,20.921280,-0.451931,-0.586570,0.203739,0.640457
1.0442,5827,Render,Index_PIP,-17.836940,1.217394,20.947840,-0.275915,-0.687151,0.022411,0.671708
1.0442,5827,Render,Index_DIP,-17.835530,1.228018,20.971480,-0.099405,-0.733774,-0.142616,0.656776
1.0442,5827,Render,Index_FingerTip,-17.838690,1.226902,20.998170,-0.099405,-0.733774,-0.142616,0.656776
1.0442,5827,Render,Middle_MCP,-17.821780,1.171666,20.924020,-0.471374,-0.606828,0.184503,0.612802
1.0442,5827,Render,Middle_PIP,-17.811460,1.213817,20.954100,-0.284613,-0.713743,0.007336,0.639932
1.0442,5827,Render,Middle_DIP,-17.811990,1.225339,20.979310,-0.096982,-0.762252,-0.153009,0.621414
1.0442,5827,Render,Middle_FingerTip,-17.817900,1.224141,21.006960,-0.096982,-0.762252,-0.153009,0.621414
1.0442,5827,Render,Ring_MCP,-17.801310,1.158988,20.928960,-0.485201,-0.616425,0.175485,0.594816
1.0442,5827,Render,Ring_PIP,-17.793010,1.196539,20.955160,-0.296960,-0.726095,0.005131,0.620141
1.0442,5827,Render,Ring_DIP,-17.794450,1.208068,20.978810,-0.107506,-0.777073,-0.148906,0.602020
1.0442,5827,Render,Ring_FingerTip,-17.800950,1.207753,21.003770,-0.107506,-0.777073,-0.148906,0.602020
1.0442,5827,Render,Pinky_MCP,-17.786030,1.143311,20.933560,-0.467277,-0.643059,0.144394,0.589303
1.0442,5827,Render,Pinky_PIP,-17.780870,1.173673,20.958090,-0.227659,-0.761606,-0.059142,0.603846
1.0442,5827,Render,Pinky_DIP,-17.783930,1.178725,20.975460,0.010861,-0.794830,-0.237257,0.558424
1.0442,5827,Render,Pinky_FingerTip,-17.791140,1.173317,20.992360,0.010861,-0.794830,-0.237257,0.558424
1.0582,5828,Real,Wrist,-17.854850,1.071874,20.903410,-0.590592,-0.508431,0.306702,0.546473
1.0582,5828,Real,Thumb_CMC,-17.873600,1.115058,20.908340,0.154043,-0.390611,0.662024,0.620821
1.0582,5828,Real,Thumb_MCP,-17.881570,1.145869,20.938590,0.259272,-0.330279,0.456937,0.784158
1.0582,5828,Real,Thumb_IP,-17.863720,1.172608,20.975610,0.389396,-0.157089,0.005260,0.907561
1.0582,5828,Real,Thumb_FingerTip,-17.836620,1.169393,20.983850,0.389396,-0.157089,0.005260,0.907561
1.0582,5828,Real,Index_MCP,-17.853630,1.184810,20.922550,-0.423234,-0.621326,0.173855,0.636083
1.0582,5828,Real,Index_PIP,-17.845790,1.219796,20.952680,-0.160302,-0.734491,-0.076516,0.654960
1.0582,5828,Real,Index_DIP,-17.848140,1.223307,20.978280,0.097392,-0.745445,-0.293391,0.590550
1.0582,5828,Real,Index_FingerTip,-17.855770,1.210079,21.000430,0.097392,-0.745445,-0.293391,0.590550
1.0582,5828,Real,Middle_MCP,-17.827710,1.176617,20.926200,-0.398622,-0.669628,0.117341,0.615573
1.0582,5828,Real,Middle_PIP,-17.823720,1.212436,20.964800,-0.044177,-0.778042,-0.180315,0.600155
1.0582,5828,Real,Middle_DIP,-17.831360,1.208342,20.991120,0.285787,-0.725001,-0.415124,0.469437
1.0582,5828,Real,Middle_FingerTip,-17.842560,1.185586,21.003670,0.285787,-0.725001,-0.415124,0.469437
1.0582,5828,Real,Ring_MCP,-17.807190,1.164424,20.932070,-0.411016,-0.680641,0.110915,0.596232
1.0582,5828,Real,Ring_PIP,-17.804920,1.196616,20.965600,-0.052555,-0.793375,-0.175271,0.580581
1.0582,5828,Real,Ring_DIP,-17.813350,1.193451,20.990350,0.282519,-0.743229,-0.401070,0.454904
1.0582,5828,Real,Ring_FingerTip,-17.824360,1.173202,21.001950,0.282519,-0.743229,-0.401070,0.454904
1.0582,5828,Real,Pinky_MCP,-17.791800,1.149146,20.937570,-0.418130,-0.688316,0.105675,0.583284
1.0582,5828,Real,Pinky_PIP,-17.790620,1.176663,20.965710,-0.055350,-0.803461,-0.173979,0.566674
1.0582,5828,Real,Pinky_DIP,-17.797070,1.174677,20.982770,0.284176,-0.753562,-0.394106,0.442797
1.0582,5828,Real,Pinky_FingerTip,-17.805620,1.159785,20.991270,0.284176,-0.753562,-0.394106,0.442797
1.0582,5828,Virtual,Wrist,-17.852960,1.070074,20.900980,-0.585718,-0.507130,0.303789,0.554497
1.0582,5828,Virtual,Thumb_CMC,-17.871460,1.113254,20.906810,0.161410,-0.393736,0.656519,0.622818
1.0582,5828,Virtual,Thumb_MCP,-17.879020,1.143582,20.937650,0.267225,-0.331168,0.451091,0.784498
1.0582,5828,Virtual,Thumb_IP,-17.860690,1.169606,20.974950,0.396733,-0.153896,0.000023,0.904941
1.0582,5828,Virtual,Thumb_FingerTip,-17.833540,1.166127,20.982890,0.396733,-0.153896,0.000023,0.904941
1.0582,5828,Virtual,Index_MCP,-17.851030,1.182661,20.922020,-0.418479,-0.618875,0.169016,0.642886
1.0582,5828,Virtual,Index_PIP,-17.842750,1.217094,20.952660,-0.156806,-0.730440,-0.083548,0.659461
1.0582,5828,Virtual,Index_DIP,-17.844860,1.220180,20.978350,0.099313,-0.740451,-0.301530,0.592410
1.0582,5828,Virtual,Index_FingerTip,-17.852340,1.206613,21.000340,0.099313,-0.740451,-0.301530,0.592410
1.0582,5828,Virtual,Middle_MCP,-17.825120,1.174288,20.925290,-0.394412,-0.666847,0.112031,0.622257
1.0582,5828,Virtual,Middle_PIP,-17.820600,1.209427,20.964450,-0.041729,-0.773631,-0.188113,0.603629
1.0582,5828,Virtual,Middle_DIP,-17.828020,1.204922,20.990770,0.286163,-0.719970,-0.423660,0.469326
1.0582,5828,Virtual,Middle_FingerTip,-17.839220,1.182007,21.003040,0.286163,-0.719970,-0.423660,0.469326
1.0582,5828,Virtual,Ring_MCP,-17.804600,1.161902,20.930770,-0.407025,-0.677864,0.105613,0.603057
1.0582,5828,Virtual,Ring_PIP,-17.801870,1.193509,20.964810,-0.050285,-0.789076,-0.183114,0.584209
1.0582,5828,Virtual,Ring_DIP,-17.810100,1.189963,20.989590,0.282793,-0.738375,-0.409712,0.454937
1.0582,5828,Virtual,Ring_FingerTip,-17.821090,1.169571,21.000940,0.282793,-0.738375,-0.409712,0.454937
1.0582,5828,Virtual,Pinky_MCP,-17.789240,1.146462,20.935870,-0.414291,-0.685537,0.100372,0.590193
1.0582,5828,Virtual,Pinky_PIP,-17.787670,1.173491,20.964450,-0.053216,-0.799228,-0.181863,0.570375
1.0582,5828,Virtual,Pinky_DIP,-17.793970,1.171246,20.981530,0.284355,-0.748826,-0.402815,0.442880
1.0582,5828,Virtual,Pinky_FingerTip,-17.802520,1.156252,20.989850,0.284355,-0.748826,-0.402815,0.442880
1.0582,5828,Render,Wrist,-17.852960,1.070074,20.900980,-0.585718,-0.507130,0.303789,0.554497
1.0582,5828,Render,Thumb_CMC,-17.871460,1.113254,20.906810,0.082704,-0.442432,0.687114,0.570341
1.0582,5828,Render,Thumb_MCP,-17.886200,1.144457,20.933960,0.115814,-0.434940,0.642174,0.620505
1.0582,5828,Render,Thumb_IP,-17.896160,1.178592,20.967720,0.173522,-0.415303,0.552441,0.701586
1.0582,5828,Render,Thumb_FingerTip,-17.894890,1.196576,20.989790,0.173522,-0.415303,0.552441,0.701586
1.0582,5828,Render,Index_MCP,-17.851030,1.182661,20.922020,-0.456367,-0.591490,0.208894,0.631057
1.0582,5828,Render,Index_PIP,-17.841060,1.220289,20.948050,-0.278850,-0.693090,0.029922,0.664059
1.0582,5828,Render,Index_DIP,-17.840090,1.231354,20.971510,-0.100798,-0.740250,-0.133462,0.651197
1.0582,5828,Render,Index_FingerTip,-17.843630,1.230692,20.998170,-0.100798,-0.740250,-0.133462,0.651197
1.0582,5828,Render,Middle_MCP,-17.825120,1.174288,20.925290,-0.475319,-0.611815,0.189569,0.603173
1.0582,5828,Render,Middle_PIP,-17.815640,1.217076,20.954750,-0.287021,-0.719628,0.014874,0.632086
1.0582,5828,Render,Middle_DIP,-17.816640,1.229048,20.979730,-0.097841,-0.768553,-0.143748,0.615704
1.0582,5828,Render,Middle_FingerTip,-17.822940,1.228295,21.007310,-0.097841,-0.768553,-0.143748,0.615704
1.0582,5828,Render,Ring_MCP,-17.804600,1.161902,20.930770,-0.488870,-0.621430,0.180453,0.585037
1.0582,5828,Render,Ring_PIP,-17.797040,1.200003,20.956390,-0.299111,-0.731917,0.012596,0.612105
1.0582,5828,Render,Ring_DIP,-17.798930,1.211944,20.979800,-0.108145,-0.783246,-0.139681,0.596088
1.0582,5828,Render,Ring_FingerTip,-17.805790,1.212018,21.004670,-0.108145,-0.783246,-0.139681,0.596088
1.0582,5828,Render,Pinky_MCP,-17.789240,1.146462,20.935870,-0.470543,-0.648219,0.149710,0.579646
1.0582,5828,Render,Pinky_PIP,-17.784720,1.177314,20.959910,-0.229030,-0.767557,-0.050925,0.596497
1.0582,5828,Render,Pinky_DIP,-17.788080,1.182649,20.977140,0.011336,-0.800918,-0.227217,0.553873
1.0582,5828,Render,Pinky_FingerTip,-17.795480,1.177479,20.994040,0.011336,-0.800918,-0.227217,0.553873
1.0726,5829,Real,Wrist,-17.856350,1.074073,20.905810,-0.593181,-0.511432,0.312925,0.537264
1.0726,5829,Real,Thumb_CMC,-17.875700,1.117084,20.909820,0.147637,-0.385498,0.670765,0.616173
1.0726,5829,Real,Thumb_MCP,-17.884350,1.148383,20.939380,0.251792,-0.327118,0.466356,0.782373
1.0726,5829,Real,Thumb_IP,-17.867140,1.176085,20.975990,0.381439,-0.157828,0.013719,0.910718
1.0726,5829,Real,Thumb_FingerTip,-17.840070,1.173365,20.984480,0.381439,-0.157828,0.013719,0.910718
1.0726,5829,Real,Index_MCP,-17.856770,1.187344,20.922890,-0.426975,-0.623669,0.183836,0.628438
1.0726,5829,Real,Index_PIP,-17.849530,1.223104,20.952250,-0.163421,-0.737946,-0.063937,0.651646
1.0726,5829,Real,Index_DIP,-17.852050,1.227201,20.977750,0.095144,-0.749812,-0.280052,0.591862
1.0726,5829,Real,Index_FingerTip,-17.859620,1.214446,21.000200,0.095144,-0.749812,-0.280052,0.591862
1.0726,5829,Real,Middle_MCP,-17.830760,1.179566,20.926860,-0.401966,-0.672198,0.127833,0.608468
1.0726,5829,Real,Middle_PIP,-17.827400,1.216317,20.964630,-0.046822,-0.781815,-0.167065,0.598885
1.0726,5829,Real,Middle_DIP,-17.835120,1.212800,20.991020,0.284239,-0.729818,-0.402088,0.474236
1.0726,5829,Real,Middle_FingerTip,-17.846110,1.190267,21.004150,0.284239,-0.729818,-0.402088,0.474236
1.0726,5829,Real,Ring_MCP,-17.810120,1.167758,20.933090,-0.417384,-0.681261,0.124100,0.588450
1.0726,5829,Real,Ring_PIP,-17.808210,1.201020,20.965580,-0.064158,-0.796373,-0.155445,0.580957
1.0726,5829,Real,Ring_DIP,-17.816560,1.198954,20.990490,0.267925,-0.752690,-0.379928,0.466186
1.0726,5829,Real,Ring_FingerTip,-17.827440,1.179408,21.003340,0.267925,-0.752690,-0.379928,0.466186
1.0726,5829,Real,Pinky_MCP,-17.794570,1.152791,20.938980,-0.424369,-0.688934,0.118722,0.575488
1.0726,5829,Real,Pinky_PIP,-17.793680,1.181193,20.966230,-0.066918,-0.806375,-0.154379,0.566964
1.0726,5829,Real,Pinky_DIP,-17.800070,1.179961,20.983390,0.269508,-0.762945,-0.373220,0.453859
1.0726,5829,Real,Pinky_FingerTip,-17.808550,1.165592,20.992800,0.269508,-0.762945,-0.373220,0.453859
1.0726,5829,Virtual,Wrist,-17.854850,1.071875,20.903420,-0.590592,-0.508431,0.306703,0.546473
1.0726,5829,Virtual,Thumb_CMC,-17.873600,1.115059,20.908340,0.152965,-0.390439,0.662586,0.620596
1.0726,5829,Virtual,Thumb_MCP,-17.881630,1.145926,20.938520,0.258311,-0.330328,0.457254,0.784269
1.0726,5829,Virtual,Thumb_IP,-17.863800,1.172725,20.975510,0.388690,-0.157356,0.004884,0.907819
1.0726,5829,Virtual,Thumb_FingerTip,-17.836720,1.169491,20.983760,0.388690,-0.157356,0.004884,0.907819
1.0726,5829,Virtual,Index_MCP,-17.853630,1.184811,20.922560,-0.424763,-0.620282,0.175421,0.635653
1.0726,5829,Virtual,Index_PIP,-17.845720,1.219931,20.952510,-0.162632,-0.733978,-0.074437,0.655200
1.0726,5829,Virtual,Index_DIP,-17.848020,1.223595,20.978100,0.094548,-0.745811,-0.291135,0.591665
1.0726,5829,Virtual,Index_FingerTip,-17.855610,1.210534,21.000360,0.094548,-0.745811,-0.291135,0.591665
1.0726,5829,Virtual,Middle_MCP,-17.827710,1.176618,20.926210,-0.400455,-0.668534,0.119027,0.615249
1.0726,5829,Virtual,Middle_PIP,-17.823600,1.212626,20.964610,-0.047169,-0.777866,-0.178005,0.600844
1.0726,5829,Virtual,Middle_DIP,-17.831190,1.208730,20.990990,0.282273,-0.726377,-0.412845,0.471443
1.0726,5829,Virtual,Middle_FingerTip,-17.842390,1.186110,21.003770,0.282273,-0.726377,-0.412845,0.471443
1.0726,5829,Virtual,Ring_MCP,-17.807190,1.164424,20.932070,-0.416126,-0.677529,0.115399,0.595380
1.0726,5829,Virtual,Ring_PIP,-17.804620,1.197059,20.965150,-0.064725,-0.792475,-0.166339,0.583203
1.0726,5829,Virtual,Ring_DIP,-17.812820,1.194651,20.990070,0.265810,-0.749367,-0.390785,0.463768
1.0726,5829,Virtual,Ring_FingerTip,-17.823880,1.175021,21.002640,0.265810,-0.749367,-0.390785,0.463768
1.0726,5829,Virtual,Pinky_MCP,-17.791800,1.149147,20.937580,-0.423298,-0.685150,0.110062,0.582472
1.0726,5829,Virtual,Pinky_PIP,-17.790350,1.177032,20.965340,-0.067675,-0.802516,-0.165261,0.569277
1.0726,5829,Virtual,Pinky_DIP,-17.796640,1.175573,20.982510,0.267236,-0.759735,-0.384094,0.451508
1.0726,5829,Virtual,Pinky_FingerTip,-17.805250,1.161149,20.991720,0.267236,-0.759735,-0.384094,0.451508
1.0726,5829,Render,Wrist,-17.854850,1.071875,20.903420,-0.590592,-0.508431,0.306703,0.546473
1.0726,5829,Render,Thumb_CMC,-17.873600,1.115059,20.908340,0.075761,-0.438990,0.692548,0.567385
1.0726,5829,Render,Thumb_MCP,-17.888730,1.146647,20.934820,0.108631,-0.432031,0.647816,0.617967
1.0726,5829,Render,Thumb_IP,-17.899160,1.181301,20.967910,0.166011,-0.413390,0.558374,0.699834
1.0726,5829,Render,Thumb_FingerTip,-17.898170,1.199663,20.989680,0.166011,-0.413390,0.558374,0.699834
1.0726,5829,Render,Index_MCP,-17.853630,1.184811,20.922560,-0.461267,-0.593638,0.213299,0.623964
1.0726,5829,Render,Index_PIP,-17.844080,1.222922,20.948030,-0.282984,-0.696486,0.036085,0.658426
1.0726,5829,Render,Index_DIP,-17.843360,1.234387,20.971310,-0.103975,-0.744555,-0.126108,0.647243
1.0726,5829,Render,Index_FingerTip,-17.847150,1.234160,20.997940,-0.103975,-0.744555,-0.126108,0.647243
1.0726,5829,Render,Middle_MCP,-17.827710,1.176618,20.926210,-0.479846,-0.614044,0.193995,0.595873
1.0726,5829,Render,Middle_PIP,-17.818700,1.219944,20.955020,-0.290752,-0.723025,0.021150,0.626300
1.0726,5829,Render,Middle_DIP,-17.819990,1.232333,20.979780,-0.100603,-0.772774,-0.136223,0.611672
1.0726,5829,Render,Middle_FingerTip,-17.826540,1.232017,21.007310,-0.100603,-0.772774,-0.136223,0.611672
1.0726,5829,Render,Ring_MCP,-17.807190,1.164424,20.932070,-0.493178,-0.623684,0.184857,0.577600
1.0726,5829,Render,Ring_PIP,-17.800040,1.202990,20.957120,-0.302633,-0.735269,0.018875,0.606167
1.0726,5829,Render,Ring_DIP,-17.802200,1.215316,20.980300,-0.110724,-0.787367,-0.132124,0.591893
1.0726,5829,Render,Ring_FingerTip,-17.809290,1.215780,21.005100,-0.110724,-0.787367,-0.132124,0.591893
1.0726,5829,Render,Pinky_MCP,-17.791800,1.149147,20.937580,-0.474603,-0.650665,0.154414,0.572315
1.0726,5829,Render,Pinky_PIP,-17.787650,1.180422,20.961130,-0.232049,-0.771211,-0.044057,0.591140
1.0726,5829,Render,Pinky_DIP,-17.791190,1.186033,20.978230,0.009549,-0.805308,-0.219060,0.550818
1.0726,5829,Render,Pinky_FingerTip,-17.798720,1.181115,20.995150,0.009549,-0.805308,-0.219060,0.550818
1.0871,5830,Real,Wrist,-17.857670,1.076744,20.908540,-0.596673,-0.514671,0.320754,0.525559
1.0871,5830,Real,Thumb_CMC,-17.877730,1.119521,20.911380,0.140630,-0.378925,0.680792,0.610870
1.0871,5830,Real,Thumb_MCP,-17.887140,1.151363,20.940120,0.243196,-0.322826,0.477482,0.780161
1.0871,5830,Real,Thumb_IP,-17.870690,1.180194,20.976200,0.371848,-0.158397,0.024463,0.914353
1.0871,5830,Real,Thumb_FingerTip,-17.843650,1.178111,20.984970,0.371848,-0.158397,0.024463,0.914353
1.0871,5830,Real,Index_MCP,-17.860030,1.190365,20.922940,-0.430125,-0.627470,0.194429,0.619251
1.0871,5830,Real,Index_PIP,-17.853620,1.226918,20.951500,-0.164925,-0.742648,-0.050681,0.647075
1.0871,5830,Real,Index_DIP,-17.856430,1.231574,20.976880,0.095315,-0.754746,-0.266032,0.592032
1.0871,5830,Real,Index_FingerTip,-17.863980,1.219230,20.999550,0.095315,-0.754746,-0.266032,0.592032
1.0871,5830,Real,Middle_MCP,-17.833940,1.183103,20.927310,-0.404261,-0.676371,0.138949,0.599824
1.0871,5830,Real,Middle_PIP,-17.831490,1.220783,20.964220,-0.046934,-0.786576,-0.153215,0.596340
1.0871,5830,Real,Middle_DIP,-17.839370,1.217764,20.990620,0.286127,-0.734191,-0.388442,0.477712
1.0871,5830,Real,Middle_FingerTip,-17.850120,1.195372,21.004180,0.286127,-0.734191,-0.388442,0.477712
1.0871,5830,Real,Ring_MCP,-17.813170,1.171779,20.933980,-0.419352,-0.685518,0.135099,0.579619
1.0871,5830,Real,Ring_PIP,-17.812070,1.205823,20.965690,-0.063988,-0.801060,-0.141641,0.578055
1.0871,5830,Real,Ring_DIP,-17.820590,1.204209,20.990560,0.270001,-0.756895,-0.366147,0.469197
1.0871,5830,Real,Ring_FingerTip,-17.831280,1.184800,21.003790,0.270001,-0.756895,-0.366147,0.469197
1.0871,5830,Real,Pinky_MCP,-17.797440,1.157207,20.940350,-0.426099,-0.693256,0.129680,0.566586
1.0871,5830,Real,Pinky_PIP,-17.797240,1.186253,20.966920,-0.066507,-0.811012,-0.140580,0.563981
1.0871,5830,Real,Pinky_DIP,-17.803750,1.185323,20.984050,0.271783,-0.767005,-0.359410,0.456794
1.0871,5830,Real,Pinky_FingerTip,-17.812080,1.171045,20.993730,0.271783,-0.767005,-0.359410,0.456794
1.0871,5830,Virtual,Wrist,-17.856350,1.074071,20.905820,-0.593181,-0.511432,0.312925,0.537263
1.0871,5830,Virtual,Thumb_CMC,-17.875700,1.117082,20.909820,0.147637,-0.385498,0.670766,0.616173
1.0871,5830,Virtual,Thumb_MCP,-17.884360,1.148381,20.939380,0.251791,-0.327118,0.466357,0.782372
1.0871,5830,Virtual,Thumb_IP,-17.867140,1.176083,20.975990,0.381439,-0.157828,0.013719,0.910718
1.0871,5830,Virtual,Thumb_FingerTip,-17.840070,1.173364,20.984490,0.381439,-0.157828,0.013719,0.910718
1.0871,5830,Virtual,Index_MCP,-17.856770,1.187342,20.922900,-0.426975,-0.623669,0.183837,0.628437
1.0871,5830,Virtual,Index_PIP,-17.849530,1.223103,20.952260,-0.163421,-0.737946,-0.063936,0.651645
1.0871,5830,Virtual,Index_DIP,-17.852060,1.227200,20.977760,0.095144,-0.749812,-0.280051,0.591862
1.0871,5830,Virtual,Index_FingerTip,-17.859620,1.214444,21.000200,0.095144,-0.749812,-0.280051,0.591862
1.0871,5830,Virtual,Middle_MCP,-17.830760,1.179565,20.926870,-0.401967,-0.672198,0.127833,0.608467
1.0871,5830,Virtual,Middle_PIP,-17.827400,1.216316,20.964640,-0.046822,-0.781815,-0.167064,0.598885
1.0871,5830,Virtual,Middle_DIP,-17.835120,1.212799,20.991030,0.284239,-0.729819,-0.402087,0.474236
1.0871,5830,Virtual,Middle_FingerTip,-17.846120,1.190265,21.004150,0.284239,-0.729819,-0.402087,0.474236
1.0871,5830,Virtual,Ring_MCP,-17.810120,1.167757,20.933100,-0.417384,-0.681262,0.124100,0.588450
1.0871,5830,Virtual,Ring_PIP,-17.808220,1.201018,20.965590,-0.064158,-0.796373,-0.155444,0.580957
1.0871,5830,Virtual,Ring_DIP,-17.816560,1.198952,20.990490,0.267925,-0.752690,-0.379927,0.466186
1.0871,5830,Virtual,Ring_FingerTip,-17.827440,1.179407,21.003350,0.267925,-0.752690,-0.379927,0.466186
1.0871,5830,Virtual,Pinky_MCP,-17.794570,1.152790,20.938990,-0.424369,-0.688935,0.118723,0.575487
1.0871,5830,Virtual,Pinky_PIP,-17.793690,1.181192,20.966240,-0.066918,-0.806376,-0.154378,0.566964
1.0871,5830,Virtual,Pinky_DIP,-17.800070,1.179960,20.983390,0.269508,-0.762945,-0.373219,0.453859
1.0871,5830,Virtual,Pinky_FingerTip,-17.808550,1.165591,20.992810,0.269508,-0.762945,-0.373219,0.453859
1.0871,5830,Render,Wrist,-17.856350,1.074071,20.905820,-0.593181,-0.511432,0.312925,0.537263
1.0871,5830,Render,Thumb_CMC,-17.875700,1.117082,20.909820,0.070856,-0.433517,0.700728,0.562160
1.0871,5830,Render,Thumb_MCP,-17.891420,1.148979,20.935590,0.103328,-0.426943,0.656366,0.613374
1.0871,5830,Render,Thumb_IP,-17.902510,1.184132,20.967920,0.160069,-0.409066,0.567466,0.696438
1.0871,5830,Render,Thumb_FingerTip,-17.901900,1.202926,20.989340,0.160069,-0.409066,0.567466,0.696438
1.0871,5830,Render,Index_MCP,-17.856770,1.187342,20.922900,-0.463679,-0.596886,0.221266,0.616256
1.0871,5830,Render,Index_PIP,-17.847890,1.226034,20.947740,-0.284424,-0.700267,0.045844,0.653168
1.0871,5830,Render,Index_DIP,-17.847500,1.237928,20.970810,-0.104447,-0.748573,-0.115359,0.644532
1.0871,5830,Render,Index_FingerTip,-17.851470,1.238134,20.997420,-0.104447,-0.748573,-0.115359,0.644532
1.0871,5830,Render,Middle_MCP,-17.830760,1.179565,20.926870,-0.481798,-0.617493,0.201898,0.588057
1.0871,5830,Render,Middle_PIP,-17.822530,1.223524,20.954950,-0.291671,-0.726880,0.030910,0.620982
1.0871,5830,Render,Middle_DIP,-17.824150,1.236342,20.979470,-0.100529,-0.776738,-0.125442,0.608964
1.0871,5830,Render,Middle_FingerTip,-17.830890,1.236438,21.006960,-0.100529,-0.776738,-0.125442,0.608964
1.0871,5830,Render,Ring_MCP,-17.810120,1.167757,20.933100,-0.494867,-0.627243,0.192680,0.569692
1.0871,5830,Render,Ring_PIP,-17.803660,1.206863,20.957480,-0.303278,-0.739154,0.028572,0.600714
1.0871,5830,Render,Ring_DIP,-17.806140,1.219578,20.980420,-0.110386,-0.791291,-0.121378,0.589017
1.0871,5830,Render,Ring_FingerTip,-17.813420,1.220396,21.005170,-0.110386,-0.791291,-0.121378,0.589017
1.0871,5830,Render,Pinky_MCP,-17.794570,1.152790,20.938990,-0.475960,-0.654356,0.162513,0.564686
1.0871,5830,Render,Pinky_PIP,-17.791000,1.184541,20.961990,-0.232106,-0.775143,-0.033887,0.586628
1.0871,5830,Render,Pinky_DIP,-17.794740,1.190412,20.978960,0.010673,-0.809077,-0.208005,0.549559
1.0871,5830,Render,Pinky_FingerTip,-17.802320,1.185701,20.995920,0.010673,-0.809077,-0.208005,0.549559
1.1007,5831,Real,Wrist,-17.858800,1.078281,20.911680,-0.602462,-0.517222,0.317699,0.518257
1.1007,5831,Real,Thumb_CMC,-17.878850,1.121110,20.913730,0.131542,-0.381241,0.684060,0.607796
1.1007,5831,Real,Thumb_MCP,-17.888800,1.153219,20.941980,0.235256,-0.327570,0.481243,0.778305
1.1007,5831,Real,Thumb_IP,-17.873000,1.182392,20.978080,0.367431,-0.166259,0.028122,0.914638
1.1007,5831,Real,Thumb_FingerTip,-17.846120,1.180376,20.987340,0.367431,-0.166259,0.028122,0.914638
1.1007,5831,Real,Index_MCP,-17.861250,1.192043,20.924890,-0.436297,-0.630946,0.194243,0.611410
1.1007,5831,Real,Index_PIP,-17.855240,1.228948,20.953080,-0.169087,-0.748236,-0.048156,0.639714
1.1007,5831,Real,Index_DIP,-17.858460,1.233916,20.978360,0.093526,-0.761381,-0.261359,0.585871
1.1007,5831,Real,Index_FingerTip,-17.866430,1.221847,21.001040,0.093526,-0.761381,-0.261359,0.585871
1.1007,5831,Real,Middle_MCP,-17.835250,1.184790,20.929790,-0.409881,-0.680056,0.139157,0.591741
1.1007,5831,Real,Middle_PIP,-17.833330,1.222925,20.966260,-0.049833,-0.792461,-0.149595,0.589189
1.1007,5831,Real,Middle_DIP,-17.841670,1.220228,20.992560,0.286281,-0.740622,-0.382373,0.472560
1.1007,5831,Real,Middle_FingerTip,-17.852690,1.198000,21.006170,0.286281,-0.740622,-0.382373,0.472560
1.1007,5831,Real,Ring_MCP,-17.814610,1.173505,20.936940,-0.426315,-0.688111,0.136417,0.571096
1.1007,5831,Real,Ring_PIP,-17.813880,1.208059,20.968100,-0.071021,-0.806347,-0.135197,0.571386
1.1007,5831,Real,Ring_DIP,-17.822750,1.207006,20.992880,0.264051,-0.765191,-0.356499,0.466550
1.1007,5831,Real,Ring_FingerTip,-17.833720,1.187998,21.006450,0.264051,-0.765191,-0.356499,0.466550
1.1007,5831,Real,Pinky_MCP,-17.799020,1.158976,20.943730,-0.432981,-0.695732,0.130941,0.557978
1.1007,5831,Real,Pinky_PIP,-17.799110,1.188450,20.969830,-0.073543,-0.816154,-0.134184,0.557207
1.1007,5831,Real,Pinky_DIP,-17.805870,1.187909,20.986880,0.265748,-0.775173,-0.349789,0.454018
1.1007,5831,Real,Pinky_FingerTip,-17.814420,1.173931,20.996810,0.265748,-0.775173,-0.349789,0.454018
1.1007,5831,Virtual,Wrist,-17.857680,1.076746,20.908550,-0.596673,-0.514671,0.320754,0.525559
1.1007,5831,Virtual,Thumb_CMC,-17.877740,1.119522,20.911380,0.140859,-0.379217,0.681398,0.609959
1.1007,5831,Virtual,Thumb_MCP,-17.887240,1.151331,20.940130,0.243603,-0.322962,0.478073,0.779615
1.1007,5831,Virtual,Thumb_IP,-17.870840,1.180165,20.976240,0.372360,-0.158097,0.024721,0.914190
1.1007,5831,Virtual,Thumb_FingerTip,-17.843810,1.178098,20.985000,0.372360,-0.158097,0.024721,0.914190
1.1007,5831,Virtual,Index_MCP,-17.860040,1.190366,20.922950,-0.431052,-0.626834,0.195343,0.618963
1.1007,5831,Virtual,Index_PIP,-17.853590,1.226996,20.951400,-0.165758,-0.742462,-0.049956,0.647131
1.1007,5831,Virtual,Index_DIP,-17.856370,1.231707,20.976770,0.094710,-0.754822,-0.265558,0.592245
1.1007,5831,Virtual,Index_FingerTip,-17.863920,1.219399,20.999470,0.094710,-0.754822,-0.265558,0.592245
1.1007,5831,Virtual,Middle_MCP,-17.833950,1.183104,20.927310,-0.405184,-0.675819,0.139768,0.599634
1.1007,5831,Virtual,Middle_PIP,-17.831440,1.220875,20.964130,-0.047621,-0.786535,-0.152695,0.596473
1.1007,5831,Virtual,Middle_DIP,-17.839310,1.217902,20.990540,0.285811,-0.734314,-0.388236,0.477879
1.1007,5831,Virtual,Middle_FingerTip,-17.850060,1.195523,21.004120,0.285811,-0.734314,-0.388236,0.477879
1.1007,5831,Virtual,Ring_MCP,-17.813180,1.171780,20.933990,-0.421738,-0.684052,0.137118,0.579145
1.1007,5831,Virtual,Ring_PIP,-17.811940,1.206021,20.965480,-0.068761,-0.800664,-0.138194,0.578889
1.1007,5831,Virtual,Ring_DIP,-17.820380,1.204707,20.990400,0.263797,-0.759080,-0.362295,0.472178
1.1007,5831,Virtual,Ring_FingerTip,-17.831080,1.185547,21.003960,0.263797,-0.759080,-0.362295,0.472178
1.1007,5831,Virtual,Pinky_MCP,-17.797440,1.157208,20.940360,-0.428513,-0.691766,0.131653,0.566131
1.1007,5831,Virtual,Pinky_PIP,-17.797120,1.186419,20.966750,-0.071338,-0.810601,-0.137218,0.564808
1.1007,5831,Virtual,Pinky_DIP,-17.803570,1.185697,20.983910,0.265496,-0.769204,-0.355660,0.459720
1.1007,5831,Virtual,Pinky_FingerTip,-17.811930,1.171607,20.993840,0.265496,-0.769204,-0.355660,0.459720
1.1007,5831,Render,Wrist,-17.857680,1.076746,20.908550,-0.596673,-0.514671,0.320754,0.525559
1.1007,5831,Render,Thumb_CMC,-17.877740,1.119522,20.911380,0.064754,-0.426974,0.710565,0.555517
1.1007,5831,Render,Thumb_MCP,-17.894180,1.151759,20.936250,0.096750,-0.420879,0.666675,0.607491
1.1007,5831,Render,Thumb_IP,-17.906110,1.187481,20.967650,0.152733,-0.403946,0.578476,0.692002
1.1007,5831,Render,Thumb_FingerTip,-17.905980,1.206781,20.988620,0.152733,-0.403946,0.578476,0.692002
1.1007,5831,Render,Index_MCP,-17.860040,1.190366,20.922950,-0.467051,-0.600491,0.231287,0.606450
1.1007,5831,Render,Index_PIP,-17.851990,1.229770,20.946930,-0.286693,-0.704651,0.058148,0.646447
1.1007,5831,Render,Index_DIP,-17.851990,1.242208,20.969710,-0.105574,-0.753379,-0.101784,0.641026
1.1007,5831,Render,Index_FingerTip,-17.856180,1.242977,20.996280,-0.105574,-0.753379,-0.101784,0.641026
1.1007,5831,Render,Middle_MCP,-17.833950,1.183104,20.927310,-0.484590,-0.621352,0.211863,0.578109
1.1007,5831,Render,Middle_PIP,-17.826660,1.227839,20.954410,-0.293283,-0.731362,0.043243,0.614187
1.1007,5831,Render,Middle_DIP,-17.828700,1.241203,20.978600,-0.100968,-0.781480,-0.111802,0.605472
1.1007,5831,Render,Middle_FingerTip,-17.835670,1.241838,21.006020,-0.100968,-0.781480,-0.111802,0.605472
1.1007,5831,Render,Ring_MCP,-17.813180,1.171780,20.933990,-0.497324,-0.631237,0.202559,0.559624
1.1007,5831,Render,Ring_PIP,-17.807550,1.211548,20.957490,-0.304542,-0.743670,0.040839,0.593752
1.1007,5831,Render,Ring_DIP,-17.810430,1.224758,20.980100,-0.110489,-0.795979,-0.107768,0.585317
1.1007,5831,Render,Ring_FingerTip,-17.817920,1.226042,21.004750,-0.110489,-0.795979,-0.107768,0.585317
1.1007,5831,Render,Pinky_MCP,-17.797440,1.157208,20.940360,-0.478017,-0.658531,0.172755,0.554971
1.1007,5831,Render,Pinky_PIP,-17.794570,1.189545,20.962630,-0.232662,-0.779764,-0.021003,0.580858
1.1007,5831,Render,Pinky_DIP,-17.798550,1.195754,20.979430,0.011526,-0.813653,-0.193985,0.547911
1.1007,5831,Render,Pinky_FingerTip,-17.806200,1.191322,20.996420,0.011526,-0.813653,-0.193985,0.547911
1.1150,5832,Real,Wrist,-17.859870,1.081331,20.915120,-0.608871,-0.518026,0.326133,0.504541
1.1150,5832,Real,Thumb_CMC,-17.880430,1.123962,20.915650,0.120898,-0.372416,0.694492,0.603632
1.1150,5832,Real,Thumb_MCP,-17.891060,1.156824,20.942760,0.222604,-0.322115,0.492253,0.777417
1.1150,5832,Real,Thumb_IP,-17.875970,1.187319,20.978060,0.353814,-0.167707,0.037723,0.919384
1.1150,5832,Real,Thumb_FingerTip,-17.849150,1.185914,20.987610,0.353814,-0.167707,0.037723,0.919384
1.1150,5832,Real,Index_MCP,-17.863760,1.195414,20.924730,-0.443594,-0.632670,0.206364,0.600306
1.1150,5832,Real,Index_PIP,-17.858400,1.233301,20.951720,-0.174945,-0.752623,-0.032991,0.633928
1.1150,5832,Real,Index_DIP,-17.861910,1.239051,20.976790,0.089740,-0.767460,-0.245318,0.585467
1.1150,5832,Real,Index_FingerTip,-17.869930,1.227618,20.999780,0.089740,-0.767460,-0.245318,0.585467
1.1150,5832,Real,Middle_MCP,-17.837720,1.188629,20.930070,-0.416314,-0.682465,0.151977,0.581230
1.1150,5832,Real,Middle_PIP,-17.836540,1.227965,20.965290,-0.054038,-0.797594,-0.133657,0.585714
1.1150,5832,Real,Middle_DIP,-17.845090,1.226014,20.991580,0.284938,-0.746918,-0.366653,0.475910
1.1150,5832,Real,Middle_FingerTip,-17.855970,1.204092,21.005790,0.284938,-0.746918,-0.366653,0.475910
1.1150,5832,Real,Ring_MCP,-17.817020,1.177821,20.937760,-0.432690,-0.690351,0.149412,0.560243
1.1150,5832,Real,Ring_PIP,-17.816930,1.213413,20.967740,-0.075828,-0.811206,-0.118623,0.567560
1.1150,5832,Real,Ring_DIP,-17.825990,1.213107,20.992470,0.261539,-0.771623,-0.339742,0.469863
1.1150,5832,Real,Ring_FingerTip,-17.836870,1.194456,21.006590,0.261539,-0.771623,-0.339742,0.469863
1.1150,5832,Real,Pinky_MCP,-17.801320,1.163699,20.945130,-0.439090,-0.698029,0.143932,0.547027
1.1150,5832,Real,Pinky_PIP,-17.801950,1.194034,20.970230,-0.078089,-0.820943,-0.117572,0.553292
1.1150,5832,Real,Pinky_DIP,-17.808840,1.193999,20.987220,0.263445,-0.781436,-0.332964,0.457264
1.1150,5832,Real,Pinky_FingerTip,-17.817330,1.180277,20.997560,0.263445,-0.781436,-0.332964,0.457264
1.1150,5832,Virtual,Wrist,-17.858810,1.078279,20.911680,-0.602462,-0.517222,0.317699,0.518257
1.1150,5832,Virtual,Thumb_CMC,-17.878860,1.121109,20.913740,0.131256,-0.381276,0.684443,0.607404
1.1150,5832,Virtual,Thumb_MCP,-17.888850,1.153224,20.941960,0.235067,-0.327632,0.481544,0.778149
1.1150,5832,Virtual,Thumb_IP,-17.873090,1.182417,20.978060,0.367367,-0.166255,0.028083,0.914665
1.1150,5832,Virtual,Thumb_FingerTip,-17.846210,1.180400,20.987320,0.367367,-0.166255,0.028083,0.914665
1.1150,5832,Virtual,Index_MCP,-17.861250,1.192042,20.924890,-0.436918,-0.630516,0.194845,0.611219
1.1150,5832,Virtual,Index_PIP,-17.855210,1.228997,20.953020,-0.169558,-0.748130,-0.047753,0.639744
1.1150,5832,Virtual,Index_DIP,-17.858430,1.233996,20.978280,0.093291,-0.761410,-0.261178,0.585951
1.1150,5832,Virtual,Index_FingerTip,-17.866390,1.221941,21.000970,0.093291,-0.761410,-0.261178,0.585951
1.1150,5832,Virtual,Middle_MCP,-17.835260,1.184789,20.929790,-0.410478,-0.679696,0.139676,0.591619
1.1150,5832,Virtual,Middle_PIP,-17.833300,1.222982,20.966200,-0.050141,-0.792442,-0.149366,0.589247
1.1150,5832,Virtual,Middle_DIP,-17.841630,1.220305,20.992510,0.286320,-0.740607,-0.382398,0.472540
1.1150,5832,Virtual,Middle_FingerTip,-17.852650,1.198076,21.006120,0.286320,-0.740607,-0.382398,0.472540
1.1150,5832,Virtual,Ring_MCP,-17.814620,1.173504,20.936940,-0.427238,-0.687537,0.137184,0.570912
1.1150,5832,Virtual,Ring_PIP,-17.813830,1.208132,20.968020,-0.072225,-0.806240,-0.134344,0.571587
1.1150,5832,Virtual,Ring_DIP,-17.822690,1.207155,20.992810,0.262804,-0.765620,-0.355738,0.467131
1.1150,5832,Virtual,Ring_FingerTip,-17.833670,1.188197,21.006440,0.262804,-0.765620,-0.355738,0.467131
1.1150,5832,Virtual,Pinky_MCP,-17.799020,1.158975,20.943730,-0.433915,-0.695150,0.131691,0.557801
1.1150,5832,Virtual,Pinky_PIP,-17.799070,1.188511,20.969770,-0.074762,-0.816043,-0.133351,0.557407
1.1150,5832,Virtual,Pinky_DIP,-17.805810,1.188023,20.986820,0.264484,-0.775605,-0.349049,0.454587
1.1150,5832,Virtual,Pinky_FingerTip,-17.814370,1.174083,20.996790,0.264484,-0.775605,-0.349049,0.454587
1.1150,5832,Render,Wrist,-17.858810,1.078279,20.911680,-0.602462,-0.517222,0.317699,0.518257
1.1150,5832,Render,Thumb_CMC,-17.878860,1.121109,20.913740,0.055721,-0.428902,0.712665,0.552311
1.1150,5832,Render,Thumb_MCP,-17.895700,1.153578,20.938030,0.087888,-0.423482,0.669011,0.604453
1.1150,5832,Render,Thumb_IP,-17.908150,1.189583,20.968890,0.144303,-0.407723,0.581201,0.689307
1.1150,5832,Render,Thumb_FingerTip,-17.908380,1.209064,20.989690,0.144303,-0.407723,0.581201,0.689307
1.1150,5832,Render,Index_MCP,-17.861250,1.192042,20.924890,-0.472528,-0.604289,0.229746,0.598974
1.1150,5832,Render,Index_PIP,-17.853570,1.231673,20.948630,-0.290935,-0.709792,0.058692,0.638833
1.1150,5832,Render,Index_DIP,-17.853940,1.244339,20.971280,-0.108429,-0.759402,-0.099394,0.633777
1.1150,5832,Render,Index_FingerTip,-17.858600,1.245381,20.997750,-0.108429,-0.759402,-0.099394,0.633777
1.1150,5832,Render,Middle_MCP,-17.835260,1.184789,20.929790,-0.489768,-0.624984,0.210293,0.570350
1.1150,5832,Render,Middle_PIP,-17.828370,1.229783,20.956560,-0.297251,-0.736288,0.043887,0.606297
1.1150,5832,Render,Middle_DIP,-17.830810,1.243392,20.980590,-0.103578,-0.787242,-0.109204,0.597994
1.1150,5832,Render,Middle_FingerTip,-17.838260,1.244311,21.007870,-0.103578,-0.787242,-0.109204,0.597994
1.1150,5832,Render,Ring_MCP,-17.814620,1.173504,20.936940,-0.502335,-0.634744,0.200942,0.551709
1.1150,5832,Render,Ring_PIP,-17.809340,1.213498,20.960140,-0.308395,-0.748420,0.041460,0.585697
1.1150,5832,Render,Ring_DIP,-17.812600,1.226938,20.982560,-0.113043,-0.801537,-0.105167,0.577668
1.1150,5832,Render,Ring_FingerTip,-17.820520,1.228479,21.007070,-0.113043,-0.801537,-0.105167,0.577668
1.1150,5832,Render,Pinky_MCP,-17.799020,1.158975,20.943730,-0.482764,-0.662159,0.171448,0.546892
1.1150,5832,Render,Pinky_PIP,-17.796490,1.191530,20.965730,-0.235937,-0.784761,-0.019557,0.572802
1.1150,5832,Render,Pinky_DIP,-17.800760,1.197913,20.982390,0.009897,-0.819401,-0.190193,0.540658
1.1150,5832,Render,Pinky_FingerTip,-17.808710,1.193662,20.999300,0.009897,-0.819401,-0.190193,0.540658
1.1285,5833,Real,Wrist,-17.861460,1.081629,20.918160,-0.613909,-0.520767,0.315766,0.502206
1.1285,5833,Real,Thumb_CMC,-17.881570,1.124477,20.918460,0.112957,-0.381007,0.691567,0.603167
1.1285,5833,Real,Thumb_MCP,-17.892410,1.157331,20.945510,0.217554,-0.332559,0.489364,0.776272
1.1285,5833,Real,Thumb_IP,-17.877710,1.187487,20.981260,0.354753,-0.179096,0.035326,0.916966
1.1285,5833,Real,Thumb_FingerTip,-17.851100,1.185712,20.991330,0.354753,-0.179096,0.035326,0.916966
1.1285,5833,Real,Index_MCP,-17.864320,1.195703,20.928230,-0.448094,-0.636811,0.197260,0.595628
1.1285,5833,Real,Index_PIP,-17.859110,1.233432,20.955470,-0.177571,-0.758146,-0.039686,0.626186
1.1285,5833,Real,Index_DIP,-17.863080,1.239131,20.980480,0.089135,-0.773544,-0.249003,0.575918
1.1285,5833,Real,Index_FingerTip,-17.871710,1.227706,21.003260,0.089135,-0.773544,-0.249003,0.575918
1.1285,5833,Real,Middle_MCP,-17.838480,1.188611,20.934090,-0.420420,-0.686534,0.143010,0.575731
1.1285,5833,Real,Middle_PIP,-17.837610,1.227790,20.969480,-0.055543,-0.803117,-0.139256,0.576651
1.1285,5833,Real,Middle_DIP,-17.846720,1.225811,20.995590,0.286102,-0.752481,-0.368077,0.465229
1.1285,5833,Real,Middle_FingerTip,-17.858140,1.203934,21.009440,0.286102,-0.752481,-0.368077,0.465229
1.1285,5833,Real,Ring_MCP,-17.818060,1.177545,20.942160,-0.436776,-0.694153,0.140294,0.554705
1.1285,5833,Real,Ring_PIP,-17.818210,1.213006,20.972290,-0.077358,-0.816478,-0.124554,0.558450
1.1285,5833,Real,Ring_DIP,-17.827800,1.212669,20.996820,0.262642,-0.776943,-0.341648,0.458973
1.1285,5833,Real,Ring_FingerTip,-17.839170,1.194048,21.010590,0.262642,-0.776943,-0.341648,0.458973
1.1285,5833,Real,Pinky_MCP,-17.802670,1.163220,20.949800,-0.443191,-0.701643,0.134799,0.541395
1.1285,5833,Real,Pinky_PIP,-17.803500,1.193453,20.975000,-0.079712,-0.826055,-0.123467,0.544091
1.1285,5833,Real,Pinky_DIP,-17.810750,1.193404,20.991850,0.264402,-0.786647,-0.334795,0.446309
1.1285,5833,Real,Pinky_FingerTip,-17.819600,1.179709,21.001910,0.264402,-0.786647,-0.334795,0.446309
1.1285,5833,Virtual,Wrist,-17.859870,1.081333,20.915120,-0.608871,-0.518026,0.326133,0.504542
1.1285,5833,Virtual,Thumb_CMC,-17.880440,1.123963,20.915650,0.120918,-0.372415,0.694464,0.603661
1.1285,5833,Virtual,Thumb_MCP,-17.891060,1.156825,20.942770,0.222714,-0.322044,0.491998,0.777576
1.1285,5833,Virtual,Thumb_IP,-17.875940,1.187307,20.978070,0.353960,-0.167410,0.036954,0.919413
1.1285,5833,Virtual,Thumb_FingerTip,-17.849120,1.185866,20.987590,0.353960,-0.167410,0.036954,0.919413
1.1285,5833,Virtual,Index_MCP,-17.863760,1.195416,20.924730,-0.443905,-0.632452,0.206659,0.600205
1.1285,5833,Virtual,Index_PIP,-17.858400,1.233327,20.951690,-0.175315,-0.752537,-0.032679,0.633944
1.1285,5833,Virtual,Index_DIP,-17.861890,1.239100,20.976760,0.089362,-0.767503,-0.245030,0.585588
1.1285,5833,Virtual,Index_FingerTip,-17.869920,1.227691,20.999760,0.089362,-0.767503,-0.245030,0.585588
1.1285,5833,Virtual,Middle_MCP,-17.837730,1.188631,20.930080,-0.416491,-0.682356,0.152128,0.581190
1.1285,5833,Virtual,Middle_PIP,-17.836540,1.227983,20.965270,-0.053990,-0.797597,-0.133693,0.585706
1.1285,5833,Virtual,Middle_DIP,-17.845080,1.226029,20.991570,0.285199,-0.746818,-0.366821,0.475782
1.1285,5833,Virtual,Middle_FingerTip,-17.855960,1.204096,21.005760,0.285199,-0.746818,-0.366821,0.475782
1.1285,5833,Virtual,Ring_MCP,-17.817030,1.177823,20.937760,-0.432785,-0.690291,0.149489,0.560223
1.1285,5833,Virtual,Ring_PIP,-17.816930,1.213422,20.967740,-0.075534,-0.811233,-0.118830,0.567517
1.1285,5833,Virtual,Ring_DIP,-17.826000,1.213097,20.992460,0.262166,-0.771410,-0.340124,0.469587
1.1285,5833,Virtual,Ring_FingerTip,-17.836870,1.194420,21.006560,0.262166,-0.771410,-0.340124,0.469587
1.1285,5833,Virtual,Pinky_MCP,-17.801330,1.163701,20.945140,-0.439186,-0.697969,0.144006,0.547008
1.1285,5833,Virtual,Pinky_PIP,-17.801950,1.194041,20.970220,-0.077791,-0.820971,-0.117773,0.553249
1.1285,5833,Virtual,Pinky_DIP,-17.808840,1.193994,20.987220,0.264080,-0.781221,-0.333336,0.456993
1.1285,5833,Virtual,Pinky_FingerTip,-17.817330,1.180252,20.997530,0.264080,-0.781221,-0.333336,0.456993
1.1285,5833,Render,Wrist,-17.859870,1.081333,20.915120,-0.608871,-0.518026,0.326133,0.504542
1.1285,5833,Render,Thumb_CMC,-17.880440,1.123963,20.915650,0.046393,-0.419793,0.722794,0.546984
1.1285,5833,Render,Thumb_MCP,-17.897880,1.156974,20.938760,0.077900,-0.415102,0.679513,0.599904
1.1285,5833,Render,Thumb_IP,-17.911030,1.193777,20.968370,0.133275,-0.400769,0.592221,0.686219
1.1285,5833,Render,Thumb_FingerTip,-17.911670,1.213896,20.988550,0.133275,-0.400769,0.592221,0.686219
1.1285,5833,Render,Index_MCP,-17.863760,1.195416,20.924730,-0.479317,-0.606055,0.240616,0.587416
1.1285,5833,Render,Index_PIP,-17.856760,1.235860,20.947270,-0.296991,-0.713333,0.072290,0.630657
1.1285,5833,Render,Index_DIP,-17.857490,1.249224,20.969510,-0.113434,-0.764317,-0.084209,0.629176
1.1285,5833,Render,Index_FingerTip,-17.862400,1.251039,20.995900,-0.113434,-0.764317,-0.084209,0.629176
1.1285,5833,Render,Middle_MCP,-17.837730,1.188631,20.930080,-0.495897,-0.627026,0.221245,0.558548
1.1285,5833,Render,Middle_PIP,-17.831620,1.234521,20.955480,-0.302573,-0.739949,0.057682,0.597995
1.1285,5833,Render,Middle_DIP,-17.834430,1.248845,20.979040,-0.107815,-0.792118,-0.093771,0.593407
1.1285,5833,Render,Middle_FingerTip,-17.842150,1.250529,21.006220,-0.107815,-0.792118,-0.093771,0.593407
1.1285,5833,Render,Ring_MCP,-17.817030,1.177823,20.937760,-0.508069,-0.636922,0.211882,0.539724
1.1285,5833,Render,Ring_PIP,-17.812430,1.218584,20.959740,-0.313310,-0.752091,0.055275,0.577184
1.1285,5833,Render,Ring_DIP,-17.816050,1.232680,20.981700,-0.116893,-0.806313,-0.089671,0.572848
1.1285,5833,Render,Ring_FingerTip,-17.824210,1.234893,21.006070,-0.116893,-0.806313,-0.089671,0.572848
1.1285,5833,Render,Pinky_MCP,-17.801330,1.163701,20.945140,-0.488132,-0.664659,0.182882,0.535266
1.1285,5833,Render,Pinky_PIP,-17.799380,1.196957,20.966120,-0.240174,-0.788899,-0.004916,0.565625
1.1285,5833,Render,Pinky_DIP,-17.803870,1.203807,20.982540,0.007094,-0.824618,-0.174074,0.538195
1.1285,5833,Render,Pinky_FingerTip,-17.811920,1.199993,20.999500,0.007094,-0.824618,-0.174074,0.538195
1.1423,5834,Real,Wrist,-17.862960,1.083173,20.921000,-0.617892,-0.526058,0.312811,0.493581
1.1423,5834,Real,Thumb_CMC,-17.883270,1.125923,20.920540,0.104338,-0.384049,0.695690,0.598027
1.1423,5834,Real,Thumb_MCP,-17.894820,1.158941,20.947080,0.210170,-0.337947,0.494789,0.772531
1.1423,5834,Real,Thumb_IP,-17.881000,1.189459,20.982880,0.351056,-0.187456,0.041895,0.916442
1.1423,5834,Real,Thumb_FingerTip,-17.854600,1.187896,20.993510,0.351056,-0.187456,0.041895,0.916442
1.1423,5834,Real,Index_MCP,-17.866570,1.197309,20.930060,-0.450978,-0.643133,0.196707,0.586775
1.1423,5834,Real,Index_PIP,-17.862100,1.235283,20.957100,-0.177882,-0.765088,-0.036890,0.617769
1.1423,5834,Real,Index_DIP,-17.866600,1.241165,20.981970,0.091189,-0.780183,-0.243526,0.568941
1.1423,5834,Real,Index_FingerTip,-17.875640,1.229884,21.004660,0.091189,-0.780183,-0.243526,0.568941
1.1423,5834,Real,Middle_MCP,-17.840820,1.190392,20.936510,-0.422550,-0.692805,0.142899,0.566615
1.1423,5834,Real,Middle_PIP,-17.840860,1.229861,20.971590,-0.054534,-0.809663,-0.135142,0.568515
1.1423,5834,Real,Middle_DIP,-17.850490,1.228049,20.997520,0.289762,-0.758001,-0.360932,0.459566
1.1423,5834,Real,Middle_FingerTip,-17.862090,1.206230,21.011320,0.289762,-0.758001,-0.360932,0.459566
1.1423,5834,Real,Ring_MCP,-17.820520,1.179492,20.945090,-0.438773,-0.700259,0.139996,0.545452
1.1423,5834,Real,Ring_PIP,-17.821450,1.215196,20.974910,-0.076391,-0.822830,-0.120653,0.550054
1.1423,5834,Real,Ring_DIP,-17.831540,1.215011,20.999250,0.266117,-0.782346,-0.334660,0.452901
1.1423,5834,Real,Ring_FingerTip,-17.843100,1.196447,21.012930,0.266117,-0.782346,-0.334660,0.452901
1.1423,5834,Real,Pinky_MCP,-17.805220,1.165305,20.953150,-0.445059,-0.707651,0.134434,0.532054
1.1423,5834,Real,Pinky_PIP,-17.806710,1.195738,20.978090,-0.078674,-0.832260,-0.119585,0.535586
1.1423,5834,Real,Pinky_DIP,-17.814300,1.195790,20.994790,0.267882,-0.791888,-0.327780,0.440129
1.1423,5834,Real,Pinky_FingerTip,-17.823290,1.182134,21.004780,0.267882,-0.791888,-0.327780,0.440129
1.1423,5834,Virtual,Wrist,-17.861460,1.081629,20.918170,-0.613909,-0.520767,0.315766,0.502205
1.1423,5834,Virtual,Thumb_CMC,-17.881570,1.124477,20.918470,0.112957,-0.381007,0.691567,0.603167
1.1423,5834,Virtual,Thumb_MCP,-17.892410,1.157330,20.945510,0.217554,-0.332559,0.489364,0.776272
1.1423,5834,Virtual,Thumb_IP,-17.877710,1.187487,20.981260,0.354753,-0.179096,0.035327,0.916966
1.1423,5834,Virtual,Thumb_FingerTip,-17.851110,1.185712,20.991340,0.354753,-0.179096,0.035327,0.916966
1.1423,5834,Virtual,Index_MCP,-17.864330,1.195703,20.928230,-0.448094,-0.636811,0.197260,0.595628
1.1423,5834,Virtual,Index_PIP,-17.859120,1.233432,20.955480,-0.177571,-0.758146,-0.039686,0.626186
1.1423,5834,Virtual,Index_DIP,-17.863080,1.239130,20.980490,0.089135,-0.773544,-0.249003,0.575918
1.1423,5834,Virtual,Index_FingerTip,-17.871710,1.227705,21.003260,0.089135,-0.773544,-0.249003,0.575918
1.1423,5834,Virtual,Middle_MCP,-17.838480,1.188611,20.934100,-0.420420,-0.686534,0.143010,0.575731
1.1423,5834,Virtual,Middle_PIP,-17.837610,1.227790,20.969490,-0.055543,-0.803117,-0.139256,0.576651
1.1423,5834,Virtual,Middle_DIP,-17.846730,1.225811,20.995600,0.286102,-0.752481,-0.368077,0.465229
1.1423,5834,Virtual,Middle_FingerTip,-17.858140,1.203934,21.009450,0.286102,-0.752481,-0.368077,0.465229
1.1423,5834,Virtual,Ring_MCP,-17.818070,1.177544,20.942160,-0.436776,-0.694153,0.140294,0.554704
1.1423,5834,Virtual,Ring_PIP,-17.818210,1.213006,20.972300,-0.077358,-0.816478,-0.124553,0.558449
1.1423,5834,Virtual,Ring_DIP,-17.827810,1.212669,20.996830,0.262642,-0.776943,-0.341648,0.458973
1.1423,5834,Virtual,Ring_FingerTip,-17.839180,1.194048,21.010600,0.262642,-0.776943,-0.341648,0.458973
1.1423,5834,Virtual,Pinky_MCP,-17.802680,1.163220,20.949800,-0.443191,-0.701643,0.134799,0.541395
1.1423,5834,Virtual,Pinky_PIP,-17.803500,1.193453,20.975010,-0.079712,-0.826055,-0.123466,0.544091
1.1423,5834,Virtual,Pinky_DIP,-17.810750,1.193404,20.991860,0.264402,-0.786647,-0.334795,0.446308
1.1423,5834,Virtual,Pinky_FingerTip,-17.819600,1.179709,21.001920,0.264402,-0.786647,-0.334795,0.446308
1.1423,5834,Render,Wrist,-17.861460,1.081629,20.918170,-0.613909,-0.520767,0.315766,0.502205
1.1423,5834,Render,Thumb_CMC,-17.881570,1.124477,20.918470,0.037753,-0.427445,0.719306,0.546319
1.1423,5834,Render,Thumb_MCP,-17.899140,1.157571,20.941360,0.069861,-0.423384,0.676085,0.598978
1.1423,5834,Render,Thumb_IP,-17.912520,1.194381,20.970860,0.126429,-0.410062,0.588950,0.684838
1.1423,5834,Render,Thumb_FingerTip,-17.913370,1.214416,20.991110,0.126429,-0.410062,0.588950,0.684838
1.1423,5834,Render,Index_MCP,-17.864330,1.195703,20.928230,-0.483748,-0.610167,0.230971,0.583384
1.1423,5834,Render,Index_PIP,-17.857360,1.235967,20.951100,-0.300140,-0.718493,0.064099,0.624160
1.1423,5834,Render,Index_DIP,-17.858420,1.249239,20.973390,-0.115225,-0.770090,-0.090561,0.620873
1.1423,5834,Render,Index_FingerTip,-17.863860,1.250988,20.999670,-0.115225,-0.770090,-0.090561,0.620873
1.1423,5834,Render,Middle_MCP,-17.838480,1.188611,20.934100,-0.500302,-0.630699,0.211535,0.554230
1.1423,5834,Render,Middle_PIP,-17.832410,1.234318,20.959840,-0.305787,-0.744699,0.049549,0.591154
1.1423,5834,Render,Middle_DIP,-17.835570,1.248566,20.983400,-0.109738,-0.797521,-0.099933,0.584749
1.1423,5834,Render,Middle_FingerTip,-17.843840,1.250212,21.010420,-0.109738,-0.797521,-0.099933,0.584749
1.1423,5834,Render,Ring_MCP,-17.818070,1.177544,20.942160,-0.512472,-0.640308,0.202123,0.535281
1.1423,5834,Render,Ring_PIP,-17.813490,1.218154,20.964420,-0.316611,-0.756557,0.047114,0.570228
1.1423,5834,Render,Ring_DIP,-17.817420,1.232190,20.986370,-0.118983,-0.811458,-0.095851,0.564085
1.1423,5834,Render,Ring_FingerTip,-17.826080,1.234383,21.010570,-0.118983,-0.811458,-0.095851,0.564085
1.1423,5834,Render,Pinky_MCP,-17.802680,1.163220,20.949800,-0.492390,-0.668037,0.173295,0.530328
1.1423,5834,Render,Pinky_PIP,-17.800810,1.196358,20.970980,-0.243071,-0.793497,-0.012323,0.557788
1.1423,5834,Render,Pinky_DIP,-17.805570,1.203183,20.987330,0.005707,-0.829873,-0.178794,0.528499
1.1423,5834,Render,Pinky_FingerTip,-17.814030,1.199381,21.004100,0.005707,-0.829873,-0.178794,0.528499
1.1554,5835,Real,Wrist,-17.864340,1.084826,20.925260,-0.625800,-0.530819,0.306926,0.482082
1.1554,5835,Real,Thumb_CMC,-17.884580,1.127584,20.923660,0.089966,-0.388272,0.699549,0.593112
1.1554,5835,Real,Thumb_MCP,-17.896880,1.160954,20.949410,0.197727,-0.346054,0.499648,0.769092
1.1554,5835,Real,Thumb_IP,-17.884080,1.191927,20.985190,0.344455,-0.200500,0.047291,0.915923
1.1554,5835,Real,Thumb_FingerTip,-17.857990,1.190459,20.996590,0.344455,-0.200500,0.047291,0.915923
1.1554,5835,Real,Index_MCP,-17.868070,1.199072,20.932750,-0.458843,-0.649388,0.194809,0.574290
1.1554,5835,Real,Index_PIP,-17.864290,1.237457,20.959310,-0.183114,-0.773763,-0.033767,0.605491
1.1554,5835,Real,Index_DIP,-17.869470,1.243751,20.983950,0.088943,-0.790145,-0.236258,0.558518
1.1554,5835,Real,Index_FingerTip,-17.879160,1.232871,21.006560,0.088943,-0.790145,-0.236258,0.558518
1.1554,5835,Real,Middle_MCP,-17.842520,1.192217,20.940030,-0.429501,-0.699230,0.141635,0.553666
1.1554,5835,Real,Middle_PIP,-17.843470,1.232216,20.974490,-0.057842,-0.818565,-0.130201,0.556466
1.1554,5835,Real,Middle_DIP,-17.853840,1.230824,21.000160,0.290392,-0.767506,-0.351341,0.450739
1.1554,5835,Real,Middle_FingerTip,-17.865860,1.209247,21.013970,0.290392,-0.767506,-0.351341,0.450739
1.1554,5835,Real,Ring_MCP,-17.822490,1.181410,20.949330,-0.445153,-0.706619,0.138224,0.532374
1.1554,5835,Real,Ring_PIP,-17.824210,1.217535,20.978620,-0.078664,-0.831435,-0.116707,0.537502
1.1554,5835,Real,Ring_DIP,-17.835010,1.217676,21.002650,0.268033,-0.790968,-0.326203,0.442855
1.1554,5835,Real,Ring_FingerTip,-17.846980,1.199282,21.016210,0.268033,-0.790968,-0.326203,0.442855
1.1554,5835,Real,Pinky_MCP,-17.807460,1.167315,20.958020,-0.451281,-0.713844,0.132615,0.518832
1.1554,5835,Real,Pinky_PIP,-17.809590,1.198100,20.982470,-0.080876,-0.840646,-0.115606,0.522885
1.1554,5835,Real,Pinky_DIP,-17.817670,1.198377,20.998940,0.269780,-0.800279,-0.319224,0.429964
1.1554,5835,Real,Pinky_FingerTip,-17.826950,1.184845,21.008830,0.269780,-0.800279,-0.319224,0.429964
1.1554,5835,Virtual,Wrist,-17.862960,1.083171,20.921000,-0.617892,-0.526058,0.312811,0.493581
1.1554,5835,Virtual,Thumb_CMC,-17.883280,1.125921,20.920540,0.104119,-0.384064,0.695975,0.597724
1.1554,5835,Virtual,Thumb_MCP,-17.894860,1.158943,20.947060,0.210074,-0.337956,0.494899,0.772483
1.1554,5835,Virtual,Thumb_IP,-17.881050,1.189470,20.982860,0.351086,-0.187308,0.041482,0.916479
1.1554,5835,Virtual,Thumb_FingerTip,-17.854640,1.187889,20.993470,0.351086,-0.187308,0.041482,0.916479
1.1554,5835,Virtual,Index_MCP,-17.866580,1.197308,20.930070,-0.451928,-0.642467,0.197574,0.586484
1.1554,5835,Virtual,Index_PIP,-17.862060,1.235353,20.957000,-0.179285,-0.764761,-0.035757,0.617835
1.1554,5835,Virtual,Index_DIP,-17.866530,1.241324,20.981860,0.089508,-0.780378,-0.242300,0.569464
1.1554,5835,Virtual,Index_FingerTip,-17.875550,1.230143,21.004600,0.089508,-0.780378,-0.242300,0.569464
1.1554,5835,Virtual,Middle_MCP,-17.840820,1.190391,20.936520,-0.423468,-0.692245,0.143649,0.566425
1.1554,5835,Virtual,Middle_PIP,-17.840810,1.229944,20.971500,-0.055718,-0.809582,-0.134310,0.568712
1.1554,5835,Virtual,Middle_DIP,-17.850430,1.228210,20.997440,0.288558,-0.758461,-0.360202,0.460138
1.1554,5835,Virtual,Middle_FingerTip,-17.862030,1.206442,21.011310,0.288558,-0.758461,-0.360202,0.460138
1.1554,5835,Virtual,Ring_MCP,-17.820530,1.179491,20.945090,-0.439300,-0.699928,0.140407,0.545346
1.1554,5835,Virtual,Ring_PIP,-17.821420,1.215235,20.974870,-0.076457,-0.822824,-0.120608,0.550064
1.1554,5835,Virtual,Ring_DIP,-17.831520,1.215054,20.999210,0.266527,-0.782207,-0.334898,0.452725
1.1554,5835,Virtual,Ring_FingerTip,-17.843070,1.196473,21.012870,0.266527,-0.782207,-0.334898,0.452725
1.1554,5835,Virtual,Pinky_MCP,-17.805230,1.165304,20.953160,-0.445592,-0.707316,0.134835,0.531952
1.1554,5835,Virtual,Pinky_PIP,-17.806680,1.195770,20.978050,-0.078741,-0.832254,-0.119542,0.535596
1.1554,5835,Virtual,Pinky_DIP,-17.814280,1.195825,20.994760,0.268297,-0.791748,-0.328011,0.439957
1.1554,5835,Virtual,Pinky_FingerTip,-17.823260,1.182157,21.004730,0.268297,-0.791748,-0.328011,0.439957
1.1554,5835,Render,Wrist,-17.862960,1.083171,20.921000,-0.617892,-0.526058,0.312811,0.493581
1.1554,5835,Render,Thumb_CMC,-17.883280,1.125921,20.920540,0.029198,-0.429972,0.722711,0.540334
1.1554,5835,Render,Thumb_MCP,-17.901470,1.159114,20.942790,0.061522,-0.426548,0.679932,0.593266
1.1554,5835,Render,Thumb_IP,-17.915620,1.196096,20.971710,0.118593,-0.414324,0.593533,0.679699
1.1554,5835,Render,Thumb_FingerTip,-17.916980,1.216290,20.991770,0.118593,-0.414324,0.593533,0.679699
1.1554,5835,Render,Index_MCP,-17.866580,1.197308,20.930070,-0.486989,-0.616315,0.229913,0.574577
1.1554,5835,Render,Index_PIP,-17.860270,1.237790,20.952750,-0.301592,-0.725289,0.065470,0.615396
1.1554,5835,Render,Index_DIP,-17.861850,1.251237,20.974890,-0.114970,-0.777035,-0.087088,0.612711
1.1554,5835,Render,Index_FingerTip,-17.867840,1.253173,21.001040,-0.114970,-0.777035,-0.087088,0.612711
1.1554,5835,Render,Middle_MCP,-17.840820,1.190391,20.936520,-0.503174,-0.636666,0.210322,0.545195
1.1554,5835,Render,Middle_PIP,-17.835500,1.236334,20.962000,-0.306892,-0.751229,0.050890,0.582136
1.1554,5835,Render,Middle_DIP,-17.839210,1.250758,20.985380,-0.109174,-0.804120,-0.096379,0.576354
1.1554,5835,Render,Middle_FingerTip,-17.848030,1.252583,21.012200,-0.109174,-0.804120,-0.096379,0.576354
1.1554,5835,Render,Ring_MCP,-17.820530,1.179491,20.945090,-0.515146,-0.646149,0.200780,0.526121
1.1554,5835,Render,Ring_PIP,-17.816600,1.220302,20.967100,-0.317576,-0.762909,0.048342,0.561052
1.1554,5835,Render,Ring_DIP,-17.821050,1.234496,20.988850,-0.118342,-0.817851,-0.092384,0.555501
1.1554,5835,Render,Ring_FingerTip,-17.830200,1.236843,21.012850,-0.118342,-0.817851,-0.092384,0.555501
1.1554,5835,Render,Pinky_MCP,-17.805230,1.165304,20.953160,-0.494685,-0.673895,0.172261,0.521037
1.1554,5835,Render,Pinky_PIP,-17.803950,1.198622,20.974100,-0.243293,-0.799785,-0.010219,0.548679
1.1554,5835,Render,Pinky_DIP,-17.809080,1.205556,20.990290,0.007378,-0.835938,-0.174059,0.520439
1.1554,5835,Render,Pinky_FingerTip,-17.817860,1.201849,21.006910,0.007378,-0.835938,-0.174059,0.520439
1.1698,5836,Real,Wrist,-17.865930,1.086562,20.929550,-0.634160,-0.534880,0.299969,0.470917
1.1698,5836,Real,Thumb_CMC,-17.885960,1.129367,20.926840,0.075286,-0.392914,0.702069,0.589109
1.1698,5836,Real,Thumb_MCP,-17.898890,1.163092,20.951810,0.185000,-0.354718,0.503212,0.765982
1.1698,5836,Real,Thumb_IP,-17.887030,1.194455,20.987580,0.337777,-0.214374,0.051933,0.915016
1.1698,5836,Real,Thumb_FingerTip,-17.861300,1.193036,20.999760,0.337777,-0.214374,0.051933,0.915016
1.1698,5836,Real,Index_MCP,-17.869450,1.200904,20.935550,-0.466341,-0.655785,0.190891,0.562168
1.1698,5836,Real,Index_PIP,-17.866310,1.239596,20.961740,-0.187681,-0.782498,-0.032875,0.592783
1.1698,5836,Real,Index_DIP,-17.872190,1.246209,20.986140,0.087594,-0.799909,-0.231127,0.546858
1.1698,5836,Real,Index_FingerTip,-17.882590,1.235639,21.008580,0.087594,-0.799909,-0.231127,0.546858
1.1698,5836,Real,Middle_MCP,-17.844150,1.194049,20.943660,-0.436182,-0.705692,0.138498,0.540891
1.1698,5836,Real,Middle_PIP,-17.845970,1.234469,20.977600,-0.060781,-0.827382,-0.127080,0.543687
1.1698,5836,Real,Middle_DIP,-17.857100,1.233427,21.002960,0.291417,-0.776744,-0.343153,0.440443
1.1698,5836,Real,Middle_FingerTip,-17.869610,1.212061,21.016670,0.291417,-0.776744,-0.343153,0.440443
1.1698,5836,Real,Ring_MCP,-17.824460,1.183287,20.953680,-0.451666,-0.712757,0.134940,0.519391
1.1698,5836,Real,Ring_PIP,-17.826890,1.219772,20.982470,-0.081709,-0.839850,-0.113783,0.524432
1.1698,5836,Real,Ring_DIP,-17.838400,1.220244,21.006160,0.268693,-0.799893,-0.318193,0.432122
1.1698,5836,Real,Ring_FingerTip,-17.850840,1.202059,21.019580,0.268693,-0.799893,-0.318193,0.432122
1.1698,5836,Real,Pinky_MCP,-17.809730,1.169247,20.962990,-0.457641,-0.719803,0.129310,0.505696
1.1698,5836,Real,Pinky_PIP,-17.812470,1.200336,20.986990,-0.083864,-0.848833,-0.112632,0.509670
1.1698,5836,Real,Pinky_DIP,-17.821030,1.200841,21.003210,0.270398,-0.808972,-0.311108,0.419119
1.1698,5836,Real,Pinky_FingerTip,-17.830650,1.187464,21.012980,0.270398,-0.808972,-0.311108,0.419119
1.1698,5836,Virtual,Wrist,-17.864340,1.084826,20.925270,-0.625800,-0.530819,0.306926,0.482081
1.1698,5836,Virtual,Thumb_CMC,-17.884580,1.127585,20.923670,0.089966,-0.388272,0.699550,0.593112
1.1698,5836,Virtual,Thumb_MCP,-17.896890,1.160955,20.949420,0.197727,-0.346053,0.499649,0.769092
1.1698,5836,Virtual,Thumb_IP,-17.884080,1.191928,20.985200,0.344454,-0.200500,0.047292,0.915923
1.1698,5836,Virtual,Thumb_FingerTip,-17.858000,1.190460,20.996600,0.344454,-0.200500,0.047292,0.915923
1.1698,5836,Virtual,Index_MCP,-17.868070,1.199073,20.932760,-0.458843,-0.649388,0.194810,0.574289
1.1698,5836,Virtual,Index_PIP,-17.864290,1.237458,20.959320,-0.183114,-0.773764,-0.033766,0.605490
1.1698,5836,Virtual,Index_DIP,-17.869470,1.243752,20.983960,0.088943,-0.790146,-0.236257,0.558517
1.1698,5836,Virtual,Index_FingerTip,-17.879170,1.232872,21.006570,0.088943,-0.790146,-0.236257,0.558517
1.1698,5836,Virtual,Middle_MCP,-17.842530,1.192217,20.940040,-0.429501,-0.699230,0.141635,0.553665
1.1698,5836,Virtual,Middle_PIP,-17.843480,1.232217,20.974500,-0.057842,-0.818565,-0.130200,0.556465
1.1698,5836,Virtual,Middle_DIP,-17.853840,1.230825,21.000170,0.290393,-0.767507,-0.351340,0.450740
1.1698,5836,Virtual,Middle_FingerTip,-17.865870,1.209247,21.013980,0.290393,-0.767507,-0.351340,0.450740
1.1698,5836,Virtual,Ring_MCP,-17.822500,1.181411,20.949340,-0.445154,-0.706620,0.138225,0.532374
1.1698,5836,Virtual,Ring_PIP,-17.824220,1.217536,20.978620,-0.078664,-0.831435,-0.116706,0.537501
1.1698,5836,Virtual,Ring_DIP,-17.835010,1.217677,21.002650,0.268033,-0.790968,-0.326202,0.442854
1.1698,5836,Virtual,Ring_FingerTip,-17.846980,1.199283,21.016220,0.268033,-0.790968,-0.326202,0.442854
1.1698,5836,Virtual,Pinky_MCP,-17.807460,1.167316,20.958030,-0.451281,-0.713844,0.132616,0.518831
1.1698,5836,Virtual,Pinky_PIP,-17.809600,1.198101,20.982480,-0.080876,-0.840647,-0.115605,0.522884
1.1698,5836,Virtual,Pinky_DIP,-17.817670,1.198377,20.998950,0.269780,-0.800279,-0.319222,0.429964
1.1698,5836,Virtual,Pinky_FingerTip,-17.826960,1.184846,21.008840,0.269780,-0.800279,-0.319222,0.429964
1.1698,5836,Render,Wrist,-17.864340,1.084826,20.925270,-0.625800,-0.530819,0.306926,0.482081
1.1698,5836,Render,Thumb_CMC,-17.884580,1.127585,20.923670,0.015011,-0.433130,0.725521,0.534595
1.1698,5836,Render,Thumb_MCP,-17.903380,1.161076,20.944960,0.047613,-0.430767,0.683167,0.587756
1.1698,5836,Render,Thumb_IP,-17.918310,1.198440,20.972970,0.105382,-0.420383,0.597483,0.674676
1.1698,5836,Render,Thumb_FingerTip,-17.920230,1.218891,20.992730,0.105382,-0.420383,0.597483,0.674676
1.1698,5836,Render,Index_MCP,-17.868070,1.199073,20.932760,-0.494278,-0.622841,0.226475,0.562555
1.1698,5836,Render,Index_PIP,-17.862380,1.239838,20.955090,-0.306839,-0.733547,0.065421,0.602892
1.1698,5836,Render,Index_DIP,-17.864580,1.253570,20.977010,-0.118037,-0.786326,-0.084076,0.600575
1.1698,5836,Render,Index_FingerTip,-17.871320,1.255847,21.002950,-0.118037,-0.786326,-0.084076,0.600575
1.1698,5836,Render,Middle_MCP,-17.842530,1.192217,20.940040,-0.509999,-0.642880,0.206798,0.532767
1.1698,5836,Render,Middle_PIP,-17.837890,1.238480,20.965080,-0.311727,-0.759092,0.050951,0.569219
1.1698,5836,Render,Middle_DIP,-17.842260,1.253206,20.988150,-0.111887,-0.812943,-0.093088,0.563862
1.1698,5836,Render,Middle_FingerTip,-17.851850,1.255384,21.014680,-0.111887,-0.812943,-0.093088,0.563862
1.1698,5836,Render,Ring_MCP,-17.822500,1.181411,20.949340,-0.521714,-0.652140,0.197154,0.513476
1.1698,5836,Render,Ring_PIP,-17.819170,1.222498,20.970930,-0.322243,-0.770475,0.048334,0.547897
1.1698,5836,Render,Ring_DIP,-17.824220,1.236975,20.992350,-0.120985,-0.826338,-0.089128,0.542756
1.1698,5836,Render,Ring_FingerTip,-17.834070,1.239638,21.016050,-0.120985,-0.826338,-0.089128,0.542756
1.1698,5836,Render,Pinky_MCP,-17.807460,1.167316,20.958030,-0.500823,-0.680003,0.169117,0.508106
1.1698,5836,Render,Pinky_PIP,-17.806750,1.200899,20.978570,-0.247060,-0.807583,-0.008898,0.535437
1.1698,5836,Render,Pinky_DIP,-17.812340,1.208045,20.994510,0.006119,-0.844506,-0.168834,0.508200
1.1698,5836,Render,Pinky_FingerTip,-17.821600,1.204560,21.010920,0.006119,-0.844506,-0.168834,0.508200
1.1837,5837,Real,Wrist,-17.867470,1.088049,20.934340,-0.641715,-0.539787,0.292255,0.459804
1.1837,5837,Real,Thumb_CMC,-17.887280,1.130871,20.930580,0.060785,-0.398514,0.704670,0.583894
1.1837,5837,Real,Thumb_MCP,-17.900930,1.164878,20.954780,0.172785,-0.364216,0.507063,0.761826
1.1837,5837,Real,Thumb_IP,-17.890120,1.196587,20.990580,0.332037,-0.228603,0.057048,0.913366
1.1837,5837,Real,Thumb_FingerTip,-17.864780,1.195231,21.003560,0.332037,-0.228603,0.057048,0.913366
1.1837,5837,Real,Index_MCP,-17.870860,1.202453,20.939090,-0.473495,-0.662368,0.186813,0.549702
1.1837,5837,Real,Index_PIP,-17.868390,1.241445,20.964900,-0.191859,-0.791277,-0.032002,0.579696
1.1837,5837,Real,Index_DIP,-17.874990,1.248363,20.989030,0.086627,-0.809583,-0.225886,0.534834
1.1837,5837,Real,Index_FingerTip,-17.886100,1.238090,21.011270,0.086627,-0.809583,-0.225886,0.534834
1.1837,5837,Real,Middle_MCP,-17.845860,1.195622,20.948050,-0.442445,-0.712327,0.135079,0.527813
1.1837,5837,Real,Middle_PIP,-17.848560,1.236437,20.981440,-0.063123,-0.836172,-0.124163,0.530487
1.1837,5837,Real,Middle_DIP,-17.860460,1.235712,21.006470,0.293097,-0.785660,-0.335043,0.429626
1.1837,5837,Real,Middle_FingerTip,-17.873450,1.214532,21.020010,0.293097,-0.785660,-0.335043,0.429626
1.1837,5837,Real,Ring_MCP,-17.826500,1.184916,20.958770,-0.457529,-0.719204,0.131150,0.506174
1.1837,5837,Real,Ring_PIP,-17.829710,1.221721,20.987070,-0.083466,-0.848305,-0.111548,0.510852
1.1837,5837,Real,Ring_DIP,-17.841940,1.222449,21.010390,0.271034,-0.808164,-0.310856,0.420453
1.1837,5837,Real,Ring_FingerTip,-17.854820,1.204402,21.023580,0.271034,-0.808164,-0.310856,0.420453
1.1837,5837,Real,Pinky_MCP,-17.812110,1.170937,20.968660,-0.463360,-0.726056,0.125474,0.492338
1.1837,5837,Real,Pinky_PIP,-17.815490,1.202293,20.992230,-0.085574,-0.857052,-0.110365,0.495943
1.1837,5837,Real,Pinky_DIP,-17.824540,1.202976,21.008170,0.272690,-0.817007,-0.303675,0.407335
1.1837,5837,Real,Pinky_FingerTip,-17.834490,1.189700,21.017750,0.272690,-0.817007,-0.303675,0.407335
1.1837,5837,Virtual,Wrist,-17.865940,1.086563,20.929560,-0.634160,-0.534880,0.299969,0.470917
1.1837,5837,Virtual,Thumb_CMC,-17.885960,1.129368,20.926840,0.075051,-0.392916,0.702362,0.588789
1.1837,5837,Virtual,Thumb_MCP,-17.898930,1.163096,20.951790,0.184840,-0.354753,0.503445,0.765851
1.1837,5837,Virtual,Thumb_IP,-17.887090,1.194475,20.987560,0.337727,-0.214373,0.051901,0.915036
1.1837,5837,Virtual,Thumb_FingerTip,-17.861370,1.193055,20.999730,0.337727,-0.214373,0.051901,0.915036
1.1837,5837,Virtual,Index_MCP,-17.869450,1.200905,20.935560,-0.466987,-0.655325,0.191445,0.561980
1.1837,5837,Virtual,Index_PIP,-17.866270,1.239643,20.961670,-0.188452,-0.782313,-0.032291,0.592815
1.1837,5837,Virtual,Index_DIP,-17.872140,1.246302,20.986060,0.086807,-0.799995,-0.230588,0.547085
1.1837,5837,Virtual,Index_FingerTip,-17.882540,1.235779,21.008530,0.086807,-0.799995,-0.230588,0.547085
1.1837,5837,Virtual,Middle_MCP,-17.844160,1.194050,20.943670,-0.436787,-0.705318,0.138962,0.540772
1.1837,5837,Virtual,Middle_PIP,-17.845930,1.234523,20.977540,-0.061345,-0.827341,-0.126709,0.543773
1.1837,5837,Virtual,Middle_DIP,-17.857050,1.233516,21.002920,0.291011,-0.776897,-0.342923,0.440623
1.1837,5837,Virtual,Middle_FingerTip,-17.869570,1.212168,21.016640,0.291011,-0.776897,-0.342923,0.440623
1.1837,5837,Virtual,Ring_MCP,-17.824460,1.183288,20.953690,-0.452029,-0.712527,0.135205,0.519322
1.1837,5837,Virtual,Ring_PIP,-17.826880,1.219800,20.982440,-0.081573,-0.839863,-0.113868,0.524414
1.1837,5837,Virtual,Ring_DIP,-17.838380,1.220263,21.006130,0.269306,-0.799687,-0.318523,0.431878
1.1837,5837,Virtual,Ring_FingerTip,-17.850810,1.202052,21.019530,0.269306,-0.799687,-0.318523,0.431878
1.1837,5837,Virtual,Pinky_MCP,-17.809740,1.169248,20.962990,-0.458008,-0.719570,0.129568,0.505629
1.1837,5837,Virtual,Pinky_PIP,-17.812460,1.200359,20.986970,-0.083727,-0.848847,-0.112714,0.509652
1.1837,5837,Virtual,Pinky_DIP,-17.821020,1.200859,21.003190,0.271017,-0.808765,-0.311429,0.418881
1.1837,5837,Virtual,Pinky_FingerTip,-17.830640,1.187462,21.012930,0.271017,-0.808765,-0.311429,0.418881
1.1837,5837,Render,Wrist,-17.865940,1.086563,20.929560,-0.634160,-0.534880,0.299969,0.470917
1.1837,5837,Render,Thumb_CMC,-17.885960,1.129368,20.926840,0.000231,-0.436606,0.727307,0.529528
1.1837,5837,Render,Thumb_MCP,-17.905240,1.163182,20.947160,0.033136,-0.435347,0.685329,0.582838
1.1837,5837,Render,Thumb_IP,-17.920850,1.200936,20.974270,0.091657,-0.426877,0.600290,0.670095
1.1837,5837,Render,Thumb_FingerTip,-17.923280,1.221634,20.993710,0.091657,-0.426877,0.600290,0.670095
1.1837,5837,Render,Index_MCP,-17.869450,1.200905,20.935560,-0.502121,-0.628810,0.221887,0.550671
1.1837,5837,Render,Index_PIP,-17.864260,1.241920,20.957550,-0.312768,-0.741420,0.064229,0.590210
1.1837,5837,Render,Index_DIP,-17.867060,1.255925,20.979230,-0.121861,-0.795410,-0.082129,0.587986
1.1837,5837,Render,Index_FingerTip,-17.874560,1.258542,21.004920,-0.121861,-0.795410,-0.082129,0.587986
1.1837,5837,Render,Middle_MCP,-17.844160,1.194050,20.943670,-0.517404,-0.648497,0.202157,0.520459
1.1837,5837,Render,Middle_PIP,-17.840090,1.240598,20.968270,-0.317284,-0.766542,0.049904,0.556106
1.1837,5837,Render,Middle_DIP,-17.845080,1.255620,20.991020,-0.115403,-0.821546,-0.090821,0.550905
1.1837,5837,Render,Middle_FingerTip,-17.855450,1.258155,21.017230,-0.115403,-0.821546,-0.090821,0.550905
1.1837,5837,Render,Ring_MCP,-17.824460,1.183288,20.953690,-0.528875,-0.657508,0.192432,0.500945
1.1837,5837,Render,Ring_PIP,-17.821600,1.224625,20.974870,-0.327651,-0.777605,0.047241,0.534551
1.1837,5837,Render,Ring_DIP,-17.827240,1.239379,20.995950,-0.124455,-0.834587,-0.086876,0.529555
1.1837,5837,Render,Ring_FingerTip,-17.837770,1.242365,21.019320,-0.124455,-0.834587,-0.086876,0.529555
1.1837,5837,Render,Pinky_MCP,-17.809740,1.169248,20.962990,-0.507590,-0.685496,0.164887,0.495239
1.1837,5837,Render,Pinky_PIP,-17.809510,1.203078,20.983140,-0.251623,-0.815008,-0.008623,0.521895
1.1837,5837,Render,Pinky_DIP,-17.815530,1.210437,20.998820,0.003989,-0.852957,-0.164516,0.495362
1.1837,5837,Render,Pinky_FingerTip,-17.825290,1.207184,21.014990,0.003989,-0.852957,-0.164516,0.495362
1.1972,5838,Real,Wrist,-17.868950,1.089679,20.938880,-0.647922,-0.544076,0.284818,0.450619
1.1972,5838,Real,Thumb_CMC,-17.888530,1.132524,20.934290,0.048520,-0.403988,0.706234,0.579373
1.1972,5838,Real,Thumb_MCP,-17.902760,1.166736,20.957850,0.162716,-0.372940,0.509650,0.758088
1.1972,5838,Real,Thumb_IP,-17.892840,1.198672,20.993710,0.327815,-0.241035,0.060705,0.911457
1.1972,5838,Real,Thumb_FingerTip,-17.867860,1.197322,21.007370,0.327815,-0.241035,0.060705,0.911457
1.1972,5838,Real,Index_MCP,-17.872160,1.204121,20.942740,-0.479264,-0.668098,0.182365,0.539161
1.1972,5838,Real,Index_PIP,-17.870240,1.243319,20.968280,-0.194786,-0.798816,-0.032394,0.568245
1.1972,5838,Real,Index_DIP,-17.877470,1.250440,20.992180,0.086680,-0.817640,-0.222555,0.523852
1.1972,5838,Real,Index_FingerTip,-17.889200,1.240355,21.014180,0.086680,-0.817640,-0.222555,0.523852
1.1972,5838,Real,Middle_MCP,-17.847410,1.197289,20.952420,-0.447550,-0.717998,0.131246,0.516675
1.1972,5838,Real,Middle_PIP,-17.850870,1.238388,20.985390,-0.064746,-0.843582,-0.122589,0.518797
1.1972,5838,Real,Middle_DIP,-17.863440,1.237890,21.010090,0.294968,-0.792979,-0.328841,0.419573
1.1972,5838,Real,Middle_FingerTip,-17.876850,1.216842,21.023440,0.294968,-0.792979,-0.328841,0.419573
1.1972,5838,Real,Ring_MCP,-17.828380,1.186608,20.963740,-0.462349,-0.724673,0.127034,0.494920
1.1972,5838,Real,Ring_PIP,-17.832230,1.223644,20.991650,-0.084720,-0.855418,-0.110475,0.498878
1.1972,5838,Real,Ring_DIP,-17.845090,1.224558,21.014630,0.273295,-0.815001,-0.305225,0.409782
1.1972,5838,Real,Ring_FingerTip,-17.858360,1.206611,21.027560,0.273295,-0.815001,-0.305225,0.409782
1.1972,5838,Real,Pinky_MCP,-17.814310,1.172662,20.974110,-0.468066,-0.731346,0.121315,0.480967
1.1972,5838,Real,Pinky_PIP,-17.818210,1.204212,20.997340,-0.086803,-0.863955,-0.109268,0.483847
1.1972,5838,Real,Pinky_DIP,-17.827690,1.205024,21.013030,0.274894,-0.823642,-0.297963,0.396566
1.1972,5838,Real,Pinky_FingerTip,-17.837930,1.191821,21.022400,0.274894,-0.823642,-0.297963,0.396566
1.1972,5838,Virtual,Wrist,-17.867480,1.088050,20.934350,-0.641715,-0.539786,0.292255,0.459805
1.1972,5838,Virtual,Thumb_CMC,-17.887290,1.130872,20.930590,0.060618,-0.398511,0.704874,0.583667
1.1972,5838,Virtual,Thumb_MCP,-17.900960,1.164881,20.954770,0.172725,-0.364213,0.507112,0.761809
1.1972,5838,Virtual,Thumb_IP,-17.890160,1.196595,20.990560,0.332098,-0.228465,0.056643,0.913404
1.1972,5838,Virtual,Thumb_FingerTip,-17.864810,1.195219,21.003530,0.332098,-0.228465,0.056643,0.913404
1.1972,5838,Virtual,Index_MCP,-17.870870,1.202454,20.939090,-0.473984,-0.662017,0.187219,0.549565
1.1972,5838,Virtual,Index_PIP,-17.868370,1.241478,20.964850,-0.192162,-0.791203,-0.031781,0.579709
1.1972,5838,Virtual,Index_DIP,-17.874970,1.248415,20.988980,0.086576,-0.809588,-0.225853,0.534848
1.1972,5838,Virtual,Index_FingerTip,-17.886080,1.238145,21.011220,0.086576,-0.809588,-0.225853,0.534848
1.1972,5838,Virtual,Middle_MCP,-17.845860,1.195623,20.948050,-0.442976,-0.711996,0.135472,0.527713
1.1972,5838,Virtual,Middle_PIP,-17.848530,1.236483,20.981390,-0.063467,-0.836145,-0.123947,0.530538
1.1972,5838,Virtual,Middle_DIP,-17.860420,1.235779,21.006430,0.293011,-0.785692,-0.334998,0.429663
1.1972,5838,Virtual,Middle_FingerTip,-17.873420,1.214603,21.019970,0.293011,-0.785692,-0.334998,0.429663
1.1972,5838,Virtual,Ring_MCP,-17.826510,1.184917,20.958780,-0.457898,-0.718969,0.131409,0.506108
1.1972,5838,Virtual,Ring_PIP,-17.829690,1.221747,20.987040,-0.083329,-0.848318,-0.111632,0.510834
1.1972,5838,Virtual,Ring_DIP,-17.841920,1.222467,21.010360,0.271654,-0.807955,-0.311180,0.420214
1.1972,5838,Virtual,Ring_FingerTip,-17.854800,1.204394,21.023520,0.271654,-0.807955,-0.311180,0.420214
1.1972,5838,Virtual,Pinky_MCP,-17.812110,1.170937,20.968670,-0.463732,-0.725818,0.125725,0.492274
1.1972,5838,Virtual,Pinky_PIP,-17.815470,1.202315,20.992210,-0.085436,-0.857065,-0.110446,0.495926
1.1972,5838,Virtual,Pinky_DIP,-17.824520,1.202992,21.008160,0.273317,-0.816797,-0.303989,0.407102
1.1972,5838,Virtual,Pinky_FingerTip,-17.834470,1.189696,21.017710,0.273317,-0.816797,-0.303989,0.407102
1.1972,5838,Render,Wrist,-17.867480,1.088050,20.934350,-0.641715,-0.539786,0.292255,0.459805
1.1972,5838,Render,Thumb_CMC,-17.887290,1.130872,20.930590,-0.014167,-0.441069,0.728749,0.523624
1.1972,5838,Render,Thumb_MCP,-17.907100,1.164932,20.949970,0.019116,-0.440882,0.687212,0.577060
1.1972,5838,Render,Thumb_IP,-17.923450,1.202993,20.976200,0.078513,-0.434255,0.602937,0.664625
1.1972,5838,Render,Thumb_FingerTip,-17.926420,1.223891,20.995350,0.078513,-0.434255,0.602937,0.664625
1.1972,5838,Render,Index_MCP,-17.870870,1.202454,20.939090,-0.509005,-0.635486,0.216591,0.538666
1.1972,5838,Render,Index_PIP,-17.866260,1.243676,20.960820,-0.317584,-0.749713,0.062386,0.577218
1.1972,5838,Render,Index_DIP,-17.869680,1.257905,20.982260,-0.124501,-0.804629,-0.080737,0.574938
1.1972,5838,Render,Index_FingerTip,-17.877960,1.260797,21.007690,-0.124501,-0.804629,-0.080737,0.574938
1.1972,5838,Render,Middle_MCP,-17.845860,1.195623,20.948050,-0.523855,-0.654785,0.196763,0.508053
1.1972,5838,Render,Middle_PIP,-17.842420,1.242406,20.972300,-0.321738,-0.774372,0.048162,0.542691
1.1972,5838,Render,Middle_DIP,-17.848080,1.257668,20.994740,-0.117757,-0.830241,-0.089151,0.537481
1.1972,5838,Render,Middle_FingerTip,-17.859240,1.260489,21.020590,-0.117757,-0.830241,-0.089151,0.537481
1.1972,5838,Render,Ring_MCP,-17.826510,1.184917,20.958780,-0.535087,-0.663528,0.186932,0.488334
1.1972,5838,Render,Ring_PIP,-17.824200,1.226457,20.979630,-0.331968,-0.785102,0.045421,0.520913
1.1972,5838,Render,Ring_DIP,-17.830440,1.241436,21.000380,-0.126777,-0.842920,-0.085255,0.515892
1.1972,5838,Render,Ring_FingerTip,-17.841680,1.244681,21.023370,-0.126777,-0.842920,-0.085255,0.515892
1.1972,5838,Render,Pinky_MCP,-17.812110,1.170937,20.968670,-0.513386,-0.691588,0.159865,0.482269
1.1972,5838,Render,Pinky_PIP,-17.812420,1.204967,20.988470,-0.255072,-0.822677,-0.009061,0.507995
1.1972,5838,Render,Pinky_DIP,-17.818910,1.212497,21.003890,0.002996,-0.861308,-0.160771,0.481968
1.1972,5838,Render,Pinky_FingerTip,-17.829160,1.209429,21.019780,0.002996,-0.861308,-0.160771,0.481968
1.2113,5839,Real,Wrist,-17.869880,1.091038,20.943690,-0.652800,-0.548752,0.277790,0.442218
1.2113,5839,Real,Thumb_CMC,-17.889300,1.133874,20.938390,0.037312,-0.409331,0.707487,0.574907
1.2113,5839,Real,Thumb_MCP,-17.904070,1.168253,20.961380,0.153536,-0.381275,0.512101,0.754194
1.2113,5839,Real,Thumb_IP,-17.895010,1.200386,20.997290,0.324075,-0.252824,0.064705,0.909324
1.2113,5839,Real,Thumb_FingerTip,-17.870390,1.199070,21.011590,0.324075,-0.252824,0.064705,0.909324
1.2113,5839,Real,Index_MCP,-17.873080,1.205501,20.946890,-0.483464,-0.673965,0.178008,0.529478
1.2113,5839,Real,Index_PIP,-17.871760,1.244845,20.972260,-0.196776,-0.805757,-0.032617,0.557648
1.2113,5839,Real,Index_DIP,-17.879560,1.252132,20.995920,0.086889,-0.824873,-0.219019,0.513873
1.2113,5839,Real,Index_FingerTip,-17.891860,1.242221,21.017700,0.086889,-0.824873,-0.219019,0.513873
1.2113,5839,Real,Middle_MCP,-17.848600,1.198699,20.957230,-0.450914,-0.723846,0.127288,0.506480
1.2113,5839,Real,Middle_PIP,-17.852840,1.239978,20.989890,-0.065021,-0.850323,-0.121385,0.507927
1.2113,5839,Real,Middle_DIP,-17.866030,1.239625,21.014270,0.297548,-0.799213,-0.323192,0.410209
1.2113,5839,Real,Middle_FingerTip,-17.879790,1.218662,21.027390,0.297548,-0.799213,-0.323192,0.410209
1.2113,5839,Real,Ring_MCP,-17.829870,1.188061,20.969080,-0.465440,-0.730354,0.122798,0.484634
1.2113,5839,Real,Ring_PIP,-17.834390,1.225238,20.996710,-0.084625,-0.861911,-0.109763,0.487751
1.2113,5839,Real,Ring_DIP,-17.847820,1.226260,21.019350,0.276286,-0.820803,-0.300134,0.399836
1.2113,5839,Real,Ring_FingerTip,-17.861430,1.208366,21.032000,0.276286,-0.820803,-0.300134,0.399836
1.2113,5839,Real,Pinky_MCP,-17.816070,1.174155,20.979880,-0.471053,-0.736863,0.117029,0.470582
1.2113,5839,Real,Pinky_PIP,-17.820530,1.205824,21.002840,-0.086686,-0.870255,-0.108550,0.472609
1.2113,5839,Real,Pinky_DIP,-17.830410,1.206710,21.018280,0.277828,-0.829258,-0.292818,0.386523
1.2113,5839,Real,Pinky_FingerTip,-17.840880,1.193545,21.027440,0.277828,-0.829258,-0.292818,0.386523
1.2113,5839,Virtual,Wrist,-17.868950,1.089678,20.938880,-0.647922,-0.544076,0.284818,0.450619
1.2113,5839,Virtual,Thumb_CMC,-17.888530,1.132523,20.934290,0.047831,-0.403786,0.706170,0.579650
1.2113,5839,Virtual,Thumb_MCP,-17.902730,1.166775,20.957810,0.162014,-0.372937,0.509474,0.758357
1.2113,5839,Virtual,Thumb_IP,-17.892800,1.198737,20.993640,0.327226,-0.241359,0.060344,0.911608
1.2113,5839,Virtual,Thumb_FingerTip,-17.867830,1.197371,21.007310,0.327226,-0.241359,0.060344,0.911608
1.2113,5839,Virtual,Index_MCP,-17.872150,1.204120,20.942740,-0.479592,-0.667862,0.182631,0.539071
1.2113,5839,Virtual,Index_PIP,-17.870230,1.243340,20.968260,-0.195463,-0.798650,-0.031912,0.568272
1.2113,5839,Virtual,Index_DIP,-17.877430,1.250502,20.992140,0.085724,-0.817741,-0.221943,0.524112
1.2113,5839,Virtual,Index_FingerTip,-17.889150,1.240472,21.014170,0.085724,-0.817741,-0.221943,0.524112
1.2113,5839,Virtual,Middle_MCP,-17.847410,1.197288,20.952420,-0.447722,-0.717891,0.131370,0.516643
1.2113,5839,Virtual,Middle_PIP,-17.850860,1.238401,20.985380,-0.064945,-0.843566,-0.122466,0.518826
1.2113,5839,Virtual,Middle_DIP,-17.863420,1.237916,21.010090,0.294784,-0.793048,-0.328743,0.419650
1.2113,5839,Virtual,Middle_FingerTip,-17.876840,1.216876,21.023440,0.294784,-0.793048,-0.328743,0.419650
1.2113,5839,Virtual,Ring_MCP,-17.828390,1.186608,20.963740,-0.462355,-0.724669,0.127039,0.494919
1.2113,5839,Virtual,Ring_PIP,-17.832230,1.223643,20.991660,-0.084446,-0.855445,-0.110635,0.498842
1.2113,5839,Virtual,Ring_DIP,-17.845090,1.224542,21.014630,0.273797,-0.814833,-0.305477,0.409594
1.2113,5839,Virtual,Ring_FingerTip,-17.858360,1.206573,21.027540,0.273797,-0.814833,-0.305477,0.409594
1.2113,5839,Virtual,Pinky_MCP,-17.814300,1.172661,20.974120,-0.468073,-0.731342,0.121320,0.480966
1.2113,5839,Virtual,Pinky_PIP,-17.818210,1.204211,20.997340,-0.086526,-0.863983,-0.109422,0.483812
1.2113,5839,Virtual,Pinky_DIP,-17.827690,1.205012,21.013030,0.275402,-0.823473,-0.298208,0.396383
1.2113,5839,Virtual,Pinky_FingerTip,-17.837920,1.191793,21.022390,0.275402,-0.823473,-0.298208,0.396383
1.2113,5839,Render,Wrist,-17.868950,1.089678,20.938880,-0.647922,-0.544076,0.284818,0.450619
1.2113,5839,Render,Thumb_CMC,-17.888530,1.132523,20.934290,-0.026427,-0.445548,0.729324,0.518532
1.2113,5839,Render,Thumb_MCP,-17.908770,1.166769,20.952890,0.007228,-0.446272,0.688169,0.572025
1.2113,5839,Render,Thumb_IP,-17.925710,1.205054,20.978410,0.067463,-0.441203,0.604565,0.659766
1.2113,5839,Render,Thumb_FingerTip,-17.929140,1.226093,20.997330,0.067463,-0.441203,0.604565,0.659766
1.2113,5839,Render,Index_MCP,-17.872150,1.204120,20.942740,-0.514604,-0.641273,0.211183,0.528539
1.2113,5839,Render,Index_PIP,-17.868020,1.245481,20.964310,-0.321404,-0.756801,0.059928,0.566004
1.2113,5839,Render,Index_DIP,-17.871980,1.259869,20.985540,-0.126470,-0.812437,-0.080377,0.563464
1.2113,5839,Render,Index_FingerTip,-17.880940,1.262960,21.010720,-0.126470,-0.812437,-0.080377,0.563464
1.2113,5839,Render,Middle_MCP,-17.847410,1.197288,20.952420,-0.529104,-0.660205,0.191264,0.497590
1.2113,5839,Render,Middle_PIP,-17.844510,1.244231,20.976430,-0.325278,-0.781036,0.045781,0.531114
1.2113,5839,Render,Middle_DIP,-17.850720,1.259664,20.998600,-0.119517,-0.837579,-0.088560,0.525676
1.2113,5839,Render,Middle_FingerTip,-17.862570,1.262695,21.024120,-0.119517,-0.837579,-0.088560,0.525676
1.2113,5839,Render,Ring_MCP,-17.828390,1.186608,20.963740,-0.540145,-0.668700,0.181339,0.477702
1.2113,5839,Render,Ring_PIP,-17.826530,1.228287,20.984360,-0.335409,-0.791466,0.042968,0.509154
1.2113,5839,Render,Ring_DIP,-17.833290,1.243426,21.004830,-0.128531,-0.849939,-0.084714,0.503892
1.2113,5839,Render,Ring_FingerTip,-17.845130,1.246861,21.027490,-0.128531,-0.849939,-0.084714,0.503892
1.2113,5839,Render,Pinky_MCP,-17.814300,1.172661,20.974120,-0.518097,-0.696799,0.154675,0.471299
1.2113,5839,Render,Pinky_PIP,-17.815050,1.206828,20.993670,-0.257788,-0.829155,-0.010321,0.495924
1.2113,5839,Render,Pinky_DIP,-17.821930,1.214483,21.008850,0.002343,-0.868302,-0.158359,0.470074
1.2113,5839,Render,Pinky_FingerTip,-17.832630,1.211553,21.024480,0.002343,-0.868302,-0.158359,0.470074
1.2248,5840,Real,Wrist,-17.870970,1.092660,20.948030,-0.657970,-0.551557,0.272497,0.434289
1.2248,5840,Real,Thumb_CMC,-17.890170,1.135498,20.942000,0.027784,-0.412885,0.708989,0.571042
1.2248,5840,Real,Thumb_MCP,-17.905380,1.170046,20.964440,0.145577,-0.387367,0.514373,0.751116
1.2248,5840,Real,Thumb_IP,-17.897010,1.202402,21.000310,0.320420,-0.261872,0.067607,0.907846
1.2248,5840,Real,Thumb_FingerTip,-17.872680,1.201118,21.015100,0.320420,-0.261872,0.067607,0.907846
1.2248,5840,Real,Index_MCP,-17.873960,1.207151,20.950310,-0.488739,-0.677766,0.175383,0.520585
1.2248,5840,Real,Index_PIP,-17.873040,1.246726,20.975320,-0.200249,-0.811254,-0.031731,0.548417
1.2248,5840,Real,Index_DIP,-17.881300,1.254256,20.998750,0.085476,-0.831220,-0.215068,0.505483
1.2248,5840,Real,Index_FingerTip,-17.894060,1.244584,21.020370,0.085476,-0.831220,-0.215068,0.505483
1.2248,5840,Real,Middle_MCP,-17.849720,1.200373,20.961210,-0.455503,-0.727775,0.125078,0.497209
1.2248,5840,Real,Middle_PIP,-17.854510,1.241952,20.993410,-0.066985,-0.855951,-0.119224,0.498645
1.2248,5840,Real,Middle_DIP,-17.868190,1.241835,21.017510,0.298369,-0.805056,-0.317459,0.402593
1.2248,5840,Real,Middle_FingerTip,-17.882280,1.221006,21.030490,0.298369,-0.805056,-0.317459,0.402593
1.2248,5840,Real,Ring_MCP,-17.831270,1.189784,20.973520,-0.469824,-0.734098,0.120414,0.475254
1.2248,5840,Real,Ring_PIP,-17.836240,1.227210,21.000730,-0.086400,-0.867277,-0.107888,0.478253
1.2248,5840,Real,Ring_DIP,-17.850140,1.228440,21.023080,0.277245,-0.826299,-0.294708,0.391807
1.2248,5840,Real,Ring_FingerTip,-17.864060,1.210660,21.035560,0.277245,-0.826299,-0.294708,0.391807
1.2248,5840,Real,Pinky_MCP,-17.817730,1.175931,20.984710,-0.475335,-0.740471,0.114618,0.461110
1.2248,5840,Real,Pinky_PIP,-17.822570,1.207808,21.007310,-0.088427,-0.875455,-0.106650,0.463018
1.2248,5840,Real,Pinky_DIP,-17.832760,1.208837,21.022530,0.278754,-0.834588,-0.287324,0.378424
1.2248,5840,Real,Pinky_FingerTip,-17.843450,1.195756,21.031560,0.278754,-0.834588,-0.287324,0.378424
1.2248,5840,Virtual,Wrist,-17.869880,1.091039,20.943700,-0.652800,-0.548752,0.277789,0.442218
1.2248,5840,Virtual,Thumb_CMC,-17.889310,1.133875,20.938400,0.037844,-0.409521,0.707746,0.574419
1.2248,5840,Virtual,Thumb_MCP,-17.904120,1.168217,20.961410,0.154242,-0.381246,0.512209,0.753991
1.2248,5840,Virtual,Thumb_IP,-17.895070,1.200322,20.997350,0.324839,-0.252228,0.064293,0.909246
1.2248,5840,Virtual,Thumb_FingerTip,-17.870430,1.198984,21.011610,0.324839,-0.252228,0.064293,0.909246
1.2248,5840,Virtual,Index_MCP,-17.873090,1.205501,20.946900,-0.484128,-0.673488,0.178529,0.529303
1.2248,5840,Virtual,Index_PIP,-17.871730,1.244889,20.972200,-0.197569,-0.805563,-0.032068,0.557679
1.2248,5840,Virtual,Index_DIP,-17.879510,1.252222,20.995840,0.086077,-0.824959,-0.218513,0.514088
1.2248,5840,Virtual,Index_FingerTip,-17.891790,1.242358,21.017650,0.086077,-0.824959,-0.218513,0.514088
1.2248,5840,Virtual,Middle_MCP,-17.848610,1.198699,20.957240,-0.451452,-0.723511,0.127663,0.506385
1.2248,5840,Virtual,Middle_PIP,-17.852810,1.240022,20.989850,-0.065367,-0.850296,-0.121179,0.507976
1.2248,5840,Virtual,Middle_DIP,-17.865980,1.239691,21.014230,0.297464,-0.799245,-0.323149,0.410242
1.2248,5840,Virtual,Middle_FingerTip,-17.879750,1.218732,21.027350,0.297464,-0.799245,-0.323149,0.410242
1.2248,5840,Virtual,Ring_MCP,-17.829880,1.188061,20.969090,-0.465897,-0.730063,0.123101,0.484557
1.2248,5840,Virtual,Ring_PIP,-17.834360,1.225270,20.996680,-0.084727,-0.861901,-0.109706,0.487764
1.2248,5840,Virtual,Ring_DIP,-17.847790,1.226298,21.019310,0.276564,-0.820709,-0.300270,0.399733
1.2248,5840,Virtual,Ring_FingerTip,-17.861400,1.208392,21.031960,0.276564,-0.820709,-0.300270,0.399733
1.2248,5840,Virtual,Pinky_MCP,-17.816070,1.174156,20.979880,-0.471514,-0.736568,0.117323,0.470508
1.2248,5840,Virtual,Pinky_PIP,-17.820510,1.205851,21.002820,-0.086789,-0.870244,-0.108495,0.472622
1.2248,5840,Virtual,Pinky_DIP,-17.830380,1.206740,21.018250,0.278109,-0.829164,-0.292950,0.386424
1.2248,5840,Virtual,Pinky_FingerTip,-17.840850,1.193567,21.027410,0.278109,-0.829164,-0.292950,0.386424
1.2248,5840,Render,Wrist,-17.869880,1.091039,20.943700,-0.652800,-0.548752,0.277789,0.442218
1.2248,5840,Render,Thumb_CMC,-17.889310,1.133875,20.938400,-0.037417,-0.449666,0.729946,0.513400
1.2248,5840,Render,Thumb_MCP,-17.909950,1.168264,20.956270,-0.003420,-0.451207,0.689176,0.566954
1.2248,5840,Render,Thumb_IP,-17.927460,1.206730,20.981120,0.057579,-0.447531,0.606248,0.654877
1.2248,5840,Render,Thumb_FingerTip,-17.931320,1.227891,20.999820,0.057579,-0.447531,0.606248,0.654877
1.2248,5840,Render,Index_MCP,-17.873090,1.205501,20.946900,-0.518797,-0.647160,0.206054,0.519207
1.2248,5840,Render,Index_PIP,-17.869460,1.246966,20.968360,-0.323842,-0.763605,0.057522,0.555631
1.2248,5840,Render,Index_DIP,-17.873950,1.261462,20.989420,-0.127170,-0.819630,-0.080172,0.552817
1.2248,5840,Render,Index_FingerTip,-17.883530,1.264686,21.014350,-0.127170,-0.819630,-0.080172,0.552817
1.2248,5840,Render,Middle_MCP,-17.848610,1.198699,20.957240,-0.532974,-0.665744,0.186013,0.487978
1.2248,5840,Render,Middle_PIP,-17.846260,1.245759,20.981080,-0.327460,-0.787430,0.043401,0.520423
1.2248,5840,Render,Middle_DIP,-17.853020,1.261306,21.003010,-0.120030,-0.844316,-0.088189,0.514729
1.2248,5840,Render,Middle_FingerTip,-17.865510,1.264473,21.028210,-0.120030,-0.844316,-0.088189,0.514729
1.2248,5840,Render,Ring_MCP,-17.829880,1.188061,20.969090,-0.543843,-0.674007,0.175979,0.467953
1.2248,5840,Render,Ring_PIP,-17.828510,1.229841,20.989540,-0.337505,-0.797585,0.040495,0.498306
1.2248,5840,Render,Ring_DIP,-17.835770,1.245087,21.009750,-0.129043,-0.856387,-0.084417,0.492770
1.2248,5840,Render,Ring_FingerTip,-17.848180,1.248643,21.032090,-0.129043,-0.856387,-0.084417,0.492770
1.2248,5840,Render,Pinky_MCP,-17.816070,1.174156,20.979880,-0.521455,-0.702098,0.149667,0.461240
1.2248,5840,Render,Pinky_PIP,-17.817290,1.208421,20.999240,-0.259200,-0.835268,-0.011711,0.484774
1.2248,5840,Render,Pinky_DIP,-17.824540,1.216156,21.014210,0.002827,-0.874557,-0.156345,0.459019
1.2248,5840,Render,Pinky_FingerTip,-17.835630,1.213312,21.029570,0.002827,-0.874557,-0.156345,0.459019
1.2391,5841,Real,Wrist,-17.871160,1.094093,20.953220,-0.661665,-0.552367,0.269329,0.429596
1.2391,5841,Real,Thumb_CMC,-17.890160,1.136957,20.946730,0.020551,-0.414232,0.709320,0.569961
1.2391,5841,Real,Thumb_MCP,-17.905500,1.171715,20.968750,0.139129,-0.390709,0.514828,0.750294
1.2391,5841,Real,Thumb_IP,-17.897430,1.204262,21.004520,0.316633,-0.267869,0.068038,0.907392
1.2391,5841,Real,Thumb_FingerTip,-17.873290,1.202947,21.019600,0.316633,-0.267869,0.068038,0.907392
1.2391,5841,Real,Index_MCP,-17.873820,1.208603,20.954840,-0.492958,-0.679145,0.173951,0.515263
1.2391,5841,Real,Index_PIP,-17.873020,1.248353,20.979580,-0.203938,-0.814036,-0.030878,0.542956
1.2391,5841,Real,Index_DIP,-17.881520,1.256101,21.002860,0.082675,-0.835111,-0.212261,0.500700
1.2391,5841,Real,Index_FingerTip,-17.894560,1.246668,21.024410,0.082675,-0.835111,-0.212261,0.500700
1.2391,5841,Real,Middle_MCP,-17.849730,1.201808,20.966070,-0.459376,-0.729303,0.123925,0.491664
1.2391,5841,Real,Middle_PIP,-17.854720,1.243626,20.997920,-0.069830,-0.859089,-0.117612,0.493212
1.2391,5841,Real,Middle_DIP,-17.868680,1.243736,21.021870,0.297003,-0.809135,-0.313667,0.398377
1.2391,5841,Real,Middle_FingerTip,-17.883010,1.223062,21.034840,0.297003,-0.809135,-0.313667,0.398377
1.2391,5841,Real,Ring_MCP,-17.831470,1.191228,20.978660,-0.473290,-0.735687,0.118995,0.469682
1.2391,5841,Real,Ring_PIP,-17.836620,1.228837,21.005580,-0.088335,-0.870308,-0.106867,0.472589
1.2391,5841,Real,Ring_DIP,-17.850790,1.230226,21.027750,0.277100,-0.829732,-0.291626,0.386931
1.2391,5841,Real,Ring_FingerTip,-17.864900,1.212540,21.040150,0.277100,-0.829732,-0.291626,0.386931
1.2391,5841,Real,Pinky_MCP,-17.818110,1.177393,20.990090,-0.478740,-0.741979,0.113201,0.455479
1.2391,5841,Real,Pinky_PIP,-17.823090,1.209424,21.012430,-0.090340,-0.878387,-0.105592,0.457303
1.2391,5841,Real,Pinky_DIP,-17.833470,1.210564,21.027520,0.278592,-0.837921,-0.284182,0.373518
1.2391,5841,Real,Pinky_FingerTip,-17.844310,1.197553,21.036480,0.278592,-0.837921,-0.284182,0.373518
1.2391,5841,Virtual,Wrist,-17.870970,1.092660,20.948040,-0.657970,-0.551557,0.272497,0.434289
1.2391,5841,Virtual,Thumb_CMC,-17.890180,1.135497,20.942010,0.027045,-0.412684,0.708964,0.571254
1.2391,5841,Virtual,Thumb_MCP,-17.905370,1.170084,20.964400,0.144901,-0.387354,0.514115,0.751430
1.2391,5841,Virtual,Thumb_IP,-17.896970,1.202463,21.000250,0.319937,-0.262068,0.066851,0.908015
1.2391,5841,Virtual,Thumb_FingerTip,-17.872640,1.201144,21.015030,0.319937,-0.262068,0.066851,0.908015
1.2391,5841,Virtual,Index_MCP,-17.873970,1.207150,20.950320,-0.489406,-0.677285,0.175895,0.520412
1.2391,5841,Virtual,Index_PIP,-17.873000,1.246767,20.975270,-0.201337,-0.810985,-0.030995,0.548459
1.2391,5841,Virtual,Index_DIP,-17.881240,1.254361,20.998680,0.084095,-0.831361,-0.214227,0.505840
1.2391,5841,Virtual,Index_FingerTip,-17.893990,1.244770,21.020330,0.084095,-0.831361,-0.214227,0.505840
1.2391,5841,Virtual,Middle_MCP,-17.849730,1.200372,20.961210,-0.456111,-0.727394,0.125494,0.497104
1.2391,5841,Virtual,Middle_PIP,-17.854460,1.242000,20.993360,-0.067818,-0.855885,-0.118738,0.498761
1.2391,5841,Virtual,Middle_DIP,-17.868140,1.241934,21.017470,0.297485,-0.805383,-0.317017,0.402941
1.2391,5841,Virtual,Middle_FingerTip,-17.882240,1.221144,21.030500,0.297485,-0.805383,-0.317017,0.402941
1.2391,5841,Virtual,Ring_MCP,-17.831280,1.189783,20.973530,-0.470104,-0.733919,0.120595,0.475207
1.2391,5841,Virtual,Ring_PIP,-17.836230,1.227228,21.000710,-0.086296,-0.867288,-0.107946,0.478239
1.2391,5841,Virtual,Ring_DIP,-17.850130,1.228452,21.023060,0.277718,-0.826140,-0.294932,0.391639
1.2391,5841,Virtual,Ring_FingerTip,-17.864030,1.210652,21.035530,0.277718,-0.826140,-0.294932,0.391639
1.2391,5841,Virtual,Pinky_MCP,-17.817730,1.175930,20.984720,-0.475617,-0.740290,0.114794,0.461066
1.2391,5841,Virtual,Pinky_PIP,-17.822550,1.207823,21.007300,-0.088322,-0.875466,-0.106705,0.463005
1.2391,5841,Virtual,Pinky_DIP,-17.832750,1.208847,21.022520,0.279231,-0.834428,-0.287541,0.378259
1.2391,5841,Virtual,Pinky_FingerTip,-17.843440,1.195752,21.031540,0.279231,-0.834428,-0.287541,0.378259
1.2391,5841,Render,Wrist,-17.870970,1.092660,20.948040,-0.657970,-0.551557,0.272497,0.434289
1.2391,5841,Render,Thumb_CMC,-17.890180,1.135497,20.942010,-0.047198,-0.452782,0.730511,0.509034
1.2391,5841,Render,Thumb_MCP,-17.911140,1.170030,20.959230,-0.012938,-0.455051,0.690068,0.562643
1.2391,5841,Render,Thumb_IP,-17.929110,1.208681,20.983460,0.048668,-0.452626,0.607714,0.650727
1.2391,5841,Render,Thumb_FingerTip,-17.933340,1.229966,21.001930,0.048668,-0.452626,0.607714,0.650727
1.2391,5841,Render,Index_MCP,-17.873970,1.207150,20.950320,-0.523626,-0.651190,0.202455,0.510666
1.2391,5841,Render,Index_PIP,-17.870690,1.248768,20.971530,-0.327398,-0.768794,0.056374,0.546433
1.2391,5841,Render,Index_DIP,-17.875580,1.263433,20.992380,-0.129348,-0.825531,-0.079035,0.543618
1.2391,5841,Render,Index_FingerTip,-17.885690,1.266867,21.017070,-0.129348,-0.825531,-0.079035,0.543618
1.2391,5841,Render,Middle_MCP,-17.849730,1.200372,20.961210,-0.537496,-0.669505,0.182373,0.479168
1.2391,5841,Render,Middle_PIP,-17.847770,1.247606,20.984740,-0.330762,-0.792298,0.042346,0.510948
1.2391,5841,Render,Middle_DIP,-17.854950,1.263334,21.006410,-0.122009,-0.849855,-0.086840,0.505292
1.2391,5841,Render,Middle_FingerTip,-17.867960,1.266719,21.031310,-0.122009,-0.849855,-0.086840,0.505292
1.2391,5841,Render,Ring_MCP,-17.831280,1.189783,20.973530,-0.548193,-0.677584,0.172279,0.459005
1.2391,5841,Render,Ring_PIP,-17.830230,1.231714,20.993690,-0.340703,-0.802220,0.039399,0.488685
1.2391,5841,Render,Ring_DIP,-17.837880,1.247129,21.013640,-0.130991,-0.861671,-0.083092,0.483178
1.2391,5841,Render,Ring_FingerTip,-17.850750,1.250882,21.035680,-0.130991,-0.861671,-0.083092,0.483178
1.2391,5841,Render,Pinky_MCP,-17.817730,1.175930,20.984720,-0.525537,-0.705727,0.146317,0.452052
1.2391,5841,Render,Pinky_PIP,-17.819270,1.210343,21.003780,-0.261848,-0.840045,-0.011825,0.474995
1.2391,5841,Render,Pinky_DIP,-17.826820,1.218208,21.018540,0.001731,-0.879908,-0.153526,0.449655
1.2391,5841,Render,Pinky_FingerTip,-17.838230,1.215504,21.033690,0.001731,-0.879908,-0.153526,0.449655
1.2538,5842,Real,Wrist,-17.870860,1.095150,20.959000,-0.664630,-0.551470,0.269053,0.426332
1.2538,5842,Real,Thumb_CMC,-17.889700,1.138023,20.952120,0.016232,-0.413127,0.709982,0.570078
1.2538,5842,Real,Thumb_MCP,-17.905050,1.172979,20.973810,0.134675,-0.390896,0.515429,0.750597
1.2538,5842,Real,Thumb_IP,-17.897050,1.205754,21.009390,0.312877,-0.270269,0.068406,0.907956
1.2538,5842,Real,Thumb_FingerTip,-17.872990,1.204475,21.024600,0.312877,-0.270269,0.068406,0.907956
1.2538,5842,Real,Index_MCP,-17.873190,1.209676,20.959800,-0.496185,-0.679036,0.174401,0.512149
1.2538,5842,Real,Index_PIP,-17.872400,1.249597,20.984270,-0.206972,-0.815139,-0.029299,0.540234
1.2538,5842,Real,Index_DIP,-17.880980,1.257533,21.007440,0.080192,-0.837173,-0.209855,0.498671
1.2538,5842,Real,Index_FingerTip,-17.894150,1.248291,21.028990,0.080192,-0.837173,-0.209855,0.498671
1.2538,5842,Real,Middle_MCP,-17.849180,1.202890,20.971190,-0.462473,-0.729363,0.124667,0.488474
1.2538,5842,Real,Middle_PIP,-17.854190,1.244945,21.002730,-0.072548,-0.860575,-0.115478,0.490728
1.2538,5842,Real,Middle_DIP,-17.868270,1.245265,21.026600,0.295159,-0.811624,-0.310688,0.397016
1.2538,5842,Real,Middle_FingerTip,-17.882720,1.224725,21.039650,0.295159,-0.811624,-0.310688,0.397016
1.2538,5842,Real,Ring_MCP,-17.831000,1.192345,20.983950,-0.476308,-0.735691,0.119759,0.466421
1.2538,5842,Real,Ring_PIP,-17.836170,1.230158,21.010580,-0.091022,-0.871679,-0.104708,0.470029
1.2538,5842,Real,Ring_DIP,-17.850440,1.231745,21.032670,0.275213,-0.832086,-0.288606,0.385484
1.2538,5842,Real,Ring_FingerTip,-17.864670,1.214188,21.045120,0.275213,-0.832086,-0.288606,0.385484
1.2538,5842,Real,Pinky_MCP,-17.817740,1.178552,20.995540,-0.481703,-0.741961,0.113995,0.452175
1.2538,5842,Real,Pinky_PIP,-17.822740,1.210755,21.017630,-0.092988,-0.879714,-0.103387,0.454717
1.2538,5842,Real,Pinky_DIP,-17.833180,1.212031,21.032660,0.276723,-0.840219,-0.281110,0.372067
1.2538,5842,Real,Pinky_FingerTip,-17.844100,1.199115,21.041660,0.276723,-0.840219,-0.281110,0.372067
1.2538,5842,Virtual,Wrist,-17.871170,1.094094,20.953230,-0.661664,-0.552367,0.269329,0.429596
1.2538,5842,Virtual,Thumb_CMC,-17.890160,1.136958,20.946740,0.020551,-0.414232,0.709320,0.569961
1.2538,5842,Virtual,Thumb_MCP,-17.905510,1.171715,20.968760,0.139130,-0.390709,0.514828,0.750294
1.2538,5842,Virtual,Thumb_IP,-17.897430,1.204263,21.004520,0.316633,-0.267869,0.068039,0.907392
1.2538,5842,Virtual,Thumb_FingerTip,-17.873290,1.202948,21.019610,0.316633,-0.267869,0.068039,0.907392
1.2538,5842,Virtual,Index_MCP,-17.873820,1.208604,20.954850,-0.492958,-0.679145,0.173951,0.515263
1.2538,5842,Virtual,Index_PIP,-17.873020,1.248354,20.979590,-0.203938,-0.814036,-0.030878,0.542957
1.2538,5842,Virtual,Index_DIP,-17.881520,1.256102,21.002860,0.082676,-0.835111,-0.212261,0.500700
1.2538,5842,Virtual,Index_FingerTip,-17.894560,1.246669,21.024420,0.082676,-0.835111,-0.212261,0.500700
1.2538,5842,Virtual,Middle_MCP,-17.849730,1.201809,20.966080,-0.459376,-0.729303,0.123925,0.491664
1.2538,5842,Virtual,Middle_PIP,-17.854720,1.243627,20.997930,-0.069830,-0.859089,-0.117612,0.493213
1.2538,5842,Virtual,Middle_DIP,-17.868690,1.243737,21.021880,0.297003,-0.809135,-0.313667,0.398377
1.2538,5842,Virtual,Middle_FingerTip,-17.883010,1.223063,21.034850,0.297003,-0.809135,-0.313667,0.398377
1.2538,5842,Virtual,Ring_MCP,-17.831470,1.191229,20.978680,-0.473290,-0.735687,0.118995,0.469683
1.2538,5842,Virtual,Ring_PIP,-17.836620,1.228838,21.005600,-0.088334,-0.870308,-0.106867,0.472590
1.2538,5842,Virtual,Ring_DIP,-17.850790,1.230227,21.027760,0.277100,-0.829732,-0.291627,0.386931
1.2538,5842,Virtual,Ring_FingerTip,-17.864900,1.212541,21.040160,0.277100,-0.829732,-0.291627,0.386931
1.2538,5842,Virtual,Pinky_MCP,-17.818110,1.177394,20.990100,-0.478740,-0.741979,0.113201,0.455479
1.2538,5842,Virtual,Pinky_PIP,-17.823100,1.209425,21.012450,-0.090339,-0.878387,-0.105592,0.457303
1.2538,5842,Virtual,Pinky_DIP,-17.833470,1.210565,21.027530,0.278592,-0.837921,-0.284183,0.373518
1.2538,5842,Virtual,Pinky_FingerTip,-17.844310,1.197554,21.036490,0.278592,-0.837921,-0.284183,0.373518
1.2538,5842,Render,Wrist,-17.871170,1.094094,20.953230,-0.661664,-0.552367,0.269329,0.429596
1.2538,5842,Render,Thumb_CMC,-17.890160,1.136958,20.946740,-0.054038,-0.453214,0.730733,0.507649
1.2538,5842,Render,Thumb_MCP,-17.911190,1.171687,20.963480,-0.019726,-0.455997,0.690394,0.561279
1.2538,5842,Render,Thumb_IP,-17.929290,1.210568,20.987240,0.042070,-0.454481,0.608222,0.649418
1.2538,5842,Render,Thumb_FingerTip,-17.933640,1.231992,21.005520,0.042070,-0.454481,0.608222,0.649418
1.2538,5842,Render,Index_MCP,-17.873820,1.208604,20.954850,-0.527269,-0.652865,0.200248,0.505625
1.2538,5842,Render,Index_PIP,-17.870670,1.250327,20.975880,-0.330450,-0.771393,0.055617,0.540983
1.2538,5842,Render,Index_DIP,-17.875760,1.265122,20.996590,-0.131671,-0.828799,-0.078435,0.538148
1.2538,5842,Render,Index_FingerTip,-17.886150,1.268722,21.021140,-0.131671,-0.828799,-0.078435,0.538148
1.2538,5842,Render,Middle_MCP,-17.849730,1.201809,20.966080,-0.540961,-0.671022,0.180183,0.473946
1.2538,5842,Render,Middle_PIP,-17.847910,1.249165,20.989370,-0.333670,-0.794716,0.041690,0.505325
1.2538,5842,Render,Middle_DIP,-17.855300,1.265034,21.010860,-0.124220,-0.852924,-0.086068,0.499683
1.2538,5842,Render,Middle_FingerTip,-17.868590,1.268596,21.035590,-0.124220,-0.852924,-0.086068,0.499683
1.2538,5842,Render,Ring_MCP,-17.831470,1.191229,20.978680,-0.551555,-0.678989,0.170079,0.453690
1.2538,5842,Render,Ring_PIP,-17.830530,1.233266,20.998610,-0.343549,-0.804495,0.038746,0.482970
1.2538,5842,Render,Ring_DIP,-17.838370,1.248814,21.018380,-0.133183,-0.864581,-0.082306,0.477480
1.2538,5842,Render,Ring_FingerTip,-17.851490,1.252728,21.040250,-0.133183,-0.864581,-0.082306,0.477480
1.2538,5842,Render,Pinky_MCP,-17.818110,1.177394,20.990100,-0.528769,-0.707197,0.144343,0.446588
1.2538,5842,Render,Pinky_PIP,-17.819760,1.211916,21.008960,-0.264410,-0.842504,-0.011876,0.469185
1.2538,5842,Render,Pinky_DIP,-17.827460,1.219885,21.023580,0.000023,-0.883020,-0.151835,0.444097
1.2538,5842,Render,Pinky_FingerTip,-17.839060,1.217301,21.038610,0.000023,-0.883020,-0.151835,0.444097
1.2672,5843,Real,Wrist,-17.870400,1.096698,20.964680,-0.667082,-0.550038,0.270793,0.423239
1.2672,5843,Real,Thumb_CMC,-17.889170,1.139535,20.957390,0.013324,-0.410477,0.711885,0.569694
1.2672,5843,Real,Thumb_MCP,-17.904560,1.174671,20.978760,0.131322,-0.389132,0.516984,0.751039
1.2672,5843,Real,Thumb_IP,-17.896590,1.207735,21.014080,0.309336,-0.270149,0.068705,0.909182
1.2672,5843,Real,Thumb_FingerTip,-17.872510,1.206532,21.029290,0.309336,-0.270149,0.068705,0.909182
1.2672,5843,Real,Index_MCP,-17.872560,1.211229,20.964460,-0.500725,-0.676967,0.178001,0.509221
1.2672,5843,Real,Index_PIP,-17.871610,1.251466,20.988390,-0.212827,-0.814687,-0.024290,0.538888
1.2672,5843,Real,Index_DIP,-17.880150,1.259787,21.011450,0.073721,-0.838794,-0.204207,0.499290
1.2672,5843,Real,Index_FingerTip,-17.893340,1.250975,21.033180,0.073721,-0.838794,-0.204207,0.499290
1.2672,5843,Real,Middle_MCP,-17.848570,1.204510,20.975930,-0.466638,-0.727866,0.128202,0.485823
1.2672,5843,Real,Middle_PIP,-17.853450,1.246959,21.006960,-0.077159,-0.861154,-0.110988,0.490042
1.2672,5843,Real,Middle_DIP,-17.867530,1.247627,21.030830,0.291023,-0.814153,-0.306231,0.398350
1.2672,5843,Real,Middle_FingerTip,-17.882050,1.227313,21.044150,0.291023,-0.814153,-0.306231,0.398350
1.2672,5843,Real,Ring_MCP,-17.830420,1.194053,20.988810,-0.479638,-0.734656,0.122814,0.463837
1.2672,5843,Real,Ring_PIP,-17.835520,1.232150,21.015040,-0.093440,-0.872377,-0.101361,0.468992
1.2672,5843,Real,Ring_DIP,-17.849820,1.233941,21.037100,0.274172,-0.833428,-0.285534,0.385614
1.2672,5843,Real,Ring_FingerTip,-17.864070,1.216468,21.049640,0.274172,-0.833428,-0.285534,0.385614
1.2672,5843,Real,Pinky_MCP,-17.817190,1.180344,21.000540,-0.484976,-0.740935,0.117073,0.449564
1.2672,5843,Real,Pinky_PIP,-17.822130,1.212784,21.022290,-0.095342,-0.880396,-0.099990,0.453669
1.2672,5843,Real,Pinky_DIP,-17.832590,1.214200,21.037300,0.275742,-0.841519,-0.277973,0.372215
1.2672,5843,Real,Pinky_FingerTip,-17.843530,1.201344,21.046360,0.275742,-0.841519,-0.277973,0.372215
1.2672,5843,Virtual,Wrist,-17.870870,1.095152,20.959010,-0.664630,-0.551470,0.269052,0.426332
1.2672,5843,Virtual,Thumb_CMC,-17.889710,1.138025,20.952130,0.016582,-0.413287,0.710461,0.569355
1.2672,5843,Virtual,Thumb_MCP,-17.905130,1.172947,20.973820,0.135253,-0.390881,0.515719,0.750302
1.2672,5843,Virtual,Thumb_IP,-17.897160,1.205707,21.009420,0.313613,-0.269682,0.067982,0.907908
1.2672,5843,Virtual,Thumb_FingerTip,-17.873070,1.204404,21.024590,0.313613,-0.269682,0.067982,0.907908
1.2672,5843,Virtual,Index_MCP,-17.873190,1.209678,20.959810,-0.497855,-0.677812,0.175661,0.511717
1.2672,5843,Virtual,Index_PIP,-17.872280,1.249701,20.984100,-0.209849,-0.814403,-0.027391,0.540334
1.2672,5843,Virtual,Index_DIP,-17.880800,1.257805,21.007240,0.076430,-0.837525,-0.207613,0.499608
1.2672,5843,Virtual,Index_FingerTip,-17.893960,1.248780,21.028900,0.076430,-0.837525,-0.207613,0.499608
1.2672,5843,Virtual,Middle_MCP,-17.849180,1.202892,20.971200,-0.463865,-0.728479,0.125599,0.488235
1.2672,5843,Virtual,Middle_PIP,-17.854090,1.245056,21.002610,-0.074417,-0.860415,-0.114412,0.490977
1.2672,5843,Virtual,Middle_DIP,-17.868130,1.245492,21.026500,0.293203,-0.812333,-0.309730,0.397763
1.2672,5843,Virtual,Middle_FingerTip,-17.882610,1.225038,21.039650,0.293203,-0.812333,-0.309730,0.397763
1.2672,5843,Virtual,Ring_MCP,-17.831010,1.192347,20.983950,-0.476961,-0.735267,0.120173,0.466314
1.2672,5843,Virtual,Ring_PIP,-17.836130,1.230203,21.010530,-0.090778,-0.871705,-0.104840,0.469999
1.2672,5843,Virtual,Ring_DIP,-17.850400,1.231776,21.032620,0.276322,-0.831719,-0.289119,0.385098
1.2672,5843,Virtual,Ring_FingerTip,-17.864610,1.214172,21.045020,0.276322,-0.831719,-0.289119,0.385098
1.2672,5843,Virtual,Pinky_MCP,-17.817740,1.178554,20.995540,-0.482362,-0.741533,0.114396,0.452073
1.2672,5843,Virtual,Pinky_PIP,-17.822700,1.210792,21.017590,-0.092742,-0.879741,-0.103514,0.454688
1.2672,5843,Virtual,Pinky_DIP,-17.833140,1.212059,21.032620,0.277842,-0.839850,-0.281605,0.371692
1.2672,5843,Virtual,Pinky_FingerTip,-17.844050,1.199107,21.041590,0.277842,-0.839850,-0.281605,0.371692
1.2672,5843,Render,Wrist,-17.870870,1.095152,20.959010,-0.664630,-0.551470,0.269052,0.426332
1.2672,5843,Render,Thumb_CMC,-17.889710,1.138025,20.952130,-0.058246,-0.451774,0.731445,0.507441
1.2672,5843,Render,Thumb_MCP,-17.910710,1.172932,20.968520,-0.024031,-0.454879,0.691120,0.561125
1.2672,5843,Render,Thumb_IP,-17.928800,1.212032,20.991910,0.037653,-0.453954,0.608962,0.649364
1.2672,5843,Render,Thumb_FingerTip,-17.933190,1.233598,21.010020,0.037653,-0.453954,0.608962,0.649364
1.2672,5843,Render,Index_MCP,-17.873190,1.209678,20.959810,-0.530486,-0.652590,0.200536,0.502490
1.2672,5843,Render,Index_PIP,-17.870020,1.251539,20.980550,-0.333621,-0.772002,0.056744,0.538044
1.2672,5843,Render,Index_DIP,-17.875170,1.266494,21.001130,-0.134597,-0.830165,-0.076622,0.535575
1.2672,5843,Render,Index_FingerTip,-17.885660,1.270297,21.025610,-0.134597,-0.830165,-0.076622,0.535575
1.2672,5843,Render,Middle_MCP,-17.849180,1.202892,20.971200,-0.544045,-0.670722,0.180549,0.470691
1.2672,5843,Render,Middle_PIP,-17.847330,1.250405,20.994160,-0.336716,-0.795283,0.042945,0.502298
1.2672,5843,Render,Middle_DIP,-17.854770,1.266447,21.015510,-0.127027,-0.854234,-0.084096,0.497067
1.2672,5843,Render,Middle_FingerTip,-17.868180,1.270222,21.040150,-0.127027,-0.854234,-0.084096,0.497067
1.2672,5843,Render,Ring_MCP,-17.831010,1.192347,20.983950,-0.554555,-0.678660,0.170478,0.450364
1.2672,5843,Render,Ring_PIP,-17.830040,1.234521,21.003600,-0.346523,-0.805004,0.040044,0.479882
1.2672,5843,Render,Ring_DIP,-17.837930,1.250231,21.023230,-0.135939,-0.865812,-0.080282,0.474810
1.2672,5843,Render,Ring_FingerTip,-17.851140,1.254337,21.045000,-0.135939,-0.865812,-0.080282,0.474810
1.2672,5843,Render,Pinky_MCP,-17.817740,1.178554,20.995540,-0.531724,-0.706975,0.144906,0.443236
1.2672,5843,Render,Pinky_PIP,-17.819380,1.213213,21.014150,-0.267272,-0.843274,-0.010234,0.466210
1.2672,5843,Render,Pinky_DIP,-17.827130,1.221308,21.028680,-0.002477,-0.884612,-0.149376,0.441750
1.2672,5843,Render,Pinky_FingerTip,-17.838810,1.218863,21.043660,-0.002477,-0.884612,-0.149376,0.441750
1.2814,5844,Real,Wrist,-17.870190,1.097972,20.970110,-0.670048,-0.549251,0.270031,0.420050
1.2814,5844,Real,Thumb_CMC,-17.888770,1.140822,20.962450,0.008905,-0.409790,0.712298,0.569759
1.2814,5844,Real,Thumb_MCP,-17.904170,1.176143,20.983510,0.126894,-0.389750,0.517361,0.751220
1.2814,5844,Real,Thumb_IP,-17.896280,1.209405,21.018660,0.305820,-0.272912,0.068939,0.909528
1.2814,5844,Real,Thumb_FingerTip,-17.872300,1.208222,21.034010,0.305820,-0.272912,0.068939,0.909528
1.2814,5844,Real,Index_MCP,-17.871970,1.212506,20.969150,-0.503918,-0.676977,0.177959,0.506063
1.2814,5844,Real,Index_PIP,-17.871030,1.252891,20.992840,-0.215786,-0.815884,-0.023154,0.535942
1.2814,5844,Real,Index_DIP,-17.879660,1.261387,21.015790,0.071337,-0.840917,-0.202145,0.496897
1.2814,5844,Real,Index_FingerTip,-17.893000,1.252755,21.037500,0.071337,-0.840917,-0.202145,0.496897
1.2814,5844,Real,Middle_MCP,-17.848070,1.205783,20.980800,-0.469702,-0.728026,0.128453,0.482554
1.2814,5844,Real,Middle_PIP,-17.852980,1.248444,21.011530,-0.079803,-0.862713,-0.109254,0.487260
1.2814,5844,Real,Middle_DIP,-17.867180,1.249310,21.035320,0.289277,-0.816676,-0.303489,0.396552
1.2814,5844,Real,Middle_FingerTip,-17.881850,1.229127,21.048680,0.289277,-0.816676,-0.303489,0.396552
1.2814,5844,Real,Ring_MCP,-17.830030,1.195350,20.993840,-0.482629,-0.734751,0.123087,0.460499
1.2814,5844,Real,Ring_PIP,-17.835150,1.233630,21.019810,-0.096061,-0.873821,-0.099601,0.466143
1.2814,5844,Real,Ring_DIP,-17.849560,1.235606,21.041770,0.272378,-0.835823,-0.282757,0.383743
1.2814,5844,Real,Ring_FingerTip,-17.863930,1.218260,21.054340,0.272378,-0.835823,-0.282757,0.383743
1.2814,5844,Real,Pinky_MCP,-17.816910,1.181674,21.005730,-0.487916,-0.741001,0.117374,0.446183
1.2814,5844,Real,Pinky_PIP,-17.821860,1.214267,21.027250,-0.097932,-0.881790,-0.098185,0.450794
1.2814,5844,Real,Pinky_DIP,-17.832390,1.215812,21.042190,0.273957,-0.843855,-0.275145,0.370339
1.2814,5844,Real,Pinky_FingerTip,-17.843420,1.203049,21.051280,0.273957,-0.843855,-0.275145,0.370339
1.2814,5844,Virtual,Wrist,-17.870410,1.096698,20.964680,-0.667082,-0.550038,0.270792,0.423239
1.2814,5844,Virtual,Thumb_CMC,-17.889170,1.139535,20.957400,0.013323,-0.410477,0.711885,0.569694
1.2814,5844,Virtual,Thumb_MCP,-17.904570,1.174672,20.978770,0.131321,-0.389132,0.516984,0.751038
1.2814,5844,Virtual,Thumb_IP,-17.896600,1.207735,21.014080,0.309335,-0.270149,0.068705,0.909182
1.2814,5844,Virtual,Thumb_FingerTip,-17.872520,1.206532,21.029290,0.309335,-0.270149,0.068705,0.909182
1.2814,5844,Virtual,Index_MCP,-17.872560,1.211230,20.964460,-0.500725,-0.676967,0.178001,0.509221
1.2814,5844,Virtual,Index_PIP,-17.871620,1.251466,20.988400,-0.212827,-0.814687,-0.024290,0.538888
1.2814,5844,Virtual,Index_DIP,-17.880150,1.259788,21.011460,0.073721,-0.838794,-0.204206,0.499289
1.2814,5844,Virtual,Index_FingerTip,-17.893350,1.250975,21.033180,0.073721,-0.838794,-0.204206,0.499289
1.2814,5844,Virtual,Middle_MCP,-17.848570,1.204510,20.975940,-0.466638,-0.727867,0.128202,0.485823
1.2814,5844,Virtual,Middle_PIP,-17.853450,1.246959,21.006970,-0.077159,-0.861155,-0.110988,0.490042
1.2814,5844,Virtual,Middle_DIP,-17.867530,1.247628,21.030840,0.291024,-0.814154,-0.306230,0.398350
1.2814,5844,Virtual,Middle_FingerTip,-17.882060,1.227313,21.044150,0.291024,-0.814154,-0.306230,0.398350
1.2814,5844,Virtual,Ring_MCP,-17.830430,1.194053,20.988820,-0.479638,-0.734657,0.122814,0.463836
1.2814,5844,Virtual,Ring_PIP,-17.835530,1.232151,21.015050,-0.093440,-0.872377,-0.101360,0.468992
1.2814,5844,Virtual,Ring_DIP,-17.849830,1.233941,21.037100,0.274172,-0.833428,-0.285534,0.385614
1.2814,5844,Virtual,Ring_FingerTip,-17.864070,1.216469,21.049650,0.274172,-0.833428,-0.285534,0.385614
1.2814,5844,Virtual,Pinky_MCP,-17.817200,1.180345,21.000540,-0.484977,-0.740935,0.117073,0.449563
1.2814,5844,Virtual,Pinky_PIP,-17.822130,1.212785,21.022300,-0.095343,-0.880396,-0.099990,0.453668
1.2814,5844,Virtual,Pinky_DIP,-17.832600,1.214200,21.037310,0.275742,-0.841519,-0.277973,0.372215
1.2814,5844,Virtual,Pinky_FingerTip,-17.843530,1.201345,21.046370,0.275742,-0.841519,-0.277973,0.372215
1.2814,5844,Render,Wrist,-17.870410,1.096698,20.964680,-0.667082,-0.550038,0.270792,0.423239
1.2814,5844,Render,Thumb_CMC,-17.889170,1.139535,20.957400,-0.060944,-0.449341,0.732941,0.507125
1.2814,5844,Render,Thumb_MCP,-17.910170,1.174583,20.973490,-0.026905,-0.452656,0.692636,0.560923
1.2814,5844,Render,Thumb_IP,-17.928280,1.213875,20.996560,0.034506,-0.452140,0.610491,0.649369
1.2814,5844,Render,Thumb_FingerTip,-17.932670,1.235582,21.014490,0.034506,-0.452140,0.610491,0.649369
1.2814,5844,Render,Index_MCP,-17.872560,1.211230,20.964460,-0.533311,-0.651605,0.202751,0.499882
1.2814,5844,Render,Index_PIP,-17.869350,1.253269,20.984840,-0.336607,-0.771820,0.059584,0.536134
1.2814,5844,Render,Index_DIP,-17.874500,1.268414,21.005280,-0.137537,-0.830719,-0.073402,0.534418
1.2814,5844,Render,Index_FingerTip,-17.885020,1.272450,21.029710,-0.137537,-0.830719,-0.073402,0.534418
1.2814,5844,Render,Middle_MCP,-17.848570,1.204510,20.975940,-0.546730,-0.669796,0.182860,0.467998
1.2814,5844,Render,Middle_PIP,-17.846680,1.252223,20.998490,-0.339553,-0.795138,0.045912,0.500351
1.2814,5844,Render,Middle_DIP,-17.854130,1.268465,21.019680,-0.129809,-0.854804,-0.080736,0.495925
1.2814,5844,Render,Middle_FingerTip,-17.867550,1.272479,21.044270,-0.129809,-0.854804,-0.080736,0.495925
1.2814,5844,Render,Ring_MCP,-17.830430,1.194053,20.988820,-0.557149,-0.677760,0.172833,0.447612
1.2814,5844,Render,Ring_PIP,-17.829430,1.236399,21.008090,-0.349265,-0.804852,0.043065,0.477884
1.2814,5844,Render,Ring_DIP,-17.837310,1.252294,21.027560,-0.138633,-0.866345,-0.076860,0.473624
1.2814,5844,Render,Ring_FingerTip,-17.850550,1.256613,21.049280,-0.138633,-0.866345,-0.076860,0.473624
1.2814,5844,Render,Pinky_MCP,-17.817200,1.180345,21.000540,-0.534292,-0.706201,0.147406,0.440550
1.2814,5844,Render,Pinky_PIP,-17.818810,1.215170,21.018840,-0.269951,-0.843394,-0.006985,0.464504
1.2814,5844,Render,Pinky_DIP,-17.826560,1.223404,21.033280,-0.004997,-0.885530,-0.145766,0.441095
1.2814,5844,Render,Pinky_FingerTip,-17.838270,1.221110,21.048270,-0.004997,-0.885530,-0.145766,0.441095
1.2951,5845,Real,Wrist,-17.869470,1.099057,20.976270,-0.672467,-0.547062,0.269703,0.419253
1.2951,5845,Real,Thumb_CMC,-17.887830,1.141977,20.968430,0.005596,-0.408426,0.711583,0.571671
1.2951,5845,Real,Thumb_MCP,-17.903030,1.177501,20.989280,0.123438,-0.389366,0.515918,0.752985
1.2951,5845,Real,Thumb_IP,-17.894960,1.210883,21.024280,0.302776,-0.274171,0.066355,0.910359
1.2951,5845,Real,Thumb_FingerTip,-17.871010,1.209594,21.039650,0.302776,-0.274171,0.066355,0.910359
1.2951,5845,Real,Index_MCP,-17.870640,1.213595,20.974860,-0.507648,-0.674829,0.178335,0.505072
1.2951,5845,Real,Index_PIP,-17.869430,1.254115,20.998310,-0.220338,-0.815200,-0.022246,0.535169
1.2951,5845,Real,Index_DIP,-17.878000,1.262822,21.021210,0.066551,-0.841826,-0.200870,0.496540
1.2951,5845,Real,Index_FingerTip,-17.891400,1.254441,21.042970,0.066551,-0.841826,-0.200870,0.496540
1.2951,5845,Real,Middle_MCP,-17.846780,1.206787,20.986560,-0.473374,-0.726227,0.128849,0.481571
1.2951,5845,Real,Middle_PIP,-17.851420,1.249647,21.017050,-0.083862,-0.862818,-0.108465,0.486567
1.2951,5845,Real,Middle_DIP,-17.865630,1.250733,21.040830,0.285659,-0.818466,-0.302493,0.396245
1.2951,5845,Real,Middle_FingerTip,-17.880420,1.230716,21.054290,0.285659,-0.818466,-0.302493,0.396245
1.2951,5845,Real,Ring_MCP,-17.828810,1.196308,20.999660,-0.485947,-0.733127,0.123321,0.459534
1.2951,5845,Real,Ring_PIP,-17.833710,1.234740,21.025430,-0.099170,-0.873949,-0.099266,0.465324
1.2951,5845,Real,Ring_DIP,-17.848130,1.236873,21.047380,0.270102,-0.837058,-0.282345,0.382964
1.2951,5845,Real,Ring_FingerTip,-17.862590,1.219627,21.059980,0.270102,-0.837058,-0.282345,0.382964
1.2951,5845,Real,Pinky_MCP,-17.815770,1.182607,21.011600,-0.491224,-0.739366,0.117649,0.445193
1.2951,5845,Real,Pinky_PIP,-17.820530,1.215331,21.032970,-0.101031,-0.881904,-0.097791,0.449972
1.2951,5845,Real,Pinky_DIP,-17.831080,1.216985,21.047890,0.271688,-0.845073,-0.274670,0.369587
1.2951,5845,Real,Pinky_FingerTip,-17.842170,1.204298,21.057000,0.271688,-0.845073,-0.274670,0.369587
1.2951,5845,Virtual,Wrist,-17.870190,1.097973,20.970120,-0.670049,-0.549251,0.270030,0.420050
1.2951,5845,Virtual,Thumb_CMC,-17.888780,1.140823,20.962460,0.008105,-0.409580,0.712329,0.569883
1.2951,5845,Virtual,Thumb_MCP,-17.904160,1.176182,20.983470,0.126173,-0.389746,0.517149,0.751489
1.2951,5845,Virtual,Thumb_IP,-17.896260,1.209469,21.018580,0.305330,-0.273121,0.068172,0.909688
1.2951,5845,Virtual,Thumb_FingerTip,-17.872270,1.208251,21.033930,0.305330,-0.273121,0.068172,0.909688
1.2951,5845,Virtual,Index_MCP,-17.871980,1.212507,20.969160,-0.504751,-0.676356,0.178582,0.505844
1.2951,5845,Virtual,Index_PIP,-17.870980,1.252941,20.992760,-0.217082,-0.815541,-0.022304,0.535977
1.2951,5845,Virtual,Index_DIP,-17.879570,1.261511,21.015700,0.069732,-0.841052,-0.201197,0.497282
1.2951,5845,Virtual,Index_FingerTip,-17.892910,1.252973,21.037450,0.069732,-0.841052,-0.201197,0.497282
1.2951,5845,Virtual,Middle_MCP,-17.848070,1.205783,20.980810,-0.470404,-0.727573,0.128917,0.482430
1.2951,5845,Virtual,Middle_PIP,-17.852930,1.248498,21.011480,-0.080606,-0.862638,-0.108801,0.487361
1.2951,5845,Virtual,Middle_DIP,-17.867120,1.249413,21.035270,0.288540,-0.816937,-0.303132,0.396825
1.2951,5845,Virtual,Middle_FingerTip,-17.881790,1.229263,21.048670,0.288540,-0.816937,-0.303132,0.396825
1.2951,5845,Virtual,Ring_MCP,-17.830030,1.195350,20.993850,-0.483003,-0.734506,0.123321,0.460436
1.2951,5845,Virtual,Ring_PIP,-17.835120,1.233654,21.019780,-0.095922,-0.873836,-0.099676,0.466127
1.2951,5845,Virtual,Ring_DIP,-17.849540,1.235622,21.041750,0.273016,-0.835616,-0.283050,0.383526
1.2951,5845,Virtual,Ring_FingerTip,-17.863900,1.218249,21.054300,0.273016,-0.835616,-0.283050,0.383526
1.2951,5845,Virtual,Pinky_MCP,-17.816910,1.181674,21.005740,-0.488294,-0.740752,0.117601,0.446123
1.2951,5845,Virtual,Pinky_PIP,-17.821830,1.214287,21.027240,-0.097791,-0.881806,-0.098258,0.450778
1.2951,5845,Virtual,Pinky_DIP,-17.832370,1.215826,21.042170,0.274600,-0.843647,-0.275428,0.370129
1.2951,5845,Virtual,Pinky_FingerTip,-17.843400,1.203043,21.051240,0.274600,-0.843647,-0.275428,0.370129
1.2951,5845,Render,Wrist,-17.870190,1.097973,20.970120,-0.670049,-0.549251,0.270030,0.420050
1.2951,5845,Render,Thumb_CMC,-17.888780,1.140823,20.962460,-0.065283,-0.448295,0.733375,0.506883
1.2951,5845,Render,Thumb_MCP,-17.909750,1.176039,20.978210,-0.031310,-0.451940,0.693087,0.560715
1.2951,5845,Render,Thumb_IP,-17.927860,1.215536,21.000930,0.030044,-0.452026,0.610966,0.649223
1.2951,5845,Render,Thumb_FingerTip,-17.932280,1.237370,21.018700,0.030044,-0.452026,0.610966,0.649223
1.2951,5845,Render,Index_MCP,-17.871980,1.212507,20.969160,-0.536501,-0.651459,0.202554,0.496730
1.2951,5845,Render,Index_PIP,-17.868740,1.254664,20.989290,-0.339717,-0.772544,0.060249,0.533047
1.2951,5845,Render,Index_DIP,-17.873950,1.269955,21.009600,-0.140376,-0.832182,-0.072002,0.531587
1.2951,5845,Render,Index_FingerTip,-17.884590,1.274181,21.033950,-0.140376,-0.832182,-0.072002,0.531587
1.2951,5845,Render,Middle_MCP,-17.848070,1.205783,20.980810,-0.549793,-0.669604,0.182736,0.464721
1.2951,5845,Render,Middle_PIP,-17.846140,1.253633,21.003070,-0.342549,-0.795803,0.046701,0.497170
1.2951,5845,Render,Middle_DIP,-17.853650,1.270032,21.024110,-0.132544,-0.856197,-0.079176,0.493041
1.2951,5845,Render,Middle_FingerTip,-17.867200,1.274246,21.048600,-0.132544,-0.856197,-0.079176,0.493041
1.2951,5845,Render,Ring_MCP,-17.830030,1.195350,20.993850,-0.560133,-0.677526,0.172739,0.444265
1.2951,5845,Render,Ring_PIP,-17.829000,1.237814,21.012860,-0.352198,-0.805449,0.043895,0.474640
1.2951,5845,Render,Ring_DIP,-17.836940,1.253858,21.032190,-0.141326,-0.867651,-0.075251,0.470688
1.2951,5845,Render,Ring_FingerTip,-17.850270,1.258358,21.053810,-0.141326,-0.867651,-0.075251,0.470688
1.2951,5845,Render,Pinky_MCP,-17.816910,1.181674,21.005740,-0.537231,-0.706065,0.147476,0.437157
1.2951,5845,Render,Pinky_PIP,-17.818510,1.216620,21.023800,-0.272768,-0.844241,-0.005794,0.461326
1.2951,5845,Render,Pinky_DIP,-17.826310,1.224971,21.038150,-0.007431,-0.887181,-0.143678,0.438420
1.2951,5845,Render,Pinky_FingerTip,-17.838100,1.222810,21.053090,-0.007431,-0.887181,-0.143678,0.438420
1.3091,5846,Real,Wrist,-17.869040,1.100208,20.982710,-0.675286,-0.545424,0.269935,0.416698
1.3091,5846,Real,Thumb_CMC,-17.887210,1.143140,20.974520,0.001690,-0.406685,0.712205,0.572162
1.3091,5846,Real,Thumb_MCP,-17.902370,1.178866,20.995060,0.119319,-0.388791,0.516131,0.753799
1.3091,5846,Real,Thumb_IP,-17.894280,1.212469,21.029840,0.299087,-0.275576,0.065607,0.911209
1.3091,5846,Real,Thumb_FingerTip,-17.870360,1.211178,21.045270,0.299087,-0.275576,0.065607,0.911209
1.3091,5846,Real,Index_MCP,-17.869770,1.214736,20.980500,-0.511712,-0.673296,0.179688,0.502529
1.3091,5846,Real,Index_PIP,-17.868420,1.255461,21.003570,-0.224681,-0.815289,-0.020044,0.533312
1.3091,5846,Real,Index_DIP,-17.876990,1.264415,21.026380,0.062491,-0.843369,-0.198173,0.495531
1.3091,5846,Real,Index_FingerTip,-17.890470,1.256297,21.048200,0.062491,-0.843369,-0.198173,0.495531
1.3091,5846,Real,Middle_MCP,-17.845960,1.207922,20.992310,-0.477350,-0.725007,0.130374,0.479067
1.3091,5846,Real,Middle_PIP,-17.850470,1.251068,21.022420,-0.087778,-0.863593,-0.106052,0.485031
1.3091,5846,Real,Middle_DIP,-17.864720,1.252419,21.046150,0.282577,-0.820761,-0.299730,0.395808
1.3091,5846,Real,Middle_FingerTip,-17.879630,1.232578,21.059750,0.282577,-0.820761,-0.299730,0.395808
1.3091,5846,Real,Ring_MCP,-17.828070,1.197467,21.005520,-0.489527,-0.732083,0.124662,0.457030
1.3091,5846,Real,Ring_PIP,-17.832860,1.236124,21.030980,-0.102099,-0.874734,-0.097321,0.463623
1.3091,5846,Real,Ring_DIP,-17.847330,1.238452,21.052870,0.268392,-0.838778,-0.280160,0.382005
1.3091,5846,Real,Ring_FingerTip,-17.861880,1.221313,21.065530,0.268392,-0.838778,-0.280160,0.382005
1.3091,5846,Real,Pinky_MCP,-17.815110,1.183801,21.017600,-0.494763,-0.738309,0.119023,0.442655
1.3091,5846,Real,Pinky_PIP,-17.819780,1.216714,21.038700,-0.103922,-0.882661,-0.095789,0.448257
1.3091,5846,Real,Pinky_DIP,-17.830350,1.218504,21.053580,0.270006,-0.846751,-0.272418,0.368644
1.3091,5846,Real,Pinky_FingerTip,-17.841510,1.205896,21.062720,0.270006,-0.846751,-0.272418,0.368644
1.3091,5846,Virtual,Wrist,-17.869480,1.099057,20.976270,-0.672467,-0.547062,0.269702,0.419253
1.3091,5846,Virtual,Thumb_CMC,-17.887830,1.141977,20.968430,0.005367,-0.408396,0.711848,0.571364
1.3091,5846,Virtual,Thumb_MCP,-17.903070,1.177503,20.989260,0.123334,-0.389365,0.516020,0.752932
1.3091,5846,Virtual,Thumb_IP,-17.895020,1.210894,21.024250,0.302843,-0.274048,0.065948,0.910404
1.3091,5846,Virtual,Thumb_FingerTip,-17.871050,1.209585,21.039610,0.302843,-0.274048,0.065948,0.910404
1.3091,5846,Virtual,Index_MCP,-17.870640,1.213594,20.974860,-0.508478,-0.674203,0.178956,0.504852
1.3091,5846,Virtual,Index_PIP,-17.869380,1.254163,20.998220,-0.221342,-0.814928,-0.021587,0.535196
1.3091,5846,Virtual,Index_DIP,-17.877930,1.262927,21.021110,0.065514,-0.841907,-0.200259,0.496787
1.3091,5846,Virtual,Index_FingerTip,-17.891320,1.254607,21.042910,0.065514,-0.841907,-0.200259,0.496787
1.3091,5846,Virtual,Middle_MCP,-17.846780,1.206787,20.986560,-0.474167,-0.725709,0.129374,0.481430
1.3091,5846,Virtual,Middle_PIP,-17.851360,1.249707,21.016980,-0.084631,-0.862743,-0.108031,0.486664
1.3091,5846,Virtual,Middle_DIP,-17.865560,1.250840,21.040760,0.285077,-0.818669,-0.302212,0.396460
1.3091,5846,Virtual,Middle_FingerTip,-17.880360,1.230849,21.054260,0.285077,-0.818669,-0.302212,0.396460
1.3091,5846,Virtual,Ring_MCP,-17.828810,1.196307,20.999660,-0.486415,-0.732817,0.123613,0.459456
1.3091,5846,Virtual,Ring_PIP,-17.833680,1.234769,21.025400,-0.098994,-0.873968,-0.099360,0.465304
1.3091,5846,Virtual,Ring_DIP,-17.848100,1.236891,21.047340,0.270903,-0.836799,-0.282712,0.382693
1.3091,5846,Virtual,Ring_FingerTip,-17.862560,1.219611,21.059910,0.270903,-0.836799,-0.282712,0.382693
1.3091,5846,Virtual,Pinky_MCP,-17.815770,1.182606,21.011600,-0.491696,-0.739052,0.117933,0.445118
1.3091,5846,Virtual,Pinky_PIP,-17.820500,1.215355,21.032940,-0.100854,-0.881925,-0.097882,0.449952
1.3091,5846,Virtual,Pinky_DIP,-17.831050,1.217002,21.047860,0.272497,-0.844813,-0.275024,0.369324
1.3091,5846,Virtual,Pinky_FingerTip,-17.842140,1.204290,21.056950,0.272497,-0.844813,-0.275024,0.369324
1.3091,5846,Render,Wrist,-17.869480,1.099057,20.976270,-0.672467,-0.547062,0.269702,0.419253
1.3091,5846,Render,Thumb_CMC,-17.887830,1.141977,20.968430,-0.068106,-0.446312,0.732942,0.508885
1.3091,5846,Render,Thumb_MCP,-17.908590,1.177402,20.983990,-0.034275,-0.450176,0.692503,0.562679
1.3091,5846,Render,Thumb_IP,-17.926460,1.217125,21.006500,0.026868,-0.450678,0.610122,0.651090
1.3091,5846,Render,Thumb_FingerTip,-17.930760,1.239078,21.024160,0.026868,-0.450678,0.610122,0.651090
1.3091,5846,Render,Index_MCP,-17.870640,1.213594,20.974860,-0.539321,-0.649794,0.202271,0.495971
1.3091,5846,Render,Index_PIP,-17.867190,1.255812,20.994830,-0.342883,-0.771707,0.060182,0.532240
1.3091,5846,Render,Index_DIP,-17.872340,1.271211,21.015080,-0.143650,-0.832144,-0.071869,0.530788
1.3091,5846,Render,Index_FingerTip,-17.882970,1.275590,21.039400,-0.143650,-0.832144,-0.071869,0.530788
1.3091,5846,Render,Middle_MCP,-17.846780,1.206787,20.986560,-0.552592,-0.667930,0.182570,0.463876
1.3091,5846,Render,Middle_PIP,-17.844610,1.254712,21.008630,-0.345702,-0.794971,0.046776,0.496311
1.3091,5846,Render,Middle_DIP,-17.852050,1.271235,21.029600,-0.135806,-0.856180,-0.078888,0.492229
1.3091,5846,Render,Middle_FingerTip,-17.865590,1.275618,21.054060,-0.135806,-0.856180,-0.078888,0.492229
1.3091,5846,Render,Ring_MCP,-17.828810,1.196307,20.999660,-0.562909,-0.675836,0.172640,0.443368
1.3091,5846,Render,Ring_PIP,-17.827560,1.238839,21.018500,-0.355332,-0.804587,0.044046,0.473751
1.3091,5846,Render,Ring_DIP,-17.835430,1.255001,21.037760,-0.144576,-0.867593,-0.074884,0.469864
1.3091,5846,Render,Ring_FingerTip,-17.848760,1.259658,21.059350,-0.144576,-0.867593,-0.074884,0.469864
1.3091,5846,Render,Pinky_MCP,-17.815770,1.182606,21.011600,-0.540061,-0.704484,0.147462,0.436226
1.3091,5846,Render,Pinky_PIP,-17.817190,1.217631,21.029530,-0.275963,-0.843687,-0.005498,0.460443
1.3091,5846,Render,Pinky_DIP,-17.824960,1.226081,21.043840,-0.010645,-0.887609,-0.143132,0.437666
1.3091,5846,Render,Pinky_FingerTip,-17.836780,1.224043,21.058780,-0.010645,-0.887609,-0.143132,0.437666
1.3229,5847,Real,Wrist,-17.869090,1.100901,20.988860,-0.678570,-0.544261,0.268150,0.414028
1.3229,5847,Real,Thumb_CMC,-17.886990,1.143885,20.980340,-0.003347,-0.406595,0.712155,0.572281
1.3229,5847,Real,Thumb_MCP,-17.902140,1.179796,21.000570,0.114577,-0.390132,0.515845,0.754038
1.3229,5847,Real,Thumb_IP,-17.894120,1.213555,21.035220,0.295803,-0.278983,0.064797,0.911302
1.3229,5847,Real,Thumb_FingerTip,-17.870300,1.212217,21.050800,0.295803,-0.278983,0.064797,0.911302
1.3229,5847,Real,Index_MCP,-17.869210,1.215419,20.986080,-0.516264,-0.672284,0.179241,0.499379
1.3229,5847,Real,Index_PIP,-17.867720,1.256309,21.008850,-0.229283,-0.816041,-0.019288,0.530221
1.3229,5847,Real,Index_DIP,-17.876360,1.265491,21.031540,0.058410,-0.845626,-0.196422,0.492874
1.3229,5847,Real,Index_FingerTip,-17.890000,1.257625,21.053350,0.058410,-0.845626,-0.196422,0.492874
1.3229,5847,Real,Middle_MCP,-17.845520,1.208541,20.998060,-0.481958,-0.724150,0.130224,0.475779
1.3229,5847,Real,Middle_PIP,-17.849880,1.251944,21.027820,-0.092341,-0.864957,-0.104618,0.482057
1.3229,5847,Real,Middle_DIP,-17.864250,1.253576,21.051470,0.278938,-0.823936,-0.297148,0.393734
1.3229,5847,Real,Middle_FingerTip,-17.879370,1.233947,21.065140,0.278938,-0.823936,-0.297148,0.393734
1.3229,5847,Real,Ring_MCP,-17.827750,1.198060,21.011440,-0.493684,-0.731398,0.124263,0.453754
1.3229,5847,Real,Ring_PIP,-17.832450,1.236914,21.036620,-0.105512,-0.876090,-0.096498,0.460458
1.3229,5847,Real,Ring_DIP,-17.847030,1.239444,21.058410,0.266362,-0.841260,-0.278337,0.379292
1.3229,5847,Real,Ring_FingerTip,-17.861750,1.222433,21.071050,0.266362,-0.841260,-0.278337,0.379292
1.3229,5847,Real,Pinky_MCP,-17.814950,1.184389,21.023670,-0.498889,-0.737574,0.118647,0.439337
1.3229,5847,Real,Pinky_PIP,-17.819520,1.217469,21.044520,-0.107324,-0.883961,-0.094917,0.445068
1.3229,5847,Real,Pinky_DIP,-17.830180,1.219399,21.059330,0.267969,-0.849175,-0.270531,0.365934
1.3229,5847,Real,Pinky_FingerTip,-17.841450,1.206887,21.068460,0.267969,-0.849175,-0.270531,0.365934
1.3229,5847,Virtual,Wrist,-17.869040,1.100208,20.982720,-0.675286,-0.545424,0.269935,0.416698
1.3229,5847,Virtual,Thumb_CMC,-17.887210,1.143140,20.974530,0.001329,-0.406635,0.712624,0.571676
1.3229,5847,Virtual,Thumb_MCP,-17.902420,1.178870,20.995030,0.119065,-0.388815,0.516470,0.753595
1.3229,5847,Virtual,Thumb_IP,-17.894370,1.212497,21.029790,0.299013,-0.275581,0.065559,0.911235
1.3229,5847,Virtual,Thumb_FingerTip,-17.870450,1.211205,21.045220,0.299013,-0.275581,0.065559,0.911235
1.3229,5847,Virtual,Index_MCP,-17.869770,1.214736,20.980510,-0.512706,-0.672540,0.180430,0.502263
1.3229,5847,Virtual,Index_PIP,-17.868360,1.255518,21.003480,-0.225885,-0.814956,-0.019256,0.533341
1.3229,5847,Virtual,Index_DIP,-17.876900,1.264541,21.026270,0.061245,-0.843461,-0.197441,0.495823
1.3229,5847,Virtual,Index_FingerTip,-17.890370,1.256495,21.048120,0.061245,-0.843461,-0.197441,0.495823
1.3229,5847,Virtual,Middle_MCP,-17.845970,1.207922,20.992320,-0.478475,-0.724265,0.131117,0.478864
1.3229,5847,Virtual,Middle_PIP,-17.850380,1.251152,21.022320,-0.089200,-0.863448,-0.105253,0.485205
1.3229,5847,Virtual,Middle_DIP,-17.864600,1.252591,21.046070,0.281156,-0.821249,-0.299045,0.396326
1.3229,5847,Virtual,Middle_FingerTip,-17.879540,1.232814,21.059730,0.281156,-0.821249,-0.299045,0.396326
1.3229,5847,Virtual,Ring_MCP,-17.828070,1.197467,21.005530,-0.490256,-0.731596,0.125117,0.456906
1.3229,5847,Virtual,Ring_PIP,-17.832810,1.236170,21.030930,-0.102372,-0.874702,-0.097177,0.463653
1.3229,5847,Virtual,Ring_DIP,-17.847270,1.238514,21.052830,0.268647,-0.838697,-0.280277,0.381919
1.3229,5847,Virtual,Ring_FingerTip,-17.861820,1.221364,21.065470,0.268647,-0.838697,-0.280277,0.381919
1.3229,5847,Virtual,Pinky_MCP,-17.815120,1.183802,21.017610,-0.495498,-0.737816,0.119464,0.442536
1.3229,5847,Virtual,Pinky_PIP,-17.819740,1.216752,21.038660,-0.104197,-0.882629,-0.095650,0.448287
1.3229,5847,Virtual,Pinky_DIP,-17.830310,1.218553,21.053540,0.270264,-0.846668,-0.272530,0.368561
1.3229,5847,Virtual,Pinky_FingerTip,-17.841470,1.205937,21.062680,0.270264,-0.846668,-0.272530,0.368561
1.3229,5847,Render,Wrist,-17.869040,1.100208,20.982720,-0.675286,-0.545424,0.269935,0.416698
1.3229,5847,Render,Thumb_CMC,-17.887210,1.143140,20.974530,-0.071663,-0.444308,0.733449,0.509418
1.3229,5847,Render,Thumb_MCP,-17.907880,1.178749,20.989790,-0.037973,-0.448445,0.692969,0.563248
1.3229,5847,Render,Thumb_IP,-17.925660,1.218694,21.011970,0.022970,-0.449464,0.610507,0.651718
1.3229,5847,Render,Thumb_FingerTip,-17.929920,1.240784,21.029470,0.022970,-0.449464,0.610507,0.651718
1.3229,5847,Render,Index_MCP,-17.869770,1.214736,20.980510,-0.542509,-0.648738,0.202893,0.493617
1.3229,5847,Render,Index_PIP,-17.866220,1.257078,21.000190,-0.346238,-0.771554,0.061420,0.530142
1.3229,5847,Render,Index_DIP,-17.871360,1.272637,21.020320,-0.146940,-0.832818,-0.070156,0.529057
1.3229,5847,Render,Index_FingerTip,-17.882040,1.277224,21.044580,-0.146940,-0.832818,-0.070156,0.529057
1.3229,5847,Render,Middle_MCP,-17.845970,1.207922,20.992320,-0.555676,-0.666875,0.183298,0.461415
1.3229,5847,Render,Middle_PIP,-17.843680,1.255991,21.014060,-0.348958,-0.794812,0.048158,0.494149
1.3229,5847,Render,Middle_DIP,-17.851110,1.272686,21.034900,-0.138998,-0.856842,-0.077010,0.490481
1.3229,5847,Render,Middle_FingerTip,-17.864700,1.277289,21.059290,-0.138998,-0.856842,-0.077010,0.490481
1.3229,5847,Render,Ring_MCP,-17.828070,1.197467,21.005530,-0.565924,-0.674769,0.173420,0.440843
1.3229,5847,Render,Ring_PIP,-17.826710,1.240124,21.024080,-0.358524,-0.804390,0.045490,0.471538
1.3229,5847,Render,Ring_DIP,-17.834570,1.256449,21.043210,-0.147717,-0.868195,-0.072936,0.468079
1.3229,5847,Render,Ring_FingerTip,-17.847940,1.261304,21.064730,-0.147717,-0.868195,-0.072936,0.468079
1.3229,5847,Render,Pinky_MCP,-17.815120,1.183802,21.017610,-0.543071,-0.703537,0.148385,0.433696
1.3229,5847,Render,Pinky_PIP,-17.816460,1.218955,21.035290,-0.279116,-0.843792,-0.003789,0.458362
1.3229,5847,Render,Pinky_DIP,-17.824230,1.227532,21.049520,-0.013623,-0.888653,-0.140878,0.436192
1.3229,5847,Render,Pinky_FingerTip,-17.836100,1.225642,21.064450,-0.013623,-0.888653,-0.140878,0.436192
1.3363,5848,Real,Wrist,-17.869180,1.101586,20.996000,-0.682388,-0.544129,0.262869,0.411304
1.3363,5848,Real,Thumb_CMC,-17.886660,1.144688,20.987220,-0.009313,-0.409720,0.711016,0.571401
1.3363,5848,Real,Thumb_MCP,-17.901880,1.180703,21.007190,0.109914,-0.394811,0.514739,0.753052
1.3363,5848,Real,Thumb_IP,-17.894120,1.214458,21.041900,0.294324,-0.285185,0.063749,0.909934
1.3363,5848,Real,Thumb_FingerTip,-17.870490,1.212980,21.057760,0.294324,-0.285185,0.063749,0.909934
1.3363,5848,Real,Index_MCP,-17.868430,1.216098,20.993080,-0.521223,-0.672408,0.175562,0.495351
1.3363,5848,Real,Index_PIP,-17.866840,1.257068,21.015710,-0.233549,-0.818083,-0.021392,0.525107
1.3363,5848,Real,Index_DIP,-17.875650,1.266403,21.038270,0.055350,-0.848965,-0.196840,0.487287
1.3363,5848,Real,Index_FingerTip,-17.889600,1.258714,21.059930,0.055350,-0.848965,-0.196840,0.487287
1.3363,5848,Real,Middle_MCP,-17.844930,1.209064,21.005360,-0.486948,-0.724301,0.126869,0.471355
1.3363,5848,Real,Middle_PIP,-17.849230,1.252628,21.034890,-0.096482,-0.867422,-0.105663,0.476557
1.3363,5848,Real,Middle_DIP,-17.863850,1.254476,21.058380,0.276395,-0.827850,-0.295876,0.388238
1.3363,5848,Real,Middle_FingerTip,-17.879290,1.235024,21.071940,0.276395,-0.827850,-0.295876,0.388238
1.3363,5848,Real,Ring_MCP,-17.827410,1.198471,21.018960,-0.498593,-0.731403,0.120838,0.449280
1.3363,5848,Real,Ring_PIP,-17.832020,1.237464,21.043940,-0.109541,-0.878377,-0.097679,0.454877
1.3363,5848,Real,Ring_DIP,-17.846830,1.240193,21.065560,0.263932,-0.844918,-0.277232,0.373627
1.3363,5848,Real,Ring_FingerTip,-17.861840,1.223341,21.078070,0.263932,-0.844918,-0.277232,0.373627
1.3363,5848,Real,Pinky_MCP,-17.814850,1.184722,21.031360,-0.503787,-0.737469,0.115222,0.434813
1.3363,5848,Real,Pinky_PIP,-17.819350,1.217923,21.052030,-0.111392,-0.886145,-0.096069,0.439442
1.3363,5848,Real,Pinky_DIP,-17.830160,1.219995,21.066720,0.265463,-0.852755,-0.269377,0.360243
1.3363,5848,Real,Pinky_FingerTip,-17.841640,1.207603,21.075750,0.265463,-0.852755,-0.269377,0.360243
1.3363,5848,Virtual,Wrist,-17.869100,1.100901,20.988860,-0.678570,-0.544261,0.268150,0.414028
1.3363,5848,Virtual,Thumb_CMC,-17.886990,1.143884,20.980350,-0.003200,-0.406715,0.712883,0.571289
1.3363,5848,Virtual,Thumb_MCP,-17.902240,1.179765,21.000550,0.114893,-0.390162,0.516558,0.753486
1.3363,5848,Virtual,Thumb_IP,-17.894300,1.213537,21.035200,0.296272,-0.278657,0.065099,0.911228
1.3363,5848,Virtual,Thumb_FingerTip,-17.870470,1.212212,21.050780,0.296272,-0.278657,0.065099,0.911228
1.3363,5848,Virtual,Index_MCP,-17.869220,1.215418,20.986080,-0.517422,-0.671393,0.180101,0.499069
1.3363,5848,Virtual,Index_PIP,-17.867640,1.256373,21.008730,-0.230398,-0.815727,-0.018563,0.530247
1.3363,5848,Virtual,Index_DIP,-17.876250,1.265618,21.031410,0.057524,-0.845686,-0.195906,0.493079
1.3363,5848,Virtual,Index_FingerTip,-17.889890,1.257804,21.053240,0.057524,-0.845686,-0.195906,0.493079
1.3363,5848,Virtual,Middle_MCP,-17.845520,1.208541,20.998070,-0.483267,-0.723277,0.131084,0.475542
1.3363,5848,Virtual,Middle_PIP,-17.849780,1.252039,21.027700,-0.093693,-0.864811,-0.103864,0.482220
1.3363,5848,Virtual,Middle_DIP,-17.864120,1.253754,21.051360,0.277831,-0.824310,-0.296619,0.394133
1.3363,5848,Virtual,Middle_FingerTip,-17.879260,1.234176,21.065080,0.277831,-0.824310,-0.296619,0.394133
1.3363,5848,Virtual,Ring_MCP,-17.827760,1.198060,21.011440,-0.494936,-0.730551,0.125040,0.453540
1.3363,5848,Virtual,Ring_PIP,-17.832360,1.236990,21.036520,-0.106676,-0.875949,-0.095886,0.460586
1.3363,5848,Virtual,Ring_DIP,-17.846920,1.239587,21.058320,0.265534,-0.841522,-0.277964,0.379565
1.3363,5848,Virtual,Ring_FingerTip,-17.861650,1.222612,21.070990,0.265534,-0.841522,-0.277964,0.379565
1.3363,5848,Virtual,Pinky_MCP,-17.814950,1.184388,21.023670,-0.500151,-0.736719,0.119399,0.439134
1.3363,5848,Virtual,Pinky_PIP,-17.819440,1.217532,21.044440,-0.108499,-0.883818,-0.094326,0.445193
1.3363,5848,Virtual,Pinky_DIP,-17.830080,1.219509,21.059250,0.267133,-0.849439,-0.270171,0.366200
1.3363,5848,Virtual,Pinky_FingerTip,-17.841370,1.207024,21.068410,0.267133,-0.849439,-0.270171,0.366200
1.3363,5848,Render,Wrist,-17.869100,1.100901,20.988860,-0.678570,-0.544261,0.268150,0.414028
1.3363,5848,Render,Thumb_CMC,-17.886990,1.143884,20.980350,-0.076344,-0.443835,0.733013,0.509779
1.3363,5848,Render,Thumb_MCP,-17.907570,1.179677,20.995310,-0.042676,-0.448327,0.692507,0.563575
1.3363,5848,Render,Thumb_IP,-17.925270,1.219824,21.017180,0.018294,-0.449982,0.610005,0.651979
1.3363,5848,Render,Thumb_FingerTip,-17.929530,1.242024,21.034540,0.018294,-0.449982,0.610005,0.651979
1.3363,5848,Render,Index_MCP,-17.869220,1.215418,20.986080,-0.546051,-0.648322,0.201575,0.490789
1.3363,5848,Render,Index_PIP,-17.865560,1.257840,21.005570,-0.349761,-0.772115,0.060917,0.527063
1.3363,5848,Render,Index_DIP,-17.870750,1.273526,21.025590,-0.150218,-0.834223,-0.069889,0.525949
1.3363,5848,Render,Index_FingerTip,-17.881550,1.278291,21.049760,-0.150218,-0.834223,-0.069889,0.525949
1.3363,5848,Render,Middle_MCP,-17.845520,1.208541,20.998070,-0.559125,-0.666375,0.182069,0.458448
1.3363,5848,Render,Middle_PIP,-17.843110,1.256706,21.019580,-0.352410,-0.795289,0.047800,0.490957
1.3363,5848,Render,Middle_DIP,-17.850590,1.273544,21.040290,-0.142221,-0.858167,-0.076558,0.487301
1.3363,5848,Render,Middle_FingerTip,-17.864300,1.278341,21.064580,-0.142221,-0.858167,-0.076558,0.487301
1.3363,5848,Render,Ring_MCP,-17.827760,1.198060,21.011440,-0.569311,-0.674205,0.172232,0.437801
1.3363,5848,Render,Ring_PIP,-17.826290,1.240801,21.029790,-0.361936,-0.804779,0.045186,0.468286
1.3363,5848,Render,Ring_DIP,-17.834180,1.257263,21.048790,-0.150925,-0.869418,-0.072424,0.464853
1.3363,5848,Render,Ring_FingerTip,-17.847650,1.262297,21.070200,-0.150925,-0.869418,-0.072424,0.464853
1.3363,5848,Render,Pinky_MCP,-17.814950,1.184388,21.023670,-0.546438,-0.703073,0.147359,0.430558
1.3363,5848,Render,Pinky_PIP,-17.816210,1.219637,21.041160,-0.282447,-0.844470,-0.003717,0.455061
1.3363,5848,Render,Pinky_DIP,-17.824030,1.228326,21.055300,-0.016598,-0.890298,-0.139820,0.433064
1.3363,5848,Render,Pinky_FingerTip,-17.836000,1.226572,21.070170,-0.016598,-0.890298,-0.139820,0.433064
1.3502,5849,Real,Wrist,-17.869130,1.102506,21.003420,-0.686688,-0.545272,0.256438,0.406668
1.3502,5849,Real,Thumb_CMC,-17.886200,1.145691,20.994250,-0.017418,-0.413702,0.709872,0.569763
1.3502,5849,Real,Thumb_MCP,-17.901570,1.181844,21.013870,0.103367,-0.400959,0.514018,0.751221
1.3502,5849,Real,Thumb_IP,-17.894220,1.215645,21.048610,0.291851,-0.293727,0.063832,0.908005
1.3502,5849,Real,Thumb_FingerTip,-17.870860,1.214063,21.064880,0.291851,-0.293727,0.063832,0.908005
1.3502,5849,Real,Index_MCP,-17.867650,1.217005,21.000270,-0.525929,-0.674323,0.170882,0.489374
1.3502,5849,Real,Index_PIP,-17.866150,1.258052,21.022760,-0.237497,-0.821528,-0.023327,0.517826
1.3502,5849,Real,Index_DIP,-17.875250,1.267554,21.045130,0.052518,-0.853554,-0.196059,0.479842
1.3502,5849,Real,Index_FingerTip,-17.889610,1.260081,21.066610,0.052518,-0.853554,-0.196059,0.479842
1.3502,5849,Real,Middle_MCP,-17.844410,1.209859,21.012960,-0.491465,-0.726170,0.122618,0.464870
1.3502,5849,Real,Middle_PIP,-17.848880,1.253571,21.042250,-0.099992,-0.871127,-0.106231,0.468886
1.3502,5849,Real,Middle_DIP,-17.863860,1.255638,21.065480,0.274446,-0.832791,-0.293027,0.381149
1.3502,5849,Real,Middle_FingerTip,-17.879670,1.236381,21.078900,0.274446,-0.832791,-0.293027,0.381149
1.3502,5849,Real,Ring_MCP,-17.827180,1.199194,21.026880,-0.503331,-0.732860,0.116702,0.442668
1.3502,5849,Real,Ring_PIP,-17.831900,1.238333,21.051610,-0.113919,-0.881730,-0.097919,0.447198
1.3502,5849,Real,Ring_DIP,-17.847020,1.241318,21.072980,0.260615,-0.850003,-0.273961,0.366769
1.3502,5849,Real,Ring_FingerTip,-17.862380,1.224703,21.085380,0.260615,-0.850003,-0.273961,0.366769
1.3502,5849,Real,Pinky_MCP,-17.814910,1.185399,21.039520,-0.508487,-0.738786,0.111070,0.428136
1.3502,5849,Real,Pinky_PIP,-17.819490,1.218725,21.059980,-0.115808,-0.889355,-0.096306,0.431696
1.3502,5849,Real,Pinky_DIP,-17.830510,1.220978,21.074480,0.262046,-0.857727,-0.266087,0.353319
1.3502,5849,Real,Pinky_FingerTip,-17.842250,1.208764,21.083420,0.262046,-0.857727,-0.266087,0.353319
1.3502,5849,Virtual,Wrist,-17.869180,1.101586,20.996000,-0.682388,-0.544129,0.262869,0.411303
1.3502,5849,Virtual,Thumb_CMC,-17.886660,1.144688,20.987220,-0.009495,-0.409691,0.711224,0.571160
1.3502,5849,Virtual,Thumb_MCP,-17.901910,1.180704,21.007180,0.109785,-0.394821,0.514907,0.752950
1.3502,5849,Virtual,Thumb_IP,-17.894170,1.214472,21.041880,0.294287,-0.285187,0.063725,0.909947
1.3502,5849,Virtual,Thumb_FingerTip,-17.870530,1.212994,21.057740,0.294287,-0.285187,0.063725,0.909947
1.3502,5849,Virtual,Index_MCP,-17.868430,1.216098,20.993090,-0.521885,-0.671894,0.176050,0.495178
1.3502,5849,Virtual,Index_PIP,-17.866790,1.257104,21.015640,-0.234646,-0.817770,-0.020688,0.525135
1.3502,5849,Virtual,Index_DIP,-17.875570,1.266501,21.038190,0.053940,-0.849056,-0.196030,0.487614
1.3502,5849,Virtual,Index_FingerTip,-17.889520,1.258895,21.059890,0.053940,-0.849056,-0.196030,0.487614
1.3502,5849,Virtual,Middle_MCP,-17.844940,1.209064,21.005370,-0.487706,-0.723790,0.127363,0.471221
1.3502,5849,Virtual,Middle_PIP,-17.849170,1.252683,21.034830,-0.097759,-0.867279,-0.104961,0.476711
1.3502,5849,Virtual,Middle_DIP,-17.863760,1.254609,21.058320,0.274859,-0.828361,-0.295155,0.388786
1.3502,5849,Virtual,Middle_FingerTip,-17.879230,1.235228,21.071950,0.274859,-0.828361,-0.295155,0.388786
1.3502,5849,Virtual,Ring_MCP,-17.827420,1.198471,21.018970,-0.499626,-0.730698,0.121474,0.449109
1.3502,5849,Virtual,Ring_PIP,-17.831950,1.237527,21.043870,-0.111608,-0.878117,-0.096607,0.455106
1.3502,5849,Virtual,Ring_DIP,-17.846720,1.240374,21.065490,0.261227,-0.845758,-0.276035,0.374512
1.3502,5849,Virtual,Ring_FingerTip,-17.861760,1.223639,21.078110,0.261227,-0.845758,-0.276035,0.374512
1.3502,5849,Virtual,Pinky_MCP,-17.814850,1.184722,21.031360,-0.504830,-0.736756,0.115837,0.434650
1.3502,5849,Virtual,Pinky_PIP,-17.819280,1.217975,21.051980,-0.113478,-0.885881,-0.095033,0.439667
1.3502,5849,Virtual,Pinky_DIP,-17.830060,1.220130,21.066660,0.262733,-0.853600,-0.268222,0.361103
1.3502,5849,Virtual,Pinky_FingerTip,-17.841580,1.207826,21.075770,0.262733,-0.853600,-0.268222,0.361103
1.3502,5849,Render,Wrist,-17.869180,1.101586,20.996000,-0.682388,-0.544129,0.262869,0.411303
1.3502,5849,Render,Thumb_CMC,-17.886660,1.144688,20.987220,-0.082352,-0.446755,0.730865,0.509377
1.3502,5849,Render,Thumb_MCP,-17.907190,1.180614,21.001920,-0.048447,-0.451691,0.690395,0.563013
1.3502,5849,Render,Thumb_IP,-17.924910,1.220876,21.023580,0.013030,-0.454095,0.607988,0.651137
1.3502,5849,Render,Thumb_FingerTip,-17.929230,1.243104,21.040880,0.013030,-0.454095,0.607988,0.651137
1.3502,5849,Render,Index_MCP,-17.868430,1.216098,20.993090,-0.549893,-0.649171,0.196879,0.487271
1.3502,5849,Render,Index_PIP,-17.864700,1.258517,21.012570,-0.353228,-0.773974,0.057352,0.522404
1.3502,5849,Render,Index_DIP,-17.870020,1.274264,21.032510,-0.153125,-0.836874,-0.072207,0.520558
1.3502,5849,Render,Index_FingerTip,-17.881080,1.279136,21.056540,-0.153125,-0.836874,-0.072207,0.520558
1.3502,5849,Render,Middle_MCP,-17.844940,1.209064,21.005370,-0.562895,-0.666993,0.177423,0.454744
1.3502,5849,Render,Middle_PIP,-17.842440,1.257236,21.026850,-0.355861,-0.796927,0.044363,0.486110
1.3502,5849,Render,Middle_DIP,-17.850040,1.274154,21.047450,-0.145152,-0.860616,-0.078673,0.481748
1.3502,5849,Render,Middle_FingerTip,-17.864010,1.279079,21.071560,-0.145152,-0.860616,-0.078673,0.481748
1.3502,5849,Render,Ring_MCP,-17.827420,1.198471,21.018970,-0.573037,-0.674666,0.167604,0.434008
1.3502,5849,Render,Ring_PIP,-17.825860,1.241224,21.037280,-0.365391,-0.806248,0.041779,0.463367
1.3502,5849,Render,Ring_DIP,-17.833860,1.257765,21.056160,-0.153908,-0.871698,-0.074504,0.459242
1.3502,5849,Render,Ring_FingerTip,-17.847550,1.262922,21.077410,-0.153908,-0.871698,-0.074504,0.459242
1.3502,5849,Render,Pinky_MCP,-17.814850,1.184722,21.031360,-0.550115,-0.703587,0.142913,0.426514
1.3502,5849,Render,Pinky_PIP,-17.816070,1.220000,21.048800,-0.285746,-0.846175,-0.006571,0.449772
1.3502,5849,Render,Pinky_DIP,-17.824000,1.228763,21.062840,-0.019234,-0.892912,-0.140959,0.427164
1.3502,5849,Render,Pinky_FingerTip,-17.836150,1.227114,21.077550,-0.019234,-0.892912,-0.140959,0.427164
1.3647,5850,Real,Wrist,-17.869400,1.102219,21.010060,-0.688120,-0.549696,0.240802,0.407849
1.3647,5850,Real,Thumb_CMC,-17.885870,1.145728,21.001340,-0.022305,-0.427575,0.702963,0.567914
1.3647,5850,Real,Thumb_MCP,-17.901410,1.181626,21.021280,0.102715,-0.415653,0.507943,0.747447
1.3647,5850,Real,Thumb_IP,-17.894620,1.214669,21.056860,0.298715,-0.306736,0.060498,0.901678
1.3647,5850,Real,Thumb_FingerTip,-17.871700,1.212556,21.073660,0.298715,-0.306736,0.060498,0.901678
1.3647,5850,Real,Index_MCP,-17.866860,1.216739,21.009220,-0.526084,-0.679606,0.155588,0.486995
1.3647,5850,Real,Index_PIP,-17.865560,1.257321,21.032550,-0.235676,-0.826490,-0.036641,0.509931
1.3647,5850,Real,Index_DIP,-17.875140,1.266463,21.054880,0.055901,-0.857615,-0.205943,0.467931
1.3647,5850,Real,Index_FingerTip,-17.890090,1.258699,21.075850,0.055901,-0.857615,-0.205943,0.467931
1.3647,5850,Real,Middle_MCP,-17.844000,1.209135,21.022340,-0.491504,-0.730820,0.107348,0.461305
1.3647,5850,Real,Middle_PIP,-17.848820,1.252301,21.052370,-0.097876,-0.875268,-0.118123,0.458665
1.3647,5850,Real,Middle_DIP,-17.864350,1.254047,21.075270,0.278103,-0.835663,-0.299538,0.366884
1.3647,5850,Real,Middle_FingerTip,-17.880650,1.234673,21.087900,0.278103,-0.835663,-0.299538,0.366884
1.3647,5850,Real,Ring_MCP,-17.827220,1.198043,21.036460,-0.503544,-0.737127,0.101319,0.439116
1.3647,5850,Real,Ring_PIP,-17.832210,1.236729,21.061830,-0.112164,-0.885625,-0.109991,0.437024
1.3647,5850,Real,Ring_DIP,-17.847830,1.239430,21.082880,0.263823,-0.852824,-0.280751,0.352516
1.3647,5850,Real,Ring_FingerTip,-17.863620,1.222714,21.094570,0.263823,-0.852824,-0.280751,0.352516
1.3647,5850,Real,Pinky_MCP,-17.815380,1.183892,21.049110,-0.508801,-0.742795,0.095630,0.424539
1.3647,5850,Real,Pinky_PIP,-17.820180,1.216848,21.070110,-0.114259,-0.893066,-0.108409,0.421457
1.3647,5850,Real,Pinky_DIP,-17.831530,1.218916,21.084380,0.264990,-0.860466,-0.272877,0.338993
1.3647,5850,Real,Pinky_FingerTip,-17.843590,1.206635,21.092780,0.264990,-0.860466,-0.272877,0.338993
1.3647,5850,Virtual,Wrist,-17.869130,1.102506,21.003430,-0.686688,-0.545272,0.256437,0.406668
1.3647,5850,Virtual,Thumb_CMC,-17.886200,1.145691,20.994260,-0.017419,-0.413702,0.709872,0.569763
1.3647,5850,Virtual,Thumb_MCP,-17.901580,1.181844,21.013870,0.103366,-0.400959,0.514018,0.751221
1.3647,5850,Virtual,Thumb_IP,-17.894220,1.215645,21.048620,0.291851,-0.293728,0.063832,0.908005
1.3647,5850,Virtual,Thumb_FingerTip,-17.870870,1.214062,21.064880,0.291851,-0.293728,0.063832,0.908005
1.3647,5850,Virtual,Index_MCP,-17.867650,1.217005,21.000270,-0.525930,-0.674323,0.170882,0.489373
1.3647,5850,Virtual,Index_PIP,-17.866150,1.258052,21.022760,-0.237497,-0.821528,-0.023328,0.517825
1.3647,5850,Virtual,Index_DIP,-17.875260,1.267553,21.045130,0.052518,-0.853555,-0.196059,0.479842
1.3647,5850,Virtual,Index_FingerTip,-17.889620,1.260080,21.066610,0.052518,-0.853555,-0.196059,0.479842
1.3647,5850,Virtual,Middle_MCP,-17.844410,1.209859,21.012960,-0.491466,-0.726170,0.122618,0.464869
1.3647,5850,Virtual,Middle_PIP,-17.848880,1.253570,21.042250,-0.099992,-0.871128,-0.106231,0.468885
1.3647,5850,Virtual,Middle_DIP,-17.863860,1.255638,21.065490,0.274445,-0.832791,-0.293027,0.381148
1.3647,5850,Virtual,Middle_FingerTip,-17.879670,1.236381,21.078900,0.274445,-0.832791,-0.293027,0.381148
1.3647,5850,Virtual,Ring_MCP,-17.827190,1.199193,21.026890,-0.503331,-0.732860,0.116701,0.442668
1.3647,5850,Virtual,Ring_PIP,-17.831910,1.238333,21.051610,-0.113920,-0.881731,-0.097919,0.447198
1.3647,5850,Virtual,Ring_DIP,-17.847030,1.241318,21.072980,0.260615,-0.850004,-0.273961,0.366768
1.3647,5850,Virtual,Ring_FingerTip,-17.862380,1.224702,21.085380,0.260615,-0.850004,-0.273961,0.366768
1.3647,5850,Virtual,Pinky_MCP,-17.814920,1.185399,21.039520,-0.508488,-0.738786,0.111070,0.428135
1.3647,5850,Virtual,Pinky_PIP,-17.819500,1.218724,21.059990,-0.115808,-0.889355,-0.096306,0.431696
1.3647,5850,Virtual,Pinky_DIP,-17.830510,1.220978,21.074480,0.262046,-0.857727,-0.266087,0.353318
1.3647,5850,Virtual,Pinky_FingerTip,-17.842260,1.208763,21.083420,0.262046,-0.857727,-0.266087,0.353318
1.3647,5850,Render,Wrist,-17.869130,1.102506,21.003430,-0.686688,-0.545272,0.256437,0.406668
1.3647,5850,Render,Thumb_CMC,-17.886200,1.145691,20.994260,-0.090481,-0.449999,0.729117,0.507644
1.3647,5850,Render,Thumb_MCP,-17.906760,1.181772,21.008520,-0.056308,-0.455538,0.688783,0.561153
1.3647,5850,Render,Thumb_IP,-17.924600,1.222189,21.029790,0.005761,-0.458969,0.606643,0.649076
1.3647,5850,Render,Thumb_FingerTip,-17.929090,1.244482,21.046970,0.005761,-0.458969,0.606643,0.649076
1.3647,5850,Render,Index_MCP,-17.867650,1.217005,21.000270,-0.554037,-0.651426,0.191470,0.481691
1.3647,5850,Render,Index_PIP,-17.864000,1.259445,21.019720,-0.356605,-0.777269,0.053658,0.515565
1.3647,5850,Render,Index_DIP,-17.869560,1.275270,21.039530,-0.155594,-0.840895,-0.074115,0.513024
1.3647,5850,Render,Index_FingerTip,-17.881000,1.280263,21.063370,-0.155594,-0.840895,-0.074115,0.513024
1.3647,5850,Render,Middle_MCP,-17.844410,1.209859,21.012960,-0.566889,-0.668953,0.172020,0.448941
1.3647,5850,Render,Middle_PIP,-17.841990,1.258065,21.034380,-0.359155,-0.799918,0.040782,0.479036
1.3647,5850,Render,Middle_DIP,-17.849840,1.275075,21.054810,-0.147592,-0.864337,-0.080370,0.474003
1.3647,5850,Render,Middle_FingerTip,-17.864190,1.280140,21.078680,-0.147592,-0.864337,-0.080370,0.474003
1.3647,5850,Render,Ring_MCP,-17.827190,1.199193,21.026890,-0.576947,-0.676431,0.162187,0.428100
1.3647,5850,Render,Ring_PIP,-17.825690,1.241978,21.045130,-0.368665,-0.809019,0.038195,0.456196
1.3647,5850,Render,Ring_DIP,-17.833900,1.258610,21.063830,-0.156392,-0.875196,-0.076196,0.451407
1.3647,5850,Render,Ring_FingerTip,-17.847930,1.263898,21.084840,-0.156392,-0.875196,-0.076196,0.451407
1.3647,5850,Render,Pinky_MCP,-17.814920,1.185399,21.039520,-0.553894,-0.705383,0.137746,0.420312
1.3647,5850,Render,Pinky_PIP,-17.816220,1.220723,21.056860,-0.288715,-0.849122,-0.009389,0.442208
1.3647,5850,Render,Pinky_DIP,-17.824340,1.229566,21.070740,-0.021185,-0.896613,-0.141383,0.419103
1.3647,5850,Render,Pinky_FingerTip,-17.836740,1.228023,21.085250,-0.021185,-0.896613,-0.141383,0.419103
1.3807,5851,Real,Wrist,-17.869830,1.102354,21.016690,-0.690413,-0.554774,0.226532,0.405264
1.3807,5851,Real,Thumb_CMC,-17.885790,1.146069,21.008070,-0.030833,-0.439512,0.698519,0.563871
1.3807,5851,Real,Thumb_MCP,-17.901700,1.181850,21.027950,0.098172,-0.429515,0.504596,0.742470
1.3807,5851,Real,Thumb_IP,-17.895730,1.214454,21.064070,0.302010,-0.320798,0.059546,0.895731
1.3807,5851,Real,Thumb_FingerTip,-17.873290,1.211972,21.081480,0.302010,-0.320798,0.059546,0.895731
1.3807,5851,Real,Index_MCP,-17.866610,1.216858,21.017380,-0.528617,-0.684534,0.143581,0.481001
1.3807,5851,Real,Index_PIP,-17.865590,1.257217,21.041110,-0.236491,-0.831922,-0.045380,0.499918
1.3807,5851,Real,Index_DIP,-17.875680,1.266253,21.063260,0.056683,-0.863024,-0.210661,0.455631
1.3807,5851,Real,Index_FingerTip,-17.891230,1.258457,21.083770,0.056683,-0.863024,-0.210661,0.455631
1.3807,5851,Real,Middle_MCP,-17.844160,1.208950,21.031030,-0.493816,-0.735248,0.095529,0.454346
1.3807,5851,Real,Middle_PIP,-17.849410,1.251879,21.061330,-0.098191,-0.880229,-0.125226,0.447073
1.3807,5851,Real,Middle_DIP,-17.865510,1.253567,21.083830,0.279628,-0.840388,-0.301014,0.353478
1.3807,5851,Real,Middle_FingerTip,-17.882320,1.234244,21.095880,0.279628,-0.840388,-0.301014,0.353478
1.3807,5851,Real,Ring_MCP,-17.827840,1.197577,21.045470,-0.506308,-0.740897,0.089521,0.432101
1.3807,5851,Real,Ring_PIP,-17.833140,1.236091,21.071050,-0.113838,-0.890122,-0.116849,0.425525
1.3807,5851,Real,Ring_DIP,-17.849260,1.238810,21.091710,0.263348,-0.857860,-0.281923,0.339476
1.3807,5851,Real,Ring_FingerTip,-17.865540,1.222214,21.102900,0.263348,-0.857860,-0.281923,0.339476
1.3807,5851,Real,Pinky_MCP,-17.816450,1.183196,21.058270,-0.511609,-0.746296,0.083727,0.417479
1.3807,5851,Real,Pinky_PIP,-17.821480,1.216014,21.079430,-0.116103,-0.897342,-0.115356,0.409868
1.3807,5851,Real,Pinky_DIP,-17.833170,1.218102,21.093410,0.264262,-0.865371,-0.274107,0.325828
1.3807,5851,Real,Pinky_FingerTip,-17.845580,1.205917,21.101440,0.264262,-0.865371,-0.274107,0.325828
1.3807,5851,Virtual,Wrist,-17.869410,1.102218,21.010070,-0.688120,-0.549696,0.240802,0.407849
1.3807,5851,Virtual,Thumb_CMC,-17.885870,1.145728,21.001350,-0.023424,-0.427295,0.703325,0.567630
1.3807,5851,Virtual,Thumb_MCP,-17.901440,1.181667,21.021200,0.101712,-0.415674,0.508104,0.747463
1.3807,5851,Virtual,Thumb_IP,-17.894670,1.214764,21.056740,0.298059,-0.307068,0.060045,0.901812
1.3807,5851,Virtual,Thumb_FingerTip,-17.871750,1.212634,21.073540,0.298059,-0.307068,0.060045,0.901812
1.3807,5851,Virtual,Index_MCP,-17.866870,1.216739,21.009230,-0.527589,-0.678438,0.156667,0.486649
1.3807,5851,Virtual,Index_PIP,-17.865450,1.257403,21.032410,-0.237801,-0.825881,-0.035329,0.510023
1.3807,5851,Virtual,Index_DIP,-17.874970,1.266663,21.054710,0.053420,-0.857773,-0.204588,0.468525
1.3807,5851,Virtual,Index_FingerTip,-17.889900,1.259040,21.075750,0.053420,-0.857773,-0.204588,0.468525
1.3807,5851,Virtual,Middle_MCP,-17.844010,1.209135,21.022340,-0.493139,-0.729718,0.108381,0.461064
1.3807,5851,Virtual,Middle_PIP,-17.848680,1.252417,21.052230,-0.100146,-0.875011,-0.116933,0.458970
1.3807,5851,Virtual,Middle_DIP,-17.864160,1.254299,21.075150,0.275667,-0.836470,-0.298468,0.367755
1.3807,5851,Virtual,Middle_FingerTip,-17.880510,1.235036,21.087900,0.275667,-0.836470,-0.298468,0.367755
1.3807,5851,Virtual,Ring_MCP,-17.827220,1.198042,21.036470,-0.505554,-0.735749,0.102517,0.438838
1.3807,5851,Virtual,Ring_PIP,-17.832050,1.236848,21.061700,-0.115509,-0.885195,-0.108340,0.437437
1.3807,5851,Virtual,Ring_DIP,-17.847600,1.239738,21.082760,0.259794,-0.854060,-0.279084,0.353837
1.3807,5851,Virtual,Ring_FingerTip,-17.863460,1.223194,21.094600,0.259794,-0.854060,-0.279084,0.353837
1.3807,5851,Virtual,Pinky_MCP,-17.815390,1.183891,21.049120,-0.510826,-0.741403,0.096789,0.424276
1.3807,5851,Virtual,Pinky_PIP,-17.820040,1.216947,21.070000,-0.117632,-0.892628,-0.106817,0.421863
1.3807,5851,Virtual,Pinky_DIP,-17.831340,1.219146,21.084280,0.260925,-0.861708,-0.271274,0.340277
1.3807,5851,Virtual,Pinky_FingerTip,-17.843460,1.206994,21.092800,0.260925,-0.861708,-0.271274,0.340277
1.3807,5851,Render,Wrist,-17.869410,1.102218,21.010070,-0.688120,-0.549696,0.240802,0.407849
1.3807,5851,Render,Thumb_CMC,-17.885870,1.145728,21.001350,-0.096369,-0.462974,0.721225,0.506165
1.3807,5851,Render,Thumb_MCP,-17.906470,1.181706,21.015830,-0.061201,-0.468920,0.681025,0.559083
1.3807,5851,Render,Thumb_IP,-17.924480,1.221857,21.037450,0.002721,-0.472889,0.599235,0.645977
1.3807,5851,Render,Thumb_FingerTip,-17.929200,1.243847,21.054950,0.002721,-0.472889,0.599235,0.645977
1.3807,5851,Render,Index_MCP,-17.866870,1.216739,21.009230,-0.554415,-0.656698,0.176089,0.479963
1.3807,5851,Render,Index_PIP,-17.863330,1.258753,21.029610,-0.355539,-0.782445,0.039322,0.509731
1.3807,5851,Render,Index_DIP,-17.869240,1.274235,21.049590,-0.153294,-0.845653,-0.086588,0.503860
1.3807,5851,Render,Index_FingerTip,-17.881220,1.278862,21.073220,-0.153294,-0.845653,-0.086588,0.503860
1.3807,5851,Render,Middle_MCP,-17.844010,1.209135,21.022340,-0.567428,-0.673572,0.156455,0.447044
1.3807,5851,Render,Middle_PIP,-17.841700,1.256887,21.044770,-0.358392,-0.804506,0.026353,0.472897
1.3807,5851,Render,Middle_DIP,-17.849900,1.273562,21.065340,-0.145706,-0.868587,-0.092804,0.464450
1.3807,5851,Render,Middle_FingerTip,-17.864790,1.278286,21.088930,-0.145706,-0.868587,-0.092804,0.464450
1.3807,5851,Render,Ring_MCP,-17.827220,1.198042,21.036470,-0.577603,-0.680651,0.146518,0.426170
1.3807,5851,Render,Ring_PIP,-17.825800,1.240444,21.055590,-0.368136,-0.813258,0.023661,0.450032
1.3807,5851,Render,Ring_DIP,-17.834340,1.256779,21.074410,-0.154827,-0.879170,-0.088746,0.441829
1.3807,5851,Render,Ring_FingerTip,-17.848830,1.261780,21.095170,-0.154827,-0.879170,-0.088746,0.441829
1.3807,5851,Render,Pinky_MCP,-17.815390,1.183891,21.049120,-0.554458,-0.709364,0.122111,0.417693
1.3807,5851,Render,Pinky_PIP,-17.816810,1.218878,21.067120,-0.287928,-0.853065,-0.023272,0.434554
1.3807,5851,Render,Pinky_DIP,-17.825190,1.227519,21.080970,-0.019253,-0.900140,-0.152336,0.407642
1.3807,5851,Render,Pinky_FingerTip,-17.837970,1.225804,21.095140,-0.019253,-0.900140,-0.152336,0.407642
1.3923,5852,Real,Wrist,-17.869960,1.103167,21.022930,-0.693236,-0.556409,0.219157,0.402249
1.3923,5852,Real,Thumb_CMC,-17.885540,1.146991,21.014170,-0.036975,-0.444823,0.696154,0.562259
1.3923,5852,Real,Thumb_MCP,-17.901570,1.182811,21.033870,0.093838,-0.436382,0.502802,0.740241
1.3923,5852,Real,Thumb_IP,-17.896000,1.215293,21.070170,0.301746,-0.328914,0.059127,0.892900
1.3923,5852,Real,Thumb_FingerTip,-17.873870,1.212645,21.087930,0.301746,-0.328914,0.059127,0.892900
1.3923,5852,Real,Index_MCP,-17.866120,1.217650,21.023970,-0.531038,-0.687117,0.137146,0.476509
1.3923,5852,Real,Index_PIP,-17.865270,1.257945,21.047810,-0.237780,-0.835219,-0.049686,0.493357
1.3923,5852,Real,Index_DIP,-17.875660,1.266982,21.069810,0.056577,-0.866562,-0.212513,0.448004
1.3923,5852,Real,Index_FingerTip,-17.891590,1.259222,21.090050,0.056577,-0.866562,-0.212513,0.448004
1.3923,5852,Real,Middle_MCP,-17.843950,1.209585,21.037950,-0.496024,-0.737650,0.089387,0.449270
1.3923,5852,Real,Middle_PIP,-17.849450,1.252469,21.068270,-0.099039,-0.883379,-0.128328,0.439734
1.3923,5852,Real,Middle_DIP,-17.865910,1.254191,21.090510,0.280178,-0.843603,-0.300755,0.345514
1.3923,5852,Real,Middle_FingerTip,-17.883000,1.234932,21.102230,0.280178,-0.843603,-0.300755,0.345514
1.3923,5852,Real,Ring_MCP,-17.827920,1.198088,21.052620,-0.508509,-0.743077,0.083332,0.426979
1.3923,5852,Real,Ring_PIP,-17.833420,1.236568,21.078200,-0.114807,-0.893065,-0.120030,0.418149
1.3923,5852,Real,Ring_DIP,-17.849860,1.239326,21.098610,0.263679,-0.860940,-0.281780,0.331445
1.3923,5852,Real,Ring_FingerTip,-17.866400,1.222793,21.109500,0.263679,-0.860940,-0.281780,0.331445
1.3923,5852,Real,Pinky_MCP,-17.816810,1.183613,21.065560,-0.513796,-0.748336,0.077530,0.412305
1.3923,5852,Real,Pinky_PIP,-17.822010,1.216407,21.086720,-0.117123,-0.900153,-0.118521,0.402441
1.3923,5852,Real,Pinky_DIP,-17.833910,1.218525,21.100520,0.264493,-0.868353,-0.273929,0.317757
1.3923,5852,Real,Pinky_FingerTip,-17.846520,1.206390,21.108320,0.264493,-0.868353,-0.273929,0.317757
1.3923,5852,Virtual,Wrist,-17.869830,1.102354,21.016700,-0.690414,-0.554774,0.226532,0.405264
1.3923,5852,Virtual,Thumb_CMC,-17.885800,1.146070,21.008070,-0.030833,-0.439512,0.698519,0.563871
1.3923,5852,Virtual,Thumb_MCP,-17.901700,1.181850,21.027950,0.098172,-0.429516,0.504596,0.742470
1.3923,5852,Virtual,Thumb_IP,-17.895730,1.214454,21.064080,0.302010,-0.320798,0.059546,0.895731
1.3923,5852,Virtual,Thumb_FingerTip,-17.873300,1.211972,21.081480,0.302010,-0.320798,0.059546,0.895731
1.3923,5852,Virtual,Index_MCP,-17.866610,1.216858,21.017390,-0.528617,-0.684534,0.143581,0.481001
1.3923,5852,Virtual,Index_PIP,-17.865600,1.257217,21.041120,-0.236491,-0.831923,-0.045380,0.499918
1.3923,5852,Virtual,Index_DIP,-17.875680,1.266253,21.063270,0.056683,-0.863024,-0.210661,0.455631
1.3923,5852,Virtual,Index_FingerTip,-17.891240,1.258457,21.083780,0.056683,-0.863024,-0.210661,0.455631
1.3923,5852,Virtual,Middle_MCP,-17.844170,1.208950,21.031030,-0.493817,-0.735248,0.095529,0.454346
1.3923,5852,Virtual,Middle_PIP,-17.849420,1.251879,21.061330,-0.098191,-0.880229,-0.125226,0.447073
1.3923,5852,Virtual,Middle_DIP,-17.865520,1.253567,21.083830,0.279628,-0.840389,-0.301014,0.353478
1.3923,5852,Virtual,Middle_FingerTip,-17.882320,1.234244,21.095880,0.279628,-0.840389,-0.301014,0.353478
1.3923,5852,Virtual,Ring_MCP,-17.827840,1.197578,21.045470,-0.506308,-0.740897,0.089521,0.432100
1.3923,5852,Virtual,Ring_PIP,-17.833150,1.236091,21.071050,-0.113838,-0.890122,-0.116848,0.425524
1.3923,5852,Virtual,Ring_DIP,-17.849270,1.238810,21.091710,0.263348,-0.857860,-0.281923,0.339476
1.3923,5852,Virtual,Ring_FingerTip,-17.865540,1.222214,21.102910,0.263348,-0.857860,-0.281923,0.339476
1.3923,5852,Virtual,Pinky_MCP,-17.816450,1.183196,21.058270,-0.511609,-0.746296,0.083728,0.417479
1.3923,5852,Virtual,Pinky_PIP,-17.821490,1.216014,21.079430,-0.116103,-0.897342,-0.115356,0.409868
1.3923,5852,Virtual,Pinky_DIP,-17.833180,1.218102,21.093410,0.264262,-0.865371,-0.274107,0.325828
1.3923,5852,Virtual,Pinky_FingerTip,-17.845590,1.205917,21.101440,0.264262,-0.865371,-0.274107,0.325828
1.3923,5852,Render,Wrist,-17.869830,1.102354,21.016700,-0.690414,-0.554774,0.226532,0.405264
1.3923,5852,Render,Thumb_CMC,-17.885800,1.146070,21.008070,-0.104828,-0.473677,0.715439,0.502781
1.3923,5852,Render,Thumb_MCP,-17.906540,1.182020,21.022410,-0.068830,-0.480230,0.675510,0.555272
1.3923,5852,Render,Thumb_IP,-17.924870,1.222044,21.043990,-0.003309,-0.485127,0.594286,0.641456
1.3923,5852,Render,Thumb_FingerTip,-17.929920,1.243864,21.061620,-0.003309,-0.485127,0.594286,0.641456
1.3923,5852,Render,Index_MCP,-17.866610,1.216858,21.017390,-0.555687,-0.662748,0.162787,0.474845
1.3923,5852,Render,Index_PIP,-17.863400,1.258590,21.038390,-0.355123,-0.788613,0.027907,0.501197
1.3923,5852,Render,Index_DIP,-17.869770,1.273854,21.058400,-0.151381,-0.851532,-0.095568,0.492792
1.3923,5852,Render,Index_FingerTip,-17.882370,1.278256,21.081750,-0.151381,-0.851532,-0.095568,0.492792
1.3923,5852,Render,Middle_MCP,-17.844170,1.208950,21.031030,-0.568686,-0.679000,0.142966,0.441720
1.3923,5852,Render,Middle_PIP,-17.842210,1.256400,21.054120,-0.358095,-0.810070,0.014869,0.464042
1.3923,5852,Render,Middle_DIP,-17.850890,1.272864,21.074670,-0.144026,-0.873900,-0.101707,0.453003
1.3923,5852,Render,Middle_FingerTip,-17.866390,1.277380,21.097900,-0.144026,-0.873900,-0.101707,0.453003
1.3923,5852,Render,Ring_MCP,-17.827840,1.197578,21.045470,-0.578875,-0.685696,0.132905,0.420786
1.3923,5852,Render,Ring_PIP,-17.826710,1.239726,21.065170,-0.367971,-0.818458,0.012055,0.441111
1.3923,5852,Render,Ring_DIP,-17.835670,1.255874,21.083950,-0.153378,-0.884167,-0.097776,0.430307
1.3923,5852,Render,Ring_FingerTip,-17.850700,1.260700,21.104360,-0.153378,-0.884167,-0.097776,0.430307
1.3923,5852,Render,Pinky_MCP,-17.816450,1.183196,21.058270,-0.555534,-0.714202,0.108665,0.411692
1.3923,5852,Render,Pinky_PIP,-17.818170,1.217961,21.076670,-0.287339,-0.857985,-0.033968,0.424435
1.3923,5852,Render,Pinky_DIP,-17.826880,1.226478,21.090390,-0.017217,-0.904658,-0.159511,0.394784
1.3923,5852,Render,Pinky_FingerTip,-17.840060,1.224662,21.104180,-0.017217,-0.904658,-0.159511,0.394784
1.4065,5853,Real,Wrist,-17.870110,1.103663,21.031030,-0.696041,-0.559707,0.204346,0.400622
1.4065,5853,Real,Thumb_CMC,-17.885040,1.147752,21.022450,-0.045345,-0.456516,0.691556,0.557931
1.4065,5853,Real,Thumb_MCP,-17.901430,1.183455,21.042070,0.089671,-0.449914,0.498932,0.735258
1.4065,5853,Real,Thumb_IP,-17.896660,1.215472,21.078900,0.305609,-0.342150,0.056731,0.886746
1.4065,5853,Real,Thumb_FingerTip,-17.875020,1.212379,21.097180,0.305609,-0.342150,0.056731,0.886746
1.4065,5853,Real,Index_MCP,-17.865210,1.218079,21.033720,-0.536664,-0.688717,0.125787,0.470997
1.4065,5853,Real,Index_PIP,-17.864280,1.258244,21.057770,-0.242409,-0.838796,-0.058185,0.484019
1.4065,5853,Real,Index_DIP,-17.875020,1.267337,21.079580,0.053418,-0.871485,-0.217382,0.436355
1.4065,5853,Real,Index_FingerTip,-17.891530,1.259730,21.099410,0.053418,-0.871485,-0.217382,0.436355
1.4065,5853,Real,Middle_MCP,-17.843480,1.209609,21.048170,-0.501747,-0.738915,0.078144,0.442887
1.4065,5853,Real,Middle_PIP,-17.848980,1.252419,21.078590,-0.103495,-0.887149,-0.135365,0.428873
1.4065,5853,Real,Middle_DIP,-17.865910,1.254291,21.100460,0.277741,-0.848885,-0.302607,0.332693
1.4065,5853,Real,Middle_FingerTip,-17.883580,1.235249,21.111680,0.277741,-0.848885,-0.302607,0.332693
1.4065,5853,Real,Ring_MCP,-17.827960,1.197760,21.063090,-0.514058,-0.744084,0.071710,0.420644
1.4065,5853,Real,Ring_PIP,-17.833430,1.236167,21.088800,-0.118771,-0.896555,-0.127734,0.407146
1.4065,5853,Real,Ring_DIP,-17.850300,1.239037,21.108830,0.261958,-0.865618,-0.284427,0.318096
1.4065,5853,Real,Ring_FingerTip,-17.867330,1.222668,21.119190,0.261958,-0.865618,-0.284427,0.318096
1.4065,5853,Real,Pinky_MCP,-17.817330,1.183004,21.076130,-0.519418,-0.749059,0.065801,0.405940
1.4065,5853,Real,Pinky_PIP,-17.822480,1.215745,21.097380,-0.121278,-0.903424,-0.126297,0.391364
1.4065,5853,Real,Pinky_DIP,-17.834670,1.217951,21.110910,0.262511,-0.872910,-0.276603,0.304315
1.4065,5853,Real,Pinky_FingerTip,-17.847640,1.205946,21.118310,0.262511,-0.872910,-0.276603,0.304315
1.4065,5853,Virtual,Wrist,-17.869960,1.103168,21.022940,-0.693235,-0.556409,0.219157,0.402249
1.4065,5853,Virtual,Thumb_CMC,-17.885550,1.146991,21.014170,-0.037786,-0.444727,0.697850,0.560175
1.4065,5853,Virtual,Thumb_MCP,-17.901770,1.182798,21.033740,0.093465,-0.436433,0.504299,0.739239
1.4065,5853,Virtual,Thumb_IP,-17.896360,1.215355,21.070000,0.302036,-0.328609,0.059334,0.892900
1.4065,5853,Virtual,Thumb_FingerTip,-17.874220,1.212718,21.087740,0.302036,-0.328609,0.059334,0.892900
1.4065,5853,Virtual,Index_MCP,-17.866130,1.217651,21.023980,-0.534752,-0.684230,0.139726,0.475759
1.4065,5853,Virtual,Index_PIP,-17.864970,1.258145,21.047460,-0.242300,-0.833919,-0.047012,0.493619
1.4065,5853,Virtual,Index_DIP,-17.875230,1.267430,21.069420,0.051882,-0.866855,-0.210083,0.449149
1.4065,5853,Virtual,Index_FingerTip,-17.891140,1.259934,21.089780,0.051882,-0.866855,-0.210083,0.449149
1.4065,5853,Virtual,Middle_MCP,-17.843950,1.209586,21.037950,-0.500030,-0.734939,0.091830,0.448778
1.4065,5853,Virtual,Middle_PIP,-17.849080,1.252750,21.067940,-0.103810,-0.882830,-0.125950,0.440421
1.4065,5853,Virtual,Middle_DIP,-17.865450,1.254755,21.090220,0.275646,-0.845095,-0.298897,0.347124
1.4065,5853,Virtual,Middle_FingerTip,-17.882620,1.235698,21.102160,0.275646,-0.845095,-0.298897,0.347124
1.4065,5853,Virtual,Ring_MCP,-17.827920,1.198089,21.052630,-0.512250,-0.740503,0.085485,0.426554
1.4065,5853,Virtual,Ring_PIP,-17.833110,1.236787,21.077950,-0.118792,-0.892543,-0.118162,0.418681
1.4065,5853,Virtual,Ring_DIP,-17.849470,1.239766,21.098380,0.260282,-0.861973,-0.280471,0.332554
1.4065,5853,Virtual,Ring_FingerTip,-17.866070,1.223377,21.109410,0.260282,-0.861973,-0.280471,0.332554
1.4065,5853,Virtual,Pinky_MCP,-17.816820,1.183614,21.065570,-0.517563,-0.745736,0.079608,0.411910
1.4065,5853,Virtual,Pinky_PIP,-17.821730,1.216588,21.086520,-0.121140,-0.899621,-0.116724,0.402967
1.4065,5853,Virtual,Pinky_DIP,-17.833580,1.218861,21.100340,0.261066,-0.869389,-0.272674,0.318836
1.4065,5853,Virtual,Pinky_FingerTip,-17.846230,1.206833,21.108230,0.261066,-0.869389,-0.272674,0.318836
1.4065,5853,Render,Wrist,-17.869960,1.103168,21.022940,-0.693235,-0.556409,0.219157,0.402249
1.4065,5853,Render,Thumb_CMC,-17.885550,1.146991,21.014170,-0.111272,-0.478312,0.712602,0.501033
1.4065,5853,Render,Thumb_MCP,-17.906320,1.183021,21.028260,-0.074906,-0.485338,0.672814,0.553316
1.4065,5853,Render,Thumb_IP,-17.924780,1.223092,21.049650,-0.008640,-0.491008,0.591878,0.639153
1.4065,5853,Render,Thumb_FingerTip,-17.929990,1.244897,21.067240,-0.008640,-0.491008,0.591878,0.639153
1.4065,5853,Render,Index_MCP,-17.866130,1.217651,21.023980,-0.558210,-0.665231,0.156177,0.470615
1.4065,5853,Render,Index_PIP,-17.863030,1.259313,21.045130,-0.356878,-0.791687,0.022692,0.495333
1.4065,5853,Render,Index_DIP,-17.869640,1.274563,21.065070,-0.152331,-0.854942,-0.099190,0.485831
1.4065,5853,Render,Index_FingerTip,-17.882590,1.278978,21.088220,-0.152331,-0.854942,-0.099190,0.485831
1.4065,5853,Render,Middle_MCP,-17.843950,1.209586,21.037950,-0.571134,-0.681155,0.136322,0.437322
1.4065,5853,Render,Middle_PIP,-17.842110,1.256968,21.061200,-0.359849,-0.812819,0.009706,0.457974
1.4065,5853,Render,Middle_DIP,-17.851020,1.273430,21.081640,-0.145037,-0.877001,-0.105188,0.445836
1.4065,5853,Render,Middle_FingerTip,-17.866880,1.277975,21.104630,-0.145037,-0.877001,-0.105188,0.445836
1.4065,5853,Render,Ring_MCP,-17.827920,1.198089,21.052630,-0.581286,-0.687641,0.126229,0.416320
1.4065,5853,Render,Ring_PIP,-17.826880,1.240182,21.072440,-0.369754,-0.820991,0.006864,0.434982
1.4065,5853,Render,Ring_DIP,-17.836050,1.256333,21.091130,-0.154476,-0.887063,-0.101283,0.423081
1.4065,5853,Render,Ring_FingerTip,-17.851380,1.261193,21.111300,-0.154476,-0.887063,-0.101283,0.423081
1.4065,5853,Render,Pinky_MCP,-17.816820,1.183614,21.065570,-0.557839,-0.716107,0.102168,0.406901
1.4065,5853,Render,Pinky_PIP,-17.818650,1.218343,21.084030,-0.288882,-0.860547,-0.038509,0.417761
1.4065,5853,Render,Pinky_DIP,-17.827530,1.226874,21.097630,-0.017923,-0.907564,-0.161846,0.387057
1.4065,5853,Render,Pinky_FingerTip,-17.840930,1.225097,21.111200,-0.017923,-0.907564,-0.161846,0.387057
1.4205,5854,Real,Wrist,-17.870390,1.104434,21.038990,-0.698932,-0.562512,0.191534,0.397982
1.4205,5854,Real,Thumb_CMC,-17.884740,1.148729,21.030480,-0.053808,-0.466090,0.686382,0.555649
1.4205,5854,Real,Thumb_MCP,-17.901280,1.184426,21.049980,0.084427,-0.461527,0.494549,0.731633
1.4205,5854,Real,Thumb_IP,-17.897120,1.216086,21.087190,0.307070,-0.354744,0.054581,0.881412
1.4205,5854,Real,Thumb_FingerTip,-17.875970,1.212619,21.105970,0.307070,-0.354744,0.054581,0.881412
1.4205,5854,Real,Index_MCP,-17.864590,1.218773,21.042890,-0.539517,-0.692137,0.114459,0.465583
1.4205,5854,Real,Index_PIP,-17.863860,1.258738,21.067290,-0.244087,-0.842943,-0.066522,0.474809
1.4205,5854,Real,Index_DIP,-17.875020,1.267779,21.088910,0.052950,-0.875973,-0.222004,0.424950
1.4205,5854,Real,Index_FingerTip,-17.892060,1.260208,21.108300,0.052950,-0.875973,-0.222004,0.424950
1.4205,5854,Real,Middle_MCP,-17.843300,1.209981,21.057780,-0.504216,-0.742086,0.066975,0.436565
1.4205,5854,Real,Middle_PIP,-17.849130,1.252586,21.088430,-0.104175,-0.891108,-0.142370,0.418098
1.4205,5854,Real,Middle_DIP,-17.866550,1.254432,21.109910,0.278822,-0.852751,-0.304466,0.319961
1.4205,5854,Real,Middle_FingerTip,-17.884660,1.235461,21.120540,0.278822,-0.852751,-0.304466,0.319961
1.4205,5854,Real,Ring_MCP,-17.828250,1.197858,21.072970,-0.516668,-0.746833,0.060496,0.414290
1.4205,5854,Real,Ring_PIP,-17.833960,1.236104,21.098850,-0.119952,-0.900176,-0.134775,0.396398
1.4205,5854,Real,Ring_DIP,-17.851270,1.238978,21.118510,0.262283,-0.869432,-0.286370,0.305431
1.4205,5854,Real,Ring_FingerTip,-17.868710,1.222698,21.128330,0.262283,-0.869432,-0.286370,0.305431
1.4205,5854,Real,Pinky_MCP,-17.818060,1.182890,21.086110,-0.522051,-0.751573,0.054550,0.399532
1.4205,5854,Real,Pinky_PIP,-17.823410,1.215502,21.107510,-0.122586,-0.906847,-0.133350,0.380551
1.4205,5854,Real,Pinky_DIP,-17.835890,1.217719,21.120770,0.262638,-0.876596,-0.278531,0.291585
1.4205,5854,Real,Pinky_FingerTip,-17.849140,1.205786,21.127760,0.262638,-0.876596,-0.278531,0.291585
1.4205,5854,Virtual,Wrist,-17.870110,1.103663,21.031040,-0.696041,-0.559708,0.204346,0.400622
1.4205,5854,Virtual,Thumb_CMC,-17.885040,1.147752,21.022460,-0.046144,-0.456288,0.691549,0.558062
1.4205,5854,Virtual,Thumb_MCP,-17.901410,1.183494,21.042020,0.088900,-0.449916,0.498788,0.735448
1.4205,5854,Virtual,Thumb_IP,-17.896630,1.215543,21.078820,0.305029,-0.342470,0.056296,0.886850
1.4205,5854,Virtual,Thumb_FingerTip,-17.875000,1.212435,21.097110,0.305029,-0.342470,0.056296,0.886850
1.4205,5854,Virtual,Index_MCP,-17.865210,1.218078,21.033730,-0.537343,-0.688189,0.126251,0.470872
1.4205,5854,Virtual,Index_PIP,-17.864230,1.258280,21.057720,-0.243534,-0.838470,-0.057535,0.484097
1.4205,5854,Virtual,Index_DIP,-17.874940,1.267434,21.079520,0.051970,-0.871573,-0.216656,0.436715
1.4205,5854,Virtual,Index_FingerTip,-17.891440,1.259907,21.099390,0.051970,-0.871573,-0.216656,0.436715
1.4205,5854,Virtual,Middle_MCP,-17.843490,1.209609,21.048170,-0.502270,-0.738560,0.078457,0.442831
1.4205,5854,Virtual,Middle_PIP,-17.848940,1.252455,21.078550,-0.104078,-0.887081,-0.135083,0.428961
1.4205,5854,Virtual,Middle_DIP,-17.865850,1.254361,21.100430,0.277222,-0.849054,-0.302403,0.332878
1.4205,5854,Virtual,Middle_FingerTip,-17.883530,1.235342,21.111680,0.277222,-0.849054,-0.302403,0.332878
1.4205,5854,Virtual,Ring_MCP,-17.827960,1.197759,21.063100,-0.514673,-0.743659,0.072057,0.420584
1.4205,5854,Virtual,Ring_PIP,-17.833380,1.236202,21.088760,-0.119620,-0.896442,-0.127348,0.407267
1.4205,5854,Virtual,Ring_DIP,-17.850230,1.239119,21.108800,0.261044,-0.865894,-0.284091,0.318396
1.4205,5854,Virtual,Ring_FingerTip,-17.867290,1.222788,21.119200,0.261044,-0.865894,-0.284091,0.318396
1.4205,5854,Virtual,Pinky_MCP,-17.817340,1.183004,21.076130,-0.520037,-0.748629,0.066136,0.405885
1.4205,5854,Virtual,Pinky_PIP,-17.822440,1.215774,21.097350,-0.122133,-0.903309,-0.125926,0.391483
1.4205,5854,Virtual,Pinky_DIP,-17.834620,1.218013,21.110890,0.261589,-0.873187,-0.276281,0.304607
1.4205,5854,Virtual,Pinky_FingerTip,-17.847600,1.206036,21.118310,0.261589,-0.873187,-0.276281,0.304607
1.4205,5854,Render,Wrist,-17.870110,1.103663,21.031040,-0.696041,-0.559708,0.204346,0.400622
1.4205,5854,Render,Thumb_CMC,-17.885040,1.147752,21.022460,-0.119266,-0.489611,0.705333,0.498561
1.4205,5854,Render,Thumb_MCP,-17.905870,1.183763,21.036510,-0.082026,-0.497207,0.665751,0.550302
1.4205,5854,Render,Thumb_IP,-17.924550,1.223688,21.057990,-0.014090,-0.503731,0.585288,0.635213
1.4205,5854,Render,Thumb_FingerTip,-17.930040,1.245284,21.075760,-0.014090,-0.503731,0.585288,0.635213
1.4205,5854,Render,Index_MCP,-17.865210,1.218078,21.033730,-0.560278,-0.669649,0.142081,0.466340
1.4205,5854,Render,Index_PIP,-17.862270,1.259423,21.055520,-0.357670,-0.796500,0.010284,0.487395
1.4205,5854,Render,Index_DIP,-17.869250,1.274472,21.075480,-0.151921,-0.859803,-0.109279,0.475098
1.4205,5854,Render,Index_FingerTip,-17.882770,1.278707,21.098350,-0.151921,-0.859803,-0.109279,0.475098
1.4205,5854,Render,Middle_MCP,-17.843490,1.209609,21.048170,-0.573240,-0.684939,0.122115,0.432832
1.4205,5854,Render,Middle_PIP,-17.841800,1.256657,21.072090,-0.360824,-0.817038,-0.002699,0.449720
1.4205,5854,Render,Middle_DIP,-17.851090,1.272934,21.092510,-0.144925,-0.881330,-0.115133,0.434741
1.4205,5854,Render,Middle_FingerTip,-17.867500,1.277330,21.115140,-0.144925,-0.881330,-0.115133,0.434741
1.4205,5854,Render,Ring_MCP,-17.827960,1.197759,21.063100,-0.583431,-0.691032,0.111948,0.411766
1.4205,5854,Render,Ring_PIP,-17.827040,1.239573,21.083510,-0.370884,-0.824840,-0.005613,0.426675
1.4205,5854,Render,Ring_DIP,-17.836540,1.255565,21.102160,-0.154616,-0.891073,-0.111310,0.411939
1.4205,5854,Render,Ring_FingerTip,-17.852360,1.260308,21.121990,-0.154616,-0.891073,-0.111310,0.411939
1.4205,5854,Render,Pinky_MCP,-17.817340,1.183004,21.076130,-0.559874,-0.719323,0.088052,0.401701
1.4205,5854,Render,Pinky_PIP,-17.819320,1.217502,21.095000,-0.289735,-0.864255,-0.050102,0.408174
1.4205,5854,Render,Pinky_DIP,-17.828470,1.225939,21.108480,-0.017626,-0.911358,-0.170036,0.374439
1.4205,5854,Render,Pinky_FingerTip,-17.842250,1.224115,21.121680,-0.017626,-0.911358,-0.170036,0.374439
1.4341,5855,Real,Wrist,-17.870770,1.104990,21.047210,-0.701297,-0.564505,0.178899,0.396877
1.4341,5855,Real,Thumb_CMC,-17.884510,1.149516,21.038920,-0.060084,-0.475719,0.680346,0.554266
1.4341,5855,Real,Thumb_MCP,-17.901130,1.185143,21.058480,0.081210,-0.472571,0.489212,0.728528
1.4341,5855,Real,Thumb_IP,-17.897470,1.216329,21.096130,0.309876,-0.365917,0.051631,0.876023
1.4341,5855,Real,Thumb_FingerTip,-17.876750,1.212444,21.115320,0.309876,-0.365917,0.051631,0.876023
1.4341,5855,Real,Index_MCP,-17.863990,1.219216,21.052570,-0.541297,-0.695155,0.102466,0.461799
1.4341,5855,Real,Index_PIP,-17.863400,1.258889,21.077440,-0.244921,-0.846319,-0.076088,0.466871
1.4341,5855,Real,Index_DIP,-17.874930,1.267806,21.098920,0.053015,-0.879450,-0.228219,0.414336
1.4341,5855,Real,Index_FingerTip,-17.892440,1.260210,21.117870,0.053015,-0.879450,-0.228219,0.414336
1.4341,5855,Real,Middle_MCP,-17.843100,1.210049,21.067800,-0.506043,-0.744583,0.055299,0.431809
1.4341,5855,Real,Middle_PIP,-17.849170,1.252364,21.098800,-0.105198,-0.894101,-0.150271,0.408577
1.4341,5855,Real,Middle_DIP,-17.867020,1.254175,21.119930,0.278666,-0.856054,-0.307479,0.308178
1.4341,5855,Real,Middle_FingerTip,-17.885550,1.235310,21.130010,0.278666,-0.856054,-0.307479,0.308178
1.4341,5855,Real,Ring_MCP,-17.828490,1.197609,21.083160,-0.518418,-0.749101,0.048674,0.409537
1.4341,5855,Real,Ring_PIP,-17.834400,1.235608,21.109370,-0.120778,-0.902953,-0.143008,0.386832
1.4341,5855,Real,Ring_DIP,-17.852090,1.238439,21.128680,0.262415,-0.872381,-0.289832,0.293407
1.4341,5855,Real,Ring_FingerTip,-17.869900,1.222239,21.137970,0.262415,-0.872381,-0.289832,0.293407
1.4341,5855,Real,Pinky_MCP,-17.818730,1.182394,21.096350,-0.523845,-0.753624,0.042714,0.394733
1.4341,5855,Real,Pinky_PIP,-17.824220,1.214808,21.118010,-0.123552,-0.909449,-0.141579,0.370936
1.4341,5855,Real,Pinky_DIP,-17.836960,1.217004,21.131030,0.262567,-0.879443,-0.281974,0.279516
1.4341,5855,Real,Pinky_FingerTip,-17.850480,1.205136,21.137610,0.262567,-0.879443,-0.281974,0.279516
1.4341,5855,Virtual,Wrist,-17.870400,1.104434,21.039000,-0.698932,-0.562512,0.191534,0.397981
1.4341,5855,Virtual,Thumb_CMC,-17.884740,1.148729,21.030490,-0.053740,-0.466105,0.686314,0.555726
1.4341,5855,Virtual,Thumb_MCP,-17.901280,1.184424,21.049990,0.084475,-0.461525,0.494495,0.731665
1.4341,5855,Virtual,Thumb_IP,-17.897120,1.216080,21.087200,0.307082,-0.354743,0.054590,0.881407
1.4341,5855,Virtual,Thumb_FingerTip,-17.875960,1.212613,21.105980,0.307082,-0.354743,0.054590,0.881407
1.4341,5855,Virtual,Index_MCP,-17.864600,1.218773,21.042900,-0.539517,-0.692137,0.114459,0.465583
1.4341,5855,Virtual,Index_PIP,-17.863870,1.258737,21.067300,-0.244387,-0.842856,-0.066353,0.474832
1.4341,5855,Virtual,Index_DIP,-17.875020,1.267795,21.088910,0.052357,-0.876008,-0.221717,0.425100
1.4341,5855,Virtual,Index_FingerTip,-17.892050,1.260256,21.108320,0.052357,-0.876008,-0.221717,0.425100
1.4341,5855,Virtual,Middle_MCP,-17.843310,1.209980,21.057780,-0.504363,-0.741987,0.067061,0.436552
1.4341,5855,Virtual,Middle_PIP,-17.849120,1.252595,21.088420,-0.104906,-0.891022,-0.142026,0.418214
1.4341,5855,Virtual,Middle_DIP,-17.866530,1.254485,21.109910,0.277643,-0.853136,-0.304024,0.320381
1.4341,5855,Virtual,Middle_FingerTip,-17.884660,1.235565,21.120600,0.277643,-0.853136,-0.304024,0.320381
1.4341,5855,Virtual,Ring_MCP,-17.828250,1.197858,21.072970,-0.516657,-0.746840,0.060490,0.414291
1.4341,5855,Virtual,Ring_PIP,-17.833970,1.236103,21.098860,-0.120239,-0.900137,-0.134649,0.396441
1.4341,5855,Virtual,Ring_DIP,-17.851270,1.238993,21.118520,0.261745,-0.869594,-0.286181,0.305608
1.4341,5855,Virtual,Ring_FingerTip,-17.868720,1.222735,21.128360,0.261745,-0.869594,-0.286181,0.305608
1.4341,5855,Virtual,Pinky_MCP,-17.818070,1.182890,21.086110,-0.522040,-0.751581,0.054544,0.399532
1.4341,5855,Virtual,Pinky_PIP,-17.823410,1.215501,21.107520,-0.122875,-0.906808,-0.133228,0.380594
1.4341,5855,Virtual,Pinky_DIP,-17.835890,1.217729,21.120780,0.262095,-0.876759,-0.278350,0.291758
1.4341,5855,Virtual,Pinky_FingerTip,-17.849150,1.205812,21.127790,0.262095,-0.876759,-0.278350,0.291758
1.4341,5855,Render,Wrist,-17.870400,1.104434,21.039000,-0.698932,-0.562512,0.191534,0.397981
1.4341,5855,Render,Thumb_CMC,-17.884740,1.148729,21.030490,-0.127821,-0.497898,0.699445,0.496524
1.4341,5855,Render,Thumb_MCP,-17.905570,1.184818,21.044350,-0.089932,-0.506116,0.660034,0.547827
1.4341,5855,Render,Thumb_IP,-17.924380,1.224738,21.065710,-0.020720,-0.513626,0.579957,0.631988
1.4341,5855,Render,Thumb_FingerTip,-17.930090,1.246237,21.083530,-0.020720,-0.513626,0.579957,0.631988
1.4341,5855,Render,Index_MCP,-17.864600,1.218773,21.042900,-0.562584,-0.673522,0.130117,0.461452
1.4341,5855,Render,Index_PIP,-17.861850,1.259884,21.065150,-0.358839,-0.800853,0.000094,0.479446
1.4341,5855,Render,Index_DIP,-17.869180,1.274805,21.085080,-0.151990,-0.864310,-0.117214,0.464897
1.4341,5855,Render,Index_FingerTip,-17.883210,1.278941,21.107650,-0.151990,-0.864310,-0.117214,0.464897
1.4341,5855,Render,Middle_MCP,-17.843310,1.209980,21.057780,-0.575528,-0.688254,0.110066,0.427738
1.4341,5855,Render,Middle_PIP,-17.841810,1.256786,21.082190,-0.362102,-0.820858,-0.012863,0.441485
1.4341,5855,Render,Middle_DIP,-17.851450,1.272950,21.102540,-0.145207,-0.885348,-0.122914,0.424225
1.4341,5855,Render,Middle_FingerTip,-17.868370,1.277275,21.124810,-0.145207,-0.885348,-0.122914,0.424225
1.4341,5855,Render,Ring_MCP,-17.828250,1.197858,21.072970,-0.585721,-0.694000,0.099838,0.406606
1.4341,5855,Render,Ring_PIP,-17.827470,1.239469,21.093790,-0.372269,-0.828324,-0.015837,0.418384
1.4341,5855,Render,Ring_DIP,-17.837290,1.255366,21.112360,-0.155093,-0.894791,-0.119157,0.401370
1.4341,5855,Render,Ring_FingerTip,-17.853540,1.260059,21.131850,-0.155093,-0.894791,-0.119157,0.401370
1.4341,5855,Render,Pinky_MCP,-17.818070,1.182890,21.086110,-0.562044,-0.722153,0.076138,0.395985
1.4341,5855,Render,Pinky_PIP,-17.820220,1.217225,21.105260,-0.290845,-0.867645,-0.059448,0.398832
1.4341,5855,Render,Pinky_DIP,-17.829620,1.225613,21.118590,-0.017670,-0.914925,-0.176155,0.362727
1.4341,5855,Render,Pinky_FingerTip,-17.843730,1.223785,21.131430,-0.017670,-0.914925,-0.176155,0.362727
1.4480,5856,Real,Wrist,-17.870780,1.105446,21.054940,-0.703249,-0.566075,0.168381,0.395788
1.4480,5856,Real,Thumb_CMC,-17.884030,1.150156,21.046820,-0.065756,-0.483539,0.675603,0.552655
1.4480,5856,Real,Thumb_MCP,-17.900730,1.185738,21.066380,0.078150,-0.481691,0.485013,0.725692
1.4480,5856,Real,Thumb_IP,-17.897520,1.216562,21.104380,0.311992,-0.375226,0.049169,0.871464
1.4480,5856,Real,Thumb_FingerTip,-17.877190,1.212331,21.123890,0.311992,-0.375226,0.049169,0.871464
1.4480,5856,Real,Index_MCP,-17.863200,1.219559,21.061490,-0.543132,-0.697311,0.092742,0.458436
1.4480,5856,Real,Index_PIP,-17.862710,1.259012,21.086710,-0.245222,-0.849177,-0.084198,0.460082
1.4480,5856,Real,Index_DIP,-17.874560,1.267811,21.108060,0.054256,-0.882209,-0.233843,0.405071
1.4480,5856,Real,Index_FingerTip,-17.892480,1.260139,21.126610,0.054256,-0.882209,-0.233843,0.405071
1.4480,5856,Real,Middle_MCP,-17.842660,1.210083,21.077010,-0.508078,-0.746229,0.045915,0.427659
1.4480,5856,Real,Middle_PIP,-17.848890,1.252198,21.108250,-0.106040,-0.896524,-0.156771,0.400528
1.4480,5856,Real,Middle_DIP,-17.867080,1.253988,21.129080,0.279092,-0.858550,-0.310074,0.298085
1.4480,5856,Real,Middle_FingerTip,-17.885950,1.235195,21.138660,0.279092,-0.858550,-0.310074,0.298085
1.4480,5856,Real,Ring_MCP,-17.828420,1.197383,21.092510,-0.520268,-0.750630,0.039093,0.405399
1.4480,5856,Real,Ring_PIP,-17.834470,1.235206,21.118940,-0.121101,-0.905240,-0.149919,0.378683
1.4480,5856,Real,Ring_DIP,-17.852490,1.237990,21.137960,0.263610,-0.874434,-0.292943,0.282950
1.4480,5856,Real,Ring_FingerTip,-17.870570,1.221819,21.146740,0.263610,-0.874434,-0.292943,0.282950
1.4480,5856,Real,Pinky_MCP,-17.819030,1.181968,21.105720,-0.525730,-0.754968,0.033115,0.390559
1.4480,5856,Real,Pinky_PIP,-17.824620,1.214241,21.127570,-0.123987,-0.911589,-0.148479,0.362749
1.4480,5856,Real,Pinky_DIP,-17.837570,1.216412,21.140380,0.263605,-0.881408,-0.285051,0.269033
1.4480,5856,Real,Pinky_FingerTip,-17.851300,1.204571,21.146590,0.263605,-0.881408,-0.285051,0.269033
1.4480,5856,Virtual,Wrist,-17.870780,1.104990,21.047220,-0.701298,-0.564504,0.178899,0.396878
1.4480,5856,Virtual,Thumb_CMC,-17.884520,1.149516,21.038920,-0.060358,-0.475656,0.680614,0.553961
1.4480,5856,Virtual,Thumb_MCP,-17.901160,1.185149,21.058460,0.081014,-0.472577,0.489426,0.728403
1.4480,5856,Virtual,Thumb_IP,-17.897530,1.216353,21.096100,0.309830,-0.365920,0.051593,0.876040
1.4480,5856,Virtual,Thumb_FingerTip,-17.876810,1.212467,21.115280,0.309830,-0.365920,0.051593,0.876040
1.4480,5856,Virtual,Index_MCP,-17.863990,1.219216,21.052570,-0.541639,-0.694888,0.102692,0.461749
1.4480,5856,Virtual,Index_PIP,-17.863380,1.258907,21.077410,-0.244736,-0.846373,-0.076191,0.466854
1.4480,5856,Virtual,Index_DIP,-17.874910,1.267814,21.098890,0.053771,-0.879404,-0.228576,0.414139
1.4480,5856,Virtual,Index_FingerTip,-17.892430,1.260177,21.117830,0.053771,-0.879404,-0.228576,0.414139
1.4480,5856,Virtual,Middle_MCP,-17.843110,1.210049,21.067810,-0.506668,-0.744158,0.055660,0.431762
1.4480,5856,Virtual,Middle_PIP,-17.849110,1.252407,21.098760,-0.105746,-0.894037,-0.150023,0.408669
1.4480,5856,Virtual,Middle_DIP,-17.866960,1.254249,21.119900,0.278317,-0.856168,-0.307354,0.308303
1.4480,5856,Virtual,Middle_FingerTip,-17.885490,1.235399,21.130000,0.278317,-0.856168,-0.307354,0.308303
1.4480,5856,Virtual,Ring_MCP,-17.828500,1.197609,21.083170,-0.518797,-0.748839,0.048880,0.409513
1.4480,5856,Virtual,Ring_PIP,-17.834370,1.235629,21.109350,-0.120607,-0.902975,-0.143082,0.386805
1.4480,5856,Virtual,Ring_DIP,-17.852070,1.238451,21.128660,0.263124,-0.872167,-0.290071,0.293170
1.4480,5856,Virtual,Ring_FingerTip,-17.869860,1.222222,21.137920,0.263124,-0.872167,-0.290071,0.293170
1.4480,5856,Virtual,Pinky_MCP,-17.818740,1.182393,21.096350,-0.524225,-0.753359,0.042912,0.394711
1.4480,5856,Virtual,Pinky_PIP,-17.824200,1.214826,21.118000,-0.123381,-0.909472,-0.141650,0.370909
1.4480,5856,Virtual,Pinky_DIP,-17.836940,1.217015,21.131020,0.263282,-0.879229,-0.282202,0.279286
1.4480,5856,Virtual,Pinky_FingerTip,-17.850450,1.205125,21.137580,0.263282,-0.879229,-0.282202,0.279286
1.4480,5856,Render,Wrist,-17.870780,1.104990,21.047220,-0.701298,-0.564504,0.178899,0.396878
1.4480,5856,Render,Thumb_CMC,-17.884520,1.149516,21.038920,-0.134793,-0.506600,0.692781,0.495219
1.4480,5856,Render,Thumb_MCP,-17.905300,1.185642,21.052750,-0.096228,-0.515319,0.653487,0.546024
1.4480,5856,Render,Thumb_IP,-17.924190,1.225495,21.074180,-0.025715,-0.523595,0.573714,0.629317
1.4480,5856,Render,Thumb_FingerTip,-17.930070,1.246842,21.092120,-0.025715,-0.523595,0.573714,0.629317
1.4480,5856,Render,Index_MCP,-17.863990,1.219216,21.052570,-0.564465,-0.676477,0.118003,0.458076
1.4480,5856,Render,Index_PIP,-17.861330,1.260041,21.075360,-0.359849,-0.804209,-0.010651,0.472911
1.4480,5856,Render,Index_DIP,-17.868950,1.274803,21.095300,-0.152148,-0.867810,-0.126033,0.455932
1.4480,5856,Render,Index_FingerTip,-17.883420,1.278815,21.117620,-0.152148,-0.867810,-0.126033,0.455932
1.4480,5856,Render,Middle_MCP,-17.843110,1.210049,21.067810,-0.577458,-0.690670,0.097890,0.424187
1.4480,5856,Render,Middle_PIP,-17.841690,1.256556,21.092780,-0.363287,-0.823715,-0.023577,0.434696
1.4480,5856,Render,Middle_DIP,-17.851620,1.272577,21.113110,-0.145640,-0.888410,-0.131588,0.414971
1.4480,5856,Render,Middle_FingerTip,-17.868970,1.276810,21.135060,-0.145640,-0.888410,-0.131588,0.414971
1.4480,5856,Render,Ring_MCP,-17.828500,1.197609,21.083170,-0.587691,-0.696082,0.087621,0.403005
1.4480,5856,Render,Ring_PIP,-17.827770,1.238969,21.104490,-0.373590,-0.830867,-0.026593,0.411562
1.4480,5856,Render,Ring_DIP,-17.837840,1.254747,21.123030,-0.155742,-0.897583,-0.127883,0.392092
1.4480,5856,Render,Ring_FingerTip,-17.854450,1.259373,21.142210,-0.155742,-0.897583,-0.127883,0.392092
1.4480,5856,Render,Pinky_MCP,-17.818740,1.182393,21.096350,-0.563958,-0.724095,0.064064,0.391834
1.4480,5856,Render,Pinky_PIP,-17.820980,1.216526,21.115850,-0.292006,-0.870112,-0.069462,0.390913
1.4480,5856,Render,Pinky_DIP,-17.830580,1.224852,21.129070,-0.018039,-0.917625,-0.183339,0.352172
1.4480,5856,Render,Pinky_FingerTip,-17.844980,1.223012,21.141580,-0.018039,-0.917625,-0.183339,0.352172
1.4620,5857,Real,Wrist,-17.870680,1.105634,21.063380,-0.704495,-0.566913,0.157144,0.396993
1.4620,5857,Real,Thumb_CMC,-17.883370,1.150576,21.055670,-0.069496,-0.492119,0.669084,0.552554
1.4620,5857,Real,Thumb_MCP,-17.900040,1.186047,21.075460,0.077143,-0.490979,0.478709,0.723759
1.4620,5857,Real,Thumb_IP,-17.897120,1.216308,21.113930,0.315935,-0.383661,0.044511,0.866607
1.4620,5857,Real,Thumb_FingerTip,-17.877120,1.211598,21.133680,0.315935,-0.383661,0.044511,0.866607
1.4620,5857,Real,Index_MCP,-17.862110,1.219568,21.071620,-0.544170,-0.698737,0.081667,0.457140
1.4620,5857,Real,Index_PIP,-17.861640,1.258676,21.097370,-0.245655,-0.850886,-0.094000,0.454764
1.4620,5857,Real,Index_DIP,-17.873730,1.267307,21.118660,0.054422,-0.883964,-0.241289,0.396769
1.4620,5857,Real,Index_FingerTip,-17.892000,1.259569,21.136820,0.054422,-0.883964,-0.241289,0.396769
1.4620,5857,Real,Middle_MCP,-17.841920,1.209684,21.087320,-0.509283,-0.747217,0.034959,0.425529
1.4620,5857,Real,Middle_PIP,-17.848200,1.251445,21.119020,-0.106771,-0.897944,-0.165453,0.393603
1.4620,5857,Real,Middle_DIP,-17.866700,1.253150,21.139590,0.278919,-0.860179,-0.315023,0.288197
1.4620,5857,Real,Middle_FingerTip,-17.885900,1.234432,21.148650,0.278919,-0.860179,-0.315023,0.288197
1.4620,5857,Real,Ring_MCP,-17.828040,1.196637,21.102860,-0.521430,-0.751451,0.028024,0.403296
1.4620,5857,Real,Ring_PIP,-17.834140,1.234157,21.129710,-0.121605,-0.906520,-0.158878,0.371740
1.4620,5857,Real,Ring_DIP,-17.852420,1.236854,21.148490,0.263816,-0.875767,-0.298278,0.272880
1.4620,5857,Real,Ring_FingerTip,-17.870790,1.220732,21.156750,0.263816,-0.875767,-0.298278,0.272880
1.4620,5857,Real,Pinky_MCP,-17.818990,1.180954,21.116000,-0.526968,-0.755605,0.022043,0.388433
1.4620,5857,Real,Pinky_PIP,-17.824620,1.212982,21.138200,-0.124641,-0.912742,-0.157428,0.355785
1.4620,5857,Real,Pinky_DIP,-17.837750,1.215101,21.150840,0.263622,-0.882688,-0.290365,0.258949
1.4620,5857,Real,Pinky_FingerTip,-17.851680,1.203304,21.156660,0.263622,-0.882688,-0.290365,0.258949
1.4620,5857,Virtual,Wrist,-17.870790,1.105446,21.054940,-0.703249,-0.566075,0.168381,0.395788
1.4620,5857,Virtual,Thumb_CMC,-17.884030,1.150156,21.046820,-0.065741,-0.483543,0.675587,0.552672
1.4620,5857,Virtual,Thumb_MCP,-17.900730,1.185738,21.066390,0.078232,-0.481680,0.484896,0.725770
1.4620,5857,Virtual,Thumb_IP,-17.897510,1.216553,21.104390,0.312147,-0.375099,0.048817,0.871483
1.4620,5857,Virtual,Thumb_FingerTip,-17.877160,1.212304,21.123890,0.312147,-0.375099,0.048817,0.871483
1.4620,5857,Virtual,Index_MCP,-17.863200,1.219559,21.061490,-0.543304,-0.697177,0.092855,0.458413
1.4620,5857,Virtual,Index_PIP,-17.862700,1.259021,21.086700,-0.245431,-0.849117,-0.084085,0.460103
1.4620,5857,Virtual,Index_DIP,-17.874540,1.267831,21.108060,0.054038,-0.882222,-0.233744,0.405128
1.4620,5857,Virtual,Index_FingerTip,-17.892450,1.260171,21.126600,0.054038,-0.882222,-0.233744,0.405128
1.4620,5857,Virtual,Middle_MCP,-17.842660,1.210083,21.077010,-0.508334,-0.746054,0.046061,0.427643
1.4620,5857,Virtual,Middle_PIP,-17.848860,1.252216,21.108230,-0.106467,-0.896474,-0.156581,0.400603
1.4620,5857,Virtual,Middle_DIP,-17.867060,1.254030,21.129070,0.278580,-0.858716,-0.309896,0.298269
1.4620,5857,Virtual,Middle_FingerTip,-17.885930,1.235258,21.138680,0.278580,-0.858716,-0.309896,0.298269
1.4620,5857,Virtual,Ring_MCP,-17.828430,1.197383,21.092520,-0.520362,-0.750565,0.039144,0.405394
1.4620,5857,Virtual,Ring_PIP,-17.834470,1.235211,21.118940,-0.121058,-0.905245,-0.149937,0.378676
1.4620,5857,Virtual,Ring_DIP,-17.852480,1.237993,21.137960,0.263787,-0.874380,-0.293001,0.282890
1.4620,5857,Virtual,Ring_FingerTip,-17.870560,1.221815,21.146730,0.263787,-0.874380,-0.293001,0.282890
1.4620,5857,Virtual,Pinky_MCP,-17.819030,1.181968,21.105730,-0.525824,-0.754902,0.033163,0.390555
1.4620,5857,Virtual,Pinky_PIP,-17.824620,1.214245,21.127570,-0.123944,-0.911595,-0.148496,0.362742
1.4620,5857,Virtual,Pinky_DIP,-17.837570,1.216415,21.140380,0.263783,-0.881355,-0.285106,0.268975
1.4620,5857,Virtual,Pinky_FingerTip,-17.851290,1.204568,21.146580,0.263783,-0.881355,-0.285106,0.268975
1.4620,5857,Render,Wrist,-17.870790,1.105446,21.054940,-0.703249,-0.566075,0.168381,0.395788
1.4620,5857,Render,Thumb_CMC,-17.884030,1.150156,21.046820,-0.140693,-0.513715,0.687190,0.494036
1.4620,5857,Render,Thumb_MCP,-17.904770,1.186318,21.060620,-0.101575,-0.522858,0.648001,0.544423
1.4620,5857,Render,Thumb_IP,-17.923720,1.226121,21.082080,-0.029995,-0.531788,0.568495,0.626989
1.4620,5857,Render,Thumb_FingerTip,-17.929760,1.247347,21.100110,-0.029995,-0.531788,0.568495,0.626989
1.4620,5857,Render,Index_MCP,-17.863200,1.219559,21.061490,-0.566038,-0.678849,0.107947,0.455096
1.4620,5857,Render,Index_PIP,-17.860620,1.260148,21.084710,-0.360719,-0.806918,-0.019521,0.467315
1.4620,5857,Render,Index_DIP,-17.868490,1.274784,21.104650,-0.152328,-0.870650,-0.133265,0.448336
1.4620,5857,Render,Index_FingerTip,-17.883330,1.278705,21.126740,-0.152328,-0.870650,-0.133265,0.448336
1.4620,5857,Render,Middle_MCP,-17.842660,1.210083,21.077010,-0.579065,-0.692592,0.087788,0.421062
1.4620,5857,Render,Middle_PIP,-17.841330,1.256343,21.102440,-0.364298,-0.826007,-0.032417,0.428893
1.4620,5857,Render,Middle_DIP,-17.851490,1.272254,21.122740,-0.146045,-0.890882,-0.138695,0.407141
1.4620,5857,Render,Middle_FingerTip,-17.869200,1.276422,21.144410,-0.146045,-0.890882,-0.138695,0.407141
1.4620,5857,Render,Ring_MCP,-17.828430,1.197383,21.092520,-0.589325,-0.697725,0.077487,0.399840
1.4620,5857,Render,Ring_PIP,-17.827760,1.238537,21.114230,-0.374710,-0.832897,-0.035466,0.405732
1.4620,5857,Render,Ring_DIP,-17.838030,1.254222,21.132740,-0.156323,-0.899826,-0.135032,0.384243
1.4620,5857,Render,Ring_FingerTip,-17.854950,1.258803,21.151670,-0.156323,-0.899826,-0.135032,0.384243
1.4620,5857,Render,Pinky_MCP,-17.819030,1.181968,21.105730,-0.565546,-0.725621,0.054058,0.388215
1.4620,5857,Render,Pinky_PIP,-17.821350,1.215935,21.125500,-0.292999,-0.872078,-0.077703,0.384181
1.4620,5857,Render,Pinky_DIP,-17.831130,1.224215,21.138630,-0.018398,-0.919799,-0.189185,0.343281
1.4620,5857,Render,Pinky_FingerTip,-17.845760,1.222375,21.150860,-0.018398,-0.919799,-0.189185,0.343281
1.4800,5858,Real,Wrist,-17.870820,1.105659,21.072260,-0.706808,-0.566841,0.144522,0.397779
1.4800,5858,Real,Thumb_CMC,-17.882800,1.150863,21.064950,-0.074541,-0.501133,0.662014,0.552312
1.4800,5858,Real,Thumb_MCP,-17.899430,1.186255,21.084920,0.074970,-0.501069,0.471985,0.721485
1.4800,5858,Real,Thumb_IP,-17.896860,1.215963,21.123840,0.319223,-0.393429,0.039805,0.861235
1.4800,5858,Real,Thumb_FingerTip,-17.877280,1.210759,21.143880,0.319223,-0.393429,0.039805,0.861235
1.4800,5858,Real,Index_MCP,-17.860940,1.219350,21.082210,-0.546798,-0.699308,0.069511,0.455135
1.4800,5858,Real,Index_PIP,-17.860370,1.258126,21.108460,-0.247883,-0.852393,-0.104541,0.448387
1.4800,5858,Real,Index_DIP,-17.872700,1.266661,21.129640,0.052829,-0.886132,-0.249076,0.387222
1.4800,5858,Real,Index_FingerTip,-17.891380,1.258954,21.147400,0.052829,-0.886132,-0.249076,0.387222
1.4800,5858,Real,Middle_MCP,-17.841150,1.208992,21.098130,-0.511964,-0.747515,0.022907,0.422599
1.4800,5858,Real,Middle_PIP,-17.847410,1.250432,21.130250,-0.108826,-0.899468,-0.174871,0.385402
1.4800,5858,Real,Middle_DIP,-17.866240,1.252122,21.150520,0.277851,-0.862372,-0.320195,0.276749
1.4800,5858,Real,Middle_FingerTip,-17.885840,1.233545,21.158990,0.277851,-0.862372,-0.320195,0.276749
1.4800,5858,Real,Ring_MCP,-17.827720,1.195557,21.113730,-0.524147,-0.751477,0.015924,0.400374
1.4800,5858,Real,Ring_PIP,-17.833770,1.232810,21.140950,-0.123686,-0.907827,-0.168447,0.363563
1.4800,5858,Real,Ring_DIP,-17.852350,1.235499,21.159440,0.262745,-0.877732,-0.303698,0.261382
1.4800,5858,Real,Ring_FingerTip,-17.871060,1.219503,21.167170,0.262745,-0.877732,-0.303698,0.261382
1.4800,5858,Real,Pinky_MCP,-17.819110,1.179581,21.126810,-0.529762,-0.755421,0.009955,0.385477
1.4800,5858,Real,Pinky_PIP,-17.824690,1.211396,21.149320,-0.126884,-0.913898,-0.166964,0.347584
1.4800,5858,Real,Pinky_DIP,-17.838000,1.213521,21.161760,0.262343,-0.884582,-0.295740,0.247446
1.4800,5858,Real,Pinky_FingerTip,-17.852180,1.201825,21.167170,0.262343,-0.884582,-0.295740,0.247446
1.4800,5858,Virtual,Wrist,-17.870680,1.105633,21.063390,-0.704495,-0.566913,0.157144,0.396992
1.4800,5858,Virtual,Thumb_CMC,-17.883370,1.150575,21.055670,-0.069211,-0.492237,0.669600,0.551860
1.4800,5858,Virtual,Thumb_MCP,-17.900110,1.186019,21.075460,0.077472,-0.491004,0.479372,0.723267
1.4800,5858,Virtual,Thumb_IP,-17.897260,1.216288,21.113930,0.316263,-0.383491,0.045261,0.866525
1.4800,5858,Virtual,Thumb_FingerTip,-17.877260,1.211611,21.133690,0.316263,-0.383491,0.045261,0.866525
1.4800,5858,Virtual,Index_MCP,-17.862120,1.219567,21.071620,-0.544686,-0.698335,0.082005,0.457079
1.4800,5858,Virtual,Index_PIP,-17.861600,1.258703,21.097340,-0.246284,-0.850705,-0.093663,0.454833
1.4800,5858,Virtual,Index_DIP,-17.873660,1.267367,21.118620,0.053769,-0.884004,-0.240996,0.396947
1.4800,5858,Virtual,Index_FingerTip,-17.891930,1.259663,21.136800,0.053769,-0.884004,-0.240996,0.396947
1.4800,5858,Virtual,Middle_MCP,-17.841920,1.209683,21.087330,-0.509730,-0.746913,0.035214,0.425508
1.4800,5858,Virtual,Middle_PIP,-17.848160,1.251475,21.119000,-0.107123,-0.897902,-0.165298,0.393667
1.4800,5858,Virtual,Middle_DIP,-17.866650,1.253200,21.139580,0.278742,-0.860236,-0.314963,0.288262
1.4800,5858,Virtual,Middle_FingerTip,-17.885850,1.234489,21.148650,0.278742,-0.860236,-0.314963,0.288262
1.4800,5858,Virtual,Ring_MCP,-17.828050,1.196637,21.102870,-0.521797,-0.751196,0.028221,0.403282
1.4800,5858,Virtual,Ring_PIP,-17.834100,1.234178,21.129700,-0.121722,-0.906505,-0.158830,0.371760
1.4800,5858,Virtual,Ring_DIP,-17.852390,1.236880,21.148470,0.263986,-0.875716,-0.298330,0.272822
1.4800,5858,Virtual,Ring_FingerTip,-17.870750,1.220752,21.156740,0.263986,-0.875716,-0.298330,0.272822
1.4800,5858,Virtual,Pinky_MCP,-17.819000,1.180954,21.116010,-0.527337,-0.755348,0.022233,0.388422
1.4800,5858,Virtual,Pinky_PIP,-17.824590,1.212999,21.138190,-0.124759,-0.912727,-0.157381,0.355805
1.4800,5858,Virtual,Pinky_DIP,-17.837720,1.215123,21.150830,0.263793,-0.882637,-0.290414,0.258893
1.4800,5858,Virtual,Pinky_FingerTip,-17.851650,1.203320,21.156650,0.263793,-0.882637,-0.290414,0.258893
1.4800,5858,Render,Wrist,-17.870680,1.105633,21.063390,-0.704495,-0.566913,0.157144,0.396992
1.4800,5858,Render,Thumb_CMC,-17.883370,1.150575,21.055670,-0.145080,-0.521557,0.680177,0.494257
1.4800,5858,Render,Thumb_MCP,-17.903980,1.186744,21.069650,-0.105358,-0.531008,0.640991,0.544115
1.4800,5858,Render,Thumb_IP,-17.922890,1.226432,21.091360,-0.032641,-0.540374,0.561591,0.625737
1.4800,5858,Render,Thumb_FingerTip,-17.929010,1.247467,21.109590,-0.032641,-0.540374,0.561591,0.625737
1.4800,5858,Render,Index_MCP,-17.862120,1.219567,21.071620,-0.566955,-0.680380,0.096724,0.454192
1.4800,5858,Render,Index_PIP,-17.859520,1.259810,21.095430,-0.361186,-0.808640,-0.030079,0.463402
1.4800,5858,Render,Index_DIP,-17.867560,1.274248,21.115450,-0.152361,-0.872434,-0.142545,0.441958
1.4800,5858,Render,Index_FingerTip,-17.882700,1.278010,21.137360,-0.152361,-0.872434,-0.142545,0.441958
1.4800,5858,Render,Middle_MCP,-17.841920,1.209683,21.087330,-0.580123,-0.693657,0.076532,0.420048
1.4800,5858,Render,Middle_PIP,-17.840550,1.255577,21.113410,-0.365020,-0.827323,-0.042949,0.424797
1.4800,5858,Render,Middle_DIP,-17.850880,1.271308,21.133760,-0.146414,-0.892337,-0.147867,0.400540
1.4800,5858,Render,Middle_FingerTip,-17.868880,1.275350,21.155220,-0.146414,-0.892337,-0.147867,0.400540
1.4800,5858,Render,Ring_MCP,-17.828050,1.196637,21.102870,-0.590473,-0.698505,0.066218,0.398808
1.4800,5858,Render,Ring_PIP,-17.827330,1.237482,21.125160,-0.375599,-0.833962,-0.046016,0.401641
1.4800,5858,Render,Ring_DIP,-17.837740,1.253012,21.143720,-0.156919,-0.901079,-0.144237,0.377662
1.4800,5858,Render,Ring_FingerTip,-17.854910,1.257497,21.162450,-0.156919,-0.901079,-0.144237,0.377662
1.4800,5858,Render,Pinky_MCP,-17.819000,1.180954,21.116010,-0.566726,-0.726261,0.042839,0.386692
1.4800,5858,Render,Pinky_PIP,-17.821310,1.214668,21.136220,-0.293900,-0.873074,-0.087782,0.379025
1.4800,5858,Render,Pinky_DIP,-17.831210,1.222862,21.149310,-0.018959,-0.921019,-0.197258,0.335344
1.4800,5858,Render,Pinky_FingerTip,-17.846050,1.220997,21.161280,-0.018959,-0.921019,-0.197258,0.335344
1.4919,5859,Real,Wrist,-17.871160,1.105543,21.081710,-0.709839,-0.565870,0.130780,0.398518
1.4919,5859,Real,Thumb_CMC,-17.882270,1.151031,21.074810,-0.080871,-0.510261,0.653354,0.553373
1.4919,5859,Real,Thumb_MCP,-17.898720,1.186406,21.094970,0.071580,-0.511647,0.463393,0.719973
1.4919,5859,Real,Thumb_IP,-17.896420,1.215531,21.134340,0.321680,-0.404263,0.033174,0.855566
1.4919,5859,Real,Thumb_FingerTip,-17.877290,1.209737,21.154670,0.321680,-0.404263,0.033174,0.855566
1.4919,5859,Real,Index_MCP,-17.859670,1.218913,21.093440,-0.549802,-0.699615,0.055891,0.452918
1.4919,5859,Real,Index_PIP,-17.858970,1.257309,21.120240,-0.250558,-0.853793,-0.116362,0.441269
1.4919,5859,Real,Index_DIP,-17.871560,1.265749,21.141310,0.050780,-0.888349,-0.257819,0.376547
1.4919,5859,Real,Index_FingerTip,-17.890700,1.258099,21.158600,0.050780,-0.888349,-0.257819,0.376547
1.4919,5859,Real,Middle_MCP,-17.840340,1.208019,21.109570,-0.515146,-0.747466,0.009541,0.419320
1.4919,5859,Real,Middle_PIP,-17.846550,1.249108,21.142160,-0.111672,-0.900894,-0.185210,0.376321
1.4919,5859,Real,Middle_DIP,-17.865730,1.250821,21.162100,0.275864,-0.864858,-0.325781,0.264172
1.4919,5859,Real,Middle_FingerTip,-17.885770,1.232447,21.169940,0.275864,-0.864858,-0.325781,0.264172
1.4919,5859,Real,Ring_MCP,-17.827430,1.194157,21.125230,-0.527449,-0.751074,0.002595,0.397089
1.4919,5859,Real,Ring_PIP,-17.833400,1.231123,21.152860,-0.126809,-0.908974,-0.178810,0.354560
1.4919,5859,Real,Ring_DIP,-17.852270,1.233856,21.171040,0.260376,-0.880068,-0.309411,0.248900
1.4919,5859,Real,Ring_FingerTip,-17.871380,1.218058,21.178190,0.260376,-0.880068,-0.309411,0.248900
1.4919,5859,Real,Pinky_MCP,-17.819320,1.177865,21.138240,-0.533143,-0.754792,-0.003334,0.382148
1.4919,5859,Real,Pinky_PIP,-17.824810,1.209453,21.161100,-0.130180,-0.914880,-0.177272,0.338560
1.4919,5859,Real,Pinky_DIP,-17.838330,1.211620,21.173310,0.259748,-0.886839,-0.301395,0.234967
1.4919,5859,Real,Pinky_FingerTip,-17.852790,1.200080,21.178300,0.259748,-0.886839,-0.301395,0.234967
1.4919,5859,Virtual,Wrist,-17.870820,1.105660,21.072260,-0.706807,-0.566841,0.144523,0.397779
1.4919,5859,Virtual,Thumb_CMC,-17.882800,1.150864,21.064950,-0.074541,-0.501132,0.662015,0.552311
1.4919,5859,Virtual,Thumb_MCP,-17.899440,1.186255,21.084920,0.074970,-0.501068,0.471986,0.721485
1.4919,5859,Virtual,Thumb_IP,-17.896870,1.215964,21.123840,0.319223,-0.393429,0.039806,0.861235
1.4919,5859,Virtual,Thumb_FingerTip,-17.877280,1.210760,21.143880,0.319223,-0.393429,0.039806,0.861235
1.4919,5859,Virtual,Index_MCP,-17.860950,1.219351,21.082210,-0.546798,-0.699309,0.069512,0.455135
1.4919,5859,Virtual,Index_PIP,-17.860370,1.258127,21.108460,-0.247883,-0.852394,-0.104540,0.448387
1.4919,5859,Virtual,Index_DIP,-17.872700,1.266662,21.129640,0.052830,-0.886132,-0.249075,0.387223
1.4919,5859,Virtual,Index_FingerTip,-17.891390,1.258954,21.147400,0.052830,-0.886132,-0.249075,0.387223
1.4919,5859,Virtual,Middle_MCP,-17.841150,1.208992,21.098130,-0.511963,-0.747515,0.022908,0.422599
1.4919,5859,Virtual,Middle_PIP,-17.847410,1.250432,21.130250,-0.108826,-0.899468,-0.174870,0.385403
1.4919,5859,Virtual,Middle_DIP,-17.866240,1.252123,21.150530,0.277851,-0.862371,-0.320195,0.276749
1.4919,5859,Virtual,Middle_FingerTip,-17.885840,1.233546,21.159000,0.277851,-0.862371,-0.320195,0.276749
1.4919,5859,Virtual,Ring_MCP,-17.827730,1.195558,21.113730,-0.524147,-0.751477,0.015925,0.400374
1.4919,5859,Virtual,Ring_PIP,-17.833780,1.232811,21.140950,-0.123685,-0.907827,-0.168446,0.363564
1.4919,5859,Virtual,Ring_DIP,-17.852350,1.235500,21.159450,0.262745,-0.877732,-0.303697,0.261383
1.4919,5859,Virtual,Ring_FingerTip,-17.871060,1.219504,21.167160,0.262745,-0.877732,-0.303697,0.261383
1.4919,5859,Virtual,Pinky_MCP,-17.819120,1.179582,21.126810,-0.529762,-0.755421,0.009956,0.385477
1.4919,5859,Virtual,Pinky_PIP,-17.824690,1.211397,21.149330,-0.126883,-0.913898,-0.166963,0.347585
1.4919,5859,Virtual,Pinky_DIP,-17.838010,1.213522,21.161760,0.262343,-0.884582,-0.295740,0.247447
1.4919,5859,Virtual,Pinky_FingerTip,-17.852180,1.201826,21.167170,0.262343,-0.884582,-0.295740,0.247447
1.4919,5859,Render,Wrist,-17.870820,1.105660,21.072260,-0.706807,-0.566841,0.144523,0.397779
1.4919,5859,Render,Thumb_CMC,-17.882800,1.150864,21.064950,-0.150788,-0.530058,0.672035,0.494642
1.4919,5859,Render,Thumb_MCP,-17.903220,1.187076,21.079080,-0.110409,-0.539915,0.632844,0.543885
1.4919,5859,Render,Thumb_IP,-17.922050,1.226674,21.101020,-0.036443,-0.549883,0.553549,0.624408
1.4919,5859,Render,Thumb_FingerTip,-17.928260,1.247517,21.119440,-0.036443,-0.549883,0.553549,0.624408
1.4919,5859,Render,Index_MCP,-17.860950,1.219351,21.082210,-0.569097,-0.681285,0.084174,0.452653
1.4919,5859,Render,Index_PIP,-17.858250,1.259232,21.106610,-0.363003,-0.810092,-0.041741,0.458517
1.4919,5859,Render,Index_DIP,-17.866450,1.273504,21.126670,-0.153767,-0.874286,-0.152656,0.434368
1.4919,5859,Render,Index_FingerTip,-17.881930,1.277169,21.148370,-0.153767,-0.874286,-0.152656,0.434368
1.4919,5859,Render,Middle_MCP,-17.841150,1.208992,21.098130,-0.582405,-0.694039,0.064001,0.418352
1.4919,5859,Render,Middle_PIP,-17.839650,1.254510,21.124860,-0.367106,-0.828323,-0.054519,0.419693
1.4919,5859,Render,Middle_DIP,-17.850130,1.270099,21.145240,-0.148184,-0.893827,-0.157792,0.392704
1.4919,5859,Render,Middle_FingerTip,-17.868460,1.274089,21.166430,-0.148184,-0.893827,-0.157792,0.392704
1.4919,5859,Render,Ring_MCP,-17.827730,1.195558,21.113730,-0.592839,-0.698563,0.053702,0.397075
1.4919,5859,Render,Ring_PIP,-17.826880,1.236087,21.136590,-0.377857,-0.834669,-0.057573,0.396532
1.4919,5859,Render,Ring_DIP,-17.837410,1.251501,21.155170,-0.158932,-0.902324,-0.154165,0.369845
1.4919,5859,Render,Ring_FingerTip,-17.854850,1.255959,21.173650,-0.158932,-0.902324,-0.154165,0.369845
1.4919,5859,Render,Pinky_MCP,-17.819120,1.179582,21.126810,-0.569151,-0.726206,0.030424,0.384404
1.4919,5859,Render,Pinky_PIP,-17.821340,1.213049,21.147430,-0.296206,-0.873825,-0.098737,0.372750
1.4919,5859,Render,Pinky_DIP,-17.831380,1.221196,21.160460,-0.020935,-0.922427,-0.205831,0.326076
1.4919,5859,Render,Pinky_FingerTip,-17.846440,1.219364,21.172150,-0.020935,-0.922427,-0.205831,0.326076
1.5041,5860,Real,Wrist,-17.871570,1.105389,21.090560,-0.712092,-0.566173,0.116561,0.398481
1.5041,5860,Real,Thumb_CMC,-17.881940,1.151116,21.084090,-0.087786,-0.519972,0.644821,0.553290
1.5041,5860,Real,Thumb_MCP,-17.898280,1.186457,21.104390,0.067730,-0.522963,0.455352,0.717341
1.5041,5860,Real,Thumb_IP,-17.896400,1.215015,21.144190,0.324014,-0.416044,0.027793,0.849206
1.5041,5860,Real,Thumb_FingerTip,-17.877820,1.208676,21.164850,0.324014,-0.416044,0.027793,0.849206
1.5041,5860,Real,Index_MCP,-17.858830,1.218414,21.104170,-0.551792,-0.701016,0.042042,0.449817
1.5041,5860,Real,Index_PIP,-17.858190,1.256413,21.131530,-0.252190,-0.855744,-0.127914,0.433291
1.5041,5860,Real,Index_DIP,-17.871100,1.264739,21.152450,0.049613,-0.890750,-0.265903,0.365237
1.5041,5860,Real,Index_FingerTip,-17.890690,1.257136,21.169240,0.049613,-0.890750,-0.265903,0.365237
1.5041,5860,Real,Middle_MCP,-17.840000,1.207031,21.120540,-0.517118,-0.748476,-0.004108,0.415159
1.5041,5860,Real,Middle_PIP,-17.846360,1.247728,21.153580,-0.113109,-0.902681,-0.195332,0.366359
1.5041,5860,Real,Middle_DIP,-17.865930,1.249421,21.173150,0.275174,-0.867125,-0.330762,0.250938
1.5041,5860,Real,Middle_FingerTip,-17.886380,1.231218,21.180310,0.275174,-0.867125,-0.330762,0.250938
1.5041,5860,Real,Ring_MCP,-17.827600,1.192773,21.136270,-0.529446,-0.751777,-0.011101,0.392931
1.5041,5860,Real,Ring_PIP,-17.833680,1.229412,21.164310,-0.128280,-0.910509,-0.189096,0.344617
1.5041,5860,Real,Ring_DIP,-17.852900,1.232133,21.182120,0.259657,-0.882077,-0.314662,0.235597
1.5041,5860,Real,Ring_FingerTip,-17.872360,1.216489,21.188630,0.259657,-0.882077,-0.314662,0.235597
1.5041,5860,Real,Pinky_MCP,-17.819990,1.176190,21.149210,-0.535209,-0.755258,-0.017012,0.377953
1.5041,5860,Real,Pinky_PIP,-17.825550,1.207514,21.172410,-0.131820,-0.916235,-0.187525,0.328591
1.5041,5860,Real,Pinky_DIP,-17.839300,1.209685,21.184360,0.258802,-0.888754,-0.306605,0.221655
1.5041,5860,Real,Pinky_FingerTip,-17.854010,1.198267,21.188870,0.258802,-0.888754,-0.306605,0.221655
1.5041,5860,Virtual,Wrist,-17.871160,1.105543,21.081720,-0.709839,-0.565870,0.130779,0.398518
1.5041,5860,Virtual,Thumb_CMC,-17.882280,1.151030,21.074820,-0.081455,-0.510065,0.653120,0.553745
1.5041,5860,Virtual,Thumb_MCP,-17.898670,1.186441,21.094950,0.070895,-0.511640,0.463158,0.720197
1.5041,5860,Virtual,Thumb_IP,-17.896350,1.215594,21.134300,0.320988,-0.404683,0.033066,0.855632
1.5041,5860,Virtual,Thumb_FingerTip,-17.877250,1.209802,21.154650,0.320988,-0.404683,0.033066,0.855632
1.5041,5860,Virtual,Index_MCP,-17.859670,1.218913,21.093450,-0.549802,-0.699615,0.055891,0.452917
1.5041,5860,Virtual,Index_PIP,-17.858980,1.257309,21.120240,-0.250862,-0.853704,-0.116205,0.441310
1.5041,5860,Virtual,Index_DIP,-17.871560,1.265764,21.141310,0.050179,-0.888383,-0.257565,0.376720
1.5041,5860,Virtual,Index_FingerTip,-17.890680,1.258145,21.158630,0.050179,-0.888383,-0.257565,0.376720
1.5041,5860,Virtual,Middle_MCP,-17.840350,1.208019,21.109580,-0.515050,-0.747532,0.009487,0.419320
1.5041,5860,Virtual,Middle_PIP,-17.846570,1.249101,21.142170,-0.111710,-0.900889,-0.185194,0.376328
1.5041,5860,Virtual,Middle_DIP,-17.865740,1.250817,21.162110,0.275694,-0.864913,-0.325729,0.264235
1.5041,5860,Virtual,Middle_FingerTip,-17.885790,1.232449,21.169960,0.275694,-0.864913,-0.325729,0.264235
1.5041,5860,Virtual,Ring_MCP,-17.827430,1.194156,21.125240,-0.527270,-0.751200,0.002499,0.397089
1.5041,5860,Virtual,Ring_PIP,-17.833410,1.231113,21.152880,-0.126606,-0.909003,-0.178889,0.354520
1.5041,5860,Virtual,Ring_DIP,-17.852290,1.233835,21.171050,0.260559,-0.880014,-0.309463,0.248835
1.5041,5860,Virtual,Ring_FingerTip,-17.871400,1.218030,21.178190,0.260559,-0.880014,-0.309463,0.248835
1.5041,5860,Virtual,Pinky_MCP,-17.819320,1.177865,21.138250,-0.532963,-0.754919,-0.003426,0.382147
1.5041,5860,Virtual,Pinky_PIP,-17.824830,1.209444,21.161110,-0.129976,-0.914909,-0.177348,0.338520
1.5041,5860,Virtual,Pinky_DIP,-17.838350,1.211604,21.173320,0.259933,-0.886785,-0.301443,0.234904
1.5041,5860,Virtual,Pinky_FingerTip,-17.852800,1.200059,21.178300,0.259933,-0.886785,-0.301443,0.234904
1.5041,5860,Render,Wrist,-17.871160,1.105543,21.081720,-0.709839,-0.565870,0.130779,0.398518
1.5041,5860,Render,Thumb_CMC,-17.882280,1.151030,21.074820,-0.157837,-0.538108,0.662920,0.496050
1.5041,5860,Render,Thumb_MCP,-17.902390,1.187369,21.089070,-0.116832,-0.548473,0.623648,0.544602
1.5041,5860,Render,Thumb_IP,-17.921000,1.226958,21.111220,-0.041650,-0.559229,0.544341,0.623876
1.5041,5860,Render,Thumb_FingerTip,-17.927210,1.247642,21.129810,-0.041650,-0.559229,0.544341,0.623876
1.5041,5860,Render,Index_MCP,-17.859670,1.218913,21.093450,-0.572109,-0.681494,0.070489,0.450876
1.5041,5860,Render,Index_PIP,-17.856810,1.258405,21.118450,-0.365846,-0.811110,-0.054431,0.453095
1.5041,5860,Render,Index_DIP,-17.865150,1.272529,21.138560,-0.156274,-0.875969,-0.163635,0.426006
1.5041,5860,Render,Index_FingerTip,-17.880980,1.276144,21.160010,-0.156274,-0.875969,-0.163635,0.426006
1.5041,5860,Render,Middle_MCP,-17.840350,1.208019,21.109580,-0.585568,-0.693679,0.050378,0.416391
1.5041,5860,Render,Middle_PIP,-17.838630,1.253133,21.136970,-0.370245,-0.828854,-0.067064,0.414032
1.5041,5860,Render,Middle_DIP,-17.849240,1.268607,21.157370,-0.151090,-0.895127,-0.168522,0.384083
1.5041,5860,Render,Middle_FingerTip,-17.867900,1.272598,21.178270,-0.151090,-0.895127,-0.168522,0.384083
1.5041,5860,Render,Ring_MCP,-17.827430,1.194156,21.125240,-0.596089,-0.697849,0.040121,0.395065
1.5041,5860,Render,Ring_PIP,-17.826370,1.234347,21.148670,-0.381178,-0.834876,-0.070078,0.390864
1.5041,5860,Render,Ring_DIP,-17.837010,1.249671,21.167280,-0.162098,-0.903349,-0.164872,0.361252
1.5041,5860,Render,Ring_FingerTip,-17.854720,1.254154,21.185490,-0.162098,-0.903349,-0.164872,0.361252
1.5041,5860,Render,Pinky_MCP,-17.819320,1.177865,21.138250,-0.572495,-0.725398,0.016975,0.381785
1.5041,5860,Render,Pinky_PIP,-17.821410,1.211077,21.159290,-0.299629,-0.874171,-0.110557,0.365821
1.5041,5860,Render,Pinky_DIP,-17.831550,1.219203,21.172240,-0.024096,-0.923781,-0.215033,0.315925
1.5041,5860,Render,Pinky_FingerTip,-17.846860,1.217453,21.183620,-0.024096,-0.923781,-0.215033,0.315925
1.5179,5861,Real,Wrist,-17.872000,1.104520,21.100500,-0.714227,-0.566401,0.099647,0.398923
1.5179,5861,Real,Thumb_CMC,-17.881490,1.150515,21.094620,-0.094657,-0.531768,0.634610,0.552750
1.5179,5861,Real,Thumb_MCP,-17.897790,1.185741,21.115150,0.064599,-0.536250,0.445743,0.713846
1.5179,5861,Real,Thumb_IP,-17.896440,1.213547,21.155510,0.328068,-0.429079,0.021292,0.841314
1.5179,5861,Real,Thumb_FingerTip,-17.878460,1.206544,21.176490,0.328068,-0.429079,0.021292,0.841314
1.5179,5861,Real,Index_MCP,-17.857850,1.217066,21.116470,-0.553638,-0.702428,0.025459,0.446578
1.5179,5861,Real,Index_PIP,-17.857290,1.254553,21.144530,-0.253380,-0.857741,-0.142110,0.424128
1.5179,5861,Real,Index_DIP,-17.870580,1.262707,21.165290,0.049161,-0.893031,-0.276202,0.351842
1.5179,5861,Real,Index_FingerTip,-17.890690,1.255116,21.181460,0.049161,-0.893031,-0.276202,0.351842
1.5179,5861,Real,Middle_MCP,-17.839600,1.205093,21.133090,-0.519096,-0.749314,-0.020423,0.410673
1.5179,5861,Real,Middle_PIP,-17.846140,1.245286,21.166710,-0.114476,-0.904338,-0.207732,0.354847
1.5179,5861,Real,Middle_DIP,-17.866150,1.246939,21.185810,0.274626,-0.869202,-0.337204,0.235292
1.5179,5861,Real,Middle_FingerTip,-17.887040,1.228938,21.192150,0.274626,-0.869202,-0.337204,0.235292
1.5179,5861,Real,Ring_MCP,-17.827810,1.190360,21.148840,-0.531565,-0.752185,-0.027419,0.388465
1.5179,5861,Real,Ring_PIP,-17.834010,1.226582,21.177400,-0.129979,-0.911838,-0.201582,0.333199
1.5179,5861,Real,Ring_DIP,-17.853610,1.229288,21.194790,0.258660,-0.883990,-0.321309,0.220039
1.5179,5861,Real,Ring_FingerTip,-17.873460,1.213841,21.200530,0.258660,-0.883990,-0.321309,0.220039
1.5179,5861,Real,Pinky_MCP,-17.820770,1.173429,21.161660,-0.537418,-0.755385,-0.033314,0.373453
1.5179,5861,Real,Pinky_PIP,-17.826420,1.204416,21.185290,-0.133728,-0.917355,-0.199980,0.317151
1.5179,5861,Real,Pinky_DIP,-17.840420,1.206590,21.196940,0.257527,-0.890564,-0.313215,0.206089
1.5179,5861,Real,Pinky_FingerTip,-17.855410,1.195329,21.200880,0.257527,-0.890564,-0.313215,0.206089
1.5179,5861,Virtual,Wrist,-17.871580,1.105389,21.090560,-0.712091,-0.566173,0.116563,0.398481
1.5179,5861,Virtual,Thumb_CMC,-17.881940,1.151116,21.084090,-0.087785,-0.519971,0.644821,0.553290
1.5179,5861,Virtual,Thumb_MCP,-17.898290,1.186457,21.104390,0.067730,-0.522962,0.455353,0.717341
1.5179,5861,Virtual,Thumb_IP,-17.896410,1.215015,21.144200,0.324014,-0.416043,0.027794,0.849206
1.5179,5861,Virtual,Thumb_FingerTip,-17.877820,1.208677,21.164850,0.324014,-0.416043,0.027794,0.849206
1.5179,5861,Virtual,Index_MCP,-17.858830,1.218414,21.104170,-0.551791,-0.701016,0.042043,0.449817
1.5179,5861,Virtual,Index_PIP,-17.858200,1.256413,21.131530,-0.252190,-0.855744,-0.127913,0.433292
1.5179,5861,Virtual,Index_DIP,-17.871110,1.264739,21.152450,0.049613,-0.890750,-0.265903,0.365238
1.5179,5861,Virtual,Index_FingerTip,-17.890700,1.257137,21.169250,0.049613,-0.890750,-0.265903,0.365238
1.5179,5861,Virtual,Middle_MCP,-17.840000,1.207031,21.120550,-0.517118,-0.748475,-0.004107,0.415159
1.5179,5861,Virtual,Middle_PIP,-17.846360,1.247728,21.153590,-0.113109,-0.902681,-0.195331,0.366360
1.5179,5861,Virtual,Middle_DIP,-17.865930,1.249421,21.173150,0.275174,-0.867125,-0.330762,0.250939
1.5179,5861,Virtual,Middle_FingerTip,-17.886380,1.231218,21.180310,0.275174,-0.867125,-0.330762,0.250939
1.5179,5861,Virtual,Ring_MCP,-17.827600,1.192773,21.136270,-0.529446,-0.751777,-0.011100,0.392932
1.5179,5861,Virtual,Ring_PIP,-17.833680,1.229412,21.164310,-0.128280,-0.910509,-0.189095,0.344618
1.5179,5861,Virtual,Ring_DIP,-17.852900,1.232133,21.182120,0.259658,-0.882077,-0.314661,0.235599
1.5179,5861,Virtual,Ring_FingerTip,-17.872360,1.216489,21.188630,0.259658,-0.882077,-0.314661,0.235599
1.5179,5861,Virtual,Pinky_MCP,-17.819990,1.176191,21.149210,-0.535208,-0.755258,-0.017010,0.377953
1.5179,5861,Virtual,Pinky_PIP,-17.825560,1.207514,21.172410,-0.131820,-0.916235,-0.187524,0.328592
1.5179,5861,Virtual,Pinky_DIP,-17.839300,1.209685,21.184360,0.258802,-0.888754,-0.306604,0.221657
1.5179,5861,Virtual,Pinky_FingerTip,-17.854010,1.198268,21.188870,0.258802,-0.888754,-0.306604,0.221657
1.5179,5861,Render,Wrist,-17.871580,1.105389,21.090560,-0.712091,-0.566173,0.116563,0.398481
1.5179,5861,Render,Thumb_CMC,-17.881940,1.151116,21.084090,-0.165141,-0.546430,0.654064,0.496331
1.5179,5861,Render,Thumb_MCP,-17.901820,1.187551,21.098430,-0.123488,-0.557322,0.614796,0.544215
1.5179,5861,Render,Thumb_IP,-17.920310,1.227109,21.120720,-0.047049,-0.568897,0.535622,0.622296
1.5179,5861,Render,Thumb_FingerTip,-17.926610,1.247633,21.139470,-0.047049,-0.568897,0.535622,0.622296
1.5179,5861,Render,Index_MCP,-17.858830,1.218414,21.104170,-0.574143,-0.682830,0.056549,0.448225
1.5179,5861,Render,Index_PIP,-17.855980,1.257506,21.129790,-0.367441,-0.812948,-0.067130,0.446763
1.5179,5861,Render,Index_DIP,-17.864560,1.271455,21.149930,-0.157371,-0.878141,-0.174398,0.416759
1.5179,5861,Render,Index_FingerTip,-17.880780,1.274980,21.171090,-0.157371,-0.878141,-0.174398,0.416759
1.5179,5861,Render,Middle_MCP,-17.840000,1.207031,21.120550,-0.587718,-0.694417,0.036442,0.413577
1.5179,5861,Render,Middle_PIP,-17.838260,1.251725,21.148610,-0.372106,-0.830159,-0.079673,0.407463
1.5179,5861,Render,Middle_DIP,-17.849100,1.267051,21.169010,-0.152565,-0.896856,-0.179086,0.374569
1.5179,5861,Render,Middle_FingerTip,-17.868140,1.270998,21.189570,-0.152565,-0.896856,-0.179086,0.374569
1.5179,5861,Render,Ring_MCP,-17.827600,1.192773,21.136270,-0.598310,-0.698217,0.026189,0.392215
1.5179,5861,Render,Ring_PIP,-17.826510,1.232610,21.160300,-0.383213,-0.835841,-0.082689,0.384293
1.5179,5861,Render,Ring_DIP,-17.837330,1.247812,21.178890,-0.163829,-0.904788,-0.175458,0.351757
1.5179,5861,Render,Ring_FingerTip,-17.855360,1.252276,21.196800,-0.163829,-0.904788,-0.175458,0.351757
1.5179,5861,Render,Pinky_MCP,-17.819990,1.176191,21.149210,-0.574755,-0.725616,0.003186,0.378322
1.5179,5861,Render,Pinky_PIP,-17.822080,1.209126,21.170680,-0.301689,-0.875126,-0.122418,0.357983
1.5179,5861,Render,Pinky_DIP,-17.832380,1.217205,21.183530,-0.025776,-0.925310,-0.224003,0.304894
1.5179,5861,Render,Pinky_FingerTip,-17.847950,1.215502,21.194570,-0.025776,-0.925310,-0.224003,0.304894
1.5317,5862,Real,Wrist,-17.871880,1.103760,21.110630,-0.716428,-0.564975,0.086896,0.399980
1.5317,5862,Real,Thumb_CMC,-17.880600,1.149969,21.105240,-0.099989,-0.539931,0.626000,0.553717
1.5317,5862,Real,Thumb_MCP,-17.896700,1.185152,21.126000,0.062053,-0.545594,0.437001,0.712396
1.5317,5862,Real,Thumb_IP,-17.895590,1.212360,21.166780,0.330869,-0.438233,0.014025,0.835632
1.5317,5862,Real,Thumb_FingerTip,-17.878050,1.204763,21.187910,0.330869,-0.438233,0.014025,0.835632
1.5317,5862,Real,Index_MCP,-17.856330,1.215850,21.128410,-0.556102,-0.701924,0.012832,0.444848
1.5317,5862,Real,Index_PIP,-17.855660,1.252943,21.156990,-0.255245,-0.858369,-0.153491,0.417725
1.5317,5862,Real,Index_DIP,-17.869170,1.260988,21.177630,0.048189,-0.894217,-0.284993,0.341809
1.5317,5862,Real,Index_FingerTip,-17.889670,1.253429,21.193340,0.048189,-0.894217,-0.284993,0.341809
1.5317,5862,Real,Middle_MCP,-17.838530,1.203376,21.145150,-0.521903,-0.748387,-0.032776,0.407996
1.5317,5862,Real,Middle_PIP,-17.844990,1.243214,21.179200,-0.116930,-0.904872,-0.217631,0.346658
1.5317,5862,Real,Middle_DIP,-17.865290,1.244897,21.198010,0.273021,-0.870589,-0.342869,0.223553
1.5317,5862,Real,Middle_FingerTip,-17.886540,1.227106,21.203720,0.273021,-0.870589,-0.342869,0.223553
1.5317,5862,Real,Ring_MCP,-17.827230,1.188252,21.160890,-0.534571,-0.750873,-0.039695,0.385809
1.5317,5862,Real,Ring_PIP,-17.833310,1.224185,21.189830,-0.132921,-0.912090,-0.211412,0.325160
1.5317,5862,Real,Ring_DIP,-17.853160,1.226951,21.206930,0.256375,-0.885352,-0.327005,0.208547
1.5317,5862,Real,Ring_FingerTip,-17.873320,1.211719,21.212130,0.256375,-0.885352,-0.327005,0.208547
1.5317,5862,Real,Pinky_MCP,-17.820650,1.171042,21.173580,-0.540505,-0.753863,-0.045554,0.370771
1.5317,5862,Real,Pinky_PIP,-17.826190,1.201797,21.197530,-0.136837,-0.917458,-0.209762,0.309105
1.5317,5862,Real,Pinky_DIP,-17.840350,1.204025,21.208980,0.255032,-0.891859,-0.318859,0.194615
1.5317,5862,Real,Pinky_FingerTip,-17.855560,1.192932,21.212520,0.255032,-0.891859,-0.318859,0.194615
1.5317,5862,Virtual,Wrist,-17.872000,1.104519,21.100510,-0.714228,-0.566401,0.099647,0.398923
1.5317,5862,Virtual,Thumb_CMC,-17.881500,1.150514,21.094630,-0.094699,-0.531757,0.634648,0.552711
1.5317,5862,Virtual,Thumb_MCP,-17.897790,1.185742,21.115160,0.064725,-0.536231,0.445566,0.713959
1.5317,5862,Virtual,Thumb_IP,-17.896430,1.213534,21.155530,0.328409,-0.428813,0.020604,0.841334
1.5317,5862,Virtual,Thumb_FingerTip,-17.878430,1.206495,21.176480,0.328409,-0.428813,0.020604,0.841334
1.5317,5862,Virtual,Index_MCP,-17.857850,1.217065,21.116480,-0.553811,-0.702292,0.025569,0.446571
1.5317,5862,Virtual,Index_PIP,-17.857280,1.254562,21.144530,-0.252981,-0.857859,-0.142308,0.424062
1.5317,5862,Virtual,Index_DIP,-17.870580,1.262695,21.165290,0.050149,-0.892976,-0.276591,0.351536
1.5317,5862,Virtual,Index_FingerTip,-17.890690,1.255054,21.181430,0.050149,-0.892976,-0.276591,0.351536
1.5317,5862,Virtual,Middle_MCP,-17.839600,1.205092,21.133100,-0.519384,-0.749114,-0.020265,0.410680
1.5317,5862,Virtual,Middle_PIP,-17.846110,1.245305,21.166700,-0.114361,-0.904352,-0.207777,0.354820
1.5317,5862,Virtual,Middle_DIP,-17.866120,1.246951,21.185810,0.275137,-0.869040,-0.337342,0.235093
1.5317,5862,Virtual,Middle_FingerTip,-17.887010,1.228929,21.192120,0.275137,-0.869040,-0.337342,0.235093
1.5317,5862,Virtual,Ring_MCP,-17.827820,1.190360,21.148860,-0.531935,-0.751924,-0.027228,0.388478
1.5317,5862,Virtual,Ring_PIP,-17.833970,1.226601,21.177390,-0.130096,-0.911822,-0.201539,0.333225
1.5317,5862,Virtual,Ring_DIP,-17.853570,1.229313,21.194780,0.258836,-0.883939,-0.321353,0.219975
1.5317,5862,Virtual,Ring_FingerTip,-17.873410,1.213860,21.200520,0.258836,-0.883939,-0.321353,0.219975
1.5317,5862,Virtual,Pinky_MCP,-17.820780,1.173429,21.161670,-0.537789,-0.755121,-0.033130,0.373469
1.5317,5862,Virtual,Pinky_PIP,-17.826390,1.204432,21.185280,-0.133846,-0.917338,-0.199939,0.317176
1.5317,5862,Virtual,Pinky_DIP,-17.840390,1.206610,21.196940,0.257705,-0.890512,-0.313256,0.206027
1.5317,5862,Virtual,Pinky_FingerTip,-17.855370,1.195344,21.200870,0.257705,-0.890512,-0.313256,0.206027
1.5317,5862,Render,Wrist,-17.872000,1.104519,21.100510,-0.714228,-0.566401,0.099647,0.398923
1.5317,5862,Render,Thumb_CMC,-17.881500,1.150514,21.094630,-0.172837,-0.557009,0.643119,0.496252
1.5317,5862,Render,Thumb_MCP,-17.901160,1.186997,21.109140,-0.130365,-0.568451,0.603889,0.543312
1.5317,5862,Render,Thumb_IP,-17.919570,1.226438,21.131700,-0.052359,-0.580853,0.524937,0.619927
1.5317,5862,Render,Thumb_FingerTip,-17.926010,1.246720,21.150660,-0.052359,-0.580853,0.524937,0.619927
1.5317,5862,Render,Index_MCP,-17.857850,1.217065,21.116480,-0.576035,-0.684182,0.039868,0.445523
1.5317,5862,Render,Index_PIP,-17.855010,1.255641,21.142880,-0.368895,-0.814762,-0.082452,0.439638
1.5317,5862,Render,Index_DIP,-17.863870,1.269361,21.163050,-0.158337,-0.880256,-0.187512,0.406102
1.5317,5862,Render,Index_FingerTip,-17.880550,1.272763,21.183880,-0.158337,-0.880256,-0.187512,0.406102
1.5317,5862,Render,Middle_MCP,-17.839600,1.205092,21.133100,-0.589768,-0.695058,0.019767,0.410704
1.5317,5862,Render,Middle_PIP,-17.837860,1.249242,21.162010,-0.373898,-0.831343,-0.094897,0.400079
1.5317,5862,Render,Middle_DIP,-17.848960,1.264370,21.182420,-0.154004,-0.898451,-0.191979,0.363611
1.5317,5862,Render,Middle_FingerTip,-17.868430,1.268250,21.202590,-0.154004,-0.898451,-0.191979,0.363611
1.5317,5862,Render,Ring_MCP,-17.827820,1.190360,21.148860,-0.600458,-0.698422,0.009520,0.389315
1.5317,5862,Render,Ring_PIP,-17.826690,1.229736,21.173630,-0.385222,-0.836629,-0.097918,0.376920
1.5317,5862,Render,Ring_DIP,-17.837730,1.244772,21.192230,-0.165580,-0.906050,-0.188382,0.340836
1.5317,5862,Render,Ring_FingerTip,-17.856120,1.249201,21.209780,-0.165580,-0.906050,-0.188382,0.340836
1.5317,5862,Render,Pinky_MCP,-17.820780,1.173429,21.161670,-0.576968,-0.725625,-0.013334,0.374698
1.5317,5862,Render,Pinky_PIP,-17.822880,1.206002,21.183690,-0.303774,-0.875868,-0.136802,0.349087
1.5317,5862,Render,Pinky_DIP,-17.833370,1.214012,21.196430,-0.027543,-0.926642,-0.235063,0.292099
1.5317,5862,Render,Pinky_FingerTip,-17.849230,1.212359,21.207050,-0.027543,-0.926642,-0.235063,0.292099
1.5462,5863,Real,Wrist,-17.871690,1.102163,21.120820,-0.715805,-0.563948,0.068125,0.406134
1.5462,5863,Real,Thumb_CMC,-17.879530,1.148657,21.116680,-0.102374,-0.553662,0.612332,0.555002
1.5462,5863,Real,Thumb_MCP,-17.895470,1.183480,21.138160,0.063882,-0.559412,0.423427,0.709710
1.5462,5863,Real,Thumb_IP,-17.894710,1.209444,21.179750,0.339616,-0.449092,0.003435,0.826418
1.5462,5863,Real,Thumb_FingerTip,-17.877710,1.200913,21.200970,0.339616,-0.449092,0.003435,0.826418
1.5462,5863,Real,Index_MCP,-17.854630,1.213382,21.142300,-0.555971,-0.700976,-0.006417,0.446641
1.5462,5863,Real,Index_PIP,-17.853830,1.249614,21.171960,-0.255475,-0.857440,-0.172026,0.412233
1.5462,5863,Real,Index_DIP,-17.867570,1.257305,21.192590,0.047660,-0.893420,-0.300603,0.330405
1.5462,5863,Real,Index_FingerTip,-17.888480,1.249670,21.207700,0.047660,-0.893420,-0.300603,0.330405
1.5462,5863,Real,Middle_MCP,-17.837370,1.200106,21.158980,-0.522065,-0.746902,-0.052273,0.408477
1.5462,5863,Real,Middle_PIP,-17.843770,1.239032,21.194090,-0.117284,-0.903692,-0.235322,0.337950
1.5462,5863,Real,Middle_DIP,-17.864390,1.240499,21.212540,0.272618,-0.869536,-0.355381,0.208064
1.5462,5863,Real,Middle_FingerTip,-17.886040,1.222897,21.217300,0.272618,-0.869536,-0.355381,0.208064
1.5462,5863,Real,Ring_MCP,-17.826620,1.184322,21.174460,-0.534854,-0.749078,-0.059264,0.386395
1.5462,5863,Real,Ring_PIP,-17.832630,1.219480,21.204350,-0.133220,-0.910736,-0.229360,0.316556
1.5462,5863,Real,Ring_DIP,-17.852760,1.222047,21.221150,0.256217,-0.884047,-0.339931,0.193029
1.5462,5863,Real,Ring_FingerTip,-17.873250,1.206973,21.225460,0.256217,-0.884047,-0.339931,0.193029
1.5462,5863,Real,Pinky_MCP,-17.820570,1.166627,21.186740,-0.540985,-0.751783,-0.065102,0.371375
1.5462,5863,Real,Pinky_PIP,-17.826040,1.196748,21.211490,-0.137436,-0.915944,-0.227686,0.300528
1.5462,5863,Real,Pinky_DIP,-17.840380,1.198856,21.222750,0.254539,-0.890535,-0.331765,0.179136
1.5462,5863,Real,Pinky_FingerTip,-17.855830,1.187894,21.225620,0.254539,-0.890535,-0.331765,0.179136
1.5462,5863,Virtual,Wrist,-17.871890,1.103760,21.110640,-0.716428,-0.564976,0.086896,0.399979
1.5462,5863,Virtual,Thumb_CMC,-17.880600,1.149970,21.105250,-0.100290,-0.539849,0.626264,0.553442
1.5462,5863,Virtual,Thumb_MCP,-17.896730,1.185164,21.125970,0.061839,-0.545593,0.437206,0.712289
1.5462,5863,Virtual,Thumb_IP,-17.895630,1.212393,21.166730,0.330826,-0.438234,0.013985,0.835649
1.5462,5863,Virtual,Thumb_FingerTip,-17.878090,1.204796,21.187870,0.330826,-0.438234,0.013985,0.835649
1.5462,5863,Virtual,Index_MCP,-17.856330,1.215850,21.128420,-0.556794,-0.701376,0.013270,0.444834
1.5462,5863,Virtual,Index_PIP,-17.855590,1.252978,21.156950,-0.256090,-0.858117,-0.153079,0.417875
1.5462,5863,Virtual,Index_DIP,-17.869080,1.261066,21.177600,0.047309,-0.894265,-0.284655,0.342088
1.5462,5863,Virtual,Index_FingerTip,-17.889560,1.253551,21.193340,0.047309,-0.894265,-0.284655,0.342088
1.5462,5863,Virtual,Middle_MCP,-17.838540,1.203376,21.145160,-0.522363,-0.748066,-0.032524,0.408015
1.5462,5863,Virtual,Middle_PIP,-17.844950,1.243244,21.179190,-0.117011,-0.904862,-0.217599,0.346676
1.5462,5863,Virtual,Middle_DIP,-17.865240,1.244932,21.197990,0.273357,-0.870484,-0.342954,0.223420
1.5462,5863,Virtual,Middle_FingerTip,-17.886490,1.227127,21.203690,0.273357,-0.870484,-0.342954,0.223420
1.5462,5863,Virtual,Ring_MCP,-17.827230,1.188253,21.160900,-0.534863,-0.750666,-0.039545,0.385823
1.5462,5863,Virtual,Ring_PIP,-17.833290,1.224201,21.189820,-0.132502,-0.912152,-0.211561,0.325062
1.5462,5863,Virtual,Ring_DIP,-17.853140,1.226946,21.206920,0.257457,-0.885039,-0.327258,0.208147
1.5462,5863,Virtual,Ring_FingerTip,-17.873280,1.211673,21.212080,0.257457,-0.885039,-0.327258,0.208147
1.5462,5863,Virtual,Pinky_MCP,-17.820660,1.171042,21.173580,-0.540798,-0.753653,-0.045410,0.370787
1.5462,5863,Virtual,Pinky_PIP,-17.826170,1.201810,21.197520,-0.136415,-0.917522,-0.209903,0.309008
1.5462,5863,Virtual,Pinky_DIP,-17.840330,1.204023,21.208980,0.256122,-0.891547,-0.319096,0.194224
1.5462,5863,Virtual,Pinky_FingerTip,-17.855530,1.192899,21.212480,0.256122,-0.891547,-0.319096,0.194224
1.5462,5863,Render,Wrist,-17.871890,1.103760,21.110640,-0.716428,-0.564976,0.086896,0.399979
1.5462,5863,Render,Thumb_CMC,-17.880600,1.149970,21.105250,-0.178771,-0.564196,0.634079,0.497663
1.5462,5863,Render,Thumb_MCP,-17.899950,1.186540,21.119950,-0.135740,-0.576065,0.594767,0.544037
1.5462,5863,Render,Thumb_IP,-17.918150,1.225938,21.142770,-0.056657,-0.589123,0.515802,0.619413
1.5462,5863,Render,Thumb_FingerTip,-17.924600,1.246052,21.161900,-0.056657,-0.589123,0.515802,0.619413
1.5462,5863,Render,Index_MCP,-17.856330,1.215850,21.128420,-0.578313,-0.683741,0.027082,0.444207
1.5462,5863,Render,Index_PIP,-17.853360,1.254011,21.155400,-0.371208,-0.814956,-0.094402,0.434904
1.5462,5863,Render,Index_DIP,-17.862340,1.267584,21.175620,-0.160532,-0.881009,-0.197940,0.398588
1.5462,5863,Render,Index_FingerTip,-17.879310,1.270948,21.196220,-0.160532,-0.881009,-0.197940,0.398588
1.5462,5863,Render,Middle_MCP,-17.838540,1.203376,21.145160,-0.592205,-0.694089,0.007055,0.409248
1.5462,5863,Render,Middle_PIP,-17.836620,1.247092,21.174720,-0.376507,-0.831089,-0.106708,0.395155
1.5462,5863,Render,Middle_DIP,-17.847820,1.262102,21.195150,-0.156594,-0.898858,-0.202181,0.355889
1.5462,5863,Render,Middle_FingerTip,-17.867560,1.265996,21.215050,-0.156594,-0.898858,-0.202181,0.355889
1.5462,5863,Render,Ring_MCP,-17.827230,1.188253,21.160900,-0.602984,-0.697128,-0.003143,0.387831
1.5462,5863,Render,Ring_PIP,-17.825930,1.227262,21.186230,-0.388006,-0.836080,-0.109684,0.372011
1.5462,5863,Render,Ring_DIP,-17.837050,1.242205,21.204870,-0.168413,-0.906209,-0.198562,0.333161
1.5462,5863,Render,Ring_FingerTip,-17.855660,1.246666,21.222170,-0.168413,-0.906209,-0.198562,0.333161
1.5462,5863,Render,Pinky_MCP,-17.820660,1.171042,21.173580,-0.579614,-0.724226,-0.025883,0.372660
1.5462,5863,Render,Pinky_PIP,-17.822640,1.203337,21.196020,-0.306734,-0.875425,-0.147966,0.343003
1.5462,5863,Render,Pinky_DIP,-17.833210,1.211327,21.208700,-0.030500,-0.927106,-0.243892,0.282952
1.5462,5863,Render,Pinky_FingerTip,-17.849270,1.209767,21.219040,-0.030500,-0.927106,-0.243892,0.282952
1.5594,5864,Real,Wrist,-17.871650,1.101362,21.130750,-0.716300,-0.563414,0.052213,0.408356
1.5594,5864,Real,Thumb_CMC,-17.878740,1.148042,21.127430,-0.107087,-0.564664,0.602491,0.553798
1.5594,5864,Real,Thumb_MCP,-17.894710,1.182655,21.149230,0.063203,-0.571243,0.413610,0.706126
1.5594,5864,Real,Thumb_IP,-17.894460,1.207754,21.191340,0.345938,-0.458956,-0.004773,0.818330
1.5594,5864,Real,Thumb_FingerTip,-17.877960,1.198482,21.212660,0.345938,-0.458956,-0.004773,0.818330
1.5594,5864,Real,Index_MCP,-17.853430,1.211854,21.154870,-0.558737,-0.699299,-0.020902,0.445375
1.5594,5864,Real,Index_PIP,-17.852440,1.247576,21.185140,-0.258056,-0.857095,-0.185291,0.405540
1.5594,5864,Real,Index_DIP,-17.866400,1.255157,21.205660,0.045686,-0.893934,-0.311050,0.319442
1.5594,5864,Real,Index_FingerTip,-17.887700,1.247614,21.220260,0.045686,-0.893934,-0.311050,0.319442
1.5594,5864,Real,Middle_MCP,-17.836700,1.197985,21.171620,-0.524289,-0.745413,-0.067278,0.406146
1.5594,5864,Real,Middle_PIP,-17.843060,1.236373,21.207310,-0.117628,-0.903706,-0.248388,0.328305
1.5594,5864,Real,Middle_DIP,-17.864030,1.237746,21.225380,0.274318,-0.869062,-0.363642,0.192989
1.5594,5864,Real,Middle_FingerTip,-17.885970,1.220281,21.229230,0.274318,-0.869062,-0.363642,0.192989
1.5594,5864,Real,Ring_MCP,-17.826490,1.181730,21.186970,-0.537155,-0.747248,-0.074354,0.384131
1.5594,5864,Real,Ring_PIP,-17.832440,1.216430,21.217400,-0.133589,-0.910532,-0.242596,0.306973
1.5594,5864,Real,Ring_DIP,-17.852880,1.218915,21.233840,0.257995,-0.883376,-0.348449,0.177957
1.5594,5864,Real,Ring_FingerTip,-17.873610,1.203955,21.237310,0.257995,-0.883376,-0.348449,0.177957
1.5594,5864,Real,Pinky_MCP,-17.820950,1.163700,21.199000,-0.543407,-0.749685,-0.080202,0.369118
1.5594,5864,Real,Pinky_PIP,-17.826340,1.193447,21.224220,-0.138021,-0.915571,-0.240889,0.290953
1.5594,5864,Real,Pinky_DIP,-17.840880,1.195512,21.235210,0.256065,-0.889803,-0.340221,0.164105
1.5594,5864,Real,Pinky_FingerTip,-17.856490,1.184643,21.237470,0.256065,-0.889803,-0.340221,0.164105
1.5594,5864,Virtual,Wrist,-17.871700,1.102165,21.120820,-0.715806,-0.563948,0.068125,0.406134
1.5594,5864,Virtual,Thumb_CMC,-17.879540,1.148659,21.116680,-0.102687,-0.553636,0.613339,0.553858
1.5594,5864,Virtual,Thumb_MCP,-17.895580,1.183485,21.138080,0.064175,-0.559410,0.423963,0.709365
1.5594,5864,Virtual,Thumb_IP,-17.894870,1.209456,21.179660,0.340733,-0.448284,0.002477,0.826400
1.5594,5864,Virtual,Thumb_FingerTip,-17.877820,1.200866,21.200830,0.340733,-0.448284,0.002477,0.826400
1.5594,5864,Virtual,Index_MCP,-17.854630,1.213385,21.142300,-0.558385,-0.699055,-0.004877,0.446660
1.5594,5864,Virtual,Index_PIP,-17.853580,1.249739,21.171800,-0.257820,-0.856738,-0.170898,0.412702
1.5594,5864,Virtual,Index_DIP,-17.867240,1.257544,21.192440,0.045788,-0.893518,-0.299910,0.331033
1.5594,5864,Virtual,Index_FingerTip,-17.888130,1.250001,21.207620,0.045788,-0.893518,-0.299910,0.331033
1.5594,5864,Virtual,Middle_MCP,-17.837380,1.200108,21.158990,-0.523663,-0.745783,-0.051398,0.408588
1.5594,5864,Virtual,Middle_PIP,-17.843590,1.239135,21.194010,-0.116902,-0.903742,-0.235464,0.337850
1.5594,5864,Virtual,Middle_DIP,-17.864220,1.240582,21.212460,0.274992,-0.868789,-0.355947,0.207093
1.5594,5864,Virtual,Middle_FingerTip,-17.885810,1.222888,21.217100,0.274992,-0.868789,-0.355947,0.207093
1.5594,5864,Virtual,Ring_MCP,-17.826630,1.184324,21.174460,-0.536357,-0.748003,-0.058487,0.386513
1.5594,5864,Virtual,Ring_PIP,-17.832480,1.219560,21.204290,-0.132533,-0.910836,-0.229599,0.316382
1.5594,5864,Virtual,Ring_DIP,-17.852630,1.222093,21.221080,0.259081,-0.883212,-0.340555,0.191926
1.5594,5864,Virtual,Ring_FingerTip,-17.873060,1.206913,21.225270,0.259081,-0.883212,-0.340555,0.191926
1.5594,5864,Virtual,Pinky_MCP,-17.820580,1.166629,21.186740,-0.542494,-0.750696,-0.064356,0.371505
1.5594,5864,Virtual,Pinky_PIP,-17.825910,1.196814,21.211450,-0.136745,-0.916048,-0.227912,0.300355
1.5594,5864,Virtual,Pinky_DIP,-17.840260,1.198899,21.222690,0.257424,-0.889706,-0.332343,0.178060
1.5594,5864,Virtual,Pinky_FingerTip,-17.855660,1.187856,21.225480,0.257424,-0.889706,-0.332343,0.178060
1.5594,5864,Render,Wrist,-17.871700,1.102165,21.120820,-0.715806,-0.563948,0.068125,0.406134
1.5594,5864,Render,Thumb_CMC,-17.879540,1.148659,21.116680,-0.181967,-0.576931,0.619500,0.500259
1.5594,5864,Render,Thumb_MCP,-17.898560,1.185095,21.132130,-0.137967,-0.589004,0.580034,0.545527
1.5594,5864,Render,Thumb_IP,-17.916540,1.224093,21.155790,-0.057114,-0.602245,0.501002,0.618899
1.5594,5864,Render,Thumb_FingerTip,-17.923030,1.243727,21.175400,-0.057114,-0.602245,0.501002,0.618899
1.5594,5864,Render,Index_MCP,-17.854630,1.213385,21.142300,-0.577479,-0.683366,0.007462,0.446624
1.5594,5864,Render,Index_PIP,-17.851550,1.250656,21.170480,-0.370507,-0.814369,-0.113943,0.431909
1.5594,5864,Render,Index_DIP,-17.860690,1.263765,21.190940,-0.159996,-0.880269,-0.216155,0.390904
1.5594,5864,Render,Index_FingerTip,-17.878000,1.266796,21.211310,-0.159996,-0.880269,-0.216155,0.390904
1.5594,5864,Render,Middle_MCP,-17.837380,1.200108,21.158990,-0.591796,-0.692959,-0.012557,0.411616
1.5594,5864,Render,Middle_PIP,-17.835300,1.242872,21.189890,-0.376428,-0.829890,-0.126207,0.391992
1.5594,5864,Render,Middle_DIP,-17.846640,1.257448,21.210560,-0.156817,-0.897677,-0.220269,0.347947
1.5594,5864,Render,Middle_FingerTip,-17.866700,1.261078,21.230190,-0.156817,-0.897677,-0.220269,0.347947
1.5594,5864,Render,Ring_MCP,-17.826630,1.184324,21.174460,-0.602826,-0.695549,-0.022720,0.390252
1.5594,5864,Render,Ring_PIP,-17.825160,1.222523,21.201000,-0.388289,-0.834517,-0.129172,0.368955
1.5594,5864,Render,Ring_DIP,-17.836390,1.237085,21.219860,-0.169075,-0.904766,-0.216682,0.325364
1.5594,5864,Render,Ring_FingerTip,-17.855260,1.241341,21.236940,-0.169075,-0.904766,-0.216682,0.325364
1.5594,5864,Render,Pinky_MCP,-17.820580,1.166629,21.186740,-0.579704,-0.722348,-0.045517,0.374280
1.5594,5864,Render,Pinky_PIP,-17.822460,1.198261,21.210110,-0.307441,-0.873684,-0.167027,0.338023
1.5594,5864,Render,Pinky_DIP,-17.833150,1.206045,21.222820,-0.031696,-0.925656,-0.260587,0.272492
1.5594,5864,Render,Pinky_FingerTip,-17.849420,1.204448,21.232810,-0.031696,-0.925656,-0.260587,0.272492
1.5731,5865,Real,Wrist,-17.872090,1.099363,21.141550,-0.715726,-0.560582,0.030094,0.415425
1.5731,5865,Real,Thumb_CMC,-17.878090,1.146279,21.139730,-0.110304,-0.579762,0.585335,0.555961
1.5731,5865,Real,Thumb_MCP,-17.893780,1.180474,21.162370,0.064736,-0.586600,0.396355,0.703287
1.5731,5865,Real,Thumb_IP,-17.893900,1.204085,21.205340,0.355359,-0.471180,-0.018613,0.807071
1.5731,5865,Real,Thumb_FingerTip,-17.878070,1.193685,21.226640,0.355359,-0.471180,-0.018613,0.807071
1.5731,5865,Real,Index_MCP,-17.851990,1.208504,21.169950,-0.559141,-0.696600,-0.043573,0.447451
1.5731,5865,Real,Index_PIP,-17.850790,1.243157,21.201420,-0.259437,-0.854741,-0.207104,0.399022
1.5731,5865,Real,Index_DIP,-17.864980,1.250379,21.221920,0.043593,-0.892182,-0.329393,0.305959
1.5731,5865,Real,Index_FingerTip,-17.886750,1.242864,21.235830,0.043593,-0.892182,-0.329393,0.305959
1.5731,5865,Real,Middle_MCP,-17.835940,1.193683,21.186530,-0.525024,-0.742204,-0.090237,0.406621
1.5731,5865,Real,Middle_PIP,-17.842170,1.230963,21.223410,-0.119008,-0.901307,-0.269206,0.317824
1.5731,5865,Real,Middle_DIP,-17.863500,1.232166,21.241070,0.272717,-0.867261,-0.378234,0.174421
1.5731,5865,Real,Middle_FingerTip,-17.885870,1.215045,21.243790,0.272717,-0.867261,-0.378234,0.174421
1.5731,5865,Real,Ring_MCP,-17.826420,1.176675,21.201510,-0.538214,-0.743531,-0.097254,0.384745
1.5731,5865,Real,Ring_PIP,-17.832220,1.210438,21.233010,-0.135455,-0.907836,-0.263471,0.296766
1.5731,5865,Real,Ring_DIP,-17.852950,1.212798,21.249090,0.255859,-0.881504,-0.363296,0.159698
1.5731,5865,Real,Ring_FingerTip,-17.874060,1.198166,21.251550,0.255859,-0.881504,-0.363296,0.159698
1.5731,5865,Real,Pinky_MCP,-17.821530,1.158114,21.213010,-0.544695,-0.745631,-0.103053,0.369759
1.5731,5865,Real,Pinky_PIP,-17.826780,1.187095,21.239140,-0.140241,-0.912684,-0.261719,0.280793
1.5731,5865,Real,Pinky_DIP,-17.841510,1.189095,21.249890,0.253533,-0.887908,-0.355036,0.145914
1.5731,5865,Real,Pinky_FingerTip,-17.857390,1.178484,21.251400,0.253533,-0.887908,-0.355036,0.145914
1.5731,5865,Virtual,Wrist,-17.871650,1.101362,21.130760,-0.716300,-0.563413,0.052213,0.408356
1.5731,5865,Virtual,Thumb_CMC,-17.878740,1.148042,21.127440,-0.107379,-0.564584,0.602738,0.553554
1.5731,5865,Virtual,Thumb_MCP,-17.894730,1.182667,21.149200,0.063078,-0.571232,0.413698,0.706095
1.5731,5865,Virtual,Thumb_IP,-17.894480,1.207778,21.191310,0.346082,-0.458817,-0.005139,0.818345
1.5731,5865,Virtual,Thumb_FingerTip,-17.877980,1.198488,21.212610,0.346082,-0.458817,-0.005139,0.818345
1.5731,5865,Virtual,Index_MCP,-17.853430,1.211854,21.154880,-0.559597,-0.698610,-0.020354,0.445400
1.5731,5865,Virtual,Index_PIP,-17.852360,1.247619,21.185090,-0.259111,-0.856777,-0.184792,0.405768
1.5731,5865,Virtual,Index_DIP,-17.866280,1.255251,21.205630,0.044586,-0.893989,-0.310657,0.319825
1.5731,5865,Virtual,Index_FingerTip,-17.887570,1.247761,21.220260,0.044586,-0.893989,-0.310657,0.319825
1.5731,5865,Virtual,Middle_MCP,-17.836710,1.197985,21.171630,-0.524762,-0.745080,-0.067020,0.406188
1.5731,5865,Virtual,Middle_PIP,-17.843000,1.236403,21.207300,-0.117436,-0.903730,-0.248458,0.328252
1.5731,5865,Virtual,Middle_DIP,-17.863980,1.237765,21.225360,0.275165,-0.868795,-0.363830,0.192635
1.5731,5865,Virtual,Middle_FingerTip,-17.885900,1.220268,21.229170,0.275165,-0.868795,-0.363830,0.192635
1.5731,5865,Virtual,Ring_MCP,-17.826490,1.181730,21.186980,-0.537623,-0.746911,-0.074114,0.384178
1.5731,5865,Virtual,Ring_PIP,-17.832390,1.216454,21.217390,-0.133374,-0.910564,-0.242668,0.306917
1.5731,5865,Virtual,Ring_DIP,-17.852840,1.218928,21.233820,0.258888,-0.883115,-0.348629,0.177605
1.5731,5865,Virtual,Ring_FingerTip,-17.873550,1.203936,21.237260,0.258888,-0.883115,-0.348629,0.177605
1.5731,5865,Virtual,Pinky_MCP,-17.820950,1.163699,21.199010,-0.543877,-0.749345,-0.079971,0.369169
1.5731,5865,Virtual,Pinky_PIP,-17.826300,1.193467,21.224210,-0.137805,-0.915603,-0.240957,0.290896
1.5731,5865,Virtual,Pinky_DIP,-17.840840,1.195524,21.235200,0.256965,-0.889544,-0.340387,0.163761
1.5731,5865,Virtual,Pinky_FingerTip,-17.856450,1.184630,21.237430,0.256965,-0.889544,-0.340387,0.163761
1.5731,5865,Render,Wrist,-17.871650,1.101362,21.130760,-0.716300,-0.563413,0.052213,0.408356
1.5731,5865,Render,Thumb_CMC,-17.878740,1.148042,21.127440,-0.186895,-0.587429,0.607952,0.500392
1.5731,5865,Render,Thumb_MCP,-17.897600,1.184400,21.143270,-0.142090,-0.599844,0.568509,0.544789
1.5731,5865,Render,Thumb_IP,-17.915540,1.223129,21.167400,-0.059735,-0.613542,0.489683,0.616611
1.5731,5865,Render,Thumb_FingerTip,-17.922170,1.242428,21.187290,-0.059735,-0.613542,0.489683,0.616611
1.5731,5865,Render,Index_MCP,-17.853430,1.211854,21.154880,-0.577838,-0.683599,-0.008593,0.445782
1.5731,5865,Render,Index_PIP,-17.850380,1.248491,21.183890,-0.370789,-0.814691,-0.129168,0.426745
1.5731,5865,Render,Index_DIP,-17.859740,1.261310,21.204420,-0.160191,-0.880650,-0.229653,0.382172
1.5731,5865,Render,Index_FingerTip,-17.877410,1.264178,21.224510,-0.160191,-0.880650,-0.229653,0.382172
1.5731,5865,Render,Middle_MCP,-17.836710,1.197985,21.171630,-0.592384,-0.692532,-0.028596,0.410686
1.5731,5865,Render,Middle_PIP,-17.834640,1.240071,21.203450,-0.377112,-0.829642,-0.141359,0.386650
1.5731,5865,Render,Middle_DIP,-17.846180,1.254386,21.224190,-0.157541,-0.897608,-0.233602,0.338985
1.5731,5865,Render,Middle_FingerTip,-17.866570,1.257908,21.243490,-0.157541,-0.897608,-0.233602,0.338985
1.5731,5865,Render,Ring_MCP,-17.826490,1.181730,21.186980,-0.603552,-0.694723,-0.038739,0.389339
1.5731,5865,Render,Ring_PIP,-17.825020,1.219351,21.214330,-0.389214,-0.833923,-0.144322,0.363671
1.5731,5865,Render,Ring_DIP,-17.836420,1.233687,21.233270,-0.170118,-0.904420,-0.230047,0.316486
1.5731,5865,Render,Ring_FingerTip,-17.855550,1.237869,21.250060,-0.170118,-0.904420,-0.230047,0.316486
1.5731,5865,Render,Pinky_MCP,-17.820950,1.163699,21.199010,-0.580565,-0.721293,-0.061464,0.372697
1.5731,5865,Render,Pinky_PIP,-17.822850,1.194870,21.222980,-0.308604,-0.872974,-0.181547,0.331243
1.5731,5865,Render,Pinky_DIP,-17.833670,1.202548,21.235650,-0.033018,-0.925327,-0.272410,0.261675
1.5731,5865,Render,Pinky_FingerTip,-17.850160,1.200988,21.245270,-0.033018,-0.925327,-0.272410,0.261675
1.5873,5866,Real,Wrist,-17.872050,1.096438,21.152150,-0.710890,-0.558985,0.004222,0.426795
1.5873,5866,Real,Thumb_CMC,-17.877130,1.143494,21.152520,-0.109266,-0.599035,0.564717,0.557058
1.5873,5866,Real,Thumb_MCP,-17.892740,1.176869,21.176410,0.071735,-0.604678,0.375921,0.698500
1.5873,5866,Real,Thumb_IP,-17.893420,1.198365,21.220470,0.371113,-0.482759,-0.034555,0.792480
1.5873,5866,Real,Thumb_FingerTip,-17.878280,1.186592,21.241550,0.371113,-0.482759,-0.034555,0.792480
1.5873,5866,Real,Index_MCP,-17.850600,1.203642,21.186340,-0.555409,-0.693896,-0.070400,0.452851
1.5873,5866,Real,Index_PIP,-17.849330,1.236751,21.219440,-0.256677,-0.850933,-0.234152,0.393958
1.5873,5866,Real,Index_DIP,-17.863810,1.243301,21.239960,0.045193,-0.887653,-0.353249,0.291968
1.5873,5866,Real,Index_FingerTip,-17.886010,1.235594,21.253040,0.045193,-0.887653,-0.353249,0.291968
1.5873,5866,Real,Middle_MCP,-17.835210,1.187715,21.202530,-0.521693,-0.738692,-0.117814,0.410233
1.5873,5866,Real,Middle_PIP,-17.841490,1.223311,21.241020,-0.116326,-0.896826,-0.295763,0.307728
1.5873,5866,Real,Middle_DIP,-17.863210,1.224048,21.258230,0.274440,-0.861691,-0.398255,0.153507
1.5873,5866,Real,Middle_FingerTip,-17.885920,1.207204,21.259530,0.274440,-0.861691,-0.398255,0.153507
1.5873,5866,Real,Ring_MCP,-17.826350,1.169811,21.216860,-0.535339,-0.739464,-0.124832,0.388615
1.5873,5866,Real,Ring_PIP,-17.832160,1.202139,21.249820,-0.133372,-0.903110,-0.290181,0.287054
1.5873,5866,Real,Ring_DIP,-17.853230,1.204097,21.265520,0.257004,-0.875982,-0.383708,0.139187
1.5873,5866,Real,Ring_FingerTip,-17.874620,1.189724,21.266720,0.257004,-0.875982,-0.383708,0.139187
1.5873,5866,Real,Pinky_MCP,-17.822080,1.150617,21.227520,-0.542142,-0.741182,-0.130628,0.373722
1.5873,5866,Real,Pinky_PIP,-17.827310,1.178414,21.254910,-0.138613,-0.907775,-0.288444,0.271168
1.5873,5866,Real,Pinky_DIP,-17.842250,1.180161,21.265410,0.254197,-0.882413,-0.375480,0.125487
1.5873,5866,Real,Pinky_FingerTip,-17.858330,1.169761,21.266000,0.254197,-0.882413,-0.375480,0.125487
1.5873,5866,Virtual,Wrist,-17.872100,1.099365,21.141560,-0.715726,-0.560582,0.030094,0.415425
1.5873,5866,Virtual,Thumb_CMC,-17.878090,1.146280,21.139740,-0.110821,-0.579620,0.585765,0.555553
1.5873,5866,Virtual,Thumb_MCP,-17.893820,1.180500,21.162320,0.064539,-0.586579,0.396480,0.703252
1.5873,5866,Virtual,Thumb_IP,-17.893940,1.204130,21.205280,0.355668,-0.470894,-0.019325,0.807085
1.5873,5866,Virtual,Thumb_FingerTip,-17.878100,1.193695,21.226550,0.355668,-0.470894,-0.019325,0.807085
1.5873,5866,Virtual,Index_MCP,-17.852000,1.208506,21.169960,-0.560512,-0.695497,-0.042692,0.447536
1.5873,5866,Virtual,Index_PIP,-17.850640,1.243227,21.201350,-0.260816,-0.854321,-0.206460,0.399356
1.5873,5866,Virtual,Index_DIP,-17.864790,1.250514,21.221860,0.042439,-0.892238,-0.328997,0.306385
1.5873,5866,Virtual,Index_FingerTip,-17.886540,1.243053,21.235820,0.042439,-0.892238,-0.328997,0.306385
1.5873,5866,Virtual,Middle_MCP,-17.835940,1.193685,21.186540,-0.525872,-0.741603,-0.089773,0.406724
1.5873,5866,Virtual,Middle_PIP,-17.842070,1.231016,21.223380,-0.118662,-0.901352,-0.269328,0.317721
1.5873,5866,Virtual,Middle_DIP,-17.863410,1.232202,21.241030,0.274241,-0.866781,-0.378541,0.173756
1.5873,5866,Virtual,Middle_FingerTip,-17.885750,1.215025,21.243680,0.274241,-0.866781,-0.378541,0.173756
1.5873,5866,Virtual,Ring_MCP,-17.826430,1.176677,21.201520,-0.539053,-0.742923,-0.096820,0.384855
1.5873,5866,Virtual,Ring_PIP,-17.832130,1.210482,21.232990,-0.135069,-0.907893,-0.263597,0.296654
1.5873,5866,Virtual,Ring_DIP,-17.852870,1.212823,21.249060,0.257465,-0.881036,-0.363587,0.159035
1.5873,5866,Virtual,Ring_FingerTip,-17.873950,1.198134,21.251460,0.257465,-0.881036,-0.363587,0.159035
1.5873,5866,Virtual,Pinky_MCP,-17.821540,1.158116,21.213020,-0.545537,-0.745016,-0.102635,0.369876
1.5873,5866,Virtual,Pinky_PIP,-17.826700,1.187131,21.239120,-0.139853,-0.912743,-0.261838,0.280682
1.5873,5866,Virtual,Pinky_DIP,-17.841440,1.189118,21.249870,0.255151,-0.887444,-0.355302,0.145267
1.5873,5866,Virtual,Pinky_FingerTip,-17.857290,1.178464,21.251330,0.255151,-0.887444,-0.355302,0.145267
1.5873,5866,Render,Wrist,-17.872100,1.099365,21.141560,-0.715726,-0.560582,0.030094,0.415425
1.5873,5866,Render,Thumb_CMC,-17.878090,1.146280,21.139740,-0.191045,-0.601241,0.589887,0.504029
1.5873,5866,Render,Thumb_MCP,-17.896490,1.182479,21.156460,-0.145187,-0.613930,0.550221,0.547054
1.5873,5866,Render,Thumb_IP,-17.914100,1.220736,21.181560,-0.060900,-0.627917,0.471257,0.616383
1.5873,5866,Render,Thumb_FingerTip,-17.920730,1.239472,21.201990,-0.060900,-0.627917,0.471257,0.616383
1.5873,5866,Render,Index_MCP,-17.852000,1.208506,21.169960,-0.577329,-0.681602,-0.031750,0.448445
1.5873,5866,Render,Index_PIP,-17.848770,1.244027,21.200300,-0.370841,-0.812630,-0.152179,0.423027
1.5873,5866,Render,Index_DIP,-17.858300,1.256329,21.221080,-0.160745,-0.878664,-0.251055,0.372937
1.5873,5866,Render,Index_FingerTip,-17.876330,1.258891,21.240880,-0.160745,-0.878664,-0.251055,0.372937
1.5873,5866,Render,Middle_MCP,-17.835940,1.193685,21.186540,-0.592375,-0.689644,-0.051670,0.413297
1.5873,5866,Render,Middle_PIP,-17.833650,1.234575,21.219880,-0.377904,-0.826865,-0.164252,0.382760
1.5873,5866,Render,Middle_DIP,-17.845330,1.248413,21.240870,-0.159003,-0.895117,-0.254794,0.329490
1.5873,5866,Render,Middle_FingerTip,-17.866050,1.251717,21.259850,-0.159003,-0.895117,-0.254794,0.329490
1.5873,5866,Render,Ring_MCP,-17.826430,1.176677,21.201520,-0.603832,-0.691303,-0.061732,0.392016
1.5873,5866,Render,Ring_PIP,-17.824720,1.213276,21.230220,-0.390423,-0.830712,-0.167164,0.359921
1.5873,5866,Render,Ring_DIP,-17.836210,1.227194,21.249400,-0.172087,-0.901609,-0.251244,0.307187
1.5873,5866,Render,Ring_FingerTip,-17.855610,1.231217,21.265930,-0.172087,-0.901609,-0.251244,0.307187
1.5873,5866,Render,Pinky_MCP,-17.821540,1.158116,21.213020,-0.581197,-0.717543,-0.084487,0.374438
1.5873,5866,Render,Pinky_PIP,-17.823270,1.188464,21.238040,-0.310443,-0.869646,-0.203846,0.325252
1.5873,5866,Render,Pinky_DIP,-17.834200,1.195937,21.250740,-0.035769,-0.922702,-0.291892,0.249281
1.5873,5866,Render,Pinky_FingerTip,-17.850930,1.194413,21.259950,-0.035769,-0.922702,-0.291892,0.249281
1.6007,5867,Real,Wrist,-17.871660,1.094627,21.162640,-0.707519,-0.558524,-0.013719,0.432759
1.6007,5867,Real,Thumb_CMC,-17.876180,1.141709,21.164400,-0.110420,-0.611978,0.551627,0.555876
1.6007,5867,Real,Thumb_MCP,-17.891880,1.174572,21.188930,0.074876,-0.617335,0.363266,0.693779
1.6007,5867,Real,Thumb_IP,-17.893170,1.194754,21.233600,0.380917,-0.491540,-0.044008,0.781892
1.6007,5867,Real,Thumb_FingerTip,-17.878550,1.182120,21.254550,0.380917,-0.491540,-0.044008,0.781892
1.6007,5867,Real,Index_MCP,-17.849560,1.200431,21.200580,-0.554184,-0.691523,-0.087605,0.454974
1.6007,5867,Real,Index_PIP,-17.848240,1.232590,21.234600,-0.256425,-0.848275,-0.250908,0.389514
1.6007,5867,Real,Index_DIP,-17.862910,1.238809,21.255090,0.044535,-0.885066,-0.367526,0.282135
1.6007,5867,Real,Index_FingerTip,-17.885420,1.231109,21.267640,0.044535,-0.885066,-0.367526,0.282135
1.6007,5867,Real,Middle_MCP,-17.834670,1.183814,21.216540,-0.520216,-0.736144,-0.135806,0.411127
1.6007,5867,Real,Middle_PIP,-17.841040,1.218362,21.255960,-0.114614,-0.894089,-0.312624,0.299558
1.6007,5867,Real,Middle_DIP,-17.863060,1.218851,21.272800,0.276210,-0.858044,-0.410292,0.138306
1.6007,5867,Real,Middle_FingerTip,-17.885960,1.202226,21.273100,0.276210,-0.858044,-0.410292,0.138306
1.6007,5867,Real,Ring_MCP,-17.826300,1.165361,21.230450,-0.533892,-0.736673,-0.143007,0.389644
1.6007,5867,Real,Ring_PIP,-17.832180,1.196780,21.264270,-0.131344,-0.900264,-0.307407,0.278880
1.6007,5867,Real,Ring_DIP,-17.853520,1.198493,21.279630,0.259428,-0.872023,-0.396182,0.123746
1.6007,5867,Real,Ring_FingerTip,-17.875050,1.184290,21.279900,0.259428,-0.872023,-0.396182,0.123746
1.6007,5867,Real,Pinky_MCP,-17.822450,1.145790,21.240590,-0.540887,-0.738107,-0.148827,0.374820
1.6007,5867,Real,Pinky_PIP,-17.827730,1.172835,21.268710,-0.136876,-0.904779,-0.305689,0.263048
1.6007,5867,Real,Pinky_DIP,-17.842850,1.174428,21.278970,0.256307,-0.878446,-0.387965,0.110104
1.6007,5867,Real,Pinky_FingerTip,-17.859020,1.164165,21.278870,0.256307,-0.878446,-0.387965,0.110104
1.6007,5867,Virtual,Wrist,-17.872050,1.096436,21.152190,-0.710890,-0.558985,0.004222,0.426795
1.6007,5867,Virtual,Thumb_CMC,-17.877140,1.143492,21.152570,-0.110300,-0.598759,0.565559,0.556296
1.6007,5867,Virtual,Thumb_MCP,-17.892800,1.176922,21.176340,0.071093,-0.604669,0.376454,0.698286
1.6007,5867,Virtual,Thumb_IP,-17.893520,1.198485,21.220370,0.371173,-0.482607,-0.034998,0.792526
1.6007,5867,Virtual,Thumb_FingerTip,-17.878370,1.186693,21.241430,0.371173,-0.482607,-0.034998,0.792526
1.6007,5867,Virtual,Index_MCP,-17.850600,1.203640,21.186390,-0.557798,-0.691977,-0.068838,0.453091
1.6007,5867,Virtual,Index_PIP,-17.849060,1.236869,21.219350,-0.259609,-0.850043,-0.232792,0.394763
1.6007,5867,Virtual,Index_DIP,-17.863430,1.243554,21.239910,0.042133,-0.887803,-0.352241,0.293184
1.6007,5867,Virtual,Index_FingerTip,-17.885610,1.235986,21.253110,0.042133,-0.887803,-0.352241,0.293184
1.6007,5867,Virtual,Middle_MCP,-17.835210,1.187713,21.202570,-0.523318,-0.737541,-0.116911,0.410492
1.6007,5867,Virtual,Middle_PIP,-17.841300,1.223408,21.241010,-0.116700,-0.896777,-0.295634,0.307851
1.6007,5867,Virtual,Middle_DIP,-17.863010,1.224164,21.258230,0.275465,-0.861364,-0.398438,0.153034
1.6007,5867,Virtual,Middle_FingerTip,-17.885690,1.207284,21.259480,0.275465,-0.861364,-0.398438,0.153034
1.6007,5867,Virtual,Ring_MCP,-17.826360,1.169809,21.216900,-0.536717,-0.738465,-0.124108,0.388847
1.6007,5867,Virtual,Ring_PIP,-17.832010,1.202206,21.249830,-0.133015,-0.903162,-0.290294,0.286939
1.6007,5867,Virtual,Ring_DIP,-17.853090,1.204147,21.265520,0.259131,-0.875355,-0.384045,0.138254
1.6007,5867,Virtual,Ring_FingerTip,-17.874440,1.189703,21.266620,0.259131,-0.875355,-0.384045,0.138254
1.6007,5867,Virtual,Pinky_MCP,-17.822090,1.150615,21.227570,-0.543523,-0.740170,-0.129931,0.373965
1.6007,5867,Virtual,Pinky_PIP,-17.827180,1.178468,21.254930,-0.138254,-0.907829,-0.288551,0.271054
1.6007,5867,Virtual,Pinky_DIP,-17.842130,1.180203,21.265420,0.256340,-0.881793,-0.375783,0.124575
1.6007,5867,Virtual,Pinky_FingerTip,-17.858180,1.169749,21.265940,0.256340,-0.881793,-0.375783,0.124575
1.6007,5867,Render,Wrist,-17.872050,1.096436,21.152190,-0.710890,-0.558985,0.004222,0.426795
1.6007,5867,Render,Thumb_CMC,-17.877140,1.143492,21.152570,-0.190977,-0.619400,0.567887,0.507323
1.6007,5867,Render,Thumb_MCP,-17.895240,1.179182,21.170640,-0.143751,-0.632032,0.528036,0.548680
1.6007,5867,Render,Thumb_IP,-17.912730,1.216502,21.197200,-0.057031,-0.645659,0.449055,0.614997
1.6007,5867,Render,Thumb_FingerTip,-17.919480,1.234342,21.218370,-0.057031,-0.645659,0.449055,0.614997
1.6007,5867,Render,Index_MCP,-17.850600,1.203640,21.186390,-0.572189,-0.680125,-0.059320,0.454435
1.6007,5867,Render,Index_PIP,-17.847430,1.237563,21.218510,-0.366293,-0.809814,-0.180341,0.421316
1.6007,5867,Render,Index_DIP,-17.857200,1.249017,21.239660,-0.157024,-0.874822,-0.277942,0.364388
1.6007,5867,Render,Index_FingerTip,-17.875640,1.250959,21.259150,-0.157024,-0.874822,-0.277942,0.364388
1.6007,5867,Render,Middle_MCP,-17.835210,1.187713,21.202570,-0.587944,-0.687132,-0.079266,0.419391
1.6007,5867,Render,Middle_PIP,-17.832930,1.226869,21.237930,-0.374343,-0.823223,-0.192455,0.380963
1.6007,5867,Render,Middle_DIP,-17.844840,1.239889,21.259310,-0.156467,-0.890700,-0.281651,0.320694
1.6007,5867,Render,Middle_FingerTip,-17.865930,1.242665,21.277970,-0.156467,-0.890700,-0.281651,0.320694
1.6007,5867,Render,Ring_MCP,-17.826360,1.169809,21.216900,-0.599821,-0.688193,-0.089291,0.398286
1.6007,5867,Render,Ring_PIP,-17.824650,1.204918,21.247400,-0.387422,-0.826619,-0.195385,0.358371
1.6007,5867,Render,Ring_DIP,-17.836320,1.218102,21.266990,-0.170195,-0.896900,-0.278198,0.298682
1.6007,5867,Render,Ring_FingerTip,-17.856020,1.221691,21.283260,-0.170195,-0.896900,-0.278198,0.298682
1.6007,5867,Render,Pinky_MCP,-17.822090,1.150615,21.227570,-0.577620,-0.713879,-0.112259,0.379645
1.6007,5867,Render,Pinky_PIP,-17.823830,1.179730,21.254010,-0.308283,-0.865003,-0.231773,0.320957
1.6007,5867,Render,Pinky_DIP,-17.834920,1.186784,21.266820,-0.035099,-0.917625,-0.317251,0.236821
1.6007,5867,Render,Pinky_FingerTip,-17.851880,1.185140,21.275580,-0.035099,-0.917625,-0.317251,0.236821
1.6147,5868,Real,Wrist,-17.870160,1.091599,21.174070,-0.701823,-0.550199,-0.032659,0.451286
1.6147,5868,Real,Thumb_CMC,-17.873680,1.138609,21.178300,-0.102032,-0.624782,0.529463,0.564717
1.6147,5868,Real,Thumb_MCP,-17.888670,1.170466,21.204550,0.086665,-0.627099,0.339481,0.695694
1.6147,5868,Real,Thumb_IP,-17.889500,1.188296,21.250210,0.396045,-0.493875,-0.065408,0.771336
1.6147,5868,Real,Thumb_FingerTip,-17.875150,1.174272,21.270450,0.396045,-0.493875,-0.065408,0.771336
1.6147,5868,Real,Index_MCP,-17.845800,1.194771,21.217480,-0.549418,-0.682828,-0.110318,0.468740
1.6147,5868,Real,Index_PIP,-17.843780,1.225064,21.253130,-0.255244,-0.838429,-0.277116,0.393820
1.6147,5868,Real,Index_DIP,-17.858300,1.230508,21.273950,0.042328,-0.875398,-0.393652,0.277355
1.6147,5868,Real,Index_FingerTip,-17.880970,1.222640,21.286110,0.042328,-0.875398,-0.393652,0.277355
1.6147,5868,Real,Middle_MCP,-17.831260,1.177026,21.232520,-0.517113,-0.726546,-0.159220,0.423526
1.6147,5868,Real,Middle_PIP,-17.836870,1.209583,21.273710,-0.116370,-0.884157,-0.339119,0.299540
1.6147,5868,Real,Middle_DIP,-17.858870,1.209656,21.290580,0.270400,-0.849799,-0.434268,0.127031
1.6147,5868,Real,Middle_FingerTip,-17.882120,1.193528,21.290040,0.270400,-0.849799,-0.434268,0.127031
1.6147,5868,Real,Ring_MCP,-17.823270,1.157693,21.245430,-0.531357,-0.726750,-0.166197,0.402335
1.6147,5868,Real,Ring_PIP,-17.828470,1.187410,21.280870,-0.133699,-0.890298,-0.333838,0.279368
1.6147,5868,Real,Ring_DIP,-17.849760,1.188768,21.296320,0.253100,-0.863971,-0.420368,0.113074
1.6147,5868,Real,Ring_FingerTip,-17.871600,1.175032,21.295870,0.253100,-0.863971,-0.420368,0.113074
1.6147,5868,Real,Pinky_MCP,-17.819850,1.137540,21.254520,-0.538757,-0.727963,-0.171891,0.387640
1.6147,5868,Real,Pinky_PIP,-17.824530,1.163177,21.284030,-0.139693,-0.894805,-0.332068,0.263708
1.6147,5868,Real,Pinky_DIP,-17.839610,1.164550,21.294390,0.249557,-0.870581,-0.412176,0.099610
1.6147,5868,Real,Pinky_FingerTip,-17.856000,1.154652,21.293770,0.249557,-0.870581,-0.412176,0.099610
1.6147,5868,Virtual,Wrist,-17.871660,1.094628,21.162640,-0.707519,-0.558524,-0.013719,0.432759
1.6147,5868,Virtual,Thumb_CMC,-17.876190,1.141710,21.164400,-0.110419,-0.611978,0.551628,0.555876
1.6147,5868,Virtual,Thumb_MCP,-17.891890,1.174574,21.188930,0.074876,-0.617335,0.363266,0.693779
1.6147,5868,Virtual,Thumb_IP,-17.893170,1.194755,21.233600,0.380917,-0.491540,-0.044008,0.781892
1.6147,5868,Virtual,Thumb_FingerTip,-17.878550,1.182121,21.254550,0.380917,-0.491540,-0.044008,0.781892
1.6147,5868,Virtual,Index_MCP,-17.849570,1.200432,21.200590,-0.554184,-0.691523,-0.087605,0.454974
1.6147,5868,Virtual,Index_PIP,-17.848250,1.232592,21.234600,-0.256425,-0.848275,-0.250908,0.389514
1.6147,5868,Virtual,Index_DIP,-17.862910,1.238810,21.255090,0.044535,-0.885066,-0.367527,0.282135
1.6147,5868,Virtual,Index_FingerTip,-17.885430,1.231111,21.267650,0.044535,-0.885066,-0.367527,0.282135
1.6147,5868,Virtual,Middle_MCP,-17.834680,1.183815,21.216540,-0.520216,-0.736144,-0.135806,0.411127
1.6147,5868,Virtual,Middle_PIP,-17.841050,1.218363,21.255960,-0.114614,-0.894089,-0.312624,0.299558
1.6147,5868,Virtual,Middle_DIP,-17.863070,1.218853,21.272800,0.276210,-0.858044,-0.410292,0.138306
1.6147,5868,Virtual,Middle_FingerTip,-17.885960,1.202227,21.273100,0.276210,-0.858044,-0.410292,0.138306
1.6147,5868,Virtual,Ring_MCP,-17.826310,1.165362,21.230460,-0.533892,-0.736673,-0.143007,0.389644
1.6147,5868,Virtual,Ring_PIP,-17.832190,1.196781,21.264280,-0.131344,-0.900264,-0.307407,0.278880
1.6147,5868,Virtual,Ring_DIP,-17.853520,1.198494,21.279630,0.259428,-0.872023,-0.396182,0.123746
1.6147,5868,Virtual,Ring_FingerTip,-17.875060,1.184291,21.279900,0.259428,-0.872023,-0.396182,0.123746
1.6147,5868,Virtual,Pinky_MCP,-17.822460,1.145792,21.240590,-0.540887,-0.738107,-0.148827,0.374820
1.6147,5868,Virtual,Pinky_PIP,-17.827730,1.172836,21.268710,-0.136876,-0.904779,-0.305689,0.263048
1.6147,5868,Virtual,Pinky_DIP,-17.842850,1.174430,21.278980,0.256308,-0.878446,-0.387965,0.110104
1.6147,5868,Virtual,Pinky_FingerTip,-17.859030,1.164166,21.278880,0.256308,-0.878446,-0.387965,0.110104
1.6147,5868,Render,Wrist,-17.871660,1.094628,21.162640,-0.707519,-0.558524,-0.013719,0.432759
1.6147,5868,Render,Thumb_CMC,-17.876190,1.141710,21.164400,-0.191998,-0.631706,0.553188,0.508003
1.6147,5868,Render,Thumb_MCP,-17.894200,1.177041,21.183270,-0.143841,-0.644380,0.513328,0.548251
1.6147,5868,Render,Thumb_IP,-17.911730,1.213728,21.210670,-0.055453,-0.657906,0.434539,0.612585
1.6147,5868,Render,Thumb_FingerTip,-17.918660,1.230980,21.232260,-0.055453,-0.657906,0.434539,0.612585
1.6147,5868,Render,Index_MCP,-17.849570,1.200432,21.200590,-0.568566,-0.679748,-0.078043,0.456711
1.6147,5868,Render,Index_PIP,-17.846590,1.233291,21.233820,-0.362909,-0.808469,-0.198979,0.418429
1.6147,5868,Render,Index_DIP,-17.856620,1.244200,21.255130,-0.154072,-0.872689,-0.295308,0.357028
1.6147,5868,Render,Index_FingerTip,-17.875380,1.245761,21.274340,-0.154072,-0.872689,-0.295308,0.357028
1.6147,5868,Render,Middle_MCP,-17.834680,1.183815,21.216540,-0.584728,-0.686021,-0.098026,0.421734
1.6147,5868,Render,Middle_PIP,-17.832590,1.221814,21.253150,-0.371562,-0.821263,-0.211129,0.378012
1.6147,5868,Render,Middle_DIP,-17.844730,1.234307,21.274710,-0.154264,-0.888107,-0.298992,0.313165
1.6147,5868,Render,Middle_FingerTip,-17.866130,1.236761,21.293060,-0.154264,-0.888107,-0.298992,0.313165
1.6147,5868,Render,Ring_MCP,-17.826310,1.165362,21.230460,-0.596849,-0.686657,-0.108046,0.400749
1.6147,5868,Render,Ring_PIP,-17.824740,1.199475,21.262070,-0.384987,-0.824325,-0.214094,0.355580
1.6147,5868,Render,Ring_DIP,-17.836610,1.212185,21.281850,-0.168406,-0.894073,-0.295629,0.291336
1.6147,5868,Render,Ring_FingerTip,-17.856570,1.215510,21.297860,-0.168406,-0.894073,-0.295629,0.291336
1.6147,5868,Render,Pinky_MCP,-17.822460,1.145792,21.240590,-0.574890,-0.711942,-0.131094,0.381384
1.6147,5868,Render,Pinky_PIP,-17.824360,1.174084,21.267910,-0.306350,-0.862271,-0.250120,0.316354
1.6147,5868,Render,Pinky_DIP,-17.835590,1.180873,21.280720,-0.034073,-0.914440,-0.333378,0.226934
1.6147,5868,Render,Pinky_FingerTip,-17.852730,1.179168,21.289110,-0.034073,-0.914440,-0.333378,0.226934
1.6292,5869,Real,Wrist,-17.868110,1.087501,21.185050,-0.690745,-0.547509,-0.055055,0.469120
1.6292,5869,Real,Thumb_CMC,-17.871180,1.134210,21.192060,-0.092193,-0.642388,0.507872,0.566484
1.6292,5869,Real,Thumb_MCP,-17.886170,1.164677,21.219910,0.101626,-0.640964,0.317930,0.691201
1.6292,5869,Real,Thumb_IP,-17.887340,1.179839,21.266520,0.416515,-0.497672,-0.082388,0.756340
1.6292,5869,Real,Thumb_FingerTip,-17.873340,1.164472,21.286020,0.416515,-0.497672,-0.082388,0.756340
1.6292,5869,Real,Index_MCP,-17.843140,1.187621,21.234800,-0.540706,-0.676657,-0.134192,0.481421
1.6292,5869,Real,Index_PIP,-17.840880,1.215837,21.272110,-0.250051,-0.829278,-0.303714,0.396903
1.6292,5869,Real,Index_DIP,-17.855410,1.220344,21.293130,0.043577,-0.865060,-0.419558,0.271560
1.6292,5869,Real,Index_FingerTip,-17.878240,1.212186,21.304790,0.043577,-0.865060,-0.419558,0.271560
1.6292,5869,Real,Middle_MCP,-17.828940,1.168852,21.248880,-0.509730,-0.719076,-0.184257,0.434919
1.6292,5869,Real,Middle_PIP,-17.834330,1.199099,21.291840,-0.113592,-0.874067,-0.366492,0.297974
1.6292,5869,Real,Middle_DIP,-17.856410,1.198549,21.308580,0.268416,-0.839553,-0.458352,0.114096
1.6292,5869,Real,Middle_FingerTip,-17.879890,1.182835,21.307040,0.268416,-0.839553,-0.458352,0.114096
1.6292,5869,Real,Ring_MCP,-17.821290,1.148695,21.260700,-0.524048,-0.719216,-0.191565,0.414012
1.6292,5869,Real,Ring_PIP,-17.826320,1.176393,21.297750,-0.130100,-0.880325,-0.361924,0.277694
1.6292,5869,Real,Ring_DIP,-17.847710,1.177132,21.313120,0.252711,-0.853250,-0.445208,0.099461
1.6292,5869,Real,Ring_FingerTip,-17.869700,1.163720,21.311690,0.252711,-0.853250,-0.445208,0.099461
1.6292,5869,Real,Pinky_MCP,-17.818170,1.127999,21.268600,-0.531865,-0.720123,-0.197292,0.399524
1.6292,5869,Real,Pinky_PIP,-17.822700,1.151952,21.299510,-0.136601,-0.884758,-0.360268,0.262204
1.6292,5869,Real,Pinky_DIP,-17.837830,1.152921,21.309830,0.248681,-0.860009,-0.437183,0.086109
1.6292,5869,Real,Pinky_FingerTip,-17.854340,1.143283,21.308500,0.248681,-0.860009,-0.437183,0.086109
1.6292,5869,Virtual,Wrist,-17.870160,1.091597,21.174070,-0.701823,-0.550199,-0.032659,0.451286
1.6292,5869,Virtual,Thumb_CMC,-17.873690,1.138607,21.178310,-0.103120,-0.624512,0.530333,0.564002
1.6292,5869,Virtual,Thumb_MCP,-17.888720,1.170531,21.204440,0.085907,-0.627111,0.340122,0.695463
1.6292,5869,Virtual,Thumb_IP,-17.889600,1.188443,21.250080,0.395913,-0.493864,-0.065538,0.771399
1.6292,5869,Virtual,Thumb_FingerTip,-17.875250,1.174417,21.270310,0.395913,-0.493864,-0.065538,0.771399
1.6292,5869,Virtual,Index_MCP,-17.845800,1.194769,21.217490,-0.551936,-0.680793,-0.108586,0.469144
1.6292,5869,Virtual,Index_PIP,-17.843490,1.225190,21.253020,-0.258935,-0.837297,-0.275378,0.395037
1.6292,5869,Virtual,Index_DIP,-17.857870,1.230797,21.273890,0.037909,-0.875600,-0.392247,0.279338
1.6292,5869,Virtual,Index_FingerTip,-17.880490,1.223116,21.286250,0.037909,-0.875600,-0.392247,0.279338
1.6292,5869,Virtual,Middle_MCP,-17.831260,1.177024,21.232520,-0.519611,-0.724762,-0.157761,0.424072
1.6292,5869,Virtual,Middle_PIP,-17.836560,1.209731,21.273640,-0.119660,-0.883717,-0.338002,0.300800
1.6292,5869,Virtual,Middle_DIP,-17.858470,1.209957,21.290620,0.267022,-0.850867,-0.433760,0.128755
1.6292,5869,Virtual,Middle_FingerTip,-17.881790,1.193937,21.290260,0.267022,-0.850867,-0.433760,0.128755
1.6292,5869,Virtual,Ring_MCP,-17.823280,1.157691,21.245440,-0.533333,-0.725301,-0.165101,0.402786
1.6292,5869,Virtual,Ring_PIP,-17.828250,1.187504,21.280820,-0.135496,-0.890026,-0.333273,0.280042
1.6292,5869,Virtual,Ring_DIP,-17.849490,1.188941,21.296330,0.251902,-0.864321,-0.420211,0.113656
1.6292,5869,Virtual,Ring_FingerTip,-17.871350,1.175242,21.295940,0.251902,-0.864321,-0.420211,0.113656
1.6292,5869,Virtual,Pinky_MCP,-17.819850,1.137538,21.254520,-0.540736,-0.726494,-0.170836,0.388106
1.6292,5869,Virtual,Pinky_PIP,-17.824340,1.163251,21.284000,-0.141499,-0.894521,-0.331535,0.264378
1.6292,5869,Virtual,Pinky_DIP,-17.839390,1.164680,21.294400,0.248350,-0.870926,-0.412037,0.100181
1.6292,5869,Virtual,Pinky_FingerTip,-17.855800,1.154810,21.293820,0.248350,-0.870926,-0.412037,0.100181
1.6292,5869,Render,Wrist,-17.870160,1.091597,21.174070,-0.701823,-0.550199,-0.032659,0.451286
1.6292,5869,Render,Thumb_CMC,-17.873690,1.138607,21.178310,-0.185045,-0.643697,0.531054,0.519032
1.6292,5869,Render,Thumb_MCP,-17.890930,1.173274,21.199020,-0.136004,-0.655813,0.490425,0.557580
1.6292,5869,Render,Thumb_IP,-17.907660,1.208835,21.228340,-0.046143,-0.668176,0.410586,0.618734
1.6292,5869,Render,Thumb_FingerTip,-17.914220,1.225073,21.250820,-0.046143,-0.668176,0.410586,0.618734
1.6292,5869,Render,Index_MCP,-17.845800,1.194769,21.217490,-0.563618,-0.671154,-0.100462,0.470951
1.6292,5869,Render,Index_PIP,-17.842110,1.225766,21.252400,-0.360477,-0.798855,-0.224420,0.426055
1.6292,5869,Render,Index_DIP,-17.851900,1.235751,21.274260,-0.154067,-0.862772,-0.321841,0.358198
1.6292,5869,Render,Index_FingerTip,-17.870620,1.236700,21.293560,-0.154067,-0.862772,-0.321841,0.358198
1.6292,5869,Render,Middle_MCP,-17.831260,1.177024,21.232520,-0.580769,-0.676744,-0.120221,0.436202
1.6292,5869,Render,Middle_PIP,-17.828350,1.212994,21.271070,-0.370330,-0.811252,-0.236466,0.385758
1.6292,5869,Render,Middle_DIP,-17.840220,1.224593,21.293280,-0.155577,-0.878106,-0.325462,0.314325
1.6292,5869,Render,Middle_FingerTip,-17.861560,1.226535,21.311770,-0.155577,-0.878106,-0.325462,0.314325
1.6292,5869,Render,Ring_MCP,-17.823280,1.157691,21.245440,-0.593448,-0.676997,-0.130025,0.415437
1.6292,5869,Render,Ring_PIP,-17.820980,1.190056,21.278800,-0.384374,-0.814102,-0.239265,0.363658
1.6292,5869,Render,Ring_DIP,-17.832570,1.201959,21.299240,-0.170348,-0.884018,-0.322018,0.292915
1.6292,5869,Render,Ring_FingerTip,-17.852450,1.204862,21.315430,-0.170348,-0.884018,-0.322018,0.292915
1.6292,5869,Render,Pinky_MCP,-17.819850,1.137538,21.254520,-0.572287,-0.701910,-0.153532,0.395271
1.6292,5869,Render,Pinky_PIP,-17.821130,1.164391,21.283290,-0.307219,-0.851942,-0.275892,0.322016
1.6292,5869,Render,Pinky_DIP,-17.832210,1.170734,21.296460,-0.037995,-0.904846,-0.359663,0.224619
1.6292,5869,Render,Pinky_FingerTip,-17.849380,1.168956,21.304780,-0.037995,-0.904846,-0.359663,0.224619
1.6428,5870,Real,Wrist,-17.865560,1.082901,21.195910,-0.677609,-0.542592,-0.075814,0.490605
1.6428,5870,Real,Thumb_CMC,-17.868210,1.129081,21.205950,-0.077215,-0.658739,0.483840,0.570965
1.6428,5870,Real,Thumb_MCP,-17.882970,1.157809,21.235700,0.120764,-0.652162,0.293647,0.688385
1.6428,5870,Real,Thumb_IP,-17.884100,1.169908,21.283200,0.438688,-0.497445,-0.101774,0.741447
1.6428,5870,Real,Thumb_FingerTip,-17.870300,1.153169,21.301670,0.438688,-0.497445,-0.101774,0.741447
1.6428,5870,Real,Index_MCP,-17.839760,1.179320,21.252130,-0.527786,-0.669812,-0.159033,0.497497
1.6428,5870,Real,Index_PIP,-17.837320,1.205019,21.291190,-0.240606,-0.818117,-0.332753,0.402579
1.6428,5870,Real,Index_DIP,-17.851860,1.208284,21.312450,0.048716,-0.851371,-0.448814,0.267133
1.6428,5870,Real,Index_FingerTip,-17.874790,1.199602,21.323510,0.048716,-0.851371,-0.448814,0.267133
1.6428,5870,Real,Middle_MCP,-17.825770,1.159536,21.264980,-0.498497,-0.710676,-0.210203,0.449728
1.6428,5870,Real,Middle_PIP,-17.830970,1.186967,21.309800,-0.107601,-0.861383,-0.396353,0.298907
1.6428,5870,Real,Middle_DIP,-17.853090,1.185538,21.326440,0.268452,-0.825526,-0.485782,0.102258
1.6428,5870,Real,Middle_FingerTip,-17.876720,1.170183,21.323840,0.268452,-0.825526,-0.485782,0.102258
1.6428,5870,Real,Ring_MCP,-17.818340,1.138580,21.275470,-0.513483,-0.710488,-0.217427,0.429265
1.6428,5870,Real,Ring_PIP,-17.823190,1.163848,21.314250,-0.124797,-0.867689,-0.391911,0.279192
1.6428,5870,Real,Ring_DIP,-17.844610,1.163788,21.329590,0.252200,-0.839555,-0.473038,0.088192
1.6428,5870,Real,Ring_FingerTip,-17.866720,1.150710,21.327250,0.252200,-0.839555,-0.473038,0.088192
1.6428,5870,Real,Pinky_MCP,-17.815430,1.117384,21.282000,-0.521766,-0.711156,-0.223119,0.415012
1.6428,5870,Real,Pinky_PIP,-17.819800,1.139311,21.314410,-0.131822,-0.872127,-0.390333,0.263926
1.6428,5870,Real,Pinky_DIP,-17.834950,1.139749,21.324740,0.247697,-0.846540,-0.465178,0.075010
1.6428,5870,Real,Pinky_FingerTip,-17.851550,1.130378,21.322760,0.247697,-0.846540,-0.465178,0.075010
1.6428,5870,Virtual,Wrist,-17.868110,1.087504,21.185050,-0.690745,-0.547510,-0.055055,0.469120
1.6428,5870,Virtual,Thumb_CMC,-17.871190,1.134213,21.192060,-0.092193,-0.642388,0.507872,0.566484
1.6428,5870,Virtual,Thumb_MCP,-17.886170,1.164680,21.219910,0.101625,-0.640964,0.317930,0.691201
1.6428,5870,Virtual,Thumb_IP,-17.887340,1.179842,21.266520,0.416515,-0.497672,-0.082387,0.756340
1.6428,5870,Virtual,Thumb_FingerTip,-17.873340,1.164475,21.286020,0.416515,-0.497672,-0.082387,0.756340
1.6428,5870,Virtual,Index_MCP,-17.843150,1.187625,21.234800,-0.540706,-0.676657,-0.134192,0.481421
1.6428,5870,Virtual,Index_PIP,-17.840880,1.215841,21.272110,-0.250051,-0.829278,-0.303713,0.396902
1.6428,5870,Virtual,Index_DIP,-17.855410,1.220347,21.293140,0.043578,-0.865060,-0.419558,0.271559
1.6428,5870,Virtual,Index_FingerTip,-17.878250,1.212190,21.304790,0.043578,-0.865060,-0.419558,0.271559
1.6428,5870,Virtual,Middle_MCP,-17.828940,1.168855,21.248890,-0.509730,-0.719077,-0.184257,0.434918
1.6428,5870,Virtual,Middle_PIP,-17.834330,1.199102,21.291840,-0.113592,-0.874067,-0.366492,0.297974
1.6428,5870,Virtual,Middle_DIP,-17.856410,1.198552,21.308580,0.268416,-0.839553,-0.458352,0.114096
1.6428,5870,Virtual,Middle_FingerTip,-17.879900,1.182838,21.307040,0.268416,-0.839553,-0.458352,0.114096
1.6428,5870,Virtual,Ring_MCP,-17.821300,1.148699,21.260700,-0.524048,-0.719216,-0.191565,0.414011
1.6428,5870,Virtual,Ring_PIP,-17.826320,1.176396,21.297760,-0.130100,-0.880325,-0.361924,0.277693
1.6428,5870,Virtual,Ring_DIP,-17.847710,1.177135,21.313120,0.252711,-0.853250,-0.445208,0.099461
1.6428,5870,Virtual,Ring_FingerTip,-17.869700,1.163724,21.311690,0.252711,-0.853250,-0.445208,0.099461
1.6428,5870,Virtual,Pinky_MCP,-17.818170,1.128003,21.268600,-0.531864,-0.720124,-0.197292,0.399524
1.6428,5870,Virtual,Pinky_PIP,-17.822700,1.151955,21.299510,-0.136601,-0.884758,-0.360268,0.262203
1.6428,5870,Virtual,Pinky_DIP,-17.837840,1.152924,21.309830,0.248682,-0.860009,-0.437182,0.086109
1.6428,5870,Virtual,Pinky_FingerTip,-17.854340,1.143287,21.308500,0.248682,-0.860009,-0.437182,0.086109
1.6428,5870,Render,Wrist,-17.868110,1.087504,21.185050,-0.690745,-0.547510,-0.055055,0.469120
1.6428,5870,Render,Thumb_CMC,-17.871190,1.134213,21.192060,-0.175532,-0.660924,0.507843,0.523894
1.6428,5870,Render,Thumb_MCP,-17.888290,1.167766,21.214640,-0.125220,-0.672273,0.466914,0.560679
1.6428,5870,Render,Thumb_IP,-17.904960,1.201693,21.245870,-0.033233,-0.683028,0.386872,0.618627
1.6428,5870,Render,Thumb_FingerTip,-17.911580,1.216628,21.269220,-0.033233,-0.683028,0.386872,0.618627
1.6428,5870,Render,Index_MCP,-17.843150,1.187625,21.234800,-0.552318,-0.667212,-0.125852,0.483668
1.6428,5870,Render,Index_PIP,-17.839490,1.216437,21.271540,-0.350670,-0.791996,-0.252307,0.431410
1.6428,5870,Render,Index_DIP,-17.849400,1.225204,21.293870,-0.146235,-0.853723,-0.350191,0.356566
1.6428,5870,Render,Index_FingerTip,-17.868310,1.225203,21.313000,-0.146235,-0.853723,-0.350191,0.356566
1.6428,5870,Render,Middle_MCP,-17.828940,1.168855,21.248890,-0.570430,-0.671941,-0.145671,0.449316
1.6428,5870,Render,Middle_PIP,-17.826060,1.202423,21.289550,-0.361729,-0.803771,-0.264554,0.391300
1.6428,5870,Render,Middle_DIP,-17.838040,1.212803,21.312290,-0.149120,-0.868711,-0.354043,0.312663
1.6428,5870,Render,Middle_FingerTip,-17.859540,1.213869,21.330650,-0.149120,-0.868711,-0.354043,0.312663
1.6428,5870,Render,Ring_MCP,-17.821300,1.148699,21.260700,-0.583676,-0.671729,-0.155431,0.428887
1.6428,5870,Render,Ring_PIP,-17.819010,1.178985,21.295960,-0.376428,-0.806350,-0.267391,0.369601
1.6428,5870,Render,Ring_DIP,-17.830690,1.189770,21.316970,-0.164574,-0.874536,-0.350738,0.291694
1.6428,5870,Render,Ring_FingerTip,-17.850700,1.191918,21.333110,-0.164574,-0.874536,-0.350738,0.291694
1.6428,5870,Render,Pinky_MCP,-17.818170,1.128003,21.268600,-0.563142,-0.695937,-0.179459,0.407845
1.6428,5870,Render,Pinky_PIP,-17.819470,1.153100,21.298900,-0.300573,-0.843276,-0.304521,0.325284
1.6428,5870,Render,Pinky_DIP,-17.830620,1.158765,21.312330,-0.034249,-0.894586,-0.387957,0.219164
1.6428,5870,Render,Pinky_FingerTip,-17.847890,1.156681,21.320350,-0.034249,-0.894586,-0.387957,0.219164
1.6566,5871,Real,Wrist,-17.863150,1.079044,21.205990,-0.664606,-0.536940,-0.095965,0.510671
1.6566,5871,Real,Thumb_CMC,-17.865350,1.124530,21.218890,-0.066244,-0.673158,0.462349,0.573327
1.6566,5871,Real,Thumb_MCP,-17.880010,1.151725,21.250100,0.135040,-0.662792,0.272895,0.684104
1.6566,5871,Real,Thumb_IP,-17.881360,1.161255,21.298180,0.455769,-0.499805,-0.116461,0.727260
1.6566,5871,Real,Thumb_FingerTip,-17.867870,1.143444,21.315870,0.455769,-0.499805,-0.116461,0.727260
1.6566,5871,Real,Index_MCP,-17.836500,1.171481,21.268180,-0.521874,-0.657030,-0.177836,0.514134
1.6566,5871,Real,Index_PIP,-17.833060,1.195032,21.308510,-0.247309,-0.801798,-0.352576,0.414305
1.6566,5871,Real,Index_DIP,-17.846930,1.197742,21.330280,0.029928,-0.838538,-0.469149,0.275423
1.6566,5871,Real,Index_FingerTip,-17.869700,1.189440,21.341950,0.029928,-0.838538,-0.469149,0.275423
1.6566,5871,Real,Middle_MCP,-17.822730,1.150787,21.279790,-0.495921,-0.695750,-0.229631,0.466116
1.6566,5871,Real,Middle_PIP,-17.826620,1.175923,21.326070,-0.122240,-0.845614,-0.417596,0.309205
1.6566,5871,Real,Middle_DIP,-17.848210,1.174495,21.343390,0.239863,-0.820044,-0.508278,0.107927
1.6566,5871,Real,Middle_FingerTip,-17.872600,1.160257,21.341510,0.239863,-0.820044,-0.508278,0.107927
1.6566,5871,Real,Ring_MCP,-17.815550,1.129140,21.288960,-0.511842,-0.694820,-0.236790,0.446290
1.6566,5871,Real,Ring_PIP,-17.819160,1.152404,21.329100,-0.141361,-0.851336,-0.413337,0.290510
1.6566,5871,Real,Ring_DIP,-17.840010,1.152418,21.345210,0.220841,-0.834258,-0.496191,0.095070
1.6566,5871,Real,Ring_FingerTip,-17.862830,1.140477,21.343650,0.220841,-0.834258,-0.496191,0.095070
1.6566,5871,Real,Pinky_MCP,-17.812870,1.107547,21.294160,-0.520571,-0.695145,-0.242608,0.432344
1.6566,5871,Real,Pinky_PIP,-17.816180,1.127783,21.327760,-0.148994,-0.855582,-0.412203,0.275442
1.6566,5871,Real,Pinky_DIP,-17.830920,1.128294,21.338670,0.215626,-0.841264,-0.488968,0.081798
1.6566,5871,Real,Pinky_FingerTip,-17.848050,1.119811,21.337260,0.215626,-0.841264,-0.488968,0.081798
1.6566,5871,Virtual,Wrist,-17.865560,1.082898,21.195920,-0.677609,-0.542592,-0.075814,0.490605
1.6566,5871,Virtual,Thumb_CMC,-17.868220,1.129078,21.205950,-0.080266,-0.658108,0.486222,0.569245
1.6566,5871,Virtual,Thumb_MCP,-17.883110,1.158024,21.235430,0.117207,-0.652542,0.296911,0.687238
1.6566,5871,Virtual,Thumb_IP,-17.884480,1.170533,21.282820,0.435202,-0.500148,-0.097448,0.742264
1.6566,5871,Virtual,Thumb_FingerTip,-17.870780,1.154004,21.301560,0.435202,-0.500148,-0.097448,0.742264
1.6566,5871,Virtual,Index_MCP,-17.839770,1.179317,21.252130,-0.534520,-0.664450,-0.154003,0.499077
1.6566,5871,Virtual,Index_PIP,-17.836510,1.205382,21.290900,-0.256393,-0.813307,-0.324900,0.408943
1.6566,5871,Virtual,Index_DIP,-17.850370,1.209310,21.312490,0.025131,-0.852393,-0.441248,0.279454
1.6566,5871,Virtual,Index_FingerTip,-17.873040,1.201523,21.324710,0.025131,-0.852393,-0.441248,0.279454
1.6566,5871,Virtual,Middle_MCP,-17.825780,1.159533,21.264990,-0.506928,-0.704687,-0.204830,0.452200
1.6566,5871,Virtual,Middle_PIP,-17.829840,1.187478,21.309610,-0.127931,-0.858600,-0.389177,0.308192
1.6566,5871,Virtual,Middle_DIP,-17.851390,1.186918,21.327040,0.240076,-0.834220,-0.482002,0.118804
1.6566,5871,Virtual,Middle_FingerTip,-17.875630,1.172342,21.326100,0.240076,-0.834220,-0.482002,0.118804
1.6566,5871,Virtual,Ring_MCP,-17.818350,1.138577,21.275470,-0.522231,-0.704083,-0.212101,0.431921
1.6566,5871,Virtual,Ring_PIP,-17.822140,1.164272,21.314090,-0.146423,-0.864302,-0.384818,0.288891
1.6566,5871,Virtual,Ring_DIP,-17.842960,1.165083,21.330210,0.221551,-0.848158,-0.469524,0.105309
1.6566,5871,Virtual,Ring_FingerTip,-17.865650,1.152835,21.329450,0.221551,-0.848158,-0.469524,0.105309
1.6566,5871,Virtual,Pinky_MCP,-17.815430,1.117381,21.282010,-0.530522,-0.704649,-0.217969,0.417740
1.6566,5871,Virtual,Pinky_PIP,-17.818900,1.139648,21.314290,-0.153558,-0.868564,-0.383622,0.273590
1.6566,5871,Virtual,Pinky_DIP,-17.833640,1.140691,21.325170,0.216797,-0.854975,-0.462148,0.091850
1.6566,5871,Virtual,Pinky_FingerTip,-17.850670,1.131962,21.324340,0.216797,-0.854975,-0.462148,0.091850
1.6566,5871,Render,Wrist,-17.865560,1.082898,21.195920,-0.677609,-0.542592,-0.075814,0.490605
1.6566,5871,Render,Thumb_CMC,-17.868220,1.129078,21.205950,-0.161986,-0.676824,0.483326,0.531099
1.6566,5871,Render,Thumb_MCP,-17.885060,1.161250,21.230650,-0.110515,-0.687107,0.441923,0.566016
1.6566,5871,Render,Thumb_IP,-17.901470,1.193225,21.264000,-0.016658,-0.695739,0.361390,0.620539
1.6566,5871,Render,Thumb_FingerTip,-17.908000,1.206667,21.288260,-0.016658,-0.695739,0.361390,0.620539
1.6566,5871,Render,Index_MCP,-17.839770,1.179317,21.252130,-0.539282,-0.660591,-0.150412,0.500171
1.6566,5871,Render,Index_PIP,-17.835930,1.205636,21.290680,-0.339917,-0.782088,-0.280422,0.440633
1.6566,5871,Render,Index_DIP,-17.845800,1.213022,21.313510,-0.138234,-0.841485,-0.379708,0.358631
1.6566,5871,Render,Index_FingerTip,-17.864760,1.211954,21.332570,-0.138234,-0.841485,-0.379708,0.358631
1.6566,5871,Render,Middle_MCP,-17.825780,1.159533,21.264990,-0.558509,-0.664551,-0.170228,0.466329
1.6566,5871,Render,Middle_PIP,-17.822670,1.190348,21.307760,-0.352324,-0.793365,-0.292867,0.400836
1.6566,5871,Render,Middle_DIP,-17.834600,1.199336,21.331110,-0.142618,-0.856283,-0.383841,0.314812
1.6566,5871,Render,Middle_FingerTip,-17.856140,1.199409,21.349470,-0.142618,-0.856283,-0.383841,0.314812
1.6566,5871,Render,Ring_MCP,-17.818350,1.138577,21.275470,-0.572403,-0.663937,-0.179892,0.446297
1.6566,5871,Render,Ring_PIP,-17.815850,1.166475,21.312640,-0.367733,-0.795758,-0.295697,0.379613
1.6566,5871,Render,Ring_DIP,-17.827480,1.175979,21.334280,-0.158779,-0.862118,-0.380644,0.294369
1.6566,5871,Render,Ring_FingerTip,-17.847510,1.177260,21.350500,-0.158779,-0.862118,-0.380644,0.294369
1.6566,5871,Render,Pinky_MCP,-17.815430,1.117381,21.282010,-0.552659,-0.687424,-0.204577,0.424459
1.6566,5871,Render,Pinky_PIP,-17.816570,1.140459,21.313890,-0.293504,-0.831769,-0.333727,0.332631
1.6566,5871,Render,Pinky_DIP,-17.827690,1.145343,21.327630,-0.030951,-0.881490,-0.418022,0.217427
1.6566,5871,Render,Pinky_FingerTip,-17.845010,1.142906,21.335470,-0.030951,-0.881490,-0.418022,0.217427
1.6714,5872,Real,Wrist,-17.859560,1.073468,21.214330,-0.642538,-0.527270,-0.119858,0.542924
1.6714,5872,Real,Thumb_CMC,-17.861300,1.117573,21.231430,-0.049047,-0.689602,0.435121,0.576813
1.6714,5872,Real,Thumb_MCP,-17.875790,1.142586,21.264490,0.153267,-0.674141,0.248923,0.678293
1.6714,5872,Real,Thumb_IP,-17.877390,1.149010,21.313060,0.473142,-0.504076,-0.128270,0.711049
1.6714,5872,Real,Thumb_FingerTip,-17.864310,1.130218,21.330040,0.473142,-0.504076,-0.128270,0.711049
1.6714,5872,Real,Index_MCP,-17.831680,1.159544,21.284590,-0.507224,-0.638725,-0.202244,0.542081
1.6714,5872,Real,Index_PIP,-17.826890,1.179618,21.326630,-0.247521,-0.777161,-0.381465,0.435016
1.6714,5872,Real,Index_DIP,-17.839840,1.180990,21.349080,0.014837,-0.815491,-0.500843,0.289673
1.6714,5872,Real,Index_FingerTip,-17.862220,1.172534,21.361390,0.014837,-0.815491,-0.500843,0.289673
1.6714,5872,Real,Middle_MCP,-17.817990,1.137765,21.294120,-0.485435,-0.674701,-0.255373,0.493879
1.6714,5872,Real,Middle_PIP,-17.820150,1.159036,21.342400,-0.132675,-0.820528,-0.449192,0.327656
1.6714,5872,Real,Middle_DIP,-17.840940,1.156911,21.360610,0.211054,-0.803943,-0.543411,0.117627
1.6714,5872,Real,Middle_FingerTip,-17.865930,1.143690,21.359470,0.211054,-0.803943,-0.543411,0.117627
1.6714,5872,Real,Ring_MCP,-17.810890,1.115311,21.301170,-0.503394,-0.672422,-0.261775,0.475308
1.6714,5872,Real,Ring_PIP,-17.812820,1.135235,21.343180,-0.156551,-0.825257,-0.444069,0.311843
1.6714,5872,Real,Ring_DIP,-17.832750,1.134746,21.360400,0.185081,-0.819330,-0.531529,0.109181
1.6714,5872,Real,Ring_FingerTip,-17.856160,1.123926,21.359940,0.185081,-0.819330,-0.531529,0.109181
1.6714,5872,Real,Pinky_MCP,-17.808340,1.093311,21.304320,-0.512788,-0.672374,-0.267699,0.461843
1.6714,5872,Real,Pinky_PIP,-17.810210,1.110725,21.339570,-0.165009,-0.829343,-0.443471,0.297145
1.6714,5872,Real,Pinky_DIP,-17.824310,1.110911,21.351300,0.178950,-0.826447,-0.525127,0.095938
1.6714,5872,Real,Pinky_FingerTip,-17.841890,1.103314,21.350740,0.178950,-0.826447,-0.525127,0.095938
1.6714,5872,Virtual,Wrist,-17.863150,1.079041,21.206000,-0.664606,-0.536940,-0.095964,0.510671
1.6714,5872,Virtual,Thumb_CMC,-17.865360,1.124527,21.218910,-0.075106,-0.671267,0.468601,0.569363
1.6714,5872,Virtual,Thumb_MCP,-17.880300,1.152385,21.249380,0.123008,-0.664160,0.283124,0.680883
1.6714,5872,Virtual,Thumb_IP,-17.882390,1.163278,21.297140,0.441990,-0.510769,-0.100075,0.730579
1.6714,5872,Virtual,Thumb_FingerTip,-17.869330,1.146243,21.315890,0.441990,-0.510769,-0.100075,0.730579
1.6714,5872,Virtual,Index_MCP,-17.836500,1.171478,21.268190,-0.528640,-0.651599,-0.172509,0.515945
1.6714,5872,Virtual,Index_PIP,-17.832220,1.195403,21.308210,-0.262974,-0.796797,-0.344390,0.421135
1.6714,5872,Virtual,Index_DIP,-17.845380,1.198752,21.330340,0.006499,-0.839047,-0.461274,0.288418
1.6714,5872,Virtual,Index_FingerTip,-17.867810,1.191301,21.343190,0.006499,-0.839047,-0.461274,0.288418
1.6714,5872,Virtual,Middle_MCP,-17.822740,1.150784,21.279800,-0.504276,-0.689718,-0.223992,0.468851
1.6714,5872,Virtual,Middle_PIP,-17.825470,1.176426,21.325880,-0.142817,-0.842383,-0.409934,0.319293
1.6714,5872,Virtual,Middle_DIP,-17.846410,1.175839,21.344040,0.210633,-0.828034,-0.504131,0.125883
1.6714,5872,Virtual,Middle_FingerTip,-17.871300,1.162376,21.343930,0.210633,-0.828034,-0.504131,0.125883
1.6714,5872,Virtual,Ring_MCP,-17.815550,1.129137,21.288970,-0.521335,-0.687726,-0.230639,0.449499
1.6714,5872,Virtual,Ring_PIP,-17.817990,1.152857,21.328930,-0.165937,-0.846889,-0.404758,0.302349
1.6714,5872,Virtual,Ring_DIP,-17.838060,1.153814,21.345960,0.185087,-0.842911,-0.491689,0.116129
1.6714,5872,Virtual,Ring_FingerTip,-17.861400,1.142817,21.346310,0.185087,-0.842911,-0.491689,0.116129
1.6714,5872,Virtual,Pinky_MCP,-17.812870,1.107544,21.294160,-0.530067,-0.687931,-0.236648,0.435635
1.6714,5872,Virtual,Pinky_PIP,-17.815170,1.128140,21.327640,-0.173690,-0.850912,-0.404060,0.287255
1.6714,5872,Virtual,Pinky_DIP,-17.829390,1.129304,21.339180,0.179578,-0.849689,-0.485037,0.102562
1.6714,5872,Virtual,Pinky_FingerTip,-17.846900,1.121552,21.339190,0.179578,-0.849689,-0.485037,0.102562
1.6714,5872,Render,Wrist,-17.863150,1.079041,21.206000,-0.664606,-0.536940,-0.095964,0.510671
1.6714,5872,Render,Thumb_CMC,-17.865360,1.124527,21.218910,-0.149212,-0.691316,0.458984,0.537729
1.6714,5872,Render,Thumb_MCP,-17.881920,1.155261,21.245540,-0.096684,-0.700596,0.417151,0.570792
1.6714,5872,Render,Thumb_IP,-17.898080,1.185252,21.280800,-0.001132,-0.707235,0.336199,0.621923
1.6714,5872,Render,Thumb_FingerTip,-17.904540,1.197216,21.305850,-0.001132,-0.707235,0.336199,0.621923
1.6714,5872,Render,Index_MCP,-17.836500,1.171478,21.268190,-0.526583,-0.653263,-0.174136,0.515398
1.6714,5872,Render,Index_PIP,-17.832480,1.195290,21.308310,-0.329682,-0.771590,-0.307387,0.448857
1.6714,5872,Render,Index_DIP,-17.842330,1.201333,21.331550,-0.130878,-0.828802,-0.407865,0.360007
1.6714,5872,Render,Index_FingerTip,-17.861340,1.199269,21.350480,-0.130878,-0.828802,-0.407865,0.360007
1.6714,5872,Render,Middle_MCP,-17.822740,1.150784,21.279800,-0.546861,-0.656467,-0.193911,0.482071
1.6714,5872,Render,Middle_PIP,-17.819420,1.178826,21.324420,-0.343374,-0.782368,-0.319986,0.409394
1.6714,5872,Render,Middle_DIP,-17.831310,1.186457,21.348270,-0.136705,-0.843397,-0.412239,0.316312
1.6714,5872,Render,Middle_FingerTip,-17.852890,1.185602,21.366560,-0.136705,-0.843397,-0.412239,0.316312
1.6714,5872,Render,Ring_MCP,-17.815550,1.129137,21.288970,-0.561364,-0.655460,-0.203462,0.462436
1.6714,5872,Render,Ring_PIP,-17.812850,1.154626,21.327810,-0.359450,-0.784571,-0.322796,0.388647
1.6714,5872,Render,Ring_DIP,-17.824430,1.162874,21.349990,-0.153531,-0.849226,-0.409137,0.296396
1.6714,5872,Render,Ring_FingerTip,-17.844480,1.163345,21.366220,-0.153531,-0.849226,-0.409137,0.296396
1.6714,5872,Render,Pinky_MCP,-17.812870,1.107544,21.294160,-0.542410,-0.678242,-0.228738,0.439840
1.6714,5872,Render,Pinky_PIP,-17.813840,1.128591,21.327430,-0.286879,-0.819708,-0.361621,0.339132
1.6714,5872,Render,Pinky_DIP,-17.824950,1.132719,21.341430,-0.028242,-0.867999,-0.446583,0.215277
1.6714,5872,Render,Pinky_FingerTip,-17.842300,1.129975,21.349080,-0.028242,-0.867999,-0.446583,0.215277
1.6850,5873,Real,Wrist,-17.856110,1.068309,21.221250,-0.614402,-0.523214,-0.143174,0.572939
1.6850,5873,Real,Thumb_CMC,-17.858140,1.110589,21.242440,-0.046815,-0.704437,0.420781,0.569666
1.6850,5873,Real,Thumb_MCP,-17.873360,1.134536,21.275950,0.152675,-0.689285,0.244082,0.664832
1.6850,5873,Real,Thumb_IP,-17.876760,1.140129,21.324540,0.470692,-0.526187,-0.112800,0.699180
1.6850,5873,Real,Thumb_FingerTip,-17.864770,1.121517,21.342480,0.470692,-0.526187,-0.112800,0.699180
1.6850,5873,Real,Index_MCP,-17.828810,1.147528,21.299370,-0.494576,-0.617989,-0.216419,0.571531
1.6850,5873,Real,Index_PIP,-17.822130,1.164569,21.342470,-0.254292,-0.749567,-0.398282,0.463526
1.6850,5873,Real,Index_DIP,-17.833580,1.164880,21.365770,-0.011080,-0.791450,-0.521679,0.318332
1.6850,5873,Real,Index_FingerTip,-17.855020,1.156417,21.379630,-0.011080,-0.791450,-0.521679,0.318332
1.6850,5873,Real,Middle_MCP,-17.814980,1.125033,21.306800,-0.477474,-0.650585,-0.271206,0.524600
1.6850,5873,Real,Middle_PIP,-17.814640,1.142814,21.356520,-0.154901,-0.791990,-0.468815,0.359125
1.6850,5873,Real,Middle_DIP,-17.833880,1.140282,21.376310,0.162567,-0.790452,-0.571057,0.150507
1.6850,5873,Real,Middle_FingerTip,-17.859400,1.128144,21.377790,0.162567,-0.790452,-0.571057,0.150507
1.6850,5873,Real,Ring_MCP,-17.807750,1.102058,21.311700,-0.499229,-0.645219,-0.275682,0.508392
1.6850,5873,Real,Ring_PIP,-17.807030,1.118993,21.355040,-0.191077,-0.793113,-0.459763,0.350828
1.6850,5873,Real,Ring_DIP,-17.824960,1.118479,21.374330,0.116649,-0.807422,-0.557079,0.155326
1.6850,5873,Real,Ring_FingerTip,-17.848820,1.109154,21.377450,0.116649,-0.807422,-0.557079,0.155326
1.6850,5873,Real,Pinky_MCP,-17.805050,1.079875,21.312760,-0.509233,-0.644593,-0.282059,0.495606
1.6850,5873,Real,Pinky_PIP,-17.804660,1.094715,21.349220,-0.200459,-0.796639,-0.460342,0.336552
1.6850,5873,Real,Pinky_DIP,-17.817370,1.094890,21.362450,0.109244,-0.814177,-0.552322,0.141852
1.6850,5873,Real,Pinky_FingerTip,-17.835300,1.088480,21.364560,0.109244,-0.814177,-0.552322,0.141852
1.6850,5873,Virtual,Wrist,-17.859560,1.073474,21.214330,-0.642538,-0.527270,-0.119857,0.542924
1.6850,5873,Virtual,Thumb_CMC,-17.861310,1.117579,21.231430,-0.075826,-0.683390,0.451867,0.568371
1.6850,5873,Virtual,Thumb_MCP,-17.876340,1.144684,21.262530,0.118925,-0.677221,0.274283,0.672308
1.6850,5873,Virtual,Thumb_IP,-17.879670,1.154869,21.310380,0.435358,-0.532198,-0.090130,0.720490
1.6850,5873,Virtual,Thumb_FingerTip,-17.867770,1.137962,21.329990,0.435358,-0.532198,-0.090130,0.720490
1.6850,5873,Virtual,Index_MCP,-17.831690,1.159549,21.284600,-0.523104,-0.625786,-0.188568,0.546989
1.6850,5873,Virtual,Index_PIP,-17.824870,1.180547,21.325890,-0.278454,-0.766622,-0.363733,0.449948
1.6850,5873,Virtual,Index_DIP,-17.836290,1.183133,21.349060,-0.028814,-0.815117,-0.484628,0.316055
1.6850,5873,Virtual,Index_FingerTip,-17.857770,1.176156,21.363670,-0.028814,-0.815117,-0.484628,0.316055
1.6850,5873,Virtual,Middle_MCP,-17.817990,1.137770,21.294120,-0.503921,-0.661008,-0.241607,0.500758
1.6850,5873,Virtual,Middle_PIP,-17.817500,1.160172,21.341940,-0.174390,-0.812685,-0.431880,0.350160
1.6850,5873,Virtual,Middle_DIP,-17.836730,1.159645,21.361890,0.152569,-0.817062,-0.533522,0.156482
1.6850,5873,Virtual,Middle_FingerTip,-17.862330,1.147864,21.364520,0.152569,-0.817062,-0.533522,0.156482
1.6850,5873,Virtual,Ring_MCP,-17.810900,1.115316,21.301170,-0.524868,-0.655797,-0.246273,0.483522
1.6850,5873,Virtual,Ring_PIP,-17.810040,1.136269,21.342710,-0.210133,-0.813266,-0.422747,0.340189
1.6850,5873,Virtual,Ring_DIP,-17.827960,1.137696,21.361970,0.106425,-0.833205,-0.518757,0.159171
1.6850,5873,Virtual,Ring_FingerTip,-17.851860,1.128860,21.365960,0.106425,-0.833205,-0.518757,0.159171
1.6850,5873,Virtual,Pinky_MCP,-17.808340,1.093316,21.304320,-0.534255,-0.655446,-0.252629,0.470256
1.6850,5873,Virtual,Pinky_PIP,-17.807830,1.111536,21.339220,-0.218840,-0.816791,-0.423110,0.325484
1.6850,5873,Virtual,Pinky_DIP,-17.820530,1.113041,21.352370,0.099646,-0.839708,-0.513641,0.145380
1.6850,5873,Virtual,Pinky_FingerTip,-17.838500,1.106974,21.355080,0.099646,-0.839708,-0.513641,0.145380
1.6850,5873,Render,Wrist,-17.859560,1.073474,21.214330,-0.642538,-0.527270,-0.119857,0.542924
1.6850,5873,Render,Thumb_CMC,-17.861310,1.117579,21.231430,-0.124766,-0.708550,0.425154,0.549214
1.6850,5873,Render,Thumb_MCP,-17.877360,1.145849,21.260940,-0.071009,-0.715938,0.382551,0.579694
1.6850,5873,Render,Thumb_IP,-17.892950,1.172580,21.298980,0.026381,-0.718967,0.300714,0.626069
1.6850,5873,Render,Thumb_FingerTip,-17.899070,1.182230,21.325090,0.026381,-0.718967,0.300714,0.626069
1.6850,5873,Render,Index_MCP,-17.831690,1.159549,21.284600,-0.505207,-0.640321,-0.203953,0.541441
1.6850,5873,Render,Index_PIP,-17.827150,1.179504,21.326720,-0.312617,-0.753337,-0.343149,0.465836
1.6850,5873,Render,Index_DIP,-17.836770,1.183431,21.350500,-0.118798,-0.806928,-0.446695,0.367721
1.6850,5873,Render,Index_FingerTip,-17.855640,1.179752,21.369320,-0.118798,-0.806928,-0.446695,0.367721
1.6850,5873,Render,Middle_MCP,-17.817990,1.137770,21.294120,-0.527108,-0.642671,-0.223647,0.509033
1.6850,5873,Render,Middle_PIP,-17.814090,1.161524,21.341120,-0.328222,-0.763635,-0.356032,0.427052
1.6850,5873,Render,Middle_DIP,-17.825730,1.166990,21.365680,-0.126721,-0.821468,-0.451556,0.324391
1.6850,5873,Render,Middle_FingerTip,-17.847160,1.164591,21.383990,-0.126721,-0.821468,-0.451556,0.324391
1.6850,5873,Render,Ring_MCP,-17.810900,1.115316,21.301170,-0.542544,-0.641251,-0.233006,0.490053
1.6850,5873,Render,Ring_PIP,-17.807690,1.137069,21.342190,-0.345264,-0.765734,-0.358796,0.407074
1.6850,5873,Render,Ring_DIP,-17.819020,1.143303,21.365130,-0.144463,-0.827458,-0.448583,0.305314
1.6850,5873,Render,Ring_FingerTip,-17.838930,1.142404,21.381510,-0.144463,-0.827458,-0.448583,0.305314
1.6850,5873,Render,Pinky_MCP,-17.808340,1.093316,21.304320,-0.524853,-0.662999,-0.259310,0.466605
1.6850,5873,Render,Pinky_PIP,-17.808880,1.111190,21.339400,-0.275368,-0.799507,-0.399337,0.354248
1.6850,5873,Render,Pinky_DIP,-17.819840,1.114077,21.353820,-0.023308,-0.845278,-0.487095,0.218405
1.6850,5873,Render,Pinky_FingerTip,-17.837150,1.110756,21.361330,-0.023308,-0.845278,-0.487095,0.218405
1.6989,5874,Real,Wrist,-17.852110,1.062988,21.223090,-0.573451,-0.508167,-0.173465,0.618733
1.6989,5874,Real,Thumb_CMC,-17.853860,1.101909,21.249970,-0.035439,-0.720927,0.391811,0.570520
1.6989,5874,Real,Thumb_MCP,-17.869080,1.123784,21.284870,0.162729,-0.703215,0.221167,0.655815
1.6989,5874,Real,Thumb_IP,-17.873340,1.126786,21.333620,0.478728,-0.540196,-0.118782,0.681836
1.6989,5874,Real,Thumb_FingerTip,-17.862270,1.107429,21.351380,0.478728,-0.540196,-0.118782,0.681836
1.6989,5874,Real,Index_MCP,-17.823660,1.130700,21.311000,-0.473797,-0.582257,-0.233997,0.617850
1.6989,5874,Real,Index_PIP,-17.813710,1.142997,21.355080,-0.256758,-0.705395,-0.423597,0.507010
1.6989,5874,Real,Index_DIP,-17.822900,1.141250,21.379290,-0.036402,-0.749788,-0.554715,0.358866
1.6989,5874,Real,Index_FingerTip,-17.842800,1.132009,21.394850,-0.036402,-0.749788,-0.554715,0.358866
1.6989,5874,Real,Middle_MCP,-17.809680,1.107446,21.315010,-0.461396,-0.611713,-0.292619,0.572097
1.6989,5874,Real,Middle_PIP,-17.805430,1.119574,21.366230,-0.178854,-0.745044,-0.496666,0.407730
1.6989,5874,Real,Middle_DIP,-17.822160,1.115735,21.388000,0.102338,-0.759346,-0.610409,0.200802
1.6989,5874,Real,Middle_FingerTip,-17.847580,1.104399,21.393090,0.102338,-0.759346,-0.610409,0.200802
1.6989,5874,Real,Ring_MCP,-17.802320,1.084041,21.316560,-0.487511,-0.602702,-0.293862,0.559222
1.6989,5874,Real,Ring_PIP,-17.797630,1.096092,21.361260,-0.232263,-0.739575,-0.478613,0.412328
1.6989,5874,Real,Ring_DIP,-17.812180,1.094745,21.383190,0.026317,-0.774741,-0.588319,0.230142
1.6989,5874,Real,Ring_FingerTip,-17.835210,1.086707,21.391590,0.026317,-0.774741,-0.588319,0.230142
1.6989,5874,Real,Pinky_MCP,-17.799570,1.061937,21.314480,-0.498387,-0.601331,-0.300576,0.547417
1.6989,5874,Real,Pinky_PIP,-17.795790,1.072580,21.352200,-0.242883,-0.742292,-0.480525,0.398882
1.6989,5874,Real,Pinky_DIP,-17.806140,1.072162,21.367350,0.017200,-0.780829,-0.585660,0.216825
1.6989,5874,Real,Pinky_FingerTip,-17.823480,1.066782,21.373450,0.017200,-0.780829,-0.585660,0.216825
1.6989,5874,Virtual,Wrist,-17.856110,1.068305,21.221260,-0.614402,-0.523213,-0.143173,0.572940
1.6989,5874,Virtual,Thumb_CMC,-17.858150,1.110584,21.242450,-0.079234,-0.696459,0.439949,0.561350
1.6989,5874,Virtual,Thumb_MCP,-17.873830,1.137119,21.273720,0.113917,-0.691632,0.269980,0.660135
1.6989,5874,Virtual,Thumb_IP,-17.878860,1.146870,21.321510,0.430309,-0.553323,-0.077954,0.708937
1.6989,5874,Virtual,Thumb_FingerTip,-17.868150,1.130148,21.341960,0.430309,-0.553323,-0.077954,0.708937
1.6989,5874,Virtual,Index_MCP,-17.828810,1.147523,21.299380,-0.514545,-0.601464,-0.197590,0.578311
1.6989,5874,Virtual,Index_PIP,-17.819520,1.165806,21.341480,-0.288958,-0.736898,-0.376241,0.481589
1.6989,5874,Virtual,Index_DIP,-17.829100,1.167454,21.365540,-0.057832,-0.789411,-0.501956,0.348606
1.6989,5874,Virtual,Index_FingerTip,-17.849290,1.160496,21.381910,-0.057832,-0.789411,-0.501956,0.348606
1.6989,5874,Virtual,Middle_MCP,-17.814980,1.125029,21.306810,-0.498555,-0.634574,-0.253854,0.533214
1.6989,5874,Virtual,Middle_PIP,-17.811510,1.144146,21.355910,-0.203798,-0.780838,-0.445602,0.387553
1.6989,5874,Virtual,Middle_DIP,-17.828600,1.143394,21.377730,0.092007,-0.801733,-0.555505,0.200432
1.6989,5874,Virtual,Middle_FingerTip,-17.854150,1.132917,21.383920,0.092007,-0.801733,-0.555505,0.200432
1.6989,5874,Virtual,Ring_MCP,-17.807750,1.102053,21.311710,-0.523687,-0.625531,-0.255915,0.518624
1.6989,5874,Virtual,Ring_PIP,-17.803730,1.120189,21.354380,-0.257534,-0.774089,-0.428413,0.388492
1.6989,5874,Virtual,Ring_DIP,-17.818620,1.121924,21.376040,0.013930,-0.815686,-0.533054,0.224315
1.6989,5874,Virtual,Ring_FingerTip,-17.841820,1.115167,21.385100,0.013930,-0.815686,-0.533054,0.224315
1.6989,5874,Virtual,Pinky_MCP,-17.805050,1.079871,21.312770,-0.533659,-0.624521,-0.262779,0.506093
1.6989,5874,Virtual,Pinky_PIP,-17.801830,1.095642,21.348700,-0.267181,-0.776809,-0.430198,0.374316
1.6989,5874,Virtual,Pinky_DIP,-17.812410,1.097349,21.363590,0.005733,-0.821453,-0.530034,0.210350
1.6989,5874,Virtual,Pinky_FingerTip,-17.829870,1.092897,21.370090,0.005733,-0.821453,-0.530034,0.210350
1.6989,5874,Render,Wrist,-17.856110,1.068305,21.221260,-0.614402,-0.523213,-0.143173,0.572940
1.6989,5874,Render,Thumb_CMC,-17.858150,1.110584,21.242450,-0.097126,-0.725034,0.393967,0.556491
1.6989,5874,Render,Thumb_MCP,-17.874030,1.136022,21.274520,-0.042205,-0.730293,0.350905,0.584601
1.6989,5874,Render,Thumb_IP,-17.889380,1.159161,21.314940,0.056861,-0.729298,0.268695,0.626654
1.6989,5874,Render,Thumb_FingerTip,-17.895310,1.166395,21.341850,0.056861,-0.729298,0.268695,0.626654
1.6989,5874,Render,Index_MCP,-17.828810,1.147523,21.299380,-0.476911,-0.631720,-0.232486,0.565186
1.6989,5874,Render,Index_PIP,-17.824420,1.163433,21.343200,-0.287714,-0.737384,-0.377053,0.480954
1.6989,5874,Render,Index_DIP,-17.834070,1.165033,21.367240,-0.098555,-0.785367,-0.483267,0.374083
1.6989,5874,Render,Index_FingerTip,-17.852920,1.159471,21.385610,-0.098555,-0.785367,-0.483267,0.374083
1.6989,5874,Render,Middle_MCP,-17.814980,1.125029,21.306810,-0.500308,-0.633194,-0.252379,0.533913
1.6989,5874,Render,Middle_PIP,-17.811240,1.144255,21.355850,-0.305101,-0.747098,-0.390537,0.442990
1.6989,5874,Render,Middle_DIP,-17.822930,1.147300,21.380810,-0.108473,-0.799672,-0.488951,0.331188
1.6989,5874,Render,Middle_FingerTip,-17.844350,1.143044,21.398800,-0.108473,-0.799672,-0.488951,0.331188
1.6989,5874,Render,Ring_MCP,-17.807750,1.102053,21.311710,-0.516627,-0.631375,-0.261725,0.515716
1.6989,5874,Render,Ring_PIP,-17.804690,1.119849,21.354600,-0.323062,-0.749112,-0.393466,0.423849
1.6989,5874,Render,Ring_DIP,-17.816070,1.123814,21.378030,-0.127080,-0.805846,-0.486331,0.312962
1.6989,5874,Render,Ring_FingerTip,-17.835980,1.121244,21.394230,-0.127080,-0.805846,-0.486331,0.312962
1.6989,5874,Render,Pinky_MCP,-17.805050,1.079871,21.312770,-0.499988,-0.651790,-0.289098,0.491533
1.6989,5874,Render,Pinky_PIP,-17.805710,1.094343,21.349370,-0.255625,-0.780688,-0.435705,0.367891
1.6989,5874,Render,Pinky_DIP,-17.816700,1.095784,21.364000,-0.010107,-0.821411,-0.525879,0.220531
1.6989,5874,Render,Pinky_FingerTip,-17.833980,1.091658,21.371150,-0.010107,-0.821411,-0.525879,0.220531
1.7131,5875,Real,Wrist,-17.850410,1.060859,21.229920,-0.559339,-0.496833,-0.194618,0.634366
1.7131,5875,Real,Thumb_CMC,-17.851410,1.098101,21.259120,-0.024919,-0.731915,0.364163,0.575383
1.7131,5875,Real,Thumb_MCP,-17.866180,1.118104,21.295300,0.175849,-0.710913,0.193242,0.652946
1.7131,5875,Real,Thumb_IP,-17.870380,1.118218,21.344150,0.493931,-0.540696,-0.141948,0.665981
1.7131,5875,Real,Thumb_FingerTip,-17.859690,1.097607,21.360680,0.493931,-0.540696,-0.141948,0.665981
1.7131,5875,Real,Index_MCP,-17.820640,1.122538,21.321740,-0.460506,-0.570011,-0.257401,0.629894
1.7131,5875,Real,Index_PIP,-17.810440,1.131937,21.366470,-0.248215,-0.689469,-0.449656,0.510716
1.7131,5875,Real,Index_DIP,-17.819660,1.128900,21.390550,-0.032957,-0.732047,-0.580703,0.354691
1.7131,5875,Real,Index_FingerTip,-17.839740,1.119116,21.405540,-0.032957,-0.732047,-0.580703,0.354691
1.7131,5875,Real,Middle_MCP,-17.807110,1.098815,21.324320,-0.449811,-0.597808,-0.316450,0.583229
1.7131,5875,Real,Middle_PIP,-17.802620,1.107722,21.376170,-0.173782,-0.727670,-0.522960,0.408424
1.7131,5875,Real,Middle_DIP,-17.819420,1.102892,21.397690,0.100792,-0.741313,-0.635179,0.191951
1.7131,5875,Real,Middle_FingerTip,-17.845060,1.091762,21.402120,0.100792,-0.741313,-0.635179,0.191951
1.7131,5875,Real,Ring_MCP,-17.800210,1.075221,21.324430,-0.476216,-0.588514,-0.317284,0.571140
1.7131,5875,Real,Ring_PIP,-17.795280,1.084440,21.369780,-0.226964,-0.722232,-0.504774,0.414817
1.7131,5875,Real,Ring_DIP,-17.809840,1.082044,21.391600,0.025560,-0.756623,-0.613823,0.223809
1.7131,5875,Real,Ring_FingerTip,-17.833030,1.073957,21.399520,0.025560,-0.756623,-0.613823,0.223809
1.7131,5875,Real,Pinky_MCP,-17.797890,1.053236,21.321010,-0.487436,-0.586839,-0.323833,0.559605
1.7131,5875,Real,Pinky_PIP,-17.793900,1.061490,21.359300,-0.238015,-0.724792,-0.506633,0.401684
1.7131,5875,Real,Pinky_DIP,-17.804240,1.060353,21.374400,0.015985,-0.762705,-0.611219,0.210803
1.7131,5875,Real,Pinky_FingerTip,-17.821690,1.054949,21.380190,0.015985,-0.762705,-0.611219,0.210803
1.7131,5875,Virtual,Wrist,-17.852120,1.062996,21.223090,-0.573450,-0.508167,-0.173465,0.618733
1.7131,5875,Virtual,Thumb_CMC,-17.853870,1.101917,21.249970,-0.035439,-0.720927,0.391811,0.570520
1.7131,5875,Virtual,Thumb_MCP,-17.869090,1.123792,21.284880,0.162729,-0.703215,0.221167,0.655815
1.7131,5875,Virtual,Thumb_IP,-17.873340,1.126793,21.333630,0.478728,-0.540196,-0.118782,0.681836
1.7131,5875,Virtual,Thumb_FingerTip,-17.862280,1.107437,21.351380,0.478728,-0.540196,-0.118782,0.681836
1.7131,5875,Virtual,Index_MCP,-17.823670,1.130708,21.311000,-0.473797,-0.582257,-0.233997,0.617850
1.7131,5875,Virtual,Index_PIP,-17.813720,1.143005,21.355080,-0.256758,-0.705395,-0.423597,0.507010
1.7131,5875,Virtual,Index_DIP,-17.822910,1.141258,21.379290,-0.036402,-0.749788,-0.554715,0.358866
1.7131,5875,Virtual,Index_FingerTip,-17.842810,1.132016,21.394860,-0.036402,-0.749788,-0.554715,0.358866
1.7131,5875,Virtual,Middle_MCP,-17.809680,1.107453,21.315020,-0.461396,-0.611713,-0.292619,0.572097
1.7131,5875,Virtual,Middle_PIP,-17.805440,1.119581,21.366240,-0.178854,-0.745044,-0.496666,0.407730
1.7131,5875,Virtual,Middle_DIP,-17.822170,1.115742,21.388000,0.102338,-0.759346,-0.610410,0.200802
1.7131,5875,Virtual,Middle_FingerTip,-17.847600,1.104406,21.393100,0.102338,-0.759346,-0.610410,0.200802
1.7131,5875,Virtual,Ring_MCP,-17.802330,1.084048,21.316560,-0.487511,-0.602702,-0.293862,0.559222
1.7131,5875,Virtual,Ring_PIP,-17.797640,1.096100,21.361270,-0.232263,-0.739574,-0.478613,0.412328
1.7131,5875,Virtual,Ring_DIP,-17.812180,1.094753,21.383200,0.026317,-0.774741,-0.588319,0.230142
1.7131,5875,Virtual,Ring_FingerTip,-17.835220,1.086714,21.391590,0.026317,-0.774741,-0.588319,0.230142
1.7131,5875,Virtual,Pinky_MCP,-17.799580,1.061944,21.314490,-0.498387,-0.601331,-0.300576,0.547417
1.7131,5875,Virtual,Pinky_PIP,-17.795800,1.072587,21.352200,-0.242883,-0.742292,-0.480525,0.398883
1.7131,5875,Virtual,Pinky_DIP,-17.806140,1.072170,21.367350,0.017200,-0.780829,-0.585660,0.216825
1.7131,5875,Virtual,Pinky_FingerTip,-17.823490,1.066789,21.373450,0.017200,-0.780829,-0.585660,0.216825
1.7131,5875,Render,Wrist,-17.852120,1.062996,21.223090,-0.573450,-0.508167,-0.173465,0.618733
1.7131,5875,Render,Thumb_CMC,-17.853870,1.101917,21.249970,-0.054509,-0.740979,0.346245,0.572794
1.7131,5875,Render,Thumb_MCP,-17.868710,1.122881,21.285590,0.001492,-0.742980,0.302090,0.597261
1.7131,5875,Render,Thumb_IP,-17.882760,1.140465,21.329150,0.101871,-0.735965,0.218617,0.632602
1.7131,5875,Render,Thumb_FingerTip,-17.887850,1.144075,21.356950,0.101871,-0.735965,0.218617,0.632602
1.7131,5875,Render,Index_MCP,-17.823670,1.130708,21.311000,-0.437411,-0.610064,-0.271236,0.602432
1.7131,5875,Render,Index_PIP,-17.818580,1.140396,21.356540,-0.255568,-0.705827,-0.424452,0.506295
1.7131,5875,Render,Index_DIP,-17.827840,1.138605,21.380720,-0.075107,-0.746904,-0.535425,0.387057
1.7131,5875,Render,Index_FingerTip,-17.846380,1.130473,21.398440,-0.075107,-0.746904,-0.535425,0.387057
1.7131,5875,Render,Middle_MCP,-17.809680,1.107453,21.315020,-0.463086,-0.610435,-0.291036,0.572904
1.7131,5875,Render,Middle_PIP,-17.805170,1.119699,21.366190,-0.275650,-0.714910,-0.438490,0.469731
1.7131,5875,Render,Middle_DIP,-17.816450,1.119205,21.391500,-0.088012,-0.761140,-0.542070,0.345081
1.7131,5875,Render,Middle_FingerTip,-17.837570,1.112409,21.409070,-0.088012,-0.761140,-0.542070,0.345081
1.7131,5875,Render,Ring_MCP,-17.802330,1.084048,21.316560,-0.480709,-0.608141,-0.300126,0.555885
1.7131,5875,Render,Ring_PIP,-17.798600,1.095729,21.361460,-0.294920,-0.716895,-0.441433,0.451908
1.7131,5875,Render,Ring_DIP,-17.809600,1.096358,21.385390,-0.107812,-0.767654,-0.539761,0.328241
1.7131,5875,Render,Ring_FingerTip,-17.829240,1.091486,21.401390,-0.107812,-0.767654,-0.539761,0.328241
1.7131,5875,Render,Pinky_MCP,-17.799580,1.061944,21.314490,-0.465988,-0.626773,-0.329021,0.530807
1.7131,5875,Render,Pinky_PIP,-17.799670,1.071191,21.352760,-0.231842,-0.745814,-0.486390,0.391709
1.7131,5875,Render,Pinky_DIP,-17.810410,1.070545,21.367610,0.002141,-0.781015,-0.581371,0.228077
1.7131,5875,Render,Pinky_FingerTip,-17.827580,1.065400,21.374390,0.002141,-0.781015,-0.581371,0.228077
1.7275,5876,Real,Wrist,-17.849120,1.057200,21.235470,-0.557274,-0.472292,-0.213130,0.648816
1.7275,5876,Real,Thumb_CMC,-17.847810,1.093030,21.266380,-0.052793,-0.724407,0.352445,0.590111
1.7275,5876,Real,Thumb_MCP,-17.860890,1.114653,21.302280,0.139161,-0.712872,0.185232,0.661920
1.7275,5876,Real,Thumb_IP,-17.865060,1.116949,21.351090,0.451467,-0.568973,-0.139990,0.672942
1.7275,5876,Real,Thumb_FingerTip,-17.856130,1.096938,21.369310,0.451467,-0.568973,-0.139990,0.672942
1.7275,5876,Real,Index_MCP,-17.814570,1.113146,21.329280,-0.480009,-0.529470,-0.255758,0.651032
1.7275,5876,Real,Index_PIP,-17.800120,1.121355,21.373060,-0.299237,-0.649002,-0.439137,0.544438
1.7275,5876,Real,Index_DIP,-17.806040,1.119025,21.398220,-0.112481,-0.705758,-0.570062,0.405318
1.7275,5876,Real,Index_FingerTip,-17.823430,1.110865,21.417070,-0.112481,-0.705758,-0.570062,0.405318
1.7275,5876,Real,Middle_MCP,-17.802030,1.088773,21.330420,-0.470311,-0.558947,-0.318776,0.603961
1.7275,5876,Real,Middle_PIP,-17.792960,1.096203,21.381900,-0.244911,-0.688210,-0.510013,0.454173
1.7275,5876,Real,Middle_DIP,-17.805910,1.092705,21.406160,-0.014645,-0.730342,-0.627488,0.269529
1.7275,5876,Real,Middle_FingerTip,-17.830090,1.083739,21.417820,-0.014645,-0.730342,-0.627488,0.269529
1.7275,5876,Real,Ring_MCP,-17.796180,1.064927,21.329270,-0.499707,-0.545450,-0.315670,0.594248
1.7275,5876,Real,Ring_PIP,-17.786610,1.072836,21.374120,-0.314304,-0.669654,-0.478524,0.473068
1.7275,5876,Real,Ring_DIP,-17.795960,1.071999,21.398730,-0.122442,-0.729541,-0.588203,0.326795
1.7275,5876,Real,Ring_FingerTip,-17.815470,1.066689,21.414750,-0.122442,-0.729541,-0.588203,0.326795
1.7275,5876,Real,Pinky_MCP,-17.794900,1.043049,21.324780,-0.511152,-0.543092,-0.322212,0.583056
1.7275,5876,Real,Pinky_PIP,-17.786930,1.050115,21.362680,-0.325931,-0.670816,-0.481431,0.460434
1.7275,5876,Real,Pinky_DIP,-17.793600,1.050004,21.379770,-0.133327,-0.733791,-0.587602,0.313845
1.7275,5876,Real,Pinky_FingerTip,-17.808310,1.046687,21.391600,-0.133327,-0.733791,-0.587602,0.313845
1.7275,5876,Virtual,Wrist,-17.850410,1.060857,21.229930,-0.559339,-0.496833,-0.194618,0.634366
1.7275,5876,Virtual,Thumb_CMC,-17.851410,1.098098,21.259130,-0.055107,-0.723970,0.381300,0.572225
1.7275,5876,Virtual,Thumb_MCP,-17.866290,1.120764,21.293660,0.136813,-0.713058,0.217769,0.652233
1.7275,5876,Virtual,Thumb_IP,-17.871780,1.125125,21.342190,0.449468,-0.570217,-0.106644,0.679307
1.7275,5876,Virtual,Thumb_FingerTip,-17.862460,1.106388,21.361540,0.449468,-0.570217,-0.106644,0.679307
1.7275,5876,Virtual,Index_MCP,-17.820640,1.122535,21.321750,-0.480422,-0.553329,-0.234911,0.638623
1.7275,5876,Virtual,Index_PIP,-17.807660,1.133382,21.365420,-0.292480,-0.671889,-0.415530,0.538848
1.7275,5876,Virtual,Index_DIP,-17.814100,1.131960,21.390520,-0.099784,-0.725963,-0.545823,0.406324
1.7275,5876,Virtual,Index_FingerTip,-17.831580,1.123925,21.409320,-0.099784,-0.725963,-0.545823,0.406324
1.7275,5876,Virtual,Middle_MCP,-17.807110,1.098813,21.324330,-0.468237,-0.583488,-0.298106,0.592815
1.7275,5876,Virtual,Middle_PIP,-17.799640,1.109003,21.375600,-0.234378,-0.710472,-0.486750,0.450968
1.7275,5876,Virtual,Middle_DIP,-17.813050,1.106065,21.399690,0.002388,-0.748130,-0.604405,0.273847
1.7275,5876,Virtual,Middle_FingerTip,-17.837100,1.096596,21.411200,0.002388,-0.748130,-0.604405,0.273847
1.7275,5876,Virtual,Ring_MCP,-17.800220,1.075219,21.324440,-0.497719,-0.570445,-0.295880,0.582516
1.7275,5876,Virtual,Ring_PIP,-17.792110,1.085602,21.369070,-0.304952,-0.692918,-0.456135,0.467771
1.7275,5876,Virtual,Ring_DIP,-17.802030,1.085494,21.393480,-0.107172,-0.749430,-0.565215,0.327720
1.7275,5876,Virtual,Ring_FingerTip,-17.821690,1.080080,21.409280,-0.107172,-0.749430,-0.565215,0.327720
1.7275,5876,Virtual,Pinky_MCP,-17.797900,1.053233,21.321020,-0.508868,-0.568355,-0.302853,0.571232
1.7275,5876,Virtual,Pinky_PIP,-17.791180,1.062385,21.358720,-0.316217,-0.694248,-0.459426,0.454922
1.7275,5876,Virtual,Pinky_DIP,-17.798270,1.062771,21.375640,-0.117664,-0.753744,-0.564926,0.314460
1.7275,5876,Virtual,Pinky_FingerTip,-17.813100,1.059363,21.387260,-0.117664,-0.753744,-0.564926,0.314460
1.7275,5876,Render,Wrist,-17.850410,1.060857,21.229930,-0.559339,-0.496833,-0.194618,0.634366
1.7275,5876,Render,Thumb_CMC,-17.851410,1.098098,21.259130,-0.044122,-0.750385,0.317996,0.577801
1.7275,5876,Render,Thumb_MCP,-17.865830,1.117142,21.295970,0.012558,-0.751576,0.273544,0.600125
1.7275,5876,Render,Thumb_IP,-17.879530,1.132314,21.340540,0.113997,-0.742987,0.189945,0.631583
1.7275,5876,Render,Thumb_FingerTip,-17.884550,1.134325,21.368520,0.113997,-0.742987,0.189945,0.631583
1.7275,5876,Render,Index_MCP,-17.820640,1.122535,21.321750,-0.424891,-0.597031,-0.295331,0.613026
1.7275,5876,Render,Index_PIP,-17.815360,1.129337,21.367780,-0.247052,-0.689887,-0.450517,0.509957
1.7275,5876,Render,Index_DIP,-17.824650,1.126258,21.391820,-0.070750,-0.729365,-0.561595,0.384231
1.7275,5876,Render,Index_FingerTip,-17.843340,1.117425,21.409040,-0.070750,-0.729365,-0.561595,0.384231
1.7275,5876,Render,Middle_MCP,-17.807110,1.098813,21.324330,-0.451462,-0.596562,-0.314836,0.584102
1.7275,5876,Render,Middle_PIP,-17.802360,1.107835,21.376140,-0.268329,-0.698357,-0.464462,0.473890
1.7275,5876,Render,Middle_DIP,-17.813640,1.106021,21.401400,-0.085066,-0.743282,-0.568257,0.342610
1.7275,5876,Render,Middle_FingerTip,-17.834880,1.098581,21.418540,-0.085066,-0.743282,-0.568257,0.342610
1.7275,5876,Render,Ring_MCP,-17.800220,1.075219,21.324440,-0.469575,-0.593827,-0.323680,0.567539
1.7275,5876,Render,Ring_PIP,-17.796250,1.084074,21.369960,-0.288151,-0.700071,-0.467284,0.456634
1.7275,5876,Render,Ring_DIP,-17.807230,1.083460,21.393890,-0.105430,-0.749677,-0.565976,0.326406
1.7275,5876,Render,Ring_FingerTip,-17.826960,1.078006,21.409600,-0.105430,-0.749677,-0.565976,0.326406
1.7275,5876,Render,Pinky_MCP,-17.797900,1.053233,21.321020,-0.455816,-0.611724,-0.352889,0.541753
1.7275,5876,Render,Pinky_PIP,-17.797800,1.060136,21.359780,-0.227235,-0.728243,-0.512537,0.394122
1.7275,5876,Render,Pinky_DIP,-17.808550,1.058796,21.374590,0.001275,-0.762871,-0.607041,0.222549
1.7275,5876,Render,Pinky_FingerTip,-17.825810,1.053582,21.381060,0.001275,-0.762871,-0.607041,0.222549
1.7408,5877,Real,Wrist,-17.848790,1.055614,21.241110,-0.567907,-0.461629,-0.236519,0.639092
1.7408,5877,Real,Thumb_CMC,-17.845990,1.091265,21.272120,-0.100585,-0.717706,0.347394,0.595062
1.7408,5877,Real,Thumb_MCP,-17.857920,1.115759,21.306560,0.070896,-0.721244,0.197823,0.660036
1.7408,5877,Real,Thumb_IP,-17.863730,1.123549,21.354610,0.363228,-0.627124,-0.093288,0.682700
1.7408,5877,Real,Thumb_FingerTip,-17.858150,1.106935,21.377080,0.363228,-0.627124,-0.093288,0.682700
1.7408,5877,Real,Index_MCP,-17.812740,1.109379,21.335620,-0.509711,-0.503550,-0.256230,0.648829
1.7408,5877,Real,Index_PIP,-17.795810,1.117847,21.378450,-0.374771,-0.610668,-0.403707,0.568905
1.7408,5877,Real,Index_DIP,-17.797670,1.117805,21.404340,-0.234546,-0.677020,-0.516696,0.468677
1.7408,5877,Real,Index_FingerTip,-17.809800,1.113319,21.427930,-0.234546,-0.677020,-0.516696,0.468677
1.7408,5877,Real,Middle_MCP,-17.801620,1.084335,21.336910,-0.498512,-0.535823,-0.322739,0.600183
1.7408,5877,Real,Middle_PIP,-17.790140,1.092088,21.387860,-0.334252,-0.651073,-0.473610,0.489973
1.7408,5877,Real,Middle_DIP,-17.798360,1.091288,21.414330,-0.164540,-0.713125,-0.579226,0.358995
1.7408,5877,Real,Middle_FingerTip,-17.817830,1.086160,21.434210,-0.164540,-0.713125,-0.579226,0.358995
1.7408,5877,Real,Ring_MCP,-17.797100,1.060199,21.335800,-0.530262,-0.517372,-0.316288,0.592545
1.7408,5877,Real,Ring_PIP,-17.784790,1.068289,21.379940,-0.410579,-0.616666,-0.433013,0.513466
1.7408,5877,Real,Ring_DIP,-17.788360,1.069915,21.405980,-0.287229,-0.682900,-0.521883,0.422831
1.7408,5877,Real,Ring_FingerTip,-17.800680,1.068650,21.428630,-0.287229,-0.682900,-0.521883,0.422831
1.7408,5877,Real,Pinky_MCP,-17.796990,1.038290,21.331270,-0.541486,-0.514193,-0.323004,0.581436
1.7408,5877,Real,Pinky_PIP,-17.786650,1.045426,21.368590,-0.422220,-0.615899,-0.437262,0.501200
1.7408,5877,Real,Pinky_DIP,-17.789240,1.046927,21.386690,-0.298806,-0.684337,-0.523748,0.409984
1.7408,5877,Real,Pinky_FingerTip,-17.798540,1.046534,21.403430,-0.298806,-0.684337,-0.523748,0.409984
1.7408,5877,Virtual,Wrist,-17.849120,1.057203,21.235480,-0.557274,-0.472292,-0.213130,0.648816
1.7408,5877,Virtual,Thumb_CMC,-17.847810,1.093032,21.266380,-0.077956,-0.714860,0.365599,0.590962
1.7408,5877,Virtual,Thumb_MCP,-17.860520,1.116901,21.300980,0.092222,-0.713160,0.216481,0.660329
1.7408,5877,Virtual,Thumb_IP,-17.865960,1.124469,21.349120,0.379291,-0.610934,-0.076426,0.690693
1.7408,5877,Virtual,Thumb_FingerTip,-17.859070,1.108252,21.371520,0.379291,-0.610934,-0.076426,0.690693
1.7408,5877,Virtual,Index_MCP,-17.814580,1.113149,21.329280,-0.498097,-0.512490,-0.233007,0.659516
1.7408,5877,Virtual,Index_PIP,-17.797430,1.122664,21.371810,-0.361358,-0.616576,-0.383707,0.584828
1.7408,5877,Virtual,Index_DIP,-17.798850,1.122581,21.397720,-0.220176,-0.679903,-0.500591,0.488531
1.7408,5877,Virtual,Index_FingerTip,-17.810300,1.117478,21.421530,-0.220176,-0.679903,-0.500591,0.488531
1.7408,5877,Virtual,Middle_MCP,-17.802040,1.088776,21.330420,-0.486504,-0.544911,-0.300922,0.613052
1.7408,5877,Virtual,Middle_PIP,-17.790160,1.097290,21.381160,-0.320228,-0.656558,-0.456108,0.508283
1.7408,5877,Virtual,Middle_DIP,-17.797870,1.096094,21.407760,-0.149600,-0.715006,-0.566744,0.381036
1.7408,5877,Virtual,Middle_FingerTip,-17.816680,1.089925,21.427980,-0.149600,-0.715006,-0.566744,0.381036
1.7408,5877,Virtual,Ring_MCP,-17.796190,1.064930,21.329270,-0.518700,-0.527421,-0.294440,0.605048
1.7408,5877,Virtual,Ring_PIP,-17.783610,1.073811,21.373180,-0.397174,-0.624080,-0.414256,0.530254
1.7408,5877,Virtual,Ring_DIP,-17.786830,1.075297,21.399290,-0.272668,-0.687659,-0.506620,0.442848
1.7408,5877,Virtual,Ring_FingerTip,-17.798670,1.073396,21.422130,-0.272668,-0.687659,-0.506620,0.442848
1.7408,5877,Virtual,Pinky_MCP,-17.794910,1.043052,21.324780,-0.530054,-0.524660,-0.301374,0.594095
1.7408,5877,Virtual,Pinky_PIP,-17.784370,1.050852,21.361900,-0.408854,-0.623750,-0.418751,0.518095
1.7408,5877,Virtual,Pinky_DIP,-17.786730,1.052248,21.380040,-0.284202,-0.689532,-0.508747,0.430060
1.7408,5877,Virtual,Pinky_FingerTip,-17.795710,1.051374,21.396940,-0.284202,-0.689532,-0.508747,0.430060
1.7408,5877,Render,Wrist,-17.849120,1.057203,21.235480,-0.557274,-0.472292,-0.213130,0.648816
1.7408,5877,Render,Thumb_CMC,-17.847810,1.093032,21.266380,-0.043089,-0.742228,0.291366,0.601953
1.7408,5877,Render,Thumb_MCP,-17.859740,1.111244,21.304520,0.012974,-0.743364,0.245170,0.622201
1.7408,5877,Render,Thumb_IP,-17.870790,1.125257,21.350180,0.113300,-0.734794,0.158848,0.649622
1.7408,5877,Render,Thumb_FingerTip,-17.874500,1.126393,21.378420,0.113300,-0.734794,0.158848,0.649622
1.7408,5877,Render,Index_MCP,-17.814580,1.113149,21.329280,-0.480009,-0.529470,-0.255758,0.651032
1.7408,5877,Render,Index_PIP,-17.800130,1.121357,21.373060,-0.299236,-0.649002,-0.439137,0.544438
1.7408,5877,Render,Index_DIP,-17.806050,1.119028,21.398230,-0.112481,-0.705758,-0.570063,0.405318
1.7408,5877,Render,Index_FingerTip,-17.823430,1.110868,21.417070,-0.112481,-0.705758,-0.570063,0.405318
1.7408,5877,Render,Middle_MCP,-17.802040,1.088776,21.330420,-0.454232,-0.572090,-0.335815,0.594655
1.7408,5877,Render,Middle_PIP,-17.795710,1.095130,21.382460,-0.277777,-0.675614,-0.487544,0.478212
1.7408,5877,Render,Middle_DIP,-17.806480,1.092609,21.407880,-0.099903,-0.723625,-0.591686,0.341019
1.7408,5877,Render,Middle_FingerTip,-17.827630,1.085280,21.425190,-0.099903,-0.723625,-0.591686,0.341019
1.7408,5877,Render,Ring_MCP,-17.796190,1.064930,21.329270,-0.473125,-0.568661,-0.343652,0.578516
1.7408,5877,Render,Ring_PIP,-17.790740,1.071467,21.375020,-0.299091,-0.676585,-0.489092,0.462133
1.7408,5877,Render,Ring_DIP,-17.801120,1.070220,21.399200,-0.122442,-0.729542,-0.588203,0.326795
1.7408,5877,Render,Ring_FingerTip,-17.820630,1.064911,21.415220,-0.122442,-0.729542,-0.588203,0.326795
1.7408,5877,Render,Pinky_MCP,-17.794910,1.043052,21.324780,-0.511152,-0.543092,-0.322213,0.583055
1.7408,5877,Render,Pinky_PIP,-17.786940,1.050118,21.362680,-0.325931,-0.670816,-0.481431,0.460434
1.7408,5877,Render,Pinky_DIP,-17.793610,1.050007,21.379770,-0.133327,-0.733791,-0.587602,0.313845
1.7408,5877,Render,Pinky_FingerTip,-17.808320,1.046689,21.391600,-0.133327,-0.733791,-0.587602,0.313845
1.7542,5878,Real,Wrist,-17.848660,1.052395,21.243570,-0.573799,-0.458720,-0.263656,0.625153
1.7542,5878,Real,Thumb_CMC,-17.845230,1.087794,21.274810,-0.124033,-0.726437,0.329370,0.590271
1.7542,5878,Real,Thumb_MCP,-17.857200,1.112781,21.308880,0.050156,-0.735241,0.181430,0.651144
1.7542,5878,Real,Thumb_IP,-17.864400,1.120750,21.356720,0.350147,-0.648454,-0.104526,0.667817
1.7542,5878,Real,Thumb_FingerTip,-17.860490,1.103829,21.379320,0.350147,-0.648454,-0.104526,0.667817
1.7542,5878,Real,Index_MCP,-17.813510,1.104085,21.339570,-0.516299,-0.502226,-0.282583,0.633523
1.7542,5878,Real,Index_PIP,-17.797780,1.111604,21.383040,-0.381484,-0.610955,-0.425645,0.547751
1.7542,5878,Real,Index_DIP,-17.800610,1.111600,21.408840,-0.241040,-0.678746,-0.533566,0.443297
1.7542,5878,Real,Index_FingerTip,-17.813810,1.107676,21.431950,-0.241040,-0.678746,-0.533566,0.443297
1.7542,5878,Real,Middle_MCP,-17.803710,1.078514,21.341170,-0.504749,-0.533758,-0.347685,0.582620
1.7542,5878,Real,Middle_PIP,-17.793760,1.085574,21.392550,-0.340816,-0.650779,-0.492848,0.466295
1.7542,5878,Real,Middle_DIP,-17.802980,1.085129,21.418690,-0.170976,-0.714449,-0.592076,0.331326
1.7542,5878,Real,Middle_FingerTip,-17.823420,1.080940,21.437810,-0.170976,-0.714449,-0.592076,0.331326
1.7542,5878,Real,Ring_MCP,-17.800360,1.054184,21.340140,-0.536155,-0.514390,-0.341608,0.575539
1.7542,5878,Real,Ring_PIP,-17.789310,1.061554,21.384740,-0.416965,-0.614979,-0.454225,0.491550
1.7542,5878,Real,Ring_DIP,-17.793770,1.063300,21.410640,-0.293818,-0.682444,-0.538593,0.397315
1.7542,5878,Real,Ring_FingerTip,-17.806960,1.062605,21.432790,-0.293818,-0.682444,-0.538593,0.397315
1.7542,5878,Real,Pinky_MCP,-17.801170,1.032307,21.335530,-0.547186,-0.510714,-0.348246,0.564344
1.7542,5878,Real,Pinky_PIP,-17.791890,1.038837,21.373230,-0.428520,-0.613687,-0.458380,0.479215
1.7542,5878,Real,Pinky_DIP,-17.795070,1.040426,21.391230,-0.305410,-0.683349,-0.540353,0.384419
1.7542,5878,Real,Pinky_FingerTip,-17.804990,1.040464,21.407620,-0.305410,-0.683349,-0.540353,0.384419
1.7542,5878,Virtual,Wrist,-17.848800,1.055613,21.241110,-0.567907,-0.461629,-0.236519,0.639092
1.7542,5878,Virtual,Thumb_CMC,-17.846000,1.091265,21.272130,-0.100585,-0.717706,0.347394,0.595062
1.7542,5878,Virtual,Thumb_MCP,-17.857920,1.115759,21.306560,0.070896,-0.721244,0.197823,0.660036
1.7542,5878,Virtual,Thumb_IP,-17.863740,1.123549,21.354620,0.363228,-0.627124,-0.093288,0.682700
1.7542,5878,Virtual,Thumb_FingerTip,-17.858150,1.106935,21.377090,0.363228,-0.627124,-0.093288,0.682700
1.7542,5878,Virtual,Index_MCP,-17.812750,1.109378,21.335630,-0.509711,-0.503550,-0.256230,0.648829
1.7542,5878,Virtual,Index_PIP,-17.795820,1.117846,21.378460,-0.374771,-0.610668,-0.403707,0.568905
1.7542,5878,Virtual,Index_DIP,-17.797680,1.117804,21.404350,-0.234546,-0.677020,-0.516696,0.468677
1.7542,5878,Virtual,Index_FingerTip,-17.809800,1.113319,21.427940,-0.234546,-0.677020,-0.516696,0.468677
1.7542,5878,Virtual,Middle_MCP,-17.801630,1.084335,21.336910,-0.498511,-0.535823,-0.322739,0.600183
1.7542,5878,Virtual,Middle_PIP,-17.790140,1.092088,21.387870,-0.334252,-0.651073,-0.473610,0.489973
1.7542,5878,Virtual,Middle_DIP,-17.798360,1.091288,21.414330,-0.164540,-0.713125,-0.579226,0.358995
1.7542,5878,Virtual,Middle_FingerTip,-17.817830,1.086160,21.434220,-0.164540,-0.713125,-0.579226,0.358995
1.7542,5878,Virtual,Ring_MCP,-17.797110,1.060199,21.335810,-0.530262,-0.517372,-0.316288,0.592545
1.7542,5878,Virtual,Ring_PIP,-17.784790,1.068289,21.379950,-0.410579,-0.616666,-0.433013,0.513466
1.7542,5878,Virtual,Ring_DIP,-17.788370,1.069915,21.406000,-0.287229,-0.682900,-0.521883,0.422831
1.7542,5878,Virtual,Ring_FingerTip,-17.800680,1.068649,21.428630,-0.287229,-0.682900,-0.521883,0.422831
1.7542,5878,Virtual,Pinky_MCP,-17.796990,1.038290,21.331280,-0.541486,-0.514193,-0.323004,0.581436
1.7542,5878,Virtual,Pinky_PIP,-17.786660,1.045426,21.368600,-0.422220,-0.615899,-0.437262,0.501200
1.7542,5878,Virtual,Pinky_DIP,-17.789240,1.046926,21.386690,-0.298806,-0.684337,-0.523748,0.409984
1.7542,5878,Virtual,Pinky_FingerTip,-17.798540,1.046534,21.403440,-0.298806,-0.684337,-0.523748,0.409984
1.7542,5878,Render,Wrist,-17.848800,1.055613,21.241110,-0.567907,-0.461629,-0.236519,0.639092
1.7542,5878,Render,Thumb_CMC,-17.846000,1.091265,21.272130,-0.065702,-0.736321,0.276899,0.613874
1.7542,5878,Render,Thumb_MCP,-17.856430,1.110441,21.310220,-0.010020,-0.739179,0.229845,0.632997
1.7542,5878,Render,Thumb_IP,-17.866160,1.125435,21.355880,0.089951,-0.733754,0.142206,0.658249
1.7542,5878,Render,Thumb_FingerTip,-17.869500,1.127008,21.384140,0.089951,-0.733754,0.142206,0.658249
1.7542,5878,Render,Index_MCP,-17.812750,1.109378,21.335630,-0.509711,-0.503550,-0.256230,0.648829
1.7542,5878,Render,Index_PIP,-17.795820,1.117846,21.378460,-0.374771,-0.610668,-0.403707,0.568905
1.7542,5878,Render,Index_DIP,-17.797680,1.117804,21.404350,-0.234546,-0.677020,-0.516696,0.468677
1.7542,5878,Render,Index_FingerTip,-17.809800,1.113319,21.427940,-0.234546,-0.677020,-0.516696,0.468677
1.7542,5878,Render,Middle_MCP,-17.801630,1.084335,21.336910,-0.498511,-0.535823,-0.322739,0.600183
1.7542,5878,Render,Middle_PIP,-17.790140,1.092088,21.387870,-0.334252,-0.651073,-0.473610,0.489973
1.7542,5878,Render,Middle_DIP,-17.798360,1.091288,21.414330,-0.164540,-0.713125,-0.579226,0.358995
1.7542,5878,Render,Middle_FingerTip,-17.817830,1.086160,21.434220,-0.164540,-0.713125,-0.579226,0.358995
1.7542,5878,Render,Ring_MCP,-17.797110,1.060199,21.335810,-0.530262,-0.517372,-0.316288,0.592545
1.7542,5878,Render,Ring_PIP,-17.784790,1.068289,21.379950,-0.410579,-0.616666,-0.433013,0.513466
1.7542,5878,Render,Ring_DIP,-17.788370,1.069915,21.406000,-0.287229,-0.682900,-0.521883,0.422831
1.7542,5878,Render,Ring_FingerTip,-17.800680,1.068649,21.428630,-0.287229,-0.682900,-0.521883,0.422831
1.7542,5878,Render,Pinky_MCP,-17.796990,1.038290,21.331280,-0.541486,-0.514193,-0.323004,0.581436
1.7542,5878,Render,Pinky_PIP,-17.786660,1.045426,21.368600,-0.422220,-0.615899,-0.437262,0.501200
1.7542,5878,Render,Pinky_DIP,-17.789240,1.046926,21.386690,-0.298806,-0.684337,-0.523748,0.409984
1.7542,5878,Render,Pinky_FingerTip,-17.798540,1.046534,21.403440,-0.298806,-0.684337,-0.523748,0.409984
1.7683,5879,Real,Wrist,-17.848740,1.049413,21.246190,-0.571725,-0.453464,-0.290245,0.619080
1.7683,5879,Real,Thumb_CMC,-17.844860,1.083942,21.278340,-0.174033,-0.705150,0.312209,0.612374
1.7683,5879,Real,Thumb_MCP,-17.853180,1.111510,21.311490,-0.046876,-0.724794,0.199254,0.657856
1.7683,5879,Real,Thumb_IP,-17.859560,1.127696,21.357330,0.182999,-0.702876,-0.017311,0.687151
1.7683,5879,Real,Thumb_FingerTip,-17.859240,1.119686,21.384670,0.182999,-0.702876,-0.017311,0.687151
1.7683,5879,Real,Index_MCP,-17.814540,1.097483,21.344390,-0.521441,-0.491016,-0.300448,0.629868
1.7683,5879,Real,Index_PIP,-17.798750,1.103738,21.388030,-0.438850,-0.566046,-0.394631,0.575560
1.7683,5879,Real,Index_DIP,-17.797500,1.104843,21.413930,-0.355349,-0.621872,-0.471266,0.514695
1.7683,5879,Real,Index_FingerTip,-17.803360,1.103682,21.440160,-0.355349,-0.621872,-0.471266,0.514695
1.7683,5879,Real,Middle_MCP,-17.805830,1.071503,21.345680,-0.515118,-0.516868,-0.360262,0.581131
1.7683,5879,Real,Middle_PIP,-17.794940,1.077511,21.397010,-0.404050,-0.607653,-0.466988,0.499424
1.7683,5879,Real,Middle_DIP,-17.799790,1.078192,21.424290,-0.290603,-0.669364,-0.547714,0.409281
1.7683,5879,Real,Middle_FingerTip,-17.813830,1.076514,21.448800,-0.290603,-0.669364,-0.547714,0.409281
1.7683,5879,Real,Ring_MCP,-17.803440,1.047085,21.344170,-0.546029,-0.495925,-0.354222,0.574837
1.7683,5879,Real,Ring_PIP,-17.791460,1.053337,21.388710,-0.468610,-0.569644,-0.433593,0.517598
1.7683,5879,Real,Ring_DIP,-17.792120,1.055577,21.414950,-0.390467,-0.625800,-0.497284,0.456749
1.7683,5879,Real,Ring_FingerTip,-17.799290,1.056465,21.439720,-0.390467,-0.625800,-0.497284,0.456749
1.7683,5879,Real,Pinky_MCP,-17.804980,1.025367,21.339040,-0.556910,-0.491531,-0.361010,0.563845
1.7683,5879,Real,Pinky_PIP,-17.794900,1.030894,21.376700,-0.480012,-0.566869,-0.438720,0.505740
1.7683,5879,Real,Pinky_DIP,-17.795400,1.032737,21.394940,-0.402133,-0.624533,-0.500824,0.444325
1.7683,5879,Real,Pinky_FingerTip,-17.800800,1.033833,21.413290,-0.402133,-0.624533,-0.500824,0.444325
1.7683,5879,Virtual,Wrist,-17.848660,1.052395,21.243580,-0.573799,-0.458720,-0.263656,0.625153
1.7683,5879,Virtual,Thumb_CMC,-17.845240,1.087795,21.274820,-0.161859,-0.695478,0.335209,0.614612
1.7683,5879,Virtual,Thumb_MCP,-17.853670,1.115774,21.307590,-0.036600,-0.713126,0.221499,0.664116
1.7683,5879,Virtual,Thumb_IP,-17.859330,1.132759,21.353240,0.189093,-0.688572,0.001845,0.700078
1.7683,5879,Virtual,Thumb_FingerTip,-17.857850,1.125411,21.380740,0.189093,-0.688572,0.001845,0.700078
1.7683,5879,Virtual,Index_MCP,-17.813520,1.104086,21.339580,-0.523052,-0.495189,-0.273978,0.637292
1.7683,5879,Virtual,Index_PIP,-17.796680,1.111991,21.382560,-0.439794,-0.570418,-0.369635,0.587005
1.7683,5879,Virtual,Index_DIP,-17.794710,1.113750,21.408380,-0.355673,-0.626333,-0.448118,0.529524
1.7683,5879,Virtual,Index_FingerTip,-17.799720,1.112969,21.434800,-0.355673,-0.626333,-0.448118,0.529524
1.7683,5879,Virtual,Middle_MCP,-17.803710,1.078515,21.341180,-0.516567,-0.522329,-0.334560,0.590255
1.7683,5879,Virtual,Middle_PIP,-17.791540,1.086155,21.391990,-0.404403,-0.613293,-0.443567,0.513400
1.7683,5879,Virtual,Middle_DIP,-17.795590,1.087280,21.419390,-0.289957,-0.674978,-0.527124,0.427166
1.7683,5879,Virtual,Middle_FingerTip,-17.808800,1.085613,21.444360,-0.289957,-0.674978,-0.527124,0.427166
1.7683,5879,Virtual,Ring_MCP,-17.800370,1.054185,21.340140,-0.547727,-0.502050,-0.328416,0.583168
1.7683,5879,Virtual,Ring_PIP,-17.787330,1.061953,21.384130,-0.469405,-0.575949,-0.409262,0.529572
1.7683,5879,Virtual,Ring_DIP,-17.787290,1.064778,21.410330,-0.390435,-0.632155,-0.474718,0.471788
1.7683,5879,Virtual,Ring_FingerTip,-17.793740,1.065957,21.435280,-0.390435,-0.632155,-0.474718,0.471788
1.7683,5879,Virtual,Pinky_MCP,-17.801180,1.032308,21.335540,-0.558672,-0.498124,-0.335307,0.572126
1.7683,5879,Virtual,Pinky_PIP,-17.790200,1.039115,21.372730,-0.480802,-0.573646,-0.414485,0.517650
1.7683,5879,Virtual,Pinky_DIP,-17.790230,1.041363,21.390940,-0.402035,-0.631355,-0.478345,0.459288
1.7683,5879,Virtual,Pinky_FingerTip,-17.795110,1.042670,21.409420,-0.402035,-0.631355,-0.478345,0.459288
1.7683,5879,Render,Wrist,-17.848660,1.052395,21.243580,-0.573799,-0.458720,-0.263656,0.625153
1.7683,5879,Render,Thumb_CMC,-17.845240,1.087795,21.274820,-0.088294,-0.746158,0.259059,0.606911
1.7683,5879,Render,Thumb_MCP,-17.856120,1.107389,21.312580,-0.031806,-0.750690,0.212580,0.624710
1.7683,5879,Render,Thumb_IP,-17.866780,1.122753,21.357900,0.069920,-0.748104,0.126219,0.647705
1.7683,5879,Render,Thumb_FingerTip,-17.871080,1.124431,21.386030,0.069920,-0.748104,0.126219,0.647705
1.7683,5879,Render,Index_MCP,-17.813520,1.104086,21.339580,-0.516299,-0.502226,-0.282583,0.633524
1.7683,5879,Render,Index_PIP,-17.797790,1.111604,21.383050,-0.381484,-0.610955,-0.425644,0.547751
1.7683,5879,Render,Index_DIP,-17.800610,1.111600,21.408850,-0.241040,-0.678745,-0.533566,0.443297
1.7683,5879,Render,Index_FingerTip,-17.813820,1.107677,21.431950,-0.241040,-0.678745,-0.533566,0.443297
1.7683,5879,Render,Middle_MCP,-17.803710,1.078515,21.341180,-0.504750,-0.533758,-0.347685,0.582620
1.7683,5879,Render,Middle_PIP,-17.793760,1.085574,21.392560,-0.340817,-0.650779,-0.492848,0.466296
1.7683,5879,Render,Middle_DIP,-17.802990,1.085130,21.418690,-0.170976,-0.714448,-0.592076,0.331326
1.7683,5879,Render,Middle_FingerTip,-17.823420,1.080941,21.437820,-0.170976,-0.714448,-0.592076,0.331326
1.7683,5879,Render,Ring_MCP,-17.800370,1.054185,21.340140,-0.536155,-0.514390,-0.341607,0.575540
1.7683,5879,Render,Ring_PIP,-17.789320,1.061554,21.384740,-0.416965,-0.614979,-0.454225,0.491550
1.7683,5879,Render,Ring_DIP,-17.793770,1.063301,21.410650,-0.293818,-0.682444,-0.538593,0.397315
1.7683,5879,Render,Ring_FingerTip,-17.806970,1.062606,21.432800,-0.293818,-0.682444,-0.538593,0.397315
1.7683,5879,Render,Pinky_MCP,-17.801180,1.032308,21.335540,-0.547186,-0.510714,-0.348246,0.564344
1.7683,5879,Render,Pinky_PIP,-17.791890,1.038838,21.373240,-0.428520,-0.613687,-0.458380,0.479215
1.7683,5879,Render,Pinky_DIP,-17.795070,1.040427,21.391240,-0.305410,-0.683349,-0.540353,0.384419
1.7683,5879,Render,Pinky_FingerTip,-17.805000,1.040464,21.407630,-0.305410,-0.683349,-0.540353,0.384419
1.7824,5880,Real,Wrist,-17.850390,1.045768,21.244650,-0.576478,-0.455262,-0.315924,0.600502
1.7824,5880,Real,Thumb_CMC,-17.846440,1.080278,21.276800,-0.202407,-0.710747,0.296979,0.604710
1.7824,5880,Real,Thumb_MCP,-17.854640,1.108684,21.309270,-0.077950,-0.734884,0.189253,0.646571
1.7824,5880,Real,Thumb_IP,-17.862080,1.126300,21.354420,0.149348,-0.723758,-0.016451,0.673498
1.7824,5880,Real,Thumb_FingerTip,-17.863450,1.119508,21.382060,0.149348,-0.723758,-0.016451,0.673498
1.7824,5880,Real,Index_MCP,-17.818570,1.092839,21.344120,-0.528070,-0.492895,-0.323620,0.611120
1.7824,5880,Real,Index_PIP,-17.804310,1.098694,21.388340,-0.450355,-0.564787,-0.409468,0.557255
1.7824,5880,Real,Index_DIP,-17.803620,1.100053,21.414250,-0.372088,-0.619156,-0.479261,0.498504
1.7824,5880,Real,Index_FingerTip,-17.809700,1.099594,21.440450,-0.372088,-0.619156,-0.479261,0.498504
1.7824,5880,Real,Middle_MCP,-17.811110,1.066504,21.345920,-0.519813,-0.519022,-0.383409,0.559829
1.7824,5880,Real,Middle_PIP,-17.802280,1.072329,21.397650,-0.409914,-0.609557,-0.484212,0.475342
1.7824,5880,Real,Middle_DIP,-17.808160,1.073421,21.424720,-0.297706,-0.671536,-0.559473,0.383927
1.7824,5880,Real,Middle_FingerTip,-17.823100,1.072579,21.448740,-0.297706,-0.671536,-0.559473,0.383927
1.7824,5880,Real,Ring_MCP,-17.809750,1.041995,21.344610,-0.551524,-0.495931,-0.376684,0.554963
1.7824,5880,Real,Ring_PIP,-17.799310,1.047996,21.389570,-0.477507,-0.567550,-0.449929,0.497432
1.7824,5880,Real,Ring_DIP,-17.800600,1.050483,21.415760,-0.402976,-0.622685,-0.508468,0.437418
1.7824,5880,Real,Ring_FingerTip,-17.808150,1.051954,21.440380,-0.402976,-0.622685,-0.508468,0.437418
1.7824,5880,Real,Pinky_MCP,-17.812030,1.020338,21.339500,-0.562106,-0.491032,-0.383511,0.543917
1.7824,5880,Real,Pinky_PIP,-17.803230,1.025647,21.377500,-0.488666,-0.564164,-0.455159,0.485547
1.7824,5880,Real,Pinky_DIP,-17.804160,1.027653,21.395720,-0.414469,-0.620718,-0.512175,0.424973
1.7824,5880,Real,Pinky_FingerTip,-17.809820,1.029171,21.413950,-0.414469,-0.620718,-0.512175,0.424973
1.7824,5880,Virtual,Wrist,-17.848740,1.049412,21.246200,-0.571725,-0.453464,-0.290245,0.619080
1.7824,5880,Virtual,Thumb_CMC,-17.844870,1.083941,21.278340,-0.178111,-0.701832,0.313270,0.614469
1.7824,5880,Virtual,Thumb_MCP,-17.852840,1.111824,21.311320,-0.055534,-0.721947,0.203636,0.658970
1.7824,5880,Virtual,Thumb_IP,-17.858980,1.128914,21.356860,0.166764,-0.704614,-0.006523,0.689686
1.7824,5880,Virtual,Thumb_FingerTip,-17.858780,1.121960,21.384500,0.166764,-0.704614,-0.006523,0.689686
1.7824,5880,Virtual,Index_MCP,-17.814540,1.097481,21.344390,-0.522648,-0.489731,-0.298896,0.630606
1.7824,5880,Virtual,Index_PIP,-17.798540,1.103800,21.387950,-0.445454,-0.560864,-0.387858,0.580146
1.7824,5880,Virtual,Index_DIP,-17.796730,1.105089,21.413810,-0.367746,-0.614622,-0.460852,0.524040
1.7824,5880,Virtual,Index_FingerTip,-17.801580,1.104256,21.440260,-0.367746,-0.614622,-0.460852,0.524040
1.7824,5880,Virtual,Middle_MCP,-17.805840,1.071501,21.345690,-0.515301,-0.516685,-0.360056,0.581259
1.7824,5880,Virtual,Middle_PIP,-17.794920,1.077517,21.397000,-0.405937,-0.606394,-0.465432,0.500874
1.7824,5880,Virtual,Middle_DIP,-17.799590,1.078240,21.424310,-0.294340,-0.667729,-0.545419,0.412336
1.7824,5880,Virtual,Middle_FingerTip,-17.813360,1.076635,21.448980,-0.294340,-0.667729,-0.545419,0.412336
1.7824,5880,Virtual,Ring_MCP,-17.803440,1.047084,21.344180,-0.547371,-0.494444,-0.352663,0.575795
1.7824,5880,Virtual,Ring_PIP,-17.791230,1.053374,21.388650,-0.473600,-0.565502,-0.429025,0.521391
1.7824,5880,Virtual,Ring_DIP,-17.791440,1.055699,21.414890,-0.399355,-0.620166,-0.490717,0.463797
1.7824,5880,Virtual,Ring_FingerTip,-17.797910,1.056735,21.439840,-0.399355,-0.620166,-0.490717,0.463797
1.7824,5880,Virtual,Pinky_MCP,-17.804990,1.025366,21.339050,-0.558240,-0.490020,-0.359480,0.564821
1.7824,5880,Virtual,Pinky_PIP,-17.794690,1.030918,21.376640,-0.484978,-0.562627,-0.434257,0.509578
1.7824,5880,Virtual,Pinky_DIP,-17.794880,1.032810,21.394890,-0.411002,-0.618732,-0.494434,0.451424
1.7824,5880,Virtual,Pinky_FingerTip,-17.799760,1.034002,21.413380,-0.411002,-0.618732,-0.494434,0.451424
1.7824,5880,Render,Wrist,-17.848740,1.049412,21.246200,-0.571725,-0.453464,-0.290245,0.619080
1.7824,5880,Render,Thumb_CMC,-17.844870,1.083941,21.278340,-0.097821,-0.717922,0.249763,0.642369
1.7824,5880,Render,Thumb_MCP,-17.851700,1.104198,21.316700,-0.043435,-0.723253,0.200638,0.659366
1.7824,5880,Render,Thumb_IP,-17.857910,1.120252,21.362610,0.054691,-0.722489,0.109704,0.680430
1.7824,5880,Render,Thumb_FingerTip,-17.859850,1.122254,21.390970,0.054691,-0.722489,0.109704,0.680430
1.7824,5880,Render,Index_MCP,-17.814540,1.097481,21.344390,-0.521441,-0.491016,-0.300448,0.629868
1.7824,5880,Render,Index_PIP,-17.798750,1.103737,21.388030,-0.438850,-0.566046,-0.394630,0.575560
1.7824,5880,Render,Index_DIP,-17.797510,1.104841,21.413940,-0.355350,-0.621871,-0.471266,0.514695
1.7824,5880,Render,Index_FingerTip,-17.803370,1.103680,21.440160,-0.355350,-0.621871,-0.471266,0.514695
1.7824,5880,Render,Middle_MCP,-17.805840,1.071501,21.345690,-0.515118,-0.516868,-0.360262,0.581131
1.7824,5880,Render,Middle_PIP,-17.794950,1.077509,21.397010,-0.404050,-0.607653,-0.466988,0.499425
1.7824,5880,Render,Middle_DIP,-17.799800,1.078191,21.424300,-0.290603,-0.669364,-0.547714,0.409281
1.7824,5880,Render,Middle_FingerTip,-17.813830,1.076513,21.448810,-0.290603,-0.669364,-0.547714,0.409281
1.7824,5880,Render,Ring_MCP,-17.803440,1.047084,21.344180,-0.546029,-0.495925,-0.354222,0.574837
1.7824,5880,Render,Ring_PIP,-17.791470,1.053335,21.388720,-0.468610,-0.569644,-0.433593,0.517599
1.7824,5880,Render,Ring_DIP,-17.792130,1.055575,21.414960,-0.390467,-0.625800,-0.497283,0.456749
1.7824,5880,Render,Ring_FingerTip,-17.799300,1.056464,21.439730,-0.390467,-0.625800,-0.497283,0.456749
1.7824,5880,Render,Pinky_MCP,-17.804990,1.025366,21.339050,-0.556910,-0.491531,-0.361009,0.563845
1.7824,5880,Render,Pinky_PIP,-17.794900,1.030892,21.376700,-0.480012,-0.566869,-0.438720,0.505740
1.7824,5880,Render,Pinky_DIP,-17.795410,1.032735,21.394950,-0.402133,-0.624532,-0.500823,0.444325
1.7824,5880,Render,Pinky_FingerTip,-17.800800,1.033832,21.413300,-0.402133,-0.624532,-0.500823,0.444325
1.7961,5881,Real,Wrist,-17.853060,1.042050,21.243760,-0.589266,-0.458972,-0.328449,0.578128
1.7961,5881,Real,Thumb_CMC,-17.848820,1.077427,21.274920,-0.230278,-0.711219,0.294590,0.595279
1.7961,5881,Real,Thumb_MCP,-17.856950,1.107211,21.306140,-0.108069,-0.739717,0.190868,0.636168
1.7961,5881,Real,Thumb_IP,-17.865150,1.126957,21.350260,0.117210,-0.738324,-0.007322,0.664144
1.7961,5881,Real,Thumb_FingerTip,-17.867730,1.121747,21.378170,0.117210,-0.738324,-0.007322,0.664144
1.7961,5881,Real,Index_MCP,-17.822580,1.091167,21.342660,-0.544671,-0.494420,-0.331347,0.590841
1.7961,5881,Real,Index_PIP,-17.808930,1.098053,21.386920,-0.475406,-0.561343,-0.405700,0.542486
1.7961,5881,Real,Index_DIP,-17.807870,1.100481,21.412740,-0.406063,-0.613375,-0.466705,0.490989
1.7961,5881,Real,Index_FingerTip,-17.812930,1.101553,21.439140,-0.406063,-0.613375,-0.466705,0.490989
1.7961,5881,Real,Middle_MCP,-17.816150,1.064653,21.345510,-0.534300,-0.521932,-0.390982,0.537814
1.7961,5881,Real,Middle_PIP,-17.808260,1.071897,21.397220,-0.429777,-0.610886,-0.482790,0.457192
1.7961,5881,Real,Middle_DIP,-17.814150,1.074215,21.424210,-0.323187,-0.673380,-0.551556,0.371345
1.7961,5881,Real,Middle_FingerTip,-17.828740,1.074940,21.448450,-0.323187,-0.673380,-0.551556,0.371345
1.7961,5881,Real,Ring_MCP,-17.815660,1.040081,21.345030,-0.568169,-0.494909,-0.382188,0.534961
1.7961,5881,Real,Ring_PIP,-17.805510,1.047223,21.389880,-0.504328,-0.559825,-0.443921,0.484958
1.7961,5881,Real,Ring_DIP,-17.806060,1.050756,21.415980,-0.440546,-0.611285,-0.493964,0.433878
1.7961,5881,Real,Ring_FingerTip,-17.812140,1.053593,21.440900,-0.440546,-0.611285,-0.493964,0.433878
1.7961,5881,Real,Pinky_MCP,-17.818590,1.018365,21.340530,-0.578323,-0.489658,-0.389161,0.523767
1.7961,5881,Real,Pinky_PIP,-17.810020,1.024613,21.378440,-0.515041,-0.555837,-0.449494,0.473005
1.7961,5881,Real,Pinky_DIP,-17.810420,1.027316,21.396590,-0.451629,-0.608484,-0.498205,0.421391
1.7961,5881,Real,Pinky_FingerTip,-17.814960,1.029802,21.415030,-0.451629,-0.608484,-0.498205,0.421391
1.7961,5881,Virtual,Wrist,-17.850400,1.045767,21.244650,-0.576478,-0.455262,-0.315924,0.600502
1.7961,5881,Virtual,Thumb_CMC,-17.846450,1.080278,21.276810,-0.203039,-0.710574,0.297523,0.604434
1.7961,5881,Virtual,Thumb_MCP,-17.854650,1.108741,21.309230,-0.081321,-0.734525,0.192228,0.645685
1.7961,5881,Virtual,Thumb_IP,-17.862160,1.126770,21.354200,0.141196,-0.725399,-0.008859,0.673633
1.7961,5881,Virtual,Thumb_FingerTip,-17.863650,1.120592,21.381980,0.141196,-0.725399,-0.008859,0.673633
1.7961,5881,Virtual,Index_MCP,-17.818580,1.092839,21.344130,-0.531094,-0.489635,-0.319852,0.613100
1.7961,5881,Virtual,Index_PIP,-17.803790,1.098827,21.388150,-0.462571,-0.554826,-0.397212,0.566056
1.7961,5881,Virtual,Index_DIP,-17.802000,1.100478,21.413990,-0.394084,-0.605393,-0.461049,0.515394
1.7961,5881,Virtual,Index_FingerTip,-17.806260,1.100530,21.440560,-0.394084,-0.605393,-0.461049,0.515394
1.7961,5881,Virtual,Middle_MCP,-17.811120,1.066504,21.345920,-0.522006,-0.516817,-0.381035,0.561447
1.7961,5881,Virtual,Middle_PIP,-17.801860,1.072402,21.397570,-0.418626,-0.603607,-0.477335,0.482247
1.7961,5881,Virtual,Middle_DIP,-17.806970,1.073649,21.424790,-0.313389,-0.664362,-0.550306,0.396956
1.7961,5881,Virtual,Middle_FingerTip,-17.820790,1.073069,21.449470,-0.313389,-0.664362,-0.550306,0.396956
1.7961,5881,Virtual,Ring_MCP,-17.809760,1.041995,21.344620,-0.556263,-0.490609,-0.371334,0.558557
1.7961,5881,Virtual,Ring_PIP,-17.798450,1.048091,21.389350,-0.493028,-0.554120,-0.435993,0.509691
1.7961,5881,Virtual,Ring_DIP,-17.798300,1.050777,21.415560,-0.429932,-0.604387,-0.488768,0.459326
1.7961,5881,Virtual,Ring_FingerTip,-17.803680,1.052600,21.440720,-0.429932,-0.604387,-0.488768,0.459326
1.7961,5881,Virtual,Pinky_MCP,-17.812040,1.020338,21.339500,-0.566797,-0.485609,-0.378267,0.547576
1.7961,5881,Virtual,Pinky_PIP,-17.802500,1.025701,21.377330,-0.504088,-0.550427,-0.441551,0.497954
1.7961,5881,Virtual,Pinky_DIP,-17.802430,1.027814,21.395550,-0.441329,-0.601917,-0.493018,0.447055
1.7961,5881,Virtual,Pinky_FingerTip,-17.806470,1.029548,21.414200,-0.441329,-0.601917,-0.493018,0.447055
1.7961,5881,Render,Wrist,-17.850400,1.045767,21.244650,-0.576478,-0.455262,-0.315924,0.600502
1.7961,5881,Render,Thumb_CMC,-17.846450,1.080278,21.276810,-0.120802,-0.725495,0.235926,0.635140
1.7961,5881,Render,Thumb_MCP,-17.853650,1.101134,21.314780,-0.065779,-0.732536,0.187386,0.651115
1.7961,5881,Render,Thumb_IP,-17.860690,1.117824,21.360340,0.033806,-0.734707,0.097688,0.670463
1.7961,5881,Render,Thumb_FingerTip,-17.863500,1.120141,21.388600,0.033806,-0.734707,0.097688,0.670463
1.7961,5881,Render,Index_MCP,-17.818580,1.092839,21.344130,-0.528070,-0.492895,-0.323620,0.611120
1.7961,5881,Render,Index_PIP,-17.804320,1.098694,21.388350,-0.450355,-0.564787,-0.409468,0.557255
1.7961,5881,Render,Index_DIP,-17.803630,1.100052,21.414260,-0.372088,-0.619156,-0.479261,0.498504
1.7961,5881,Render,Index_FingerTip,-17.809710,1.099593,21.440450,-0.372088,-0.619156,-0.479261,0.498504
1.7961,5881,Render,Middle_MCP,-17.811120,1.066504,21.345920,-0.519813,-0.519022,-0.383408,0.559829
1.7961,5881,Render,Middle_PIP,-17.802290,1.072328,21.397660,-0.409914,-0.609557,-0.484212,0.475342
1.7961,5881,Render,Middle_DIP,-17.808170,1.073421,21.424720,-0.297706,-0.671536,-0.559473,0.383927
1.7961,5881,Render,Middle_FingerTip,-17.823110,1.072579,21.448740,-0.297706,-0.671536,-0.559473,0.383927
1.7961,5881,Render,Ring_MCP,-17.809760,1.041995,21.344620,-0.551524,-0.495931,-0.376684,0.554963
1.7961,5881,Render,Ring_PIP,-17.799320,1.047995,21.389570,-0.477507,-0.567550,-0.449929,0.497432
1.7961,5881,Render,Ring_DIP,-17.800610,1.050482,21.415770,-0.402976,-0.622685,-0.508468,0.437418
1.7961,5881,Render,Ring_FingerTip,-17.808160,1.051954,21.440390,-0.402976,-0.622685,-0.508468,0.437418
1.7961,5881,Render,Pinky_MCP,-17.812040,1.020338,21.339500,-0.562106,-0.491032,-0.383510,0.543917
1.7961,5881,Render,Pinky_PIP,-17.803240,1.025646,21.377510,-0.488666,-0.564164,-0.455159,0.485547
1.7961,5881,Render,Pinky_DIP,-17.804170,1.027653,21.395720,-0.414469,-0.620717,-0.512175,0.424973
1.7961,5881,Render,Pinky_FingerTip,-17.809830,1.029170,21.413960,-0.414469,-0.620717,-0.512175,0.424973
