PlayerName,Player01
VisualCondition,Base
LoadCondition,Low
GrabbedObject,0-14
Timestamp,Frame,PoseType,JointName,PosX,PosY,PosZ,RotX,RotY,RotZ,RotW
0.0082,4818,Real,Wrist,-17.747010,1.042120,21.002920,-0.381386,0.400961,0.304441,0.775301
0.0082,4818,Real,Thumb_CMC,-17.713750,1.071117,20.985820,0.333245,0.127697,0.081104,0.930626
0.0082,4818,Real,Thumb_MCP,-17.671840,1.081482,20.977750,0.296103,0.199203,-0.129742,0.925100
0.0082,4818,Real,Thumb_IP,-17.628360,1.075497,20.955920,0.192974,0.300199,-0.485577,0.798034
0.0082,4818,Real,Thumb_FingerTip,-17.618430,1.056711,20.936920,0.192974,0.300199,-0.485577,0.798034
0.0082,4818,Real,Index_MCP,-17.676300,1.084806,20.923560,-0.369428,0.394148,0.242737,0.805760
0.0082,4818,Real,Index_PIP,-17.649540,1.089487,20.885410,-0.426163,0.331987,0.114644,0.833683
0.0082,4818,Real,Index_DIP,-17.629990,1.087104,20.868510,-0.468415,0.269106,-0.003109,0.841523
0.0082,4818,Real,Index_FingerTip,-17.606990,1.080181,20.856400,-0.468415,0.269106,-0.003109,0.841523
0.0082,4818,Real,Middle_MCP,-17.688510,1.063382,20.911540,-0.424164,0.355401,0.215080,0.804684
0.0082,4818,Real,Middle_PIP,-17.653930,1.065740,20.871700,-0.482721,0.270565,0.062103,0.830614
0.0082,4818,Real,Middle_DIP,-17.630480,1.061359,20.857580,-0.521147,0.186093,-0.077574,0.829312
0.0082,4818,Real,Middle_FingerTip,-17.604480,1.052229,20.851130,-0.521147,0.186093,-0.077574,0.829312
0.0082,4818,Real,Ring_MCP,-17.698790,1.041670,20.906330,-0.440807,0.348233,0.232243,0.794032
0.0082,4818,Real,Ring_PIP,-17.668560,1.044546,20.871060,-0.494336,0.266851,0.091588,0.822214
0.0082,4818,Real,Ring_DIP,-17.646410,1.041563,20.857120,-0.529840,0.186672,-0.037479,0.826450
0.0082,4818,Real,Ring_FingerTip,-17.622480,1.034861,20.850180,-0.529840,0.186672,-0.037479,0.826450
0.0082,4818,Real,Pinky_MCP,-17.708740,1.021641,20.906860,-0.453437,0.341305,0.239766,0.787666
0.0082,4818,Real,Pinky_PIP,-17.683070,1.024326,20.877130,-0.505579,0.257846,0.100097,0.817244
0.0082,4818,Real,Pinky_DIP,-17.667530,1.022545,20.867540,-0.539545,0.176027,-0.028300,0.822864
0.0082,4818,Real,Pinky_FingerTip,-17.649590,1.018013,20.862580,-0.539545,0.176027,-0.028300,0.822864
0.0082,4818,Virtual,Wrist,-17.747470,1.043165,21.003480,-0.385225,0.400656,0.306883,0.772592
0.0082,4818,Virtual,Thumb_CMC,-17.714490,1.072351,20.986160,0.329997,0.129961,0.084595,0.931158
0.0082,4818,Virtual,Thumb_MCP,-17.672690,1.083035,20.977980,0.292430,0.200681,-0.126460,0.926402
0.0082,4818,Virtual,Thumb_IP,-17.629180,1.077302,20.956120,0.189016,0.300101,-0.483079,0.800529
0.0082,4818,Virtual,Thumb_FingerTip,-17.619110,1.058492,20.937230,0.189016,0.300101,-0.483079,0.800529
0.0082,4818,Virtual,Index_MCP,-17.677240,1.086001,20.923770,-0.373366,0.393733,0.245327,0.803360
0.0082,4818,Virtual,Index_PIP,-17.650570,1.090691,20.885570,-0.429988,0.330966,0.117575,0.831714
0.0082,4818,Virtual,Index_DIP,-17.631020,1.088380,20.868650,-0.472059,0.267559,0.000069,0.839984
0.0082,4818,Virtual,Index_FingerTip,-17.607970,1.081588,20.856560,-0.472059,0.267559,0.000069,0.839984
0.0082,4818,Virtual,Middle_MCP,-17.689270,1.064401,20.911890,-0.427944,0.354666,0.217813,0.802268
0.0082,4818,Virtual,Middle_PIP,-17.654760,1.066826,20.872000,-0.486300,0.269141,0.065236,0.828746
0.0082,4818,Virtual,Middle_DIP,-17.631290,1.062568,20.857870,-0.524437,0.184091,-0.074172,0.827995
0.0082,4818,Virtual,Middle_FingerTip,-17.605230,1.053627,20.851450,-0.524437,0.184091,-0.074172,0.827995
0.0082,4818,Virtual,Ring_MCP,-17.699370,1.042569,20.906820,-0.444515,0.347468,0.234960,0.791497
0.0082,4818,Virtual,Ring_PIP,-17.669210,1.045502,20.871500,-0.497855,0.265457,0.094702,0.820186
0.0082,4818,Virtual,Ring_DIP,-17.647050,1.042631,20.857550,-0.533100,0.184748,-0.034087,0.824931
0.0082,4818,Virtual,Ring_FingerTip,-17.623070,1.036098,20.850620,-0.533100,0.184748,-0.034087,0.824931
0.0082,4818,Virtual,Pinky_MCP,-17.709140,1.022458,20.907490,-0.457091,0.340503,0.242483,0.785066
0.0082,4818,Virtual,Pinky_PIP,-17.683530,1.025192,20.877710,-0.509039,0.256425,0.103223,0.815151
0.0082,4818,Virtual,Pinky_DIP,-17.667990,1.023490,20.868110,-0.542742,0.174086,-0.024887,0.821284
0.0082,4818,Virtual,Pinky_FingerTip,-17.650010,1.019087,20.863150,-0.542742,0.174086,-0.024887,0.821284
0.0082,4818,Render,Wrist,-17.747470,1.043165,21.003480,-0.385225,0.400656,0.306883,0.772592
0.0082,4818,Render,Thumb_CMC,-17.714490,1.072351,20.986160,0.257614,0.161336,-0.035182,0.952034
0.0082,4818,Render,Thumb_MCP,-17.672970,1.073059,20.971870,0.228876,0.200025,-0.185213,0.934506
0.0082,4818,Render,Thumb_IP,-17.631230,1.060576,20.949380,0.150833,0.263901,-0.480778,0.822471
0.0082,4818,Render,Thumb_FingerTip,-17.619870,1.040306,20.932880,0.150833,0.263901,-0.480778,0.822471
0.0082,4818,Render,Index_MCP,-17.677240,1.086001,20.923770,-0.371117,0.395854,0.249900,0.801949
0.0082,4818,Render,Index_PIP,-17.650930,1.091011,20.885350,-0.427263,0.334476,0.124382,0.830724
0.0082,4818,Render,Index_DIP,-17.631590,1.088956,20.868170,-0.469242,0.272469,0.008831,0.839937
0.0082,4818,Render,Index_FingerTip,-17.608690,1.082477,20.855630,-0.469242,0.272469,0.008831,0.839937
0.0082,4818,Render,Middle_MCP,-17.689270,1.064401,20.911890,-0.425761,0.357284,0.222730,0.800917
0.0082,4818,Render,Middle_PIP,-17.655190,1.067175,20.871660,-0.482071,0.276643,0.078070,0.827636
0.0082,4818,Render,Middle_DIP,-17.632050,1.063364,20.856880,-0.519884,0.196582,-0.054347,0.829532
0.0082,4818,Render,Middle_FingerTip,-17.606110,1.055028,20.849250,-0.519884,0.196582,-0.054347,0.829532
0.0082,4818,Render,Ring_MCP,-17.699370,1.042569,20.906820,-0.441929,0.350750,0.240815,0.789735
0.0082,4818,Render,Ring_PIP,-17.669680,1.045842,20.871130,-0.492668,0.274965,0.110428,0.818217
0.0082,4818,Render,Ring_DIP,-17.647960,1.043465,20.856410,-0.527357,0.200554,-0.009486,0.825581
0.0082,4818,Render,Ring_FingerTip,-17.624240,1.037604,20.848130,-0.527357,0.200554,-0.009486,0.825581
0.0082,4818,Render,Pinky_MCP,-17.709140,1.022458,20.907490,-0.454556,0.343879,0.248290,0.783248
0.0082,4818,Render,Pinky_PIP,-17.683940,1.025463,20.877390,-0.504023,0.266149,0.118851,0.813019
0.0082,4818,Render,Pinky_DIP,-17.668710,1.024086,20.867250,-0.537312,0.190184,-0.000398,0.821660
0.0082,4818,Render,Pinky_FingerTip,-17.650940,1.020158,20.861270,-0.537312,0.190184,-0.000398,0.821660
0.0222,4819,Real,Wrist,-17.746810,1.041716,21.002020,-0.377525,0.402708,0.306041,0.775655
0.0222,4819,Real,Thumb_CMC,-17.713590,1.070752,20.984900,0.336636,0.129862,0.079512,0.929242
0.0222,4819,Real,Thumb_MCP,-17.671710,1.081080,20.976650,0.298921,0.202074,-0.130983,0.923394
0.0222,4819,Real,Thumb_IP,-17.628370,1.075143,20.954520,0.194425,0.303952,-0.486040,0.795976
0.0222,4819,Real,Thumb_FingerTip,-17.618600,1.056460,20.935340,0.194425,0.303952,-0.486040,0.795976
0.0222,4819,Real,Index_MCP,-17.676490,1.084764,20.922500,-0.365662,0.396173,0.244248,0.806028
0.0222,4819,Real,Index_PIP,-17.649950,1.089635,20.884240,-0.422757,0.334572,0.116095,0.834183
0.0222,4819,Real,Index_DIP,-17.630500,1.087320,20.867200,-0.465404,0.272142,-0.001743,0.842221
0.0222,4819,Real,Index_FingerTip,-17.607590,1.080427,20.854910,-0.465404,0.272142,-0.001743,0.842221
0.0222,4819,Real,Middle_MCP,-17.688820,1.063445,20.910420,-0.420525,0.357572,0.216631,0.805216
0.0222,4819,Real,Middle_PIP,-17.654470,1.065987,20.870390,-0.479548,0.273372,0.063528,0.831424
0.0222,4819,Real,Middle_DIP,-17.631120,1.061648,20.856100,-0.518488,0.189392,-0.076304,0.830349
0.0222,4819,Real,Middle_FingerTip,-17.605180,1.052504,20.849440,-0.518488,0.189392,-0.076304,0.830349
0.0222,4819,Real,Ring_MCP,-17.699170,1.041789,20.905130,-0.437159,0.350334,0.233832,0.794658
0.0222,4819,Real,Ring_PIP,-17.669140,1.044829,20.869710,-0.491105,0.269550,0.093044,0.823105
0.0222,4819,Real,Ring_DIP,-17.647090,1.041890,20.855610,-0.527069,0.189842,-0.036179,0.827557
0.0222,4819,Real,Ring_FingerTip,-17.623210,1.035181,20.848480,-0.527069,0.189842,-0.036179,0.827557
0.0222,4819,Real,Pinky_MCP,-17.709160,1.021779,20.905590,-0.449794,0.343376,0.241377,0.788363
0.0222,4819,Real,Pinky_PIP,-17.683660,1.024601,20.875730,-0.502349,0.260515,0.101563,0.818207
0.0222,4819,Real,Pinky_DIP,-17.668190,1.022849,20.866040,-0.536769,0.179167,-0.027002,0.824044
0.0222,4819,Real,Pinky_FingerTip,-17.650280,1.018311,20.860930,-0.536769,0.179167,-0.027002,0.824044
0.0222,4819,Virtual,Wrist,-17.747290,1.043953,21.003490,-0.381386,0.400961,0.304441,0.775301
0.0222,4819,Virtual,Thumb_CMC,-17.714030,1.072950,20.986380,0.333245,0.127697,0.081105,0.930626
0.0222,4819,Virtual,Thumb_MCP,-17.672130,1.083316,20.978320,0.296103,0.199203,-0.129742,0.925100
0.0222,4819,Virtual,Thumb_IP,-17.628640,1.077330,20.956480,0.192974,0.300199,-0.485577,0.798034
0.0222,4819,Virtual,Thumb_FingerTip,-17.618720,1.058545,20.937490,0.192974,0.300199,-0.485577,0.798034
0.0222,4819,Virtual,Index_MCP,-17.676580,1.086639,20.924120,-0.369428,0.394148,0.242737,0.805760
0.0222,4819,Virtual,Index_PIP,-17.649830,1.091320,20.885980,-0.426163,0.331987,0.114644,0.833683
0.0222,4819,Virtual,Index_DIP,-17.630270,1.088937,20.869070,-0.468415,0.269106,-0.003109,0.841523
0.0222,4819,Virtual,Index_FingerTip,-17.607270,1.082015,20.856970,-0.468415,0.269106,-0.003109,0.841523
0.0222,4819,Virtual,Middle_MCP,-17.688800,1.065216,20.912100,-0.424164,0.355401,0.215080,0.804684
0.0222,4819,Virtual,Middle_PIP,-17.654210,1.067573,20.872270,-0.482721,0.270565,0.062103,0.830614
0.0222,4819,Virtual,Middle_DIP,-17.630760,1.063192,20.858150,-0.521147,0.186093,-0.077573,0.829312
0.0222,4819,Virtual,Middle_FingerTip,-17.604770,1.054062,20.851700,-0.521147,0.186093,-0.077573,0.829312
0.0222,4819,Virtual,Ring_MCP,-17.699070,1.043503,20.906890,-0.440807,0.348232,0.232243,0.794032
0.0222,4819,Virtual,Ring_PIP,-17.668840,1.046379,20.871630,-0.494336,0.266851,0.091588,0.822214
0.0222,4819,Virtual,Ring_DIP,-17.646690,1.043397,20.857690,-0.529840,0.186672,-0.037479,0.826450
0.0222,4819,Virtual,Ring_FingerTip,-17.622760,1.036695,20.850740,-0.529840,0.186672,-0.037479,0.826450
0.0222,4819,Virtual,Pinky_MCP,-17.709020,1.023475,20.907420,-0.453437,0.341305,0.239766,0.787666
0.0222,4819,Virtual,Pinky_PIP,-17.683350,1.026160,20.877700,-0.505579,0.257846,0.100097,0.817244
0.0222,4819,Virtual,Pinky_DIP,-17.667810,1.024378,20.868110,-0.539545,0.176027,-0.028300,0.822864
0.0222,4819,Virtual,Pinky_FingerTip,-17.649870,1.019847,20.863150,-0.539545,0.176027,-0.028300,0.822864
0.0222,4819,Render,Wrist,-17.747290,1.043953,21.003490,-0.381386,0.400961,0.304441,0.775301
0.0222,4819,Render,Thumb_CMC,-17.714030,1.072950,20.986380,0.260933,0.159063,-0.038870,0.951369
0.0222,4819,Render,Thumb_MCP,-17.672480,1.073347,20.972200,0.232512,0.198305,-0.188749,0.933267
0.0222,4819,Render,Thumb_IP,-17.630790,1.060595,20.949750,0.154832,0.263465,-0.483714,0.820143
0.0222,4819,Render,Thumb_FingerTip,-17.619590,1.040308,20.933160,0.154832,0.263465,-0.483714,0.820143
0.0222,4819,Render,Index_MCP,-17.676580,1.086639,20.924120,-0.369428,0.394148,0.242737,0.805760
0.0222,4819,Render,Index_PIP,-17.649830,1.091320,20.885980,-0.426163,0.331987,0.114644,0.833683
0.0222,4819,Render,Index_DIP,-17.630270,1.088937,20.869070,-0.468415,0.269106,-0.003109,0.841523
0.0222,4819,Render,Index_FingerTip,-17.607270,1.082015,20.856970,-0.468415,0.269106,-0.003109,0.841523
0.0222,4819,Render,Middle_MCP,-17.688800,1.065216,20.912100,-0.424164,0.355401,0.215080,0.804684
0.0222,4819,Render,Middle_PIP,-17.654210,1.067573,20.872270,-0.482721,0.270565,0.062103,0.830614
0.0222,4819,Render,Middle_DIP,-17.630760,1.063192,20.858150,-0.521147,0.186093,-0.077573,0.829312
0.0222,4819,Render,Middle_FingerTip,-17.604770,1.054062,20.851700,-0.521147,0.186093,-0.077573,0.829312
0.0222,4819,Render,Ring_MCP,-17.699070,1.043503,20.906890,-0.440807,0.348232,0.232243,0.794032
0.0222,4819,Render,Ring_PIP,-17.668840,1.046379,20.871630,-0.494336,0.266851,0.091588,0.822214
0.0222,4819,Render,Ring_DIP,-17.646690,1.043397,20.857690,-0.529840,0.186672,-0.037479,0.826450
0.0222,4819,Render,Ring_FingerTip,-17.622760,1.036695,20.850740,-0.529840,0.186672,-0.037479,0.826450
0.0222,4819,Render,Pinky_MCP,-17.709020,1.023475,20.907420,-0.453437,0.341305,0.239766,0.787666
0.0222,4819,Render,Pinky_PIP,-17.683350,1.026160,20.877700,-0.505579,0.257846,0.100097,0.817244
0.0222,4819,Render,Pinky_DIP,-17.667810,1.024378,20.868110,-0.539545,0.176027,-0.028300,0.822864
0.0222,4819,Render,Pinky_FingerTip,-17.649870,1.019847,20.863150,-0.539545,0.176027,-0.028300,0.822864
0.0356,4820,Real,Wrist,-17.746240,1.041500,21.001540,-0.376299,0.402952,0.308176,0.775278
0.0356,4820,Real,Thumb_CMC,-17.713140,1.070670,20.984410,0.338083,0.131549,0.080308,0.928411
0.0356,4820,Real,Thumb_MCP,-17.671320,1.081123,20.976070,0.299953,0.204042,-0.130021,0.922762
0.0356,4820,Real,Thumb_IP,-17.628030,1.075360,20.953780,0.194592,0.306168,-0.484907,0.795777
0.0356,4820,Real,Thumb_FingerTip,-17.618270,1.056761,20.934520,0.194592,0.306168,-0.484907,0.795777
0.0356,4820,Real,Index_MCP,-17.676260,1.084969,20.921950,-0.364474,0.396576,0.246390,0.805716
0.0356,4820,Real,Index_PIP,-17.649850,1.090024,20.883620,-0.421646,0.335155,0.118260,0.834207
0.0356,4820,Real,Index_DIP,-17.630460,1.087810,20.866510,-0.464385,0.272875,0.000398,0.842547
0.0356,4820,Real,Index_FingerTip,-17.607560,1.081010,20.854130,-0.464385,0.272875,0.000398,0.842547
0.0356,4820,Real,Middle_MCP,-17.688580,1.063659,20.909840,-0.419334,0.357953,0.218795,0.805082
0.0356,4820,Real,Middle_PIP,-17.654360,1.066410,20.869710,-0.478449,0.273968,0.065679,0.831694
0.0356,4820,Real,Middle_DIP,-17.631040,1.062171,20.855340,-0.517504,0.190162,-0.074228,0.830975
0.0356,4820,Real,Middle_FingerTip,-17.605100,1.053110,20.848570,-0.517504,0.190162,-0.074228,0.830975
0.0356,4820,Real,Ring_MCP,-17.698900,1.041995,20.904510,-0.435951,0.350652,0.235997,0.794542
0.0356,4820,Real,Ring_PIP,-17.668990,1.045219,20.869000,-0.489970,0.270072,0.095197,0.823364
0.0356,4820,Real,Ring_DIP,-17.646960,1.042377,20.854830,-0.526029,0.190534,-0.034093,0.828148
0.0356,4820,Real,Ring_FingerTip,-17.623100,1.035748,20.847610,-0.526029,0.190534,-0.034093,0.828148
0.0356,4820,Real,Pinky_MCP,-17.708840,1.021960,20.904940,-0.448576,0.343658,0.243542,0.788268
0.0356,4820,Real,Pinky_PIP,-17.683440,1.024938,20.875010,-0.501197,0.261003,0.103713,0.818488
0.0356,4820,Real,Pinky_DIP,-17.667990,1.023253,20.865260,-0.535708,0.179828,-0.024922,0.824656
0.0356,4820,Real,Pinky_FingerTip,-17.650090,1.018774,20.860090,-0.535708,0.179828,-0.024922,0.824656
0.0356,4820,Virtual,Wrist,-17.746770,1.043725,21.003230,-0.377526,0.402708,0.306041,0.775655
0.0356,4820,Virtual,Thumb_CMC,-17.713550,1.072761,20.986110,0.336635,0.129862,0.079513,0.929242
0.0356,4820,Virtual,Thumb_MCP,-17.671670,1.083089,20.977870,0.298921,0.202074,-0.130983,0.923394
0.0356,4820,Virtual,Thumb_IP,-17.628330,1.077152,20.955730,0.194424,0.303952,-0.486040,0.795976
0.0356,4820,Virtual,Thumb_FingerTip,-17.618560,1.058469,20.936550,0.194424,0.303952,-0.486040,0.795976
0.0356,4820,Virtual,Index_MCP,-17.676450,1.086774,20.923720,-0.365662,0.396173,0.244248,0.806028
0.0356,4820,Virtual,Index_PIP,-17.649900,1.091644,20.885450,-0.422757,0.334572,0.116095,0.834183
0.0356,4820,Virtual,Index_DIP,-17.630460,1.089329,20.868410,-0.465404,0.272142,-0.001743,0.842221
0.0356,4820,Virtual,Index_FingerTip,-17.607540,1.082436,20.856120,-0.465404,0.272142,-0.001743,0.842221
0.0356,4820,Virtual,Middle_MCP,-17.688770,1.065454,20.911630,-0.420525,0.357572,0.216631,0.805216
0.0356,4820,Virtual,Middle_PIP,-17.654420,1.067996,20.871600,-0.479548,0.273372,0.063528,0.831424
0.0356,4820,Virtual,Middle_DIP,-17.631070,1.063657,20.857310,-0.518488,0.189391,-0.076304,0.830349
0.0356,4820,Virtual,Middle_FingerTip,-17.605130,1.054513,20.850650,-0.518488,0.189391,-0.076304,0.830349
0.0356,4820,Virtual,Ring_MCP,-17.699130,1.043798,20.906340,-0.437160,0.350333,0.233832,0.794658
0.0356,4820,Virtual,Ring_PIP,-17.669100,1.046838,20.870920,-0.491106,0.269550,0.093044,0.823105
0.0356,4820,Virtual,Ring_DIP,-17.647040,1.043899,20.856820,-0.527069,0.189842,-0.036179,0.827556
0.0356,4820,Virtual,Ring_FingerTip,-17.623170,1.037191,20.849690,-0.527069,0.189842,-0.036179,0.827556
0.0356,4820,Virtual,Pinky_MCP,-17.709120,1.023788,20.906810,-0.449795,0.343376,0.241377,0.788363
0.0356,4820,Virtual,Pinky_PIP,-17.683620,1.026611,20.876940,-0.502349,0.260515,0.101564,0.818207
0.0356,4820,Virtual,Pinky_DIP,-17.668140,1.024858,20.867250,-0.536770,0.179167,-0.027002,0.824044
0.0356,4820,Virtual,Pinky_FingerTip,-17.650240,1.020320,20.862140,-0.536770,0.179167,-0.027002,0.824044
0.0356,4820,Render,Wrist,-17.746770,1.043725,21.003230,-0.377526,0.402708,0.306041,0.775655
0.0356,4820,Render,Thumb_CMC,-17.713550,1.072761,20.986110,0.264066,0.161757,-0.040165,0.949995
0.0356,4820,Render,Thumb_MCP,-17.672070,1.073161,20.971690,0.235180,0.201460,-0.189810,0.931706
0.0356,4820,Render,Thumb_IP,-17.630560,1.060466,20.948900,0.156320,0.267320,-0.484206,0.818321
0.0356,4820,Render,Thumb_FingerTip,-17.619490,1.040263,20.932120,0.156320,0.267320,-0.484206,0.818321
0.0356,4820,Render,Index_MCP,-17.676450,1.086774,20.923720,-0.365662,0.396173,0.244248,0.806028
0.0356,4820,Render,Index_PIP,-17.649900,1.091644,20.885450,-0.422757,0.334572,0.116095,0.834183
0.0356,4820,Render,Index_DIP,-17.630460,1.089329,20.868410,-0.465404,0.272142,-0.001743,0.842221
0.0356,4820,Render,Index_FingerTip,-17.607540,1.082436,20.856120,-0.465404,0.272142,-0.001743,0.842221
0.0356,4820,Render,Middle_MCP,-17.688770,1.065454,20.911630,-0.420525,0.357572,0.216631,0.805216
0.0356,4820,Render,Middle_PIP,-17.654420,1.067996,20.871600,-0.479548,0.273372,0.063528,0.831424
0.0356,4820,Render,Middle_DIP,-17.631070,1.063657,20.857310,-0.518488,0.189391,-0.076304,0.830349
0.0356,4820,Render,Middle_FingerTip,-17.605130,1.054513,20.850650,-0.518488,0.189391,-0.076304,0.830349
0.0356,4820,Render,Ring_MCP,-17.699130,1.043798,20.906340,-0.437160,0.350333,0.233832,0.794658
0.0356,4820,Render,Ring_PIP,-17.669100,1.046838,20.870920,-0.491106,0.269550,0.093044,0.823105
0.0356,4820,Render,Ring_DIP,-17.647040,1.043899,20.856820,-0.527069,0.189842,-0.036179,0.827556
0.0356,4820,Render,Ring_FingerTip,-17.623170,1.037191,20.849690,-0.527069,0.189842,-0.036179,0.827556
0.0356,4820,Render,Pinky_MCP,-17.709120,1.023788,20.906810,-0.449795,0.343376,0.241377,0.788363
0.0356,4820,Render,Pinky_PIP,-17.683620,1.026611,20.876940,-0.502349,0.260515,0.101564,0.818207
0.0356,4820,Render,Pinky_DIP,-17.668140,1.024858,20.867250,-0.536770,0.179167,-0.027002,0.824044
0.0356,4820,Render,Pinky_FingerTip,-17.650240,1.020320,20.862140,-0.536770,0.179167,-0.027002,0.824044
0.0520,4821,Real,Wrist,-17.745580,1.041560,21.001380,-0.376120,0.401855,0.310903,0.774846
0.0520,4821,Real,Thumb_CMC,-17.712650,1.070948,20.984310,0.338486,0.132465,0.070222,0.928951
0.0520,4821,Real,Thumb_MCP,-17.670710,1.080615,20.975590,0.299866,0.205427,-0.141202,0.920838
0.0520,4821,Real,Thumb_IP,-17.627770,1.073905,20.952890,0.193224,0.307870,-0.496309,0.788389
0.0520,4821,Real,Thumb_FingerTip,-17.618720,1.054993,20.933590,0.193224,0.307870,-0.496309,0.788389
0.0520,4821,Real,Index_MCP,-17.675890,1.085614,20.921860,-0.370029,0.390220,0.237332,0.809000
0.0520,4821,Real,Index_PIP,-17.648600,1.090073,20.884060,-0.428008,0.325580,0.104037,0.836650
0.0520,4821,Real,Index_DIP,-17.628710,1.087358,20.867610,-0.470685,0.260094,-0.018349,0.842894
0.0520,4821,Real,Index_FingerTip,-17.605470,1.079939,20.856280,-0.470685,0.260094,-0.018349,0.842894
0.0520,4821,Real,Middle_MCP,-17.688110,1.064276,20.909690,-0.424111,0.350834,0.209980,0.808056
0.0520,4821,Real,Middle_PIP,-17.652960,1.066481,20.870350,-0.487008,0.256471,0.039921,0.833938
0.0520,4821,Real,Middle_DIP,-17.628970,1.061402,20.857410,-0.525998,0.162111,-0.114789,0.826964
0.0520,4821,Real,Middle_FingerTip,-17.602910,1.051203,20.853240,-0.525998,0.162111,-0.114789,0.826964
0.0520,4821,Real,Ring_MCP,-17.698320,1.042574,20.904310,-0.441505,0.342070,0.225213,0.798336
0.0520,4821,Real,Ring_PIP,-17.667390,1.045251,20.869640,-0.500285,0.248301,0.063379,0.827070
0.0520,4821,Real,Ring_DIP,-17.644510,1.041468,20.857150,-0.536443,0.155460,-0.084582,0.825171
0.0520,4821,Real,Ring_FingerTip,-17.620330,1.033563,20.852870,-0.536443,0.155460,-0.084582,0.825171
0.0520,4821,Real,Pinky_MCP,-17.708160,1.022486,20.904700,-0.453996,0.334817,0.232843,0.792193
0.0520,4821,Real,Pinky_PIP,-17.681880,1.025041,20.875490,-0.511101,0.238727,0.072071,0.822551
0.0520,4821,Real,Pinky_DIP,-17.665820,1.022740,20.866930,-0.545386,0.144117,-0.075226,0.822269
0.0520,4821,Real,Pinky_FingerTip,-17.647670,1.017358,20.863960,-0.545386,0.144117,-0.075226,0.822269
0.0520,4821,Virtual,Wrist,-17.746400,1.043111,21.002500,-0.376299,0.402952,0.308176,0.775278
0.0520,4821,Virtual,Thumb_CMC,-17.713290,1.072280,20.985380,0.337486,0.131312,0.067768,0.929660
0.0520,4821,Virtual,Thumb_MCP,-17.671300,1.081705,20.976670,0.299152,0.204077,-0.143753,0.920975
0.0520,4821,Virtual,Thumb_IP,-17.628380,1.074709,20.954020,0.193107,0.306348,-0.498704,0.787499
0.0520,4821,Virtual,Thumb_FingerTip,-17.619410,1.055696,20.934780,0.193107,0.306348,-0.498704,0.787499
0.0520,4821,Virtual,Index_MCP,-17.676420,1.086579,20.922920,-0.370256,0.391183,0.234536,0.809246
0.0520,4821,Virtual,Index_PIP,-17.649070,1.090790,20.885130,-0.428387,0.326494,0.101238,0.836443
0.0520,4821,Virtual,Index_DIP,-17.629180,1.087925,20.868700,-0.471193,0.260943,-0.021088,0.842284
0.0520,4821,Virtual,Index_FingerTip,-17.605970,1.080355,20.857420,-0.471193,0.260943,-0.021088,0.842284
0.0520,4821,Virtual,Middle_MCP,-17.688730,1.065270,20.910800,-0.424427,0.351899,0.207220,0.808139
0.0520,4821,Virtual,Middle_PIP,-17.653540,1.067182,20.871480,-0.487537,0.257449,0.037203,0.833453
0.0520,4821,Virtual,Middle_DIP,-17.629570,1.061943,20.858580,-0.526698,0.162975,-0.117371,0.825986
0.0520,4821,Virtual,Middle_FingerTip,-17.603550,1.051597,20.854460,-0.526698,0.162975,-0.117371,0.825986
0.0520,4821,Virtual,Ring_MCP,-17.699050,1.043606,20.905470,-0.441837,0.343206,0.222484,0.798431
0.0520,4821,Virtual,Ring_PIP,-17.668090,1.046025,20.870820,-0.500834,0.249349,0.060685,0.826625
0.0520,4821,Virtual,Ring_DIP,-17.645210,1.042089,20.858350,-0.537169,0.156393,-0.087154,0.824254
0.0520,4821,Virtual,Ring_FingerTip,-17.621060,1.034047,20.854120,-0.537169,0.156393,-0.087154,0.824254
0.0520,4821,Virtual,Pinky_MCP,-17.709000,1.023571,20.905900,-0.454341,0.335999,0.230135,0.792286
0.0520,4821,Virtual,Pinky_PIP,-17.682680,1.025908,20.876710,-0.511672,0.239817,0.069398,0.822109
0.0520,4821,Virtual,Pinky_DIP,-17.666620,1.023499,20.868180,-0.546142,0.145088,-0.077778,0.821358
0.0520,4821,Virtual,Pinky_FingerTip,-17.648500,1.018015,20.865230,-0.546142,0.145088,-0.077778,0.821358
0.0520,4821,Render,Wrist,-17.746400,1.043111,21.002500,-0.376299,0.402952,0.308176,0.775278
0.0520,4821,Render,Thumb_CMC,-17.713290,1.072280,20.985380,0.265326,0.163580,-0.039183,0.949373
0.0520,4821,Render,Thumb_MCP,-17.671870,1.072825,20.970830,0.236136,0.203459,-0.188743,0.931247
0.0520,4821,Render,Thumb_IP,-17.630390,1.060301,20.947880,0.156570,0.269522,-0.483047,0.818236
0.0520,4821,Render,Thumb_FingerTip,-17.619330,1.040177,20.931000,0.156570,0.269522,-0.483047,0.818236
0.0520,4821,Render,Index_MCP,-17.676420,1.086579,20.922920,-0.364474,0.396576,0.246390,0.805716
0.0520,4821,Render,Index_PIP,-17.650010,1.091635,20.884580,-0.421646,0.335155,0.118260,0.834207
0.0520,4821,Render,Index_DIP,-17.630610,1.089420,20.867480,-0.464385,0.272874,0.000398,0.842547
0.0520,4821,Render,Index_FingerTip,-17.607710,1.082621,20.855100,-0.464385,0.272874,0.000398,0.842547
0.0520,4821,Render,Middle_MCP,-17.688730,1.065270,20.910800,-0.419334,0.357953,0.218795,0.805082
0.0520,4821,Render,Middle_PIP,-17.654510,1.068021,20.870680,-0.478449,0.273968,0.065679,0.831694
0.0520,4821,Render,Middle_DIP,-17.631200,1.063782,20.856300,-0.517504,0.190162,-0.074228,0.830975
0.0520,4821,Render,Middle_FingerTip,-17.605250,1.054721,20.849530,-0.517504,0.190162,-0.074228,0.830975
0.0520,4821,Render,Ring_MCP,-17.699050,1.043606,20.905470,-0.435951,0.350651,0.235996,0.794542
0.0520,4821,Render,Ring_PIP,-17.669140,1.046830,20.869960,-0.489970,0.270072,0.095197,0.823364
0.0520,4821,Render,Ring_DIP,-17.647120,1.043988,20.855790,-0.526029,0.190534,-0.034093,0.828148
0.0520,4821,Render,Ring_FingerTip,-17.623250,1.037359,20.848580,-0.526029,0.190534,-0.034093,0.828148
0.0520,4821,Render,Pinky_MCP,-17.709000,1.023571,20.905900,-0.448576,0.343658,0.243542,0.788268
0.0520,4821,Render,Pinky_PIP,-17.683590,1.026549,20.875970,-0.501197,0.261003,0.103713,0.818488
0.0520,4821,Render,Pinky_DIP,-17.668140,1.024864,20.866220,-0.535708,0.179828,-0.024922,0.824656
0.0520,4821,Render,Pinky_FingerTip,-17.650250,1.020385,20.861060,-0.535708,0.179828,-0.024922,0.824656
0.0632,4822,Real,Wrist,-17.744850,1.041231,21.001760,-0.377717,0.400510,0.311111,0.774683
0.0632,4822,Real,Thumb_CMC,-17.711950,1.070682,20.984730,0.336630,0.132118,0.058727,0.930471
0.0632,4822,Real,Thumb_MCP,-17.669870,1.079387,20.975670,0.298190,0.204590,-0.152501,0.919766
0.0632,4822,Real,Thumb_IP,-17.627230,1.071615,20.952760,0.192166,0.306344,-0.505874,0.783146
0.0632,4822,Real,Thumb_FingerTip,-17.618670,1.052389,20.933540,0.192166,0.306344,-0.505874,0.783146
0.0632,4822,Real,Index_MCP,-17.675060,1.085349,20.922360,-0.378626,0.381873,0.222677,0.813161
0.0632,4822,Real,Index_PIP,-17.646530,1.088766,20.885380,-0.437388,0.312852,0.082931,0.839011
0.0632,4822,Real,Index_DIP,-17.626020,1.085274,20.869870,-0.479688,0.243071,-0.044971,0.841899
0.0632,4822,Real,Index_FingerTip,-17.602410,1.076964,20.860020,-0.479688,0.243071,-0.044971,0.841899
0.0632,4822,Real,Middle_MCP,-17.687180,1.063957,20.910200,-0.431361,0.342061,0.196534,0.811355
0.0632,4822,Real,Middle_PIP,-17.650820,1.065215,20.871930,-0.497148,0.236478,0.009349,0.834767
0.0632,4822,Real,Middle_DIP,-17.626200,1.059130,20.860730,-0.534721,0.130961,-0.159801,0.819382
0.0632,4822,Real,Middle_FingerTip,-17.600320,1.047756,20.859500,-0.534721,0.130961,-0.159801,0.819382
0.0632,4822,Real,Ring_MCP,-17.697320,1.042219,20.904820,-0.450306,0.330703,0.207788,0.802922
0.0632,4822,Real,Ring_PIP,-17.664990,1.043887,20.871400,-0.513275,0.220655,0.021399,0.829097
0.0632,4822,Real,Ring_DIP,-17.641230,1.038855,20.861180,-0.547411,0.111721,-0.147570,0.816139
0.0632,4822,Real,Ring_FingerTip,-17.617200,1.029484,20.860640,-0.547411,0.111721,-0.147570,0.816139
0.0632,4822,Real,Pinky_MCP,-17.707110,1.022106,20.905210,-0.462631,0.323176,0.215532,0.796917
0.0632,4822,Real,Pinky_PIP,-17.679620,1.023858,20.877080,-0.523586,0.210542,0.030298,0.824993
0.0632,4822,Real,Pinky_DIP,-17.662930,1.020730,20.870120,-0.555450,0.099723,-0.138023,0.813929
0.0632,4822,Real,Pinky_FingerTip,-17.644880,1.014303,20.869950,-0.555450,0.099723,-0.138023,0.813929
0.0632,4822,Virtual,Wrist,-17.745770,1.042120,21.001660,-0.376120,0.401855,0.310903,0.774846
0.0632,4822,Virtual,Thumb_CMC,-17.712840,1.071508,20.984590,0.337631,0.132911,0.057097,0.930097
0.0632,4822,Virtual,Thumb_MCP,-17.670770,1.080113,20.975430,0.298987,0.205589,-0.154004,0.919034
0.0632,4822,Virtual,Thumb_IP,-17.628210,1.072262,20.952380,0.192499,0.307578,-0.506962,0.781876
0.0632,4822,Virtual,Thumb_FingerTip,-17.619750,1.053043,20.933120,0.192499,0.307578,-0.506962,0.781876
0.0632,4822,Virtual,Index_MCP,-17.676090,1.086174,20.922140,-0.377148,0.383344,0.222403,0.813231
0.0632,4822,Virtual,Index_PIP,-17.647650,1.089573,20.885090,-0.436178,0.314550,0.082649,0.839033
0.0632,4822,Virtual,Index_DIP,-17.627190,1.086051,20.869520,-0.478749,0.244933,-0.045252,0.841879
0.0632,4822,Virtual,Index_FingerTip,-17.603630,1.077692,20.859590,-0.478749,0.244933,-0.045252,0.841879
0.0632,4822,Virtual,Middle_MCP,-17.688300,1.064835,20.909980,-0.429974,0.343622,0.196304,0.811487
0.0632,4822,Virtual,Middle_PIP,-17.652030,1.066055,20.871610,-0.496148,0.238310,0.009096,0.834843
0.0632,4822,Virtual,Middle_DIP,-17.627470,1.059921,20.860330,-0.534113,0.132958,-0.160064,0.819406
0.0632,4822,Virtual,Middle_FingerTip,-17.601620,1.048479,20.859000,-0.534113,0.132958,-0.160064,0.819406
0.0632,4822,Virtual,Ring_MCP,-17.698510,1.043133,20.904590,-0.448926,0.332270,0.207588,0.803100
0.0632,4822,Virtual,Ring_PIP,-17.666260,1.044767,20.871080,-0.512284,0.222492,0.021164,0.829225
0.0632,4822,Virtual,Ring_DIP,-17.642550,1.039686,20.860790,-0.546814,0.113721,-0.147826,0.816217
0.0632,4822,Virtual,Ring_FingerTip,-17.618540,1.030251,20.860170,-0.546814,0.113721,-0.147826,0.816217
0.0632,4822,Virtual,Pinky_MCP,-17.708350,1.023046,20.904980,-0.461255,0.324744,0.215351,0.797126
0.0632,4822,Virtual,Pinky_PIP,-17.680930,1.024768,20.876780,-0.522599,0.212380,0.030075,0.825155
0.0632,4822,Virtual,Pinky_DIP,-17.664280,1.021607,20.869770,-0.554858,0.101723,-0.138274,0.814042
0.0632,4822,Virtual,Pinky_FingerTip,-17.646250,1.015131,20.869530,-0.554858,0.101723,-0.138274,0.814042
0.0632,4822,Render,Wrist,-17.745770,1.042120,21.001660,-0.376120,0.401855,0.310903,0.774846
0.0632,4822,Render,Thumb_CMC,-17.712840,1.071508,20.984590,0.265227,0.161388,-0.037391,0.949848
0.0632,4822,Render,Thumb_MCP,-17.671340,1.072148,20.970260,0.236385,0.201280,-0.187048,0.931999
0.0632,4822,Render,Thumb_IP,-17.629710,1.059719,20.947530,0.157518,0.267544,-0.481692,0.819501
0.0632,4822,Render,Thumb_FingerTip,-17.618520,1.039621,20.930700,0.157518,0.267544,-0.481692,0.819501
0.0632,4822,Render,Index_MCP,-17.676090,1.086174,20.922140,-0.370029,0.390220,0.237332,0.809000
0.0632,4822,Render,Index_PIP,-17.648790,1.090633,20.884350,-0.428007,0.325580,0.104037,0.836650
0.0632,4822,Render,Index_DIP,-17.628900,1.087918,20.867900,-0.470685,0.260094,-0.018349,0.842894
0.0632,4822,Render,Index_FingerTip,-17.605660,1.080499,20.856570,-0.470685,0.260094,-0.018349,0.842894
0.0632,4822,Render,Middle_MCP,-17.688300,1.064835,20.909980,-0.424111,0.350834,0.209980,0.808056
0.0632,4822,Render,Middle_PIP,-17.653150,1.067041,20.870630,-0.487008,0.256471,0.039921,0.833938
0.0632,4822,Render,Middle_DIP,-17.629170,1.061962,20.857700,-0.525998,0.162111,-0.114789,0.826964
0.0632,4822,Render,Middle_FingerTip,-17.603100,1.051763,20.853530,-0.525998,0.162111,-0.114789,0.826964
0.0632,4822,Render,Ring_MCP,-17.698510,1.043133,20.904590,-0.441505,0.342070,0.225213,0.798337
0.0632,4822,Render,Ring_PIP,-17.667590,1.045811,20.869920,-0.500285,0.248301,0.063380,0.827070
0.0632,4822,Render,Ring_DIP,-17.644700,1.042028,20.857430,-0.536442,0.155459,-0.084582,0.825172
0.0632,4822,Render,Ring_FingerTip,-17.620520,1.034123,20.853160,-0.536442,0.155459,-0.084582,0.825172
0.0632,4822,Render,Pinky_MCP,-17.708350,1.023046,20.904980,-0.453996,0.334817,0.232843,0.792193
0.0632,4822,Render,Pinky_PIP,-17.682070,1.025601,20.875770,-0.511101,0.238727,0.072071,0.822552
0.0632,4822,Render,Pinky_DIP,-17.666010,1.023300,20.867210,-0.545386,0.144117,-0.075226,0.822269
0.0632,4822,Render,Pinky_FingerTip,-17.647870,1.017918,20.864250,-0.545386,0.144117,-0.075226,0.822269
0.0771,4823,Real,Wrist,-17.744180,1.040617,21.002380,-0.379557,0.399730,0.309019,0.775023
0.0771,4823,Real,Thumb_CMC,-17.711170,1.069958,20.985380,0.334232,0.130833,0.052092,0.931911
0.0771,4823,Real,Thumb_MCP,-17.669000,1.078061,20.976200,0.296340,0.202512,-0.158401,0.919827
0.0771,4823,Real,Thumb_IP,-17.626450,1.069658,20.953330,0.191823,0.303368,-0.509951,0.781743
0.0771,4823,Real,Thumb_FingerTip,-17.618020,1.050253,20.934240,0.191823,0.303368,-0.509951,0.781743
0.0771,4823,Real,Index_MCP,-17.674000,1.084337,20.923110,-0.384103,0.377077,0.212562,0.815534
0.0771,4823,Real,Index_PIP,-17.644720,1.087008,20.886660,-0.442855,0.305943,0.070168,0.839854
0.0771,4823,Real,Index_DIP,-17.623880,1.083033,20.871710,-0.484649,0.234173,-0.059869,0.840651
0.0771,4823,Real,Index_FingerTip,-17.600120,1.074220,20.862680,-0.484649,0.234173,-0.059869,0.840651
0.0771,4823,Real,Middle_MCP,-17.686090,1.062917,20.910970,-0.436159,0.337065,0.187014,0.813129
0.0771,4823,Real,Middle_PIP,-17.648980,1.063450,20.873410,-0.502759,0.226010,-0.007845,0.834321
0.0771,4823,Real,Middle_DIP,-17.624100,1.056788,20.863180,-0.539050,0.115206,-0.183157,0.814006
0.0771,4823,Real,Middle_FingerTip,-17.598450,1.044835,20.863460,-0.539050,0.115206,-0.183157,0.814006
0.0771,4823,Real,Ring_MCP,-17.696240,1.041172,20.905640,-0.456004,0.324204,0.195887,0.805346
0.0771,4823,Real,Ring_PIP,-17.663060,1.042095,20.873020,-0.520254,0.205872,-0.002189,0.828824
0.0771,4823,Real,Ring_DIP,-17.638950,1.036357,20.864090,-0.552387,0.088968,-0.180679,0.808893
0.0771,4823,Real,Ring_FingerTip,-17.615240,1.026279,20.865530,-0.552387,0.088968,-0.180679,0.808893
0.0771,4823,Real,Pinky_MCP,-17.706050,1.021074,20.906060,-0.468247,0.316562,0.203697,0.799401
0.0771,4823,Real,Pinky_PIP,-17.677840,1.022224,20.878620,-0.530316,0.195527,0.006814,0.824917
0.0771,4823,Real,Pinky_DIP,-17.660900,1.018626,20.872570,-0.559986,0.076698,-0.171046,0.807018
0.0771,4823,Real,Pinky_FingerTip,-17.643090,1.011691,20.873870,-0.559986,0.076698,-0.171046,0.807018
0.0771,4823,Virtual,Wrist,-17.745200,1.041860,21.001610,-0.377717,0.400510,0.311111,0.774682
0.0771,4823,Virtual,Thumb_CMC,-17.712300,1.071310,20.984580,0.336013,0.132926,0.052283,0.930963
0.0771,4823,Virtual,Thumb_MCP,-17.670180,1.079508,20.975260,0.297605,0.204951,-0.158001,0.918946
0.0771,4823,Virtual,Thumb_IP,-17.627710,1.071251,20.952180,0.192018,0.306109,-0.509235,0.781093
0.0771,4823,Virtual,Thumb_FingerTip,-17.619340,1.051929,20.932980,0.192018,0.306109,-0.509235,0.781093
0.0771,4823,Virtual,Index_MCP,-17.675410,1.085977,20.922210,-0.382372,0.378121,0.214649,0.815317
0.0771,4823,Virtual,Index_PIP,-17.646290,1.088827,20.885650,-0.441328,0.307268,0.072262,0.839997
0.0771,4823,Virtual,Index_DIP,-17.625500,1.084938,20.870600,-0.483344,0.235717,-0.057822,0.841114
0.0771,4823,Virtual,Index_FingerTip,-17.601770,1.076192,20.861430,-0.483344,0.235717,-0.057822,0.841114
0.0771,4823,Virtual,Middle_MCP,-17.687530,1.064586,20.910050,-0.434459,0.338117,0.189134,0.813112
0.0771,4823,Virtual,Middle_PIP,-17.650580,1.065313,20.872340,-0.501352,0.227430,-0.005780,0.834799
0.0771,4823,Virtual,Middle_DIP,-17.625730,1.058725,20.861970,-0.537973,0.116890,-0.181239,0.814908
0.0771,4823,Virtual,Middle_FingerTip,-17.600060,1.046806,20.862090,-0.537973,0.116890,-0.181239,0.814908
0.0771,4823,Virtual,Ring_MCP,-17.697670,1.042848,20.904670,-0.454291,0.325209,0.198018,0.805387
0.0771,4823,Virtual,Ring_PIP,-17.664620,1.043941,20.871920,-0.518830,0.207257,-0.000130,0.829373
0.0771,4823,Virtual,Ring_DIP,-17.640540,1.038269,20.862870,-0.551296,0.090627,-0.178787,0.809874
0.0771,4823,Virtual,Ring_FingerTip,-17.616820,1.028220,20.864170,-0.551296,0.090627,-0.178787,0.809874
0.0771,4823,Virtual,Pinky_MCP,-17.707460,1.022734,20.905060,-0.466523,0.317531,0.205835,0.799476
0.0771,4823,Virtual,Pinky_PIP,-17.679360,1.024028,20.877510,-0.528874,0.196880,0.008873,0.825501
0.0771,4823,Virtual,Pinky_DIP,-17.662440,1.020476,20.871370,-0.558869,0.078330,-0.169162,0.808032
0.0771,4823,Virtual,Pinky_FingerTip,-17.644610,1.013561,20.872570,-0.558869,0.078330,-0.169162,0.808032
0.0771,4823,Render,Wrist,-17.745200,1.041860,21.001610,-0.377717,0.400510,0.311111,0.774682
0.0771,4823,Render,Thumb_CMC,-17.712300,1.071310,20.984580,0.263505,0.157736,-0.036487,0.950975
0.0771,4823,Render,Thumb_MCP,-17.670690,1.071913,20.970560,0.235262,0.197401,-0.186334,0.933255
0.0771,4823,Render,Thumb_IP,-17.628880,1.059415,20.948200,0.157726,0.263511,-0.481427,0.820922
0.0771,4823,Render,Thumb_FingerTip,-17.617550,1.039257,20.931540,0.157726,0.263511,-0.481427,0.820922
0.0771,4823,Render,Index_MCP,-17.675410,1.085977,20.922210,-0.378626,0.381873,0.222677,0.813161
0.0771,4823,Render,Index_PIP,-17.646880,1.089394,20.885230,-0.437388,0.312852,0.082931,0.839011
0.0771,4823,Render,Index_DIP,-17.626360,1.085903,20.869720,-0.479688,0.243071,-0.044971,0.841899
0.0771,4823,Render,Index_FingerTip,-17.602750,1.077593,20.859870,-0.479688,0.243071,-0.044971,0.841899
0.0771,4823,Render,Middle_MCP,-17.687530,1.064586,20.910050,-0.431361,0.342061,0.196534,0.811355
0.0771,4823,Render,Middle_PIP,-17.651160,1.065843,20.871780,-0.497148,0.236478,0.009349,0.834767
0.0771,4823,Render,Middle_DIP,-17.626550,1.059758,20.860580,-0.534721,0.130961,-0.159801,0.819382
0.0771,4823,Render,Middle_FingerTip,-17.600660,1.048384,20.859350,-0.534721,0.130961,-0.159801,0.819382
0.0771,4823,Render,Ring_MCP,-17.697670,1.042848,20.904670,-0.450306,0.330704,0.207788,0.802922
0.0771,4823,Render,Ring_PIP,-17.665330,1.044515,20.871250,-0.513275,0.220655,0.021399,0.829097
0.0771,4823,Render,Ring_DIP,-17.641580,1.039483,20.861030,-0.547411,0.111721,-0.147570,0.816139
0.0771,4823,Render,Ring_FingerTip,-17.617540,1.030113,20.860490,-0.547411,0.111721,-0.147570,0.816139
0.0771,4823,Render,Pinky_MCP,-17.707460,1.022734,20.905060,-0.462631,0.323176,0.215532,0.796917
0.0771,4823,Render,Pinky_PIP,-17.679960,1.024486,20.876930,-0.523586,0.210542,0.030298,0.824992
0.0771,4823,Render,Pinky_DIP,-17.663280,1.021359,20.869970,-0.555451,0.099723,-0.138023,0.813929
0.0771,4823,Render,Pinky_FingerTip,-17.645230,1.014932,20.869800,-0.555451,0.099723,-0.138023,0.813929
0.0910,4824,Real,Wrist,-17.743590,1.039926,21.002660,-0.379809,0.399660,0.307458,0.775556
0.0910,4824,Real,Thumb_CMC,-17.710470,1.069164,20.985690,0.332744,0.131401,0.042983,0.932828
0.0910,4824,Real,Thumb_MCP,-17.668240,1.076525,20.976180,0.294985,0.202408,-0.166474,0.918859
0.0910,4824,Real,Thumb_IP,-17.625940,1.067380,20.953130,0.191219,0.302358,-0.515442,0.778676
0.0910,4824,Real,Thumb_FingerTip,-17.617800,1.047798,20.934090,0.191219,0.302358,-0.515442,0.778676
0.0910,4824,Real,Index_MCP,-17.673150,1.083376,20.923470,-0.388994,0.372088,0.200753,0.818494
0.0910,4824,Real,Index_PIP,-17.643060,1.085210,20.887630,-0.447888,0.298601,0.055034,0.840955
0.0910,4824,Real,Index_DIP,-17.621890,1.080670,20.873320,-0.489215,0.224577,-0.077682,0.839166
0.0910,4824,Real,Index_FingerTip,-17.598030,1.071252,20.865220,-0.489215,0.224577,-0.077682,0.839166
0.0910,4824,Real,Middle_MCP,-17.685280,1.061972,20.911340,-0.440590,0.331457,0.175171,0.815679
0.0910,4824,Real,Middle_PIP,-17.647320,1.061639,20.874630,-0.508254,0.213686,-0.029557,0.833753
0.0910,4824,Real,Middle_DIP,-17.622180,1.054252,20.865590,-0.542857,0.096382,-0.212635,0.806724
0.0910,4824,Real,Middle_FingerTip,-17.596960,1.041581,20.867720,-0.542857,0.096382,-0.212635,0.806724
0.0910,4824,Real,Ring_MCP,-17.695470,1.040246,20.906010,-0.461438,0.316721,0.181222,0.808655
0.0910,4824,Real,Ring_PIP,-17.661330,1.040283,20.874380,-0.526966,0.188531,-0.031059,0.828130
0.0910,4824,Real,Ring_DIP,-17.636910,1.033694,20.867020,-0.556205,0.062233,-0.220756,0.798768
0.0910,4824,Real,Ring_FingerTip,-17.613820,1.022809,20.870790,-0.556205,0.062233,-0.220756,0.798768
0.0910,4824,Real,Pinky_MCP,-17.705340,1.020173,20.906440,-0.473570,0.308908,0.189127,0.802832
0.0910,4824,Real,Pinky_PIP,-17.676290,1.020610,20.879850,-0.536703,0.177882,-0.021930,0.824516
0.0910,4824,Real,Pinky_DIP,-17.659130,1.016444,20.874900,-0.563231,0.049629,-0.211041,0.797352
0.0910,4824,Real,Pinky_FingerTip,-17.641770,1.008925,20.877940,-0.563231,0.049629,-0.211041,0.797352
0.0910,4824,Virtual,Wrist,-17.744880,1.042381,21.001590,-0.379557,0.399730,0.309019,0.775023
0.0910,4824,Virtual,Thumb_CMC,-17.711870,1.071722,20.984590,0.333176,0.132664,0.043912,0.932452
0.0910,4824,Virtual,Thumb_MCP,-17.669670,1.079199,20.975010,0.295123,0.203736,-0.165484,0.918700
0.0910,4824,Virtual,Thumb_IP,-17.627400,1.070187,20.951870,0.190822,0.303633,-0.514469,0.778920
0.0910,4824,Virtual,Thumb_FingerTip,-17.619240,1.050649,20.932790,0.190822,0.303633,-0.514469,0.778920
0.0910,4824,Virtual,Index_MCP,-17.674700,1.086101,20.922320,-0.388781,0.372250,0.202360,0.818126
0.0910,4824,Virtual,Index_PIP,-17.644680,1.088052,20.886430,-0.447707,0.298797,0.056681,0.840872
0.0910,4824,Virtual,Index_DIP,-17.623530,1.083582,20.872070,-0.489067,0.224799,-0.076043,0.839343
0.0910,4824,Virtual,Index_FingerTip,-17.599660,1.074233,20.863920,-0.489067,0.224799,-0.076043,0.839343
0.0910,4824,Virtual,Middle_MCP,-17.686800,1.064681,20.910190,-0.440353,0.331567,0.176799,0.815411
0.0910,4824,Virtual,Middle_PIP,-17.648910,1.064486,20.873410,-0.508050,0.213850,-0.027914,0.833891
0.0910,4824,Virtual,Middle_DIP,-17.623770,1.057172,20.864310,-0.542695,0.096587,-0.211062,0.807221
0.0910,4824,Virtual,Middle_FingerTip,-17.598510,1.044563,20.866380,-0.542695,0.096587,-0.211062,0.807221
0.0910,4824,Virtual,Ring_MCP,-17.696940,1.042936,20.904850,-0.461181,0.316795,0.182851,0.808405
0.0910,4824,Virtual,Ring_PIP,-17.662860,1.043096,20.873170,-0.526736,0.188668,-0.029419,0.828304
0.0910,4824,Virtual,Ring_DIP,-17.638440,1.036576,20.865750,-0.556013,0.062419,-0.219201,0.799315
0.0910,4824,Virtual,Ring_FingerTip,-17.615320,1.025745,20.869460,-0.556013,0.062419,-0.219201,0.799315
0.0910,4824,Virtual,Pinky_MCP,-17.706760,1.022838,20.905270,-0.473299,0.308957,0.190756,0.802588
0.0910,4824,Virtual,Pinky_PIP,-17.677770,1.023379,20.878640,-0.536454,0.177998,-0.020292,0.824696
0.0910,4824,Virtual,Pinky_DIP,-17.660600,1.019261,20.873650,-0.563015,0.049799,-0.209488,0.797903
0.0910,4824,Virtual,Pinky_FingerTip,-17.643220,1.011782,20.876650,-0.563015,0.049799,-0.209488,0.797903
0.0910,4824,Render,Wrist,-17.744880,1.042381,21.001590,-0.379557,0.399730,0.309019,0.775023
0.0910,4824,Render,Thumb_CMC,-17.711870,1.071722,20.984590,0.261690,0.154818,-0.037048,0.951934
0.0910,4824,Render,Thumb_MCP,-17.670180,1.072182,20.970800,0.233931,0.194233,-0.187039,0.934113
0.0910,4824,Render,Thumb_IP,-17.628280,1.059505,20.948710,0.157505,0.260082,-0.482375,0.821502
0.0910,4824,Render,Thumb_FingerTip,-17.616900,1.039253,20.932200,0.157505,0.260082,-0.482375,0.821502
0.0910,4824,Render,Index_MCP,-17.674700,1.086101,20.922320,-0.384102,0.377077,0.212562,0.815535
0.0910,4824,Render,Index_PIP,-17.645420,1.088772,20.885870,-0.442854,0.305944,0.070168,0.839855
0.0910,4824,Render,Index_DIP,-17.624580,1.084798,20.870920,-0.484648,0.234174,-0.059869,0.840652
0.0910,4824,Render,Index_FingerTip,-17.600820,1.075984,20.861890,-0.484648,0.234174,-0.059869,0.840652
0.0910,4824,Render,Middle_MCP,-17.686800,1.064681,20.910190,-0.436159,0.337065,0.187014,0.813129
0.0910,4824,Render,Middle_PIP,-17.649690,1.065214,20.872630,-0.502759,0.226010,-0.007845,0.834321
0.0910,4824,Render,Middle_DIP,-17.624810,1.058552,20.862390,-0.539050,0.115206,-0.183157,0.814007
0.0910,4824,Render,Middle_FingerTip,-17.599150,1.046599,20.862670,-0.539050,0.115206,-0.183157,0.814007
0.0910,4824,Render,Ring_MCP,-17.696940,1.042936,20.904850,-0.456003,0.324204,0.195887,0.805346
0.0910,4824,Render,Ring_PIP,-17.663760,1.043859,20.872230,-0.520253,0.205872,-0.002189,0.828824
0.0910,4824,Render,Ring_DIP,-17.639660,1.038121,20.863300,-0.552387,0.088968,-0.180680,0.808893
0.0910,4824,Render,Ring_FingerTip,-17.615940,1.028043,20.864740,-0.552387,0.088968,-0.180680,0.808893
0.0910,4824,Render,Pinky_MCP,-17.706760,1.022838,20.905270,-0.468246,0.316562,0.203696,0.799401
0.0910,4824,Render,Pinky_PIP,-17.678550,1.023988,20.877830,-0.530316,0.195527,0.006814,0.824917
0.0910,4824,Render,Pinky_DIP,-17.661610,1.020390,20.871780,-0.559985,0.076698,-0.171046,0.807018
0.0910,4824,Render,Pinky_FingerTip,-17.643800,1.013455,20.873090,-0.559985,0.076698,-0.171046,0.807018
0.1057,4825,Real,Wrist,-17.743740,1.039462,21.002570,-0.376641,0.401353,0.306307,0.776681
0.1057,4825,Real,Thumb_CMC,-17.710480,1.068555,20.985620,0.334991,0.131577,0.039830,0.932138
0.1057,4825,Real,Thumb_MCP,-17.668230,1.075687,20.976020,0.297136,0.203081,-0.169393,0.917483
0.1057,4825,Real,Thumb_IP,-17.626060,1.066364,20.952810,0.192930,0.303825,-0.517581,0.776259
0.1057,4825,Real,Thumb_FingerTip,-17.618090,1.046804,20.933680,0.192930,0.303825,-0.517581,0.776259
0.1057,4825,Real,Index_MCP,-17.673250,1.082770,20.923350,-0.385980,0.374074,0.199428,0.819340
0.1057,4825,Real,Index_PIP,-17.643250,1.084551,20.887440,-0.445266,0.301081,0.053582,0.841557
0.1057,4825,Real,Index_DIP,-17.622150,1.079932,20.873040,-0.487015,0.227438,-0.079210,0.839533
0.1057,4825,Real,Index_FingerTip,-17.598370,1.070395,20.864840,-0.487015,0.227438,-0.079210,0.839533
0.1057,4825,Real,Middle_MCP,-17.685550,1.061489,20.911170,-0.437745,0.333649,0.173850,0.816599
0.1057,4825,Real,Middle_PIP,-17.647690,1.061057,20.874360,-0.506031,0.216507,-0.031063,0.834322
0.1057,4825,Real,Middle_DIP,-17.622620,1.053546,20.865220,-0.541311,0.099624,-0.214229,0.806947
0.1057,4825,Real,Middle_FingerTip,-17.597480,1.040710,20.867230,-0.541311,0.099624,-0.214229,0.806947
0.1057,4825,Real,Ring_MCP,-17.695890,1.039848,20.905790,-0.458644,0.318958,0.179924,0.809654
0.1057,4825,Real,Ring_PIP,-17.661830,1.039791,20.874070,-0.524835,0.191407,-0.032568,0.828765
0.1057,4825,Real,Ring_DIP,-17.637470,1.033076,20.866610,-0.554793,0.065522,-0.222371,0.799039
0.1057,4825,Real,Ring_FingerTip,-17.614440,1.022032,20.870280,-0.554793,0.065522,-0.222371,0.799039
0.1057,4825,Real,Pinky_MCP,-17.705880,1.019836,20.906170,-0.470800,0.311160,0.187850,0.803890
0.1057,4825,Real,Pinky_PIP,-17.676910,1.020192,20.879510,-0.534600,0.180766,-0.023435,0.825214
0.1057,4825,Real,Pinky_DIP,-17.659780,1.015936,20.874490,-0.561848,0.052920,-0.212666,0.797684
0.1057,4825,Real,Pinky_FingerTip,-17.642470,1.008297,20.877450,-0.561848,0.052920,-0.212666,0.797684
0.1057,4825,Virtual,Wrist,-17.744820,1.042845,21.001410,-0.379809,0.399660,0.307458,0.775556
0.1057,4825,Virtual,Thumb_CMC,-17.711700,1.072083,20.984440,0.332744,0.131401,0.042983,0.932828
0.1057,4825,Virtual,Thumb_MCP,-17.669470,1.079444,20.974930,0.294985,0.202408,-0.166474,0.918859
0.1057,4825,Virtual,Thumb_IP,-17.627170,1.070298,20.951880,0.191219,0.302358,-0.515442,0.778676
0.1057,4825,Virtual,Thumb_FingerTip,-17.619030,1.050717,20.932840,0.191219,0.302358,-0.515442,0.778676
0.1057,4825,Virtual,Index_MCP,-17.674380,1.086295,20.922230,-0.388994,0.372088,0.200753,0.818494
0.1057,4825,Virtual,Index_PIP,-17.644290,1.088128,20.886390,-0.447888,0.298600,0.055034,0.840955
0.1057,4825,Virtual,Index_DIP,-17.623120,1.083588,20.872070,-0.489215,0.224577,-0.077682,0.839166
0.1057,4825,Virtual,Index_FingerTip,-17.599260,1.074170,20.863980,-0.489215,0.224577,-0.077682,0.839166
0.1057,4825,Virtual,Middle_MCP,-17.686510,1.064890,20.910090,-0.440590,0.331457,0.175171,0.815679
0.1057,4825,Virtual,Middle_PIP,-17.648550,1.064557,20.873390,-0.508254,0.213685,-0.029557,0.833753
0.1057,4825,Virtual,Middle_DIP,-17.623410,1.057170,20.864350,-0.542857,0.096381,-0.212635,0.806724
0.1057,4825,Virtual,Middle_FingerTip,-17.598190,1.044500,20.866480,-0.542857,0.096381,-0.212635,0.806724
0.1057,4825,Virtual,Ring_MCP,-17.696700,1.043165,20.904760,-0.461438,0.316721,0.181222,0.808654
0.1057,4825,Virtual,Ring_PIP,-17.662560,1.043202,20.873140,-0.526966,0.188531,-0.031059,0.828130
0.1057,4825,Virtual,Ring_DIP,-17.638140,1.036612,20.865780,-0.556205,0.062233,-0.220756,0.798768
0.1057,4825,Virtual,Ring_FingerTip,-17.615050,1.025727,20.869550,-0.556205,0.062233,-0.220756,0.798768
0.1057,4825,Virtual,Pinky_MCP,-17.706560,1.023092,20.905190,-0.473570,0.308908,0.189127,0.802832
0.1057,4825,Virtual,Pinky_PIP,-17.677520,1.023529,20.878610,-0.536703,0.177882,-0.021930,0.824516
0.1057,4825,Virtual,Pinky_DIP,-17.660360,1.019362,20.873660,-0.563231,0.049629,-0.211041,0.797352
0.1057,4825,Virtual,Pinky_FingerTip,-17.643000,1.011844,20.876700,-0.563231,0.049629,-0.211041,0.797352
0.1057,4825,Render,Wrist,-17.744820,1.042845,21.001410,-0.379809,0.399660,0.307458,0.775556
0.1057,4825,Render,Thumb_CMC,-17.711700,1.072083,20.984440,0.261351,0.153577,-0.038082,0.952187
0.1057,4825,Render,Thumb_MCP,-17.669990,1.072423,20.970730,0.233792,0.192954,-0.188100,0.934200
0.1057,4825,Render,Thumb_IP,-17.628080,1.059615,20.948740,0.157792,0.258828,-0.483406,0.821236
0.1057,4825,Render,Thumb_FingerTip,-17.616720,1.039315,20.932270,0.157792,0.258828,-0.483406,0.821236
0.1057,4825,Render,Index_MCP,-17.674380,1.086295,20.922230,-0.388994,0.372088,0.200753,0.818494
0.1057,4825,Render,Index_PIP,-17.644290,1.088128,20.886390,-0.447888,0.298600,0.055034,0.840955
0.1057,4825,Render,Index_DIP,-17.623120,1.083588,20.872070,-0.489215,0.224577,-0.077682,0.839166
0.1057,4825,Render,Index_FingerTip,-17.599260,1.074170,20.863980,-0.489215,0.224577,-0.077682,0.839166
0.1057,4825,Render,Middle_MCP,-17.686510,1.064890,20.910090,-0.440590,0.331457,0.175171,0.815679
0.1057,4825,Render,Middle_PIP,-17.648550,1.064557,20.873390,-0.508254,0.213685,-0.029557,0.833753
0.1057,4825,Render,Middle_DIP,-17.623410,1.057170,20.864350,-0.542857,0.096381,-0.212635,0.806724
0.1057,4825,Render,Middle_FingerTip,-17.598190,1.044500,20.866480,-0.542857,0.096381,-0.212635,0.806724
0.1057,4825,Render,Ring_MCP,-17.696700,1.043165,20.904760,-0.461438,0.316721,0.181222,0.808654
0.1057,4825,Render,Ring_PIP,-17.662560,1.043202,20.873140,-0.526966,0.188531,-0.031059,0.828130
0.1057,4825,Render,Ring_DIP,-17.638140,1.036612,20.865780,-0.556205,0.062233,-0.220756,0.798768
0.1057,4825,Render,Ring_FingerTip,-17.615050,1.025727,20.869550,-0.556205,0.062233,-0.220756,0.798768
0.1057,4825,Render,Pinky_MCP,-17.706560,1.023092,20.905190,-0.473570,0.308908,0.189127,0.802832
0.1057,4825,Render,Pinky_PIP,-17.677520,1.023529,20.878610,-0.536703,0.177882,-0.021930,0.824516
0.1057,4825,Render,Pinky_DIP,-17.660360,1.019362,20.873660,-0.563231,0.049629,-0.211041,0.797352
0.1057,4825,Render,Pinky_FingerTip,-17.643000,1.011844,20.876700,-0.563231,0.049629,-0.211041,0.797352
0.1235,4826,Real,Wrist,-17.743640,1.039151,21.002210,-0.373259,0.403106,0.306867,0.777185
0.1235,4826,Real,Thumb_CMC,-17.710370,1.068214,20.985250,0.336331,0.134191,0.021083,0.931896
0.1235,4826,Real,Thumb_MCP,-17.668080,1.073903,20.974880,0.298191,0.205445,-0.186133,0.913361
0.1235,4826,Real,Thumb_IP,-17.626590,1.063239,20.951040,0.193859,0.305850,-0.529103,0.767415
0.1235,4826,Real,Thumb_FingerTip,-17.619380,1.043475,20.931820,0.193859,0.305850,-0.529103,0.767415
0.1235,4826,Real,Index_MCP,-17.673390,1.082612,20.922870,-0.391188,0.367479,0.181320,0.824048
0.1235,4826,Real,Index_PIP,-17.642280,1.083143,20.887870,-0.450807,0.291276,0.030428,0.843212
0.1235,4826,Real,Index_DIP,-17.620780,1.077658,20.874400,-0.491985,0.214523,-0.106361,0.837030
0.1235,4826,Real,Index_FingerTip,-17.596970,1.067190,20.867560,-0.491985,0.214523,-0.106361,0.837030
0.1235,4826,Real,Middle_MCP,-17.685820,1.061435,20.910650,-0.443139,0.324722,0.153386,0.821375
0.1235,4826,Real,Middle_PIP,-17.646630,1.059543,20.875300,-0.513134,0.196240,-0.068853,0.832732
0.1235,4826,Real,Middle_DIP,-17.621310,1.050782,20.868200,-0.545101,0.068424,-0.265140,0.792391
0.1235,4826,Real,Middle_FingerTip,-17.597250,1.036780,20.873310,-0.545101,0.068424,-0.265140,0.792391
0.1235,4826,Real,Ring_MCP,-17.696260,1.039858,20.905200,-0.464919,0.307647,0.156398,0.815318
0.1235,4826,Real,Ring_PIP,-17.660810,1.038413,20.875090,-0.532281,0.165751,-0.077235,0.826583
0.1235,4826,Real,Ring_DIP,-17.636230,1.030401,20.870040,-0.556864,0.026448,-0.282788,0.780535
0.1235,4826,Real,Ring_FingerTip,-17.614590,1.018252,20.877100,-0.556864,0.026448,-0.282788,0.780535
0.1235,4826,Real,Pinky_MCP,-17.706320,1.019878,20.905530,-0.476848,0.299481,0.164508,0.809855
0.1235,4826,Real,Pinky_PIP,-17.676140,1.019124,20.880260,-0.541458,0.154581,-0.067923,0.823598
0.1235,4826,Real,Pinky_DIP,-17.658840,1.014001,20.876940,-0.562934,0.013328,-0.273025,0.779990
0.1235,4826,Real,Pinky_FingerTip,-17.642540,1.005553,20.882430,-0.562934,0.013328,-0.273025,0.779990
0.1235,4826,Virtual,Wrist,-17.744380,1.043443,21.001950,-0.376641,0.401353,0.306307,0.776682
0.1235,4826,Virtual,Thumb_CMC,-17.711120,1.072536,20.985000,0.333711,0.132584,0.023174,0.933018
0.1235,4826,Virtual,Thumb_MCP,-17.668800,1.078321,20.974810,0.295993,0.203297,-0.184343,0.914919
0.1235,4826,Virtual,Thumb_IP,-17.627160,1.067683,20.951230,0.192678,0.303012,-0.528066,0.769549
0.1235,4826,Virtual,Thumb_FingerTip,-17.619790,1.047848,20.932130,0.192678,0.303012,-0.528066,0.769549
0.1235,4826,Virtual,Index_MCP,-17.673890,1.086751,20.922730,-0.394323,0.365268,0.180888,0.823631
0.1235,4826,Virtual,Index_PIP,-17.642620,1.087215,20.887870,-0.453494,0.288538,0.030078,0.842725
0.1235,4826,Virtual,Index_DIP,-17.621030,1.081738,20.874540,-0.494193,0.211386,-0.106629,0.836492
0.1235,4826,Virtual,Index_FingerTip,-17.597150,1.071319,20.867870,-0.494193,0.211386,-0.106629,0.836492
0.1235,4826,Virtual,Middle_MCP,-17.686180,1.065470,20.910550,-0.446126,0.322357,0.152931,0.820774
0.1235,4826,Virtual,Middle_PIP,-17.646820,1.063538,20.875400,-0.515390,0.193172,-0.069133,0.832033
0.1235,4826,Virtual,Middle_DIP,-17.621440,1.054830,20.868470,-0.546562,0.064906,-0.265246,0.791646
0.1235,4826,Virtual,Middle_FingerTip,-17.597360,1.040937,20.873760,-0.546562,0.064906,-0.265246,0.791646
0.1235,4826,Virtual,Ring_MCP,-17.696530,1.043829,20.905170,-0.467868,0.305267,0.155923,0.814617
0.1235,4826,Virtual,Ring_PIP,-17.660930,1.042358,20.875230,-0.534449,0.162643,-0.077496,0.825777
0.1235,4826,Virtual,Ring_DIP,-17.636290,1.034406,20.870340,-0.558179,0.022894,-0.282837,0.779689
0.1235,4826,Virtual,Ring_FingerTip,-17.614650,1.022368,20.877560,-0.558179,0.022894,-0.282837,0.779689
0.1235,4826,Virtual,Pinky_MCP,-17.706520,1.023817,20.905550,-0.479788,0.297113,0.164015,0.809090
0.1235,4826,Virtual,Pinky_PIP,-17.676220,1.023041,20.880420,-0.543622,0.151488,-0.068183,0.822726
0.1235,4826,Virtual,Pinky_DIP,-17.658880,1.017962,20.877210,-0.564249,0.009789,-0.273057,0.779081
0.1235,4826,Virtual,Pinky_FingerTip,-17.642590,1.009599,20.882820,-0.564249,0.009789,-0.273057,0.779081
0.1235,4826,Render,Wrist,-17.744380,1.043443,21.001950,-0.376641,0.401353,0.306307,0.776682
0.1235,4826,Render,Thumb_CMC,-17.711120,1.072536,20.985000,0.263592,0.154158,-0.041153,0.951347
0.1235,4826,Render,Thumb_MCP,-17.669450,1.072667,20.971170,0.235913,0.193882,-0.191000,0.932885
0.1235,4826,Render,Thumb_IP,-17.627680,1.059679,20.949010,0.159493,0.260399,-0.485716,0.819045
0.1235,4826,Render,Thumb_FingerTip,-17.616490,1.039371,20.932440,0.159493,0.260399,-0.485716,0.819045
0.1235,4826,Render,Index_MCP,-17.673890,1.086751,20.922730,-0.385980,0.374073,0.199428,0.819340
0.1235,4826,Render,Index_PIP,-17.643890,1.088532,20.886820,-0.445266,0.301080,0.053582,0.841557
0.1235,4826,Render,Index_DIP,-17.622790,1.083913,20.872420,-0.487015,0.227438,-0.079210,0.839533
0.1235,4826,Render,Index_FingerTip,-17.599010,1.074376,20.864230,-0.487015,0.227438,-0.079210,0.839533
0.1235,4826,Render,Middle_MCP,-17.686180,1.065470,20.910550,-0.437745,0.333649,0.173850,0.816599
0.1235,4826,Render,Middle_PIP,-17.648330,1.065038,20.873740,-0.506031,0.216507,-0.031064,0.834322
0.1235,4826,Render,Middle_DIP,-17.623260,1.057527,20.864600,-0.541311,0.099624,-0.214229,0.806947
0.1235,4826,Render,Middle_FingerTip,-17.598120,1.044691,20.866610,-0.541311,0.099624,-0.214229,0.806947
0.1235,4826,Render,Ring_MCP,-17.696530,1.043829,20.905170,-0.458644,0.318958,0.179924,0.809654
0.1235,4826,Render,Ring_PIP,-17.662470,1.043772,20.873450,-0.524835,0.191407,-0.032569,0.828765
0.1235,4826,Render,Ring_DIP,-17.638110,1.037057,20.865990,-0.554793,0.065521,-0.222372,0.799039
0.1235,4826,Render,Ring_FingerTip,-17.615090,1.026013,20.869660,-0.554793,0.065521,-0.222372,0.799039
0.1235,4826,Render,Pinky_MCP,-17.706520,1.023817,20.905550,-0.470800,0.311160,0.187849,0.803891
0.1235,4826,Render,Pinky_PIP,-17.677550,1.024173,20.878890,-0.534600,0.180766,-0.023435,0.825214
0.1235,4826,Render,Pinky_DIP,-17.660420,1.019917,20.873880,-0.561848,0.052919,-0.212666,0.797684
0.1235,4826,Render,Pinky_FingerTip,-17.643100,1.012278,20.876830,-0.561848,0.052919,-0.212666,0.797684
0.1361,4827,Real,Wrist,-17.744030,1.039619,21.001360,-0.366705,0.405397,0.310603,0.777629
0.1361,4827,Real,Thumb_CMC,-17.710890,1.068839,20.984420,0.342174,0.138479,0.019531,0.929171
0.1361,4827,Real,Thumb_MCP,-17.668690,1.074594,20.973700,0.302937,0.210923,-0.187042,0.910361
0.1361,4827,Real,Thumb_IP,-17.627450,1.064162,20.949320,0.196080,0.312749,-0.528763,0.764298
0.1361,4827,Real,Thumb_FingerTip,-17.620470,1.044623,20.929780,0.196080,0.312749,-0.528763,0.764298
0.1361,4827,Real,Index_MCP,-17.674510,1.083941,20.921850,-0.385003,0.370780,0.184900,0.824686
0.1361,4827,Real,Index_PIP,-17.643750,1.084852,20.886540,-0.445316,0.295634,0.033835,0.844482
0.1361,4827,Real,Index_DIP,-17.622390,1.079502,20.872800,-0.487270,0.219711,-0.103205,0.838835
0.1361,4827,Real,Index_FingerTip,-17.598660,1.069084,20.865590,-0.487270,0.219711,-0.103205,0.838835
0.1361,4827,Real,Middle_MCP,-17.687090,1.062931,20.909500,-0.437141,0.328218,0.156969,0.822522
0.1361,4827,Real,Middle_PIP,-17.648260,1.061414,20.873740,-0.508270,0.201196,-0.065700,0.834785
0.1361,4827,Real,Middle_DIP,-17.623020,1.052704,20.866280,-0.541557,0.074395,-0.262566,0.795135
0.1361,4827,Real,Middle_FingerTip,-17.598940,1.038607,20.870980,-0.541557,0.074395,-0.262566,0.795135
0.1361,4827,Real,Ring_MCP,-17.697620,1.041436,20.903900,-0.458954,0.311111,0.159991,0.816685
0.1361,4827,Real,Ring_PIP,-17.662470,1.040308,20.873410,-0.527519,0.170742,-0.074166,0.828898
0.1361,4827,Real,Ring_DIP,-17.637950,1.032323,20.868020,-0.553510,0.032476,-0.280401,0.783548
0.1361,4827,Real,Ring_FingerTip,-17.616270,1.020058,20.874710,-0.553510,0.032476,-0.280401,0.783548
0.1361,4827,Real,Pinky_MCP,-17.707700,1.021468,20.904080,-0.470881,0.302877,0.168115,0.811341
0.1361,4827,Real,Pinky_PIP,-17.677780,1.020978,20.878500,-0.536675,0.159508,-0.064874,0.826032
0.1361,4827,Real,Pinky_DIP,-17.660520,1.015871,20.874940,-0.559545,0.019299,-0.270686,0.783113
0.1361,4827,Real,Pinky_FingerTip,-17.644180,1.007335,20.880170,-0.559545,0.019299,-0.270686,0.783113
0.1361,4827,Virtual,Wrist,-17.743850,1.043523,21.002810,-0.373259,0.403106,0.306867,0.777185
0.1361,4827,Virtual,Thumb_CMC,-17.710580,1.072586,20.985850,0.336331,0.134191,0.021083,0.931896
0.1361,4827,Virtual,Thumb_MCP,-17.668290,1.078276,20.975480,0.298191,0.205445,-0.186133,0.913361
0.1361,4827,Virtual,Thumb_IP,-17.626790,1.067612,20.951640,0.193859,0.305850,-0.529102,0.767415
0.1361,4827,Virtual,Thumb_FingerTip,-17.619590,1.047848,20.932420,0.193859,0.305850,-0.529102,0.767415
0.1361,4827,Virtual,Index_MCP,-17.673590,1.086985,20.923470,-0.391188,0.367479,0.181320,0.824048
0.1361,4827,Virtual,Index_PIP,-17.642490,1.087515,20.888460,-0.450807,0.291276,0.030428,0.843212
0.1361,4827,Virtual,Index_DIP,-17.620990,1.082030,20.875000,-0.491984,0.214523,-0.106361,0.837030
0.1361,4827,Virtual,Index_FingerTip,-17.597170,1.071562,20.868160,-0.491984,0.214523,-0.106361,0.837030
0.1361,4827,Virtual,Middle_MCP,-17.686030,1.065807,20.911250,-0.443139,0.324722,0.153386,0.821375
0.1361,4827,Virtual,Middle_PIP,-17.646840,1.063916,20.875900,-0.513134,0.196241,-0.068853,0.832732
0.1361,4827,Virtual,Middle_DIP,-17.621520,1.055155,20.868800,-0.545101,0.068424,-0.265140,0.792392
0.1361,4827,Virtual,Middle_FingerTip,-17.597460,1.041152,20.873910,-0.545101,0.068424,-0.265140,0.792392
0.1361,4827,Virtual,Ring_MCP,-17.696470,1.044230,20.905800,-0.464919,0.307647,0.156398,0.815318
0.1361,4827,Virtual,Ring_PIP,-17.661010,1.042786,20.875690,-0.532281,0.165751,-0.077235,0.826583
0.1361,4827,Virtual,Ring_DIP,-17.636440,1.034774,20.870630,-0.556863,0.026448,-0.282788,0.780535
0.1361,4827,Virtual,Ring_FingerTip,-17.614790,1.022624,20.877700,-0.556863,0.026448,-0.282788,0.780535
0.1361,4827,Virtual,Pinky_MCP,-17.706530,1.024251,20.906130,-0.476848,0.299481,0.164508,0.809855
0.1361,4827,Virtual,Pinky_PIP,-17.676350,1.023496,20.880860,-0.541458,0.154582,-0.067923,0.823598
0.1361,4827,Virtual,Pinky_DIP,-17.659040,1.018373,20.877530,-0.562934,0.013328,-0.273025,0.779990
0.1361,4827,Virtual,Pinky_FingerTip,-17.642750,1.009926,20.883020,-0.562934,0.013328,-0.273025,0.779990
0.1361,4827,Render,Wrist,-17.743850,1.043523,21.002810,-0.373259,0.403106,0.306867,0.777185
0.1361,4827,Render,Thumb_CMC,-17.710580,1.072586,20.985850,0.265323,0.153440,-0.043689,0.950869
0.1361,4827,Render,Thumb_MCP,-17.668900,1.072513,20.972020,0.237736,0.193447,-0.193429,0.932012
0.1361,4827,Render,Thumb_IP,-17.627210,1.059345,20.949820,0.161357,0.260583,-0.487725,0.817425
0.1361,4827,Render,Thumb_FingerTip,-17.616140,1.039017,20.933200,0.161357,0.260583,-0.487725,0.817425
0.1361,4827,Render,Index_MCP,-17.673590,1.086985,20.923470,-0.391188,0.367479,0.181320,0.824048
0.1361,4827,Render,Index_PIP,-17.642490,1.087515,20.888460,-0.450807,0.291276,0.030428,0.843212
0.1361,4827,Render,Index_DIP,-17.620990,1.082030,20.875000,-0.491984,0.214523,-0.106361,0.837030
0.1361,4827,Render,Index_FingerTip,-17.597170,1.071562,20.868160,-0.491984,0.214523,-0.106361,0.837030
0.1361,4827,Render,Middle_MCP,-17.686030,1.065807,20.911250,-0.442079,0.326164,0.156062,0.820871
0.1361,4827,Render,Middle_PIP,-17.647020,1.064108,20.875680,-0.512830,0.197032,-0.067568,0.832838
0.1361,4827,Render,Middle_DIP,-17.621710,1.055387,20.868510,-0.545101,0.068424,-0.265140,0.792392
0.1361,4827,Render,Middle_FingerTip,-17.597660,1.041385,20.873620,-0.545101,0.068424,-0.265140,0.792392
0.1361,4827,Render,Ring_MCP,-17.696470,1.044230,20.905800,-0.463838,0.309274,0.159253,0.814765
0.1361,4827,Render,Ring_PIP,-17.661190,1.042955,20.875470,-0.532005,0.166634,-0.075864,0.826710
0.1361,4827,Render,Ring_DIP,-17.636610,1.034980,20.870340,-0.556863,0.026448,-0.282788,0.780535
0.1361,4827,Render,Ring_FingerTip,-17.614970,1.022830,20.877400,-0.556863,0.026448,-0.282788,0.780535
0.1361,4827,Render,Pinky_MCP,-17.706530,1.024251,20.906130,-0.475796,0.301149,0.167344,0.809274
0.1361,4827,Render,Pinky_PIP,-17.676500,1.023632,20.880670,-0.541201,0.155480,-0.066557,0.823710
0.1361,4827,Render,Pinky_DIP,-17.659200,1.018533,20.877290,-0.562934,0.013328,-0.273025,0.779991
0.1361,4827,Render,Pinky_FingerTip,-17.642910,1.010086,20.882780,-0.562934,0.013328,-0.273025,0.779991
0.1475,4828,Real,Wrist,-17.744310,1.040874,21.001100,-0.362757,0.404627,0.316005,0.777705
0.1475,4828,Real,Thumb_CMC,-17.711420,1.070470,20.984310,0.345927,0.143110,0.013284,0.927188
0.1475,4828,Real,Thumb_MCP,-17.669320,1.075899,20.973060,0.305584,0.216251,-0.192634,0.907054
0.1475,4828,Real,Thumb_IP,-17.628520,1.065245,20.948060,0.196465,0.318665,-0.532522,0.759128
0.1475,4828,Real,Thumb_FingerTip,-17.621970,1.045772,20.928310,0.196465,0.318665,-0.532522,0.759128
0.1475,4828,Real,Index_MCP,-17.675450,1.086470,20.921740,-0.385300,0.366326,0.180698,0.827465
0.1475,4828,Real,Index_PIP,-17.644250,1.087255,20.886820,-0.445842,0.289613,0.026188,0.846560
0.1475,4828,Real,Index_DIP,-17.622680,1.081703,20.873490,-0.487498,0.212124,-0.113777,0.839288
0.1475,4828,Real,Index_FingerTip,-17.598900,1.071002,20.866900,-0.487498,0.212124,-0.113777,0.839288
0.1475,4828,Real,Middle_MCP,-17.687980,1.065526,20.909210,-0.437730,0.322038,0.150560,0.825843
0.1475,4828,Real,Middle_PIP,-17.648520,1.063770,20.874160,-0.509231,0.189735,-0.081549,0.835484
0.1475,4828,Real,Middle_DIP,-17.623170,1.054636,20.867680,-0.540334,0.057923,-0.285611,0.789374
0.1475,4828,Real,Middle_FingerTip,-17.599670,1.040105,20.873820,-0.540334,0.057923,-0.285611,0.789374
0.1475,4828,Real,Ring_MCP,-17.698410,1.044034,20.903430,-0.459652,0.303956,0.152582,0.820396
0.1475,4828,Real,Ring_PIP,-17.662640,1.042681,20.873690,-0.528055,0.157567,-0.091935,0.829385
0.1475,4828,Real,Ring_DIP,-17.638050,1.034280,20.869370,-0.550888,0.013846,-0.305834,0.776400
0.1475,4828,Real,Ring_FingerTip,-17.617090,1.021634,20.877510,-0.550888,0.013846,-0.305834,0.776400
0.1475,4828,Real,Pinky_MCP,-17.708380,1.024008,20.903450,-0.471434,0.295447,0.160756,0.815242
0.1475,4828,Real,Pinky_PIP,-17.677920,1.023360,20.878520,-0.536862,0.146006,-0.082617,0.826823
0.1475,4828,Real,Pinky_DIP,-17.660610,1.017978,20.875710,-0.556362,0.000382,-0.296171,0.776367
0.1475,4828,Real,Pinky_FingerTip,-17.644810,1.009159,20.882020,-0.556362,0.000382,-0.296171,0.776367
0.1475,4828,Virtual,Wrist,-17.743460,1.042693,21.003120,-0.366705,0.405397,0.310603,0.777629
0.1475,4828,Virtual,Thumb_CMC,-17.710310,1.071913,20.986170,0.341169,0.139802,0.010734,0.929486
0.1475,4828,Virtual,Thumb_MCP,-17.668130,1.076978,20.975080,0.301678,0.211970,-0.195630,0.908729
0.1475,4828,Virtual,Thumb_IP,-17.627260,1.065816,20.950410,0.194549,0.313196,-0.535934,0.759496
0.1475,4828,Virtual,Thumb_FingerTip,-17.620720,1.046088,20.930910,0.194549,0.313196,-0.535934,0.759496
0.1475,4828,Virtual,Index_MCP,-17.673930,1.087015,20.923610,-0.389283,0.366284,0.175311,0.826778
0.1475,4828,Virtual,Index_PIP,-17.642540,1.087235,20.888850,-0.449750,0.288843,0.021018,0.844898
0.1475,4828,Virtual,Index_DIP,-17.620940,1.081414,20.875690,-0.491226,0.210720,-0.118602,0.836796
0.1475,4828,Virtual,Index_FingerTip,-17.597190,1.070505,20.869340,-0.491226,0.210720,-0.118602,0.836796
0.1475,4828,Virtual,Middle_MCP,-17.686520,1.066005,20.911260,-0.441752,0.321985,0.145288,0.824665
0.1475,4828,Virtual,Middle_PIP,-17.646890,1.063637,20.876430,-0.513085,0.188582,-0.086297,0.832907
0.1475,4828,Virtual,Middle_DIP,-17.621550,1.054288,20.870180,-0.543782,0.055853,-0.289574,0.785703
0.1475,4828,Virtual,Middle_FingerTip,-17.598180,1.039691,20.876610,-0.543782,0.055853,-0.289574,0.785703
0.1475,4828,Virtual,Ring_MCP,-17.697050,1.044510,20.905650,-0.463700,0.303991,0.147369,0.819057
0.1475,4828,Virtual,Ring_PIP,-17.661130,1.042624,20.876120,-0.531939,0.156426,-0.096535,0.826591
0.1475,4828,Virtual,Ring_DIP,-17.636570,1.034036,20.872010,-0.554339,0.011728,-0.309543,0.772499
0.1475,4828,Virtual,Ring_FingerTip,-17.615720,1.021362,20.880400,-0.554339,0.011728,-0.309543,0.772499
0.1475,4828,Virtual,Pinky_MCP,-17.707130,1.024542,20.905840,-0.475499,0.295574,0.155574,0.813839
0.1475,4828,Virtual,Pinky_PIP,-17.676540,1.023445,20.881080,-0.540789,0.144949,-0.087169,0.823977
0.1475,4828,Virtual,Pinky_DIP,-17.659250,1.017934,20.878420,-0.559875,-0.001666,-0.299819,0.772428
0.1475,4828,Virtual,Pinky_FingerTip,-17.643530,1.009096,20.884900,-0.559875,-0.001666,-0.299819,0.772428
0.1475,4828,Render,Wrist,-17.743460,1.042693,21.003120,-0.366705,0.405397,0.310603,0.777629
0.1475,4828,Render,Thumb_CMC,-17.710310,1.071913,20.986170,0.270972,0.158267,-0.044780,0.948431
0.1475,4828,Render,Thumb_MCP,-17.668780,1.071949,20.971930,0.242552,0.199106,-0.194121,0.929432
0.1475,4828,Render,Thumb_IP,-17.627330,1.058993,20.949160,0.164056,0.267507,-0.487535,0.814761
0.1475,4828,Render,Thumb_FingerTip,-17.616460,1.038853,20.932180,0.164056,0.267507,-0.487535,0.814761
0.1475,4828,Render,Index_MCP,-17.673930,1.087015,20.923610,-0.385003,0.370780,0.184900,0.824686
0.1475,4828,Render,Index_PIP,-17.643180,1.087926,20.888300,-0.445316,0.295634,0.033835,0.844482
0.1475,4828,Render,Index_DIP,-17.621820,1.082576,20.874560,-0.487270,0.219711,-0.103205,0.838835
0.1475,4828,Render,Index_FingerTip,-17.598090,1.072158,20.867350,-0.487270,0.219711,-0.103205,0.838835
0.1475,4828,Render,Middle_MCP,-17.686520,1.066005,20.911260,-0.436069,0.329640,0.159649,0.822006
0.1475,4828,Render,Middle_PIP,-17.647870,1.064683,20.875280,-0.507960,0.201980,-0.064412,0.834885
0.1475,4828,Render,Middle_DIP,-17.622650,1.056014,20.867750,-0.541557,0.074395,-0.262566,0.795135
0.1475,4828,Render,Middle_FingerTip,-17.598560,1.041917,20.872450,-0.541557,0.074395,-0.262566,0.795135
0.1475,4828,Render,Ring_MCP,-17.697050,1.044510,20.905650,-0.457861,0.312717,0.162851,0.816120
0.1475,4828,Render,Ring_PIP,-17.662080,1.043553,20.874960,-0.527235,0.171617,-0.072791,0.829020
0.1475,4828,Render,Ring_DIP,-17.637570,1.035607,20.869490,-0.553511,0.032476,-0.280401,0.783548
0.1475,4828,Render,Ring_FingerTip,-17.615880,1.023342,20.876180,-0.553511,0.032476,-0.280401,0.783548
0.1475,4828,Render,Pinky_MCP,-17.707130,1.024542,20.905840,-0.469817,0.304525,0.170956,0.810747
0.1475,4828,Render,Pinky_PIP,-17.677360,1.024190,20.880080,-0.536410,0.160398,-0.063503,0.826138
0.1475,4828,Render,Pinky_DIP,-17.660100,1.019109,20.876460,-0.559545,0.019299,-0.270686,0.783113
0.1475,4828,Render,Pinky_FingerTip,-17.643770,1.010573,20.881690,-0.559545,0.019299,-0.270686,0.783113
0.1665,4829,Real,Wrist,-17.744070,1.041275,21.001590,-0.363346,0.402622,0.317110,0.778021
0.1665,4829,Real,Thumb_CMC,-17.711230,1.071009,20.984940,0.345087,0.144333,0.006897,0.927381
0.1665,4829,Real,Thumb_MCP,-17.669150,1.075945,20.973390,0.304100,0.217807,-0.200543,0.905465
0.1665,4829,Real,Thumb_IP,-17.628720,1.064633,20.948070,0.193449,0.320147,-0.541631,0.752808
0.1665,4829,Real,Thumb_FingerTip,-17.622790,1.044922,20.928360,0.193449,0.320147,-0.541631,0.752808
0.1665,4829,Real,Index_MCP,-17.675130,1.087226,20.922490,-0.389870,0.359721,0.172019,0.830067
0.1665,4829,Real,Index_PIP,-17.643190,1.087464,20.888240,-0.451224,0.278917,0.010843,0.847635
0.1665,4829,Real,Index_DIP,-17.621280,1.081408,20.875710,-0.492382,0.197378,-0.134725,0.836930
0.1665,4829,Real,Index_FingerTip,-17.597450,1.070113,20.870400,-0.492382,0.197378,-0.134725,0.836930
0.1665,4829,Real,Middle_MCP,-17.687550,1.066257,20.909890,-0.442220,0.313952,0.140293,0.828368
0.1665,4829,Real,Middle_PIP,-17.647240,1.063868,20.875880,-0.513349,0.174922,-0.101573,0.834002
0.1665,4829,Real,Middle_DIP,-17.621780,1.054193,20.870680,-0.541067,0.037035,-0.312616,0.779838
0.1665,4829,Real,Middle_FingerTip,-17.599090,1.039261,20.878620,-0.541067,0.037035,-0.312616,0.779838
0.1665,4829,Real,Ring_MCP,-17.697900,1.044738,20.904050,-0.464148,0.295105,0.141558,0.823069
0.1665,4829,Real,Ring_PIP,-17.661330,1.042833,20.875330,-0.531548,0.141337,-0.113332,0.827427
0.1665,4829,Real,Ring_DIP,-17.636710,1.033934,20.872340,-0.549949,-0.008753,-0.334371,0.765295
0.1665,4829,Real,Ring_FingerTip,-17.616690,1.020978,20.882170,-0.549949,-0.008753,-0.334371,0.765295
0.1665,4829,Real,Pinky_MCP,-17.707800,1.024677,20.904010,-0.475805,0.286406,0.149774,0.818016
0.1665,4829,Real,Pinky_PIP,-17.676650,1.023594,20.879950,-0.540039,0.129527,-0.103974,0.825089
0.1665,4829,Real,Pinky_DIP,-17.659320,1.017880,20.878090,-0.554902,-0.022429,-0.324730,0.765593
0.1665,4829,Real,Pinky_FingerTip,-17.644220,1.008831,20.885650,-0.554902,-0.022429,-0.324730,0.765593
0.1665,4829,Virtual,Wrist,-17.744310,1.040904,21.001130,-0.362757,0.404627,0.316005,0.777706
0.1665,4829,Virtual,Thumb_CMC,-17.711420,1.070499,20.984340,0.344662,0.145107,0.004682,0.927432
0.1665,4829,Virtual,Thumb_MCP,-17.669350,1.075273,20.972660,0.303512,0.218467,-0.202714,0.905019
0.1665,4829,Virtual,Thumb_IP,-17.629030,1.063785,20.947240,0.192649,0.320522,-0.543450,0.751542
0.1665,4829,Virtual,Thumb_FingerTip,-17.623230,1.044024,20.927550,0.192649,0.320522,-0.543450,0.751542
0.1665,4829,Virtual,Index_MCP,-17.675440,1.086500,20.921760,-0.389607,0.361742,0.170895,0.829545
0.1665,4829,Virtual,Index_PIP,-17.643610,1.086577,20.887420,-0.451350,0.280951,0.009838,0.846908
0.1665,4829,Virtual,Index_DIP,-17.621750,1.080427,20.874840,-0.492855,0.199360,-0.135590,0.836042
0.1665,4829,Virtual,Index_FingerTip,-17.597980,1.069042,20.869470,-0.492855,0.199360,-0.135590,0.836042
0.1665,4829,Virtual,Middle_MCP,-17.687970,1.065555,20.909240,-0.442081,0.316038,0.139282,0.827820
0.1665,4829,Virtual,Middle_PIP,-17.647760,1.062977,20.875110,-0.513810,0.176961,-0.102386,0.833188
0.1665,4829,Virtual,Middle_DIP,-17.622360,1.053207,20.869850,-0.542036,0.038887,-0.313192,0.778842
0.1665,4829,Virtual,Middle_FingerTip,-17.599700,1.038208,20.877740,-0.542036,0.038887,-0.313192,0.778842
0.1665,4829,Virtual,Ring_MCP,-17.698410,1.044063,20.903460,-0.464035,0.297221,0.140602,0.822534
0.1665,4829,Virtual,Ring_PIP,-17.661940,1.041991,20.874630,-0.532080,0.143389,-0.114082,0.826630
0.1665,4829,Virtual,Ring_DIP,-17.637360,1.033002,20.871580,-0.551018,-0.006924,-0.334875,0.764323
0.1665,4829,Virtual,Ring_FingerTip,-17.617350,1.019992,20.881380,-0.551018,-0.006924,-0.334875,0.764323
0.1665,4829,Virtual,Pinky_MCP,-17.708380,1.024037,20.903470,-0.475692,0.288541,0.148851,0.817499
0.1665,4829,Virtual,Pinky_PIP,-17.677310,1.022811,20.879330,-0.540575,0.131597,-0.104699,0.824318
0.1665,4829,Virtual,Pinky_DIP,-17.660000,1.017034,20.877420,-0.555981,-0.020584,-0.325217,0.764654
0.1665,4829,Virtual,Pinky_FingerTip,-17.644910,1.007944,20.884950,-0.555981,-0.020584,-0.325217,0.764654
0.1665,4829,Render,Wrist,-17.744310,1.040904,21.001130,-0.362757,0.404627,0.316005,0.777706
0.1665,4829,Render,Thumb_CMC,-17.711420,1.070499,20.984340,0.275437,0.161070,-0.042058,0.946796
0.1665,4829,Render,Thumb_MCP,-17.669940,1.070898,20.969930,0.246517,0.202580,-0.191174,0.928248
0.1665,4829,Render,Thumb_IP,-17.628520,1.058394,20.946870,0.166667,0.272087,-0.484363,0.814606
0.1665,4829,Render,Thumb_FingerTip,-17.617610,1.038489,20.929630,0.166667,0.272087,-0.484363,0.814606
0.1665,4829,Render,Index_MCP,-17.675440,1.086500,20.921760,-0.385300,0.366326,0.180698,0.827465
0.1665,4829,Render,Index_PIP,-17.644250,1.087284,20.886850,-0.445842,0.289613,0.026188,0.846560
0.1665,4829,Render,Index_DIP,-17.622680,1.081732,20.873520,-0.487498,0.212124,-0.113777,0.839288
0.1665,4829,Render,Index_FingerTip,-17.598900,1.071031,20.866920,-0.487498,0.212124,-0.113777,0.839288
0.1665,4829,Render,Middle_MCP,-17.687970,1.065555,20.909240,-0.432047,0.329623,0.164940,0.823091
0.1665,4829,Render,Middle_PIP,-17.649520,1.064853,20.873060,-0.504077,0.203032,-0.059598,0.837337
0.1665,4829,Render,Middle_DIP,-17.624280,1.056412,20.865300,-0.538040,0.076346,-0.258481,0.798669
0.1665,4829,Render,Middle_FingerTip,-17.600090,1.042403,20.869720,-0.538040,0.076346,-0.258481,0.798669
0.1665,4829,Render,Ring_MCP,-17.698410,1.044063,20.903460,-0.453814,0.312605,0.168088,0.817360
0.1665,4829,Render,Ring_PIP,-17.663600,1.043647,20.872580,-0.523319,0.172645,-0.068112,0.831680
0.1665,4829,Render,Ring_DIP,-17.639070,1.035902,20.866890,-0.549983,0.034463,-0.276548,0.787307
0.1665,4829,Render,Ring_FingerTip,-17.617270,1.023689,20.873340,-0.549983,0.034463,-0.276548,0.787307
0.1665,4829,Render,Pinky_MCP,-17.708380,1.024037,20.903470,-0.465755,0.304320,0.176164,0.812052
0.1665,4829,Render,Pinky_PIP,-17.678740,1.024141,20.877550,-0.532454,0.161342,-0.058871,0.828852
0.1665,4829,Render,Pinky_DIP,-17.661480,1.019198,20.873800,-0.555957,0.021214,-0.266893,0.786912
0.1665,4829,Render,Pinky_FingerTip,-17.645070,1.010699,20.878840,-0.555957,0.021214,-0.266893,0.786912
0.1793,4830,Real,Wrist,-17.743660,1.041686,21.002840,-0.368323,0.399437,0.316803,0.777448
0.1793,4830,Real,Thumb_CMC,-17.710880,1.071517,20.986260,0.340671,0.143291,0.003989,0.929191
0.1793,4830,Real,Thumb_MCP,-17.668770,1.076130,20.974690,0.299501,0.216536,-0.205992,0.906079
0.1793,4830,Real,Thumb_IP,-17.628500,1.064187,20.949400,0.188332,0.317994,-0.550171,0.748815
0.1793,4830,Real,Thumb_FingerTip,-17.623020,1.044118,20.929920,0.188332,0.317994,-0.550171,0.748815
0.1793,4830,Real,Index_MCP,-17.674390,1.087561,20.924000,-0.397412,0.352316,0.164630,0.831165
0.1793,4830,Real,Index_PIP,-17.641720,1.087264,20.890440,-0.459130,0.266949,-0.002654,0.847308
0.1793,4830,Real,Index_DIP,-17.619460,1.080784,20.878760,-0.499288,0.181035,-0.153309,0.833327
0.1793,4830,Real,Index_FingerTip,-17.595600,1.069048,20.874770,-0.499288,0.181035,-0.153309,0.833327
0.1793,4830,Real,Middle_MCP,-17.686580,1.066436,20.911440,-0.449444,0.305306,0.131878,0.829094
0.1793,4830,Real,Middle_PIP,-17.645450,1.063491,20.878450,-0.519253,0.159963,-0.117245,0.831290
0.1793,4830,Real,Middle_DIP,-17.619910,1.053483,20.874460,-0.543077,0.016714,-0.333244,0.770544
0.1793,4830,Real,Middle_FingerTip,-17.597920,1.038436,20.883970,-0.543077,0.016714,-0.333244,0.770544
0.1793,4830,Real,Ring_MCP,-17.696740,1.044816,20.905660,-0.471353,0.285802,0.132460,0.823771
0.1793,4830,Real,Ring_PIP,-17.659440,1.042433,20.877930,-0.536862,0.125038,-0.130301,0.824115
0.1793,4830,Real,Ring_DIP,-17.634820,1.033239,20.876190,-0.550374,-0.030739,-0.356465,0.754372
0.1793,4830,Real,Ring_FingerTip,-17.615620,1.020236,20.887510,-0.550374,-0.030739,-0.356465,0.754372
0.1793,4830,Real,Pinky_MCP,-17.706520,1.024694,20.905670,-0.482905,0.276988,0.140698,0.818710
0.1793,4830,Real,Pinky_PIP,-17.674750,1.023232,20.882460,-0.545101,0.113069,-0.120898,0.821867
0.1793,4830,Real,Pinky_DIP,-17.657410,1.017325,20.881460,-0.554919,-0.044541,-0.346809,0.754854
0.1793,4830,Real,Pinky_FingerTip,-17.642930,1.008241,20.890130,-0.554919,-0.044541,-0.346809,0.754854
0.1793,4830,Virtual,Wrist,-17.744080,1.041275,21.001590,-0.363346,0.402622,0.317110,0.778021
0.1793,4830,Virtual,Thumb_CMC,-17.711240,1.071009,20.984940,0.344093,0.145878,0.000221,0.927535
0.1793,4830,Virtual,Thumb_MCP,-17.669200,1.075435,20.973070,0.302251,0.219829,-0.209288,0.903614
0.1793,4830,Virtual,Thumb_IP,-17.629200,1.063406,20.947380,0.189541,0.322110,-0.552211,0.745240
0.1793,4830,Virtual,Thumb_FingerTip,-17.623990,1.043429,20.927730,0.189541,0.322110,-0.552211,0.745240
0.1793,4830,Virtual,Index_MCP,-17.675140,1.087226,20.922490,-0.393008,0.356290,0.164738,0.831543
0.1793,4830,Virtual,Index_PIP,-17.642740,1.086941,20.888680,-0.455598,0.271715,-0.002623,0.847700
0.1793,4830,Virtual,Index_DIP,-17.620620,1.080400,20.876790,-0.496660,0.186353,-0.153348,0.833719
0.1793,4830,Virtual,Index_FingerTip,-17.596850,1.068542,20.872530,-0.496660,0.186353,-0.153348,0.833719
0.1793,4830,Virtual,Middle_MCP,-17.687560,1.066257,20.909900,-0.445321,0.309539,0.132048,0.829722
0.1793,4830,Virtual,Middle_PIP,-17.646710,1.063270,20.876570,-0.516554,0.165220,-0.117268,0.831940
0.1793,4830,Virtual,Middle_DIP,-17.621270,1.053130,20.872310,-0.541866,0.022498,-0.333437,0.771165
0.1793,4830,Virtual,Middle_FingerTip,-17.599290,1.037887,20.881550,-0.541866,0.022498,-0.333437,0.771165
0.1793,4830,Virtual,Ring_MCP,-17.697900,1.044738,20.904060,-0.467304,0.290081,0.132670,0.824548
0.1793,4830,Virtual,Ring_PIP,-17.660830,1.042303,20.876030,-0.534346,0.130364,-0.130343,0.824919
0.1793,4830,Virtual,Ring_DIP,-17.636280,1.032967,20.874030,-0.549453,-0.024921,-0.356731,0.755132
0.1793,4830,Virtual,Ring_FingerTip,-17.617080,1.019774,20.885110,-0.549453,-0.024921,-0.356731,0.755132
0.1793,4830,Virtual,Pinky_MCP,-17.707800,1.024677,20.904020,-0.478867,0.281257,0.140941,0.819584
0.1793,4830,Virtual,Pinky_PIP,-17.676220,1.023168,20.880550,-0.542591,0.118381,-0.120939,0.822773
0.1793,4830,Virtual,Pinky_DIP,-17.658930,1.017160,20.879390,-0.554002,-0.038737,-0.347102,0.755713
0.1793,4830,Virtual,Pinky_FingerTip,-17.644450,1.007931,20.887880,-0.554002,-0.038737,-0.347102,0.755713
0.1793,4830,Render,Wrist,-17.744080,1.041275,21.001590,-0.363346,0.402622,0.317110,0.778021
0.1793,4830,Render,Thumb_CMC,-17.711240,1.071009,20.984940,0.275918,0.160182,-0.039899,0.946900
0.1793,4830,Render,Thumb_MCP,-17.669720,1.071572,20.970660,0.247133,0.201779,-0.189059,0.928692
0.1793,4830,Render,Thumb_IP,-17.628190,1.059245,20.947700,0.167511,0.271532,-0.482510,0.815718
0.1793,4830,Render,Thumb_FingerTip,-17.617160,1.039403,20.930470,0.167511,0.271532,-0.482510,0.815718
0.1793,4830,Render,Index_MCP,-17.675140,1.087226,20.922490,-0.389870,0.359721,0.172019,0.830067
0.1793,4830,Render,Index_PIP,-17.643200,1.087464,20.888250,-0.451224,0.278917,0.010843,0.847635
0.1793,4830,Render,Index_DIP,-17.621290,1.081408,20.875720,-0.492382,0.197378,-0.134725,0.836930
0.1793,4830,Render,Index_FingerTip,-17.597460,1.070113,20.870400,-0.492382,0.197378,-0.134725,0.836930
0.1793,4830,Render,Middle_MCP,-17.687560,1.066257,20.909900,-0.432251,0.327543,0.165967,0.823608
0.1793,4830,Render,Middle_PIP,-17.648990,1.065741,20.873830,-0.503721,0.200973,-0.058745,0.838108
0.1793,4830,Render,Middle_DIP,-17.623700,1.057399,20.866140,-0.537201,0.074432,-0.257837,0.799622
0.1793,4830,Render,Middle_FingerTip,-17.599480,1.043467,20.870610,-0.537201,0.074432,-0.257837,0.799622
0.1793,4830,Render,Ring_MCP,-17.697900,1.044738,20.904060,-0.453997,0.310494,0.169061,0.817862
0.1793,4830,Render,Ring_PIP,-17.663000,1.044487,20.873280,-0.522902,0.170568,-0.067319,0.832435
0.1793,4830,Render,Ring_DIP,-17.638430,1.036835,20.867650,-0.549054,0.032559,-0.275973,0.788238
0.1793,4830,Render,Ring_FingerTip,-17.616610,1.024688,20.874150,-0.549054,0.032559,-0.275973,0.788238
0.1793,4830,Render,Pinky_MCP,-17.707800,1.024677,20.904020,-0.465940,0.302190,0.177103,0.812537
0.1793,4830,Render,Pinky_PIP,-17.678090,1.024921,20.878190,-0.532034,0.159246,-0.058106,0.829581
0.1793,4830,Render,Pinky_DIP,-17.660800,1.020044,20.874470,-0.555020,0.019293,-0.266337,0.787811
0.1793,4830,Render,Pinky_FingerTip,-17.644370,1.011594,20.879550,-0.555020,0.019293,-0.266337,0.787811
0.1919,4831,Real,Wrist,-17.743360,1.041825,21.003910,-0.372382,0.397638,0.315414,0.777001
0.1919,4831,Real,Thumb_CMC,-17.710560,1.071635,20.987330,0.336320,0.142598,-0.001582,0.930888
0.1919,4831,Real,Thumb_MCP,-17.668430,1.075717,20.975630,0.294781,0.215753,-0.214488,0.905842
0.1919,4831,Real,Thumb_IP,-17.628480,1.062901,20.950260,0.182629,0.316373,-0.561838,0.742222
0.1919,4831,Real,Thumb_FingerTip,-17.623680,1.042426,20.931030,0.182629,0.316373,-0.561838,0.742222
0.1919,4831,Real,Index_MCP,-17.673740,1.087366,20.925180,-0.404479,0.345930,0.155368,0.832220
0.1919,4831,Real,Index_PIP,-17.640380,1.086371,20.892330,-0.466906,0.255480,-0.018874,0.846388
0.1919,4831,Real,Index_DIP,-17.617830,1.079350,20.881570,-0.506127,0.164640,-0.175216,0.828269
0.1919,4831,Real,Index_FingerTip,-17.594040,1.067059,20.879000,-0.506127,0.164640,-0.175216,0.828269
0.1919,4831,Real,Middle_MCP,-17.685790,1.066125,20.912700,-0.456229,0.297722,0.121674,0.829706
0.1919,4831,Real,Middle_PIP,-17.643920,1.062442,20.880740,-0.524932,0.145708,-0.135102,0.827626
0.1919,4831,Real,Middle_DIP,-17.618380,1.052003,20.877990,-0.544769,-0.003225,-0.356040,0.759244
0.1919,4831,Real,Middle_FingerTip,-17.597260,1.036802,20.889100,-0.544769,-0.003225,-0.356040,0.759244
0.1919,4831,Real,Ring_MCP,-17.695870,1.044440,20.906990,-0.478258,0.277327,0.121194,0.824422
0.1919,4831,Real,Ring_PIP,-17.657850,1.041395,20.880320,-0.542037,0.108799,-0.150360,0.819604
0.1919,4831,Real,Ring_DIP,-17.633330,1.031795,20.879910,-0.550273,-0.053304,-0.381902,0.740614
0.1919,4831,Real,Ring_FingerTip,-17.615200,1.018713,20.892790,-0.550273,-0.053304,-0.381902,0.740614
0.1919,4831,Real,Pinky_MCP,-17.705590,1.024292,20.907070,-0.489699,0.268401,0.129480,0.819385
0.1919,4831,Real,Pinky_PIP,-17.673210,1.022297,20.884770,-0.550000,0.096667,-0.140894,0.817499
0.1919,4831,Real,Pinky_DIP,-17.655930,1.016120,20.884710,-0.554369,-0.067225,-0.372233,0.741349
0.1919,4831,Real,Pinky_FingerTip,-17.642260,1.006975,20.894520,-0.554369,-0.067225,-0.372233,0.741349
0.1919,4831,Virtual,Wrist,-17.743670,1.041687,21.002850,-0.368323,0.399436,0.316803,0.777448
0.1919,4831,Virtual,Thumb_CMC,-17.710880,1.071518,20.986260,0.339580,0.144958,-0.003378,0.929334
0.1919,4831,Virtual,Thumb_MCP,-17.668820,1.075565,20.974330,0.297415,0.218796,-0.215881,0.903918
0.1919,4831,Virtual,Thumb_IP,-17.629050,1.062811,20.948640,0.183811,0.320220,-0.562335,0.739900
0.1919,4831,Virtual,Thumb_FingerTip,-17.624420,1.042450,20.929250,0.183811,0.320220,-0.562335,0.739900
0.1919,4831,Virtual,Index_MCP,-17.674400,1.087562,20.924000,-0.400790,0.348468,0.156610,0.832713
0.1919,4831,Virtual,Index_PIP,-17.641240,1.086695,20.890940,-0.463817,0.258721,-0.017760,0.847126
0.1919,4831,Virtual,Index_DIP,-17.618770,1.079685,20.879990,-0.503691,0.168396,-0.174257,0.829200
0.1919,4831,Virtual,Index_FingerTip,-17.595030,1.067348,20.877200,-0.503691,0.168396,-0.174257,0.829200
0.1919,4831,Virtual,Middle_MCP,-17.686580,1.066436,20.911450,-0.452715,0.300434,0.122917,0.830470
0.1919,4831,Virtual,Middle_PIP,-17.644910,1.062852,20.879220,-0.522402,0.149356,-0.134148,0.828730
0.1919,4831,Virtual,Middle_DIP,-17.619420,1.052364,20.876240,-0.543333,0.000975,-0.355425,0.760567
0.1919,4831,Virtual,Middle_FingerTip,-17.598270,1.037034,20.887130,-0.543333,0.000975,-0.355425,0.760567
0.1919,4831,Virtual,Ring_MCP,-17.696750,1.044816,20.905660,-0.474790,0.280054,0.122443,0.825320
0.1919,4831,Virtual,Ring_PIP,-17.658910,1.041846,20.878740,-0.539630,0.112496,-0.149466,0.820856
0.1919,4831,Virtual,Ring_DIP,-17.634410,1.032183,20.878120,-0.549043,-0.049067,-0.381411,0.742072
0.1919,4831,Virtual,Ring_FingerTip,-17.616240,1.018968,20.890800,-0.549043,-0.049067,-0.381411,0.742072
0.1919,4831,Virtual,Pinky_MCP,-17.706530,1.024694,20.905670,-0.486234,0.271101,0.130741,0.820359
0.1919,4831,Virtual,Pinky_PIP,-17.674290,1.022760,20.883150,-0.547587,0.100338,-0.140014,0.818827
0.1919,4831,Virtual,Pinky_DIP,-17.657030,1.016538,20.882950,-0.553126,-0.063012,-0.371776,0.742875
0.1919,4831,Virtual,Pinky_FingerTip,-17.643320,1.007291,20.892620,-0.553126,-0.063012,-0.371776,0.742875
0.1919,4831,Render,Wrist,-17.743670,1.041687,21.002850,-0.368323,0.399436,0.316803,0.777448
0.1919,4831,Render,Thumb_CMC,-17.710880,1.071518,20.986260,0.272549,0.157179,-0.036384,0.948519
0.1919,4831,Render,Thumb_MCP,-17.669260,1.072249,20.972300,0.244280,0.198281,-0.185844,0.930846
0.1919,4831,Render,Thumb_IP,-17.627470,1.060035,20.949750,0.165960,0.267293,-0.480177,0.818806
0.1919,4831,Render,Thumb_FingerTip,-17.616190,1.040153,20.932730,0.165960,0.267293,-0.480177,0.818806
0.1919,4831,Render,Index_MCP,-17.674400,1.087562,20.924000,-0.397412,0.352316,0.164630,0.831165
0.1919,4831,Render,Index_PIP,-17.641730,1.087264,20.890440,-0.459130,0.266949,-0.002654,0.847308
0.1919,4831,Render,Index_DIP,-17.619470,1.080785,20.878770,-0.499288,0.181035,-0.153309,0.833327
0.1919,4831,Render,Index_FingerTip,-17.595600,1.069048,20.874770,-0.499288,0.181035,-0.153309,0.833327
0.1919,4831,Render,Middle_MCP,-17.686580,1.066436,20.911450,-0.436544,0.323483,0.165772,0.822988
0.1919,4831,Render,Middle_PIP,-17.647730,1.065931,20.875690,-0.506782,0.195917,-0.058768,0.837458
0.1919,4831,Render,Middle_DIP,-17.622330,1.057698,20.868240,-0.538961,0.068791,-0.257704,0.798985
0.1919,4831,Render,Middle_FingerTip,-17.598060,1.043946,20.872990,-0.538961,0.068791,-0.257704,0.798985
0.1919,4831,Render,Ring_MCP,-17.696750,1.044816,20.905660,-0.458231,0.306398,0.168817,0.817096
0.1919,4831,Render,Ring_PIP,-17.661600,1.044587,20.875160,-0.525816,0.165448,-0.067339,0.831631
0.1919,4831,Render,Ring_DIP,-17.636940,1.037053,20.869770,-0.550576,0.026868,-0.275788,0.787455
0.1919,4831,Render,Ring_FingerTip,-17.615100,1.025083,20.876520,-0.550576,0.026868,-0.275788,0.787455
0.1919,4831,Render,Pinky_MCP,-17.706530,1.024694,20.905670,-0.470162,0.298105,0.176822,0.811675
0.1919,4831,Render,Pinky_PIP,-17.676610,1.024959,20.880070,-0.534940,0.154139,-0.058133,0.828675
0.1919,4831,Render,Pinky_DIP,-17.659260,1.020166,20.876520,-0.556537,0.013617,-0.266134,0.786927
0.1919,4831,Render,Pinky_FingerTip,-17.642830,1.011852,20.881790,-0.556537,0.013617,-0.266134,0.786927
0.2038,4832,Real,Wrist,-17.743240,1.041898,21.004540,-0.373623,0.396851,0.314512,0.777173
0.2038,4832,Real,Thumb_CMC,-17.710390,1.071676,20.987990,0.334249,0.142992,-0.008921,0.931532
0.2038,4832,Real,Thumb_MCP,-17.668280,1.075144,20.976030,0.292166,0.216351,-0.223911,0.904265
0.2038,4832,Real,Thumb_IP,-17.628760,1.061487,20.950430,0.178654,0.316625,-0.572942,0.734554
0.2038,4832,Real,Thumb_FingerTip,-17.624680,1.040723,20.931340,0.178654,0.316625,-0.572942,0.734554
0.2038,4832,Real,Index_MCP,-17.673390,1.087284,20.925910,-0.408481,0.341425,0.147357,0.833582
0.2038,4832,Real,Index_PIP,-17.639510,1.085727,20.893620,-0.471051,0.248071,-0.030909,0.845942
0.2038,4832,Real,Index_DIP,-17.616800,1.078303,20.883480,-0.509477,0.154471,-0.190398,0.824816
0.2038,4832,Real,Index_FingerTip,-17.593140,1.065620,20.881850,-0.509477,0.154471,-0.190398,0.824816
0.2038,4832,Real,Middle_MCP,-17.685410,1.066017,20.913440,-0.460170,0.292110,0.112516,0.830816
0.2038,4832,Real,Middle_PIP,-17.642950,1.061694,20.882340,-0.527899,0.135675,-0.149630,0.824940
0.2038,4832,Real,Middle_DIP,-17.617500,1.050880,20.880510,-0.544792,-0.016934,-0.373761,0.750479
0.2038,4832,Real,Middle_FingerTip,-17.597120,1.035526,20.892750,-0.544792,-0.016934,-0.373761,0.750479
0.2038,4832,Real,Ring_MCP,-17.695460,1.044320,20.907750,-0.482288,0.270972,0.111168,0.825600
0.2038,4832,Real,Ring_PIP,-17.656910,1.040699,20.881930,-0.544583,0.097245,-0.166597,0.816222
0.2038,4832,Real,Ring_DIP,-17.632530,1.030744,20.882530,-0.548884,-0.068950,-0.401585,0.729865
0.2038,4832,Real,Ring_FingerTip,-17.615300,1.017573,20.896510,-0.548884,-0.068950,-0.401585,0.729865
0.2038,4832,Real,Pinky_MCP,-17.705190,1.024172,20.907840,-0.493636,0.261934,0.119502,0.820630
0.2038,4832,Real,Pinky_PIP,-17.672340,1.021713,20.886270,-0.552327,0.084978,-0.157092,0.814271
0.2038,4832,Real,Pinky_DIP,-17.655170,1.015297,20.886920,-0.552633,-0.082964,-0.391929,0.730826
0.2038,4832,Real,Pinky_FingerTip,-17.642160,1.006079,20.897540,-0.552633,-0.082964,-0.391929,0.730826
0.2038,4832,Virtual,Wrist,-17.743370,1.041825,21.003920,-0.372381,0.397638,0.315414,0.777001
0.2038,4832,Virtual,Thumb_CMC,-17.710560,1.071635,20.987340,0.335182,0.144301,-0.009276,0.930991
0.2038,4832,Virtual,Thumb_MCP,-17.668490,1.075124,20.975260,0.292772,0.217841,-0.224132,0.903657
0.2038,4832,Virtual,Thumb_IP,-17.629040,1.061517,20.949530,0.178600,0.318232,-0.572896,0.733908
0.2038,4832,Virtual,Thumb_FingerTip,-17.625020,1.040791,20.930380,0.178600,0.318232,-0.572896,0.733908
0.2038,4832,Virtual,Index_MCP,-17.673740,1.087366,20.925190,-0.407420,0.342462,0.148251,0.833518
0.2038,4832,Virtual,Index_PIP,-17.639960,1.085872,20.892800,-0.470231,0.249307,-0.030022,0.846066
0.2038,4832,Virtual,Index_DIP,-17.617270,1.078467,20.882580,-0.508905,0.155839,-0.189551,0.825106
0.2038,4832,Virtual,Index_FingerTip,-17.593610,1.065786,20.880850,-0.508905,0.155839,-0.189551,0.825106
0.2038,4832,Virtual,Middle_MCP,-17.685800,1.066125,20.912700,-0.459162,0.293180,0.113433,0.830873
0.2038,4832,Virtual,Middle_PIP,-17.643430,1.061862,20.881470,-0.527270,0.137004,-0.148776,0.825277
0.2038,4832,Virtual,Middle_DIP,-17.617980,1.051050,20.879550,-0.544559,-0.015482,-0.373034,0.751041
0.2038,4832,Virtual,Middle_FingerTip,-17.597560,1.035671,20.891710,-0.544559,-0.015482,-0.373034,0.751041
0.2038,4832,Virtual,Ring_MCP,-17.695870,1.044440,20.906990,-0.481288,0.272036,0.112094,0.825708
0.2038,4832,Virtual,Ring_PIP,-17.657390,1.040869,20.881070,-0.543989,0.098579,-0.165758,0.816629
0.2038,4832,Virtual,Ring_DIP,-17.633010,1.030911,20.881580,-0.548712,-0.067500,-0.400905,0.730503
0.2038,4832,Virtual,Ring_FingerTip,-17.615740,1.017711,20.895470,-0.548712,-0.067500,-0.400905,0.730503
0.2038,4832,Virtual,Pinky_MCP,-17.705590,1.024292,20.907080,-0.492629,0.262984,0.120436,0.820763
0.2038,4832,Virtual,Pinky_PIP,-17.672810,1.021875,20.885410,-0.551721,0.086300,-0.156254,0.814703
0.2038,4832,Virtual,Pinky_DIP,-17.655630,1.015457,20.885990,-0.552447,-0.081522,-0.391258,0.731488
0.2038,4832,Virtual,Pinky_FingerTip,-17.642600,1.006216,20.896560,-0.552447,-0.081522,-0.391258,0.731488
0.2038,4832,Render,Wrist,-17.743370,1.041825,21.003920,-0.372381,0.397638,0.315414,0.777001
0.2038,4832,Render,Thumb_CMC,-17.710560,1.071635,20.987340,0.269310,0.154563,-0.034805,0.949933
0.2038,4832,Render,Thumb_MCP,-17.668860,1.072387,20.973620,0.241495,0.195185,-0.184509,0.932491
0.2038,4832,Render,Thumb_IP,-17.626900,1.060137,20.951400,0.164341,0.263456,-0.479453,0.820797
0.2038,4832,Render,Thumb_FingerTip,-17.615460,1.040174,20.934580,0.164341,0.263456,-0.479453,0.820797
0.2038,4832,Render,Index_MCP,-17.673740,1.087366,20.925190,-0.404479,0.345931,0.155368,0.832220
0.2038,4832,Render,Index_PIP,-17.640380,1.086371,20.892340,-0.466906,0.255480,-0.018874,0.846389
0.2038,4832,Render,Index_DIP,-17.617830,1.079350,20.881570,-0.506127,0.164640,-0.175216,0.828269
0.2038,4832,Render,Index_FingerTip,-17.594040,1.067059,20.879000,-0.506127,0.164640,-0.175216,0.828269
0.2038,4832,Render,Middle_MCP,-17.685800,1.066125,20.912700,-0.440194,0.320957,0.164491,0.822289
0.2038,4832,Render,Middle_PIP,-17.646730,1.065489,20.877180,-0.509630,0.192513,-0.059818,0.836444
0.2038,4832,Render,Middle_DIP,-17.621270,1.057276,20.869940,-0.540911,0.064803,-0.258480,0.797750
0.2038,4832,Render,Middle_FingerTip,-17.596980,1.043621,20.874930,-0.540911,0.064803,-0.258480,0.797750
0.2038,4832,Render,Ring_MCP,-17.695870,1.044440,20.906990,-0.461848,0.303872,0.167519,0.816270
0.2038,4832,Render,Ring_PIP,-17.660540,1.044105,20.876710,-0.528578,0.162008,-0.068352,0.830474
0.2038,4832,Render,Ring_DIP,-17.635820,1.036602,20.871520,-0.552377,0.022840,-0.276475,0.786079
0.2038,4832,Render,Ring_FingerTip,-17.614000,1.024737,20.878480,-0.552377,0.022840,-0.276475,0.786079
0.2038,4832,Render,Pinky_MCP,-17.705590,1.024292,20.907080,-0.473774,0.295605,0.175508,0.810773
0.2038,4832,Render,Pinky_PIP,-17.675530,1.024469,20.881660,-0.537704,0.150726,-0.059141,0.827441
0.2038,4832,Render,Pinky_DIP,-17.658140,1.019700,20.878250,-0.558347,0.009614,-0.266797,0.785478
0.2038,4832,Render,Pinky_FingerTip,-17.641710,1.011465,20.883670,-0.558347,0.009614,-0.266797,0.785478
0.2151,4833,Real,Wrist,-17.743580,1.042017,21.004690,-0.371235,0.397490,0.313628,0.778347
0.2151,4833,Real,Thumb_CMC,-17.710620,1.071705,20.988210,0.336187,0.142679,-0.010911,0.930861
0.2151,4833,Real,Thumb_MCP,-17.668500,1.075025,20.976230,0.294125,0.216494,-0.225693,0.903152
0.2151,4833,Real,Thumb_IP,-17.629060,1.061281,20.950550,0.180384,0.317554,-0.574115,0.732812
0.2151,4833,Real,Thumb_FingerTip,-17.625100,1.040566,20.931380,0.180384,0.317554,-0.574115,0.732812
0.2151,4833,Real,Index_MCP,-17.673610,1.087363,20.926160,-0.406195,0.342460,0.146267,0.834466
0.2151,4833,Real,Index_PIP,-17.639770,1.085767,20.893830,-0.469033,0.249562,-0.032161,0.846577
0.2151,4833,Real,Index_DIP,-17.617090,1.078277,20.883640,-0.507777,0.156317,-0.191747,0.825203
0.2151,4833,Real,Index_FingerTip,-17.593490,1.065493,20.881940,-0.507777,0.156317,-0.191747,0.825203
0.2151,4833,Real,Middle_MCP,-17.685730,1.066194,20.913620,-0.458015,0.293320,0.111370,0.831735
0.2151,4833,Real,Middle_PIP,-17.643330,1.061789,20.882460,-0.526222,0.137492,-0.151004,0.825460
0.2151,4833,Real,Middle_DIP,-17.617920,1.050867,20.880580,-0.543689,-0.014721,-0.375225,0.750595
0.2151,4833,Real,Middle_FingerTip,-17.597600,1.035380,20.892750,-0.543689,-0.014721,-0.375225,0.750595
0.2151,4833,Real,Ring_MCP,-17.695890,1.044562,20.907860,-0.480190,0.272231,0.110007,0.826563
0.2151,4833,Real,Ring_PIP,-17.657380,1.040858,20.882000,-0.543016,0.099125,-0.168011,0.816750
0.2151,4833,Real,Ring_DIP,-17.633040,1.030792,20.882540,-0.547946,-0.066689,-0.403092,0.729949
0.2151,4833,Real,Ring_FingerTip,-17.615850,1.017495,20.896450,-0.547946,-0.066689,-0.403092,0.729949
0.2151,4833,Real,Pinky_MCP,-17.705700,1.024458,20.907900,-0.491563,0.263203,0.118342,0.821636
0.2151,4833,Real,Pinky_PIP,-17.672890,1.021926,20.886290,-0.550786,0.086857,-0.158519,0.814839
0.2151,4833,Real,Pinky_DIP,-17.655740,1.015432,20.886890,-0.551720,-0.080711,-0.393461,0.730944
0.2151,4833,Real,Pinky_FingerTip,-17.642770,1.006118,20.897470,-0.551720,-0.080711,-0.393461,0.730944
0.2151,4833,Virtual,Wrist,-17.743240,1.041898,21.004540,-0.373623,0.396851,0.314511,0.777173
0.2151,4833,Virtual,Thumb_CMC,-17.710390,1.071676,20.988000,0.334248,0.142992,-0.008921,0.931532
0.2151,4833,Virtual,Thumb_MCP,-17.668280,1.075144,20.976030,0.292166,0.216351,-0.223911,0.904265
0.2151,4833,Virtual,Thumb_IP,-17.628760,1.061488,20.950430,0.178654,0.316625,-0.572942,0.734554
0.2151,4833,Virtual,Thumb_FingerTip,-17.624680,1.040723,20.931340,0.178654,0.316625,-0.572942,0.734554
0.2151,4833,Virtual,Index_MCP,-17.673390,1.087284,20.925920,-0.408482,0.341425,0.147357,0.833581
0.2151,4833,Virtual,Index_PIP,-17.639520,1.085727,20.893620,-0.471051,0.248071,-0.030910,0.845941
0.2151,4833,Virtual,Index_DIP,-17.616800,1.078303,20.883490,-0.509477,0.154470,-0.190398,0.824816
0.2151,4833,Virtual,Index_FingerTip,-17.593130,1.065620,20.881850,-0.509477,0.154470,-0.190398,0.824816
0.2151,4833,Virtual,Middle_MCP,-17.685410,1.066017,20.913440,-0.460171,0.292110,0.112516,0.830816
0.2151,4833,Virtual,Middle_PIP,-17.642950,1.061694,20.882340,-0.527899,0.135675,-0.149630,0.824940
0.2151,4833,Virtual,Middle_DIP,-17.617500,1.050880,20.880510,-0.544792,-0.016934,-0.373760,0.750479
0.2151,4833,Virtual,Middle_FingerTip,-17.597120,1.035526,20.892760,-0.544792,-0.016934,-0.373760,0.750479
0.2151,4833,Virtual,Ring_MCP,-17.695470,1.044320,20.907750,-0.482289,0.270972,0.111168,0.825599
0.2151,4833,Virtual,Ring_PIP,-17.656920,1.040699,20.881940,-0.544584,0.097245,-0.166597,0.816222
0.2151,4833,Virtual,Ring_DIP,-17.632530,1.030744,20.882540,-0.548884,-0.068950,-0.401585,0.729864
0.2151,4833,Virtual,Ring_FingerTip,-17.615300,1.017573,20.896510,-0.548884,-0.068950,-0.401585,0.729864
0.2151,4833,Virtual,Pinky_MCP,-17.705190,1.024172,20.907850,-0.493636,0.261934,0.119502,0.820630
0.2151,4833,Virtual,Pinky_PIP,-17.672350,1.021713,20.886280,-0.552327,0.084978,-0.157092,0.814270
0.2151,4833,Virtual,Pinky_DIP,-17.655170,1.015297,20.886920,-0.552633,-0.082964,-0.391929,0.730825
0.2151,4833,Virtual,Pinky_FingerTip,-17.642160,1.006079,20.897540,-0.552633,-0.082964,-0.391929,0.730825
0.2151,4833,Render,Wrist,-17.743240,1.041898,21.004540,-0.373623,0.396851,0.314511,0.777173
0.2151,4833,Render,Thumb_CMC,-17.710390,1.071676,20.988000,0.268392,0.153199,-0.034553,0.950422
0.2151,4833,Render,Thumb_MCP,-17.668640,1.072403,20.974390,0.240805,0.193694,-0.184337,0.933015
0.2151,4833,Render,Thumb_IP,-17.626620,1.060112,20.952320,0.164177,0.261821,-0.479462,0.821348
0.2151,4833,Render,Thumb_FingerTip,-17.615140,1.040115,20.935580,0.164177,0.261821,-0.479462,0.821348
0.2151,4833,Render,Index_MCP,-17.673390,1.087284,20.925920,-0.408482,0.341425,0.147357,0.833581
0.2151,4833,Render,Index_PIP,-17.639520,1.085727,20.893620,-0.471051,0.248071,-0.030910,0.845941
0.2151,4833,Render,Index_DIP,-17.616800,1.078303,20.883490,-0.509477,0.154470,-0.190398,0.824816
0.2151,4833,Render,Index_FingerTip,-17.593130,1.065620,20.881850,-0.509477,0.154470,-0.190398,0.824816
0.2151,4833,Render,Middle_MCP,-17.685410,1.066017,20.913440,-0.441267,0.319952,0.163573,0.822289
0.2151,4833,Render,Middle_PIP,-17.646240,1.065312,20.878030,-0.510397,0.191259,-0.060703,0.836200
0.2151,4833,Render,Middle_DIP,-17.620760,1.057086,20.870880,-0.541355,0.063402,-0.259281,0.797301
0.2151,4833,Render,Middle_FingerTip,-17.596490,1.043443,20.875970,-0.541355,0.063402,-0.259281,0.797301
0.2151,4833,Render,Ring_MCP,-17.695470,1.044320,20.907750,-0.462918,0.302877,0.166587,0.816224
0.2151,4833,Render,Ring_PIP,-17.660050,1.043926,20.877560,-0.529326,0.160753,-0.069234,0.830168
0.2151,4833,Render,Ring_DIP,-17.635320,1.036414,20.872460,-0.552782,0.021437,-0.277251,0.785560
0.2151,4833,Render,Ring_FingerTip,-17.613510,1.024564,20.879500,-0.552782,0.021437,-0.277251,0.785560
0.2151,4833,Render,Pinky_MCP,-17.705190,1.024172,20.907850,-0.474850,0.294626,0.174568,0.810703
0.2151,4833,Render,Pinky_PIP,-17.675050,1.024300,20.882510,-0.538462,0.149484,-0.060024,0.827110
0.2151,4833,Render,Pinky_DIP,-17.657660,1.019525,20.879160,-0.558766,0.008222,-0.267567,0.784934
0.2151,4833,Render,Pinky_FingerTip,-17.641240,1.011301,20.884640,-0.558766,0.008222,-0.267567,0.784934
0.2275,4834,Real,Wrist,-17.744240,1.042568,21.004160,-0.365594,0.399244,0.315422,0.779394
0.2275,4834,Real,Thumb_CMC,-17.711270,1.072298,20.987750,0.339856,0.146976,-0.020583,0.928694
0.2275,4834,Real,Thumb_MCP,-17.669300,1.075006,20.975150,0.295768,0.222767,-0.238376,0.897816
0.2275,4834,Real,Thumb_IP,-17.630710,1.060480,20.948620,0.176874,0.325299,-0.588973,0.718337
0.2275,4834,Real,Thumb_FingerTip,-17.628010,1.039645,20.929370,0.176874,0.325299,-0.588973,0.718337
0.2275,4834,Real,Index_MCP,-17.674630,1.088436,20.925600,-0.403428,0.342387,0.141763,0.836613
0.2275,4834,Real,Index_PIP,-17.640660,1.086607,20.893420,-0.467905,0.247078,-0.042447,0.847476
0.2275,4834,Real,Index_DIP,-17.617970,1.078738,20.883580,-0.507081,0.151169,-0.206768,0.822961
0.2275,4834,Real,Index_FingerTip,-17.594590,1.065459,20.882530,-0.507081,0.151169,-0.206768,0.822961
0.2275,4834,Real,Middle_MCP,-17.686920,1.067436,20.912940,-0.455284,0.292866,0.106336,0.834050
0.2275,4834,Real,Middle_PIP,-17.644370,1.062721,20.882030,-0.524390,0.134423,-0.161991,0.825048
0.2275,4834,Real,Middle_DIP,-17.619100,1.051404,20.880590,-0.540961,-0.020392,-0.390121,0.744816
0.2275,4834,Real,Middle_FingerTip,-17.599440,1.035582,20.893390,-0.540961,-0.020392,-0.390121,0.744816
0.2275,4834,Real,Ring_MCP,-17.697190,1.045899,20.907040,-0.477673,0.271088,0.104043,0.829166
0.2275,4834,Real,Ring_PIP,-17.658500,1.041876,20.881490,-0.541045,0.094501,-0.181101,0.815808
0.2275,4834,Real,Ring_DIP,-17.634360,1.031398,20.882590,-0.544162,-0.074481,-0.420578,0.722118
0.2275,4834,Real,Ring_FingerTip,-17.617970,1.017818,20.897180,-0.544162,-0.074481,-0.420578,0.722118
0.2275,4834,Real,Pinky_MCP,-17.707080,1.025831,20.906940,-0.488976,0.261921,0.112424,0.824415
0.2275,4834,Real,Pinky_PIP,-17.674100,1.023044,20.885610,-0.548604,0.082064,-0.171611,0.814156
0.2275,4834,Real,Pinky_DIP,-17.657090,1.016266,20.886610,-0.547582,-0.088627,-0.411034,0.723430
0.2275,4834,Real,Pinky_FingerTip,-17.644700,1.006732,20.897690,-0.547582,-0.088627,-0.411034,0.723430
0.2275,4834,Virtual,Wrist,-17.743590,1.042017,21.004690,-0.371235,0.397490,0.313628,0.778347
0.2275,4834,Virtual,Thumb_CMC,-17.710620,1.071705,20.988220,0.335060,0.144349,-0.018464,0.930891
0.2275,4834,Virtual,Thumb_MCP,-17.668570,1.074443,20.975870,0.291724,0.219087,-0.236832,0.900449
0.2275,4834,Virtual,Thumb_IP,-17.629740,1.059798,20.949750,0.174719,0.320273,-0.588659,0.721373
0.2275,4834,Virtual,Thumb_FingerTip,-17.626840,1.038784,20.930720,0.174719,0.320273,-0.588659,0.721373
0.2275,4834,Virtual,Index_MCP,-17.673610,1.087364,20.926160,-0.408660,0.339513,0.140230,0.835502
0.2275,4834,Virtual,Index_PIP,-17.639420,1.085342,20.894230,-0.472393,0.243141,-0.043704,0.846060
0.2275,4834,Virtual,Index_DIP,-17.616630,1.077460,20.884620,-0.510715,0.146433,-0.207725,0.821327
0.2275,4834,Virtual,Index_FingerTip,-17.593200,1.064258,20.883860,-0.510715,0.146433,-0.207725,0.821327
0.2275,4834,Virtual,Middle_MCP,-17.685730,1.066194,20.913620,-0.460293,0.289732,0.104868,0.832580
0.2275,4834,Virtual,Middle_PIP,-17.642960,1.061331,20.883040,-0.528155,0.129870,-0.162921,0.823191
0.2275,4834,Virtual,Middle_DIP,-17.617650,1.050093,20.881890,-0.543274,-0.025828,-0.390484,0.742771
0.2275,4834,Virtual,Middle_FingerTip,-17.598010,1.034471,20.894980,-0.543274,-0.025828,-0.390484,0.742771
0.2275,4834,Virtual,Ring_MCP,-17.695890,1.044562,20.907870,-0.482609,0.267919,0.102599,0.827516
0.2275,4834,Virtual,Ring_PIP,-17.657010,1.040430,20.882620,-0.544627,0.089855,-0.181906,0.813768
0.2275,4834,Virtual,Ring_DIP,-17.632840,1.030052,20.883990,-0.546162,-0.079996,-0.420725,0.719930
0.2275,4834,Virtual,Ring_FingerTip,-17.616510,1.016677,20.898820,-0.546162,-0.079996,-0.420725,0.719930
0.2275,4834,Virtual,Pinky_MCP,-17.705700,1.024458,20.907900,-0.493901,0.258789,0.110977,0.822663
0.2275,4834,Virtual,Pinky_PIP,-17.672580,1.021582,20.886820,-0.552187,0.077458,-0.172383,0.812019
0.2275,4834,Virtual,Pinky_DIP,-17.655540,1.014877,20.888000,-0.549594,-0.094105,-0.411121,0.721159
0.2275,4834,Virtual,Pinky_FingerTip,-17.643200,1.005498,20.899270,-0.549594,-0.094105,-0.411121,0.721159
0.2275,4834,Render,Wrist,-17.743590,1.042017,21.004690,-0.371235,0.397490,0.313628,0.778347
0.2275,4834,Render,Thumb_CMC,-17.710620,1.071705,20.988220,0.270376,0.153086,-0.036538,0.949804
0.2275,4834,Render,Thumb_MCP,-17.668880,1.072292,20.974580,0.242781,0.193896,-0.186199,0.932090
0.2275,4834,Render,Thumb_IP,-17.626940,1.059890,20.952430,0.165978,0.262659,-0.480919,0.819865
0.2275,4834,Render,Thumb_FingerTip,-17.615550,1.039901,20.935600,0.165978,0.262659,-0.480919,0.819865
0.2275,4834,Render,Index_MCP,-17.673610,1.087364,20.926160,-0.406195,0.342459,0.146267,0.834466
0.2275,4834,Render,Index_PIP,-17.639770,1.085767,20.893830,-0.469033,0.249562,-0.032161,0.846577
0.2275,4834,Render,Index_DIP,-17.617100,1.078277,20.883640,-0.507778,0.156317,-0.191747,0.825203
0.2275,4834,Render,Index_FingerTip,-17.593490,1.065494,20.881950,-0.507778,0.156317,-0.191747,0.825203
0.2275,4834,Render,Middle_MCP,-17.685730,1.066194,20.913620,-0.439040,0.321026,0.162486,0.823277
0.2275,4834,Render,Middle_PIP,-17.646600,1.065437,20.878170,-0.508536,0.192886,-0.062014,0.836863
0.2275,4834,Render,Middle_DIP,-17.621160,1.057122,20.870970,-0.539938,0.065427,-0.260712,0.797631
0.2275,4834,Render,Middle_FingerTip,-17.596950,1.043352,20.875990,-0.539938,0.065427,-0.260712,0.797631
0.2275,4834,Render,Ring_MCP,-17.695890,1.044562,20.907870,-0.460739,0.303992,0.165494,0.817264
0.2275,4834,Render,Ring_PIP,-17.660510,1.044115,20.877640,-0.527548,0.162435,-0.070575,0.830860
0.2275,4834,Render,Ring_DIP,-17.635810,1.036510,20.872490,-0.551488,0.023514,-0.278724,0.785889
0.2275,4834,Render,Ring_FingerTip,-17.614050,1.024538,20.879470,-0.551488,0.023514,-0.278724,0.785889
0.2275,4834,Render,Pinky_MCP,-17.705700,1.024458,20.907900,-0.472695,0.295751,0.173478,0.811786
0.2275,4834,Render,Pinky_PIP,-17.675590,1.024539,20.882540,-0.536710,0.151169,-0.061375,0.827843
0.2275,4834,Render,Pinky_DIP,-17.658220,1.019698,20.879160,-0.557498,0.010295,-0.269059,0.785301
0.2275,4834,Render,Pinky_FingerTip,-17.641840,1.011382,20.884590,-0.557498,0.010295,-0.269059,0.785301
0.2419,4835,Real,Wrist,-17.744960,1.043695,21.003410,-0.359383,0.400395,0.319933,0.779853
0.2419,4835,Real,Thumb_CMC,-17.712160,1.073667,20.987100,0.344474,0.153343,-0.026437,0.925811
0.2419,4835,Real,Thumb_MCP,-17.670380,1.076157,20.973830,0.297693,0.231421,-0.247515,0.892502
0.2419,4835,Real,Thumb_IP,-17.632610,1.061250,20.946360,0.172256,0.335417,-0.600973,0.704738
0.2419,4835,Real,Thumb_FingerTip,-17.631110,1.040403,20.926980,0.172256,0.335417,-0.600973,0.704738
0.2419,4835,Real,Index_MCP,-17.676070,1.090641,20.924860,-0.399530,0.342618,0.141328,0.838460
0.2419,4835,Real,Index_PIP,-17.642110,1.088919,20.892660,-0.465992,0.244669,-0.049619,0.848839
0.2419,4835,Real,Index_DIP,-17.619380,1.080814,20.883080,-0.505727,0.145779,-0.219600,0.821441
0.2419,4835,Real,Index_FingerTip,-17.596220,1.067143,20.882610,-0.505727,0.145779,-0.219600,0.821441
0.2419,4835,Real,Middle_MCP,-17.688450,1.069794,20.912030,-0.451159,0.293135,0.106076,0.836227
0.2419,4835,Real,Middle_PIP,-17.645910,1.065195,20.881080,-0.521393,0.132747,-0.168051,0.826007
0.2419,4835,Real,Middle_DIP,-17.620730,1.053662,20.879860,-0.537484,-0.024146,-0.400350,0.741787
0.2419,4835,Real,Middle_FingerTip,-17.601540,1.037589,20.893050,-0.537484,-0.024146,-0.400350,0.741787
0.2419,4835,Real,Ring_MCP,-17.698760,1.048324,20.905940,-0.473560,0.271045,0.103454,0.831609
0.2419,4835,Real,Ring_PIP,-17.660050,1.044385,20.880400,-0.537800,0.092174,-0.188059,0.816645
0.2419,4835,Real,Ring_DIP,-17.636020,1.033682,20.881760,-0.539888,-0.079030,-0.431882,0.718160
0.2419,4835,Real,Ring_FingerTip,-17.620170,1.019879,20.896720,-0.539888,-0.079030,-0.431882,0.718160
0.2419,4835,Real,Pinky_MCP,-17.708620,1.028249,20.905670,-0.484800,0.261734,0.111849,0.827015
0.2419,4835,Real,Pinky_PIP,-17.675630,1.025542,20.884350,-0.545164,0.079572,-0.178598,0.815210
0.2419,4835,Real,Pinky_DIP,-17.658690,1.018608,20.885550,-0.542984,-0.093294,-0.422443,0.719727
0.2419,4835,Real,Pinky_FingerTip,-17.646700,1.008899,20.896910,-0.542984,-0.093294,-0.422443,0.719727
0.2419,4835,Virtual,Wrist,-17.744240,1.042568,21.004170,-0.365594,0.399244,0.315422,0.779394
0.2419,4835,Virtual,Thumb_CMC,-17.711280,1.072298,20.987760,0.338682,0.149005,-0.026371,0.928653
0.2419,4835,Virtual,Thumb_MCP,-17.669380,1.074579,20.974830,0.293109,0.225821,-0.248133,0.895278
0.2419,4835,Virtual,Thumb_IP,-17.631390,1.059286,20.947870,0.170463,0.328406,-0.602704,0.706994
0.2419,4835,Virtual,Thumb_FingerTip,-17.629740,1.038189,20.928780,0.170463,0.328406,-0.602704,0.706994
0.2419,4835,Virtual,Index_MCP,-17.674630,1.088436,20.925620,-0.405372,0.340084,0.136995,0.837406
0.2419,4835,Virtual,Index_PIP,-17.640390,1.086269,20.893740,-0.471120,0.240893,-0.053608,0.846843
0.2419,4835,Virtual,Index_DIP,-17.617600,1.078021,20.884460,-0.509989,0.141047,-0.223106,0.818683
0.2419,4835,Virtual,Index_FingerTip,-17.594440,1.064324,20.884370,-0.509989,0.141047,-0.223106,0.818683
0.2419,4835,Virtual,Middle_MCP,-17.686920,1.067436,20.912950,-0.456856,0.290409,0.101840,0.834611
0.2419,4835,Virtual,Middle_PIP,-17.644120,1.062401,20.882430,-0.525913,0.128336,-0.171543,0.823115
0.2419,4835,Virtual,Middle_DIP,-17.618940,1.050831,20.881580,-0.540531,-0.029679,-0.402854,0.738007
0.2419,4835,Virtual,Middle_FingerTip,-17.599880,1.034912,20.895150,-0.540531,-0.029679,-0.402854,0.738007
0.2419,4835,Virtual,Ring_MCP,-17.697190,1.045899,20.907050,-0.479226,0.268333,0.099266,0.829751
0.2419,4835,Virtual,Ring_PIP,-17.658280,1.041596,20.881900,-0.542192,0.087683,-0.191356,0.813464
0.2419,4835,Virtual,Ring_DIP,-17.634270,1.030890,20.883610,-0.542672,-0.084662,-0.434031,0.714113
0.2419,4835,Virtual,Ring_FingerTip,-17.618560,1.017267,20.898880,-0.542672,-0.084662,-0.434031,0.714113
0.2419,4835,Virtual,Pinky_MCP,-17.707080,1.025831,20.906960,-0.490477,0.259101,0.107674,0.825049
0.2419,4835,Virtual,Pinky_PIP,-17.673910,1.022819,20.885960,-0.549593,0.075152,-0.181845,0.811931
0.2419,4835,Virtual,Pinky_DIP,-17.656980,1.015886,20.887390,-0.545826,-0.098869,-0.424514,0.715603
0.2419,4835,Virtual,Pinky_FingerTip,-17.645110,1.006314,20.898980,-0.545826,-0.098869,-0.424514,0.715603
0.2419,4835,Render,Wrist,-17.744240,1.042568,21.004170,-0.365594,0.399244,0.315422,0.779394
0.2419,4835,Render,Thumb_CMC,-17.711280,1.072298,20.987760,0.275221,0.155984,-0.038429,0.947864
0.2419,4835,Render,Thumb_MCP,-17.669640,1.072869,20.973850,0.247108,0.197523,-0.187760,0.929876
0.2419,4835,Render,Thumb_IP,-17.627890,1.060535,20.951290,0.168879,0.267502,-0.481670,0.817262
0.2419,4835,Render,Thumb_FingerTip,-17.616690,1.040672,20.934190,0.168879,0.267502,-0.481670,0.817262
0.2419,4835,Render,Index_MCP,-17.674630,1.088436,20.925620,-0.403428,0.342387,0.141763,0.836613
0.2419,4835,Render,Index_PIP,-17.640660,1.086607,20.893430,-0.467906,0.247078,-0.042447,0.847476
0.2419,4835,Render,Index_DIP,-17.617970,1.078738,20.883590,-0.507081,0.151169,-0.206768,0.822960
0.2419,4835,Render,Index_FingerTip,-17.594600,1.065459,20.882540,-0.507081,0.151169,-0.206768,0.822960
0.2419,4835,Render,Middle_MCP,-17.686920,1.067436,20.912950,-0.433827,0.323804,0.164052,0.824641
0.2419,4835,Render,Middle_PIP,-17.648030,1.066888,20.877230,-0.504248,0.196949,-0.060866,0.838595
0.2419,4835,Render,Middle_DIP,-17.622670,1.058552,20.869780,-0.536748,0.070400,-0.260013,0.799587
0.2419,4835,Render,Middle_FingerTip,-17.598470,1.044647,20.874490,-0.536748,0.070400,-0.260013,0.799587
0.2419,4835,Render,Ring_MCP,-17.697190,1.045899,20.907050,-0.455576,0.306775,0.167060,0.818799
0.2419,4835,Render,Ring_PIP,-17.662020,1.045622,20.876590,-0.523373,0.166555,-0.069502,0.832772
0.2419,4835,Render,Ring_DIP,-17.637390,1.037980,20.871190,-0.548493,0.028558,-0.278170,0.788011
0.2419,4835,Render,Ring_FingerTip,-17.615630,1.025861,20.877910,-0.548493,0.028558,-0.278170,0.788011
0.2419,4835,Render,Pinky_MCP,-17.707080,1.025831,20.906960,-0.467547,0.298498,0.175054,0.813422
0.2419,4835,Render,Pinky_PIP,-17.677130,1.026054,20.881390,-0.532539,0.155251,-0.060321,0.829856
0.2419,4835,Render,Pinky_DIP,-17.659810,1.021183,20.877840,-0.554497,0.015300,-0.268550,0.787516
0.2419,4835,Render,Pinky_FingerTip,-17.643420,1.012755,20.883090,-0.554497,0.015300,-0.268550,0.787516
0.2560,4836,Real,Wrist,-17.745600,1.044911,21.002920,-0.354549,0.400318,0.324504,0.780216
0.2560,4836,Real,Thumb_CMC,-17.712990,1.075171,20.986770,0.349479,0.156785,-0.025155,0.923391
0.2560,4836,Real,Thumb_MCP,-17.671300,1.077943,20.973280,0.301727,0.235962,-0.245691,0.890460
0.2560,4836,Real,Thumb_IP,-17.633640,1.063471,20.945410,0.173998,0.341236,-0.598457,0.703657
0.2560,4836,Real,Thumb_FingerTip,-17.632200,1.042853,20.925790,0.173998,0.341236,-0.598457,0.703657
0.2560,4836,Real,Index_MCP,-17.677320,1.092973,20.924510,-0.394802,0.343684,0.145781,0.839501
0.2560,4836,Real,Index_PIP,-17.643550,1.091727,20.892100,-0.461621,0.246765,-0.045511,0.850848
0.2560,4836,Real,Index_DIP,-17.620860,1.083803,20.882290,-0.501868,0.148712,-0.215982,0.824236
0.2560,4836,Real,Index_FingerTip,-17.597660,1.070210,20.881520,-0.501868,0.148712,-0.215982,0.824236
0.2560,4836,Real,Middle_MCP,-17.689710,1.072236,20.911510,-0.446471,0.294319,0.110395,0.837767
0.2560,4836,Real,Middle_PIP,-17.647350,1.068125,20.880270,-0.517334,0.135373,-0.164455,0.828852
0.2560,4836,Real,Middle_DIP,-17.622140,1.056686,20.878770,-0.534361,-0.020456,-0.397733,0.745553
0.2560,4836,Real,Middle_FingerTip,-17.602820,1.040522,20.891660,-0.534361,-0.020456,-0.397733,0.745553
0.2560,4836,Real,Ring_MCP,-17.699990,1.050805,20.905240,-0.468873,0.272196,0.107707,0.833347
0.2560,4836,Real,Ring_PIP,-17.661430,1.047281,20.879430,-0.533791,0.094863,-0.184661,0.819737
0.2560,4836,Real,Ring_DIP,-17.637360,1.036638,20.880520,-0.536910,-0.075232,-0.429610,0.722152
0.2560,4836,Real,Ring_FingerTip,-17.621370,1.022713,20.895230,-0.536910,-0.075232,-0.429610,0.722152
0.2560,4836,Real,Pinky_MCP,-17.709800,1.030704,20.904800,-0.480100,0.262805,0.116074,0.828834
0.2560,4836,Real,Pinky_PIP,-17.676930,1.028345,20.883260,-0.541116,0.082191,-0.175253,0.818367
0.2560,4836,Real,Pinky_DIP,-17.659960,1.021450,20.884270,-0.539947,-0.089550,-0.420241,0.723765
0.2560,4836,Real,Pinky_FingerTip,-17.647870,1.011649,20.895440,-0.539947,-0.089550,-0.420241,0.723765
0.2560,4836,Virtual,Wrist,-17.744960,1.043694,21.003420,-0.359383,0.400395,0.319933,0.779853
0.2560,4836,Virtual,Thumb_CMC,-17.712170,1.073667,20.987110,0.344474,0.153343,-0.026437,0.925811
0.2560,4836,Virtual,Thumb_MCP,-17.670380,1.076156,20.973840,0.297692,0.231421,-0.247515,0.892502
0.2560,4836,Virtual,Thumb_IP,-17.632610,1.061249,20.946360,0.172256,0.335417,-0.600973,0.704738
0.2560,4836,Virtual,Thumb_FingerTip,-17.631110,1.040402,20.926990,0.172256,0.335417,-0.600973,0.704738
0.2560,4836,Virtual,Index_MCP,-17.676080,1.090641,20.924860,-0.399530,0.342618,0.141328,0.838460
0.2560,4836,Virtual,Index_PIP,-17.642110,1.088919,20.892670,-0.465992,0.244669,-0.049619,0.848839
0.2560,4836,Virtual,Index_DIP,-17.619390,1.080814,20.883090,-0.505727,0.145779,-0.219600,0.821441
0.2560,4836,Virtual,Index_FingerTip,-17.596230,1.067142,20.882620,-0.505727,0.145779,-0.219600,0.821441
0.2560,4836,Virtual,Middle_MCP,-17.688450,1.069793,20.912030,-0.451159,0.293136,0.106076,0.836227
0.2560,4836,Virtual,Middle_PIP,-17.645910,1.065194,20.881090,-0.521393,0.132747,-0.168051,0.826007
0.2560,4836,Virtual,Middle_DIP,-17.620740,1.053662,20.879870,-0.537484,-0.024146,-0.400350,0.741787
0.2560,4836,Virtual,Middle_FingerTip,-17.601540,1.037588,20.893060,-0.537484,-0.024146,-0.400350,0.741787
0.2560,4836,Virtual,Ring_MCP,-17.698760,1.048324,20.905940,-0.473560,0.271045,0.103454,0.831609
0.2560,4836,Virtual,Ring_PIP,-17.660060,1.044385,20.880410,-0.537800,0.092174,-0.188059,0.816645
0.2560,4836,Virtual,Ring_DIP,-17.636030,1.033681,20.881770,-0.539888,-0.079030,-0.431882,0.718160
0.2560,4836,Virtual,Ring_FingerTip,-17.620170,1.019879,20.896730,-0.539888,-0.079030,-0.431882,0.718160
0.2560,4836,Virtual,Pinky_MCP,-17.708630,1.028249,20.905680,-0.484800,0.261734,0.111849,0.827015
0.2560,4836,Virtual,Pinky_PIP,-17.675630,1.025541,20.884360,-0.545164,0.079572,-0.178598,0.815210
0.2560,4836,Virtual,Pinky_DIP,-17.658690,1.018607,20.885550,-0.542984,-0.093294,-0.422443,0.719727
0.2560,4836,Virtual,Pinky_FingerTip,-17.646700,1.008898,20.896920,-0.542984,-0.093294,-0.422443,0.719727
0.2560,4836,Render,Wrist,-17.744960,1.043694,21.003420,-0.359383,0.400395,0.319933,0.779853
0.2560,4836,Render,Thumb_CMC,-17.712170,1.073667,20.987110,0.281283,0.161113,-0.037997,0.945240
0.2560,4836,Render,Thumb_MCP,-17.670670,1.074492,20.972800,0.252283,0.203546,-0.186918,0.927353
0.2560,4836,Render,Thumb_IP,-17.629120,1.062530,20.949660,0.171799,0.274887,-0.480049,0.815154
0.2560,4836,Render,Thumb_FingerTip,-17.618060,1.042917,20.932190,0.171799,0.274887,-0.480049,0.815154
0.2560,4836,Render,Index_MCP,-17.676080,1.090641,20.924860,-0.399530,0.342618,0.141328,0.838460
0.2560,4836,Render,Index_PIP,-17.642110,1.088919,20.892670,-0.465992,0.244669,-0.049619,0.848839
0.2560,4836,Render,Index_DIP,-17.619390,1.080814,20.883090,-0.505727,0.145779,-0.219600,0.821441
0.2560,4836,Render,Index_FingerTip,-17.596230,1.067142,20.882620,-0.505727,0.145779,-0.219600,0.821441
0.2560,4836,Render,Middle_MCP,-17.688450,1.069793,20.912030,-0.427941,0.326097,0.168397,0.825936
0.2560,4836,Render,Middle_PIP,-17.649880,1.069744,20.875980,-0.499182,0.200723,-0.057021,0.840997
0.2560,4836,Render,Middle_DIP,-17.624570,1.061531,20.868200,-0.532735,0.075276,-0.256855,0.802841
0.2560,4836,Render,Middle_FingerTip,-17.600330,1.047590,20.872520,-0.532735,0.075276,-0.256855,0.802841
0.2560,4836,Render,Ring_MCP,-17.698760,1.048324,20.905940,-0.449706,0.309013,0.171387,0.820306
0.2560,4836,Render,Ring_PIP,-17.663850,1.048475,20.875180,-0.518368,0.170351,-0.065773,0.835434
0.2560,4836,Render,Ring_DIP,-17.639260,1.040927,20.869480,-0.544612,0.033498,-0.275237,0.791531
0.2560,4836,Render,Ring_FingerTip,-17.617430,1.028744,20.875840,-0.544612,0.033498,-0.275237,0.791531
0.2560,4836,Render,Pinky_MCP,-17.708630,1.028249,20.905680,-0.461673,0.300656,0.179376,0.815039
0.2560,4836,Render,Pinky_PIP,-17.678910,1.028831,20.879860,-0.527508,0.158971,-0.056627,0.832621
0.2560,4836,Render,Pinky_DIP,-17.661610,1.024024,20.876100,-0.550571,0.020173,-0.265676,0.791126
0.2560,4836,Render,Pinky_FingerTip,-17.645170,1.015545,20.881090,-0.550571,0.020173,-0.265676,0.791126
0.2694,4837,Real,Wrist,-17.746280,1.046099,21.002860,-0.352341,0.399860,0.327106,0.780365
0.2694,4837,Real,Thumb_CMC,-17.713790,1.076537,20.986800,0.351476,0.159164,-0.027004,0.922173
0.2694,4837,Real,Thumb_MCP,-17.672170,1.079263,20.973080,0.302117,0.239988,-0.250829,0.887816
0.2694,4837,Real,Thumb_IP,-17.634960,1.064535,20.944760,0.170106,0.346313,-0.607132,0.694638
0.2694,4837,Real,Thumb_FingerTip,-17.634310,1.043855,20.925160,0.170106,0.346313,-0.607132,0.694638
0.2694,4837,Real,Index_MCP,-17.678320,1.094797,20.924560,-0.393842,0.342313,0.145210,0.840610
0.2694,4837,Real,Index_PIP,-17.644440,1.093602,20.892250,-0.462462,0.241700,-0.053593,0.851374
0.2694,4837,Real,Index_DIP,-17.621670,1.085431,20.882850,-0.502761,0.139719,-0.230328,0.821377
0.2694,4837,Real,Index_FingerTip,-17.598670,1.071474,20.882910,-0.502761,0.139719,-0.230328,0.821377
0.2694,4837,Real,Middle_MCP,-17.690690,1.074106,20.911470,-0.445052,0.293191,0.110494,0.838904
0.2694,4837,Real,Middle_PIP,-17.648260,1.070115,20.880300,-0.516462,0.131527,-0.169924,0.828911
0.2694,4837,Real,Middle_DIP,-17.623100,1.058540,20.879120,-0.532268,-0.026886,-0.407175,0.741739
0.2694,4837,Real,Middle_FingerTip,-17.604220,1.042256,20.892520,-0.532268,-0.026886,-0.407175,0.741739
0.2694,4837,Real,Ring_MCP,-17.700940,1.052688,20.905100,-0.467166,0.271346,0.108427,0.834489
0.2694,4837,Real,Ring_PIP,-17.662350,1.049311,20.879310,-0.532414,0.091694,-0.188933,0.820019
0.2694,4837,Real,Ring_DIP,-17.638330,1.038576,20.880640,-0.534223,-0.080490,-0.437359,0.718919
0.2694,4837,Real,Ring_FingerTip,-17.622730,1.024570,20.895690,-0.534223,-0.080490,-0.437359,0.718919
0.2694,4837,Real,Pinky_MCP,-17.710690,1.032564,20.904560,-0.478365,0.261888,0.116784,0.830026
0.2694,4837,Real,Pinky_PIP,-17.677800,1.030332,20.883040,-0.539619,0.078928,-0.179546,0.818746
0.2694,4837,Real,Pinky_DIP,-17.660860,1.023376,20.884230,-0.537045,-0.094874,-0.428047,0.720665
0.2694,4837,Real,Pinky_FingerTip,-17.649070,1.013509,20.895650,-0.537045,-0.094874,-0.428047,0.720665
0.2694,4837,Virtual,Wrist,-17.745610,1.044912,21.002930,-0.354549,0.400318,0.324504,0.780217
0.2694,4837,Virtual,Thumb_CMC,-17.713000,1.075172,20.986780,0.348973,0.157514,-0.028209,0.923370
0.2694,4837,Virtual,Thumb_MCP,-17.671340,1.077712,20.973140,0.300091,0.237778,-0.252289,0.888683
0.2694,4837,Virtual,Thumb_IP,-17.634090,1.062723,20.945000,0.169223,0.343448,-0.608823,0.694796
0.2694,4837,Virtual,Thumb_FingerTip,-17.633450,1.041925,20.925520,0.169223,0.343448,-0.608823,0.694796
0.2694,4837,Virtual,Index_MCP,-17.677330,1.092973,20.924520,-0.396079,0.342211,0.142653,0.840038
0.2694,4837,Virtual,Index_PIP,-17.643380,1.091502,20.892300,-0.464614,0.241082,-0.055947,0.850226
0.2694,4837,Virtual,Index_DIP,-17.620600,1.083218,20.883010,-0.504736,0.138665,-0.232390,0.819761
0.2694,4837,Virtual,Index_FingerTip,-17.597640,1.069203,20.883210,-0.504736,0.138665,-0.232390,0.819761
0.2694,4837,Virtual,Middle_MCP,-17.689720,1.072236,20.911520,-0.447303,0.293053,0.108023,0.838076
0.2694,4837,Virtual,Middle_PIP,-17.647220,1.067954,20.880480,-0.518544,0.130661,-0.171989,0.827321
0.2694,4837,Virtual,Middle_DIP,-17.622090,1.056309,20.879430,-0.534001,-0.028329,-0.408677,0.739610
0.2694,4837,Virtual,Middle_FingerTip,-17.603290,1.040058,20.892970,-0.534001,-0.028329,-0.408677,0.739610
0.2694,4837,Virtual,Ring_MCP,-17.700000,1.050806,20.905240,-0.469429,0.271235,0.106000,0.833566
0.2694,4837,Virtual,Ring_PIP,-17.661360,1.047179,20.879570,-0.534497,0.090802,-0.190888,0.818310
0.2694,4837,Virtual,Ring_DIP,-17.637370,1.036392,20.881030,-0.535919,-0.081991,-0.438676,0.716681
0.2694,4837,Virtual,Ring_FingerTip,-17.621850,1.022437,20.896200,-0.535919,-0.081991,-0.438676,0.716681
0.2694,4837,Virtual,Pinky_MCP,-17.709810,1.030705,20.904800,-0.480636,0.261821,0.114376,0.829070
0.2694,4837,Virtual,Pinky_PIP,-17.676860,1.028263,20.883380,-0.541725,0.078075,-0.181470,0.817011
0.2694,4837,Virtual,Pinky_DIP,-17.659950,1.021271,20.884650,-0.538775,-0.096347,-0.429328,0.718412
0.2694,4837,Virtual,Pinky_FingerTip,-17.648210,1.011442,20.896170,-0.538775,-0.096347,-0.429328,0.718412
0.2694,4837,Render,Wrist,-17.745610,1.044912,21.002930,-0.354549,0.400318,0.324504,0.780217
0.2694,4837,Render,Thumb_CMC,-17.713000,1.075172,20.986780,0.286356,0.164583,-0.036452,0.943178
0.2694,4837,Render,Thumb_MCP,-17.671580,1.076292,20.972230,0.256743,0.207773,-0.185067,0.925561
0.2694,4837,Render,Thumb_IP,-17.630140,1.064726,20.948710,0.174631,0.280341,-0.477713,0.814066
0.2694,4837,Render,Thumb_FingerTip,-17.619130,1.045350,20.930950,0.174631,0.280341,-0.477713,0.814066
0.2694,4837,Render,Index_MCP,-17.677330,1.092973,20.924520,-0.394801,0.343684,0.145781,0.839501
0.2694,4837,Render,Index_PIP,-17.643550,1.091727,20.892100,-0.461621,0.246765,-0.045511,0.850848
0.2694,4837,Render,Index_DIP,-17.620870,1.083804,20.882290,-0.501868,0.148712,-0.215982,0.824236
0.2694,4837,Render,Index_FingerTip,-17.597670,1.070211,20.881530,-0.501868,0.148712,-0.215982,0.824236
0.2694,4837,Render,Middle_MCP,-17.689720,1.072236,20.911520,-0.423178,0.326925,0.172820,0.827148
0.2694,4837,Render,Middle_PIP,-17.651360,1.072722,20.875240,-0.494810,0.202787,-0.053079,0.843341
0.2694,4837,Render,Middle_DIP,-17.626070,1.064678,20.867210,-0.528984,0.078328,-0.253590,0.806060
0.2694,4837,Render,Middle_FingerTip,-17.601760,1.050763,20.871230,-0.528984,0.078328,-0.253590,0.806060
0.2694,4837,Render,Ring_MCP,-17.700000,1.050806,20.905240,-0.444940,0.309775,0.175767,0.821690
0.2694,4837,Render,Ring_PIP,-17.665270,1.051420,20.874280,-0.514007,0.172420,-0.061957,0.837992
0.2694,4837,Render,Ring_DIP,-17.640700,1.044015,20.868340,-0.540918,0.036604,-0.272193,0.794971
0.2694,4837,Render,Ring_FingerTip,-17.618790,1.031828,20.874440,-0.540918,0.036604,-0.272193,0.794971
0.2694,4837,Render,Pinky_MCP,-17.709810,1.030705,20.904800,-0.456900,0.301338,0.183736,0.816505
0.2694,4837,Render,Pinky_PIP,-17.680240,1.031677,20.878820,-0.523118,0.160965,-0.052854,0.835252
0.2694,4837,Render,Pinky_DIP,-17.662960,1.026967,20.874900,-0.546830,0.023214,-0.262692,0.794627
0.2694,4837,Render,Pinky_FingerTip,-17.646460,1.018483,20.879700,-0.546830,0.023214,-0.262692,0.794627
0.2835,4838,Real,Wrist,-17.746820,1.047253,21.003230,-0.353293,0.398048,0.328673,0.780203
0.2835,4838,Real,Thumb_CMC,-17.714430,1.077853,20.987270,0.351326,0.158931,-0.027334,0.922260
0.2835,4838,Real,Thumb_MCP,-17.672800,1.080543,20.973550,0.299997,0.242262,-0.258642,0.885672
0.2835,4838,Real,Thumb_IP,-17.636090,1.065207,20.944910,0.161927,0.349955,-0.623658,0.679972
0.2835,4838,Real,Thumb_FingerTip,-17.636740,1.044266,20.925580,0.161927,0.349955,-0.623658,0.679972
0.2835,4838,Real,Index_MCP,-17.678910,1.096329,20.925120,-0.397108,0.337293,0.140209,0.841950
0.2835,4838,Real,Index_PIP,-17.644580,1.094840,20.893310,-0.470134,0.224579,-0.079668,0.849818
0.2835,4838,Real,Index_DIP,-17.621560,1.085845,20.885350,-0.509245,0.110142,-0.273445,0.808558
0.2835,4838,Real,Index_FingerTip,-17.599340,1.070932,20.888050,-0.509245,0.110142,-0.273445,0.808558
0.2835,4838,Real,Middle_MCP,-17.691160,1.075592,20.911990,-0.446943,0.288964,0.107856,0.839708
0.2835,4838,Real,Middle_PIP,-17.648400,1.071517,20.881270,-0.519072,0.117571,-0.187602,0.825559
0.2835,4838,Real,Middle_DIP,-17.623390,1.059548,20.881290,-0.529904,-0.049599,-0.434922,0.726350
0.2835,4838,Real,Middle_FingerTip,-17.605940,1.043156,20.896370,-0.529904,-0.049599,-0.434922,0.726350
0.2835,4838,Real,Ring_MCP,-17.701280,1.054132,20.905570,-0.467650,0.269143,0.109653,0.834771
0.2835,4838,Real,Ring_PIP,-17.662610,1.050937,20.879890,-0.533190,0.082718,-0.198255,0.818267
0.2835,4838,Real,Ring_DIP,-17.638690,1.040066,20.881890,-0.531084,-0.095310,-0.453765,0.709199
0.2835,4838,Real,Ring_FingerTip,-17.623990,1.026073,20.897820,-0.531084,-0.095310,-0.453765,0.709199
0.2835,4838,Real,Pinky_MCP,-17.710940,1.033965,20.905000,-0.478835,0.259657,0.117985,0.830286
0.2835,4838,Real,Pinky_PIP,-17.677980,1.031889,20.883570,-0.540210,0.069841,-0.188868,0.817083
0.2835,4838,Real,Pinky_DIP,-17.661120,1.024842,20.885220,-0.533531,-0.109770,-0.444503,0.711135
0.2835,4838,Real,Pinky_FingerTip,-17.649990,1.014974,20.897300,-0.533531,-0.109770,-0.444503,0.711135
0.2835,4838,Virtual,Wrist,-17.746290,1.046098,21.002860,-0.352342,0.399860,0.327106,0.780365
0.2835,4838,Virtual,Thumb_CMC,-17.713800,1.076536,20.986800,0.351273,0.159135,-0.029906,0.922166
0.2835,4838,Virtual,Thumb_MCP,-17.672190,1.079023,20.973000,0.299894,0.242446,-0.261108,0.884933
0.2835,4838,Virtual,Thumb_IP,-17.635610,1.063495,20.944280,0.161753,0.350075,-0.625543,0.678219
0.2835,4838,Virtual,Thumb_FingerTip,-17.636400,1.042540,20.924980,0.161753,0.350075,-0.625543,0.678219
0.2835,4838,Virtual,Index_MCP,-17.678330,1.094796,20.924560,-0.396531,0.339196,0.138575,0.841729
0.2835,4838,Virtual,Index_PIP,-17.644070,1.093124,20.892680,-0.470062,0.226566,-0.081191,0.849187
0.2835,4838,Virtual,Index_DIP,-17.621130,1.084016,20.884670,-0.509633,0.112091,-0.274781,0.807592
0.2835,4838,Virtual,Index_FingerTip,-17.598960,1.069003,20.887340,-0.509633,0.112091,-0.274781,0.807592
0.2835,4838,Virtual,Middle_MCP,-17.690700,1.074105,20.911480,-0.446511,0.290965,0.106302,0.839445
0.2835,4838,Virtual,Middle_PIP,-17.648030,1.069809,20.880670,-0.519354,0.119598,-0.188970,0.824778
0.2835,4838,Virtual,Middle_DIP,-17.623090,1.057725,20.880640,-0.530803,-0.047761,-0.435980,0.725183
0.2835,4838,Virtual,Middle_FingerTip,-17.605670,1.041265,20.895700,-0.530803,-0.047761,-0.435980,0.725183
0.2835,4838,Virtual,Ring_MCP,-17.700940,1.052687,20.905100,-0.467259,0.271187,0.108143,0.834525
0.2835,4838,Virtual,Ring_PIP,-17.662340,1.049293,20.879340,-0.533562,0.084765,-0.199576,0.817494
0.2835,4838,Virtual,Ring_DIP,-17.638470,1.038314,20.881290,-0.532101,-0.093495,-0.454762,0.708039
0.2835,4838,Virtual,Ring_FingerTip,-17.623790,1.024266,20.897200,-0.532101,-0.093495,-0.454762,0.708039
0.2835,4838,Virtual,Pinky_MCP,-17.710700,1.032564,20.904570,-0.478455,0.261725,0.116501,0.830066
0.2835,4838,Virtual,Pinky_PIP,-17.677790,1.030318,20.883070,-0.540600,0.071907,-0.190173,0.816343
0.2835,4838,Virtual,Pinky_DIP,-17.660960,1.023196,20.884690,-0.534572,-0.107944,-0.445496,0.710010
0.2835,4838,Virtual,Pinky_FingerTip,-17.649850,1.013287,20.896750,-0.534572,-0.107944,-0.445496,0.710010
0.2835,4838,Render,Wrist,-17.746290,1.046098,21.002860,-0.352342,0.399860,0.327106,0.780365
0.2835,4838,Render,Thumb_CMC,-17.713800,1.076536,20.986800,0.288899,0.166203,-0.035125,0.942168
0.2835,4838,Render,Thumb_MCP,-17.672420,1.077847,20.972160,0.258998,0.209775,-0.183597,0.924774
0.2835,4838,Render,Thumb_IP,-17.631010,1.066525,20.948480,0.176107,0.282970,-0.476066,0.813803
0.2835,4838,Render,Thumb_FingerTip,-17.620000,1.047283,20.930570,0.176107,0.282970,-0.476066,0.813803
0.2835,4838,Render,Index_MCP,-17.678330,1.094796,20.924560,-0.393843,0.342313,0.145210,0.840610
0.2835,4838,Render,Index_PIP,-17.644450,1.093602,20.892260,-0.462462,0.241700,-0.053593,0.851374
0.2835,4838,Render,Index_DIP,-17.621670,1.085431,20.882860,-0.502761,0.139719,-0.230328,0.821377
0.2835,4838,Render,Index_FingerTip,-17.598680,1.071473,20.882920,-0.502761,0.139719,-0.230328,0.821377
0.2835,4838,Render,Middle_MCP,-17.690700,1.074105,20.911480,-0.420924,0.326888,0.175348,0.827781
0.2835,4838,Render,Middle_PIP,-17.652430,1.074903,20.875110,-0.492627,0.203350,-0.050810,0.844622
0.2835,4838,Render,Middle_DIP,-17.627140,1.066970,20.866970,-0.527000,0.079398,-0.251694,0.807848
0.2835,4838,Render,Middle_FingerTip,-17.602790,1.053094,20.870850,-0.527000,0.079398,-0.251694,0.807848
0.2835,4838,Render,Ring_MCP,-17.700940,1.052687,20.905100,-0.442676,0.309695,0.178264,0.822405
0.2835,4838,Render,Ring_PIP,-17.666290,1.053572,20.874050,-0.511812,0.172979,-0.059762,0.839378
0.2835,4838,Render,Ring_DIP,-17.641710,1.046264,20.868020,-0.538936,0.037700,-0.270420,0.796869
0.2835,4838,Render,Ring_FingerTip,-17.619750,1.034097,20.873980,-0.538936,0.037700,-0.270420,0.796869
0.2835,4838,Render,Pinky_MCP,-17.710700,1.032564,20.904570,-0.454631,0.301213,0.186215,0.817255
0.2835,4838,Render,Pinky_PIP,-17.681200,1.033764,20.878510,-0.520905,0.161482,-0.050685,0.836668
0.2835,4838,Render,Pinky_DIP,-17.663910,1.029122,20.874530,-0.544821,0.024275,-0.260953,0.796546
0.2835,4838,Render,Pinky_FingerTip,-17.647380,1.020651,20.879230,-0.544821,0.024275,-0.260953,0.796546
0.2974,4839,Real,Wrist,-17.747420,1.048310,21.003560,-0.354227,0.396555,0.329487,0.780196
0.2974,4839,Real,Thumb_CMC,-17.715090,1.079012,20.987690,0.350875,0.159150,-0.025646,0.922443
0.2974,4839,Real,Thumb_MCP,-17.673460,1.081839,20.974000,0.298500,0.243598,-0.260723,0.885202
0.2974,4839,Real,Thumb_IP,-17.636910,1.066337,20.945230,0.157376,0.351675,-0.630357,0.673949
0.2974,4839,Real,Thumb_FingerTip,-17.638110,1.045277,20.926070,0.157376,0.351675,-0.630357,0.673949
0.2974,4839,Real,Index_MCP,-17.679470,1.097607,20.925630,-0.398822,0.334368,0.138293,0.842624
0.2974,4839,Real,Index_PIP,-17.644910,1.096031,20.894070,-0.473917,0.215088,-0.092882,0.848830
0.2974,4839,Real,Index_DIP,-17.621800,1.086647,20.886880,-0.511888,0.093972,-0.295594,0.801102
0.2974,4839,Real,Index_FingerTip,-17.600070,1.071319,20.890970,-0.511888,0.093972,-0.295594,0.801102
0.2974,4839,Real,Middle_MCP,-17.691630,1.076836,20.912460,-0.447994,0.286416,0.107028,0.840126
0.2974,4839,Real,Middle_PIP,-17.648690,1.072780,20.881990,-0.520331,0.109491,-0.196973,0.823692
0.2974,4839,Real,Middle_DIP,-17.623790,1.060627,20.882670,-0.528035,-0.062543,-0.449885,0.717545
0.2974,4839,Real,Middle_FingerTip,-17.607170,1.044226,20.898650,-0.528035,-0.062543,-0.449885,0.717545
0.2974,4839,Real,Ring_MCP,-17.701670,1.055346,20.906020,-0.468139,0.267398,0.110352,0.834965
0.2974,4839,Real,Ring_PIP,-17.662920,1.052271,20.880430,-0.533653,0.076622,-0.204256,0.817082
0.2974,4839,Real,Ring_DIP,-17.639090,1.041323,20.882870,-0.528790,-0.105058,-0.464156,0.702783
0.2974,4839,Real,Ring_FingerTip,-17.624970,1.027357,20.899350,-0.528790,-0.105058,-0.464156,0.702783
0.2974,4839,Real,Pinky_MCP,-17.711270,1.035149,20.905410,-0.479319,0.257899,0.118663,0.830458
0.2974,4839,Real,Pinky_PIP,-17.678250,1.033175,20.884070,-0.540559,0.063678,-0.194870,0.815946
0.2974,4839,Real,Pinky_DIP,-17.661440,1.026078,20.886030,-0.531003,-0.119561,-0.454926,0.704829
0.2974,4839,Real,Pinky_FingerTip,-17.650760,1.016225,20.898520,-0.531003,-0.119561,-0.454926,0.704829
0.2974,4839,Virtual,Wrist,-17.746820,1.047254,21.003230,-0.353293,0.398048,0.328673,0.780203
0.2974,4839,Virtual,Thumb_CMC,-17.714440,1.077854,20.987270,0.351012,0.159697,-0.027491,0.922243
0.2974,4839,Virtual,Thumb_MCP,-17.672830,1.080550,20.973490,0.298491,0.244162,-0.262456,0.884537
0.2974,4839,Virtual,Thumb_IP,-17.636400,1.064932,20.944630,0.157115,0.352175,-0.631607,0.672577
0.2974,4839,Virtual,Thumb_FingerTip,-17.637710,1.043872,20.925470,0.157115,0.352175,-0.631607,0.672577
0.2974,4839,Virtual,Index_MCP,-17.678910,1.096329,20.925130,-0.398214,0.335986,0.137441,0.842407
0.2974,4839,Virtual,Index_PIP,-17.644420,1.094642,20.893490,-0.473767,0.216811,-0.093645,0.848392
0.2974,4839,Virtual,Index_DIP,-17.621360,1.085185,20.886250,-0.512159,0.095679,-0.296228,0.800492
0.2974,4839,Virtual,Index_FingerTip,-17.599680,1.069791,20.890280,-0.512159,0.095679,-0.296228,0.800492
0.2974,4839,Virtual,Middle_MCP,-17.691160,1.075593,20.911990,-0.447497,0.288105,0.106242,0.839914
0.2974,4839,Virtual,Middle_PIP,-17.648310,1.071401,20.881410,-0.520464,0.111246,-0.197633,0.823215
0.2974,4839,Virtual,Middle_DIP,-17.623450,1.059171,20.882040,-0.528722,-0.060922,-0.450358,0.716882
0.2974,4839,Virtual,Middle_FingerTip,-17.606830,1.042721,20.897990,-0.528722,-0.060922,-0.450358,0.716882
0.2974,4839,Virtual,Ring_MCP,-17.701290,1.054133,20.905570,-0.467667,0.269113,0.109599,0.834778
0.2974,4839,Virtual,Ring_PIP,-17.662610,1.050934,20.879900,-0.533844,0.078390,-0.204887,0.816632
0.2974,4839,Virtual,Ring_DIP,-17.638800,1.039914,20.882290,-0.529558,-0.103454,-0.464601,0.702148
0.2974,4839,Virtual,Ring_FingerTip,-17.624690,1.025908,20.898730,-0.529558,-0.103454,-0.464601,0.702148
0.2974,4839,Virtual,Pinky_MCP,-17.710950,1.033966,20.905000,-0.478851,0.259626,0.117931,0.830294
0.2974,4839,Virtual,Pinky_PIP,-17.677980,1.031886,20.883580,-0.540758,0.065456,-0.195491,0.815524
0.2974,4839,Virtual,Pinky_DIP,-17.661200,1.024738,20.885500,-0.531782,-0.117950,-0.455371,0.704226
0.2974,4839,Virtual,Pinky_FingerTip,-17.650520,1.014854,20.897960,-0.531782,-0.117950,-0.455371,0.704226
0.2974,4839,Render,Wrist,-17.746820,1.047254,21.003230,-0.353293,0.398048,0.328673,0.780203
0.2974,4839,Render,Thumb_CMC,-17.714440,1.077854,20.987270,0.288755,0.165176,-0.032746,0.942478
0.2974,4839,Render,Thumb_MCP,-17.673020,1.079332,20.972770,0.259019,0.208739,-0.181297,0.925456
0.2974,4839,Render,Thumb_IP,-17.631480,1.068181,20.949220,0.176465,0.281998,-0.474116,0.815200
0.2974,4839,Render,Thumb_FingerTip,-17.620330,1.048987,20.931350,0.176465,0.281998,-0.474116,0.815200
0.2974,4839,Render,Index_MCP,-17.678910,1.096329,20.925130,-0.390379,0.345059,0.156786,0.839021
0.2974,4839,Render,Index_PIP,-17.645540,1.096033,20.892270,-0.468015,0.228961,-0.071726,0.850526
0.2974,4839,Render,Index_DIP,-17.622570,1.087304,20.883910,-0.509245,0.110142,-0.273445,0.808558
0.2974,4839,Render,Index_FingerTip,-17.600350,1.072391,20.886610,-0.509245,0.110142,-0.273445,0.808558
0.2974,4839,Render,Middle_MCP,-17.691160,1.075593,20.911990,-0.421519,0.324930,0.176917,0.827915
0.2974,4839,Render,Middle_PIP,-17.652810,1.076597,20.875710,-0.492681,0.201304,-0.049332,0.845168
0.2974,4839,Render,Middle_DIP,-17.627470,1.068787,20.867620,-0.526562,0.077398,-0.250390,0.808732
0.2974,4839,Render,Middle_FingerTip,-17.603060,1.055019,20.871540,-0.526562,0.077398,-0.250390,0.808732
0.2974,4839,Render,Ring_MCP,-17.701290,1.054133,20.905570,-0.443238,0.307692,0.179790,0.822522
0.2974,4839,Render,Ring_PIP,-17.666570,1.055203,20.874600,-0.511789,0.170898,-0.058330,0.839919
0.2974,4839,Render,Ring_DIP,-17.641940,1.048014,20.868610,-0.538387,0.035694,-0.269172,0.797755
0.2974,4839,Render,Ring_FingerTip,-17.619950,1.035942,20.874620,-0.538387,0.035694,-0.269172,0.797755
0.2974,4839,Render,Pinky_MCP,-17.710950,1.033966,20.905000,-0.455184,0.299184,0.187713,0.817349
0.2974,4839,Render,Pinky_PIP,-17.681400,1.035323,20.879010,-0.520867,0.159380,-0.049274,0.837179
0.2974,4839,Render,Pinky_DIP,-17.664080,1.030764,20.875060,-0.544251,0.022251,-0.259717,0.797398
0.2974,4839,Render,Pinky_FingerTip,-17.647520,1.022365,20.879800,-0.544251,0.022251,-0.259717,0.797398
0.3118,4840,Real,Wrist,-17.748410,1.049876,21.003660,-0.355769,0.395047,0.331849,0.779258
0.3118,4840,Real,Thumb_CMC,-17.716270,1.080788,20.987810,0.350267,0.159863,-0.022453,0.922634
0.3118,4840,Real,Thumb_MCP,-17.674650,1.083886,20.974170,0.297729,0.244133,-0.257685,0.886203
0.3118,4840,Real,Thumb_IP,-17.637980,1.068620,20.945430,0.156447,0.351806,-0.628092,0.676208
0.3118,4840,Real,Thumb_FingerTip,-17.639020,1.047549,20.926260,0.156447,0.351806,-0.628092,0.676208
0.3118,4840,Real,Index_MCP,-17.680720,1.099605,20.925780,-0.400074,0.332663,0.140847,0.842282
0.3118,4840,Real,Index_PIP,-17.646110,1.098251,20.894260,-0.474666,0.213110,-0.090331,0.849186
0.3118,4840,Real,Index_DIP,-17.622940,1.089018,20.887090,-0.512136,0.091871,-0.293204,0.802065
0.3118,4840,Real,Index_FingerTip,-17.601120,1.073834,20.891200,-0.512136,0.091871,-0.293204,0.802065
0.3118,4840,Real,Middle_MCP,-17.692720,1.078751,20.912610,-0.449073,0.284547,0.109555,0.839860
0.3118,4840,Real,Middle_PIP,-17.649740,1.074973,20.882170,-0.520680,0.107361,-0.194515,0.824337
0.3118,4840,Real,Middle_DIP,-17.624760,1.062984,20.882880,-0.527685,-0.064672,-0.447762,0.718941
0.3118,4840,Real,Middle_FingerTip,-17.608040,1.046696,20.898890,-0.527685,-0.064672,-0.447762,0.718941
0.3118,4840,Real,Ring_MCP,-17.702620,1.057194,20.906160,-0.469156,0.265466,0.112854,0.834676
0.3118,4840,Real,Ring_PIP,-17.663830,1.054369,20.880600,-0.533889,0.074451,-0.201823,0.817734
0.3118,4840,Real,Ring_DIP,-17.639930,1.043580,20.883080,-0.528291,-0.107183,-0.462077,0.704206
0.3118,4840,Real,Ring_FingerTip,-17.625730,1.029711,20.899570,-0.528291,-0.107183,-0.462077,0.704206
0.3118,4840,Real,Pinky_MCP,-17.712090,1.036934,20.905550,-0.480308,0.255933,0.121146,0.830136
0.3118,4840,Real,Pinky_PIP,-17.679030,1.035174,20.884240,-0.540756,0.061487,-0.192443,0.816559
0.3118,4840,Real,Pinky_DIP,-17.662180,1.028188,20.886220,-0.530461,-0.121693,-0.452840,0.706215
0.3118,4840,Real,Pinky_FingerTip,-17.651450,1.018408,20.898710,-0.530461,-0.121693,-0.452840,0.706215
0.3118,4840,Virtual,Wrist,-17.747420,1.048310,21.003570,-0.354227,0.396555,0.329487,0.780196
0.3118,4840,Virtual,Thumb_CMC,-17.715090,1.079013,20.987690,0.350875,0.159150,-0.025646,0.922443
0.3118,4840,Virtual,Thumb_MCP,-17.673460,1.081839,20.974010,0.298499,0.243598,-0.260723,0.885202
0.3118,4840,Virtual,Thumb_IP,-17.636920,1.066338,20.945230,0.157376,0.351674,-0.630357,0.673950
0.3118,4840,Virtual,Thumb_FingerTip,-17.638120,1.045278,20.926070,0.157376,0.351674,-0.630357,0.673950
0.3118,4840,Virtual,Index_MCP,-17.679480,1.097607,20.925630,-0.398822,0.334368,0.138293,0.842624
0.3118,4840,Virtual,Index_PIP,-17.644910,1.096032,20.894080,-0.473917,0.215088,-0.092882,0.848830
0.3118,4840,Virtual,Index_DIP,-17.621800,1.086647,20.886890,-0.511889,0.093972,-0.295594,0.801102
0.3118,4840,Virtual,Index_FingerTip,-17.600080,1.071319,20.890980,-0.511889,0.093972,-0.295594,0.801102
0.3118,4840,Virtual,Middle_MCP,-17.691630,1.076836,20.912470,-0.447994,0.286416,0.107028,0.840126
0.3118,4840,Virtual,Middle_PIP,-17.648700,1.072781,20.881990,-0.520332,0.109490,-0.196973,0.823692
0.3118,4840,Virtual,Middle_DIP,-17.623790,1.060628,20.882670,-0.528035,-0.062543,-0.449885,0.717545
0.3118,4840,Virtual,Middle_FingerTip,-17.607170,1.044226,20.898660,-0.528035,-0.062543,-0.449885,0.717545
0.3118,4840,Virtual,Ring_MCP,-17.701680,1.055346,20.906030,-0.468140,0.267398,0.110352,0.834965
0.3118,4840,Virtual,Ring_PIP,-17.662930,1.052271,20.880430,-0.533653,0.076622,-0.204256,0.817082
0.3118,4840,Virtual,Ring_DIP,-17.639090,1.041323,20.882880,-0.528790,-0.105058,-0.464155,0.702783
0.3118,4840,Virtual,Ring_FingerTip,-17.624980,1.027358,20.899350,-0.528790,-0.105058,-0.464155,0.702783
0.3118,4840,Virtual,Pinky_MCP,-17.711280,1.035149,20.905420,-0.479319,0.257899,0.118663,0.830458
0.3118,4840,Virtual,Pinky_PIP,-17.678250,1.033175,20.884080,-0.540559,0.063678,-0.194870,0.815945
0.3118,4840,Virtual,Pinky_DIP,-17.661450,1.026078,20.886040,-0.531003,-0.119561,-0.454925,0.704829
0.3118,4840,Virtual,Pinky_FingerTip,-17.650760,1.016225,20.898520,-0.531003,-0.119561,-0.454925,0.704829
0.3118,4840,Render,Wrist,-17.747420,1.048310,21.003570,-0.354227,0.396555,0.329487,0.780196
0.3118,4840,Render,Thumb_CMC,-17.715090,1.079013,20.987690,0.288812,0.165169,-0.030769,0.942529
0.3118,4840,Render,Thumb_MCP,-17.673660,1.080655,20.973240,0.259076,0.208741,-0.179353,0.925818
0.3118,4840,Render,Thumb_IP,-17.632060,1.069675,20.949740,0.176519,0.282019,-0.472398,0.816178
0.3118,4840,Render,Thumb_FingerTip,-17.620810,1.050536,20.931860,0.176519,0.282019,-0.472398,0.816178
0.3118,4840,Render,Index_MCP,-17.679480,1.097607,20.925630,-0.391023,0.343455,0.157643,0.839219
0.3118,4840,Render,Index_PIP,-17.646020,1.097420,20.892860,-0.468210,0.227244,-0.070952,0.850944
0.3118,4840,Render,Index_DIP,-17.623010,1.088762,20.884550,-0.509023,0.108427,-0.272794,0.809150
0.3118,4840,Render,Index_FingerTip,-17.600740,1.073918,20.887300,-0.509023,0.108427,-0.272794,0.809150
0.3118,4840,Render,Middle_MCP,-17.691630,1.076836,20.912470,-0.422158,0.323289,0.177719,0.828060
0.3118,4840,Render,Middle_PIP,-17.653200,1.077964,20.876270,-0.492861,0.199552,-0.048598,0.845521
0.3118,4840,Render,Middle_DIP,-17.627820,1.070234,20.868250,-0.526317,0.075655,-0.249762,0.809250
0.3118,4840,Render,Middle_FingerTip,-17.603370,1.056540,20.872220,-0.526317,0.075655,-0.249762,0.809250
0.3118,4840,Render,Ring_MCP,-17.701680,1.055346,20.906030,-0.443854,0.306024,0.180556,0.822644
0.3118,4840,Render,Ring_PIP,-17.666890,1.056528,20.875140,-0.511911,0.169125,-0.057629,0.840252
0.3118,4840,Render,Ring_DIP,-17.642230,1.049416,20.869200,-0.538056,0.033947,-0.268578,0.798254
0.3118,4840,Render,Ring_FingerTip,-17.620210,1.037410,20.875260,-0.538056,0.033947,-0.268578,0.798254
0.3118,4840,Render,Pinky_MCP,-17.711280,1.035149,20.905420,-0.455797,0.297503,0.188456,0.817451
0.3118,4840,Render,Pinky_PIP,-17.681670,1.036602,20.879510,-0.520983,0.157595,-0.048589,0.837485
0.3118,4840,Render,Pinky_DIP,-17.664320,1.032097,20.875600,-0.543911,0.020495,-0.259132,0.797867
0.3118,4840,Render,Pinky_FingerTip,-17.647750,1.023748,20.880370,-0.543911,0.020495,-0.259132,0.797867
0.3250,4841,Real,Wrist,-17.749810,1.051817,21.003050,-0.354220,0.394929,0.336102,0.778200
0.3250,4841,Real,Thumb_CMC,-17.717930,1.083008,20.987210,0.352068,0.163174,-0.020013,0.921424
0.3250,4841,Real,Thumb_MCP,-17.676400,1.086433,20.973390,0.298623,0.247794,-0.255017,0.885657
0.3250,4841,Real,Thumb_IP,-17.639770,1.071542,20.944400,0.155603,0.355479,-0.625464,0.676918
0.3250,4841,Real,Thumb_FingerTip,-17.640770,1.050562,20.925130,0.155603,0.355479,-0.625464,0.676918
0.3250,4841,Real,Index_MCP,-17.682790,1.102360,20.925110,-0.398620,0.333044,0.145242,0.842074
0.3250,4841,Real,Index_PIP,-17.648330,1.101381,20.893420,-0.473368,0.213867,-0.086041,0.850165
0.3250,4841,Real,Index_DIP,-17.625140,1.092328,20.886100,-0.511060,0.092920,-0.289279,0.804053
0.3250,4841,Real,Index_FingerTip,-17.603200,1.077259,20.890030,-0.511060,0.092920,-0.289279,0.804053
0.3250,4841,Real,Middle_MCP,-17.694730,1.081499,20.911890,-0.447549,0.284851,0.113936,0.839987
0.3250,4841,Real,Middle_PIP,-17.651870,1.078143,20.881230,-0.519362,0.108184,-0.190462,0.826005
0.3250,4841,Real,Middle_DIP,-17.626810,1.066306,20.881760,-0.526699,-0.063471,-0.444455,0.721817
0.3250,4841,Real,Middle_FingerTip,-17.609920,1.050040,20.897600,-0.526699,-0.063471,-0.444455,0.721817
0.3250,4841,Real,Ring_MCP,-17.704520,1.059914,20.905380,-0.467579,0.265688,0.117217,0.834889
0.3250,4841,Real,Ring_PIP,-17.665840,1.057460,20.879630,-0.532503,0.075237,-0.197843,0.819536
0.3250,4841,Real,Ring_DIP,-17.641850,1.046807,20.881930,-0.527246,-0.105982,-0.458922,0.707227
0.3250,4841,Real,Ring_FingerTip,-17.627500,1.032943,20.898280,-0.527246,-0.105982,-0.458922,0.707227
0.3250,4841,Real,Pinky_MCP,-17.713870,1.039600,20.904710,-0.478694,0.256088,0.125497,0.830375
0.3250,4841,Real,Pinky_PIP,-17.680900,1.038153,20.883240,-0.539311,0.062224,-0.188484,0.818380
0.3250,4841,Real,Pinky_DIP,-17.664000,1.031262,20.885090,-0.529343,-0.120518,-0.449711,0.709248
0.3250,4841,Real,Pinky_FingerTip,-17.653150,1.021485,20.897490,-0.529343,-0.120518,-0.449711,0.709248
0.3250,4841,Virtual,Wrist,-17.748420,1.049875,21.003660,-0.355769,0.395047,0.331849,0.779258
0.3250,4841,Virtual,Thumb_CMC,-17.716280,1.080787,20.987810,0.350267,0.159863,-0.022453,0.922634
0.3250,4841,Virtual,Thumb_MCP,-17.674660,1.083885,20.974170,0.297729,0.244133,-0.257685,0.886203
0.3250,4841,Virtual,Thumb_IP,-17.637980,1.068619,20.945430,0.156447,0.351806,-0.628092,0.676208
0.3250,4841,Virtual,Thumb_FingerTip,-17.639020,1.047548,20.926270,0.156447,0.351806,-0.628092,0.676208
0.3250,4841,Virtual,Index_MCP,-17.680730,1.099604,20.925790,-0.400074,0.332663,0.140847,0.842282
0.3250,4841,Virtual,Index_PIP,-17.646120,1.098250,20.894260,-0.474666,0.213110,-0.090331,0.849186
0.3250,4841,Virtual,Index_DIP,-17.622950,1.089017,20.887100,-0.512136,0.091871,-0.293204,0.802065
0.3250,4841,Virtual,Index_FingerTip,-17.601130,1.073833,20.891210,-0.512136,0.091871,-0.293204,0.802065
0.3250,4841,Virtual,Middle_MCP,-17.692730,1.078750,20.912610,-0.449073,0.284547,0.109555,0.839860
0.3250,4841,Virtual,Middle_PIP,-17.649750,1.074972,20.882180,-0.520679,0.107361,-0.194515,0.824337
0.3250,4841,Virtual,Middle_DIP,-17.624760,1.062984,20.882880,-0.527685,-0.064672,-0.447762,0.718941
0.3250,4841,Virtual,Middle_FingerTip,-17.608050,1.046695,20.898890,-0.527685,-0.064672,-0.447762,0.718941
0.3250,4841,Virtual,Ring_MCP,-17.702630,1.057193,20.906160,-0.469156,0.265467,0.112854,0.834676
0.3250,4841,Virtual,Ring_PIP,-17.663840,1.054369,20.880610,-0.533888,0.074452,-0.201823,0.817734
0.3250,4841,Virtual,Ring_DIP,-17.639930,1.043579,20.883080,-0.528291,-0.107183,-0.462077,0.704206
0.3250,4841,Virtual,Ring_FingerTip,-17.625740,1.029710,20.899570,-0.528291,-0.107183,-0.462077,0.704206
0.3250,4841,Virtual,Pinky_MCP,-17.712090,1.036934,20.905550,-0.480308,0.255933,0.121146,0.830136
0.3250,4841,Virtual,Pinky_PIP,-17.679040,1.035173,20.884240,-0.540756,0.061487,-0.192443,0.816559
0.3250,4841,Virtual,Pinky_DIP,-17.662190,1.028187,20.886220,-0.530461,-0.121693,-0.452840,0.706214
0.3250,4841,Virtual,Pinky_FingerTip,-17.651460,1.018407,20.898720,-0.530461,-0.121693,-0.452840,0.706214
0.3250,4841,Render,Wrist,-17.748420,1.049875,21.003660,-0.355769,0.395047,0.331849,0.779258
0.3250,4841,Render,Thumb_CMC,-17.716280,1.080787,20.987810,0.288185,0.165668,-0.027540,0.942733
0.3250,4841,Render,Thumb_MCP,-17.674840,1.082700,20.973400,0.258378,0.209135,-0.176197,0.926530
0.3250,4841,Render,Thumb_IP,-17.633150,1.071990,20.949940,0.175730,0.282162,-0.469648,0.817884
0.3250,4841,Render,Thumb_FingerTip,-17.621760,1.052922,20.932080,0.175730,0.282162,-0.469648,0.817884
0.3250,4841,Render,Index_MCP,-17.680730,1.099604,20.925790,-0.392314,0.341780,0.160188,0.838818
0.3250,4841,Render,Index_PIP,-17.647240,1.099631,20.893040,-0.469010,0.225286,-0.068392,0.851234
0.3250,4841,Render,Index_DIP,-17.624160,1.091123,20.884750,-0.509330,0.106334,-0.270378,0.810045
0.3250,4841,Render,Index_FingerTip,-17.601800,1.076426,20.887530,-0.509330,0.106334,-0.270378,0.810045
0.3250,4841,Render,Middle_MCP,-17.692730,1.078750,20.912610,-0.423390,0.321519,0.180214,0.827581
0.3250,4841,Render,Middle_PIP,-17.654270,1.080124,20.876450,-0.493579,0.197518,-0.046065,0.845721
0.3250,4841,Render,Middle_DIP,-17.628830,1.072560,20.868450,-0.526527,0.073508,-0.247351,0.810052
0.3250,4841,Render,Middle_FingerTip,-17.604310,1.059029,20.872450,-0.526527,0.073508,-0.247351,0.810052
0.3250,4841,Render,Ring_MCP,-17.702630,1.057193,20.906160,-0.445030,0.304185,0.183025,0.822145
0.3250,4841,Render,Ring_PIP,-17.667820,1.058599,20.875310,-0.512524,0.167029,-0.055119,0.840465
0.3250,4841,Render,Ring_DIP,-17.643110,1.051648,20.869400,-0.538118,0.031764,-0.266205,0.799097
0.3250,4841,Render,Ring_FingerTip,-17.621020,1.039789,20.875480,-0.538118,0.031764,-0.266205,0.799097
0.3250,4841,Render,Pinky_MCP,-17.712090,1.036934,20.905550,-0.456948,0.295628,0.190903,0.816920
0.3250,4841,Render,Pinky_PIP,-17.682470,1.038577,20.879670,-0.521561,0.155472,-0.046092,0.837662
0.3250,4841,Render,Pinky_DIP,-17.665090,1.034185,20.875770,-0.543933,0.018295,-0.256761,0.798672
0.3250,4841,Render,Pinky_FingerTip,-17.648470,1.025946,20.880570,-0.543933,0.018295,-0.256761,0.798672
0.3394,4842,Real,Wrist,-17.751540,1.054128,21.001950,-0.350468,0.395851,0.342504,0.776637
0.3394,4842,Real,Thumb_CMC,-17.720050,1.085698,20.986080,0.355084,0.169417,-0.022044,0.919091
0.3394,4842,Real,Thumb_MCP,-17.678710,1.089202,20.971720,0.298529,0.256256,-0.261264,0.881451
0.3394,4842,Real,Thumb_IP,-17.642810,1.074121,20.941930,0.148098,0.364491,-0.635801,0.664057
0.3394,4842,Real,Thumb_FingerTip,-17.644920,1.053132,20.922760,0.148098,0.364491,-0.635801,0.664057
0.3394,4842,Real,Index_MCP,-17.685660,1.105878,20.923820,-0.398557,0.331076,0.143511,0.843176
0.3394,4842,Real,Index_PIP,-17.651030,1.104852,20.892320,-0.476695,0.203030,-0.104041,0.848951
0.3394,4842,Real,Index_DIP,-17.627770,1.095243,20.885950,-0.512977,0.072898,-0.319966,0.793198
0.3394,4842,Real,Index_FingerTip,-17.606670,1.079577,20.891670,-0.512977,0.072898,-0.319966,0.793198
0.3394,4842,Real,Middle_MCP,-17.697570,1.085050,20.910530,-0.447048,0.282266,0.112060,0.841378
0.3394,4842,Real,Middle_PIP,-17.654510,1.081681,20.880160,-0.519826,0.096474,-0.207760,0.822989
0.3394,4842,Real,Middle_DIP,-17.629700,1.069422,20.881740,-0.522099,-0.083301,-0.471535,0.705782
0.3394,4842,Real,Middle_FingerTip,-17.614380,1.053047,20.899000,-0.522099,-0.083301,-0.471535,0.705782
0.3394,4842,Real,Ring_MCP,-17.707270,1.063454,20.903910,-0.466509,0.263338,0.116366,0.836350
0.3394,4842,Real,Ring_PIP,-17.668450,1.061078,20.878360,-0.531809,0.064474,-0.213000,0.817101
0.3394,4842,Real,Ring_DIP,-17.644710,1.050101,20.881550,-0.521193,-0.123838,-0.482992,0.692634
0.3394,4842,Real,Ring_FingerTip,-17.631740,1.036169,20.898970,-0.521193,-0.123838,-0.482992,0.692634
0.3394,4842,Real,Pinky_MCP,-17.716470,1.043077,20.903150,-0.477482,0.253540,0.124677,0.831976
0.3394,4842,Real,Pinky_PIP,-17.683380,1.041712,20.881850,-0.538189,0.051219,-0.203647,0.816246
0.3394,4842,Real,Pinky_DIP,-17.666660,1.034602,20.884340,-0.522584,-0.138483,-0.473922,0.695074
0.3394,4842,Real,Pinky_FingerTip,-17.656840,1.024753,20.897520,-0.522584,-0.138483,-0.473922,0.695074
0.3394,4842,Virtual,Wrist,-17.749810,1.051818,21.003060,-0.354220,0.394928,0.336102,0.778200
0.3394,4842,Virtual,Thumb_CMC,-17.717940,1.083008,20.987220,0.351594,0.163527,-0.024492,0.921434
0.3394,4842,Virtual,Thumb_MCP,-17.676430,1.086076,20.973230,0.296698,0.249659,-0.264239,0.883073
0.3394,4842,Virtual,Thumb_IP,-17.640360,1.070457,20.943920,0.149490,0.357788,-0.639189,0.664137
0.3394,4842,Virtual,Thumb_FingerTip,-17.642440,1.049310,20.924930,0.149490,0.357788,-0.639189,0.664137
0.3394,4842,Virtual,Index_MCP,-17.682800,1.102361,20.925120,-0.401884,0.329097,0.136932,0.843465
0.3394,4842,Virtual,Index_PIP,-17.647870,1.100791,20.893960,-0.479316,0.200181,-0.110427,0.847343
0.3394,4842,Virtual,Index_DIP,-17.624630,1.090953,20.887910,-0.514772,0.069469,-0.325720,0.789994
0.3394,4842,Virtual,Index_FingerTip,-17.603700,1.075185,20.893970,-0.514772,0.069469,-0.325720,0.789994
0.3394,4842,Virtual,Middle_MCP,-17.694740,1.081500,20.911900,-0.450393,0.280333,0.105477,0.841091
0.3394,4842,Virtual,Middle_PIP,-17.651410,1.077535,20.881980,-0.522216,0.093439,-0.213768,0.820282
0.3394,4842,Virtual,Middle_DIP,-17.626710,1.065108,20.883910,-0.523334,-0.086962,-0.476290,0.701219
0.3394,4842,Virtual,Middle_FingerTip,-17.611670,1.048781,20.901470,-0.523334,-0.086962,-0.476290,0.701219
0.3394,4842,Virtual,Ring_MCP,-17.704530,1.059915,20.905380,-0.469922,0.261521,0.109793,0.835898
0.3394,4842,Virtual,Ring_PIP,-17.665480,1.057019,20.880230,-0.534265,0.061488,-0.218899,0.814165
0.3394,4842,Virtual,Ring_DIP,-17.641860,1.045898,20.883760,-0.522462,-0.127490,-0.487507,0.687836
0.3394,4842,Virtual,Ring_FingerTip,-17.629160,1.032032,20.901420,-0.522462,-0.127490,-0.487507,0.687836
0.3394,4842,Virtual,Pinky_MCP,-17.713870,1.039600,20.904720,-0.480951,0.251823,0.118112,0.831458
0.3394,4842,Virtual,Pinky_PIP,-17.680600,1.037796,20.883760,-0.540736,0.048304,-0.209513,0.813251
0.3394,4842,Virtual,Pinky_DIP,-17.663950,1.030586,20.886470,-0.523962,-0.142099,-0.478386,0.690231
0.3394,4842,Virtual,Pinky_FingerTip,-17.654330,1.020787,20.899830,-0.523962,-0.142099,-0.478386,0.690231
0.3394,4842,Render,Wrist,-17.749810,1.051818,21.003060,-0.354220,0.394928,0.336102,0.778200
0.3394,4842,Render,Thumb_CMC,-17.717940,1.083008,20.987220,0.290008,0.168847,-0.024878,0.941683
0.3394,4842,Render,Thumb_MCP,-17.676590,1.085251,20.972620,0.259676,0.212562,-0.173402,0.925915
0.3394,4842,Render,Thumb_IP,-17.634940,1.074920,20.948900,0.175835,0.285825,-0.466806,0.818217
0.3394,4842,Render,Thumb_FingerTip,-17.623510,1.056014,20.930900,0.175835,0.285825,-0.466806,0.818217
0.3394,4842,Render,Index_MCP,-17.682800,1.102361,20.925120,-0.390852,0.342127,0.164577,0.838510
0.3394,4842,Render,Index_PIP,-17.649470,1.102761,20.892220,-0.467693,0.226009,-0.064078,0.852102
0.3394,4842,Render,Index_DIP,-17.626380,1.094440,20.883780,-0.508224,0.107352,-0.266398,0.811921
0.3394,4842,Render,Index_FingerTip,-17.603920,1.079868,20.886370,-0.508224,0.107352,-0.266398,0.811921
0.3394,4842,Render,Middle_MCP,-17.694740,1.081500,20.911900,-0.421847,0.321692,0.184590,0.827337
0.3394,4842,Render,Middle_PIP,-17.656460,1.083297,20.875560,-0.492137,0.198095,-0.041782,0.846649
0.3394,4842,Render,Middle_DIP,-17.631010,1.075931,20.867400,-0.525265,0.074414,-0.243414,0.811979
0.3394,4842,Render,Middle_FingerTip,-17.606380,1.062532,20.871220,-0.525265,0.074414,-0.243414,0.811979
0.3394,4842,Render,Ring_MCP,-17.704530,1.059915,20.905380,-0.443440,0.304271,0.187390,0.821989
0.3394,4842,Render,Ring_PIP,-17.669880,1.061693,20.874370,-0.511022,0.167559,-0.050885,0.841541
0.3394,4842,Render,Ring_DIP,-17.645150,1.054926,20.868310,-0.536799,0.032657,-0.262381,0.801209
0.3394,4842,Render,Ring_FingerTip,-17.622960,1.043174,20.874230,-0.536799,0.032657,-0.262381,0.801209
0.3394,4842,Render,Pinky_MCP,-17.713870,1.039600,20.904720,-0.455326,0.295646,0.195258,0.816790
0.3394,4842,Render,Pinky_PIP,-17.684390,1.041559,20.878700,-0.520010,0.155944,-0.041875,0.838760
0.3394,4842,Render,Pinky_DIP,-17.667000,1.037295,20.874700,-0.542551,0.019144,-0.252960,0.800802
0.3394,4842,Render,Pinky_FingerTip,-17.650310,1.029135,20.879370,-0.542551,0.019144,-0.252960,0.800802
0.3528,4843,Real,Wrist,-17.753640,1.056867,21.000430,-0.344780,0.397047,0.350540,0.774985
0.3528,4843,Real,Thumb_CMC,-17.722620,1.088906,20.984590,0.359310,0.178504,-0.023017,0.915698
0.3528,4843,Real,Thumb_MCP,-17.681550,1.092688,20.969510,0.299600,0.266847,-0.263412,0.877295
0.3528,4843,Real,Thumb_IP,-17.646310,1.077867,20.938810,0.142591,0.375014,-0.638635,0.656641
0.3528,4843,Real,Thumb_FingerTip,-17.649070,1.057012,20.919590,0.142591,0.375014,-0.638635,0.656641
0.3528,4843,Real,Index_MCP,-17.689190,1.110190,20.922170,-0.394881,0.332086,0.148014,0.843730
0.3528,4843,Real,Index_PIP,-17.654750,1.109605,20.890460,-0.474406,0.202857,-0.103822,0.850299
0.3528,4843,Real,Index_DIP,-17.631480,1.100026,20.884060,-0.511022,0.071195,-0.323411,0.793217
0.3528,4843,Real,Index_FingerTip,-17.610480,1.084267,20.889910,-0.511022,0.071195,-0.323411,0.793217
0.3528,4843,Real,Middle_MCP,-17.701100,1.089441,20.908760,-0.443475,0.282577,0.115625,0.842681
0.3528,4843,Real,Middle_PIP,-17.658140,1.086497,20.878190,-0.517203,0.094978,-0.209894,0.824273
0.3528,4843,Real,Middle_DIP,-17.633360,1.074182,20.879870,-0.518665,-0.086640,-0.477794,0.703700
0.3528,4843,Real,Middle_FingerTip,-17.618410,1.057695,20.897340,-0.518665,-0.086640,-0.477794,0.703700
0.3528,4843,Real,Ring_MCP,-17.710700,1.067853,20.901980,-0.462708,0.263491,0.120092,0.837886
0.3528,4843,Real,Ring_PIP,-17.671970,1.065871,20.876250,-0.528730,0.063008,-0.214896,0.818715
0.3528,4843,Real,Ring_DIP,-17.648270,1.054846,20.879520,-0.517142,-0.126845,-0.488939,0.690951
0.3528,4843,Real,Ring_FingerTip,-17.635640,1.040799,20.897090,-0.517142,-0.126845,-0.488939,0.690951
0.3528,4843,Real,Pinky_MCP,-17.719750,1.047412,20.901060,-0.473563,0.253508,0.128412,0.833656
0.3528,4843,Real,Pinky_PIP,-17.686740,1.046388,20.879630,-0.534853,0.049592,-0.205586,0.818051
0.3528,4843,Real,Pinky_DIP,-17.670030,1.039245,20.882170,-0.518159,-0.141557,-0.479990,0.693601
0.3528,4843,Real,Pinky_FingerTip,-17.660470,1.029299,20.895470,-0.518159,-0.141557,-0.479990,0.693601
0.3528,4843,Virtual,Wrist,-17.751540,1.054126,21.001950,-0.350469,0.395851,0.342504,0.776637
0.3528,4843,Virtual,Thumb_CMC,-17.720050,1.085697,20.986090,0.354124,0.171045,-0.025703,0.919065
0.3528,4843,Virtual,Thumb_MCP,-17.678770,1.088941,20.971490,0.296562,0.258285,-0.266890,0.879835
0.3528,4843,Virtual,Thumb_IP,-17.643260,1.073426,20.941440,0.143848,0.366016,-0.642893,0.657289
0.3528,4843,Virtual,Thumb_FingerTip,-17.645960,1.052341,20.922450,0.143848,0.366016,-0.642893,0.657289
0.3528,4843,Virtual,Index_MCP,-17.685660,1.105876,20.923830,-0.400004,0.329326,0.139815,0.843797
0.3528,4843,Virtual,Index_PIP,-17.650830,1.104588,20.892560,-0.478505,0.198726,-0.111686,0.847979
0.3528,4843,Virtual,Index_DIP,-17.627570,1.094735,20.886590,-0.513892,0.066133,-0.330390,0.788913
0.3528,4843,Virtual,Index_FingerTip,-17.606770,1.078884,20.892920,-0.513892,0.066133,-0.330390,0.788913
0.3528,4843,Virtual,Middle_MCP,-17.697580,1.085049,20.910540,-0.448587,0.279813,0.107450,0.841979
0.3528,4843,Virtual,Middle_PIP,-17.654260,1.081347,20.880560,-0.520900,0.090494,-0.217204,0.820547
0.3528,4843,Virtual,Middle_DIP,-17.629610,1.068853,20.882720,-0.520616,-0.092115,-0.483400,0.697710
0.3528,4843,Virtual,Middle_FingerTip,-17.615020,1.052478,20.900600,-0.520616,-0.092115,-0.483400,0.697710
0.3528,4843,Virtual,Ring_MCP,-17.707270,1.063452,20.903920,-0.467895,0.260867,0.111941,0.836954
0.3528,4843,Virtual,Ring_PIP,-17.668240,1.060812,20.878720,-0.532491,0.058575,-0.222044,0.814690
0.3528,4843,Virtual,Ring_DIP,-17.644670,1.049637,20.882440,-0.519105,-0.132317,-0.494217,0.684670
0.3528,4843,Virtual,Ring_FingerTip,-17.632380,1.035721,20.900350,-0.519105,-0.132317,-0.494217,0.684670
0.3528,4843,Virtual,Pinky_MCP,-17.716470,1.043075,20.903160,-0.478816,0.251011,0.120276,0.832624
0.3528,4843,Virtual,Pinky_PIP,-17.683200,1.041497,20.882170,-0.538724,0.045251,-0.212682,0.813938
0.3528,4843,Virtual,Pinky_DIP,-17.666590,1.034251,20.885020,-0.520257,-0.146982,-0.485188,0.687257
0.3528,4843,Virtual,Pinky_FingerTip,-17.657280,1.024405,20.898560,-0.520257,-0.146982,-0.485188,0.687257
0.3528,4843,Render,Wrist,-17.751540,1.054126,21.001950,-0.350469,0.395851,0.342504,0.776637
0.3528,4843,Render,Thumb_CMC,-17.720050,1.085697,20.986090,0.293383,0.173950,-0.022206,0.939774
0.3528,4843,Render,Thumb_MCP,-17.678840,1.088346,20.971160,0.262202,0.218134,-0.170462,0.924452
0.3528,4843,Render,Thumb_IP,-17.637330,1.078502,20.947000,0.176400,0.291917,-0.463549,0.817796
0.3528,4843,Render,Thumb_FingerTip,-17.625930,1.059829,20.928740,0.176400,0.291917,-0.463549,0.817796
0.3528,4843,Render,Index_MCP,-17.685660,1.105876,20.923830,-0.387462,0.343995,0.171143,0.838004
0.3528,4843,Render,Index_PIP,-17.652660,1.106825,20.890620,-0.464920,0.228710,-0.057614,0.853359
0.3528,4843,Render,Index_DIP,-17.629590,1.098753,20.881880,-0.506180,0.110639,-0.260423,0.814691
0.3528,4843,Render,Index_FingerTip,-17.607000,1.084326,20.884120,-0.506180,0.110639,-0.260423,0.814691
0.3528,4843,Render,Middle_MCP,-17.697580,1.085049,20.910540,-0.418334,0.323300,0.191171,0.826999
0.3528,4843,Render,Middle_PIP,-17.659670,1.087462,20.873850,-0.489177,0.200579,-0.035347,0.848071
0.3528,4843,Render,Middle_DIP,-17.634250,1.080361,20.865380,-0.522986,0.077534,-0.237508,0.814901
0.3528,4843,Render,Middle_FingerTip,-17.609480,1.067111,20.868840,-0.522986,0.077534,-0.237508,0.814901
0.3528,4843,Render,Ring_MCP,-17.707270,1.063452,20.903920,-0.439872,0.305761,0.193977,0.821825
0.3528,4843,Render,Ring_PIP,-17.672940,1.065771,20.872590,-0.508017,0.169990,-0.044518,0.843232
0.3528,4843,Render,Ring_DIP,-17.648220,1.059244,20.866230,-0.534507,0.035771,-0.256649,0.804459
0.3528,4843,Render,Ring_FingerTip,-17.625890,1.047603,20.871820,-0.534507,0.035771,-0.256649,0.804459
0.3528,4843,Render,Pinky_MCP,-17.716470,1.043075,20.903160,-0.451712,0.297031,0.201844,0.816694
0.3528,4843,Render,Pinky_PIP,-17.687260,1.045491,20.876870,-0.516930,0.158287,-0.035527,0.840516
0.3528,4843,Render,Pinky_DIP,-17.669880,1.041393,20.872670,-0.540165,0.022192,-0.247264,0.804108
0.3528,4843,Render,Pinky_FingerTip,-17.653080,1.033315,20.877100,-0.540165,0.022192,-0.247264,0.804108
0.3670,4844,Real,Wrist,-17.756610,1.060542,20.997920,-0.333750,0.398374,0.362055,0.773838
0.3670,4844,Real,Thumb_CMC,-17.726170,1.093243,20.982300,0.369474,0.188912,-0.020064,0.909615
0.3670,4844,Real,Thumb_MCP,-17.685430,1.097770,20.966560,0.306664,0.279565,-0.258961,0.872204
0.3670,4844,Real,Thumb_IP,-17.650640,1.084028,20.934860,0.142987,0.389556,-0.632337,0.654180
0.3670,4844,Real,Thumb_FingerTip,-17.653580,1.063625,20.915190,0.142987,0.389556,-0.632337,0.654180
0.3670,4844,Real,Index_MCP,-17.694110,1.116353,20.919820,-0.384598,0.336321,0.159535,0.844702
0.3670,4844,Real,Index_PIP,-17.660260,1.116859,20.887470,-0.465799,0.209900,-0.093083,0.854581
0.3670,4844,Real,Index_DIP,-17.637040,1.107654,20.880410,-0.504566,0.080250,-0.314172,0.800168
0.3670,4844,Real,Index_FingerTip,-17.615790,1.091951,20.885480,-0.504566,0.080250,-0.314172,0.800168
0.3670,4844,Real,Middle_MCP,-17.706090,1.095829,20.906120,-0.433277,0.286988,0.126991,0.844857
0.3670,4844,Real,Middle_PIP,-17.663680,1.094027,20.874700,-0.509414,0.102901,-0.200182,0.830564
0.3670,4844,Real,Middle_DIP,-17.638770,1.081904,20.875620,-0.514036,-0.076541,-0.470801,0.712921
0.3670,4844,Real,Middle_FingerTip,-17.623350,1.065134,20.892400,-0.514036,-0.076541,-0.470801,0.712921
0.3670,4844,Real,Ring_MCP,-17.715630,1.074325,20.898990,-0.452440,0.267718,0.131381,0.840455
0.3670,4844,Real,Ring_PIP,-17.677370,1.073329,20.872510,-0.520911,0.070893,-0.205492,0.825469
0.3670,4844,Real,Ring_DIP,-17.653510,1.062446,20.875070,-0.512593,-0.116715,-0.482509,0.700579
0.3670,4844,Real,Ring_FingerTip,-17.640430,1.048090,20.892060,-0.512593,-0.116715,-0.482509,0.700579
0.3670,4844,Real,Pinky_MCP,-17.724510,1.053830,20.897740,-0.463222,0.257545,0.139660,0.836415
0.3670,4844,Real,Pinky_PIP,-17.691890,1.053634,20.875680,-0.526895,0.057330,-0.196293,0.824963
0.3670,4844,Real,Pinky_DIP,-17.675090,1.046584,20.877740,-0.513428,-0.131516,-0.473720,0.703339
0.3670,4844,Real,Pinky_FingerTip,-17.665190,1.036405,20.890610,-0.513428,-0.131516,-0.473720,0.703339
0.3670,4844,Virtual,Wrist,-17.753640,1.056869,21.000430,-0.344781,0.397047,0.350540,0.774986
0.3670,4844,Virtual,Thumb_CMC,-17.722620,1.088907,20.984590,0.359310,0.178504,-0.023017,0.915698
0.3670,4844,Virtual,Thumb_MCP,-17.681560,1.092689,20.969510,0.299600,0.266847,-0.263412,0.877295
0.3670,4844,Virtual,Thumb_IP,-17.646310,1.077868,20.938810,0.142592,0.375014,-0.638635,0.656641
0.3670,4844,Virtual,Thumb_FingerTip,-17.649070,1.057013,20.919590,0.142592,0.375014,-0.638635,0.656641
0.3670,4844,Virtual,Index_MCP,-17.689190,1.110192,20.922180,-0.394881,0.332086,0.148014,0.843730
0.3670,4844,Virtual,Index_PIP,-17.654750,1.109606,20.890460,-0.474406,0.202857,-0.103822,0.850299
0.3670,4844,Virtual,Index_DIP,-17.631490,1.100028,20.884060,-0.511022,0.071195,-0.323411,0.793217
0.3670,4844,Virtual,Index_FingerTip,-17.610490,1.084269,20.889920,-0.511022,0.071195,-0.323411,0.793217
0.3670,4844,Virtual,Middle_MCP,-17.701110,1.089442,20.908760,-0.443475,0.282577,0.115625,0.842681
0.3670,4844,Virtual,Middle_PIP,-17.658150,1.086498,20.878200,-0.517203,0.094978,-0.209894,0.824273
0.3670,4844,Virtual,Middle_DIP,-17.633370,1.074183,20.879870,-0.518665,-0.086640,-0.477794,0.703700
0.3670,4844,Virtual,Middle_FingerTip,-17.618410,1.057697,20.897350,-0.518665,-0.086640,-0.477794,0.703700
0.3670,4844,Virtual,Ring_MCP,-17.710710,1.067855,20.901980,-0.462708,0.263491,0.120092,0.837886
0.3670,4844,Virtual,Ring_PIP,-17.671980,1.065872,20.876260,-0.528730,0.063008,-0.214896,0.818715
0.3670,4844,Virtual,Ring_DIP,-17.648280,1.054847,20.879530,-0.517142,-0.126845,-0.488939,0.690951
0.3670,4844,Virtual,Ring_FingerTip,-17.635640,1.040800,20.897100,-0.517142,-0.126845,-0.488939,0.690951
0.3670,4844,Virtual,Pinky_MCP,-17.719750,1.047413,20.901070,-0.473563,0.253508,0.128412,0.833656
0.3670,4844,Virtual,Pinky_PIP,-17.686740,1.046390,20.879630,-0.534853,0.049592,-0.205586,0.818051
0.3670,4844,Virtual,Pinky_DIP,-17.670030,1.039246,20.882180,-0.518159,-0.141557,-0.479990,0.693601
0.3670,4844,Virtual,Pinky_FingerTip,-17.660470,1.029300,20.895470,-0.518159,-0.141557,-0.479990,0.693601
0.3670,4844,Render,Wrist,-17.753640,1.056869,21.000430,-0.344781,0.397047,0.350540,0.774986
0.3670,4844,Render,Thumb_CMC,-17.722620,1.088907,20.984590,0.298905,0.181924,-0.018852,0.936592
0.3670,4844,Render,Thumb_MCP,-17.681650,1.092132,20.969130,0.266394,0.226880,-0.166647,0.921840
0.3670,4844,Render,Thumb_IP,-17.640390,1.082995,20.944270,0.177499,0.301554,-0.459089,0.816576
0.3670,4844,Render,Thumb_FingerTip,-17.629090,1.064678,20.925590,0.177499,0.301554,-0.459089,0.816576
0.3670,4844,Render,Index_MCP,-17.689190,1.110192,20.922180,-0.382239,0.346562,0.179334,0.837632
0.3670,4844,Render,Index_PIP,-17.656630,1.111854,20.888570,-0.460567,0.232573,-0.049618,0.855176
0.3670,4844,Render,Index_DIP,-17.633600,1.104091,20.879430,-0.502879,0.115432,-0.253096,0.818371
0.3670,4844,Render,Index_FingerTip,-17.610870,1.089824,20.881200,-0.502879,0.115432,-0.253096,0.818371
0.3670,4844,Render,Middle_MCP,-17.701110,1.089442,20.908760,-0.412970,0.325539,0.199375,0.826880
0.3670,4844,Render,Middle_PIP,-17.663690,1.092655,20.871630,-0.484601,0.204161,-0.027407,0.850135
0.3670,4844,Render,Middle_DIP,-17.638320,1.085879,20.862750,-0.519401,0.082109,-0.230293,0.818808
0.3670,4844,Render,Middle_FingerTip,-17.613410,1.072792,20.865710,-0.519401,0.082109,-0.230293,0.818808
0.3670,4844,Render,Ring_MCP,-17.710710,1.067855,20.901980,-0.434451,0.307860,0.202180,0.821948
0.3670,4844,Render,Ring_PIP,-17.676800,1.070873,20.870250,-0.503403,0.173527,-0.036679,0.845653
0.3670,4844,Render,Ring_DIP,-17.652110,1.064636,20.863490,-0.530940,0.040360,-0.249680,0.808786
0.3670,4844,Render,Ring_FingerTip,-17.629610,1.053110,20.868650,-0.530940,0.040360,-0.249680,0.808786
0.3670,4844,Render,Pinky_MCP,-17.719750,1.047413,20.901070,-0.446238,0.298997,0.210042,0.816918
0.3670,4844,Render,Pinky_PIP,-17.690890,1.050418,20.874450,-0.512228,0.161711,-0.027721,0.843033
0.3670,4844,Render,Pinky_DIP,-17.673530,1.046522,20.869970,-0.536484,0.026694,-0.240350,0.808520
0.3670,4844,Render,Pinky_FingerTip,-17.656620,1.038527,20.874080,-0.536484,0.026694,-0.240350,0.808520
0.3808,4845,Real,Wrist,-17.759470,1.063528,20.995670,-0.322462,0.400618,0.370584,0.773428
0.3808,4845,Real,Thumb_CMC,-17.729400,1.096666,20.980250,0.378005,0.198877,-0.026775,0.903794
0.3808,4845,Real,Thumb_MCP,-17.689030,1.101143,20.963580,0.310910,0.292873,-0.267919,0.863586
0.3808,4845,Real,Thumb_IP,-17.655450,1.087384,20.930610,0.137231,0.404484,-0.641658,0.637053
0.3808,4845,Real,Thumb_FingerTip,-17.659740,1.067248,20.910900,0.137231,0.404484,-0.641658,0.637053
0.3808,4845,Real,Index_MCP,-17.698520,1.121269,20.917750,-0.375849,0.339578,0.163868,0.846506
0.3808,4845,Real,Index_PIP,-17.665010,1.122307,20.885060,-0.459445,0.213273,-0.093735,0.857111
0.3808,4845,Real,Index_DIP,-17.641860,1.113050,20.877810,-0.499698,0.082933,-0.319063,0.801014
0.3808,4845,Real,Index_FingerTip,-17.620810,1.097070,20.882810,-0.499698,0.082933,-0.319063,0.801014
0.3808,4845,Real,Middle_MCP,-17.710680,1.101018,20.903800,-0.425247,0.289209,0.129010,0.847868
0.3808,4845,Real,Middle_PIP,-17.668460,1.099581,20.872110,-0.503703,0.103731,-0.206479,0.832400
0.3808,4845,Real,Middle_DIP,-17.643710,1.087156,20.873090,-0.508372,-0.077682,-0.482747,0.708858
0.3808,4845,Real,Middle_FingerTip,-17.628940,1.070023,20.890100,-0.508372,-0.077682,-0.482747,0.708858
0.3808,4845,Real,Ring_MCP,-17.720280,1.079648,20.896360,-0.443944,0.270177,0.134316,0.843728
0.3808,4845,Real,Ring_PIP,-17.682220,1.079033,20.869600,-0.514558,0.072881,-0.209826,0.828186
0.3808,4845,Real,Ring_DIP,-17.658480,1.067901,20.872110,-0.506630,-0.115795,-0.491906,0.698532
0.3808,4845,Real,Ring_FingerTip,-17.645850,1.053198,20.889140,-0.506630,-0.115795,-0.491906,0.698532
0.3808,4845,Real,Pinky_MCP,-17.729130,1.059158,20.894810,-0.454618,0.259794,0.142594,0.839939
0.3808,4845,Real,Pinky_PIP,-17.696670,1.059289,20.872520,-0.520264,0.059127,-0.200725,0.827973
0.3808,4845,Real,Pinky_DIP,-17.679930,1.052063,20.874560,-0.507043,-0.130680,-0.483329,0.701586
0.3808,4845,Real,Pinky_FingerTip,-17.670380,1.041608,20.887460,-0.507043,-0.130680,-0.483329,0.701586
0.3808,4845,Virtual,Wrist,-17.756610,1.060540,20.997930,-0.333750,0.398374,0.362055,0.773838
0.3808,4845,Virtual,Thumb_CMC,-17.726170,1.093240,20.982310,0.368394,0.190006,-0.027016,0.909645
0.3808,4845,Virtual,Thumb_MCP,-17.685500,1.097229,20.966260,0.304026,0.281751,-0.269719,0.869158
0.3808,4845,Virtual,Thumb_IP,-17.651390,1.082641,20.934200,0.136368,0.391433,-0.645861,0.641130
0.3808,4845,Virtual,Thumb_FingerTip,-17.655400,1.062082,20.914880,0.136368,0.391433,-0.645861,0.641130
0.3808,4845,Virtual,Index_MCP,-17.694110,1.116350,20.919830,-0.386214,0.334463,0.155461,0.845462
0.3808,4845,Virtual,Index_PIP,-17.660020,1.116562,20.887720,-0.467835,0.205323,-0.101457,0.853627
0.3808,4845,Virtual,Index_DIP,-17.636790,1.107080,20.881090,-0.505661,0.073032,-0.325575,0.795597
0.3808,4845,Virtual,Index_FingerTip,-17.615880,1.091157,20.886820,-0.505661,0.073032,-0.325575,0.795597
0.3808,4845,Virtual,Middle_MCP,-17.706090,1.095826,20.906130,-0.435390,0.283772,0.120732,0.845774
0.3808,4845,Virtual,Middle_PIP,-17.663330,1.093562,20.875230,-0.510980,0.094816,-0.213318,0.827288
0.3808,4845,Virtual,Middle_DIP,-17.638630,1.081093,20.876920,-0.512100,-0.088570,-0.487384,0.701688
0.3808,4845,Virtual,Middle_FingerTip,-17.624220,1.064303,20.894560,-0.512100,-0.088570,-0.487384,0.701688
0.3808,4845,Virtual,Ring_MCP,-17.715630,1.074323,20.899000,-0.454115,0.264866,0.126091,0.841265
0.3808,4845,Virtual,Ring_PIP,-17.677110,1.073001,20.872930,-0.521805,0.063985,-0.216409,0.822674
0.3808,4845,Virtual,Ring_DIP,-17.653440,1.061862,20.876110,-0.510219,-0.126693,-0.496085,0.691033
0.3808,4845,Virtual,Ring_FingerTip,-17.641170,1.047508,20.893690,-0.510219,-0.126693,-0.496085,0.691033
0.3808,4845,Virtual,Pinky_MCP,-17.724510,1.053828,20.897750,-0.464834,0.254626,0.134396,0.837277
0.3808,4845,Virtual,Pinky_PIP,-17.691670,1.053369,20.876040,-0.527608,0.050345,-0.207205,0.822291
0.3808,4845,Virtual,Pinky_DIP,-17.674980,1.046143,20.878530,-0.510765,-0.141507,-0.487351,0.693963
0.3808,4845,Virtual,Pinky_FingerTip,-17.665700,1.035953,20.891830,-0.510765,-0.141507,-0.487351,0.693963
0.3808,4845,Render,Wrist,-17.756610,1.060540,20.997930,-0.333750,0.398374,0.362055,0.773838
0.3808,4845,Render,Thumb_CMC,-17.726170,1.093240,20.982310,0.309356,0.192204,-0.015200,0.931196
0.3808,4845,Render,Thumb_MCP,-17.685530,1.097219,20.966180,0.275089,0.238683,-0.162189,0.917089
0.3808,4845,Render,Thumb_IP,-17.644670,1.089072,20.940340,0.181854,0.315551,-0.453322,0.813545
0.3808,4845,Render,Thumb_FingerTip,-17.633560,1.071322,20.921010,0.181854,0.315551,-0.453322,0.813545
0.3808,4845,Render,Index_MCP,-17.694110,1.116350,20.919830,-0.371805,0.350411,0.190883,0.838175
0.3808,4845,Render,Index_PIP,-17.662200,1.119133,20.885670,-0.451531,0.239055,-0.038628,0.858767
0.3808,4845,Render,Index_DIP,-17.639290,1.111807,20.875920,-0.495659,0.123891,-0.243287,0.824491
0.3808,4845,Render,Index_FingerTip,-17.616400,1.097712,20.876920,-0.495659,0.123891,-0.243287,0.824491
0.3808,4845,Render,Middle_MCP,-17.706090,1.095826,20.906130,-0.402382,0.328907,0.210902,0.827907
0.3808,4845,Render,Middle_PIP,-17.669400,1.100289,20.868410,-0.475288,0.210220,-0.016567,0.854187
0.3808,4845,Render,Middle_DIP,-17.644150,1.093966,20.858890,-0.511812,0.090222,-0.220740,0.825338
0.3808,4845,Render,Middle_FingerTip,-17.619070,1.081041,20.861070,-0.511812,0.090222,-0.220740,0.825338
0.3808,4845,Render,Ring_MCP,-17.715630,1.074323,20.899000,-0.423816,0.311053,0.213668,0.823391
0.3808,4845,Render,Ring_PIP,-17.682350,1.078428,20.866730,-0.494092,0.179577,-0.026058,0.850263
0.3808,4845,Render,Ring_DIP,-17.657740,1.072585,20.859370,-0.523465,0.048571,-0.240573,0.815936
0.3808,4845,Render,Ring_FingerTip,-17.635050,1.061145,20.863820,-0.523465,0.048571,-0.240573,0.815936
0.3808,4845,Render,Pinky_MCP,-17.724510,1.053828,20.897750,-0.435550,0.301995,0.221508,0.818554
0.3808,4845,Render,Pinky_PIP,-17.696180,1.057748,20.870690,-0.502811,0.167589,-0.017176,0.847821
0.3808,4845,Render,Pinky_DIP,-17.678880,1.054122,20.865790,-0.528863,0.034766,-0.231361,0.815823
0.3808,4845,Render,Pinky_FingerTip,-17.661820,1.046185,20.869390,-0.528863,0.034766,-0.231361,0.815823
0.3952,4846,Real,Wrist,-17.762890,1.066630,20.992760,-0.307747,0.404217,0.379982,0.772991
0.3952,4846,Real,Thumb_CMC,-17.733200,1.100209,20.977570,0.389920,0.209695,-0.028039,0.896217
0.3952,4846,Real,Thumb_MCP,-17.693220,1.105183,20.960110,0.319491,0.306488,-0.267106,0.855947
0.3952,4846,Real,Thumb_IP,-17.660400,1.092366,20.926010,0.138424,0.420533,-0.637358,0.630688
0.3952,4846,Real,Thumb_FingerTip,-17.665130,1.072772,20.905870,0.138424,0.420533,-0.637358,0.630688
0.3952,4846,Real,Index_MCP,-17.703760,1.126544,20.915080,-0.362469,0.346829,0.173102,0.847563
0.3952,4846,Real,Index_PIP,-17.671010,1.128510,20.881670,-0.448807,0.224156,-0.085226,0.860850
0.3952,4846,Real,Index_DIP,-17.648040,1.119479,20.873640,-0.492349,0.096260,-0.311860,0.806889
0.3952,4846,Real,Index_FingerTip,-17.626870,1.103391,20.877720,-0.492349,0.096260,-0.311860,0.806889
0.3952,4846,Real,Middle_MCP,-17.716230,1.106668,20.900860,-0.412220,0.296941,0.138127,0.850189
0.3952,4846,Real,Middle_PIP,-17.674750,1.106143,20.868190,-0.494644,0.115873,-0.198952,0.838045
0.3952,4846,Real,Middle_DIP,-17.649970,1.093722,20.868260,-0.504095,-0.063149,-0.477649,0.716765
0.3952,4846,Real,Middle_FingerTip,-17.634810,1.076147,20.884450,-0.504095,-0.063149,-0.477649,0.716765
0.3952,4846,Real,Ring_MCP,-17.725990,1.085500,20.893060,-0.430903,0.277786,0.143385,0.846522
0.3952,4846,Real,Ring_PIP,-17.688550,1.085657,20.865430,-0.505583,0.085022,-0.202598,0.834333
0.3952,4846,Real,Ring_DIP,-17.664750,1.074486,20.867080,-0.502585,-0.101249,-0.487351,0.706857
0.3952,4846,Real,Ring_FingerTip,-17.651740,1.059336,20.883420,-0.502585,-0.101249,-0.487351,0.706857
0.3952,4846,Real,Pinky_MCP,-17.734860,1.065050,20.891150,-0.441528,0.267244,0.151640,0.842994
0.3952,4846,Real,Pinky_PIP,-17.702920,1.065825,20.868140,-0.511180,0.071141,-0.193621,0.834353
0.3952,4846,Real,Pinky_DIP,-17.686140,1.058563,20.869600,-0.502853,-0.116214,-0.478974,0.710083
0.3952,4846,Real,Pinky_FingerTip,-17.676290,1.047771,20.881980,-0.502853,-0.116214,-0.478974,0.710083
0.3952,4846,Virtual,Wrist,-17.759480,1.063529,20.995670,-0.322463,0.400618,0.370584,0.773428
0.3952,4846,Virtual,Thumb_CMC,-17.729410,1.096668,20.980260,0.378004,0.198877,-0.026775,0.903794
0.3952,4846,Virtual,Thumb_MCP,-17.689040,1.101145,20.963580,0.310909,0.292873,-0.267919,0.863586
0.3952,4846,Virtual,Thumb_IP,-17.655460,1.087385,20.930610,0.137230,0.404484,-0.641658,0.637053
0.3952,4846,Virtual,Thumb_FingerTip,-17.659750,1.067250,20.910910,0.137230,0.404484,-0.641658,0.637053
0.3952,4846,Virtual,Index_MCP,-17.698520,1.121270,20.917750,-0.375849,0.339578,0.163868,0.846506
0.3952,4846,Virtual,Index_PIP,-17.665010,1.122308,20.885060,-0.459446,0.213273,-0.093735,0.857111
0.3952,4846,Virtual,Index_DIP,-17.641870,1.113051,20.877810,-0.499698,0.082933,-0.319063,0.801014
0.3952,4846,Virtual,Index_FingerTip,-17.620820,1.097071,20.882810,-0.499698,0.082933,-0.319063,0.801014
0.3952,4846,Virtual,Middle_MCP,-17.710690,1.101019,20.903800,-0.425247,0.289209,0.129010,0.847868
0.3952,4846,Virtual,Middle_PIP,-17.668470,1.099582,20.872110,-0.503703,0.103731,-0.206479,0.832400
0.3952,4846,Virtual,Middle_DIP,-17.643710,1.087157,20.873090,-0.508372,-0.077682,-0.482747,0.708858
0.3952,4846,Virtual,Middle_FingerTip,-17.628940,1.070025,20.890100,-0.508372,-0.077682,-0.482747,0.708858
0.3952,4846,Virtual,Ring_MCP,-17.720290,1.079650,20.896360,-0.443945,0.270177,0.134316,0.843728
0.3952,4846,Virtual,Ring_PIP,-17.682220,1.079034,20.869600,-0.514559,0.072881,-0.209826,0.828185
0.3952,4846,Virtual,Ring_DIP,-17.658480,1.067902,20.872110,-0.506630,-0.115795,-0.491906,0.698532
0.3952,4846,Virtual,Ring_FingerTip,-17.645860,1.053199,20.889140,-0.506630,-0.115795,-0.491906,0.698532
0.3952,4846,Virtual,Pinky_MCP,-17.729130,1.059159,20.894820,-0.454618,0.259794,0.142594,0.839939
0.3952,4846,Virtual,Pinky_PIP,-17.696680,1.059290,20.872530,-0.520264,0.059127,-0.200725,0.827973
0.3952,4846,Virtual,Pinky_DIP,-17.679940,1.052064,20.874560,-0.507043,-0.130680,-0.483329,0.701586
0.3952,4846,Virtual,Pinky_FingerTip,-17.670380,1.041610,20.887470,-0.507043,-0.130680,-0.483329,0.701586
0.3952,4846,Render,Wrist,-17.759480,1.063529,20.995670,-0.322463,0.400618,0.370584,0.773428
0.3952,4846,Render,Thumb_CMC,-17.729410,1.096668,20.980260,0.319136,0.200393,-0.014571,0.926166
0.3952,4846,Render,Thumb_MCP,-17.689050,1.101099,20.963550,0.283451,0.248315,-0.160772,0.912221
0.3952,4846,Render,Thumb_IP,-17.648600,1.093619,20.936860,0.186605,0.327389,-0.450391,0.809409
0.3952,4846,Render,Thumb_FingerTip,-17.637770,1.076323,20.916970,0.186605,0.327389,-0.450391,0.809409
0.3952,4846,Render,Index_MCP,-17.698520,1.121270,20.917750,-0.361234,0.355085,0.199326,0.838865
0.3952,4846,Render,Index_PIP,-17.667230,1.124917,20.883110,-0.442581,0.246369,-0.030672,0.861675
0.3952,4846,Render,Index_DIP,-17.644470,1.117885,20.872800,-0.488723,0.133137,-0.236259,0.829220
0.3952,4846,Render,Index_FingerTip,-17.621530,1.103844,20.873060,-0.488723,0.133137,-0.236259,0.829220
0.3952,4846,Render,Middle_MCP,-17.710690,1.101019,20.903800,-0.391714,0.333222,0.219356,0.829100
0.3952,4846,Render,Middle_PIP,-17.674690,1.106441,20.865550,-0.466149,0.217214,-0.008732,0.857582
0.3952,4846,Render,Middle_DIP,-17.649590,1.100413,20.855450,-0.504614,0.099203,-0.213947,0.830512
0.3952,4846,Render,Middle_FingerTip,-17.624440,1.087523,20.856900,-0.504614,0.099203,-0.213947,0.830512
0.3952,4846,Render,Ring_MCP,-17.720290,1.079650,20.896360,-0.413145,0.315268,0.222105,0.824977
0.3952,4846,Render,Ring_PIP,-17.687600,1.084581,20.863620,-0.485032,0.186617,-0.018405,0.854154
0.3952,4846,Render,Ring_DIP,-17.663100,1.078983,20.855690,-0.516484,0.057677,-0.234155,0.821638
0.3952,4846,Render,Ring_FingerTip,-17.640300,1.067519,20.859490,-0.516484,0.057677,-0.234155,0.821638
0.3952,4846,Render,Pinky_MCP,-17.729130,1.059159,20.894820,-0.424849,0.306062,0.229940,0.820340
0.3952,4846,Render,Pinky_PIP,-17.701300,1.063774,20.867350,-0.493682,0.174496,-0.009584,0.851903
0.3952,4846,Render,Pinky_DIP,-17.684070,1.060313,20.862070,-0.521781,0.043761,-0.225051,0.821695
0.3952,4846,Render,Pinky_FingerTip,-17.666930,1.052353,20.865190,-0.521781,0.043761,-0.225051,0.821695
0.4090,4847,Real,Wrist,-17.766670,1.069463,20.989660,-0.292285,0.409994,0.387822,0.772055
0.4090,4847,Real,Thumb_CMC,-17.737270,1.103330,20.974550,0.400982,0.221368,-0.032652,0.888338
0.4090,4847,Real,Thumb_MCP,-17.697750,1.108578,20.956130,0.326159,0.321575,-0.271715,0.846393
0.4090,4847,Real,Thumb_IP,-17.666110,1.096311,20.920750,0.135123,0.437644,-0.639937,0.617002
0.4090,4847,Real,Thumb_FingerTip,-17.671870,1.077177,20.900430,0.135123,0.437644,-0.639937,0.617002
0.4090,4847,Real,Index_MCP,-17.709390,1.131153,20.911990,-0.349020,0.356145,0.180478,0.847805
0.4090,4847,Real,Index_PIP,-17.677490,1.133841,20.877810,-0.440058,0.234528,-0.083168,0.862803
0.4090,4847,Real,Index_DIP,-17.654750,1.124759,20.869200,-0.487235,0.106094,-0.314543,0.807718
0.4090,4847,Real,Index_FingerTip,-17.633780,1.108309,20.872840,-0.487235,0.106094,-0.314543,0.807718
0.4090,4847,Real,Middle_MCP,-17.722300,1.111680,20.897610,-0.399773,0.306117,0.144069,0.851891
0.4090,4847,Real,Middle_PIP,-17.681580,1.111717,20.863980,-0.487688,0.125242,-0.200823,0.840324
0.4090,4847,Real,Middle_DIP,-17.656960,1.098975,20.863580,-0.500441,-0.055538,-0.485335,0.714790
0.4090,4847,Real,Middle_FingerTip,-17.642170,1.080914,20.879570,-0.500441,-0.055538,-0.485335,0.714790
0.4090,4847,Real,Ring_MCP,-17.732330,1.090744,20.889530,-0.417872,0.287637,0.150959,0.848446
0.4090,4847,Real,Ring_PIP,-17.695620,1.091478,20.860950,-0.498026,0.096550,-0.200895,0.838027
0.4090,4847,Real,Ring_DIP,-17.671890,1.080074,20.861960,-0.499217,-0.090192,-0.490506,0.708557
0.4090,4847,Real,Ring_FingerTip,-17.658930,1.064464,20.877890,-0.499217,-0.090192,-0.490506,0.708557
0.4090,4847,Real,Pinky_MCP,-17.741320,1.070375,20.887350,-0.428446,0.276961,0.159226,0.845207
0.4090,4847,Real,Pinky_PIP,-17.709990,1.071628,20.863540,-0.503449,0.082537,-0.192023,0.838364
0.4090,4847,Real,Pinky_DIP,-17.693240,1.064197,20.864550,-0.499202,-0.105218,-0.482357,0.712081
0.4090,4847,Real,Pinky_FingerTip,-17.683420,1.053049,20.876650,-0.499202,-0.105218,-0.482357,0.712081
0.4090,4847,Virtual,Wrist,-17.762890,1.066628,20.992770,-0.307747,0.404217,0.379982,0.772991
0.4090,4847,Virtual,Thumb_CMC,-17.733200,1.100208,20.977580,0.389760,0.209900,-0.028747,0.896216
0.4090,4847,Virtual,Thumb_MCP,-17.693230,1.105130,20.960070,0.318457,0.307499,-0.270086,0.855034
0.4090,4847,Virtual,Thumb_IP,-17.660630,1.092087,20.925860,0.135001,0.421599,-0.642591,0.625385
0.4090,4847,Virtual,Thumb_FingerTip,-17.665800,1.072425,20.905890,0.135001,0.421599,-0.642591,0.625385
0.4090,4847,Virtual,Index_MCP,-17.703760,1.126542,20.915080,-0.362621,0.346670,0.172731,0.847638
0.4090,4847,Virtual,Index_PIP,-17.670990,1.128481,20.881700,-0.450174,0.221399,-0.090506,0.860311
0.4090,4847,Virtual,Index_DIP,-17.648000,1.119265,20.873920,-0.493402,0.090709,-0.320927,0.803326
0.4090,4847,Virtual,Index_FingerTip,-17.627080,1.102987,20.878520,-0.493402,0.090709,-0.320927,0.803326
0.4090,4847,Virtual,Middle_MCP,-17.716230,1.106667,20.900870,-0.412857,0.296055,0.136300,0.850484
0.4090,4847,Virtual,Middle_PIP,-17.674650,1.106000,20.868330,-0.495791,0.110863,-0.207422,0.835989
0.4090,4847,Virtual,Middle_DIP,-17.649990,1.093340,20.868900,-0.502928,-0.071856,-0.489971,0.708399
0.4090,4847,Virtual,Middle_FingerTip,-17.635570,1.075740,20.885730,-0.502928,-0.071856,-0.489971,0.708399
0.4090,4847,Virtual,Ring_MCP,-17.726000,1.085498,20.893070,-0.430970,0.277682,0.143180,0.846556
0.4090,4847,Virtual,Ring_PIP,-17.688550,1.085642,20.865450,-0.506051,0.082188,-0.207271,0.833185
0.4090,4847,Virtual,Ring_DIP,-17.664820,1.074351,20.867370,-0.501501,-0.106485,-0.494697,0.701735
0.4090,4847,Virtual,Ring_FingerTip,-17.652230,1.059194,20.884020,-0.501501,-0.106485,-0.494697,0.701735
0.4090,4847,Virtual,Pinky_MCP,-17.734860,1.065049,20.891160,-0.441593,0.267137,0.151436,0.843031
0.4090,4847,Virtual,Pinky_PIP,-17.702920,1.065813,20.868160,-0.511571,0.068275,-0.198294,0.833255
0.4090,4847,Virtual,Pinky_DIP,-17.686180,1.058469,20.869800,-0.501613,-0.121452,-0.486354,0.705049
0.4090,4847,Virtual,Pinky_FingerTip,-17.676650,1.047664,20.882420,-0.501613,-0.121452,-0.486354,0.705049
0.4090,4847,Render,Wrist,-17.762890,1.066628,20.992770,-0.307747,0.404217,0.379982,0.772991
0.4090,4847,Render,Thumb_CMC,-17.733200,1.100208,20.977580,0.331505,0.211278,-0.015134,0.919368
0.4090,4847,Render,Thumb_MCP,-17.693230,1.105137,20.960080,0.293945,0.261018,-0.160253,0.905420
0.4090,4847,Render,Thumb_IP,-17.653400,1.098432,20.932280,0.192364,0.342826,-0.447675,0.803152
0.4090,4847,Render,Thumb_FingerTip,-17.643020,1.081697,20.911690,0.192364,0.342826,-0.447675,0.803152
0.4090,4847,Render,Index_MCP,-17.703760,1.126542,20.915080,-0.347561,0.361767,0.208597,0.839532
0.4090,4847,Render,Index_PIP,-17.673270,1.131167,20.879840,-0.431174,0.256443,-0.021912,0.864781
0.4090,4847,Render,Index_DIP,-17.650750,1.124444,20.868830,-0.480062,0.145651,-0.228498,0.834335
0.4090,4847,Render,Index_FingerTip,-17.627800,1.110425,20.868190,-0.480062,0.145651,-0.228498,0.834335
0.4090,4847,Render,Middle_MCP,-17.716230,1.106667,20.900870,-0.377931,0.339511,0.228670,0.830428
0.4090,4847,Render,Middle_PIP,-17.681120,1.113170,20.861970,-0.454532,0.226937,-0.000106,0.861337
0.4090,4847,Render,Middle_DIP,-17.656260,1.107447,20.851130,-0.495665,0.111426,-0.206471,0.836224
0.4090,4847,Render,Middle_FingerTip,-17.631080,1.094549,20.851650,-0.495665,0.111426,-0.206471,0.836224
0.4090,4847,Render,Ring_MCP,-17.726000,1.085498,20.893070,-0.399377,0.321466,0.231417,0.826804
0.4090,4847,Render,Ring_PIP,-17.694060,1.091357,20.859730,-0.473558,0.196431,-0.009981,0.858521
0.4090,4847,Render,Ring_DIP,-17.669760,1.086005,20.851100,-0.507870,0.070077,-0.227112,0.827997
0.4090,4847,Render,Ring_FingerTip,-17.646870,1.074465,20.854050,-0.507870,0.070077,-0.227112,0.827997
0.4090,4847,Render,Pinky_MCP,-17.734860,1.065049,20.891160,-0.411049,0.312098,0.239256,0.822429
0.4090,4847,Render,Pinky_PIP,-17.707670,1.070441,20.863210,-0.482131,0.184163,-0.001229,0.856523
0.4090,4847,Render,Pinky_DIP,-17.690570,1.067145,20.857440,-0.513056,0.056037,-0.218139,0.828281
0.4090,4847,Render,Pinky_FingerTip,-17.673360,1.059120,20.859950,-0.513056,0.056037,-0.218139,0.828281
0.4233,4848,Real,Wrist,-17.770750,1.072400,20.986140,-0.275653,0.416878,0.396321,0.770167
0.4233,4848,Real,Thumb_CMC,-17.741700,1.106573,20.971040,0.412392,0.234482,-0.037135,0.879530
0.4233,4848,Real,Thumb_MCP,-17.702740,1.112197,20.951580,0.333597,0.337286,-0.273648,0.836701
0.4233,4848,Real,Thumb_IP,-17.672210,1.100779,20.914960,0.134240,0.455004,-0.637052,0.607549
0.4233,4848,Real,Thumb_FingerTip,-17.678640,1.082199,20.894330,0.134240,0.455004,-0.637052,0.607549
0.4233,4848,Real,Index_MCP,-17.715610,1.135954,20.908410,-0.334582,0.366982,0.189050,0.847136
0.4233,4848,Real,Index_PIP,-17.684740,1.139453,20.873370,-0.429552,0.249210,-0.074793,0.864746
0.4233,4848,Real,Index_DIP,-17.662300,1.130538,20.863850,-0.481116,0.123079,-0.307011,0.811864
0.4233,4848,Real,Index_FingerTip,-17.641290,1.113943,20.866420,-0.481116,0.123079,-0.307011,0.811864
0.4233,4848,Real,Middle_MCP,-17.729010,1.116899,20.893930,-0.385895,0.317581,0.152748,0.852582
0.4233,4848,Real,Middle_PIP,-17.689320,1.117710,20.859100,-0.479404,0.141223,-0.193106,0.844357
0.4233,4848,Real,Middle_DIP,-17.664780,1.104918,20.857620,-0.498351,-0.037660,-0.479546,0.721293
0.4233,4848,Real,Middle_FingerTip,-17.649570,1.086403,20.872690,-0.498351,-0.037660,-0.479546,0.721293
0.4233,4848,Real,Ring_MCP,-17.739360,1.096210,20.885610,-0.403960,0.298991,0.159672,0.849662
0.4233,4848,Real,Ring_PIP,-17.703520,1.097595,20.855960,-0.489815,0.112519,-0.193396,0.842626
0.4233,4848,Real,Ring_DIP,-17.679810,1.086106,20.855960,-0.497340,-0.072334,-0.485179,0.715558
0.4233,4848,Real,Ring_FingerTip,-17.666430,1.070048,20.871080,-0.497340,-0.072334,-0.485179,0.715558
0.4233,4848,Real,Pinky_MCP,-17.748480,1.075930,20.883160,-0.414467,0.288176,0.167961,0.846736
0.4233,4848,Real,Pinky_PIP,-17.717870,1.077723,20.858470,-0.495120,0.098406,-0.184628,0.843259
0.4233,4848,Real,Pinky_DIP,-17.701120,1.070223,20.858780,-0.497179,-0.087411,-0.477234,0.719319
0.4233,4848,Real,Pinky_FingerTip,-17.690990,1.058735,20.870280,-0.497179,-0.087411,-0.477234,0.719319
0.4233,4848,Virtual,Wrist,-17.766680,1.069464,20.989670,-0.292285,0.409994,0.387822,0.772055
0.4233,4848,Virtual,Thumb_CMC,-17.737280,1.103331,20.974560,0.400982,0.221368,-0.032652,0.888338
0.4233,4848,Virtual,Thumb_MCP,-17.697770,1.108579,20.956140,0.326159,0.321575,-0.271715,0.846393
0.4233,4848,Virtual,Thumb_IP,-17.666110,1.096313,20.920760,0.135123,0.437643,-0.639937,0.617002
0.4233,4848,Virtual,Thumb_FingerTip,-17.671870,1.077178,20.900440,0.135123,0.437643,-0.639937,0.617002
0.4233,4848,Virtual,Index_MCP,-17.709390,1.131154,20.911990,-0.349021,0.356144,0.180478,0.847805
0.4233,4848,Virtual,Index_PIP,-17.677500,1.133842,20.877810,-0.440058,0.234528,-0.083168,0.862803
0.4233,4848,Virtual,Index_DIP,-17.654750,1.124760,20.869210,-0.487235,0.106094,-0.314543,0.807718
0.4233,4848,Virtual,Index_FingerTip,-17.633780,1.108310,20.872840,-0.487235,0.106094,-0.314543,0.807718
0.4233,4848,Virtual,Middle_MCP,-17.722300,1.111681,20.897620,-0.399773,0.306116,0.144069,0.851891
0.4233,4848,Virtual,Middle_PIP,-17.681590,1.111718,20.863990,-0.487688,0.125242,-0.200823,0.840324
0.4233,4848,Virtual,Middle_DIP,-17.656970,1.098976,20.863590,-0.500441,-0.055539,-0.485335,0.714790
0.4233,4848,Virtual,Middle_FingerTip,-17.642180,1.080915,20.879580,-0.500441,-0.055539,-0.485335,0.714790
0.4233,4848,Virtual,Ring_MCP,-17.732340,1.090745,20.889540,-0.417872,0.287637,0.150959,0.848445
0.4233,4848,Virtual,Ring_PIP,-17.695620,1.091479,20.860960,-0.498026,0.096550,-0.200895,0.838027
0.4233,4848,Virtual,Ring_DIP,-17.671900,1.080075,20.861970,-0.499217,-0.090192,-0.490506,0.708556
0.4233,4848,Virtual,Ring_FingerTip,-17.658940,1.064465,20.877900,-0.499217,-0.090192,-0.490506,0.708556
0.4233,4848,Virtual,Pinky_MCP,-17.741330,1.070376,20.887360,-0.428446,0.276961,0.159226,0.845207
0.4233,4848,Virtual,Pinky_PIP,-17.709990,1.071630,20.863550,-0.503449,0.082536,-0.192023,0.838364
0.4233,4848,Virtual,Pinky_DIP,-17.693250,1.064198,20.864560,-0.499201,-0.105218,-0.482357,0.712081
0.4233,4848,Virtual,Pinky_FingerTip,-17.683430,1.053050,20.876650,-0.499201,-0.105218,-0.482357,0.712081
0.4233,4848,Render,Wrist,-17.766680,1.069464,20.989670,-0.292285,0.409994,0.387822,0.772055
0.4233,4848,Render,Thumb_CMC,-17.737280,1.103331,20.974560,0.343210,0.222972,-0.018296,0.912226
0.4233,4848,Render,Thumb_MCP,-17.697760,1.108586,20.956150,0.303655,0.274415,-0.162248,0.897868
0.4233,4848,Render,Thumb_IP,-17.658700,1.102472,20.927150,0.197156,0.358663,-0.447089,0.795363
0.4233,4848,Render,Thumb_FingerTip,-17.648930,1.086234,20.905870,0.197156,0.358663,-0.447089,0.795363
0.4233,4848,Render,Index_MCP,-17.709390,1.131154,20.911990,-0.333570,0.370655,0.216344,0.839370
0.4233,4848,Render,Index_PIP,-17.679820,1.136582,20.876100,-0.420047,0.268728,-0.014399,0.866683
0.4233,4848,Render,Index_DIP,-17.657620,1.130074,20.864320,-0.472203,0.160244,-0.221661,0.837981
0.4233,4848,Render,Index_FingerTip,-17.634750,1.116010,20.862730,-0.472203,0.160244,-0.221661,0.837981
0.4233,4848,Render,Middle_MCP,-17.722300,1.111681,20.897620,-0.363823,0.348078,0.236547,0.830976
0.4233,4848,Render,Middle_PIP,-17.688210,1.119066,20.857980,-0.443206,0.238944,0.007342,0.863957
0.4233,4848,Render,Middle_DIP,-17.663650,1.113546,20.846350,-0.487546,0.125796,-0.199868,0.840552
0.4233,4848,Render,Middle_FingerTip,-17.638510,1.100567,20.845890,-0.487546,0.125796,-0.199868,0.840552
0.4233,4848,Render,Ring_MCP,-17.732340,1.090745,20.889540,-0.385304,0.329989,0.239352,0.827864
0.4233,4848,Render,Ring_PIP,-17.701270,1.097354,20.855540,-0.462443,0.208562,-0.002662,0.861767
0.4233,4848,Render,Ring_DIP,-17.677220,1.092151,20.846130,-0.500190,0.084627,-0.220854,0.832990
0.4233,4848,Render,Ring_FingerTip,-17.654310,1.080474,20.848190,-0.500190,0.084627,-0.220854,0.832990
0.4233,4848,Render,Pinky_MCP,-17.741330,1.070376,20.887360,-0.396942,0.320484,0.247232,0.823774
0.4233,4848,Render,Pinky_PIP,-17.714860,1.076396,20.858840,-0.470945,0.196172,0.006049,0.860053
0.4233,4848,Render,Pinky_DIP,-17.697930,1.073197,20.852540,-0.505276,0.070488,-0.211992,0.833539
0.4233,4848,Render,Pinky_FingerTip,-17.680680,1.065062,20.854390,-0.505276,0.070488,-0.211992,0.833539
0.4365,4849,Real,Wrist,-17.774090,1.075020,20.983490,-0.263534,0.421292,0.403293,0.768387
0.4365,4849,Real,Thumb_CMC,-17.745350,1.109484,20.968450,0.421222,0.243763,-0.037810,0.872767
0.4365,4849,Real,Thumb_MCP,-17.706780,1.115603,20.948370,0.338716,0.349457,-0.274540,0.829325
0.4365,4849,Real,Thumb_IP,-17.677120,1.104884,20.910830,0.130883,0.468741,-0.637041,0.597772
0.4365,4849,Real,Thumb_FingerTip,-17.684270,1.086675,20.890100,0.130883,0.468741,-0.637041,0.597772
0.4365,4849,Real,Index_MCP,-17.720610,1.140107,20.905870,-0.324113,0.374180,0.195799,0.846524
0.4365,4849,Real,Index_PIP,-17.690490,1.144272,20.870260,-0.424299,0.255009,-0.076804,0.865472
0.4365,4849,Real,Index_DIP,-17.668210,1.135204,20.860490,-0.478785,0.125796,-0.316418,0.809210
0.4365,4849,Real,Index_FingerTip,-17.647550,1.118188,20.863170,-0.478785,0.125796,-0.316418,0.809210
0.4365,4849,Real,Middle_MCP,-17.734330,1.121348,20.891300,-0.375235,0.325785,0.160904,0.852745
0.4365,4849,Real,Middle_PIP,-17.695470,1.122929,20.855580,-0.473956,0.149340,-0.192115,0.846260
0.4365,4849,Real,Middle_DIP,-17.671030,1.109991,20.853630,-0.495926,-0.031539,-0.484239,0.720122
0.4365,4849,Real,Middle_FingerTip,-17.656060,1.091140,20.868500,-0.495926,-0.031539,-0.484239,0.720122
0.4365,4849,Real,Ring_MCP,-17.744870,1.100831,20.882800,-0.392625,0.307953,0.169638,0.849843
0.4365,4849,Real,Ring_PIP,-17.709840,1.102995,20.852250,-0.483588,0.123013,-0.188280,0.845909
0.4365,4849,Real,Ring_DIP,-17.686160,1.091470,20.851560,-0.495075,-0.062377,-0.484617,0.718441
0.4365,4849,Real,Ring_FingerTip,-17.672680,1.075097,20.866250,-0.495075,-0.062377,-0.484617,0.718441
0.4365,4849,Real,Pinky_MCP,-17.754050,1.080605,20.880150,-0.403107,0.297061,0.177924,0.847115
0.4365,4849,Real,Pinky_PIP,-17.724120,1.083044,20.854680,-0.488774,0.108814,-0.179598,0.846761
0.4365,4849,Real,Pinky_DIP,-17.707390,1.075513,20.854520,-0.494708,-0.077489,-0.476848,0.722409
0.4365,4849,Real,Pinky_FingerTip,-17.697180,1.063783,20.865710,-0.494708,-0.077489,-0.476848,0.722409
0.4365,4849,Virtual,Wrist,-17.770760,1.072401,20.986140,-0.275653,0.416878,0.396321,0.770167
0.4365,4849,Virtual,Thumb_CMC,-17.741710,1.106574,20.971040,0.412812,0.233957,-0.035497,0.879540
0.4365,4849,Virtual,Thumb_MCP,-17.702710,1.112314,20.951680,0.333301,0.337727,-0.274163,0.836472
0.4365,4849,Virtual,Thumb_IP,-17.672240,1.100864,20.915020,0.131723,0.455849,-0.640120,0.604233
0.4365,4849,Virtual,Thumb_FingerTip,-17.678940,1.082241,20.894510,0.131723,0.455849,-0.640120,0.604233
0.4365,4849,Virtual,Index_MCP,-17.715610,1.135955,20.908410,-0.334743,0.366835,0.188678,0.847219
0.4365,4849,Virtual,Index_PIP,-17.684720,1.139425,20.873390,-0.432123,0.244726,-0.083789,0.863921
0.4365,4849,Virtual,Index_DIP,-17.662240,1.130178,20.864290,-0.483411,0.113732,-0.322686,0.805762
0.4365,4849,Virtual,Index_FingerTip,-17.641640,1.113231,20.867760,-0.483411,0.113732,-0.322686,0.805762
0.4365,4849,Virtual,Middle_MCP,-17.729020,1.116900,20.893930,-0.385534,0.318019,0.153716,0.852408
0.4365,4849,Virtual,Middle_PIP,-17.689390,1.117790,20.859040,-0.480309,0.138114,-0.198573,0.843088
0.4365,4849,Virtual,Middle_DIP,-17.664910,1.104831,20.857870,-0.497805,-0.044300,-0.489119,0.714836
0.4365,4849,Virtual,Middle_FingerTip,-17.650260,1.086290,20.873450,-0.497805,-0.044300,-0.489119,0.714836
0.4365,4849,Virtual,Ring_MCP,-17.739360,1.096211,20.885620,-0.402984,0.300305,0.162439,0.849138
0.4365,4849,Virtual,Ring_PIP,-17.703680,1.097785,20.855790,-0.489972,0.111830,-0.194580,0.842354
0.4365,4849,Virtual,Ring_DIP,-17.679990,1.086262,20.855850,-0.496927,-0.075119,-0.489180,0.712828
0.4365,4849,Virtual,Ring_FingerTip,-17.666820,1.070195,20.871160,-0.496927,-0.075119,-0.489180,0.712828
0.4365,4849,Virtual,Pinky_MCP,-17.748490,1.075931,20.883170,-0.413526,0.289524,0.170718,0.846184
0.4365,4849,Virtual,Pinky_PIP,-17.718010,1.077878,20.858310,-0.495258,0.097709,-0.185814,0.842998
0.4365,4849,Virtual,Pinky_DIP,-17.701280,1.070355,20.858670,-0.496682,-0.090195,-0.481257,0.716634
0.4365,4849,Virtual,Pinky_FingerTip,-17.691310,1.058857,20.870300,-0.496682,-0.090195,-0.481257,0.716634
0.4365,4849,Render,Wrist,-17.770760,1.072401,20.986140,-0.275653,0.416878,0.396321,0.770167
0.4365,4849,Render,Thumb_CMC,-17.741710,1.106574,20.971040,0.355163,0.236344,-0.021929,0.904168
0.4365,4849,Render,Thumb_MCP,-17.702740,1.112205,20.951590,0.313344,0.289509,-0.164561,0.889337
0.4365,4849,Render,Thumb_IP,-17.664590,1.106749,20.921280,0.201373,0.376096,-0.446484,0.786545
0.4365,4849,Render,Thumb_FingerTip,-17.655510,1.091049,20.899300,0.201373,0.376096,-0.446484,0.786545
0.4365,4849,Render,Index_MCP,-17.715610,1.135955,20.908410,-0.318684,0.380869,0.224879,0.838337
0.4365,4849,Render,Index_PIP,-17.687110,1.142244,20.871800,-0.408409,0.282530,-0.005897,0.867954
0.4365,4849,Render,Index_DIP,-17.665300,1.135988,20.859190,-0.464212,0.176432,-0.213710,0.841254
0.4365,4849,Render,Index_FingerTip,-17.642530,1.121909,20.856540,-0.464212,0.176432,-0.213710,0.841254
0.4365,4849,Render,Middle_MCP,-17.729020,1.116900,20.893930,-0.348773,0.357952,0.245249,0.830711
0.4365,4849,Render,Middle_PIP,-17.696090,1.125232,20.853490,-0.431318,0.252461,0.015803,0.866013
0.4365,4849,Render,Middle_DIP,-17.671920,1.119954,20.840990,-0.479243,0.141768,-0.192147,0.844576
0.4365,4849,Render,Middle_FingerTip,-17.646850,1.106923,20.839420,-0.479243,0.141768,-0.192147,0.844576
0.4365,4849,Render,Ring_MCP,-17.739360,1.096211,20.885620,-0.370276,0.339816,0.248145,0.828158
0.4365,4849,Render,Ring_PIP,-17.709310,1.103627,20.850870,-0.450778,0.222213,0.005694,0.864517
0.4365,4849,Render,Ring_DIP,-17.685570,1.098608,20.840620,-0.492363,0.100788,-0.213466,0.837767
0.4365,4849,Render,Ring_FingerTip,-17.662640,1.086820,20.841680,-0.492363,0.100788,-0.213466,0.837767
0.4365,4849,Render,Pinky_MCP,-17.748490,1.075931,20.883170,-0.381861,0.330167,0.256080,0.824376
0.4365,4849,Render,Pinky_PIP,-17.722860,1.082626,20.854030,-0.459189,0.209699,0.014372,0.863114
0.4365,4849,Render,Pinky_DIP,-17.706140,1.079548,20.847150,-0.497329,0.086552,-0.204716,0.838608
0.4365,4849,Render,Pinky_FingerTip,-17.688870,1.071321,20.848270,-0.497329,0.086552,-0.204716,0.838608
0.4503,4850,Real,Wrist,-17.777270,1.077302,20.981170,-0.253906,0.424948,0.408563,0.766830
0.4503,4850,Real,Thumb_CMC,-17.748780,1.111979,20.966160,0.427695,0.251520,-0.039901,0.867308
0.4503,4850,Real,Thumb_MCP,-17.710560,1.118387,20.945510,0.342827,0.358686,-0.275061,0.823502
0.4503,4850,Real,Thumb_IP,-17.681560,1.108233,20.907300,0.130092,0.478813,-0.634720,0.592407
0.4503,4850,Real,Thumb_FingerTip,-17.689090,1.090351,20.886420,0.130092,0.478813,-0.634720,0.592407
0.4503,4850,Real,Index_MCP,-17.725110,1.143552,20.903640,-0.315706,0.380147,0.201222,0.845771
0.4503,4850,Real,Index_PIP,-17.695600,1.148251,20.867580,-0.418161,0.263292,-0.071416,0.866440
0.4503,4850,Real,Index_DIP,-17.673510,1.139324,20.857290,-0.475216,0.135468,-0.311516,0.811651
0.4503,4850,Real,Index_FingerTip,-17.652820,1.122257,20.859330,-0.475216,0.135468,-0.311516,0.811651
0.4503,4850,Real,Middle_MCP,-17.739090,1.125029,20.889030,-0.367098,0.332096,0.166399,0.852797
0.4503,4850,Real,Middle_PIP,-17.700860,1.127141,20.852660,-0.469007,0.158371,-0.187095,0.848497
0.4503,4850,Real,Middle_DIP,-17.676470,1.114222,20.850080,-0.494564,-0.021332,-0.480363,0.724019
0.4503,4850,Real,Middle_FingerTip,-17.661260,1.095134,20.864400,-0.494564,-0.021332,-0.480363,0.724019
0.4503,4850,Real,Ring_MCP,-17.749800,1.104651,20.880400,-0.384439,0.314179,0.175148,0.850189
0.4503,4850,Real,Ring_PIP,-17.715300,1.107269,20.849270,-0.478616,0.132016,-0.183380,0.848452
0.4503,4850,Real,Ring_DIP,-17.691650,1.095742,20.847990,-0.493740,-0.052179,-0.480986,0.722600
0.4503,4850,Real,Ring_FingerTip,-17.677930,1.079137,20.862190,-0.493740,-0.052179,-0.480986,0.722600
0.4503,4850,Real,Pinky_MCP,-17.759040,1.084474,20.877590,-0.394873,0.303203,0.183442,0.847640
0.4503,4850,Real,Pinky_PIP,-17.729560,1.087291,20.851650,-0.483724,0.117760,-0.174764,0.849471
0.4503,4850,Real,Pinky_DIP,-17.712840,1.079754,20.851080,-0.493280,-0.067315,-0.473340,0.726700
0.4503,4850,Real,Pinky_FingerTip,-17.702450,1.067846,20.861900,-0.493280,-0.067315,-0.473340,0.726700
0.4503,4850,Virtual,Wrist,-17.774090,1.075019,20.983500,-0.263534,0.421292,0.403293,0.768387
0.4503,4850,Virtual,Thumb_CMC,-17.745350,1.109483,20.968460,0.421222,0.243763,-0.037810,0.872767
0.4503,4850,Virtual,Thumb_MCP,-17.706780,1.115602,20.948370,0.338716,0.349457,-0.274540,0.829325
0.4503,4850,Virtual,Thumb_IP,-17.677120,1.104882,20.910840,0.130883,0.468741,-0.637041,0.597772
0.4503,4850,Virtual,Thumb_FingerTip,-17.684280,1.086674,20.890110,0.130883,0.468741,-0.637041,0.597772
0.4503,4850,Virtual,Index_MCP,-17.720610,1.140105,20.905870,-0.324113,0.374180,0.195799,0.846524
0.4503,4850,Virtual,Index_PIP,-17.690480,1.144270,20.870270,-0.424299,0.255009,-0.076804,0.865472
0.4503,4850,Virtual,Index_DIP,-17.668210,1.135203,20.860500,-0.478785,0.125796,-0.316417,0.809210
0.4503,4850,Virtual,Index_FingerTip,-17.647550,1.118187,20.863180,-0.478785,0.125796,-0.316417,0.809210
0.4503,4850,Virtual,Middle_MCP,-17.734330,1.121347,20.891310,-0.375235,0.325784,0.160904,0.852745
0.4503,4850,Virtual,Middle_PIP,-17.695470,1.122927,20.855590,-0.473956,0.149340,-0.192114,0.846260
0.4503,4850,Virtual,Middle_DIP,-17.671030,1.109990,20.853630,-0.495926,-0.031539,-0.484239,0.720122
0.4503,4850,Virtual,Middle_FingerTip,-17.656060,1.091139,20.868510,-0.495926,-0.031539,-0.484239,0.720122
0.4503,4850,Virtual,Ring_MCP,-17.744870,1.100829,20.882810,-0.392625,0.307953,0.169638,0.849843
0.4503,4850,Virtual,Ring_PIP,-17.709840,1.102994,20.852250,-0.483588,0.123013,-0.188280,0.845909
0.4503,4850,Virtual,Ring_DIP,-17.686160,1.091468,20.851570,-0.495075,-0.062377,-0.484617,0.718441
0.4503,4850,Virtual,Ring_FingerTip,-17.672680,1.075096,20.866260,-0.495075,-0.062377,-0.484617,0.718441
0.4503,4850,Virtual,Pinky_MCP,-17.754050,1.080604,20.880150,-0.403107,0.297061,0.177924,0.847114
0.4503,4850,Virtual,Pinky_PIP,-17.724120,1.083043,20.854690,-0.488774,0.108814,-0.179598,0.846761
0.4503,4850,Virtual,Pinky_DIP,-17.707400,1.075512,20.854530,-0.494708,-0.077489,-0.476849,0.722409
0.4503,4850,Virtual,Pinky_FingerTip,-17.697180,1.063781,20.865720,-0.494708,-0.077489,-0.476849,0.722409
0.4503,4850,Render,Wrist,-17.774090,1.075019,20.983500,-0.263534,0.421292,0.403293,0.768387
0.4503,4850,Render,Thumb_CMC,-17.745350,1.109483,20.968460,0.363974,0.246294,-0.023599,0.897945
0.4503,4850,Render,Thumb_MCP,-17.706820,1.115494,20.948280,0.320471,0.300726,-0.165226,0.882929
0.4503,4850,Render,Thumb_IP,-17.669330,1.110639,20.917050,0.204439,0.389028,-0.445016,0.780272
0.4503,4850,Render,Thumb_FingerTip,-17.660750,1.095381,20.894560,0.204439,0.389028,-0.445016,0.780272
0.4503,4850,Render,Index_MCP,-17.720610,1.140105,20.905870,-0.307748,0.387751,0.231964,0.837337
0.4503,4850,Render,Index_PIP,-17.692900,1.147120,20.868780,-0.399694,0.292069,0.001199,0.868873
0.4503,4850,Render,Index_DIP,-17.671380,1.141114,20.855580,-0.458037,0.187782,-0.207042,0.843845
0.4503,4850,Render,Index_FingerTip,-17.648680,1.127087,20.852160,-0.458037,0.187782,-0.207042,0.843845
0.4503,4850,Render,Middle_MCP,-17.734330,1.121347,20.891310,-0.337693,0.364556,0.252431,0.830266
0.4503,4850,Render,Middle_PIP,-17.702290,1.130480,20.850340,-0.422390,0.261770,0.022844,0.867492
0.4503,4850,Render,Middle_DIP,-17.678400,1.125449,20.837210,-0.472805,0.152945,-0.185664,0.847698
0.4503,4850,Render,Middle_FingerTip,-17.653380,1.112448,20.834850,-0.472805,0.152945,-0.185664,0.847698
0.4503,4850,Render,Ring_MCP,-17.744870,1.100829,20.882810,-0.359191,0.346369,0.255378,0.828126
0.4503,4850,Render,Ring_PIP,-17.715570,1.108933,20.847580,-0.441978,0.231613,0.012646,0.866517
0.4503,4850,Render,Ring_DIP,-17.692070,1.104117,20.836710,-0.486231,0.112111,-0.207248,0.841463
0.4503,4850,Render,Ring_FingerTip,-17.669130,1.092306,20.837040,-0.486231,0.112111,-0.207248,0.841463
0.4503,4850,Render,Pinky_MCP,-17.754050,1.080604,20.880150,-0.370729,0.336602,0.263343,0.824567
0.4503,4850,Render,Pinky_PIP,-17.729070,1.087876,20.850610,-0.450310,0.219001,0.021289,0.865336
0.4503,4850,Render,Pinky_DIP,-17.712490,1.084934,20.843310,-0.491097,0.097799,-0.198587,0.842510
0.4503,4850,Render,Pinky_FingerTip,-17.695220,1.076683,20.843890,-0.491097,0.097799,-0.198587,0.842510
0.4641,4851,Real,Wrist,-17.780350,1.079360,20.979080,-0.245584,0.427515,0.413212,0.765621
0.4641,4851,Real,Thumb_CMC,-17.752060,1.114239,20.964160,0.433645,0.257677,-0.040759,0.862493
0.4641,4851,Real,Thumb_MCP,-17.714130,1.120965,20.943090,0.346691,0.366402,-0.274973,0.818502
0.4641,4851,Real,Thumb_IP,-17.685670,1.111351,20.904330,0.129377,0.487552,-0.632773,0.587498
0.4641,4851,Real,Thumb_FingerTip,-17.693540,1.093757,20.883340,0.129377,0.487552,-0.632773,0.587498
0.4641,4851,Real,Index_MCP,-17.729260,1.146681,20.901760,-0.308466,0.384598,0.205623,0.845371
0.4641,4851,Real,Index_PIP,-17.700250,1.151850,20.865370,-0.413429,0.268595,-0.069579,0.867233
0.4641,4851,Real,Index_DIP,-17.678290,1.142954,20.854770,-0.472522,0.140675,-0.312058,0.812129
0.4641,4851,Real,Index_FingerTip,-17.657690,1.125742,20.856550,-0.472522,0.140675,-0.312058,0.812129
0.4641,4851,Real,Middle_MCP,-17.743460,1.128367,20.887080,-0.359723,0.337164,0.171622,0.852916
0.4641,4851,Real,Middle_PIP,-17.705780,1.131017,20.850190,-0.464509,0.165263,-0.183624,0.850413
0.4641,4851,Real,Middle_DIP,-17.681440,1.118104,20.847130,-0.492834,-0.013945,-0.478795,0.726413
0.4641,4851,Real,Middle_FingerTip,-17.666130,1.098808,20.861060,-0.492834,-0.013945,-0.478795,0.726413
0.4641,4851,Real,Ring_MCP,-17.754300,1.108114,20.878320,-0.376934,0.319293,0.180624,0.850499
0.4641,4851,Real,Ring_PIP,-17.720290,1.111210,20.846720,-0.473968,0.139218,-0.179411,0.850756
0.4641,4851,Real,Ring_DIP,-17.696660,1.099692,20.844960,-0.492005,-0.044252,-0.478837,0.725733
0.4641,4851,Real,Ring_FingerTip,-17.682790,1.082883,20.858770,-0.492005,-0.044252,-0.478837,0.725733
0.4641,4851,Real,Pinky_MCP,-17.763590,1.087979,20.875370,-0.387337,0.308251,0.188912,0.848094
0.4641,4851,Real,Pinky_PIP,-17.734510,1.091194,20.849020,-0.479006,0.124908,-0.170859,0.851915
0.4641,4851,Real,Pinky_DIP,-17.717800,1.083658,20.848120,-0.491446,-0.059412,-0.471305,0.729947
0.4641,4851,Real,Pinky_FingerTip,-17.707290,1.071595,20.858650,-0.491446,-0.059412,-0.471305,0.729947
0.4641,4851,Virtual,Wrist,-17.777280,1.077303,20.981170,-0.253906,0.424948,0.408563,0.766829
0.4641,4851,Virtual,Thumb_CMC,-17.748780,1.111979,20.966160,0.427838,0.251344,-0.039386,0.867312
0.4641,4851,Virtual,Thumb_MCP,-17.710550,1.118423,20.945540,0.342837,0.358723,-0.274970,0.823512
0.4641,4851,Virtual,Thumb_IP,-17.681550,1.108278,20.907330,0.129662,0.478965,-0.635165,0.591901
0.4641,4851,Virtual,Thumb_FingerTip,-17.689130,1.090389,20.886470,0.129662,0.478965,-0.635165,0.591901
0.4641,4851,Virtual,Index_MCP,-17.725110,1.143553,20.903640,-0.315872,0.380008,0.200852,0.845859
0.4641,4851,Virtual,Index_PIP,-17.695580,1.148223,20.867590,-0.419024,0.261916,-0.074263,0.866201
0.4641,4851,Virtual,Index_DIP,-17.673480,1.139186,20.857430,-0.476000,0.132686,-0.316259,0.809814
0.4641,4851,Virtual,Index_FingerTip,-17.652900,1.122009,20.859750,-0.476000,0.132686,-0.316259,0.809814
0.4641,4851,Virtual,Middle_MCP,-17.739100,1.125030,20.889030,-0.366933,0.332278,0.166823,0.852714
0.4641,4851,Virtual,Middle_PIP,-17.700900,1.127177,20.852640,-0.469165,0.157902,-0.187942,0.848310
0.4641,4851,Virtual,Middle_DIP,-17.676520,1.114231,20.850100,-0.494513,-0.022492,-0.482059,0.722890
0.4641,4851,Virtual,Middle_FingerTip,-17.661400,1.095137,20.864510,-0.494513,-0.022492,-0.482059,0.722890
0.4641,4851,Virtual,Ring_MCP,-17.749800,1.104652,20.880400,-0.384188,0.314486,0.175828,0.850049
0.4641,4851,Virtual,Ring_PIP,-17.715350,1.107318,20.849230,-0.478653,0.131884,-0.183613,0.848401
0.4641,4851,Virtual,Ring_DIP,-17.691700,1.095784,20.847970,-0.493675,-0.052792,-0.481883,0.722002
0.4641,4851,Virtual,Ring_FingerTip,-17.678020,1.079176,20.862210,-0.493675,-0.052792,-0.481883,0.722002
0.4641,4851,Virtual,Pinky_MCP,-17.759050,1.084475,20.877590,-0.394630,0.303519,0.184119,0.847493
0.4641,4851,Virtual,Pinky_PIP,-17.729600,1.087330,20.851610,-0.483757,0.117627,-0.174997,0.849423
0.4641,4851,Virtual,Pinky_DIP,-17.712890,1.079789,20.851050,-0.493196,-0.067928,-0.474242,0.726112
0.4641,4851,Virtual,Pinky_FingerTip,-17.702520,1.067878,20.861910,-0.493196,-0.067928,-0.474242,0.726112
0.4641,4851,Render,Wrist,-17.777280,1.077303,20.981170,-0.253906,0.424948,0.408563,0.766829
0.4641,4851,Render,Thumb_CMC,-17.748780,1.111979,20.966160,0.370771,0.254181,-0.025179,0.892910
0.4641,4851,Render,Thumb_MCP,-17.710600,1.118282,20.945410,0.325936,0.309587,-0.165990,0.877707
0.4641,4851,Render,Thumb_IP,-17.673670,1.113890,20.913460,0.206704,0.399190,-0.444029,0.775087
0.4641,4851,Render,Thumb_FingerTip,-17.665490,1.098976,20.890590,0.206704,0.399190,-0.444029,0.775087
0.4641,4851,Render,Index_MCP,-17.725110,1.143553,20.903640,-0.299093,0.393351,0.237350,0.836352
0.4641,4851,Render,Index_PIP,-17.698050,1.151126,20.866180,-0.392837,0.299767,0.006653,0.869353
0.4641,4851,Render,Index_DIP,-17.676760,1.145313,20.852520,-0.453224,0.196899,-0.201862,0.845619
0.4641,4851,Render,Index_FingerTip,-17.654140,1.131328,20.848480,-0.453224,0.196899,-0.201862,0.845619
0.4641,4851,Render,Middle_MCP,-17.739100,1.125030,20.889030,-0.328919,0.369947,0.257900,0.829722
0.4641,4851,Render,Middle_PIP,-17.707770,1.134778,20.847640,-0.415364,0.269299,0.028261,0.868420
0.4641,4851,Render,Middle_DIP,-17.684120,1.129938,20.834030,-0.467788,0.161938,-0.180628,0.849897
0.4641,4851,Render,Middle_FingerTip,-17.659150,1.116961,20.831030,-0.467788,0.161938,-0.180628,0.849897
0.4641,4851,Render,Ring_MCP,-17.749800,1.104652,20.880400,-0.350413,0.351728,0.260895,0.827908
0.4641,4851,Render,Ring_PIP,-17.721120,1.113284,20.844790,-0.435058,0.239221,0.018002,0.867856
0.4641,4851,Render,Ring_DIP,-17.697810,1.108624,20.833440,-0.481463,0.121224,-0.202406,0.844115
0.4641,4851,Render,Ring_FingerTip,-17.674880,1.096796,20.833180,-0.481463,0.121224,-0.202406,0.844115
0.4641,4851,Render,Pinky_MCP,-17.759050,1.084475,20.877590,-0.361911,0.341873,0.268885,0.824527
0.4641,4851,Render,Pinky_PIP,-17.734570,1.092190,20.847730,-0.443327,0.226535,0.026621,0.866854
0.4641,4851,Render,Pinky_DIP,-17.718140,1.089352,20.840090,-0.486249,0.106856,-0.193814,0.845328
0.4641,4851,Render,Pinky_FingerTip,-17.700860,1.081083,20.840240,-0.486249,0.106856,-0.193814,0.845328
0.4783,4852,Real,Wrist,-17.783380,1.081227,20.976960,-0.238165,0.429987,0.417341,0.764340
0.4783,4852,Real,Thumb_CMC,-17.755270,1.116284,20.962100,0.438653,0.263501,-0.042086,0.858126
0.4783,4852,Real,Thumb_MCP,-17.717620,1.123263,20.940620,0.349917,0.373373,-0.275056,0.813938
0.4783,4852,Real,Thumb_IP,-17.689680,1.114121,20.901390,0.128877,0.495217,-0.630664,0.583450
0.4783,4852,Real,Thumb_FingerTip,-17.697820,1.096785,20.880280,0.128877,0.495217,-0.630664,0.583450
0.4783,4852,Real,Index_MCP,-17.733290,1.149484,20.899810,-0.301915,0.388866,0.209901,0.844732
0.4783,4852,Real,Index_PIP,-17.704740,1.155094,20.863110,-0.408545,0.274701,-0.065316,0.867966
0.4783,4852,Real,Index_DIP,-17.682930,1.146325,20.852120,-0.469565,0.147912,-0.308177,0.814038
0.4783,4852,Real,Index_FingerTip,-17.662310,1.129092,20.853430,-0.469565,0.147912,-0.308177,0.814038
0.4783,4852,Real,Middle_MCP,-17.747680,1.131351,20.885100,-0.353350,0.341695,0.175945,0.852896
0.4783,4852,Real,Middle_PIP,-17.710480,1.134448,20.847760,-0.460478,0.171963,-0.179653,0.852123
0.4783,4852,Real,Middle_DIP,-17.686190,1.121572,20.844220,-0.491500,-0.006240,-0.475711,0.729443
0.4783,4852,Real,Middle_FingerTip,-17.670700,1.102105,20.857710,-0.491500,-0.006240,-0.475711,0.729443
0.4783,4852,Real,Ring_MCP,-17.758630,1.111208,20.876230,-0.370518,0.323755,0.184950,0.850701
0.4783,4852,Real,Ring_PIP,-17.725040,1.114687,20.844230,-0.469910,0.145897,-0.175537,0.852693
0.4783,4852,Real,Ring_DIP,-17.701440,1.103188,20.842020,-0.490678,-0.036550,-0.475943,0.728956
0.4783,4852,Real,Ring_FingerTip,-17.687400,1.086211,20.855440,-0.490678,-0.036550,-0.475943,0.728956
0.4783,4852,Real,Pinky_MCP,-17.767970,1.091112,20.873150,-0.380882,0.312649,0.193238,0.848433
0.4783,4852,Real,Pinky_PIP,-17.739230,1.094645,20.846470,-0.474886,0.131544,-0.167041,0.853977
0.4783,4852,Real,Pinky_DIP,-17.722540,1.087119,20.845260,-0.490046,-0.051728,-0.468509,0.733266
0.4783,4852,Real,Pinky_FingerTip,-17.711900,1.074927,20.855510,-0.490046,-0.051728,-0.468509,0.733266
0.4783,4852,Virtual,Wrist,-17.780360,1.079359,20.979090,-0.245584,0.427515,0.413212,0.765622
0.4783,4852,Virtual,Thumb_CMC,-17.752060,1.114238,20.964170,0.433645,0.257677,-0.040759,0.862493
0.4783,4852,Virtual,Thumb_MCP,-17.714130,1.120964,20.943100,0.346691,0.366402,-0.274973,0.818502
0.4783,4852,Virtual,Thumb_IP,-17.685680,1.111350,20.904340,0.129377,0.487552,-0.632773,0.587498
0.4783,4852,Virtual,Thumb_FingerTip,-17.693550,1.093756,20.883350,0.129377,0.487552,-0.632773,0.587498
0.4783,4852,Virtual,Index_MCP,-17.729270,1.146680,20.901770,-0.308466,0.384598,0.205623,0.845371
0.4783,4852,Virtual,Index_PIP,-17.700250,1.151849,20.865380,-0.413429,0.268595,-0.069579,0.867233
0.4783,4852,Virtual,Index_DIP,-17.678290,1.142952,20.854780,-0.472522,0.140675,-0.312058,0.812129
0.4783,4852,Virtual,Index_FingerTip,-17.657700,1.125741,20.856570,-0.472522,0.140675,-0.312058,0.812129
0.4783,4852,Virtual,Middle_MCP,-17.743470,1.128366,20.887090,-0.359723,0.337164,0.171622,0.852916
0.4783,4852,Virtual,Middle_PIP,-17.705780,1.131016,20.850200,-0.464509,0.165262,-0.183624,0.850413
0.4783,4852,Virtual,Middle_DIP,-17.681450,1.118103,20.847140,-0.492834,-0.013945,-0.478795,0.726413
0.4783,4852,Virtual,Middle_FingerTip,-17.666140,1.098807,20.861070,-0.492834,-0.013945,-0.478795,0.726413
0.4783,4852,Virtual,Ring_MCP,-17.754300,1.108113,20.878330,-0.376934,0.319293,0.180624,0.850499
0.4783,4852,Virtual,Ring_PIP,-17.720290,1.111209,20.846720,-0.473968,0.139217,-0.179411,0.850756
0.4783,4852,Virtual,Ring_DIP,-17.696660,1.099690,20.844960,-0.492005,-0.044252,-0.478837,0.725733
0.4783,4852,Virtual,Ring_FingerTip,-17.682800,1.082882,20.858770,-0.492005,-0.044252,-0.478837,0.725733
0.4783,4852,Virtual,Pinky_MCP,-17.763590,1.087978,20.875380,-0.387337,0.308251,0.188912,0.848094
0.4783,4852,Virtual,Pinky_PIP,-17.734510,1.091192,20.849030,-0.479006,0.124908,-0.170859,0.851915
0.4783,4852,Virtual,Pinky_DIP,-17.717810,1.083657,20.848120,-0.491446,-0.059412,-0.471305,0.729947
0.4783,4852,Virtual,Pinky_FingerTip,-17.707300,1.071594,20.858660,-0.491446,-0.059412,-0.471305,0.729947
0.4783,4852,Render,Wrist,-17.780360,1.079359,20.979090,-0.245584,0.427515,0.413212,0.765622
0.4783,4852,Render,Thumb_CMC,-17.752060,1.114238,20.964170,0.376860,0.260602,-0.026133,0.888471
0.4783,4852,Render,Thumb_MCP,-17.714180,1.120824,20.942970,0.330934,0.316890,-0.166231,0.873173
0.4783,4852,Render,Thumb_IP,-17.677700,1.116874,20.910440,0.209037,0.407726,-0.442773,0.770724
0.4783,4852,Render,Thumb_FingerTip,-17.669860,1.102281,20.887250,0.209037,0.407726,-0.442773,0.770724
0.4783,4852,Render,Index_MCP,-17.729270,1.146680,20.901770,-0.291495,0.397615,0.242095,0.835657
0.4783,4852,Render,Index_PIP,-17.702740,1.154773,20.864040,-0.386645,0.305897,0.011412,0.869945
0.4783,4852,Render,Index_DIP,-17.681650,1.149148,20.849990,-0.448681,0.204334,-0.197382,0.847333
0.4783,4852,Render,Index_FingerTip,-17.659090,1.135218,20.845450,-0.448681,0.204334,-0.197382,0.847333
0.4783,4852,Render,Middle_MCP,-17.743470,1.128366,20.887090,-0.321224,0.374026,0.262692,0.829405
0.4783,4852,Render,Middle_PIP,-17.712730,1.138687,20.845420,-0.409028,0.275275,0.032966,0.869387
0.4783,4852,Render,Middle_DIP,-17.689270,1.134034,20.831400,-0.463068,0.169258,-0.176292,0.851963
0.4783,4852,Render,Middle_FingerTip,-17.664350,1.121097,20.827860,-0.463068,0.169258,-0.176292,0.851963
0.4783,4852,Render,Ring_MCP,-17.754300,1.108113,20.878330,-0.342710,0.355776,0.265712,0.827871
0.4783,4852,Render,Ring_PIP,-17.726120,1.117238,20.842450,-0.428801,0.245269,0.022636,0.869173
0.4783,4852,Render,Ring_DIP,-17.702970,1.112733,20.830700,-0.476942,0.128659,-0.198257,0.846562
0.4783,4852,Render,Ring_FingerTip,-17.680050,1.100907,20.829960,-0.476942,0.128659,-0.198257,0.846562
0.4783,4852,Render,Pinky_MCP,-17.763590,1.087978,20.875380,-0.354176,0.345844,0.273714,0.824641
0.4783,4852,Render,Pinky_PIP,-17.739540,1.096107,20.845280,-0.437018,0.232517,0.031223,0.868318
0.4783,4852,Render,Pinky_DIP,-17.723210,1.093373,20.837370,-0.481661,0.114242,-0.189733,0.847911
0.4783,4852,Render,Pinky_FingerTip,-17.705930,1.085101,20.837160,-0.481661,0.114242,-0.189733,0.847911
0.4926,4853,Real,Wrist,-17.786410,1.083046,20.974670,-0.230848,0.433242,0.421853,0.762267
0.4926,4853,Real,Thumb_CMC,-17.758560,1.118293,20.959790,0.443092,0.270340,-0.043536,0.853634
0.4926,4853,Real,Thumb_MCP,-17.721230,1.125549,20.937830,0.352313,0.381169,-0.275232,0.809218
0.4926,4853,Real,Thumb_IP,-17.693880,1.116877,20.898070,0.127246,0.503212,-0.628574,0.579207
0.4926,4853,Real,Thumb_FingerTip,-17.702330,1.099775,20.876900,0.127246,0.503212,-0.628574,0.579207
0.4926,4853,Real,Index_MCP,-17.737530,1.152217,20.897560,-0.295765,0.393814,0.214514,0.843456
0.4926,4853,Real,Index_PIP,-17.709540,1.158254,20.860500,-0.404355,0.281183,-0.060844,0.868177
0.4926,4853,Real,Index_DIP,-17.687880,1.149610,20.849110,-0.467430,0.155165,-0.304209,0.815408
0.4926,4853,Real,Index_FingerTip,-17.667250,1.132362,20.849950,-0.467430,0.155165,-0.304209,0.815408
0.4926,4853,Real,Middle_MCP,-17.752130,1.134241,20.882860,-0.347296,0.346950,0.180879,0.852229
0.4926,4853,Real,Middle_PIP,-17.715500,1.137795,20.844990,-0.457034,0.179191,-0.174882,0.853480
0.4926,4853,Real,Middle_DIP,-17.691250,1.124980,20.840950,-0.490903,0.001735,-0.471767,0.732426
0.4926,4853,Real,Middle_FingerTip,-17.675550,1.105376,20.853980,-0.490903,0.001735,-0.471767,0.732426
0.4926,4853,Real,Ring_MCP,-17.763200,1.114190,20.873930,-0.364402,0.328937,0.189909,0.850263
0.4926,4853,Real,Ring_PIP,-17.730090,1.118062,20.841460,-0.466420,0.153102,-0.170843,0.854298
0.4926,4853,Real,Ring_DIP,-17.706520,1.106610,20.838770,-0.490073,-0.028576,-0.472178,0.732161
0.4926,4853,Real,Ring_FingerTip,-17.692270,1.089494,20.851790,-0.490073,-0.028576,-0.472178,0.732161
0.4926,4853,Real,Pinky_MCP,-17.772560,1.094122,20.870750,-0.374712,0.317763,0.198211,0.848134
0.4926,4853,Real,Pinky_PIP,-17.744240,1.097984,20.843690,-0.471319,0.138709,-0.162390,0.855715
0.4926,4853,Real,Pinky_DIP,-17.727570,1.090487,20.842140,-0.489354,-0.043763,-0.464834,0.736579
0.4926,4853,Real,Pinky_FingerTip,-17.716760,1.078188,20.852090,-0.489354,-0.043763,-0.464834,0.736579
0.4926,4853,Virtual,Wrist,-17.783390,1.081229,20.976970,-0.238165,0.429987,0.417341,0.764340
0.4926,4853,Virtual,Thumb_CMC,-17.755290,1.116285,20.962110,0.438655,0.263499,-0.042078,0.858126
0.4926,4853,Virtual,Thumb_MCP,-17.717630,1.123265,20.940630,0.349916,0.373375,-0.275058,0.813937
0.4926,4853,Virtual,Thumb_IP,-17.689690,1.114123,20.901390,0.128866,0.495221,-0.630677,0.583436
0.4926,4853,Virtual,Thumb_FingerTip,-17.697840,1.096787,20.880290,0.128866,0.495221,-0.630677,0.583436
0.4926,4853,Virtual,Index_MCP,-17.733300,1.149485,20.899810,-0.302000,0.388800,0.209716,0.844778
0.4926,4853,Virtual,Index_PIP,-17.704750,1.155081,20.863120,-0.408703,0.274466,-0.065815,0.867928
0.4926,4853,Virtual,Index_DIP,-17.682920,1.146292,20.852160,-0.469697,0.147492,-0.308906,0.813762
0.4926,4853,Virtual,Index_FingerTip,-17.662330,1.129041,20.853500,-0.469697,0.147492,-0.308906,0.813762
0.4926,4853,Virtual,Middle_MCP,-17.747690,1.131353,20.885110,-0.353344,0.341701,0.175958,0.852894
0.4926,4853,Virtual,Middle_PIP,-17.710490,1.134451,20.847760,-0.460479,0.171961,-0.179658,0.852122
0.4926,4853,Virtual,Middle_DIP,-17.686200,1.121574,20.844220,-0.491500,-0.006251,-0.475728,0.729432
0.4926,4853,Virtual,Middle_FingerTip,-17.670710,1.102108,20.857720,-0.491500,-0.006251,-0.475728,0.729432
0.4926,4853,Virtual,Ring_MCP,-17.758640,1.111209,20.876240,-0.370513,0.323761,0.184963,0.850699
0.4926,4853,Virtual,Ring_PIP,-17.725050,1.114689,20.844230,-0.469911,0.145894,-0.175542,0.852692
0.4926,4853,Virtual,Ring_DIP,-17.701450,1.103191,20.842020,-0.490678,-0.036562,-0.475961,0.728945
0.4926,4853,Virtual,Ring_FingerTip,-17.687410,1.086213,20.855450,-0.490678,-0.036562,-0.475961,0.728945
0.4926,4853,Virtual,Pinky_MCP,-17.767970,1.091113,20.873160,-0.380877,0.312655,0.193252,0.848430
0.4926,4853,Virtual,Pinky_PIP,-17.739240,1.094647,20.846480,-0.474887,0.131541,-0.167045,0.853977
0.4926,4853,Virtual,Pinky_DIP,-17.722560,1.087121,20.845260,-0.490044,-0.051739,-0.468527,0.733255
0.4926,4853,Virtual,Pinky_FingerTip,-17.711910,1.074929,20.855510,-0.490044,-0.051739,-0.468527,0.733255
0.4926,4853,Render,Wrist,-17.783390,1.081229,20.976970,-0.238165,0.429987,0.417341,0.764340
0.4926,4853,Render,Thumb_CMC,-17.755290,1.116285,20.962110,0.382125,0.266511,-0.027075,0.884432
0.4926,4853,Render,Thumb_MCP,-17.717670,1.123126,20.940500,0.335199,0.323558,-0.166523,0.869036
0.4926,4853,Render,Thumb_IP,-17.681630,1.119570,20.907450,0.210885,0.415422,-0.441695,0.766719
0.4926,4853,Render,Thumb_FingerTip,-17.674090,1.105261,20.883990,0.210885,0.415422,-0.441695,0.766719
0.4926,4853,Render,Index_MCP,-17.733300,1.149485,20.899810,-0.284765,0.401595,0.246342,0.834833
0.4926,4853,Render,Index_PIP,-17.707250,1.158035,20.861850,-0.381214,0.311521,0.015725,0.870278
0.4926,4853,Render,Index_DIP,-17.686350,1.152581,20.847460,-0.444756,0.211096,-0.193275,0.848691
0.4926,4853,Render,Index_FingerTip,-17.663860,1.138705,20.842450,-0.444756,0.211096,-0.193275,0.848691
0.4926,4853,Render,Middle_MCP,-17.747690,1.131353,20.885110,-0.314399,0.377843,0.266988,0.828919
0.4926,4853,Render,Middle_PIP,-17.717490,1.142180,20.843160,-0.403462,0.280767,0.037237,0.870059
0.4926,4853,Render,Middle_DIP,-17.694220,1.137696,20.828780,-0.458980,0.175924,-0.172306,0.853639
0.4926,4853,Render,Middle_FingerTip,-17.669360,1.124801,20.824760,-0.458980,0.175924,-0.172306,0.853639
0.4926,4853,Render,Ring_MCP,-17.758640,1.111209,20.876240,-0.335876,0.359567,0.270036,0.827635
0.4926,4853,Render,Ring_PIP,-17.730930,1.120770,20.840100,-0.423305,0.250826,0.026853,0.870160
0.4926,4853,Render,Ring_DIP,-17.707940,1.116407,20.828010,-0.473033,0.135427,-0.194427,0.848585
0.4926,4853,Render,Ring_FingerTip,-17.685030,1.104587,20.826820,-0.473033,0.135427,-0.194427,0.848585
0.4926,4853,Render,Pinky_MCP,-17.767970,1.091113,20.873160,-0.347310,0.349566,0.278053,0.824540
0.4926,4853,Render,Pinky_PIP,-17.744320,1.099607,20.842860,-0.431472,0.238017,0.035416,0.869440
0.4926,4853,Render,Pinky_DIP,-17.728090,1.096968,20.834710,-0.477690,0.120967,-0.185961,0.850058
0.4926,4853,Render,Pinky_FingerTip,-17.710820,1.088697,20.834170,-0.477690,0.120967,-0.185961,0.850058
0.5068,4854,Real,Wrist,-17.789560,1.084481,20.972110,-0.224131,0.437817,0.425536,0.759606
0.5068,4854,Real,Thumb_CMC,-17.761950,1.119851,20.957070,0.446281,0.277600,-0.046126,0.849497
0.5068,4854,Real,Thumb_MCP,-17.724990,1.127290,20.934540,0.353396,0.389024,-0.276592,0.804530
0.5068,4854,Real,Thumb_IP,-17.698300,1.118950,20.894270,0.124442,0.510630,-0.627528,0.574440
0.5068,4854,Real,Thumb_FingerTip,-17.707110,1.102025,20.873100,0.124442,0.510630,-0.627528,0.574440
0.5068,4854,Real,Index_MCP,-17.741950,1.154294,20.894780,-0.290434,0.399935,0.218579,0.841382
0.5068,4854,Real,Index_PIP,-17.714580,1.160639,20.857310,-0.401213,0.288666,-0.056334,0.867483
0.5068,4854,Real,Index_DIP,-17.693120,1.152090,20.845490,-0.466535,0.163232,-0.299687,0.816020
0.5068,4854,Real,Index_FingerTip,-17.672480,1.134836,20.845840,-0.466535,0.163232,-0.299687,0.816020
0.5068,4854,Real,Middle_MCP,-17.756810,1.136440,20.880170,-0.342208,0.353288,0.185179,0.850759
0.5068,4854,Real,Middle_PIP,-17.720800,1.140310,20.841740,-0.454903,0.187034,-0.170353,0.853851
0.5068,4854,Real,Middle_DIP,-17.696630,1.127530,20.837180,-0.491754,0.009817,-0.467679,0.734410
0.5068,4854,Real,Middle_FingerTip,-17.680720,1.107817,20.849780,-0.491754,0.009817,-0.467679,0.734410
0.5068,4854,Real,Ring_MCP,-17.768020,1.116464,20.871260,-0.359247,0.335222,0.194276,0.849014
0.5068,4854,Real,Ring_PIP,-17.735460,1.120607,20.838280,-0.464253,0.160937,-0.166345,0.854926
0.5068,4854,Real,Ring_DIP,-17.711940,1.109178,20.835100,-0.490930,-0.020492,-0.468224,0.734394
0.5068,4854,Real,Ring_FingerTip,-17.697470,1.091954,20.847740,-0.490930,-0.020492,-0.468224,0.734394
0.5068,4854,Real,Pinky_MCP,-17.777440,1.096424,20.868080,-0.369496,0.323996,0.202617,0.847022
0.5068,4854,Real,Pinky_PIP,-17.749570,1.100511,20.840570,-0.469076,0.146521,-0.157912,0.856483
0.5068,4854,Real,Pinky_DIP,-17.732930,1.093027,20.838690,-0.490131,-0.035672,-0.460949,0.738935
0.5068,4854,Real,Pinky_FingerTip,-17.721950,1.080646,20.848350,-0.490131,-0.035672,-0.460949,0.738935
0.5068,4854,Virtual,Wrist,-17.786420,1.083045,20.974680,-0.230848,0.433242,0.421853,0.762267
0.5068,4854,Virtual,Thumb_CMC,-17.758560,1.118292,20.959800,0.443092,0.270340,-0.043536,0.853634
0.5068,4854,Virtual,Thumb_MCP,-17.721230,1.125548,20.937840,0.352313,0.381169,-0.275232,0.809218
0.5068,4854,Virtual,Thumb_IP,-17.693880,1.116876,20.898080,0.127246,0.503212,-0.628574,0.579207
0.5068,4854,Virtual,Thumb_FingerTip,-17.702330,1.099774,20.876910,0.127246,0.503212,-0.628574,0.579207
0.5068,4854,Virtual,Index_MCP,-17.737530,1.152216,20.897570,-0.295765,0.393814,0.214514,0.843456
0.5068,4854,Virtual,Index_PIP,-17.709540,1.158253,20.860510,-0.404355,0.281183,-0.060844,0.868177
0.5068,4854,Virtual,Index_DIP,-17.687880,1.149609,20.849120,-0.467430,0.155165,-0.304209,0.815408
0.5068,4854,Virtual,Index_FingerTip,-17.667250,1.132361,20.849960,-0.467430,0.155165,-0.304209,0.815408
0.5068,4854,Virtual,Middle_MCP,-17.752130,1.134240,20.882870,-0.347296,0.346950,0.180879,0.852229
0.5068,4854,Virtual,Middle_PIP,-17.715500,1.137794,20.845010,-0.457034,0.179191,-0.174882,0.853480
0.5068,4854,Virtual,Middle_DIP,-17.691250,1.124979,20.840960,-0.490903,0.001735,-0.471767,0.732426
0.5068,4854,Virtual,Middle_FingerTip,-17.675550,1.105375,20.853990,-0.490903,0.001735,-0.471767,0.732426
0.5068,4854,Virtual,Ring_MCP,-17.763200,1.114189,20.873940,-0.364402,0.328937,0.189909,0.850263
0.5068,4854,Virtual,Ring_PIP,-17.730090,1.118061,20.841470,-0.466420,0.153102,-0.170843,0.854298
0.5068,4854,Virtual,Ring_DIP,-17.706520,1.106609,20.838770,-0.490073,-0.028576,-0.472178,0.732161
0.5068,4854,Virtual,Ring_FingerTip,-17.692270,1.089493,20.851790,-0.490073,-0.028576,-0.472178,0.732161
0.5068,4854,Virtual,Pinky_MCP,-17.772560,1.094121,20.870770,-0.374712,0.317763,0.198211,0.848134
0.5068,4854,Virtual,Pinky_PIP,-17.744240,1.097983,20.843700,-0.471319,0.138709,-0.162390,0.855715
0.5068,4854,Virtual,Pinky_DIP,-17.727570,1.090486,20.842150,-0.489354,-0.043763,-0.464834,0.736579
0.5068,4854,Virtual,Pinky_FingerTip,-17.716760,1.078187,20.852100,-0.489354,-0.043763,-0.464834,0.736579
0.5068,4854,Render,Wrist,-17.786420,1.083045,20.974680,-0.230848,0.433242,0.421853,0.762267
0.5068,4854,Render,Thumb_CMC,-17.758560,1.118292,20.959800,0.386825,0.273443,-0.028082,0.880231
0.5068,4854,Render,Thumb_MCP,-17.721280,1.125411,20.937710,0.338744,0.331145,-0.166853,0.864729
0.5068,4854,Render,Thumb_IP,-17.685740,1.122262,20.904090,0.211753,0.423751,-0.440598,0.762541
0.5068,4854,Render,Thumb_FingerTip,-17.678540,1.108226,20.880350,0.211753,0.423751,-0.440598,0.762541
0.5068,4854,Render,Index_MCP,-17.737530,1.152216,20.897570,-0.278317,0.406333,0.251077,0.833303
0.5068,4854,Render,Index_PIP,-17.712070,1.161220,20.859310,-0.376257,0.317802,0.020697,0.870060
0.5068,4854,Render,Index_DIP,-17.691380,1.155948,20.844550,-0.441448,0.218381,-0.188396,0.849671
0.5068,4854,Render,Index_FingerTip,-17.668960,1.142149,20.839040,-0.441448,0.218381,-0.188396,0.849671
0.5068,4854,Render,Middle_MCP,-17.752130,1.134240,20.882870,-0.307819,0.382409,0.271808,0.827727
0.5068,4854,Render,Middle_PIP,-17.722580,1.145569,20.840600,-0.398331,0.286916,0.042200,0.870190
0.5068,4854,Render,Middle_DIP,-17.699520,1.141269,20.825830,-0.455472,0.183123,-0.167519,0.854956
0.5068,4854,Render,Middle_FingerTip,-17.674710,1.128442,20.821290,-0.455472,0.183123,-0.167519,0.854956
0.5068,4854,Render,Ring_MCP,-17.763200,1.114189,20.873940,-0.329272,0.364099,0.274913,0.826701
0.5068,4854,Render,Ring_PIP,-17.736040,1.124183,20.837500,-0.418240,0.257029,0.031795,0.870633
0.5068,4854,Render,Ring_DIP,-17.713230,1.119978,20.825010,-0.469704,0.142711,-0.189765,0.850295
0.5068,4854,Render,Ring_FingerTip,-17.690340,1.108193,20.823350,-0.469704,0.142711,-0.189765,0.850295
0.5068,4854,Render,Pinky_MCP,-17.772560,1.094121,20.870770,-0.340660,0.354024,0.282957,0.823744
0.5068,4854,Render,Pinky_PIP,-17.749370,1.102978,20.840210,-0.426341,0.244163,0.040346,0.870052
0.5068,4854,Render,Pinky_DIP,-17.733270,1.100447,20.831790,-0.474282,0.128212,-0.181346,0.851899
0.5068,4854,Render,Pinky_FingerTip,-17.716000,1.092198,20.830900,-0.474282,0.128212,-0.181346,0.851899
0.5203,4855,Real,Wrist,-17.792840,1.085707,20.969330,-0.217535,0.443359,0.428942,0.756387
0.5203,4855,Real,Thumb_CMC,-17.765490,1.121172,20.954020,0.449069,0.285508,-0.047478,0.845321
0.5203,4855,Real,Thumb_MCP,-17.728940,1.128907,20.930950,0.354287,0.397063,-0.276004,0.800402
0.5203,4855,Real,Thumb_IP,-17.702840,1.121039,20.890200,0.122253,0.517912,-0.624078,0.572144
0.5203,4855,Real,Thumb_FingerTip,-17.711830,1.104295,20.868960,0.122253,0.517912,-0.624078,0.572144
0.5203,4855,Real,Index_MCP,-17.746630,1.156034,20.891610,-0.285286,0.407074,0.222827,0.838601
0.5203,4855,Real,Index_PIP,-17.719980,1.162659,20.853680,-0.398669,0.296918,-0.051736,0.866156
0.5203,4855,Real,Index_DIP,-17.698740,1.154187,20.841400,-0.466487,0.171717,-0.295163,0.815955
0.5203,4855,Real,Index_FingerTip,-17.678110,1.136920,20.841270,-0.466487,0.171717,-0.295163,0.815955
0.5203,4855,Real,Middle_MCP,-17.761760,1.138285,20.877160,-0.336377,0.361579,0.192058,0.848072
0.5203,4855,Real,Middle_PIP,-17.726650,1.142642,20.837950,-0.452178,0.198554,-0.159973,0.854705
0.5203,4855,Real,Middle_DIP,-17.702540,1.130085,20.832550,-0.493310,0.023102,-0.455973,0.740406
0.5203,4855,Real,Middle_FingerTip,-17.686040,1.110332,20.844310,-0.493310,0.023102,-0.455973,0.740406
0.5203,4855,Real,Ring_MCP,-17.773140,1.118374,20.868320,-0.353062,0.343867,0.202069,0.846328
0.5203,4855,Real,Ring_PIP,-17.741420,1.122991,20.834600,-0.461257,0.173607,-0.153940,0.856391
0.5203,4855,Real,Ring_DIP,-17.717910,1.111826,20.830500,-0.492816,-0.005434,-0.453952,0.742314
0.5203,4855,Real,Ring_FingerTip,-17.702740,1.094576,20.842260,-0.492816,-0.005434,-0.453952,0.742314
0.5203,4855,Real,Pinky_MCP,-17.782630,1.098359,20.865180,-0.363290,0.332639,0.210458,0.844440
0.5203,4855,Real,Pinky_PIP,-17.755460,1.102837,20.837030,-0.466130,0.159222,-0.145498,0.858022
0.5203,4855,Real,Pinky_DIP,-17.738820,1.095534,20.834510,-0.492142,-0.020607,-0.446676,0.746895
0.5203,4855,Real,Pinky_FingerTip,-17.727320,1.083139,20.843520,-0.492142,-0.020607,-0.446676,0.746895
0.5203,4855,Virtual,Wrist,-17.789560,1.084482,20.972110,-0.224130,0.437817,0.425536,0.759606
0.5203,4855,Virtual,Thumb_CMC,-17.761950,1.119852,20.957070,0.446542,0.277642,-0.044180,0.849449
0.5203,4855,Virtual,Thumb_MCP,-17.724990,1.127444,20.934620,0.353999,0.388806,-0.273956,0.805272
0.5203,4855,Virtual,Thumb_IP,-17.698140,1.119308,20.894410,0.125934,0.510516,-0.624598,0.577402
0.5203,4855,Virtual,Thumb_FingerTip,-17.706730,1.102416,20.873130,0.125934,0.510516,-0.624598,0.577402
0.5203,4855,Virtual,Index_MCP,-17.741960,1.154294,20.894780,-0.290259,0.400062,0.218948,0.841286
0.5203,4855,Virtual,Index_PIP,-17.714610,1.160670,20.857300,-0.401189,0.288700,-0.056263,0.867488
0.5203,4855,Virtual,Index_DIP,-17.693150,1.152124,20.845480,-0.466574,0.163121,-0.299881,0.815948
0.5203,4855,Virtual,Index_FingerTip,-17.672520,1.134864,20.845840,-0.466574,0.163121,-0.299881,0.815948
0.5203,4855,Virtual,Middle_MCP,-17.756810,1.136441,20.880180,-0.341089,0.354368,0.187867,0.850169
0.5203,4855,Virtual,Middle_PIP,-17.720990,1.140544,20.841590,-0.453645,0.190065,-0.164651,0.854969
0.5203,4855,Virtual,Middle_DIP,-17.696780,1.127959,20.836720,-0.491634,0.014652,-0.460435,0.738973
0.5203,4855,Virtual,Middle_FingerTip,-17.680490,1.108294,20.848920,-0.491634,0.014652,-0.460435,0.738973
0.5203,4855,Virtual,Ring_MCP,-17.768030,1.116465,20.871270,-0.357857,0.336705,0.197785,0.848204
0.5203,4855,Virtual,Ring_PIP,-17.735690,1.120864,20.838090,-0.462781,0.165123,-0.158617,0.856393
0.5203,4855,Virtual,Ring_DIP,-17.712100,1.109681,20.834510,-0.491161,-0.013893,-0.458311,0.740621
0.5203,4855,Virtual,Ring_FingerTip,-17.697150,1.092518,20.846660,-0.491161,-0.013893,-0.458311,0.740621
0.5203,4855,Virtual,Pinky_MCP,-17.777450,1.096424,20.868080,-0.368153,0.325521,0.206117,0.846177
0.5203,4855,Virtual,Pinky_PIP,-17.749770,1.100721,20.840420,-0.467734,0.150752,-0.150170,0.857874
0.5203,4855,Virtual,Pinky_DIP,-17.733080,1.093408,20.838250,-0.490566,-0.029082,-0.450976,0.745063
0.5203,4855,Virtual,Pinky_FingerTip,-17.721750,1.081080,20.847560,-0.490566,-0.029082,-0.450976,0.745063
0.5203,4855,Render,Wrist,-17.789560,1.084482,20.972110,-0.224130,0.437817,0.425536,0.759606
0.5203,4855,Render,Thumb_CMC,-17.761950,1.119852,20.957070,0.390256,0.280862,-0.030192,0.876302
0.5203,4855,Render,Thumb_MCP,-17.725050,1.127154,20.934420,0.340960,0.339013,-0.168316,0.860516
0.5203,4855,Render,Thumb_IP,-17.690070,1.124286,20.900180,0.211272,0.431911,-0.440602,0.758081
0.5203,4855,Render,Thumb_FingerTip,-17.683270,1.110449,20.876210,0.211272,0.431911,-0.440602,0.758081
0.5203,4855,Render,Index_MCP,-17.741960,1.154294,20.894780,-0.272724,0.412215,0.255048,0.831054
0.5203,4855,Render,Index_PIP,-17.717140,1.163616,20.856180,-0.372427,0.324958,0.025123,0.868947
0.5203,4855,Render,Index_DIP,-17.696700,1.158467,20.841040,-0.439445,0.226247,-0.183832,0.849651
0.5203,4855,Render,Index_FingerTip,-17.674370,1.144715,20.835040,-0.439445,0.226247,-0.183832,0.849651
0.5203,4855,Render,Middle_MCP,-17.756810,1.136441,20.880180,-0.302076,0.388160,0.275924,0.825802
0.5203,4855,Render,Middle_PIP,-17.727960,1.148122,20.837520,-0.394322,0.293987,0.046680,0.869427
0.5203,4855,Render,Middle_DIP,-17.705150,1.143945,20.822330,-0.453274,0.190948,-0.162987,0.855288
0.5203,4855,Render,Middle_FingerTip,-17.680420,1.131157,20.817260,-0.453274,0.190948,-0.162987,0.855288
0.5203,4855,Render,Ring_MCP,-17.768030,1.116465,20.871270,-0.323508,0.369830,0.279131,0.825018
0.5203,4855,Render,Ring_PIP,-17.741470,1.126763,20.834470,-0.414316,0.264148,0.036316,0.870201
0.5203,4855,Render,Ring_DIP,-17.718880,1.122662,20.821560,-0.467711,0.150591,-0.185282,0.851022
0.5203,4855,Render,Ring_FingerTip,-17.696020,1.110891,20.819420,-0.467711,0.150591,-0.185282,0.851022
0.5203,4855,Render,Pinky_MCP,-17.777450,1.096424,20.868080,-0.334840,0.359699,0.287228,0.822192
0.5203,4855,Render,Pinky_PIP,-17.754760,1.105536,20.837220,-0.422348,0.251243,0.044881,0.869762
0.5203,4855,Render,Pinky_DIP,-17.738800,1.103075,20.828510,-0.472213,0.136073,-0.176886,0.852767
0.5203,4855,Render,Pinky_FingerTip,-17.721550,1.094833,20.827270,-0.472213,0.136073,-0.176886,0.852767
0.5344,4856,Real,Wrist,-17.796210,1.086921,20.966290,-0.210283,0.449573,0.432872,0.752520
0.5344,4856,Real,Thumb_CMC,-17.769200,1.122504,20.950680,0.451676,0.294471,-0.051020,0.840638
0.5344,4856,Real,Thumb_MCP,-17.733130,1.130418,20.926910,0.354353,0.406397,-0.278136,0.794932
0.5344,4856,Real,Thumb_IP,-17.707880,1.122858,20.885570,0.117863,0.526149,-0.623345,0.566319
0.5344,4856,Real,Thumb_FingerTip,-17.717310,1.106272,20.864400,0.117863,0.526149,-0.623345,0.566319
0.5344,4856,Real,Index_MCP,-17.751640,1.157833,20.888150,-0.279861,0.414907,0.227344,0.835371
0.5344,4856,Real,Index_PIP,-17.725770,1.164745,20.849730,-0.395977,0.306058,-0.046433,0.864509
0.5344,4856,Real,Index_DIP,-17.704790,1.156370,20.836950,-0.466497,0.181245,-0.289611,0.815878
0.5344,4856,Real,Index_FingerTip,-17.684170,1.139109,20.836260,-0.466497,0.181245,-0.289611,0.815878
0.5344,4856,Real,Middle_MCP,-17.767060,1.140190,20.873890,-0.331230,0.369624,0.196938,0.845506
0.5344,4856,Real,Middle_PIP,-17.732770,1.144845,20.833990,-0.450643,0.207980,-0.154475,0.854285
0.5344,4856,Real,Middle_DIP,-17.708780,1.132333,20.828000,-0.495259,0.032451,-0.450691,0.741986
0.5344,4856,Real,Middle_FingerTip,-17.692030,1.112497,20.839270,-0.495259,0.032451,-0.450691,0.741986
0.5344,4856,Real,Ring_MCP,-17.778620,1.120342,20.865140,-0.347816,0.351857,0.207056,0.844008
0.5344,4856,Real,Ring_PIP,-17.747600,1.125217,20.830800,-0.459652,0.183029,-0.148441,0.856263
0.5344,4856,Real,Ring_DIP,-17.724180,1.114087,20.826140,-0.494736,0.003929,-0.448781,0.744189
0.5344,4856,Real,Ring_FingerTip,-17.708770,1.096754,20.837440,-0.494736,0.003929,-0.448781,0.744189
0.5344,4856,Real,Pinky_MCP,-17.788170,1.100349,20.862040,-0.357963,0.340578,0.215508,0.842274
0.5344,4856,Real,Pinky_PIP,-17.761590,1.105042,20.833380,-0.464429,0.168630,-0.140002,0.858061
0.5344,4856,Real,Pinky_DIP,-17.745000,1.097761,20.830460,-0.493968,-0.011222,-0.441568,0.748924
0.5344,4856,Real,Pinky_FingerTip,-17.733320,1.085302,20.839130,-0.493968,-0.011222,-0.441568,0.748924
0.5344,4856,Virtual,Wrist,-17.792840,1.085708,20.969340,-0.217535,0.443358,0.428942,0.756387
0.5344,4856,Virtual,Thumb_CMC,-17.765500,1.121173,20.954030,0.449070,0.285508,-0.047478,0.845321
0.5344,4856,Virtual,Thumb_MCP,-17.728940,1.128908,20.930960,0.354287,0.397063,-0.276004,0.800402
0.5344,4856,Virtual,Thumb_IP,-17.702840,1.121040,20.890210,0.122253,0.517912,-0.624078,0.572144
0.5344,4856,Virtual,Thumb_FingerTip,-17.711830,1.104296,20.868970,0.122253,0.517912,-0.624078,0.572144
0.5344,4856,Virtual,Index_MCP,-17.746640,1.156035,20.891620,-0.285285,0.407074,0.222827,0.838601
0.5344,4856,Virtual,Index_PIP,-17.719980,1.162660,20.853690,-0.398668,0.296918,-0.051736,0.866157
0.5344,4856,Virtual,Index_DIP,-17.698740,1.154188,20.841410,-0.466487,0.171717,-0.295163,0.815955
0.5344,4856,Virtual,Index_FingerTip,-17.678120,1.136921,20.841280,-0.466487,0.171717,-0.295163,0.815955
0.5344,4856,Virtual,Middle_MCP,-17.761760,1.138286,20.877170,-0.336376,0.361579,0.192058,0.848072
0.5344,4856,Virtual,Middle_PIP,-17.726660,1.142643,20.837960,-0.452178,0.198554,-0.159973,0.854705
0.5344,4856,Virtual,Middle_DIP,-17.702540,1.130086,20.832560,-0.493310,0.023102,-0.455973,0.740406
0.5344,4856,Virtual,Middle_FingerTip,-17.686040,1.110333,20.844320,-0.493310,0.023102,-0.455973,0.740406
0.5344,4856,Virtual,Ring_MCP,-17.773150,1.118375,20.868330,-0.353062,0.343867,0.202069,0.846328
0.5344,4856,Virtual,Ring_PIP,-17.741420,1.122992,20.834610,-0.461257,0.173607,-0.153940,0.856391
0.5344,4856,Virtual,Ring_DIP,-17.717910,1.111827,20.830510,-0.492816,-0.005434,-0.453952,0.742314
0.5344,4856,Virtual,Ring_FingerTip,-17.702750,1.094577,20.842260,-0.492816,-0.005434,-0.453952,0.742314
0.5344,4856,Virtual,Pinky_MCP,-17.782630,1.098360,20.865190,-0.363290,0.332639,0.210457,0.844441
0.5344,4856,Virtual,Pinky_PIP,-17.755460,1.102838,20.837040,-0.466130,0.159222,-0.145498,0.858022
0.5344,4856,Virtual,Pinky_DIP,-17.738820,1.095535,20.834520,-0.492142,-0.020607,-0.446676,0.746895
0.5344,4856,Virtual,Pinky_FingerTip,-17.727320,1.083140,20.843540,-0.492142,-0.020607,-0.446676,0.746895
0.5344,4856,Render,Wrist,-17.792840,1.085708,20.969340,-0.217535,0.443358,0.428942,0.756387
0.5344,4856,Render,Thumb_CMC,-17.765500,1.121173,20.954030,0.393190,0.289545,-0.032742,0.872063
0.5344,4856,Render,Thumb_MCP,-17.729040,1.128663,20.930720,0.342484,0.348051,-0.170164,0.855926
0.5344,4856,Render,Thumb_IP,-17.694730,1.126070,20.895790,0.209755,0.440951,-0.440847,0.753140
0.5344,4856,Render,Thumb_FingerTip,-17.688390,1.112417,20.871600,0.209755,0.440951,-0.440847,0.753140
0.5344,4856,Render,Index_MCP,-17.746640,1.156035,20.891620,-0.267453,0.419006,0.258809,0.828204
0.5344,4856,Render,Index_PIP,-17.722520,1.165614,20.852630,-0.369149,0.332905,0.029505,0.867198
0.5344,4856,Render,Index_DIP,-17.702370,1.160563,20.837080,-0.438167,0.234748,-0.179159,0.849003
0.5344,4856,Render,Index_FingerTip,-17.680160,1.146846,20.830580,-0.438167,0.234748,-0.179159,0.849003
0.5344,4856,Render,Middle_MCP,-17.761760,1.138286,20.877170,-0.296634,0.394837,0.279871,0.823277
0.5344,4856,Render,Middle_PIP,-17.733690,1.150251,20.834070,-0.390849,0.301870,0.051156,0.868041
0.5344,4856,Render,Middle_DIP,-17.711170,1.146172,20.818440,-0.451790,0.199433,-0.158309,0.855015
0.5344,4856,Render,Middle_FingerTip,-17.686540,1.133411,20.812830,-0.451790,0.199433,-0.158309,0.855015
0.5344,4856,Render,Ring_MCP,-17.773150,1.118375,20.868330,-0.318041,0.376494,0.283213,0.822735
0.5344,4856,Render,Ring_PIP,-17.747270,1.128917,20.831120,-0.410939,0.272078,0.040875,0.869156
0.5344,4856,Render,Ring_DIP,-17.724910,1.124898,20.817770,-0.466453,0.159119,-0.180608,0.851166
0.5344,4856,Render,Ring_FingerTip,-17.702100,1.113136,20.815130,-0.466453,0.159119,-0.180608,0.851166
0.5344,4856,Render,Pinky_MCP,-17.782630,1.098360,20.865190,-0.329310,0.366311,0.291379,0.820043
0.5344,4856,Render,Pinky_PIP,-17.760510,1.107676,20.833970,-0.418896,0.259142,0.049468,0.868864
0.5344,4856,Render,Pinky_DIP,-17.744720,1.105270,20.824950,-0.470874,0.144588,-0.172221,0.853060
0.5344,4856,Render,Pinky_FingerTip,-17.727500,1.097032,20.823330,-0.470874,0.144588,-0.172221,0.853060
0.5481,4857,Real,Wrist,-17.799650,1.088161,20.963120,-0.201681,0.456680,0.437299,0.748023
0.5481,4857,Real,Thumb_CMC,-17.773010,1.123880,20.947190,0.455396,0.304059,-0.053453,0.835048
0.5481,4857,Real,Thumb_MCP,-17.737460,1.132120,20.922750,0.355047,0.416869,-0.279472,0.788707
0.5481,4857,Real,Thumb_IP,-17.713130,1.125019,20.880780,0.112849,0.535820,-0.622213,0.559476
0.5481,4857,Real,Thumb_FingerTip,-17.723070,1.108624,20.859690,0.112849,0.535820,-0.622213,0.559476
0.5481,4857,Real,Index_MCP,-17.756950,1.159762,20.884570,-0.272150,0.424708,0.234831,0.830910
0.5481,4857,Real,Index_PIP,-17.732180,1.167212,20.845540,-0.392074,0.317366,-0.038846,0.862582
0.5481,4857,Real,Index_DIP,-17.711530,1.159013,20.832110,-0.466145,0.192748,-0.282573,0.815911
0.5481,4857,Real,Index_FingerTip,-17.690930,1.141775,20.830740,-0.466145,0.192748,-0.282573,0.815911
0.5481,4857,Real,Middle_MCP,-17.772710,1.142247,20.870520,-0.323265,0.380436,0.206430,0.841520
0.5481,4857,Real,Middle_PIP,-17.739690,1.147605,20.829670,-0.447265,0.221778,-0.142818,0.854618
0.5481,4857,Real,Middle_DIP,-17.715830,1.135339,20.822700,-0.496990,0.047256,-0.438857,0.747110
0.5481,4857,Real,Middle_FingerTip,-17.698560,1.115453,20.833040,-0.496990,0.047256,-0.438857,0.747110
0.5481,4857,Real,Ring_MCP,-17.784490,1.122479,20.861890,-0.339507,0.362980,0.217387,0.840074
0.5481,4857,Real,Ring_PIP,-17.754620,1.128006,20.826630,-0.455940,0.197833,-0.134988,0.857181
0.5481,4857,Real,Ring_DIP,-17.731290,1.117157,20.820940,-0.496594,0.020330,-0.434675,0.751025
0.5481,4857,Real,Ring_FingerTip,-17.715270,1.099791,20.831290,-0.496594,0.020330,-0.434675,0.751025
0.5481,4857,Real,Pinky_MCP,-17.794110,1.102514,20.858840,-0.349622,0.351700,0.225902,0.838475
0.5481,4857,Real,Pinky_PIP,-17.768500,1.107747,20.829400,-0.460729,0.183460,-0.126540,0.859104
0.5481,4857,Real,Pinky_DIP,-17.751970,1.100657,20.825750,-0.495885,0.005196,-0.427487,0.755862
0.5481,4857,Real,Pinky_FingerTip,-17.739820,1.088177,20.833720,-0.495885,0.005196,-0.427487,0.755862
0.5481,4857,Virtual,Wrist,-17.796220,1.086921,20.966290,-0.210283,0.449573,0.432872,0.752520
0.5481,4857,Virtual,Thumb_CMC,-17.769200,1.122504,20.950680,0.452267,0.293794,-0.049253,0.840663
0.5481,4857,Virtual,Thumb_MCP,-17.733080,1.130537,20.927030,0.354840,0.406139,-0.276964,0.795255
0.5481,4857,Virtual,Thumb_IP,-17.707750,1.123071,20.885730,0.117792,0.526294,-0.623138,0.566426
0.5481,4857,Virtual,Thumb_FingerTip,-17.717170,1.106486,20.864550,0.117792,0.526294,-0.623138,0.566426
0.5481,4857,Virtual,Index_MCP,-17.751640,1.157834,20.888160,-0.278678,0.415702,0.229723,0.834720
0.5481,4857,Virtual,Index_PIP,-17.725940,1.164943,20.849660,-0.395432,0.306762,-0.044895,0.864590
0.5481,4857,Virtual,Index_DIP,-17.704970,1.156631,20.836810,-0.466349,0.181627,-0.288943,0.816115
0.5481,4857,Virtual,Index_FingerTip,-17.684340,1.139387,20.836090,-0.466349,0.181627,-0.288943,0.816115
0.5481,4857,Virtual,Middle_MCP,-17.767060,1.140190,20.873890,-0.329491,0.371175,0.200907,0.844572
0.5481,4857,Virtual,Middle_PIP,-17.733060,1.145194,20.833790,-0.449326,0.210811,-0.149097,0.855240
0.5481,4857,Virtual,Middle_DIP,-17.709050,1.132874,20.827510,-0.494994,0.036277,-0.444944,0.745447
0.5481,4857,Virtual,Middle_FingerTip,-17.692020,1.113085,20.838450,-0.494994,0.036277,-0.444944,0.745447
0.5481,4857,Virtual,Ring_MCP,-17.778630,1.120343,20.865140,-0.345855,0.353785,0.211746,0.842843
0.5481,4857,Virtual,Ring_PIP,-17.747910,1.125565,20.830570,-0.458103,0.186872,-0.141266,0.857476
0.5481,4857,Virtual,Ring_DIP,-17.724460,1.114672,20.825540,-0.494664,0.009325,-0.440638,0.749039
0.5481,4857,Virtual,Ring_FingerTip,-17.708690,1.097403,20.836430,-0.494664,0.009325,-0.440638,0.749039
0.5481,4857,Virtual,Pinky_MCP,-17.788170,1.100349,20.862050,-0.356063,0.342563,0.220188,0.841063
0.5481,4857,Virtual,Pinky_PIP,-17.761860,1.105327,20.833180,-0.463001,0.172513,-0.132812,0.859204
0.5481,4857,Virtual,Pinky_DIP,-17.745250,1.098210,20.830000,-0.494061,-0.005834,-0.433374,0.753695
0.5481,4857,Virtual,Pinky_FingerTip,-17.733290,1.085805,20.838370,-0.494061,-0.005834,-0.433374,0.753695
0.5481,4857,Render,Wrist,-17.796220,1.086921,20.966290,-0.210283,0.449573,0.432872,0.752520
0.5481,4857,Render,Thumb_CMC,-17.769200,1.122504,20.950680,0.396052,0.298728,-0.035688,0.867543
0.5481,4857,Render,Thumb_MCP,-17.733240,1.130176,20.926680,0.343859,0.357570,-0.172358,0.850998
0.5481,4857,Render,Thumb_IP,-17.699660,1.127849,20.891030,0.207940,0.450396,-0.441307,0.747765
0.5481,4857,Render,Thumb_FingerTip,-17.693820,1.114378,20.866600,0.207940,0.450396,-0.441307,0.747765
0.5481,4857,Render,Index_MCP,-17.751640,1.157834,20.888160,-0.261696,0.426597,0.263182,0.824782
0.5481,4857,Render,Index_PIP,-17.728350,1.167708,20.848750,-0.365615,0.341753,0.034630,0.865062
0.5481,4857,Render,Index_DIP,-17.708510,1.162777,20.832750,-0.436856,0.244185,-0.173671,0.848156
0.5481,4857,Render,Index_FingerTip,-17.686450,1.149113,20.825690,-0.436856,0.244185,-0.173671,0.848156
0.5481,4857,Render,Middle_MCP,-17.767060,1.140190,20.873890,-0.290673,0.402299,0.284456,0.820213
0.5481,4857,Render,Middle_PIP,-17.739890,1.152481,20.830310,-0.387084,0.310646,0.056390,0.866306
0.5481,4857,Render,Middle_DIP,-17.717700,1.148523,20.814180,-0.450238,0.208856,-0.152812,0.854584
0.5481,4857,Render,Middle_FingerTip,-17.693190,1.135809,20.807970,-0.450238,0.208856,-0.152812,0.854584
0.5481,4857,Render,Ring_MCP,-17.778630,1.120343,20.865140,-0.312045,0.383937,0.287951,0.819942
0.5481,4857,Render,Ring_PIP,-17.753530,1.131167,20.827480,-0.407273,0.280905,0.046207,0.867805
0.5481,4857,Render,Ring_DIP,-17.731460,1.127252,20.813650,-0.465143,0.168586,-0.175108,0.851210
0.5481,4857,Render,Ring_FingerTip,-17.708700,1.115514,20.810440,-0.465143,0.168586,-0.175108,0.851210
0.5481,4857,Render,Pinky_MCP,-17.788170,1.100349,20.862050,-0.323237,0.373696,0.296196,0.817397
0.5481,4857,Render,Pinky_PIP,-17.766700,1.109902,20.830460,-0.415141,0.267934,0.054834,0.867677
0.5481,4857,Render,Pinky_DIP,-17.751110,1.107567,20.821090,-0.469469,0.154045,-0.166729,0.853271
0.5481,4857,Render,Pinky_FingerTip,-17.733920,1.099345,20.819050,-0.469469,0.154045,-0.166729,0.853271
0.5621,4858,Real,Wrist,-17.802950,1.089100,20.960230,-0.192669,0.463187,0.440193,0.744692
0.5621,4858,Real,Thumb_CMC,-17.776530,1.124869,20.944030,0.459830,0.311792,-0.056585,0.829543
0.5621,4858,Real,Thumb_MCP,-17.741440,1.133338,20.919030,0.356813,0.425843,-0.281692,0.782300
0.5621,4858,Real,Thumb_IP,-17.717980,1.126628,20.876510,0.109225,0.544727,-0.622008,0.551770
0.5621,4858,Real,Thumb_FingerTip,-17.728440,1.110457,20.855500,0.109225,0.544727,-0.622008,0.551770
0.5621,4858,Real,Index_MCP,-17.761710,1.161265,20.881410,-0.262839,0.434500,0.242383,0.826666
0.5621,4858,Real,Index_PIP,-17.738060,1.169335,20.841800,-0.385968,0.330005,-0.029422,0.860965
0.5621,4858,Real,Index_DIP,-17.717810,1.161408,20.827640,-0.463687,0.207047,-0.272293,0.817302
0.5621,4858,Real,Index_FingerTip,-17.697200,1.144270,20.825330,-0.463687,0.207047,-0.272293,0.817302
0.5621,4858,Real,Middle_MCP,-17.777840,1.143934,20.867550,-0.314169,0.391104,0.215115,0.837892
0.5621,4858,Real,Middle_PIP,-17.746070,1.149993,20.825810,-0.442559,0.236231,-0.131360,0.855033
0.5621,4858,Real,Middle_DIP,-17.722400,1.137970,20.817830,-0.497625,0.063509,-0.426684,0.752514
0.5621,4858,Real,Middle_FingerTip,-17.704640,1.118009,20.827150,-0.497625,0.063509,-0.426684,0.752514
0.5621,4858,Real,Ring_MCP,-17.789880,1.124287,20.858990,-0.330259,0.373860,0.226549,0.836561
0.5621,4858,Real,Ring_PIP,-17.761130,1.130435,20.822920,-0.451144,0.212866,-0.122582,0.857981
0.5621,4858,Real,Ring_DIP,-17.737960,1.119833,20.816210,-0.497434,0.037439,-0.421324,0.757393
0.5621,4858,Real,Ring_FingerTip,-17.721390,1.102406,20.825570,-0.497434,0.037439,-0.421324,0.757393
0.5621,4858,Real,Pinky_MCP,-17.799640,1.104385,20.855980,-0.340380,0.362608,0.235117,0.835091
0.5621,4858,Real,Pinky_PIP,-17.774970,1.110127,20.825830,-0.455993,0.198529,-0.114132,0.860018
0.5621,4858,Real,Pinky_DIP,-17.758550,1.103204,20.821480,-0.496835,0.022316,-0.414161,0.762317
0.5621,4858,Real,Pinky_FingerTip,-17.745980,1.090682,20.828710,-0.496835,0.022316,-0.414161,0.762317
0.5621,4858,Virtual,Wrist,-17.799660,1.088161,20.963130,-0.201680,0.456680,0.437299,0.748023
0.5621,4858,Virtual,Thumb_CMC,-17.773010,1.123880,20.947190,0.456081,0.303290,-0.051482,0.835078
0.5621,4858,Virtual,Thumb_MCP,-17.737410,1.132253,20.922890,0.355537,0.416639,-0.278301,0.789021
0.5621,4858,Virtual,Thumb_IP,-17.713000,1.125246,20.880950,0.112514,0.536037,-0.622250,0.559294
0.5621,4858,Virtual,Thumb_FingerTip,-17.722950,1.108847,20.859870,0.112514,0.536037,-0.622250,0.559294
0.5621,4858,Virtual,Index_MCP,-17.756950,1.159763,20.884570,-0.270007,0.426074,0.239015,0.829716
0.5621,4858,Virtual,Index_PIP,-17.732480,1.167562,20.845420,-0.390128,0.319755,-0.033577,0.862804
0.5621,4858,Virtual,Index_DIP,-17.711890,1.159582,20.831780,-0.464771,0.196038,-0.276798,0.817888
0.5621,4858,Virtual,Index_FingerTip,-17.691180,1.142500,20.830080,-0.464771,0.196038,-0.276798,0.817888
0.5621,4858,Virtual,Middle_MCP,-17.772720,1.142247,20.870530,-0.321008,0.382342,0.211406,0.840283
0.5621,4858,Virtual,Middle_PIP,-17.740070,1.148046,20.829430,-0.445407,0.225488,-0.135710,0.855776
0.5621,4858,Virtual,Middle_DIP,-17.716190,1.136040,20.822090,-0.496468,0.052455,-0.431014,0.751662
0.5621,4858,Virtual,Middle_FingerTip,-17.698560,1.116229,20.831960,-0.496468,0.052455,-0.431014,0.751662
0.5621,4858,Virtual,Ring_MCP,-17.784500,1.122479,20.861890,-0.337185,0.365137,0.222740,0.838671
0.5621,4858,Virtual,Ring_PIP,-17.754990,1.128407,20.826400,-0.454058,0.202116,-0.126915,0.858414
0.5621,4858,Virtual,Ring_DIP,-17.731640,1.117831,20.820290,-0.496310,0.026358,-0.425525,0.756247
0.5621,4858,Virtual,Ring_FingerTip,-17.715220,1.100551,20.830160,-0.496310,0.026358,-0.425525,0.756247
0.5621,4858,Virtual,Pinky_MCP,-17.794120,1.102515,20.858840,-0.347372,0.353923,0.231245,0.837017
0.5621,4858,Virtual,Pinky_PIP,-17.768820,1.108075,20.829190,-0.458982,0.187788,-0.118449,0.860257
0.5621,4858,Virtual,Pinky_DIP,-17.752290,1.101174,20.825260,-0.495785,0.011216,-0.418278,0.760996
0.5621,4858,Virtual,Pinky_FingerTip,-17.739840,1.088765,20.832880,-0.495785,0.011216,-0.418278,0.760996
0.5621,4858,Render,Wrist,-17.799660,1.088161,20.963130,-0.201680,0.456680,0.437299,0.748023
0.5621,4858,Render,Thumb_CMC,-17.773010,1.123880,20.947190,0.399469,0.309260,-0.039194,0.862118
0.5621,4858,Render,Thumb_MCP,-17.737630,1.131762,20.922400,0.345568,0.368510,-0.174962,0.845087
0.5621,4858,Render,Thumb_IP,-17.704920,1.129751,20.885930,0.205976,0.461293,-0.441834,0.741327
0.5621,4858,Render,Thumb_FingerTip,-17.699680,1.116497,20.861250,0.205976,0.461293,-0.441834,0.741327
0.5621,4858,Render,Index_MCP,-17.756950,1.159763,20.884570,-0.254810,0.435333,0.268132,0.820770
0.5621,4858,Render,Index_PIP,-17.734610,1.169985,20.844710,-0.361297,0.352004,0.040469,0.862508
0.5621,4858,Render,Index_DIP,-17.715170,1.165195,20.828190,-0.435121,0.255172,-0.167390,0.847076
0.5621,4858,Render,Index_FingerTip,-17.693280,1.151593,20.820480,-0.435121,0.255172,-0.167390,0.847076
0.5621,4858,Render,Middle_MCP,-17.772720,1.142247,20.870530,-0.283551,0.410889,0.289646,0.816624
0.5621,4858,Render,Middle_PIP,-17.746600,1.154923,20.826420,-0.382500,0.320820,0.062346,0.864223
0.5621,4858,Render,Middle_DIP,-17.724800,1.151107,20.809730,-0.448225,0.219832,-0.146530,0.853989
0.5621,4858,Render,Middle_FingerTip,-17.700450,1.138448,20.802820,-0.448225,0.219832,-0.146530,0.853989
0.5621,4858,Render,Ring_MCP,-17.784500,1.122479,20.861890,-0.304882,0.392512,0.293316,0.816668
0.5621,4858,Render,Ring_PIP,-17.760310,1.133636,20.823730,-0.402806,0.291146,0.052275,0.866169
0.5621,4858,Render,Ring_DIP,-17.738570,1.129843,20.809340,-0.463415,0.179625,-0.168823,0.851164
0.5621,4858,Render,Ring_FingerTip,-17.715910,1.118133,20.805480,-0.463415,0.179625,-0.168823,0.851164
0.5621,4858,Render,Pinky_MCP,-17.794120,1.102515,20.858840,-0.315987,0.382205,0.301649,0.814297
0.5621,4858,Render,Pinky_PIP,-17.773410,1.112347,20.826830,-0.410571,0.278137,0.060939,0.866232
0.5621,4858,Render,Pinky_DIP,-17.758040,1.110094,20.817070,-0.467632,0.165073,-0.160458,0.853420
0.5621,4858,Render,Pinky_FingerTip,-17.740920,1.101889,20.814550,-0.467632,0.165073,-0.160458,0.853420
0.5765,4859,Real,Wrist,-17.806010,1.089689,20.957770,-0.184340,0.468165,0.440604,0.743444
0.5765,4859,Real,Thumb_CMC,-17.779570,1.125378,20.941430,0.465114,0.315084,-0.059895,0.825108
0.5765,4859,Real,Thumb_MCP,-17.744690,1.133908,20.916150,0.360833,0.430592,-0.283950,0.777023
0.5765,4859,Real,Thumb_IP,-17.721750,1.127508,20.873290,0.110109,0.550895,-0.621828,0.545639
0.5765,4859,Real,Thumb_FingerTip,-17.732590,1.111626,20.852260,0.110109,0.550895,-0.621828,0.545639
0.5765,4859,Real,Index_MCP,-17.765460,1.162155,20.878870,-0.253463,0.442594,0.247445,0.823795
0.5765,4859,Real,Index_PIP,-17.742710,1.170740,20.838840,-0.379121,0.341173,-0.022490,0.859862
0.5765,4859,Real,Index_DIP,-17.722830,1.163022,20.824060,-0.460006,0.220288,-0.264283,0.818549
0.5765,4859,Real,Index_FingerTip,-17.702290,1.145931,20.820900,-0.460006,0.220288,-0.264283,0.818549
0.5765,4859,Real,Middle_MCP,-17.781950,1.145063,20.865140,-0.304962,0.400197,0.221292,0.835387
0.5765,4859,Real,Middle_PIP,-17.751230,1.151697,20.822700,-0.436911,0.249535,-0.122103,0.855530
0.5765,4859,Real,Middle_DIP,-17.727790,1.139862,20.813820,-0.496860,0.079307,-0.416145,0.757407
0.5765,4859,Real,Middle_FingerTip,-17.709640,1.119792,20.822120,-0.496860,0.079307,-0.416145,0.757407
0.5765,4859,Real,Ring_MCP,-17.794280,1.125580,20.856610,-0.321037,0.383158,0.233021,0.834162
0.5765,4859,Real,Ring_PIP,-17.766460,1.132222,20.819910,-0.445576,0.226576,-0.112754,0.858727
0.5765,4859,Real,Ring_DIP,-17.743490,1.121802,20.812300,-0.496975,0.053763,-0.410067,0.762870
0.5765,4859,Real,Ring_FingerTip,-17.726520,1.104281,20.820700,-0.496975,0.053763,-0.410067,0.762870
0.5765,4859,Real,Pinky_MCP,-17.804240,1.105780,20.853600,-0.331216,0.371969,0.241622,0.832799
0.5765,4859,Real,Pinky_PIP,-17.780360,1.111924,20.822900,-0.450552,0.212292,-0.104307,0.860846
0.5765,4859,Real,Pinky_DIP,-17.764070,1.105120,20.817920,-0.496560,0.038643,-0.402922,0.767847
0.5765,4859,Real,Pinky_FingerTip,-17.751190,1.092530,20.824460,-0.496560,0.038643,-0.402922,0.767847
0.5765,4859,Virtual,Wrist,-17.802960,1.089099,20.960230,-0.192669,0.463187,0.440193,0.744692
0.5765,4859,Virtual,Thumb_CMC,-17.776540,1.124869,20.944040,0.461056,0.310048,-0.054136,0.829679
0.5765,4859,Virtual,Thumb_MCP,-17.741320,1.133478,20.919250,0.358312,0.424635,-0.279666,0.782998
0.5765,4859,Virtual,Thumb_IP,-17.717650,1.126925,20.876830,0.110753,0.544459,-0.620935,0.552936
0.5765,4859,Virtual,Thumb_FingerTip,-17.728020,1.110792,20.855750,0.110753,0.544459,-0.620935,0.552936
0.5765,4859,Virtual,Index_MCP,-17.761710,1.161265,20.881410,-0.260455,0.435933,0.246908,0.825326
0.5765,4859,Virtual,Index_PIP,-17.738390,1.169716,20.841690,-0.383681,0.332661,-0.023479,0.861148
0.5765,4859,Virtual,Index_DIP,-17.718210,1.162041,20.827290,-0.461977,0.210835,-0.265595,0.819503
0.5765,4859,Virtual,Index_FingerTip,-17.697500,1.145090,20.824600,-0.461977,0.210835,-0.265595,0.819503
0.5765,4859,Virtual,Middle_MCP,-17.777840,1.143934,20.867560,-0.311620,0.393137,0.220556,0.836476
0.5765,4859,Virtual,Middle_PIP,-17.746500,1.150479,20.825570,-0.440288,0.240438,-0.123205,0.856246
0.5765,4859,Virtual,Middle_DIP,-17.722820,1.138762,20.817160,-0.496809,0.069604,-0.417429,0.757687
0.5765,4859,Virtual,Middle_FingerTip,-17.704660,1.118904,20.825920,-0.496809,0.069604,-0.417429,0.757687
0.5765,4859,Virtual,Ring_MCP,-17.789880,1.124287,20.859000,-0.327715,0.376092,0.232218,0.835005
0.5765,4859,Virtual,Ring_PIP,-17.761530,1.130862,20.822690,-0.448948,0.217457,-0.113823,0.859187
0.5765,4859,Virtual,Ring_DIP,-17.738360,1.120566,20.815540,-0.496893,0.044041,-0.411230,0.762921
0.5765,4859,Virtual,Ring_FingerTip,-17.721380,1.103248,20.824350,-0.496893,0.044041,-0.411230,0.762921
0.5765,4859,Virtual,Pinky_MCP,-17.799640,1.104385,20.855990,-0.337913,0.364909,0.240776,0.833477
0.5765,4859,Virtual,Pinky_PIP,-17.775320,1.110477,20.825630,-0.453944,0.203171,-0.105352,0.861138
0.5765,4859,Virtual,Pinky_DIP,-17.758900,1.103765,20.820960,-0.496495,0.028912,-0.404002,0.767750
0.5765,4859,Virtual,Pinky_FingerTip,-17.746020,1.091330,20.827800,-0.496495,0.028912,-0.404002,0.767750
0.5765,4859,Render,Wrist,-17.802960,1.089099,20.960230,-0.192669,0.463187,0.440193,0.744692
0.5765,4859,Render,Thumb_CMC,-17.776540,1.124869,20.944040,0.403489,0.318103,-0.043701,0.856795
0.5765,4859,Render,Thumb_MCP,-17.741680,1.132852,20.918550,0.348140,0.377878,-0.178572,0.839118
0.5765,4859,Render,Thumb_IP,-17.709780,1.131059,20.881360,0.205342,0.470986,-0.443292,0.734506
0.5765,4859,Render,Thumb_FingerTip,-17.705120,1.118012,20.856460,0.205342,0.470986,-0.443292,0.734506
0.5765,4859,Render,Index_MCP,-17.761710,1.161265,20.881410,-0.247349,0.443500,0.271390,0.817602
0.5765,4859,Render,Index_PIP,-17.740200,1.171772,20.841170,-0.356274,0.361860,0.044451,0.860320
0.5765,4859,Render,Index_DIP,-17.721150,1.167065,20.824190,-0.432606,0.265944,-0.163000,0.845906
0.5765,4859,Render,Index_FingerTip,-17.699480,1.153457,20.815870,-0.432606,0.265944,-0.163000,0.845906
0.5765,4859,Render,Middle_MCP,-17.777840,1.143934,20.867560,-0.275917,0.418967,0.293112,0.813893
0.5765,4859,Render,Middle_PIP,-17.752650,1.156920,20.823010,-0.377285,0.330636,0.066413,0.862511
0.5765,4859,Render,Middle_DIP,-17.731230,1.153180,20.805810,-0.445513,0.230611,-0.142171,0.853302
0.5765,4859,Render,Middle_FingerTip,-17.707090,1.140499,20.798260,-0.445513,0.230611,-0.142171,0.853302
0.5765,4859,Render,Ring_MCP,-17.789880,1.124287,20.859000,-0.297239,0.400614,0.296932,0.814242
0.5765,4859,Render,Ring_PIP,-17.766490,1.135706,20.820430,-0.397744,0.301068,0.056426,0.864855
0.5765,4859,Render,Ring_DIP,-17.745090,1.131968,20.805520,-0.461032,0.190505,-0.164475,0.850944
0.5765,4859,Render,Ring_FingerTip,-17.722560,1.120214,20.801070,-0.461032,0.190505,-0.164475,0.850944
0.5765,4859,Render,Pinky_MCP,-17.799640,1.104385,20.855990,-0.308281,0.390264,0.305343,0.812049
0.5765,4859,Render,Pinky_PIP,-17.779600,1.114436,20.823620,-0.405438,0.288035,0.065115,0.865111
0.5765,4859,Render,Pinky_DIP,-17.764460,1.112218,20.813510,-0.465173,0.175948,-0.156134,0.853393
0.5765,4859,Render,Pinky_FingerTip,-17.747420,1.103976,20.810540,-0.465173,0.175948,-0.156134,0.853393
0.5902,4860,Real,Wrist,-17.808740,1.089859,20.955630,-0.177523,0.472434,0.439364,0.743136
0.5902,4860,Real,Thumb_CMC,-17.782160,1.125379,20.939160,0.469071,0.317222,-0.063871,0.821744
0.5902,4860,Real,Thumb_MCP,-17.747440,1.133837,20.913630,0.363818,0.433929,-0.287267,0.772541
0.5902,4860,Real,Thumb_IP,-17.724970,1.127556,20.870510,0.110588,0.555363,-0.623114,0.539510
0.5902,4860,Real,Thumb_FingerTip,-17.736190,1.111895,20.849510,0.110588,0.555363,-0.623114,0.539510
0.5902,4860,Real,Index_MCP,-17.768470,1.162343,20.876610,-0.245870,0.449202,0.249608,0.821865
0.5902,4860,Real,Index_PIP,-17.746370,1.171212,20.836280,-0.373726,0.350091,-0.019221,0.858718
0.5902,4860,Real,Index_DIP,-17.726800,1.163563,20.821050,-0.457199,0.230659,-0.260299,0.818542
0.5902,4860,Real,Index_FingerTip,-17.706400,1.146427,20.817300,-0.457199,0.230659,-0.260299,0.818542
0.5902,4860,Real,Middle_MCP,-17.785280,1.145479,20.862990,-0.296727,0.408241,0.225999,0.833197
0.5902,4860,Real,Middle_PIP,-17.755470,1.152572,20.819990,-0.431171,0.262296,-0.112672,0.855919
0.5902,4860,Real,Middle_DIP,-17.732270,1.140956,20.810240,-0.495571,0.095485,-0.404057,0.762909
0.5902,4860,Real,Middle_FingerTip,-17.713730,1.120831,20.817450,-0.495571,0.095485,-0.404057,0.762909
0.5902,4860,Real,Ring_MCP,-17.797900,1.126158,20.854530,-0.312901,0.391380,0.237847,0.832072
0.5902,4860,Real,Ring_PIP,-17.770880,1.133180,20.817300,-0.440111,0.239558,-0.103152,0.859229
0.5902,4860,Real,Ring_DIP,-17.748130,1.122955,20.808840,-0.496157,0.070097,-0.397776,0.768563
0.5902,4860,Real,Ring_FingerTip,-17.730750,1.105385,20.816250,-0.496157,0.070097,-0.397776,0.768563
0.5902,4860,Real,Pinky_MCP,-17.808090,1.106470,20.851540,-0.323162,0.380282,0.246478,0.830783
0.5902,4860,Real,Pinky_PIP,-17.784890,1.112917,20.820390,-0.445270,0.225351,-0.094696,0.861385
0.5902,4860,Real,Pinky_DIP,-17.768740,1.106243,20.814810,-0.496009,0.054984,-0.390611,0.773547
0.5902,4860,Real,Pinky_FingerTip,-17.755540,1.093620,20.820610,-0.496009,0.054984,-0.390611,0.773547
0.5902,4860,Virtual,Wrist,-17.806020,1.089689,20.957770,-0.184340,0.468165,0.440604,0.743444
0.5902,4860,Virtual,Thumb_CMC,-17.779570,1.125378,20.941440,0.465839,0.314277,-0.057905,0.825150
0.5902,4860,Virtual,Thumb_MCP,-17.744630,1.134039,20.916300,0.361519,0.430209,-0.282467,0.777456
0.5902,4860,Virtual,Thumb_IP,-17.721570,1.127756,20.873480,0.110359,0.550996,-0.621265,0.546127
0.5902,4860,Virtual,Thumb_FingerTip,-17.732380,1.111882,20.852420,0.110359,0.550996,-0.621265,0.546127
0.5902,4860,Virtual,Index_MCP,-17.765470,1.162155,20.878870,-0.251618,0.443645,0.250872,0.822758
0.5902,4860,Virtual,Index_PIP,-17.742970,1.171032,20.838780,-0.377454,0.343018,-0.018298,0.859961
0.5902,4860,Virtual,Index_DIP,-17.723140,1.163494,20.823820,-0.458784,0.222822,-0.259764,0.819994
0.5902,4860,Virtual,Index_FingerTip,-17.702540,1.146534,20.820400,-0.458784,0.222822,-0.259764,0.819994
0.5902,4860,Virtual,Middle_MCP,-17.781950,1.145063,20.865140,-0.302164,0.402314,0.227113,0.833823
0.5902,4860,Virtual,Middle_PIP,-17.751690,1.152224,20.822470,-0.433903,0.254731,-0.111886,0.856926
0.5902,4860,Virtual,Middle_DIP,-17.728260,1.140781,20.813060,-0.495493,0.087442,-0.403671,0.764127
0.5902,4860,Virtual,Middle_FingerTip,-17.709620,1.120871,20.820590,-0.495493,0.087442,-0.403671,0.764127
0.5902,4860,Virtual,Ring_MCP,-17.794290,1.125580,20.856620,-0.318326,0.385413,0.238899,0.832498
0.5902,4860,Virtual,Ring_PIP,-17.766890,1.132672,20.819680,-0.442799,0.231955,-0.102347,0.860030
0.5902,4860,Virtual,Ring_DIP,-17.743930,1.122623,20.811560,-0.496010,0.062034,-0.397302,0.769595
0.5902,4860,Virtual,Ring_FingerTip,-17.726470,1.105257,20.819270,-0.496010,0.062034,-0.397302,0.769595
0.5902,4860,Virtual,Pinky_MCP,-17.804250,1.105780,20.853610,-0.328583,0.374296,0.247490,0.831074
0.5902,4860,Virtual,Pinky_PIP,-17.780730,1.112292,20.822710,-0.447948,0.217733,-0.093876,0.862046
0.5902,4860,Virtual,Pinky_DIP,-17.764450,1.105744,20.817370,-0.495847,0.046910,-0.390075,0.774453
0.5902,4860,Virtual,Pinky_FingerTip,-17.751210,1.093278,20.823390,-0.495847,0.046910,-0.390075,0.774453
0.5902,4860,Render,Wrist,-17.806020,1.089689,20.957770,-0.184340,0.468165,0.440604,0.743444
0.5902,4860,Render,Thumb_CMC,-17.779570,1.125378,20.941440,0.407583,0.322950,-0.049302,0.852730
0.5902,4860,Render,Thumb_MCP,-17.745040,1.133245,20.915490,0.351416,0.383311,-0.183460,0.834220
0.5902,4860,Render,Thumb_IP,-17.713710,1.131447,20.877810,0.206659,0.477193,-0.446309,0.728278
0.5902,4860,Render,Thumb_FingerTip,-17.709550,1.118541,20.852740,0.206659,0.477193,-0.446309,0.728278
0.5902,4860,Render,Index_MCP,-17.765470,1.162155,20.878870,-0.240162,0.449949,0.271882,0.816057
0.5902,4860,Render,Index_PIP,-17.744520,1.172814,20.838370,-0.351058,0.369987,0.045336,0.858960
0.5902,4860,Render,Index_DIP,-17.725780,1.168093,20.821040,-0.429489,0.275084,-0.161815,0.844798
0.5902,4860,Render,Index_FingerTip,-17.704360,1.154382,20.812280,-0.429489,0.275084,-0.161815,0.844798
0.5902,4860,Render,Middle_MCP,-17.781950,1.145063,20.865140,-0.268666,0.425415,0.293750,0.812744
0.5902,4860,Render,Middle_PIP,-17.757380,1.158206,20.820290,-0.372007,0.338778,0.067333,0.861573
0.5902,4860,Render,Middle_DIP,-17.736270,1.154435,20.802720,-0.442340,0.239781,-0.141053,0.852611
0.5902,4860,Render,Middle_FingerTip,-17.712350,1.141626,20.794680,-0.442340,0.239781,-0.141053,0.852611
0.5902,4860,Render,Ring_MCP,-17.794290,1.125580,20.856620,-0.290027,0.407135,0.297666,0.813339
0.5902,4860,Render,Ring_PIP,-17.771420,1.137123,20.817770,-0.392653,0.309351,0.057384,0.864195
0.5902,4860,Render,Ring_DIP,-17.750300,1.133336,20.802490,-0.458205,0.199807,-0.163380,0.850549
0.5902,4860,Render,Ring_FingerTip,-17.727930,1.121441,20.797590,-0.458205,0.199807,-0.163380,0.850549
0.5902,4860,Render,Pinky_MCP,-17.804250,1.105780,20.853610,-0.301051,0.396778,0.306133,0.811306
0.5902,4860,Render,Pinky_PIP,-17.784660,1.115932,20.821000,-0.400327,0.296316,0.066082,0.864621
0.5902,4860,Render,Pinky_DIP,-17.769690,1.113675,20.810630,-0.462327,0.185254,-0.155074,0.853163
0.5902,4860,Render,Pinky_FingerTip,-17.752770,1.105324,20.807330,-0.462327,0.185254,-0.155074,0.853163
0.6042,4861,Real,Wrist,-17.811270,1.090342,20.953670,-0.172070,0.475279,0.440103,0.742167
0.6042,4861,Real,Thumb_CMC,-17.784700,1.125848,20.937140,0.471853,0.320608,-0.067048,0.818578
0.6042,4861,Real,Thumb_MCP,-17.750210,1.134313,20.911310,0.365562,0.437950,-0.289452,0.768624
0.6042,4861,Real,Thumb_IP,-17.728210,1.128196,20.867920,0.110186,0.559727,-0.623148,0.535026
0.6042,4861,Real,Thumb_FingerTip,-17.739700,1.112708,20.846940,0.110186,0.559727,-0.623148,0.535026
0.6042,4861,Real,Index_MCP,-17.771490,1.163127,20.874670,-0.241197,0.453159,0.250464,0.820817
0.6042,4861,Real,Index_PIP,-17.749770,1.172145,20.834180,-0.370520,0.355307,-0.018081,0.857989
0.6042,4861,Real,Index_DIP,-17.730380,1.164506,20.818700,-0.455593,0.236567,-0.259000,0.818163
0.6042,4861,Real,Index_FingerTip,-17.710100,1.147306,20.814630,-0.455593,0.236567,-0.259000,0.818163
0.6042,4861,Real,Middle_MCP,-17.788510,1.146415,20.861130,-0.292227,0.412434,0.226969,0.832459
0.6042,4861,Real,Middle_PIP,-17.759110,1.153641,20.817870,-0.428635,0.267900,-0.111493,0.855612
0.6042,4861,Real,Middle_DIP,-17.736060,1.141987,20.807810,-0.495147,0.101621,-0.402845,0.763033
0.6042,4861,Real,Middle_FingerTip,-17.717540,1.121741,20.814710,-0.495147,0.101621,-0.402845,0.763033
0.6042,4861,Real,Ring_MCP,-17.801300,1.127199,20.852680,-0.308378,0.395565,0.238851,0.831493
0.6042,4861,Real,Ring_PIP,-17.774640,1.134330,20.815210,-0.437563,0.245169,-0.102003,0.859085
0.6042,4861,Real,Ring_DIP,-17.752010,1.124061,20.806470,-0.495738,0.076246,-0.396648,0.768831
0.6042,4861,Real,Ring_FingerTip,-17.734620,1.106375,20.813590,-0.495738,0.076246,-0.396648,0.768831
0.6042,4861,Real,Pinky_MCP,-17.811600,1.107571,20.849680,-0.318623,0.384457,0.247504,0.830310
0.6042,4861,Real,Pinky_PIP,-17.788700,1.114108,20.818330,-0.442703,0.230959,-0.093567,0.861347
0.6042,4861,Real,Pinky_DIP,-17.772630,1.107399,20.812550,-0.495571,0.061136,-0.389541,0.773906
0.6042,4861,Real,Pinky_FingerTip,-17.759430,1.094687,20.818130,-0.495571,0.061136,-0.389541,0.773906
0.6042,4861,Virtual,Wrist,-17.808750,1.089860,20.955640,-0.177523,0.472433,0.439364,0.743136
0.6042,4861,Virtual,Thumb_CMC,-17.782170,1.125379,20.939170,0.469071,0.317222,-0.063871,0.821744
0.6042,4861,Virtual,Thumb_MCP,-17.747450,1.133838,20.913640,0.363818,0.433929,-0.287267,0.772541
0.6042,4861,Virtual,Thumb_IP,-17.724980,1.127556,20.870520,0.110588,0.555363,-0.623114,0.539511
0.6042,4861,Virtual,Thumb_FingerTip,-17.736190,1.111895,20.849510,0.110588,0.555363,-0.623114,0.539511
0.6042,4861,Virtual,Index_MCP,-17.768470,1.162343,20.876620,-0.245870,0.449202,0.249608,0.821865
0.6042,4861,Virtual,Index_PIP,-17.746380,1.171212,20.836290,-0.373726,0.350091,-0.019221,0.858718
0.6042,4861,Virtual,Index_DIP,-17.726800,1.163563,20.821060,-0.457199,0.230659,-0.260299,0.818542
0.6042,4861,Virtual,Index_FingerTip,-17.706410,1.146427,20.817310,-0.457199,0.230659,-0.260299,0.818542
0.6042,4861,Virtual,Middle_MCP,-17.785290,1.145479,20.863000,-0.296727,0.408241,0.225999,0.833197
0.6042,4861,Virtual,Middle_PIP,-17.755470,1.152573,20.820000,-0.431171,0.262296,-0.112672,0.855919
0.6042,4861,Virtual,Middle_DIP,-17.732270,1.140956,20.810250,-0.495571,0.095485,-0.404057,0.762909
0.6042,4861,Virtual,Middle_FingerTip,-17.713730,1.120831,20.817460,-0.495571,0.095485,-0.404057,0.762909
0.6042,4861,Virtual,Ring_MCP,-17.797910,1.126158,20.854540,-0.312901,0.391379,0.237847,0.832072
0.6042,4861,Virtual,Ring_PIP,-17.770890,1.133180,20.817300,-0.440110,0.239557,-0.103152,0.859229
0.6042,4861,Virtual,Ring_DIP,-17.748130,1.122955,20.808850,-0.496157,0.070097,-0.397776,0.768563
0.6042,4861,Virtual,Ring_FingerTip,-17.730750,1.105386,20.816250,-0.496157,0.070097,-0.397776,0.768563
0.6042,4861,Virtual,Pinky_MCP,-17.808100,1.106470,20.851550,-0.323163,0.380282,0.246478,0.830783
0.6042,4861,Virtual,Pinky_PIP,-17.784890,1.112917,20.820390,-0.445270,0.225351,-0.094696,0.861386
0.6042,4861,Virtual,Pinky_DIP,-17.768740,1.106243,20.814820,-0.496009,0.054983,-0.390611,0.773547
0.6042,4861,Virtual,Pinky_FingerTip,-17.755550,1.093620,20.820610,-0.496009,0.054983,-0.390611,0.773547
0.6042,4861,Render,Wrist,-17.808750,1.089860,20.955640,-0.177523,0.472433,0.439364,0.743136
0.6042,4861,Render,Thumb_CMC,-17.782170,1.125379,20.939170,0.410982,0.326319,-0.055023,0.849461
0.6042,4861,Render,Thumb_MCP,-17.747870,1.133052,20.912840,0.354240,0.387174,-0.188592,0.830087
0.6042,4861,Render,Thumb_IP,-17.717030,1.131150,20.874770,0.208064,0.481767,-0.449806,0.722693
0.6042,4861,Render,Thumb_FingerTip,-17.713290,1.118335,20.849590,0.208064,0.481767,-0.449806,0.722693
0.6042,4861,Render,Index_MCP,-17.768470,1.162343,20.876620,-0.234273,0.455358,0.270595,0.815196
0.6042,4861,Render,Index_PIP,-17.747920,1.173012,20.835910,-0.346818,0.376765,0.044324,0.857789
0.6042,4861,Render,Index_DIP,-17.729430,1.168202,20.818340,-0.426996,0.282681,-0.162517,0.843418
0.6042,4861,Render,Index_FingerTip,-17.708250,1.154334,20.809250,-0.426996,0.282681,-0.162517,0.843418
0.6042,4861,Render,Middle_MCP,-17.785290,1.145479,20.863000,-0.262768,0.430884,0.292589,0.812210
0.6042,4861,Render,Middle_PIP,-17.761130,1.158619,20.817920,-0.367773,0.345616,0.066356,0.860749
0.6042,4861,Render,Middle_DIP,-17.740270,1.154739,20.800080,-0.439868,0.247435,-0.141804,0.851577
0.6042,4861,Render,Middle_FingerTip,-17.716580,1.141744,20.791680,-0.439868,0.247435,-0.141804,0.851577
0.6042,4861,Render,Ring_MCP,-17.797910,1.126158,20.854540,-0.284191,0.412699,0.296586,0.812990
0.6042,4861,Render,Ring_PIP,-17.775410,1.137684,20.815460,-0.388613,0.316330,0.056446,0.863556
0.6042,4861,Render,Ring_DIP,-17.754510,1.133775,20.799920,-0.456064,0.207582,-0.164126,0.849693
0.6042,4861,Render,Ring_FingerTip,-17.732320,1.121694,20.794680,-0.456064,0.207582,-0.164126,0.849693
0.6042,4861,Render,Pinky_MCP,-17.808100,1.106470,20.851550,-0.295217,0.402362,0.305103,0.811088
0.6042,4861,Render,Pinky_PIP,-17.788800,1.116603,20.818760,-0.396295,0.303313,0.065155,0.864122
0.6042,4861,Render,Pinky_DIP,-17.773990,1.114258,20.808190,-0.460198,0.193044,-0.155845,0.852446
0.6042,4861,Render,Pinky_FingerTip,-17.757190,1.105764,20.804630,-0.460198,0.193044,-0.155845,0.852446
0.6248,4862,Real,Wrist,-17.814030,1.091397,20.951460,-0.164448,0.477814,0.442861,0.740625
0.6248,4862,Real,Thumb_CMC,-17.787590,1.127017,20.934980,0.476184,0.326253,-0.069057,0.813658
0.6248,4862,Real,Thumb_MCP,-17.753440,1.135726,20.908780,0.368062,0.444660,-0.290223,0.763268
0.6248,4862,Real,Thumb_IP,-17.732060,1.130053,20.865020,0.108898,0.566863,-0.621491,0.529676
0.6248,4862,Real,Thumb_FingerTip,-17.743900,1.114808,20.844050,0.108898,0.566863,-0.621491,0.529676
0.6248,4862,Real,Index_MCP,-17.775080,1.164959,20.872770,-0.234084,0.457507,0.253984,0.819380
0.6248,4862,Real,Index_PIP,-17.753890,1.174420,20.832090,-0.364990,0.361788,-0.013983,0.857728
0.6248,4862,Real,Index_DIP,-17.734740,1.166942,20.816250,-0.452033,0.244488,-0.254732,0.819148
0.6248,4862,Real,Index_FingerTip,-17.714550,1.149770,20.811670,-0.452033,0.244488,-0.254732,0.819148
0.6248,4862,Real,Middle_MCP,-17.792320,1.148444,20.859260,-0.283766,0.418123,0.233595,0.830713
0.6248,4862,Real,Middle_PIP,-17.763740,1.156407,20.815580,-0.421452,0.278797,-0.099862,0.857134
0.6248,4862,Real,Middle_DIP,-17.740880,1.145148,20.804660,-0.491628,0.116842,-0.388560,0.770501
0.6248,4862,Real,Middle_FingerTip,-17.721900,1.124952,20.810380,-0.491628,0.116842,-0.388560,0.770501
0.6248,4862,Real,Ring_MCP,-17.805270,1.129356,20.850760,-0.299753,0.401413,0.245872,0.829797
0.6248,4862,Real,Ring_PIP,-17.779350,1.137146,20.812900,-0.430262,0.256630,-0.089428,0.860824
0.6248,4862,Real,Ring_DIP,-17.756900,1.127273,20.803290,-0.492400,0.092344,-0.381062,0.777050
0.6248,4862,Real,Ring_FingerTip,-17.739030,1.109647,20.809270,-0.492400,0.092344,-0.381062,0.777050
0.6248,4862,Real,Pinky_MCP,-17.815660,1.109790,20.847670,-0.310015,0.390312,0.254526,0.828712
0.6248,4862,Real,Pinky_PIP,-17.793380,1.116872,20.815990,-0.435511,0.242452,-0.081016,0.863124
0.6248,4862,Real,Pinky_DIP,-17.777440,1.110432,20.809600,-0.492432,0.077226,-0.373961,0.782113
0.6248,4862,Real,Pinky_FingerTip,-17.763870,1.097768,20.814350,-0.492432,0.077226,-0.373961,0.782113
0.6248,4862,Virtual,Wrist,-17.811270,1.090342,20.953680,-0.172070,0.475279,0.440103,0.742167
0.6248,4862,Virtual,Thumb_CMC,-17.784710,1.125848,20.937140,0.471631,0.321247,-0.066724,0.818482
0.6248,4862,Virtual,Thumb_MCP,-17.750250,1.134358,20.911290,0.365062,0.438594,-0.289307,0.768549
0.6248,4862,Virtual,Thumb_IP,-17.728290,1.128255,20.867880,0.109184,0.560102,-0.623227,0.534747
0.6248,4862,Virtual,Thumb_FingerTip,-17.739810,1.112745,20.846920,0.109184,0.560102,-0.623227,0.534747
0.6248,4862,Virtual,Index_MCP,-17.771490,1.163128,20.874680,-0.240899,0.453317,0.251003,0.820652
0.6248,4862,Virtual,Index_PIP,-17.749810,1.172192,20.834180,-0.370160,0.355683,-0.017211,0.858007
0.6248,4862,Virtual,Index_DIP,-17.730440,1.164591,20.818660,-0.455277,0.237175,-0.257909,0.818508
0.6248,4862,Virtual,Index_FingerTip,-17.710140,1.147424,20.814540,-0.455277,0.237175,-0.257909,0.818508
0.6248,4862,Virtual,Middle_MCP,-17.788520,1.146416,20.861140,-0.290459,0.413681,0.230530,0.831480
0.6248,4862,Virtual,Middle_PIP,-17.759390,1.153969,20.817740,-0.425953,0.272144,-0.102989,0.856677
0.6248,4862,Virtual,Middle_DIP,-17.736370,1.142652,20.807240,-0.493565,0.109047,-0.391339,0.768997
0.6248,4862,Virtual,Middle_FingerTip,-17.717410,1.122573,20.813430,-0.493565,0.109047,-0.391339,0.768997
0.6248,4862,Virtual,Ring_MCP,-17.801300,1.127199,20.852690,-0.306497,0.397025,0.242796,0.830350
0.6248,4862,Virtual,Ring_PIP,-17.774930,1.134637,20.815080,-0.434821,0.250000,-0.092483,0.860162
0.6248,4862,Virtual,Ring_DIP,-17.752330,1.124719,20.805860,-0.494390,0.084547,-0.383701,0.775374
0.6248,4862,Virtual,Ring_FingerTip,-17.734490,1.107210,20.812270,-0.494390,0.084547,-0.383701,0.775374
0.6248,4862,Virtual,Pinky_MCP,-17.811610,1.107572,20.849680,-0.316794,0.385966,0.251443,0.829125
0.6248,4862,Virtual,Pinky_PIP,-17.788940,1.114360,20.818210,-0.440118,0.235848,-0.084022,0.862330
0.6248,4862,Virtual,Pinky_DIP,-17.772900,1.107893,20.812110,-0.494476,0.069437,-0.376509,0.780329
0.6248,4862,Virtual,Pinky_FingerTip,-17.759360,1.095320,20.817160,-0.494476,0.069437,-0.376509,0.780329
0.6248,4862,Render,Wrist,-17.811270,1.090342,20.953680,-0.172070,0.475279,0.440103,0.742167
0.6248,4862,Render,Thumb_CMC,-17.784710,1.125848,20.937140,0.413912,0.329942,-0.057935,0.846439
0.6248,4862,Render,Thumb_MCP,-17.750650,1.133535,20.910510,0.356560,0.391215,-0.190990,0.826643
0.6248,4862,Render,Thumb_IP,-17.720200,1.131731,20.872120,0.208934,0.486344,-0.450945,0.718655
0.6248,4862,Render,Thumb_FingerTip,-17.716780,1.119051,20.846820,0.208934,0.486344,-0.450945,0.718655
0.6248,4862,Render,Index_MCP,-17.771490,1.163128,20.874680,-0.229500,0.459193,0.271424,0.814126
0.6248,4862,Render,Index_PIP,-17.751310,1.173953,20.833840,-0.343235,0.381730,0.045407,0.856977
0.6248,4862,Render,Index_DIP,-17.733030,1.169172,20.816040,-0.424708,0.288360,-0.161271,0.842890
0.6248,4862,Render,Index_FingerTip,-17.712000,1.155269,20.806650,-0.424708,0.288360,-0.161271,0.842890
0.6248,4862,Render,Middle_MCP,-17.788520,1.146416,20.861140,-0.257943,0.434699,0.293496,0.811396
0.6248,4862,Render,Middle_PIP,-17.764760,1.159724,20.815890,-0.364135,0.350576,0.067447,0.860206
0.6248,4862,Render,Middle_DIP,-17.744110,1.155864,20.797810,-0.437524,0.253122,-0.140616,0.851311
0.6248,4862,Render,Middle_FingerTip,-17.720550,1.142820,20.789100,-0.437524,0.253122,-0.140616,0.851311
0.6248,4862,Render,Ring_MCP,-17.801300,1.127199,20.852690,-0.279381,0.416552,0.297546,0.812341
0.6248,4862,Render,Ring_PIP,-17.779160,1.138864,20.813460,-0.385078,0.321378,0.057549,0.863203
0.6248,4862,Render,Ring_DIP,-17.758430,1.134961,20.797670,-0.453923,0.213361,-0.162969,0.849631
0.6248,4862,Render,Ring_FingerTip,-17.736350,1.122819,20.792140,-0.453923,0.213361,-0.162969,0.849631
0.6248,4862,Render,Pinky_MCP,-17.811610,1.107572,20.849680,-0.290391,0.406203,0.306093,0.810543
0.6248,4862,Render,Pinky_PIP,-17.792610,1.117820,20.816760,-0.392741,0.308354,0.066257,0.863877
0.6248,4862,Render,Pinky_DIP,-17.777910,1.115476,20.806030,-0.458037,0.198821,-0.154716,0.852488
0.6248,4862,Render,Pinky_FingerTip,-17.761180,1.106933,20.802250,-0.458037,0.198821,-0.154716,0.852488
0.6433,4863,Real,Wrist,-17.816790,1.092368,20.949050,-0.155655,0.480308,0.445361,0.739412
0.6433,4863,Real,Thumb_CMC,-17.790410,1.128081,20.932670,0.480146,0.332347,-0.076660,0.808164
0.6433,4863,Real,Thumb_MCP,-17.756710,1.136654,20.905850,0.369523,0.452159,-0.297146,0.755454
0.6433,4863,Real,Thumb_IP,-17.736390,1.131026,20.861580,0.105035,0.574423,-0.625192,0.517823
0.6433,4863,Real,Thumb_FingerTip,-17.748980,1.116012,20.840890,0.105035,0.574423,-0.625192,0.517823
0.6433,4863,Real,Index_MCP,-17.778560,1.166763,20.870790,-0.228627,0.460651,0.252171,0.819720
0.6433,4863,Real,Index_PIP,-17.757570,1.176260,20.830020,-0.361826,0.365446,-0.018254,0.857437
0.6433,4863,Real,Index_DIP,-17.738560,1.168583,20.814100,-0.450663,0.247734,-0.260844,0.817001
0.6433,4863,Real,Index_FingerTip,-17.718620,1.151111,20.809540,-0.450663,0.247734,-0.260844,0.817001
0.6433,4863,Real,Middle_MCP,-17.796060,1.150498,20.857300,-0.275941,0.422825,0.236309,0.830201
0.6433,4863,Real,Middle_PIP,-17.768030,1.158895,20.813350,-0.414634,0.288103,-0.093066,0.858146
0.6433,4863,Real,Middle_DIP,-17.745400,1.147845,20.801780,-0.487872,0.130020,-0.379202,0.775424
0.6433,4863,Real,Middle_FingerTip,-17.726190,1.127613,20.806550,-0.487872,0.130020,-0.379202,0.775424
0.6433,4863,Real,Ring_MCP,-17.809210,1.131578,20.848740,-0.290692,0.406924,0.251027,0.828793
0.6433,4863,Real,Ring_PIP,-17.783950,1.139932,20.810550,-0.421579,0.268998,-0.076496,0.862589
0.6433,4863,Real,Ring_DIP,-17.761720,1.130481,20.800030,-0.487633,0.110915,-0.363158,0.786148
0.6433,4863,Real,Ring_FingerTip,-17.743370,1.112958,20.804670,-0.487633,0.110915,-0.363158,0.786148
0.6433,4863,Real,Pinky_MCP,-17.819740,1.112099,20.845540,-0.300960,0.395813,0.259678,0.827843
0.6433,4863,Real,Pinky_PIP,-17.798010,1.119646,20.813580,-0.426957,0.254858,-0.068116,0.864937
0.6433,4863,Real,Pinky_DIP,-17.782220,1.113492,20.806560,-0.487923,0.095789,-0.356063,0.791186
0.6433,4863,Real,Pinky_FingerTip,-17.768260,1.100907,20.810310,-0.487923,0.095789,-0.356063,0.791186
0.6433,4863,Virtual,Wrist,-17.816800,1.092369,20.949050,-0.155655,0.480308,0.445361,0.739412
0.6433,4863,Virtual,Thumb_CMC,-17.790420,1.128082,20.932670,0.480146,0.332347,-0.076660,0.808164
0.6433,4863,Virtual,Thumb_MCP,-17.756720,1.136655,20.905860,0.369523,0.452159,-0.297146,0.755454
0.6433,4863,Virtual,Thumb_IP,-17.736400,1.131026,20.861590,0.105035,0.574423,-0.625192,0.517823
0.6433,4863,Virtual,Thumb_FingerTip,-17.748990,1.116013,20.840890,0.105035,0.574423,-0.625192,0.517823
0.6433,4863,Virtual,Index_MCP,-17.778570,1.166764,20.870790,-0.228627,0.460651,0.252171,0.819720
0.6433,4863,Virtual,Index_PIP,-17.757570,1.176260,20.830030,-0.361826,0.365446,-0.018254,0.857437
0.6433,4863,Virtual,Index_DIP,-17.738570,1.168583,20.814100,-0.450663,0.247734,-0.260844,0.817002
0.6433,4863,Virtual,Index_FingerTip,-17.718630,1.151111,20.809540,-0.450663,0.247734,-0.260844,0.817002
0.6433,4863,Virtual,Middle_MCP,-17.796070,1.150499,20.857310,-0.275941,0.422825,0.236309,0.830201
0.6433,4863,Virtual,Middle_PIP,-17.768040,1.158896,20.813350,-0.414634,0.288103,-0.093066,0.858146
0.6433,4863,Virtual,Middle_DIP,-17.745400,1.147846,20.801790,-0.487872,0.130020,-0.379202,0.775424
0.6433,4863,Virtual,Middle_FingerTip,-17.726200,1.127613,20.806550,-0.487872,0.130020,-0.379202,0.775424
0.6433,4863,Virtual,Ring_MCP,-17.809220,1.131579,20.848740,-0.290692,0.406923,0.251027,0.828793
0.6433,4863,Virtual,Ring_PIP,-17.783950,1.139933,20.810560,-0.421579,0.268998,-0.076495,0.862589
0.6433,4863,Virtual,Ring_DIP,-17.761730,1.130481,20.800040,-0.487633,0.110915,-0.363158,0.786148
0.6433,4863,Virtual,Ring_FingerTip,-17.743370,1.112959,20.804680,-0.487633,0.110915,-0.363158,0.786148
0.6433,4863,Virtual,Pinky_MCP,-17.819740,1.112099,20.845550,-0.300959,0.395813,0.259678,0.827843
0.6433,4863,Virtual,Pinky_PIP,-17.798020,1.119647,20.813590,-0.426957,0.254858,-0.068116,0.864937
0.6433,4863,Virtual,Pinky_DIP,-17.782220,1.113493,20.806570,-0.487923,0.095789,-0.356063,0.791186
0.6433,4863,Virtual,Pinky_FingerTip,-17.768270,1.100908,20.810320,-0.487923,0.095789,-0.356063,0.791186
0.6433,4863,Render,Wrist,-17.814040,1.091397,20.951470,-0.164448,0.477815,0.442861,0.740625
0.6433,4863,Render,Thumb_CMC,-17.787590,1.127017,20.934990,0.418887,0.335739,-0.059652,0.841579
0.6433,4863,Render,Thumb_MCP,-17.753890,1.134959,20.907980,0.360557,0.397726,-0.191917,0.821572
0.6433,4863,Render,Thumb_IP,-17.723990,1.133559,20.869150,0.210581,0.493805,-0.450162,0.713560
0.6433,4863,Render,Thumb_FingerTip,-17.720930,1.121177,20.843660,0.210581,0.493805,-0.450162,0.713560
0.6433,4863,Render,Index_MCP,-17.775080,1.164958,20.872780,-0.222583,0.463212,0.274372,0.812780
0.6433,4863,Render,Index_PIP,-17.755390,1.176188,20.831800,-0.337634,0.387443,0.048607,0.856463
0.6433,4863,Render,Index_DIP,-17.737360,1.171558,20.813720,-0.420639,0.295248,-0.158041,0.843158
0.6433,4863,Render,Index_FingerTip,-17.716490,1.157707,20.803900,-0.420639,0.295248,-0.158041,0.843158
0.6433,4863,Render,Middle_MCP,-17.792320,1.148443,20.859270,-0.250930,0.438616,0.296493,0.810396
0.6433,4863,Render,Middle_PIP,-17.769120,1.162196,20.813870,-0.358414,0.356215,0.070602,0.860038
0.6433,4863,Render,Middle_DIP,-17.748710,1.158484,20.795490,-0.433321,0.259967,-0.137512,0.851904
0.6433,4863,Render,Middle_FingerTip,-17.725310,1.145478,20.786320,-0.433321,0.259967,-0.137512,0.851904
0.6433,4863,Render,Ring_MCP,-17.805270,1.129356,20.850770,-0.272360,0.420482,0.300579,0.811584
0.6433,4863,Render,Ring_PIP,-17.783600,1.141401,20.811390,-0.379443,0.327121,0.060673,0.863327
0.6433,4863,Render,Ring_DIP,-17.763090,1.137621,20.795300,-0.449926,0.220344,-0.159979,0.850542
0.6433,4863,Render,Ring_FingerTip,-17.741110,1.125484,20.789340,-0.449926,0.220344,-0.159979,0.850542
0.6433,4863,Render,Pinky_MCP,-17.815670,1.109790,20.847680,-0.283339,0.410088,0.309141,0.809925
0.6433,4863,Render,Pinky_PIP,-17.797060,1.120356,20.814630,-0.387063,0.314063,0.069356,0.864139
0.6433,4863,Render,Pinky_DIP,-17.782510,1.118095,20.803690,-0.453990,0.205782,-0.151785,0.853527
0.6433,4863,Render,Pinky_FingerTip,-17.765860,1.109551,20.799600,-0.453990,0.205782,-0.151785,0.853527
0.6559,4864,Real,Wrist,-17.819820,1.093089,20.946250,-0.146604,0.485661,0.447224,0.736635
0.6559,4864,Real,Thumb_CMC,-17.793570,1.128824,20.929700,0.482390,0.341067,-0.085946,0.802239
0.6559,4864,Real,Thumb_MCP,-17.760530,1.137218,20.902030,0.367586,0.462500,-0.307150,0.746079
0.6559,4864,Real,Thumb_IP,-17.741720,1.131418,20.857120,0.094522,0.583174,-0.632716,0.500645
0.6559,4864,Real,Thumb_FingerTip,-17.755430,1.116504,20.837070,0.094522,0.583174,-0.632716,0.500645
0.6559,4864,Real,Index_MCP,-17.782720,1.168038,20.867970,-0.224166,0.466422,0.249072,0.818635
0.6559,4864,Real,Index_PIP,-17.762070,1.177342,20.826980,-0.363100,0.368726,-0.029382,0.855182
0.6559,4864,Real,Index_DIP,-17.743220,1.169088,20.811160,-0.455044,0.246445,-0.278146,0.809219
0.6559,4864,Real,Index_FingerTip,-17.723750,1.150944,20.807250,-0.455044,0.246445,-0.278146,0.809219
0.6559,4864,Real,Middle_MCP,-17.800550,1.151991,20.854670,-0.271996,0.428226,0.232289,0.829869
0.6559,4864,Real,Middle_PIP,-17.772810,1.160049,20.810470,-0.416501,0.289630,-0.106901,0.855110
0.6559,4864,Real,Middle_DIP,-17.750380,1.148293,20.799210,-0.491527,0.125539,-0.399423,0.763612
0.6559,4864,Real,Middle_FingerTip,-17.732000,1.127538,20.804900,-0.491527,0.125539,-0.399423,0.763612
0.6559,4864,Real,Ring_MCP,-17.813960,1.133221,20.846180,-0.284838,0.413332,0.250470,0.827822
0.6559,4864,Real,Ring_PIP,-17.789160,1.141561,20.807700,-0.420212,0.274587,-0.081869,0.861000
0.6559,4864,Real,Ring_DIP,-17.767150,1.131768,20.797050,-0.488862,0.113973,-0.371944,0.780821
0.6559,4864,Real,Ring_FingerTip,-17.749150,1.113907,20.801850,-0.488862,0.113973,-0.371944,0.780821
0.6559,4864,Real,Pinky_MCP,-17.824640,1.113826,20.843000,-0.295013,0.402159,0.259171,0.827083
0.6559,4864,Real,Pinky_PIP,-17.803300,1.121363,20.810790,-0.425395,0.260392,-0.073537,0.863614
0.6559,4864,Real,Pinky_DIP,-17.787640,1.114969,20.803680,-0.488867,0.098861,-0.365012,0.786131
0.6559,4864,Real,Pinky_FingerTip,-17.773960,1.102122,20.807540,-0.488867,0.098861,-0.365012,0.786131
0.6559,4864,Virtual,Wrist,-17.816800,1.092369,20.949050,-0.155655,0.480308,0.445361,0.739412
0.6559,4864,Virtual,Thumb_CMC,-17.790420,1.128082,20.932670,0.478483,0.334163,-0.080872,0.807991
0.6559,4864,Virtual,Thumb_MCP,-17.756890,1.136385,20.905570,0.365769,0.454779,-0.303890,0.753021
0.6559,4864,Virtual,Thumb_IP,-17.737200,1.130257,20.861090,0.096713,0.575550,-0.633266,0.508295
0.6559,4864,Virtual,Thumb_FingerTip,-17.750430,1.115083,20.840920,0.096713,0.575550,-0.633266,0.508295
0.6559,4864,Virtual,Index_MCP,-17.778570,1.166764,20.870790,-0.231650,0.459138,0.246777,0.821360
0.6559,4864,Virtual,Index_PIP,-17.757190,1.175786,20.830120,-0.367822,0.359411,-0.032435,0.857017
0.6559,4864,Virtual,Index_DIP,-17.738000,1.167481,20.814750,-0.456837,0.236156,-0.281602,0.810081
0.6559,4864,Virtual,Index_FingerTip,-17.718360,1.149403,20.811380,-0.456837,0.236156,-0.281602,0.810081
0.6559,4864,Virtual,Middle_MCP,-17.796070,1.150499,20.857310,-0.279270,0.420633,0.229747,0.832041
0.6559,4864,Virtual,Middle_PIP,-17.767520,1.158281,20.813570,-0.420272,0.279814,-0.110085,0.856129
0.6559,4864,Virtual,Middle_DIP,-17.744820,1.146537,20.802860,-0.491624,0.115024,-0.402762,0.763452
0.6559,4864,Virtual,Middle_FingerTip,-17.726450,1.125933,20.809090,-0.491624,0.115024,-0.402762,0.763452
0.6559,4864,Virtual,Ring_MCP,-17.809220,1.131579,20.848740,-0.292239,0.405814,0.247869,0.829743
0.6559,4864,Virtual,Ring_PIP,-17.783730,1.139683,20.810660,-0.424212,0.264825,-0.085004,0.861793
0.6559,4864,Virtual,Ring_DIP,-17.761460,1.129904,20.800540,-0.489276,0.103431,-0.375161,0.780491
0.6559,4864,Virtual,Ring_FingerTip,-17.743470,1.112183,20.805840,-0.489276,0.103431,-0.375161,0.780491
0.6559,4864,Virtual,Pinky_MCP,-17.819740,1.112100,20.845550,-0.302465,0.394664,0.256523,0.828826
0.6559,4864,Virtual,Pinky_PIP,-17.797820,1.119442,20.813680,-0.429451,0.250632,-0.076647,0.864223
0.6559,4864,Virtual,Pinky_DIP,-17.781990,1.113062,20.806940,-0.489333,0.088302,-0.368143,0.785638
0.6559,4864,Virtual,Pinky_FingerTip,-17.768320,1.100324,20.811180,-0.489333,0.088302,-0.368143,0.785638
0.6559,4864,Render,Wrist,-17.816800,1.092369,20.949050,-0.155655,0.480308,0.445361,0.739412
0.6559,4864,Render,Thumb_CMC,-17.790420,1.128082,20.932670,0.424404,0.340261,-0.062427,0.836783
0.6559,4864,Render,Thumb_MCP,-17.757020,1.136176,20.905350,0.365290,0.403063,-0.193899,0.816399
0.6559,4864,Render,Thumb_IP,-17.727600,1.135091,20.866130,0.213307,0.500397,-0.450342,0.708022
0.6559,4864,Render,Thumb_FingerTip,-17.724940,1.123001,20.840460,0.213307,0.500397,-0.450342,0.708022
0.6559,4864,Render,Index_MCP,-17.778570,1.166764,20.870790,-0.214492,0.467400,0.277018,0.811660
0.6559,4864,Render,Index_PIP,-17.759390,1.178433,20.829700,-0.330946,0.393629,0.051455,0.856086
0.6559,4864,Render,Index_DIP,-17.741620,1.173957,20.811320,-0.415628,0.302857,-0.155186,0.843474
0.6559,4864,Render,Index_FingerTip,-17.720940,1.160142,20.801050,-0.415628,0.302857,-0.155186,0.843474
0.6559,4864,Render,Middle_MCP,-17.796070,1.150499,20.857310,-0.242759,0.442711,0.299177,0.809672
0.6559,4864,Render,Middle_PIP,-17.773420,1.164732,20.811780,-0.351624,0.362333,0.073381,0.860053
0.6559,4864,Render,Middle_DIP,-17.753270,1.161167,20.793080,-0.428194,0.267533,-0.134817,0.852585
0.6559,4864,Render,Middle_FingerTip,-17.730050,1.148178,20.783440,-0.428194,0.267533,-0.134817,0.852585
0.6559,4864,Render,Ring_MCP,-17.809220,1.131579,20.848740,-0.264193,0.424607,0.303288,0.811128
0.6559,4864,Render,Ring_PIP,-17.788020,1.144034,20.809230,-0.372762,0.333372,0.063401,0.863650
0.6559,4864,Render,Ring_DIP,-17.767740,1.140372,20.792820,-0.445046,0.228084,-0.157422,0.851546
0.6559,4864,Render,Ring_FingerTip,-17.745910,1.128217,20.786410,-0.445046,0.228084,-0.157422,0.851546
0.6559,4864,Render,Pinky_MCP,-17.819740,1.112100,20.845550,-0.275147,0.414172,0.311860,0.809629
0.6559,4864,Render,Pinky_PIP,-17.801530,1.123008,20.812380,-0.380347,0.320282,0.072049,0.864618
0.6559,4864,Render,Pinky_DIP,-17.787150,1.120824,20.801220,-0.449068,0.213499,-0.149301,0.854673
0.6559,4864,Render,Pinky_FingerTip,-17.770580,1.112261,20.796790,-0.449068,0.213499,-0.149301,0.854673
0.6690,4865,Real,Wrist,-17.822750,1.093451,20.943380,-0.139063,0.492042,0.448237,0.733240
0.6690,4865,Real,Thumb_CMC,-17.796660,1.129153,20.926510,0.481923,0.351168,-0.096847,0.796901
0.6690,4865,Real,Thumb_MCP,-17.764400,1.137238,20.897830,0.361323,0.474358,-0.320772,0.735892
0.6690,4865,Real,Thumb_IP,-17.747530,1.130898,20.852240,0.076547,0.591363,-0.645088,0.477800
0.6690,4865,Real,Thumb_FingerTip,-17.762680,1.115910,20.833310,0.076547,0.591363,-0.645088,0.477800
0.6690,4865,Real,Index_MCP,-17.786840,1.168652,20.864790,-0.221203,0.473029,0.245791,0.816640
0.6690,4865,Real,Index_PIP,-17.766620,1.177651,20.823520,-0.367356,0.371129,-0.043063,0.851739
0.6690,4865,Real,Index_DIP,-17.747910,1.168670,20.807930,-0.462719,0.242029,-0.299711,0.798428
0.6690,4865,Real,Index_FingerTip,-17.729000,1.149770,20.804990,-0.462719,0.242029,-0.299711,0.798428
0.6690,4865,Real,Middle_MCP,-17.805010,1.152760,20.851760,-0.271362,0.433366,0.224830,0.829463
0.6690,4865,Real,Middle_PIP,-17.777380,1.160036,20.807350,-0.423986,0.285796,-0.131443,0.849282
0.6690,4865,Real,Middle_DIP,-17.755140,1.147129,20.796990,-0.499358,0.109931,-0.434432,0.741502
0.6690,4865,Real,Middle_FingerTip,-17.738210,1.125790,20.804650,-0.499358,0.109931,-0.434432,0.741502
0.6690,4865,Real,Ring_MCP,-17.818670,1.134098,20.843440,-0.282103,0.419502,0.246660,0.826798
0.6690,4865,Real,Ring_PIP,-17.794170,1.142064,20.804680,-0.424123,0.275106,-0.097665,0.857262
0.6690,4865,Real,Ring_DIP,-17.772320,1.131506,20.794440,-0.494173,0.106568,-0.395718,0.766710
0.6690,4865,Real,Ring_FingerTip,-17.755190,1.113132,20.800310,-0.494173,0.106568,-0.395718,0.766710
0.6690,4865,Real,Pinky_MCP,-17.829510,1.114771,20.840360,-0.292140,0.408252,0.255437,0.826279
0.6690,4865,Real,Pinky_PIP,-17.808400,1.121999,20.807920,-0.428940,0.260819,-0.089389,0.860229
0.6690,4865,Real,Pinky_DIP,-17.792840,1.115073,20.801100,-0.493602,0.091502,-0.389035,0.772422
0.6690,4865,Real,Pinky_FingerTip,-17.779810,1.101828,20.805750,-0.493602,0.091502,-0.389035,0.772422
0.6690,4865,Virtual,Wrist,-17.819830,1.093089,20.946250,-0.146604,0.485661,0.447224,0.736636
0.6690,4865,Virtual,Thumb_CMC,-17.793580,1.128824,20.929710,0.479886,0.344147,-0.091173,0.801848
0.6690,4865,Virtual,Thumb_MCP,-17.760800,1.136908,20.901630,0.361380,0.467046,-0.316750,0.742255
0.6690,4865,Virtual,Thumb_IP,-17.743000,1.130404,20.856410,0.080243,0.585054,-0.644776,0.485322
0.6690,4865,Virtual,Thumb_FingerTip,-17.757710,1.115243,20.837270,0.080243,0.585054,-0.644776,0.485322
0.6690,4865,Virtual,Index_MCP,-17.782720,1.168038,20.867980,-0.226921,0.465088,0.244224,0.820095
0.6690,4865,Virtual,Index_PIP,-17.761740,1.176912,20.827070,-0.370072,0.361728,-0.045700,0.854466
0.6690,4865,Virtual,Index_DIP,-17.742680,1.167936,20.811900,-0.462451,0.232247,-0.303051,0.800225
0.6690,4865,Virtual,Index_FingerTip,-17.723630,1.149110,20.809440,-0.462451,0.232247,-0.303051,0.800225
0.6690,4865,Virtual,Middle_MCP,-17.800560,1.151992,20.854680,-0.276812,0.425128,0.222906,0.832439
0.6690,4865,Virtual,Middle_PIP,-17.772090,1.159160,20.810790,-0.425621,0.276054,-0.134410,0.851220
0.6690,4865,Virtual,Middle_DIP,-17.749600,1.146303,20.800930,-0.497298,0.100270,-0.437904,0.742214
0.6690,4865,Virtual,Middle_FingerTip,-17.732720,1.125086,20.809050,-0.497298,0.100270,-0.437904,0.742214
0.6690,4865,Virtual,Ring_MCP,-17.813970,1.133221,20.846180,-0.287729,0.411325,0.244660,0.829558
0.6690,4865,Virtual,Ring_PIP,-17.788750,1.141096,20.807880,-0.426088,0.265377,-0.100587,0.859015
0.6690,4865,Virtual,Ring_DIP,-17.766650,1.130586,20.798120,-0.492555,0.096775,-0.399072,0.767311
0.6690,4865,Virtual,Ring_FingerTip,-17.749550,1.112325,20.804440,-0.492555,0.096775,-0.399072,0.767311
0.6690,4865,Virtual,Pinky_MCP,-17.824650,1.113827,20.843010,-0.297825,0.400081,0.253366,0.828880
0.6690,4865,Virtual,Pinky_PIP,-17.802940,1.120981,20.810950,-0.430960,0.251073,-0.092314,0.861809
0.6690,4865,Virtual,Pinky_DIP,-17.787220,1.114092,20.804470,-0.492030,0.081673,-0.392330,0.772860
0.6690,4865,Virtual,Pinky_FingerTip,-17.774210,1.100934,20.809450,-0.492030,0.081673,-0.392330,0.772860
0.6690,4865,Render,Wrist,-17.819830,1.093089,20.946250,-0.146604,0.485661,0.447224,0.736636
0.6690,4865,Render,Thumb_CMC,-17.793580,1.128824,20.929710,0.428645,0.347492,-0.067026,0.831277
0.6690,4865,Render,Thumb_MCP,-17.760670,1.137012,20.901810,0.368334,0.410874,-0.197570,0.810234
0.6690,4865,Render,Thumb_IP,-17.732020,1.136155,20.862030,0.213628,0.508773,-0.451795,0.700996
0.6690,4865,Render,Thumb_FingerTip,-17.729910,1.124298,20.836200,0.213628,0.508773,-0.451795,0.700996
0.6690,4865,Render,Index_MCP,-17.782720,1.168038,20.867980,-0.206743,0.474402,0.279210,0.808852
0.6690,4865,Render,Index_PIP,-17.764270,1.180004,20.826630,-0.325336,0.402438,0.054314,0.853962
0.6690,4865,Render,Index_DIP,-17.746880,1.175615,20.807880,-0.412293,0.312754,-0.151901,0.842097
0.6690,4865,Render,Index_FingerTip,-17.726480,1.161796,20.797080,-0.412293,0.312754,-0.151901,0.842097
0.6690,4865,Render,Middle_MCP,-17.800560,1.151992,20.854680,-0.234868,0.449662,0.301527,0.807294
0.6690,4865,Render,Middle_PIP,-17.778710,1.166546,20.808860,-0.345863,0.371130,0.076278,0.858384
0.6690,4865,Render,Middle_DIP,-17.758950,1.163060,20.789740,-0.424709,0.277455,-0.131605,0.851658
0.6690,4865,Render,Middle_FingerTip,-17.735990,1.150047,20.779530,-0.424709,0.277455,-0.131605,0.851658
0.6690,4865,Render,Ring_MCP,-17.813970,1.133221,20.846180,-0.256301,0.431608,0.305753,0.809036
0.6690,4865,Render,Ring_PIP,-17.793470,1.145948,20.806390,-0.367153,0.342308,0.066354,0.862335
0.6690,4865,Render,Ring_DIP,-17.773530,1.142341,20.789560,-0.441884,0.238149,-0.154232,0.851021
0.6690,4865,Render,Ring_FingerTip,-17.751880,1.130138,20.782620,-0.441884,0.238149,-0.154232,0.851021
0.6690,4865,Render,Pinky_MCP,-17.824650,1.113827,20.843010,-0.267206,0.421147,0.314384,0.807712
0.6690,4865,Render,Pinky_PIP,-17.807030,1.124961,20.809600,-0.374683,0.329206,0.075010,0.863487
0.6690,4865,Render,Pinky_DIP,-17.792870,1.122812,20.798150,-0.445850,0.223567,-0.146150,0.854328
0.6690,4865,Render,Pinky_FingerTip,-17.776440,1.114208,20.793320,-0.445850,0.223567,-0.146150,0.854328
0.6815,4866,Real,Wrist,-17.825490,1.093293,20.940580,-0.133137,0.498900,0.447475,0.730165
0.6815,4866,Real,Thumb_CMC,-17.799490,1.128853,20.923270,0.481590,0.357446,-0.106356,0.793090
0.6815,4866,Real,Thumb_MCP,-17.767800,1.136563,20.893870,0.357020,0.481906,-0.332108,0.728017
0.6815,4866,Real,Thumb_IP,-17.752360,1.129725,20.847850,0.064173,0.596304,-0.654772,0.459976
0.6815,4866,Real,Thumb_FingerTip,-17.768560,1.114740,20.829810,0.064173,0.596304,-0.654772,0.459976
0.6815,4866,Real,Index_MCP,-17.790550,1.168352,20.861410,-0.218818,0.480227,0.242669,0.814010
0.6815,4866,Real,Index_PIP,-17.770840,1.177011,20.819830,-0.372087,0.374233,-0.055384,0.847605
0.6815,4866,Real,Index_DIP,-17.752310,1.167345,20.804430,-0.470795,0.238435,-0.318790,0.787321
0.6815,4866,Real,Index_FingerTip,-17.733940,1.147802,20.802410,-0.470795,0.238435,-0.318790,0.787321
0.6815,4866,Real,Middle_MCP,-17.809060,1.152584,20.848710,-0.270794,0.439656,0.218955,0.827909
0.6815,4866,Real,Middle_PIP,-17.781730,1.159155,20.804000,-0.431077,0.284252,-0.150998,0.842955
0.6815,4866,Real,Middle_DIP,-17.759750,1.145306,20.794330,-0.506995,0.097894,-0.461741,0.721228
0.6815,4866,Real,Middle_FingerTip,-17.744060,1.123648,20.803580,-0.506995,0.097894,-0.461741,0.721228
0.6815,4866,Real,Ring_MCP,-17.822980,1.134014,20.840610,-0.281407,0.425629,0.240651,0.825674
0.6815,4866,Real,Ring_PIP,-17.798700,1.141359,20.801600,-0.430879,0.273302,-0.118105,0.851881
0.6815,4866,Real,Ring_DIP,-17.777020,1.129854,20.792020,-0.501442,0.094371,-0.425084,0.747632
0.6815,4866,Real,Ring_FingerTip,-17.761000,1.111013,20.799380,-0.501442,0.094371,-0.425084,0.747632
0.6815,4866,Real,Pinky_MCP,-17.833990,1.114756,20.837720,-0.291314,0.414327,0.249518,0.825355
0.6815,4866,Real,Pinky_PIP,-17.813040,1.121468,20.805070,-0.435296,0.258936,-0.109884,0.855217
0.6815,4866,Real,Pinky_DIP,-17.797590,1.113885,20.798700,-0.500228,0.079390,-0.418682,0.753774
0.6815,4866,Real,Pinky_FingerTip,-17.785390,1.100271,20.804430,-0.500228,0.079390,-0.418682,0.753774
0.6815,4866,Virtual,Wrist,-17.822750,1.093451,20.943380,-0.139063,0.492042,0.448237,0.733240
0.6815,4866,Virtual,Thumb_CMC,-17.796660,1.129153,20.926520,0.481073,0.351638,-0.099720,0.796854
0.6815,4866,Virtual,Thumb_MCP,-17.764490,1.137031,20.897690,0.358212,0.476199,-0.326851,0.733545
0.6815,4866,Virtual,Thumb_IP,-17.748170,1.130247,20.851960,0.068088,0.591984,-0.653034,0.467404
0.6815,4866,Virtual,Thumb_FingerTip,-17.763950,1.115147,20.833650,0.068088,0.591984,-0.653034,0.467404
0.6815,4866,Virtual,Index_MCP,-17.786850,1.168652,20.864790,-0.222860,0.472250,0.242927,0.817496
0.6815,4866,Virtual,Index_PIP,-17.766430,1.177394,20.823560,-0.373105,0.365348,-0.056354,0.850963
0.6815,4866,Virtual,Index_DIP,-17.747570,1.167829,20.808520,-0.468971,0.229680,-0.320766,0.790204
0.6815,4866,Virtual,Index_FingerTip,-17.729040,1.148397,20.806850,-0.468971,0.229680,-0.320766,0.790204
0.6815,4866,Virtual,Middle_MCP,-17.805020,1.152760,20.851770,-0.274501,0.431385,0.218802,0.831073
0.6815,4866,Virtual,Middle_PIP,-17.776920,1.159459,20.807560,-0.430946,0.275189,-0.152471,0.845760
0.6815,4866,Virtual,Middle_DIP,-17.754690,1.145735,20.798300,-0.503409,0.089569,-0.464175,0.723256
0.6815,4866,Virtual,Middle_FingerTip,-17.739040,1.124182,20.807860,-0.503409,0.089569,-0.464175,0.723256
0.6815,4866,Virtual,Ring_MCP,-17.818680,1.134098,20.843440,-0.285267,0.417357,0.240401,0.828640
0.6815,4866,Virtual,Ring_PIP,-17.793730,1.141557,20.804870,-0.431017,0.264175,-0.119546,0.854485
0.6815,4866,Virtual,Ring_DIP,-17.771820,1.130176,20.795690,-0.498192,0.085840,-0.427387,0.749517
0.6815,4866,Virtual,Ring_FingerTip,-17.755820,1.111440,20.803360,-0.498192,0.085840,-0.427387,0.749517
0.6815,4866,Virtual,Pinky_MCP,-17.829520,1.114771,20.840370,-0.295220,0.406031,0.249181,0.828187
0.6815,4866,Virtual,Pinky_PIP,-17.808020,1.121582,20.808100,-0.435467,0.249769,-0.111349,0.857663
0.6815,4866,Virtual,Pinky_DIP,-17.792410,1.114087,20.802020,-0.496993,0.070811,-0.420949,0.755504
0.6815,4866,Virtual,Pinky_FingerTip,-17.780240,1.100553,20.807990,-0.496993,0.070811,-0.420949,0.755504
0.6815,4866,Render,Wrist,-17.822750,1.093451,20.943380,-0.139063,0.492042,0.448237,0.733240
0.6815,4866,Render,Thumb_CMC,-17.796660,1.129153,20.926520,0.431212,0.355429,-0.072017,0.826160
0.6815,4866,Render,Thumb_MCP,-17.764310,1.137388,20.898000,0.369615,0.419116,-0.201689,0.804393
0.6815,4866,Render,Thumb_IP,-17.736490,1.136670,20.857630,0.212142,0.516982,-0.453776,0.694128
0.6815,4866,Render,Thumb_FingerTip,-17.734960,1.124968,20.831690,0.212142,0.516982,-0.453776,0.694128
0.6815,4866,Render,Index_MCP,-17.786850,1.168652,20.864790,-0.200690,0.482089,0.280627,0.805334
0.6815,4866,Render,Index_PIP,-17.769160,1.180757,20.823160,-0.321542,0.411458,0.056615,0.850946
0.6815,4866,Render,Index_DIP,-17.752160,1.176390,20.804040,-0.410770,0.322419,-0.148944,0.839720
0.6815,4866,Render,Index_FingerTip,-17.732040,1.162535,20.792760,-0.410770,0.322419,-0.148944,0.839720
0.6815,4866,Render,Middle_MCP,-17.805020,1.152760,20.851770,-0.228655,0.457341,0.303157,0.804147
0.6815,4866,Render,Middle_PIP,-17.784000,1.167462,20.805610,-0.341913,0.380183,0.078686,0.855784
0.6815,4866,Render,Middle_DIP,-17.764640,1.163989,20.786080,-0.423042,0.287191,-0.128644,0.849710
0.6815,4866,Render,Middle_FingerTip,-17.741950,1.150926,20.775340,-0.423042,0.287191,-0.128644,0.849710
0.6815,4866,Render,Ring_MCP,-17.818680,1.134098,20.843440,-0.250082,0.439344,0.307542,0.806135
0.6815,4866,Render,Ring_PIP,-17.798910,1.146946,20.803320,-0.363356,0.351478,0.068885,0.860053
0.6815,4866,Render,Ring_DIP,-17.779330,1.143339,20.786070,-0.440533,0.247981,-0.151205,0.849455
0.6815,4866,Render,Ring_FingerTip,-17.757880,1.131074,20.778640,-0.440533,0.247981,-0.151205,0.849455
0.6815,4866,Render,Pinky_MCP,-17.829520,1.114771,20.840370,-0.260930,0.428873,0.316255,0.804964
0.6815,4866,Render,Pinky_PIP,-17.812510,1.126005,20.806690,-0.370828,0.338383,0.077577,0.861375
0.6815,4866,Render,Pinky_DIP,-17.798580,1.123853,20.794940,-0.444444,0.233421,-0.143132,0.852935
0.6815,4866,Render,Pinky_FingerTip,-17.782290,1.115200,20.789750,-0.444444,0.233421,-0.143132,0.852935
0.6933,4867,Real,Wrist,-17.825490,1.093293,20.940580,-0.133137,0.498900,0.447475,0.730165
0.6933,4867,Real,Thumb_CMC,-17.799490,1.128853,20.923270,0.481590,0.357446,-0.106356,0.793090
0.6933,4867,Real,Thumb_MCP,-17.767800,1.136563,20.893870,0.357020,0.481906,-0.332108,0.728017
0.6933,4867,Real,Thumb_IP,-17.752360,1.129725,20.847850,0.064173,0.596304,-0.654772,0.459976
0.6933,4867,Real,Thumb_FingerTip,-17.768560,1.114740,20.829810,0.064173,0.596304,-0.654772,0.459976
0.6933,4867,Real,Index_MCP,-17.790550,1.168352,20.861410,-0.218818,0.480227,0.242669,0.814010
0.6933,4867,Real,Index_PIP,-17.770840,1.177011,20.819830,-0.372087,0.374233,-0.055384,0.847605
0.6933,4867,Real,Index_DIP,-17.752310,1.167345,20.804430,-0.470795,0.238435,-0.318790,0.787321
0.6933,4867,Real,Index_FingerTip,-17.733940,1.147802,20.802410,-0.470795,0.238435,-0.318790,0.787321
0.6933,4867,Real,Middle_MCP,-17.809060,1.152584,20.848710,-0.270794,0.439656,0.218955,0.827909
0.6933,4867,Real,Middle_PIP,-17.781730,1.159155,20.804000,-0.431077,0.284252,-0.150998,0.842955
0.6933,4867,Real,Middle_DIP,-17.759750,1.145306,20.794330,-0.506995,0.097894,-0.461741,0.721228
0.6933,4867,Real,Middle_FingerTip,-17.744060,1.123648,20.803580,-0.506995,0.097894,-0.461741,0.721228
0.6933,4867,Real,Ring_MCP,-17.822980,1.134014,20.840610,-0.281407,0.425629,0.240651,0.825674
0.6933,4867,Real,Ring_PIP,-17.798700,1.141359,20.801600,-0.430879,0.273302,-0.118105,0.851881
0.6933,4867,Real,Ring_DIP,-17.777020,1.129854,20.792020,-0.501442,0.094371,-0.425084,0.747632
0.6933,4867,Real,Ring_FingerTip,-17.761000,1.111013,20.799380,-0.501442,0.094371,-0.425084,0.747632
0.6933,4867,Real,Pinky_MCP,-17.833990,1.114756,20.837720,-0.291314,0.414327,0.249518,0.825355
0.6933,4867,Real,Pinky_PIP,-17.813040,1.121468,20.805070,-0.435296,0.258936,-0.109884,0.855217
0.6933,4867,Real,Pinky_DIP,-17.797590,1.113885,20.798700,-0.500228,0.079390,-0.418682,0.753774
0.6933,4867,Real,Pinky_FingerTip,-17.785390,1.100271,20.804430,-0.500228,0.079390,-0.418682,0.753774
0.6933,4867,Virtual,Wrist,-17.825470,1.093293,20.940580,-0.133137,0.498900,0.447474,0.730165
0.6933,4867,Virtual,Thumb_CMC,-17.799480,1.128853,20.923270,0.481590,0.357446,-0.106356,0.793090
0.6933,4867,Virtual,Thumb_MCP,-17.767780,1.136563,20.893880,0.357019,0.481906,-0.332108,0.728017
0.6933,4867,Virtual,Thumb_IP,-17.752340,1.129725,20.847850,0.064173,0.596304,-0.654772,0.459976
0.6933,4867,Virtual,Thumb_FingerTip,-17.768540,1.114740,20.829820,0.064173,0.596304,-0.654772,0.459976
0.6933,4867,Virtual,Index_MCP,-17.790540,1.168352,20.861420,-0.218818,0.480227,0.242669,0.814010
0.6933,4867,Virtual,Index_PIP,-17.770820,1.177011,20.819840,-0.372087,0.374233,-0.055384,0.847605
0.6933,4867,Virtual,Index_DIP,-17.752300,1.167346,20.804440,-0.470795,0.238435,-0.318790,0.787321
0.6933,4867,Virtual,Index_FingerTip,-17.733920,1.147803,20.802410,-0.470795,0.238435,-0.318790,0.787321
0.6933,4867,Virtual,Middle_MCP,-17.809040,1.152584,20.848710,-0.270794,0.439656,0.218955,0.827909
0.6933,4867,Virtual,Middle_PIP,-17.781710,1.159155,20.804010,-0.431077,0.284253,-0.150997,0.842955
0.6933,4867,Virtual,Middle_DIP,-17.759740,1.145306,20.794330,-0.506995,0.097894,-0.461741,0.721228
0.6933,4867,Virtual,Middle_FingerTip,-17.744050,1.123648,20.803590,-0.506995,0.097894,-0.461741,0.721228
0.6933,4867,Virtual,Ring_MCP,-17.822960,1.134014,20.840620,-0.281407,0.425629,0.240651,0.825674
0.6933,4867,Virtual,Ring_PIP,-17.798680,1.141360,20.801610,-0.430879,0.273302,-0.118105,0.851881
0.6933,4867,Virtual,Ring_DIP,-17.777010,1.129854,20.792020,-0.501443,0.094371,-0.425084,0.747632
0.6933,4867,Virtual,Ring_FingerTip,-17.760990,1.111013,20.799380,-0.501443,0.094371,-0.425084,0.747632
0.6933,4867,Virtual,Pinky_MCP,-17.833970,1.114756,20.837730,-0.291314,0.414326,0.249518,0.825355
0.6933,4867,Virtual,Pinky_PIP,-17.813020,1.121469,20.805070,-0.435296,0.258936,-0.109884,0.855217
0.6933,4867,Virtual,Pinky_DIP,-17.797580,1.113885,20.798700,-0.500227,0.079390,-0.418682,0.753774
0.6933,4867,Virtual,Pinky_FingerTip,-17.785380,1.100271,20.804440,-0.500227,0.079390,-0.418682,0.753774
0.6933,4867,Render,Wrist,-17.825470,1.093293,20.940580,-0.133137,0.498900,0.447474,0.730165
0.6933,4867,Render,Thumb_CMC,-17.799480,1.128853,20.923270,0.431803,0.361076,-0.078527,0.822803
0.6933,4867,Render,Thumb_MCP,-17.767560,1.136871,20.894200,0.369306,0.424786,-0.207587,0.800049
0.6933,4867,Render,Thumb_IP,-17.740450,1.135969,20.853360,0.209994,0.522238,-0.457928,0.688094
0.6933,4867,Render,Thumb_FingerTip,-17.739450,1.124260,20.827390,0.209994,0.522238,-0.457928,0.688094
0.6933,4867,Render,Index_MCP,-17.790540,1.168352,20.861420,-0.196282,0.489870,0.280207,0.801863
0.6933,4867,Render,Index_PIP,-17.773540,1.180390,20.819480,-0.319359,0.420130,0.057132,0.847489
0.6933,4867,Render,Index_DIP,-17.756920,1.175939,20.800050,-0.410729,0.331362,-0.147614,0.836488
0.6933,4867,Render,Index_FingerTip,-17.737090,1.161973,20.788390,-0.410729,0.331362,-0.147614,0.836488
0.6933,4867,Render,Middle_MCP,-17.809040,1.152584,20.848710,-0.224116,0.465187,0.302983,0.800984
0.6933,4867,Render,Middle_PIP,-17.788780,1.167204,20.802190,-0.339621,0.388953,0.079358,0.852688
0.6933,4867,Render,Middle_DIP,-17.769800,1.163632,20.782310,-0.422919,0.296254,-0.127250,0.846866
0.6933,4867,Render,Middle_FingerTip,-17.747390,1.150442,20.771150,-0.422919,0.296254,-0.127250,0.846866
0.6933,4867,Render,Ring_MCP,-17.822960,1.134014,20.840620,-0.245557,0.447272,0.307548,0.803159
0.6933,4867,Render,Ring_PIP,-17.803850,1.146782,20.800150,-0.361238,0.360358,0.069727,0.857198
0.6933,4867,Render,Ring_DIP,-17.784610,1.143072,20.782550,-0.440734,0.257108,-0.149668,0.846906
0.6933,4867,Render,Ring_FingerTip,-17.763370,1.130684,20.774720,-0.440734,0.257108,-0.149668,0.846906
0.6933,4867,Render,Pinky_MCP,-17.833970,1.114756,20.837730,-0.256357,0.436819,0.316358,0.802114
0.6933,4867,Render,Pinky_PIP,-17.817510,1.125920,20.803750,-0.368670,0.347294,0.078476,0.858669
0.6933,4867,Render,Pinky_DIP,-17.803820,1.123695,20.791740,-0.444614,0.242588,-0.141577,0.850545
0.6933,4867,Render,Pinky_FingerTip,-17.787680,1.114948,20.786250,-0.444614,0.242588,-0.141577,0.850545
0.7049,4868,Real,Wrist,-17.833320,1.092978,20.932830,-0.116119,0.515227,0.446255,0.722436
0.7049,4868,Real,Thumb_CMC,-17.807580,1.128243,20.914560,0.484549,0.372308,-0.122857,0.781988
0.7049,4868,Real,Thumb_MCP,-17.777170,1.135649,20.883770,0.354411,0.497789,-0.346282,0.711820
0.7049,4868,Real,Thumb_IP,-17.764200,1.128778,20.836990,0.051411,0.608899,-0.660585,0.436151
0.7049,4868,Real,Thumb_FingerTip,-17.781700,1.114140,20.819910,0.051411,0.608899,-0.660585,0.436151
0.7049,4868,Real,Index_MCP,-17.800880,1.168047,20.852620,-0.207484,0.499461,0.240994,0.805860
0.7049,4868,Real,Index_PIP,-17.782850,1.176530,20.810240,-0.371797,0.392782,-0.061890,0.838844
0.7049,4868,Real,Index_DIP,-17.765100,1.166254,20.794330,-0.478463,0.252159,-0.328677,0.774248
0.7049,4868,Real,Index_FingerTip,-17.747430,1.146072,20.792290,-0.478463,0.252159,-0.328677,0.774248
0.7049,4868,Real,Middle_MCP,-17.820210,1.152671,20.840680,-0.261252,0.459010,0.216307,0.821139
0.7049,4868,Real,Middle_PIP,-17.794590,1.158765,20.794910,-0.434416,0.300375,-0.161058,0.833738
0.7049,4868,Real,Middle_DIP,-17.773310,1.144087,20.784900,-0.517474,0.105655,-0.475522,0.703517
0.7049,4868,Real,Middle_FingerTip,-17.758440,1.122058,20.794620,-0.517474,0.105655,-0.475522,0.703517
0.7049,4868,Real,Ring_MCP,-17.834790,1.134386,20.833130,-0.271475,0.444864,0.238111,0.819574
0.7049,4868,Real,Ring_PIP,-17.811950,1.141309,20.793170,-0.433437,0.289370,-0.128782,0.843690
0.7049,4868,Real,Ring_DIP,-17.790890,1.128976,20.783250,-0.510987,0.102446,-0.440456,0.731024
0.7049,4868,Real,Ring_FingerTip,-17.775640,1.109660,20.791000,-0.510987,0.102446,-0.440456,0.731024
0.7049,4868,Real,Pinky_MCP,-17.846240,1.115329,20.830620,-0.281213,0.433561,0.247168,0.819666
0.7049,4868,Real,Pinky_PIP,-17.826480,1.121682,20.797160,-0.437516,0.275019,-0.120605,0.847584
0.7049,4868,Real,Pinky_DIP,-17.811440,1.113516,20.790550,-0.509292,0.087623,-0.434378,0.737740
0.7049,4868,Real,Pinky_FingerTip,-17.799810,1.099527,20.796550,-0.509292,0.087623,-0.434378,0.737740
0.7049,4868,Virtual,Wrist,-17.825470,1.093293,20.940580,-0.133137,0.498900,0.447474,0.730165
0.7049,4868,Virtual,Thumb_CMC,-17.799480,1.128853,20.923270,0.481515,0.357522,-0.106528,0.793078
0.7049,4868,Virtual,Thumb_MCP,-17.767790,1.136552,20.893870,0.355836,0.482763,-0.333913,0.727202
0.7049,4868,Virtual,Thumb_IP,-17.752550,1.129586,20.847790,0.060291,0.596694,-0.657776,0.455688
0.7049,4868,Virtual,Thumb_FingerTip,-17.769000,1.114552,20.830030,0.060291,0.596694,-0.657776,0.455688
0.7049,4868,Virtual,Index_MCP,-17.790540,1.168352,20.861420,-0.219870,0.479746,0.240885,0.814540
0.7049,4868,Virtual,Index_PIP,-17.770700,1.176850,20.819860,-0.376347,0.369949,-0.065084,0.846915
0.7049,4868,Virtual,Index_DIP,-17.752070,1.166761,20.804860,-0.475419,0.229076,-0.334300,0.780861
0.7049,4868,Virtual,Index_FingerTip,-17.734000,1.146857,20.803800,-0.475419,0.229076,-0.334300,0.780861
0.7049,4868,Virtual,Middle_MCP,-17.809040,1.152584,20.848710,-0.272773,0.438431,0.215221,0.828887
0.7049,4868,Virtual,Middle_PIP,-17.781430,1.158795,20.804130,-0.435876,0.276837,-0.165395,0.840249
0.7049,4868,Virtual,Middle_DIP,-17.759470,1.144400,20.795230,-0.509574,0.083433,-0.482068,0.707802
0.7049,4868,Virtual,Middle_FingerTip,-17.744720,1.122682,20.805790,-0.509574,0.083433,-0.482068,0.707802
0.7049,4868,Virtual,Ring_MCP,-17.822960,1.134014,20.840620,-0.283379,0.424319,0.236817,0.826781
0.7049,4868,Virtual,Ring_PIP,-17.798410,1.141046,20.801720,-0.435593,0.265724,-0.132988,0.849685
0.7049,4868,Virtual,Ring_DIP,-17.776710,1.128994,20.792880,-0.503973,0.079761,-0.446628,0.734965
0.7049,4868,Virtual,Ring_FingerTip,-17.761540,1.109981,20.801470,-0.503973,0.079761,-0.446628,0.734965
0.7049,4868,Virtual,Pinky_MCP,-17.833970,1.114756,20.837730,-0.293233,0.412970,0.245685,0.826504
0.7049,4868,Virtual,Pinky_PIP,-17.812790,1.121210,20.805180,-0.439758,0.251282,-0.124827,0.853164
0.7049,4868,Virtual,Pinky_DIP,-17.797330,1.113248,20.799320,-0.502323,0.064822,-0.440407,0.741291
0.7049,4868,Virtual,Pinky_FingerTip,-17.785760,1.099492,20.805960,-0.502323,0.064822,-0.440407,0.741291
0.7049,4868,Render,Wrist,-17.825470,1.093293,20.940580,-0.133137,0.498900,0.447474,0.730165
0.7049,4868,Render,Thumb_CMC,-17.799480,1.128853,20.923270,0.431803,0.361076,-0.078527,0.822803
0.7049,4868,Render,Thumb_MCP,-17.767560,1.136871,20.894200,0.369306,0.424786,-0.207587,0.800049
0.7049,4868,Render,Thumb_IP,-17.740450,1.135969,20.853360,0.209994,0.522238,-0.457928,0.688094
0.7049,4868,Render,Thumb_FingerTip,-17.739450,1.124260,20.827390,0.209994,0.522238,-0.457928,0.688094
0.7049,4868,Render,Index_MCP,-17.790540,1.168352,20.861420,-0.196282,0.489870,0.280207,0.801863
0.7049,4868,Render,Index_PIP,-17.773540,1.180390,20.819480,-0.319359,0.420130,0.057132,0.847489
0.7049,4868,Render,Index_DIP,-17.756920,1.175939,20.800050,-0.410729,0.331362,-0.147614,0.836488
0.7049,4868,Render,Index_FingerTip,-17.737090,1.161973,20.788390,-0.410729,0.331362,-0.147614,0.836488
0.7049,4868,Render,Middle_MCP,-17.809040,1.152584,20.848710,-0.224116,0.465187,0.302983,0.800984
0.7049,4868,Render,Middle_PIP,-17.788780,1.167204,20.802190,-0.339621,0.388953,0.079358,0.852688
0.7049,4868,Render,Middle_DIP,-17.769800,1.163632,20.782310,-0.422919,0.296254,-0.127250,0.846866
0.7049,4868,Render,Middle_FingerTip,-17.747390,1.150442,20.771150,-0.422919,0.296254,-0.127250,0.846866
0.7049,4868,Render,Ring_MCP,-17.822960,1.134014,20.840620,-0.245557,0.447272,0.307548,0.803159
0.7049,4868,Render,Ring_PIP,-17.803850,1.146782,20.800150,-0.361238,0.360358,0.069727,0.857198
0.7049,4868,Render,Ring_DIP,-17.784610,1.143072,20.782550,-0.440734,0.257108,-0.149668,0.846906
0.7049,4868,Render,Ring_FingerTip,-17.763370,1.130684,20.774720,-0.440734,0.257108,-0.149668,0.846906
0.7049,4868,Render,Pinky_MCP,-17.833970,1.114756,20.837730,-0.256357,0.436819,0.316358,0.802114
0.7049,4868,Render,Pinky_PIP,-17.817510,1.125920,20.803750,-0.368670,0.347294,0.078476,0.858669
0.7049,4868,Render,Pinky_DIP,-17.803820,1.123695,20.791740,-0.444614,0.242588,-0.141577,0.850545
0.7049,4868,Render,Pinky_FingerTip,-17.787680,1.114948,20.786250,-0.444614,0.242588,-0.141577,0.850545
0.7172,4869,Real,Wrist,-17.833000,1.092242,20.932740,-0.117088,0.514812,0.444952,0.723379
0.7172,4869,Real,Thumb_CMC,-17.807150,1.127425,20.914470,0.484178,0.370709,-0.123231,0.782918
0.7172,4869,Real,Thumb_MCP,-17.776650,1.134715,20.883740,0.354524,0.496152,-0.346912,0.712600
0.7172,4869,Real,Thumb_IP,-17.763560,1.127722,20.837010,0.052342,0.607547,-0.661524,0.436501
0.7172,4869,Real,Thumb_FingerTip,-17.781040,1.113076,20.819920,0.052342,0.607547,-0.661524,0.436501
0.7172,4869,Real,Index_MCP,-17.800210,1.167084,20.852460,-0.208275,0.498785,0.239515,0.806516
0.7172,4869,Real,Index_PIP,-17.782060,1.175447,20.810120,-0.372295,0.391869,-0.063505,0.838930
0.7172,4869,Real,Index_DIP,-17.764290,1.165107,20.794280,-0.478640,0.251134,-0.330234,0.773810
0.7172,4869,Real,Index_FingerTip,-17.746640,1.144892,20.792330,-0.478640,0.251134,-0.330234,0.773810
0.7172,4869,Real,Middle_MCP,-17.819530,1.151714,20.840510,-0.262058,0.458330,0.214786,0.821661
0.7172,4869,Real,Middle_PIP,-17.793790,1.157668,20.794790,-0.434847,0.299413,-0.162655,0.833549
0.7172,4869,Real,Middle_DIP,-17.772500,1.142933,20.784880,-0.517493,0.104601,-0.476917,0.702717
0.7172,4869,Real,Middle_FingerTip,-17.757700,1.120901,20.794680,-0.517493,0.104601,-0.476917,0.702717
0.7172,4869,Real,Ring_MCP,-17.834130,1.133437,20.832950,-0.272321,0.444218,0.236592,0.820083
0.7172,4869,Real,Ring_PIP,-17.811170,1.140236,20.793040,-0.433932,0.288428,-0.130374,0.843514
0.7172,4869,Real,Ring_DIP,-17.790110,1.127848,20.783210,-0.511086,0.101387,-0.441861,0.730255
0.7172,4869,Real,Ring_FingerTip,-17.774910,1.108524,20.791040,-0.511086,0.101387,-0.441861,0.730255
0.7172,4869,Real,Pinky_MCP,-17.845600,1.114393,20.830460,-0.282080,0.432933,0.245648,0.820157
0.7172,4869,Real,Pinky_PIP,-17.825740,1.120641,20.797040,-0.438038,0.274084,-0.122190,0.847390
0.7172,4869,Real,Pinky_DIP,-17.810700,1.112437,20.790480,-0.509418,0.086560,-0.435770,0.736956
0.7172,4869,Real,Pinky_FingerTip,-17.799100,1.098442,20.796540,-0.509418,0.086560,-0.435770,0.736956
0.7172,4869,Virtual,Wrist,-17.833330,1.092978,20.932830,-0.116118,0.515227,0.446255,0.722437
0.7172,4869,Virtual,Thumb_CMC,-17.807590,1.128243,20.914560,0.484550,0.372308,-0.122857,0.781988
0.7172,4869,Virtual,Thumb_MCP,-17.777180,1.135649,20.883770,0.354411,0.497789,-0.346282,0.711820
0.7172,4869,Virtual,Thumb_IP,-17.764210,1.128778,20.836990,0.051411,0.608899,-0.660585,0.436150
0.7172,4869,Virtual,Thumb_FingerTip,-17.781710,1.114140,20.819910,0.051411,0.608899,-0.660585,0.436150
0.7172,4869,Virtual,Index_MCP,-17.800890,1.168046,20.852620,-0.207484,0.499461,0.240994,0.805861
0.7172,4869,Virtual,Index_PIP,-17.782860,1.176530,20.810240,-0.371797,0.392783,-0.061890,0.838844
0.7172,4869,Virtual,Index_DIP,-17.765110,1.166254,20.794330,-0.478463,0.252159,-0.328677,0.774249
0.7172,4869,Virtual,Index_FingerTip,-17.747440,1.146071,20.792290,-0.478463,0.252159,-0.328677,0.774249
0.7172,4869,Virtual,Middle_MCP,-17.820210,1.152671,20.840680,-0.261251,0.459010,0.216307,0.821139
0.7172,4869,Virtual,Middle_PIP,-17.794600,1.158765,20.794910,-0.434415,0.300376,-0.161058,0.833738
0.7172,4869,Virtual,Middle_DIP,-17.773320,1.144086,20.784910,-0.517474,0.105655,-0.475522,0.703518
0.7172,4869,Virtual,Middle_FingerTip,-17.758450,1.122058,20.794630,-0.517474,0.105655,-0.475522,0.703518
0.7172,4869,Virtual,Ring_MCP,-17.834800,1.134386,20.833130,-0.271475,0.444864,0.238111,0.819574
0.7172,4869,Virtual,Ring_PIP,-17.811960,1.141309,20.793180,-0.433437,0.289370,-0.128782,0.843690
0.7172,4869,Virtual,Ring_DIP,-17.790900,1.128976,20.783250,-0.510986,0.102446,-0.440456,0.731025
0.7172,4869,Virtual,Ring_FingerTip,-17.775650,1.109660,20.791000,-0.510986,0.102446,-0.440456,0.731025
0.7172,4869,Virtual,Pinky_MCP,-17.846250,1.115329,20.830620,-0.281212,0.433561,0.247168,0.819666
0.7172,4869,Virtual,Pinky_PIP,-17.826480,1.121681,20.797160,-0.437516,0.275020,-0.120605,0.847584
0.7172,4869,Virtual,Pinky_DIP,-17.811450,1.113516,20.790550,-0.509291,0.087624,-0.434379,0.737740
0.7172,4869,Virtual,Pinky_FingerTip,-17.799810,1.099527,20.796550,-0.509291,0.087624,-0.434379,0.737740
0.7172,4869,Render,Wrist,-17.833330,1.092978,20.932830,-0.116118,0.515227,0.446255,0.722437
0.7172,4869,Render,Thumb_CMC,-17.807590,1.128243,20.914560,0.435635,0.376856,-0.093937,0.812021
0.7172,4869,Render,Thumb_MCP,-17.776930,1.135962,20.884090,0.370596,0.440973,-0.221100,0.786967
0.7172,4869,Render,Thumb_IP,-17.751760,1.134925,20.842030,0.205917,0.537956,-0.466416,0.671311
0.7172,4869,Render,Thumb_FingerTip,-17.752160,1.123392,20.815970,0.205917,0.537956,-0.466416,0.671311
0.7172,4869,Render,Index_MCP,-17.800890,1.168046,20.852620,-0.182952,0.508960,0.279895,0.793189
0.7172,4869,Render,Index_PIP,-17.785650,1.180118,20.810020,-0.311579,0.442074,0.059135,0.839043
0.7172,4869,Render,Index_DIP,-17.770020,1.175544,20.789800,-0.408434,0.354532,-0.143645,0.828767
0.7172,4869,Render,Index_FingerTip,-17.751000,1.161348,20.777150,-0.408434,0.354532,-0.143645,0.828767
0.7172,4869,Render,Middle_MCP,-17.820210,1.152671,20.840680,-0.210452,0.484409,0.303231,0.793164
0.7172,4869,Render,Middle_PIP,-17.801900,1.167305,20.793370,-0.331553,0.411114,0.081674,0.845215
0.7172,4869,Render,Middle_DIP,-17.783920,1.163576,20.772600,-0.420395,0.319703,-0.123211,0.840165
0.7172,4869,Render,Middle_FingerTip,-17.762260,1.150110,20.760330,-0.420395,0.319703,-0.123211,0.840165
0.7172,4869,Render,Ring_MCP,-17.834800,1.134386,20.833130,-0.231917,0.466708,0.308212,0.795867
0.7172,4869,Render,Ring_PIP,-17.817380,1.147142,20.791900,-0.353603,0.382841,0.072412,0.850385
0.7172,4869,Render,Ring_DIP,-17.799030,1.143254,20.773400,-0.439042,0.280792,-0.145345,0.840995
0.7172,4869,Render,Ring_FingerTip,-17.778390,1.130585,20.764500,-0.439042,0.280792,-0.145345,0.840995
0.7172,4869,Render,Pinky_MCP,-17.846250,1.115329,20.830620,-0.242598,0.456292,0.317243,0.795174
0.7172,4869,Render,Pinky_PIP,-17.831190,1.126477,20.795990,-0.360929,0.369845,0.081273,0.852256
0.7172,4869,Render,Pinky_DIP,-17.818110,1.124120,20.783350,-0.442838,0.266364,-0.137246,0.845049
0.7172,4869,Render,Pinky_FingerTip,-17.802390,1.115157,20.777050,-0.442838,0.266364,-0.137246,0.845049
0.7299,4870,Real,Wrist,-17.835740,1.091843,20.929900,-0.108425,0.520358,0.443872,0.721422
0.7299,4870,Real,Thumb_CMC,-17.809870,1.126877,20.911390,0.487293,0.375478,-0.130272,0.777555
0.7299,4870,Real,Thumb_MCP,-17.779830,1.134050,20.880170,0.356107,0.501624,-0.352076,0.705411
0.7299,4870,Real,Thumb_IP,-17.767630,1.127212,20.833180,0.050917,0.613063,-0.662306,0.427684
0.7299,4870,Real,Thumb_FingerTip,-17.785550,1.112846,20.816310,0.050917,0.613063,-0.662306,0.427684
0.7299,4870,Real,Index_MCP,-17.803610,1.166843,20.849500,-0.201234,0.506137,0.238779,0.803938
0.7299,4870,Real,Index_PIP,-17.786120,1.175283,20.806890,-0.368335,0.401247,-0.063275,0.836258
0.7299,4870,Real,Index_DIP,-17.768720,1.164864,20.790680,-0.477911,0.261287,-0.329156,0.771354
0.7299,4870,Real,Index_FingerTip,-17.751330,1.144486,20.788310,-0.477911,0.261287,-0.329156,0.771354
0.7299,4870,Real,Middle_MCP,-17.823290,1.151741,20.837800,-0.255388,0.466161,0.214323,0.819474
0.7299,4870,Real,Middle_PIP,-17.798290,1.157716,20.791670,-0.432232,0.309362,-0.162124,0.831377
0.7299,4870,Real,Middle_DIP,-17.777330,1.142831,20.781300,-0.518994,0.114777,-0.475575,0.700928
0.7299,4870,Real,Middle_FingerTip,-17.762580,1.120592,20.790710,-0.518994,0.114777,-0.475575,0.700928
0.7299,4870,Real,Ring_MCP,-17.838200,1.133656,20.830390,-0.265535,0.452021,0.236183,0.818160
0.7299,4870,Real,Ring_PIP,-17.815870,1.140470,20.790120,-0.431060,0.298362,-0.129936,0.841596
0.7299,4870,Real,Ring_DIP,-17.795100,1.127932,20.779840,-0.512214,0.111666,-0.440725,0.728649
0.7299,4870,Real,Ring_FingerTip,-17.779970,1.108410,20.787300,-0.512214,0.111666,-0.440725,0.728649
0.7299,4870,Real,Pinky_MCP,-17.849900,1.114744,20.827980,-0.275271,0.440759,0.245289,0.818407
0.7299,4870,Real,Pinky_PIP,-17.830560,1.120997,20.794250,-0.435154,0.284049,-0.121780,0.845652
0.7299,4870,Real,Pinky_DIP,-17.815720,1.112684,20.787390,-0.510548,0.096872,-0.434728,0.735506
0.7299,4870,Real,Pinky_FingerTip,-17.804170,1.098537,20.793160,-0.510548,0.096872,-0.434728,0.735506
0.7299,4870,Virtual,Wrist,-17.833000,1.092242,20.932750,-0.117088,0.514812,0.444952,0.723379
0.7299,4870,Virtual,Thumb_CMC,-17.807160,1.127425,20.914470,0.484178,0.370709,-0.123231,0.782919
0.7299,4870,Virtual,Thumb_MCP,-17.776650,1.134715,20.883750,0.354524,0.496152,-0.346912,0.712601
0.7299,4870,Virtual,Thumb_IP,-17.763560,1.127722,20.837020,0.052342,0.607547,-0.661524,0.436501
0.7299,4870,Virtual,Thumb_FingerTip,-17.781040,1.113076,20.819930,0.052342,0.607547,-0.661524,0.436501
0.7299,4870,Virtual,Index_MCP,-17.800220,1.167084,20.852470,-0.208275,0.498785,0.239515,0.806516
0.7299,4870,Virtual,Index_PIP,-17.782060,1.175447,20.810120,-0.372295,0.391869,-0.063505,0.838929
0.7299,4870,Virtual,Index_DIP,-17.764290,1.165108,20.794280,-0.478641,0.251134,-0.330234,0.773809
0.7299,4870,Virtual,Index_FingerTip,-17.746650,1.144893,20.792330,-0.478641,0.251134,-0.330234,0.773809
0.7299,4870,Virtual,Middle_MCP,-17.819530,1.151715,20.840510,-0.262058,0.458330,0.214786,0.821661
0.7299,4870,Virtual,Middle_PIP,-17.793790,1.157668,20.794790,-0.434847,0.299413,-0.162655,0.833549
0.7299,4870,Virtual,Middle_DIP,-17.772510,1.142934,20.784880,-0.517493,0.104600,-0.476917,0.702716
0.7299,4870,Virtual,Middle_FingerTip,-17.757700,1.120902,20.794690,-0.517493,0.104600,-0.476917,0.702716
0.7299,4870,Virtual,Ring_MCP,-17.834130,1.133437,20.832950,-0.272321,0.444218,0.236592,0.820083
0.7299,4870,Virtual,Ring_PIP,-17.811170,1.140237,20.793050,-0.433933,0.288428,-0.130374,0.843513
0.7299,4870,Virtual,Ring_DIP,-17.790100,1.127848,20.783210,-0.511086,0.101386,-0.441861,0.730255
0.7299,4870,Virtual,Ring_FingerTip,-17.774910,1.108524,20.791050,-0.511086,0.101386,-0.441861,0.730255
0.7299,4870,Virtual,Pinky_MCP,-17.845600,1.114393,20.830460,-0.282081,0.432933,0.245647,0.820157
0.7299,4870,Virtual,Pinky_PIP,-17.825740,1.120642,20.797040,-0.438039,0.274084,-0.122191,0.847390
0.7299,4870,Virtual,Pinky_DIP,-17.810700,1.112437,20.790480,-0.509419,0.086560,-0.435770,0.736956
0.7299,4870,Virtual,Pinky_FingerTip,-17.799100,1.098443,20.796550,-0.509419,0.086560,-0.435770,0.736956
0.7299,4870,Render,Wrist,-17.833000,1.092242,20.932750,-0.117088,0.514812,0.444952,0.723379
0.7299,4870,Render,Thumb_CMC,-17.807160,1.127425,20.914470,0.435195,0.375287,-0.094408,0.812928
0.7299,4870,Render,Thumb_MCP,-17.776400,1.135029,20.884080,0.370410,0.439354,-0.221708,0.787789
0.7299,4870,Render,Thumb_IP,-17.751110,1.133860,20.842080,0.206271,0.536365,-0.467260,0.671888
0.7299,4870,Render,Thumb_FingerTip,-17.751460,1.122272,20.816050,0.206271,0.536365,-0.467260,0.671888
0.7299,4870,Render,Index_MCP,-17.800220,1.167084,20.852470,-0.183775,0.508323,0.278449,0.793915
0.7299,4870,Render,Index_PIP,-17.784850,1.179040,20.809880,-0.312203,0.441241,0.057549,0.839359
0.7299,4870,Render,Index_DIP,-17.769170,1.174396,20.789720,-0.408841,0.353573,-0.145261,0.828695
0.7299,4870,Render,Index_FingerTip,-17.750130,1.160142,20.777150,-0.408841,0.353573,-0.145261,0.828695
0.7299,4870,Render,Middle_MCP,-17.819530,1.151715,20.840510,-0.211327,0.483820,0.301774,0.793847
0.7299,4870,Render,Middle_PIP,-17.801070,1.166217,20.793210,-0.332240,0.410314,0.080089,0.845486
0.7299,4870,Render,Middle_DIP,-17.783040,1.162413,20.772500,-0.420870,0.318761,-0.124815,0.840048
0.7299,4870,Render,Middle_FingerTip,-17.761370,1.148886,20.760320,-0.420870,0.318761,-0.124815,0.840048
0.7299,4870,Render,Ring_MCP,-17.834130,1.133437,20.832950,-0.232816,0.466138,0.306743,0.796505
0.7299,4870,Render,Ring_PIP,-17.816580,1.146076,20.791750,-0.354305,0.382042,0.070822,0.850586
0.7299,4870,Render,Ring_DIP,-17.798190,1.142118,20.773310,-0.439519,0.279841,-0.146934,0.840787
0.7299,4870,Render,Ring_FingerTip,-17.777540,1.129397,20.764500,-0.439519,0.279841,-0.146934,0.840787
0.7299,4870,Render,Pinky_MCP,-17.845600,1.114393,20.830460,-0.243517,0.455741,0.315771,0.795795
0.7299,4870,Render,Pinky_PIP,-17.830440,1.125442,20.795840,-0.361657,0.369059,0.079686,0.852438
0.7299,4870,Render,Pinky_DIP,-17.817320,1.123037,20.783240,-0.443343,0.265419,-0.138828,0.844824
0.7299,4870,Render,Pinky_FingerTip,-17.801600,1.114034,20.777010,-0.443343,0.265419,-0.138828,0.844824
0.7442,4871,Real,Wrist,-17.838710,1.091541,20.926950,-0.098856,0.526885,0.443022,0.718576
0.7442,4871,Real,Thumb_CMC,-17.812860,1.126437,20.908130,0.490242,0.382009,-0.137424,0.771264
0.7442,4871,Real,Thumb_MCP,-17.783420,1.133575,20.876340,0.356544,0.509062,-0.357721,0.696971
0.7442,4871,Real,Thumb_IP,-17.772350,1.126925,20.829040,0.046469,0.619765,-0.663560,0.416438
0.7442,4871,Real,Thumb_FingerTip,-17.790850,1.112816,20.812570,0.046469,0.619765,-0.663560,0.416438
0.7442,4871,Real,Index_MCP,-17.807480,1.166747,20.846390,-0.194372,0.514356,0.237214,0.800867
0.7442,4871,Real,Index_PIP,-17.790700,1.175176,20.803490,-0.367043,0.409416,-0.068090,0.832479
0.7442,4871,Real,Index_DIP,-17.773690,1.164432,20.787090,-0.480608,0.267131,-0.336177,0.764619
0.7442,4871,Real,Index_FingerTip,-17.756700,1.143696,20.784800,-0.480608,0.267131,-0.336177,0.764619
0.7442,4871,Real,Middle_MCP,-17.827550,1.151919,20.834990,-0.248722,0.474888,0.213334,0.816767
0.7442,4871,Real,Middle_PIP,-17.803370,1.157847,20.788430,-0.431573,0.318002,-0.165904,0.827705
0.7442,4871,Real,Middle_DIP,-17.782780,1.142626,20.777800,-0.522320,0.120676,-0.480679,0.693950
0.7442,4871,Real,Middle_FingerTip,-17.768380,1.120179,20.787280,-0.522320,0.120676,-0.480679,0.693950
0.7442,4871,Real,Ring_MCP,-17.842790,1.134035,20.827780,-0.258725,0.460690,0.235216,0.815782
0.7442,4871,Real,Ring_PIP,-17.821160,1.140800,20.787130,-0.430073,0.306937,-0.134021,0.838371
0.7442,4871,Real,Ring_DIP,-17.800730,1.127925,20.776610,-0.515105,0.117645,-0.446538,0.722101
0.7442,4871,Real,Ring_FingerTip,-17.785930,1.108160,20.784100,-0.515105,0.117645,-0.446538,0.722101
0.7442,4871,Real,Pinky_MCP,-17.854730,1.115256,20.825490,-0.268408,0.449438,0.244383,0.816236
0.7442,4871,Real,Pinky_PIP,-17.835970,1.121465,20.791440,-0.434052,0.292636,-0.125917,0.842679
0.7442,4871,Real,Pinky_DIP,-17.821350,1.112911,20.784400,-0.513269,0.102915,-0.440718,0.729199
0.7442,4871,Real,Pinky_FingerTip,-17.810040,1.098573,20.790190,-0.513269,0.102915,-0.440718,0.729199
0.7442,4871,Virtual,Wrist,-17.835750,1.091842,20.929900,-0.108425,0.520358,0.443872,0.721422
0.7442,4871,Virtual,Thumb_CMC,-17.809880,1.126877,20.911390,0.487194,0.376025,-0.129701,0.777448
0.7442,4871,Virtual,Thumb_MCP,-17.779860,1.134110,20.880170,0.355386,0.502447,-0.352153,0.705150
0.7442,4871,Virtual,Thumb_IP,-17.767740,1.127270,20.833150,0.048853,0.613486,-0.662952,0.426313
0.7442,4871,Virtual,Thumb_FingerTip,-17.785750,1.112868,20.816400,0.048853,0.613486,-0.662952,0.426313
0.7442,4871,Virtual,Index_MCP,-17.803620,1.166843,20.849510,-0.202010,0.505828,0.237545,0.804303
0.7442,4871,Virtual,Index_PIP,-17.786040,1.175167,20.806910,-0.371085,0.398705,-0.069023,0.835803
0.7442,4871,Virtual,Index_DIP,-17.768580,1.164492,20.790940,-0.480930,0.255687,-0.338144,0.767457
0.7442,4871,Virtual,Index_FingerTip,-17.751350,1.143914,20.789130,-0.480930,0.255687,-0.338144,0.767457
0.7442,4871,Virtual,Middle_MCP,-17.823300,1.151741,20.837800,-0.255962,0.465846,0.213313,0.819737
0.7442,4871,Virtual,Middle_PIP,-17.798210,1.157615,20.791700,-0.434122,0.306703,-0.167223,0.830366
0.7442,4871,Virtual,Middle_DIP,-17.777260,1.142535,20.781610,-0.520177,0.109294,-0.482946,0.695870
0.7442,4871,Virtual,Middle_FingerTip,-17.762830,1.120297,20.791520,-0.520177,0.109294,-0.482946,0.695870
0.7442,4871,Virtual,Ring_MCP,-17.838210,1.133656,20.830390,-0.266116,0.451680,0.235131,0.818463
0.7442,4871,Virtual,Ring_PIP,-17.815800,1.140381,20.790160,-0.432931,0.295640,-0.135237,0.840761
0.7442,4871,Virtual,Ring_DIP,-17.795030,1.127646,20.780150,-0.513392,0.106119,-0.448581,0.723839
0.7442,4871,Virtual,Ring_FingerTip,-17.780190,1.108080,20.788070,-0.513392,0.106119,-0.448581,0.723839
0.7442,4871,Virtual,Pinky_MCP,-17.849910,1.114744,20.827980,-0.275838,0.440405,0.244237,0.818722
0.7442,4871,Virtual,Pinky_PIP,-17.830510,1.120924,20.794290,-0.436936,0.281301,-0.127106,0.844868
0.7442,4871,Virtual,Pinky_DIP,-17.815660,1.112474,20.787600,-0.511566,0.091344,-0.442659,0.730760
0.7442,4871,Virtual,Pinky_FingerTip,-17.804330,1.098289,20.793720,-0.511566,0.091344,-0.442659,0.730760
0.7442,4871,Render,Wrist,-17.835750,1.091842,20.929900,-0.108425,0.520358,0.443872,0.721422
0.7442,4871,Render,Thumb_CMC,-17.809880,1.126877,20.911390,0.438679,0.380478,-0.101160,0.807815
0.7442,4871,Render,Thumb_MCP,-17.779570,1.134358,20.880500,0.373029,0.445030,-0.227567,0.781672
0.7442,4871,Render,Thumb_IP,-17.755040,1.133194,20.838060,0.206888,0.542586,-0.470795,0.664192
0.7442,4871,Render,Thumb_FingerTip,-17.755960,1.121769,20.811970,0.206888,0.542586,-0.470795,0.664192
0.7442,4871,Render,Index_MCP,-17.803620,1.166843,20.849510,-0.176385,0.515323,0.277588,0.791376
0.7442,4871,Render,Index_PIP,-17.788880,1.178904,20.806730,-0.306939,0.449954,0.057393,0.836682
0.7442,4871,Render,Index_DIP,-17.773600,1.174228,20.786270,-0.405817,0.363293,-0.144771,0.826058
0.7442,4871,Render,Index_FingerTip,-17.754930,1.159862,20.773280,-0.405817,0.363293,-0.144771,0.826058
0.7442,4871,Render,Middle_MCP,-17.823300,1.151741,20.837800,-0.203855,0.490889,0.301079,0.791722
0.7442,4871,Render,Middle_PIP,-17.805510,1.166347,20.790270,-0.326913,0.419114,0.079983,0.843252
0.7442,4871,Render,Middle_DIP,-17.787890,1.162490,20.769230,-0.417808,0.328581,-0.124383,0.837855
0.7442,4871,Render,Middle_FingerTip,-17.766570,1.148821,20.756590,-0.417808,0.328581,-0.124383,0.837855
0.7442,4871,Render,Ring_MCP,-17.838210,1.133656,20.830390,-0.225380,0.473325,0.306169,0.794625
0.7442,4871,Render,Ring_PIP,-17.821250,1.146371,20.788960,-0.349185,0.391027,0.070799,0.848620
0.7442,4871,Render,Ring_DIP,-17.803220,1.142342,20.770170,-0.436842,0.289830,-0.146458,0.838879
0.7442,4871,Render,Ring_FingerTip,-17.782860,1.129470,20.760930,-0.436842,0.289830,-0.146458,0.838879
0.7442,4871,Render,Pinky_MCP,-17.849910,1.114744,20.827980,-0.236055,0.462948,0.315262,0.794082
0.7442,4871,Render,Pinky_PIP,-17.835240,1.125851,20.793170,-0.356519,0.378071,0.079679,0.850652
0.7442,4871,Render,Pinky_DIP,-17.822370,1.123393,20.780330,-0.440655,0.275439,-0.138383,0.843094
0.7442,4871,Render,Pinky_FingerTip,-17.806850,1.114272,20.773770,-0.440655,0.275439,-0.138383,0.843094
0.7581,4872,Real,Wrist,-17.841400,1.090991,20.924070,-0.090719,0.533141,0.441611,0.715899
0.7581,4872,Real,Thumb_CMC,-17.815590,1.125721,20.904920,0.492568,0.386946,-0.144383,0.766031
0.7581,4872,Real,Thumb_MCP,-17.786660,1.132746,20.872640,0.357401,0.514408,-0.362727,0.689985
0.7581,4872,Real,Thumb_IP,-17.776480,1.126233,20.825120,0.044655,0.624785,-0.664178,0.408066
0.7581,4872,Real,Thumb_FingerTip,-17.795370,1.112375,20.808900,0.044655,0.624785,-0.664178,0.408066
0.7581,4872,Real,Index_MCP,-17.810980,1.166239,20.843250,-0.187933,0.522302,0.236469,0.797474
0.7581,4872,Real,Index_PIP,-17.794940,1.174708,20.800080,-0.364058,0.419023,-0.067854,0.829022
0.7581,4872,Real,Index_DIP,-17.778340,1.163868,20.783330,-0.481011,0.277031,-0.335069,0.761322
0.7581,4872,Real,Index_FingerTip,-17.761600,1.142975,20.780650,-0.481011,0.277031,-0.335069,0.761322
0.7581,4872,Real,Middle_MCP,-17.831400,1.151650,20.832170,-0.242559,0.483357,0.213125,0.813701
0.7581,4872,Real,Middle_PIP,-17.808060,1.157583,20.785170,-0.429756,0.328296,-0.164785,0.824850
0.7581,4872,Real,Middle_DIP,-17.787830,1.142226,20.774090,-0.524741,0.130826,-0.478546,0.691755
0.7581,4872,Real,Middle_FingerTip,-17.773460,1.119604,20.783180,-0.524741,0.130826,-0.478546,0.691755
0.7581,4872,Real,Ring_MCP,-17.846940,1.133940,20.825170,-0.252340,0.469206,0.235234,0.812918
0.7581,4872,Real,Ring_PIP,-17.826050,1.140718,20.784140,-0.427838,0.317466,-0.132581,0.835819
0.7581,4872,Real,Ring_DIP,-17.805940,1.127724,20.773160,-0.517068,0.128338,-0.444066,0.720400
0.7581,4872,Real,Ring_FingerTip,-17.791160,1.107792,20.780230,-0.517068,0.128338,-0.444066,0.720400
0.7581,4872,Real,Pinky_MCP,-17.859100,1.115285,20.823030,-0.261996,0.457992,0.244467,0.813534
0.7581,4872,Real,Pinky_PIP,-17.840950,1.121497,20.788650,-0.431812,0.303211,-0.124485,0.840301
0.7581,4872,Real,Pinky_DIP,-17.826550,1.112855,20.781280,-0.515250,0.113652,-0.438320,0.727652
0.7581,4872,Real,Pinky_FingerTip,-17.815250,1.098391,20.786760,-0.515250,0.113652,-0.438320,0.727652
0.7581,4872,Virtual,Wrist,-17.838710,1.091541,20.926960,-0.098856,0.526885,0.443022,0.718576
0.7581,4872,Virtual,Thumb_CMC,-17.812860,1.126437,20.908140,0.490477,0.381778,-0.136933,0.771316
0.7581,4872,Virtual,Thumb_MCP,-17.783400,1.133606,20.876380,0.356917,0.508854,-0.357155,0.697222
0.7581,4872,Virtual,Thumb_IP,-17.772260,1.126997,20.829090,0.047075,0.619763,-0.663082,0.417134
0.7581,4872,Virtual,Thumb_FingerTip,-17.790720,1.112894,20.812570,0.047075,0.619763,-0.663082,0.417134
0.7581,4872,Virtual,Index_MCP,-17.807480,1.166747,20.846400,-0.194260,0.514399,0.237389,0.800815
0.7581,4872,Virtual,Index_PIP,-17.790710,1.175192,20.803500,-0.367100,0.409366,-0.068204,0.832470
0.7581,4872,Virtual,Index_DIP,-17.773700,1.164444,20.787100,-0.480730,0.266911,-0.336527,0.764465
0.7581,4872,Virtual,Index_FingerTip,-17.756720,1.143699,20.784830,-0.480730,0.266911,-0.336527,0.764465
0.7581,4872,Virtual,Middle_MCP,-17.827550,1.151919,20.835000,-0.248514,0.474997,0.213692,0.816673
0.7581,4872,Virtual,Middle_PIP,-17.803390,1.157884,20.788420,-0.431448,0.318172,-0.165578,0.827770
0.7581,4872,Virtual,Middle_DIP,-17.782810,1.142675,20.777780,-0.522277,0.120862,-0.480433,0.694121
0.7581,4872,Virtual,Middle_FingerTip,-17.768400,1.120228,20.787240,-0.522277,0.120862,-0.480433,0.694121
0.7581,4872,Virtual,Ring_MCP,-17.842790,1.134035,20.827790,-0.258433,0.460854,0.235734,0.815633
0.7581,4872,Virtual,Ring_PIP,-17.821200,1.140845,20.787130,-0.429803,0.307316,-0.133282,0.838488
0.7581,4872,Virtual,Ring_DIP,-17.800760,1.127998,20.776570,-0.514975,0.118213,-0.445742,0.722593
0.7581,4872,Virtual,Ring_FingerTip,-17.785930,1.108236,20.784010,-0.514975,0.118213,-0.445742,0.722593
0.7581,4872,Virtual,Pinky_MCP,-17.854730,1.115256,20.825500,-0.268123,0.449608,0.244901,0.816080
0.7581,4872,Virtual,Pinky_PIP,-17.836000,1.121501,20.791440,-0.433794,0.293018,-0.125174,0.842790
0.7581,4872,Virtual,Pinky_DIP,-17.821380,1.112967,20.784370,-0.513156,0.103481,-0.439914,0.729684
0.7581,4872,Virtual,Pinky_FingerTip,-17.810050,1.098633,20.790120,-0.513156,0.103481,-0.439914,0.729684
0.7581,4872,Render,Wrist,-17.838710,1.091541,20.926960,-0.098856,0.526885,0.443022,0.718576
0.7581,4872,Render,Thumb_CMC,-17.812860,1.126437,20.908140,0.442370,0.387473,-0.108279,0.801529
0.7581,4872,Render,Thumb_MCP,-17.783160,1.133868,20.876650,0.375568,0.452521,-0.233603,0.774341
0.7581,4872,Render,Thumb_IP,-17.759570,1.132795,20.833690,0.206837,0.550495,-0.474100,0.655288
0.7581,4872,Render,Thumb_FingerTip,-17.761150,1.121578,20.807540,0.206837,0.550495,-0.474100,0.655288
0.7581,4872,Render,Index_MCP,-17.807480,1.166747,20.846400,-0.168329,0.523458,0.277084,0.787961
0.7581,4872,Render,Index_PIP,-17.793500,1.178943,20.803400,-0.301333,0.459936,0.057815,0.833256
0.7581,4872,Render,Index_DIP,-17.778700,1.174249,20.782600,-0.402767,0.374328,-0.143540,0.822833
0.7581,4872,Render,Index_FingerTip,-17.760450,1.159783,20.769130,-0.402767,0.374328,-0.143540,0.822833
0.7581,4872,Render,Middle_MCP,-17.827550,1.151919,20.835000,-0.195676,0.499091,0.300777,0.788767
0.7581,4872,Render,Middle_PIP,-17.810610,1.166661,20.787210,-0.321207,0.429193,0.080476,0.840323
0.7581,4872,Render,Middle_DIP,-17.793460,1.162767,20.765790,-0.414682,0.339734,-0.123202,0.835129
0.7581,4872,Render,Middle_FingerTip,-17.772550,1.148970,20.752610,-0.414682,0.339734,-0.123202,0.835129
0.7581,4872,Render,Ring_MCP,-17.842790,1.134035,20.827790,-0.217226,0.481650,0.306018,0.791947
0.7581,4872,Render,Ring_PIP,-17.826560,1.146853,20.786100,-0.343696,0.401306,0.071405,0.846007
0.7581,4872,Render,Ring_DIP,-17.808970,1.142769,20.766920,-0.434136,0.301164,-0.145210,0.836505
0.7581,4872,Render,Ring_FingerTip,-17.788940,1.129754,20.757170,-0.434136,0.301164,-0.145210,0.836505
0.7581,4872,Render,Pinky_MCP,-17.854730,1.115256,20.825500,-0.227861,0.471293,0.315189,0.791593
0.7581,4872,Render,Pinky_PIP,-17.840670,1.126447,20.790470,-0.350996,0.388380,0.080308,0.848242
0.7581,4872,Render,Pinky_DIP,-17.828100,1.123945,20.777350,-0.437923,0.286811,-0.137164,0.840922
0.7581,4872,Render,Pinky_FingerTip,-17.812810,1.114712,20.770400,-0.437923,0.286811,-0.137164,0.840922
0.7726,4873,Real,Wrist,-17.843710,1.089962,20.921420,-0.085110,0.539142,0.438187,0.714195
0.7726,4873,Real,Thumb_CMC,-17.817820,1.124397,20.901840,0.493499,0.388996,-0.152052,0.762903
0.7726,4873,Real,Thumb_MCP,-17.789230,1.131068,20.869190,0.357999,0.516426,-0.368732,0.684966
0.7726,4873,Real,Thumb_IP,-17.779680,1.124431,20.821560,0.044813,0.626778,-0.666347,0.401401
0.7726,4873,Real,Thumb_FingerTip,-17.798890,1.110786,20.805510,0.044813,0.626778,-0.666347,0.401401
0.7726,4873,Real,Index_MCP,-17.813700,1.164793,20.840060,-0.183939,0.529288,0.233350,0.794713
0.7726,4873,Real,Index_PIP,-17.798210,1.173043,20.796640,-0.362708,0.427109,-0.069471,0.825346
0.7726,4873,Real,Index_DIP,-17.781970,1.162025,20.779650,-0.482287,0.285269,-0.335153,0.757426
0.7726,4873,Real,Index_FingerTip,-17.765490,1.140965,20.776720,-0.482287,0.285269,-0.335153,0.757426
0.7726,4873,Real,Middle_MCP,-17.834430,1.150406,20.829300,-0.238414,0.490996,0.211233,0.810841
0.7726,4873,Real,Middle_PIP,-17.811800,1.156132,20.781940,-0.428730,0.337800,-0.163662,0.821765
0.7726,4873,Real,Middle_DIP,-17.791890,1.140647,20.770440,-0.527328,0.140864,-0.475104,0.690188
0.7726,4873,Real,Middle_FingerTip,-17.777490,1.117883,20.779110,-0.527328,0.140864,-0.475104,0.690188
0.7726,4873,Real,Ring_MCP,-17.850260,1.132852,20.822550,-0.248066,0.476943,0.233517,0.810221
0.7726,4873,Real,Ring_PIP,-17.829970,1.139450,20.781200,-0.426572,0.327182,-0.131241,0.832925
0.7726,4873,Real,Ring_DIP,-17.810170,1.126337,20.769790,-0.519378,0.138775,-0.440358,0.719078
0.7726,4873,Real,Ring_FingerTip,-17.795370,1.106278,20.776440,-0.519378,0.138775,-0.440358,0.719078
0.7726,4873,Real,Pinky_MCP,-17.862640,1.114323,20.820620,-0.257726,0.465802,0.242825,0.810951
0.7726,4873,Real,Pinky_PIP,-17.845000,1.120376,20.785950,-0.430610,0.313000,-0.123116,0.837525
0.7726,4873,Real,Pinky_DIP,-17.830800,1.111648,20.778270,-0.517674,0.124127,-0.434616,0.726440
0.7726,4873,Real,Pinky_FingerTip,-17.819480,1.097088,20.783440,-0.517674,0.124127,-0.434616,0.726440
0.7726,4873,Virtual,Wrist,-17.841410,1.090991,20.924080,-0.090718,0.533141,0.441611,0.715899
0.7726,4873,Virtual,Thumb_CMC,-17.815590,1.125721,20.904910,0.493033,0.386033,-0.144176,0.766231
0.7726,4873,Virtual,Thumb_MCP,-17.786590,1.132734,20.872700,0.358421,0.513457,-0.362176,0.690453
0.7726,4873,Virtual,Thumb_IP,-17.776280,1.126259,20.825200,0.046690,0.624439,-0.663503,0.409465
0.7726,4873,Virtual,Thumb_FingerTip,-17.795090,1.112435,20.808860,0.046690,0.624439,-0.663503,0.409465
0.7726,4873,Virtual,Index_MCP,-17.810980,1.166239,20.843250,-0.187932,0.522302,0.236469,0.797474
0.7726,4873,Virtual,Index_PIP,-17.794940,1.174707,20.800080,-0.363909,0.419152,-0.067559,0.829047
0.7726,4873,Virtual,Index_DIP,-17.778340,1.163882,20.783310,-0.480824,0.277357,-0.334554,0.761548
0.7726,4873,Virtual,Index_FingerTip,-17.761600,1.142999,20.780610,-0.480824,0.277357,-0.334554,0.761548
0.7726,4873,Virtual,Middle_MCP,-17.831400,1.151650,20.832170,-0.242032,0.483621,0.214013,0.813468
0.7726,4873,Virtual,Middle_PIP,-17.808140,1.157674,20.785150,-0.428768,0.329585,-0.162307,0.825341
0.7726,4873,Virtual,Middle_DIP,-17.787900,1.142413,20.773930,-0.524117,0.133304,-0.475273,0.694008
0.7726,4873,Virtual,Middle_FingerTip,-17.773390,1.119790,20.782790,-0.524117,0.133304,-0.475273,0.694008
0.7726,4873,Virtual,Ring_MCP,-17.846940,1.133940,20.825170,-0.251775,0.469510,0.236213,0.812634
0.7726,4873,Virtual,Ring_PIP,-17.826120,1.140804,20.784120,-0.426787,0.318878,-0.129819,0.836252
0.7726,4873,Virtual,Ring_DIP,-17.806020,1.127913,20.773000,-0.516395,0.131021,-0.440320,0.722696
0.7726,4873,Virtual,Ring_FingerTip,-17.791110,1.108002,20.779840,-0.516395,0.131021,-0.440320,0.722696
0.7726,4873,Virtual,Pinky_MCP,-17.859110,1.115285,20.823040,-0.261444,0.458307,0.245446,0.813239
0.7726,4873,Virtual,Pinky_PIP,-17.841020,1.121568,20.788640,-0.430808,0.304636,-0.121709,0.840707
0.7726,4873,Virtual,Pinky_DIP,-17.826620,1.112998,20.781160,-0.514652,0.116326,-0.434535,0.729918
0.7726,4873,Virtual,Pinky_FingerTip,-17.815220,1.098551,20.786470,-0.514652,0.116326,-0.434535,0.729918
0.7726,4873,Render,Wrist,-17.841410,1.090991,20.924080,-0.090718,0.533141,0.441611,0.715899
0.7726,4873,Render,Thumb_CMC,-17.815590,1.125721,20.904910,0.444822,0.393092,-0.115411,0.796425
0.7726,4873,Render,Thumb_MCP,-17.786420,1.133005,20.872910,0.377101,0.458457,-0.239839,0.768173
0.7726,4873,Render,Thumb_IP,-17.763640,1.131891,20.829510,0.206344,0.556606,-0.477975,0.647420
0.7726,4873,Render,Thumb_FingerTip,-17.765820,1.120800,20.803350,0.206344,0.556606,-0.477975,0.647420
0.7726,4873,Render,Index_MCP,-17.810980,1.166239,20.843250,-0.161615,0.531036,0.275999,0.784670
0.7726,4873,Render,Index_PIP,-17.797700,1.178484,20.800050,-0.296873,0.469025,0.057642,0.829795
0.7726,4873,Render,Index_DIP,-17.783340,1.173739,20.778950,-0.400615,0.384221,-0.142878,0.819432
0.7726,4873,Render,Index_FingerTip,-17.765480,1.159158,20.765090,-0.400615,0.384221,-0.142878,0.819432
0.7726,4873,Render,Middle_MCP,-17.831400,1.151650,20.832170,-0.188852,0.506758,0.299892,0.785873
0.7726,4873,Render,Middle_PIP,-17.815210,1.166433,20.784130,-0.316664,0.438398,0.080392,0.837299
0.7726,4873,Render,Middle_DIP,-17.798510,1.162468,20.762370,-0.412477,0.349759,-0.122559,0.832172
0.7726,4873,Render,Middle_FingerTip,-17.777980,1.148530,20.748760,-0.412477,0.349759,-0.122559,0.832172
0.7726,4873,Render,Ring_MCP,-17.846940,1.133940,20.825170,-0.210428,0.489439,0.305283,0.789286
0.7726,4873,Render,Ring_PIP,-17.831380,1.146781,20.783240,-0.339358,0.410690,0.071447,0.843247
0.7726,4873,Render,Ring_DIP,-17.814190,1.142612,20.763710,-0.432316,0.311341,-0.144470,0.833846
0.7726,4873,Render,Ring_FingerTip,-17.794470,1.129450,20.753540,-0.432316,0.311341,-0.144470,0.833846
0.7726,4873,Render,Pinky_MCP,-17.859110,1.115285,20.823040,-0.221025,0.479110,0.314534,0.789094
0.7726,4873,Render,Pinky_PIP,-17.845600,1.126490,20.787790,-0.346630,0.397802,0.080380,0.845660
0.7726,4873,Render,Pinky_DIP,-17.833300,1.123925,20.774430,-0.436086,0.297031,-0.136439,0.838443
0.7726,4873,Render,Pinky_FingerTip,-17.818230,1.114579,20.767160,-0.436086,0.297031,-0.136439,0.838443
0.7862,4874,Real,Wrist,-17.845750,1.088459,20.919030,-0.082431,0.545364,0.432655,0.713157
0.7862,4874,Real,Thumb_CMC,-17.819700,1.122456,20.898890,0.492048,0.390261,-0.159288,0.761717
0.7862,4874,Real,Thumb_MCP,-17.791400,1.128664,20.865900,0.356556,0.516994,-0.374889,0.681941
0.7862,4874,Real,Thumb_IP,-17.782360,1.121671,20.818220,0.043968,0.626483,-0.669669,0.396395
0.7862,4874,Real,Thumb_FingerTip,-17.801790,1.108111,20.802390,0.043968,0.626483,-0.669669,0.396395
0.7862,4874,Real,Index_MCP,-17.815850,1.162327,20.836750,-0.182440,0.535835,0.228508,0.792074
0.7862,4874,Real,Index_PIP,-17.800800,1.170123,20.793090,-0.363366,0.434015,-0.072448,0.821187
0.7862,4874,Real,Index_DIP,-17.784890,1.158848,20.775960,-0.484977,0.291893,-0.336126,0.752739
0.7862,4874,Real,Index_FingerTip,-17.768660,1.137619,20.772910,-0.484977,0.291893,-0.336126,0.752739
0.7862,4874,Real,Middle_MCP,-17.836860,1.148086,20.826350,-0.236514,0.498275,0.208106,0.807759
0.7862,4874,Real,Middle_PIP,-17.814850,1.153393,20.778640,-0.429134,0.346498,-0.162620,0.818131
0.7862,4874,Real,Middle_DIP,-17.795250,1.137774,20.766790,-0.530725,0.150162,-0.470809,0.688565
0.7862,4874,Real,Middle_FingerTip,-17.780780,1.114915,20.775080,-0.530725,0.150162,-0.470809,0.688565
0.7862,4874,Real,Ring_MCP,-17.852950,1.130656,20.819910,-0.245994,0.484459,0.230755,0.807180
0.7862,4874,Real,Ring_PIP,-17.833220,1.136900,20.778240,-0.426675,0.336396,-0.129493,0.829469
0.7862,4874,Real,Ring_DIP,-17.813720,1.123678,20.766450,-0.522527,0.148927,-0.435113,0.717958
0.7862,4874,Real,Ring_FingerTip,-17.798830,1.103543,20.772660,-0.522527,0.148927,-0.435113,0.717958
0.7862,4874,Real,Pinky_MCP,-17.865560,1.112249,20.818270,-0.255693,0.473437,0.240159,0.807962
0.7862,4874,Real,Pinky_PIP,-17.848380,1.117997,20.783310,-0.430849,0.322320,-0.121287,0.834128
0.7862,4874,Real,Pinky_DIP,-17.834390,1.109189,20.775370,-0.521036,0.134320,-0.429294,0.725387
0.7862,4874,Real,Pinky_FingerTip,-17.822980,1.094576,20.780200,-0.521036,0.134320,-0.429294,0.725387
0.7862,4874,Virtual,Wrist,-17.843720,1.089962,20.921430,-0.085110,0.539142,0.438187,0.714195
0.7862,4874,Virtual,Thumb_CMC,-17.817820,1.124397,20.901850,0.493762,0.389209,-0.150792,0.762875
0.7862,4874,Virtual,Thumb_MCP,-17.789210,1.131172,20.869230,0.358502,0.516489,-0.367102,0.685531
0.7862,4874,Virtual,Thumb_IP,-17.779560,1.124651,20.821610,0.045901,0.627039,-0.664791,0.403447
0.7862,4874,Virtual,Thumb_FingerTip,-17.798660,1.111004,20.805450,0.045901,0.627039,-0.664791,0.403447
0.7862,4874,Virtual,Index_MCP,-17.813700,1.164794,20.840070,-0.183591,0.529409,0.233872,0.794560
0.7862,4874,Virtual,Index_PIP,-17.798250,1.173095,20.796650,-0.362123,0.427605,-0.068341,0.825440
0.7862,4874,Virtual,Index_DIP,-17.782020,1.162128,20.779610,-0.481712,0.286238,-0.333630,0.758098
0.7862,4874,Virtual,Index_FingerTip,-17.765520,1.141102,20.776580,-0.481712,0.286238,-0.333630,0.758098
0.7862,4874,Virtual,Middle_MCP,-17.834430,1.150407,20.829310,-0.237281,0.491544,0.213102,0.810352
0.7862,4874,Virtual,Middle_PIP,-17.811940,1.156327,20.781900,-0.426907,0.340100,-0.159241,0.822633
0.7862,4874,Virtual,Middle_DIP,-17.792040,1.141015,20.770160,-0.526164,0.145153,-0.469470,0.694032
0.7862,4874,Virtual,Middle_FingerTip,-17.777410,1.118251,20.778440,-0.526164,0.145153,-0.469470,0.694032
0.7862,4874,Virtual,Ring_MCP,-17.850260,1.132853,20.822560,-0.246815,0.477592,0.235639,0.809606
0.7862,4874,Virtual,Ring_PIP,-17.830130,1.139637,20.781160,-0.424537,0.329818,-0.126079,0.833722
0.7862,4874,Virtual,Ring_DIP,-17.810350,1.126722,20.769500,-0.518049,0.143655,-0.433573,0.723190
0.7862,4874,Virtual,Ring_FingerTip,-17.795310,1.106702,20.775720,-0.518049,0.143655,-0.433573,0.723190
0.7862,4874,Virtual,Pinky_MCP,-17.862650,1.114324,20.820630,-0.256505,0.466476,0.244949,0.810312
0.7862,4874,Virtual,Pinky_PIP,-17.845130,1.120531,20.785920,-0.428663,0.315661,-0.117926,0.838272
0.7862,4874,Virtual,Pinky_DIP,-17.830960,1.111939,20.778070,-0.516483,0.128993,-0.427761,0.730497
0.7862,4874,Virtual,Pinky_FingerTip,-17.819450,1.097414,20.782920,-0.516483,0.128993,-0.427761,0.730497
0.7862,4874,Render,Wrist,-17.843720,1.089962,20.921430,-0.085110,0.539142,0.438187,0.714195
0.7862,4874,Render,Thumb_CMC,-17.817820,1.124397,20.901850,0.445288,0.396010,-0.123337,0.793526
0.7862,4874,Render,Thumb_MCP,-17.789020,1.131288,20.869430,0.377100,0.461412,-0.247207,0.764057
0.7862,4874,Render,Thumb_IP,-17.766860,1.129829,20.825720,0.205376,0.559398,-0.483591,0.641120
0.7862,4874,Render,Thumb_FingerTip,-17.769530,1.118706,20.799610,0.205376,0.559398,-0.483591,0.641120
0.7862,4874,Render,Index_MCP,-17.813700,1.164794,20.840070,-0.157277,0.537813,0.272745,0.782069
0.7862,4874,Render,Index_PIP,-17.800930,1.176849,20.796660,-0.294492,0.476711,0.055197,0.826423
0.7862,4874,Render,Index_DIP,-17.786930,1.171929,20.775360,-0.400145,0.392254,-0.144445,0.815572
0.7862,4874,Render,Index_FingerTip,-17.769430,1.157147,20.761260,-0.400145,0.392254,-0.144445,0.815572
0.7862,4874,Render,Middle_MCP,-17.834430,1.150407,20.829310,-0.184465,0.513703,0.296847,0.783559
0.7862,4874,Render,Middle_PIP,-17.818810,1.164964,20.781020,-0.314279,0.446258,0.078071,0.834259
0.7862,4874,Render,Middle_DIP,-17.802460,1.160799,20.759010,-0.412045,0.357962,-0.124084,0.828665
0.7862,4874,Render,Middle_FingerTip,-17.782290,1.146632,20.745120,-0.412045,0.357962,-0.124084,0.828665
0.7862,4874,Render,Ring_MCP,-17.850260,1.132853,20.822560,-0.206093,0.496525,0.302390,0.787115
0.7862,4874,Render,Ring_PIP,-17.835180,1.145481,20.780390,-0.337186,0.418709,0.069280,0.840351
0.7862,4874,Render,Ring_DIP,-17.818330,1.141110,20.760620,-0.432246,0.319648,-0.145833,0.830495
0.7862,4874,Render,Ring_FingerTip,-17.798900,1.127731,20.750170,-0.432246,0.319648,-0.145833,0.830495
0.7862,4874,Render,Pinky_MCP,-17.862650,1.114324,20.820630,-0.216676,0.486257,0.311726,0.787041
0.7862,4874,Render,Pinky_PIP,-17.849550,1.125346,20.785170,-0.344461,0.405883,0.078261,0.842900
0.7862,4874,Render,Pinky_DIP,-17.837470,1.122637,20.771640,-0.436035,0.305398,-0.137791,0.835236
0.7862,4874,Render,Pinky_FingerTip,-17.822610,1.113125,20.764160,-0.436035,0.305398,-0.137791,0.835236
0.8004,4875,Real,Wrist,-17.847760,1.087270,20.916730,-0.079725,0.550538,0.427913,0.712350
0.8004,4875,Real,Thumb_CMC,-17.821580,1.120888,20.896130,0.492205,0.389862,-0.164049,0.760809
0.8004,4875,Real,Thumb_MCP,-17.793380,1.126779,20.862990,0.357134,0.516443,-0.378766,0.679911
0.8004,4875,Real,Thumb_IP,-17.784580,1.119612,20.815300,0.045427,0.626254,-0.671547,0.393405
0.8004,4875,Real,Thumb_FingerTip,-17.804140,1.106175,20.799520,0.045427,0.626254,-0.671547,0.393405
0.8004,4875,Real,Index_MCP,-17.817960,1.160354,20.833720,-0.178759,0.542034,0.227189,0.789069
0.8004,4875,Real,Index_PIP,-17.803470,1.168069,20.789860,-0.361382,0.441768,-0.071139,0.818037
0.8004,4875,Real,Index_DIP,-17.787910,1.156760,20.772430,-0.485147,0.300647,-0.332660,0.750721
0.8004,4875,Real,Index_FingerTip,-17.771830,1.135477,20.768970,-0.485147,0.300647,-0.332660,0.750721
0.8004,4875,Real,Middle_MCP,-17.839200,1.146261,20.823600,-0.231849,0.505662,0.209491,0.804156
0.8004,4875,Real,Middle_PIP,-17.818040,1.151671,20.775530,-0.425995,0.357738,-0.154917,0.816427
0.8004,4875,Real,Middle_DIP,-17.798740,1.136210,20.763000,-0.531370,0.164602,-0.459326,0.692512
0.8004,4875,Real,Middle_FingerTip,-17.783920,1.113257,20.770360,-0.531370,0.164602,-0.459326,0.692512
0.8004,4875,Real,Ring_MCP,-17.855530,1.128953,20.817440,-0.241544,0.491944,0.231958,0.803644
0.8004,4875,Real,Ring_PIP,-17.836530,1.135243,20.775430,-0.423819,0.347461,-0.122236,0.827470
0.8004,4875,Real,Ring_DIP,-17.817330,1.122155,20.763010,-0.523270,0.162914,-0.423973,0.721037
0.8004,4875,Real,Ring_FingerTip,-17.802180,1.101982,20.768400,-0.523270,0.162914,-0.423973,0.721037
0.8004,4875,Real,Pinky_MCP,-17.868340,1.110663,20.816020,-0.251327,0.481067,0.241443,0.804435
0.8004,4875,Real,Pinky_PIP,-17.851780,1.116436,20.780780,-0.428210,0.333507,-0.113932,0.832123
0.8004,4875,Real,Pinky_DIP,-17.837990,1.107718,20.772380,-0.522100,0.148332,-0.418025,0.728468
0.8004,4875,Real,Pinky_FingerTip,-17.826370,1.093083,20.776610,-0.522100,0.148332,-0.418025,0.728468
0.8004,4875,Virtual,Wrist,-17.845750,1.088459,20.919040,-0.082431,0.545365,0.432655,0.713157
0.8004,4875,Virtual,Thumb_CMC,-17.819710,1.122455,20.898900,0.493325,0.389030,-0.156719,0.762054
0.8004,4875,Virtual,Thumb_MCP,-17.791250,1.128821,20.866070,0.358448,0.515974,-0.372118,0.683239
0.8004,4875,Virtual,Thumb_IP,-17.781900,1.122026,20.818420,0.046797,0.626517,-0.667510,0.399648
0.8004,4875,Virtual,Thumb_FingerTip,-17.801170,1.108492,20.802370,0.046797,0.626517,-0.667510,0.399648
0.8004,4875,Virtual,Index_MCP,-17.815860,1.162326,20.836760,-0.180207,0.536590,0.231803,0.791116
0.8004,4875,Virtual,Index_PIP,-17.801030,1.170445,20.793090,-0.360780,0.436166,-0.067566,0.821603
0.8004,4875,Virtual,Index_DIP,-17.785180,1.159395,20.775750,-0.482761,0.295543,-0.330437,0.755254
0.8004,4875,Virtual,Index_FingerTip,-17.768860,1.138292,20.772320,-0.482761,0.295543,-0.330437,0.755254
0.8004,4875,Virtual,Middle_MCP,-17.836870,1.148085,20.826350,-0.232986,0.499935,0.213812,0.806268
0.8004,4875,Virtual,Middle_PIP,-17.815280,1.153991,20.778520,-0.424571,0.352076,-0.151916,0.820186
0.8004,4875,Virtual,Middle_DIP,-17.795720,1.138796,20.766090,-0.527862,0.159935,-0.458017,0.697140
0.8004,4875,Virtual,Middle_FingerTip,-17.780740,1.115946,20.773460,-0.527862,0.159935,-0.458017,0.697140
0.8004,4875,Virtual,Ring_MCP,-17.852960,1.130655,20.819920,-0.242724,0.486105,0.236187,0.805607
0.8004,4875,Virtual,Ring_PIP,-17.833610,1.137383,20.778140,-0.422472,0.341659,-0.119201,0.831010
0.8004,4875,Virtual,Ring_DIP,-17.814170,1.124559,20.765830,-0.519842,0.158042,-0.422490,0.725458
0.8004,4875,Virtual,Ring_FingerTip,-17.798860,1.104504,20.771250,-0.519842,0.158042,-0.422490,0.725458
0.8004,4875,Virtual,Pinky_MCP,-17.865570,1.112249,20.818280,-0.252498,0.475149,0.245596,0.806326
0.8004,4875,Virtual,Pinky_PIP,-17.848720,1.118395,20.783220,-0.426821,0.327636,-0.110938,0.835567
0.8004,4875,Virtual,Pinky_DIP,-17.834770,1.109863,20.774920,-0.518608,0.143412,-0.416542,0.732784
0.8004,4875,Virtual,Pinky_FingerTip,-17.823040,1.095318,20.779170,-0.518608,0.143412,-0.416542,0.732784
0.8004,4875,Render,Wrist,-17.845750,1.088459,20.919040,-0.082431,0.545365,0.432655,0.713157
0.8004,4875,Render,Thumb_CMC,-17.819710,1.122455,20.898900,0.443889,0.398143,-0.131512,0.791928
0.8004,4875,Render,Thumb_MCP,-17.791240,1.128829,20.866080,0.375381,0.463297,-0.255027,0.761188
0.8004,4875,Render,Thumb_IP,-17.769630,1.126848,20.822110,0.203135,0.560617,-0.490041,0.635850
0.8004,4875,Render,Thumb_FingerTip,-17.772740,1.115578,20.796120,0.203135,0.560617,-0.490041,0.635850
0.8004,4875,Render,Index_MCP,-17.815860,1.162326,20.836760,-0.155811,0.544175,0.267265,0.779850
0.8004,4875,Render,Index_PIP,-17.803460,1.173906,20.793110,-0.294768,0.483234,0.050502,0.822828
0.8004,4875,Render,Index_DIP,-17.789750,1.168669,20.771700,-0.401976,0.398521,-0.148141,0.810957
0.8004,4875,Render,Index_FingerTip,-17.772570,1.153587,20.757520,-0.401976,0.398521,-0.148141,0.810957
0.8004,4875,Render,Middle_MCP,-17.836870,1.148085,20.826350,-0.182997,0.520317,0.291606,0.781504
0.8004,4875,Render,Middle_PIP,-17.821630,1.162098,20.777770,-0.314621,0.453024,0.073564,0.830886
0.8004,4875,Render,Middle_DIP,-17.805590,1.157584,20.755620,-0.413998,0.364449,-0.127652,0.824311
0.8004,4875,Render,Middle_FingerTip,-17.785730,1.143089,20.741610,-0.413998,0.364449,-0.127652,0.824311
0.8004,4875,Render,Ring_MCP,-17.852960,1.130655,20.819920,-0.204701,0.503300,0.297320,0.785104
0.8004,4875,Render,Ring_PIP,-17.838230,1.142792,20.777480,-0.337752,0.425602,0.064978,0.836998
0.8004,4875,Render,Ring_DIP,-17.821650,1.138083,20.757560,-0.434539,0.326173,-0.149146,0.826161
0.8004,4875,Render,Ring_FingerTip,-17.802490,1.124412,20.746990,-0.434539,0.326173,-0.149146,0.826161
0.8004,4875,Render,Pinky_MCP,-17.865570,1.112249,20.818280,-0.215286,0.493126,0.306756,0.785099
0.8004,4875,Render,Pinky_PIP,-17.852750,1.122853,20.782590,-0.345056,0.412865,0.074036,0.839642
0.8004,4875,Render,Pinky_DIP,-17.840870,1.119907,20.768940,-0.438379,0.312002,-0.141052,0.831014
0.8004,4875,Render,Pinky_FingerTip,-17.826200,1.110175,20.761370,-0.438379,0.312002,-0.141052,0.831014
0.8133,4876,Real,Wrist,-17.849570,1.085968,20.914570,-0.079095,0.555013,0.423965,0.711307
0.8133,4876,Real,Thumb_CMC,-17.823350,1.119270,20.893520,0.489949,0.390561,-0.169662,0.760676
0.8133,4876,Real,Thumb_MCP,-17.795360,1.124741,20.860130,0.354773,0.516454,-0.384097,0.678146
0.8133,4876,Real,Thumb_IP,-17.786950,1.117166,20.812430,0.043387,0.625064,-0.675243,0.389178
0.8133,4876,Real,Thumb_FingerTip,-17.806710,1.103733,20.796890,0.043387,0.625064,-0.675243,0.389178
0.8133,4876,Real,Index_MCP,-17.819940,1.158248,20.830800,-0.179185,0.546352,0.223408,0.787072
0.8133,4876,Real,Index_PIP,-17.805740,1.165548,20.786770,-0.363330,0.445645,-0.073950,0.814816
0.8133,4876,Real,Index_DIP,-17.790380,1.154015,20.769320,-0.488247,0.303682,-0.334274,0.746762
0.8133,4876,Real,Index_FingerTip,-17.774450,1.132608,20.765900,-0.488247,0.303682,-0.334274,0.746762
0.8133,4876,Real,Middle_MCP,-17.841350,1.144212,20.820940,-0.232509,0.510133,0.205997,0.802041
0.8133,4876,Real,Middle_PIP,-17.820510,1.149134,20.772670,-0.428505,0.361496,-0.157169,0.813021
0.8133,4876,Real,Middle_DIP,-17.801410,1.133462,20.760120,-0.535141,0.167093,-0.460081,0.688498
0.8133,4876,Real,Middle_FingerTip,-17.786670,1.110473,20.767540,-0.535141,0.167093,-0.460081,0.688498
0.8133,4876,Real,Ring_MCP,-17.857830,1.126960,20.815030,-0.242160,0.496526,0.228553,0.801613
0.8133,4876,Real,Ring_PIP,-17.839100,1.132821,20.772830,-0.426281,0.351376,-0.124492,0.824210
0.8133,4876,Real,Ring_DIP,-17.820080,1.119523,20.760370,-0.527021,0.165618,-0.424841,0.717169
0.8133,4876,Real,Ring_FingerTip,-17.805010,1.099297,20.765790,-0.527021,0.165618,-0.424841,0.717169
0.8133,4876,Real,Pinky_MCP,-17.870750,1.108739,20.813850,-0.251944,0.485718,0.238113,0.802437
0.8133,4876,Real,Pinky_PIP,-17.854430,1.114148,20.778430,-0.430701,0.337483,-0.116135,0.828924
0.8133,4876,Real,Pinky_DIP,-17.840750,1.105283,20.770000,-0.525901,0.151083,-0.418865,0.724676
0.8133,4876,Real,Pinky_FingerTip,-17.829190,1.090608,20.774250,-0.525901,0.151083,-0.418865,0.724676
0.8133,4876,Virtual,Wrist,-17.847770,1.087269,20.916740,-0.079725,0.550538,0.427913,0.712350
0.8133,4876,Virtual,Thumb_CMC,-17.821590,1.120888,20.896140,0.492204,0.389862,-0.164049,0.760809
0.8133,4876,Virtual,Thumb_MCP,-17.793390,1.126779,20.863000,0.357133,0.516443,-0.378766,0.679911
0.8133,4876,Virtual,Thumb_IP,-17.784580,1.119612,20.815300,0.045427,0.626254,-0.671547,0.393405
0.8133,4876,Virtual,Thumb_FingerTip,-17.804140,1.106175,20.799520,0.045427,0.626254,-0.671547,0.393405
0.8133,4876,Virtual,Index_MCP,-17.817960,1.160353,20.833720,-0.178759,0.542034,0.227189,0.789069
0.8133,4876,Virtual,Index_PIP,-17.803480,1.168068,20.789870,-0.361382,0.441768,-0.071138,0.818037
0.8133,4876,Virtual,Index_DIP,-17.787920,1.156760,20.772440,-0.485147,0.300647,-0.332660,0.750721
0.8133,4876,Virtual,Index_FingerTip,-17.771830,1.135476,20.768980,-0.485147,0.300647,-0.332660,0.750721
0.8133,4876,Virtual,Middle_MCP,-17.839210,1.146260,20.823610,-0.231849,0.505662,0.209491,0.804155
0.8133,4876,Virtual,Middle_PIP,-17.818040,1.151670,20.775540,-0.425995,0.357738,-0.154917,0.816427
0.8133,4876,Virtual,Middle_DIP,-17.798750,1.136210,20.763000,-0.531370,0.164602,-0.459326,0.692512
0.8133,4876,Virtual,Middle_FingerTip,-17.783920,1.113256,20.770370,-0.531370,0.164602,-0.459326,0.692512
0.8133,4876,Virtual,Ring_MCP,-17.855540,1.128952,20.817440,-0.241544,0.491944,0.231958,0.803644
0.8133,4876,Virtual,Ring_PIP,-17.836530,1.135242,20.775430,-0.423820,0.347461,-0.122236,0.827470
0.8133,4876,Virtual,Ring_DIP,-17.817340,1.122154,20.763010,-0.523270,0.162914,-0.423973,0.721037
0.8133,4876,Virtual,Ring_FingerTip,-17.802180,1.101981,20.768400,-0.523270,0.162914,-0.423973,0.721037
0.8133,4876,Virtual,Pinky_MCP,-17.868340,1.110662,20.816030,-0.251327,0.481067,0.241444,0.804434
0.8133,4876,Virtual,Pinky_PIP,-17.851780,1.116436,20.780780,-0.428210,0.333507,-0.113932,0.832123
0.8133,4876,Virtual,Pinky_DIP,-17.838000,1.107718,20.772390,-0.522100,0.148332,-0.418024,0.728468
0.8133,4876,Virtual,Pinky_FingerTip,-17.826370,1.093082,20.776610,-0.522100,0.148332,-0.418024,0.728468
0.8133,4876,Render,Wrist,-17.847770,1.087269,20.916740,-0.079725,0.550538,0.427913,0.712350
0.8133,4876,Render,Thumb_CMC,-17.821590,1.120888,20.896140,0.442850,0.399440,-0.138774,0.790616
0.8133,4876,Render,Thumb_MCP,-17.793380,1.126787,20.863010,0.374151,0.464413,-0.261990,0.758744
0.8133,4876,Render,Thumb_IP,-17.772230,1.124333,20.818840,0.201607,0.561270,-0.495822,0.631263
0.8133,4876,Render,Thumb_FingerTip,-17.775700,1.112943,20.792950,0.201607,0.561270,-0.495822,0.631263
0.8133,4876,Render,Index_MCP,-17.817960,1.160353,20.833720,-0.154118,0.549549,0.262563,0.778014
0.8133,4876,Render,Index_PIP,-17.805870,1.171553,20.789900,-0.294563,0.488864,0.046457,0.819809
0.8133,4876,Render,Index_DIP,-17.792430,1.166055,20.768380,-0.403126,0.404036,-0.151345,0.807056
0.8133,4876,Render,Index_FingerTip,-17.775550,1.150720,20.754120,-0.403126,0.404036,-0.151345,0.807056
0.8133,4876,Render,Middle_MCP,-17.839210,1.146260,20.823610,-0.181307,0.525905,0.287099,0.779825
0.8133,4876,Render,Middle_PIP,-17.824320,1.159835,20.774800,-0.314476,0.458861,0.069665,0.828069
0.8133,4876,Render,Middle_DIP,-17.808540,1.155033,20.752520,-0.415255,0.370150,-0.130762,0.820642
0.8133,4876,Render,Middle_FingerTip,-17.788970,1.140260,20.738400,-0.415255,0.370150,-0.130762,0.820642
0.8133,4876,Render,Ring_MCP,-17.855540,1.128952,20.817440,-0.203076,0.509031,0.292952,0.783472
0.8133,4876,Render,Ring_PIP,-17.841100,1.140693,20.774790,-0.337801,0.431558,0.061244,0.834205
0.8133,4876,Render,Ring_DIP,-17.824770,1.135704,20.754730,-0.436096,0.331923,-0.152050,0.822514
0.8133,4876,Render,Ring_FingerTip,-17.805850,1.121781,20.744070,-0.436096,0.331923,-0.152050,0.822514
0.8133,4876,Render,Pinky_MCP,-17.868340,1.110662,20.816030,-0.213665,0.498937,0.302470,0.783531
0.8133,4876,Render,Pinky_PIP,-17.855770,1.120930,20.780160,-0.345131,0.418898,0.070363,0.836934
0.8133,4876,Render,Pinky_DIP,-17.844050,1.117786,20.766410,-0.439979,0.317819,-0.143920,0.827464
0.8133,4876,Render,Pinky_FingerTip,-17.829560,1.107865,20.758760,-0.439979,0.317819,-0.143920,0.827464
0.8278,4877,Real,Wrist,-17.851670,1.084464,20.912550,-0.079734,0.560342,0.419279,0.709835
0.8278,4877,Real,Thumb_CMC,-17.825430,1.117389,20.890940,0.487394,0.389682,-0.174160,0.761751
0.8278,4877,Real,Thumb_MCP,-17.797520,1.122418,20.857420,0.353064,0.514539,-0.388079,0.678226
0.8278,4877,Real,Thumb_IP,-17.789220,1.114422,20.809760,0.043934,0.622475,-0.678063,0.388364
0.8278,4877,Real,Thumb_FingerTip,-17.809010,1.100971,20.794280,0.043934,0.622475,-0.678063,0.388364
0.8278,4877,Real,Index_MCP,-17.822300,1.155665,20.827760,-0.174639,0.553235,0.228057,0.781936
0.8278,4877,Real,Index_PIP,-17.809010,1.163318,20.783520,-0.354895,0.458930,-0.055912,0.812593
0.8278,4877,Real,Index_DIP,-17.794150,1.152504,20.765190,-0.480346,0.325324,-0.306604,0.754604
0.8278,4877,Real,Index_FingerTip,-17.778000,1.131649,20.759910,-0.480346,0.325324,-0.306604,0.754604
0.8278,4877,Real,Middle_MCP,-17.843870,1.141643,20.818240,-0.226928,0.518502,0.213798,0.796210
0.8278,4877,Real,Middle_PIP,-17.824280,1.147194,20.769510,-0.419611,0.379824,-0.131547,0.813852
0.8278,4877,Real,Middle_DIP,-17.805520,1.132423,20.755430,-0.530626,0.196916,-0.424265,0.706866
0.8278,4877,Real,Middle_FingerTip,-17.789610,1.109535,20.760300,-0.530626,0.196916,-0.424265,0.706866
0.8278,4877,Real,Ring_MCP,-17.860490,1.124420,20.812640,-0.237301,0.504917,0.235550,0.795779
0.8278,4877,Real,Ring_PIP,-17.842850,1.130714,20.770040,-0.418619,0.368797,-0.100553,0.823794
0.8278,4877,Real,Ring_DIP,-17.824200,1.118216,20.756250,-0.523328,0.193341,-0.390413,0.732343
0.8278,4877,Real,Ring_FingerTip,-17.808200,1.098241,20.759490,-0.523328,0.193341,-0.390413,0.732343
0.8278,4877,Real,Pinky_MCP,-17.873530,1.106260,20.811760,-0.247228,0.494327,0.245215,0.796486
0.8278,4877,Real,Pinky_PIP,-17.858130,1.112016,20.775980,-0.423512,0.355131,-0.091967,0.828289
0.8278,4877,Real,Pinky_DIP,-17.844720,1.103703,20.766620,-0.522972,0.178830,-0.384021,0.739627
0.8278,4877,Real,Pinky_FingerTip,-17.832440,1.089236,20.769250,-0.522972,0.178830,-0.384021,0.739627
0.8278,4877,Virtual,Wrist,-17.849580,1.085969,20.914580,-0.079095,0.555013,0.423965,0.711307
0.8278,4877,Virtual,Thumb_CMC,-17.823350,1.119271,20.893530,0.491126,0.388950,-0.167991,0.761113
0.8278,4877,Virtual,Thumb_MCP,-17.795210,1.124818,20.860290,0.356849,0.514923,-0.381992,0.679409
0.8278,4877,Virtual,Thumb_IP,-17.786480,1.117387,20.812610,0.047003,0.624722,-0.673412,0.392466
0.8278,4877,Virtual,Thumb_FingerTip,-17.806080,1.103996,20.796830,0.047003,0.624722,-0.673412,0.392466
0.8278,4877,Virtual,Index_MCP,-17.819940,1.158249,20.830800,-0.172829,0.548395,0.232533,0.784424
0.8278,4877,Virtual,Index_PIP,-17.806340,1.166456,20.786750,-0.351526,0.455013,-0.052570,0.816474
0.8278,4877,Virtual,Index_DIP,-17.791280,1.155924,20.768420,-0.475922,0.322654,-0.304639,0.759334
0.8278,4877,Virtual,Index_FingerTip,-17.774970,1.135217,20.763040,-0.475922,0.322654,-0.304639,0.759334
0.8278,4877,Virtual,Middle_MCP,-17.841350,1.144212,20.820950,-0.224886,0.513539,0.217918,0.798885
0.8278,4877,Virtual,Middle_PIP,-17.821410,1.150402,20.772450,-0.415713,0.376136,-0.128885,0.817981
0.8278,4877,Virtual,Middle_DIP,-17.802460,1.135888,20.758360,-0.525638,0.194938,-0.423326,0.711688
0.8278,4877,Virtual,Middle_FingerTip,-17.786460,1.113037,20.763100,-0.525638,0.194938,-0.423326,0.711688
0.8278,4877,Virtual,Ring_MCP,-17.857830,1.126960,20.815030,-0.235310,0.499809,0.239553,0.798395
0.8278,4877,Virtual,Ring_PIP,-17.839890,1.133815,20.772650,-0.414760,0.364903,-0.097921,0.827787
0.8278,4877,Virtual,Ring_DIP,-17.821060,1.121570,20.758870,-0.518326,0.191098,-0.389395,0.737016
0.8278,4877,Virtual,Ring_FingerTip,-17.804970,1.101650,20.762020,-0.518326,0.191098,-0.389395,0.737016
0.8278,4877,Virtual,Pinky_MCP,-17.870760,1.108740,20.813850,-0.245241,0.489136,0.249124,0.799087
0.8278,4877,Virtual,Pinky_PIP,-17.855110,1.114969,20.778260,-0.419624,0.351160,-0.089416,0.832230
0.8278,4877,Virtual,Pinky_DIP,-17.841590,1.106833,20.768910,-0.517916,0.176525,-0.383061,0.744223
0.8278,4877,Virtual,Pinky_FingerTip,-17.829240,1.092406,20.771480,-0.517916,0.176525,-0.383061,0.744223
0.8278,4877,Render,Wrist,-17.849580,1.085969,20.914580,-0.079095,0.555013,0.423965,0.711307
0.8278,4877,Render,Thumb_CMC,-17.823350,1.119271,20.893530,0.440609,0.400495,-0.144332,0.790340
0.8278,4877,Render,Thumb_MCP,-17.795360,1.124750,20.860150,0.371771,0.465101,-0.267434,0.757593
0.8278,4877,Render,Thumb_IP,-17.774550,1.121838,20.815850,0.199133,0.561140,-0.500589,0.628394
0.8278,4877,Render,Thumb_FingerTip,-17.778280,1.110277,20.790060,0.199133,0.561140,-0.500589,0.628394
0.8278,4877,Render,Index_MCP,-17.819940,1.158249,20.830800,-0.154349,0.553881,0.258696,0.776189
0.8278,4877,Render,Index_PIP,-17.808110,1.169048,20.786800,-0.295937,0.492979,0.043214,0.817022
0.8278,4877,Render,Index_DIP,-17.794870,1.163308,20.765220,-0.405446,0.407702,-0.153825,0.803574
0.8278,4877,Render,Index_FingerTip,-17.778190,1.147764,20.750950,-0.405446,0.407702,-0.153825,0.803574
0.8278,4877,Render,Middle_MCP,-17.841350,1.144212,20.820950,-0.181526,0.530419,0.283416,0.778062
0.8278,4877,Render,Middle_PIP,-17.826740,1.157333,20.771930,-0.315886,0.463154,0.066582,0.825392
0.8278,4877,Render,Middle_DIP,-17.811160,1.152268,20.749570,-0.417653,0.373981,-0.133114,0.817304
0.8278,4877,Render,Middle_FingerTip,-17.791780,1.137270,20.735420,-0.417653,0.373981,-0.133114,0.817304
0.8278,4877,Render,Ring_MCP,-17.857830,1.126960,20.815030,-0.203338,0.513647,0.289401,0.781708
0.8278,4877,Render,Ring_PIP,-17.843650,1.138295,20.772190,-0.339349,0.435915,0.058331,0.831515
0.8278,4877,Render,Ring_DIP,-17.827490,1.133056,20.752040,-0.438696,0.335746,-0.154187,0.819175
0.8278,4877,Render,Ring_FingerTip,-17.808740,1.118939,20.741340,-0.438696,0.335746,-0.154187,0.819175
0.8278,4877,Render,Pinky_MCP,-17.870760,1.108740,20.813850,-0.213923,0.503622,0.298996,0.781795
0.8278,4877,Render,Pinky_PIP,-17.858400,1.118663,20.777810,-0.346694,0.423322,0.067515,0.834293
0.8278,4877,Render,Pinky_DIP,-17.846790,1.115345,20.763990,-0.442612,0.321703,-0.146006,0.824188
0.8278,4877,Render,Pinky_FingerTip,-17.832420,1.105278,20.756310,-0.442612,0.321703,-0.146006,0.824188
0.8419,4878,Real,Wrist,-17.854340,1.083398,20.910180,-0.076353,0.566721,0.415820,0.707172
0.8419,4878,Real,Thumb_CMC,-17.828170,1.116021,20.888040,0.485739,0.392878,-0.181440,0.759463
0.8419,4878,Real,Thumb_MCP,-17.800700,1.120679,20.854090,0.350552,0.517116,-0.394380,0.673921
0.8419,4878,Real,Thumb_IP,-17.793150,1.112392,20.806360,0.040463,0.623425,-0.681316,0.381461
0.8419,4878,Real,Thumb_FingerTip,-17.813260,1.099016,20.791240,0.040463,0.623425,-0.681316,0.381461
0.8419,4878,Real,Index_MCP,-17.825670,1.153969,20.824640,-0.172826,0.560022,0.225032,0.778375
0.8419,4878,Real,Index_PIP,-17.812950,1.161309,20.780170,-0.355537,0.465926,-0.057522,0.808207
0.8419,4878,Real,Index_DIP,-17.798440,1.150296,20.761680,-0.483138,0.331770,-0.306765,0.749935
0.8419,4878,Real,Index_FingerTip,-17.782520,1.129295,20.756270,-0.483138,0.331770,-0.306765,0.749935
0.8419,4878,Real,Middle_MCP,-17.847470,1.140063,20.815480,-0.225380,0.525553,0.211179,0.792718
0.8419,4878,Real,Middle_PIP,-17.828540,1.145233,20.766460,-0.421092,0.386891,-0.132503,0.809593
0.8419,4878,Real,Middle_DIP,-17.810100,1.130254,20.752190,-0.534624,0.202928,-0.423572,0.702556
0.8419,4878,Real,Middle_FingerTip,-17.794280,1.107271,20.756940,-0.534624,0.202928,-0.423572,0.702556
0.8419,4878,Real,Ring_MCP,-17.864300,1.122939,20.810210,-0.235647,0.512057,0.233039,0.792440
0.8419,4878,Real,Ring_PIP,-17.847220,1.128896,20.767330,-0.419943,0.376006,-0.101528,0.819732
0.8419,4878,Real,Ring_DIP,-17.828870,1.116192,20.753340,-0.527158,0.199590,-0.389860,0.728201
0.8419,4878,Real,Ring_FingerTip,-17.812960,1.096113,20.756440,-0.527158,0.199590,-0.389860,0.728201
0.8419,4878,Real,Pinky_MCP,-17.877480,1.104874,20.809610,-0.245545,0.501533,0.242798,0.793235
0.8419,4878,Real,Pinky_PIP,-17.862550,1.110342,20.773580,-0.424836,0.362412,-0.092891,0.824344
0.8419,4878,Real,Pinky_DIP,-17.849340,1.101884,20.764070,-0.526829,0.185146,-0.383463,0.735614
0.8419,4878,Real,Pinky_FingerTip,-17.837130,1.087338,20.766590,-0.526829,0.185146,-0.383463,0.735614
0.8419,4878,Virtual,Wrist,-17.851680,1.084463,20.912560,-0.079733,0.560342,0.419279,0.709835
0.8419,4878,Virtual,Thumb_CMC,-17.825440,1.117388,20.890940,0.487394,0.389682,-0.174160,0.761751
0.8419,4878,Virtual,Thumb_MCP,-17.797520,1.122417,20.857420,0.353064,0.514539,-0.388080,0.678226
0.8419,4878,Virtual,Thumb_IP,-17.789220,1.114421,20.809760,0.043934,0.622475,-0.678063,0.388364
0.8419,4878,Virtual,Thumb_FingerTip,-17.809010,1.100970,20.794290,0.043934,0.622475,-0.678063,0.388364
0.8419,4878,Virtual,Index_MCP,-17.822310,1.155664,20.827770,-0.174639,0.553235,0.228057,0.781936
0.8419,4878,Virtual,Index_PIP,-17.809020,1.163317,20.783520,-0.354895,0.458930,-0.055912,0.812593
0.8419,4878,Virtual,Index_DIP,-17.794160,1.152503,20.765190,-0.480346,0.325324,-0.306603,0.754604
0.8419,4878,Virtual,Index_FingerTip,-17.778010,1.131648,20.759910,-0.480346,0.325324,-0.306603,0.754604
0.8419,4878,Virtual,Middle_MCP,-17.843880,1.141642,20.818240,-0.226928,0.518502,0.213798,0.796210
0.8419,4878,Virtual,Middle_PIP,-17.824290,1.147193,20.769520,-0.419611,0.379824,-0.131547,0.813852
0.8419,4878,Virtual,Middle_DIP,-17.805530,1.132422,20.755440,-0.530626,0.196916,-0.424265,0.706866
0.8419,4878,Virtual,Middle_FingerTip,-17.789610,1.109535,20.760300,-0.530626,0.196916,-0.424265,0.706866
0.8419,4878,Virtual,Ring_MCP,-17.860500,1.124419,20.812640,-0.237301,0.504917,0.235550,0.795779
0.8419,4878,Virtual,Ring_PIP,-17.842850,1.130713,20.770040,-0.418619,0.368797,-0.100553,0.823794
0.8419,4878,Virtual,Ring_DIP,-17.824210,1.118215,20.756250,-0.523328,0.193341,-0.390413,0.732342
0.8419,4878,Virtual,Ring_FingerTip,-17.808200,1.098240,20.759490,-0.523328,0.193341,-0.390413,0.732342
0.8419,4878,Virtual,Pinky_MCP,-17.873530,1.106259,20.811760,-0.247228,0.494327,0.245215,0.796486
0.8419,4878,Virtual,Pinky_PIP,-17.858130,1.112015,20.775990,-0.423512,0.355131,-0.091966,0.828289
0.8419,4878,Virtual,Pinky_DIP,-17.844730,1.103702,20.766620,-0.522973,0.178830,-0.384021,0.739627
0.8419,4878,Virtual,Pinky_FingerTip,-17.832450,1.089236,20.769250,-0.522973,0.178830,-0.384021,0.739627
0.8419,4878,Render,Wrist,-17.851680,1.084463,20.912560,-0.079733,0.560342,0.419279,0.709835
0.8419,4878,Render,Thumb_CMC,-17.825440,1.117388,20.890940,0.436594,0.401081,-0.150679,0.791085
0.8419,4878,Render,Thumb_MCP,-17.797640,1.122298,20.857300,0.367713,0.465045,-0.273820,0.757326
0.8419,4878,Render,Thumb_IP,-17.777180,1.118732,20.812890,0.195317,0.559760,-0.506536,0.626052
0.8419,4878,Render,Thumb_FingerTip,-17.781160,1.106888,20.787280,0.195317,0.559760,-0.506536,0.626052
0.8419,4878,Render,Index_MCP,-17.822310,1.155664,20.827770,-0.155996,0.558778,0.254139,0.773852
0.8419,4878,Render,Index_PIP,-17.810770,1.165920,20.783560,-0.298826,0.497263,0.039442,0.813559
0.8419,4878,Render,Index_DIP,-17.797740,1.159871,20.761940,-0.409277,0.411169,-0.156658,0.799307
0.8419,4878,Render,Index_FingerTip,-17.781250,1.144081,20.747710,-0.409277,0.411169,-0.156658,0.799307
0.8419,4878,Render,Middle_MCP,-17.843880,1.141642,20.818240,-0.183149,0.535534,0.279088,0.775738
0.8419,4878,Render,Middle_PIP,-17.829590,1.154148,20.768970,-0.318810,0.467655,0.063027,0.822002
0.8419,4878,Render,Middle_DIP,-17.814210,1.148755,20.746540,-0.421570,0.377650,-0.135753,0.813161
0.8419,4878,Render,Middle_FingerTip,-17.795020,1.133496,20.732400,-0.421570,0.377650,-0.135753,0.813161
0.8419,4878,Render,Ring_MCP,-17.860500,1.124419,20.812640,-0.205004,0.518870,0.285240,0.779349
0.8419,4878,Render,Ring_PIP,-17.846590,1.135209,20.769560,-0.342414,0.440461,0.054999,0.828084
0.8419,4878,Render,Ring_DIP,-17.830630,1.129662,20.749350,-0.442813,0.339367,-0.156541,0.815011
0.8419,4878,Render,Ring_FingerTip,-17.812030,1.115324,20.738660,-0.442813,0.339367,-0.156541,0.815011
0.8419,4878,Render,Pinky_MCP,-17.873530,1.106259,20.811760,-0.215578,0.508927,0.294931,0.779446
0.8419,4878,Render,Pinky_PIP,-17.861400,1.115722,20.775520,-0.349772,0.427949,0.064274,0.830896
0.8419,4878,Render,Pinky_DIP,-17.849930,1.112189,20.761650,-0.446762,0.325399,-0.148281,0.820081
0.8419,4878,Render,Pinky_FingerTip,-17.835670,1.101960,20.753960,-0.446762,0.325399,-0.148281,0.820081
0.8562,4879,Real,Wrist,-17.857830,1.082616,20.907550,-0.068063,0.575652,0.412291,0.702858
0.8562,4879,Real,Thumb_CMC,-17.831800,1.114913,20.884770,0.484900,0.399729,-0.193609,0.753395
0.8562,4879,Real,Thumb_MCP,-17.805210,1.119125,20.850070,0.347446,0.523635,-0.404657,0.664336
0.8562,4879,Real,Thumb_IP,-17.799130,1.110604,20.802170,0.033809,0.627510,-0.685720,0.367256
0.8562,4879,Real,Thumb_FingerTip,-17.819870,1.097459,20.787710,0.033809,0.627510,-0.685720,0.367256
0.8562,4879,Real,Index_MCP,-17.830350,1.152814,20.821300,-0.165734,0.570684,0.223763,0.772517
0.8562,4879,Real,Index_PIP,-17.818720,1.160145,20.776540,-0.350172,0.480132,-0.052691,0.802544
0.8562,4879,Real,Index_DIP,-17.804870,1.149222,20.757500,-0.480911,0.349102,-0.297058,0.747402
0.8562,4879,Real,Index_FingerTip,-17.789270,1.128245,20.751140,-0.480911,0.349102,-0.297058,0.747402
0.8562,4879,Real,Middle_MCP,-17.852540,1.139173,20.812680,-0.216856,0.537570,0.213228,0.786465
0.8562,4879,Real,Middle_PIP,-17.835050,1.144572,20.763150,-0.414104,0.405617,-0.119804,0.806002
0.8562,4879,Real,Middle_DIP,-17.817250,1.129906,20.747780,-0.533006,0.227843,-0.403929,0.707696
0.8562,4879,Real,Middle_FingerTip,-17.801120,1.106854,20.750840,-0.533006,0.227843,-0.403929,0.707696
0.8562,4879,Real,Ring_MCP,-17.869690,1.122254,20.807820,-0.226920,0.524235,0.235356,0.786316
0.8562,4879,Real,Ring_PIP,-17.853890,1.128406,20.764480,-0.412614,0.395051,-0.088312,0.816019
0.8562,4879,Real,Ring_DIP,-17.836180,1.116021,20.749420,-0.525053,0.225020,-0.369211,0.733054
0.8562,4879,Real,Ring_FingerTip,-17.820020,1.095959,20.750910,-0.525053,0.225020,-0.369211,0.733054
0.8562,4879,Real,Pinky_MCP,-17.883100,1.104350,20.807540,-0.236824,0.513839,0.245235,0.787238
0.8562,4879,Real,Pinky_PIP,-17.869260,1.109970,20.771110,-0.417706,0.381626,-0.079565,0.820703
0.8562,4879,Real,Pinky_DIP,-17.856480,1.101725,20.760840,-0.525107,0.210662,-0.362666,0.740512
0.8562,4879,Real,Pinky_FingerTip,-17.844070,1.087196,20.762160,-0.525107,0.210662,-0.362666,0.740512
0.8562,4879,Virtual,Wrist,-17.854340,1.083399,20.910190,-0.076353,0.566721,0.415820,0.707171
0.8562,4879,Virtual,Thumb_CMC,-17.828170,1.116021,20.888040,0.484873,0.393683,-0.183148,0.759190
0.8562,4879,Virtual,Thumb_MCP,-17.800820,1.120574,20.853990,0.349180,0.517843,-0.396337,0.672926
0.8562,4879,Virtual,Thumb_IP,-17.793490,1.112152,20.806250,0.038242,0.623399,-0.682908,0.378879
0.8562,4879,Virtual,Thumb_FingerTip,-17.813720,1.098763,20.791300,0.038242,0.623399,-0.682908,0.378879
0.8562,4879,Virtual,Index_MCP,-17.825670,1.153969,20.824640,-0.171722,0.560362,0.226566,0.777930
0.8562,4879,Virtual,Index_PIP,-17.813060,1.161464,20.780170,-0.352287,0.468388,-0.051898,0.808587
0.8562,4879,Virtual,Index_DIP,-17.798630,1.150720,20.761460,-0.479310,0.337277,-0.298164,0.753396
0.8562,4879,Virtual,Index_FingerTip,-17.782630,1.129937,20.755480,-0.479310,0.337277,-0.298164,0.753396
0.8562,4879,Virtual,Middle_MCP,-17.847470,1.140064,20.815490,-0.222510,0.526775,0.215501,0.791554
0.8562,4879,Virtual,Middle_PIP,-17.828880,1.145700,20.766390,-0.414959,0.393462,-0.119762,0.811576
0.8562,4879,Virtual,Middle_DIP,-17.810540,1.131260,20.751440,-0.529394,0.216205,-0.405910,0.712906
0.8562,4879,Virtual,Middle_FingerTip,-17.794210,1.108404,20.754880,-0.529394,0.216205,-0.405910,0.712906
0.8562,4879,Virtual,Ring_MCP,-17.864300,1.122940,20.810210,-0.232756,0.513378,0.237504,0.791113
0.8562,4879,Virtual,Ring_PIP,-17.847540,1.129306,20.767270,-0.413778,0.382780,-0.088195,0.821273
0.8562,4879,Virtual,Ring_DIP,-17.829330,1.117145,20.752630,-0.521835,0.213122,-0.370946,0.738016
0.8562,4879,Virtual,Ring_FingerTip,-17.812970,1.097279,20.754500,-0.521835,0.213122,-0.370946,0.738016
0.8562,4879,Virtual,Pinky_MCP,-17.877480,1.104874,20.809610,-0.242714,0.502910,0.247267,0.791853
0.8562,4879,Virtual,Pinky_PIP,-17.862840,1.110681,20.773530,-0.418892,0.369267,-0.079484,0.825745
0.8562,4879,Virtual,Pinky_DIP,-17.849730,1.102597,20.763560,-0.521878,0.198674,-0.364360,0.745261
0.8562,4879,Virtual,Pinky_FingerTip,-17.837170,1.088220,20.765180,-0.521878,0.198674,-0.364360,0.745261
0.8562,4879,Render,Wrist,-17.854340,1.083399,20.910190,-0.076353,0.566721,0.415820,0.707171
0.8562,4879,Render,Thumb_CMC,-17.828170,1.116021,20.888040,0.435081,0.404734,-0.157734,0.788680
0.8562,4879,Render,Thumb_MCP,-17.800830,1.120561,20.853980,0.365642,0.468413,-0.280405,0.753836
0.8562,4879,Render,Thumb_IP,-17.781030,1.116628,20.809300,0.192258,0.562264,-0.511618,0.620599
0.8562,4879,Render,Thumb_FingerTip,-17.785470,1.104692,20.783810,0.192258,0.562264,-0.511618,0.620599
0.8562,4879,Render,Index_MCP,-17.825670,1.153969,20.824640,-0.153957,0.565501,0.250997,0.770394
0.8562,4879,Render,Index_PIP,-17.814690,1.163925,20.780220,-0.298646,0.504286,0.037331,0.809391
0.8562,4879,Render,Index_DIP,-17.802010,1.157676,20.758450,-0.410785,0.418030,-0.157709,0.794754
0.8562,4879,Render,Index_FingerTip,-17.785850,1.141694,20.744060,-0.410785,0.418030,-0.157709,0.794754
0.8562,4879,Render,Middle_MCP,-17.847470,1.140064,20.815490,-0.181022,0.542433,0.276188,0.772475
0.8562,4879,Render,Middle_PIP,-17.833800,1.152225,20.765960,-0.318591,0.474871,0.061098,0.818086
0.8562,4879,Render,Middle_DIP,-17.818790,1.146609,20.743340,-0.423087,0.384708,-0.136688,0.808897
0.8562,4879,Render,Middle_FingerTip,-17.799920,1.131139,20.729010,-0.423087,0.384708,-0.136688,0.808897
0.8562,4879,Render,Ring_MCP,-17.864300,1.122940,20.810210,-0.202903,0.525893,0.282524,0.776175
0.8562,4879,Render,Ring_PIP,-17.850930,1.133418,20.766890,-0.342369,0.447791,0.053283,0.824275
0.8562,4879,Render,Ring_DIP,-17.835300,1.127655,20.746480,-0.444625,0.346469,-0.157236,0.810891
0.8562,4879,Render,Ring_FingerTip,-17.816970,1.113126,20.735590,-0.444625,0.346469,-0.157236,0.810891
0.8562,4879,Render,Pinky_MCP,-17.877480,1.104874,20.809610,-0.213445,0.516013,0.292314,0.776354
0.8562,4879,Render,Pinky_PIP,-17.865800,1.114072,20.773150,-0.349713,0.435349,0.062630,0.827194
0.8562,4879,Render,Pinky_DIP,-17.854560,1.110386,20.759130,-0.448580,0.332573,-0.148934,0.816083
0.8562,4879,Render,Pinky_FingerTip,-17.840480,1.100013,20.751300,-0.448580,0.332573,-0.148934,0.816083
0.8690,4880,Real,Wrist,-17.861740,1.081888,20.904840,-0.057662,0.585359,0.408320,0.698073
0.8690,4880,Real,Thumb_CMC,-17.835860,1.113829,20.881400,0.485719,0.406438,-0.205524,0.746087
0.8690,4880,Real,Thumb_MCP,-17.810170,1.117700,20.846000,0.346275,0.530291,-0.413926,0.653874
0.8690,4880,Real,Thumb_IP,-17.805510,1.109166,20.797940,0.029424,0.632652,-0.688402,0.353538
0.8690,4880,Real,Thumb_FingerTip,-17.826840,1.096355,20.784040,0.029424,0.632652,-0.688402,0.353538
0.8690,4880,Real,Index_MCP,-17.835570,1.151806,20.817960,-0.157873,0.582199,0.220619,0.766452
0.8690,4880,Real,Index_PIP,-17.825050,1.159035,20.772910,-0.346703,0.493636,-0.053581,0.795771
0.8690,4880,Real,Index_DIP,-17.811890,1.147937,20.753480,-0.481764,0.363018,-0.295821,0.740683
0.8690,4880,Real,Index_FingerTip,-17.796780,1.126739,20.746680,-0.481764,0.363018,-0.295821,0.740683
0.8690,4880,Real,Middle_MCP,-17.858180,1.138511,20.809940,-0.209369,0.549667,0.210653,0.780805
0.8690,4880,Real,Middle_PIP,-17.841970,1.143728,20.759950,-0.412093,0.419701,-0.119896,0.799785
0.8690,4880,Real,Middle_DIP,-17.824810,1.128823,20.744080,-0.536239,0.241697,-0.401759,0.701869
0.8690,4880,Real,Middle_FingerTip,-17.808950,1.105528,20.746670,-0.536239,0.241697,-0.401759,0.701869
0.8690,4880,Real,Ring_MCP,-17.875710,1.121857,20.805520,-0.219231,0.536392,0.232907,0.781010
0.8690,4880,Real,Ring_PIP,-17.861000,1.127843,20.761780,-0.410246,0.409238,-0.088509,0.810178
0.8690,4880,Real,Ring_DIP,-17.843900,1.115219,20.746220,-0.527818,0.239136,-0.367345,0.727516
0.8690,4880,Real,Ring_FingerTip,-17.828010,1.094916,20.747250,-0.527818,0.239136,-0.367345,0.727516
0.8690,4880,Real,Pinky_MCP,-17.889390,1.104156,20.805580,-0.229077,0.526077,0.242906,0.782154
0.8690,4880,Real,Pinky_PIP,-17.876460,1.109627,20.768800,-0.415316,0.395911,-0.079739,0.815113
0.8690,4880,Real,Pinky_DIP,-17.864100,1.101209,20.758170,-0.527885,0.224877,-0.360866,0.735217
0.8690,4880,Real,Pinky_FingerTip,-17.851870,1.086495,20.759140,-0.527885,0.224877,-0.360866,0.735217
0.8690,4880,Virtual,Wrist,-17.857830,1.082615,20.907550,-0.068063,0.575652,0.412291,0.702858
0.8690,4880,Virtual,Thumb_CMC,-17.831800,1.114912,20.884770,0.484900,0.399729,-0.193609,0.753395
0.8690,4880,Virtual,Thumb_MCP,-17.805220,1.119124,20.850070,0.347446,0.523635,-0.404656,0.664336
0.8690,4880,Virtual,Thumb_IP,-17.799130,1.110604,20.802170,0.033809,0.627510,-0.685720,0.367256
0.8690,4880,Virtual,Thumb_FingerTip,-17.819880,1.097459,20.787720,0.033809,0.627510,-0.685720,0.367256
0.8690,4880,Virtual,Index_MCP,-17.830350,1.152813,20.821310,-0.165733,0.570684,0.223763,0.772517
0.8690,4880,Virtual,Index_PIP,-17.818720,1.160145,20.776540,-0.350172,0.480132,-0.052691,0.802544
0.8690,4880,Virtual,Index_DIP,-17.804870,1.149222,20.757500,-0.480911,0.349102,-0.297058,0.747402
0.8690,4880,Virtual,Index_FingerTip,-17.789280,1.128244,20.751140,-0.480911,0.349102,-0.297058,0.747402
0.8690,4880,Virtual,Middle_MCP,-17.852540,1.139172,20.812690,-0.216856,0.537570,0.213228,0.786464
0.8690,4880,Virtual,Middle_PIP,-17.835050,1.144571,20.763150,-0.414104,0.405617,-0.119804,0.806002
0.8690,4880,Virtual,Middle_DIP,-17.817250,1.129906,20.747780,-0.533006,0.227843,-0.403929,0.707696
0.8690,4880,Virtual,Middle_FingerTip,-17.801120,1.106853,20.750840,-0.533006,0.227843,-0.403929,0.707696
0.8690,4880,Virtual,Ring_MCP,-17.869690,1.122253,20.807820,-0.226920,0.524235,0.235356,0.786316
0.8690,4880,Virtual,Ring_PIP,-17.853890,1.128406,20.764490,-0.412614,0.395051,-0.088312,0.816019
0.8690,4880,Virtual,Ring_DIP,-17.836180,1.116020,20.749420,-0.525053,0.225020,-0.369211,0.733054
0.8690,4880,Virtual,Ring_FingerTip,-17.820030,1.095958,20.750910,-0.525053,0.225020,-0.369211,0.733054
0.8690,4880,Virtual,Pinky_MCP,-17.883100,1.104349,20.807540,-0.236824,0.513839,0.245235,0.787238
0.8690,4880,Virtual,Pinky_PIP,-17.869260,1.109969,20.771120,-0.417706,0.381626,-0.079565,0.820703
0.8690,4880,Virtual,Pinky_DIP,-17.856490,1.101725,20.760840,-0.525107,0.210662,-0.362666,0.740512
0.8690,4880,Virtual,Pinky_FingerTip,-17.844070,1.087196,20.762160,-0.525107,0.210662,-0.362666,0.740512
0.8690,4880,Render,Wrist,-17.857830,1.082615,20.907550,-0.068063,0.575652,0.412291,0.702858
0.8690,4880,Render,Thumb_CMC,-17.831800,1.114912,20.884770,0.435478,0.411438,-0.167784,0.782897
0.8690,4880,Render,Thumb_MCP,-17.805230,1.119111,20.850060,0.364975,0.475096,-0.289415,0.746537
0.8690,4880,Render,Thumb_IP,-17.786550,1.114928,20.804920,0.189441,0.568361,-0.517743,0.610754
0.8690,4880,Render,Thumb_FingerTip,-17.791740,1.103041,20.779540,0.189441,0.568361,-0.517743,0.610754
0.8690,4880,Render,Index_MCP,-17.830350,1.152813,20.821310,-0.147646,0.575629,0.248024,0.765073
0.8690,4880,Render,Index_PIP,-17.820320,1.162626,20.776630,-0.295252,0.515727,0.035878,0.803471
0.8690,4880,Render,Index_DIP,-17.808240,1.156217,20.754570,-0.410232,0.429950,-0.157700,0.788659
0.8690,4880,Render,Index_FingerTip,-17.792620,1.140037,20.739810,-0.410232,0.429950,-0.157700,0.788659
0.8690,4880,Render,Middle_MCP,-17.852540,1.139172,20.812690,-0.174549,0.552757,0.273528,0.767577
0.8690,4880,Render,Middle_PIP,-17.839900,1.151156,20.762830,-0.315092,0.486544,0.059834,0.812658
0.8690,4880,Render,Middle_DIP,-17.825500,1.145353,20.739870,-0.422486,0.396879,-0.136614,0.803324
0.8690,4880,Render,Middle_FingerTip,-17.807180,1.129651,20.725090,-0.422486,0.396879,-0.136614,0.803324
0.8690,4880,Render,Ring_MCP,-17.869690,1.122253,20.807820,-0.196453,0.536396,0.280105,0.771509
0.8690,4880,Render,Ring_PIP,-17.857230,1.132559,20.764180,-0.339127,0.459683,0.052271,0.819117
0.8690,4880,Render,Ring_DIP,-17.842170,1.126601,20.743410,-0.444501,0.358795,-0.156909,0.805646
0.8690,4880,Render,Ring_FingerTip,-17.824280,1.111848,20.732090,-0.444501,0.358795,-0.156909,0.805646
0.8690,4880,Render,Pinky_MCP,-17.883100,1.104349,20.807540,-0.206937,0.526586,0.290021,0.771863
0.8690,4880,Render,Pinky_PIP,-17.872190,1.113396,20.770810,-0.346435,0.447324,0.061689,0.822240
0.8690,4880,Render,Pinky_DIP,-17.861330,1.109571,20.756530,-0.448441,0.344987,-0.148589,0.811052
0.8690,4880,Render,Pinky_FingerTip,-17.847570,1.099026,20.748360,-0.448441,0.344987,-0.148589,0.811052
0.8830,4881,Real,Wrist,-17.866120,1.080940,20.902080,-0.046015,0.596036,0.403023,0.692962
0.8830,4881,Real,Thumb_CMC,-17.840370,1.112432,20.877890,0.485323,0.414249,-0.221525,0.737419
0.8830,4881,Real,Thumb_MCP,-17.815840,1.115742,20.841620,0.342704,0.538233,-0.427801,0.640193
0.8830,4881,Real,Thumb_IP,-17.813170,1.106973,20.793460,0.020361,0.637751,-0.694442,0.332580
0.8830,4881,Real,Thumb_FingerTip,-17.835330,1.094549,20.780560,0.020361,0.637751,-0.694442,0.332580
0.8830,4881,Real,Index_MCP,-17.841280,1.150462,20.814500,-0.150443,0.594511,0.214393,0.760237
0.8830,4881,Real,Index_PIP,-17.831860,1.157350,20.769150,-0.345535,0.506638,-0.059843,0.787619
0.8830,4881,Real,Index_DIP,-17.819420,1.145816,20.749510,-0.485735,0.374350,-0.301378,0.730134
0.8830,4881,Real,Index_FingerTip,-17.804940,1.124194,20.742680,-0.485735,0.374350,-0.301378,0.730134
0.8830,4881,Real,Middle_MCP,-17.864360,1.137586,20.807140,-0.203319,0.562172,0.203602,0.775352
0.8830,4881,Real,Middle_PIP,-17.849310,1.142187,20.756730,-0.414179,0.431083,-0.128963,0.791197
0.8830,4881,Real,Middle_DIP,-17.832820,1.126631,20.740790,-0.543672,0.248590,-0.410851,0.688350
0.8830,4881,Real,Middle_FingerTip,-17.817570,1.102975,20.743740,-0.543672,0.248590,-0.410851,0.688350
0.8830,4881,Real,Ring_MCP,-17.882320,1.121256,20.803240,-0.212270,0.549191,0.226898,0.775789
0.8830,4881,Real,Ring_PIP,-17.868640,1.126789,20.759110,-0.410650,0.421942,-0.095536,0.802624
0.8830,4881,Real,Ring_DIP,-17.852160,1.113620,20.743330,-0.533641,0.248789,-0.374097,0.716508
0.8830,4881,Real,Ring_FingerTip,-17.836770,1.092938,20.744430,-0.533641,0.248789,-0.374097,0.716508
0.8830,4881,Real,Pinky_MCP,-17.896300,1.103805,20.803700,-0.222026,0.538950,0.237023,0.777212
0.8830,4881,Real,Pinky_PIP,-17.884230,1.108889,20.766570,-0.415608,0.408695,-0.086780,0.807903
0.8830,4881,Real,Pinky_DIP,-17.872280,1.100084,20.755780,-0.533577,0.234644,-0.367784,0.724550
0.8830,4881,Real,Pinky_FingerTip,-17.860420,1.085076,20.756790,-0.533577,0.234644,-0.367784,0.724550
0.8830,4881,Virtual,Wrist,-17.861750,1.081889,20.904850,-0.057662,0.585359,0.408320,0.698073
0.8830,4881,Virtual,Thumb_CMC,-17.835860,1.113830,20.881400,0.484526,0.407508,-0.207749,0.745663
0.8830,4881,Virtual,Thumb_MCP,-17.810330,1.117566,20.845880,0.343916,0.531554,-0.417043,0.652110
0.8830,4881,Virtual,Thumb_IP,-17.806060,1.108824,20.797820,0.024810,0.632623,-0.691266,0.348317
0.8830,4881,Virtual,Thumb_FingerTip,-17.827610,1.095994,20.784280,0.024810,0.632623,-0.691266,0.348317
0.8830,4881,Virtual,Index_MCP,-17.835580,1.151806,20.817970,-0.159275,0.581816,0.218771,0.766981
0.8830,4881,Virtual,Index_PIP,-17.824930,1.158842,20.772910,-0.349469,0.491682,-0.058048,0.795457
0.8830,4881,Virtual,Index_DIP,-17.811700,1.147526,20.753660,-0.484832,0.358911,-0.302105,0.738142
0.8830,4881,Virtual,Index_FingerTip,-17.796640,1.126166,20.747290,-0.484832,0.358911,-0.302105,0.738142
0.8830,4881,Virtual,Middle_MCP,-17.858180,1.138511,20.809940,-0.211696,0.548775,0.207343,0.781690
0.8830,4881,Virtual,Middle_PIP,-17.841720,1.143359,20.760000,-0.416391,0.415438,-0.128120,0.798509
0.8830,4881,Virtual,Middle_DIP,-17.824480,1.128098,20.744570,-0.539977,0.233227,-0.412756,0.695459
0.8830,4881,Virtual,Middle_FingerTip,-17.808900,1.104723,20.748000,-0.539977,0.233227,-0.412756,0.695459
0.8830,4881,Virtual,Ring_MCP,-17.875720,1.121858,20.805530,-0.220875,0.535717,0.230511,0.781720
0.8830,4881,Virtual,Ring_PIP,-17.860840,1.127616,20.761810,-0.413282,0.406173,-0.094538,0.809497
0.8830,4881,Virtual,Ring_DIP,-17.843660,1.114740,20.746540,-0.530507,0.233112,-0.375603,0.723287
0.8830,4881,Virtual,Ring_FingerTip,-17.827940,1.094340,20.748130,-0.530507,0.233112,-0.375603,0.723287
0.8830,4881,Virtual,Pinky_MCP,-17.889390,1.104157,20.805590,-0.230689,0.525372,0.240506,0.782895
0.8830,4881,Virtual,Pinky_PIP,-17.876310,1.109440,20.768830,-0.418252,0.392808,-0.085805,0.814497
0.8830,4881,Virtual,Pinky_DIP,-17.863900,1.100848,20.758410,-0.530411,0.218853,-0.369212,0.731061
0.8830,4881,Virtual,Pinky_FingerTip,-17.851800,1.086057,20.759780,-0.530411,0.218853,-0.369212,0.731061
0.8830,4881,Render,Wrist,-17.861750,1.081889,20.904850,-0.057662,0.585359,0.408320,0.698073
0.8830,4881,Render,Thumb_CMC,-17.835860,1.113830,20.881400,0.436762,0.418897,-0.179242,0.775653
0.8830,4881,Render,Thumb_MCP,-17.810190,1.117688,20.845990,0.365063,0.482664,-0.299584,0.737573
0.8830,4881,Render,Thumb_IP,-17.792800,1.113298,20.800360,0.187049,0.575542,-0.524420,0.598956
0.8830,4881,Render,Thumb_FingerTip,-17.798860,1.101531,20.775120,0.187049,0.575542,-0.524420,0.598956
0.8830,4881,Render,Index_MCP,-17.835580,1.151806,20.817970,-0.139426,0.586890,0.244690,0.759110
0.8830,4881,Render,Index_PIP,-17.826610,1.161539,20.773050,-0.290319,0.528767,0.034248,0.796837
0.8830,4881,Render,Index_DIP,-17.815230,1.154987,20.750660,-0.408567,0.443793,-0.157693,0.781828
0.8830,4881,Render,Index_FingerTip,-17.800270,1.138599,20.735460,-0.408567,0.443793,-0.157693,0.781828
0.8830,4881,Render,Middle_MCP,-17.858180,1.138511,20.809940,-0.166147,0.564238,0.270522,0.762134
0.8830,4881,Render,Middle_PIP,-17.846730,1.150385,20.759780,-0.310042,0.499843,0.058382,0.806612
0.8830,4881,Render,Middle_DIP,-17.833050,1.144404,20.736420,-0.420770,0.411002,-0.136575,0.797106
0.8830,4881,Render,Middle_FingerTip,-17.815370,1.128455,20.721130,-0.420770,0.411002,-0.136575,0.797106
0.8830,4881,Render,Ring_MCP,-17.875720,1.121858,20.805530,-0.188079,0.548092,0.277355,0.766352
0.8830,4881,Render,Ring_PIP,-17.864300,1.132046,20.761580,-0.334372,0.473258,0.051080,0.813396
0.8830,4881,Render,Ring_DIP,-17.849890,1.125898,20.740400,-0.443341,0.373132,-0.156612,0.799809
0.8830,4881,Render,Ring_FingerTip,-17.832540,1.110898,20.728580,-0.443341,0.373132,-0.156612,0.799809
0.8830,4881,Render,Pinky_MCP,-17.889390,1.104157,20.805590,-0.198501,0.538359,0.287403,0.766921
0.8830,4881,Render,Pinky_PIP,-17.879350,1.113098,20.768590,-0.341643,0.460991,0.060564,0.816762
0.8830,4881,Render,Pinky_DIP,-17.868940,1.109134,20.754010,-0.447267,0.359423,-0.148290,0.805467
0.8830,4881,Render,Pinky_FingerTip,-17.855570,1.098398,20.745460,-0.447267,0.359423,-0.148290,0.805467
0.8968,4882,Real,Wrist,-17.870040,1.079761,20.899450,-0.036885,0.605443,0.396946,0.688849
0.8968,4882,Real,Thumb_CMC,-17.844370,1.110757,20.874550,0.483552,0.418090,-0.239252,0.730847
0.8968,4882,Real,Thumb_MCP,-17.820840,1.113156,20.837550,0.338589,0.542198,-0.444328,0.627656
0.8968,4882,Real,Thumb_IP,-17.819990,1.103810,20.789420,0.012048,0.639121,-0.703610,0.310342
0.8968,4882,Real,Thumb_FingerTip,-17.843000,1.091803,20.777640,0.012048,0.639121,-0.703610,0.310342
0.8968,4882,Real,Index_MCP,-17.846210,1.148648,20.811090,-0.146782,0.604658,0.205259,0.755456
0.8968,4882,Real,Index_PIP,-17.837570,1.154859,20.765480,-0.348708,0.515324,-0.071498,0.779572
0.8968,4882,Real,Index_DIP,-17.825670,1.142637,20.745930,-0.493520,0.378938,-0.313871,0.717168
0.8968,4882,Real,Index_FingerTip,-17.811790,1.120465,20.739640,-0.493520,0.378938,-0.313871,0.717168
0.8968,4882,Real,Middle_MCP,-17.869680,1.136147,20.804340,-0.202716,0.571688,0.191188,0.771703
0.8968,4882,Real,Middle_PIP,-17.855250,1.139489,20.753650,-0.423374,0.434369,-0.149340,0.780882
0.8968,4882,Real,Middle_DIP,-17.839230,1.122829,20.738350,-0.556396,0.241547,-0.434102,0.666059
0.8968,4882,Real,Middle_FingerTip,-17.824900,1.098858,20.742920,-0.556396,0.241547,-0.434102,0.666059
0.8968,4882,Real,Ring_MCP,-17.888000,1.120113,20.800930,-0.210767,0.558956,0.215414,0.772491
0.8968,4882,Real,Ring_PIP,-17.874860,1.124636,20.756520,-0.418286,0.426487,-0.114414,0.793760
0.8968,4882,Real,Ring_DIP,-17.858790,1.110452,20.741200,-0.545086,0.244410,-0.396216,0.697251
0.8968,4882,Real,Ring_FingerTip,-17.844170,1.089323,20.743550,-0.545086,0.244410,-0.396216,0.697251
0.8968,4882,Real,Pinky_MCP,-17.902260,1.102902,20.801780,-0.220395,0.548743,0.225645,0.774204
0.8968,4882,Real,Pinky_PIP,-17.890610,1.107135,20.764410,-0.422978,0.413259,-0.105743,0.799454
0.8968,4882,Real,Pinky_DIP,-17.878940,1.097620,20.753930,-0.544626,0.230381,-0.390220,0.705716
0.8968,4882,Real,Pinky_FingerTip,-17.867650,1.082260,20.755850,-0.544626,0.230381,-0.390220,0.705716
0.8968,4882,Virtual,Wrist,-17.866120,1.080939,20.902080,-0.046015,0.596036,0.403024,0.692962
0.8968,4882,Virtual,Thumb_CMC,-17.840370,1.112431,20.877900,0.483865,0.413383,-0.226550,0.737336
0.8968,4882,Virtual,Thumb_MCP,-17.815980,1.115328,20.841500,0.340278,0.537793,-0.434107,0.637605
0.8968,4882,Virtual,Thumb_IP,-17.813790,1.106130,20.793390,0.015759,0.636210,-0.699951,0.324128
0.8968,4882,Virtual,Thumb_FingerTip,-17.836290,1.093771,20.781010,0.015759,0.636210,-0.699951,0.324128
0.8968,4882,Virtual,Index_MCP,-17.841290,1.150461,20.814500,-0.153437,0.593746,0.210559,0.761307
0.8968,4882,Virtual,Index_PIP,-17.831630,1.156942,20.769140,-0.351133,0.502774,-0.068575,0.786906
0.8968,4882,Virtual,Index_DIP,-17.819040,1.144976,20.749850,-0.491860,0.366265,-0.313412,0.725049
0.8968,4882,Virtual,Index_FingerTip,-17.804640,1.123058,20.743860,-0.491860,0.366265,-0.313412,0.725049
0.8968,4882,Virtual,Middle_MCP,-17.864360,1.137585,20.807140,-0.208892,0.560126,0.195892,0.777335
0.8968,4882,Virtual,Middle_PIP,-17.848750,1.141310,20.756840,-0.424144,0.421282,-0.147424,0.787966
0.8968,4882,Virtual,Middle_DIP,-17.832070,1.124964,20.741900,-0.552150,0.229145,-0.435014,0.673340
0.8968,4882,Virtual,Middle_FingerTip,-17.817460,1.101224,20.746760,-0.552150,0.229145,-0.435014,0.673340
0.8968,4882,Virtual,Ring_MCP,-17.882320,1.121256,20.803240,-0.217133,0.547286,0.220007,0.777771
0.8968,4882,Virtual,Ring_PIP,-17.868170,1.126122,20.759180,-0.419406,0.413241,-0.112341,0.800444
0.8968,4882,Virtual,Ring_DIP,-17.851480,1.112252,20.744230,-0.541294,0.231669,-0.396725,0.704231
0.8968,4882,Virtual,Ring_FingerTip,-17.836580,1.091365,20.746890,-0.541294,0.231669,-0.396725,0.704231
0.8968,4882,Virtual,Pinky_MCP,-17.896310,1.103804,20.803700,-0.226798,0.536959,0.230119,0.779284
0.8968,4882,Virtual,Pinky_PIP,-17.883810,1.108336,20.766640,-0.424085,0.399893,-0.103698,0.805906
0.8968,4882,Virtual,Pinky_DIP,-17.871730,1.099047,20.756430,-0.540779,0.217533,-0.390671,0.712470
0.8968,4882,Virtual,Pinky_FingerTip,-17.860230,1.083875,20.758590,-0.540779,0.217533,-0.390671,0.712470
0.8968,4882,Render,Wrist,-17.866120,1.080939,20.902080,-0.046015,0.596036,0.403024,0.692962
0.8968,4882,Render,Thumb_CMC,-17.840370,1.112431,20.877900,0.438105,0.426505,-0.192578,0.767510
0.8968,4882,Render,Thumb_MCP,-17.815700,1.115861,20.841740,0.365187,0.490388,-0.311466,0.727425
0.8968,4882,Render,Thumb_IP,-17.799760,1.111204,20.795600,0.184638,0.582882,-0.532327,0.585479
0.8968,4882,Render,Thumb_FingerTip,-17.806780,1.099574,20.770550,0.184638,0.582882,-0.532327,0.585479
0.8968,4882,Render,Index_MCP,-17.841290,1.150461,20.814500,-0.130168,0.599277,0.240086,0.752518
0.8968,4882,Render,Index_PIP,-17.833500,1.160076,20.769330,-0.284683,0.543168,0.031560,0.789258
0.8968,4882,Render,Index_DIP,-17.822910,1.153342,20.746620,-0.406547,0.459125,-0.158487,0.773825
0.8968,4882,Render,Index_FingerTip,-17.808700,1.136702,20.730970,-0.406547,0.459125,-0.158487,0.773825
0.8968,4882,Render,Middle_MCP,-17.864360,1.137585,20.807140,-0.156704,0.576906,0.266276,0.756122
0.8968,4882,Render,Middle_PIP,-17.854200,1.149301,20.756670,-0.304302,0.514565,0.055885,0.799688
0.8968,4882,Render,Middle_DIP,-17.841330,1.143098,20.732910,-0.418724,0.426669,-0.137341,0.789786
0.8968,4882,Render,Middle_FingerTip,-17.824400,1.126847,20.717090,-0.418724,0.426669,-0.137341,0.789786
0.8968,4882,Render,Ring_MCP,-17.882320,1.121256,20.803240,-0.178675,0.561021,0.273390,0.760651
0.8968,4882,Render,Ring_PIP,-17.872040,1.131281,20.758980,-0.328976,0.488307,0.048875,0.806810
0.8968,4882,Render,Ring_DIP,-17.858380,1.124895,20.737370,-0.441932,0.389057,-0.157077,0.792880
0.8968,4882,Render,Ring_FingerTip,-17.841670,1.109596,20.725040,-0.441932,0.389057,-0.157077,0.792880
0.8968,4882,Render,Pinky_MCP,-17.896310,1.103804,20.803700,-0.189033,0.551388,0.283583,0.761459
0.8968,4882,Render,Pinky_PIP,-17.887210,1.112601,20.766420,-0.336213,0.476155,0.058431,0.810447
0.8968,4882,Render,Pinky_DIP,-17.877310,1.108464,20.751540,-0.445855,0.375467,-0.148754,0.798818
0.8968,4882,Render,Pinky_FingerTip,-17.864400,1.097497,20.742590,-0.445855,0.375467,-0.148754,0.798818
0.9111,4883,Real,Wrist,-17.874200,1.078268,20.896790,-0.028215,0.616245,0.389618,0.683845
0.9111,4883,Real,Thumb_CMC,-17.848690,1.108669,20.871010,0.479416,0.425019,-0.257367,0.723382
0.9111,4883,Real,Thumb_MCP,-17.826460,1.110214,20.833170,0.330887,0.548630,-0.461344,0.613743
0.9111,4883,Real,Thumb_IP,-17.827820,1.100250,20.785190,-0.001454,0.640686,-0.712677,0.285676
0.9111,4883,Real,Thumb_FingerTip,-17.851670,1.088592,20.774810,-0.001454,0.640686,-0.712677,0.285676
0.9111,4883,Real,Index_MCP,-17.851610,1.146229,20.807400,-0.143886,0.616076,0.195268,0.749412
0.9111,4883,Real,Index_PIP,-17.843890,1.151632,20.761520,-0.353353,0.524781,-0.083685,0.769899
0.9111,4883,Real,Index_DIP,-17.832600,1.138661,20.742080,-0.503132,0.383551,-0.326439,0.702272
0.9111,4883,Real,Index_FingerTip,-17.819350,1.115945,20.736430,-0.503132,0.383551,-0.326439,0.702272
0.9111,4883,Real,Middle_MCP,-17.875460,1.134102,20.801360,-0.202963,0.582546,0.178184,0.766614
0.9111,4883,Real,Middle_PIP,-17.861850,1.136041,20.750380,-0.434063,0.438342,-0.169347,0.768614
0.9111,4883,Real,Middle_DIP,-17.846370,1.118277,20.735770,-0.570664,0.234300,-0.455750,0.641668
0.9111,4883,Real,Middle_FingerTip,-17.832940,1.094157,20.741990,-0.570664,0.234300,-0.455750,0.641668
0.9111,4883,Real,Ring_MCP,-17.894140,1.118373,20.798550,-0.210583,0.569926,0.202659,0.767964
0.9111,4883,Real,Ring_PIP,-17.881660,1.121688,20.753850,-0.428358,0.430895,-0.134767,0.782737
0.9111,4883,Real,Ring_DIP,-17.866060,1.106405,20.739110,-0.558986,0.238110,-0.419312,0.674549
0.9111,4883,Real,Ring_FingerTip,-17.852250,1.084942,20.742920,-0.558986,0.238110,-0.419312,0.674549
0.9111,4883,Real,Pinky_MCP,-17.908670,1.101419,20.799900,-0.220069,0.559762,0.213016,0.769974
0.9111,4883,Real,Pinky_PIP,-17.897540,1.104634,20.762270,-0.432763,0.417709,-0.126182,0.788869
0.9111,4883,Real,Pinky_DIP,-17.886190,1.094349,20.752180,-0.558106,0.224235,-0.413664,0.683461
0.9111,4883,Real,Pinky_FingerTip,-17.875510,1.078721,20.755160,-0.558106,0.224235,-0.413664,0.683461
0.9111,4883,Virtual,Wrist,-17.870040,1.079762,20.899460,-0.036885,0.605443,0.396946,0.688849
0.9111,4883,Virtual,Thumb_CMC,-17.844380,1.110758,20.874550,0.481285,0.420025,-0.243244,0.729915
0.9111,4883,Virtual,Thumb_MCP,-17.821150,1.112919,20.837350,0.334160,0.544421,-0.449812,0.624190
0.9111,4883,Virtual,Thumb_IP,-17.821030,1.103226,20.789280,0.003527,0.638783,-0.708230,0.300589
0.9111,4883,Virtual,Thumb_FingerTip,-17.844380,1.091220,20.778200,0.003527,0.638783,-0.708230,0.300589
0.9111,4883,Virtual,Index_MCP,-17.846220,1.148649,20.811100,-0.149695,0.603943,0.201615,0.756436
0.9111,4883,Virtual,Index_PIP,-17.837360,1.154465,20.765480,-0.354473,0.511376,-0.080247,0.778720
0.9111,4883,Virtual,Index_DIP,-17.825310,1.141811,20.746280,-0.499889,0.370496,-0.326015,0.711730
0.9111,4883,Virtual,Index_FingerTip,-17.811510,1.119363,20.740870,-0.499889,0.370496,-0.326015,0.711730
0.9111,4883,Virtual,Middle_MCP,-17.869680,1.136147,20.804340,-0.208188,0.569718,0.183779,0.773501
0.9111,4883,Virtual,Middle_PIP,-17.854720,1.138634,20.753770,-0.433254,0.424515,-0.167264,0.777240
0.9111,4883,Virtual,Middle_DIP,-17.838550,1.121230,20.739490,-0.564526,0.221884,-0.457196,0.650423
0.9111,4883,Virtual,Middle_FingerTip,-17.824860,1.097310,20.745930,-0.564526,0.221884,-0.457196,0.650423
0.9111,4883,Virtual,Ring_MCP,-17.888000,1.120114,20.800940,-0.216027,0.556944,0.208121,0.774488
0.9111,4883,Virtual,Ring_PIP,-17.874370,1.123918,20.756600,-0.427915,0.416825,-0.132510,0.790941
0.9111,4883,Virtual,Ring_DIP,-17.858100,1.108999,20.742220,-0.553283,0.225240,-0.420306,0.683000
0.9111,4883,Virtual,Ring_FingerTip,-17.844030,1.087755,20.746280,-0.553283,0.225240,-0.420306,0.683000
0.9111,4883,Virtual,Pinky_MCP,-17.902270,1.102903,20.801790,-0.225559,0.546641,0.218335,0.776297
0.9111,4883,Virtual,Pinky_PIP,-17.890170,1.106540,20.764500,-0.432304,0.403493,-0.123971,0.796830
0.9111,4883,Virtual,Pinky_DIP,-17.878370,1.096516,20.754670,-0.552333,0.211236,-0.414610,0.691669
0.9111,4883,Virtual,Pinky_FingerTip,-17.867510,1.081057,20.757840,-0.552333,0.211236,-0.414610,0.691669
0.9111,4883,Render,Wrist,-17.870040,1.079762,20.899460,-0.036885,0.605443,0.396946,0.688849
0.9111,4883,Render,Thumb_CMC,-17.844380,1.110758,20.874550,0.437151,0.430012,-0.205909,0.762621
0.9111,4883,Render,Thumb_MCP,-17.820430,1.113476,20.837850,0.363691,0.493700,-0.323856,0.720490
0.9111,4883,Render,Thumb_IP,-17.805580,1.108202,20.791420,0.182141,0.585522,-0.541767,0.574872
0.9111,4883,Render,Thumb_FingerTip,-17.813350,1.096529,20.766610,0.182141,0.585522,-0.541767,0.574872
0.9111,4883,Render,Index_MCP,-17.846220,1.148649,20.811100,-0.123092,0.609921,0.234561,0.746877
0.9111,4883,Render,Index_PIP,-17.839380,1.158025,20.765730,-0.280689,0.555310,0.027733,0.782353
0.9111,4883,Render,Index_DIP,-17.829480,1.151060,20.742770,-0.405579,0.471870,-0.160548,0.766204
0.9111,4883,Render,Index_FingerTip,-17.815940,1.134145,20.726820,-0.405579,0.471870,-0.160548,0.766204
0.9111,4883,Render,Middle_MCP,-17.869680,1.136147,20.804340,-0.149494,0.587855,0.261075,0.750945
0.9111,4883,Render,Middle_PIP,-17.860570,1.147572,20.753600,-0.300260,0.527035,0.052246,0.793315
0.9111,4883,Render,Middle_DIP,-17.848400,1.141096,20.729550,-0.417787,0.439745,-0.139347,0.782727
0.9111,4883,Render,Middle_FingerTip,-17.832150,1.124525,20.713370,-0.417787,0.439745,-0.139347,0.782727
0.9111,4883,Render,Ring_MCP,-17.888000,1.120114,20.800940,-0.171515,0.572221,0.268443,0.755701
0.9111,4883,Render,Ring_PIP,-17.878640,1.129861,20.756400,-0.325247,0.501068,0.045516,0.800671
0.9111,4883,Render,Ring_DIP,-17.865640,1.123194,20.734490,-0.441557,0.402345,-0.158772,0.786090
0.9111,4883,Render,Ring_FingerTip,-17.849490,1.107587,20.721780,-0.441557,0.402345,-0.158772,0.786090
0.9111,4883,Render,Pinky_MCP,-17.902270,1.102903,20.801790,-0.181827,0.562700,0.278768,0.756701
0.9111,4883,Render,Pinky_PIP,-17.893940,1.111457,20.764270,-0.332473,0.489034,0.055145,0.804529
0.9111,4883,Render,Pinky_DIP,-17.884490,1.107119,20.749160,-0.445499,0.388875,-0.150434,0.792261
0.9111,4883,Render,Pinky_FingerTip,-17.871990,1.095914,20.739920,-0.445499,0.388875,-0.150434,0.792261
0.9250,4884,Real,Wrist,-17.878430,1.076056,20.894090,-0.023404,0.627795,0.381127,0.678283
0.9250,4884,Real,Thumb_CMC,-17.853180,1.105758,20.867260,0.471869,0.431196,-0.275252,0.718085
0.9250,4884,Real,Thumb_MCP,-17.832260,1.106269,20.828650,0.320106,0.553284,-0.478729,0.601855
0.9250,4884,Real,Thumb_IP,-17.835720,1.095382,20.780970,-0.016698,0.638993,-0.722874,0.262417
0.9250,4884,Real,Thumb_FingerTip,-17.860280,1.083962,20.772110,-0.016698,0.638993,-0.722874,0.262417
0.9250,4884,Real,Index_MCP,-17.857240,1.142523,20.803240,-0.144488,0.627430,0.184922,0.742468
0.9250,4884,Real,Index_PIP,-17.850490,1.146892,20.757110,-0.360803,0.533261,-0.094946,0.759236
0.9250,4884,Real,Index_DIP,-17.839760,1.133162,20.737870,-0.514775,0.386720,-0.336986,0.686946
0.9250,4884,Real,Index_FingerTip,-17.827020,1.109997,20.732910,-0.514775,0.386720,-0.336986,0.686946
0.9250,4884,Real,Middle_MCP,-17.881410,1.130655,20.797990,-0.206810,0.593215,0.165036,0.760321
0.9250,4884,Real,Middle_PIP,-17.868650,1.130950,20.746750,-0.447509,0.440920,-0.187673,0.755053
0.9250,4884,Real,Middle_DIP,-17.853660,1.112155,20.732950,-0.586542,0.225041,-0.474095,0.616895
0.9250,4884,Real,Middle_FingerTip,-17.840940,1.088131,20.740830,-0.586542,0.225041,-0.474095,0.616895
0.9250,4884,Real,Ring_MCP,-17.900370,1.115154,20.795870,-0.214355,0.580672,0.189331,0.762251
0.9250,4884,Real,Ring_PIP,-17.888550,1.117001,20.750900,-0.441912,0.433407,-0.154516,0.770064
0.9250,4884,Real,Ring_DIP,-17.873360,1.100641,20.736910,-0.575197,0.228641,-0.440463,0.650281
0.9250,4884,Real,Ring_FingerTip,-17.860270,1.079075,20.742310,-0.575197,0.228641,-0.440463,0.650281
0.9250,4884,Real,Pinky_MCP,-17.915090,1.098424,20.797820,-0.223697,0.570583,0.199843,0.764498
0.9250,4884,Real,Pinky_PIP,-17.904500,1.100404,20.759950,-0.446048,0.420294,-0.145972,0.776587
0.9250,4884,Real,Pinky_DIP,-17.893420,1.089367,20.750370,-0.573936,0.214948,-0.435109,0.659602
0.9250,4884,Real,Pinky_FingerTip,-17.883290,1.073643,20.754500,-0.573936,0.214948,-0.435109,0.659602
0.9250,4884,Virtual,Wrist,-17.874210,1.078267,20.896800,-0.028216,0.616244,0.389618,0.683846
0.9250,4884,Virtual,Thumb_CMC,-17.848700,1.108669,20.871010,0.477127,0.426919,-0.261277,0.722375
0.9250,4884,Virtual,Thumb_MCP,-17.826790,1.109982,20.832980,0.326407,0.550788,-0.466695,0.610153
0.9250,4884,Virtual,Thumb_IP,-17.828870,1.099688,20.785080,-0.010022,0.640163,-0.716962,0.275785
0.9250,4884,Virtual,Thumb_FingerTip,-17.853030,1.088052,20.775430,-0.010022,0.640163,-0.716962,0.275785
0.9250,4884,Virtual,Index_MCP,-17.851620,1.146228,20.807400,-0.146315,0.615503,0.192311,0.750176
0.9250,4884,Virtual,Index_PIP,-17.843730,1.151305,20.761520,-0.358210,0.521477,-0.090830,0.769089
0.9250,4884,Virtual,Index_DIP,-17.832320,1.137982,20.742390,-0.508486,0.376422,-0.336302,0.697602
0.9250,4884,Virtual,Index_FingerTip,-17.819130,1.115062,20.737460,-0.508486,0.376422,-0.336302,0.697602
0.9250,4884,Virtual,Middle_MCP,-17.875470,1.134101,20.801360,-0.208016,0.580760,0.171518,0.768133
0.9250,4884,Virtual,Middle_PIP,-17.861390,1.135256,20.750480,-0.443091,0.429213,-0.185307,0.764924
0.9250,4884,Virtual,Middle_DIP,-17.845790,1.116855,20.736830,-0.577809,0.216080,-0.475875,0.626889
0.9250,4884,Virtual,Middle_FingerTip,-17.832950,1.092904,20.744730,-0.577809,0.216080,-0.475875,0.626889
0.9250,4884,Virtual,Ring_MCP,-17.894150,1.118372,20.798550,-0.215775,0.567981,0.195643,0.769781
0.9250,4884,Virtual,Ring_PIP,-17.881200,1.120982,20.753930,-0.437773,0.421326,-0.152027,0.779569
0.9250,4884,Virtual,Ring_DIP,-17.865430,1.105020,20.740130,-0.566706,0.219102,-0.441846,0.660009
0.9250,4884,Virtual,Ring_FingerTip,-17.852180,1.083565,20.745590,-0.566706,0.219102,-0.441846,0.660009
0.9250,4884,Virtual,Pinky_MCP,-17.908690,1.101418,20.799900,-0.225168,0.557730,0.205981,0.771886
0.9250,4884,Virtual,Pinky_PIP,-17.897150,1.104049,20.762350,-0.441885,0.408045,-0.143579,0.785889
0.9250,4884,Virtual,Pinky_DIP,-17.885660,1.093293,20.752910,-0.565358,0.205265,-0.436502,0.669106
0.9250,4884,Virtual,Pinky_FingerTip,-17.875420,1.077655,20.757100,-0.565358,0.205265,-0.436502,0.669106
0.9250,4884,Render,Wrist,-17.874210,1.078267,20.896800,-0.028216,0.616244,0.389618,0.683846
0.9250,4884,Render,Thumb_CMC,-17.848700,1.108669,20.871010,0.435788,0.435944,-0.219749,0.756143
0.9250,4884,Render,Thumb_MCP,-17.825720,1.110760,20.833650,0.361408,0.499343,-0.336499,0.711906
0.9250,4884,Render,Thumb_IP,-17.812240,1.104966,20.786870,0.178137,0.590107,-0.550905,0.562624
0.9250,4884,Render,Thumb_FingerTip,-17.820890,1.093291,20.762350,0.178137,0.590107,-0.550905,0.562624
0.9250,4884,Render,Index_MCP,-17.851620,1.146228,20.807400,-0.116758,0.621788,0.227912,0.740138
0.9250,4884,Render,Index_PIP,-17.845860,1.155227,20.761800,-0.277735,0.568433,0.023113,0.774089
0.9250,4884,Render,Index_DIP,-17.836710,1.147961,20.738630,-0.405855,0.485318,-0.163053,0.757075
0.9250,4884,Render,Index_FingerTip,-17.823910,1.130722,20.722420,-0.405855,0.485318,-0.163053,0.757075
0.9250,4884,Render,Middle_MCP,-17.875470,1.134101,20.801360,-0.142999,0.600087,0.254812,0.744660
0.9250,4884,Render,Middle_PIP,-17.867550,1.145078,20.750320,-0.297247,0.540553,0.047877,0.785592
0.9250,4884,Render,Middle_DIP,-17.856160,1.138255,20.725990,-0.418101,0.453591,-0.141738,0.774182
0.9250,4884,Render,Middle_FingerTip,-17.840640,1.121311,20.709470,-0.418101,0.453591,-0.141738,0.774182
0.9250,4884,Render,Ring_MCP,-17.894150,1.118372,20.798550,-0.165066,0.584734,0.262483,0.749628
0.9250,4884,Render,Ring_PIP,-17.885850,1.127702,20.753720,-0.322570,0.514888,0.041501,0.793169
0.9250,4884,Render,Ring_DIP,-17.873560,1.120685,20.731500,-0.442468,0.416393,-0.160756,0.777816
0.9250,4884,Render,Ring_FingerTip,-17.858040,1.104726,20.718460,-0.442468,0.416393,-0.160756,0.777816
0.9250,4884,Render,Pinky_MCP,-17.908690,1.101418,20.799900,-0.175322,0.575348,0.272967,0.750817
0.9250,4884,Render,Pinky_PIP,-17.901240,1.109613,20.762120,-0.329780,0.503000,0.051229,0.797253
0.9250,4884,Render,Pinky_DIP,-17.892280,1.105025,20.746780,-0.446431,0.403067,-0.152379,0.784231
0.9250,4884,Render,Pinky_FingerTip,-17.880240,1.093552,20.737280,-0.446431,0.403067,-0.152379,0.784231
0.9384,4885,Real,Wrist,-17.882190,1.074439,20.891570,-0.019165,0.636439,0.375425,0.673524
0.9384,4885,Real,Thumb_CMC,-17.857220,1.103670,20.863970,0.466869,0.436147,-0.287524,0.713540
0.9384,4885,Real,Thumb_MCP,-17.837270,1.103535,20.824850,0.312750,0.557117,-0.490231,0.592860
0.9384,4885,Real,Thumb_IP,-17.842250,1.092121,20.777430,-0.027235,0.638318,-0.728847,0.246151
0.9384,4885,Real,Thumb_FingerTip,-17.867250,1.080904,20.769600,-0.027235,0.638318,-0.728847,0.246151
0.9384,4885,Real,Index_MCP,-17.862240,1.139953,20.799750,-0.143509,0.636307,0.179042,0.736521
0.9384,4885,Real,Index_PIP,-17.856330,1.143751,20.753450,-0.364629,0.540858,-0.100429,0.751288
0.9384,4885,Real,Index_DIP,-17.846090,1.129597,20.734250,-0.521871,0.391321,-0.341318,0.676773
0.9384,4885,Real,Index_FingerTip,-17.833690,1.106182,20.729590,-0.521871,0.391321,-0.341318,0.676773
0.9384,4885,Real,Middle_MCP,-17.886630,1.128282,20.795100,-0.208090,0.601764,0.157486,0.754835
0.9384,4885,Real,Middle_PIP,-17.874680,1.127612,20.743660,-0.455654,0.444749,-0.197408,0.745391
0.9384,4885,Real,Middle_DIP,-17.860090,1.108220,20.730270,-0.596989,0.221419,-0.483065,0.601021
0.9384,4885,Real,Middle_FingerTip,-17.847770,1.084306,20.739060,-0.596989,0.221419,-0.483065,0.601021
0.9384,4885,Real,Ring_MCP,-17.905780,1.112954,20.793490,-0.215772,0.589207,0.181406,0.757212
0.9384,4885,Real,Ring_PIP,-17.894610,1.113906,20.748330,-0.450458,0.436818,-0.165809,0.760779
0.9384,4885,Real,Ring_DIP,-17.879770,1.096892,20.734750,-0.586077,0.224134,-0.452003,0.634012
0.9384,4885,Real,Ring_FingerTip,-17.867110,1.075326,20.741090,-0.586077,0.224134,-0.452003,0.634012
0.9384,4885,Real,Pinky_MCP,-17.920620,1.096387,20.795890,-0.225011,0.579182,0.192031,0.759633
0.9384,4885,Real,Pinky_PIP,-17.910560,1.097612,20.757840,-0.454420,0.423774,-0.157293,0.767579
0.9384,4885,Real,Pinky_DIP,-17.899720,1.086117,20.748530,-0.584582,0.210584,-0.446852,0.643616
0.9384,4885,Real,Pinky_FingerTip,-17.889910,1.070380,20.753350,-0.584582,0.210584,-0.446852,0.643616
0.9384,4885,Virtual,Wrist,-17.878430,1.076055,20.894100,-0.023404,0.627795,0.381127,0.678283
0.9384,4885,Virtual,Thumb_CMC,-17.853190,1.105757,20.867260,0.470594,0.432219,-0.277377,0.717489
0.9384,4885,Virtual,Thumb_MCP,-17.832440,1.106142,20.828560,0.317489,0.554502,-0.481758,0.599698
0.9384,4885,Virtual,Thumb_IP,-17.836320,1.095075,20.780950,-0.021829,0.638588,-0.725242,0.256424
0.9384,4885,Virtual,Thumb_FingerTip,-17.861050,1.083680,20.772520,-0.021829,0.638588,-0.725242,0.256424
0.9384,4885,Virtual,Index_MCP,-17.857250,1.142522,20.803250,-0.145450,0.627208,0.183783,0.742751
0.9384,4885,Virtual,Index_PIP,-17.850430,1.146763,20.757110,-0.363136,0.531675,-0.098272,0.758813
0.9384,4885,Virtual,Index_DIP,-17.839650,1.132869,20.738020,-0.517448,0.383136,-0.341749,0.684589
0.9384,4885,Virtual,Index_FingerTip,-17.826920,1.109616,20.733430,-0.517448,0.383136,-0.341749,0.684589
0.9384,4885,Virtual,Middle_MCP,-17.881420,1.130654,20.798000,-0.209559,0.592250,0.161509,0.761079
0.9384,4885,Virtual,Middle_PIP,-17.868410,1.130528,20.746810,-0.452704,0.435585,-0.196609,0.752775
0.9384,4885,Virtual,Middle_DIP,-17.853350,1.111391,20.733570,-0.590572,0.214242,-0.485333,0.608094
0.9384,4885,Virtual,Middle_FingerTip,-17.840980,1.087526,20.742420,-0.590572,0.214242,-0.485333,0.608094
0.9384,4885,Virtual,Ring_MCP,-17.900380,1.115153,20.795880,-0.217416,0.579533,0.185307,0.763239
0.9384,4885,Virtual,Ring_PIP,-17.888290,1.116589,20.750960,-0.447732,0.427391,-0.164916,0.767903
0.9384,4885,Virtual,Ring_DIP,-17.873000,1.099835,20.737550,-0.579859,0.216543,-0.453987,0.640912
0.9384,4885,Virtual,Ring_FingerTip,-17.860260,1.078342,20.743980,-0.579859,0.216543,-0.453987,0.640912
0.9384,4885,Virtual,Pinky_MCP,-17.915100,1.098423,20.797830,-0.226704,0.569395,0.195807,0.765542
0.9384,4885,Virtual,Pinky_PIP,-17.904280,1.100062,20.760010,-0.451691,0.414224,-0.156461,0.774542
0.9384,4885,Virtual,Pinky_DIP,-17.893120,1.088751,20.750830,-0.578312,0.202880,-0.448829,0.650344
0.9384,4885,Virtual,Pinky_FingerTip,-17.883260,1.073071,20.755720,-0.578312,0.202880,-0.448829,0.650344
0.9384,4885,Render,Wrist,-17.878430,1.076055,20.894100,-0.023404,0.627795,0.381127,0.678283
0.9384,4885,Render,Thumb_CMC,-17.853190,1.105757,20.867260,0.430914,0.441218,-0.233487,0.751747
0.9384,4885,Render,Thumb_MCP,-17.831170,1.107039,20.829300,0.355762,0.503780,-0.349369,0.705394
0.9384,4885,Render,Thumb_IP,-17.818990,1.100448,20.782260,0.171349,0.592453,-0.560936,0.552260
0.9384,4885,Render,Thumb_FingerTip,-17.828430,1.088577,20.758130,0.171349,0.592453,-0.560936,0.552260
0.9384,4885,Render,Index_MCP,-17.857250,1.142522,20.803250,-0.114364,0.633614,0.220163,0.732791
0.9384,4885,Render,Index_PIP,-17.852560,1.150846,20.757400,-0.278569,0.580470,0.017594,0.764948
0.9384,4885,Render,Index_DIP,-17.844110,1.143150,20.734100,-0.409549,0.496805,-0.166221,0.746877
0.9384,4885,Render,Index_FingerTip,-17.831980,1.125524,20.717800,-0.409549,0.496805,-0.166221,0.746877
0.9384,4885,Render,Middle_MCP,-17.881420,1.130654,20.798000,-0.140433,0.612334,0.247512,0.737607
0.9384,4885,Render,Middle_PIP,-17.874680,1.140853,20.746620,-0.298026,0.553042,0.042713,0.776853
0.9384,4885,Render,Middle_DIP,-17.864020,1.133555,20.722100,-0.421850,0.465530,-0.144659,0.764460
0.9384,4885,Render,Middle_FingerTip,-17.849170,1.116181,20.705410,-0.421850,0.465530,-0.144659,0.764460
0.9384,4885,Render,Ring_MCP,-17.900380,1.115153,20.795880,-0.162537,0.597251,0.255535,0.742681
0.9384,4885,Render,Ring_PIP,-17.893120,1.123781,20.750720,-0.323657,0.527611,0.036782,0.784551
0.9384,4885,Render,Ring_DIP,-17.881510,1.116304,20.728290,-0.446742,0.428427,-0.163138,0.768283
0.9384,4885,Render,Ring_FingerTip,-17.866550,1.099961,20.715070,-0.446742,0.428427,-0.163138,0.768283
0.9384,4885,Render,Pinky_MCP,-17.915100,1.098423,20.797830,-0.172729,0.588022,0.266204,0.743996
0.9384,4885,Render,Pinky_PIP,-17.908530,1.106021,20.759760,-0.330848,0.515892,0.046652,0.788808
0.9384,4885,Render,Pinky_DIP,-17.900030,1.101109,20.744260,-0.450731,0.415268,-0.154668,0.774902
0.9384,4885,Render,Pinky_FingerTip,-17.888400,1.089345,20.734600,-0.450731,0.415268,-0.154668,0.774902
0.9523,4886,Real,Wrist,-17.885630,1.073236,20.889020,-0.013979,0.643052,0.371392,0.669595
0.9523,4886,Real,Thumb_CMC,-17.860880,1.102144,20.860890,0.465180,0.439772,-0.295672,0.709074
0.9523,4886,Real,Thumb_MCP,-17.841630,1.101698,20.821420,0.310042,0.560059,-0.496642,0.586135
0.9523,4886,Real,Thumb_IP,-17.847550,1.090180,20.774130,-0.031086,0.639395,-0.730761,0.237059
0.9523,4886,Real,Thumb_FingerTip,-17.872790,1.079173,20.766790,-0.031086,0.639395,-0.730761,0.237059
0.9523,4886,Real,Index_MCP,-17.866700,1.138268,20.796640,-0.140153,0.643736,0.175822,0.731470
0.9523,4886,Real,Index_PIP,-17.861580,1.141863,20.750240,-0.364197,0.548998,-0.101597,0.745413
0.9523,4886,Real,Index_DIP,-17.851800,1.127553,20.730920,-0.524133,0.399152,-0.340493,0.670840
0.9523,4886,Real,Index_FingerTip,-17.839710,1.104008,20.726110,-0.524133,0.399152,-0.340493,0.670840
0.9523,4886,Real,Middle_MCP,-17.891270,1.126811,20.792460,-0.205112,0.609623,0.154808,0.749883
0.9523,4886,Real,Middle_PIP,-17.880250,1.125866,20.740830,-0.456512,0.453109,-0.197583,0.739764
0.9523,4886,Real,Middle_DIP,-17.866070,1.106295,20.727250,-0.601168,0.228710,-0.480940,0.595807
0.9523,4886,Real,Middle_FingerTip,-17.853830,1.082295,20.735900,-0.601168,0.228710,-0.480940,0.595807
0.9523,4886,Real,Ring_MCP,-17.910590,1.111658,20.791250,-0.212645,0.597162,0.178804,0.752469
0.9523,4886,Real,Ring_PIP,-17.900220,1.112362,20.745890,-0.451100,0.445341,-0.166091,0.755377
0.9523,4886,Real,Ring_DIP,-17.885780,1.095167,20.732110,-0.590023,0.231716,-0.450134,0.628935
0.9523,4886,Real,Ring_FingerTip,-17.873200,1.073504,20.738300,-0.590023,0.231716,-0.450134,0.628935
0.9523,4886,Real,Pinky_MCP,-17.925540,1.095239,20.793960,-0.221840,0.587220,0.189515,0.755013
0.9523,4886,Real,Pinky_PIP,-17.916150,1.096248,20.755740,-0.455059,0.432391,-0.157550,0.762324
0.9523,4886,Real,Pinky_DIP,-17.905570,1.084622,20.746280,-0.588563,0.218253,-0.445019,0.638685
0.9523,4886,Real,Pinky_FingerTip,-17.895830,1.068810,20.750970,-0.588563,0.218253,-0.445019,0.638685
0.9523,4886,Virtual,Wrist,-17.882190,1.074440,20.891570,-0.019165,0.636439,0.375425,0.673524
0.9523,4886,Virtual,Thumb_CMC,-17.857220,1.103671,20.863980,0.466869,0.436147,-0.287523,0.713540
0.9523,4886,Virtual,Thumb_MCP,-17.837280,1.103536,20.824850,0.312750,0.557117,-0.490231,0.592860
0.9523,4886,Virtual,Thumb_IP,-17.842250,1.092122,20.777430,-0.027235,0.638318,-0.728848,0.246151
0.9523,4886,Virtual,Thumb_FingerTip,-17.867250,1.080905,20.769610,-0.027235,0.638318,-0.728848,0.246151
0.9523,4886,Virtual,Index_MCP,-17.862240,1.139954,20.799750,-0.143509,0.636307,0.179042,0.736521
0.9523,4886,Virtual,Index_PIP,-17.856340,1.143752,20.753460,-0.364629,0.540858,-0.100429,0.751288
0.9523,4886,Virtual,Index_DIP,-17.846090,1.129598,20.734260,-0.521871,0.391321,-0.341318,0.676773
0.9523,4886,Virtual,Index_FingerTip,-17.833700,1.106183,20.729600,-0.521871,0.391321,-0.341318,0.676773
0.9523,4886,Virtual,Middle_MCP,-17.886630,1.128283,20.795100,-0.208090,0.601764,0.157486,0.754835
0.9523,4886,Virtual,Middle_PIP,-17.874690,1.127613,20.743670,-0.455654,0.444749,-0.197408,0.745392
0.9523,4886,Virtual,Middle_DIP,-17.860090,1.108221,20.730270,-0.596989,0.221419,-0.483065,0.601021
0.9523,4886,Virtual,Middle_FingerTip,-17.847780,1.084307,20.739070,-0.596989,0.221419,-0.483065,0.601021
0.9523,4886,Virtual,Ring_MCP,-17.905780,1.112955,20.793500,-0.215772,0.589207,0.181406,0.757212
0.9523,4886,Virtual,Ring_PIP,-17.894620,1.113907,20.748340,-0.450458,0.436818,-0.165809,0.760780
0.9523,4886,Virtual,Ring_DIP,-17.879770,1.096893,20.734760,-0.586077,0.224134,-0.452003,0.634012
0.9523,4886,Virtual,Ring_FingerTip,-17.867110,1.075327,20.741100,-0.586077,0.224134,-0.452003,0.634012
0.9523,4886,Virtual,Pinky_MCP,-17.920620,1.096388,20.795890,-0.225011,0.579183,0.192031,0.759633
0.9523,4886,Virtual,Pinky_PIP,-17.910560,1.097613,20.757850,-0.454420,0.423774,-0.157293,0.767579
0.9523,4886,Virtual,Pinky_DIP,-17.899720,1.086118,20.748540,-0.584582,0.210584,-0.446852,0.643616
0.9523,4886,Virtual,Pinky_FingerTip,-17.889910,1.070381,20.753350,-0.584582,0.210584,-0.446852,0.643616
0.9523,4886,Render,Wrist,-17.882190,1.074440,20.891570,-0.019165,0.636439,0.375425,0.673524
0.9523,4886,Render,Thumb_CMC,-17.857220,1.103671,20.863980,0.427550,0.445875,-0.243432,0.747755
0.9523,4886,Render,Thumb_MCP,-17.835980,1.104427,20.825550,0.351703,0.507847,-0.358558,0.699881
0.9523,4886,Render,Thumb_IP,-17.824840,1.097334,20.778330,0.166184,0.594968,-0.567815,0.544043
0.9523,4886,Render,Thumb_FingerTip,-17.834900,1.085361,20.754510,0.166184,0.594968,-0.567815,0.544043
0.9523,4886,Render,Index_MCP,-17.862240,1.139954,20.799750,-0.111976,0.642606,0.215122,0.726802
0.9523,4886,Render,Index_PIP,-17.858430,1.147858,20.753750,-0.278656,0.589773,0.014325,0.757835
0.9523,4886,Render,Index_DIP,-17.850540,1.139890,20.730340,-0.411863,0.505817,-0.167691,0.739188
0.9523,4886,Render,Index_FingerTip,-17.838910,1.122013,20.713950,-0.411863,0.505817,-0.167691,0.739188
0.9523,4886,Render,Middle_MCP,-17.886630,1.128283,20.795100,-0.137886,0.621618,0.242801,0.731865
0.9523,4886,Render,Middle_PIP,-17.880860,1.137998,20.743520,-0.298036,0.562669,0.039696,0.770067
0.9523,4886,Render,Middle_DIP,-17.870780,1.130396,20.718840,-0.424166,0.474874,-0.145961,0.757149
0.9523,4886,Render,Middle_FingerTip,-17.856450,1.112741,20.701990,-0.424166,0.474874,-0.145961,0.757149
0.9523,4886,Render,Ring_MCP,-17.905780,1.112955,20.793500,-0.160000,0.606731,0.251089,0.737043
0.9523,4886,Render,Ring_PIP,-17.899370,1.121144,20.748140,-0.323883,0.537422,0.034098,0.777892
0.9523,4886,Render,Ring_DIP,-17.888310,1.113370,20.725530,-0.449445,0.437860,-0.164048,0.761161
0.9523,4886,Render,Ring_FingerTip,-17.873790,1.096772,20.712140,-0.449445,0.437860,-0.164048,0.761161
0.9523,4886,Render,Pinky_MCP,-17.920620,1.096388,20.795890,-0.170132,0.597610,0.261894,0.738464
0.9523,4886,Render,Pinky_PIP,-17.914770,1.103611,20.757640,-0.331047,0.525823,0.044069,0.782289
0.9523,4886,Render,Pinky_DIP,-17.906640,1.098489,20.742010,-0.453438,0.424825,-0.155515,0.767941
0.9523,4886,Render,Pinky_FingerTip,-17.895330,1.086532,20.732210,-0.453438,0.424825,-0.155515,0.767941
0.9663,4887,Real,Wrist,-17.888820,1.072166,20.886400,-0.009359,0.647306,0.369234,0.666763
0.9663,4887,Real,Thumb_CMC,-17.864240,1.100910,20.857960,0.464855,0.442700,-0.301010,0.705209
0.9663,4887,Real,Thumb_MCP,-17.845500,1.100340,20.818250,0.308845,0.562751,-0.500559,0.580833
0.9663,4887,Real,Thumb_IP,-17.852090,1.088873,20.771040,-0.033520,0.641054,-0.731301,0.230489
0.9663,4887,Real,Thumb_FingerTip,-17.877500,1.078041,20.764020,-0.033520,0.641054,-0.731301,0.230489
0.9663,4887,Real,Index_MCP,-17.870620,1.137087,20.793800,-0.136765,0.648832,0.174259,0.727974
0.9663,4887,Real,Index_PIP,-17.866070,1.140657,20.747330,-0.362889,0.554977,-0.101784,0.741588
0.9663,4887,Real,Index_DIP,-17.856640,1.126284,20.727880,-0.524859,0.405229,-0.339416,0.667165
0.9663,4887,Real,Index_FingerTip,-17.844770,1.102658,20.722920,-0.524859,0.405229,-0.339416,0.667165
0.9663,4887,Real,Middle_MCP,-17.895320,1.125799,20.789930,-0.201971,0.615062,0.153593,0.746536
0.9663,4887,Real,Middle_PIP,-17.884960,1.124789,20.738160,-0.456141,0.459379,-0.197171,0.736227
0.9663,4887,Real,Middle_DIP,-17.871100,1.105125,20.724400,-0.603374,0.234590,-0.479127,0.592743
0.9663,4887,Real,Middle_FingerTip,-17.858910,1.081040,20.732890,-0.603374,0.234590,-0.479127,0.592743
0.9663,4887,Real,Ring_MCP,-17.914760,1.110779,20.788960,-0.209393,0.602641,0.177625,0.749285
0.9663,4887,Real,Ring_PIP,-17.904960,1.111421,20.743470,-0.450554,0.451690,-0.165767,0.751997
0.9663,4887,Real,Ring_DIP,-17.890820,1.094131,20.729520,-0.592022,0.237766,-0.448506,0.625956
0.9663,4887,Real,Ring_FingerTip,-17.878310,1.072381,20.735530,-0.592022,0.237766,-0.448506,0.625956
0.9663,4887,Real,Pinky_MCP,-17.929780,1.094462,20.791860,-0.218554,0.592746,0.188386,0.751929
0.9663,4887,Real,Pinky_PIP,-17.920880,1.095415,20.753520,-0.454502,0.438796,-0.157227,0.759056
0.9663,4887,Real,Pinky_DIP,-17.910500,1.083719,20.743920,-0.590573,0.224360,-0.443435,0.635808
0.9663,4887,Real,Pinky_FingerTip,-17.900810,1.067839,20.748490,-0.590573,0.224360,-0.443435,0.635808
0.9663,4887,Virtual,Wrist,-17.885640,1.073236,20.889020,-0.013978,0.643052,0.371392,0.669595
0.9663,4887,Virtual,Thumb_CMC,-17.860890,1.102143,20.860890,0.465180,0.439773,-0.295672,0.709074
0.9663,4887,Virtual,Thumb_MCP,-17.841640,1.101697,20.821420,0.310042,0.560060,-0.496643,0.586135
0.9663,4887,Virtual,Thumb_IP,-17.847560,1.090179,20.774140,-0.031087,0.639395,-0.730761,0.237058
0.9663,4887,Virtual,Thumb_FingerTip,-17.872800,1.079172,20.766790,-0.031087,0.639395,-0.730761,0.237058
0.9663,4887,Virtual,Index_MCP,-17.866710,1.138267,20.796650,-0.140152,0.643736,0.175822,0.731470
0.9663,4887,Virtual,Index_PIP,-17.861590,1.141863,20.750240,-0.364197,0.548999,-0.101597,0.745412
0.9663,4887,Virtual,Index_DIP,-17.851810,1.127552,20.730920,-0.524133,0.399153,-0.340494,0.670839
0.9663,4887,Virtual,Index_FingerTip,-17.839720,1.104007,20.726110,-0.524133,0.399153,-0.340494,0.670839
0.9663,4887,Virtual,Middle_MCP,-17.891280,1.126811,20.792470,-0.205112,0.609623,0.154808,0.749882
0.9663,4887,Virtual,Middle_PIP,-17.880250,1.125865,20.740830,-0.456512,0.453110,-0.197583,0.739763
0.9663,4887,Virtual,Middle_DIP,-17.866080,1.106295,20.727250,-0.601168,0.228711,-0.480940,0.595807
0.9663,4887,Virtual,Middle_FingerTip,-17.853830,1.082294,20.735900,-0.601168,0.228711,-0.480940,0.595807
0.9663,4887,Virtual,Ring_MCP,-17.910590,1.111657,20.791260,-0.212644,0.597162,0.178803,0.752469
0.9663,4887,Virtual,Ring_PIP,-17.900220,1.112361,20.745900,-0.451100,0.445342,-0.166091,0.755377
0.9663,4887,Virtual,Ring_DIP,-17.885780,1.095166,20.732120,-0.590024,0.231717,-0.450134,0.628935
0.9663,4887,Virtual,Ring_FingerTip,-17.873210,1.073503,20.738300,-0.590024,0.231717,-0.450134,0.628935
0.9663,4887,Virtual,Pinky_MCP,-17.925550,1.095238,20.793960,-0.221840,0.587220,0.189515,0.755012
0.9663,4887,Virtual,Pinky_PIP,-17.916150,1.096248,20.755740,-0.455059,0.432391,-0.157550,0.762324
0.9663,4887,Virtual,Pinky_DIP,-17.905580,1.084622,20.746280,-0.588563,0.218253,-0.445019,0.638684
0.9663,4887,Virtual,Pinky_FingerTip,-17.895830,1.068809,20.750980,-0.588563,0.218253,-0.445019,0.638684
0.9663,4887,Render,Wrist,-17.885640,1.073236,20.889020,-0.013978,0.643052,0.371392,0.669595
0.9663,4887,Render,Thumb_CMC,-17.860890,1.102143,20.860890,0.426242,0.450058,-0.251411,0.743343
0.9663,4887,Render,Thumb_MCP,-17.840320,1.102578,20.822100,0.349750,0.511770,-0.365740,0.694263
0.9663,4887,Render,Thumb_IP,-17.830080,1.095231,20.774710,0.163055,0.598036,-0.572763,0.536385
0.9663,4887,Render,Thumb_FingerTip,-17.840670,1.083277,20.751100,0.163055,0.598036,-0.572763,0.536385
0.9663,4887,Render,Index_MCP,-17.866710,1.138267,20.796650,-0.108258,0.649861,0.211657,0.721916
0.9663,4887,Render,Index_PIP,-17.863630,1.145989,20.750560,-0.276998,0.597755,0.012282,0.752204
0.9663,4887,Render,Index_DIP,-17.856230,1.137873,20.727050,-0.412166,0.513964,-0.168324,0.733231
0.9663,4887,Render,Index_FingerTip,-17.845060,1.119836,20.710500,-0.412166,0.513964,-0.168324,0.733231
0.9663,4887,Render,Middle_MCP,-17.891280,1.126811,20.792470,-0.134028,0.629085,0.239574,0.727250
0.9663,4887,Render,Middle_PIP,-17.886330,1.136307,20.740760,-0.296300,0.570893,0.037811,0.764761
0.9663,4887,Render,Middle_DIP,-17.876760,1.128532,20.715930,-0.424450,0.483274,-0.146521,0.751545
0.9663,4887,Render,Middle_FingerTip,-17.862890,1.110690,20.698900,-0.424450,0.483274,-0.146521,0.751545
0.9663,4887,Render,Ring_MCP,-17.910590,1.111657,20.791260,-0.156146,0.614361,0.248057,0.732562
0.9663,4887,Render,Ring_PIP,-17.904910,1.119642,20.745770,-0.322325,0.545827,0.032445,0.772740
0.9663,4887,Render,Ring_DIP,-17.894330,1.111693,20.722990,-0.450068,0.446385,-0.164342,0.755759
0.9663,4887,Render,Ring_FingerTip,-17.880200,1.094917,20.709400,-0.450068,0.446385,-0.164342,0.755759
0.9663,4887,Render,Pinky_MCP,-17.925550,1.095238,20.793960,-0.166227,0.605318,0.258959,0.734098
0.9663,4887,Render,Pinky_PIP,-17.920300,1.102285,20.755590,-0.329462,0.534318,0.042477,0.777274
0.9663,4887,Render,Pinky_DIP,-17.912500,1.097037,20.739830,-0.454057,0.433444,-0.155785,0.762687
0.9663,4887,Render,Pinky_FingerTip,-17.901470,1.084944,20.729880,-0.454057,0.433444,-0.155785,0.762687
0.9800,4888,Real,Wrist,-17.891960,1.070697,20.883930,-0.006979,0.653166,0.364928,0.663440
0.9800,4888,Real,Thumb_CMC,-17.867590,1.099087,20.854960,0.461803,0.445020,-0.307993,0.702734
0.9800,4888,Real,Thumb_MCP,-17.849400,1.098128,20.815000,0.305233,0.564037,-0.506463,0.576360
0.9800,4888,Real,Thumb_IP,-17.856720,1.086386,20.767970,-0.037269,0.640247,-0.733968,0.223578
0.9800,4888,Real,Thumb_FingerTip,-17.882290,1.075672,20.761360,-0.037269,0.640247,-0.733968,0.223578
0.9800,4888,Real,Index_MCP,-17.874630,1.134871,20.790650,-0.135928,0.654865,0.170635,0.723574
0.9800,4888,Real,Index_PIP,-17.870690,1.138098,20.744100,-0.364299,0.560902,-0.103565,0.736173
0.9800,4888,Real,Index_DIP,-17.861630,1.123533,20.724620,-0.528135,0.410364,-0.339322,0.661466
0.9800,4888,Real,Index_FingerTip,-17.849980,1.099797,20.719660,-0.528135,0.410364,-0.339322,0.661466
0.9800,4888,Real,Middle_MCP,-17.899450,1.123720,20.787200,-0.201447,0.621365,0.150473,0.742080
0.9800,4888,Real,Middle_PIP,-17.889820,1.122293,20.735300,-0.458497,0.465248,-0.197963,0.730846
0.9800,4888,Real,Middle_DIP,-17.876260,1.102446,20.721480,-0.607910,0.238998,-0.477666,0.587504
0.9800,4888,Real,Middle_FingerTip,-17.864110,1.078340,20.729970,-0.607910,0.238998,-0.477666,0.587504
0.9800,4888,Real,Ring_MCP,-17.918990,1.108820,20.786600,-0.208753,0.609069,0.174590,0.744967
0.9800,4888,Real,Ring_PIP,-17.909820,1.109092,20.740980,-0.452772,0.457756,-0.166624,0.746789
0.9800,4888,Real,Ring_DIP,-17.895980,1.091615,20.726940,-0.596449,0.242470,-0.447243,0.620831
0.9800,4888,Real,Ring_FingerTip,-17.883530,1.069825,20.732940,-0.596449,0.242470,-0.447243,0.620831
0.9800,4888,Real,Pinky_MCP,-17.934080,1.092622,20.789810,-0.217881,0.599259,0.185438,0.747683
0.9800,4888,Real,Pinky_PIP,-17.925700,1.093258,20.751350,-0.456727,0.444954,-0.158036,0.753951
0.9800,4888,Real,Pinky_DIP,-17.915530,1.081430,20.741690,-0.595043,0.229144,-0.442168,0.630797
0.9800,4888,Real,Pinky_FingerTip,-17.905880,1.065518,20.746230,-0.595043,0.229144,-0.442168,0.630797
0.9800,4888,Virtual,Wrist,-17.888820,1.072166,20.886410,-0.009359,0.647307,0.369234,0.666763
0.9800,4888,Virtual,Thumb_CMC,-17.864240,1.100910,20.857970,0.464856,0.442700,-0.301010,0.705209
0.9800,4888,Virtual,Thumb_MCP,-17.845500,1.100341,20.818260,0.308845,0.562751,-0.500558,0.580833
0.9800,4888,Virtual,Thumb_IP,-17.852090,1.088874,20.771050,-0.033521,0.641054,-0.731301,0.230489
0.9800,4888,Virtual,Thumb_FingerTip,-17.877490,1.078041,20.764020,-0.033521,0.641054,-0.731301,0.230489
0.9800,4888,Virtual,Index_MCP,-17.870620,1.137087,20.793810,-0.136765,0.648832,0.174260,0.727974
0.9800,4888,Virtual,Index_PIP,-17.866070,1.140657,20.747340,-0.362889,0.554977,-0.101784,0.741588
0.9800,4888,Virtual,Index_DIP,-17.856640,1.126284,20.727890,-0.524859,0.405230,-0.339416,0.667165
0.9800,4888,Virtual,Index_FingerTip,-17.844770,1.102658,20.722930,-0.524859,0.405230,-0.339416,0.667165
0.9800,4888,Virtual,Middle_MCP,-17.895330,1.125800,20.789930,-0.201971,0.615062,0.153593,0.746536
0.9800,4888,Virtual,Middle_PIP,-17.884960,1.124790,20.738170,-0.456141,0.459379,-0.197171,0.736228
0.9800,4888,Virtual,Middle_DIP,-17.871100,1.105126,20.724400,-0.603374,0.234591,-0.479127,0.592743
0.9800,4888,Virtual,Middle_FingerTip,-17.858910,1.081040,20.732890,-0.603374,0.234591,-0.479127,0.592743
0.9800,4888,Virtual,Ring_MCP,-17.914760,1.110779,20.788970,-0.209393,0.602641,0.177626,0.749285
0.9800,4888,Virtual,Ring_PIP,-17.904960,1.111422,20.743480,-0.450554,0.451690,-0.165767,0.751997
0.9800,4888,Virtual,Ring_DIP,-17.890820,1.094131,20.729520,-0.592021,0.237766,-0.448506,0.625956
0.9800,4888,Virtual,Ring_FingerTip,-17.878310,1.072381,20.735540,-0.592021,0.237766,-0.448506,0.625956
0.9800,4888,Virtual,Pinky_MCP,-17.929790,1.094462,20.791870,-0.218554,0.592746,0.188386,0.751929
0.9800,4888,Virtual,Pinky_PIP,-17.920880,1.095416,20.753530,-0.454502,0.438796,-0.157227,0.759056
0.9800,4888,Virtual,Pinky_DIP,-17.910500,1.083719,20.743930,-0.590573,0.224360,-0.443435,0.635808
0.9800,4888,Virtual,Pinky_FingerTip,-17.900800,1.067840,20.748500,-0.590573,0.224360,-0.443435,0.635808
0.9800,4888,Render,Wrist,-17.888820,1.072166,20.886410,-0.009359,0.647307,0.369234,0.666763
0.9800,4888,Render,Thumb_CMC,-17.864240,1.100910,20.857970,0.426238,0.453332,-0.256619,0.739566
0.9800,4888,Render,Thumb_MCP,-17.844160,1.101212,20.818920,0.349229,0.515003,-0.370285,0.689711
0.9800,4888,Render,Thumb_IP,-17.834580,1.093805,20.771400,0.161504,0.600920,-0.575569,0.530596
0.9800,4888,Render,Thumb_FingerTip,-17.845550,1.081930,20.747930,0.161504,0.600920,-0.575569,0.530596
0.9800,4888,Render,Index_MCP,-17.870620,1.137087,20.793810,-0.104623,0.654784,0.209924,0.718501
0.9800,4888,Render,Index_PIP,-17.868080,1.144797,20.747690,-0.274801,0.603467,0.011518,0.748451
0.9800,4888,Render,Index_DIP,-17.861040,1.136636,20.724080,-0.411402,0.520035,-0.168167,0.729405
0.9800,4888,Render,Index_FingerTip,-17.850210,1.118526,20.707390,-0.411402,0.520035,-0.168167,0.729405
0.9800,4888,Render,Middle_MCP,-17.895330,1.125800,20.789930,-0.130285,0.634129,0.237984,0.724065
0.9800,4888,Render,Middle_PIP,-17.890970,1.135273,20.738170,-0.294031,0.576749,0.037124,0.761268
0.9800,4888,Render,Middle_DIP,-17.881770,1.127438,20.713220,-0.423651,0.489503,-0.146351,0.747990
0.9800,4888,Render,Middle_FingerTip,-17.868240,1.109505,20.696010,-0.423651,0.489503,-0.146351,0.747990
0.9800,4888,Render,Ring_MCP,-17.914760,1.110779,20.788970,-0.152399,0.619513,0.246588,0.729502
0.9800,4888,Render,Ring_PIP,-17.909610,1.118734,20.743410,-0.320176,0.551824,0.031894,0.769390
0.9800,4888,Render,Ring_DIP,-17.899350,1.110718,20.720500,-0.449507,0.452731,-0.164026,0.752379
0.9800,4888,Render,Ring_FingerTip,-17.885520,1.093849,20.706730,-0.449507,0.452731,-0.164026,0.752379
0.9800,4888,Render,Pinky_MCP,-17.929790,1.094462,20.791870,-0.162441,0.610514,0.257547,0.731133
0.9800,4888,Render,Pinky_PIP,-17.924990,1.101481,20.753430,-0.327288,0.540367,0.041955,0.774032
0.9800,4888,Render,Pinky_DIP,-17.917420,1.096183,20.737580,-0.453485,0.439847,-0.155469,0.759418
0.9800,4888,Render,Pinky_FingerTip,-17.906600,1.084017,20.727480,-0.453485,0.439847,-0.155469,0.759418
0.9942,4889,Real,Wrist,-17.894580,1.068278,20.881610,-0.012982,0.659928,0.360895,0.658849
0.9942,4889,Real,Thumb_CMC,-17.870680,1.096271,20.851870,0.451578,0.447866,-0.313837,0.704982
0.9942,4889,Real,Thumb_MCP,-17.853030,1.094602,20.811690,0.293887,0.564036,-0.513470,0.576058
0.9942,4889,Real,Thumb_IP,-17.861060,1.081852,20.765030,-0.048414,0.634163,-0.740283,0.217887
0.9942,4889,Real,Thumb_FingerTip,-17.886710,1.070908,20.759200,-0.048414,0.634163,-0.740283,0.217887
0.9942,4889,Real,Index_MCP,-17.878600,1.130835,20.786990,-0.143789,0.659738,0.167136,0.718426
0.9942,4889,Real,Index_PIP,-17.875150,1.133196,20.740350,-0.373993,0.562191,-0.105737,0.729993
0.9942,4889,Real,Index_DIP,-17.866180,1.118274,20.721100,-0.538107,0.407885,-0.339977,0.654589
0.9942,4889,Real,Index_FingerTip,-17.854450,1.094492,20.716580,-0.538107,0.407885,-0.339977,0.654589
0.9942,4889,Real,Middle_MCP,-17.903390,1.119482,20.784000,-0.211004,0.625420,0.145862,0.736920
0.9942,4889,Real,Middle_PIP,-17.894140,1.116897,20.732080,-0.470947,0.462474,-0.203035,0.723259
0.9942,4889,Real,Middle_DIP,-17.880570,1.096681,20.718840,-0.619095,0.228898,-0.481563,0.576562
0.9942,4889,Real,Middle_FingerTip,-17.868360,1.072946,20.728240,-0.619095,0.228898,-0.481563,0.576562
0.9942,4889,Real,Ring_MCP,-17.922850,1.104463,20.783890,-0.218337,0.613248,0.169889,0.739861
0.9942,4889,Real,Ring_PIP,-17.914000,1.103700,20.738210,-0.465517,0.455014,-0.172365,0.739288
0.9942,4889,Real,Ring_DIP,-17.900130,1.085826,20.724710,-0.608144,0.232175,-0.452334,0.609631
0.9942,4889,Real,Ring_FingerTip,-17.887670,1.064311,20.731610,-0.608144,0.232175,-0.452334,0.609631
0.9942,4889,Real,Pinky_MCP,-17.937810,1.088241,20.787560,-0.227372,0.603496,0.180873,0.742549
0.9942,4889,Real,Pinky_PIP,-17.929690,1.088012,20.749030,-0.469350,0.442285,-0.163678,0.746528
0.9942,4889,Real,Pinky_DIP,-17.919510,1.075912,20.739740,-0.606595,0.218971,-0.447247,0.619730
0.9942,4889,Real,Pinky_FingerTip,-17.909850,1.060203,20.744930,-0.606595,0.218971,-0.447247,0.619730
0.9942,4889,Virtual,Wrist,-17.891970,1.070696,20.883940,-0.006979,0.653166,0.364928,0.663440
0.9942,4889,Virtual,Thumb_CMC,-17.867600,1.099087,20.854970,0.460918,0.445690,-0.309384,0.702280
0.9942,4889,Virtual,Thumb_MCP,-17.849530,1.098046,20.814950,0.303446,0.564806,-0.508405,0.574839
0.9942,4889,Virtual,Thumb_IP,-17.857140,1.086194,20.767990,-0.040704,0.639866,-0.735339,0.219527
0.9942,4889,Virtual,Thumb_FingerTip,-17.882790,1.075508,20.761690,-0.040704,0.639866,-0.735339,0.219527
0.9942,4889,Virtual,Index_MCP,-17.874640,1.134871,20.790660,-0.136215,0.654806,0.170318,0.723649
0.9942,4889,Virtual,Index_PIP,-17.870690,1.138060,20.744100,-0.365143,0.560353,-0.104674,0.736016
0.9942,4889,Virtual,Index_DIP,-17.861600,1.123439,20.724680,-0.529146,0.409060,-0.340953,0.660626
0.9942,4889,Virtual,Index_FingerTip,-17.849950,1.099676,20.719840,-0.529146,0.409060,-0.340953,0.660626
0.9942,4889,Virtual,Middle_MCP,-17.899460,1.123719,20.787200,-0.203244,0.620779,0.148326,0.742512
0.9942,4889,Virtual,Middle_PIP,-17.889680,1.122025,20.735340,-0.461927,0.461843,-0.203366,0.729361
0.9942,4889,Virtual,Middle_DIP,-17.876080,1.101975,20.721870,-0.610609,0.232018,-0.484365,0.581993
0.9942,4889,Virtual,Middle_FingerTip,-17.864100,1.078002,20.730960,-0.610609,0.232018,-0.484365,0.581993
0.9942,4889,Virtual,Ring_MCP,-17.919000,1.108819,20.786610,-0.210711,0.608395,0.172193,0.745525
0.9942,4889,Virtual,Ring_PIP,-17.909680,1.108836,20.741010,-0.456535,0.454004,-0.172783,0.745388
0.9942,4889,Virtual,Ring_DIP,-17.895770,1.091130,20.727340,-0.599501,0.234822,-0.455146,0.615061
0.9942,4889,Virtual,Ring_FingerTip,-17.883500,1.069420,20.733960,-0.599501,0.234822,-0.455146,0.615061
0.9942,4889,Virtual,Pinky_MCP,-17.934090,1.092621,20.789820,-0.219807,0.598555,0.183032,0.748276
0.9942,4889,Virtual,Pinky_PIP,-17.925570,1.093045,20.751390,-0.460384,0.441169,-0.164254,0.752621
0.9942,4889,Virtual,Pinky_DIP,-17.915360,1.081058,20.741980,-0.597925,0.221516,-0.450199,0.625090
0.9942,4889,Virtual,Pinky_FingerTip,-17.905850,1.065200,20.746980,-0.597925,0.221516,-0.450199,0.625090
0.9942,4889,Render,Wrist,-17.891970,1.070696,20.883940,-0.006979,0.653166,0.364928,0.663440
0.9942,4889,Render,Thumb_CMC,-17.867600,1.099087,20.854970,0.423410,0.456165,-0.263485,0.737030
0.9942,4889,Render,Thumb_MCP,-17.848060,1.098994,20.815640,0.345990,0.517353,-0.376664,0.686121
0.9942,4889,Render,Thumb_IP,-17.839190,1.091204,20.768050,0.157675,0.602081,-0.580423,0.525117
0.9942,4889,Render,Thumb_FingerTip,-17.850550,1.079243,20.744820,0.157675,0.602081,-0.580423,0.525117
0.9942,4889,Render,Index_MCP,-17.874640,1.134871,20.790660,-0.103490,0.660768,0.206087,0.714285
0.9942,4889,Render,Index_PIP,-17.872680,1.142253,20.744450,-0.275299,0.609537,0.008939,0.743368
0.9942,4889,Render,Index_DIP,-17.866010,1.133887,20.720800,-0.413340,0.525809,-0.169452,0.723852
0.9942,4889,Render,Index_FingerTip,-17.855530,1.115595,20.704100,-0.413340,0.525809,-0.169452,0.723852
0.9942,4889,Render,Middle_MCP,-17.899460,1.123719,20.787200,-0.129044,0.640330,0.234375,0.719996
0.9942,4889,Render,Middle_PIP,-17.895760,1.132814,20.735320,-0.294482,0.583057,0.034726,0.756386
0.9942,4889,Render,Middle_DIP,-17.886950,1.124751,20.710300,-0.425600,0.495520,-0.147509,0.742675
0.9942,4889,Render,Middle_FingerTip,-17.873780,1.106615,20.693020,-0.425600,0.495520,-0.147509,0.742675
0.9942,4889,Render,Ring_MCP,-17.919000,1.108819,20.786610,-0.151163,0.625854,0.243164,0.725485
0.9942,4889,Render,Ring_PIP,-17.914420,1.116433,20.740930,-0.320769,0.558256,0.029735,0.764574
0.9942,4889,Render,Ring_DIP,-17.904550,1.108196,20.717940,-0.451711,0.458803,-0.164895,0.747173
0.9942,4889,Render,Ring_FingerTip,-17.891010,1.091144,20.704090,-0.451711,0.458803,-0.164895,0.747173
0.9942,4889,Render,Pinky_MCP,-17.934090,1.092621,20.789820,-0.161164,0.616935,0.254217,0.727180
0.9942,4889,Render,Pinky_PIP,-17.929780,1.099348,20.751270,-0.327865,0.546889,0.039868,0.769303
0.9942,4889,Render,Pinky_DIP,-17.922470,1.093895,20.735350,-0.455696,0.446010,-0.156290,0.754315
0.9942,4889,Render,Pinky_FingerTip,-17.911870,1.081590,20.725190,-0.455696,0.446010,-0.156290,0.754315
1.0088,4890,Real,Wrist,-17.896180,1.065636,20.879720,-0.021075,0.663410,0.356822,0.657360
1.0088,4890,Real,Thumb_CMC,-17.872460,1.093222,20.849450,0.443497,0.446563,-0.315902,0.709999
1.0088,4890,Real,Thumb_MCP,-17.854830,1.090917,20.809300,0.286586,0.560336,-0.516963,0.580208
1.0088,4890,Real,Thumb_IP,-17.862790,1.077251,20.762890,-0.052658,0.627164,-0.745442,0.219565
1.0088,4890,Real,Thumb_FingerTip,-17.888390,1.066040,20.757280,-0.052658,0.627164,-0.745442,0.219565
1.0088,4890,Real,Index_MCP,-17.880640,1.126522,20.783950,-0.152488,0.661025,0.163301,0.716328
1.0088,4890,Real,Index_PIP,-17.877230,1.128038,20.737270,-0.382563,0.560225,-0.108546,0.726644
1.0088,4890,Real,Index_DIP,-17.868180,1.112817,20.718290,-0.545554,0.403209,-0.341527,0.650502
1.0088,4890,Real,Index_FingerTip,-17.856300,1.089030,20.714200,-0.545554,0.403209,-0.341527,0.650502
1.0088,4890,Real,Middle_MCP,-17.905360,1.114960,20.781190,-0.219769,0.626305,0.142426,0.734274
1.0088,4890,Real,Middle_PIP,-17.896130,1.111468,20.729310,-0.479165,0.459300,-0.204904,0.719346
1.0088,4890,Real,Middle_DIP,-17.882430,1.091096,20.716440,-0.625292,0.222636,-0.481665,0.572227
1.0088,4890,Real,Middle_FingerTip,-17.870070,1.067617,20.726270,-0.625292,0.222636,-0.481665,0.572227
1.0088,4890,Real,Ring_MCP,-17.924720,1.099820,20.781360,-0.227084,0.614335,0.166576,0.737074
1.0088,4890,Real,Ring_PIP,-17.915900,1.098263,20.735700,-0.473852,0.452148,-0.174117,0.735330
1.0088,4890,Real,Ring_DIP,-17.901920,1.080229,20.722530,-0.614650,0.226228,-0.452367,0.605302
1.0088,4890,Real,Ring_FingerTip,-17.889320,1.058925,20.729810,-0.614650,0.226228,-0.452367,0.605302
1.0088,4890,Real,Pinky_MCP,-17.939580,1.083575,20.785340,-0.236109,0.604658,0.177661,0.739647
1.0088,4890,Real,Pinky_PIP,-17.931490,1.082681,20.746820,-0.477710,0.439490,-0.165289,0.742510
1.0088,4890,Real,Pinky_DIP,-17.921230,1.070475,20.737750,-0.613152,0.213081,-0.447125,0.615403
1.0088,4890,Real,Pinky_FingerTip,-17.911470,1.054925,20.743230,-0.613152,0.213081,-0.447125,0.615403
1.0088,4890,Virtual,Wrist,-17.894580,1.068279,20.881610,-0.012982,0.659928,0.360895,0.658849
1.0088,4890,Virtual,Thumb_CMC,-17.870680,1.096273,20.851870,0.451578,0.447866,-0.313837,0.704982
1.0088,4890,Virtual,Thumb_MCP,-17.853040,1.094604,20.811700,0.293887,0.564036,-0.513470,0.576058
1.0088,4890,Virtual,Thumb_IP,-17.861060,1.081854,20.765030,-0.048414,0.634163,-0.740283,0.217887
1.0088,4890,Virtual,Thumb_FingerTip,-17.886720,1.070910,20.759200,-0.048414,0.634163,-0.740283,0.217887
1.0088,4890,Virtual,Index_MCP,-17.878600,1.130836,20.787000,-0.143789,0.659738,0.167136,0.718426
1.0088,4890,Virtual,Index_PIP,-17.875150,1.133198,20.740350,-0.373993,0.562191,-0.105737,0.729993
1.0088,4890,Virtual,Index_DIP,-17.866190,1.118276,20.721100,-0.538108,0.407885,-0.339977,0.654589
1.0088,4890,Virtual,Index_FingerTip,-17.854460,1.094494,20.716580,-0.538108,0.407885,-0.339977,0.654589
1.0088,4890,Virtual,Middle_MCP,-17.903390,1.119483,20.784010,-0.211004,0.625420,0.145862,0.736920
1.0088,4890,Virtual,Middle_PIP,-17.894150,1.116898,20.732080,-0.470947,0.462474,-0.203035,0.723259
1.0088,4890,Virtual,Middle_DIP,-17.880570,1.096683,20.718840,-0.619095,0.228898,-0.481563,0.576562
1.0088,4890,Virtual,Middle_FingerTip,-17.868360,1.072948,20.728240,-0.619095,0.228898,-0.481563,0.576562
1.0088,4890,Virtual,Ring_MCP,-17.922860,1.104465,20.783890,-0.218337,0.613248,0.169889,0.739861
1.0088,4890,Virtual,Ring_PIP,-17.914010,1.103702,20.738210,-0.465517,0.455014,-0.172365,0.739288
1.0088,4890,Virtual,Ring_DIP,-17.900140,1.085828,20.724720,-0.608144,0.232175,-0.452334,0.609631
1.0088,4890,Virtual,Ring_FingerTip,-17.887670,1.064313,20.731610,-0.608144,0.232175,-0.452334,0.609631
1.0088,4890,Virtual,Pinky_MCP,-17.937820,1.088243,20.787560,-0.227372,0.603497,0.180873,0.742549
1.0088,4890,Virtual,Pinky_PIP,-17.929700,1.088014,20.749030,-0.469351,0.442285,-0.163678,0.746528
1.0088,4890,Virtual,Pinky_DIP,-17.919510,1.075914,20.739740,-0.606595,0.218971,-0.447247,0.619730
1.0088,4890,Virtual,Pinky_FingerTip,-17.909860,1.060204,20.744940,-0.606595,0.218971,-0.447247,0.619730
1.0088,4890,Render,Wrist,-17.894580,1.068279,20.881610,-0.012982,0.659928,0.360895,0.658849
1.0088,4890,Render,Thumb_CMC,-17.870680,1.096273,20.851870,0.413968,0.458834,-0.267739,0.739201
1.0088,4890,Render,Thumb_MCP,-17.851560,1.095573,20.812350,0.336244,0.518496,-0.381208,0.687593
1.0088,4890,Render,Thumb_IP,-17.843140,1.086966,20.764820,0.148091,0.599972,-0.585198,0.525021
1.0088,4890,Render,Thumb_FingerTip,-17.854670,1.074518,20.741930,0.148091,0.599972,-0.585198,0.525021
1.0088,4890,Render,Index_MCP,-17.878600,1.130836,20.787000,-0.110809,0.666071,0.202649,0.709228
1.0088,4890,Render,Index_PIP,-17.877170,1.137385,20.740650,-0.283764,0.612705,0.006968,0.737579
1.0088,4890,Render,Index_DIP,-17.870710,1.128626,20.717090,-0.422317,0.526857,-0.169978,0.717759
1.0088,4890,Render,Index_FingerTip,-17.860290,1.110091,20.700610,-0.422317,0.526857,-0.169978,0.717759
1.0088,4890,Render,Middle_MCP,-17.903390,1.119483,20.784010,-0.136206,0.645849,0.231273,0.714731
1.0088,4890,Render,Middle_PIP,-17.900290,1.127650,20.731930,-0.302852,0.586476,0.033133,0.750486
1.0088,4890,Render,Middle_DIP,-17.891700,1.119182,20.706970,-0.434546,0.496833,-0.147642,0.736566
1.0088,4890,Render,Middle_FingerTip,-17.878610,1.100808,20.689890,-0.434546,0.496833,-0.147642,0.736566
1.0088,4890,Render,Ring_MCP,-17.922860,1.104465,20.783890,-0.158286,0.631419,0.240325,0.720070
1.0088,4890,Render,Ring_PIP,-17.918800,1.111269,20.738040,-0.329168,0.561598,0.028530,0.758579
1.0088,4890,Render,Ring_DIP,-17.909120,1.102669,20.715090,-0.460682,0.459909,-0.164542,0.741068
1.0088,4890,Render,Ring_FingerTip,-17.895630,1.085445,20.701420,-0.460682,0.459909,-0.164542,0.741068
1.0088,4890,Render,Pinky_MCP,-17.937820,1.088243,20.787560,-0.168218,0.622582,0.251517,0.721688
1.0088,4890,Render,Pinky_PIP,-17.933950,1.094290,20.748850,-0.336220,0.550329,0.038818,0.763274
1.0088,4890,Render,Pinky_DIP,-17.926770,1.088588,20.732960,-0.464650,0.447221,-0.155779,0.748216
1.0088,4890,Render,Pinky_FingerTip,-17.916200,1.076160,20.722910,-0.464650,0.447221,-0.155779,0.748216
1.0220,4891,Real,Wrist,-17.897770,1.063653,20.877990,-0.024450,0.665309,0.352355,0.657732
1.0220,4891,Real,Thumb_CMC,-17.873990,1.090841,20.847410,0.441188,0.443134,-0.316819,0.713170
1.0220,4891,Real,Thumb_MCP,-17.856140,1.088168,20.807380,0.285726,0.556216,-0.518491,0.583225
1.0220,4891,Real,Thumb_IP,-17.863810,1.074099,20.761050,-0.050616,0.623260,-0.748121,0.222037
1.0220,4891,Real,Thumb_FingerTip,-17.889360,1.062833,20.755320,-0.050616,0.623260,-0.748121,0.222037
1.0220,4891,Real,Index_MCP,-17.882070,1.123387,20.781530,-0.154989,0.662162,0.160016,0.715482
1.0220,4891,Real,Index_PIP,-17.878710,1.124498,20.734830,-0.386304,0.559687,-0.112588,0.724461
1.0220,4891,Real,Index_DIP,-17.869670,1.109040,20.716040,-0.549552,0.400590,-0.345663,0.646558
1.0220,4891,Real,Index_FingerTip,-17.857830,1.085172,20.712320,-0.549552,0.400590,-0.345663,0.646558
1.0220,4891,Real,Middle_MCP,-17.906810,1.111836,20.778880,-0.221314,0.627897,0.140678,0.732786
1.0220,4891,Real,Middle_PIP,-17.897730,1.108047,20.727000,-0.480897,0.460405,-0.205220,0.717391
1.0220,4891,Real,Middle_DIP,-17.884100,1.087611,20.714160,-0.627164,0.223383,-0.480744,0.570659
1.0220,4891,Real,Middle_FingerTip,-17.871710,1.064154,20.724010,-0.627164,0.223383,-0.480744,0.570659
1.0220,4891,Real,Ring_MCP,-17.926200,1.096733,20.779230,-0.228665,0.616115,0.164949,0.735464
1.0220,4891,Real,Ring_PIP,-17.917530,1.094912,20.733540,-0.475640,0.453489,-0.174199,0.733328
1.0220,4891,Real,Ring_DIP,-17.903620,1.076816,20.720390,-0.616636,0.227256,-0.451148,0.603806
1.0220,4891,Real,Ring_FingerTip,-17.890990,1.055529,20.727660,-0.616636,0.227256,-0.451148,0.603806
1.0220,4891,Real,Pinky_MCP,-17.941090,1.080562,20.783390,-0.237752,0.606543,0.176095,0.737950
1.0220,4891,Real,Pinky_PIP,-17.933130,1.079439,20.744850,-0.479610,0.440902,-0.165272,0.740449
1.0220,4891,Real,Pinky_DIP,-17.922920,1.067190,20.735770,-0.615280,0.214127,-0.445783,0.613887
1.0220,4891,Real,Pinky_FingerTip,-17.913130,1.051657,20.741250,-0.615280,0.214127,-0.445783,0.613887
1.0220,4891,Virtual,Wrist,-17.896180,1.065635,20.879730,-0.021075,0.663410,0.356822,0.657360
1.0220,4891,Virtual,Thumb_CMC,-17.872470,1.093220,20.849450,0.444874,0.445576,-0.313731,0.710720
1.0220,4891,Virtual,Thumb_MCP,-17.854640,1.091047,20.809390,0.288496,0.559662,-0.514805,0.581830
1.0220,4891,Virtual,Thumb_IP,-17.862310,1.077508,20.762890,-0.050080,0.627649,-0.744253,0.222795
1.0220,4891,Virtual,Thumb_FingerTip,-17.887840,1.066265,20.757040,-0.050080,0.627649,-0.744253,0.222795
1.0220,4891,Virtual,Index_MCP,-17.880650,1.126521,20.783950,-0.151329,0.661292,0.164556,0.716041
1.0220,4891,Virtual,Index_PIP,-17.877310,1.128184,20.737280,-0.382579,0.560215,-0.108566,0.726641
1.0220,4891,Virtual,Index_DIP,-17.868260,1.112963,20.718300,-0.546211,0.402319,-0.342587,0.649944
1.0220,4891,Virtual,Index_FingerTip,-17.856380,1.089160,20.714300,-0.546211,0.402319,-0.342587,0.649944
1.0220,4891,Virtual,Middle_MCP,-17.905370,1.114959,20.781190,-0.217526,0.627088,0.145053,0.733760
1.0220,4891,Virtual,Middle_PIP,-17.896310,1.111793,20.729260,-0.477152,0.461392,-0.201756,0.720235
1.0220,4891,Virtual,Middle_DIP,-17.882650,1.091532,20.716180,-0.624151,0.225815,-0.478746,0.574671
1.0220,4891,Virtual,Middle_FingerTip,-17.870220,1.067983,20.725750,-0.624151,0.225815,-0.478746,0.574671
1.0220,4891,Virtual,Ring_MCP,-17.924730,1.099818,20.781370,-0.224845,0.615158,0.169259,0.736463
1.0220,4891,Virtual,Ring_PIP,-17.916080,1.098547,20.735660,-0.471786,0.454304,-0.170764,0.736116
1.0220,4891,Virtual,Ring_DIP,-17.902150,1.080631,20.722290,-0.613423,0.229534,-0.449102,0.607728
1.0220,4891,Virtual,Ring_FingerTip,-17.889480,1.059282,20.729310,-0.613423,0.229534,-0.449102,0.607728
1.0220,4891,Virtual,Pinky_MCP,-17.939590,1.083574,20.785350,-0.233906,0.605514,0.180354,0.738995
1.0220,4891,Virtual,Pinky_PIP,-17.931650,1.082916,20.746790,-0.475702,0.441664,-0.161902,0.743256
1.0220,4891,Virtual,Pinky_DIP,-17.921420,1.070792,20.737580,-0.611996,0.216379,-0.443806,0.617801
1.0220,4891,Virtual,Pinky_FingerTip,-17.911600,1.055212,20.742860,-0.611996,0.216379,-0.443806,0.617801
1.0220,4891,Render,Wrist,-17.896180,1.065635,20.879730,-0.021075,0.663410,0.356822,0.657360
1.0220,4891,Render,Thumb_CMC,-17.872470,1.093220,20.849450,0.405550,0.457850,-0.269789,0.743718
1.0220,4891,Render,Thumb_MCP,-17.853360,1.091906,20.809940,0.328087,0.516194,-0.383946,0.691729
1.0220,4891,Render,Thumb_IP,-17.844920,1.082470,20.762580,0.141137,0.595129,-0.589138,0.528033
1.0220,4891,Render,Thumb_FingerTip,-17.856390,1.069526,20.739920,0.141137,0.595129,-0.589138,0.528033
1.0220,4891,Render,Index_MCP,-17.880650,1.126521,20.783950,-0.119433,0.667789,0.198714,0.707323
1.0220,4891,Render,Index_PIP,-17.879280,1.132215,20.737490,-0.292534,0.612071,0.003681,0.734697
1.0220,4891,Render,Index_DIP,-17.872770,1.123061,20.714090,-0.430680,0.524139,-0.172480,0.714174
1.0220,4891,Render,Index_FingerTip,-17.862260,1.104289,20.697950,-0.430680,0.524139,-0.172480,0.714174
1.0220,4891,Render,Middle_MCP,-17.905370,1.114959,20.781190,-0.144808,0.647756,0.227550,0.712506
1.0220,4891,Render,Middle_PIP,-17.902340,1.122175,20.728970,-0.311651,0.586029,0.030135,0.747352
1.0220,4891,Render,Middle_DIP,-17.893710,1.113298,20.704170,-0.442981,0.494292,-0.149802,0.732805
1.0220,4891,Render,Middle_FingerTip,-17.880510,1.094692,20.687420,-0.442981,0.494292,-0.149802,0.732805
1.0220,4891,Render,Ring_MCP,-17.924730,1.099818,20.781370,-0.166888,0.633342,0.236759,0.717615
1.0220,4891,Render,Ring_PIP,-17.920750,1.105794,20.735390,-0.337964,0.561030,0.025797,0.755222
1.0220,4891,Render,Ring_DIP,-17.911020,1.096831,20.712610,-0.469047,0.457131,-0.166336,0.737129
1.0220,4891,Render,Ring_FingerTip,-17.897430,1.079440,20.699240,-0.469047,0.457131,-0.166336,0.737129
1.0220,4891,Render,Pinky_MCP,-17.939590,1.083574,20.785350,-0.176803,0.624579,0.248041,0.719109
1.0220,4891,Render,Pinky_PIP,-17.935780,1.088924,20.746530,-0.345021,0.549836,0.036206,0.759823
1.0220,4891,Render,Pinky_DIP,-17.928580,1.082973,20.730740,-0.473038,0.444515,-0.157432,0.744216
1.0220,4891,Render,Pinky_FingerTip,-17.917940,1.070426,20.720920,-0.473038,0.444515,-0.157432,0.744216
1.0365,4892,Real,Wrist,-17.898710,1.060415,20.877040,-0.038470,0.670697,0.347596,0.654112
1.0365,4892,Real,Thumb_CMC,-17.875380,1.087057,20.845640,0.431407,0.439595,-0.311746,0.723505
1.0365,4892,Real,Thumb_MCP,-17.856980,1.083904,20.805900,0.278206,0.549506,-0.516013,0.595295
1.0365,4892,Real,Thumb_IP,-17.863670,1.068773,20.759750,-0.052009,0.613718,-0.751825,0.235382
1.0365,4892,Real,Thumb_FingerTip,-17.888850,1.056867,20.753740,-0.052009,0.613718,-0.751825,0.235382
1.0365,4892,Real,Index_MCP,-17.884040,1.117573,20.778860,-0.162689,0.665701,0.163652,0.709643
1.0365,4892,Real,Index_PIP,-17.881230,1.118307,20.732130,-0.393367,0.561148,-0.105274,0.720620
1.0365,4892,Real,Index_DIP,-17.872190,1.102910,20.713290,-0.555803,0.400884,-0.336041,0.646105
1.0365,4892,Real,Index_FingerTip,-17.860020,1.079241,20.709400,-0.555803,0.400884,-0.336041,0.646105
1.0365,4892,Real,Middle_MCP,-17.908620,1.105590,20.776610,-0.225113,0.632960,0.150098,0.725367
1.0365,4892,Real,Middle_PIP,-17.900500,1.102040,20.724550,-0.480939,0.469054,-0.184811,0.717308
1.0365,4892,Real,Middle_DIP,-17.886880,1.082184,20.710830,-0.628189,0.238104,-0.455762,0.583923
1.0365,4892,Real,Middle_FingerTip,-17.873540,1.058656,20.719160,-0.628189,0.238104,-0.455762,0.583923
1.0365,4892,Real,Ring_MCP,-17.927780,1.090220,20.777420,-0.234095,0.621044,0.172845,0.727756
1.0365,4892,Real,Ring_PIP,-17.919920,1.088396,20.731590,-0.478582,0.459844,-0.157179,0.731299
1.0365,4892,Real,Ring_DIP,-17.906020,1.070745,20.717840,-0.619970,0.236925,-0.429801,0.612189
1.0365,4892,Real,Ring_FingerTip,-17.892650,1.049588,20.724100,-0.619970,0.236925,-0.429801,0.612189
1.0365,4892,Real,Pinky_MCP,-17.942420,1.073959,20.782080,-0.243281,0.611709,0.184187,0.729864
1.0365,4892,Real,Pinky_PIP,-17.935190,1.072826,20.743390,-0.482856,0.447464,-0.147848,0.738083
1.0365,4892,Real,Pinky_DIP,-17.924990,1.060895,20.733900,-0.619081,0.223859,-0.423852,0.622074
1.0365,4892,Real,Pinky_FingerTip,-17.914640,1.045482,20.738620,-0.619081,0.223859,-0.423852,0.622074
1.0365,4892,Virtual,Wrist,-17.897770,1.063654,20.878000,-0.024450,0.665309,0.352355,0.657732
1.0365,4892,Virtual,Thumb_CMC,-17.873990,1.090842,20.847420,0.445257,0.440203,-0.310311,0.715315
1.0365,4892,Virtual,Thumb_MCP,-17.855560,1.088562,20.807630,0.291223,0.554276,-0.512168,0.587922
1.0365,4892,Virtual,Thumb_IP,-17.862380,1.074863,20.761050,-0.043440,0.624616,-0.744679,0.231129
1.0365,4892,Virtual,Thumb_FingerTip,-17.887730,1.063506,20.754660,-0.043440,0.624616,-0.744679,0.231129
1.0365,4892,Virtual,Index_MCP,-17.882070,1.123388,20.781530,-0.147726,0.663820,0.167844,0.713687
1.0365,4892,Virtual,Index_PIP,-17.879150,1.125423,20.734840,-0.378744,0.564831,-0.102836,0.725910
1.0365,4892,Virtual,Index_DIP,-17.870310,1.110443,20.715570,-0.543200,0.409163,-0.335476,0.651902
1.0365,4892,Virtual,Index_FingerTip,-17.858470,1.086719,20.711030,-0.543200,0.409163,-0.335476,0.651902
1.0365,4892,Virtual,Middle_MCP,-17.906820,1.111837,20.778890,-0.210144,0.631723,0.153650,0.730176
1.0365,4892,Virtual,Middle_PIP,-17.898650,1.109666,20.726760,-0.466957,0.474538,-0.183741,0.723191
1.0365,4892,Virtual,Middle_DIP,-17.885290,1.090015,20.712490,-0.617557,0.248713,-0.457130,0.589745
1.0365,4892,Virtual,Middle_FingerTip,-17.872310,1.066063,20.720170,-0.617557,0.248713,-0.457130,0.589745
1.0365,4892,Virtual,Ring_MCP,-17.926210,1.096734,20.779230,-0.219199,0.619545,0.176197,0.732851
1.0365,4892,Virtual,Ring_PIP,-17.918280,1.096113,20.733380,-0.464491,0.464901,-0.156346,0.737341
1.0365,4892,Virtual,Ring_DIP,-17.904610,1.078661,20.719150,-0.608966,0.247075,-0.431388,0.618077
1.0365,4892,Virtual,Ring_FingerTip,-17.891570,1.057139,20.724820,-0.608966,0.247075,-0.431388,0.618077
1.0365,4892,Virtual,Pinky_MCP,-17.941100,1.080563,20.783390,-0.228432,0.610114,0.187380,0.735166
1.0365,4892,Virtual,Pinky_PIP,-17.933800,1.080436,20.744710,-0.468766,0.452415,-0.147248,0.744243
1.0365,4892,Virtual,Pinky_DIP,-17.923760,1.068634,20.734880,-0.608035,0.233910,-0.425700,0.627980
1.0365,4892,Virtual,Pinky_FingerTip,-17.913640,1.052941,20.739170,-0.608035,0.233910,-0.425700,0.627980
1.0365,4892,Render,Wrist,-17.897770,1.063654,20.878000,-0.024450,0.665309,0.352355,0.657732
1.0365,4892,Render,Thumb_CMC,-17.873990,1.090842,20.847420,0.401669,0.455690,-0.272991,0.745979
1.0365,4892,Render,Thumb_MCP,-17.854870,1.089033,20.807940,0.324597,0.513448,-0.387464,0.693456
1.0365,4892,Render,Thumb_IP,-17.846410,1.079028,20.760690,0.138737,0.591391,-0.593028,0.528514
1.0365,4892,Render,Thumb_FingerTip,-17.857890,1.065840,20.738180,0.138737,0.591391,-0.593028,0.528514
1.0365,4892,Render,Index_MCP,-17.882070,1.123388,20.781530,-0.123048,0.668834,0.194152,0.706983
1.0365,4892,Render,Index_PIP,-17.880670,1.128536,20.735010,-0.296297,0.612118,-0.000627,0.733157
1.0365,4892,Render,Index_DIP,-17.874170,1.119097,20.711720,-0.434344,0.523283,-0.176293,0.711647
1.0365,4892,Render,Index_FingerTip,-17.863670,1.100119,20.695800,-0.434344,0.523283,-0.176293,0.711647
1.0365,4892,Render,Middle_MCP,-17.906820,1.111837,20.778890,-0.148478,0.648990,0.223093,0.712036
1.0365,4892,Render,Middle_PIP,-17.903750,1.118437,20.726590,-0.315518,0.586245,0.025962,0.745716
1.0365,4892,Render,Middle_DIP,-17.895120,1.109256,20.701900,-0.446787,0.493574,-0.153461,0.730216
1.0365,4892,Render,Middle_FingerTip,-17.881940,1.090432,20.685380,-0.446787,0.493574,-0.153461,0.730216
1.0365,4892,Render,Ring_MCP,-17.926210,1.096734,20.779230,-0.170604,0.634649,0.232375,0.717020
1.0365,4892,Render,Ring_PIP,-17.922180,1.102164,20.733190,-0.341897,0.561241,0.021756,0.753420
1.0365,4892,Render,Ring_DIP,-17.912460,1.092918,20.710520,-0.472905,0.456339,-0.169788,0.734362
1.0365,4892,Render,Ring_FingerTip,-17.898890,1.075348,20.697370,-0.472905,0.456339,-0.169788,0.734362
1.0365,4892,Render,Pinky_MCP,-17.941100,1.080563,20.783390,-0.180538,0.625960,0.243703,0.718463
1.0365,4892,Render,Pinky_PIP,-17.937250,1.085452,20.744520,-0.348993,0.550113,0.032224,0.757985
1.0365,4892,Render,Pinky_DIP,-17.930050,1.079304,20.728800,-0.476952,0.443777,-0.160818,0.741429
1.0365,4892,Render,Pinky_FingerTip,-17.919430,1.066625,20.719140,-0.476952,0.443777,-0.160818,0.741429
1.0497,4893,Real,Wrist,-17.899950,1.058273,20.875700,-0.046019,0.672852,0.345291,0.652631
1.0497,4893,Real,Thumb_CMC,-17.876820,1.084640,20.843930,0.426930,0.437108,-0.307875,0.729301
1.0497,4893,Real,Thumb_MCP,-17.858010,1.081310,20.804400,0.275693,0.545277,-0.512972,0.602932
1.0497,4893,Real,Thumb_IP,-17.863940,1.065723,20.758290,-0.049914,0.608968,-0.752442,0.245965
1.0497,4893,Real,Thumb_FingerTip,-17.888850,1.053441,20.751890,-0.049914,0.608968,-0.752442,0.245965
1.0497,4893,Real,Index_MCP,-17.885680,1.114109,20.776710,-0.164572,0.667508,0.167925,0.706507
1.0497,4893,Real,Index_PIP,-17.883220,1.114932,20.729950,-0.390960,0.565509,-0.094003,0.720079
1.0497,4893,Real,Index_DIP,-17.874320,1.099941,20.710720,-0.551824,0.410049,-0.320215,0.651776
1.0497,4893,Real,Index_FingerTip,-17.861990,1.076539,20.705850,-0.551824,0.410049,-0.320215,0.651776
1.0497,4893,Real,Middle_MCP,-17.910150,1.101899,20.774620,-0.224812,0.635851,0.157581,0.721333
1.0497,4893,Real,Middle_PIP,-17.902670,1.098806,20.722430,-0.475063,0.478709,-0.165919,0.719461
1.0497,4893,Real,Middle_DIP,-17.889180,1.079581,20.707710,-0.623353,0.257444,-0.431531,0.599111
1.0497,4893,Real,Middle_FingerTip,-17.875170,1.055865,20.714210,-0.623353,0.257444,-0.431531,0.599111
1.0497,4893,Real,Ring_MCP,-17.929200,1.086390,20.775640,-0.236714,0.623128,0.177208,0.724069
1.0497,4893,Real,Ring_PIP,-17.921720,1.084604,20.729740,-0.478102,0.464479,-0.145747,0.731052
1.0497,4893,Real,Ring_DIP,-17.907860,1.067290,20.715530,-0.619562,0.245896,-0.414680,0.619451
1.0497,4893,Real,Ring_FingerTip,-17.894050,1.046174,20.720920,-0.619562,0.245896,-0.414680,0.619451
1.0497,4893,Real,Pinky_MCP,-17.943710,1.070082,20.780520,-0.245958,0.613915,0.188640,0.725967
1.0497,4893,Real,Pinky_PIP,-17.936820,1.068976,20.741780,-0.482581,0.452220,-0.136192,0.737607
1.0497,4893,Real,Pinky_DIP,-17.926660,1.057283,20.731950,-0.619004,0.232857,-0.408364,0.629167
1.0497,4893,Real,Pinky_FingerTip,-17.915960,1.041915,20.736020,-0.619004,0.232857,-0.408364,0.629167
1.0497,4893,Virtual,Wrist,-17.898710,1.060413,20.877050,-0.038470,0.670697,0.347596,0.654113
1.0497,4893,Virtual,Thumb_CMC,-17.875390,1.087055,20.845660,0.433880,0.437861,-0.307718,0.724801
1.0497,4893,Virtual,Thumb_MCP,-17.856630,1.084152,20.806060,0.282094,0.548085,-0.511468,0.598687
1.0497,4893,Virtual,Thumb_IP,-17.862710,1.069287,20.759740,-0.045924,0.614707,-0.748941,0.243132
1.0497,4893,Virtual,Thumb_FingerTip,-17.887710,1.057299,20.753170,-0.045924,0.614707,-0.748941,0.243132
1.0497,4893,Virtual,Index_MCP,-17.884050,1.117571,20.778880,-0.156702,0.667135,0.170020,0.708145
1.0497,4893,Virtual,Index_PIP,-17.881610,1.119056,20.732130,-0.383471,0.567957,-0.092627,0.722354
1.0497,4893,Virtual,Index_DIP,-17.872850,1.104277,20.712680,-0.545518,0.414771,-0.319642,0.654373
1.0497,4893,Virtual,Index_FingerTip,-17.860700,1.080850,20.707460,-0.545518,0.414771,-0.319642,0.654373
1.0497,4893,Virtual,Middle_MCP,-17.908620,1.105588,20.776620,-0.216962,0.635800,0.159405,0.723378
1.0497,4893,Virtual,Middle_PIP,-17.901190,1.103197,20.724390,-0.467944,0.482019,-0.165144,0.722090
1.0497,4893,Virtual,Middle_DIP,-17.887860,1.084082,20.709380,-0.618071,0.263252,-0.431835,0.601834
1.0497,4893,Virtual,Middle_FingerTip,-17.874040,1.060163,20.715520,-0.618071,0.263252,-0.431835,0.601834
1.0497,4893,Virtual,Ring_MCP,-17.927790,1.090218,20.777430,-0.228888,0.622982,0.178931,0.726283
1.0497,4893,Virtual,Ring_PIP,-17.920350,1.089042,20.731510,-0.470949,0.467658,-0.145123,0.733787
1.0497,4893,Virtual,Ring_DIP,-17.906640,1.071827,20.717030,-0.614173,0.251572,-0.415151,0.622217
1.0497,4893,Virtual,Ring_FingerTip,-17.893000,1.050525,20.722110,-0.614173,0.251572,-0.415151,0.622217
1.0497,4893,Virtual,Pinky_MCP,-17.942430,1.073957,20.782090,-0.238151,0.613725,0.190291,0.728297
1.0497,4893,Virtual,Pinky_PIP,-17.935570,1.073361,20.743320,-0.475426,0.455350,-0.135682,0.740417
1.0497,4893,Virtual,Pinky_DIP,-17.925500,1.061732,20.733320,-0.613593,0.238489,-0.408969,0.631958
1.0497,4893,Virtual,Pinky_FingerTip,-17.914930,1.046222,20.737160,-0.613593,0.238489,-0.408969,0.631958
1.0497,4893,Render,Wrist,-17.898710,1.060413,20.877050,-0.038470,0.670697,0.347596,0.654113
1.0497,4893,Render,Thumb_CMC,-17.875390,1.087055,20.845660,0.387304,0.455323,-0.274389,0.753252
1.0497,4893,Render,Thumb_MCP,-17.856300,1.084391,20.806200,0.310470,0.510815,-0.389994,0.700415
1.0497,4893,Render,Thumb_IP,-17.847770,1.073157,20.759240,0.126249,0.584281,-0.597696,0.534263
1.0497,4893,Render,Thumb_FingerTip,-17.859090,1.059160,20.737150,0.126249,0.584281,-0.597696,0.534263
1.0497,4893,Render,Index_MCP,-17.884050,1.117571,20.778880,-0.137930,0.671267,0.189813,0.703098
1.0497,4893,Render,Index_PIP,-17.882800,1.121399,20.732220,-0.311291,0.610510,-0.003778,0.728259
1.0497,4893,Render,Index_DIP,-17.876190,1.111390,20.709200,-0.448516,0.518129,-0.178179,0.706136
1.0497,4893,Render,Index_FingerTip,-17.865440,1.092118,20.693820,-0.448516,0.518129,-0.178179,0.706136
1.0497,4893,Render,Middle_MCP,-17.908620,1.105588,20.776620,-0.163258,0.651660,0.219095,0.707590
1.0497,4893,Render,Middle_PIP,-17.905730,1.110725,20.724140,-0.330476,0.584893,0.023288,0.740367
1.0497,4893,Render,Middle_DIP,-17.897010,1.100965,20.699710,-0.460986,0.488678,-0.154775,0.724383
1.0497,4893,Render,Middle_FingerTip,-17.883580,1.081869,20.683710,-0.460986,0.488678,-0.154775,0.724383
1.0497,4893,Render,Ring_MCP,-17.927790,1.090218,20.777430,-0.185339,0.637296,0.228638,0.712200
1.0497,4893,Render,Ring_PIP,-17.923910,1.094380,20.731250,-0.356783,0.559645,0.019523,0.747745
1.0497,4893,Render,Ring_DIP,-17.914090,1.084629,20.708830,-0.486901,0.451025,-0.170511,0.728306
1.0497,4893,Render,Ring_FingerTip,-17.900290,1.066889,20.696170,-0.486901,0.451025,-0.170511,0.728306
1.0497,4893,Render,Pinky_MCP,-17.942430,1.073957,20.782090,-0.195219,0.628699,0.240109,0.713424
1.0497,4893,Render,Pinky_PIP,-17.938720,1.077781,20.743070,-0.363853,0.548621,0.030189,0.752140
1.0497,4893,Render,Pinky_DIP,-17.931450,1.071290,20.727530,-0.490948,0.438570,-0.161306,0.735260
1.0497,4893,Render,Pinky_FingerTip,-17.920660,1.058496,20.718210,-0.490948,0.438570,-0.161306,0.735260
1.0633,4894,Real,Wrist,-17.901720,1.056254,20.874320,-0.052290,0.676672,0.341467,0.650216
1.0633,4894,Real,Thumb_CMC,-17.878820,1.082213,20.842050,0.419422,0.436913,-0.310424,0.732687
1.0633,4894,Real,Thumb_MCP,-17.860140,1.078331,20.802500,0.268591,0.542832,-0.516421,0.605395
1.0633,4894,Real,Thumb_IP,-17.866160,1.061971,20.756670,-0.054691,0.603172,-0.756669,0.246263
1.0633,4894,Real,Thumb_FingerTip,-17.891030,1.049470,20.750570,-0.054691,0.603172,-0.756669,0.246263
1.0633,4894,Real,Index_MCP,-17.888060,1.110546,20.774390,-0.171577,0.669706,0.164491,0.703562
1.0633,4894,Real,Index_PIP,-17.885770,1.110623,20.727620,-0.398289,0.565075,-0.096167,0.716106
1.0633,4894,Real,Index_DIP,-17.876870,1.095365,20.708600,-0.558626,0.407285,-0.320989,0.647319
1.0633,4894,Real,Index_FingerTip,-17.864440,1.071945,20.704070,-0.558626,0.407285,-0.320989,0.647319
1.0633,4894,Real,Middle_MCP,-17.912480,1.098187,20.772580,-0.231878,0.637849,0.154546,0.717981
1.0633,4894,Real,Middle_PIP,-17.905170,1.094286,20.720430,-0.482305,0.477494,-0.167229,0.715133
1.0633,4894,Real,Middle_DIP,-17.891640,1.074888,20.705970,-0.629561,0.253521,-0.431064,0.594613
1.0633,4894,Real,Middle_FingerTip,-17.877490,1.051348,20.712800,-0.629561,0.253521,-0.431064,0.594613
1.0633,4894,Real,Ring_MCP,-17.931450,1.082608,20.773930,-0.243737,0.625262,0.174303,0.720596
1.0633,4894,Real,Ring_PIP,-17.924130,1.080113,20.728040,-0.485368,0.463441,-0.146911,0.726676
1.0633,4894,Real,Ring_DIP,-17.910230,1.062637,20.714060,-0.625877,0.242154,-0.414078,0.614963
1.0633,4894,Real,Ring_FingerTip,-17.896310,1.041677,20.719740,-0.625877,0.242154,-0.414078,0.614963
1.0633,4894,Real,Pinky_MCP,-17.945870,1.066312,20.779130,-0.252954,0.616124,0.185830,0.722408
1.0633,4894,Real,Pinky_PIP,-17.939110,1.064611,20.740380,-0.489854,0.451262,-0.137233,0.733194
1.0633,4894,Real,Pinky_DIP,-17.928920,1.052809,20.730700,-0.625355,0.229185,-0.407635,0.624692
1.0633,4894,Real,Pinky_FingerTip,-17.918140,1.037560,20.734990,-0.625355,0.229185,-0.407635,0.624692
1.0633,4894,Virtual,Wrist,-17.899960,1.058272,20.875710,-0.046019,0.672852,0.345291,0.652631
1.0633,4894,Virtual,Thumb_CMC,-17.876820,1.084640,20.843940,0.426930,0.437108,-0.307875,0.729301
1.0633,4894,Virtual,Thumb_MCP,-17.858010,1.081309,20.804400,0.275693,0.545277,-0.512972,0.602932
1.0633,4894,Virtual,Thumb_IP,-17.863950,1.065722,20.758300,-0.049914,0.608968,-0.752442,0.245965
1.0633,4894,Virtual,Thumb_FingerTip,-17.888850,1.053440,20.751900,-0.049914,0.608968,-0.752442,0.245965
1.0633,4894,Virtual,Index_MCP,-17.885680,1.114108,20.776720,-0.164572,0.667508,0.167925,0.706506
1.0633,4894,Virtual,Index_PIP,-17.883230,1.114931,20.729960,-0.390960,0.565509,-0.094003,0.720079
1.0633,4894,Virtual,Index_DIP,-17.874320,1.099940,20.710730,-0.551824,0.410049,-0.320215,0.651777
1.0633,4894,Virtual,Index_FingerTip,-17.861990,1.076538,20.705860,-0.551824,0.410049,-0.320215,0.651777
1.0633,4894,Virtual,Middle_MCP,-17.910160,1.101898,20.774620,-0.224813,0.635851,0.157581,0.721333
1.0633,4894,Virtual,Middle_PIP,-17.902670,1.098806,20.722440,-0.475063,0.478709,-0.165919,0.719461
1.0633,4894,Virtual,Middle_DIP,-17.889180,1.079580,20.707720,-0.623354,0.257444,-0.431531,0.599111
1.0633,4894,Virtual,Middle_FingerTip,-17.875170,1.055864,20.714210,-0.623354,0.257444,-0.431531,0.599111
1.0633,4894,Virtual,Ring_MCP,-17.929200,1.086389,20.775650,-0.236714,0.623128,0.177208,0.724069
1.0633,4894,Virtual,Ring_PIP,-17.921730,1.084603,20.729750,-0.478102,0.464478,-0.145747,0.731052
1.0633,4894,Virtual,Ring_DIP,-17.907870,1.067289,20.715530,-0.619562,0.245895,-0.414679,0.619451
1.0633,4894,Virtual,Ring_FingerTip,-17.894060,1.046173,20.720930,-0.619562,0.245895,-0.414679,0.619451
1.0633,4894,Virtual,Pinky_MCP,-17.943710,1.070081,20.780530,-0.245958,0.613915,0.188640,0.725967
1.0633,4894,Virtual,Pinky_PIP,-17.936820,1.068975,20.741790,-0.482581,0.452220,-0.136192,0.737607
1.0633,4894,Virtual,Pinky_DIP,-17.926660,1.057282,20.731960,-0.619004,0.232857,-0.408364,0.629167
1.0633,4894,Virtual,Pinky_FingerTip,-17.915970,1.041914,20.736030,-0.619004,0.232857,-0.408364,0.629167
1.0633,4894,Render,Wrist,-17.899960,1.058272,20.875710,-0.046019,0.672852,0.345291,0.652631
1.0633,4894,Render,Thumb_CMC,-17.876820,1.084640,20.843940,0.380069,0.454618,-0.274575,0.757284
1.0633,4894,Render,Thumb_MCP,-17.857680,1.081553,20.804540,0.303437,0.508975,-0.390816,0.704368
1.0633,4894,Render,Thumb_IP,-17.849030,1.069704,20.757760,0.120206,0.580241,-0.599766,0.537729
1.0633,4894,Render,Thumb_FingerTip,-17.860230,1.055296,20.735860,0.120206,0.580241,-0.599766,0.537729
1.0633,4894,Render,Index_MCP,-17.885680,1.114108,20.776720,-0.145787,0.671861,0.187673,0.701519
1.0633,4894,Render,Index_PIP,-17.884420,1.117265,20.730010,-0.319022,0.608995,-0.005422,0.726169
1.0633,4894,Render,Index_DIP,-17.877720,1.106975,20.707150,-0.455659,0.514805,-0.179273,0.703713
1.0633,4894,Render,Index_FingerTip,-17.866810,1.087568,20.692050,-0.455659,0.514805,-0.179273,0.703713
1.0633,4894,Render,Middle_MCP,-17.910160,1.101898,20.774620,-0.171078,0.652365,0.217107,0.705704
1.0633,4894,Render,Middle_PIP,-17.907270,1.106292,20.722080,-0.338202,0.583495,0.021873,0.738021
1.0633,4894,Render,Middle_DIP,-17.898450,1.096247,20.697790,-0.468152,0.485470,-0.155587,0.721766
1.0633,4894,Render,Middle_FingerTip,-17.884870,1.077027,20.682080,-0.468152,0.485470,-0.155587,0.721766
1.0633,4894,Render,Ring_MCP,-17.929200,1.086389,20.775650,-0.193137,0.637981,0.226766,0.710110
1.0633,4894,Render,Ring_PIP,-17.925330,1.089908,20.729410,-0.364459,0.558114,0.018313,0.745214
1.0633,4894,Render,Ring_DIP,-17.915420,1.079910,20.707140,-0.493940,0.447599,-0.171041,0.725551
1.0633,4894,Render,Ring_FingerTip,-17.901470,1.062098,20.694740,-0.493940,0.447599,-0.171041,0.725551
1.0633,4894,Render,Pinky_MCP,-17.943710,1.070081,20.780530,-0.202995,0.629429,0.238302,0.711214
1.0633,4894,Render,Pinky_PIP,-17.940010,1.073366,20.741470,-0.371520,0.547138,0.029075,0.749512
1.0633,4894,Render,Pinky_DIP,-17.932680,1.066707,20.726030,-0.497991,0.435193,-0.161718,0.732434
1.0633,4894,Render,Pinky_FingerTip,-17.921780,1.053864,20.716900,-0.497991,0.435193,-0.161718,0.732434
1.0772,4895,Real,Wrist,-17.904240,1.055156,20.873080,-0.049879,0.681469,0.337990,0.647206
1.0772,4895,Real,Thumb_CMC,-17.881560,1.080805,20.840410,0.419073,0.438328,-0.312566,0.731129
1.0772,4895,Real,Thumb_MCP,-17.863100,1.076868,20.800760,0.269559,0.543223,-0.516077,0.604906
1.0772,4895,Real,Thumb_IP,-17.869130,1.060615,20.754900,-0.050618,0.604310,-0.754702,0.250343
1.0772,4895,Real,Thumb_FingerTip,-17.893910,1.048102,20.748450,-0.050618,0.604310,-0.754702,0.250343
1.0772,4895,Real,Index_MCP,-17.891410,1.108849,20.772720,-0.164873,0.676085,0.167229,0.698399
1.0772,4895,Real,Index_PIP,-17.890000,1.109348,20.725910,-0.386495,0.578702,-0.082129,0.713429
1.0772,4895,Real,Index_DIP,-17.881790,1.094695,20.706120,-0.546628,0.430665,-0.298906,0.652979
1.0772,4895,Real,Index_FingerTip,-17.869670,1.071529,20.699790,-0.546628,0.430665,-0.298906,0.652979
1.0772,4895,Real,Middle_MCP,-17.915920,1.096635,20.771250,-0.221957,0.646237,0.161832,0.711986
1.0772,4895,Real,Middle_PIP,-17.909990,1.093655,20.718870,-0.465651,0.500057,-0.141800,0.716244
1.0772,4895,Real,Middle_DIP,-17.897250,1.075115,20.702670,-0.617053,0.293485,-0.395547,0.613723
1.0772,4895,Real,Middle_FingerTip,-17.882680,1.051126,20.706290,-0.617053,0.293485,-0.395547,0.613723
1.0772,4895,Real,Ring_MCP,-17.934970,1.081181,20.772900,-0.234866,0.633566,0.180647,0.714702
1.0772,4895,Real,Ring_PIP,-17.928830,1.079348,20.726810,-0.470949,0.484536,-0.123705,0.726725
1.0772,4895,Real,Ring_DIP,-17.915660,1.062588,20.711330,-0.615572,0.278638,-0.381012,0.631081
1.0772,4895,Real,Ring_FingerTip,-17.901360,1.041330,20.714360,-0.615572,0.278638,-0.381012,0.631081
1.0772,4895,Real,Pinky_MCP,-17.949420,1.065003,20.778350,-0.244160,0.624610,0.192267,0.716437
1.0772,4895,Real,Pinky_PIP,-17.943680,1.063841,20.739420,-0.475829,0.472587,-0.113778,0.733009
1.0772,4895,Real,Pinky_DIP,-17.934010,1.052530,20.728690,-0.615742,0.265733,-0.374072,0.640561
1.0772,4895,Real,Pinky_FingerTip,-17.922920,1.037079,20.731000,-0.615742,0.265733,-0.374072,0.640561
1.0772,4895,Virtual,Wrist,-17.901730,1.056255,20.874330,-0.052290,0.676672,0.341468,0.650216
1.0772,4895,Virtual,Thumb_CMC,-17.878830,1.082214,20.842060,0.421396,0.436191,-0.306719,0.733544
1.0772,4895,Virtual,Thumb_MCP,-17.859890,1.078597,20.802600,0.272412,0.541875,-0.511215,0.608952
1.0772,4895,Virtual,Thumb_IP,-17.865280,1.062545,20.756590,-0.047478,0.604635,-0.752637,0.256322
1.0772,4895,Virtual,Thumb_FingerTip,-17.889910,1.049913,20.749800,-0.047478,0.604635,-0.752637,0.256322
1.0772,4895,Virtual,Index_MCP,-17.888070,1.110548,20.774400,-0.166142,0.671074,0.170190,0.702205
1.0772,4895,Virtual,Index_PIP,-17.886130,1.111298,20.727620,-0.385970,0.573560,-0.080651,0.718019
1.0772,4895,Virtual,Index_DIP,-17.877590,1.096800,20.707850,-0.544538,0.425938,-0.298921,0.657801
1.0772,4895,Virtual,Index_FingerTip,-17.865250,1.073742,20.701540,-0.544538,0.425938,-0.298921,0.657801
1.0772,4895,Virtual,Middle_MCP,-17.912490,1.098189,20.772590,-0.223065,0.640985,0.164428,0.715782
1.0772,4895,Virtual,Middle_PIP,-17.905930,1.095518,20.720260,-0.464526,0.494807,-0.140973,0.720769
1.0772,4895,Virtual,Middle_DIP,-17.892890,1.077142,20.704120,-0.614074,0.289019,-0.396444,0.618234
1.0772,4895,Virtual,Middle_FingerTip,-17.878210,1.053225,20.707780,-0.614074,0.289019,-0.396444,0.618234
1.0772,4895,Virtual,Ring_MCP,-17.931460,1.082609,20.773940,-0.236037,0.628209,0.183143,0.718401
1.0772,4895,Virtual,Ring_PIP,-17.924770,1.081053,20.727910,-0.469854,0.479163,-0.122917,0.731117
1.0772,4895,Virtual,Ring_DIP,-17.911320,1.064457,20.712490,-0.612587,0.274039,-0.381885,0.635456
1.0772,4895,Virtual,Ring_FingerTip,-17.896920,1.043272,20.715580,-0.612587,0.274039,-0.381885,0.635456
1.0772,4895,Virtual,Pinky_MCP,-17.945870,1.066313,20.779130,-0.245365,0.619185,0.194691,0.720071
1.0772,4895,Virtual,Pinky_PIP,-17.939670,1.065389,20.740260,-0.474738,0.467138,-0.113030,0.737313
1.0772,4895,Virtual,Pinky_DIP,-17.929800,1.054195,20.729590,-0.612733,0.261060,-0.374950,0.644840
1.0772,4895,Virtual,Pinky_FingerTip,-17.918640,1.038801,20.731950,-0.612733,0.261060,-0.374950,0.644840
1.0772,4895,Render,Wrist,-17.901730,1.056255,20.874330,-0.052290,0.676672,0.341468,0.650216
1.0772,4895,Render,Thumb_CMC,-17.878830,1.082214,20.842060,0.372353,0.454630,-0.277116,0.760179
1.0772,4895,Render,Thumb_MCP,-17.859820,1.078580,20.802650,0.295817,0.507767,-0.393782,0.706825
1.0772,4895,Render,Thumb_IP,-17.851270,1.066016,20.756030,0.113400,0.576607,-0.603373,0.539080
1.0772,4895,Render,Thumb_FingerTip,-17.862470,1.051203,20.734410,0.113400,0.576607,-0.603373,0.539080
1.0772,4895,Render,Index_MCP,-17.888070,1.110548,20.774400,-0.152727,0.674254,0.184159,0.698672
1.0772,4895,Render,Index_PIP,-17.887000,1.112954,20.727650,-0.326350,0.609459,-0.008053,0.722490
1.0772,4895,Render,Index_DIP,-17.880320,1.102326,20.704920,-0.462884,0.513500,-0.180947,0.699510
1.0772,4895,Render,Index_FingerTip,-17.869370,1.082729,20.690100,-0.462884,0.513500,-0.180947,0.699510
1.0772,4895,Render,Middle_MCP,-17.912490,1.098189,20.772590,-0.177952,0.654944,0.213804,0.702616
1.0772,4895,Render,Middle_PIP,-17.909810,1.101745,20.719970,-0.345515,0.584156,0.019509,0.734166
1.0772,4895,Render,Middle_DIP,-17.901040,1.091350,20.695820,-0.475410,0.484360,-0.156959,0.717457
1.0772,4895,Render,Middle_FingerTip,-17.887410,1.071943,20.680380,-0.475410,0.484360,-0.156959,0.717457
1.0772,4895,Render,Ring_MCP,-17.931460,1.082609,20.773940,-0.199995,0.640595,0.223629,0.706846
1.0772,4895,Render,Ring_PIP,-17.927760,1.085397,20.727630,-0.371775,0.558697,0.016218,0.741200
1.0772,4895,Render,Ring_DIP,-17.917880,1.075086,20.705490,-0.501165,0.446311,-0.172051,0.721138
1.0772,4895,Render,Ring_FingerTip,-17.903880,1.057142,20.693330,-0.501165,0.446311,-0.172051,0.721138
1.0772,4895,Render,Pinky_MCP,-17.945870,1.066313,20.779130,-0.209821,0.632115,0.235253,0.707857
1.0772,4895,Render,Pinky_PIP,-17.942320,1.068982,20.740010,-0.378826,0.547800,0.027091,0.745435
1.0772,4895,Render,Pinky_DIP,-17.935010,1.062109,20.724650,-0.505225,0.433983,-0.162605,0.727988
1.0772,4895,Render,Pinky_FingerTip,-17.924090,1.049172,20.715690,-0.505225,0.433983,-0.162605,0.727988
1.0918,4896,Real,Wrist,-17.906880,1.053922,20.871740,-0.047894,0.687180,0.333834,0.643463
1.0918,4896,Real,Thumb_CMC,-17.884490,1.079192,20.838580,0.415625,0.440790,-0.319214,0.728741
1.0918,4896,Real,Thumb_MCP,-17.866590,1.074852,20.798720,0.265534,0.544547,-0.521712,0.600647
1.0918,4896,Real,Thumb_IP,-17.873330,1.058302,20.753060,-0.054747,0.603360,-0.757318,0.243782
1.0918,4896,Real,Thumb_FingerTip,-17.898270,1.045896,20.747040,-0.054747,0.603360,-0.757318,0.243782
1.0918,4896,Real,Index_MCP,-17.895070,1.106802,20.770820,-0.164233,0.681867,0.163713,0.693746
1.0918,4896,Real,Index_PIP,-17.894300,1.106951,20.723990,-0.387874,0.584353,-0.083839,0.707853
1.0918,4896,Real,Index_DIP,-17.886440,1.092104,20.704210,-0.549689,0.435612,-0.298806,0.647148
1.0918,4896,Real,Index_FingerTip,-17.874550,1.068818,20.697880,-0.549689,0.435612,-0.298806,0.647148
1.0918,4896,Real,Middle_MCP,-17.919680,1.094728,20.769770,-0.221493,0.652266,0.158767,0.707307
1.0918,4896,Real,Middle_PIP,-17.914470,1.091330,20.717340,-0.467679,0.505753,-0.142696,0.710724
1.0918,4896,Real,Middle_DIP,-17.902060,1.072595,20.701110,-0.621036,0.298034,-0.394348,0.608260
1.0918,4896,Real,Middle_FingerTip,-17.887590,1.048543,20.704710,-0.621036,0.298034,-0.394348,0.608260
1.0918,4896,Real,Ring_MCP,-17.938800,1.079405,20.771790,-0.234324,0.639722,0.177706,0.710119
1.0918,4896,Real,Ring_PIP,-17.933290,1.077198,20.725630,-0.472942,0.490385,-0.124542,0.721344
1.0918,4896,Real,Ring_DIP,-17.920430,1.060245,20.710100,-0.619567,0.283353,-0.379822,0.625767
1.0918,4896,Real,Ring_FingerTip,-17.906220,1.038922,20.713090,-0.619567,0.283353,-0.379822,0.625767
1.0918,4896,Real,Pinky_MCP,-17.953280,1.063357,20.777550,-0.243574,0.630850,0.189416,0.711915
1.0918,4896,Real,Pinky_PIP,-17.948070,1.061876,20.738550,-0.477815,0.478531,-0.114558,0.727721
1.0918,4896,Real,Pinky_DIP,-17.938610,1.050428,20.727780,-0.619765,0.270538,-0.372863,0.635354
1.0918,4896,Real,Pinky_FingerTip,-17.927580,1.034926,20.730050,-0.619765,0.270538,-0.372863,0.635354
1.0918,4896,Virtual,Wrist,-17.904250,1.055156,20.873090,-0.049879,0.681469,0.337990,0.647206
1.0918,4896,Virtual,Thumb_CMC,-17.881570,1.080805,20.840420,0.419073,0.438328,-0.312566,0.731129
1.0918,4896,Virtual,Thumb_MCP,-17.863110,1.076868,20.800770,0.269558,0.543223,-0.516077,0.604906
1.0918,4896,Virtual,Thumb_IP,-17.869130,1.060614,20.754910,-0.050618,0.604310,-0.754702,0.250343
1.0918,4896,Virtual,Thumb_FingerTip,-17.893910,1.048102,20.748460,-0.050618,0.604310,-0.754702,0.250343
1.0918,4896,Virtual,Index_MCP,-17.891410,1.108849,20.772720,-0.164873,0.676086,0.167229,0.698399
1.0918,4896,Virtual,Index_PIP,-17.890010,1.109347,20.725920,-0.386495,0.578702,-0.082129,0.713429
1.0918,4896,Virtual,Index_DIP,-17.881790,1.094695,20.706130,-0.546628,0.430665,-0.298906,0.652979
1.0918,4896,Virtual,Index_FingerTip,-17.869680,1.071529,20.699800,-0.546628,0.430665,-0.298906,0.652979
1.0918,4896,Virtual,Middle_MCP,-17.915930,1.096634,20.771260,-0.221957,0.646237,0.161832,0.711985
1.0918,4896,Virtual,Middle_PIP,-17.910000,1.093654,20.718870,-0.465651,0.500057,-0.141799,0.716244
1.0918,4896,Virtual,Middle_DIP,-17.897250,1.075115,20.702680,-0.617053,0.293485,-0.395547,0.613723
1.0918,4896,Virtual,Middle_FingerTip,-17.882690,1.051125,20.706300,-0.617053,0.293485,-0.395547,0.613723
1.0918,4896,Virtual,Ring_MCP,-17.934980,1.081180,20.772910,-0.234866,0.633566,0.180647,0.714702
1.0918,4896,Virtual,Ring_PIP,-17.928830,1.079347,20.726810,-0.470949,0.484536,-0.123705,0.726725
1.0918,4896,Virtual,Ring_DIP,-17.915660,1.062588,20.711330,-0.615572,0.278638,-0.381011,0.631081
1.0918,4896,Virtual,Ring_FingerTip,-17.901370,1.041330,20.714360,-0.615572,0.278638,-0.381011,0.631081
1.0918,4896,Virtual,Pinky_MCP,-17.949430,1.065002,20.778360,-0.244160,0.624611,0.192267,0.716436
1.0918,4896,Virtual,Pinky_PIP,-17.943700,1.063840,20.739430,-0.475830,0.472588,-0.113778,0.733009
1.0918,4896,Virtual,Pinky_DIP,-17.934020,1.052530,20.728700,-0.615742,0.265733,-0.374072,0.640561
1.0918,4896,Virtual,Pinky_FingerTip,-17.922920,1.037079,20.731000,-0.615742,0.265733,-0.374072,0.640561
1.0918,4896,Render,Wrist,-17.904250,1.055156,20.873090,-0.049879,0.681469,0.337990,0.647206
1.0918,4896,Render,Thumb_CMC,-17.881570,1.080805,20.840420,0.370530,0.457633,-0.282632,0.757232
1.0918,4896,Render,Thumb_MCP,-17.863060,1.076901,20.800790,0.293542,0.510444,-0.398763,0.703042
1.0918,4896,Render,Thumb_IP,-17.855170,1.064103,20.754120,0.110374,0.578392,-0.606842,0.533876
1.0918,4896,Render,Thumb_FingerTip,-17.866730,1.049276,20.732700,0.110374,0.578392,-0.606842,0.533876
1.0918,4896,Render,Index_MCP,-17.891410,1.108849,20.772720,-0.151359,0.679239,0.181122,0.694925
1.0918,4896,Render,Index_PIP,-17.890870,1.111008,20.725950,-0.326354,0.614628,-0.009986,0.718071
1.0918,4896,Render,Index_DIP,-17.884520,1.100223,20.703200,-0.464127,0.518517,-0.181764,0.694757
1.0918,4896,Render,Index_FingerTip,-17.873870,1.080482,20.688360,-0.464127,0.518517,-0.181764,0.694757
1.0918,4896,Render,Middle_MCP,-17.915930,1.096634,20.771260,-0.176482,0.660108,0.210950,0.699008
1.0918,4896,Render,Middle_PIP,-17.913840,1.099904,20.718600,-0.345468,0.589525,0.017716,0.729931
1.0918,4896,Render,Middle_DIP,-17.905410,1.089330,20.694400,-0.476651,0.489583,-0.157685,0.712915
1.0918,4896,Render,Middle_FingerTip,-17.892080,1.069759,20.678900,-0.476651,0.489583,-0.157685,0.712915
1.0918,4896,Render,Ring_MCP,-17.934980,1.081180,20.772910,-0.198522,0.645877,0.220927,0.703295
1.0918,4896,Render,Ring_PIP,-17.931810,1.083708,20.726550,-0.371845,0.564180,0.014621,0.737034
1.0918,4896,Render,Ring_DIP,-17.922250,1.073222,20.704350,-0.502621,0.451597,-0.172540,0.716702
1.0918,4896,Render,Ring_FingerTip,-17.908510,1.055129,20.692130,-0.502621,0.451597,-0.172540,0.716702
1.0918,4896,Render,Pinky_MCP,-17.949430,1.065002,20.778360,-0.208309,0.637464,0.232627,0.704367
1.0918,4896,Render,Pinky_PIP,-17.946320,1.067448,20.739190,-0.378877,0.553358,0.025550,0.741347
1.0918,4896,Render,Pinky_DIP,-17.939230,1.060451,20.723780,-0.506683,0.439347,-0.163060,0.723643
1.0918,4896,Render,Pinky_FingerTip,-17.928490,1.047400,20.714760,-0.506683,0.439347,-0.163060,0.723643
1.1054,4897,Real,Wrist,-17.909580,1.053765,20.870510,-0.040053,0.691372,0.331087,0.640923
1.1054,4897,Real,Thumb_CMC,-17.887320,1.078853,20.837130,0.416221,0.444451,-0.328069,0.722215
1.1054,4897,Real,Thumb_MCP,-17.870220,1.074291,20.796950,0.264899,0.548275,-0.528346,0.591671
1.1054,4897,Real,Thumb_IP,-17.878030,1.057878,20.751410,-0.057447,0.606198,-0.758434,0.232383
1.1054,4897,Real,Thumb_FingerTip,-17.903270,1.045848,20.745860,-0.057447,0.606198,-0.758434,0.232383
1.1054,4897,Real,Index_MCP,-17.898480,1.106826,20.769610,-0.160078,0.686851,0.158872,0.690920
1.1054,4897,Real,Index_PIP,-17.898200,1.106809,20.722780,-0.386308,0.590047,-0.088170,0.703446
1.1054,4897,Real,Index_DIP,-17.890730,1.091756,20.703000,-0.550386,0.440982,-0.302177,0.641327
1.1054,4897,Real,Index_FingerTip,-17.879190,1.068272,20.696740,-0.550386,0.440982,-0.302177,0.641327
1.1054,4897,Real,Middle_MCP,-17.923260,1.095077,20.768860,-0.219448,0.656842,0.151970,0.705200
1.1054,4897,Real,Middle_PIP,-17.918460,1.091172,20.716430,-0.470761,0.507920,-0.152326,0.705123
1.1054,4897,Real,Middle_DIP,-17.906330,1.071961,20.700540,-0.626321,0.295501,-0.404505,0.597308
1.1054,4897,Real,Middle_FingerTip,-17.892230,1.047811,20.704900,-0.626321,0.295501,-0.404505,0.597308
1.1054,4897,Real,Ring_MCP,-17.942540,1.079996,20.771100,-0.228457,0.645599,0.174980,0.707384
1.1054,4897,Real,Ring_PIP,-17.937650,1.077789,20.724870,-0.468665,0.499343,-0.124078,0.718063
1.1054,4897,Real,Ring_DIP,-17.925250,1.060765,20.709050,-0.618181,0.294691,-0.376743,0.623759
1.1054,4897,Real,Ring_FingerTip,-17.911260,1.039238,20.711580,-0.618181,0.294691,-0.376743,0.623759
1.1054,4897,Real,Pinky_MCP,-17.957150,1.064118,20.777010,-0.237670,0.636770,0.186725,0.709345
1.1054,4897,Real,Pinky_PIP,-17.952450,1.062631,20.737950,-0.473553,0.487556,-0.114112,0.724580
1.1054,4897,Real,Pinky_DIP,-17.943310,1.051126,20.726970,-0.618447,0.281933,-0.369829,0.633454
1.1054,4897,Real,Pinky_FingerTip,-17.932430,1.035469,20.728890,-0.618447,0.281933,-0.369829,0.633454
1.1054,4897,Virtual,Wrist,-17.906890,1.053923,20.871750,-0.047894,0.687180,0.333833,0.643464
1.1054,4897,Virtual,Thumb_CMC,-17.884490,1.079193,20.838590,0.414400,0.441598,-0.321198,0.728077
1.1054,4897,Virtual,Thumb_MCP,-17.866770,1.074726,20.798660,0.264010,0.545009,-0.523534,0.599314
1.1054,4897,Virtual,Thumb_IP,-17.873740,1.058068,20.753080,-0.056515,0.602944,-0.758277,0.241414
1.1054,4897,Virtual,Thumb_FingerTip,-17.898740,1.045692,20.747230,-0.056515,0.602944,-0.758277,0.241414
1.1054,4897,Virtual,Index_MCP,-17.895080,1.106803,20.770830,-0.166772,0.681251,0.161127,0.694351
1.1054,4897,Virtual,Index_PIP,-17.894150,1.106640,20.724010,-0.390670,0.582488,-0.087231,0.707443
1.1054,4897,Virtual,Index_DIP,-17.886200,1.091624,20.704390,-0.552186,0.432441,-0.302525,0.645418
1.1054,4897,Virtual,Index_FingerTip,-17.874280,1.068272,20.698360,-0.552186,0.432441,-0.302525,0.645418
1.1054,4897,Virtual,Middle_MCP,-17.919690,1.094729,20.769780,-0.225920,0.650746,0.153957,0.708370
1.1054,4897,Virtual,Middle_PIP,-17.914110,1.090720,20.717420,-0.474144,0.499698,-0.151823,0.708830
1.1054,4897,Virtual,Middle_DIP,-17.901510,1.071619,20.701780,-0.626390,0.286611,-0.405422,0.600935
1.1054,4897,Virtual,Middle_FingerTip,-17.887160,1.047669,20.706400,-0.626390,0.286611,-0.405422,0.600935
1.1054,4897,Virtual,Ring_MCP,-17.938800,1.079406,20.771800,-0.235018,0.639468,0.176935,0.710311
1.1054,4897,Virtual,Ring_PIP,-17.933230,1.077115,20.725650,-0.472209,0.491092,-0.123464,0.721530
1.1054,4897,Virtual,Ring_DIP,-17.920400,1.060204,20.710060,-0.618481,0.285716,-0.377431,0.627211
1.1054,4897,Virtual,Ring_FingerTip,-17.906160,1.038870,20.712850,-0.618481,0.285716,-0.377431,0.627211
1.1054,4897,Virtual,Pinky_MCP,-17.953280,1.063358,20.777560,-0.244258,0.630585,0.188643,0.712120
1.1054,4897,Virtual,Pinky_PIP,-17.948020,1.061807,20.738570,-0.477099,0.479245,-0.113471,0.727891
1.1054,4897,Virtual,Pinky_DIP,-17.938580,1.050388,20.727760,-0.618728,0.272901,-0.370436,0.636772
1.1054,4897,Virtual,Pinky_FingerTip,-17.927530,1.034880,20.729880,-0.618728,0.272901,-0.370436,0.636772
1.1054,4897,Render,Wrist,-17.906890,1.053923,20.871750,-0.047894,0.687180,0.333833,0.643464
1.1054,4897,Render,Thumb_CMC,-17.884490,1.079193,20.838590,0.367248,0.460528,-0.289106,0.754627
1.1054,4897,Render,Thumb_MCP,-17.866550,1.074886,20.798740,0.289843,0.512784,-0.404744,0.699447
1.1054,4897,Render,Thumb_IP,-17.859360,1.061700,20.752070,0.106114,0.579393,-0.611317,0.528522
1.1054,4897,Render,Thumb_FingerTip,-17.871300,1.046788,20.730920,0.106114,0.579393,-0.611317,0.528522
1.1054,4897,Render,Index_MCP,-17.895080,1.106803,20.770830,-0.150604,0.685006,0.177514,0.690344
1.1054,4897,Render,Index_PIP,-17.895140,1.108618,20.724030,-0.327159,0.620389,-0.012248,0.712696
1.1054,4897,Render,Index_DIP,-17.889180,1.097628,20.701290,-0.466289,0.523918,-0.182672,0.688997
1.1054,4897,Render,Index_FingerTip,-17.878840,1.077713,20.686450,-0.466289,0.523918,-0.182672,0.688997
1.1054,4897,Render,Middle_MCP,-17.919690,1.094729,20.769780,-0.175599,0.666090,0.207567,0.694555
1.1054,4897,Render,Middle_PIP,-17.918290,1.097602,20.717070,-0.346207,0.595526,0.015637,0.724738
1.1054,4897,Render,Middle_DIP,-17.910240,1.086800,20.692850,-0.478806,0.495233,-0.158459,0.707376
1.1054,4897,Render,Middle_FingerTip,-17.897240,1.067035,20.677310,-0.478806,0.495233,-0.158459,0.707376
1.1054,4897,Render,Ring_MCP,-17.938800,1.079406,20.771800,-0.197631,0.651992,0.217730,0.698886
1.1054,4897,Render,Ring_PIP,-17.936240,1.081576,20.725380,-0.372706,0.570300,0.012791,0.731905
1.1054,4897,Render,Ring_DIP,-17.927040,1.070870,20.703140,-0.505005,0.457299,-0.173012,0.711277
1.1054,4897,Render,Ring_FingerTip,-17.913580,1.052603,20.690860,-0.505005,0.457299,-0.173012,0.711277
1.1054,4897,Render,Pinky_MCP,-17.953280,1.063358,20.777560,-0.207370,0.643659,0.229523,0.700015
1.1054,4897,Render,Pinky_PIP,-17.950680,1.065499,20.738330,-0.379714,0.559568,0.023792,0.736298
1.1054,4897,Render,Pinky_DIP,-17.943840,1.058346,20.722890,-0.509065,0.445143,-0.163482,0.718314
1.1054,4897,Render,Pinky_FingerTip,-17.933300,1.045164,20.713820,-0.509065,0.445143,-0.163482,0.718314
1.1193,4898,Real,Wrist,-17.911490,1.053426,20.869770,-0.036120,0.693713,0.328347,0.640036
1.1193,4898,Real,Thumb_CMC,-17.889240,1.078311,20.836230,0.415576,0.445232,-0.335111,0.718864
1.1193,4898,Real,Thumb_MCP,-17.872600,1.073404,20.795890,0.263647,0.549022,-0.534500,0.585982
1.1193,4898,Real,Thumb_IP,-17.881140,1.056885,20.750520,-0.059704,0.606111,-0.761046,0.223325
1.1193,4898,Real,Thumb_FingerTip,-17.906590,1.045135,20.745400,-0.059704,0.606111,-0.761046,0.223325
1.1193,4898,Real,Index_MCP,-17.900610,1.106355,20.768770,-0.159611,0.689181,0.153447,0.689933
1.1193,4898,Real,Index_PIP,-17.900470,1.105968,20.721940,-0.388356,0.591292,-0.094921,0.700388
1.1193,4898,Real,Index_DIP,-17.893130,1.090596,20.702360,-0.553849,0.440111,-0.309275,0.635533
1.1193,4898,Real,Index_FingerTip,-17.881800,1.066907,20.696520,-0.553849,0.440111,-0.309275,0.635533
1.1193,4898,Real,Middle_MCP,-17.925490,1.094818,20.768200,-0.221984,0.658230,0.143447,0.704898
1.1193,4898,Real,Middle_PIP,-17.920610,1.090065,20.715830,-0.478621,0.503453,-0.166860,0.699725
1.1193,4898,Real,Middle_DIP,-17.908490,1.070234,20.700730,-0.634475,0.282815,-0.421155,0.583169
1.1193,4898,Real,Middle_FingerTip,-17.894750,1.046177,20.706520,-0.634475,0.282815,-0.421155,0.583169
1.1193,4898,Real,Ring_MCP,-17.944880,1.079904,20.770560,-0.228265,0.647882,0.169300,0.706740
1.1193,4898,Real,Ring_PIP,-17.940080,1.077276,20.724350,-0.471405,0.499633,-0.131875,0.714670
1.1193,4898,Real,Ring_DIP,-17.927800,1.059901,20.708810,-0.621892,0.291731,-0.384989,0.616383
1.1193,4898,Real,Ring_FingerTip,-17.914050,1.038294,20.711890,-0.621892,0.291731,-0.384989,0.616383
1.1193,4898,Real,Pinky_MCP,-17.959590,1.064153,20.776580,-0.237436,0.639059,0.181059,0.708834
1.1193,4898,Real,Pinky_PIP,-17.954950,1.062311,20.737520,-0.476210,0.487848,-0.121976,0.721353
1.1193,4898,Real,Pinky_DIP,-17.945890,1.050559,20.726740,-0.622036,0.279005,-0.378234,0.626233
1.1193,4898,Real,Pinky_FingerTip,-17.935190,1.034833,20.729060,-0.622036,0.279005,-0.378234,0.626233
1.1193,4898,Virtual,Wrist,-17.909590,1.053765,20.870520,-0.040053,0.691372,0.331088,0.640923
1.1193,4898,Virtual,Thumb_CMC,-17.887340,1.078853,20.837130,0.414907,0.444687,-0.330576,0.721682
1.1193,4898,Virtual,Thumb_MCP,-17.870380,1.074104,20.796910,0.263172,0.548302,-0.531013,0.590026
1.1193,4898,Virtual,Thumb_IP,-17.878490,1.057531,20.751480,-0.059737,0.605249,-0.760166,0.228592
1.1193,4898,Virtual,Thumb_FingerTip,-17.903800,1.045565,20.746180,-0.059737,0.605249,-0.760166,0.228592
1.1193,4898,Virtual,Index_MCP,-17.898490,1.106826,20.769610,-0.162936,0.686179,0.155995,0.691575
1.1193,4898,Virtual,Index_PIP,-17.898040,1.106459,20.722790,-0.390436,0.587324,-0.093100,0.702811
1.1193,4898,Virtual,Index_DIP,-17.890440,1.091158,20.703250,-0.554583,0.435692,-0.308304,0.638404
1.1193,4898,Virtual,Index_FingerTip,-17.878870,1.067569,20.697480,-0.554583,0.435692,-0.308304,0.638404
1.1193,4898,Virtual,Middle_MCP,-17.923270,1.095077,20.768870,-0.225140,0.654913,0.145846,0.706492
1.1193,4898,Virtual,Middle_PIP,-17.918010,1.090387,20.716540,-0.480086,0.499116,-0.165356,0.702182
1.1193,4898,Virtual,Middle_DIP,-17.905610,1.070665,20.701510,-0.634175,0.278247,-0.420701,0.586013
1.1193,4898,Virtual,Middle_FingerTip,-17.891710,1.046725,20.707380,-0.634175,0.278247,-0.420701,0.586013
1.1193,4898,Virtual,Ring_MCP,-17.942550,1.079996,20.771100,-0.231461,0.644528,0.171684,0.708191
1.1193,4898,Virtual,Ring_PIP,-17.937420,1.077427,20.724930,-0.472967,0.495271,-0.130284,0.716963
1.1193,4898,Virtual,Ring_DIP,-17.924900,1.060164,20.709460,-0.621743,0.287100,-0.384351,0.619100
1.1193,4898,Virtual,Ring_FingerTip,-17.910980,1.038675,20.712620,-0.621743,0.287100,-0.384351,0.619100
1.1193,4898,Virtual,Pinky_MCP,-17.957160,1.064118,20.777020,-0.240633,0.635657,0.183420,0.710207
1.1193,4898,Virtual,Pinky_PIP,-17.952260,1.062331,20.737990,-0.477753,0.483442,-0.120375,0.723565
1.1193,4898,Virtual,Pinky_DIP,-17.943020,1.050661,20.727270,-0.621853,0.274340,-0.377556,0.628878
1.1193,4898,Virtual,Pinky_FingerTip,-17.932210,1.035027,20.729650,-0.621853,0.274340,-0.377556,0.628878
1.1193,4898,Render,Wrist,-17.909590,1.053765,20.870520,-0.040053,0.691372,0.331088,0.640923
1.1193,4898,Render,Thumb_CMC,-17.887340,1.078853,20.837130,0.369460,0.463818,-0.295793,0.748918
1.1193,4898,Render,Thumb_MCP,-17.870000,1.074447,20.797030,0.291507,0.516383,-0.410445,0.692754
1.1193,4898,Render,Thumb_IP,-17.863640,1.061326,20.750220,0.106508,0.583339,-0.614514,0.520331
1.1193,4898,Render,Thumb_FingerTip,-17.876060,1.046642,20.729180,0.106508,0.583339,-0.614514,0.520331
1.1193,4898,Render,Index_MCP,-17.898490,1.106826,20.769610,-0.143779,0.690447,0.175178,0.686967
1.1193,4898,Render,Index_PIP,-17.899190,1.108799,20.722830,-0.322025,0.627447,-0.013602,0.708820
1.1193,4898,Render,Index_DIP,-17.893670,1.097810,20.699970,-0.462996,0.532001,-0.183058,0.684909
1.1193,4898,Render,Index_FingerTip,-17.883810,1.077812,20.684930,-0.462996,0.532001,-0.183058,0.684909
1.1193,4898,Render,Middle_MCP,-17.923270,1.095077,20.768870,-0.168681,0.671674,0.205345,0.691545
1.1193,4898,Render,Middle_PIP,-17.922560,1.098108,20.716160,-0.341020,0.602747,0.014294,0.721247
1.1193,4898,Render,Middle_DIP,-17.915000,1.087285,20.691790,-0.475501,0.503486,-0.158926,0.703665
1.1193,4898,Render,Middle_FingerTip,-17.902480,1.067405,20.676010,-0.475501,0.503486,-0.158926,0.703665
1.1193,4898,Render,Ring_MCP,-17.942550,1.079996,20.771100,-0.190727,0.657734,0.215609,0.696077
1.1193,4898,Render,Ring_PIP,-17.940610,1.082289,20.724660,-0.367691,0.577749,0.011544,0.728613
1.1193,4898,Render,Ring_DIP,-17.931860,1.071539,20.702260,-0.502040,0.465775,-0.173384,0.707777
1.1193,4898,Render,Ring_FingerTip,-17.918800,1.053141,20.689740,-0.502040,0.465775,-0.173384,0.707777
1.1193,4898,Render,Pinky_MCP,-17.957160,1.064118,20.777020,-0.200435,0.649453,0.227448,0.697355
1.1193,4898,Render,Pinky_PIP,-17.955080,1.066357,20.737760,-0.374685,0.567076,0.022547,0.733163
1.1193,4898,Render,Pinky_DIP,-17.948550,1.059168,20.722200,-0.506102,0.453679,-0.163892,0.714966
1.1193,4898,Render,Pinky_FingerTip,-17.938300,1.045881,20.712950,-0.506102,0.453679,-0.163892,0.714966
1.1331,4899,Real,Wrist,-17.913010,1.052864,20.869130,-0.034078,0.695582,0.325689,0.639477
1.1331,4899,Real,Thumb_CMC,-17.890760,1.077537,20.835430,0.413517,0.446328,-0.341558,0.716334
1.1331,4899,Real,Thumb_MCP,-17.874590,1.072259,20.794950,0.260666,0.549780,-0.540626,0.580964
1.1331,4899,Real,Thumb_IP,-17.883860,1.055512,20.749810,-0.064014,0.605068,-0.764162,0.214129
1.1331,4899,Real,Thumb_FingerTip,-17.909510,1.043978,20.745210,-0.064014,0.605068,-0.764162,0.214129
1.1331,4899,Real,Index_MCP,-17.902240,1.105492,20.767960,-0.163466,0.690056,0.145476,0.689883
1.1331,4899,Real,Index_PIP,-17.901990,1.104327,20.721150,-0.396891,0.587687,-0.107843,0.696758
1.1331,4899,Real,Index_DIP,-17.894580,1.088318,20.702110,-0.563873,0.430052,-0.324833,0.625768
1.1331,4899,Real,Index_FingerTip,-17.883300,1.064336,20.697490,-0.563873,0.430052,-0.324833,0.625768
1.1331,4899,Real,Middle_MCP,-17.927190,1.094104,20.767520,-0.229342,0.657570,0.131610,0.705467
1.1331,4899,Real,Middle_PIP,-17.921890,1.087982,20.715340,-0.492989,0.491892,-0.188991,0.692306
1.1331,4899,Real,Middle_DIP,-17.909560,1.067285,20.701630,-0.647138,0.257310,-0.446955,0.561459
1.1331,4899,Real,Middle_FingerTip,-17.896320,1.043657,20.709820,-0.647138,0.257310,-0.446955,0.561459
1.1331,4899,Real,Ring_MCP,-17.946670,1.079311,20.770000,-0.235378,0.647223,0.157546,0.707728
1.1331,4899,Real,Ring_PIP,-17.941430,1.075510,20.723920,-0.485683,0.488275,-0.154615,0.708375
1.1331,4899,Real,Ring_DIP,-17.928910,1.057245,20.709660,-0.634993,0.266616,-0.412642,0.596177
1.1331,4899,Real,Ring_FingerTip,-17.915560,1.035815,20.714980,-0.634993,0.266616,-0.412642,0.596177
1.1331,4899,Real,Pinky_MCP,-17.961440,1.063664,20.776120,-0.244435,0.638325,0.169299,0.710022
1.1331,4899,Real,Pinky_PIP,-17.956410,1.060843,20.737170,-0.490160,0.476393,-0.144915,0.715397
1.1331,4899,Real,Pinky_DIP,-17.947170,1.048472,20.727270,-0.634610,0.253925,-0.406346,0.606363
1.1331,4899,Real,Pinky_FingerTip,-17.936800,1.032856,20.731250,-0.634610,0.253925,-0.406346,0.606363
1.1331,4899,Virtual,Wrist,-17.911500,1.053426,20.869770,-0.036120,0.693713,0.328347,0.640036
1.1331,4899,Virtual,Thumb_CMC,-17.889240,1.078311,20.836230,0.413750,0.446420,-0.337991,0.717832
1.1331,4899,Virtual,Thumb_MCP,-17.872870,1.073225,20.795800,0.260860,0.549938,-0.537673,0.583463
1.1331,4899,Virtual,Thumb_IP,-17.881840,1.056529,20.750580,-0.063930,0.605304,-0.762944,0.217802
1.1331,4899,Virtual,Thumb_FingerTip,-17.907400,1.044852,20.745850,-0.063930,0.605304,-0.762944,0.217802
1.1331,4899,Virtual,Index_MCP,-17.900610,1.106355,20.768770,-0.165042,0.687901,0.148001,0.691122
1.1331,4899,Virtual,Index_PIP,-17.900150,1.105302,20.721960,-0.397603,0.585114,-0.105919,0.698810
1.1331,4899,Virtual,Index_DIP,-17.892550,1.089383,20.702920,-0.563726,0.427387,-0.323665,0.628327
1.1331,4899,Virtual,Index_FingerTip,-17.881110,1.065479,20.698290,-0.563726,0.427387,-0.323665,0.628327
1.1331,4899,Virtual,Middle_MCP,-17.925490,1.094818,20.768200,-0.230772,0.655200,0.134002,0.706754
1.1331,4899,Virtual,Middle_PIP,-17.919920,1.088852,20.716030,-0.493243,0.489136,-0.187399,0.694506
1.1331,4899,Virtual,Middle_DIP,-17.907410,1.068261,20.702320,-0.646284,0.254677,-0.446361,0.564109
1.1331,4899,Virtual,Middle_FingerTip,-17.894060,1.044694,20.710510,-0.646284,0.254677,-0.446361,0.564109
1.1331,4899,Virtual,Ring_MCP,-17.944890,1.079904,20.770570,-0.236830,0.644800,0.159920,0.708922
1.1331,4899,Virtual,Ring_PIP,-17.939420,1.076243,20.724500,-0.485982,0.485466,-0.152963,0.710455
1.1331,4899,Virtual,Ring_DIP,-17.926730,1.058087,20.710240,-0.634200,0.263905,-0.411907,0.598730
1.1331,4899,Virtual,Ring_FingerTip,-17.913280,1.036724,20.715570,-0.634200,0.263905,-0.411907,0.598730
1.1331,4899,Virtual,Pinky_MCP,-17.959590,1.064154,20.776580,-0.245884,0.635856,0.171649,0.711171
1.1331,4899,Virtual,Pinky_PIP,-17.954370,1.061455,20.737650,-0.490436,0.473545,-0.143266,0.717428
1.1331,4899,Virtual,Pinky_DIP,-17.945010,1.049162,20.727760,-0.633781,0.251185,-0.405595,0.608869
1.1331,4899,Virtual,Pinky_FingerTip,-17.934570,1.033600,20.731750,-0.633781,0.251185,-0.405595,0.608869
1.1331,4899,Render,Wrist,-17.911500,1.053426,20.869770,-0.036120,0.693713,0.328347,0.640036
1.1331,4899,Render,Thumb_CMC,-17.889240,1.078311,20.836230,0.369972,0.464182,-0.300475,0.746573
1.1331,4899,Render,Thumb_MCP,-17.872180,1.073692,20.796030,0.291956,0.516823,-0.414697,0.689697
1.1331,4899,Render,Thumb_IP,-17.866210,1.060442,20.749200,0.106788,0.583902,-0.617532,0.516052
1.1331,4899,Render,Thumb_FingerTip,-17.878880,1.045832,20.728270,0.106788,0.583902,-0.617532,0.516052
1.1331,4899,Render,Index_MCP,-17.900610,1.106355,20.768770,-0.140372,0.693356,0.172586,0.685396
1.1331,4899,Render,Index_PIP,-17.901590,1.108319,20.722000,-0.319513,0.631156,-0.015684,0.706617
1.1331,4899,Render,Index_DIP,-17.896330,1.097275,20.699100,-0.461446,0.536204,-0.184551,0.682272
1.1331,4899,Render,Index_FingerTip,-17.886730,1.077188,20.684000,-0.461446,0.536204,-0.184551,0.682272
1.1331,4899,Render,Middle_MCP,-17.925490,1.094818,20.768200,-0.165256,0.674710,0.202819,0.690161
1.1331,4899,Render,Middle_PIP,-17.925100,1.097826,20.715480,-0.338524,0.606584,0.012227,0.719241
1.1331,4899,Render,Middle_DIP,-17.917790,1.086930,20.691060,-0.473996,0.507810,-0.160453,0.701222
1.1331,4899,Render,Middle_FingerTip,-17.905550,1.066938,20.675210,-0.473996,0.507810,-0.160453,0.701222
1.1331,4899,Render,Ring_MCP,-17.944890,1.079904,20.770570,-0.187327,0.660882,0.213139,0.694778
1.1331,4899,Render,Ring_PIP,-17.943230,1.082164,20.724120,-0.365312,0.581724,0.009537,0.726673
1.1331,4899,Render,Ring_DIP,-17.934720,1.071332,20.701660,-0.500745,0.470224,-0.174834,0.705392
1.1331,4899,Render,Ring_FingerTip,-17.921900,1.052819,20.689060,-0.500745,0.470224,-0.174834,0.705392
1.1331,4899,Render,Pinky_MCP,-17.959590,1.064154,20.776580,-0.197032,0.652649,0.225005,0.696133
1.1331,4899,Render,Pinky_PIP,-17.957750,1.066362,20.737310,-0.372315,0.571098,0.020546,0.731305
1.1331,4899,Render,Pinky_DIP,-17.951390,1.059111,20.721710,-0.504828,0.458171,-0.165357,0.712661
1.1331,4899,Render,Pinky_FingerTip,-17.941310,1.045734,20.712400,-0.504828,0.458171,-0.165357,0.712661
1.1514,4900,Real,Wrist,-17.914150,1.052207,20.868950,-0.033433,0.697038,0.322183,0.639702
1.1514,4900,Real,Thumb_CMC,-17.891820,1.076586,20.835090,0.411988,0.445382,-0.346141,0.715603
1.1514,4900,Real,Thumb_MCP,-17.875850,1.070947,20.794580,0.258710,0.548788,-0.545602,0.578117
1.1514,4900,Real,Thumb_IP,-17.885540,1.053939,20.749620,-0.066709,0.603033,-0.767459,0.207144
1.1514,4900,Real,Thumb_FingerTip,-17.911340,1.042584,20.745420,-0.066709,0.603033,-0.767459,0.207144
1.1514,4900,Real,Index_MCP,-17.903260,1.104269,20.767500,-0.166600,0.690639,0.138480,0.689990
1.1514,4900,Real,Index_PIP,-17.902910,1.102441,20.720710,-0.405238,0.583541,-0.120601,0.693339
1.1514,4900,Real,Index_DIP,-17.895380,1.085825,20.702240,-0.573832,0.418873,-0.340773,0.615741
1.1514,4900,Real,Index_FingerTip,-17.884170,1.061604,20.698890,-0.573832,0.418873,-0.340773,0.615741
1.1514,4900,Real,Middle_MCP,-17.928280,1.093019,20.767160,-0.234915,0.657111,0.121990,0.705790
1.1514,4900,Real,Middle_PIP,-17.922650,1.085809,20.715160,-0.504716,0.481913,-0.207571,0.685519
1.1514,4900,Real,Middle_DIP,-17.910200,1.064436,20.702650,-0.657040,0.235113,-0.468328,0.541932
1.1514,4900,Real,Middle_FingerTip,-17.897440,1.041328,20.712850,-0.657040,0.235113,-0.468328,0.541932
1.1514,4900,Real,Ring_MCP,-17.947830,1.078349,20.769750,-0.241089,0.646714,0.147692,0.708396
1.1514,4900,Real,Ring_PIP,-17.942260,1.073575,20.723800,-0.497893,0.477981,-0.174414,0.702294
1.1514,4900,Real,Ring_DIP,-17.929550,1.054583,20.710690,-0.645722,0.243734,-0.436485,0.577164
1.1514,4900,Real,Ring_FingerTip,-17.916650,1.033462,20.717970,-0.645722,0.243734,-0.436485,0.577164
1.1514,4900,Real,Pinky_MCP,-17.962680,1.062815,20.775970,-0.250086,0.637790,0.159447,0.710815
1.1514,4900,Real,Pinky_PIP,-17.957340,1.059180,20.737130,-0.502125,0.466036,-0.164874,0.709575
1.1514,4900,Real,Pinky_DIP,-17.947970,1.046302,20.728040,-0.644917,0.231088,-0.430576,0.587610
1.1514,4900,Real,Pinky_FingerTip,-17.937960,1.030897,20.733470,-0.644917,0.231088,-0.430576,0.587610
1.1514,4900,Virtual,Wrist,-17.913010,1.052864,20.869130,-0.034078,0.695582,0.325689,0.639478
1.1514,4900,Virtual,Thumb_CMC,-17.890760,1.077537,20.835440,0.412815,0.446781,-0.342659,0.715930
1.1514,4900,Virtual,Thumb_MCP,-17.874690,1.072190,20.794930,0.259077,0.550371,-0.542380,0.579478
1.1514,4900,Virtual,Thumb_IP,-17.884210,1.055352,20.749870,-0.067225,0.604575,-0.765425,0.209989
1.1514,4900,Virtual,Thumb_FingerTip,-17.909940,1.043874,20.745560,-0.067225,0.604575,-0.765425,0.209989
1.1514,4900,Virtual,Index_MCP,-17.902240,1.105492,20.767960,-0.166942,0.689223,0.141997,0.690608
1.1514,4900,Virtual,Index_PIP,-17.901800,1.103900,20.721170,-0.405044,0.582097,-0.117546,0.695188
1.1514,4900,Virtual,Index_DIP,-17.894150,1.087419,20.702630,-0.573177,0.417572,-0.338490,0.618488
1.1514,4900,Virtual,Index_FingerTip,-17.882790,1.063278,20.699170,-0.573177,0.417572,-0.338490,0.618488
1.1514,4900,Virtual,Middle_MCP,-17.927200,1.094103,20.767530,-0.235108,0.655530,0.125409,0.706596
1.1514,4900,Virtual,Middle_PIP,-17.921440,1.087185,20.715490,-0.504180,0.480414,-0.204876,0.687772
1.1514,4900,Virtual,Middle_DIP,-17.908840,1.065945,20.702910,-0.655940,0.233961,-0.466782,0.545087
1.1514,4900,Virtual,Middle_FingerTip,-17.895970,1.042858,20.713010,-0.655940,0.233961,-0.466782,0.545087
1.1514,4900,Virtual,Ring_MCP,-17.946670,1.079311,20.770010,-0.241269,0.645050,0.151087,0.709135
1.1514,4900,Virtual,Ring_PIP,-17.940990,1.074798,20.724040,-0.497333,0.476403,-0.171677,0.704434
1.1514,4900,Virtual,Ring_DIP,-17.928160,1.055943,20.710860,-0.644587,0.242504,-0.434809,0.580208
1.1514,4900,Virtual,Ring_FingerTip,-17.915140,1.034859,20.718060,-0.644587,0.242504,-0.434809,0.580208
1.1514,4900,Virtual,Pinky_MCP,-17.961440,1.063663,20.776120,-0.250245,0.636069,0.162819,0.711536
1.1514,4900,Virtual,Pinky_PIP,-17.956020,1.060252,20.737280,-0.501522,0.464417,-0.162149,0.711689
1.1514,4900,Virtual,Pinky_DIP,-17.946550,1.047472,20.728140,-0.643726,0.229836,-0.428902,0.590624
1.1514,4900,Virtual,Pinky_FingerTip,-17.936460,1.032097,20.733510,-0.643726,0.229836,-0.428902,0.590624
1.1514,4900,Render,Wrist,-17.913010,1.052864,20.869130,-0.034078,0.695582,0.325689,0.639478
1.1514,4900,Render,Thumb_CMC,-17.890760,1.077537,20.835440,0.369841,0.464327,-0.304055,0.745097
1.1514,4900,Render,Thumb_MCP,-17.873900,1.072722,20.795180,0.291803,0.516945,-0.417999,0.687674
1.1514,4900,Render,Thumb_IP,-17.868210,1.059327,20.748360,0.106604,0.583967,-0.619991,0.513060
1.1514,4900,Render,Thumb_FingerTip,-17.881060,1.044744,20.727510,0.106604,0.583967,-0.619991,0.513060
1.1514,4900,Render,Index_MCP,-17.902240,1.105492,20.767960,-0.138720,0.695453,0.170019,0.684249
1.1514,4900,Render,Index_PIP,-17.903420,1.107352,20.721190,-0.318477,0.633617,-0.017854,0.704829
1.1514,4900,Render,Index_DIP,-17.898320,1.096223,20.698300,-0.461030,0.538841,-0.186230,0.680015
1.1514,4900,Render,Index_FingerTip,-17.888910,1.076045,20.683210,-0.461030,0.538841,-0.186230,0.680015
1.1514,4900,Render,Middle_MCP,-17.927200,1.094103,20.767530,-0.163599,0.676927,0.200312,0.689116
1.1514,4900,Render,Middle_PIP,-17.927020,1.096986,20.714800,-0.337516,0.609162,0.010088,0.717568
1.1514,4900,Render,Middle_DIP,-17.919880,1.085989,20.690380,-0.473635,0.510553,-0.162129,0.699085
1.1514,4900,Render,Middle_FingerTip,-17.907830,1.065887,20.674530,-0.473635,0.510553,-0.162129,0.699085
1.1514,4900,Render,Ring_MCP,-17.946670,1.079311,20.770010,-0.185695,0.663187,0.210682,0.693768
1.1514,4900,Render,Ring_PIP,-17.945200,1.081453,20.723550,-0.364393,0.584395,0.007463,0.725014
1.1514,4900,Render,Ring_DIP,-17.936860,1.070518,20.701080,-0.500532,0.473041,-0.176420,0.703261
1.1514,4900,Render,Ring_FingerTip,-17.924210,1.051899,20.688470,-0.500532,0.473041,-0.176420,0.703261
1.1514,4900,Render,Pinky_MCP,-17.961440,1.063663,20.776120,-0.195401,0.655000,0.222575,0.695164
1.1514,4900,Render,Pinky_PIP,-17.959760,1.065769,20.736850,-0.371410,0.573813,0.018486,0.729693
1.1514,4900,Render,Pinky_DIP,-17.953500,1.058444,20.721230,-0.504640,0.461027,-0.166942,0.710580
1.1514,4900,Render,Pinky_FingerTip,-17.943560,1.044985,20.711910,-0.504640,0.461027,-0.166942,0.710580
1.1632,4901,Real,Wrist,-17.915940,1.051190,20.868630,-0.031564,0.700808,0.316888,0.638321
1.1632,4901,Real,Thumb_CMC,-17.893650,1.075118,20.834420,0.409596,0.445837,-0.352609,0.713532
1.1632,4901,Real,Thumb_MCP,-17.878110,1.069059,20.793800,0.255758,0.548751,-0.551705,0.573657
1.1632,4901,Real,Thumb_IP,-17.888460,1.051787,20.749090,-0.070261,0.601335,-0.770675,0.198797
1.1632,4901,Real,Thumb_FingerTip,-17.914420,1.040646,20.745370,-0.070261,0.601335,-0.770675,0.198797
1.1632,4901,Real,Index_MCP,-17.905370,1.102394,20.766710,-0.167468,0.694055,0.131692,0.687677
1.1632,4901,Real,Index_PIP,-17.905280,1.099990,20.719940,-0.410618,0.584081,-0.130013,0.687996
1.1632,4901,Real,Index_DIP,-17.897910,1.082896,20.701850,-0.581227,0.414649,-0.351030,0.605822
1.1632,4901,Real,Index_FingerTip,-17.886890,1.058488,20.699320,-0.581227,0.414649,-0.351030,0.605822
1.1632,4901,Real,Middle_MCP,-17.930480,1.091361,20.766650,-0.237811,0.659981,0.113508,0.703554
1.1632,4901,Real,Middle_PIP,-17.925040,1.083220,20.714750,-0.513179,0.478305,-0.220623,0.677641
1.1632,4901,Real,Middle_DIP,-17.912700,1.061324,20.703060,-0.665241,0.222672,-0.481578,0.525314
1.1632,4901,Real,Middle_FingerTip,-17.900340,1.038621,20.714570,-0.665241,0.222672,-0.481578,0.525314
1.1632,4901,Real,Ring_MCP,-17.950150,1.076884,20.769500,-0.244229,0.649556,0.138874,0.706501
1.1632,4901,Real,Ring_PIP,-17.944670,1.071250,20.723630,-0.506962,0.473878,-0.188846,0.694814
1.1632,4901,Real,Ring_DIP,-17.932040,1.051679,20.711320,-0.654654,0.230216,-0.452133,0.560361
1.1632,4901,Real,Ring_FingerTip,-17.919520,1.030829,20.719940,-0.654654,0.230216,-0.452133,0.560361
1.1632,4901,Real,Pinky_MCP,-17.965080,1.061528,20.775940,-0.253177,0.640672,0.150671,0.709041
1.1632,4901,Real,Pinky_PIP,-17.959820,1.057168,20.737170,-0.511042,0.461947,-0.179399,0.702323
1.1632,4901,Real,Pinky_DIP,-17.950490,1.043883,20.728630,-0.653595,0.217652,-0.446500,0.571034
1.1632,4901,Real,Pinky_FingerTip,-17.940780,1.028663,20.735050,-0.653595,0.217652,-0.446500,0.571034
1.1632,4901,Virtual,Wrist,-17.914160,1.052207,20.868960,-0.033432,0.697038,0.322184,0.639702
1.1632,4901,Virtual,Thumb_CMC,-17.891820,1.076586,20.835100,0.411658,0.446230,-0.346250,0.715211
1.1632,4901,Virtual,Thumb_MCP,-17.875930,1.070970,20.794550,0.257605,0.549749,-0.546151,0.577179
1.1632,4901,Virtual,Thumb_IP,-17.885780,1.053946,20.749640,-0.069212,0.603153,-0.767796,0.204709
1.1632,4901,Virtual,Thumb_FingerTip,-17.911620,1.042608,20.745630,-0.069212,0.603153,-0.767796,0.204709
1.1632,4901,Virtual,Index_MCP,-17.903270,1.104269,20.767510,-0.168415,0.690199,0.136665,0.690352
1.1632,4901,Virtual,Index_PIP,-17.902810,1.102219,20.720730,-0.410082,0.580147,-0.126369,0.692310
1.1632,4901,Virtual,Index_DIP,-17.895150,1.085327,20.702560,-0.579415,0.411115,-0.349025,0.611101
1.1632,4901,Virtual,Index_FingerTip,-17.883900,1.061036,20.699930,-0.579415,0.411115,-0.349025,0.611101
1.1632,4901,Virtual,Middle_MCP,-17.928290,1.093019,20.767170,-0.238478,0.655826,0.118156,0.706442
1.1632,4901,Virtual,Middle_PIP,-17.922380,1.085317,20.715260,-0.511873,0.474305,-0.217809,0.682335
1.1632,4901,Virtual,Middle_DIP,-17.909760,1.063618,20.703500,-0.662395,0.219572,-0.480962,0.530751
1.1632,4901,Virtual,Middle_FingerTip,-17.897290,1.040938,20.714940,-0.662395,0.219572,-0.480962,0.530751
1.1632,4901,Virtual,Ring_MCP,-17.947840,1.078349,20.769760,-0.244936,0.645267,0.143471,0.709263
1.1632,4901,Virtual,Ring_PIP,-17.941970,1.073110,20.723890,-0.505693,0.469720,-0.185951,0.699328
1.1632,4901,Virtual,Ring_DIP,-17.929080,1.053744,20.711540,-0.651821,0.226919,-0.451296,0.565659
1.1632,4901,Virtual,Ring_FingerTip,-17.916440,1.032939,20.720090,-0.651821,0.226919,-0.451296,0.565659
1.1632,4901,Virtual,Pinky_MCP,-17.962690,1.062816,20.775980,-0.253880,0.636290,0.155211,0.711752
1.1632,4901,Virtual,Pinky_PIP,-17.957100,1.058794,20.737220,-0.509729,0.457708,-0.176532,0.706765
1.1632,4901,Virtual,Pinky_DIP,-17.947580,1.045657,20.728650,-0.650689,0.214297,-0.445659,0.576254
1.1632,4901,Virtual,Pinky_FingerTip,-17.937790,1.030473,20.735020,-0.650689,0.214297,-0.445659,0.576254
1.1632,4901,Render,Wrist,-17.914160,1.052207,20.868960,-0.033432,0.697038,0.322184,0.639702
1.1632,4901,Render,Thumb_CMC,-17.891820,1.076586,20.835100,0.369025,0.463170,-0.307627,0.744756
1.1632,4901,Render,Thumb_MCP,-17.875060,1.071476,20.794840,0.291180,0.515674,-0.421472,0.686773
1.1632,4901,Render,Thumb_IP,-17.869530,1.057816,20.748070,0.106431,0.582561,-0.622977,0.511072
1.1632,4901,Render,Thumb_FingerTip,-17.882490,1.043203,20.727320,0.106431,0.582561,-0.622977,0.511072
1.1632,4901,Render,Index_MCP,-17.903270,1.104269,20.767510,-0.138320,0.696854,0.166479,0.683775
1.1632,4901,Render,Index_PIP,-17.904520,1.105903,20.720720,-0.318464,0.635074,-0.021141,0.703432
1.1632,4901,Render,Index_DIP,-17.899520,1.094632,20.697880,-0.461366,0.540258,-0.189086,0.677871
1.1632,4901,Render,Index_FingerTip,-17.890250,1.074326,20.682870,-0.461366,0.540258,-0.189086,0.677871
1.1632,4901,Render,Middle_MCP,-17.928290,1.093019,20.767170,-0.163238,0.678478,0.196826,0.688681
1.1632,4901,Render,Middle_PIP,-17.928190,1.095638,20.714430,-0.337579,0.610753,0.006843,0.716222
1.1632,4901,Render,Middle_DIP,-17.921160,1.084479,20.690050,-0.474078,0.512083,-0.164957,0.697001
1.1632,4901,Render,Middle_FingerTip,-17.909240,1.064232,20.674270,-0.474078,0.512083,-0.164957,0.697001
1.1632,4901,Render,Ring_MCP,-17.947840,1.078349,20.769760,-0.185375,0.664830,0.207236,0.693319
1.1632,4901,Render,Ring_PIP,-17.946440,1.080252,20.723280,-0.364546,0.586062,0.004282,0.723615
1.1632,4901,Render,Ring_DIP,-17.938190,1.069158,20.700860,-0.501103,0.474614,-0.179144,0.701103
1.1632,4901,Render,Ring_FingerTip,-17.925670,1.050405,20.688320,-0.501103,0.474614,-0.179144,0.701103
1.1632,4901,Render,Pinky_MCP,-17.962690,1.062816,20.775980,-0.195096,0.656702,0.219154,0.694732
1.1632,4901,Render,Pinky_PIP,-17.961060,1.064716,20.736690,-0.371595,0.575532,0.015324,0.728317
1.1632,4901,Render,Pinky_DIP,-17.954880,1.057279,20.721090,-0.505255,0.462642,-0.169653,0.708448
1.1632,4901,Render,Pinky_FingerTip,-17.945020,1.043717,20.711820,-0.505255,0.462642,-0.169653,0.708448
1.1750,4902,Real,Wrist,-17.918250,1.050002,20.868680,-0.026419,0.707347,0.308609,0.635392
1.1750,4902,Real,Thumb_CMC,-17.896110,1.073244,20.833910,0.407092,0.445643,-0.364142,0.709281
1.1750,4902,Real,Thumb_MCP,-17.881280,1.066494,20.793130,0.253084,0.547969,-0.561772,0.565766
1.1750,4902,Real,Thumb_IP,-17.892640,1.048926,20.748790,-0.072807,0.599183,-0.775316,0.185917
1.1750,4902,Real,Thumb_FingerTip,-17.918870,1.038223,20.745660,-0.072807,0.599183,-0.775316,0.185917
1.1750,4902,Real,Index_MCP,-17.908420,1.100082,20.766130,-0.164774,0.701032,0.123339,0.682783
1.1750,4902,Real,Index_PIP,-17.909040,1.097150,20.719390,-0.412567,0.590241,-0.138165,0.679938
1.1750,4902,Real,Index_DIP,-17.902160,1.079632,20.701520,-0.586318,0.418123,-0.357761,0.594485
1.1750,4902,Real,Index_FingerTip,-17.891550,1.055000,20.699430,-0.586318,0.418123,-0.357761,0.594485
1.1750,4902,Real,Middle_MCP,-17.933700,1.089463,20.766550,-0.237061,0.666963,0.104138,0.698655
1.1750,4902,Real,Middle_PIP,-17.929030,1.080448,20.714730,-0.518717,0.481633,-0.230885,0.667574
1.1750,4902,Real,Middle_DIP,-17.917120,1.058053,20.703540,-0.672903,0.219633,-0.489612,0.509160
1.1750,4902,Real,Middle_FingerTip,-17.905120,1.035579,20.715860,-0.672903,0.219633,-0.489612,0.509160
1.1750,4902,Real,Ring_MCP,-17.953550,1.075336,20.769830,-0.243494,0.656658,0.129412,0.701971
1.1750,4902,Real,Ring_PIP,-17.948710,1.068910,20.724000,-0.512653,0.477155,-0.199902,0.685237
1.1750,4902,Real,Ring_DIP,-17.936460,1.048804,20.712170,-0.662559,0.226949,-0.461691,0.544383
1.1750,4902,Real,Ring_FingerTip,-17.924320,1.028076,20.721580,-0.662559,0.226949,-0.461691,0.544383
1.1750,4902,Real,Pinky_MCP,-17.968640,1.060288,20.776650,-0.252405,0.647891,0.141287,0.704675
1.1750,4902,Real,Pinky_PIP,-17.963890,1.055251,20.737890,-0.516672,0.465318,-0.190509,0.692991
1.1750,4902,Real,Pinky_DIP,-17.954820,1.041586,20.729670,-0.661408,0.214501,-0.456271,0.555289
1.1750,4902,Real,Pinky_FingerTip,-17.945400,1.026442,20.736670,-0.661408,0.214501,-0.456271,0.555289
1.1750,4902,Virtual,Wrist,-17.915940,1.051189,20.868630,-0.031565,0.700808,0.316888,0.638321
1.1750,4902,Virtual,Thumb_CMC,-17.893650,1.075117,20.834420,0.409509,0.445253,-0.353143,0.713683
1.1750,4902,Virtual,Thumb_MCP,-17.878110,1.068996,20.793820,0.255505,0.548329,-0.552622,0.573291
1.1750,4902,Virtual,Thumb_IP,-17.888510,1.051668,20.749140,-0.070937,0.600763,-0.771488,0.197128
1.1750,4902,Virtual,Thumb_FingerTip,-17.914500,1.040570,20.745520,-0.070937,0.600763,-0.771488,0.197128
1.1750,4902,Virtual,Index_MCP,-17.905380,1.102393,20.766710,-0.168229,0.693871,0.130938,0.687821
1.1750,4902,Virtual,Index_PIP,-17.905250,1.099896,20.719960,-0.413126,0.582310,-0.132970,0.687431
1.1750,4902,Virtual,Index_DIP,-17.897810,1.082662,20.702030,-0.584190,0.410463,-0.355374,0.603285
1.1750,4902,Virtual,Index_FingerTip,-17.886770,1.058227,20.699870,-0.584190,0.410463,-0.355374,0.603285
1.1750,4902,Virtual,Middle_MCP,-17.930490,1.091361,20.766650,-0.240012,0.659184,0.111161,0.703928
1.1750,4902,Virtual,Middle_PIP,-17.924880,1.082916,20.714820,-0.517734,0.473371,-0.227099,0.675498
1.1750,4902,Virtual,Middle_DIP,-17.912450,1.060824,20.703620,-0.668546,0.212545,-0.489499,0.517941
1.1750,4902,Virtual,Middle_FingerTip,-17.900260,1.038432,20.715910,-0.668546,0.212545,-0.489499,0.517941
1.1750,4902,Virtual,Ring_MCP,-17.950150,1.076883,20.769500,-0.246537,0.648684,0.136362,0.706990
1.1750,4902,Virtual,Ring_PIP,-17.944510,1.070971,20.723690,-0.511787,0.468663,-0.195949,0.692844
1.1750,4902,Virtual,Ring_DIP,-17.931760,1.051181,20.711860,-0.658309,0.219547,-0.461180,0.552940
1.1750,4902,Virtual,Ring_FingerTip,-17.919420,1.030565,20.721270,-0.658309,0.219547,-0.461180,0.552940
1.1750,4902,Virtual,Pinky_MCP,-17.965090,1.061527,20.775950,-0.255453,0.639768,0.148150,0.709572
1.1750,4902,Virtual,Pinky_PIP,-17.959670,1.056936,20.737220,-0.515744,0.456692,-0.186579,0.700450
1.1750,4902,Virtual,Pinky_DIP,-17.950260,1.043499,20.729010,-0.657046,0.207001,-0.455721,0.563702
1.1750,4902,Virtual,Pinky_FingerTip,-17.940700,1.028444,20.736020,-0.657046,0.207001,-0.455721,0.563702
1.1750,4902,Render,Wrist,-17.915940,1.051189,20.868630,-0.031565,0.700808,0.316888,0.638321
1.1750,4902,Render,Thumb_CMC,-17.893650,1.075117,20.834420,0.367430,0.463687,-0.313842,0.742626
1.1750,4902,Render,Thumb_MCP,-17.877270,1.069611,20.794060,0.289524,0.515933,-0.427272,0.683687
1.1750,4902,Render,Thumb_IP,-17.872250,1.055614,20.747340,0.104782,0.582264,-0.627449,0.506258
1.1750,4902,Render,Thumb_FingerTip,-17.885510,1.040985,20.726780,0.104782,0.582264,-0.627449,0.506258
1.1750,4902,Render,Index_MCP,-17.905380,1.102393,20.766710,-0.137208,0.700665,0.161394,0.681318
1.1750,4902,Render,Index_PIP,-17.906970,1.103688,20.719930,-0.318404,0.639044,-0.025391,0.699713
1.1750,4902,Render,Index_DIP,-17.902240,1.092203,20.697140,-0.462259,0.544127,-0.192321,0.673242
1.1750,4902,Render,Index_FingerTip,-17.893260,1.071705,20.682210,-0.462259,0.544127,-0.192321,0.673242
1.1750,4902,Render,Middle_MCP,-17.930490,1.091361,20.766650,-0.162108,0.682532,0.191883,0.686333
1.1750,4902,Render,Middle_PIP,-17.930780,1.093584,20.713890,-0.337567,0.614961,0.002700,0.712646
1.1750,4902,Render,Middle_DIP,-17.924020,1.082182,20.689550,-0.475074,0.516172,-0.168122,0.692537
1.1750,4902,Render,Middle_FingerTip,-17.912400,1.061713,20.673830,-0.475074,0.516172,-0.168122,0.692537
1.1750,4902,Render,Ring_MCP,-17.950150,1.076883,20.769500,-0.184282,0.669038,0.202408,0.690985
1.1750,4902,Render,Ring_PIP,-17.949090,1.078425,20.723000,-0.364679,0.590407,0.000303,0.720020
1.1750,4902,Render,Ring_DIP,-17.941110,1.067093,20.700600,-0.502332,0.478784,-0.182082,0.696617
1.1750,4902,Render,Ring_FingerTip,-17.928850,1.048137,20.688110,-0.502332,0.478784,-0.182082,0.696617
1.1750,4902,Render,Pinky_MCP,-17.965090,1.061527,20.775950,-0.193999,0.661002,0.214387,0.692445
1.1750,4902,Render,Pinky_PIP,-17.963740,1.063119,20.736630,-0.371749,0.579967,0.011390,0.724784
1.1750,4902,Render,Pinky_DIP,-17.957740,1.055511,20.721050,-0.506527,0.466893,-0.172563,0.704034
1.1750,4902,Render,Pinky_FingerTip,-17.948080,1.041795,20.711810,-0.506527,0.466893,-0.172563,0.704034
1.1890,4903,Real,Wrist,-17.920620,1.048371,20.869180,-0.020543,0.714405,0.297243,0.633128
1.1890,4903,Real,Thumb_CMC,-17.898510,1.070673,20.833780,0.404481,0.444177,-0.377820,0.704524
1.1890,4903,Real,Thumb_MCP,-17.884470,1.063074,20.792870,0.251039,0.545782,-0.573368,0.557092
1.1890,4903,Real,Thumb_IP,-17.896880,1.045187,20.748950,-0.073397,0.596247,-0.780619,0.172442
1.1890,4903,Real,Thumb_FingerTip,-17.923380,1.035020,20.746350,-0.073397,0.596247,-0.780619,0.172442
1.1890,4903,Real,Index_MCP,-17.911280,1.096895,20.765840,-0.160670,0.708741,0.112570,0.677642
1.1890,4903,Real,Index_PIP,-17.912680,1.093374,20.719170,-0.411609,0.598922,-0.146266,0.671176
1.1890,4903,Real,Index_DIP,-17.906460,1.075481,20.701420,-0.588320,0.426625,-0.362462,0.583517
1.1890,4903,Real,Index_FingerTip,-17.896420,1.050598,20.699500,-0.588320,0.426625,-0.362462,0.583517
1.1890,4903,Real,Middle_MCP,-17.936780,1.086837,20.766780,-0.233569,0.675457,0.093972,0.693090
1.1890,4903,Real,Middle_PIP,-17.933090,1.077053,20.715020,-0.519550,0.490779,-0.237324,0.657937
1.1890,4903,Real,Middle_DIP,-17.921850,1.054261,20.703960,-0.677496,0.227586,-0.491414,0.497711
1.1890,4903,Real,Middle_FingerTip,-17.910150,1.031691,20.716390,-0.677496,0.227586,-0.491414,0.497711
1.1890,4903,Real,Ring_MCP,-17.956880,1.073191,20.770550,-0.239943,0.665414,0.119323,0.696716
1.1890,4903,Real,Ring_PIP,-17.952880,1.066068,20.724740,-0.513416,0.486572,-0.206552,0.676009
1.1890,4903,Real,Ring_DIP,-17.941250,1.045549,20.713000,-0.667092,0.235239,-0.464006,0.533245
1.1890,4903,Real,Ring_FingerTip,-17.929420,1.024684,20.722500,-0.667092,0.235239,-0.464006,0.533245
1.1890,4903,Real,Pinky_MCP,-17.972180,1.058564,20.777800,-0.248875,0.656843,0.131293,0.699558
1.1890,4903,Real,Pinky_PIP,-17.968140,1.052924,20.739040,-0.517543,0.474901,-0.197137,0.683927
1.1890,4903,Real,Pinky_DIP,-17.959490,1.038960,20.730860,-0.666106,0.222899,-0.458632,0.544312
1.1890,4903,Real,Pinky_FingerTip,-17.950290,1.023705,20.737920,-0.666106,0.222899,-0.458632,0.544312
1.1890,4903,Virtual,Wrist,-17.918260,1.050001,20.868680,-0.026419,0.707347,0.308609,0.635392
1.1890,4903,Virtual,Thumb_CMC,-17.896110,1.073243,20.833920,0.407092,0.445643,-0.364142,0.709281
1.1890,4903,Virtual,Thumb_MCP,-17.881280,1.066493,20.793140,0.253084,0.547969,-0.561772,0.565766
1.1890,4903,Virtual,Thumb_IP,-17.892650,1.048925,20.748790,-0.072807,0.599183,-0.775315,0.185916
1.1890,4903,Virtual,Thumb_FingerTip,-17.918870,1.038223,20.745660,-0.072807,0.599183,-0.775315,0.185916
1.1890,4903,Virtual,Index_MCP,-17.908420,1.100081,20.766130,-0.164774,0.701032,0.123339,0.682783
1.1890,4903,Virtual,Index_PIP,-17.909050,1.097150,20.719400,-0.412567,0.590241,-0.138165,0.679938
1.1890,4903,Virtual,Index_DIP,-17.902170,1.079632,20.701530,-0.586318,0.418123,-0.357761,0.594485
1.1890,4903,Virtual,Index_FingerTip,-17.891550,1.055000,20.699440,-0.586318,0.418123,-0.357761,0.594485
1.1890,4903,Virtual,Middle_MCP,-17.933710,1.089462,20.766550,-0.237061,0.666963,0.104139,0.698655
1.1890,4903,Virtual,Middle_PIP,-17.929030,1.080448,20.714740,-0.518716,0.481633,-0.230885,0.667574
1.1890,4903,Virtual,Middle_DIP,-17.917120,1.058052,20.703550,-0.672903,0.219633,-0.489612,0.509160
1.1890,4903,Virtual,Middle_FingerTip,-17.905120,1.035578,20.715870,-0.672903,0.219633,-0.489612,0.509160
1.1890,4903,Virtual,Ring_MCP,-17.953560,1.075336,20.769840,-0.243494,0.656659,0.129412,0.701971
1.1890,4903,Virtual,Ring_PIP,-17.948710,1.068909,20.724000,-0.512653,0.477155,-0.199901,0.685237
1.1890,4903,Virtual,Ring_DIP,-17.936460,1.048804,20.712180,-0.662559,0.226950,-0.461691,0.544382
1.1890,4903,Virtual,Ring_FingerTip,-17.924320,1.028076,20.721590,-0.662559,0.226950,-0.461691,0.544382
1.1890,4903,Virtual,Pinky_MCP,-17.968640,1.060287,20.776650,-0.252404,0.647891,0.141287,0.704675
1.1890,4903,Virtual,Pinky_PIP,-17.963890,1.055250,20.737900,-0.516672,0.465318,-0.190509,0.692991
1.1890,4903,Virtual,Pinky_DIP,-17.954820,1.041585,20.729680,-0.661408,0.214502,-0.456271,0.555289
1.1890,4903,Virtual,Pinky_FingerTip,-17.945410,1.026441,20.736680,-0.661408,0.214502,-0.456271,0.555289
1.1890,4903,Render,Wrist,-17.918260,1.050001,20.868680,-0.026419,0.707347,0.308609,0.635392
1.1890,4903,Render,Thumb_CMC,-17.896110,1.073243,20.833920,0.364967,0.464361,-0.325020,0.738601
1.1890,4903,Render,Thumb_MCP,-17.880410,1.067044,20.793380,0.286985,0.516209,-0.437674,0.677946
1.1890,4903,Render,Thumb_IP,-17.876300,1.052475,20.746740,0.102292,0.581694,-0.635400,0.497430
1.1890,4903,Render,Thumb_FingerTip,-17.890100,1.037851,20.726540,0.102292,0.581694,-0.635400,0.497430
1.1890,4903,Render,Index_MCP,-17.908420,1.100081,20.766130,-0.133438,0.707665,0.153578,0.676623
1.1890,4903,Render,Index_PIP,-17.910700,1.100969,20.719370,-0.316629,0.646794,-0.031678,0.693110
1.1890,4903,Render,Index_DIP,-17.906520,1.089198,20.696620,-0.462393,0.552077,-0.196843,0.665325
1.1890,4903,Render,Index_FingerTip,-17.898090,1.068418,20.681750,-0.462393,0.552077,-0.196843,0.665325
1.1890,4903,Render,Middle_MCP,-17.933710,1.089462,20.766550,-0.158276,0.689918,0.184298,0.681907
1.1890,4903,Render,Middle_PIP,-17.934760,1.091202,20.713790,-0.335834,0.623099,-0.003437,0.706365
1.1890,4903,Render,Middle_DIP,-17.928560,1.079467,20.689450,-0.475342,0.524488,-0.172576,0.684968
1.1890,4903,Render,Middle_FingerTip,-17.917520,1.058666,20.673760,-0.475342,0.524488,-0.172576,0.684968
1.1890,4903,Render,Ring_MCP,-17.953560,1.075336,20.769840,-0.180501,0.676690,0.195016,0.686644
1.1890,4903,Render,Ring_PIP,-17.953180,1.076431,20.723320,-0.363198,0.598813,-0.005574,0.713778
1.1890,4903,Render,Ring_DIP,-17.945730,1.064762,20.700900,-0.503028,0.487291,-0.186186,0.689090
1.1890,4903,Render,Ring_FingerTip,-17.933970,1.045493,20.688410,-0.503028,0.487291,-0.186186,0.689090
1.1890,4903,Render,Pinky_MCP,-17.968640,1.060287,20.776650,-0.190198,0.668801,0.207093,0.688217
1.1890,4903,Render,Pinky_PIP,-17.967870,1.061494,20.737310,-0.370291,0.588520,0.005576,0.718678
1.1890,4903,Render,Pinky_DIP,-17.962230,1.053645,20.721720,-0.507283,0.475537,-0.176641,0.696655
1.1890,4903,Render,Pinky_FingerTip,-17.952930,1.039687,20.712460,-0.507283,0.475537,-0.176641,0.696655
1.2024,4904,Real,Wrist,-17.922370,1.046259,20.870070,-0.018257,0.719655,0.285118,0.632828
1.2024,4904,Real,Thumb_CMC,-17.900130,1.067520,20.834110,0.401232,0.439636,-0.389357,0.702947
1.2024,4904,Real,Thumb_MCP,-17.886510,1.058974,20.793250,0.249201,0.540523,-0.584004,0.551972
1.2024,4904,Real,Thumb_IP,-17.899570,1.040573,20.749720,-0.072422,0.590781,-0.787037,0.162193
1.2024,4904,Real,Thumb_FingerTip,-17.926280,1.030858,20.747510,-0.072422,0.590781,-0.787037,0.162193
1.2024,4904,Real,Index_MCP,-17.912960,1.092784,20.765820,-0.159391,0.713890,0.100800,0.674385
1.2024,4904,Real,Index_PIP,-17.914810,1.088494,20.719230,-0.413401,0.603443,-0.157176,0.663515
1.2024,4904,Real,Index_DIP,-17.909050,1.070130,20.701820,-0.592211,0.429337,-0.371096,0.572053
1.2024,4904,Real,Index_FingerTip,-17.899470,1.045029,20.700430,-0.592211,0.429337,-0.371096,0.572053
1.2024,4904,Real,Middle_MCP,-17.938640,1.083223,20.767140,-0.232920,0.681165,0.082534,0.689167
1.2024,4904,Real,Middle_PIP,-17.935550,1.072474,20.715540,-0.522586,0.495117,-0.246920,0.648686
1.2024,4904,Real,Middle_DIP,-17.924800,1.049250,20.704880,-0.682476,0.229048,-0.497100,0.484412
1.2024,4904,Real,Middle_FingerTip,-17.913460,1.026774,20.717800,-0.682476,0.229048,-0.497100,0.484412
1.2024,4904,Real,Ring_MCP,-17.958950,1.070024,20.771310,-0.239265,0.671439,0.108018,0.693004
1.2024,4904,Real,Ring_PIP,-17.955460,1.062039,20.725600,-0.516444,0.491287,-0.216239,0.667205
1.2024,4904,Real,Ring_DIP,-17.944300,1.041069,20.714210,-0.672181,0.237173,-0.470149,0.520464
1.2024,4904,Real,Ring_FingerTip,-17.932810,1.020217,20.724140,-0.672181,0.237173,-0.470149,0.520464
1.2024,4904,Real,Pinky_MCP,-17.974460,1.055816,20.778920,-0.248255,0.663069,0.120071,0.695911
1.2024,4904,Real,Pinky_PIP,-17.970840,1.049433,20.740240,-0.520692,0.479762,-0.206793,0.675237
1.2024,4904,Real,Pinky_DIP,-17.962510,1.035144,20.732310,-0.671345,0.224918,-0.464813,0.531655
1.2024,4904,Real,Pinky_FingerTip,-17.953570,1.019890,20.739680,-0.671345,0.224918,-0.464813,0.531655
1.2024,4904,Virtual,Wrist,-17.920630,1.048373,20.869190,-0.020544,0.714405,0.297243,0.633128
1.2024,4904,Virtual,Thumb_CMC,-17.898520,1.070674,20.833790,0.404812,0.443969,-0.377311,0.704738
1.2024,4904,Virtual,Thumb_MCP,-17.884420,1.063105,20.792890,0.251302,0.545737,-0.573067,0.557328
1.2024,4904,Virtual,Thumb_IP,-17.896800,1.045235,20.748940,-0.073379,0.596319,-0.780553,0.172501
1.2024,4904,Virtual,Thumb_FingerTip,-17.923290,1.035066,20.746350,-0.073379,0.596319,-0.780553,0.172501
1.2024,4904,Virtual,Index_MCP,-17.911280,1.096896,20.765850,-0.160515,0.708776,0.112719,0.677618
1.2024,4904,Virtual,Index_PIP,-17.912690,1.093394,20.719170,-0.412543,0.598278,-0.147314,0.670947
1.2024,4904,Virtual,Index_DIP,-17.906450,1.075451,20.701490,-0.589667,0.424761,-0.364306,0.582368
1.2024,4904,Virtual,Index_FingerTip,-17.896390,1.050561,20.699730,-0.589667,0.424761,-0.364306,0.582368
1.2024,4904,Virtual,Middle_MCP,-17.936780,1.086838,20.766790,-0.233529,0.675470,0.094013,0.693085
1.2024,4904,Virtual,Middle_PIP,-17.933100,1.077060,20.715030,-0.520481,0.489791,-0.238573,0.657486
1.2024,4904,Virtual,Middle_DIP,-17.921830,1.054231,20.704060,-0.678325,0.225103,-0.493234,0.495908
1.2024,4904,Virtual,Middle_FingerTip,-17.910180,1.031745,20.716680,-0.678325,0.225103,-0.493234,0.495908
1.2024,4904,Virtual,Ring_MCP,-17.956880,1.073192,20.770560,-0.239850,0.665447,0.119420,0.696700
1.2024,4904,Virtual,Ring_PIP,-17.952880,1.066080,20.724740,-0.514264,0.485676,-0.207731,0.675648
1.2024,4904,Virtual,Ring_DIP,-17.941240,1.045526,20.713080,-0.667897,0.232943,-0.465837,0.531647
1.2024,4904,Virtual,Ring_FingerTip,-17.929440,1.024718,20.722750,-0.667897,0.232943,-0.465837,0.531647
1.2024,4904,Virtual,Pinky_MCP,-17.972180,1.058566,20.777800,-0.248784,0.656877,0.131390,0.699540
1.2024,4904,Virtual,Pinky_PIP,-17.968150,1.052935,20.739040,-0.518370,0.473997,-0.198330,0.683582
1.2024,4904,Virtual,Pinky_DIP,-17.959490,1.038945,20.730930,-0.666869,0.220606,-0.460502,0.542732
1.2024,4904,Virtual,Pinky_FingerTip,-17.950320,1.023732,20.738110,-0.666869,0.220606,-0.460502,0.542732
1.2024,4904,Render,Wrist,-17.920630,1.048373,20.869190,-0.020544,0.714405,0.297243,0.633128
1.2024,4904,Render,Thumb_CMC,-17.898520,1.070674,20.833790,0.362668,0.463830,-0.338823,0.733848
1.2024,4904,Render,Thumb_MCP,-17.883580,1.063611,20.793100,0.284799,0.515321,-0.450552,0.671072
1.2024,4904,Render,Thumb_IP,-17.880500,1.048353,20.746610,0.100517,0.580140,-0.645320,0.486721
1.2024,4904,Render,Thumb_FingerTip,-17.894920,1.033774,20.726820,0.100517,0.580140,-0.645320,0.486721
1.2024,4904,Render,Index_MCP,-17.911280,1.096896,20.765850,-0.128996,0.715185,0.142592,0.671967
1.2024,4904,Render,Index_PIP,-17.914260,1.097230,20.719120,-0.314343,0.655223,-0.041033,0.685702
1.2024,4904,Render,Index_DIP,-17.910680,1.085077,20.696460,-0.462194,0.560808,-0.204151,0.655892
1.2024,4904,Render,Index_FingerTip,-17.902940,1.063928,20.681750,-0.462194,0.560808,-0.204151,0.655892
1.2024,4904,Render,Middle_MCP,-17.936780,1.086838,20.766790,-0.153825,0.697950,0.173556,0.677557
1.2024,4904,Render,Middle_PIP,-17.938610,1.087919,20.714030,-0.333676,0.632025,-0.012638,0.699317
1.2024,4904,Render,Middle_DIP,-17.933040,1.075737,20.689750,-0.475386,0.533671,-0.179820,0.675921
1.2024,4904,Render,Middle_FingerTip,-17.922690,1.054499,20.674180,-0.475386,0.533671,-0.179820,0.675921
1.2024,4904,Render,Ring_MCP,-17.956880,1.073192,20.770560,-0.176141,0.685072,0.184476,0.682364
1.2024,4904,Render,Ring_PIP,-17.957190,1.073677,20.724030,-0.361365,0.608082,-0.014488,0.706712
1.2024,4904,Render,Ring_DIP,-17.950340,1.061560,20.701660,-0.503603,0.496722,-0.193020,0.679997
1.2024,4904,Render,Ring_FingerTip,-17.939190,1.041879,20.689250,-0.503603,0.496722,-0.193020,0.679997
1.2024,4904,Render,Pinky_MCP,-17.972180,1.058566,20.777800,-0.185841,0.677380,0.196661,0.684065
1.2024,4904,Render,Pinky_PIP,-17.971990,1.059246,20.738430,-0.368517,0.597977,-0.003271,0.711765
1.2024,4904,Render,Pinky_DIP,-17.966760,1.051075,20.722860,-0.507962,0.485134,-0.183448,0.687725
1.2024,4904,Render,Pinky_FingerTip,-17.957910,1.036799,20.713650,-0.507962,0.485134,-0.183448,0.687725
1.2167,4905,Real,Wrist,-17.923510,1.043518,20.871300,-0.021184,0.723926,0.271630,0.633799
1.2167,4905,Real,Thumb_CMC,-17.901060,1.063550,20.834770,0.395042,0.433096,-0.399430,0.704859
1.2167,4905,Real,Thumb_MCP,-17.887630,1.053851,20.794100,0.245406,0.532359,-0.594056,0.550879
1.2167,4905,Real,Thumb_IP,-17.901000,1.034571,20.751050,-0.071113,0.581871,-0.794946,0.156305
1.2167,4905,Real,Thumb_FingerTip,-17.927820,1.025130,20.749090,-0.071113,0.581871,-0.794946,0.156305
1.2167,4905,Real,Index_MCP,-17.913680,1.087237,20.765880,-0.163043,0.716804,0.087253,0.672306
1.2167,4905,Real,Index_PIP,-17.915690,1.081785,20.719410,-0.417875,0.604791,-0.168978,0.656548
1.2167,4905,Real,Index_DIP,-17.910200,1.062907,20.702460,-0.596878,0.429102,-0.379869,0.561523
1.2167,4905,Real,Index_FingerTip,-17.900970,1.037651,20.701700,-0.596878,0.429102,-0.379869,0.561523
1.2167,4905,Real,Middle_MCP,-17.939480,1.078063,20.767480,-0.236853,0.684410,0.069512,0.686041
1.2167,4905,Real,Middle_PIP,-17.936660,1.065979,20.716160,-0.527439,0.496312,-0.256823,0.639942
1.2167,4905,Real,Middle_DIP,-17.926250,1.042355,20.706060,-0.687324,0.228261,-0.502282,0.472437
1.2167,4905,Real,Middle_FingerTip,-17.915180,1.020045,20.719500,-0.687324,0.228261,-0.502282,0.472437
1.2167,4905,Real,Ring_MCP,-17.959960,1.065251,20.772020,-0.243223,0.675083,0.095168,0.689963
1.2167,4905,Real,Ring_PIP,-17.956690,1.056081,20.726510,-0.521411,0.492976,-0.226054,0.658791
1.2167,4905,Real,Ring_DIP,-17.945840,1.034691,20.715610,-0.677313,0.236944,-0.475470,0.508954
1.2167,4905,Real,Ring_FingerTip,-17.934600,1.013923,20.726010,-0.677313,0.236944,-0.475470,0.508954
1.2167,4905,Real,Pinky_MCP,-17.975650,1.051454,20.780020,-0.252297,0.666934,0.107316,0.692841
1.2167,4905,Real,Pinky_PIP,-17.972210,1.044059,20.741500,-0.525838,0.481612,-0.216507,0.666835
1.2167,4905,Real,Pinky_DIP,-17.964100,1.029470,20.733900,-0.676711,0.224762,-0.470043,0.520197
1.2167,4905,Real,Pinky_FingerTip,-17.955340,1.014273,20.741610,-0.676711,0.224762,-0.470043,0.520197
1.2167,4905,Virtual,Wrist,-17.922370,1.046257,20.870080,-0.018257,0.719655,0.285118,0.632828
1.2167,4905,Virtual,Thumb_CMC,-17.900140,1.067518,20.834120,0.401424,0.440177,-0.388715,0.702854
1.2167,4905,Virtual,Thumb_MCP,-17.886510,1.059042,20.793240,0.249346,0.541039,-0.583238,0.552211
1.2167,4905,Virtual,Thumb_IP,-17.899540,1.040689,20.749690,-0.072326,0.591326,-0.786444,0.163126
1.2167,4905,Virtual,Thumb_FingerTip,-17.926230,1.030939,20.747430,-0.072326,0.591326,-0.786444,0.163126
1.2167,4905,Virtual,Index_MCP,-17.912970,1.092783,20.765830,-0.159392,0.713890,0.100801,0.674386
1.2167,4905,Virtual,Index_PIP,-17.914820,1.088492,20.719230,-0.413402,0.603443,-0.157176,0.663515
1.2167,4905,Virtual,Index_DIP,-17.909050,1.070128,20.701820,-0.592212,0.429336,-0.371095,0.572053
1.2167,4905,Virtual,Index_FingerTip,-17.899470,1.045028,20.700430,-0.592212,0.429336,-0.371095,0.572053
1.2167,4905,Virtual,Middle_MCP,-17.938640,1.083222,20.767150,-0.232783,0.681212,0.082673,0.689151
1.2167,4905,Virtual,Middle_PIP,-17.935560,1.072492,20.715540,-0.522348,0.495368,-0.246609,0.648805
1.2167,4905,Virtual,Middle_DIP,-17.924820,1.049277,20.704860,-0.682309,0.229546,-0.496746,0.484775
1.2167,4905,Virtual,Middle_FingerTip,-17.913480,1.026783,20.717740,-0.682309,0.229546,-0.496746,0.484775
1.2167,4905,Virtual,Ring_MCP,-17.958950,1.070023,20.771310,-0.239062,0.671511,0.108228,0.692971
1.2167,4905,Virtual,Ring_PIP,-17.955480,1.062062,20.725600,-0.516086,0.491664,-0.215752,0.667363
1.2167,4905,Virtual,Ring_DIP,-17.944320,1.041107,20.714180,-0.671917,0.237921,-0.469569,0.520987
1.2167,4905,Virtual,Ring_FingerTip,-17.932830,1.020234,20.724060,-0.671917,0.237921,-0.469569,0.520987
1.2167,4905,Virtual,Pinky_MCP,-17.974460,1.055814,20.778930,-0.248055,0.663144,0.120282,0.695875
1.2167,4905,Virtual,Pinky_PIP,-17.970860,1.049452,20.740250,-0.520342,0.480141,-0.206301,0.675388
1.2167,4905,Virtual,Pinky_DIP,-17.962530,1.035173,20.732280,-0.671094,0.225665,-0.464221,0.532173
1.2167,4905,Virtual,Pinky_FingerTip,-17.953590,1.019905,20.739620,-0.671094,0.225665,-0.464221,0.532173
1.2167,4905,Render,Wrist,-17.922370,1.046257,20.870080,-0.018257,0.719655,0.285118,0.632828
1.2167,4905,Render,Thumb_CMC,-17.900140,1.067518,20.834120,0.359173,0.460343,-0.351151,0.731965
1.2167,4905,Render,Thumb_MCP,-17.885670,1.059466,20.793450,0.281900,0.511325,-0.462427,0.667264
1.2167,4905,Render,Thumb_IP,-17.883250,1.043343,20.747210,0.099084,0.575416,-0.655295,0.479237
1.2167,4905,Render,Thumb_FingerTip,-17.898090,1.028693,20.727790,0.099084,0.575416,-0.655295,0.479237
1.2167,4905,Render,Index_MCP,-17.912970,1.092783,20.765830,-0.127647,0.720243,0.130542,0.669265
1.2167,4905,Render,Index_PIP,-17.916320,1.092355,20.719120,-0.314387,0.660458,-0.051932,0.679897
1.2167,4905,Render,Index_DIP,-17.913150,1.079743,20.696660,-0.463491,0.565880,-0.213341,0.647644
1.2167,4905,Render,Index_FingerTip,-17.905920,1.058198,20.682260,-0.463491,0.565880,-0.213341,0.647644
1.2167,4905,Render,Middle_MCP,-17.938640,1.083222,20.767150,-0.152561,0.703535,0.161701,0.674994
1.2167,4905,Render,Middle_PIP,-17.940870,1.083414,20.714390,-0.333942,0.637746,-0.023386,0.693698
1.2167,4905,Render,Middle_DIP,-17.935730,1.070708,20.690300,-0.477014,0.539161,-0.188909,0.667890
1.2167,4905,Render,Middle_FingerTip,-17.925910,1.049010,20.675020,-0.477014,0.539161,-0.188909,0.667890
1.2167,4905,Render,Ring_MCP,-17.958950,1.070023,20.771310,-0.174994,0.690981,0.172777,0.679758
1.2167,4905,Render,Ring_PIP,-17.959640,1.069700,20.724780,-0.361924,0.614076,-0.024985,0.700927
1.2167,4905,Render,Ring_DIP,-17.953200,1.057067,20.702580,-0.505662,0.502379,-0.201709,0.671741
1.2167,4905,Render,Ring_FingerTip,-17.942520,1.036967,20.690430,-0.505662,0.502379,-0.201709,0.671741
1.2167,4905,Render,Pinky_MCP,-17.974460,1.055814,20.778930,-0.184732,0.683495,0.185051,0.681517
1.2167,4905,Render,Pinky_PIP,-17.974580,1.055803,20.739560,-0.369169,0.604157,-0.013699,0.706061
1.2167,4905,Render,Pinky_DIP,-17.969630,1.047264,20.724090,-0.510158,0.490948,-0.192091,0.679566
1.2167,4905,Render,Pinky_FingerTip,-17.961120,1.032666,20.715070,-0.510158,0.490948,-0.192091,0.679566
1.2303,4906,Real,Wrist,-17.924430,1.039805,20.873670,-0.028609,0.727948,0.253137,0.636549
1.2303,4906,Real,Thumb_CMC,-17.901580,1.058102,20.836490,0.385850,0.420222,-0.411416,0.710824
1.2303,4906,Real,Thumb_MCP,-17.888040,1.046658,20.796310,0.240653,0.517255,-0.607168,0.553065
1.2303,4906,Real,Thumb_IP,-17.901400,1.025936,20.753930,-0.066998,0.566549,-0.807191,0.151582
1.2303,4906,Real,Thumb_FingerTip,-17.928330,1.016798,20.752120,-0.066998,0.566549,-0.807191,0.151582
1.2303,4906,Real,Index_MCP,-17.913610,1.079312,20.766700,-0.170412,0.718361,0.068838,0.670953
1.2303,4906,Real,Index_PIP,-17.915560,1.072173,20.720460,-0.425724,0.603193,-0.186032,0.648313
1.2303,4906,Real,Index_DIP,-17.910290,1.052581,20.704270,-0.604005,0.424572,-0.393512,0.547782
1.2303,4906,Real,Index_FingerTip,-17.901420,1.027187,20.704540,-0.604005,0.424572,-0.393512,0.547782
1.2303,4906,Real,Middle_MCP,-17.939550,1.070576,20.768550,-0.244244,0.686347,0.051938,0.683063
1.2303,4906,Real,Middle_PIP,-17.936780,1.056618,20.717690,-0.534787,0.494702,-0.270885,0.629202
1.2303,4906,Real,Middle_DIP,-17.926700,1.032502,20.708470,-0.693273,0.223831,-0.510437,0.456866
1.2303,4906,Real,Middle_FingerTip,-17.915980,1.010521,20.722710,-0.693273,0.223831,-0.510437,0.456866
1.2303,4906,Real,Ring_MCP,-17.960240,1.058241,20.773490,-0.250348,0.677731,0.078203,0.686943
1.2303,4906,Real,Ring_PIP,-17.957020,1.047449,20.728330,-0.528385,0.492751,-0.239073,0.648730
1.2303,4906,Real,Ring_DIP,-17.946480,1.025560,20.718150,-0.683338,0.234613,-0.482718,0.494964
1.2303,4906,Real,Ring_FingerTip,-17.935540,1.004959,20.729180,-0.683338,0.234613,-0.482718,0.494964
1.2303,4906,Real,Pinky_MCP,-17.976140,1.044985,20.781950,-0.259573,0.669895,0.090472,0.689694
1.2303,4906,Real,Pinky_PIP,-17.972750,1.036206,20.743720,-0.533100,0.481604,-0.229351,0.656705
1.2303,4906,Real,Pinky_DIP,-17.964850,1.021260,20.736600,-0.683100,0.222512,-0.477091,0.506209
1.2303,4906,Real,Pinky_FingerTip,-17.956310,1.006182,20.744770,-0.683100,0.222512,-0.477091,0.506209
1.2303,4906,Virtual,Wrist,-17.923510,1.043520,20.871310,-0.021184,0.723926,0.271630,0.633799
1.2303,4906,Virtual,Thumb_CMC,-17.901070,1.063553,20.834780,0.395587,0.432088,-0.398903,0.705470
1.2303,4906,Virtual,Thumb_MCP,-17.887530,1.053850,20.794150,0.246345,0.531510,-0.593621,0.551748
1.2303,4906,Virtual,Thumb_IP,-17.900750,1.034571,20.751050,-0.069645,0.581669,-0.794972,0.157578
1.2303,4906,Virtual,Thumb_FingerTip,-17.927560,1.025122,20.748980,-0.069645,0.581669,-0.794972,0.157578
1.2303,4906,Virtual,Index_MCP,-17.913680,1.087240,20.765890,-0.162572,0.716911,0.087695,0.672249
1.2303,4906,Virtual,Index_PIP,-17.915710,1.081845,20.719420,-0.417908,0.604768,-0.169014,0.656539
1.2303,4906,Virtual,Index_DIP,-17.910230,1.062965,20.702470,-0.597176,0.428686,-0.380259,0.561259
1.2303,4906,Virtual,Index_FingerTip,-17.900990,1.037709,20.701740,-0.597176,0.428686,-0.380259,0.561259
1.2303,4906,Virtual,Middle_MCP,-17.939490,1.078065,20.767490,-0.235958,0.684720,0.070410,0.685949
1.2303,4906,Virtual,Middle_PIP,-17.936720,1.066103,20.716130,-0.526692,0.497105,-0.255859,0.640328
1.2303,4906,Virtual,Middle_DIP,-17.926330,1.042505,20.705960,-0.686939,0.229415,-0.501487,0.473281
1.2303,4906,Virtual,Middle_FingerTip,-17.915250,1.020152,20.719310,-0.686939,0.229415,-0.501487,0.473281
1.2303,4906,Virtual,Ring_MCP,-17.959970,1.065254,20.772030,-0.241877,0.675567,0.096544,0.689772
1.2303,4906,Virtual,Ring_PIP,-17.956780,1.056243,20.726480,-0.519845,0.494627,-0.223964,0.659504
1.2303,4906,Virtual,Ring_DIP,-17.945970,1.034914,20.715430,-0.676304,0.239807,-0.473312,0.510961
1.2303,4906,Virtual,Ring_FingerTip,-17.934700,1.014066,20.725620,-0.676304,0.239807,-0.473312,0.510961
1.2303,4906,Virtual,Pinky_MCP,-17.975650,1.051456,20.780030,-0.250968,0.667436,0.108698,0.692625
1.2303,4906,Virtual,Pinky_PIP,-17.972290,1.044195,20.741480,-0.524308,0.483277,-0.214391,0.667519
1.2303,4906,Virtual,Pinky_DIP,-17.964200,1.029647,20.733770,-0.675754,0.227624,-0.467837,0.522181
1.2303,4906,Virtual,Pinky_FingerTip,-17.955410,1.014393,20.741330,-0.675754,0.227624,-0.467837,0.522181
1.2303,4906,Render,Wrist,-17.923510,1.043520,20.871310,-0.021184,0.723926,0.271630,0.633799
1.2303,4906,Render,Thumb_CMC,-17.901070,1.063553,20.834780,0.352985,0.454504,-0.362119,0.733279
1.2303,4906,Render,Thumb_MCP,-17.886810,1.054323,20.794280,0.276712,0.504582,-0.473465,0.666828
1.2303,4906,Render,Thumb_IP,-17.884730,1.037055,20.748440,0.096389,0.567346,-0.665583,0.475213
1.2303,4906,Render,Thumb_FingerTip,-17.899830,1.022143,20.729410,0.096389,0.567346,-0.665583,0.475213
1.2303,4906,Render,Index_MCP,-17.913680,1.087240,20.765890,-0.131166,0.723317,0.116916,0.667787
1.2303,4906,Render,Index_PIP,-17.917140,1.085666,20.719210,-0.318596,0.662486,-0.064676,0.674852
1.2303,4906,Render,Index_DIP,-17.914180,1.072443,20.697070,-0.468064,0.566841,-0.224504,0.639693
1.2303,4906,Render,Index_FingerTip,-17.907280,1.050443,20.683220,-0.468064,0.566841,-0.224504,0.639693
1.2303,4906,Render,Middle_MCP,-17.939490,1.078065,20.767490,-0.156236,0.707183,0.148269,0.673424
1.2303,4906,Render,Middle_PIP,-17.941820,1.076942,20.714750,-0.338453,0.640286,-0.035918,0.688617
1.2303,4906,Render,Middle_DIP,-17.936900,1.063556,20.690980,-0.482002,0.540547,-0.199859,0.659954
1.2303,4906,Render,Middle_FingerTip,-17.927400,1.041345,20.676240,-0.482002,0.540547,-0.199859,0.659954
1.2303,4906,Render,Ring_MCP,-17.959970,1.065254,20.772030,-0.178801,0.694928,0.159493,0.677988
1.2303,4906,Render,Ring_PIP,-17.960750,1.063753,20.725520,-0.366686,0.616795,-0.037238,0.695499
1.2303,4906,Render,Ring_DIP,-17.954520,1.050472,20.703640,-0.510957,0.503803,-0.212188,0.663387
1.2303,4906,Render,Ring_FingerTip,-17.944140,1.029926,20.691990,-0.510957,0.503803,-0.212188,0.663387
1.2303,4906,Render,Pinky_MCP,-17.975650,1.051456,20.780030,-0.188601,0.687667,0.171858,0.679713
1.2303,4906,Render,Pinky_PIP,-17.975850,1.050442,20.740670,-0.374053,0.607075,-0.025855,0.700626
1.2303,4906,Render,Pinky_DIP,-17.971050,1.041446,20.725420,-0.515622,0.492534,-0.202475,0.671229
1.2303,4906,Render,Pinky_FingerTip,-17.962750,1.026507,20.716750,-0.515622,0.492534,-0.202475,0.671229
1.2445,4907,Real,Wrist,-17.925620,1.035867,20.876290,-0.036082,0.732446,0.234063,0.638307
1.2445,4907,Real,Thumb_CMC,-17.902440,1.052348,20.838470,0.376541,0.408447,-0.421891,0.716517
1.2445,4907,Real,Thumb_MCP,-17.888810,1.039307,20.798820,0.235514,0.503135,-0.618685,0.555534
1.2445,4907,Real,Thumb_IP,-17.902140,1.017223,20.757110,-0.063614,0.551874,-0.818196,0.148133
1.2445,4907,Real,Thumb_FingerTip,-17.929160,1.008314,20.755420,-0.063614,0.551874,-0.818196,0.148133
1.2445,4907,Real,Index_MCP,-17.914070,1.070961,20.767870,-0.176393,0.720733,0.051527,0.668413
1.2445,4907,Real,Index_PIP,-17.916150,1.062279,20.721900,-0.432587,0.602858,-0.201607,0.639363
1.2445,4907,Real,Index_DIP,-17.911170,1.042050,20.706420,-0.610625,0.421553,-0.405505,0.533850
1.2445,4907,Real,Index_FingerTip,-17.902680,1.016554,20.707630,-0.610625,0.421553,-0.405505,0.533850
1.2445,4907,Real,Middle_MCP,-17.940140,1.062681,20.770010,-0.249447,0.689605,0.036430,0.678892
1.2445,4907,Real,Middle_PIP,-17.937700,1.047126,20.719610,-0.539973,0.496194,-0.281520,0.618844
1.2445,4907,Real,Middle_DIP,-17.928020,1.022614,20.711010,-0.698225,0.224188,-0.514976,0.443870
1.2445,4907,Real,Middle_FingerTip,-17.917580,1.000816,20.725730,-0.698225,0.224188,-0.514976,0.443870
1.2445,4907,Real,Ring_MCP,-17.961010,1.050852,20.775390,-0.255253,0.681767,0.063342,0.682662
1.2445,4907,Real,Ring_PIP,-17.958100,1.038680,20.730570,-0.533085,0.495763,-0.248492,0.638977
1.2445,4907,Real,Ring_DIP,-17.947960,1.016390,20.720860,-0.688215,0.237320,-0.486032,0.483543
1.2445,4907,Real,Ring_FingerTip,-17.937260,0.995835,20.732200,-0.688215,0.237320,-0.486032,0.483543
1.2445,4907,Real,Pinky_MCP,-17.977120,1.038173,20.784340,-0.264638,0.674290,0.075750,0.685246
1.2445,4907,Real,Pinky_PIP,-17.974000,1.028209,20.746380,-0.538138,0.484880,-0.238548,0.646835
1.2445,4907,Real,Pinky_DIP,-17.966370,1.012974,20.739580,-0.688426,0.225323,-0.480122,0.494755
1.2445,4907,Real,Pinky_FingerTip,-17.957990,0.997929,20.747970,-0.688426,0.225323,-0.480122,0.494755
1.2445,4907,Virtual,Wrist,-17.924440,1.039803,20.873670,-0.028609,0.727948,0.253137,0.636549
1.2445,4907,Virtual,Thumb_CMC,-17.901580,1.058099,20.836490,0.387263,0.420032,-0.408848,0.711649
1.2445,4907,Virtual,Thumb_MCP,-17.887840,1.046832,20.796340,0.242234,0.517419,-0.604780,0.554835
1.2445,4907,Virtual,Thumb_IP,-17.900930,1.026218,20.753820,-0.065391,0.567559,-0.805994,0.154836
1.2445,4907,Virtual,Thumb_FingerTip,-17.927820,1.016990,20.751820,-0.065391,0.567559,-0.805994,0.154836
1.2445,4907,Virtual,Index_MCP,-17.913620,1.079310,20.766700,-0.168365,0.718844,0.070749,0.670754
1.2445,4907,Virtual,Index_PIP,-17.915660,1.072419,20.720430,-0.424435,0.604101,-0.184647,0.648708
1.2445,4907,Virtual,Index_DIP,-17.910420,1.052891,20.704150,-0.603370,0.425474,-0.392693,0.548370
1.2445,4907,Virtual,Index_FingerTip,-17.901550,1.027494,20.704350,-0.603370,0.425474,-0.392693,0.548370
1.2445,4907,Virtual,Middle_MCP,-17.939560,1.070573,20.768550,-0.240983,0.687499,0.055180,0.682809
1.2445,4907,Virtual,Middle_PIP,-17.936990,1.057055,20.717570,-0.531493,0.498239,-0.266705,0.630985
1.2445,4907,Virtual,Middle_DIP,-17.926980,1.033045,20.708000,-0.691384,0.229599,-0.506613,0.461103
1.2445,4907,Virtual,Middle_FingerTip,-17.916190,1.010839,20.721830,-0.691384,0.229599,-0.506613,0.461103
1.2445,4907,Virtual,Ring_MCP,-17.960240,1.058239,20.773490,-0.246633,0.679092,0.081963,0.686504
1.2445,4907,Virtual,Ring_PIP,-17.957250,1.047887,20.728220,-0.524179,0.497223,-0.233552,0.650738
1.2445,4907,Virtual,Ring_DIP,-17.946800,1.026148,20.717620,-0.680663,0.242264,-0.477136,0.500347
1.2445,4907,Virtual,Ring_FingerTip,-17.935790,1.005320,20.728130,-0.680663,0.242264,-0.477136,0.500347
1.2445,4907,Virtual,Pinky_MCP,-17.976150,1.044983,20.781960,-0.255900,0.671306,0.094248,0.689188
1.2445,4907,Virtual,Pinky_PIP,-17.972960,1.036571,20.743630,-0.528988,0.486117,-0.223762,0.658630
1.2445,4907,Virtual,Pinky_DIP,-17.965120,1.021728,20.736220,-0.680561,0.230160,-0.471383,0.511528
1.2445,4907,Virtual,Pinky_FingerTip,-17.956510,1.006487,20.744000,-0.680561,0.230160,-0.471383,0.511528
1.2445,4907,Render,Wrist,-17.924440,1.039803,20.873670,-0.028609,0.727948,0.253137,0.636549
1.2445,4907,Render,Thumb_CMC,-17.901580,1.058099,20.836490,0.342418,0.443140,-0.375507,0.738493
1.2445,4907,Render,Thumb_MCP,-17.887300,1.047072,20.796460,0.268074,0.491690,-0.487509,0.669860
1.2445,4907,Render,Thumb_IP,-17.885280,1.027974,20.751350,0.092444,0.552337,-0.679846,0.473484
1.2445,4907,Render,Thumb_FingerTip,-17.900520,1.012536,20.732860,0.092444,0.552337,-0.679846,0.473484
1.2445,4907,Render,Index_MCP,-17.913620,1.079310,20.766700,-0.138936,0.725107,0.098020,0.667315
1.2445,4907,Render,Index_PIP,-17.916940,1.076001,20.720110,-0.326562,0.662148,-0.082767,0.669378
1.2445,4907,Render,Index_DIP,-17.914100,1.061900,20.698510,-0.475716,0.564604,-0.240757,0.630042
1.2445,4907,Render,Index_FingerTip,-17.907470,1.039288,20.685530,-0.475716,0.564604,-0.240757,0.630042
1.2445,4907,Render,Middle_MCP,-17.939560,1.070573,20.768550,-0.164281,0.709746,0.129589,0.672666
1.2445,4907,Render,Middle_PIP,-17.941730,1.067465,20.715880,-0.346890,0.640620,-0.053727,0.682925
1.2445,4907,Render,Middle_DIP,-17.936920,1.053111,20.692660,-0.490274,0.538850,-0.215785,0.650161
1.2445,4907,Render,Middle_FingerTip,-17.927690,1.030218,20.678820,-0.490274,0.538850,-0.215785,0.650161
1.2445,4907,Render,Ring_MCP,-17.960240,1.058239,20.773490,-0.187039,0.697862,0.140970,0.676856
1.2445,4907,Render,Ring_PIP,-17.960880,1.054971,20.727080,-0.375415,0.617299,-0.054699,0.689213
1.2445,4907,Render,Ring_DIP,-17.954770,1.040774,20.705740,-0.519530,0.502079,-0.227487,0.652883
1.2445,4907,Render,Ring_FingerTip,-17.944650,1.019651,20.694930,-0.519530,0.502079,-0.227487,0.652883
1.2445,4907,Render,Pinky_MCP,-17.976150,1.044983,20.781960,-0.196944,0.690906,0.153440,0.678468
1.2445,4907,Render,Pinky_PIP,-17.976220,1.042466,20.742670,-0.382970,0.607842,-0.043183,0.694261
1.2445,4907,Render,Pinky_DIP,-17.971500,1.032825,20.727790,-0.524442,0.491017,-0.217625,0.660684
1.2445,4907,Render,Pinky_FingerTip,-17.963390,1.017449,20.719730,-0.524442,0.491017,-0.217625,0.660684
1.2590,4908,Real,Wrist,-17.927240,1.031503,20.879610,-0.044394,0.738385,0.212547,0.638468
1.2590,4908,Real,Thumb_CMC,-17.903890,1.045901,20.841040,0.364965,0.394805,-0.434149,0.722803
1.2590,4908,Real,Thumb_MCP,-17.890230,1.030996,20.802070,0.228809,0.486536,-0.632031,0.558092
1.2590,4908,Real,Thumb_IP,-17.903580,1.007323,20.761260,-0.060198,0.534273,-0.830788,0.143944
1.2590,4908,Real,Thumb_FingerTip,-17.930690,0.998674,20.759730,-0.060198,0.534273,-0.830788,0.143944
1.2590,4908,Real,Index_MCP,-17.915390,1.061508,20.769700,-0.181163,0.724839,0.034294,0.663787
1.2590,4908,Real,Index_PIP,-17.917880,1.051342,20.724050,-0.437252,0.605823,-0.214525,0.629101
1.2590,4908,Real,Index_DIP,-17.913370,1.030585,20.709140,-0.615203,0.423954,-0.413203,0.520626
1.2590,4908,Real,Index_FingerTip,-17.905320,1.004978,20.710940,-0.615203,0.423954,-0.413203,0.520626
1.2590,4908,Real,Middle_MCP,-17.941580,1.053747,20.772250,-0.252878,0.695151,0.021879,0.672561
1.2590,4908,Real,Middle_PIP,-17.939850,1.036736,20.722290,-0.542551,0.502813,-0.287828,0.608254
1.2590,4908,Real,Middle_DIP,-17.930750,1.011906,20.713990,-0.702085,0.232938,-0.513910,0.434412
1.2590,4908,Real,Middle_FingerTip,-17.920460,0.990014,20.728680,-0.702085,0.232938,-0.513910,0.434412
1.2590,4908,Real,Ring_MCP,-17.962610,1.042503,20.778190,-0.259162,0.687912,0.048680,0.676197
1.2590,4908,Real,Ring_PIP,-17.960340,1.028974,20.733720,-0.536450,0.502603,-0.255113,0.628116
1.2590,4908,Real,Ring_DIP,-17.950740,1.006326,20.724300,-0.692800,0.245797,-0.485244,0.473446
1.2590,4908,Real,Ring_FingerTip,-17.940200,0.985684,20.735640,-0.692800,0.245797,-0.485244,0.473446
1.2590,4908,Real,Pinky_MCP,-17.978900,1.030495,20.787720,-0.268710,0.680875,0.061262,0.678566
1.2590,4908,Real,Pinky_PIP,-17.976330,1.019362,20.750040,-0.541906,0.492071,-0.244873,0.635800
1.2590,4908,Real,Pinky_DIP,-17.969070,1.003866,20.743430,-0.693583,0.233961,-0.478937,0.484587
1.2590,4908,Real,Pinky_FingerTip,-17.960800,0.988756,20.751820,-0.693583,0.233961,-0.478937,0.484587
1.2590,4908,Virtual,Wrist,-17.925620,1.035870,20.876300,-0.036082,0.732446,0.234063,0.638307
1.2590,4908,Virtual,Thumb_CMC,-17.902450,1.052351,20.838470,0.378383,0.406634,-0.419107,0.718209
1.2590,4908,Virtual,Thumb_MCP,-17.888480,1.039429,20.798890,0.238032,0.501862,-0.616304,0.558251
1.2590,4908,Virtual,Thumb_IP,-17.901400,1.017405,20.757040,-0.060379,0.552159,-0.817480,0.152324
1.2590,4908,Virtual,Thumb_FingerTip,-17.928370,1.008407,20.755050,-0.060379,0.552159,-0.817480,0.152324
1.2590,4908,Virtual,Index_MCP,-17.914080,1.070964,20.767870,-0.171968,0.721801,0.055626,0.668084
1.2590,4908,Virtual,Index_PIP,-17.916330,1.062819,20.721810,-0.427587,0.606416,-0.196312,0.641009
1.2590,4908,Virtual,Index_DIP,-17.911470,1.042826,20.705990,-0.606296,0.427756,-0.400042,0.537956
1.2590,4908,Virtual,Index_FingerTip,-17.903030,1.017295,20.706660,-0.606296,0.427756,-0.400042,0.537956
1.2590,4908,Virtual,Middle_MCP,-17.940140,1.062684,20.770010,-0.243220,0.691826,0.042549,0.678536
1.2590,4908,Virtual,Middle_PIP,-17.938080,1.047962,20.719340,-0.532440,0.504268,-0.272171,0.623012
1.2590,4908,Virtual,Middle_DIP,-17.928560,1.023677,20.709960,-0.693485,0.238450,-0.505772,0.454330
1.2590,4908,Virtual,Middle_FingerTip,-17.917960,1.001312,20.723680,-0.693485,0.238450,-0.505772,0.454330
1.2590,4908,Virtual,Ring_MCP,-17.961010,1.050855,20.775390,-0.249388,0.683934,0.069203,0.682093
1.2590,4908,Virtual,Ring_PIP,-17.958460,1.039374,20.730370,-0.525924,0.503353,-0.239308,0.642473
1.2590,4908,Virtual,Ring_DIP,-17.948470,1.017326,20.719960,-0.683455,0.250698,-0.476508,0.492930
1.2590,4908,Virtual,Ring_FingerTip,-17.937640,0.996364,20.730390,-0.683455,0.250698,-0.476508,0.492930
1.2590,4908,Virtual,Pinky_MCP,-17.977120,1.038177,20.784340,-0.258837,0.676539,0.081633,0.684570
1.2590,4908,Virtual,Pinky_PIP,-17.974320,1.028788,20.746210,-0.531132,0.492544,-0.229251,0.650187
1.2590,4908,Virtual,Pinky_DIP,-17.966800,1.013720,20.738920,-0.683900,0.238707,-0.470381,0.504025
1.2590,4908,Virtual,Pinky_FingerTip,-17.958310,0.998381,20.746640,-0.683900,0.238707,-0.470381,0.504025
1.2590,4908,Render,Wrist,-17.925620,1.035870,20.876300,-0.036082,0.732446,0.234063,0.638307
1.2590,4908,Render,Thumb_CMC,-17.902450,1.052351,20.838470,0.331726,0.432964,-0.389093,0.742366
1.2590,4908,Render,Thumb_MCP,-17.888300,1.039598,20.798910,0.259125,0.479952,-0.501536,0.671537
1.2590,4908,Render,Thumb_IP,-17.886520,1.018766,20.754560,0.087828,0.538318,-0.693650,0.470479
1.2590,4908,Render,Thumb_FingerTip,-17.901960,1.002860,20.736650,0.087828,0.538318,-0.693650,0.470479
1.2590,4908,Render,Index_MCP,-17.914080,1.070964,20.767870,-0.146880,0.727321,0.078719,0.665758
1.2590,4908,Render,Index_PIP,-17.917380,1.065867,20.721440,-0.334809,0.662173,-0.100962,0.662750
1.2590,4908,Render,Index_DIP,-17.914710,1.050884,20.700410,-0.483729,0.562651,-0.256833,0.619247
1.2590,4908,Render,Index_FingerTip,-17.908390,1.027685,20.688350,-0.483729,0.562651,-0.256833,0.619247
1.2590,4908,Render,Middle_MCP,-17.940140,1.062684,20.770010,-0.172464,0.712766,0.110522,0.670825
1.2590,4908,Render,Middle_PIP,-17.942280,1.057532,20.717500,-0.355581,0.641359,-0.071619,0.676086
1.2590,4908,Render,Middle_DIP,-17.937650,1.042204,20.694870,-0.498889,0.537484,-0.231518,0.639235
1.2590,4908,Render,Middle_FingerTip,-17.928740,1.018651,20.681970,-0.498889,0.537484,-0.231518,0.639235
1.2590,4908,Render,Ring_MCP,-17.961010,1.050855,20.775390,-0.195395,0.701271,0.122086,0.674637
1.2590,4908,Render,Ring_PIP,-17.961630,1.045768,20.729140,-0.384393,0.618225,-0.072201,0.681782
1.2590,4908,Render,Ring_DIP,-17.955700,1.030654,20.708400,-0.528449,0.500701,-0.242536,0.641261
1.2590,4908,Render,Ring_FingerTip,-17.945870,1.008975,20.698440,-0.528449,0.500701,-0.242536,0.641261
1.2590,4908,Render,Pinky_MCP,-17.977120,1.038177,20.784340,-0.205391,0.694633,0.134670,0.676139
1.2590,4908,Render,Pinky_PIP,-17.977170,1.034112,20.745180,-0.392124,0.609048,-0.060544,0.686756
1.2590,4908,Render,Pinky_DIP,-17.972580,1.023824,20.730710,-0.533604,0.489865,-0.232519,0.649026
1.2590,4908,Render,Pinky_FingerTip,-17.964680,1.008026,20.723270,-0.533604,0.489865,-0.232519,0.649026
1.2729,4909,Real,Wrist,-17.929490,1.026954,20.883660,-0.050670,0.746193,0.187893,0.636652
1.2729,4909,Real,Thumb_CMC,-17.906160,1.038967,20.844290,0.351636,0.382931,-0.450179,0.725986
1.2729,4909,Real,Thumb_MCP,-17.892920,1.022091,20.805970,0.220133,0.470983,-0.647744,0.556906
1.2729,4909,Real,Thumb_IP,-17.906790,0.996884,20.766260,-0.058548,0.516581,-0.843316,0.136143
1.2729,4909,Real,Thumb_FingerTip,-17.934040,0.988616,20.765070,-0.058548,0.516581,-0.843316,0.136143
1.2729,4909,Real,Index_MCP,-17.917900,1.051399,20.772360,-0.183720,0.731301,0.014885,0.656678
1.2729,4909,Real,Index_PIP,-17.921180,1.039732,20.727130,-0.437663,0.614007,-0.225522,0.616917
1.2729,4909,Real,Index_DIP,-17.917440,1.018559,20.712580,-0.615558,0.435479,-0.416226,0.508137
1.2729,4909,Real,Index_FingerTip,-17.910060,0.992758,20.714470,-0.615558,0.435479,-0.416226,0.508137
1.2729,4909,Real,Middle_MCP,-17.944230,1.044355,20.775470,-0.254664,0.703219,0.004866,0.663781
1.2729,4909,Real,Middle_PIP,-17.943650,1.025783,20.726040,-0.542602,0.514738,-0.292886,0.595691
1.2729,4909,Real,Middle_DIP,-17.935380,1.000627,20.717850,-0.704801,0.250254,-0.509423,0.425579
1.2729,4909,Real,Middle_FingerTip,-17.925310,0.978373,20.732150,-0.704801,0.250254,-0.509423,0.425579
1.2729,4909,Real,Ring_MCP,-17.965460,1.033881,20.782090,-0.262204,0.696340,0.030760,0.667393
1.2729,4909,Real,Ring_PIP,-17.964140,1.018798,20.738090,-0.538699,0.513268,-0.262253,0.614478
1.2729,4909,Real,Ring_DIP,-17.955300,0.995740,20.728910,-0.697227,0.259838,-0.482922,0.461678
1.2729,4909,Real,Ring_FingerTip,-17.945020,0.974887,20.740100,-0.697227,0.259838,-0.482922,0.461678
1.2729,4909,Real,Pinky_MCP,-17.981930,1.022709,20.792310,-0.271885,0.689794,0.043534,0.669603
1.2729,4909,Real,Pinky_PIP,-17.980170,1.010236,20.755010,-0.544574,0.503166,-0.251707,0.622018
1.2729,4909,Real,Pinky_DIP,-17.973440,0.994438,20.748550,-0.698652,0.248240,-0.476195,0.472760
1.2729,4909,Real,Pinky_FingerTip,-17.965330,0.979166,20.756800,-0.698652,0.248240,-0.476195,0.472760
1.2729,4909,Virtual,Wrist,-17.927250,1.031500,20.879620,-0.044394,0.738385,0.212547,0.638468
1.2729,4909,Virtual,Thumb_CMC,-17.903900,1.045898,20.841050,0.366416,0.394639,-0.431442,0.723780
1.2729,4909,Virtual,Thumb_MCP,-17.890010,1.031173,20.802080,0.230706,0.486596,-0.629211,0.560440
1.2729,4909,Virtual,Thumb_IP,-17.903020,1.007602,20.761100,-0.057697,0.535418,-0.829364,0.148843
1.2729,4909,Virtual,Thumb_FingerTip,-17.930070,0.998805,20.759290,-0.057697,0.535418,-0.829364,0.148843
1.2729,4909,Virtual,Index_MCP,-17.915400,1.061506,20.769700,-0.176077,0.726091,0.038947,0.663530
1.2729,4909,Virtual,Index_PIP,-17.918090,1.051952,20.723940,-0.428647,0.611942,-0.205613,0.632070
1.2729,4909,Virtual,Index_DIP,-17.913760,1.031589,20.708440,-0.606365,0.436501,-0.402423,0.529004
1.2729,4909,Virtual,Index_FingerTip,-17.905830,1.005895,20.709140,-0.606365,0.436501,-0.402423,0.529004
1.2729,4909,Virtual,Middle_MCP,-17.941580,1.053744,20.772260,-0.246476,0.697447,0.028062,0.672332
1.2729,4909,Virtual,Middle_PIP,-17.940230,1.037582,20.722000,-0.532696,0.513243,-0.275975,0.613723
1.2729,4909,Virtual,Middle_DIP,-17.931340,1.013035,20.712690,-0.695141,0.252908,-0.501284,0.448923
1.2729,4909,Virtual,Middle_FingerTip,-17.920880,0.990348,20.725990,-0.695141,0.252908,-0.501284,0.448923
1.2729,4909,Virtual,Ring_MCP,-17.962620,1.042501,20.778200,-0.253952,0.689853,0.053792,0.675810
1.2729,4909,Virtual,Ring_PIP,-17.960650,1.029579,20.733540,-0.528448,0.511010,-0.245165,0.632065
1.2729,4909,Virtual,Ring_DIP,-17.951230,1.007187,20.723350,-0.686914,0.261797,-0.474134,0.484571
1.2729,4909,Virtual,Ring_FingerTip,-17.940560,0.986052,20.733610,-0.686914,0.261797,-0.474134,0.484571
1.2729,4909,Virtual,Pinky_MCP,-17.978910,1.030493,20.787730,-0.263553,0.682887,0.066391,0.678083
1.2729,4909,Virtual,Pinky_PIP,-17.976610,1.019866,20.749890,-0.534069,0.500565,-0.234805,0.639587
1.2729,4909,Virtual,Pinky_DIP,-17.969470,1.004547,20.742740,-0.687971,0.249982,-0.467570,0.495563
1.2729,4909,Virtual,Pinky_FingerTip,-17.961090,0.989079,20.750320,-0.687971,0.249982,-0.467570,0.495563
1.2729,4909,Render,Wrist,-17.927250,1.031500,20.879620,-0.044394,0.738385,0.212547,0.638468
1.2729,4909,Render,Thumb_CMC,-17.903900,1.045898,20.841050,0.317594,0.421740,-0.405027,0.746474
1.2729,4909,Render,Thumb_MCP,-17.890010,1.031109,20.802110,0.246944,0.466636,-0.517920,0.673075
1.2729,4909,Render,Thumb_IP,-17.888640,1.008225,20.758760,0.080675,0.521749,-0.709635,0.466571
1.2729,4909,Render,Thumb_FingerTip,-17.904360,0.991752,20.741630,0.080675,0.521749,-0.709635,0.466571
1.2729,4909,Render,Index_MCP,-17.915400,1.061506,20.769700,-0.155965,0.730676,0.057251,0.662202
1.2729,4909,Render,Index_PIP,-17.918870,1.054383,20.723560,-0.344458,0.662993,-0.120714,0.653618
1.2729,4909,Render,Index_DIP,-17.916500,1.038432,20.703220,-0.493294,0.561135,-0.273822,0.605649
1.2729,4909,Render,Index_FingerTip,-17.910570,1.014617,20.692200,-0.493294,0.561135,-0.273822,0.605649
1.2729,4909,Render,Middle_MCP,-17.941580,1.053744,20.772260,-0.181740,0.717045,0.089356,0.666958
1.2729,4909,Render,Middle_PIP,-17.943920,1.046275,20.720040,-0.365661,0.643021,-0.090998,0.666736
1.2729,4909,Render,Middle_DIP,-17.939580,1.029877,20.698110,-0.509072,0.536683,-0.248092,0.625514
1.2729,4909,Render,Middle_FingerTip,-17.931070,1.005630,20.686260,-0.509072,0.536683,-0.248092,0.625514
1.2729,4909,Render,Ring_MCP,-17.962620,1.042501,20.778200,-0.204830,0.705998,0.101166,0.670357
1.2729,4909,Render,Ring_PIP,-17.963420,1.035354,20.732220,-0.394775,0.620113,-0.091078,0.671801
1.2729,4909,Render,Ring_DIP,-17.957780,1.019232,20.712170,-0.538971,0.499898,-0.258269,0.626825
1.2729,4909,Render,Ring_FingerTip,-17.948310,0.996975,20.703180,-0.538971,0.499898,-0.258269,0.626825
1.2729,4909,Render,Pinky_MCP,-17.978910,1.030493,20.787730,-0.214897,0.699725,0.113894,0.671739
1.2729,4909,Render,Pinky_PIP,-17.979110,1.024677,20.748790,-0.402677,0.611267,-0.079250,0.676701
1.2729,4909,Render,Pinky_DIP,-17.974700,1.013678,20.734790,-0.544374,0.489339,-0.248068,0.634561
1.2729,4909,Render,Pinky_FingerTip,-17.967080,0.997439,20.728060,-0.544374,0.489339,-0.248068,0.634561
1.2855,4910,Real,Wrist,-17.932380,1.022191,20.888570,-0.054659,0.753905,0.161151,0.634563
1.2855,4910,Real,Thumb_CMC,-17.909090,1.031636,20.848470,0.337451,0.370181,-0.470941,0.726159
1.2855,4910,Real,Thumb_MCP,-17.896690,1.012573,20.810910,0.210441,0.454557,-0.667597,0.550825
1.2855,4910,Real,Thumb_IP,-17.911620,0.985894,20.772580,-0.058223,0.497511,-0.857061,0.120580
1.2855,4910,Real,Thumb_FingerTip,-17.939100,0.978352,20.772010,-0.058223,0.497511,-0.857061,0.120580
1.2855,4910,Real,Index_MCP,-17.921160,1.040932,20.776130,-0.189102,0.736815,-0.011130,0.649016
1.2855,4910,Real,Index_PIP,-17.925190,1.027206,20.731540,-0.444685,0.617180,-0.246954,0.600299
1.2855,4910,Real,Index_DIP,-17.922170,1.005263,20.718010,-0.623233,0.436161,-0.430984,0.485384
1.2855,4910,Real,Index_FingerTip,-17.915500,0.979383,20.721070,-0.623233,0.436161,-0.430984,0.485384
1.2855,4910,Real,Middle_MCP,-17.947640,1.034793,20.779790,-0.260627,0.709531,-0.020260,0.654392
1.2855,4910,Real,Middle_PIP,-17.948050,1.013862,20.731310,-0.550760,0.517711,-0.311147,0.576044
1.2855,4910,Real,Middle_DIP,-17.940550,0.988118,20.724280,-0.713464,0.249661,-0.518141,0.400212
1.2855,4910,Real,Middle_FingerTip,-17.930980,0.966300,20.739550,-0.713464,0.249661,-0.518141,0.400212
1.2855,4910,Real,Ring_MCP,-17.969090,1.025253,20.787080,-0.268235,0.703399,0.005772,0.658215
1.2855,4910,Real,Ring_PIP,-17.968600,1.008046,20.743840,-0.547197,0.517006,-0.280772,0.595355
1.2855,4910,Real,Ring_DIP,-17.960500,0.984333,20.735720,-0.706510,0.259930,-0.492420,0.436810
1.2855,4910,Real,Ring_FingerTip,-17.950690,0.963758,20.747820,-0.706510,0.259930,-0.492420,0.436810
1.2855,4910,Real,Pinky_MCP,-17.985770,1.015054,20.797960,-0.278001,0.697309,0.018709,0.660399
1.2855,4910,Real,Pinky_PIP,-17.984710,1.000762,20.761290,-0.553347,0.507277,-0.270068,0.602943
1.2855,4910,Real,Pinky_DIP,-17.978480,0.984488,20.755540,-0.708335,0.248566,-0.485567,0.447998
1.2855,4910,Real,Pinky_FingerTip,-17.970730,0.969407,20.764460,-0.708335,0.248566,-0.485567,0.447998
1.2855,4910,Virtual,Wrist,-17.929500,1.026958,20.883670,-0.050670,0.746193,0.187893,0.636652
1.2855,4910,Virtual,Thumb_CMC,-17.906160,1.038971,20.844290,0.351636,0.382931,-0.450179,0.725986
1.2855,4910,Virtual,Thumb_MCP,-17.892930,1.022094,20.805970,0.220133,0.470983,-0.647744,0.556906
1.2855,4910,Virtual,Thumb_IP,-17.906790,0.996887,20.766270,-0.058548,0.516581,-0.843316,0.136143
1.2855,4910,Virtual,Thumb_FingerTip,-17.934040,0.988619,20.765070,-0.058548,0.516581,-0.843316,0.136143
1.2855,4910,Virtual,Index_MCP,-17.917900,1.051403,20.772360,-0.183720,0.731301,0.014885,0.656678
1.2855,4910,Virtual,Index_PIP,-17.921180,1.039735,20.727130,-0.437663,0.614007,-0.225522,0.616917
1.2855,4910,Virtual,Index_DIP,-17.917440,1.018563,20.712590,-0.615558,0.435479,-0.416226,0.508137
1.2855,4910,Virtual,Index_FingerTip,-17.910060,0.992762,20.714470,-0.615558,0.435479,-0.416226,0.508137
1.2855,4910,Virtual,Middle_MCP,-17.944230,1.044359,20.775470,-0.254664,0.703219,0.004867,0.663781
1.2855,4910,Virtual,Middle_PIP,-17.943660,1.025787,20.726050,-0.542602,0.514738,-0.292885,0.595691
1.2855,4910,Virtual,Middle_DIP,-17.935380,1.000630,20.717860,-0.704801,0.250254,-0.509423,0.425579
1.2855,4910,Virtual,Middle_FingerTip,-17.925320,0.978377,20.732150,-0.704801,0.250254,-0.509423,0.425579
1.2855,4910,Virtual,Ring_MCP,-17.965460,1.033884,20.782100,-0.262204,0.696340,0.030760,0.667393
1.2855,4910,Virtual,Ring_PIP,-17.964140,1.018802,20.738090,-0.538699,0.513268,-0.262253,0.614478
1.2855,4910,Virtual,Ring_DIP,-17.955300,0.995743,20.728920,-0.697226,0.259838,-0.482921,0.461678
1.2855,4910,Virtual,Ring_FingerTip,-17.945020,0.974890,20.740110,-0.697226,0.259838,-0.482921,0.461678
1.2855,4910,Virtual,Pinky_MCP,-17.981930,1.022712,20.792310,-0.271885,0.689794,0.043534,0.669603
1.2855,4910,Virtual,Pinky_PIP,-17.980170,1.010240,20.755010,-0.544574,0.503166,-0.251707,0.622018
1.2855,4910,Virtual,Pinky_DIP,-17.973440,0.994441,20.748560,-0.698652,0.248239,-0.476194,0.472760
1.2855,4910,Virtual,Pinky_FingerTip,-17.965330,0.979170,20.756810,-0.698652,0.248239,-0.476194,0.472760
1.2855,4910,Render,Wrist,-17.929500,1.026958,20.883670,-0.050670,0.746193,0.187893,0.636652
1.2855,4910,Render,Thumb_CMC,-17.906160,1.038971,20.844290,0.303127,0.411733,-0.424346,0.747343
1.2855,4910,Render,Thumb_MCP,-17.892950,1.022081,20.805970,0.234241,0.454468,-0.537132,0.670880
1.2855,4910,Render,Thumb_IP,-17.892470,0.997183,20.763730,0.072651,0.506095,-0.727072,0.458211
1.2855,4910,Render,Thumb_FingerTip,-17.908700,0.980290,20.747500,0.072651,0.506095,-0.727072,0.458211
1.2855,4910,Render,Index_MCP,-17.917900,1.051403,20.772360,-0.163460,0.736094,0.033008,0.656016
1.2855,4910,Render,Index_PIP,-17.921930,1.042162,20.726630,-0.353124,0.666226,-0.142442,0.641215
1.2855,4910,Render,Index_DIP,-17.920060,1.025208,20.707060,-0.502482,0.562197,-0.291945,0.588401
1.2855,4910,Render,Index_FingerTip,-17.914750,1.000767,20.697160,-0.502482,0.562197,-0.291945,0.588401
1.2855,4910,Render,Middle_MCP,-17.944230,1.044359,20.775470,-0.189366,0.723541,0.065477,0.660562
1.2855,4910,Render,Middle_PIP,-17.947170,1.034456,20.723690,-0.374738,0.647258,-0.112321,0.654227
1.2855,4910,Render,Middle_DIP,-17.943370,1.016936,20.702550,-0.518901,0.538622,-0.265796,0.608261
1.2855,4910,Render,Middle_FingerTip,-17.935500,0.991966,20.691810,-0.518901,0.538622,-0.265796,0.608261
1.2855,4910,Render,Ring_MCP,-17.965460,1.033884,20.782100,-0.212606,0.713049,0.077600,0.663580
1.2855,4910,Render,Ring_PIP,-17.966810,1.024567,20.736520,-0.404218,0.624699,-0.111795,0.658682
1.2855,4910,Render,Ring_DIP,-17.961680,1.007383,20.717230,-0.549267,0.501942,-0.274988,0.608886
1.2855,4910,Render,Ring_FingerTip,-17.952780,0.984517,20.709250,-0.549267,0.501942,-0.274988,0.608886
1.2855,4910,Render,Pinky_MCP,-17.981930,1.022712,20.792310,-0.222722,0.707200,0.090497,0.664886
1.2855,4910,Render,Pinky_PIP,-17.982590,1.015047,20.753700,-0.412286,0.616245,-0.099782,0.663556
1.2855,4910,Render,Pinky_DIP,-17.978540,1.003296,20.740210,-0.554931,0.491721,-0.264602,0.616643
1.2855,4910,Render,Pinky_FingerTip,-17.971330,0.986589,20.734210,-0.554931,0.491721,-0.264602,0.616643
1.3000,4911,Real,Wrist,-17.935000,1.017574,20.893190,-0.058073,0.757915,0.134432,0.635705
1.3000,4911,Real,Thumb_CMC,-17.911440,1.024481,20.852740,0.327457,0.352678,-0.487887,0.728256
1.3000,4911,Real,Thumb_MCP,-17.899360,1.003420,20.816150,0.206715,0.434602,-0.683710,0.548573
1.3000,4911,Real,Thumb_IP,-17.914690,0.975450,20.778910,-0.049902,0.478664,-0.869372,0.112176
1.3000,4911,Real,Thumb_FingerTip,-17.942330,0.968530,20.778320,-0.049902,0.478664,-0.869372,0.112176
1.3000,4911,Real,Index_MCP,-17.923230,1.030807,20.780020,-0.187969,0.740163,-0.033273,0.644763
1.3000,4911,Real,Index_PIP,-17.927820,1.015768,20.735910,-0.439753,0.624333,-0.261197,0.590426
1.3000,4911,Real,Index_DIP,-17.925640,0.993510,20.722740,-0.617641,0.449103,-0.437692,0.474608
1.3000,4911,Real,Index_FingerTip,-17.919900,0.967410,20.725820,-0.617641,0.449103,-0.437692,0.474608
1.3000,4911,Real,Middle_MCP,-17.949890,1.025627,20.783920,-0.258563,0.714809,-0.040395,0.648507
1.3000,4911,Real,Middle_PIP,-17.951220,1.003341,20.736070,-0.545112,0.529774,-0.319916,0.565550
1.3000,4911,Real,Middle_DIP,-17.944730,0.977301,20.729130,-0.710386,0.270480,-0.517788,0.392542
1.3000,4911,Real,Middle_FingerTip,-17.935750,0.954922,20.743940,-0.710386,0.270480,-0.517788,0.392542
1.3000,4911,Real,Ring_MCP,-17.971610,1.017069,20.791610,-0.268119,0.708811,-0.015835,0.652265
1.3000,4911,Real,Ring_PIP,-17.971860,0.998420,20.748980,-0.545020,0.526548,-0.292738,0.583099
1.3000,4911,Real,Ring_DIP,-17.964640,0.974306,20.741210,-0.706197,0.274931,-0.495386,0.424609
1.3000,4911,Real,Ring_FingerTip,-17.955400,0.953434,20.753240,-0.706197,0.274931,-0.495386,0.424609
1.3000,4911,Real,Pinky_MCP,-17.988580,1.007876,20.802930,-0.278063,0.703228,-0.002785,0.654327
1.3000,4911,Real,Pinky_PIP,-17.988150,0.992335,20.766750,-0.551630,0.517255,-0.281816,0.590535
1.3000,4911,Real,Pinky_DIP,-17.982540,0.975759,20.761250,-0.708700,0.263805,-0.488188,0.435688
1.3000,4911,Real,Pinky_FingerTip,-17.975180,0.960446,20.770110,-0.708700,0.263805,-0.488188,0.435688
1.3000,4911,Virtual,Wrist,-17.932390,1.022187,20.888580,-0.054659,0.753905,0.161151,0.634563
1.3000,4911,Virtual,Thumb_CMC,-17.909100,1.031633,20.848480,0.338634,0.368796,-0.468972,0.727587
1.3000,4911,Virtual,Thumb_MCP,-17.896440,1.012635,20.810970,0.212548,0.453329,-0.665463,0.553603
1.3000,4911,Virtual,Thumb_IP,-17.911000,0.985957,20.772490,-0.054677,0.497689,-0.856416,0.125973
1.3000,4911,Virtual,Thumb_FingerTip,-17.938420,0.978257,20.771590,-0.054677,0.497689,-0.856416,0.125973
1.3000,4911,Virtual,Index_MCP,-17.921170,1.040929,20.776140,-0.184092,0.738082,-0.006721,0.649076
1.3000,4911,Virtual,Index_PIP,-17.925360,1.027794,20.731390,-0.435389,0.623772,-0.237933,0.603931
1.3000,4911,Virtual,Index_DIP,-17.922540,1.006237,20.717210,-0.613329,0.449981,-0.420028,0.494895
1.3000,4911,Virtual,Index_FingerTip,-17.916030,0.980205,20.719090,-0.613329,0.449981,-0.420028,0.494895
1.3000,4911,Virtual,Middle_MCP,-17.947650,1.034790,20.779800,-0.254202,0.711858,-0.014343,0.654549
1.3000,4911,Virtual,Middle_PIP,-17.948380,1.014687,20.730970,-0.539899,0.529027,-0.299128,0.582376
1.3000,4911,Virtual,Middle_DIP,-17.941140,0.989195,20.722850,-0.705304,0.271859,-0.505367,0.416226
1.3000,4911,Virtual,Middle_FingerTip,-17.931480,0.966437,20.736610,-0.705304,0.271859,-0.505367,0.416226
1.3000,4911,Virtual,Ring_MCP,-17.969100,1.025249,20.787090,-0.263572,0.705159,0.010129,0.658163
1.3000,4911,Virtual,Ring_PIP,-17.968850,1.008572,20.743650,-0.539349,0.525188,-0.271775,0.599516
1.3000,4911,Virtual,Ring_DIP,-17.960930,0.985063,20.734780,-0.700440,0.275868,-0.482399,0.447853
1.3000,4911,Virtual,Ring_FingerTip,-17.951070,0.963944,20.745840,-0.700440,0.275868,-0.482399,0.447853
1.3000,4911,Virtual,Pinky_MCP,-17.985770,1.015051,20.797960,-0.273378,0.699134,0.023081,0.660261
1.3000,4911,Virtual,Pinky_PIP,-17.984930,1.001201,20.761120,-0.545645,0.515553,-0.260958,0.606942
1.3000,4911,Virtual,Pinky_DIP,-17.978840,0.985068,20.754860,-0.702522,0.264548,-0.475294,0.458883
1.3000,4911,Virtual,Pinky_FingerTip,-17.971020,0.969590,20.763000,-0.702522,0.264548,-0.475294,0.458883
1.3000,4911,Render,Wrist,-17.932390,1.022187,20.888580,-0.054659,0.753905,0.161151,0.634563
1.3000,4911,Render,Thumb_CMC,-17.909100,1.031633,20.848480,0.288965,0.400368,-0.445899,0.746578
1.3000,4911,Render,Thumb_MCP,-17.896720,1.012558,20.810920,0.222053,0.441008,-0.558294,0.666718
1.3000,4911,Render,Thumb_IP,-17.897330,0.985660,20.769930,0.065539,0.489388,-0.745707,0.447354
1.3000,4911,Render,Thumb_FingerTip,-17.914180,0.968473,20.754670,0.065539,0.489388,-0.745707,0.447354
1.3000,4911,Render,Index_MCP,-17.921170,1.040929,20.776140,-0.168688,0.741754,0.006792,0.649076
1.3000,4911,Render,Index_PIP,-17.925870,1.029623,20.730940,-0.359668,0.670294,-0.165873,0.627560
1.3000,4911,Render,Index_DIP,-17.924670,1.011704,20.712200,-0.509809,0.564579,-0.311421,0.569528
1.3000,4911,Render,Index_FingerTip,-17.920130,0.986676,20.703440,-0.509809,0.564579,-0.311421,0.569528
1.3000,4911,Render,Middle_MCP,-17.947650,1.034790,20.779800,-0.194728,0.730371,0.039598,0.653507
1.3000,4911,Render,Middle_PIP,-17.951350,1.022502,20.728570,-0.381721,0.652418,-0.135396,0.640553
1.3000,4911,Render,Middle_DIP,-17.948240,1.003887,20.708270,-0.526917,0.541959,-0.284923,0.589456
1.3000,4911,Render,Middle_FingerTip,-17.941160,0.978219,20.698680,-0.526917,0.541959,-0.284923,0.589456
1.3000,4911,Render,Ring_MCP,-17.969100,1.025249,20.787090,-0.218125,0.720515,0.052028,0.656181
1.3000,4911,Render,Ring_PIP,-17.971130,1.013800,20.742030,-0.411611,0.630315,-0.134262,0.644402
1.3000,4911,Render,Ring_DIP,-17.966670,0.995572,20.723540,-0.557841,0.505503,-0.293105,0.589381
1.3000,4911,Render,Ring_FingerTip,-17.958490,0.972107,20.716600,-0.557841,0.505503,-0.293105,0.589381
1.3000,4911,Render,Pinky_MCP,-17.985770,1.015051,20.797960,-0.228294,0.715126,0.065086,0.657450
1.3000,4911,Render,Pinky_PIP,-17.987010,1.005565,20.759770,-0.419859,0.622288,-0.122084,0.649286
1.3000,4911,Render,Pinky_DIP,-17.983420,0.993070,20.746830,-0.563787,0.495648,-0.282561,0.597190
1.3000,4911,Render,Pinky_FingerTip,-17.976730,0.975897,20.741590,-0.563787,0.495648,-0.282561,0.597190
1.3138,4912,Real,Wrist,-17.938850,1.012871,20.899460,-0.063272,0.767538,0.105689,0.629057
1.3138,4912,Real,Thumb_CMC,-17.915860,1.016940,20.858300,0.310185,0.341098,-0.506845,0.728386
1.3138,4912,Real,Thumb_MCP,-17.904720,0.993810,20.822670,0.194214,0.418143,-0.701176,0.543866
1.3138,4912,Real,Thumb_IP,-17.921050,0.964378,20.787020,-0.051002,0.458216,-0.881612,0.100982
1.3138,4912,Real,Thumb_FingerTip,-17.948820,0.957971,20.786950,-0.051002,0.458216,-0.881612,0.100982
1.3138,4912,Real,Index_MCP,-17.928800,1.019717,20.785560,-0.189661,0.748594,-0.055869,0.632862
1.3138,4912,Real,Index_PIP,-17.934750,1.003108,20.742190,-0.440060,0.634596,-0.274186,0.573113
1.3138,4912,Real,Index_DIP,-17.933600,0.980454,20.729570,-0.618437,0.462493,-0.441629,0.456727
1.3138,4912,Real,Index_FingerTip,-17.928700,0.954214,20.732900,-0.618437,0.462493,-0.441629,0.456727
1.3138,4912,Real,Middle_MCP,-17.955510,1.015512,20.790180,-0.259162,0.725226,-0.060193,0.635027
1.3138,4912,Real,Middle_PIP,-17.958630,0.991626,20.743200,-0.544284,0.544860,-0.325852,0.548364
1.3138,4912,Real,Middle_DIP,-17.953260,0.965279,20.736460,-0.712768,0.291684,-0.512723,0.379471
1.3138,4912,Real,Middle_FingerTip,-17.944650,0.942500,20.750880,-0.712768,0.291684,-0.512723,0.379471
1.3138,4912,Real,Ring_MCP,-17.977320,1.007997,20.798690,-0.269900,0.719710,-0.036452,0.638627
1.3138,4912,Real,Ring_PIP,-17.979110,0.987752,20.756830,-0.546575,0.540447,-0.300632,0.564618
1.3138,4912,Real,Ring_DIP,-17.972920,0.963245,20.749410,-0.710720,0.292753,-0.492323,0.408401
1.3138,4912,Real,Ring_FingerTip,-17.964050,0.942133,20.761290,-0.710720,0.292753,-0.492323,0.408401
1.3138,4912,Real,Pinky_MCP,-17.994320,0.999906,20.810760,-0.279897,0.714717,-0.023184,0.640547
1.3138,4912,Real,Pinky_PIP,-17.995220,0.982984,20.775220,-0.553562,0.531725,-0.289390,0.571920
1.3138,4912,Real,Pinky_DIP,-17.990320,0.966112,20.769940,-0.713877,0.282032,-0.484689,0.419422
1.3138,4912,Real,Pinky_FingerTip,-17.983210,0.950608,20.778670,-0.713877,0.282032,-0.484689,0.419422
1.3138,4912,Virtual,Wrist,-17.935010,1.017571,20.893200,-0.058073,0.757915,0.134432,0.635705
1.3138,4912,Virtual,Thumb_CMC,-17.911450,1.024478,20.852750,0.329211,0.352437,-0.484542,0.729814
1.3138,4912,Virtual,Thumb_MCP,-17.899060,1.003612,20.816150,0.208987,0.434645,-0.680317,0.551886
1.3138,4912,Virtual,Thumb_IP,-17.913940,0.975701,20.778680,-0.046939,0.479988,-0.867945,0.118664
1.3138,4912,Virtual,Thumb_FingerTip,-17.941510,0.968547,20.777760,-0.046939,0.479988,-0.867945,0.118664
1.3138,4912,Virtual,Index_MCP,-17.923240,1.030805,20.780040,-0.182612,0.741503,-0.028610,0.644987
1.3138,4912,Virtual,Index_PIP,-17.927980,1.016394,20.735730,-0.430972,0.630426,-0.252908,0.594024
1.3138,4912,Virtual,Index_DIP,-17.925980,0.994491,20.721950,-0.608497,0.461416,-0.428072,0.483302
1.3138,4912,Virtual,Index_FingerTip,-17.920390,0.968255,20.723970,-0.608497,0.461416,-0.428072,0.483302
1.3138,4912,Virtual,Middle_MCP,-17.949890,1.025625,20.783930,-0.251656,0.717270,-0.034138,0.648867
1.3138,4912,Virtual,Middle_PIP,-17.951540,1.004222,20.735690,-0.534097,0.540876,-0.308213,0.572012
1.3138,4912,Virtual,Middle_DIP,-17.945300,0.978432,20.727660,-0.701833,0.291954,-0.505613,0.408103
1.3138,4912,Virtual,Middle_FingerTip,-17.936300,0.955157,20.741000,-0.701833,0.291954,-0.505613,0.408103
1.3138,4912,Virtual,Ring_MCP,-17.971610,1.017066,20.791630,-0.262423,0.710939,-0.010601,0.652371
1.3138,4912,Virtual,Ring_PIP,-17.972130,0.999058,20.748720,-0.536113,0.535615,-0.282917,0.587927
1.3138,4912,Virtual,Ring_DIP,-17.965120,0.975165,20.740120,-0.699207,0.292250,-0.484772,0.436688
1.3138,4912,Virtual,Ring_FingerTip,-17.955850,0.953698,20.751020,-0.699207,0.292250,-0.484772,0.436688
1.3138,4912,Virtual,Pinky_MCP,-17.988580,1.007873,20.802930,-0.272412,0.705436,0.002465,0.654329
1.3138,4912,Virtual,Pinky_PIP,-17.988400,0.992868,20.766540,-0.542877,0.526434,-0.271872,0.595178
1.3138,4912,Virtual,Pinky_DIP,-17.982930,0.976445,20.760450,-0.701983,0.281190,-0.477303,0.447587
1.3138,4912,Virtual,Pinky_FingerTip,-17.975540,0.960696,20.768470,-0.701983,0.281190,-0.477303,0.447587
1.3138,4912,Render,Wrist,-17.935010,1.017571,20.893200,-0.058073,0.757915,0.134432,0.635705
1.3138,4912,Render,Thumb_CMC,-17.911450,1.024478,20.852750,0.277366,0.385053,-0.465968,0.746777
1.3138,4912,Render,Thumb_MCP,-17.899620,1.003298,20.816140,0.213020,0.424052,-0.578142,0.663743
1.3138,4912,Render,Thumb_IP,-17.901000,0.974526,20.776460,0.062551,0.470409,-0.763490,0.438049
1.3138,4912,Render,Thumb_FingerTip,-17.918350,0.957140,20.762000,0.062551,0.470409,-0.763490,0.438049
1.3138,4912,Render,Index_MCP,-17.923240,1.030805,20.780040,-0.172521,0.743916,-0.019844,0.645316
1.3138,4912,Render,Index_PIP,-17.928280,1.017585,20.735390,-0.363937,0.671360,-0.190553,0.616860
1.3138,4912,Render,Index_DIP,-17.927600,0.998800,20.717490,-0.514209,0.564591,-0.332818,0.553226
1.3138,4912,Render,Index_FingerTip,-17.923810,0.973274,20.709900,-0.514209,0.564591,-0.332818,0.553226
1.3138,4912,Render,Middle_MCP,-17.949890,1.025625,20.783930,-0.198831,0.733671,0.013137,0.649631
1.3138,4912,Render,Middle_PIP,-17.953950,1.011119,20.733320,-0.386554,0.654510,-0.159878,0.629788
1.3138,4912,Render,Middle_DIP,-17.951400,0.991511,20.713900,-0.532110,0.542832,-0.306113,0.573139
1.3138,4912,Render,Middle_FingerTip,-17.945080,0.965233,20.705510,-0.532110,0.542832,-0.306113,0.573139
1.3138,4912,Render,Ring_MCP,-17.971610,1.017066,20.791630,-0.222430,0.724448,0.025740,0.651949
1.3138,4912,Render,Ring_PIP,-17.973990,1.003631,20.747140,-0.416847,0.632881,-0.158304,0.632961
1.3138,4912,Render,Ring_DIP,-17.970060,0.984451,20.729510,-0.563557,0.506659,-0.313466,0.572223
1.3138,4912,Render,Ring_FingerTip,-17.962580,0.960462,20.723660,-0.563557,0.506659,-0.313466,0.572223
1.3138,4912,Render,Pinky_MCP,-17.988580,1.007873,20.802930,-0.232709,0.719510,0.038895,0.653176
1.3138,4912,Render,Pinky_PIP,-17.990100,0.996689,20.765220,-0.425327,0.625256,-0.146022,0.637832
1.3138,4912,Render,Pinky_DIP,-17.986880,0.983514,20.752860,-0.569829,0.497135,-0.302818,0.580046
1.3138,4912,Render,Pinky_FingerTip,-17.980700,0.965930,20.748420,-0.569829,0.497135,-0.302818,0.580046
1.3275,4913,Real,Wrist,-17.942500,1.007906,20.906390,-0.072617,0.775792,0.081462,0.621481
1.3275,4913,Real,Thumb_CMC,-17.920160,1.009481,20.864700,0.289606,0.331637,-0.523757,0.729263
1.3275,4913,Real,Thumb_MCP,-17.910000,0.984372,20.830140,0.177398,0.402970,-0.717579,0.539653
1.3275,4913,Real,Thumb_IP,-17.927390,0.953408,20.796340,-0.057502,0.436518,-0.893447,0.088868
1.3275,4913,Real,Thumb_FingerTip,-17.955250,0.947452,20.797050,-0.057502,0.436518,-0.893447,0.088868
1.3275,4913,Real,Index_MCP,-17.934320,1.008716,20.792140,-0.200572,0.753700,-0.078499,0.620923
1.3275,4913,Real,Index_PIP,-17.941270,0.989992,20.749790,-0.452068,0.635553,-0.291195,0.553997
1.3275,4913,Real,Index_DIP,-17.940690,0.966703,20.738340,-0.630131,0.459596,-0.451706,0.433207
1.3275,4913,Real,Index_FingerTip,-17.936130,0.940594,20.742940,-0.630131,0.459596,-0.451706,0.433207
1.3275,4913,Real,Middle_MCP,-17.961010,1.005183,20.797420,-0.270320,0.730789,-0.081645,0.621457
1.3275,4913,Real,Middle_PIP,-17.965310,0.978961,20.751790,-0.556749,0.545120,-0.339446,0.526926
1.3275,4913,Real,Middle_DIP,-17.960450,0.952219,20.746340,-0.724362,0.287098,-0.516957,0.354442
1.3275,4913,Real,Middle_FingerTip,-17.951940,0.930078,20.761770,-0.724362,0.287098,-0.516957,0.354442
1.3275,4913,Real,Ring_MCP,-17.982770,0.998466,20.806660,-0.280988,0.726002,-0.057709,0.625009
1.3275,4913,Real,Ring_PIP,-17.985600,0.976122,20.765940,-0.559280,0.541516,-0.314229,0.543348
1.3275,4913,Real,Ring_DIP,-17.979910,0.951170,20.759700,-0.722881,0.288923,-0.496836,0.383563
1.3275,4913,Real,Ring_FingerTip,-17.971160,0.930559,20.772510,-0.722881,0.288923,-0.496836,0.383563
1.3275,4913,Real,Pinky_MCP,-17.999690,0.991280,20.819410,-0.290957,0.721448,-0.044247,0.626816
1.3275,4913,Real,Pinky_PIP,-18.001460,0.972567,20.784820,-0.566425,0.533204,-0.302763,0.550628
1.3275,4913,Real,Pinky_DIP,-17.996910,0.955369,20.780340,-0.726340,0.278522,-0.488988,0.394648
1.3275,4913,Real,Pinky_FingerTip,-17.989880,0.940223,20.789740,-0.726340,0.278522,-0.488988,0.394648
1.3275,4913,Virtual,Wrist,-17.938850,1.012874,20.899460,-0.063272,0.767538,0.105690,0.629057
1.3275,4913,Virtual,Thumb_CMC,-17.915860,1.016943,20.858300,0.310186,0.341098,-0.506844,0.728386
1.3275,4913,Virtual,Thumb_MCP,-17.904730,0.993813,20.822680,0.194214,0.418143,-0.701176,0.543866
1.3275,4913,Virtual,Thumb_IP,-17.921050,0.964381,20.787020,-0.051002,0.458216,-0.881612,0.100982
1.3275,4913,Virtual,Thumb_FingerTip,-17.948820,0.957975,20.786950,-0.051002,0.458216,-0.881612,0.100982
1.3275,4913,Virtual,Index_MCP,-17.928800,1.019721,20.785570,-0.189661,0.748594,-0.055868,0.632862
1.3275,4913,Virtual,Index_PIP,-17.934750,1.003112,20.742190,-0.440060,0.634596,-0.274186,0.573112
1.3275,4913,Virtual,Index_DIP,-17.933600,0.980457,20.729570,-0.618437,0.462493,-0.441629,0.456727
1.3275,4913,Virtual,Index_FingerTip,-17.928700,0.954217,20.732900,-0.618437,0.462493,-0.441629,0.456727
1.3275,4913,Virtual,Middle_MCP,-17.955510,1.015516,20.790190,-0.259162,0.725226,-0.060192,0.635027
1.3275,4913,Virtual,Middle_PIP,-17.958630,0.991629,20.743200,-0.544284,0.544860,-0.325852,0.548364
1.3275,4913,Virtual,Middle_DIP,-17.953260,0.965282,20.736460,-0.712768,0.291684,-0.512722,0.379471
1.3275,4913,Virtual,Middle_FingerTip,-17.944650,0.942503,20.750880,-0.712768,0.291684,-0.512722,0.379471
1.3275,4913,Virtual,Ring_MCP,-17.977310,1.008001,20.798690,-0.269900,0.719710,-0.036452,0.638627
1.3275,4913,Virtual,Ring_PIP,-17.979110,0.987755,20.756830,-0.546575,0.540447,-0.300632,0.564618
1.3275,4913,Virtual,Ring_DIP,-17.972920,0.963248,20.749410,-0.710720,0.292753,-0.492322,0.408401
1.3275,4913,Virtual,Ring_FingerTip,-17.964050,0.942137,20.761300,-0.710720,0.292753,-0.492322,0.408401
1.3275,4913,Virtual,Pinky_MCP,-17.994320,0.999910,20.810760,-0.279897,0.714717,-0.023184,0.640547
1.3275,4913,Virtual,Pinky_PIP,-17.995220,0.982988,20.775220,-0.553562,0.531725,-0.289389,0.571920
1.3275,4913,Virtual,Pinky_DIP,-17.990320,0.966116,20.769940,-0.713877,0.282032,-0.484689,0.419422
1.3275,4913,Virtual,Pinky_FingerTip,-17.983210,0.950612,20.778670,-0.713877,0.282032,-0.484689,0.419422
1.3275,4913,Render,Wrist,-17.938850,1.012874,20.899460,-0.063272,0.767538,0.105690,0.629057
1.3275,4913,Render,Thumb_CMC,-17.915860,1.016943,20.858300,0.259013,0.375505,-0.488821,0.743615
1.3275,4913,Render,Thumb_MCP,-17.905320,0.993562,20.822660,0.196408,0.411723,-0.600208,0.657007
1.3275,4913,Render,Thumb_IP,-17.908230,0.962822,20.784570,0.050886,0.453324,-0.782137,0.424465
1.3275,4913,Render,Thumb_FingerTip,-17.926320,0.945214,20.771340,0.050886,0.453324,-0.782137,0.424465
1.3275,4913,Render,Index_MCP,-17.928800,1.019721,20.785570,-0.179472,0.751102,-0.047264,0.633563
1.3275,4913,Render,Index_PIP,-17.935020,1.004291,20.741790,-0.372547,0.676442,-0.213866,0.598245
1.3275,4913,Render,Index_DIP,-17.935190,0.984567,20.724920,-0.523787,0.567461,-0.350991,0.529567
1.3275,4913,Render,Index_FingerTip,-17.932240,0.958576,20.718640,-0.523787,0.567461,-0.350991,0.529567
1.3275,4913,Render,Middle_MCP,-17.955510,1.015516,20.790190,-0.205739,0.742152,-0.013854,0.637723
1.3275,4913,Render,Middle_PIP,-17.960890,0.998457,20.740510,-0.395465,0.660852,-0.182737,0.611138
1.3275,4913,Render,Middle_DIP,-17.959240,0.977777,20.722120,-0.542281,0.546854,-0.323838,0.549556
1.3275,4913,Render,Middle_FingerTip,-17.953800,0.950920,20.715050,-0.542281,0.546854,-0.323838,0.549556
1.3275,4913,Render,Ring_MCP,-17.977310,1.008001,20.798690,-0.229406,0.733621,-0.000836,0.639666
1.3275,4913,Render,Ring_PIP,-17.980870,0.992287,20.755040,-0.426118,0.639727,-0.180363,0.613711
1.3275,4913,Render,Ring_DIP,-17.977800,0.972093,20.738400,-0.574260,0.510934,-0.329929,0.548014
1.3275,4913,Render,Ring_FingerTip,-17.971090,0.947623,20.733730,-0.574260,0.510934,-0.329929,0.548014
1.3275,4913,Render,Pinky_MCP,-17.994320,0.999910,20.810760,-0.239667,0.729193,0.012519,0.640844
1.3275,4913,Render,Pinky_PIP,-17.996830,0.986780,20.773730,-0.434723,0.632597,-0.167877,0.618592
1.3275,4913,Render,Pinky_DIP,-17.994210,0.972880,20.762050,-0.580778,0.501856,-0.319086,0.555898
1.3275,4913,Render,Pinky_FingerTip,-17.988600,0.954915,20.758460,-0.580778,0.501856,-0.319086,0.555898
1.3422,4914,Real,Wrist,-17.945430,1.002708,20.912960,-0.083905,0.781916,0.061258,0.614667
1.3422,4914,Real,Thumb_CMC,-17.923650,1.002137,20.870950,0.271862,0.321362,-0.532312,0.734481
1.3422,4914,Real,Thumb_MCP,-17.913690,0.975474,20.837510,0.164055,0.387645,-0.726566,0.543066
1.3422,4914,Real,Thumb_IP,-17.931160,0.943018,20.805180,-0.059935,0.416642,-0.902684,0.089326
1.3422,4914,Real,Thumb_FingerTip,-17.959010,0.936998,20.806140,-0.059935,0.416642,-0.902684,0.089326
1.3422,4914,Real,Index_MCP,-17.938800,0.998049,20.798700,-0.208151,0.757849,-0.093388,0.611243
1.3422,4914,Real,Index_PIP,-17.946580,0.977929,20.757140,-0.458123,0.638581,-0.299629,0.540889
1.3422,4914,Real,Index_DIP,-17.946450,0.954329,20.746340,-0.635205,0.462792,-0.454077,0.419706
1.3422,4914,Real,Index_FingerTip,-17.942170,0.928260,20.751400,-0.635205,0.462792,-0.454077,0.419706
1.3422,4914,Real,Middle_MCP,-17.965440,0.994975,20.804490,-0.278069,0.735602,-0.095473,0.610289
1.3422,4914,Real,Middle_PIP,-17.970740,0.967219,20.759880,-0.563223,0.548828,-0.344754,0.512555
1.3422,4914,Real,Middle_DIP,-17.966310,0.940286,20.755050,-0.730534,0.291122,-0.514841,0.341331
1.3422,4914,Real,Middle_FingerTip,-17.957810,0.918303,20.770720,-0.730534,0.291122,-0.514841,0.341331
1.3422,4914,Real,Ring_MCP,-17.987120,0.988871,20.814330,-0.287578,0.731957,-0.070409,0.613661
1.3422,4914,Real,Ring_PIP,-17.990910,0.965258,20.774410,-0.563715,0.548350,-0.317092,0.530085
1.3422,4914,Real,Ring_DIP,-17.985700,0.940116,20.768510,-0.727605,0.298419,-0.491977,0.373492
1.3422,4914,Real,Ring_FingerTip,-17.976990,0.919430,20.781230,-0.727605,0.298419,-0.491977,0.373492
1.3422,4914,Real,Pinky_MCP,-18.003910,0.982427,20.827630,-0.297547,0.727851,-0.056771,0.615204
1.3422,4914,Real,Pinky_PIP,-18.006510,0.962623,20.793700,-0.571105,0.540500,-0.305303,0.537112
1.3422,4914,Real,Pinky_DIP,-18.002300,0.945281,20.789450,-0.731533,0.288378,-0.483661,0.384410
1.3422,4914,Real,Pinky_FingerTip,-17.995290,0.930073,20.798760,-0.731533,0.288378,-0.483661,0.384410
1.3422,4914,Virtual,Wrist,-17.942500,1.007903,20.906400,-0.072616,0.775792,0.081462,0.621481
1.3422,4914,Virtual,Thumb_CMC,-17.920170,1.009478,20.864710,0.291556,0.329947,-0.520004,0.731933
1.3422,4914,Virtual,Thumb_MCP,-17.909570,0.984500,20.830190,0.180308,0.401695,-0.714057,0.544291
1.3422,4914,Virtual,Thumb_IP,-17.926360,0.953491,20.796120,-0.053285,0.437071,-0.892610,0.096841
1.3422,4914,Virtual,Thumb_FingerTip,-17.954160,0.947236,20.796420,-0.053285,0.437071,-0.892610,0.096841
1.3422,4914,Virtual,Index_MCP,-17.934330,1.008712,20.792150,-0.195779,0.754959,-0.074552,0.621409
1.3422,4914,Virtual,Index_PIP,-17.941400,0.990531,20.749580,-0.445517,0.640162,-0.285490,0.556959
1.3422,4914,Virtual,Index_DIP,-17.940950,0.967471,20.737680,-0.623730,0.468245,-0.445687,0.439398
1.3422,4914,Virtual,Index_FingerTip,-17.936530,0.941222,20.741560,-0.623730,0.468245,-0.445687,0.439398
1.3422,4914,Virtual,Middle_MCP,-17.961020,1.005180,20.797420,-0.265603,0.732517,-0.077636,0.621970
1.3422,4914,Virtual,Middle_PIP,-17.965520,0.979532,20.751490,-0.550622,0.551309,-0.333536,0.530687
1.3422,4914,Virtual,Middle_DIP,-17.960820,0.952890,20.745450,-0.719846,0.298242,-0.511427,0.362377
1.3422,4914,Virtual,Middle_FingerTip,-17.952350,0.930250,20.760170,-0.719846,0.298242,-0.511427,0.362377
1.3422,4914,Virtual,Ring_MCP,-17.982780,0.998463,20.806670,-0.275183,0.728222,-0.052717,0.625450
1.3422,4914,Virtual,Ring_PIP,-17.985860,0.976743,20.765630,-0.550883,0.550057,-0.305833,0.548118
1.3422,4914,Virtual,Ring_DIP,-17.980390,0.951945,20.758620,-0.716336,0.304790,-0.488259,0.394423
1.3422,4914,Virtual,Ring_FingerTip,-17.971680,0.930742,20.770470,-0.716336,0.304790,-0.488259,0.394423
1.3422,4914,Virtual,Pinky_MCP,-17.999700,0.991277,20.819420,-0.285189,0.723748,-0.039242,0.627150
1.3422,4914,Virtual,Pinky_PIP,-18.001690,0.973086,20.784560,-0.558154,0.541856,-0.294256,0.555221
1.3422,4914,Virtual,Pinky_DIP,-17.997300,0.955995,20.779550,-0.720023,0.294468,-0.480169,0.405333
1.3422,4914,Virtual,Pinky_FingerTip,-17.990300,0.940413,20.788220,-0.720023,0.294468,-0.480169,0.405333
1.3422,4914,Render,Wrist,-17.942500,1.007903,20.906400,-0.072616,0.775792,0.081462,0.621481
1.3422,4914,Render,Thumb_CMC,-17.920170,1.009478,20.864710,0.238482,0.367023,-0.506314,0.743012
1.3422,4914,Render,Thumb_MCP,-17.910600,0.984126,20.830160,0.177475,0.400103,-0.617386,0.653648
1.3422,4914,Render,Thumb_IP,-17.914650,0.951517,20.793770,0.036798,0.436149,-0.797270,0.415669
1.3422,4914,Render,Thumb_FingerTip,-17.933220,0.933542,20.781760,0.036798,0.436149,-0.797270,0.415669
1.3422,4914,Render,Index_MCP,-17.934330,1.008712,20.792150,-0.190313,0.756356,-0.070055,0.621932
1.3422,4914,Render,Index_PIP,-17.941540,0.991150,20.749350,-0.384394,0.678627,-0.232749,0.580978
1.3422,4914,Render,Index_DIP,-17.942300,0.970589,20.733520,-0.535812,0.566744,-0.365186,0.508278
1.3422,4914,Render,Index_FingerTip,-17.939860,0.944265,20.728550,-0.535812,0.566744,-0.365186,0.508278
1.3422,4914,Render,Middle_MCP,-17.961020,1.005180,20.797420,-0.216462,0.748512,-0.036237,0.625748
1.3422,4914,Render,Middle_PIP,-17.967520,0.985673,20.748790,-0.407493,0.664135,-0.201135,0.593649
1.3422,4914,Render,Middle_DIP,-17.966500,0.964050,20.731480,-0.554745,0.547159,-0.337510,0.528168
1.3422,4914,Render,Middle_FingerTip,-17.961590,0.936781,20.725720,-0.554745,0.547159,-0.337510,0.528168
1.3422,4914,Render,Ring_MCP,-17.982780,0.998463,20.806670,-0.240127,0.740522,-0.022818,0.627253
1.3422,4914,Render,Ring_PIP,-17.987330,0.980581,20.763950,-0.438345,0.643341,-0.197977,0.595627
1.3422,4914,Render,Ring_DIP,-17.984860,0.959509,20.748330,-0.587003,0.511333,-0.342388,0.526058
1.3422,4914,Render,Ring_FingerTip,-17.978600,0.934727,20.744820,-0.587003,0.511333,-0.342388,0.526058
1.3422,4914,Render,Pinky_MCP,-17.999700,0.991277,20.819420,-0.250335,0.736530,-0.009277,0.628308
1.3422,4914,Render,Pinky_PIP,-18.003050,0.976299,20.783170,-0.447021,0.636644,-0.185277,0.600441
1.3422,4914,Render,Pinky_DIP,-18.000840,0.961776,20.772180,-0.593701,0.502656,-0.331321,0.533932
1.3422,4914,Render,Pinky_FingerTip,-17.995560,0.943563,20.769430,-0.593701,0.502656,-0.331321,0.533932
1.3557,4915,Real,Wrist,-17.948560,0.997338,20.920480,-0.092367,0.787786,0.034851,0.607986
1.3557,4915,Real,Thumb_CMC,-17.927340,0.994094,20.878310,0.251955,0.308818,-0.549470,0.734325
1.3557,4915,Real,Thumb_MCP,-17.918310,0.965492,20.846230,0.148777,0.369751,-0.742902,0.537817
1.3557,4915,Real,Thumb_IP,-17.936810,0.931707,20.815890,-0.063765,0.393426,-0.913956,0.076388
1.3557,4915,Real,Thumb_FingerTip,-17.964750,0.926298,20.817500,-0.063765,0.393426,-0.913956,0.076388
1.3557,4915,Real,Index_MCP,-17.943480,0.986454,20.806560,-0.217645,0.760774,-0.118295,0.599884
1.3557,4915,Real,Index_PIP,-17.952170,0.964300,20.766230,-0.468042,0.638030,-0.319049,0.521596
1.3557,4915,Real,Index_DIP,-17.952630,0.940159,20.756710,-0.644452,0.459160,-0.466470,0.395298
1.3557,4915,Real,Index_FingerTip,-17.948780,0.914318,20.763110,-0.644452,0.459160,-0.466470,0.395298
1.3557,4915,Real,Middle_MCP,-17.970090,0.984219,20.812820,-0.287737,0.739152,-0.119348,0.597175
1.3557,4915,Real,Middle_PIP,-17.976490,0.954230,20.769820,-0.573485,0.547954,-0.360836,0.490570
1.3557,4915,Real,Middle_DIP,-17.972640,0.926996,20.766400,-0.739678,0.286382,-0.521272,0.314861
1.3557,4915,Real,Middle_FingerTip,-17.964360,0.905717,20.783120,-0.739678,0.286382,-0.521272,0.314861
1.3557,4915,Real,Ring_MCP,-17.991760,0.979077,20.823220,-0.297215,0.736293,-0.094171,0.600557
1.3557,4915,Real,Ring_PIP,-17.996510,0.953446,20.784670,-0.574282,0.548329,-0.333341,0.508351
1.3557,4915,Real,Ring_DIP,-17.991860,0.927927,20.780070,-0.737401,0.294456,-0.498943,0.347264
1.3557,4915,Real,Ring_FingerTip,-17.983380,0.907782,20.793780,-0.737401,0.294456,-0.498943,0.347264
1.3557,4915,Real,Pinky_MCP,-18.008500,0.973685,20.837040,-0.307177,0.732660,-0.080384,0.601988
1.3557,4915,Real,Pinky_PIP,-18.011910,0.952153,20.804260,-0.581862,0.540912,-0.321369,0.515338
1.3557,4915,Real,Pinky_DIP,-18.008090,0.934529,20.800890,-0.741666,0.284747,-0.490442,0.358214
1.3557,4915,Real,Pinky_FingerTip,-18.001250,0.919705,20.810920,-0.741666,0.284747,-0.490442,0.358214
1.3557,4915,Virtual,Wrist,-17.945430,1.002712,20.912960,-0.083905,0.781916,0.061258,0.614667
1.3557,4915,Virtual,Thumb_CMC,-17.923650,1.002140,20.870950,0.271862,0.321363,-0.532312,0.734481
1.3557,4915,Virtual,Thumb_MCP,-17.913690,0.975477,20.837510,0.164055,0.387645,-0.726565,0.543066
1.3557,4915,Virtual,Thumb_IP,-17.931170,0.943021,20.805180,-0.059935,0.416642,-0.902684,0.089326
1.3557,4915,Virtual,Thumb_FingerTip,-17.959010,0.937002,20.806140,-0.059935,0.416642,-0.902684,0.089326
1.3557,4915,Virtual,Index_MCP,-17.938800,0.998053,20.798700,-0.208151,0.757849,-0.093388,0.611243
1.3557,4915,Virtual,Index_PIP,-17.946580,0.977933,20.757140,-0.458123,0.638580,-0.299629,0.540890
1.3557,4915,Virtual,Index_DIP,-17.946450,0.954333,20.746340,-0.635205,0.462792,-0.454076,0.419706
1.3557,4915,Virtual,Index_FingerTip,-17.942170,0.928264,20.751400,-0.635205,0.462792,-0.454076,0.419706
1.3557,4915,Virtual,Middle_MCP,-17.965440,0.994979,20.804490,-0.278070,0.735602,-0.095473,0.610289
1.3557,4915,Virtual,Middle_PIP,-17.970750,0.967222,20.759890,-0.563223,0.548828,-0.344754,0.512555
1.3557,4915,Virtual,Middle_DIP,-17.966310,0.940289,20.755050,-0.730534,0.291122,-0.514841,0.341331
1.3557,4915,Virtual,Middle_FingerTip,-17.957810,0.918306,20.770720,-0.730534,0.291122,-0.514841,0.341331
1.3557,4915,Virtual,Ring_MCP,-17.987120,0.988874,20.814330,-0.287578,0.731957,-0.070409,0.613662
1.3557,4915,Virtual,Ring_PIP,-17.990910,0.965262,20.774410,-0.563715,0.548350,-0.317092,0.530085
1.3557,4915,Virtual,Ring_DIP,-17.985710,0.940119,20.768510,-0.727605,0.298419,-0.491977,0.373492
1.3557,4915,Virtual,Ring_FingerTip,-17.976990,0.919433,20.781230,-0.727605,0.298419,-0.491977,0.373492
1.3557,4915,Virtual,Pinky_MCP,-18.003910,0.982430,20.827630,-0.297547,0.727851,-0.056771,0.615204
1.3557,4915,Virtual,Pinky_PIP,-18.006510,0.962626,20.793700,-0.571106,0.540500,-0.305302,0.537112
1.3557,4915,Virtual,Pinky_DIP,-18.002300,0.945284,20.789450,-0.731533,0.288378,-0.483660,0.384410
1.3557,4915,Virtual,Pinky_FingerTip,-17.995290,0.930077,20.798760,-0.731533,0.288378,-0.483660,0.384410
1.3557,4915,Render,Wrist,-17.945430,1.002712,20.912960,-0.083905,0.781916,0.061258,0.614667
1.3557,4915,Render,Thumb_CMC,-17.923650,1.002140,20.870950,0.218267,0.358591,-0.519277,0.744395
1.3557,4915,Render,Thumb_MCP,-17.914710,0.975067,20.837550,0.158847,0.388582,-0.630405,0.652964
1.3557,4915,Render,Thumb_IP,-17.919460,0.940755,20.802860,0.022965,0.419167,-0.809349,0.410764
1.3557,4915,Render,Thumb_FingerTip,-17.938310,0.922354,20.791980,0.022965,0.419167,-0.809349,0.410764
1.3557,4915,Render,Index_MCP,-17.938800,0.998053,20.798700,-0.202663,0.759334,-0.088964,0.611902
1.3557,4915,Render,Index_PIP,-17.946710,0.978542,20.756870,-0.397092,0.678218,-0.248314,0.566285
1.3557,4915,Render,Index_DIP,-17.947840,0.957261,20.742060,-0.548042,0.563304,-0.376776,0.490284
1.3557,4915,Render,Index_FingerTip,-17.945640,0.930714,20.738310,-0.548042,0.563304,-0.376776,0.490284
1.3557,4915,Render,Middle_MCP,-17.965440,0.994979,20.804490,-0.228697,0.752416,-0.054809,0.615276
1.3557,4915,Render,Middle_PIP,-17.972740,0.973244,20.756930,-0.420326,0.664649,-0.216258,0.578619
1.3557,4915,Render,Middle_DIP,-17.972110,0.950819,20.740640,-0.567327,0.544584,-0.348592,0.509953
1.3557,4915,Render,Middle_FingerTip,-17.967470,0.923271,20.736120,-0.567327,0.544584,-0.348592,0.509953
1.3557,4915,Render,Ring_MCP,-17.987120,0.988874,20.814330,-0.252330,0.744844,-0.041051,0.616322
1.3557,4915,Render,Ring_PIP,-17.992380,0.969027,20.772570,-0.451270,0.644064,-0.212409,0.580017
1.3557,4915,Render,Ring_DIP,-17.990270,0.947222,20.757940,-0.599690,0.508758,-0.352396,0.507302
1.3557,4915,Render,Ring_FingerTip,-17.984230,0.922254,20.755530,-0.599690,0.508758,-0.352396,0.507302
1.3557,4915,Render,Pinky_MCP,-18.003910,0.982430,20.827630,-0.262483,0.741218,-0.027355,0.617212
1.3557,4915,Render,Pinky_PIP,-18.007860,0.965780,20.792180,-0.459998,0.637734,-0.199514,0.584716
1.3557,4915,Render,Pinky_DIP,-18.005900,0.950737,20.781860,-0.606530,0.500424,-0.341111,0.515113
1.3557,4915,Render,Pinky_FingerTip,-18.000800,0.932374,20.779910,-0.606530,0.500424,-0.341111,0.515113
1.3755,4916,Real,Wrist,-17.951890,0.993628,20.926950,-0.090679,0.790137,0.006378,0.606152
1.3755,4916,Real,Thumb_CMC,-17.930860,0.987766,20.884970,0.241680,0.292242,-0.569615,0.729194
1.3755,4916,Real,Thumb_MCP,-17.922950,0.957492,20.854160,0.143944,0.350849,-0.760536,0.527040
1.3755,4916,Real,Thumb_IP,-17.942700,0.923138,20.825290,-0.058034,0.374763,-0.923465,0.058289
1.3755,4916,Real,Thumb_FingerTip,-17.970820,0.918830,20.827110,-0.058034,0.374763,-0.923465,0.058289
1.3755,4916,Real,Index_MCP,-17.947380,0.977640,20.813620,-0.216284,0.762171,-0.145930,0.592471
1.3755,4916,Real,Index_PIP,-17.956950,0.954104,20.774280,-0.467251,0.639813,-0.342396,0.505056
1.3755,4916,Real,Index_DIP,-17.958330,0.929607,20.765810,-0.644259,0.461101,-0.483456,0.372273
1.3755,4916,Real,Index_FingerTip,-17.955450,0.903942,20.773340,-0.644259,0.461101,-0.483456,0.372273
1.3755,4916,Real,Middle_MCP,-17.974050,0.976680,20.819960,-0.289361,0.740817,-0.148556,0.587701
1.3755,4916,Real,Middle_PIP,-17.981530,0.944820,20.778520,-0.578723,0.545544,-0.385914,0.467474
1.3755,4916,Real,Middle_DIP,-17.978570,0.917316,20.776760,-0.745005,0.278400,-0.537009,0.281217
1.3755,4916,Real,Middle_FingerTip,-17.970990,0.897029,20.794980,-0.745005,0.278400,-0.537009,0.281217
1.3755,4916,Real,Ring_MCP,-17.995880,0.972811,20.830570,-0.298680,0.738756,-0.123189,0.591485
1.3755,4916,Real,Ring_PIP,-18.001560,0.945494,20.793330,-0.579467,0.546981,-0.358558,0.486278
1.3755,4916,Real,Ring_DIP,-17.997750,0.919607,20.790260,-0.743056,0.287817,-0.515574,0.314982
1.3755,4916,Real,Ring_FingerTip,-17.989940,0.900192,20.805350,-0.743056,0.287817,-0.515574,0.314982
1.3755,4916,Real,Pinky_MCP,-18.012790,0.968656,20.844610,-0.308723,0.735579,-0.109357,0.593005
1.3755,4916,Real,Pinky_PIP,-18.016970,0.945667,20.812920,-0.587272,0.539906,-0.346619,0.493427
1.3755,4916,Real,Pinky_DIP,-18.013730,0.927759,20.810620,-0.747612,0.278320,-0.507216,0.326108
1.3755,4916,Real,Pinky_FingerTip,-18.007400,0.913448,20.821670,-0.747612,0.278320,-0.507216,0.326108
1.3755,4916,Virtual,Wrist,-17.951890,0.993632,20.926960,-0.090679,0.790137,0.006378,0.606152
1.3755,4916,Virtual,Thumb_CMC,-17.930860,0.987770,20.884970,0.241680,0.292242,-0.569615,0.729194
1.3755,4916,Virtual,Thumb_MCP,-17.922950,0.957496,20.854170,0.143944,0.350849,-0.760535,0.527040
1.3755,4916,Virtual,Thumb_IP,-17.942700,0.923142,20.825300,-0.058034,0.374763,-0.923465,0.058289
1.3755,4916,Virtual,Thumb_FingerTip,-17.970820,0.918834,20.827110,-0.058034,0.374763,-0.923465,0.058289
1.3755,4916,Virtual,Index_MCP,-17.947380,0.977644,20.813620,-0.216284,0.762171,-0.145930,0.592471
1.3755,4916,Virtual,Index_PIP,-17.956950,0.954108,20.774290,-0.467251,0.639813,-0.342396,0.505056
1.3755,4916,Virtual,Index_DIP,-17.958330,0.929611,20.765820,-0.644259,0.461101,-0.483456,0.372273
1.3755,4916,Virtual,Index_FingerTip,-17.955440,0.903946,20.773340,-0.644259,0.461101,-0.483456,0.372273
1.3755,4916,Virtual,Middle_MCP,-17.974050,0.976684,20.819960,-0.289361,0.740817,-0.148556,0.587701
1.3755,4916,Virtual,Middle_PIP,-17.981530,0.944824,20.778520,-0.578723,0.545544,-0.385914,0.467474
1.3755,4916,Virtual,Middle_DIP,-17.978570,0.917320,20.776760,-0.745005,0.278400,-0.537009,0.281217
1.3755,4916,Virtual,Middle_FingerTip,-17.970990,0.897033,20.794980,-0.745005,0.278400,-0.537009,0.281217
1.3755,4916,Virtual,Ring_MCP,-17.995880,0.972815,20.830570,-0.298680,0.738756,-0.123189,0.591485
1.3755,4916,Virtual,Ring_PIP,-18.001560,0.945497,20.793330,-0.579467,0.546981,-0.358558,0.486278
1.3755,4916,Virtual,Ring_DIP,-17.997750,0.919611,20.790260,-0.743056,0.287817,-0.515574,0.314982
1.3755,4916,Virtual,Ring_FingerTip,-17.989940,0.900196,20.805350,-0.743056,0.287817,-0.515574,0.314982
1.3755,4916,Virtual,Pinky_MCP,-18.012790,0.968660,20.844610,-0.308723,0.735579,-0.109357,0.593005
1.3755,4916,Virtual,Pinky_PIP,-18.016970,0.945671,20.812930,-0.587272,0.539906,-0.346619,0.493427
1.3755,4916,Virtual,Pinky_DIP,-18.013730,0.927762,20.810620,-0.747612,0.278320,-0.507216,0.326108
1.3755,4916,Virtual,Pinky_FingerTip,-18.007400,0.913452,20.821670,-0.747612,0.278320,-0.507216,0.326108
1.3755,4916,Render,Wrist,-17.948570,0.997334,20.920490,-0.092367,0.787786,0.034851,0.607986
1.3755,4916,Render,Thumb_CMC,-17.927340,0.994090,20.878320,0.198558,0.346961,-0.537207,0.742699
1.3755,4916,Render,Thumb_MCP,-17.919350,0.965101,20.846320,0.141224,0.373982,-0.647841,0.648456
1.3755,4916,Render,Thumb_IP,-17.925190,0.929085,20.813560,0.011089,0.399605,-0.824351,0.400798
1.3755,4916,Render,Thumb_FingerTip,-17.944530,0.910505,20.803910,0.011089,0.399605,-0.824351,0.400798
1.3755,4916,Render,Index_MCP,-17.943490,0.986450,20.806570,-0.212136,0.762328,-0.113952,0.600724
1.3755,4916,Render,Index_PIP,-17.952300,0.964893,20.765950,-0.407020,0.678587,-0.269435,0.548871
1.3755,4916,Render,Index_DIP,-17.954020,0.942878,20.752310,-0.557769,0.561284,-0.393110,0.468316
1.3755,4916,Render,Index_FingerTip,-17.952380,0.916130,20.749960,-0.557769,0.561284,-0.393110,0.468316
1.3755,4916,Render,Middle_MCP,-17.970100,0.984215,20.812830,-0.238108,0.756600,-0.079501,0.603772
1.3755,4916,Render,Middle_PIP,-17.978420,0.960119,20.766580,-0.430510,0.666183,-0.237008,0.560971
1.3755,4916,Render,Middle_DIP,-17.978410,0.936849,20.751520,-0.577582,0.543634,-0.364509,0.487847
1.3755,4916,Render,Middle_FingerTip,-17.974360,0.909013,20.748430,-0.577582,0.543634,-0.364509,0.487847
1.3755,4916,Render,Ring_MCP,-17.991770,0.979073,20.823230,-0.261748,0.749635,-0.065412,0.604365
1.3755,4916,Render,Ring_PIP,-17.997930,0.957132,20.782660,-0.461654,0.646018,-0.232434,0.561703
1.3755,4916,Render,Ring_DIP,-17.996430,0.934540,20.769200,-0.610231,0.508018,-0.367129,0.484512
1.3755,4916,Render,Ring_FingerTip,-17.990890,0.909364,20.768050,-0.610231,0.508018,-0.367129,0.484512
1.3755,4916,Render,Pinky_MCP,-18.008510,0.973681,20.837050,-0.271873,0.746481,-0.051572,0.605138
1.3755,4916,Render,Pinky_PIP,-18.013220,0.955243,20.802590,-0.470487,0.640149,-0.219367,0.566330
1.3755,4916,Render,Pinky_DIP,-18.011680,0.939634,20.793080,-0.617289,0.500104,-0.355660,0.492298
1.3755,4916,Render,Pinky_FingerTip,-18.006950,0.921097,20.792050,-0.617289,0.500104,-0.355660,0.492298
1.3886,4917,Real,Wrist,-17.951890,0.993628,20.926950,-0.090679,0.790137,0.006378,0.606152
1.3886,4917,Real,Thumb_CMC,-17.930860,0.987766,20.884970,0.241680,0.292242,-0.569615,0.729194
1.3886,4917,Real,Thumb_MCP,-17.922950,0.957492,20.854160,0.143944,0.350849,-0.760536,0.527040
1.3886,4917,Real,Thumb_IP,-17.942700,0.923138,20.825290,-0.058034,0.374763,-0.923465,0.058289
1.3886,4917,Real,Thumb_FingerTip,-17.970820,0.918830,20.827110,-0.058034,0.374763,-0.923465,0.058289
1.3886,4917,Real,Index_MCP,-17.947380,0.977640,20.813620,-0.216284,0.762171,-0.145930,0.592471
1.3886,4917,Real,Index_PIP,-17.956950,0.954104,20.774280,-0.467251,0.639813,-0.342396,0.505056
1.3886,4917,Real,Index_DIP,-17.958330,0.929607,20.765810,-0.644259,0.461101,-0.483456,0.372273
1.3886,4917,Real,Index_FingerTip,-17.955450,0.903942,20.773340,-0.644259,0.461101,-0.483456,0.372273
1.3886,4917,Real,Middle_MCP,-17.974050,0.976680,20.819960,-0.289361,0.740817,-0.148556,0.587701
1.3886,4917,Real,Middle_PIP,-17.981530,0.944820,20.778520,-0.578723,0.545544,-0.385914,0.467474
1.3886,4917,Real,Middle_DIP,-17.978570,0.917316,20.776760,-0.745005,0.278400,-0.537009,0.281217
1.3886,4917,Real,Middle_FingerTip,-17.970990,0.897029,20.794980,-0.745005,0.278400,-0.537009,0.281217
1.3886,4917,Real,Ring_MCP,-17.995880,0.972811,20.830570,-0.298680,0.738756,-0.123189,0.591485
1.3886,4917,Real,Ring_PIP,-18.001560,0.945494,20.793330,-0.579467,0.546981,-0.358558,0.486278
1.3886,4917,Real,Ring_DIP,-17.997750,0.919607,20.790260,-0.743056,0.287817,-0.515574,0.314982
1.3886,4917,Real,Ring_FingerTip,-17.989940,0.900192,20.805350,-0.743056,0.287817,-0.515574,0.314982
1.3886,4917,Real,Pinky_MCP,-18.012790,0.968656,20.844610,-0.308723,0.735579,-0.109357,0.593005
1.3886,4917,Real,Pinky_PIP,-18.016970,0.945667,20.812920,-0.587272,0.539906,-0.346619,0.493427
1.3886,4917,Real,Pinky_DIP,-18.013730,0.927759,20.810620,-0.747612,0.278320,-0.507216,0.326108
1.3886,4917,Real,Pinky_FingerTip,-18.007400,0.913448,20.821670,-0.747612,0.278320,-0.507216,0.326108
1.3886,4917,Virtual,Wrist,-17.951890,0.993632,20.926960,-0.090679,0.790137,0.006378,0.606152
1.3886,4917,Virtual,Thumb_CMC,-17.930860,0.987770,20.884970,0.241680,0.292242,-0.569615,0.729194
1.3886,4917,Virtual,Thumb_MCP,-17.922950,0.957495,20.854170,0.143944,0.350849,-0.760535,0.527040
1.3886,4917,Virtual,Thumb_IP,-17.942700,0.923142,20.825300,-0.058034,0.374762,-0.923465,0.058289
1.3886,4917,Virtual,Thumb_FingerTip,-17.970820,0.918834,20.827110,-0.058034,0.374762,-0.923465,0.058289
1.3886,4917,Virtual,Index_MCP,-17.947380,0.977644,20.813620,-0.216284,0.762171,-0.145930,0.592471
1.3886,4917,Virtual,Index_PIP,-17.956950,0.954107,20.774290,-0.467251,0.639813,-0.342396,0.505056
1.3886,4917,Virtual,Index_DIP,-17.958330,0.929611,20.765820,-0.644259,0.461101,-0.483456,0.372273
1.3886,4917,Virtual,Index_FingerTip,-17.955440,0.903946,20.773340,-0.644259,0.461101,-0.483456,0.372273
1.3886,4917,Virtual,Middle_MCP,-17.974050,0.976684,20.819960,-0.289361,0.740817,-0.148556,0.587701
1.3886,4917,Virtual,Middle_PIP,-17.981530,0.944824,20.778520,-0.578723,0.545544,-0.385914,0.467474
1.3886,4917,Virtual,Middle_DIP,-17.978570,0.917319,20.776760,-0.745005,0.278400,-0.537009,0.281217
1.3886,4917,Virtual,Middle_FingerTip,-17.970990,0.897033,20.794980,-0.745005,0.278400,-0.537009,0.281217
1.3886,4917,Virtual,Ring_MCP,-17.995880,0.972815,20.830570,-0.298680,0.738756,-0.123189,0.591485
1.3886,4917,Virtual,Ring_PIP,-18.001560,0.945497,20.793330,-0.579467,0.546981,-0.358558,0.486278
1.3886,4917,Virtual,Ring_DIP,-17.997750,0.919611,20.790260,-0.743056,0.287818,-0.515574,0.314982
1.3886,4917,Virtual,Ring_FingerTip,-17.989940,0.900196,20.805350,-0.743056,0.287818,-0.515574,0.314982
1.3886,4917,Virtual,Pinky_MCP,-18.012790,0.968660,20.844610,-0.308723,0.735579,-0.109357,0.593005
1.3886,4917,Virtual,Pinky_PIP,-18.016970,0.945671,20.812930,-0.587272,0.539906,-0.346619,0.493427
1.3886,4917,Virtual,Pinky_DIP,-18.013730,0.927762,20.810620,-0.747612,0.278320,-0.507216,0.326108
1.3886,4917,Virtual,Pinky_FingerTip,-18.007400,0.913452,20.821670,-0.747612,0.278320,-0.507216,0.326108
1.3886,4917,Render,Wrist,-17.951890,0.993632,20.926960,-0.090679,0.790137,0.006378,0.606152
1.3886,4917,Render,Thumb_CMC,-17.930860,0.987770,20.884970,0.188751,0.331677,-0.558518,0.736492
1.3886,4917,Render,Thumb_MCP,-17.924010,0.957143,20.854260,0.133956,0.357341,-0.667904,0.638959
1.3886,4917,Render,Thumb_IP,-17.931240,0.919988,20.823090,0.009665,0.381502,-0.840201,0.385260
1.3886,4917,Render,Thumb_FingerTip,-17.951280,0.901748,20.814250,0.009665,0.381502,-0.840201,0.385260
1.3886,4917,Render,Index_MCP,-17.947380,0.977644,20.813620,-0.210765,0.763716,-0.141640,0.593511
1.3886,4917,Render,Index_PIP,-17.957060,0.954695,20.773970,-0.406067,0.680289,-0.294212,0.534562
1.3886,4917,Render,Index_DIP,-17.959620,0.932190,20.761290,-0.557252,0.563164,-0.413736,0.448486
1.3886,4917,Render,Index_FingerTip,-17.958990,0.905323,20.760100,-0.557252,0.563164,-0.413736,0.448486
1.3886,4917,Render,Middle_MCP,-17.974050,0.976684,20.819960,-0.236890,0.759225,-0.107128,0.596645
1.3886,4917,Render,Middle_PIP,-17.983330,0.950939,20.774800,-0.430032,0.669038,-0.261750,0.546762
1.3886,4917,Render,Middle_DIP,-17.984230,0.927055,20.760760,-0.577803,0.546519,-0.385126,0.468123
1.3886,4917,Render,Middle_FingerTip,-17.981230,0.898978,20.758880,-0.577803,0.546519,-0.385126,0.468123
1.3886,4917,Render,Ring_MCP,-17.995880,0.972815,20.830570,-0.260659,0.753012,-0.092899,0.596992
1.3886,4917,Render,Ring_PIP,-18.002920,0.949385,20.790990,-0.461558,0.649565,-0.256746,0.546911
1.3886,4917,Render,Ring_DIP,-18.002280,0.926191,20.778510,-0.611036,0.511474,-0.386901,0.464045
1.3886,4917,Render,Ring_FingerTip,-17.997710,0.900800,20.778470,-0.611036,0.511474,-0.386901,0.464045
1.3886,4917,Render,Pinky_MCP,-18.012790,0.968660,20.844610,-0.270852,0.750350,-0.079007,0.597806
1.3886,4917,Render,Pinky_PIP,-18.018250,0.948937,20.810980,-0.470593,0.644149,-0.243641,0.551592
1.3886,4917,Render,Pinky_DIP,-18.017310,0.932884,20.802150,-0.618405,0.503946,-0.375410,0.471892
1.3886,4917,Render,Pinky_FingerTip,-18.013280,0.914155,20.801930,-0.618405,0.503946,-0.375410,0.471892
1.4005,4918,Real,Wrist,-17.954730,0.989403,20.939750,-0.089273,0.778341,-0.034203,0.620521
1.4005,4918,Real,Thumb_CMC,-17.932240,0.979998,20.899190,0.239763,0.253490,-0.590177,0.727976
1.4005,4918,Real,Thumb_MCP,-17.924560,0.947605,20.870560,0.153613,0.313283,-0.779829,0.519735
1.4005,4918,Real,Thumb_IP,-17.944790,0.912579,20.842840,-0.030373,0.347593,-0.936213,0.041993
1.4005,4918,Real,Thumb_FingerTip,-17.973140,0.909737,20.843630,-0.030373,0.347593,-0.936213,0.041993
1.4005,4918,Real,Index_MCP,-17.946190,0.966366,20.827880,-0.211658,0.749269,-0.187971,0.598719
1.4005,4918,Real,Index_PIP,-17.955240,0.940972,20.789590,-0.458660,0.629153,-0.384171,0.496196
1.4005,4918,Real,Index_DIP,-17.957500,0.916097,20.782530,-0.632906,0.453468,-0.520460,0.350598
1.4005,4918,Real,Index_FingerTip,-17.956230,0.890838,20.791690,-0.632906,0.453468,-0.520460,0.350598
1.4005,4918,Real,Middle_MCP,-17.973120,0.967076,20.833030,-0.289641,0.727937,-0.195230,0.590002
1.4005,4918,Real,Middle_PIP,-17.980300,0.932644,20.793650,-0.578837,0.527951,-0.433607,0.445198
1.4005,4918,Real,Middle_DIP,-17.978450,0.905000,20.794530,-0.740645,0.255400,-0.574513,0.236962
1.4005,4918,Real,Middle_FingerTip,-17.972530,0.886589,20.815190,-0.740645,0.255400,-0.574513,0.236962
1.4005,4918,Real,Ring_MCP,-17.995550,0.964913,20.842840,-0.299815,0.726658,-0.170272,0.594212
1.4005,4918,Real,Ring_PIP,-18.000860,0.935220,20.807410,-0.581158,0.529316,-0.407492,0.464790
1.4005,4918,Real,Ring_DIP,-17.998020,0.909033,20.806920,-0.740531,0.263695,-0.555420,0.271273
1.4005,4918,Real,Ring_FingerTip,-17.991730,0.891182,20.824450,-0.740531,0.263695,-0.555420,0.271273
1.4005,4918,Real,Pinky_MCP,-18.013240,0.962436,20.856310,-0.310262,0.724042,-0.156629,0.595792
1.4005,4918,Real,Pinky_PIP,-18.017080,0.937398,20.826170,-0.589491,0.522494,-0.395828,0.472040
1.4005,4918,Real,Pinky_DIP,-18.014500,0.919242,20.825680,-0.745581,0.254182,-0.547462,0.282466
1.4005,4918,Real,Pinky_FingerTip,-18.009300,0.906055,20.838570,-0.745581,0.254182,-0.547462,0.282466
1.4005,4918,Virtual,Wrist,-17.951890,0.993632,20.926960,-0.090679,0.790137,0.006378,0.606152
1.4005,4918,Virtual,Thumb_CMC,-17.930860,0.987770,20.884970,0.241886,0.292916,-0.569339,0.729072
1.4005,4918,Virtual,Thumb_MCP,-17.922950,0.957539,20.854120,0.143925,0.351559,-0.760258,0.526973
1.4005,4918,Virtual,Thumb_IP,-17.942720,0.923214,20.825220,-0.058446,0.375356,-0.923197,0.058303
1.4005,4918,Virtual,Thumb_FingerTip,-17.970830,0.918895,20.827050,-0.058446,0.375356,-0.923197,0.058303
1.4005,4918,Virtual,Index_MCP,-17.947380,0.977644,20.813620,-0.216284,0.762171,-0.145930,0.592471
1.4005,4918,Virtual,Index_PIP,-17.956950,0.954107,20.774290,-0.467478,0.639646,-0.342576,0.504934
1.4005,4918,Virtual,Index_DIP,-17.958330,0.929605,20.765830,-0.644571,0.460665,-0.483708,0.371946
1.4005,4918,Virtual,Index_FingerTip,-17.955430,0.903950,20.773390,-0.644571,0.460665,-0.483708,0.371946
1.4005,4918,Virtual,Middle_MCP,-17.974050,0.976684,20.819960,-0.294083,0.738955,-0.152304,0.586741
1.4005,4918,Virtual,Middle_PIP,-17.981360,0.944295,20.778900,-0.587650,0.535917,-0.393579,0.461039
1.4005,4918,Virtual,Middle_DIP,-17.978160,0.916776,20.778030,-0.751893,0.259222,-0.544037,0.267367
1.4005,4918,Virtual,Middle_FingerTip,-17.970410,0.897512,20.797260,-0.751893,0.259222,-0.544037,0.267367
1.4005,4918,Virtual,Ring_MCP,-17.995880,0.972815,20.830570,-0.303535,0.736775,-0.127079,0.590661
1.4005,4918,Virtual,Ring_PIP,-18.001370,0.945015,20.793660,-0.588839,0.536879,-0.366913,0.480005
1.4005,4918,Virtual,Ring_DIP,-17.997310,0.919079,20.791470,-0.750537,0.267703,-0.523869,0.300983
1.4005,4918,Virtual,Ring_FingerTip,-17.989370,0.900575,20.807600,-0.750537,0.267703,-0.523869,0.300983
1.4005,4918,Virtual,Pinky_MCP,-18.012790,0.968660,20.844610,-0.313558,0.733531,-0.113257,0.592273
1.4005,4918,Virtual,Pinky_PIP,-18.016800,0.945266,20.813200,-0.596520,0.529670,-0.355099,0.487359
1.4005,4918,Virtual,Pinky_DIP,-18.013380,0.927324,20.811500,-0.754836,0.258086,-0.515814,0.312330
1.4005,4918,Virtual,Pinky_FingerTip,-18.006970,0.913686,20.823330,-0.754836,0.258086,-0.515814,0.312330
1.4005,4918,Render,Wrist,-17.951890,0.993632,20.926960,-0.090679,0.790137,0.006378,0.606152
1.4005,4918,Render,Thumb_CMC,-17.930860,0.987770,20.884970,0.189280,0.332095,-0.558446,0.736223
1.4005,4918,Render,Thumb_MCP,-17.924020,0.957184,20.854210,0.134412,0.357837,-0.667790,0.638705
1.4005,4918,Render,Thumb_IP,-17.931280,0.920075,20.823000,0.009934,0.382119,-0.840010,0.385057
1.4005,4918,Render,Thumb_FingerTip,-17.951320,0.901855,20.814140,0.009934,0.382119,-0.840010,0.385057
1.4005,4918,Render,Index_MCP,-17.947380,0.977644,20.813620,-0.210765,0.763716,-0.141640,0.593511
1.4005,4918,Render,Index_PIP,-17.957060,0.954695,20.773970,-0.406067,0.680289,-0.294212,0.534562
1.4005,4918,Render,Index_DIP,-17.959620,0.932190,20.761290,-0.557252,0.563164,-0.413736,0.448486
1.4005,4918,Render,Index_FingerTip,-17.958990,0.905323,20.760100,-0.557252,0.563164,-0.413736,0.448486
1.4005,4918,Render,Middle_MCP,-17.974050,0.976684,20.819960,-0.236890,0.759225,-0.107128,0.596645
1.4005,4918,Render,Middle_PIP,-17.983330,0.950939,20.774800,-0.430032,0.669038,-0.261750,0.546762
1.4005,4918,Render,Middle_DIP,-17.984230,0.927055,20.760760,-0.577803,0.546519,-0.385126,0.468123
1.4005,4918,Render,Middle_FingerTip,-17.981230,0.898978,20.758880,-0.577803,0.546519,-0.385126,0.468123
1.4005,4918,Render,Ring_MCP,-17.995880,0.972815,20.830570,-0.260659,0.753012,-0.092899,0.596992
1.4005,4918,Render,Ring_PIP,-18.002920,0.949385,20.790990,-0.461558,0.649565,-0.256746,0.546911
1.4005,4918,Render,Ring_DIP,-18.002280,0.926191,20.778510,-0.611036,0.511474,-0.386901,0.464045
1.4005,4918,Render,Ring_FingerTip,-17.997710,0.900800,20.778470,-0.611036,0.511474,-0.386901,0.464045
1.4005,4918,Render,Pinky_MCP,-18.012790,0.968660,20.844610,-0.270852,0.750350,-0.079007,0.597806
1.4005,4918,Render,Pinky_PIP,-18.018250,0.948937,20.810980,-0.470593,0.644149,-0.243641,0.551592
1.4005,4918,Render,Pinky_DIP,-18.017310,0.932884,20.802150,-0.618405,0.503946,-0.375410,0.471892
1.4005,4918,Render,Pinky_FingerTip,-18.013280,0.914155,20.801930,-0.618405,0.503946,-0.375410,0.471892
1.4141,4919,Real,Wrist,-17.955040,0.987628,20.945340,-0.096078,0.772923,-0.045996,0.625495
1.4141,4919,Real,Thumb_CMC,-17.931930,0.977103,20.905410,0.235125,0.238795,-0.592569,0.732500
1.4141,4919,Real,Thumb_MCP,-17.923870,0.943914,20.877810,0.153573,0.297863,-0.783419,0.523400
1.4141,4919,Real,Thumb_IP,-17.943720,0.908191,20.850720,-0.022396,0.334373,-0.941175,0.043398
1.4141,4919,Real,Thumb_FingerTip,-17.972080,0.905436,20.851090,-0.022396,0.334373,-0.941175,0.043398
1.4141,4919,Real,Index_MCP,-17.944770,0.961634,20.834260,-0.216964,0.742176,-0.200319,0.601643
1.4141,4919,Real,Index_PIP,-17.953280,0.935265,20.796510,-0.461173,0.620659,-0.396766,0.494650
1.4141,4919,Real,Index_DIP,-17.955500,0.910218,20.790070,-0.632626,0.444615,-0.531934,0.345178
1.4141,4919,Real,Index_FingerTip,-17.954450,0.885207,20.799920,-0.632626,0.444615,-0.531934,0.345178
1.4141,4919,Real,Middle_MCP,-17.971780,0.962548,20.838960,-0.296409,0.720265,-0.209239,0.591252
1.4141,4919,Real,Middle_PIP,-17.978380,0.926935,20.800540,-0.583314,0.516125,-0.448236,0.438685
1.4141,4919,Real,Middle_DIP,-17.976570,0.899343,20.802480,-0.740804,0.240519,-0.586046,0.223406
1.4141,4919,Real,Middle_FingerTip,-17.970980,0.881848,20.824010,-0.740804,0.240519,-0.586046,0.223406
1.4141,4919,Real,Ring_MCP,-17.994370,0.960700,20.848460,-0.307107,0.719156,-0.184587,0.595339
1.4141,4919,Real,Ring_PIP,-17.999140,0.929917,20.813890,-0.586653,0.517048,-0.422779,0.457993
1.4141,4919,Real,Ring_DIP,-17.996300,0.903734,20.814480,-0.741766,0.247553,-0.567835,0.257029
1.4141,4919,Real,Ring_FingerTip,-17.990300,0.886727,20.832930,-0.741766,0.247553,-0.567835,0.257029
1.4141,4919,Real,Pinky_MCP,-18.012280,0.958623,20.861700,-0.317681,0.716694,-0.171002,0.596815
1.4141,4919,Real,Pinky_PIP,-18.015660,0.932658,20.832300,-0.595138,0.510276,-0.411151,0.465172
1.4141,4919,Real,Pinky_DIP,-18.013070,0.914498,20.832570,-0.746942,0.238010,-0.559923,0.268171
1.4141,4919,Real,Pinky_FingerTip,-18.008090,0.901933,20.846150,-0.746942,0.238010,-0.559923,0.268171
1.4141,4919,Virtual,Wrist,-17.954730,0.989406,20.939750,-0.089273,0.778341,-0.034203,0.620521
1.4141,4919,Virtual,Thumb_CMC,-17.932250,0.980001,20.899190,0.239626,0.252775,-0.590251,0.728209
1.4141,4919,Virtual,Thumb_MCP,-17.924540,0.947573,20.870600,0.153717,0.312549,-0.779932,0.519991
1.4141,4919,Virtual,Thumb_IP,-17.944740,0.912515,20.842910,-0.029860,0.347022,-0.936428,0.042281
1.4141,4919,Virtual,Thumb_FingerTip,-17.973090,0.909667,20.843660,-0.029860,0.347022,-0.936428,0.042281
1.4141,4919,Virtual,Index_MCP,-17.946190,0.966369,20.827870,-0.211659,0.749268,-0.187971,0.598719
1.4141,4919,Virtual,Index_PIP,-17.955250,0.940975,20.789580,-0.458661,0.629153,-0.384171,0.496196
1.4141,4919,Virtual,Index_DIP,-17.957500,0.916100,20.782530,-0.632906,0.453468,-0.520460,0.350598
1.4141,4919,Virtual,Index_FingerTip,-17.956240,0.890842,20.791690,-0.632906,0.453468,-0.520460,0.350598
1.4141,4919,Virtual,Middle_MCP,-17.973120,0.967079,20.833030,-0.291273,0.727285,-0.196552,0.589562
1.4141,4919,Virtual,Middle_PIP,-17.980260,0.932468,20.793790,-0.581794,0.524690,-0.436101,0.442755
1.4141,4919,Virtual,Middle_DIP,-17.978340,0.904840,20.794980,-0.742828,0.248979,-0.576543,0.231980
1.4141,4919,Virtual,Middle_FingerTip,-17.972370,0.886803,20.815950,-0.742828,0.248979,-0.576543,0.231980
1.4141,4919,Virtual,Ring_MCP,-17.995550,0.964916,20.842840,-0.301716,0.725870,-0.171826,0.593764
1.4141,4919,Virtual,Ring_PIP,-18.000800,0.935037,20.807560,-0.584675,0.525429,-0.410582,0.462063
1.4141,4919,Virtual,Ring_DIP,-17.997890,0.908856,20.807410,-0.743211,0.256043,-0.558188,0.265530
1.4141,4919,Virtual,Ring_FingerTip,-17.991550,0.891389,20.825310,-0.743211,0.256043,-0.558188,0.265530
1.4141,4919,Virtual,Pinky_MCP,-18.013240,0.962439,20.856310,-0.312156,0.723227,-0.158188,0.595381
1.4141,4919,Virtual,Pinky_PIP,-18.017030,0.937245,20.826290,-0.592962,0.518551,-0.398966,0.469390
1.4141,4919,Virtual,Pinky_DIP,-18.014390,0.919092,20.826040,-0.748163,0.246479,-0.550346,0.276805
1.4141,4919,Virtual,Pinky_FingerTip,-18.009160,0.906190,20.839210,-0.748163,0.246479,-0.550346,0.276805
1.4141,4919,Render,Wrist,-17.954730,0.989406,20.939750,-0.089273,0.778341,-0.034203,0.620521
1.4141,4919,Render,Thumb_CMC,-17.932250,0.980001,20.899190,0.187724,0.294097,-0.581807,0.734689
1.4141,4919,Render,Thumb_MCP,-17.925660,0.947311,20.870620,0.138881,0.320071,-0.690614,0.633498
1.4141,4919,Render,Thumb_IP,-17.933440,0.908768,20.841330,0.026514,0.347894,-0.859875,0.372669
1.4141,4919,Render,Thumb_FingerTip,-17.953990,0.891028,20.832640,0.026514,0.347894,-0.859875,0.372669
1.4141,4919,Render,Index_MCP,-17.946190,0.966369,20.827870,-0.206233,0.750780,-0.183635,0.600063
1.4141,4919,Render,Index_PIP,-17.955310,0.941547,20.789230,-0.398261,0.669022,-0.336439,0.529723
1.4141,4919,Render,Index_DIP,-17.958460,0.918464,20.777790,-0.546974,0.554096,-0.453573,0.433670
1.4141,4919,Render,Index_FingerTip,-17.959150,0.891575,20.778200,-0.546974,0.554096,-0.453573,0.433670
1.4141,4919,Render,Middle_MCP,-17.973120,0.967079,20.833030,-0.233302,0.747900,-0.149680,0.603169
1.4141,4919,Render,Middle_PIP,-17.981750,0.939116,20.789080,-0.423565,0.659072,-0.304507,0.541749
1.4141,4919,Render,Middle_DIP,-17.983260,0.914495,20.776430,-0.569136,0.538394,-0.425436,0.453013
1.4141,4919,Render,Middle_FingerTip,-17.981610,0.886244,20.776330,-0.569136,0.538394,-0.425436,0.453013
1.4141,4919,Render,Ring_MCP,-17.995550,0.964916,20.842840,-0.257527,0.742698,-0.135815,0.603021
1.4141,4919,Render,Ring_PIP,-18.002070,0.939493,20.804410,-0.455656,0.640545,-0.299629,0.540650
1.4141,4919,Render,Ring_DIP,-18.002080,0.915579,20.793360,-0.603042,0.504243,-0.426800,0.447126
1.4141,4919,Render,Ring_FingerTip,-17.998800,0.890042,20.795010,-0.603042,0.504243,-0.426800,0.447126
1.4141,4919,Render,Pinky_MCP,-18.013240,0.962439,20.856310,-0.268108,0.740687,-0.122104,0.603814
1.4141,4919,Render,Pinky_PIP,-18.018250,0.940996,20.823670,-0.465247,0.635645,-0.286692,0.545260
1.4141,4919,Render,Pinky_DIP,-18.017740,0.924410,20.815850,-0.611078,0.497074,-0.415453,0.454863
1.4141,4919,Render,Pinky_FingerTip,-18.014660,0.905530,20.816920,-0.611078,0.497074,-0.415453,0.454863
1.4267,4920,Real,Wrist,-17.953780,0.986758,20.950900,-0.109456,0.768033,-0.049184,0.629068
1.4267,4920,Real,Thumb_CMC,-17.930040,0.975803,20.911460,0.228372,0.230494,-0.587187,0.741573
1.4267,4920,Real,Thumb_MCP,-17.921070,0.942184,20.884670,0.149590,0.287930,-0.780976,0.533663
1.4267,4920,Real,Thumb_IP,-17.939980,0.905538,20.858140,-0.020674,0.323811,-0.944385,0.053447
1.4267,4920,Real,Thumb_FingerTip,-17.968300,0.902280,20.858270,-0.020674,0.323811,-0.944385,0.053447
1.4267,4920,Real,Index_MCP,-17.941800,0.958591,20.840520,-0.228946,0.734682,-0.204041,0.605139
1.4267,4920,Real,Index_PIP,-17.949420,0.931273,20.803260,-0.469808,0.609471,-0.401470,0.496636
1.4267,4920,Real,Index_DIP,-17.951110,0.906059,20.797330,-0.637314,0.431282,-0.537024,0.345588
1.4267,4920,Real,Index_FingerTip,-17.949740,0.881286,20.807730,-0.637314,0.431282,-0.537024,0.345588
1.4267,4920,Real,Middle_MCP,-17.968870,0.959116,20.844910,-0.308026,0.712022,-0.213256,0.593858
1.4267,4920,Real,Middle_PIP,-17.974410,0.922578,20.807190,-0.590113,0.503609,-0.452990,0.439255
1.4267,4920,Real,Middle_DIP,-17.972130,0.895071,20.809750,-0.742045,0.226329,-0.590633,0.222032
1.4267,4920,Real,Middle_FingerTip,-17.966470,0.878144,20.831710,-0.742045,0.226329,-0.590633,0.222032
1.4267,4920,Real,Ring_MCP,-17.991530,0.957064,20.854210,-0.318892,0.711058,-0.188618,0.597602
1.4267,4920,Real,Ring_PIP,-17.995370,0.925469,20.820260,-0.593807,0.504668,-0.427391,0.458302
1.4267,4920,Real,Ring_DIP,-17.992070,0.899359,20.821440,-0.743530,0.233364,-0.572203,0.255516
1.4267,4920,Real,Ring_FingerTip,-17.985970,0.882862,20.840320,-0.743530,0.233364,-0.572203,0.255516
1.4267,4920,Real,Pinky_MCP,-18.009550,0.954945,20.867290,-0.329533,0.708639,-0.175053,0.598829
1.4267,4920,Real,Pinky_PIP,-18.012130,0.928303,20.838420,-0.602371,0.497906,-0.415674,0.465247
1.4267,4920,Real,Pinky_DIP,-18.009220,0.910203,20.839110,-0.748783,0.223799,-0.564118,0.266477
1.4267,4920,Real,Pinky_FingerTip,-18.004180,0.898022,20.853010,-0.748783,0.223799,-0.564118,0.266477
1.4267,4920,Virtual,Wrist,-17.955180,0.989335,20.944330,-0.096078,0.772923,-0.045996,0.625495
1.4267,4920,Virtual,Thumb_CMC,-17.932070,0.978810,20.904400,0.235125,0.238795,-0.592569,0.732500
1.4267,4920,Virtual,Thumb_MCP,-17.924010,0.945621,20.876800,0.153573,0.297863,-0.783420,0.523400
1.4267,4920,Virtual,Thumb_IP,-17.943860,0.909898,20.849710,-0.022396,0.334373,-0.941175,0.043398
1.4267,4920,Virtual,Thumb_FingerTip,-17.972230,0.907143,20.850090,-0.022396,0.334373,-0.941175,0.043398
1.4267,4920,Virtual,Index_MCP,-17.944910,0.963341,20.833250,-0.216964,0.742176,-0.200319,0.601643
1.4267,4920,Virtual,Index_PIP,-17.953430,0.936972,20.795500,-0.461173,0.620659,-0.396766,0.494650
1.4267,4920,Virtual,Index_DIP,-17.955640,0.911925,20.789060,-0.632626,0.444615,-0.531934,0.345178
1.4267,4920,Virtual,Index_FingerTip,-17.954600,0.886914,20.798910,-0.632626,0.444615,-0.531934,0.345178
1.4267,4920,Virtual,Middle_MCP,-17.971920,0.964255,20.837950,-0.296409,0.720265,-0.209239,0.591252
1.4267,4920,Virtual,Middle_PIP,-17.978530,0.928642,20.799530,-0.583314,0.516125,-0.448236,0.438685
1.4267,4920,Virtual,Middle_DIP,-17.976710,0.901050,20.801470,-0.740804,0.240519,-0.586046,0.223406
1.4267,4920,Virtual,Middle_FingerTip,-17.971120,0.883555,20.823000,-0.740804,0.240519,-0.586046,0.223406
1.4267,4920,Virtual,Ring_MCP,-17.994510,0.962407,20.847450,-0.307107,0.719156,-0.184587,0.595339
1.4267,4920,Virtual,Ring_PIP,-17.999290,0.931624,20.812880,-0.586653,0.517048,-0.422779,0.457994
1.4267,4920,Virtual,Ring_DIP,-17.996440,0.905440,20.813470,-0.741766,0.247553,-0.567835,0.257029
1.4267,4920,Virtual,Ring_FingerTip,-17.990450,0.888434,20.831920,-0.741766,0.247553,-0.567835,0.257029
1.4267,4920,Virtual,Pinky_MCP,-18.012420,0.960330,20.860700,-0.317681,0.716693,-0.171002,0.596815
1.4267,4920,Virtual,Pinky_PIP,-18.015800,0.934365,20.831300,-0.595138,0.510276,-0.411151,0.465171
1.4267,4920,Virtual,Pinky_DIP,-18.013210,0.916205,20.831560,-0.746942,0.238010,-0.559923,0.268171
1.4267,4920,Virtual,Pinky_FingerTip,-18.008230,0.903640,20.845140,-0.746942,0.238010,-0.559923,0.268171
1.4267,4920,Render,Wrist,-17.955180,0.989335,20.944330,-0.096078,0.772923,-0.045996,0.625495
1.4267,4920,Render,Thumb_CMC,-17.932070,0.978810,20.904400,0.182585,0.279827,-0.585173,0.738873
1.4267,4920,Render,Thumb_MCP,-17.925110,0.945325,20.876860,0.136062,0.305168,-0.694599,0.637097
1.4267,4920,Render,Thumb_IP,-17.932530,0.906002,20.848530,0.028726,0.332889,-0.864818,0.374766
1.4267,4920,Render,Thumb_FingerTip,-17.952970,0.888074,20.840000,0.028726,0.332889,-0.864818,0.374766
1.4267,4920,Render,Index_MCP,-17.944910,0.963341,20.833250,-0.211590,0.743726,-0.195962,0.603076
1.4267,4920,Render,Index_PIP,-17.953480,0.937534,20.795130,-0.401552,0.660799,-0.349123,0.529354
1.4267,4920,Render,Index_DIP,-17.956520,0.914166,20.784250,-0.548198,0.545323,-0.465799,0.430272
1.4267,4920,Render,Index_FingerTip,-17.957290,0.887300,20.785360,-0.548198,0.545323,-0.465799,0.430272
1.4267,4920,Render,Middle_MCP,-17.971920,0.964255,20.837950,-0.238973,0.741305,-0.162196,0.605849
1.4267,4920,Render,Middle_PIP,-17.979930,0.935167,20.794620,-0.427281,0.651207,-0.317284,0.541009
1.4267,4920,Render,Middle_DIP,-17.981290,0.910225,20.782600,-0.570860,0.529868,-0.437664,0.449233
1.4267,4920,Render,Middle_FingerTip,-17.979730,0.881977,20.783270,-0.570860,0.529868,-0.437664,0.449233
1.4267,4920,Render,Ring_MCP,-17.994510,0.962407,20.847450,-0.263313,0.736320,-0.148459,0.605360
1.4267,4920,Render,Ring_PIP,-18.000490,0.935998,20.809610,-0.459418,0.632799,-0.312421,0.539346
1.4267,4920,Render,Ring_DIP,-18.000390,0.911803,20.799190,-0.604720,0.495797,-0.438844,0.442624
1.4267,4920,Render,Ring_FingerTip,-17.997210,0.886309,20.801560,-0.604720,0.495797,-0.438844,0.442624
1.4267,4920,Render,Pinky_MCP,-18.012420,0.960330,20.860700,-0.274015,0.734497,-0.134809,0.606017
1.4267,4920,Render,Pinky_PIP,-18.016960,0.938048,20.828550,-0.469179,0.628046,-0.299504,0.543808
1.4267,4920,Render,Pinky_DIP,-18.016380,0.921261,20.821180,-0.612958,0.488726,-0.427479,0.450212
1.4267,4920,Render,Pinky_FingerTip,-18.013380,0.902408,20.822790,-0.612958,0.488726,-0.427479,0.450212
1.4407,4921,Real,Wrist,-17.951820,0.987106,20.954830,-0.121202,0.763258,-0.042115,0.633225
1.4407,4921,Real,Thumb_CMC,-17.927400,0.976698,20.915650,0.226627,0.229096,-0.575893,0.751334
1.4407,4921,Real,Thumb_MCP,-17.917220,0.943258,20.889070,0.148307,0.286094,-0.773154,0.546250
1.4407,4921,Real,Thumb_IP,-17.934840,0.906005,20.862500,-0.020891,0.321572,-0.944205,0.068070
1.4407,4921,Real,Thumb_FingerTip,-17.963050,0.901958,20.862380,-0.020891,0.321572,-0.944205,0.068070
1.4407,4921,Real,Index_MCP,-17.937970,0.958922,20.844670,-0.239413,0.728061,-0.197815,0.611128
1.4407,4921,Real,Index_PIP,-17.944450,0.931275,20.807430,-0.477537,0.599458,-0.397891,0.504273
1.4407,4921,Real,Index_DIP,-17.945370,0.905999,20.801600,-0.641646,0.419144,-0.536135,0.353790
1.4407,4921,Real,Index_FingerTip,-17.943380,0.881324,20.812130,-0.641646,0.419144,-0.536135,0.353790
1.4407,4921,Real,Middle_MCP,-17.965090,0.958693,20.848790,-0.319069,0.703880,-0.208361,0.599445
1.4407,4921,Real,Middle_PIP,-17.969190,0.921783,20.811260,-0.597632,0.489988,-0.452137,0.445332
1.4407,4921,Real,Middle_DIP,-17.966120,0.894387,20.814140,-0.743963,0.209215,-0.592771,0.226651
1.4407,4921,Real,Middle_FingerTip,-17.960180,0.877973,20.836410,-0.743963,0.209215,-0.592771,0.226651
1.4407,4921,Real,Ring_MCP,-17.987770,0.956029,20.857880,-0.330378,0.702615,-0.184013,0.602762
1.4407,4921,Real,Ring_PIP,-17.990340,0.924101,20.824120,-0.602119,0.490174,-0.426946,0.463573
1.4407,4921,Real,Ring_DIP,-17.986250,0.898123,20.825690,-0.746161,0.214621,-0.574597,0.258884
1.4407,4921,Real,Ring_FingerTip,-17.979870,0.882184,20.844950,-0.746161,0.214621,-0.574597,0.258884
1.4407,4921,Real,Pinky_MCP,-18.005850,0.953444,20.870800,-0.341047,0.700043,-0.170482,0.603791
1.4407,4921,Real,Pinky_PIP,-18.007350,0.926538,20.842100,-0.610621,0.483234,-0.415195,0.470362
1.4407,4921,Real,Pinky_DIP,-18.003900,0.908546,20.843060,-0.751258,0.204902,-0.566452,0.269739
1.4407,4921,Real,Pinky_FingerTip,-17.998650,0.896794,20.857240,-0.751258,0.204902,-0.566452,0.269739
1.4407,4921,Virtual,Wrist,-17.955120,0.991452,20.948430,-0.109456,0.768033,-0.049184,0.629068
1.4407,4921,Virtual,Thumb_CMC,-17.931390,0.980496,20.908990,0.228370,0.230495,-0.587192,0.741570
1.4407,4921,Virtual,Thumb_MCP,-17.922420,0.946878,20.882200,0.149555,0.287948,-0.781041,0.533568
1.4407,4921,Virtual,Thumb_IP,-17.941340,0.910235,20.855680,-0.020781,0.323804,-0.944403,0.053137
1.4407,4921,Virtual,Thumb_FingerTip,-17.969660,0.906991,20.855810,-0.020781,0.323804,-0.944403,0.053137
1.4407,4921,Virtual,Index_MCP,-17.943140,0.963285,20.838050,-0.228947,0.734682,-0.204041,0.605139
1.4407,4921,Virtual,Index_PIP,-17.950770,0.935967,20.800790,-0.470025,0.609304,-0.401647,0.496494
1.4407,4921,Virtual,Index_DIP,-17.952460,0.910748,20.794890,-0.637606,0.430851,-0.537258,0.345225
1.4407,4921,Virtual,Index_FingerTip,-17.951070,0.885990,20.805310,-0.637606,0.430851,-0.537258,0.345225
1.4407,4921,Virtual,Middle_MCP,-17.970210,0.963810,20.842440,-0.309008,0.711596,-0.214076,0.593563
1.4407,4921,Virtual,Middle_PIP,-17.975730,0.927167,20.804820,-0.592026,0.501359,-0.454659,0.437528
1.4407,4921,Virtual,Middle_DIP,-17.973400,0.899684,20.807580,-0.743387,0.221881,-0.591952,0.218491
1.4407,4921,Virtual,Middle_FingerTip,-17.967720,0.883028,20.829750,-0.743387,0.221881,-0.591952,0.218491
1.4407,4921,Virtual,Ring_MCP,-17.992880,0.961758,20.851730,-0.320210,0.710466,-0.189726,0.597251
1.4407,4921,Virtual,Ring_PIP,-17.996670,0.930038,20.817890,-0.596355,0.501654,-0.429707,0.456131
1.4407,4921,Virtual,Ring_DIP,-17.993320,0.903948,20.819340,-0.745363,0.227442,-0.574217,0.250956
1.4407,4921,Virtual,Ring_FingerTip,-17.987200,0.887765,20.838480,-0.745363,0.227442,-0.574217,0.250956
1.4407,4921,Virtual,Pinky_MCP,-18.010900,0.959639,20.864830,-0.330847,0.708027,-0.176163,0.598503
1.4407,4921,Virtual,Pinky_PIP,-18.013440,0.932891,20.836050,-0.604886,0.494848,-0.418025,0.463135
1.4407,4921,Virtual,Pinky_DIP,-18.010500,0.914805,20.836910,-0.750539,0.217835,-0.566220,0.261982
1.4407,4921,Virtual,Pinky_FingerTip,-18.005440,0.902857,20.851020,-0.750539,0.217835,-0.566220,0.261982
1.4407,4921,Render,Wrist,-17.955120,0.991452,20.948430,-0.109456,0.768033,-0.049184,0.629068
1.4407,4921,Render,Thumb_CMC,-17.931390,0.980496,20.908990,0.175360,0.271094,-0.580464,0.747542
1.4407,4921,Render,Thumb_MCP,-17.923520,0.946564,20.882250,0.130308,0.295403,-0.691320,0.646402
1.4407,4921,Render,Thumb_IP,-17.929910,0.906518,20.854690,0.026484,0.321779,-0.864764,0.384632
1.4407,4921,Render,Thumb_FingerTip,-17.949940,0.888045,20.846330,0.026484,0.321779,-0.864764,0.384632
1.4407,4921,Render,Index_MCP,-17.943140,0.963285,20.838050,-0.223626,0.736319,-0.199658,0.606599
1.4407,4921,Render,Index_PIP,-17.950830,0.936520,20.800400,-0.411188,0.650460,-0.353623,0.531768
1.4407,4921,Render,Index_DIP,-17.953330,0.912874,20.790000,-0.555076,0.532977,-0.470746,0.431538
1.4407,4921,Render,Index_FingerTip,-17.953630,0.886028,20.791680,-0.555076,0.532977,-0.470746,0.431538
1.4407,4921,Render,Middle_MCP,-17.970210,0.963810,20.842440,-0.251200,0.733998,-0.165996,0.608761
1.4407,4921,Render,Middle_PIP,-17.977220,0.933665,20.799660,-0.437129,0.640916,-0.321722,0.542808
1.4407,4921,Render,Middle_DIP,-17.978010,0.908452,20.788160,-0.577955,0.517517,-0.442403,0.449916
1.4407,4921,Render,Middle_FingerTip,-17.975950,0.880257,20.789460,-0.577955,0.517517,-0.442403,0.449916
1.4407,4921,Render,Ring_MCP,-17.992880,0.961758,20.851730,-0.275563,0.728945,-0.152346,0.607861
1.4407,4921,Render,Ring_PIP,-17.997960,0.934443,20.814400,-0.469106,0.622283,-0.316854,0.540655
1.4407,4921,Render,Ring_DIP,-17.997310,0.910037,20.804510,-0.611427,0.483170,-0.443464,0.442768
1.4407,4921,Render,Ring_FingerTip,-17.993700,0.884661,20.807460,-0.611427,0.483170,-0.443464,0.442768
1.4407,4921,Render,Pinky_MCP,-18.010900,0.959639,20.864830,-0.286330,0.727170,-0.138731,0.608270
1.4407,4921,Render,Pinky_PIP,-18.014680,0.936599,20.833120,-0.478942,0.617556,-0.303901,0.544870
1.4407,4921,Render,Pinky_DIP,-18.013720,0.919671,20.826110,-0.619746,0.476106,-0.432002,0.450126
1.4407,4921,Render,Pinky_FingerTip,-18.010390,0.900915,20.828170,-0.619746,0.476106,-0.432002,0.450126
1.4539,4922,Real,Wrist,-17.951040,0.987881,20.957840,-0.124289,0.760787,-0.038628,0.635818
1.4539,4922,Real,Thumb_CMC,-17.926280,0.977789,20.918790,0.227895,0.228500,-0.571258,0.754663
1.4539,4922,Real,Thumb_MCP,-17.915620,0.944502,20.892210,0.149695,0.285902,-0.769718,0.550805
1.4539,4922,Real,Thumb_IP,-17.932700,0.907125,20.865470,-0.019604,0.322124,-0.943617,0.073746
1.4539,4922,Real,Thumb_FingerTip,-17.960870,0.902798,20.865170,-0.019604,0.322124,-0.943617,0.073746
1.4539,4922,Real,Index_MCP,-17.936250,0.960042,20.847720,-0.241878,0.725212,-0.194821,0.614498
1.4539,4922,Real,Index_PIP,-17.942240,0.932401,20.810390,-0.478858,0.595929,-0.396255,0.508474
1.4539,4922,Real,Index_DIP,-17.942870,0.907128,20.804510,-0.641792,0.415379,-0.535901,0.358292
1.4539,4922,Real,Index_FingerTip,-17.940700,0.882455,20.815010,-0.641792,0.415379,-0.535901,0.358292
1.4539,4922,Real,Middle_MCP,-17.963390,0.959536,20.851680,-0.321392,0.700679,-0.205685,0.602868
1.4539,4922,Real,Middle_PIP,-17.966900,0.922657,20.814050,-0.598299,0.486089,-0.451252,0.449586
1.4539,4922,Real,Middle_DIP,-17.963570,0.895286,20.816900,-0.743011,0.205377,-0.593667,0.230902
1.4539,4922,Real,Middle_FingerTip,-17.957610,0.878891,20.839180,-0.743011,0.205377,-0.593667,0.230902
1.4539,4922,Real,Ring_MCP,-17.986100,0.956629,20.860620,-0.332764,0.699326,-0.181356,0.606070
1.4539,4922,Real,Ring_PIP,-17.988150,0.924740,20.826790,-0.602845,0.486176,-0.425984,0.467706
1.4539,4922,Real,Ring_DIP,-17.983820,0.898801,20.828340,-0.745260,0.210659,-0.575334,0.263063
1.4539,4922,Real,Ring_FingerTip,-17.977390,0.882890,20.847600,-0.745260,0.210659,-0.575334,0.263063
1.4539,4922,Real,Pinky_MCP,-18.004230,0.953840,20.873430,-0.343459,0.696685,-0.167854,0.607035
1.4539,4922,Real,Pinky_PIP,-18.005300,0.926974,20.844670,-0.611341,0.479163,-0.414232,0.474424
1.4539,4922,Real,Pinky_DIP,-18.001670,0.909016,20.845620,-0.750322,0.200875,-0.567160,0.273853
1.4539,4922,Real,Pinky_FingerTip,-17.996380,0.897290,20.859810,-0.750322,0.200875,-0.567160,0.273853
1.4539,4922,Virtual,Wrist,-17.954150,0.992148,20.952900,-0.121202,0.763258,-0.042115,0.633225
1.4539,4922,Virtual,Thumb_CMC,-17.929730,0.981740,20.913720,0.226627,0.229096,-0.575893,0.751334
1.4539,4922,Virtual,Thumb_MCP,-17.919550,0.948300,20.887150,0.148307,0.286094,-0.773154,0.546250
1.4539,4922,Virtual,Thumb_IP,-17.937170,0.911046,20.860570,-0.020891,0.321572,-0.944205,0.068070
1.4539,4922,Virtual,Thumb_FingerTip,-17.965380,0.907000,20.860450,-0.020891,0.321572,-0.944205,0.068070
1.4539,4922,Virtual,Index_MCP,-17.940300,0.963964,20.842740,-0.239413,0.728061,-0.197815,0.611128
1.4539,4922,Virtual,Index_PIP,-17.946780,0.936317,20.805510,-0.477537,0.599458,-0.397891,0.504273
1.4539,4922,Virtual,Index_DIP,-17.947700,0.911040,20.799680,-0.641646,0.419144,-0.536135,0.353790
1.4539,4922,Virtual,Index_FingerTip,-17.945720,0.886366,20.810210,-0.641646,0.419144,-0.536135,0.353790
1.4539,4922,Virtual,Middle_MCP,-17.967420,0.963735,20.846870,-0.319069,0.703880,-0.208361,0.599445
1.4539,4922,Virtual,Middle_PIP,-17.971530,0.926825,20.809330,-0.597633,0.489988,-0.452137,0.445332
1.4539,4922,Virtual,Middle_DIP,-17.968450,0.899428,20.812210,-0.743963,0.209215,-0.592771,0.226651
1.4539,4922,Virtual,Middle_FingerTip,-17.962510,0.883015,20.834490,-0.743963,0.209215,-0.592771,0.226651
1.4539,4922,Virtual,Ring_MCP,-17.990100,0.961071,20.855950,-0.330378,0.702616,-0.184013,0.602761
1.4539,4922,Virtual,Ring_PIP,-17.992670,0.929143,20.822190,-0.602119,0.490174,-0.426946,0.463573
1.4539,4922,Virtual,Ring_DIP,-17.988590,0.903165,20.823760,-0.746161,0.214621,-0.574597,0.258884
1.4539,4922,Virtual,Ring_FingerTip,-17.982200,0.887225,20.843020,-0.746161,0.214621,-0.574597,0.258884
1.4539,4922,Virtual,Pinky_MCP,-18.008180,0.958485,20.868880,-0.341047,0.700043,-0.170482,0.603791
1.4539,4922,Virtual,Pinky_PIP,-18.009690,0.931580,20.840170,-0.610621,0.483234,-0.415195,0.470362
1.4539,4922,Virtual,Pinky_DIP,-18.006240,0.913588,20.841130,-0.751258,0.204902,-0.566452,0.269739
1.4539,4922,Virtual,Pinky_FingerTip,-18.000980,0.901835,20.855320,-0.751258,0.204902,-0.566452,0.269739
1.4539,4922,Render,Wrist,-17.954150,0.992148,20.952900,-0.121202,0.763258,-0.042115,0.633225
1.4539,4922,Render,Thumb_CMC,-17.929730,0.981740,20.913720,0.173004,0.268920,-0.569408,0.757315
1.4539,4922,Render,Thumb_MCP,-17.920640,0.947955,20.887190,0.128326,0.292884,-0.681947,0.657799
1.4539,4922,Render,Thumb_IP,-17.925630,0.907652,20.859710,0.025434,0.318750,-0.859636,0.398469
1.4539,4922,Render,Thumb_FingerTip,-17.945040,0.888590,20.851230,0.025434,0.318750,-0.859636,0.398469
1.4539,4922,Render,Index_MCP,-17.940300,0.963964,20.842740,-0.234140,0.729774,-0.193389,0.612543
1.4539,4922,Render,Index_PIP,-17.946860,0.936867,20.805120,-0.419586,0.641358,-0.349158,0.539164
1.4539,4922,Render,Index_DIP,-17.948580,0.913124,20.794770,-0.561048,0.522128,-0.468183,0.439788
1.4539,4922,Render,Index_FingerTip,-17.948140,0.886286,20.796550,-0.561048,0.522128,-0.468183,0.439788
1.4539,4922,Render,Middle_MCP,-17.967420,0.963735,20.846870,-0.261845,0.727110,-0.159830,0.614168
1.4539,4922,Render,Middle_PIP,-17.973150,0.933261,20.804130,-0.445562,0.631448,-0.317213,0.549658
1.4539,4922,Render,Middle_DIP,-17.973110,0.907997,20.792720,-0.583874,0.506304,-0.439667,0.457647
1.4539,4922,Render,Middle_FingerTip,-17.970260,0.879877,20.794130,-0.583874,0.506304,-0.439667,0.457647
1.4539,4922,Render,Ring_MCP,-17.990100,0.961071,20.855950,-0.286198,0.721740,-0.146303,0.613007
1.4539,4922,Render,Ring_PIP,-17.994050,0.933499,20.818670,-0.477291,0.612382,-0.312498,0.547291
1.4539,4922,Render,Ring_DIP,-17.992600,0.909088,20.808870,-0.616838,0.471518,-0.440932,0.450290
1.4539,4922,Render,Ring_FingerTip,-17.988310,0.883835,20.811950,-0.616838,0.471518,-0.440932,0.450290
1.4539,4922,Render,Pinky_MCP,-18.008180,0.958485,20.868880,-0.297005,0.719834,-0.132733,0.613196
1.4539,4922,Render,Pinky_PIP,-18.011000,0.935241,20.837220,-0.487129,0.607518,-0.299527,0.551281
1.4539,4922,Render,Pinky_DIP,-18.009490,0.918324,20.830290,-0.625123,0.464322,-0.429395,0.457436
1.4539,4922,Render,Pinky_FingerTip,-18.005660,0.899677,20.832430,-0.625123,0.464322,-0.429395,0.457436
1.4671,4923,Real,Wrist,-17.950340,0.989779,20.959280,-0.119095,0.758111,-0.033779,0.640268
1.4671,4923,Real,Thumb_CMC,-17.925230,0.980249,20.920320,0.236337,0.229090,-0.568548,0.753934
1.4671,4923,Real,Thumb_MCP,-17.914310,0.947360,20.893350,0.157588,0.288969,-0.766898,0.550937
1.4671,4923,Real,Thumb_IP,-17.931140,0.910393,20.865880,-0.014414,0.328830,-0.941267,0.075366
1.4671,4923,Real,Thumb_FingerTip,-17.959310,0.906080,20.865250,-0.014414,0.328830,-0.941267,0.075366
1.4671,4923,Real,Index_MCP,-17.934540,0.963569,20.848900,-0.236119,0.723843,-0.190774,0.619601
1.4671,4923,Real,Index_PIP,-17.940200,0.936491,20.811110,-0.473195,0.596479,-0.394417,0.514525
1.4671,4923,Real,Index_DIP,-17.940780,0.911305,20.804870,-0.636722,0.417475,-0.536173,0.364442
1.4671,4923,Real,Index_FingerTip,-17.938720,0.886490,20.815050,-0.636722,0.417475,-0.536173,0.364442
1.4671,4923,Real,Middle_MCP,-17.961720,0.963026,20.852600,-0.315788,0.699425,-0.202287,0.608411
1.4671,4923,Real,Middle_PIP,-17.964900,0.926701,20.814400,-0.593012,0.487086,-0.450934,0.455788
1.4671,4923,Real,Middle_DIP,-17.961610,0.899294,20.816920,-0.738680,0.208009,-0.595990,0.236389
1.4671,4923,Real,Middle_FingerTip,-17.955860,0.882623,20.839050,-0.738680,0.208009,-0.595990,0.236389
1.4671,4923,Real,Ring_MCP,-17.984510,0.960004,20.861280,-0.327449,0.697784,-0.178199,0.611653
1.4671,4923,Real,Ring_PIP,-17.986250,0.928594,20.826990,-0.597897,0.486461,-0.426054,0.473659
1.4671,4923,Real,Ring_DIP,-17.981940,0.902637,20.828270,-0.741021,0.212164,-0.577987,0.267967
1.4671,4923,Real,Ring_FingerTip,-17.975700,0.886533,20.847440,-0.741021,0.212164,-0.577987,0.267967
1.4671,4923,Real,Pinky_MCP,-18.002760,0.957040,20.873880,-0.338200,0.695037,-0.164768,0.612696
1.4671,4923,Real,Pinky_PIP,-18.003570,0.930580,20.844730,-0.606390,0.479320,-0.414406,0.480429
1.4671,4923,Real,Pinky_DIP,-17.999950,0.912611,20.845500,-0.746021,0.202258,-0.569940,0.278771
1.4671,4923,Real,Pinky_FingerTip,-17.994810,0.900742,20.859630,-0.746021,0.202258,-0.569940,0.278771
1.4671,4923,Virtual,Wrist,-17.952880,0.992044,20.956160,-0.124290,0.760787,-0.038628,0.635818
1.4671,4923,Virtual,Thumb_CMC,-17.928130,0.981952,20.917110,0.227971,0.228468,-0.571063,0.754798
1.4671,4923,Virtual,Thumb_MCP,-17.917440,0.948672,20.890530,0.149785,0.285890,-0.769555,0.551014
1.4671,4923,Virtual,Thumb_IP,-17.934500,0.911290,20.863780,-0.019503,0.322161,-0.943582,0.074059
1.4671,4923,Virtual,Thumb_FingerTip,-17.962660,0.906949,20.863470,-0.019503,0.322161,-0.943582,0.074059
1.4671,4923,Virtual,Index_MCP,-17.938100,0.964205,20.846040,-0.241878,0.725212,-0.194820,0.614499
1.4671,4923,Virtual,Index_PIP,-17.944080,0.936564,20.808710,-0.479071,0.595758,-0.396435,0.508333
1.4671,4923,Virtual,Index_DIP,-17.944710,0.911286,20.802850,-0.642073,0.414944,-0.536143,0.357930
1.4671,4923,Virtual,Index_FingerTip,-17.942540,0.886628,20.813380,-0.642073,0.414944,-0.536143,0.357930
1.4671,4923,Virtual,Middle_MCP,-17.965230,0.963699,20.850000,-0.321505,0.700627,-0.205782,0.602835
1.4671,4923,Virtual,Middle_PIP,-17.968740,0.926807,20.812380,-0.598671,0.485631,-0.451596,0.449241
1.4671,4923,Virtual,Middle_DIP,-17.965410,0.899442,20.815270,-0.743279,0.204404,-0.593968,0.230126
1.4671,4923,Virtual,Middle_FingerTip,-17.959440,0.883107,20.837600,-0.743279,0.204404,-0.593968,0.230126
1.4671,4923,Virtual,Ring_MCP,-17.987950,0.960792,20.858940,-0.333077,0.699177,-0.181627,0.605989
1.4671,4923,Virtual,Ring_PIP,-17.989980,0.928873,20.825140,-0.603572,0.485273,-0.426683,0.467069
1.4671,4923,Virtual,Ring_DIP,-17.985640,0.902941,20.826760,-0.745771,0.208840,-0.575974,0.261659
1.4671,4923,Virtual,Ring_FingerTip,-17.979210,0.887128,20.846110,-0.745771,0.208840,-0.575974,0.261659
1.4671,4923,Virtual,Pinky_MCP,-18.006080,0.958003,20.871750,-0.343771,0.696531,-0.168125,0.606960
1.4671,4923,Virtual,Pinky_PIP,-18.007130,0.931112,20.843010,-0.612057,0.478247,-0.414941,0.473804
1.4671,4923,Virtual,Pinky_DIP,-18.003500,0.913159,20.844020,-0.750810,0.199043,-0.567826,0.272469
1.4671,4923,Virtual,Pinky_FingerTip,-17.998210,0.901505,20.858270,-0.750810,0.199043,-0.567826,0.272469
1.4671,4923,Render,Wrist,-17.952880,0.992044,20.956160,-0.124290,0.760787,-0.038628,0.635818
1.4671,4923,Render,Thumb_CMC,-17.928130,0.981952,20.917110,0.174061,0.268033,-0.564867,0.760780
1.4671,4923,Render,Thumb_MCP,-17.918550,0.948309,20.890570,0.129509,0.292175,-0.678011,0.661938
1.4671,4923,Render,Thumb_IP,-17.922970,0.908010,20.862990,0.026785,0.318467,-0.857271,0.403667
1.4671,4923,Render,Thumb_FingerTip,-17.942140,0.888772,20.854360,0.026785,0.318467,-0.857271,0.403667
1.4671,4923,Render,Index_MCP,-17.938100,0.964205,20.846040,-0.236626,0.726942,-0.190370,0.615892
1.4671,4923,Render,Index_PIP,-17.944160,0.937114,20.808320,-0.421230,0.637967,-0.347137,0.543194
1.4671,4923,Render,Index_DIP,-17.945580,0.913375,20.797930,-0.561832,0.518442,-0.467187,0.444185
1.4671,4923,Render,Index_FingerTip,-17.944890,0.886539,20.799660,-0.561832,0.518442,-0.467187,0.444185
1.4671,4923,Render,Middle_MCP,-17.965230,0.963699,20.850000,-0.264416,0.724105,-0.156888,0.617367
1.4671,4923,Render,Middle_PIP,-17.970410,0.933248,20.807170,-0.447242,0.627868,-0.315227,0.553523
1.4671,4923,Render,Middle_DIP,-17.970050,0.908007,20.795720,-0.584648,0.502425,-0.438665,0.461876
1.4671,4923,Render,Middle_FingerTip,-17.966930,0.879915,20.797100,-0.584648,0.502425,-0.438665,0.461876
1.4671,4923,Render,Ring_MCP,-17.987950,0.960792,20.858940,-0.288783,0.718605,-0.143446,0.616145
1.4671,4923,Render,Ring_PIP,-17.991390,0.933251,20.821590,-0.478892,0.608647,-0.310637,0.551105
1.4671,4923,Render,Ring_DIP,-17.989650,0.908875,20.811750,-0.617441,0.467500,-0.440097,0.454451
1.4671,4923,Render,Ring_FingerTip,-17.985120,0.883660,20.814810,-0.617441,0.467500,-0.440097,0.454451
1.4671,4923,Render,Pinky_MCP,-18.006080,0.958003,20.871750,-0.299622,0.716632,-0.129909,0.616271
1.4671,4923,Render,Pinky_PIP,-18.008470,0.934791,20.840040,-0.488741,0.603711,-0.297680,0.555025
1.4671,4923,Render,Pinky_DIP,-18.006750,0.917903,20.833080,-0.625718,0.460230,-0.428556,0.461526
1.4671,4923,Render,Pinky_FingerTip,-18.002750,0.899290,20.835220,-0.625718,0.460230,-0.428556,0.461526
1.4813,4924,Real,Wrist,-17.948630,0.992265,20.959900,-0.113943,0.751842,-0.029948,0.648733
1.4813,4924,Real,Thumb_CMC,-17.922740,0.983257,20.921330,0.247660,0.225989,-0.564547,0.754242
1.4813,4924,Real,Thumb_MCP,-17.911300,0.950777,20.894080,0.169376,0.289341,-0.763066,0.552563
1.4813,4924,Real,Thumb_IP,-17.927580,0.914236,20.865720,-0.004401,0.335242,-0.938800,0.079054
1.4813,4924,Real,Thumb_FingerTip,-17.955720,0.909922,20.864450,-0.004401,0.335242,-0.938800,0.079054
1.4813,4924,Real,Index_MCP,-17.930610,0.967587,20.849500,-0.229524,0.718934,-0.188349,0.628473
1.4813,4924,Real,Index_PIP,-17.935520,0.941046,20.811230,-0.465092,0.594337,-0.395044,0.523826
1.4813,4924,Real,Index_DIP,-17.936000,0.915954,20.804610,-0.628223,0.418190,-0.539573,0.373249
1.4813,4924,Real,Index_FingerTip,-17.934170,0.890984,20.814450,-0.628223,0.418190,-0.539573,0.373249
1.4813,4924,Real,Middle_MCP,-17.957860,0.967018,20.852640,-0.309241,0.694708,-0.200910,0.617565
1.4813,4924,Real,Middle_PIP,-17.960290,0.931225,20.813900,-0.584964,0.485867,-0.453670,0.464688
1.4813,4924,Real,Middle_DIP,-17.957060,0.903781,20.816090,-0.730785,0.210245,-0.602029,0.243541
1.4813,4924,Real,Middle_FingerTip,-17.951780,0.886787,20.838090,-0.730785,0.210245,-0.602029,0.243541
1.4813,4924,Real,Ring_MCP,-17.980830,0.963898,20.860820,-0.321056,0.692901,-0.176895,0.620902
1.4813,4924,Real,Ring_PIP,-17.981890,0.932971,20.826060,-0.589858,0.485033,-0.428734,0.482699
1.4813,4924,Real,Ring_DIP,-17.977630,0.906993,20.827050,-0.733004,0.214230,-0.583924,0.275398
1.4813,4924,Real,Ring_FingerTip,-17.971780,0.890592,20.846090,-0.733004,0.214230,-0.583924,0.275398
1.4813,4924,Real,Pinky_MCP,-17.999330,0.960775,20.873000,-0.331936,0.690054,-0.163593,0.621998
1.4813,4924,Real,Pinky_PIP,-17.999560,0.934726,20.843480,-0.598426,0.477748,-0.417224,0.489457
1.4813,4924,Real,Pinky_DIP,-17.995980,0.916743,20.844060,-0.738020,0.204164,-0.575996,0.286135
1.4813,4924,Real,Pinky_FingerTip,-17.991130,0.904655,20.858110,-0.738020,0.204164,-0.575996,0.286135
1.4813,4924,Virtual,Wrist,-17.950700,0.990396,20.959170,-0.119096,0.758111,-0.033779,0.640268
1.4813,4924,Virtual,Thumb_CMC,-17.925590,0.980866,20.920210,0.236537,0.229779,-0.568282,0.753862
1.4813,4924,Virtual,Thumb_MCP,-17.914680,0.948016,20.893190,0.157629,0.289657,-0.766519,0.551091
1.4813,4924,Virtual,Thumb_IP,-17.931480,0.911070,20.865690,-0.014624,0.329445,-0.940997,0.076010
1.4813,4924,Virtual,Thumb_FingerTip,-17.959640,0.906719,20.865050,-0.014624,0.329445,-0.940997,0.076010
1.4813,4924,Virtual,Index_MCP,-17.934900,0.964186,20.848790,-0.236120,0.723842,-0.190773,0.619601
1.4813,4924,Virtual,Index_PIP,-17.940550,0.937108,20.811000,-0.472983,0.596646,-0.394233,0.514665
1.4813,4924,Virtual,Index_DIP,-17.941140,0.911926,20.804740,-0.636440,0.417905,-0.535926,0.364806
1.4813,4924,Virtual,Index_FingerTip,-17.939090,0.887098,20.814890,-0.636440,0.417905,-0.535926,0.364806
1.4813,4924,Virtual,Middle_MCP,-17.962080,0.963642,20.852490,-0.315872,0.699386,-0.202359,0.608387
1.4813,4924,Virtual,Middle_PIP,-17.965260,0.927309,20.814310,-0.592981,0.487124,-0.450904,0.455818
1.4813,4924,Virtual,Middle_DIP,-17.961960,0.899901,20.816820,-0.738633,0.208178,-0.595936,0.236526
1.4813,4924,Virtual,Middle_FingerTip,-17.956220,0.883220,20.838950,-0.738633,0.208178,-0.595936,0.236526
1.4813,4924,Virtual,Ring_MCP,-17.984870,0.960621,20.861180,-0.327465,0.697777,-0.178212,0.611650
1.4813,4924,Virtual,Ring_PIP,-17.986610,0.929209,20.826890,-0.597747,0.486645,-0.425907,0.473791
1.4813,4924,Virtual,Ring_DIP,-17.982300,0.903251,20.828150,-0.740892,0.212613,-0.577824,0.268318
1.4813,4924,Virtual,Ring_FingerTip,-17.976060,0.887123,20.847300,-0.740892,0.212613,-0.577824,0.268318
1.4813,4924,Virtual,Pinky_MCP,-18.003120,0.957656,20.873770,-0.338216,0.695029,-0.164780,0.612692
1.4813,4924,Virtual,Pinky_PIP,-18.003930,0.931196,20.844630,-0.606242,0.479507,-0.414258,0.480557
1.4813,4924,Virtual,Pinky_DIP,-18.000310,0.913226,20.845390,-0.745899,0.202710,-0.569770,0.279117
1.4813,4924,Virtual,Pinky_FingerTip,-17.995170,0.901339,20.859510,-0.745899,0.202710,-0.569770,0.279117
1.4813,4924,Render,Wrist,-17.950700,0.990396,20.959170,-0.119096,0.758111,-0.033779,0.640268
1.4813,4924,Render,Thumb_CMC,-17.925590,0.980866,20.920210,0.182459,0.268599,-0.562312,0.760506
1.4813,4924,Render,Thumb_MCP,-17.915780,0.947614,20.893260,0.137712,0.294061,-0.675445,0.662071
1.4813,4924,Render,Thumb_IP,-17.919970,0.907733,20.865050,0.033919,0.322933,-0.854890,0.404633
1.4813,4924,Render,Thumb_FingerTip,-17.939070,0.888641,20.855950,0.033919,0.322933,-0.854890,0.404633
1.4813,4924,Render,Index_MCP,-17.934900,0.964186,20.848790,-0.230878,0.725531,-0.186286,0.620965
1.4813,4924,Render,Index_PIP,-17.940630,0.937664,20.810630,-0.415313,0.638134,-0.344547,0.549170
1.4813,4924,Render,Index_DIP,-17.941970,0.914083,20.799860,-0.556128,0.520022,-0.466105,0.450607
1.4813,4924,Render,Index_FingerTip,-17.941310,0.887224,20.801200,-0.556128,0.520022,-0.466105,0.450607
1.4813,4924,Render,Middle_MCP,-17.962080,0.963642,20.852490,-0.258814,0.722449,-0.152958,0.622646
1.4813,4924,Render,Middle_PIP,-17.966860,0.933837,20.809170,-0.441401,0.627759,-0.312839,0.559657
1.4813,4924,Render,Middle_DIP,-17.966420,0.908769,20.797340,-0.578950,0.503719,-0.437816,0.468402
1.4813,4924,Render,Middle_FingerTip,-17.963330,0.880656,20.798340,-0.578950,0.503719,-0.437816,0.468402
1.4813,4924,Render,Ring_MCP,-17.984870,0.960621,20.861180,-0.283254,0.716863,-0.139670,0.621584
1.4813,4924,Render,Ring_PIP,-17.987980,0.933642,20.823390,-0.473096,0.608527,-0.308540,0.557385
1.4813,4924,Render,Ring_DIP,-17.986170,0.909413,20.813210,-0.611803,0.468852,-0.439659,0.461058
1.4813,4924,Render,Ring_FingerTip,-17.981680,0.884152,20.815930,-0.611803,0.468852,-0.439659,0.461058
1.4813,4924,Render,Pinky_MCP,-18.003120,0.957656,20.873770,-0.294155,0.714793,-0.126200,0.621786
1.4813,4924,Render,Pinky_PIP,-18.005240,0.934920,20.841700,-0.482978,0.603480,-0.295668,0.561360
1.4813,4924,Render,Pinky_DIP,-18.003460,0.918137,20.834510,-0.620084,0.461467,-0.428214,0.468164
1.4813,4924,Render,Pinky_FingerTip,-17.999490,0.899491,20.836400,-0.620084,0.461467,-0.428214,0.468164
1.4979,4925,Real,Wrist,-17.946230,0.993537,20.961520,-0.117740,0.744213,-0.026265,0.656959
1.4979,4925,Real,Thumb_CMC,-17.919410,0.984942,20.923480,0.253177,0.219220,-0.556009,0.760722
1.4979,4925,Real,Thumb_MCP,-17.906870,0.952671,20.896480,0.176859,0.284389,-0.756432,0.561831
1.4979,4925,Real,Thumb_IP,-17.921880,0.915928,20.867690,0.004999,0.334860,-0.937789,0.091635
1.4979,4925,Real,Thumb_FingerTip,-17.949900,0.911125,20.865670,0.004999,0.334860,-0.937789,0.091635
1.4979,4925,Real,Index_MCP,-17.925570,0.969329,20.851480,-0.231444,0.710947,-0.186042,0.637477
1.4979,4925,Real,Index_PIP,-17.929320,0.942811,20.813070,-0.464117,0.586181,-0.396009,0.533071
1.4979,4925,Real,Index_DIP,-17.929340,0.917729,20.806390,-0.624735,0.410754,-0.543393,0.381722
1.4979,4925,Real,Index_FingerTip,-17.927400,0.892763,20.816220,-0.624735,0.410754,-0.543393,0.381722
1.4979,4925,Real,Middle_MCP,-17.952860,0.968408,20.854050,-0.310750,0.686404,-0.199423,0.626511
1.4979,4925,Real,Middle_PIP,-17.954010,0.932685,20.815170,-0.582505,0.477916,-0.456167,0.473495
1.4979,4925,Real,Middle_DIP,-17.950490,0.905278,20.817360,-0.725290,0.204131,-0.607788,0.250758
1.4979,4925,Real,Middle_FingerTip,-17.945460,0.888272,20.839410,-0.725290,0.204131,-0.607788,0.250758
1.4979,4925,Real,Ring_MCP,-17.975960,0.964978,20.861720,-0.322868,0.684434,-0.175574,0.629667
1.4979,4925,Real,Ring_PIP,-17.975890,0.934122,20.826890,-0.587749,0.476702,-0.431276,0.491231
1.4979,4925,Real,Ring_DIP,-17.971320,0.908198,20.827910,-0.727764,0.207492,-0.589577,0.282321
1.4979,4925,Real,Ring_FingerTip,-17.965680,0.891817,20.847020,-0.727764,0.207492,-0.589577,0.282321
1.4979,4925,Real,Pinky_MCP,-17.994670,0.961594,20.873510,-0.333869,0.681494,-0.162385,0.630658
1.4979,4925,Real,Pinky_PIP,-17.993950,0.935614,20.843930,-0.596387,0.469282,-0.419821,0.497844
1.4979,4925,Real,Pinky_DIP,-17.990150,0.917676,20.844550,-0.732793,0.197275,-0.581641,0.292902
1.4979,4925,Real,Pinky_FingerTip,-17.985440,0.905610,20.858660,-0.732793,0.197275,-0.581641,0.292902
1.4979,4925,Virtual,Wrist,-17.948640,0.992266,20.959900,-0.113943,0.751842,-0.029948,0.648733
1.4979,4925,Virtual,Thumb_CMC,-17.922740,0.983257,20.921330,0.247885,0.225094,-0.563711,0.755060
1.4979,4925,Virtual,Thumb_MCP,-17.911190,0.950778,20.894130,0.170065,0.288431,-0.762111,0.554142
1.4979,4925,Virtual,Thumb_IP,-17.927270,0.914175,20.865750,-0.002906,0.334822,-0.938692,0.082119
1.4979,4925,Virtual,Thumb_FingerTip,-17.955390,0.909726,20.864340,-0.002906,0.334822,-0.938692,0.082119
1.4979,4925,Virtual,Index_MCP,-17.930610,0.967587,20.849510,-0.229524,0.718934,-0.188349,0.628473
1.4979,4925,Virtual,Index_PIP,-17.935520,0.941046,20.811240,-0.465092,0.594337,-0.395044,0.523826
1.4979,4925,Virtual,Index_DIP,-17.936000,0.915954,20.804620,-0.628223,0.418191,-0.539573,0.373248
1.4979,4925,Virtual,Index_FingerTip,-17.934170,0.890985,20.814460,-0.628223,0.418191,-0.539573,0.373248
1.4979,4925,Virtual,Middle_MCP,-17.957860,0.967019,20.852650,-0.309110,0.694767,-0.200794,0.617603
1.4979,4925,Virtual,Middle_PIP,-17.960290,0.931241,20.813890,-0.584737,0.486140,-0.453453,0.464900
1.4979,4925,Virtual,Middle_DIP,-17.957070,0.903794,20.816060,-0.730634,0.210770,-0.601854,0.243973
1.4979,4925,Virtual,Middle_FingerTip,-17.951790,0.886768,20.838030,-0.730634,0.210770,-0.601854,0.243973
1.4979,4925,Virtual,Ring_MCP,-17.980830,0.963899,20.860820,-0.320991,0.692932,-0.176837,0.620919
1.4979,4925,Virtual,Ring_PIP,-17.981900,0.932978,20.826060,-0.589743,0.485173,-0.428620,0.482801
1.4979,4925,Virtual,Ring_DIP,-17.977630,0.906999,20.827040,-0.732925,0.214499,-0.583823,0.275612
1.4979,4925,Virtual,Ring_FingerTip,-17.971790,0.890584,20.846070,-0.732925,0.214499,-0.583823,0.275612
1.4979,4925,Virtual,Pinky_MCP,-17.999330,0.960776,20.873000,-0.331871,0.690086,-0.163535,0.622013
1.4979,4925,Virtual,Pinky_PIP,-17.999570,0.934732,20.843480,-0.598312,0.477890,-0.417108,0.489555
1.4979,4925,Virtual,Pinky_DIP,-17.995980,0.916749,20.844050,-0.737945,0.204435,-0.575891,0.286345
1.4979,4925,Virtual,Pinky_FingerTip,-17.991130,0.904650,20.858090,-0.737945,0.204435,-0.575891,0.286345
1.4979,4925,Render,Wrist,-17.948640,0.992266,20.959900,-0.113943,0.751842,-0.029948,0.648733
1.4979,4925,Render,Thumb_CMC,-17.922740,0.983257,20.921330,0.194122,0.265154,-0.558770,0.761437
1.4979,4925,Render,Thumb_MCP,-17.912430,0.950413,20.894070,0.149774,0.292503,-0.672094,0.663551
1.4979,4925,Render,Thumb_IP,-17.916080,0.910976,20.865170,0.045826,0.325408,-0.852207,0.407127
1.4979,4925,Render,Thumb_FingerTip,-17.935010,0.892050,20.855390,0.045826,0.325408,-0.852207,0.407127
1.4979,4925,Render,Index_MCP,-17.930610,0.967587,20.849510,-0.224317,0.720575,-0.183798,0.629819
1.4979,4925,Render,Index_PIP,-17.935580,0.941607,20.810860,-0.407672,0.635099,-0.344500,0.558366
1.4979,4925,Render,Index_DIP,-17.936720,0.918181,20.799750,-0.547981,0.518906,-0.468263,0.459547
1.4979,4925,Render,Index_FingerTip,-17.936110,0.891305,20.800720,-0.547981,0.518906,-0.468263,0.459547
1.4979,4925,Render,Middle_MCP,-17.957860,0.967019,20.852650,-0.252579,0.717254,-0.150778,0.631678
1.4979,4925,Render,Middle_PIP,-17.961790,0.937827,20.808820,-0.434010,0.624407,-0.313137,0.568943
1.4979,4925,Render,Middle_DIP,-17.961120,0.912926,20.796660,-0.570972,0.502236,-0.440330,0.477347
1.4979,4925,Render,Middle_FingerTip,-17.958070,0.884799,20.797320,-0.570972,0.502236,-0.440330,0.477347
1.4979,4925,Render,Ring_MCP,-17.980830,0.963899,20.860820,-0.277162,0.711597,-0.137778,0.630737
1.4979,4925,Render,Ring_PIP,-17.983190,0.937454,20.822610,-0.465771,0.605183,-0.309293,0.566700
1.4979,4925,Render,Ring_DIP,-17.981180,0.913368,20.812120,-0.603870,0.467473,-0.442747,0.469879
1.4979,4925,Render,Ring_FingerTip,-17.976770,0.888067,20.814590,-0.603870,0.467473,-0.442747,0.469879
1.4979,4925,Render,Pinky_MCP,-17.999330,0.960776,20.873000,-0.288198,0.709435,-0.124434,0.630999
1.4979,4925,Render,Pinky_PIP,-18.000810,0.938493,20.840580,-0.475757,0.600010,-0.296559,0.570698
1.4979,4925,Render,Pinky_DIP,-17.998900,0.921810,20.833190,-0.612220,0.459939,-0.431442,0.476972
1.4979,4925,Render,Pinky_FingerTip,-17.994980,0.903135,20.834910,-0.612220,0.459939,-0.431442,0.476972
1.5107,4926,Real,Wrist,-17.941920,0.995356,20.962310,-0.127759,0.735431,-0.015174,0.665274
1.5107,4926,Real,Thumb_CMC,-17.914050,0.987818,20.924800,0.257682,0.216436,-0.539346,0.771921
1.5107,4926,Real,Thumb_MCP,-17.899810,0.956154,20.897930,0.182264,0.282886,-0.743268,0.578195
1.5107,4926,Real,Thumb_IP,-17.912800,0.919067,20.868600,0.011000,0.336338,-0.934740,0.114095
1.5107,4926,Real,Thumb_FingerTip,-17.940550,0.913199,20.865830,0.011000,0.336338,-0.934740,0.114095
1.5107,4926,Real,Index_MCP,-17.918210,0.972389,20.852620,-0.239297,0.700943,-0.176494,0.648280
1.5107,4926,Real,Index_PIP,-17.920320,0.945964,20.814020,-0.467799,0.574237,-0.390618,0.546658
1.5107,4926,Real,Index_DIP,-17.919400,0.920934,20.807210,-0.624352,0.398458,-0.542415,0.396489
1.5107,4926,Real,Index_FingerTip,-17.916870,0.895979,20.816930,-0.624352,0.398458,-0.542415,0.396489
1.5107,4926,Real,Middle_MCP,-17.945510,0.970584,20.854610,-0.317910,0.675362,-0.190768,0.637516
1.5107,4926,Real,Middle_PIP,-17.944720,0.935064,20.815540,-0.583692,0.465280,-0.452916,0.487531
1.5107,4926,Real,Middle_DIP,-17.940380,0.907766,20.817620,-0.721180,0.192563,-0.610263,0.265328
1.5107,4926,Real,Middle_FingerTip,-17.935260,0.890742,20.839640,-0.721180,0.192563,-0.610263,0.265328
1.5107,4926,Real,Ring_MCP,-17.968640,0.966379,20.861790,-0.330423,0.673020,-0.167181,0.640247
1.5107,4926,Real,Ring_PIP,-17.966870,0.935719,20.826830,-0.589453,0.463336,-0.428134,0.504545
1.5107,4926,Real,Ring_DIP,-17.961490,0.909948,20.827810,-0.724023,0.194746,-0.591831,0.295975
1.5107,4926,Real,Ring_FingerTip,-17.955720,0.893634,20.846940,-0.724023,0.194746,-0.591831,0.295975
1.5107,4926,Real,Pinky_MCP,-17.987480,0.962338,20.873160,-0.341509,0.669862,-0.154100,0.641022
1.5107,4926,Real,Pinky_PIP,-17.985310,0.936546,20.843490,-0.598076,0.455685,-0.416681,0.510914
1.5107,4926,Real,Pinky_DIP,-17.980960,0.918735,20.844090,-0.728950,0.184325,-0.583797,0.306328
1.5107,4926,Real,Pinky_FingerTip,-17.976160,0.906735,20.858240,-0.728950,0.184325,-0.583797,0.306328
1.5107,4926,Virtual,Wrist,-17.946240,0.993537,20.961520,-0.117739,0.744213,-0.026265,0.656959
1.5107,4926,Virtual,Thumb_CMC,-17.919420,0.984942,20.923490,0.253625,0.218988,-0.554794,0.761527
1.5107,4926,Virtual,Thumb_MCP,-17.906750,0.952716,20.896490,0.177635,0.284125,-0.754957,0.563702
1.5107,4926,Virtual,Thumb_IP,-17.921530,0.915933,20.867630,0.006392,0.335023,-0.937320,0.095655
1.5107,4926,Virtual,Thumb_FingerTip,-17.949500,0.910945,20.865460,0.006392,0.335023,-0.937320,0.095655
1.5107,4926,Virtual,Index_MCP,-17.925570,0.969328,20.851490,-0.231443,0.710948,-0.186042,0.637477
1.5107,4926,Virtual,Index_PIP,-17.929330,0.942810,20.813070,-0.463908,0.586347,-0.395820,0.533212
1.5107,4926,Virtual,Index_DIP,-17.929350,0.917733,20.806380,-0.624457,0.411177,-0.543135,0.382089
1.5107,4926,Virtual,Index_FingerTip,-17.927420,0.892754,20.816170,-0.624457,0.411177,-0.543135,0.382089
1.5107,4926,Virtual,Middle_MCP,-17.952870,0.968407,20.854050,-0.310573,0.686483,-0.199262,0.626562
1.5107,4926,Virtual,Middle_PIP,-17.954030,0.932705,20.815160,-0.582026,0.478499,-0.455693,0.473950
1.5107,4926,Virtual,Middle_DIP,-17.950510,0.905292,20.817290,-0.724948,0.205342,-0.607368,0.251772
1.5107,4926,Virtual,Middle_FingerTip,-17.945480,0.888211,20.839280,-0.724948,0.205342,-0.607368,0.251772
1.5107,4926,Virtual,Ring_MCP,-17.975970,0.964978,20.861730,-0.322882,0.684427,-0.175588,0.629663
1.5107,4926,Virtual,Ring_PIP,-17.975900,0.934120,20.826900,-0.587601,0.476884,-0.431124,0.491364
1.5107,4926,Virtual,Ring_DIP,-17.971330,0.908195,20.827900,-0.727638,0.207934,-0.589406,0.282679
1.5107,4926,Virtual,Ring_FingerTip,-17.965690,0.891790,20.846990,-0.727638,0.207934,-0.589406,0.282679
1.5107,4926,Virtual,Pinky_MCP,-17.994680,0.961594,20.873510,-0.333884,0.681487,-0.162398,0.630654
1.5107,4926,Virtual,Pinky_PIP,-17.993960,0.935612,20.843940,-0.596241,0.469467,-0.419667,0.497973
1.5107,4926,Virtual,Pinky_DIP,-17.990160,0.917674,20.844540,-0.732673,0.197720,-0.581463,0.293255
1.5107,4926,Virtual,Pinky_FingerTip,-17.985450,0.905590,20.858640,-0.732673,0.197720,-0.581463,0.293255
1.5107,4926,Render,Wrist,-17.946240,0.993537,20.961520,-0.117739,0.744213,-0.026265,0.656959
1.5107,4926,Render,Thumb_CMC,-17.919420,0.984942,20.923490,0.198588,0.258423,-0.551651,0.767765
1.5107,4926,Render,Thumb_MCP,-17.908100,0.952253,20.896450,0.155247,0.286562,-0.666065,0.670924
1.5107,4926,Render,Thumb_IP,-17.910630,0.912794,20.867450,0.052942,0.321584,-0.848922,0.416067
1.5107,4926,Render,Thumb_FingerTip,-17.929100,0.893632,20.857270,0.052942,0.321584,-0.848922,0.416067
1.5107,4926,Render,Index_MCP,-17.925570,0.969328,20.851490,-0.226294,0.712603,-0.181426,0.638806
1.5107,4926,Render,Index_PIP,-17.929390,0.943371,20.812700,-0.407461,0.626888,-0.344600,0.567661
1.5107,4926,Render,Index_DIP,-17.929990,0.919956,20.801520,-0.545808,0.510985,-0.470587,0.468546
1.5107,4926,Render,Index_FingerTip,-17.929060,0.893089,20.802460,-0.545808,0.510985,-0.470587,0.468546
1.5107,4926,Render,Middle_MCP,-17.952870,0.968407,20.854050,-0.254881,0.709049,-0.148699,0.640448
1.5107,4926,Render,Middle_PIP,-17.955490,0.939263,20.810090,-0.434051,0.615886,-0.313462,0.577950
1.5107,4926,Render,Middle_DIP,-17.954250,0.914399,20.797900,-0.568969,0.493953,-0.442804,0.486014
1.5107,4926,Render,Middle_FingerTip,-17.950860,0.886312,20.798570,-0.568969,0.493953,-0.442804,0.486014
1.5107,4926,Render,Ring_MCP,-17.975970,0.964978,20.861730,-0.279565,0.703234,-0.135972,0.639389
1.5107,4926,Render,Ring_PIP,-17.977180,0.938589,20.823420,-0.465729,0.596481,-0.309989,0.575512
1.5107,4926,Render,Ring_DIP,-17.974640,0.914553,20.812940,-0.601625,0.459065,-0.445652,0.478227
1.5107,4926,Render,Ring_FingerTip,-17.969960,0.889304,20.815450,-0.601625,0.459065,-0.445652,0.478227
1.5107,4926,Render,Pinky_MCP,-17.994680,0.961594,20.873510,-0.290728,0.700985,-0.122747,0.639555
1.5107,4926,Render,Pinky_PIP,-17.995190,0.939365,20.841020,-0.475812,0.591190,-0.297342,0.579384
1.5107,4926,Render,Pinky_DIP,-17.992910,0.922723,20.833640,-0.610039,0.451392,-0.434399,0.485176
1.5107,4926,Render,Pinky_FingerTip,-17.988790,0.904096,20.835400,-0.610039,0.451392,-0.434399,0.485176
1.5233,4927,Real,Wrist,-17.936920,0.997384,20.962610,-0.139588,0.727706,-0.000988,0.671534
1.5233,4927,Real,Thumb_CMC,-17.908220,0.991176,20.925500,0.260151,0.217107,-0.521692,0.782958
1.5233,4927,Real,Thumb_MCP,-17.892350,0.960265,20.898650,0.184425,0.284256,-0.729661,0.593954
1.5233,4927,Real,Thumb_IP,-17.903450,0.922907,20.868900,0.012150,0.338625,-0.931165,0.134606
1.5233,4927,Real,Thumb_FingerTip,-17.930910,0.915998,20.865650,0.012150,0.338625,-0.931165,0.134606
1.5233,4927,Real,Index_MCP,-17.910660,0.976089,20.853160,-0.249244,0.691737,-0.163577,0.657740
1.5233,4927,Real,Index_PIP,-17.911160,0.949865,20.814370,-0.473930,0.562150,-0.381788,0.560015
1.5233,4927,Real,Index_DIP,-17.909170,0.924936,20.807420,-0.626381,0.385057,-0.538222,0.411941
1.5233,4927,Real,Index_FingerTip,-17.905840,0.900031,20.817020,-0.626381,0.385057,-0.538222,0.411941
1.5233,4927,Real,Middle_MCP,-17.937910,0.973224,20.854710,-0.327273,0.664781,-0.178747,0.647309
1.5233,4927,Real,Middle_PIP,-17.935150,0.938027,20.815440,-0.587413,0.451650,-0.446461,0.501629
1.5233,4927,Real,Middle_DIP,-17.929790,0.910903,20.817420,-0.719131,0.178584,-0.609994,0.280831
1.5233,4927,Real,Middle_FingerTip,-17.924350,0.893938,20.839410,-0.719131,0.178584,-0.609994,0.280831
1.5233,4927,Real,Ring_MCP,-17.960960,0.968086,20.861500,-0.339911,0.662101,-0.155217,0.649608
1.5233,4927,Real,Ring_PIP,-17.957470,0.937755,20.826380,-0.593272,0.449384,-0.421409,0.518167
1.5233,4927,Real,Ring_DIP,-17.951120,0.912203,20.827290,-0.722058,0.180415,-0.590993,0.311144
1.5233,4927,Real,Ring_FingerTip,-17.945020,0.895993,20.846410,-0.722058,0.180415,-0.590993,0.311144
1.5233,4927,Real,Pinky_MCP,-17.979800,0.963248,20.872560,-0.351034,0.658682,-0.142219,0.650144
1.5233,4927,Real,Pinky_PIP,-17.976190,0.937760,20.842770,-0.601814,0.441482,-0.409928,0.524283
1.5233,4927,Real,Pinky_DIP,-17.971160,0.920126,20.843330,-0.726813,0.169795,-0.582834,0.321275
1.5233,4927,Real,Pinky_FingerTip,-17.966120,0.908223,20.857470,-0.726813,0.169795,-0.582834,0.321275
1.5233,4927,Virtual,Wrist,-17.941920,0.995356,20.962320,-0.127759,0.735431,-0.015174,0.665274
1.5233,4927,Virtual,Thumb_CMC,-17.914060,0.987819,20.924810,0.257682,0.216436,-0.539346,0.771921
1.5233,4927,Virtual,Thumb_MCP,-17.899810,0.956154,20.897940,0.182264,0.282886,-0.743268,0.578195
1.5233,4927,Virtual,Thumb_IP,-17.912800,0.919068,20.868610,0.011000,0.336338,-0.934740,0.114095
1.5233,4927,Virtual,Thumb_FingerTip,-17.940550,0.913200,20.865840,0.011000,0.336338,-0.934740,0.114095
1.5233,4927,Virtual,Index_MCP,-17.918220,0.972390,20.852630,-0.239297,0.700943,-0.176494,0.648280
1.5233,4927,Virtual,Index_PIP,-17.920320,0.945964,20.814030,-0.467799,0.574237,-0.390618,0.546658
1.5233,4927,Virtual,Index_DIP,-17.919400,0.920934,20.807210,-0.624352,0.398458,-0.542415,0.396489
1.5233,4927,Virtual,Index_FingerTip,-17.916870,0.895980,20.816940,-0.624352,0.398458,-0.542415,0.396489
1.5233,4927,Virtual,Middle_MCP,-17.945510,0.970584,20.854620,-0.317910,0.675362,-0.190768,0.637516
1.5233,4927,Virtual,Middle_PIP,-17.944720,0.935065,20.815550,-0.583692,0.465280,-0.452916,0.487531
1.5233,4927,Virtual,Middle_DIP,-17.940380,0.907767,20.817630,-0.721180,0.192563,-0.610263,0.265328
1.5233,4927,Virtual,Middle_FingerTip,-17.935260,0.890743,20.839650,-0.721180,0.192563,-0.610263,0.265328
1.5233,4927,Virtual,Ring_MCP,-17.968640,0.966379,20.861800,-0.330423,0.673020,-0.167181,0.640247
1.5233,4927,Virtual,Ring_PIP,-17.966870,0.935720,20.826840,-0.589453,0.463336,-0.428134,0.504546
1.5233,4927,Virtual,Ring_DIP,-17.961490,0.909949,20.827810,-0.724023,0.194747,-0.591831,0.295975
1.5233,4927,Virtual,Ring_FingerTip,-17.955720,0.893635,20.846950,-0.724023,0.194747,-0.591831,0.295975
1.5233,4927,Virtual,Pinky_MCP,-17.987480,0.962339,20.873170,-0.341509,0.669862,-0.154100,0.641022
1.5233,4927,Virtual,Pinky_PIP,-17.985310,0.936547,20.843500,-0.598076,0.455685,-0.416682,0.510914
1.5233,4927,Virtual,Pinky_DIP,-17.980960,0.918736,20.844100,-0.728950,0.184325,-0.583797,0.306328
1.5233,4927,Virtual,Pinky_FingerTip,-17.976160,0.906735,20.858250,-0.728950,0.184325,-0.583797,0.306328
1.5233,4927,Render,Wrist,-17.941920,0.995356,20.962320,-0.127759,0.735431,-0.015174,0.665274
1.5233,4927,Render,Thumb_CMC,-17.914060,0.987819,20.924810,0.202006,0.254911,-0.536580,0.778651
1.5233,4927,Render,Thumb_MCP,-17.901140,0.955649,20.897860,0.159177,0.283635,-0.652904,0.684055
1.5233,4927,Render,Thumb_IP,-17.901800,0.916280,20.868640,0.057614,0.320104,-0.840782,0.432782
1.5233,4927,Render,Thumb_FingerTip,-17.919440,0.896591,20.857990,0.057614,0.320104,-0.840782,0.432782
1.5233,4927,Render,Index_MCP,-17.918220,0.972390,20.852630,-0.234220,0.702655,-0.171800,0.649540
1.5233,4927,Render,Index_PIP,-17.920390,0.946525,20.813650,-0.412459,0.615192,-0.338172,0.580566
1.5233,4927,Render,Index_DIP,-17.920020,0.923161,20.802350,-0.547859,0.498432,-0.467439,0.482616
1.5233,4927,Render,Index_FingerTip,-17.918240,0.896332,20.803190,-0.547859,0.498432,-0.467439,0.482616
1.5233,4927,Render,Middle_MCP,-17.945510,0.970584,20.854620,-0.263081,0.698548,-0.139359,0.650691
1.5233,4927,Render,Middle_PIP,-17.946300,0.941599,20.810490,-0.439167,0.603584,-0.307178,0.590306
1.5233,4927,Render,Middle_DIP,-17.944010,0.916850,20.798210,-0.570989,0.480783,-0.439663,0.499515
1.5233,4927,Render,Middle_FingerTip,-17.939730,0.888883,20.798830,-0.570989,0.480783,-0.439663,0.499515
1.5233,4927,Render,Ring_MCP,-17.968640,0.966379,20.861800,-0.287802,0.692319,-0.126922,0.649427
1.5233,4927,Render,Ring_PIP,-17.968220,0.940163,20.823350,-0.470571,0.583693,-0.304120,0.587687
1.5233,4927,Render,Ring_DIP,-17.964700,0.916275,20.812820,-0.603071,0.445467,-0.443059,0.491491
1.5233,4927,Render,Ring_FingerTip,-17.959260,0.891176,20.815310,-0.603071,0.445467,-0.443059,0.491491
1.5233,4927,Render,Pinky_MCP,-17.987480,0.962339,20.873170,-0.299064,0.689859,-0.113818,0.649386
1.5233,4927,Render,Pinky_PIP,-17.986610,0.940273,20.840580,-0.480690,0.578171,-0.291531,0.591326
1.5233,4927,Render,Pinky_DIP,-17.983640,0.923751,20.833170,-0.611460,0.437562,-0.431802,0.498200
1.5233,4927,Render,Pinky_FingerTip,-17.978960,0.905256,20.834940,-0.611460,0.437562,-0.431802,0.498200
1.5365,4928,Real,Wrist,-17.932770,0.998935,20.963350,-0.149491,0.720299,0.008862,0.677306
1.5365,4928,Real,Thumb_CMC,-17.903320,0.993689,20.926680,0.262615,0.215955,-0.505975,0.792709
1.5365,4928,Real,Thumb_MCP,-17.885990,0.963445,20.899980,0.187331,0.283743,-0.717070,0.608447
1.5365,4928,Real,Thumb_IP,-17.895280,0.925874,20.869880,0.015363,0.339657,-0.927603,0.154756
1.5365,4928,Real,Thumb_FingerTip,-17.922400,0.917989,20.866070,0.015363,0.339657,-0.927603,0.154756
1.5365,4928,Real,Index_MCP,-17.904200,0.978743,20.854290,-0.256899,0.683195,-0.154372,0.665895
1.5365,4928,Real,Index_PIP,-17.903320,0.952678,20.815390,-0.478144,0.551482,-0.375988,0.570859
1.5365,4928,Real,Index_DIP,-17.900490,0.927847,20.808380,-0.627034,0.373606,-0.536118,0.424058
1.5365,4928,Real,Index_FingerTip,-17.896560,0.903012,20.817940,-0.627034,0.373606,-0.536118,0.424058
1.5365,4928,Real,Middle_MCP,-17.931360,0.975066,20.855400,-0.334165,0.655372,-0.170079,0.655664
1.5365,4928,Real,Middle_PIP,-17.926970,0.940159,20.816020,-0.589157,0.440537,-0.442054,0.513235
1.5365,4928,Real,Middle_DIP,-17.920850,0.913192,20.817920,-0.716182,0.168111,-0.610437,0.293579
1.5365,4928,Real,Middle_FingerTip,-17.915230,0.896235,20.839880,-0.716182,0.168111,-0.610437,0.293579
1.5365,4928,Real,Ring_MCP,-17.954360,0.969226,20.861820,-0.347134,0.652369,-0.146809,0.657541
1.5365,4928,Real,Ring_PIP,-17.949440,0.939164,20.826640,-0.595465,0.437616,-0.417151,0.529054
1.5365,4928,Real,Ring_DIP,-17.942350,0.913807,20.827530,-0.719422,0.168876,-0.591286,0.322947
1.5365,4928,Real,Ring_FingerTip,-17.936060,0.897684,20.846660,-0.719422,0.168876,-0.591286,0.322947
1.5365,4928,Real,Pinky_MCP,-17.973220,0.963799,20.872560,-0.358307,0.648773,-0.133897,0.657862
1.5365,4928,Real,Pinky_PIP,-17.968400,0.938558,20.842740,-0.603978,0.429535,-0.405652,0.534936
1.5365,4928,Real,Pinky_DIP,-17.962860,0.921078,20.843290,-0.724081,0.158103,-0.583017,0.332870
1.5365,4928,Real,Pinky_FingerTip,-17.957680,0.909255,20.857450,-0.724081,0.158103,-0.583017,0.332870
1.5365,4928,Virtual,Wrist,-17.936930,0.997383,20.962610,-0.139588,0.727706,-0.000989,0.671534
1.5365,4928,Virtual,Thumb_CMC,-17.908220,0.991176,20.925500,0.260802,0.217530,-0.520014,0.783740
1.5365,4928,Virtual,Thumb_MCP,-17.892220,0.960366,20.898620,0.185135,0.284715,-0.727844,0.595740
1.5365,4928,Virtual,Thumb_IP,-17.903080,0.923015,20.868770,0.012980,0.339365,-0.930339,0.138323
1.5365,4928,Virtual,Thumb_FingerTip,-17.930480,0.915931,20.865410,0.012980,0.339365,-0.930339,0.138323
1.5365,4928,Virtual,Index_MCP,-17.910670,0.976089,20.853170,-0.248789,0.691900,-0.163145,0.657847
1.5365,4928,Virtual,Index_PIP,-17.911170,0.949915,20.814340,-0.473560,0.562461,-0.381420,0.560265
1.5365,4928,Virtual,Index_DIP,-17.909190,0.924994,20.807360,-0.626127,0.385469,-0.537951,0.412295
1.5365,4928,Virtual,Index_FingerTip,-17.905860,0.900077,20.816930,-0.626127,0.385469,-0.537951,0.412295
1.5365,4928,Virtual,Middle_MCP,-17.937910,0.973223,20.854720,-0.326566,0.665129,-0.178059,0.647498
1.5365,4928,Virtual,Middle_PIP,-17.935180,0.938107,20.815380,-0.586645,0.452646,-0.445610,0.502386
1.5365,4928,Virtual,Middle_DIP,-17.929820,0.910975,20.817260,-0.718724,0.180214,-0.609356,0.282213
1.5365,4928,Virtual,Middle_FingerTip,-17.924380,0.893911,20.839170,-0.718724,0.180214,-0.609356,0.282213
1.5365,4928,Virtual,Ring_MCP,-17.960970,0.968085,20.861510,-0.339399,0.662364,-0.154715,0.649728
1.5365,4928,Virtual,Ring_PIP,-17.957490,0.937806,20.826350,-0.592823,0.449976,-0.420892,0.518587
1.5365,4928,Virtual,Ring_DIP,-17.951150,0.912251,20.827200,-0.721841,0.181281,-0.590620,0.311852
1.5365,4928,Virtual,Ring_FingerTip,-17.945050,0.895995,20.846280,-0.721841,0.181281,-0.590620,0.311852
1.5365,4928,Virtual,Pinky_MCP,-17.979810,0.963247,20.872560,-0.350524,0.658954,-0.141717,0.650253
1.5365,4928,Virtual,Pinky_PIP,-17.976210,0.937803,20.842730,-0.601373,0.442083,-0.409405,0.524691
1.5365,4928,Virtual,Pinky_DIP,-17.971190,0.920167,20.843260,-0.726609,0.170667,-0.582449,0.321974
1.5365,4928,Virtual,Pinky_FingerTip,-17.966140,0.908230,20.857370,-0.726609,0.170667,-0.582449,0.321974
1.5365,4928,Render,Wrist,-17.936930,0.997383,20.962610,-0.139588,0.727706,-0.000989,0.671534
1.5365,4928,Render,Thumb_CMC,-17.908220,0.991176,20.925500,0.203749,0.254442,-0.519104,0.790112
1.5365,4928,Render,Thumb_MCP,-17.893670,0.959709,20.898560,0.160972,0.283448,-0.637459,0.698134
1.5365,4928,Render,Thumb_IP,-17.892360,0.920542,20.869090,0.059371,0.320515,-0.830794,0.451140
1.5365,4928,Render,Thumb_FingerTip,-17.909060,0.900264,20.858040,0.059371,0.320515,-0.830794,0.451140
1.5365,4928,Render,Index_MCP,-17.910670,0.976089,20.853170,-0.244233,0.693522,-0.158815,0.658905
1.5365,4928,Render,Index_PIP,-17.911250,0.950424,20.814000,-0.419686,0.603726,-0.328141,0.593045
1.5365,4928,Render,Index_DIP,-17.909810,0.927169,20.802560,-0.552128,0.485569,-0.460690,0.497135
1.5365,4928,Render,Index_FingerTip,-17.907010,0.900423,20.803270,-0.552128,0.485569,-0.460690,0.497135
1.5365,4928,Render,Middle_MCP,-17.937910,0.973223,20.854720,-0.273256,0.688747,-0.126595,0.659494
1.5365,4928,Render,Middle_PIP,-17.936900,0.944529,20.810400,-0.446374,0.591432,-0.297211,0.602183
1.5365,4928,Render,Middle_DIP,-17.933470,0.919971,20.798010,-0.575074,0.467259,-0.432832,0.513435
1.5365,4928,Render,Middle_FingerTip,-17.928130,0.892184,20.798520,-0.575074,0.467259,-0.432832,0.513435
1.5365,4928,Render,Ring_MCP,-17.960970,0.968085,20.861510,-0.297952,0.682013,-0.114397,0.658024
1.5365,4928,Render,Ring_PIP,-17.958940,0.942166,20.822920,-0.477421,0.570953,-0.294513,0.599454
1.5365,4928,Render,Ring_DIP,-17.954350,0.918502,20.812290,-0.606470,0.431407,-0.436745,0.505309
1.5365,4928,Render,Ring_FingerTip,-17.947990,0.893614,20.814710,-0.606470,0.431407,-0.436745,0.505309
1.5365,4928,Render,Pinky_MCP,-17.979810,0.963247,20.872560,-0.309266,0.679295,-0.101392,0.657748
1.5365,4928,Render,Pinky_PIP,-17.977580,0.941453,20.839850,-0.487517,0.565167,-0.281953,0.602840
1.5365,4928,Render,Pinky_DIP,-17.973880,0.925107,20.832390,-0.614771,0.423254,-0.425452,0.511765
1.5365,4928,Render,Pinky_FingerTip,-17.968510,0.906795,20.834110,-0.614771,0.423254,-0.425452,0.511765
1.5503,4929,Real,Wrist,-17.928850,0.999963,20.964110,-0.159079,0.712689,0.016302,0.683010
1.5503,4929,Real,Thumb_CMC,-17.898680,0.995479,20.927940,0.263766,0.212714,-0.493468,0.801043
1.5503,4929,Real,Thumb_MCP,-17.880130,0.965691,20.901540,0.189386,0.280985,-0.707574,0.620096
1.5503,4929,Real,Thumb_IP,-17.887930,0.927884,20.871320,0.018542,0.338343,-0.925423,0.169627
1.5503,4929,Real,Thumb_FingerTip,-17.914770,0.919294,20.867070,0.018542,0.338343,-0.925423,0.169627
1.5503,4929,Real,Index_MCP,-17.897970,0.980500,20.855540,-0.264644,0.674249,-0.147939,0.673399
1.5503,4929,Real,Index_PIP,-17.895770,0.954458,20.816680,-0.482299,0.540403,-0.372561,0.580130
1.5503,4929,Real,Index_DIP,-17.892180,0.929708,20.809730,-0.627504,0.361783,-0.535772,0.433936
1.5503,4929,Real,Index_FingerTip,-17.887760,0.904985,20.819380,-0.627504,0.361783,-0.535772,0.433936
1.5503,4929,Real,Middle_MCP,-17.925040,0.976116,20.856210,-0.341406,0.645503,-0.164408,0.663128
1.5503,4929,Real,Middle_PIP,-17.919100,0.941327,20.816930,-0.591297,0.428485,-0.440261,0.522436
1.5503,4929,Real,Middle_DIP,-17.912300,0.914529,20.818960,-0.713323,0.156209,-0.612474,0.302729
1.5503,4929,Real,Middle_FingerTip,-17.906610,0.897729,20.841010,-0.713323,0.156209,-0.612474,0.302729
1.5503,4929,Real,Ring_MCP,-17.947980,0.969680,20.862260,-0.354526,0.642320,-0.141222,0.664675
1.5503,4929,Real,Ring_PIP,-17.941700,0.939749,20.827180,-0.597776,0.425357,-0.415205,0.537904
1.5503,4929,Real,Ring_DIP,-17.933970,0.914585,20.828200,-0.716737,0.156694,-0.592968,0.331851
1.5503,4929,Real,Ring_FingerTip,-17.927580,0.898636,20.847450,-0.716737,0.156694,-0.592968,0.331851
1.5503,4929,Real,Pinky_MCP,-17.966870,0.963766,20.872690,-0.365758,0.638579,-0.128398,0.664795
1.5503,4929,Real,Pinky_PIP,-17.960900,0.938652,20.842960,-0.606278,0.417120,-0.403699,0.543567
1.5503,4929,Real,Pinky_DIP,-17.954920,0.921322,20.843620,-0.721325,0.145781,-0.584607,0.341575
1.5503,4929,Real,Pinky_FingerTip,-17.949670,0.909642,20.857870,-0.721325,0.145781,-0.584607,0.341575
1.5503,4929,Virtual,Wrist,-17.932780,0.998936,20.963360,-0.149491,0.720299,0.008862,0.677306
1.5503,4929,Virtual,Thumb_CMC,-17.903330,0.993690,20.926690,0.262615,0.215955,-0.505975,0.792709
1.5503,4929,Virtual,Thumb_MCP,-17.886000,0.963446,20.899990,0.187331,0.283743,-0.717070,0.608447
1.5503,4929,Virtual,Thumb_IP,-17.895280,0.925874,20.869890,0.015363,0.339657,-0.927603,0.154756
1.5503,4929,Virtual,Thumb_FingerTip,-17.922400,0.917990,20.866080,0.015363,0.339657,-0.927603,0.154756
1.5503,4929,Virtual,Index_MCP,-17.904200,0.978744,20.854290,-0.256899,0.683195,-0.154372,0.665895
1.5503,4929,Virtual,Index_PIP,-17.903320,0.952678,20.815400,-0.478143,0.551482,-0.375988,0.570859
1.5503,4929,Virtual,Index_DIP,-17.900490,0.927848,20.808390,-0.627034,0.373606,-0.536118,0.424058
1.5503,4929,Virtual,Index_FingerTip,-17.896560,0.903013,20.817950,-0.627034,0.373606,-0.536118,0.424058
1.5503,4929,Virtual,Middle_MCP,-17.931360,0.975066,20.855410,-0.334165,0.655372,-0.170079,0.655664
1.5503,4929,Virtual,Middle_PIP,-17.926970,0.940160,20.816030,-0.589157,0.440537,-0.442054,0.513235
1.5503,4929,Virtual,Middle_DIP,-17.920850,0.913193,20.817930,-0.716182,0.168111,-0.610437,0.293579
1.5503,4929,Virtual,Middle_FingerTip,-17.915240,0.896236,20.839890,-0.716182,0.168111,-0.610437,0.293579
1.5503,4929,Virtual,Ring_MCP,-17.954360,0.969226,20.861830,-0.347134,0.652369,-0.146809,0.657541
1.5503,4929,Virtual,Ring_PIP,-17.949440,0.939165,20.826650,-0.595465,0.437616,-0.417151,0.529054
1.5503,4929,Virtual,Ring_DIP,-17.942360,0.913807,20.827540,-0.719422,0.168876,-0.591286,0.322947
1.5503,4929,Virtual,Ring_FingerTip,-17.936070,0.897685,20.846670,-0.719422,0.168876,-0.591286,0.322947
1.5503,4929,Virtual,Pinky_MCP,-17.973220,0.963800,20.872570,-0.358307,0.648773,-0.133897,0.657862
1.5503,4929,Virtual,Pinky_PIP,-17.968400,0.938559,20.842740,-0.603978,0.429535,-0.405652,0.534936
1.5503,4929,Virtual,Pinky_DIP,-17.962860,0.921078,20.843300,-0.724081,0.158103,-0.583017,0.332870
1.5503,4929,Virtual,Pinky_FingerTip,-17.957680,0.909256,20.857460,-0.724081,0.158103,-0.583017,0.332870
1.5503,4929,Render,Wrist,-17.932780,0.998936,20.963360,-0.149491,0.720299,0.008862,0.677306
1.5503,4929,Render,Thumb_CMC,-17.903330,0.993690,20.926690,0.205525,0.252435,-0.505267,0.799213
1.5503,4929,Render,Thumb_MCP,-17.887430,0.962782,20.899850,0.163044,0.281746,-0.625235,0.709308
1.5503,4929,Render,Thumb_IP,-17.884520,0.923798,20.870260,0.061886,0.319584,-0.822899,0.465697
1.5503,4929,Render,Thumb_FingerTip,-17.900440,0.903083,20.858880,0.061886,0.319584,-0.822899,0.465697
1.5503,4929,Render,Index_MCP,-17.904200,0.978744,20.854290,-0.252401,0.684870,-0.149990,0.666896
1.5503,4929,Render,Index_PIP,-17.903410,0.953186,20.815060,-0.425262,0.593216,-0.321756,0.603092
1.5503,4929,Render,Index_DIP,-17.901100,0.930016,20.803590,-0.555023,0.474029,-0.456899,0.508420
1.5503,4929,Render,Index_FingerTip,-17.897520,0.903364,20.804270,-0.555023,0.474029,-0.456899,0.508420
1.5503,4929,Render,Middle_MCP,-17.931360,0.975066,20.855410,-0.281599,0.679618,-0.117999,0.667007
1.5503,4929,Render,Middle_PIP,-17.928800,0.946542,20.811040,-0.451992,0.580415,-0.290918,0.611710
1.5503,4929,Render,Middle_DIP,-17.924460,0.922132,20.798650,-0.577890,0.455216,-0.429005,0.524191
1.5503,4929,Render,Middle_FingerTip,-17.918300,0.894515,20.799180,-0.577890,0.455216,-0.429005,0.524191
1.5503,4929,Render,Ring_MCP,-17.954360,0.969226,20.861830,-0.306289,0.672513,-0.106025,0.665336
1.5503,4929,Render,Ring_PIP,-17.950970,0.943490,20.823210,-0.482755,0.559495,-0.288529,0.608822
1.5503,4929,Render,Ring_DIP,-17.945500,0.920004,20.812600,-0.608728,0.418972,-0.433330,0.515886
1.5503,4929,Render,Ring_FingerTip,-17.938450,0.895308,20.815060,-0.608728,0.418972,-0.433330,0.515886
1.5503,4929,Render,Pinky_MCP,-17.973220,0.963800,20.872570,-0.317662,0.669612,-0.093118,0.664861
1.5503,4929,Render,Pinky_PIP,-17.969840,0.942175,20.839840,-0.492857,0.553518,-0.276007,0.611989
1.5503,4929,Render,Pinky_DIP,-17.965530,0.925968,20.832410,-0.616987,0.410631,-0.422018,0.522122
1.5503,4929,Render,Pinky_FingerTip,-17.959650,0.907817,20.834170,-0.616987,0.410631,-0.422018,0.522122
1.5646,4930,Real,Wrist,-17.925770,1.000610,20.965070,-0.166450,0.706952,0.020921,0.687078
1.5646,4930,Real,Thumb_CMC,-17.895070,0.996617,20.929280,0.265162,0.208261,-0.481011,0.809287
1.5646,4930,Real,Thumb_MCP,-17.875280,0.967280,20.903280,0.192364,0.276911,-0.697343,0.632479
1.5646,4930,Real,Thumb_IP,-17.881450,0.929254,20.872950,0.023912,0.336321,-0.922585,0.187492
1.5646,4930,Real,Thumb_FingerTip,-17.907920,0.919853,20.868100,0.023912,0.336321,-0.922585,0.187492
1.5646,4930,Real,Index_MCP,-17.893180,0.981517,20.856930,-0.268722,0.668200,-0.142081,0.679051
1.5646,4930,Real,Index_PIP,-17.890060,0.955664,20.818010,-0.484024,0.533315,-0.369030,0.587464
1.5646,4930,Real,Index_DIP,-17.885940,0.931010,20.811020,-0.626917,0.354511,-0.534721,0.442008
1.5646,4930,Real,Index_FingerTip,-17.881190,0.906336,20.820620,-0.626917,0.354511,-0.534721,0.442008
1.5646,4930,Real,Middle_MCP,-17.920170,0.976634,20.857280,-0.344716,0.639263,-0.158630,0.668843
1.5646,4930,Real,Middle_PIP,-17.913180,0.942156,20.817900,-0.590987,0.422163,-0.436938,0.530660
1.5646,4930,Real,Middle_DIP,-17.905930,0.915470,20.819790,-0.710341,0.151336,-0.612367,0.312283
1.5646,4930,Real,Middle_FingerTip,-17.900150,0.898562,20.841740,-0.710341,0.151336,-0.612367,0.312283
1.5646,4930,Real,Ring_MCP,-17.943060,0.969786,20.863050,-0.358045,0.635974,-0.135592,0.670041
1.5646,4930,Real,Ring_PIP,-17.935880,0.940137,20.827910,-0.597713,0.418807,-0.411823,0.545658
1.5646,4930,Real,Ring_DIP,-17.927720,0.915108,20.828840,-0.713951,0.151440,-0.592543,0.340930
1.5646,4930,Real,Ring_FingerTip,-17.921220,0.899105,20.848010,-0.713951,0.151440,-0.592543,0.340930
1.5646,4930,Real,Pinky_MCP,-17.961960,0.963543,20.873260,-0.369334,0.632181,-0.122834,0.669964
1.5646,4930,Real,Pinky_PIP,-17.955250,0.938677,20.843480,-0.606254,0.410508,-0.400284,0.551101
1.5646,4930,Real,Pinky_DIP,-17.948960,0.921452,20.844090,-0.718562,0.140459,-0.584056,0.350455
1.5646,4930,Real,Pinky_FingerTip,-17.943630,0.909742,20.858290,-0.718562,0.140459,-0.584056,0.350455
1.5646,4930,Virtual,Wrist,-17.928860,0.999963,20.964120,-0.159079,0.712689,0.016302,0.683010
1.5646,4930,Virtual,Thumb_CMC,-17.898680,0.995478,20.927940,0.264900,0.211296,-0.489907,0.803227
1.5646,4930,Virtual,Thumb_MCP,-17.879770,0.965836,20.901640,0.191223,0.279736,-0.704068,0.624076
1.5646,4930,Virtual,Thumb_IP,-17.887020,0.927994,20.871320,0.021488,0.338166,-0.924074,0.176832
1.5646,4930,Virtual,Thumb_FingerTip,-17.913710,0.919094,20.866780,0.021488,0.338166,-0.924074,0.176832
1.5646,4930,Virtual,Index_MCP,-17.897970,0.980499,20.855550,-0.262722,0.675000,-0.146020,0.673818
1.5646,4930,Virtual,Index_PIP,-17.895810,0.954675,20.816540,-0.480758,0.541774,-0.370907,0.581189
1.5646,4930,Virtual,Index_DIP,-17.892240,0.929964,20.809460,-0.626471,0.363568,-0.534534,0.435461
1.5646,4930,Virtual,Index_FingerTip,-17.887820,0.905186,20.818950,-0.626471,0.363568,-0.534534,0.435461
1.5646,4930,Virtual,Middle_MCP,-17.925040,0.976115,20.856220,-0.339092,0.646721,-0.162031,0.663713
1.5646,4930,Virtual,Middle_PIP,-17.919180,0.941597,20.816690,-0.589221,0.431335,-0.437732,0.524556
1.5646,4930,Virtual,Middle_DIP,-17.912400,0.914777,20.818440,-0.712381,0.160451,-0.610661,0.306370
1.5646,4930,Virtual,Middle_FingerTip,-17.906660,0.897719,20.840290,-0.712381,0.160451,-0.610661,0.306370
1.5646,4930,Virtual,Ring_MCP,-17.947980,0.969679,20.862260,-0.352307,0.643540,-0.138926,0.665158
1.5646,4930,Virtual,Ring_PIP,-17.941790,0.939977,20.826980,-0.595807,0.428110,-0.412720,0.539814
1.5646,4930,Virtual,Ring_DIP,-17.934080,0.914800,20.827760,-0.715838,0.160746,-0.591081,0.335201
1.5646,4930,Virtual,Ring_FingerTip,-17.927640,0.898638,20.846810,-0.715838,0.160746,-0.591081,0.335201
1.5646,4930,Virtual,Pinky_MCP,-17.966870,0.963765,20.872700,-0.363551,0.639838,-0.126102,0.665234
1.5646,4930,Virtual,Pinky_PIP,-17.960990,0.938842,20.842790,-0.604347,0.419912,-0.401187,0.545424
1.5646,4930,Virtual,Pinky_DIP,-17.955020,0.921503,20.843290,-0.720489,0.149860,-0.582665,0.344877
1.5646,4930,Virtual,Pinky_FingerTip,-17.949720,0.909666,20.857390,-0.720489,0.149860,-0.582665,0.344877
1.5646,4930,Render,Wrist,-17.928860,0.999963,20.964120,-0.159079,0.712689,0.016302,0.683010
1.5646,4930,Render,Thumb_CMC,-17.898680,0.995478,20.927940,0.206201,0.248392,-0.493153,0.807826
1.5646,4930,Render,Thumb_MCP,-17.881550,0.964990,20.901390,0.164349,0.277861,-0.614635,0.719727
1.5646,4930,Render,Thumb_IP,-17.877130,0.926089,20.871870,0.064391,0.316340,-0.816291,0.479012
1.5646,4930,Render,Thumb_FingerTip,-17.892310,0.904963,20.860240,0.064391,0.316340,-0.816291,0.479012
1.5646,4930,Render,Index_MCP,-17.897970,0.980499,20.855550,-0.260204,0.675975,-0.143507,0.674358
1.5646,4930,Render,Index_PIP,-17.895860,0.954962,20.816350,-0.430422,0.582568,-0.317488,0.612008
1.5646,4930,Render,Index_DIP,-17.892760,0.931858,20.804940,-0.557481,0.462454,-0.454891,0.518099
1.5646,4930,Render,Index_FingerTip,-17.888500,0.905308,20.805690,-0.557481,0.462454,-0.454891,0.518099
1.5646,4930,Render,Middle_MCP,-17.925040,0.976115,20.856220,-0.289594,0.670348,-0.111757,0.674003
1.5646,4930,Render,Middle_PIP,-17.921010,0.947658,20.811920,-0.457238,0.569355,-0.286759,0.620112
1.5646,4930,Render,Middle_DIP,-17.915820,0.923367,20.799620,-0.580333,0.443222,-0.426980,0.533345
1.5646,4930,Render,Middle_FingerTip,-17.908960,0.895920,20.800260,-0.580333,0.443222,-0.426980,0.533345
1.5646,4930,Render,Ring_MCP,-17.947980,0.969679,20.862260,-0.314286,0.662939,-0.100009,0.672112
1.5646,4930,Render,Ring_PIP,-17.943280,0.944031,20.823720,-0.487744,0.548060,-0.284657,0.617014
1.5646,4930,Render,Ring_DIP,-17.937030,0.920693,20.813220,-0.610657,0.406647,-0.431659,0.524792
1.5646,4930,Render,Ring_FingerTip,-17.929380,0.896191,20.815810,-0.610657,0.406647,-0.431659,0.524792
1.5646,4930,Render,Pinky_MCP,-17.966870,0.963765,20.872700,-0.325727,0.659897,-0.087202,0.671442
1.5646,4930,Render,Pinky_PIP,-17.962380,0.942229,20.840050,-0.497870,0.541929,-0.272177,0.619966
1.5646,4930,Render,Pinky_DIP,-17.957530,0.926138,20.832690,-0.618901,0.398150,-0.420334,0.530809
1.5646,4930,Render,Pinky_FingerTip,-17.951220,0.908147,20.834560,-0.618901,0.398150,-0.420334,0.530809
1.5781,4931,Real,Wrist,-17.923340,1.000826,20.965880,-0.171771,0.702802,0.022887,0.689957
1.5781,4931,Real,Thumb_CMC,-17.892260,0.997067,20.930390,0.265733,0.204651,-0.472600,0.814956
1.5781,4931,Real,Thumb_MCP,-17.871640,0.968019,20.904710,0.194174,0.273483,-0.690486,0.640885
1.5781,4931,Real,Thumb_IP,-17.876700,0.929832,20.874380,0.027669,0.334261,-0.920717,0.199460
1.5781,4931,Real,Thumb_FingerTip,-17.902890,0.919891,20.869130,0.027669,0.334261,-0.920717,0.199460
1.5781,4931,Real,Index_MCP,-17.889530,0.981747,20.858110,-0.271589,0.663821,-0.139071,0.682818
1.5781,4931,Real,Index_PIP,-17.885780,0.955968,20.819200,-0.485380,0.528040,-0.367727,0.591911
1.5781,4931,Real,Index_DIP,-17.881320,0.931364,20.812240,-0.626661,0.348877,-0.535022,0.446467
1.5781,4931,Real,Index_FingerTip,-17.876370,0.906750,20.821900,-0.626661,0.348877,-0.535022,0.446467
1.5781,4931,Real,Middle_MCP,-17.916460,0.976555,20.858220,-0.346646,0.635037,-0.155226,0.672659
1.5781,4931,Real,Middle_PIP,-17.908790,0.942279,20.818790,-0.590212,0.418432,-0.434732,0.536258
1.5781,4931,Real,Middle_DIP,-17.901260,0.915663,20.820580,-0.707935,0.149210,-0.612135,0.319149
1.5781,4931,Real,Middle_FingerTip,-17.895430,0.898627,20.842410,-0.707935,0.149210,-0.612135,0.319149
1.5781,4931,Real,Ring_MCP,-17.939330,0.969463,20.863810,-0.359981,0.631806,-0.132132,0.673630
1.5781,4931,Real,Ring_PIP,-17.931570,0.940011,20.828630,-0.596867,0.415348,-0.409206,0.551169
1.5781,4931,Real,Ring_DIP,-17.923140,0.915066,20.829430,-0.711564,0.149805,-0.591697,0.348038
1.5781,4931,Real,Ring_FingerTip,-17.916560,0.898939,20.848470,-0.711564,0.149805,-0.591697,0.348038
1.5781,4931,Real,Pinky_MCP,-17.958250,0.963037,20.873870,-0.371320,0.628009,-0.119422,0.673398
1.5781,4931,Real,Pinky_PIP,-17.951060,0.938342,20.844060,-0.605469,0.407040,-0.397633,0.556430
1.5781,4931,Real,Pinky_DIP,-17.944590,0.921182,20.844580,-0.716246,0.138801,-0.583091,0.357395
1.5781,4931,Real,Pinky_FingerTip,-17.939200,0.909388,20.858680,-0.716246,0.138801,-0.583091,0.357395
1.5781,4931,Virtual,Wrist,-17.925770,1.000610,20.965080,-0.166450,0.706952,0.020921,0.687078
1.5781,4931,Virtual,Thumb_CMC,-17.895070,0.996617,20.929290,0.266079,0.207729,-0.478160,0.810811
1.5781,4931,Virtual,Thumb_MCP,-17.875030,0.967423,20.903320,0.193603,0.276526,-0.694589,0.635293
1.5781,4931,Virtual,Thumb_IP,-17.880810,0.929402,20.872910,0.025627,0.336589,-0.921397,0.192558
1.5781,4931,Virtual,Thumb_FingerTip,-17.907160,0.919781,20.867870,0.025627,0.336589,-0.921397,0.192558
1.5781,4931,Virtual,Index_MCP,-17.893190,0.981517,20.856940,-0.267257,0.668788,-0.140593,0.679361
1.5781,4931,Virtual,Index_PIP,-17.890100,0.955831,20.817910,-0.483044,0.534202,-0.367951,0.588140
1.5781,4931,Virtual,Index_DIP,-17.885980,0.931202,20.810820,-0.626379,0.355460,-0.534051,0.442817
1.5781,4931,Virtual,Index_FingerTip,-17.881230,0.906500,20.820350,-0.626379,0.355460,-0.534051,0.442817
1.5781,4931,Virtual,Middle_MCP,-17.920180,0.976634,20.857280,-0.342570,0.640416,-0.156387,0.669371
1.5781,4931,Virtual,Middle_PIP,-17.913270,0.942408,20.817670,-0.588911,0.425054,-0.434332,0.532794
1.5781,4931,Virtual,Middle_DIP,-17.906020,0.915702,20.819290,-0.709374,0.155803,-0.610390,0.316130
1.5781,4931,Virtual,Middle_FingerTip,-17.900190,0.898525,20.841010,-0.709374,0.155803,-0.610390,0.316130
1.5781,4931,Virtual,Ring_MCP,-17.943070,0.969785,20.863060,-0.355813,0.637226,-0.133242,0.670512
1.5781,4931,Virtual,Ring_PIP,-17.935980,0.940368,20.827700,-0.595439,0.422034,-0.408866,0.547877
1.5781,4931,Virtual,Ring_DIP,-17.927830,0.915325,20.828350,-0.712855,0.156519,-0.590101,0.345139
1.5781,4931,Virtual,Ring_FingerTip,-17.921260,0.899059,20.847270,-0.712855,0.156519,-0.590101,0.345139
1.5781,4931,Virtual,Pinky_MCP,-17.961970,0.963542,20.873270,-0.367116,0.633472,-0.120485,0.670391
1.5781,4931,Virtual,Pinky_PIP,-17.955340,0.938870,20.843310,-0.604025,0.413780,-0.397298,0.553258
1.5781,4931,Virtual,Pinky_DIP,-17.949070,0.921635,20.843720,-0.717544,0.145572,-0.581546,0.354604
1.5781,4931,Virtual,Pinky_FingerTip,-17.943680,0.909731,20.857730,-0.717544,0.145572,-0.581546,0.354604
1.5781,4931,Render,Wrist,-17.925770,1.000610,20.965080,-0.166450,0.706952,0.020921,0.687078
1.5781,4931,Render,Thumb_CMC,-17.895070,0.996617,20.929290,0.205647,0.244294,-0.484717,0.814297
1.5781,4931,Render,Thumb_MCP,-17.877040,0.966366,20.903060,0.164451,0.273727,-0.607328,0.727450
1.5781,4931,Render,Thumb_IP,-17.871520,0.927457,20.873740,0.065839,0.312467,-0.811912,0.488700
1.5781,4931,Render,Thumb_FingerTip,-17.886160,0.906013,20.861990,0.065839,0.312467,-0.811912,0.488700
1.5781,4931,Render,Index_MCP,-17.893190,0.981517,20.856940,-0.266229,0.669198,-0.139548,0.679576
1.5781,4931,Render,Index_PIP,-17.890130,0.955949,20.817830,-0.434430,0.574433,-0.315058,0.618090
1.5781,4931,Render,Index_DIP,-17.886450,0.932886,20.806500,-0.559423,0.453596,-0.453990,0.524586
1.5781,4931,Render,Index_FingerTip,-17.881710,0.906420,20.807360,-0.559423,0.453596,-0.453990,0.524586
1.5781,4931,Render,Middle_MCP,-17.920180,0.976634,20.857280,-0.295761,0.663334,-0.107981,0.678863
1.5781,4931,Render,Middle_PIP,-17.915070,0.948172,20.813100,-0.461321,0.560954,-0.284409,0.625800
1.5781,4931,Render,Middle_DIP,-17.909280,0.923958,20.800910,-0.582284,0.434087,-0.426062,0.539431
1.5781,4931,Render,Middle_FingerTip,-17.901930,0.896644,20.801700,-0.582284,0.434087,-0.426062,0.539431
1.5781,4931,Render,Ring_MCP,-17.943070,0.969785,20.863060,-0.320455,0.655720,-0.096397,0.676793
1.5781,4931,Render,Ring_PIP,-17.937410,0.944156,20.824630,-0.491638,0.539400,-0.282504,0.622521
1.5781,4931,Render,Ring_DIP,-17.930610,0.920918,20.814250,-0.612231,0.397282,-0.430971,0.530664
1.5781,4931,Render,Ring_FingerTip,-17.922530,0.896567,20.816990,-0.612231,0.397282,-0.430971,0.530664
1.5781,4931,Render,Pinky_MCP,-17.961970,0.963542,20.873270,-0.331945,0.652589,-0.083665,0.675974
1.5781,4931,Render,Pinky_PIP,-17.956680,0.942031,20.840720,-0.501787,0.533169,-0.270054,0.625309
1.5781,4931,Render,Pinky_DIP,-17.951440,0.926019,20.833460,-0.620471,0.388684,-0.419633,0.536515
1.5781,4931,Render,Pinky_FingerTip,-17.944820,0.908152,20.835450,-0.620471,0.388684,-0.419633,0.536515
1.5929,4932,Real,Wrist,-17.921910,1.000741,20.966610,-0.174139,0.700732,0.022567,0.691478
1.5929,4932,Real,Thumb_CMC,-17.890640,0.996982,20.931290,0.265339,0.202262,-0.470784,0.816730
1.5929,4932,Real,Thumb_MCP,-17.869780,0.967928,20.905820,0.194496,0.271083,-0.689269,0.643112
1.5929,4932,Real,Thumb_IP,-17.874550,0.929630,20.875570,0.029169,0.332361,-0.920806,0.201997
1.5929,4932,Real,Thumb_FingerTip,-17.900670,0.919581,20.870210,0.029169,0.332361,-0.920806,0.201997
1.5929,4932,Real,Index_MCP,-17.887470,0.981449,20.859080,-0.273454,0.661343,-0.139603,0.684368
1.5929,4932,Real,Index_PIP,-17.883430,0.955563,20.820260,-0.486267,0.525067,-0.368764,0.593179
1.5929,4932,Real,Index_DIP,-17.878850,0.930954,20.813400,-0.626571,0.345776,-0.536405,0.447346
1.5929,4932,Real,Index_FingerTip,-17.873860,0.906388,20.823170,-0.626571,0.345776,-0.536405,0.447346
1.5929,4932,Real,Middle_MCP,-17.914390,0.976162,20.859070,-0.348402,0.632428,-0.155926,0.674046
1.5929,4932,Real,Middle_PIP,-17.906390,0.941792,20.819780,-0.590645,0.415317,-0.435970,0.537197
1.5929,4932,Real,Middle_DIP,-17.898770,0.915208,20.821690,-0.707093,0.146180,-0.613644,0.319518
1.5929,4932,Real,Middle_FingerTip,-17.893000,0.898261,20.843600,-0.707093,0.146180,-0.613644,0.319518
1.5929,4932,Real,Ring_MCP,-17.937260,0.969007,20.864550,-0.361793,0.629206,-0.132860,0.674947
1.5929,4932,Real,Ring_PIP,-17.929210,0.939474,20.829500,-0.597385,0.412221,-0.410430,0.552044
1.5929,4932,Real,Ring_DIP,-17.920690,0.914561,20.830430,-0.710821,0.146725,-0.593166,0.348367
1.5929,4932,Real,Ring_FingerTip,-17.914160,0.898517,20.849550,-0.710821,0.146725,-0.593166,0.348367
1.5929,4932,Real,Pinky_MCP,-17.956210,0.962545,20.874530,-0.373159,0.625410,-0.120174,0.674666
1.5929,4932,Real,Pinky_PIP,-17.948770,0.937784,20.844840,-0.606010,0.403902,-0.398858,0.557250
1.5929,4932,Real,Pinky_DIP,-17.942250,0.920648,20.845450,-0.715521,0.135702,-0.584539,0.357673
1.5929,4932,Real,Pinky_FingerTip,-17.936890,0.908917,20.859610,-0.715521,0.135702,-0.584539,0.357673
1.5929,4932,Virtual,Wrist,-17.923340,1.000826,20.965890,-0.171771,0.702802,0.022887,0.689957
1.5929,4932,Virtual,Thumb_CMC,-17.892260,0.997067,20.930400,0.265733,0.204651,-0.472600,0.814956
1.5929,4932,Virtual,Thumb_MCP,-17.871640,0.968019,20.904720,0.194174,0.273483,-0.690486,0.640884
1.5929,4932,Virtual,Thumb_IP,-17.876700,0.929832,20.874390,0.027669,0.334261,-0.920717,0.199460
1.5929,4932,Virtual,Thumb_FingerTip,-17.902890,0.919891,20.869140,0.027669,0.334261,-0.920717,0.199460
1.5929,4932,Virtual,Index_MCP,-17.889530,0.981747,20.858120,-0.271589,0.663821,-0.139072,0.682818
1.5929,4932,Virtual,Index_PIP,-17.885780,0.955968,20.819210,-0.485380,0.528040,-0.367727,0.591911
1.5929,4932,Virtual,Index_DIP,-17.881320,0.931364,20.812250,-0.626661,0.348877,-0.535022,0.446467
1.5929,4932,Virtual,Index_FingerTip,-17.876370,0.906750,20.821910,-0.626661,0.348877,-0.535022,0.446467
1.5929,4932,Virtual,Middle_MCP,-17.916460,0.976555,20.858230,-0.346646,0.635037,-0.155226,0.672658
1.5929,4932,Virtual,Middle_PIP,-17.908790,0.942279,20.818800,-0.590212,0.418432,-0.434732,0.536258
1.5929,4932,Virtual,Middle_DIP,-17.901260,0.915663,20.820590,-0.707935,0.149210,-0.612134,0.319149
1.5929,4932,Virtual,Middle_FingerTip,-17.895430,0.898627,20.842420,-0.707935,0.149210,-0.612134,0.319149
1.5929,4932,Virtual,Ring_MCP,-17.939330,0.969463,20.863820,-0.359980,0.631806,-0.132132,0.673630
1.5929,4932,Virtual,Ring_PIP,-17.931570,0.940011,20.828630,-0.596867,0.415348,-0.409206,0.551168
1.5929,4932,Virtual,Ring_DIP,-17.923140,0.915066,20.829440,-0.711564,0.149805,-0.591697,0.348038
1.5929,4932,Virtual,Ring_FingerTip,-17.916560,0.898939,20.848480,-0.711564,0.149805,-0.591697,0.348038
1.5929,4932,Virtual,Pinky_MCP,-17.958250,0.963037,20.873870,-0.371320,0.628009,-0.119422,0.673398
1.5929,4932,Virtual,Pinky_PIP,-17.951060,0.938342,20.844070,-0.605469,0.407040,-0.397633,0.556430
1.5929,4932,Virtual,Pinky_DIP,-17.944590,0.921182,20.844590,-0.716246,0.138802,-0.583091,0.357395
1.5929,4932,Virtual,Pinky_FingerTip,-17.939200,0.909388,20.858690,-0.716246,0.138802,-0.583091,0.357395
1.5929,4932,Render,Wrist,-17.923340,1.000826,20.965890,-0.171771,0.702802,0.022887,0.689957
1.5929,4932,Render,Thumb_CMC,-17.892260,0.997067,20.930400,0.205118,0.240841,-0.479481,0.818548
1.5929,4932,Render,Thumb_MCP,-17.873640,0.966937,20.904450,0.164474,0.270234,-0.602829,0.732475
1.5929,4932,Render,Thumb_IP,-17.867400,0.927996,20.875310,0.067004,0.309174,-0.809306,0.494921
1.5929,4932,Render,Thumb_FingerTip,-17.881680,0.906347,20.863500,0.067004,0.309174,-0.809306,0.494921
1.5929,4932,Render,Index_MCP,-17.889530,0.981747,20.858120,-0.270568,0.664238,-0.138022,0.683031
1.5929,4932,Render,Index_PIP,-17.885810,0.956086,20.819130,-0.437296,0.568499,-0.314504,0.621827
1.5929,4932,Render,Index_DIP,-17.881770,0.933028,20.807910,-0.560783,0.447148,-0.454347,0.528346
1.5929,4932,Render,Index_FingerTip,-17.876720,0.906622,20.808910,-0.560783,0.447148,-0.454347,0.528346
1.5929,4932,Render,Middle_MCP,-17.916460,0.976555,20.858230,-0.300212,0.658262,-0.106587,0.682058
1.5929,4932,Render,Middle_PIP,-17.910620,0.948006,20.814200,-0.464265,0.554882,-0.283915,0.629251
1.5929,4932,Render,Middle_DIP,-17.904440,0.923820,20.802150,-0.583687,0.427487,-0.426408,0.542900
1.5929,4932,Render,Middle_FingerTip,-17.896770,0.896595,20.803090,-0.583687,0.427487,-0.426408,0.542900
1.5929,4932,Render,Ring_MCP,-17.939330,0.969463,20.863820,-0.324912,0.650536,-0.095118,0.679845
1.5929,4932,Render,Ring_PIP,-17.933020,0.943772,20.825530,-0.494460,0.533173,-0.282133,0.625809
1.5929,4932,Render,Ring_DIP,-17.925850,0.920580,20.815300,-0.613384,0.390544,-0.431445,0.533939
1.5929,4932,Render,Ring_FingerTip,-17.917520,0.896331,20.818200,-0.613384,0.390544,-0.431445,0.533939
1.5929,4932,Render,Pinky_MCP,-17.958250,0.963037,20.873870,-0.336442,0.647364,-0.082439,0.678918
1.5929,4932,Render,Pinky_PIP,-17.952420,0.941480,20.841450,-0.504637,0.526893,-0.269704,0.628479
1.5929,4932,Render,Pinky_DIP,-17.946920,0.925505,20.834290,-0.621638,0.381890,-0.420098,0.539671
1.5929,4932,Render,Pinky_FingerTip,-17.940110,0.907722,20.836400,-0.621638,0.381890,-0.420098,0.539671
1.6064,4933,Real,Wrist,-17.921400,1.000193,20.966920,-0.173412,0.700611,0.020939,0.691834
1.6064,4933,Real,Thumb_CMC,-17.890100,0.996293,20.931650,0.266268,0.200602,-0.469520,0.817565
1.6064,4933,Real,Thumb_MCP,-17.869080,0.967272,20.906270,0.196012,0.269665,-0.687968,0.644640
1.6064,4933,Real,Thumb_IP,-17.873600,0.928966,20.876000,0.031509,0.331884,-0.920272,0.204843
1.6064,4933,Real,Thumb_FingerTip,-17.899640,0.918817,20.870470,0.031509,0.331884,-0.920272,0.204843
1.6064,4933,Real,Index_MCP,-17.886900,0.980666,20.859460,-0.271095,0.661950,-0.139606,0.684720
1.6064,4933,Real,Index_PIP,-17.882930,0.954907,20.820550,-0.484266,0.526456,-0.368889,0.593508
1.6064,4933,Real,Index_DIP,-17.878430,0.930307,20.813610,-0.625107,0.347723,-0.536627,0.447618
1.6064,4933,Real,Index_FingerTip,-17.873520,0.905689,20.823280,-0.625107,0.347723,-0.536627,0.447618
1.6064,4933,Real,Middle_MCP,-17.913830,0.975467,20.859420,-0.345059,0.633925,-0.154812,0.674616
1.6064,4933,Real,Middle_PIP,-17.906000,0.941335,20.819900,-0.587108,0.419798,-0.433690,0.539432
1.6064,4933,Real,Middle_DIP,-17.898470,0.914701,20.821460,-0.705241,0.153501,-0.611614,0.324040
1.6064,4933,Real,Middle_FingerTip,-17.892680,0.897357,20.843050,-0.705241,0.153501,-0.611614,0.324040
1.6064,4933,Real,Ring_MCP,-17.936720,0.968392,20.864880,-0.358502,0.630782,-0.131772,0.675446
1.6064,4933,Real,Ring_PIP,-17.928840,0.939061,20.829630,-0.593867,0.416811,-0.408032,0.554167
1.6064,4933,Real,Ring_DIP,-17.920420,0.914106,20.830230,-0.708964,0.154204,-0.590851,0.352826
1.6064,4933,Real,Ring_FingerTip,-17.913860,0.897707,20.849030,-0.708964,0.154204,-0.590851,0.352826
1.6064,4933,Real,Pinky_MCP,-17.955710,0.962003,20.874850,-0.369897,0.627058,-0.119092,0.675124
1.6064,4933,Real,Pinky_PIP,-17.948420,0.937408,20.844980,-0.602573,0.408571,-0.396432,0.559301
1.6064,4933,Real,Pinky_DIP,-17.941960,0.920239,20.845360,-0.713799,0.143234,-0.582146,0.362052
1.6064,4933,Real,Pinky_FingerTip,-17.936580,0.908246,20.859300,-0.713799,0.143234,-0.582146,0.362052
1.6064,4933,Virtual,Wrist,-17.921910,1.000741,20.966610,-0.174140,0.700732,0.022568,0.691478
1.6064,4933,Virtual,Thumb_CMC,-17.890630,0.996982,20.931300,0.266128,0.201794,-0.468238,0.818052
1.6064,4933,Virtual,Thumb_MCP,-17.869550,0.968059,20.905860,0.195530,0.270764,-0.686884,0.645481
1.6064,4933,Virtual,Thumb_IP,-17.873980,0.929773,20.875550,0.030535,0.332585,-0.919767,0.206118
1.6064,4933,Virtual,Thumb_FingerTip,-17.900010,0.919546,20.870040,0.030535,0.332585,-0.919767,0.206118
1.6064,4933,Virtual,Index_MCP,-17.887470,0.981449,20.859080,-0.271860,0.662000,-0.137953,0.684703
1.6064,4933,Virtual,Index_PIP,-17.883470,0.955747,20.820140,-0.485001,0.526238,-0.367333,0.594067
1.6064,4933,Virtual,Index_DIP,-17.878890,0.931170,20.813170,-0.625736,0.347285,-0.535325,0.448638
1.6064,4933,Virtual,Index_FingerTip,-17.873900,0.906557,20.822800,-0.625736,0.347285,-0.535325,0.448638
1.6064,4933,Virtual,Middle_MCP,-17.914390,0.976162,20.859070,-0.345793,0.633858,-0.153147,0.674683
1.6064,4933,Virtual,Middle_PIP,-17.906490,0.942101,20.819500,-0.587740,0.419418,-0.432220,0.540219
1.6064,4933,Virtual,Middle_DIP,-17.898880,0.915490,20.821020,-0.705670,0.152901,-0.610575,0.325344
1.6064,4933,Virtual,Middle_FingerTip,-17.893010,0.898140,20.842590,-0.705670,0.152901,-0.610575,0.325344
1.6064,4933,Virtual,Ring_MCP,-17.937260,0.969007,20.864560,-0.359217,0.630680,-0.130099,0.675485
1.6064,4933,Virtual,Ring_PIP,-17.929310,0.939742,20.829260,-0.594470,0.416414,-0.406536,0.554918
1.6064,4933,Virtual,Ring_DIP,-17.920820,0.914814,20.829820,-0.709366,0.153603,-0.589763,0.354097
1.6064,4933,Virtual,Ring_FingerTip,-17.914180,0.898415,20.848590,-0.709366,0.153603,-0.589763,0.354097
1.6064,4933,Virtual,Pinky_MCP,-17.956210,0.962545,20.874540,-0.370599,0.626930,-0.117414,0.675152
1.6064,4933,Virtual,Pinky_PIP,-17.948870,0.938008,20.844630,-0.603153,0.408156,-0.394928,0.560043
1.6064,4933,Virtual,Pinky_DIP,-17.942360,0.920860,20.844980,-0.714173,0.142626,-0.581047,0.363319
1.6064,4933,Virtual,Pinky_FingerTip,-17.936920,0.908868,20.858900,-0.714173,0.142626,-0.581047,0.363319
1.6064,4933,Render,Wrist,-17.921910,1.000741,20.966610,-0.174140,0.700732,0.022568,0.691478
1.6064,4933,Render,Thumb_CMC,-17.890630,0.996982,20.931300,0.204673,0.238325,-0.477872,0.820335
1.6064,4933,Render,Thumb_MCP,-17.871770,0.966839,20.905540,0.164432,0.267679,-0.601523,0.734494
1.6064,4933,Render,Thumb_IP,-17.865250,0.927830,20.876560,0.067800,0.306746,-0.808732,0.497256
1.6064,4933,Render,Thumb_FingerTip,-17.879390,0.906094,20.864740,0.067800,0.306746,-0.808732,0.497256
1.6064,4933,Render,Index_MCP,-17.887470,0.981449,20.859080,-0.272438,0.661762,-0.138551,0.684582
1.6064,4933,Render,Index_PIP,-17.883460,0.955681,20.820190,-0.438441,0.565616,-0.315426,0.623182
1.6064,4933,Render,Index_DIP,-17.879270,0.932603,20.809070,-0.561204,0.444074,-0.455567,0.529441
1.6064,4933,Render,Index_FingerTip,-17.874150,0.906218,20.810180,-0.561204,0.444074,-0.455567,0.529441
1.6064,4933,Render,Middle_MCP,-17.914390,0.976162,20.859070,-0.302152,0.655785,-0.107186,0.683493
1.6064,4933,Render,Middle_PIP,-17.908210,0.947498,20.815150,-0.465477,0.551979,-0.284873,0.630475
1.6064,4933,Render,Middle_DIP,-17.901880,0.923297,20.803210,-0.584168,0.424378,-0.427632,0.543859
1.6064,4933,Render,Middle_FingerTip,-17.894130,0.896103,20.804290,-0.584168,0.424378,-0.427632,0.543859
1.6064,4933,Render,Ring_MCP,-17.937260,0.969007,20.864560,-0.326864,0.648039,-0.095773,0.681200
1.6064,4933,Render,Ring_PIP,-17.930660,0.943220,20.826390,-0.495633,0.530229,-0.283142,0.626926
1.6064,4933,Render,Ring_DIP,-17.923350,0.920021,20.816270,-0.613773,0.387398,-0.432704,0.534765
1.6064,4933,Render,Ring_FingerTip,-17.914960,0.895812,20.819280,-0.613773,0.387398,-0.432704,0.534765
1.6064,4933,Render,Pinky_MCP,-17.956210,0.962545,20.874540,-0.338420,0.644869,-0.083121,0.680225
1.6064,4933,Render,Pinky_PIP,-17.950120,0.940908,20.842210,-0.505835,0.523943,-0.270726,0.629542
1.6064,4933,Render,Pinky_DIP,-17.944540,0.924931,20.835130,-0.622050,0.378733,-0.421355,0.540440
1.6064,4933,Render,Pinky_FingerTip,-17.937680,0.907178,20.837330,-0.622050,0.378733,-0.421355,0.540440
1.6255,4934,Real,Wrist,-17.921200,0.999463,20.967520,-0.173448,0.701957,0.018766,0.690522
1.6255,4934,Real,Thumb_CMC,-17.890010,0.995329,20.932170,0.266043,0.199553,-0.466429,0.819661
1.6255,4934,Real,Thumb_MCP,-17.868710,0.966417,20.906910,0.196199,0.268526,-0.685393,0.647793
1.6255,4934,Real,Thumb_IP,-17.872810,0.928044,20.876660,0.032463,0.330978,-0.919525,0.209459
1.6255,4934,Real,Thumb_FingerTip,-17.898750,0.917679,20.871010,0.032463,0.330978,-0.919525,0.209459
1.6255,4934,Real,Index_MCP,-17.887080,0.979433,20.860020,-0.267055,0.664930,-0.137061,0.683933
1.6255,4934,Real,Index_PIP,-17.883420,0.954022,20.820860,-0.481325,0.530826,-0.366018,0.593786
1.6255,4934,Real,Index_DIP,-17.879050,0.929476,20.813640,-0.623573,0.352996,-0.533844,0.448955
1.6255,4934,Real,Index_FingerTip,-17.874180,0.904739,20.823030,-0.623573,0.352996,-0.533844,0.448955
1.6255,4934,Real,Middle_MCP,-17.914030,0.974323,20.860080,-0.338291,0.639051,-0.149030,0.674510
1.6255,4934,Real,Middle_PIP,-17.906700,0.940875,20.819890,-0.579563,0.432359,-0.423770,0.545520
1.6255,4934,Real,Middle_DIP,-17.899300,0.914168,20.820430,-0.701955,0.173453,-0.602312,0.338220
1.6255,4934,Real,Middle_FingerTip,-17.893240,0.895746,20.841030,-0.701955,0.173453,-0.602312,0.338220
1.6255,4934,Real,Ring_MCP,-17.936930,0.967346,20.865640,-0.351515,0.636249,-0.125718,0.675145
1.6255,4934,Real,Ring_PIP,-17.929550,0.938631,20.829770,-0.585752,0.430429,-0.397027,0.560352
1.6255,4934,Real,Ring_DIP,-17.921270,0.913625,20.829320,-0.705253,0.176049,-0.579921,0.367854
1.6255,4934,Real,Ring_FingerTip,-17.914420,0.896210,20.847080,-0.705253,0.176049,-0.579921,0.367854
1.6255,4934,Real,Pinky_MCP,-17.955910,0.961057,20.875680,-0.362938,0.632698,-0.113018,0.674682
1.6255,4934,Real,Pinky_PIP,-17.949070,0.936971,20.845300,-0.594637,0.422419,-0.385302,0.565254
1.6255,4934,Real,Pinky_DIP,-17.942710,0.919764,20.844950,-0.710435,0.165267,-0.570932,0.376837
1.6255,4934,Real,Pinky_FingerTip,-17.937090,0.907021,20.858100,-0.710435,0.165267,-0.570932,0.376837
1.6255,4934,Virtual,Wrist,-17.921210,0.999463,20.967530,-0.173449,0.701956,0.018766,0.690522
1.6255,4934,Virtual,Thumb_CMC,-17.890020,0.995330,20.932180,0.266043,0.199553,-0.466429,0.819661
1.6255,4934,Virtual,Thumb_MCP,-17.868710,0.966417,20.906910,0.196199,0.268526,-0.685393,0.647794
1.6255,4934,Virtual,Thumb_IP,-17.872810,0.928045,20.876670,0.032463,0.330978,-0.919525,0.209459
1.6255,4934,Virtual,Thumb_FingerTip,-17.898750,0.917679,20.871020,0.032463,0.330978,-0.919525,0.209459
1.6255,4934,Virtual,Index_MCP,-17.887080,0.979433,20.860030,-0.267055,0.664930,-0.137061,0.683933
1.6255,4934,Virtual,Index_PIP,-17.883420,0.954022,20.820870,-0.481325,0.530826,-0.366018,0.593786
1.6255,4934,Virtual,Index_DIP,-17.879050,0.929477,20.813650,-0.623574,0.352995,-0.533844,0.448955
1.6255,4934,Virtual,Index_FingerTip,-17.874190,0.904739,20.823040,-0.623574,0.352995,-0.533844,0.448955
1.6255,4934,Virtual,Middle_MCP,-17.914030,0.974324,20.860090,-0.338291,0.639051,-0.149030,0.674510
1.6255,4934,Virtual,Middle_PIP,-17.906700,0.940876,20.819890,-0.579563,0.432358,-0.423770,0.545520
1.6255,4934,Virtual,Middle_DIP,-17.899300,0.914168,20.820430,-0.701955,0.173453,-0.602312,0.338220
1.6255,4934,Virtual,Middle_FingerTip,-17.893230,0.895747,20.841040,-0.701955,0.173453,-0.602312,0.338220
1.6255,4934,Virtual,Ring_MCP,-17.936940,0.967346,20.865650,-0.351515,0.636249,-0.125718,0.675145
1.6255,4934,Virtual,Ring_PIP,-17.929550,0.938631,20.829780,-0.585752,0.430429,-0.397027,0.560353
1.6255,4934,Virtual,Ring_DIP,-17.921270,0.913625,20.829330,-0.705253,0.176049,-0.579921,0.367855
1.6255,4934,Virtual,Ring_FingerTip,-17.914420,0.896211,20.847090,-0.705253,0.176049,-0.579921,0.367855
1.6255,4934,Virtual,Pinky_MCP,-17.955910,0.961058,20.875690,-0.362938,0.632698,-0.113017,0.674682
1.6255,4934,Virtual,Pinky_PIP,-17.949070,0.936971,20.845310,-0.594637,0.422419,-0.385302,0.565254
1.6255,4934,Virtual,Pinky_DIP,-17.942710,0.919764,20.844950,-0.710435,0.165267,-0.570932,0.376837
1.6255,4934,Virtual,Pinky_FingerTip,-17.937100,0.907022,20.858110,-0.710435,0.165267,-0.570932,0.376837
1.6255,4934,Render,Wrist,-17.921410,1.000193,20.966930,-0.173412,0.700610,0.020939,0.691835
1.6255,4934,Render,Thumb_CMC,-17.890100,0.996292,20.931660,0.204876,0.237226,-0.479216,0.819818
1.6255,4934,Render,Thumb_MCP,-17.871300,0.966058,20.905950,0.164806,0.266625,-0.602768,0.733772
1.6255,4934,Render,Thumb_IP,-17.864870,0.926995,20.877030,0.068499,0.305873,-0.809673,0.496166
1.6255,4934,Render,Thumb_FingerTip,-17.879070,0.905291,20.865220,0.068499,0.305873,-0.809673,0.496166
1.6255,4934,Render,Index_MCP,-17.886900,0.980666,20.859460,-0.271673,0.661712,-0.140204,0.684598
1.6255,4934,Render,Index_PIP,-17.882920,0.954840,20.820610,-0.437690,0.565771,-0.317024,0.622758
1.6255,4934,Render,Index_DIP,-17.878800,0.931736,20.809520,-0.560512,0.444405,-0.457017,0.528646
1.6255,4934,Render,Index_FingerTip,-17.873760,0.905336,20.810660,-0.560512,0.444405,-0.457017,0.528646
1.6255,4934,Render,Middle_MCP,-17.913830,0.975466,20.859430,-0.301414,0.655802,-0.108852,0.683538
1.6255,4934,Render,Middle_PIP,-17.907700,0.946732,20.815550,-0.464770,0.552191,-0.286491,0.630077
1.6255,4934,Render,Middle_DIP,-17.901440,0.922497,20.803640,-0.583533,0.424754,-0.429108,0.543084
1.6255,4934,Render,Middle_FingerTip,-17.893770,0.895279,20.804760,-0.583533,0.424754,-0.429108,0.543084
1.6255,4934,Render,Ring_MCP,-17.936730,0.968391,20.864890,-0.326144,0.648104,-0.097446,0.681246
1.6255,4934,Render,Ring_PIP,-17.930170,0.942540,20.826760,-0.494961,0.530493,-0.284761,0.626500
1.6255,4934,Render,Ring_DIP,-17.922930,0.919306,20.816680,-0.613190,0.387824,-0.434162,0.533943
1.6255,4934,Render,Ring_FingerTip,-17.914620,0.895073,20.819730,-0.613190,0.387824,-0.434162,0.533943
1.6255,4934,Render,Pinky_MCP,-17.955710,0.962003,20.874860,-0.337713,0.644961,-0.084798,0.680283
1.6255,4934,Render,Pinky_PIP,-17.949670,0.940309,20.842560,-0.505182,0.524229,-0.272351,0.629127
1.6255,4934,Render,Pinky_DIP,-17.944120,0.924305,20.835510,-0.621491,0.379176,-0.422822,0.539627
1.6255,4934,Render,Pinky_FingerTip,-17.937320,0.906534,20.837740,-0.621491,0.379176,-0.422822,0.539627
1.6382,4935,Real,Wrist,-17.921200,0.999463,20.967520,-0.173448,0.701957,0.018766,0.690522
1.6382,4935,Real,Thumb_CMC,-17.890010,0.995329,20.932170,0.266043,0.199553,-0.466429,0.819661
1.6382,4935,Real,Thumb_MCP,-17.868710,0.966417,20.906910,0.196199,0.268526,-0.685393,0.647793
1.6382,4935,Real,Thumb_IP,-17.872810,0.928044,20.876660,0.032463,0.330978,-0.919525,0.209459
1.6382,4935,Real,Thumb_FingerTip,-17.898750,0.917679,20.871010,0.032463,0.330978,-0.919525,0.209459
1.6382,4935,Real,Index_MCP,-17.887080,0.979433,20.860020,-0.267055,0.664930,-0.137061,0.683933
1.6382,4935,Real,Index_PIP,-17.883420,0.954022,20.820860,-0.481325,0.530826,-0.366018,0.593786
1.6382,4935,Real,Index_DIP,-17.879050,0.929476,20.813640,-0.623573,0.352996,-0.533844,0.448955
1.6382,4935,Real,Index_FingerTip,-17.874180,0.904739,20.823030,-0.623573,0.352996,-0.533844,0.448955
1.6382,4935,Real,Middle_MCP,-17.914030,0.974323,20.860080,-0.338291,0.639051,-0.149030,0.674510
1.6382,4935,Real,Middle_PIP,-17.906700,0.940875,20.819890,-0.579563,0.432359,-0.423770,0.545520
1.6382,4935,Real,Middle_DIP,-17.899300,0.914168,20.820430,-0.701955,0.173453,-0.602312,0.338220
1.6382,4935,Real,Middle_FingerTip,-17.893240,0.895746,20.841030,-0.701955,0.173453,-0.602312,0.338220
1.6382,4935,Real,Ring_MCP,-17.936930,0.967346,20.865640,-0.351515,0.636249,-0.125718,0.675145
1.6382,4935,Real,Ring_PIP,-17.929550,0.938631,20.829770,-0.585752,0.430429,-0.397027,0.560352
1.6382,4935,Real,Ring_DIP,-17.921270,0.913625,20.829320,-0.705253,0.176049,-0.579921,0.367854
1.6382,4935,Real,Ring_FingerTip,-17.914420,0.896210,20.847080,-0.705253,0.176049,-0.579921,0.367854
1.6382,4935,Real,Pinky_MCP,-17.955910,0.961057,20.875680,-0.362938,0.632698,-0.113018,0.674682
1.6382,4935,Real,Pinky_PIP,-17.949070,0.936971,20.845300,-0.594637,0.422419,-0.385302,0.565254
1.6382,4935,Real,Pinky_DIP,-17.942710,0.919764,20.844950,-0.710435,0.165267,-0.570932,0.376837
1.6382,4935,Real,Pinky_FingerTip,-17.937090,0.907021,20.858100,-0.710435,0.165267,-0.570932,0.376837
1.6382,4935,Virtual,Wrist,-17.921210,0.999463,20.967530,-0.173449,0.701956,0.018766,0.690522
1.6382,4935,Virtual,Thumb_CMC,-17.890020,0.995330,20.932180,0.266043,0.199554,-0.466429,0.819661
1.6382,4935,Virtual,Thumb_MCP,-17.868710,0.966417,20.906910,0.196199,0.268526,-0.685393,0.647794
1.6382,4935,Virtual,Thumb_IP,-17.872810,0.928045,20.876670,0.032463,0.330978,-0.919525,0.209459
1.6382,4935,Virtual,Thumb_FingerTip,-17.898750,0.917679,20.871020,0.032463,0.330978,-0.919525,0.209459
1.6382,4935,Virtual,Index_MCP,-17.887080,0.979433,20.860030,-0.267055,0.664930,-0.137061,0.683933
1.6382,4935,Virtual,Index_PIP,-17.883420,0.954022,20.820870,-0.481325,0.530826,-0.366018,0.593786
1.6382,4935,Virtual,Index_DIP,-17.879050,0.929477,20.813650,-0.623574,0.352995,-0.533844,0.448955
1.6382,4935,Virtual,Index_FingerTip,-17.874190,0.904739,20.823040,-0.623574,0.352995,-0.533844,0.448955
1.6382,4935,Virtual,Middle_MCP,-17.914030,0.974324,20.860090,-0.338291,0.639051,-0.149029,0.674510
1.6382,4935,Virtual,Middle_PIP,-17.906700,0.940876,20.819890,-0.579563,0.432358,-0.423770,0.545520
1.6382,4935,Virtual,Middle_DIP,-17.899300,0.914168,20.820430,-0.701955,0.173453,-0.602312,0.338221
1.6382,4935,Virtual,Middle_FingerTip,-17.893230,0.895747,20.841040,-0.701955,0.173453,-0.602312,0.338221
1.6382,4935,Virtual,Ring_MCP,-17.936940,0.967346,20.865650,-0.351515,0.636249,-0.125717,0.675145
1.6382,4935,Virtual,Ring_PIP,-17.929550,0.938631,20.829780,-0.585752,0.430429,-0.397027,0.560353
1.6382,4935,Virtual,Ring_DIP,-17.921270,0.913625,20.829330,-0.705253,0.176049,-0.579921,0.367855
1.6382,4935,Virtual,Ring_FingerTip,-17.914420,0.896211,20.847090,-0.705253,0.176049,-0.579921,0.367855
1.6382,4935,Virtual,Pinky_MCP,-17.955910,0.961057,20.875690,-0.362938,0.632698,-0.113017,0.674682
1.6382,4935,Virtual,Pinky_PIP,-17.949070,0.936971,20.845310,-0.594637,0.422419,-0.385302,0.565254
1.6382,4935,Virtual,Pinky_DIP,-17.942710,0.919764,20.844950,-0.710435,0.165267,-0.570932,0.376838
1.6382,4935,Virtual,Pinky_FingerTip,-17.937100,0.907021,20.858110,-0.710435,0.165267,-0.570932,0.376838
1.6382,4935,Render,Wrist,-17.921210,0.999463,20.967530,-0.173449,0.701956,0.018766,0.690522
1.6382,4935,Render,Thumb_CMC,-17.890020,0.995330,20.932180,0.203090,0.237223,-0.481324,0.819028
1.6382,4935,Render,Thumb_MCP,-17.871390,0.964940,20.906530,0.163043,0.266340,-0.604725,0.732658
1.6382,4935,Render,Thumb_IP,-17.865180,0.925752,20.877730,0.066926,0.305027,-0.811157,0.494474
1.6382,4935,Render,Thumb_FingerTip,-17.879490,0.904053,20.866030,0.066926,0.305027,-0.811157,0.494474
1.6382,4935,Render,Index_MCP,-17.887080,0.979433,20.860030,-0.271999,0.662923,-0.142150,0.682894
1.6382,4935,Render,Index_PIP,-17.883300,0.953453,20.821260,-0.438326,0.566851,-0.318447,0.620598
1.6382,4935,Render,Index_DIP,-17.879290,0.930296,20.810240,-0.561388,0.445302,-0.457881,0.526209
1.6382,4935,Render,Index_FingerTip,-17.874340,0.903884,20.811460,-0.561388,0.445302,-0.457881,0.526209
1.6382,4935,Render,Middle_MCP,-17.914030,0.974324,20.860090,-0.301702,0.657117,-0.110742,0.681843
1.6382,4935,Render,Middle_PIP,-17.908120,0.945411,20.816300,-0.465397,0.553383,-0.287862,0.627940
1.6382,4935,Render,Middle_DIP,-17.901980,0.921112,20.804460,-0.584428,0.425760,-0.429927,0.540681
1.6382,4935,Render,Middle_FingerTip,-17.894400,0.893872,20.805650,-0.584428,0.425760,-0.429927,0.540681
1.6382,4935,Render,Ring_MCP,-17.936940,0.967346,20.865650,-0.326424,0.649478,-0.099281,0.679536
1.6382,4935,Render,Ring_PIP,-17.930580,0.941335,20.827590,-0.495615,0.531734,-0.286042,0.624344
1.6382,4935,Render,Ring_DIP,-17.923440,0.918041,20.817570,-0.614137,0.388859,-0.434856,0.531532
1.6382,4935,Render,Ring_FingerTip,-17.915200,0.893791,20.820680,-0.614137,0.388859,-0.434856,0.531532
1.6382,4935,Render,Pinky_MCP,-17.955910,0.961057,20.875690,-0.337978,0.646376,-0.086609,0.678578
1.6382,4935,Render,Pinky_PIP,-17.950030,0.939227,20.843460,-0.505833,0.525513,-0.273611,0.626982
1.6382,4935,Render,Pinky_DIP,-17.944560,0.923180,20.836450,-0.622446,0.380253,-0.423498,0.537233
1.6382,4935,Render,Pinky_FingerTip,-17.937820,0.905393,20.838720,-0.622446,0.380253,-0.423498,0.537233
1.6538,4936,Real,Wrist,-17.923050,0.996438,20.968290,-0.168511,0.710589,0.008984,0.683071
1.6538,4936,Real,Thumb_CMC,-17.892650,0.991241,20.932390,0.261868,0.201596,-0.473010,0.816729
1.6538,4936,Real,Thumb_MCP,-17.871960,0.961950,20.907050,0.191942,0.269024,-0.690038,0.643920
1.6538,4936,Real,Thumb_IP,-17.876720,0.923442,20.877080,0.029275,0.329179,-0.921101,0.205808
1.6538,4936,Real,Thumb_FingerTip,-17.902760,0.913186,20.871680,0.029275,0.329179,-0.921101,0.205808
1.6538,4936,Real,Index_MCP,-17.891480,0.974589,20.860370,-0.258673,0.675884,-0.140342,0.675702
1.6538,4936,Real,Index_PIP,-17.889280,0.949333,20.820990,-0.475522,0.545536,-0.364360,0.586098
1.6538,4936,Real,Index_DIP,-17.885660,0.924780,20.813390,-0.621614,0.370577,-0.528581,0.443702
1.6538,4936,Real,Index_FingerTip,-17.881180,0.899769,20.822220,-0.621614,0.370577,-0.528581,0.443702
1.6538,4936,Real,Middle_MCP,-17.918530,0.970108,20.860990,-0.327413,0.652789,-0.148347,0.666828
1.6538,4936,Real,Middle_PIP,-17.913060,0.937088,20.820150,-0.569794,0.456802,-0.412892,0.544231
1.6538,4936,Real,Middle_DIP,-17.906350,0.910201,20.819410,-0.700082,0.207892,-0.587796,0.348085
1.6538,4936,Real,Middle_FingerTip,-17.900060,0.890383,20.838600,-0.700082,0.207892,-0.587796,0.348085
1.6538,4936,Real,Ring_MCP,-17.941480,0.963718,20.867060,-0.339916,0.650719,-0.124318,0.667509
1.6538,4936,Real,Ring_PIP,-17.935790,0.935409,20.830560,-0.574457,0.457140,-0.384160,0.559860
1.6538,4936,Real,Ring_DIP,-17.928230,0.910241,20.828710,-0.702088,0.214595,-0.562726,0.379950
1.6538,4936,Real,Ring_FingerTip,-17.921150,0.891434,20.844890,-0.702088,0.214595,-0.562726,0.379950
1.6538,4936,Real,Pinky_MCP,-17.960400,0.957969,20.877520,-0.351299,0.647512,-0.111493,0.666999
1.6538,4936,Real,Pinky_PIP,-17.955020,0.934202,20.846600,-0.583564,0.449595,-0.372229,0.564592
1.6538,4936,Real,Pinky_DIP,-17.949180,0.916864,20.845250,-0.707793,0.204235,-0.553361,0.388728
1.6538,4936,Real,Pinky_FingerTip,-17.943350,0.903083,20.857220,-0.707793,0.204235,-0.553361,0.388728
1.6538,4936,Virtual,Wrist,-17.923050,0.996440,20.968290,-0.168511,0.710589,0.008985,0.683071
1.6538,4936,Virtual,Thumb_CMC,-17.892660,0.991243,20.932400,0.261868,0.201596,-0.473010,0.816729
1.6538,4936,Virtual,Thumb_MCP,-17.871960,0.961952,20.907060,0.191942,0.269024,-0.690038,0.643920
1.6538,4936,Virtual,Thumb_IP,-17.876720,0.923444,20.877080,0.029274,0.329179,-0.921101,0.205808
1.6538,4936,Virtual,Thumb_FingerTip,-17.902760,0.913188,20.871680,0.029274,0.329179,-0.921101,0.205808
1.6538,4936,Virtual,Index_MCP,-17.891480,0.974590,20.860370,-0.258673,0.675884,-0.140342,0.675702
1.6538,4936,Virtual,Index_PIP,-17.889280,0.949334,20.821000,-0.475522,0.545536,-0.364360,0.586098
1.6538,4936,Virtual,Index_DIP,-17.885670,0.924782,20.813400,-0.621614,0.370577,-0.528581,0.443702
1.6538,4936,Virtual,Index_FingerTip,-17.881190,0.899770,20.822230,-0.621614,0.370577,-0.528581,0.443702
1.6538,4936,Virtual,Middle_MCP,-17.918530,0.970110,20.861000,-0.327413,0.652789,-0.148347,0.666829
1.6538,4936,Virtual,Middle_PIP,-17.913060,0.937090,20.820150,-0.569794,0.456802,-0.412892,0.544231
1.6538,4936,Virtual,Middle_DIP,-17.906360,0.910202,20.819410,-0.700082,0.207892,-0.587796,0.348085
1.6538,4936,Virtual,Middle_FingerTip,-17.900060,0.890385,20.838610,-0.700082,0.207892,-0.587796,0.348085
1.6538,4936,Virtual,Ring_MCP,-17.941480,0.963720,20.867060,-0.339916,0.650719,-0.124318,0.667509
1.6538,4936,Virtual,Ring_PIP,-17.935800,0.935410,20.830570,-0.574457,0.457140,-0.384160,0.559860
1.6538,4936,Virtual,Ring_DIP,-17.928230,0.910242,20.828710,-0.702088,0.214595,-0.562726,0.379950
1.6538,4936,Virtual,Ring_FingerTip,-17.921150,0.891435,20.844890,-0.702088,0.214595,-0.562726,0.379950
1.6538,4936,Virtual,Pinky_MCP,-17.960400,0.957971,20.877530,-0.351299,0.647512,-0.111493,0.666999
1.6538,4936,Virtual,Pinky_PIP,-17.955020,0.934203,20.846600,-0.583564,0.449595,-0.372229,0.564592
1.6538,4936,Virtual,Pinky_DIP,-17.949180,0.916866,20.845260,-0.707793,0.204235,-0.553361,0.388728
1.6538,4936,Virtual,Pinky_FingerTip,-17.943350,0.903085,20.857220,-0.707793,0.204235,-0.553361,0.388728
1.6538,4936,Render,Wrist,-17.921210,0.999463,20.967530,-0.173449,0.701956,0.018766,0.690522
1.6538,4936,Render,Thumb_CMC,-17.890020,0.995330,20.932180,0.203580,0.237713,-0.481224,0.818823
1.6538,4936,Render,Thumb_MCP,-17.871400,0.964975,20.906480,0.163449,0.266901,-0.604594,0.732472
1.6538,4936,Render,Thumb_IP,-17.865210,0.925827,20.877610,0.067126,0.305690,-0.810972,0.494340
1.6538,4936,Render,Thumb_FingerTip,-17.879520,0.904146,20.865900,0.067126,0.305690,-0.810972,0.494340
1.6538,4936,Render,Index_MCP,-17.887080,0.979433,20.860030,-0.271999,0.662923,-0.142150,0.682894
1.6538,4936,Render,Index_PIP,-17.883300,0.953453,20.821260,-0.438326,0.566851,-0.318447,0.620598
1.6538,4936,Render,Index_DIP,-17.879290,0.930296,20.810240,-0.561388,0.445302,-0.457881,0.526209
1.6538,4936,Render,Index_FingerTip,-17.874340,0.903884,20.811460,-0.561388,0.445302,-0.457881,0.526209
1.6538,4936,Render,Middle_MCP,-17.914030,0.974324,20.860090,-0.301702,0.657117,-0.110742,0.681843
1.6538,4936,Render,Middle_PIP,-17.908120,0.945411,20.816300,-0.465397,0.553383,-0.287862,0.627940
1.6538,4936,Render,Middle_DIP,-17.901980,0.921112,20.804460,-0.584428,0.425760,-0.429927,0.540681
1.6538,4936,Render,Middle_FingerTip,-17.894400,0.893872,20.805650,-0.584428,0.425760,-0.429927,0.540681
1.6538,4936,Render,Ring_MCP,-17.936940,0.967346,20.865650,-0.326424,0.649478,-0.099281,0.679536
1.6538,4936,Render,Ring_PIP,-17.930580,0.941335,20.827590,-0.495615,0.531734,-0.286042,0.624344
1.6538,4936,Render,Ring_DIP,-17.923440,0.918041,20.817570,-0.614137,0.388859,-0.434856,0.531532
1.6538,4936,Render,Ring_FingerTip,-17.915200,0.893791,20.820680,-0.614137,0.388859,-0.434856,0.531532
1.6538,4936,Render,Pinky_MCP,-17.955910,0.961057,20.875690,-0.337978,0.646376,-0.086609,0.678578
1.6538,4936,Render,Pinky_PIP,-17.950030,0.939227,20.843460,-0.505833,0.525513,-0.273611,0.626982
1.6538,4936,Render,Pinky_DIP,-17.944560,0.923180,20.836450,-0.622446,0.380253,-0.423498,0.537233
1.6538,4936,Render,Pinky_FingerTip,-17.937820,0.905393,20.838720,-0.622446,0.380253,-0.423498,0.537233
1.6675,4937,Real,Wrist,-17.923840,0.995071,20.968680,-0.165243,0.713811,0.003762,0.680555
1.6675,4937,Real,Thumb_CMC,-17.893740,0.989348,20.932620,0.260092,0.201561,-0.479443,0.813548
1.6675,4937,Real,Thumb_MCP,-17.873580,0.959697,20.907270,0.190252,0.268475,-0.695268,0.639006
1.6675,4937,Real,Thumb_IP,-17.879020,0.921139,20.877470,0.028096,0.327849,-0.923123,0.198921
1.6675,4937,Real,Thumb_FingerTip,-17.905220,0.911197,20.872270,0.028096,0.327849,-0.923123,0.198921
1.6675,4937,Real,Index_MCP,-17.893230,0.972406,20.860650,-0.256079,0.679373,-0.145163,0.672164
1.6675,4937,Real,Index_PIP,-17.891600,0.946974,20.821370,-0.474288,0.549705,-0.367669,0.581116
1.6675,4937,Real,Index_DIP,-17.888350,0.922348,20.813840,-0.621737,0.374923,-0.530176,0.437938
1.6675,4937,Real,Index_FingerTip,-17.884130,0.897315,20.822730,-0.621737,0.374923,-0.530176,0.437938
1.6675,4937,Real,Middle_MCP,-17.920340,0.968276,20.861460,-0.324973,0.656676,-0.152850,0.663179
1.6675,4937,Real,Middle_PIP,-17.915540,0.935032,20.820720,-0.569197,0.461352,-0.415464,0.539035
1.6675,4937,Real,Middle_DIP,-17.909190,0.908059,20.820040,-0.701247,0.212332,-0.588216,0.342303
1.6675,4937,Real,Middle_FingerTip,-17.903020,0.888235,20.839270,-0.701247,0.212332,-0.588216,0.342303
1.6675,4937,Real,Ring_MCP,-17.943320,0.962204,20.867700,-0.337415,0.654735,-0.128783,0.663995
1.6675,4937,Real,Ring_PIP,-17.938230,0.933684,20.831280,-0.573798,0.461825,-0.386818,0.554839
1.6675,4937,Real,Ring_DIP,-17.931010,0.908415,20.829470,-0.703193,0.219195,-0.563357,0.374304
1.6675,4937,Real,Ring_FingerTip,-17.924060,0.889580,20.845680,-0.703193,0.219195,-0.563357,0.374304
1.6675,4937,Real,Pinky_MCP,-17.962250,0.956738,20.878310,-0.348777,0.651624,-0.115913,0.663556
1.6675,4937,Real,Pinky_PIP,-17.957370,0.932786,20.847440,-0.582924,0.454376,-0.374875,0.559653
1.6675,4937,Real,Pinky_DIP,-17.951760,0.915370,20.846130,-0.708951,0.208918,-0.554011,0.383163
1.6675,4937,Real,Pinky_FingerTip,-17.946030,0.901561,20.858110,-0.708951,0.208918,-0.554011,0.383163
1.6675,4937,Virtual,Wrist,-17.923050,0.996440,20.968290,-0.168511,0.710590,0.008984,0.683071
1.6675,4937,Virtual,Thumb_CMC,-17.892660,0.991243,20.932400,0.261868,0.201596,-0.473010,0.816729
1.6675,4937,Virtual,Thumb_MCP,-17.871960,0.961952,20.907060,0.191942,0.269024,-0.690038,0.643920
1.6675,4937,Virtual,Thumb_IP,-17.876720,0.923444,20.877080,0.029274,0.329179,-0.921102,0.205807
1.6675,4937,Virtual,Thumb_FingerTip,-17.902760,0.913188,20.871680,0.029274,0.329179,-0.921102,0.205807
1.6675,4937,Virtual,Index_MCP,-17.891480,0.974590,20.860370,-0.258673,0.675884,-0.140342,0.675702
1.6675,4937,Virtual,Index_PIP,-17.889280,0.949334,20.821000,-0.475522,0.545536,-0.364361,0.586098
1.6675,4937,Virtual,Index_DIP,-17.885670,0.924782,20.813400,-0.621613,0.370578,-0.528581,0.443702
1.6675,4937,Virtual,Index_FingerTip,-17.881190,0.899770,20.822230,-0.621613,0.370578,-0.528581,0.443702
1.6675,4937,Virtual,Middle_MCP,-17.918530,0.970110,20.861000,-0.327413,0.652790,-0.148347,0.666828
1.6675,4937,Virtual,Middle_PIP,-17.913060,0.937090,20.820150,-0.569794,0.456802,-0.412893,0.544230
1.6675,4937,Virtual,Middle_DIP,-17.906360,0.910202,20.819410,-0.700082,0.207893,-0.587796,0.348084
1.6675,4937,Virtual,Middle_FingerTip,-17.900060,0.890385,20.838610,-0.700082,0.207893,-0.587796,0.348084
1.6675,4937,Virtual,Ring_MCP,-17.941480,0.963720,20.867060,-0.339915,0.650719,-0.124318,0.667508
1.6675,4937,Virtual,Ring_PIP,-17.935800,0.935410,20.830570,-0.574457,0.457140,-0.384160,0.559860
1.6675,4937,Virtual,Ring_DIP,-17.928240,0.910242,20.828710,-0.702088,0.214595,-0.562726,0.379950
1.6675,4937,Virtual,Ring_FingerTip,-17.921150,0.891435,20.844890,-0.702088,0.214595,-0.562726,0.379950
1.6675,4937,Virtual,Pinky_MCP,-17.960400,0.957971,20.877530,-0.351299,0.647512,-0.111493,0.666999
1.6675,4937,Virtual,Pinky_PIP,-17.955020,0.934203,20.846600,-0.583564,0.449595,-0.372229,0.564591
1.6675,4937,Virtual,Pinky_DIP,-17.949180,0.916866,20.845260,-0.707793,0.204235,-0.553361,0.388728
1.6675,4937,Virtual,Pinky_FingerTip,-17.943350,0.903085,20.857220,-0.707793,0.204235,-0.553361,0.388728
1.6675,4937,Render,Wrist,-17.923050,0.996440,20.968290,-0.168511,0.710590,0.008984,0.683071
1.6675,4937,Render,Thumb_CMC,-17.892660,0.991243,20.932400,0.197671,0.240813,-0.493764,0.811870
1.6675,4937,Render,Thumb_MCP,-17.875250,0.960218,20.906650,0.157125,0.269029,-0.615877,0.723624
1.6675,4937,Render,Thumb_IP,-17.870510,0.920661,20.878080,0.060454,0.305631,-0.818739,0.482287
1.6675,4937,Render,Thumb_FingerTip,-17.885550,0.899207,20.866850,0.060454,0.305631,-0.818739,0.482287
1.6675,4937,Render,Index_MCP,-17.891480,0.974590,20.860370,-0.269006,0.671838,-0.150687,0.673471
1.6675,4937,Render,Index_PIP,-17.889050,0.948159,20.821790,-0.437809,0.576242,-0.324174,0.609246
1.6675,4937,Render,Index_DIP,-17.885790,0.924810,20.810940,-0.563136,0.454542,-0.460721,0.513815
1.6675,4937,Render,Index_FingerTip,-17.881420,0.898302,20.812330,-0.563136,0.454542,-0.460721,0.513815
1.6675,4937,Render,Middle_MCP,-17.918530,0.970110,20.861000,-0.298467,0.666522,-0.118957,0.672693
1.6675,4937,Render,Middle_PIP,-17.914140,0.940649,20.817390,-0.464775,0.563309,-0.293353,0.616937
1.6675,4937,Render,Middle_DIP,-17.908780,0.916101,20.805680,-0.586202,0.435546,-0.432621,0.528683
1.6675,4937,Render,Middle_FingerTip,-17.901820,0.888705,20.807010,-0.586202,0.435546,-0.432621,0.528683
1.6675,4937,Render,Ring_MCP,-17.941480,0.963720,20.867060,-0.323153,0.659204,-0.107197,0.670471
1.6675,4937,Render,Ring_PIP,-17.936460,0.937204,20.829150,-0.495205,0.541987,-0.291095,0.613422
1.6675,4937,Render,Ring_DIP,-17.930060,0.913655,20.819230,-0.616337,0.398881,-0.436977,0.519686
1.6675,4937,Render,Ring_FingerTip,-17.922320,0.889251,20.822430,-0.616337,0.398881,-0.436977,0.519686
1.6675,4937,Render,Pinky_MCP,-17.960400,0.957971,20.877530,-0.334614,0.656289,-0.094389,0.669633
1.6675,4937,Render,Pinky_PIP,-17.955650,0.935701,20.845410,-0.505388,0.535972,-0.278567,0.616213
1.6675,4937,Render,Pinky_DIP,-17.950690,0.919465,20.838460,-0.624664,0.390483,-0.425564,0.525560
1.6675,4937,Render,Pinky_FingerTip,-17.944310,0.901549,20.840780,-0.624664,0.390483,-0.425564,0.525560
1.6800,4938,Real,Wrist,-17.923840,0.995071,20.968680,-0.165243,0.713811,0.003762,0.680555
1.6800,4938,Real,Thumb_CMC,-17.893740,0.989348,20.932620,0.260092,0.201561,-0.479443,0.813548
1.6800,4938,Real,Thumb_MCP,-17.873580,0.959697,20.907270,0.190252,0.268475,-0.695268,0.639006
1.6800,4938,Real,Thumb_IP,-17.879020,0.921139,20.877470,0.028096,0.327849,-0.923123,0.198921
1.6800,4938,Real,Thumb_FingerTip,-17.905220,0.911197,20.872270,0.028096,0.327849,-0.923123,0.198921
1.6800,4938,Real,Index_MCP,-17.893230,0.972406,20.860650,-0.256079,0.679373,-0.145163,0.672164
1.6800,4938,Real,Index_PIP,-17.891600,0.946974,20.821370,-0.474288,0.549705,-0.367669,0.581116
1.6800,4938,Real,Index_DIP,-17.888350,0.922348,20.813840,-0.621737,0.374923,-0.530176,0.437938
1.6800,4938,Real,Index_FingerTip,-17.884130,0.897315,20.822730,-0.621737,0.374923,-0.530176,0.437938
1.6800,4938,Real,Middle_MCP,-17.920340,0.968276,20.861460,-0.324973,0.656676,-0.152850,0.663179
1.6800,4938,Real,Middle_PIP,-17.915540,0.935032,20.820720,-0.569197,0.461352,-0.415464,0.539035
1.6800,4938,Real,Middle_DIP,-17.909190,0.908059,20.820040,-0.701247,0.212332,-0.588216,0.342303
1.6800,4938,Real,Middle_FingerTip,-17.903020,0.888235,20.839270,-0.701247,0.212332,-0.588216,0.342303
1.6800,4938,Real,Ring_MCP,-17.943320,0.962204,20.867700,-0.337415,0.654735,-0.128783,0.663995
1.6800,4938,Real,Ring_PIP,-17.938230,0.933684,20.831280,-0.573798,0.461825,-0.386818,0.554839
1.6800,4938,Real,Ring_DIP,-17.931010,0.908415,20.829470,-0.703193,0.219195,-0.563357,0.374304
1.6800,4938,Real,Ring_FingerTip,-17.924060,0.889580,20.845680,-0.703193,0.219195,-0.563357,0.374304
1.6800,4938,Real,Pinky_MCP,-17.962250,0.956738,20.878310,-0.348777,0.651624,-0.115913,0.663556
1.6800,4938,Real,Pinky_PIP,-17.957370,0.932786,20.847440,-0.582924,0.454376,-0.374875,0.559653
1.6800,4938,Real,Pinky_DIP,-17.951760,0.915370,20.846130,-0.708951,0.208918,-0.554011,0.383163
1.6800,4938,Real,Pinky_FingerTip,-17.946030,0.901561,20.858110,-0.708951,0.208918,-0.554011,0.383163
1.6800,4938,Virtual,Wrist,-17.923840,0.995071,20.968690,-0.165243,0.713811,0.003762,0.680555
1.6800,4938,Virtual,Thumb_CMC,-17.893740,0.989347,20.932630,0.260092,0.201561,-0.479443,0.813548
1.6800,4938,Virtual,Thumb_MCP,-17.873580,0.959696,20.907270,0.190252,0.268475,-0.695268,0.639006
1.6800,4938,Virtual,Thumb_IP,-17.879030,0.921139,20.877480,0.028096,0.327849,-0.923123,0.198921
1.6800,4938,Virtual,Thumb_FingerTip,-17.905220,0.911197,20.872280,0.028096,0.327849,-0.923123,0.198921
1.6800,4938,Virtual,Index_MCP,-17.893230,0.972406,20.860660,-0.256079,0.679373,-0.145163,0.672163
1.6800,4938,Virtual,Index_PIP,-17.891600,0.946973,20.821370,-0.474288,0.549705,-0.367668,0.581116
1.6800,4938,Virtual,Index_DIP,-17.888360,0.922348,20.813840,-0.621737,0.374923,-0.530176,0.437938
1.6800,4938,Virtual,Index_FingerTip,-17.884140,0.897315,20.822740,-0.621737,0.374923,-0.530176,0.437938
1.6800,4938,Virtual,Middle_MCP,-17.920340,0.968275,20.861470,-0.324973,0.656677,-0.152850,0.663178
1.6800,4938,Virtual,Middle_PIP,-17.915540,0.935032,20.820720,-0.569197,0.461352,-0.415464,0.539035
1.6800,4938,Virtual,Middle_DIP,-17.909190,0.908058,20.820050,-0.701247,0.212331,-0.588216,0.342303
1.6800,4938,Virtual,Middle_FingerTip,-17.903030,0.888235,20.839280,-0.701247,0.212331,-0.588216,0.342303
1.6800,4938,Virtual,Ring_MCP,-17.943330,0.962204,20.867700,-0.337414,0.654735,-0.128783,0.663995
1.6800,4938,Virtual,Ring_PIP,-17.938230,0.933684,20.831290,-0.573798,0.461825,-0.386818,0.554838
1.6800,4938,Virtual,Ring_DIP,-17.931010,0.908414,20.829480,-0.703193,0.219195,-0.563357,0.374304
1.6800,4938,Virtual,Ring_FingerTip,-17.924060,0.889580,20.845690,-0.703193,0.219195,-0.563357,0.374304
1.6800,4938,Virtual,Pinky_MCP,-17.962250,0.956738,20.878310,-0.348777,0.651624,-0.115913,0.663556
1.6800,4938,Virtual,Pinky_PIP,-17.957370,0.932785,20.847440,-0.582924,0.454376,-0.374875,0.559652
1.6800,4938,Virtual,Pinky_DIP,-17.951760,0.915369,20.846130,-0.708952,0.208918,-0.554011,0.383163
1.6800,4938,Virtual,Pinky_FingerTip,-17.946030,0.901560,20.858120,-0.708952,0.208918,-0.554011,0.383163
1.6800,4938,Render,Wrist,-17.923840,0.995071,20.968690,-0.165243,0.713811,0.003762,0.680555
1.6800,4938,Render,Thumb_CMC,-17.893740,0.989347,20.932630,0.196092,0.241134,-0.500040,0.808309
1.6800,4938,Render,Thumb_MCP,-17.876900,0.958003,20.906900,0.155515,0.269096,-0.621511,0.719115
1.6800,4938,Render,Thumb_IP,-17.872850,0.918280,20.878440,0.058910,0.305167,-0.822588,0.476184
1.6800,4938,Render,Thumb_FingerTip,-17.888220,0.896978,20.867400,0.058910,0.305167,-0.822588,0.476184
1.6800,4938,Render,Index_MCP,-17.893230,0.972406,20.860660,-0.266466,0.675367,-0.155452,0.669859
1.6800,4938,Render,Index_PIP,-17.891390,0.945798,20.822170,-0.436297,0.580318,-0.327809,0.604498
1.6800,4938,Render,Index_DIP,-17.888490,0.922368,20.811390,-0.562646,0.458862,-0.463112,0.508334
1.6800,4938,Render,Index_FingerTip,-17.884460,0.895812,20.812850,-0.562646,0.458862,-0.463112,0.508334
1.6800,4938,Render,Middle_MCP,-17.920340,0.968275,20.861470,-0.295859,0.670298,-0.123616,0.669244
1.6800,4938,Render,Middle_PIP,-17.916600,0.938594,20.817960,-0.463264,0.567642,-0.296928,0.612374
1.6800,4938,Render,Middle_DIP,-17.911630,0.913935,20.806310,-0.585773,0.440115,-0.434999,0.523397
1.6800,4938,Render,Middle_FingerTip,-17.905000,0.886457,20.807700,-0.585773,0.440115,-0.434999,0.523397
1.6800,4938,Render,Ring_MCP,-17.943330,0.962204,20.867700,-0.320550,0.663155,-0.111750,0.667073
1.6800,4938,Render,Ring_PIP,-17.938880,0.935481,20.829870,-0.493816,0.546509,-0.294511,0.608882
1.6800,4938,Render,Ring_DIP,-17.932850,0.911814,20.820000,-0.616139,0.403608,-0.439132,0.514429
1.6800,4938,Render,Ring_FingerTip,-17.925400,0.887325,20.823240,-0.616139,0.403608,-0.439132,0.514429
1.6800,4938,Render,Pinky_MCP,-17.962250,0.956738,20.878310,-0.331988,0.660335,-0.098895,0.666304
1.6800,4938,Render,Pinky_PIP,-17.957990,0.934287,20.846250,-0.504003,0.540592,-0.281958,0.611753
1.6800,4938,Render,Pinky_DIP,-17.953280,0.917961,20.839330,-0.624495,0.395304,-0.427715,0.520386
1.6800,4938,Render,Pinky_FingerTip,-17.947120,0.899974,20.841680,-0.624495,0.395304,-0.427715,0.520386
1.6918,4939,Real,Wrist,-17.925540,0.992711,20.968860,-0.156855,0.720232,-0.006106,0.675740
1.6918,4939,Real,Thumb_CMC,-17.896060,0.986012,20.932460,0.259362,0.201260,-0.488642,0.808366
1.6918,4939,Real,Thumb_MCP,-17.876670,0.955907,20.907040,0.189824,0.267845,-0.702132,0.631852
1.6918,4939,Real,Thumb_IP,-17.883020,0.917388,20.877370,0.028447,0.327055,-0.925186,0.190412
1.6918,4939,Real,Thumb_FingerTip,-17.909400,0.907877,20.872330,0.028447,0.327055,-0.925186,0.190412
1.6918,4939,Real,Index_MCP,-17.896910,0.968765,20.860570,-0.245446,0.687974,-0.150760,0.666123
1.6918,4939,Real,Index_PIP,-17.896540,0.943545,20.821120,-0.466065,0.562437,-0.369618,0.574309
1.6918,4939,Real,Index_DIP,-17.894090,0.918917,20.813290,-0.617132,0.390769,-0.529082,0.431880
1.6918,4939,Real,Index_FingerTip,-17.890470,0.893649,20.821770,-0.617132,0.390769,-0.529082,0.431880
1.6918,4939,Real,Middle_MCP,-17.924110,0.965386,20.861730,-0.313037,0.667342,-0.156170,0.657475
1.6918,4939,Real,Middle_PIP,-17.920910,0.932479,20.820560,-0.558753,0.480764,-0.411587,0.535965
1.6918,4939,Real,Middle_DIP,-17.915400,0.905357,20.819020,-0.697101,0.239559,-0.580857,0.345352
1.6918,4939,Real,Middle_FingerTip,-17.909440,0.884552,20.837260,-0.697101,0.239559,-0.580857,0.345352
1.6918,4939,Real,Ring_MCP,-17.947170,0.959975,20.868280,-0.324626,0.666088,-0.131293,0.658564
1.6918,4939,Real,Ring_PIP,-17.943540,0.931803,20.831420,-0.561396,0.483622,-0.380821,0.553100
1.6918,4939,Real,Ring_DIP,-17.937160,0.906400,20.828590,-0.697187,0.250970,-0.553383,0.380410
1.6918,4939,Real,Ring_FingerTip,-17.930400,0.886509,20.843570,-0.697187,0.250970,-0.553383,0.380410
1.6918,4939,Real,Pinky_MCP,-17.966110,0.955076,20.879140,-0.335975,0.663261,-0.118344,0.658180
1.6918,4939,Real,Pinky_PIP,-17.962480,0.931395,20.847890,-0.570704,0.476541,-0.368774,0.557863
1.6918,4939,Real,Pinky_DIP,-17.957450,0.913868,20.845860,-0.703349,0.241029,-0.543835,0.389165
1.6918,4939,Real,Pinky_FingerTip,-17.951860,0.899263,20.856930,-0.703349,0.241029,-0.543835,0.389165
1.6918,4939,Virtual,Wrist,-17.923840,0.995071,20.968690,-0.165243,0.713811,0.003762,0.680555
1.6918,4939,Virtual,Thumb_CMC,-17.893740,0.989347,20.932630,0.261341,0.200837,-0.475429,0.815680
1.6918,4939,Virtual,Thumb_MCP,-17.873220,0.959900,20.907320,0.191841,0.268014,-0.691609,0.642684
1.6918,4939,Virtual,Thumb_IP,-17.878140,0.921355,20.877420,0.030101,0.328220,-0.921580,0.205077
1.6918,4939,Virtual,Thumb_FingerTip,-17.904190,0.911145,20.872010,0.030101,0.328220,-0.921580,0.205077
1.6918,4939,Virtual,Index_MCP,-17.893230,0.972406,20.860660,-0.252503,0.680710,-0.141626,0.672918
1.6918,4939,Virtual,Index_PIP,-17.891680,0.947382,20.821110,-0.470210,0.553197,-0.363361,0.583819
1.6918,4939,Virtual,Index_DIP,-17.888460,0.922866,20.813210,-0.618217,0.380700,-0.526072,0.442859
1.6918,4939,Virtual,Index_FingerTip,-17.884250,0.897669,20.821640,-0.618217,0.380700,-0.526072,0.442859
1.6918,4939,Virtual,Middle_MCP,-17.920340,0.968275,20.861470,-0.319787,0.659217,-0.147618,0.664363
1.6918,4939,Virtual,Middle_PIP,-17.915730,0.935654,20.820200,-0.561586,0.470588,-0.406604,0.545749
1.6918,4939,Virtual,Middle_DIP,-17.909450,0.908700,20.818630,-0.695963,0.229057,-0.579853,0.356286
1.6918,4939,Virtual,Middle_FingerTip,-17.903160,0.887985,20.836850,-0.695963,0.229057,-0.579853,0.356286
1.6918,4939,Virtual,Ring_MCP,-17.943330,0.962204,20.867700,-0.331510,0.657744,-0.122804,0.665127
1.6918,4939,Virtual,Ring_PIP,-17.938460,0.934307,20.830780,-0.564423,0.473237,-0.375616,0.562483
1.6918,4939,Virtual,Ring_DIP,-17.931350,0.909102,20.827920,-0.696301,0.240189,-0.551876,0.391033
1.6918,4939,Virtual,Ring_FingerTip,-17.924240,0.889337,20.842910,-0.696301,0.240189,-0.551876,0.391033
1.6918,4939,Virtual,Pinky_MCP,-17.962250,0.956738,20.878310,-0.342900,0.654735,-0.109939,0.664572
1.6918,4939,Virtual,Pinky_PIP,-17.957590,0.933306,20.847020,-0.573697,0.465973,-0.363578,0.567056
1.6918,4939,Virtual,Pinky_DIP,-17.952060,0.915933,20.844970,-0.702366,0.230089,-0.542269,0.399608
1.6918,4939,Virtual,Pinky_FingerTip,-17.946200,0.901438,20.856040,-0.702366,0.230089,-0.542269,0.399608
1.6918,4939,Render,Wrist,-17.923840,0.995071,20.968690,-0.165243,0.713811,0.003762,0.680555
1.6918,4939,Render,Thumb_CMC,-17.893740,0.989347,20.932630,0.196092,0.241134,-0.500040,0.808309
1.6918,4939,Render,Thumb_MCP,-17.876900,0.958003,20.906900,0.155515,0.269096,-0.621511,0.719115
1.6918,4939,Render,Thumb_IP,-17.872850,0.918280,20.878440,0.058910,0.305167,-0.822588,0.476184
1.6918,4939,Render,Thumb_FingerTip,-17.888220,0.896978,20.867400,0.058910,0.305167,-0.822588,0.476184
1.6918,4939,Render,Index_MCP,-17.893230,0.972406,20.860660,-0.266466,0.675367,-0.155452,0.669859
1.6918,4939,Render,Index_PIP,-17.891390,0.945798,20.822170,-0.436297,0.580318,-0.327809,0.604498
1.6918,4939,Render,Index_DIP,-17.888490,0.922368,20.811390,-0.562646,0.458862,-0.463112,0.508334
1.6918,4939,Render,Index_FingerTip,-17.884460,0.895812,20.812850,-0.562646,0.458862,-0.463112,0.508334
1.6918,4939,Render,Middle_MCP,-17.920340,0.968275,20.861470,-0.295859,0.670298,-0.123616,0.669244
1.6918,4939,Render,Middle_PIP,-17.916600,0.938594,20.817960,-0.463264,0.567642,-0.296928,0.612374
1.6918,4939,Render,Middle_DIP,-17.911630,0.913935,20.806310,-0.585773,0.440115,-0.434999,0.523397
1.6918,4939,Render,Middle_FingerTip,-17.905000,0.886457,20.807700,-0.585773,0.440115,-0.434999,0.523397
1.6918,4939,Render,Ring_MCP,-17.943330,0.962204,20.867700,-0.320550,0.663155,-0.111750,0.667073
1.6918,4939,Render,Ring_PIP,-17.938880,0.935481,20.829870,-0.493816,0.546509,-0.294511,0.608882
1.6918,4939,Render,Ring_DIP,-17.932850,0.911814,20.820000,-0.616139,0.403608,-0.439132,0.514429
1.6918,4939,Render,Ring_FingerTip,-17.925400,0.887325,20.823240,-0.616139,0.403608,-0.439132,0.514429
1.6918,4939,Render,Pinky_MCP,-17.962250,0.956738,20.878310,-0.331988,0.660335,-0.098895,0.666304
1.6918,4939,Render,Pinky_PIP,-17.957990,0.934287,20.846250,-0.504003,0.540592,-0.281958,0.611753
1.6918,4939,Render,Pinky_DIP,-17.953280,0.917961,20.839330,-0.624495,0.395304,-0.427715,0.520386
1.6918,4939,Render,Pinky_FingerTip,-17.947120,0.899974,20.841680,-0.624495,0.395304,-0.427715,0.520386
1.7044,4940,Real,Wrist,-17.925930,0.992036,20.968620,-0.153442,0.722704,-0.008620,0.673855
1.7044,4940,Real,Thumb_CMC,-17.896700,0.985085,20.932060,0.262631,0.200285,-0.481978,0.811547
1.7044,4940,Real,Thumb_MCP,-17.876720,0.955353,20.906670,0.193637,0.267570,-0.695722,0.637874
1.7044,4940,Real,Thumb_IP,-17.882170,0.916916,20.876720,0.032763,0.328657,-0.922157,0.201339
1.7044,4940,Real,Thumb_FingerTip,-17.908300,0.906947,20.871220,0.032763,0.328657,-0.922157,0.201339
1.7044,4940,Real,Index_MCP,-17.898090,0.967879,20.860170,-0.232391,0.694342,-0.143244,0.665857
1.7044,4940,Real,Index_PIP,-17.898330,0.943833,20.819980,-0.452706,0.575476,-0.359175,0.578686
1.7044,4940,Real,Index_DIP,-17.896270,0.919519,20.811140,-0.606363,0.410414,-0.518245,0.441935
1.7044,4940,Real,Index_FingerTip,-17.892890,0.893808,20.818290,-0.606363,0.410414,-0.518245,0.441935
1.7044,4940,Real,Middle_MCP,-17.925310,0.964747,20.861470,-0.293245,0.678124,-0.141626,0.658861
1.7044,4940,Real,Middle_PIP,-17.923190,0.933890,20.818670,-0.528145,0.516631,-0.380519,0.556202
1.7044,4940,Real,Middle_DIP,-17.918300,0.907030,20.813880,-0.673106,0.304587,-0.547950,0.392310
1.7044,4940,Real,Middle_FingerTip,-17.912240,0.883259,20.828000,-0.673106,0.304587,-0.547950,0.392310
1.7044,4940,Real,Ring_MCP,-17.948390,0.959543,20.868130,-0.305359,0.676961,-0.117245,0.659344
1.7044,4940,Real,Ring_PIP,-17.945790,0.933109,20.829920,-0.530809,0.519386,-0.349185,0.571446
1.7044,4940,Real,Ring_DIP,-17.940090,0.908070,20.824050,-0.672146,0.315815,-0.517765,0.424735
1.7044,4940,Real,Ring_FingerTip,-17.933260,0.885769,20.835090,-0.672146,0.315815,-0.517765,0.424735
1.7044,4940,Real,Pinky_MCP,-17.967320,0.954812,20.879090,-0.316751,0.674458,-0.104277,0.658712
1.7044,4940,Real,Pinky_PIP,-17.964620,0.932581,20.846710,-0.540509,0.512909,-0.336877,0.575577
1.7044,4940,Real,Pinky_DIP,-17.960090,0.915295,20.842560,-0.679175,0.306507,-0.507501,0.432686
1.7044,4940,Real,Pinky_FingerTip,-17.954400,0.898904,20.850690,-0.679175,0.306507,-0.507501,0.432686
1.7044,4940,Virtual,Wrist,-17.925540,0.992712,20.968870,-0.156855,0.720233,-0.006107,0.675740
1.7044,4940,Virtual,Thumb_CMC,-17.896050,0.986013,20.932460,0.262799,0.199255,-0.477631,0.814311
1.7044,4940,Virtual,Thumb_MCP,-17.875670,0.956455,20.907190,0.194095,0.266633,-0.692358,0.641775
1.7044,4940,Virtual,Thumb_IP,-17.880620,0.917957,20.877230,0.033631,0.328078,-0.921212,0.206403
1.7044,4940,Virtual,Thumb_FingerTip,-17.906620,0.907748,20.871610,0.033631,0.328078,-0.921212,0.206403
1.7044,4940,Virtual,Index_MCP,-17.896910,0.968766,20.860570,-0.235320,0.691503,-0.140966,0.668264
1.7044,4940,Virtual,Index_PIP,-17.896730,0.944703,20.820400,-0.454508,0.571817,-0.357840,0.581721
1.7044,4940,Virtual,Index_DIP,-17.894390,0.920405,20.811580,-0.606966,0.406380,-0.517897,0.445232
1.7044,4940,Virtual,Index_FingerTip,-17.890810,0.894729,20.818760,-0.606966,0.406380,-0.517897,0.445232
1.7044,4940,Virtual,Middle_MCP,-17.924110,0.965387,20.861740,-0.296102,0.675027,-0.139534,0.661205
1.7044,4940,Virtual,Middle_PIP,-17.921480,0.934533,20.818970,-0.529617,0.512683,-0.379470,0.559164
1.7044,4940,Virtual,Middle_DIP,-17.916320,0.907717,20.814210,-0.673138,0.300373,-0.547979,0.395451
1.7044,4940,Virtual,Middle_FingerTip,-17.910120,0.884008,20.828370,-0.673138,0.300373,-0.547979,0.395451
1.7044,4940,Virtual,Ring_MCP,-17.947170,0.959976,20.868280,-0.308274,0.673813,-0.115183,0.661572
1.7044,4940,Virtual,Ring_PIP,-17.944130,0.933551,20.830100,-0.532378,0.515393,-0.348076,0.574271
1.7044,4940,Virtual,Ring_DIP,-17.938170,0.908563,20.824270,-0.672315,0.311528,-0.517647,0.427769
1.7044,4940,Virtual,Ring_FingerTip,-17.931200,0.886329,20.835350,-0.672315,0.311528,-0.517647,0.427769
1.7044,4940,Virtual,Pinky_MCP,-17.966110,0.955077,20.879140,-0.319689,0.671263,-0.102247,0.660872
1.7044,4940,Virtual,Pinky_PIP,-17.963040,0.932858,20.846780,-0.542082,0.508864,-0.335772,0.578328
1.7044,4940,Virtual,Pinky_DIP,-17.958330,0.915612,20.842670,-0.679330,0.302169,-0.507363,0.435647
1.7044,4940,Virtual,Pinky_FingerTip,-17.952540,0.899278,20.850830,-0.679330,0.302169,-0.507363,0.435647
1.7044,4940,Render,Wrist,-17.925540,0.992712,20.968870,-0.156855,0.720233,-0.006107,0.675740
1.7044,4940,Render,Thumb_CMC,-17.896050,0.986013,20.932460,0.194538,0.242350,-0.512830,0.800267
1.7044,4940,Render,Thumb_MCP,-17.880400,0.954112,20.906670,0.153788,0.270051,-0.632870,0.709153
1.7044,4940,Render,Thumb_IP,-17.877800,0.914174,20.878350,0.056966,0.305505,-0.830062,0.463054
1.7044,4940,Render,Thumb_FingerTip,-17.893890,0.893258,20.867590,0.056966,0.305505,-0.830062,0.463054
1.7044,4940,Render,Index_MCP,-17.896910,0.968766,20.860570,-0.259560,0.682774,-0.164444,0.662877
1.7044,4940,Render,Index_PIP,-17.896270,0.941959,20.822180,-0.431607,0.589294,-0.334624,0.595378
1.7044,4940,Render,Index_DIP,-17.894160,0.918413,20.811470,-0.560243,0.468700,-0.467543,0.497847
1.7044,4940,Render,Index_FingerTip,-17.890840,0.891763,20.813010,-0.560243,0.468700,-0.467543,0.497847
1.7044,4940,Render,Middle_MCP,-17.924110,0.965387,20.861740,-0.288820,0.678175,-0.132410,0.662669
1.7044,4940,Render,Middle_PIP,-17.921730,0.935434,20.818320,-0.458571,0.577106,-0.303660,0.603699
1.7044,4940,Render,Middle_DIP,-17.917580,0.910599,20.806720,-0.583484,0.450428,-0.439456,0.513362
1.7044,4940,Render,Middle_FingerTip,-17.911700,0.882955,20.808150,-0.583484,0.450428,-0.439456,0.513362
1.7044,4940,Render,Ring_MCP,-17.947170,0.959976,20.868280,-0.313528,0.671384,-0.120347,0.660652
1.7044,4940,Render,Ring_PIP,-17.943940,0.932985,20.830510,-0.489387,0.556379,-0.300960,0.600306
1.7044,4940,Render,Ring_DIP,-17.938680,0.909120,20.820680,-0.614354,0.414278,-0.443198,0.504499
1.7044,4940,Render,Ring_FingerTip,-17.931870,0.884449,20.823940,-0.614354,0.414278,-0.443198,0.504499
1.7044,4940,Render,Pinky_MCP,-17.966110,0.955077,20.879140,-0.324922,0.668745,-0.107406,0.660053
1.7044,4940,Render,Pinky_PIP,-17.962860,0.932384,20.847140,-0.499582,0.550647,-0.288372,0.603364
1.7044,4940,Render,Pinky_DIP,-17.958690,0.915907,20.840230,-0.622765,0.406151,-0.431795,0.510646
1.7044,4940,Render,Pinky_FingerTip,-17.953000,0.897767,20.842590,-0.622765,0.406151,-0.431795,0.510646
1.7172,4941,Real,Wrist,-17.925850,0.991709,20.967980,-0.150969,0.723953,-0.008207,0.673077
1.7172,4941,Real,Thumb_CMC,-17.896750,0.984794,20.931300,0.263781,0.201905,-0.483370,0.809943
1.7172,4941,Real,Thumb_MCP,-17.876940,0.955089,20.905750,0.194271,0.269453,-0.696591,0.635937
1.7172,4941,Real,Thumb_IP,-17.882610,0.916782,20.875670,0.032364,0.330604,-0.921934,0.199228
1.7172,4941,Real,Thumb_FingerTip,-17.908790,0.906923,20.870220,0.032364,0.330604,-0.921934,0.199228
1.7172,4941,Real,Index_MCP,-17.898410,0.967861,20.859360,-0.230176,0.695965,-0.142755,0.665037
1.7172,4941,Real,Index_PIP,-17.898850,0.943966,20.819090,-0.451167,0.577751,-0.358437,0.578079
1.7172,4941,Real,Index_DIP,-17.896890,0.919678,20.810150,-0.605589,0.413049,-0.517358,0.441581
1.7172,4941,Real,Index_FingerTip,-17.893570,0.893929,20.817190,-0.605589,0.413049,-0.517358,0.441581
1.7172,4941,Real,Middle_MCP,-17.925630,0.964816,20.860730,-0.291068,0.679838,-0.141067,0.658180
1.7172,4941,Real,Middle_PIP,-17.923740,0.934112,20.817810,-0.526779,0.519042,-0.379743,0.555784
1.7172,4941,Real,Middle_DIP,-17.918950,0.907253,20.812910,-0.672648,0.307320,-0.547078,0.392182
1.7172,4941,Real,Middle_FingerTip,-17.912930,0.883410,20.826920,-0.672648,0.307320,-0.547078,0.392182
1.7172,4941,Real,Ring_MCP,-17.948710,0.959667,20.867440,-0.303147,0.678651,-0.116671,0.658729
1.7172,4941,Real,Ring_PIP,-17.946310,0.933366,20.829120,-0.529364,0.521765,-0.348427,0.571082
1.7172,4941,Real,Ring_DIP,-17.940710,0.908330,20.823140,-0.671565,0.318537,-0.516929,0.424641
1.7172,4941,Real,Ring_FingerTip,-17.933930,0.885965,20.834070,-0.671565,0.318537,-0.516929,0.424641
1.7172,4941,Real,Pinky_MCP,-17.967620,0.954959,20.878440,-0.314526,0.676143,-0.103690,0.658144
1.7172,4941,Real,Pinky_PIP,-17.965090,0.932840,20.845960,-0.539049,0.515288,-0.336124,0.575261
1.7172,4941,Real,Pinky_DIP,-17.960630,0.915554,20.841740,-0.678580,0.309233,-0.506686,0.432636
1.7172,4941,Real,Pinky_FingerTip,-17.954980,0.899114,20.849780,-0.678580,0.309233,-0.506686,0.432636
1.7172,4941,Virtual,Wrist,-17.925940,0.992036,20.968630,-0.153442,0.722704,-0.008620,0.673855
1.7172,4941,Virtual,Thumb_CMC,-17.896710,0.985084,20.932060,0.262631,0.200285,-0.481978,0.811547
1.7172,4941,Virtual,Thumb_MCP,-17.876720,0.955353,20.906670,0.193637,0.267570,-0.695722,0.637874
1.7172,4941,Virtual,Thumb_IP,-17.882180,0.916916,20.876730,0.032763,0.328657,-0.922157,0.201339
1.7172,4941,Virtual,Thumb_FingerTip,-17.908300,0.906947,20.871230,0.032763,0.328657,-0.922157,0.201339
1.7172,4941,Virtual,Index_MCP,-17.898090,0.967879,20.860180,-0.232391,0.694342,-0.143244,0.665857
1.7172,4941,Virtual,Index_PIP,-17.898340,0.943833,20.819990,-0.452706,0.575476,-0.359175,0.578686
1.7172,4941,Virtual,Index_DIP,-17.896270,0.919519,20.811150,-0.606363,0.410414,-0.518245,0.441935
1.7172,4941,Virtual,Index_FingerTip,-17.892880,0.893808,20.818290,-0.606363,0.410414,-0.518245,0.441935
1.7172,4941,Virtual,Middle_MCP,-17.925320,0.964747,20.861480,-0.293245,0.678124,-0.141626,0.658861
1.7172,4941,Virtual,Middle_PIP,-17.923190,0.933890,20.818680,-0.528145,0.516631,-0.380519,0.556202
1.7172,4941,Virtual,Middle_DIP,-17.918300,0.907030,20.813890,-0.673106,0.304587,-0.547950,0.392310
1.7172,4941,Virtual,Middle_FingerTip,-17.912240,0.883259,20.828000,-0.673106,0.304587,-0.547950,0.392310
1.7172,4941,Virtual,Ring_MCP,-17.948400,0.959543,20.868140,-0.305359,0.676961,-0.117245,0.659344
1.7172,4941,Virtual,Ring_PIP,-17.945800,0.933109,20.829930,-0.530809,0.519386,-0.349185,0.571446
1.7172,4941,Virtual,Ring_DIP,-17.940090,0.908070,20.824060,-0.672146,0.315815,-0.517765,0.424735
1.7172,4941,Virtual,Ring_FingerTip,-17.933270,0.885769,20.835100,-0.672146,0.315815,-0.517765,0.424735
1.7172,4941,Virtual,Pinky_MCP,-17.967320,0.954812,20.879100,-0.316751,0.674458,-0.104277,0.658712
1.7172,4941,Virtual,Pinky_PIP,-17.964620,0.932581,20.846720,-0.540509,0.512909,-0.336877,0.575577
1.7172,4941,Virtual,Pinky_DIP,-17.960090,0.915295,20.842570,-0.679175,0.306507,-0.507501,0.432687
1.7172,4941,Virtual,Pinky_FingerTip,-17.954400,0.898904,20.850690,-0.679175,0.306507,-0.507501,0.432687
1.7172,4941,Render,Wrist,-17.925940,0.992036,20.968630,-0.153442,0.722704,-0.008620,0.673855
1.7172,4941,Render,Thumb_CMC,-17.896710,0.985084,20.932060,0.194472,0.243661,-0.516925,0.797245
1.7172,4941,Render,Thumb_MCP,-17.881480,0.953053,20.906170,0.153516,0.271336,-0.636435,0.705522
1.7172,4941,Render,Thumb_IP,-17.879390,0.913107,20.877820,0.056288,0.306630,-0.832243,0.458455
1.7172,4941,Render,Thumb_FingerTip,-17.895730,0.892343,20.867140,0.056288,0.306630,-0.832243,0.458455
1.7172,4941,Render,Index_MCP,-17.898090,0.967879,20.860180,-0.256733,0.685715,-0.166637,0.660391
1.7172,4941,Render,Index_PIP,-17.897910,0.941084,20.821770,-0.429663,0.592880,-0.336077,0.592399
1.7172,4941,Render,Index_DIP,-17.896060,0.917525,20.811030,-0.559214,0.472647,-0.468240,0.494606
1.7172,4941,Render,Index_FingerTip,-17.892970,0.890845,20.812550,-0.559214,0.472647,-0.468240,0.494606
1.7172,4941,Render,Middle_MCP,-17.925320,0.964747,20.861480,-0.285930,0.681241,-0.134527,0.660347
1.7172,4941,Render,Middle_PIP,-17.923430,0.934793,20.818030,-0.456598,0.580830,-0.305084,0.600899
1.7172,4941,Render,Middle_DIP,-17.919580,0.909927,20.806410,-0.582461,0.454515,-0.440168,0.510302
1.7172,4941,Render,Middle_FingerTip,-17.913940,0.882230,20.807790,-0.582461,0.454515,-0.440168,0.510302
1.7172,4941,Render,Ring_MCP,-17.948400,0.959543,20.868140,-0.310637,0.674555,-0.122391,0.658408
1.7172,4941,Render,Ring_PIP,-17.945610,0.932541,20.830350,-0.487502,0.560233,-0.302293,0.597578
1.7172,4941,Render,Ring_DIP,-17.940610,0.908633,20.820470,-0.613507,0.418484,-0.443796,0.501523
1.7172,4941,Render,Ring_FingerTip,-17.934010,0.883900,20.823690,-0.613507,0.418484,-0.443796,0.501523
1.7172,4941,Render,Pinky_MCP,-17.967320,0.954812,20.879100,-0.322010,0.671964,-0.109419,0.657877
1.7172,4941,Render,Pinky_PIP,-17.964440,0.932105,20.847070,-0.497690,0.554554,-0.289693,0.600711
1.7172,4941,Render,Pinky_DIP,-17.960460,0.915594,20.840130,-0.621924,0.410409,-0.432401,0.507745
1.7172,4941,Render,Pinky_FingerTip,-17.954920,0.897401,20.842450,-0.621924,0.410409,-0.432401,0.507745
1.7306,4942,Real,Wrist,-17.925470,0.991567,20.967520,-0.150597,0.724796,-0.006810,0.672269
1.7306,4942,Real,Thumb_CMC,-17.896470,0.984768,20.930750,0.265727,0.201901,-0.477132,0.813001
1.7306,4942,Real,Thumb_MCP,-17.876130,0.955413,20.905200,0.196339,0.269863,-0.691016,0.641189
1.7306,4942,Real,Thumb_IP,-17.881060,0.917161,20.874930,0.034398,0.331951,-0.919475,0.207825
1.7306,4942,Real,Thumb_FingerTip,-17.907030,0.906920,20.869200,0.034398,0.331951,-0.919475,0.207825
1.7306,4942,Real,Index_MCP,-17.898300,0.967998,20.858770,-0.222639,0.699288,-0.134291,0.665879
1.7306,4942,Real,Index_PIP,-17.898950,0.945041,20.817960,-0.441233,0.586417,-0.346809,0.584083
1.7306,4942,Real,Index_DIP,-17.897090,0.921094,20.808120,-0.596169,0.427964,-0.505353,0.453924
1.7306,4942,Real,Index_FingerTip,-17.893790,0.895025,20.813880,-0.596169,0.427964,-0.505353,0.453924
1.7306,4942,Real,Middle_MCP,-17.925510,0.964921,20.860210,-0.275299,0.687182,-0.124531,0.660670
1.7306,4942,Real,Middle_PIP,-17.924220,0.936252,20.815890,-0.492600,0.552588,-0.341803,0.578933
1.7306,4942,Real,Middle_DIP,-17.919900,0.910191,20.807480,-0.638563,0.374493,-0.503156,0.445899
1.7306,4942,Real,Middle_FingerTip,-17.913870,0.883958,20.816220,-0.638563,0.374493,-0.503156,0.445899
1.7306,4942,Real,Ring_MCP,-17.948570,0.959731,20.866970,-0.291500,0.684490,-0.104095,0.660050
1.7306,4942,Real,Ring_PIP,-17.946650,0.934766,20.827750,-0.505040,0.546291,-0.320355,0.586408
1.7306,4942,Real,Ring_DIP,-17.941440,0.910332,20.819390,-0.647332,0.366689,-0.483614,0.461106
1.7306,4942,Real,Ring_FingerTip,-17.934640,0.886577,20.826820,-0.647332,0.366689,-0.483614,0.461106
1.7306,4942,Real,Pinky_MCP,-17.967440,0.954978,20.878010,-0.302901,0.682151,-0.091113,0.659257
1.7306,4942,Real,Pinky_PIP,-17.965360,0.933978,20.844770,-0.514987,0.540248,-0.307865,0.590034
1.7306,4942,Real,Pinky_DIP,-17.961200,0.917105,20.838890,-0.654968,0.357905,-0.472820,0.468361
1.7306,4942,Real,Pinky_FingerTip,-17.955520,0.899638,20.844340,-0.654968,0.357905,-0.472820,0.468361
1.7306,4942,Virtual,Wrist,-17.925850,0.991709,20.967980,-0.150969,0.723954,-0.008207,0.673077
1.7306,4942,Virtual,Thumb_CMC,-17.896750,0.984794,20.931310,0.265551,0.200106,-0.477438,0.813323
1.7306,4942,Virtual,Thumb_MCP,-17.876380,0.955359,20.905880,0.196688,0.268093,-0.691402,0.641408
1.7306,4942,Virtual,Thumb_IP,-17.881270,0.917042,20.875680,0.035588,0.330596,-0.919919,0.207821
1.7306,4942,Virtual,Thumb_FingerTip,-17.907240,0.906816,20.869900,0.035588,0.330596,-0.919919,0.207821
1.7306,4942,Virtual,Index_MCP,-17.898410,0.967860,20.859360,-0.222844,0.698347,-0.135753,0.666501
1.7306,4942,Virtual,Index_PIP,-17.898980,0.944811,20.818600,-0.441116,0.585461,-0.348394,0.584187
1.7306,4942,Virtual,Index_DIP,-17.897120,0.920839,20.808820,-0.595772,0.427087,-0.506898,0.453550
1.7306,4942,Virtual,Index_FingerTip,-17.893860,0.894781,20.814650,-0.595772,0.427087,-0.506898,0.453550
1.7306,4942,Virtual,Middle_MCP,-17.925630,0.964816,20.860730,-0.275517,0.686288,-0.126048,0.661220
1.7306,4942,Virtual,Middle_PIP,-17.924250,0.936044,20.816480,-0.492502,0.551673,-0.343417,0.578934
1.7306,4942,Virtual,Middle_DIP,-17.919940,0.909960,20.808150,-0.638188,0.373653,-0.504693,0.445405
1.7306,4942,Virtual,Middle_FingerTip,-17.913960,0.883740,20.816960,-0.638188,0.373653,-0.504693,0.445405
1.7306,4942,Virtual,Ring_MCP,-17.948710,0.959667,20.867440,-0.291747,0.683629,-0.105631,0.660589
1.7306,4942,Virtual,Ring_PIP,-17.946720,0.934610,20.828280,-0.504983,0.545397,-0.321982,0.586398
1.7306,4942,Virtual,Ring_DIP,-17.941510,0.910151,20.820000,-0.647005,0.365854,-0.485162,0.460601
1.7306,4942,Virtual,Ring_FingerTip,-17.934760,0.886405,20.827500,-0.647005,0.365854,-0.485162,0.460601
1.7306,4942,Virtual,Pinky_MCP,-17.967620,0.954959,20.878440,-0.303166,0.681312,-0.092661,0.659787
1.7306,4942,Virtual,Pinky_PIP,-17.965470,0.933881,20.845260,-0.514954,0.539368,-0.309501,0.590012
1.7306,4942,Virtual,Pinky_DIP,-17.961320,0.916990,20.839420,-0.654669,0.357078,-0.474372,0.467842
1.7306,4942,Virtual,Pinky_FingerTip,-17.955670,0.899529,20.844920,-0.654669,0.357078,-0.474372,0.467842
1.7306,4942,Render,Wrist,-17.925850,0.991709,20.967980,-0.150969,0.723954,-0.008207,0.673077
1.7306,4942,Render,Thumb_CMC,-17.896750,0.984794,20.931310,0.195619,0.245441,-0.518113,0.795645
1.7306,4942,Render,Thumb_MCP,-17.881710,0.952808,20.905260,0.154367,0.273275,-0.637355,0.703755
1.7306,4942,Render,Thumb_IP,-17.879840,0.912960,20.876750,0.056459,0.308741,-0.832535,0.456485
1.7306,4942,Render,Thumb_FingerTip,-17.896280,0.892292,20.866040,0.056459,0.308741,-0.832535,0.456485
1.7306,4942,Render,Index_MCP,-17.898410,0.967860,20.859360,-0.254576,0.687415,-0.166119,0.659589
1.7306,4942,Render,Index_PIP,-17.898420,0.941208,20.820860,-0.428035,0.595091,-0.335364,0.591763
1.7306,4942,Render,Index_DIP,-17.896690,0.917683,20.810030,-0.558164,0.475185,-0.467396,0.494160
1.7306,4942,Render,Index_FingerTip,-17.893680,0.890987,20.811430,-0.558164,0.475185,-0.467396,0.494160
1.7306,4942,Render,Middle_MCP,-17.925630,0.964816,20.860730,-0.283734,0.682931,-0.133975,0.659660
1.7306,4942,Render,Middle_PIP,-17.923980,0.935018,20.817170,-0.454931,0.583043,-0.304369,0.600383
1.7306,4942,Render,Middle_DIP,-17.920240,0.910182,20.805440,-0.581372,0.457063,-0.439351,0.509972
1.7306,4942,Render,Middle_FingerTip,-17.914700,0.882462,20.806700,-0.581372,0.457063,-0.439351,0.509972
1.7306,4942,Render,Ring_MCP,-17.948710,0.959667,20.867440,-0.308439,0.676262,-0.121813,0.657797
1.7306,4942,Render,Ring_PIP,-17.946130,0.932796,20.829540,-0.485872,0.562489,-0.301566,0.597155
1.7306,4942,Render,Ring_DIP,-17.941240,0.908908,20.819560,-0.612501,0.421079,-0.442986,0.501297
1.7306,4942,Render,Ring_FingerTip,-17.934720,0.884141,20.822670,-0.612501,0.421079,-0.442986,0.501297
1.7306,4942,Render,Pinky_MCP,-17.967620,0.954959,20.878440,-0.319798,0.673665,-0.108828,0.657314
1.7306,4942,Render,Pinky_PIP,-17.964910,0.932362,20.846310,-0.496045,0.556808,-0.288967,0.600335
1.7306,4942,Render,Pinky_DIP,-17.961010,0.915863,20.839310,-0.620904,0.413007,-0.431604,0.507565
1.7306,4942,Render,Pinky_FingerTip,-17.955530,0.897643,20.841540,-0.620904,0.413007,-0.431604,0.507565
1.7430,4943,Real,Wrist,-17.924910,0.991459,20.967490,-0.152231,0.725048,-0.005513,0.671640
1.7430,4943,Real,Thumb_CMC,-17.895940,0.984758,20.930680,0.267239,0.202232,-0.467945,0.817749
1.7430,4943,Real,Thumb_MCP,-17.874860,0.955898,20.905170,0.197773,0.270555,-0.683390,0.648586
1.7430,4943,Real,Thumb_IP,-17.878800,0.917681,20.874710,0.035471,0.333251,-0.916474,0.218545
1.7430,4943,Real,Thumb_FingerTip,-17.904500,0.906939,20.868710,0.035471,0.333251,-0.916474,0.218545
1.7430,4943,Real,Index_MCP,-17.897830,0.967944,20.858710,-0.213420,0.702763,-0.122572,0.667497
1.7430,4943,Real,Index_PIP,-17.898660,0.946234,20.817230,-0.427538,0.597190,-0.330178,0.592924
1.7430,4943,Real,Index_DIP,-17.896870,0.922817,20.806170,-0.582178,0.447764,-0.487757,0.471879
1.7430,4943,Real,Index_FingerTip,-17.893560,0.896410,20.810080,-0.582178,0.447764,-0.487757,0.471879
1.7430,4943,Real,Middle_MCP,-17.925030,0.964758,20.860200,-0.256333,0.695099,-0.103395,0.663657
1.7430,4943,Real,Middle_PIP,-17.924380,0.938694,20.814270,-0.442880,0.593908,-0.287303,0.607115
1.7430,4943,Real,Middle_DIP,-17.920790,0.914442,20.801340,-0.580080,0.460844,-0.433058,0.513412
1.7430,4943,Real,Middle_FingerTip,-17.915130,0.886728,20.802160,-0.580080,0.460844,-0.433058,0.513412
1.7430,4943,Real,Ring_MCP,-17.948050,0.959479,20.867000,-0.278331,0.690575,-0.088473,0.661672
1.7430,4943,Real,Ring_PIP,-17.946630,0.936142,20.826760,-0.471878,0.575928,-0.282054,0.605048
1.7430,4943,Real,Ring_DIP,-17.941960,0.912832,20.815410,-0.609670,0.427393,-0.434724,0.506609
1.7430,4943,Real,Ring_FingerTip,-17.935330,0.888022,20.817920,-0.609670,0.427393,-0.434724,0.506609
1.7430,4943,Real,Pinky_MCP,-17.966880,0.954656,20.878070,-0.289765,0.688462,-0.075504,0.660573
1.7430,4943,Real,Pinky_PIP,-17.965280,0.935020,20.843980,-0.482159,0.570496,-0.269348,0.607873
1.7430,4943,Real,Pinky_DIP,-17.961540,0.918920,20.836020,-0.618106,0.419391,-0.423250,0.512754
1.7430,4943,Real,Pinky_FingerTip,-17.955990,0.900672,20.837810,-0.618106,0.419391,-0.423250,0.512754
1.7430,4943,Virtual,Wrist,-17.925480,0.991567,20.967530,-0.150597,0.724796,-0.006810,0.672269
1.7430,4943,Virtual,Thumb_CMC,-17.896470,0.984768,20.930760,0.268241,0.201131,-0.469317,0.816906
1.7430,4943,Virtual,Thumb_MCP,-17.875450,0.955836,20.905270,0.199050,0.269789,-0.684463,0.647383
1.7430,4943,Virtual,Thumb_IP,-17.879510,0.917651,20.874790,0.036960,0.333228,-0.916798,0.216967
1.7430,4943,Virtual,Thumb_FingerTip,-17.905240,0.907015,20.868730,0.036960,0.333228,-0.916798,0.216967
1.7430,4943,Virtual,Index_MCP,-17.898300,0.967998,20.858780,-0.211734,0.702667,-0.123917,0.667888
1.7430,4943,Virtual,Index_PIP,-17.899150,0.946312,20.817280,-0.425910,0.597639,-0.331577,0.592862
1.7430,4943,Virtual,Index_DIP,-17.897450,0.922894,20.806220,-0.580750,0.448666,-0.489078,0.471415
1.7430,4943,Virtual,Index_FingerTip,-17.894250,0.896471,20.810120,-0.580750,0.448666,-0.489078,0.471415
1.7430,4943,Virtual,Middle_MCP,-17.925520,0.964921,20.860220,-0.254679,0.695088,-0.104770,0.664090
1.7430,4943,Virtual,Middle_PIP,-17.924900,0.938877,20.814280,-0.441291,0.594366,-0.288744,0.607140
1.7430,4943,Virtual,Middle_DIP,-17.921390,0.914617,20.801340,-0.578660,0.461693,-0.434458,0.513068
1.7430,4943,Virtual,Middle_FingerTip,-17.915840,0.886880,20.802160,-0.578660,0.461693,-0.434458,0.513068
1.7430,4943,Virtual,Ring_MCP,-17.948580,0.959731,20.866980,-0.276699,0.690606,-0.089864,0.662137
1.7430,4943,Virtual,Ring_PIP,-17.947180,0.936408,20.826730,-0.470330,0.576445,-0.283519,0.605077
1.7430,4943,Virtual,Ring_DIP,-17.942580,0.913085,20.815380,-0.608318,0.428308,-0.436143,0.506242
1.7430,4943,Virtual,Ring_FingerTip,-17.936060,0.888248,20.817880,-0.608318,0.428308,-0.436143,0.506242
1.7430,4943,Virtual,Pinky_MCP,-17.967450,0.954978,20.878020,-0.288148,0.688513,-0.076902,0.661065
1.7430,4943,Virtual,Pinky_PIP,-17.965870,0.935353,20.843920,-0.480631,0.571028,-0.270829,0.607925
1.7430,4943,Virtual,Pinky_DIP,-17.962180,0.919242,20.835960,-0.616778,0.420315,-0.424690,0.512405
1.7430,4943,Virtual,Pinky_FingerTip,-17.956700,0.900971,20.837740,-0.616778,0.420315,-0.424690,0.512405
1.7430,4943,Render,Wrist,-17.925480,0.991567,20.967530,-0.150597,0.724796,-0.006810,0.672269
1.7430,4943,Render,Thumb_CMC,-17.896470,0.984768,20.930760,0.195184,0.246755,-0.517762,0.795574
1.7430,4943,Render,Thumb_MCP,-17.881450,0.952822,20.904640,0.153730,0.274503,-0.636997,0.703740
1.7430,4943,Render,Thumb_IP,-17.879600,0.913002,20.876100,0.055454,0.309693,-0.832192,0.456588
1.7430,4943,Render,Thumb_FingerTip,-17.896040,0.892323,20.865410,0.055454,0.309693,-0.832192,0.456588
1.7430,4943,Render,Index_MCP,-17.898300,0.967998,20.858780,-0.254414,0.688364,-0.164630,0.659034
1.7430,4943,Render,Index_PIP,-17.898390,0.941434,20.820210,-0.428131,0.596050,-0.333782,0.591624
1.7430,4943,Render,Index_DIP,-17.896660,0.917935,20.809330,-0.558487,0.476092,-0.465826,0.494404
1.7430,4943,Render,Index_FingerTip,-17.893630,0.891240,20.810660,-0.558487,0.476092,-0.465826,0.494404
1.7430,4943,Render,Middle_MCP,-17.925520,0.964921,20.860220,-0.283526,0.683828,-0.132451,0.659127
1.7430,4943,Render,Middle_PIP,-17.923950,0.935224,20.816580,-0.454968,0.583963,-0.302759,0.600274
1.7430,4943,Render,Middle_DIP,-17.920220,0.910420,20.804780,-0.581629,0.457947,-0.437761,0.510252
1.7430,4943,Render,Middle_FingerTip,-17.914640,0.882702,20.805970,-0.581629,0.457947,-0.437761,0.510252
1.7430,4943,Render,Ring_MCP,-17.948580,0.959731,20.866980,-0.308213,0.677129,-0.120265,0.657296
1.7430,4943,Render,Ring_PIP,-17.946060,0.932950,20.829000,-0.485898,0.563385,-0.299939,0.597108
1.7430,4943,Render,Ring_DIP,-17.941180,0.909091,20.818960,-0.612754,0.421939,-0.441401,0.501664
1.7430,4943,Render,Ring_FingerTip,-17.934620,0.884324,20.821990,-0.612754,0.421939,-0.441401,0.501664
1.7430,4943,Render,Pinky_MCP,-17.967450,0.954978,20.878020,-0.319554,0.674511,-0.107268,0.656822
1.7430,4943,Render,Pinky_PIP,-17.964810,0.932458,20.845830,-0.496048,0.557688,-0.287332,0.600301
1.7430,4943,Render,Pinky_DIP,-17.960900,0.915979,20.838770,-0.621129,0.413857,-0.430013,0.507947
1.7430,4943,Render,Pinky_FingerTip,-17.955390,0.897760,20.840950,-0.621129,0.413857,-0.430013,0.507947
1.7577,4944,Real,Wrist,-17.924150,0.991543,20.967820,-0.154904,0.724014,-0.004904,0.672149
1.7577,4944,Real,Thumb_CMC,-17.895080,0.984893,20.931080,0.268376,0.200157,-0.458547,0.823193
1.7577,4944,Real,Thumb_MCP,-17.873150,0.956460,20.905800,0.199368,0.268963,-0.676179,0.656273
1.7577,4944,Real,Thumb_IP,-17.876050,0.918203,20.875270,0.037446,0.332695,-0.914228,0.228254
1.7577,4944,Real,Thumb_FingerTip,-17.901500,0.907019,20.868990,0.037446,0.332695,-0.914228,0.228254
1.7577,4944,Real,Index_MCP,-17.896740,0.967886,20.859150,-0.204210,0.704928,-0.110860,0.670139
1.7577,4944,Real,Index_PIP,-17.897600,0.947445,20.817030,-0.412837,0.606787,-0.313299,0.602677
1.7577,4944,Real,Index_DIP,-17.895850,0.924639,20.804760,-0.566277,0.466856,-0.469574,0.490791
1.7577,4944,Real,Index_FingerTip,-17.892540,0.898017,20.806730,-0.566277,0.466856,-0.469574,0.490791
1.7577,4944,Real,Middle_MCP,-17.923930,0.964567,20.860590,-0.241811,0.699799,-0.086616,0.666563
1.7577,4944,Real,Middle_PIP,-17.923640,0.940598,20.813540,-0.399169,0.623583,-0.240507,0.627666
1.7577,4944,Real,Middle_DIP,-17.920680,0.918430,20.797160,-0.521985,0.525094,-0.367773,0.562629
1.7577,4944,Real,Middle_FingerTip,-17.915640,0.891205,20.791310,-0.521985,0.525094,-0.367773,0.562629
1.7577,4944,Real,Ring_MCP,-17.946940,0.959190,20.867360,-0.266432,0.694820,-0.074174,0.663881
1.7577,4944,Real,Ring_PIP,-17.945850,0.937378,20.826270,-0.436987,0.602332,-0.243266,0.622142
1.7577,4944,Real,Ring_DIP,-17.941740,0.915536,20.812130,-0.565381,0.483845,-0.381618,0.548277
1.7577,4944,Real,Ring_FingerTip,-17.935530,0.890623,20.809570,-0.565381,0.483845,-0.381618,0.548277
1.7577,4944,Real,Pinky_MCP,-17.965770,0.954301,20.878410,-0.277913,0.692934,-0.061243,0.662463
1.7577,4944,Real,Pinky_PIP,-17.964500,0.935942,20.843600,-0.447590,0.597541,-0.230408,0.624116
1.7577,4944,Real,Pinky_DIP,-17.961200,0.920853,20.833700,-0.574575,0.476714,-0.369574,0.553193
1.7577,4944,Real,Pinky_FingerTip,-17.955990,0.902524,20.831730,-0.574575,0.476714,-0.369574,0.553193
1.7577,4944,Virtual,Wrist,-17.924920,0.991459,20.967500,-0.152231,0.725048,-0.005513,0.671640
1.7577,4944,Virtual,Thumb_CMC,-17.895950,0.984758,20.930690,0.269494,0.200858,-0.460610,0.821504
1.7577,4944,Virtual,Thumb_MCP,-17.874210,0.956281,20.905290,0.200237,0.269956,-0.677667,0.654062
1.7577,4944,Virtual,Thumb_IP,-17.877360,0.918117,20.874670,0.037699,0.333991,-0.914405,0.225594
1.7577,4944,Virtual,Thumb_FingerTip,-17.902880,0.907077,20.868410,0.037699,0.333991,-0.914405,0.225594
1.7577,4944,Virtual,Index_MCP,-17.897830,0.967944,20.858720,-0.201688,0.706219,-0.111440,0.669446
1.7577,4944,Virtual,Index_PIP,-17.898880,0.947617,20.816540,-0.410840,0.608798,-0.313636,0.601838
1.7577,4944,Virtual,Index_DIP,-17.897270,0.924834,20.804210,-0.564924,0.469345,-0.469662,0.489892
1.7577,4944,Virtual,Index_FingerTip,-17.894080,0.898190,20.806110,-0.564924,0.469345,-0.469662,0.489892
1.7577,4944,Virtual,Middle_MCP,-17.925040,0.964758,20.860200,-0.239283,0.701151,-0.087159,0.665984
1.7577,4944,Virtual,Middle_PIP,-17.924950,0.940909,20.813090,-0.397028,0.625490,-0.240899,0.626976
1.7577,4944,Virtual,Middle_DIP,-17.922140,0.918768,20.796650,-0.520296,0.527410,-0.368010,0.561872
1.7577,4944,Virtual,Middle_FingerTip,-17.917250,0.891534,20.790710,-0.520296,0.527410,-0.368010,0.561872
1.7577,4944,Virtual,Ring_MCP,-17.948060,0.959479,20.867000,-0.263908,0.696215,-0.074693,0.663369
1.7577,4944,Virtual,Ring_PIP,-17.947160,0.937767,20.825850,-0.434910,0.604332,-0.243635,0.621514
1.7577,4944,Virtual,Ring_DIP,-17.943180,0.915941,20.811650,-0.563827,0.486274,-0.381830,0.547580
1.7577,4944,Virtual,Ring_FingerTip,-17.937110,0.891005,20.809010,-0.563827,0.486274,-0.381830,0.547580
1.7577,4944,Virtual,Pinky_MCP,-17.966890,0.954656,20.878070,-0.275383,0.694339,-0.061749,0.662000
1.7577,4944,Virtual,Pinky_PIP,-17.965790,0.936380,20.843220,-0.445510,0.599553,-0.230777,0.623538
1.7577,4944,Virtual,Pinky_DIP,-17.962580,0.921300,20.833270,-0.573021,0.479156,-0.369799,0.552545
1.7577,4944,Virtual,Pinky_FingerTip,-17.957460,0.902951,20.831250,-0.573021,0.479156,-0.369799,0.552545
1.7577,4944,Render,Wrist,-17.924920,0.991459,20.967500,-0.152231,0.725048,-0.005513,0.671640
1.7577,4944,Render,Thumb_CMC,-17.895950,0.984758,20.930690,0.194565,0.248147,-0.516291,0.796248
1.7577,4944,Render,Thumb_MCP,-17.880850,0.952895,20.904510,0.152899,0.275780,-0.635652,0.704638
1.7577,4944,Render,Thumb_IP,-17.878910,0.913108,20.875920,0.054252,0.310627,-0.831214,0.457877
1.7577,4944,Render,Thumb_FingerTip,-17.895280,0.892375,20.865250,0.054252,0.310627,-0.831214,0.457877
1.7577,4944,Render,Index_MCP,-17.897830,0.967944,20.858720,-0.256103,0.688357,-0.163264,0.658727
1.7577,4944,Render,Index_PIP,-17.897880,0.941361,20.820160,-0.429757,0.595594,-0.332383,0.591691
1.7577,4944,Render,Index_DIP,-17.896070,0.917864,20.809280,-0.559957,0.475260,-0.464484,0.494804
1.7577,4944,Render,Index_FingerTip,-17.892930,0.891181,20.810630,-0.559957,0.475260,-0.464484,0.494804
1.7577,4944,Render,Middle_MCP,-17.925040,0.964758,20.860200,-0.256333,0.695099,-0.103395,0.663657
1.7577,4944,Render,Middle_PIP,-17.924390,0.938694,20.814280,-0.442880,0.593908,-0.287303,0.607114
1.7577,4944,Render,Middle_DIP,-17.920800,0.914442,20.801350,-0.580080,0.460844,-0.433058,0.513412
1.7577,4944,Render,Middle_FingerTip,-17.915130,0.886728,20.802170,-0.580080,0.460844,-0.433058,0.513412
1.7577,4944,Render,Ring_MCP,-17.948060,0.959479,20.867000,-0.307939,0.677891,-0.117009,0.657226
1.7577,4944,Render,Ring_PIP,-17.945570,0.932894,20.828890,-0.483581,0.566138,-0.294394,0.599141
1.7577,4944,Render,Ring_DIP,-17.940680,0.909176,20.818520,-0.609670,0.427394,-0.434724,0.506609
1.7577,4944,Render,Ring_FingerTip,-17.934050,0.884366,20.821020,-0.609670,0.427394,-0.434724,0.506609
1.7577,4944,Render,Pinky_MCP,-17.966890,0.954656,20.878070,-0.319270,0.675285,-0.104004,0.656689
1.7577,4944,Render,Pinky_PIP,-17.964280,0.932301,20.845770,-0.493748,0.560496,-0.281748,0.602225
1.7577,4944,Render,Pinky_DIP,-17.960370,0.915921,20.838490,-0.618105,0.419391,-0.423250,0.512754
1.7577,4944,Render,Pinky_FingerTip,-17.954820,0.897673,20.840270,-0.618105,0.419391,-0.423250,0.512754
1.7710,4945,Real,Wrist,-17.923460,0.991654,20.967970,-0.155994,0.722805,-0.004448,0.673201
1.7710,4945,Real,Thumb_CMC,-17.894260,0.985062,20.931320,0.271174,0.196830,-0.448239,0.828737
1.7710,4945,Real,Thumb_MCP,-17.871400,0.957126,20.906310,0.203222,0.266417,-0.667363,0.665093
1.7710,4945,Real,Thumb_IP,-17.873000,0.918910,20.875640,0.042543,0.332367,-0.910678,0.241639
1.7710,4945,Real,Thumb_FingerTip,-17.898070,0.907173,20.868850,0.042543,0.332367,-0.910678,0.241639
1.7710,4945,Real,Index_MCP,-17.895660,0.968015,20.859390,-0.190737,0.707665,-0.096774,0.673398
1.7710,4945,Real,Index_PIP,-17.896610,0.949270,20.816490,-0.390112,0.620470,-0.290230,0.615302
1.7710,4945,Real,Index_DIP,-17.895010,0.927434,20.802550,-0.540592,0.494905,-0.442911,0.516391
1.7710,4945,Real,Index_FingerTip,-17.891850,0.900735,20.801680,-0.540592,0.494905,-0.442911,0.516391
1.7710,4945,Real,Middle_MCP,-17.922850,0.964628,20.860750,-0.225207,0.704317,-0.069571,0.669611
1.7710,4945,Real,Middle_PIP,-17.922950,0.942956,20.812600,-0.349393,0.651695,-0.190042,0.645835
1.7710,4945,Real,Middle_DIP,-17.920770,0.923528,20.792950,-0.451332,0.585731,-0.293171,0.606028
1.7710,4945,Real,Middle_FingerTip,-17.916750,0.898510,20.780340,-0.451332,0.585731,-0.293171,0.606028
1.7710,4945,Real,Ring_MCP,-17.945870,0.959195,20.867460,-0.248809,0.700340,-0.056147,0.666683
1.7710,4945,Real,Ring_PIP,-17.945270,0.939493,20.825300,-0.384845,0.635827,-0.189353,0.641689
1.7710,4945,Real,Ring_DIP,-17.942120,0.920199,20.807640,-0.493921,0.555359,-0.302745,0.596628
1.7710,4945,Real,Ring_FingerTip,-17.936960,0.896724,20.798260,-0.493921,0.555359,-0.302745,0.596628
1.7710,4945,Real,Pinky_MCP,-17.964710,0.954262,20.878450,-0.260353,0.698751,-0.043277,0.664900
1.7710,4945,Real,Pinky_PIP,-17.963940,0.937671,20.842750,-0.395831,0.631944,-0.176388,0.642535
1.7710,4945,Real,Pinky_DIP,-17.961380,0.924335,20.830420,-0.504020,0.549545,-0.290149,0.599815
1.7710,4945,Real,Pinky_FingerTip,-17.957030,0.907053,20.823390,-0.504020,0.549545,-0.290149,0.599815
1.7710,4945,Virtual,Wrist,-17.924160,0.991543,20.967820,-0.154904,0.724014,-0.004904,0.672149
1.7710,4945,Virtual,Thumb_CMC,-17.895080,0.984893,20.931080,0.270959,0.197832,-0.449664,0.827796
1.7710,4945,Virtual,Thumb_MCP,-17.872370,0.956911,20.906000,0.202728,0.267315,-0.668458,0.663783
1.7710,4945,Virtual,Thumb_IP,-17.874160,0.918714,20.875310,0.041666,0.332897,-0.910969,0.239956
1.7710,4945,Virtual,Thumb_FingerTip,-17.899280,0.907045,20.868600,0.041666,0.332897,-0.910969,0.239956
1.7710,4945,Virtual,Index_MCP,-17.896740,0.967885,20.859150,-0.189804,0.708942,-0.097182,0.672259
1.7710,4945,Virtual,Index_PIP,-17.897870,0.949164,20.816250,-0.389596,0.621964,-0.290286,0.614093
1.7710,4945,Virtual,Index_DIP,-17.896370,0.927331,20.802290,-0.540490,0.496483,-0.442644,0.515210
1.7710,4945,Virtual,Index_FingerTip,-17.893270,0.900624,20.801400,-0.540490,0.496483,-0.442644,0.515210
1.7710,4945,Virtual,Middle_MCP,-17.923930,0.964567,20.860600,-0.224239,0.705627,-0.069924,0.668520
1.7710,4945,Virtual,Middle_PIP,-17.924230,0.942920,20.812430,-0.348679,0.653158,-0.190191,0.644698
1.7710,4945,Virtual,Middle_DIP,-17.922170,0.923496,20.792760,-0.450867,0.587291,-0.293131,0.604882
1.7710,4945,Virtual,Middle_FingerTip,-17.918250,0.898474,20.780140,-0.450867,0.587291,-0.293131,0.604882
1.7710,4945,Virtual,Ring_MCP,-17.946950,0.959190,20.867360,-0.247826,0.701672,-0.056461,0.665621
1.7710,4945,Virtual,Ring_PIP,-17.946530,0.939508,20.825200,-0.384151,0.637330,-0.189447,0.640585
1.7710,4945,Virtual,Ring_DIP,-17.943480,0.920214,20.807520,-0.493511,0.556963,-0.302637,0.595525
1.7710,4945,Virtual,Ring_FingerTip,-17.938410,0.896731,20.798120,-0.493511,0.556963,-0.302637,0.595525
1.7710,4945,Virtual,Pinky_MCP,-17.965770,0.954301,20.878410,-0.259354,0.700092,-0.043572,0.663859
1.7710,4945,Virtual,Pinky_PIP,-17.965150,0.937725,20.842700,-0.395123,0.633459,-0.176467,0.641457
1.7710,4945,Virtual,Pinky_DIP,-17.962670,0.924389,20.830350,-0.503598,0.551164,-0.290031,0.598740
1.7710,4945,Virtual,Pinky_FingerTip,-17.958370,0.907100,20.823310,-0.503598,0.551164,-0.290031,0.598740
1.7710,4945,Render,Wrist,-17.924160,0.991543,20.967820,-0.154904,0.724014,-0.004904,0.672149
1.7710,4945,Render,Thumb_CMC,-17.895080,0.984893,20.931080,0.193415,0.247211,-0.514424,0.798026
1.7710,4945,Render,Thumb_MCP,-17.879780,0.953039,20.905020,0.151911,0.274673,-0.634090,0.706688
1.7710,4945,Render,Thumb_IP,-17.877580,0.913189,20.876540,0.053680,0.309258,-0.830409,0.460325
1.7710,4945,Render,Thumb_FingerTip,-17.893830,0.892347,20.865880,0.053680,0.309258,-0.830409,0.460325
1.7710,4945,Render,Index_MCP,-17.896740,0.967885,20.859150,-0.258516,0.686873,-0.162739,0.659463
1.7710,4945,Render,Index_PIP,-17.896580,0.941204,20.820670,-0.431690,0.593522,-0.332073,0.592540
1.7710,4945,Render,Index_DIP,-17.894640,0.917688,20.809850,-0.561336,0.472785,-0.464386,0.495703
1.7710,4945,Render,Index_FingerTip,-17.891370,0.891025,20.811270,-0.561336,0.472785,-0.464386,0.495703
1.7710,4945,Render,Middle_MCP,-17.923930,0.964567,20.860600,-0.241811,0.699800,-0.086616,0.666563
1.7710,4945,Render,Middle_PIP,-17.923640,0.940598,20.813540,-0.399168,0.623584,-0.240507,0.627666
1.7710,4945,Render,Middle_DIP,-17.920690,0.918430,20.797170,-0.521985,0.525094,-0.367773,0.562629
1.7710,4945,Render,Middle_FingerTip,-17.915650,0.891205,20.791310,-0.521985,0.525094,-0.367773,0.562629
1.7710,4945,Render,Ring_MCP,-17.946950,0.959190,20.867360,-0.266432,0.694820,-0.074174,0.663881
1.7710,4945,Render,Ring_PIP,-17.945860,0.937378,20.826270,-0.436987,0.602332,-0.243266,0.622142
1.7710,4945,Render,Ring_DIP,-17.941750,0.915536,20.812130,-0.565381,0.483845,-0.381618,0.548277
1.7710,4945,Render,Ring_FingerTip,-17.935540,0.890623,20.809580,-0.565381,0.483845,-0.381618,0.548277
1.7710,4945,Render,Pinky_MCP,-17.965770,0.954301,20.878410,-0.277913,0.692934,-0.061243,0.662463
1.7710,4945,Render,Pinky_PIP,-17.964510,0.935942,20.843610,-0.447590,0.597542,-0.230408,0.624115
1.7710,4945,Render,Pinky_DIP,-17.961210,0.920853,20.833710,-0.574575,0.476715,-0.369574,0.553193
1.7710,4945,Render,Pinky_FingerTip,-17.955990,0.902524,20.831740,-0.574575,0.476715,-0.369574,0.553193
1.7854,4946,Real,Wrist,-17.922830,0.992065,20.967820,-0.155055,0.721145,-0.003556,0.675200
1.7854,4946,Real,Thumb_CMC,-17.893450,0.985599,20.931300,0.273535,0.195577,-0.447110,0.828867
1.7854,4946,Real,Thumb_MCP,-17.870450,0.957751,20.906320,0.205843,0.265895,-0.666320,0.665542
1.7854,4946,Real,Thumb_IP,-17.871890,0.919632,20.875510,0.045073,0.333227,-0.909999,0.242550
1.7854,4946,Real,Thumb_FingerTip,-17.896920,0.907907,20.868570,0.045073,0.333227,-0.909999,0.242550
1.7854,4946,Real,Index_MCP,-17.894490,0.968780,20.859310,-0.189570,0.706144,-0.095990,0.675433
1.7854,4946,Real,Index_PIP,-17.895230,0.950170,20.816350,-0.388551,0.619358,-0.290078,0.617478
1.7854,4946,Real,Index_DIP,-17.893560,0.928379,20.802340,-0.538791,0.494247,-0.443341,0.518529
1.7854,4946,Real,Index_FingerTip,-17.890370,0.901684,20.801410,-0.538791,0.494247,-0.443341,0.518529
1.7854,4946,Real,Middle_MCP,-17.921690,0.965378,20.860530,-0.224111,0.702756,-0.068877,0.671688
1.7854,4946,Real,Middle_PIP,-17.921540,0.943858,20.812310,-0.348032,0.650358,-0.189737,0.648003
1.7854,4946,Real,Middle_DIP,-17.919260,0.924494,20.792600,-0.449771,0.584635,-0.293224,0.608217
1.7854,4946,Real,Middle_FingerTip,-17.915180,0.899517,20.779940,-0.449771,0.584635,-0.293224,0.608217
1.7854,4946,Real,Ring_MCP,-17.944730,0.959915,20.867110,-0.247749,0.698760,-0.055517,0.668785
1.7854,4946,Real,Ring_PIP,-17.943930,0.940347,20.824890,-0.383489,0.634493,-0.189159,0.643874
1.7854,4946,Real,Ring_DIP,-17.940680,0.921110,20.807190,-0.492345,0.554294,-0.302952,0.598812
1.7854,4946,Real,Ring_FingerTip,-17.935470,0.897667,20.797760,-0.492345,0.554294,-0.302952,0.598812
1.7854,4946,Real,Pinky_MCP,-17.963630,0.954941,20.877990,-0.259327,0.697153,-0.042678,0.667013
1.7854,4946,Real,Pinky_PIP,-17.962670,0.938463,20.842250,-0.394505,0.630586,-0.176227,0.644726
1.7854,4946,Real,Pinky_DIP,-17.960060,0.925167,20.829880,-0.502469,0.548450,-0.290389,0.601999
1.7854,4946,Real,Pinky_FingerTip,-17.955660,0.907909,20.822820,-0.502469,0.548450,-0.290389,0.601999
1.7854,4946,Virtual,Wrist,-17.923440,0.991654,20.967970,-0.155994,0.722805,-0.004447,0.673201
1.7854,4946,Virtual,Thumb_CMC,-17.894240,0.985061,20.931320,0.271174,0.196830,-0.448239,0.828737
1.7854,4946,Virtual,Thumb_MCP,-17.871380,0.957126,20.906320,0.203222,0.266418,-0.667363,0.665093
1.7854,4946,Virtual,Thumb_IP,-17.872970,0.918910,20.875650,0.042543,0.332367,-0.910677,0.241639
1.7854,4946,Virtual,Thumb_FingerTip,-17.898050,0.907173,20.868860,0.042543,0.332367,-0.910677,0.241639
1.7854,4946,Virtual,Index_MCP,-17.895640,0.968015,20.859400,-0.190737,0.707665,-0.096774,0.673398
1.7854,4946,Virtual,Index_PIP,-17.896590,0.949270,20.816500,-0.390112,0.620470,-0.290230,0.615302
1.7854,4946,Virtual,Index_DIP,-17.894990,0.927434,20.802560,-0.540592,0.494905,-0.442911,0.516391
1.7854,4946,Virtual,Index_FingerTip,-17.891820,0.900735,20.801690,-0.540592,0.494905,-0.442911,0.516391
1.7854,4946,Virtual,Middle_MCP,-17.922820,0.964627,20.860760,-0.225207,0.704318,-0.069571,0.669611
1.7854,4946,Virtual,Middle_PIP,-17.922920,0.942955,20.812600,-0.349393,0.651695,-0.190042,0.645835
1.7854,4946,Virtual,Middle_DIP,-17.920750,0.923528,20.792950,-0.451332,0.585731,-0.293171,0.606028
1.7854,4946,Virtual,Middle_FingerTip,-17.916730,0.898510,20.780350,-0.451332,0.585731,-0.293171,0.606028
1.7854,4946,Virtual,Ring_MCP,-17.945840,0.959194,20.867460,-0.248809,0.700340,-0.056147,0.666683
1.7854,4946,Virtual,Ring_PIP,-17.945250,0.939493,20.825310,-0.384845,0.635827,-0.189353,0.641689
1.7854,4946,Virtual,Ring_DIP,-17.942090,0.920198,20.807650,-0.493921,0.555359,-0.302745,0.596628
1.7854,4946,Virtual,Ring_FingerTip,-17.936940,0.896724,20.798270,-0.493921,0.555359,-0.302745,0.596628
1.7854,4946,Virtual,Pinky_MCP,-17.964690,0.954262,20.878460,-0.260353,0.698751,-0.043277,0.664899
1.7854,4946,Virtual,Pinky_PIP,-17.963910,0.937671,20.842760,-0.395831,0.631944,-0.176387,0.642535
1.7854,4946,Virtual,Pinky_DIP,-17.961360,0.924334,20.830430,-0.504020,0.549545,-0.290149,0.599815
1.7854,4946,Virtual,Pinky_FingerTip,-17.957000,0.907053,20.823400,-0.504020,0.549545,-0.290149,0.599815
1.7854,4946,Render,Wrist,-17.923440,0.991654,20.967970,-0.155994,0.722805,-0.004447,0.673201
1.7854,4946,Render,Thumb_CMC,-17.894240,0.985061,20.931320,0.193163,0.245667,-0.513257,0.799314
1.7854,4946,Render,Thumb_MCP,-17.878760,0.953200,20.905370,0.151906,0.273110,-0.633141,0.708145
1.7854,4946,Render,Thumb_IP,-17.876350,0.913302,20.876970,0.054187,0.307779,-0.829988,0.462012
1.7854,4946,Render,Thumb_FingerTip,-17.892520,0.892396,20.866310,0.054187,0.307779,-0.829988,0.462012
1.7854,4946,Render,Index_MCP,-17.895640,0.968015,20.859400,-0.190737,0.707665,-0.096774,0.673398
1.7854,4946,Render,Index_PIP,-17.896590,0.949270,20.816500,-0.390112,0.620470,-0.290230,0.615302
1.7854,4946,Render,Index_DIP,-17.894990,0.927434,20.802560,-0.540592,0.494905,-0.442911,0.516391
1.7854,4946,Render,Index_FingerTip,-17.891820,0.900735,20.801690,-0.540592,0.494905,-0.442911,0.516391
1.7854,4946,Render,Middle_MCP,-17.922820,0.964627,20.860760,-0.225207,0.704318,-0.069571,0.669611
1.7854,4946,Render,Middle_PIP,-17.922920,0.942955,20.812600,-0.349393,0.651695,-0.190042,0.645835
1.7854,4946,Render,Middle_DIP,-17.920750,0.923528,20.792950,-0.451332,0.585731,-0.293171,0.606028
1.7854,4946,Render,Middle_FingerTip,-17.916730,0.898510,20.780350,-0.451332,0.585731,-0.293171,0.606028
1.7854,4946,Render,Ring_MCP,-17.945840,0.959194,20.867460,-0.248809,0.700340,-0.056147,0.666683
1.7854,4946,Render,Ring_PIP,-17.945250,0.939493,20.825310,-0.384845,0.635827,-0.189353,0.641689
1.7854,4946,Render,Ring_DIP,-17.942090,0.920198,20.807650,-0.493921,0.555359,-0.302745,0.596628
1.7854,4946,Render,Ring_FingerTip,-17.936940,0.896724,20.798270,-0.493921,0.555359,-0.302745,0.596628
1.7854,4946,Render,Pinky_MCP,-17.964690,0.954262,20.878460,-0.260353,0.698751,-0.043277,0.664899
1.7854,4946,Render,Pinky_PIP,-17.963910,0.937671,20.842760,-0.395831,0.631944,-0.176387,0.642535
1.7854,4946,Render,Pinky_DIP,-17.961360,0.924334,20.830430,-0.504020,0.549545,-0.290149,0.599815
1.7854,4946,Render,Pinky_FingerTip,-17.957000,0.907053,20.823400,-0.504020,0.549545,-0.290149,0.599815
1.7996,4947,Real,Wrist,-17.922210,0.992411,20.967590,-0.153915,0.719203,-0.002519,0.677533
1.7996,4947,Real,Thumb_CMC,-17.892620,0.986093,20.931200,0.278216,0.192858,-0.439284,0.832125
1.7996,4947,Real,Thumb_MCP,-17.868920,0.958703,20.906380,0.211938,0.263971,-0.657648,0.672980
1.7996,4947,Real,Thumb_IP,-17.869140,0.920789,20.875290,0.053204,0.334317,-0.904768,0.258450
1.7996,4947,Real,Thumb_FingerTip,-17.893670,0.908474,20.867620,0.053204,0.334317,-0.904768,0.258450
1.7996,4947,Real,Index_MCP,-17.893250,0.969543,20.859150,-0.178424,0.706899,-0.085714,0.679053
1.7996,4947,Real,Index_PIP,-17.893910,0.952279,20.815620,-0.366512,0.630246,-0.269718,0.629057
1.7996,4947,Real,Index_DIP,-17.892350,0.931480,20.800180,-0.511846,0.519186,-0.417803,0.542126
1.7996,4947,Real,Index_FingerTip,-17.889350,0.904997,20.796540,-0.511846,0.519186,-0.417803,0.542126
1.7996,4947,Real,Middle_MCP,-17.920450,0.966127,20.860200,-0.212866,0.704011,-0.058542,0.675004
1.7996,4947,Real,Middle_PIP,-17.920350,0.946126,20.811330,-0.316563,0.663876,-0.159631,0.658464
1.7996,4947,Real,Middle_DIP,-17.918480,0.928648,20.789900,-0.403769,0.614747,-0.247555,0.630693
1.7996,4947,Real,Middle_FingerTip,-17.915040,0.905763,20.773610,-0.403769,0.614747,-0.247555,0.630693
1.7996,4947,Real,Ring_MCP,-17.943530,0.960631,20.866630,-0.232060,0.701846,-0.040946,0.672223
1.7996,4947,Real,Ring_PIP,-17.943000,0.942910,20.823600,-0.338477,0.657170,-0.145082,0.657657
1.7996,4947,Real,Ring_DIP,-17.940520,0.926164,20.803410,-0.427268,0.603226,-0.235851,0.630821
1.7996,4947,Real,Ring_FingerTip,-17.936360,0.905187,20.788980,-0.427268,0.603226,-0.235851,0.630821
1.7996,4947,Real,Pinky_MCP,-17.962490,0.955609,20.877390,-0.243708,0.700457,-0.028182,0.670203
1.7996,4947,Real,Pinky_PIP,-17.961820,0.940679,20.840960,-0.349767,0.653986,-0.132159,0.657648
1.7996,4947,Real,Pinky_DIP,-17.959800,0.929098,20.826880,-0.438000,0.598490,-0.223055,0.632624
1.7996,4947,Real,Pinky_FingerTip,-17.956280,0.913647,20.816110,-0.438000,0.598490,-0.223055,0.632624
1.7996,4947,Virtual,Wrist,-17.922840,0.992065,20.967830,-0.155055,0.721145,-0.003556,0.675200
1.7996,4947,Virtual,Thumb_CMC,-17.893450,0.985599,20.931300,0.275446,0.194343,-0.440587,0.832012
1.7996,4947,Virtual,Thumb_MCP,-17.869910,0.958107,20.906450,0.208861,0.264607,-0.658866,0.672501
1.7996,4947,Virtual,Thumb_IP,-17.870310,0.920077,20.875500,0.050216,0.333344,-0.905588,0.257430
1.7996,4947,Virtual,Thumb_FingerTip,-17.894890,0.907743,20.868020,0.050216,0.333344,-0.905588,0.257430
1.7996,4947,Virtual,Index_MCP,-17.894500,0.968779,20.859320,-0.179805,0.708694,-0.086658,0.676694
1.7996,4947,Virtual,Index_PIP,-17.895410,0.951353,20.815860,-0.368335,0.631590,-0.269975,0.626528
1.7996,4947,Virtual,Index_DIP,-17.893950,0.930495,20.800480,-0.513946,0.520034,-0.417422,0.539614
1.7996,4947,Virtual,Index_FingerTip,-17.890970,0.903998,20.796930,-0.513946,0.520034,-0.417422,0.539614
1.7996,4947,Virtual,Middle_MCP,-17.921690,0.965377,20.860540,-0.214162,0.705852,-0.059383,0.672593
1.7996,4947,Virtual,Middle_PIP,-17.921880,0.945194,20.811740,-0.318123,0.665500,-0.160098,0.655955
1.7996,4947,Virtual,Middle_DIP,-17.920130,0.927635,20.790370,-0.405535,0.616144,-0.247678,0.628144
1.7996,4947,Virtual,Middle_FingerTip,-17.916790,0.904688,20.774150,-0.405535,0.616144,-0.247678,0.628144
1.7996,4947,Virtual,Ring_MCP,-17.944740,0.959915,20.867120,-0.233301,0.703716,-0.041728,0.669787
1.7996,4947,Virtual,Ring_PIP,-17.944450,0.942033,20.824150,-0.339995,0.658824,-0.145475,0.655128
1.7996,4947,Virtual,Ring_DIP,-17.942090,0.925210,20.804020,-0.429002,0.604650,-0.235885,0.628262
1.7996,4947,Virtual,Ring_FingerTip,-17.938030,0.904178,20.789640,-0.429002,0.604650,-0.235885,0.628262
1.7996,4947,Virtual,Pinky_MCP,-17.963630,0.954940,20.878000,-0.244910,0.702347,-0.028928,0.667751
1.7996,4947,Virtual,Pinky_PIP,-17.963170,0.939874,20.841630,-0.351249,0.655665,-0.132514,0.655109
1.7996,4947,Virtual,Pinky_DIP,-17.961250,0.928239,20.827580,-0.439702,0.599945,-0.223050,0.630061
1.7996,4947,Virtual,Pinky_FingerTip,-17.957780,0.912747,20.816850,-0.439702,0.599945,-0.223050,0.630061
1.7996,4947,Render,Wrist,-17.922840,0.992065,20.967830,-0.155055,0.721145,-0.003556,0.675200
1.7996,4947,Render,Thumb_CMC,-17.893450,0.985599,20.931300,0.195626,0.244574,-0.512247,0.799699
1.7996,4947,Render,Thumb_MCP,-17.877840,0.953825,20.905330,0.154511,0.272419,-0.632203,0.708684
1.7996,4947,Render,Thumb_IP,-17.875280,0.914018,20.876820,0.056874,0.307979,-0.829279,0.462829
1.7996,4947,Render,Thumb_FingerTip,-17.891390,0.893140,20.866000,0.056874,0.307979,-0.829279,0.462829
1.7996,4947,Render,Index_MCP,-17.894500,0.968779,20.859320,-0.189570,0.706144,-0.095990,0.675433
1.7996,4947,Render,Index_PIP,-17.895230,0.950170,20.816350,-0.388550,0.619359,-0.290078,0.617478
1.7996,4947,Render,Index_DIP,-17.893560,0.928379,20.802350,-0.538791,0.494247,-0.443341,0.518529
1.7996,4947,Render,Index_FingerTip,-17.890380,0.901684,20.801410,-0.538791,0.494247,-0.443341,0.518529
1.7996,4947,Render,Middle_MCP,-17.921690,0.965377,20.860540,-0.224111,0.702756,-0.068877,0.671688
1.7996,4947,Render,Middle_PIP,-17.921540,0.943858,20.812320,-0.348032,0.650358,-0.189737,0.648003
1.7996,4947,Render,Middle_DIP,-17.919270,0.924493,20.792610,-0.449771,0.584635,-0.293224,0.608217
1.7996,4947,Render,Middle_FingerTip,-17.915180,0.899517,20.779950,-0.449771,0.584635,-0.293224,0.608217
1.7996,4947,Render,Ring_MCP,-17.944740,0.959915,20.867120,-0.247749,0.698760,-0.055517,0.668785
1.7996,4947,Render,Ring_PIP,-17.943930,0.940347,20.824900,-0.383489,0.634493,-0.189160,0.643874
1.7996,4947,Render,Ring_DIP,-17.940680,0.921110,20.807200,-0.492345,0.554294,-0.302952,0.598812
1.7996,4947,Render,Ring_FingerTip,-17.935470,0.897667,20.797760,-0.492345,0.554294,-0.302952,0.598812
1.7996,4947,Render,Pinky_MCP,-17.963630,0.954940,20.878000,-0.259327,0.697153,-0.042678,0.667013
1.7996,4947,Render,Pinky_PIP,-17.962680,0.938463,20.842260,-0.394505,0.630586,-0.176227,0.644726
1.7996,4947,Render,Pinky_DIP,-17.960060,0.925166,20.829890,-0.502469,0.548450,-0.290389,0.601999
1.7996,4947,Render,Pinky_FingerTip,-17.955660,0.907909,20.822830,-0.502469,0.548450,-0.290389,0.601999
1.8137,4948,Real,Wrist,-17.921590,0.992282,20.967680,-0.155104,0.717542,-0.002271,0.679023
1.8137,4948,Real,Thumb_CMC,-17.891830,0.986011,20.931430,0.280293,0.190802,-0.432016,0.835699
1.8137,4948,Real,Thumb_MCP,-17.867500,0.959001,20.906790,0.216202,0.261201,-0.647307,0.682660
1.8137,4948,Real,Thumb_IP,-17.866250,0.921207,20.875580,0.062154,0.333327,-0.897369,0.282417
1.8137,4948,Real,Thumb_FingerTip,-17.889980,0.907942,20.867030,0.062154,0.333327,-0.897369,0.282417
1.8137,4948,Real,Index_MCP,-17.892100,0.969402,20.859390,-0.172147,0.706979,-0.078498,0.681458
1.8137,4948,Real,Index_PIP,-17.892660,0.952994,20.815530,-0.345778,0.640228,-0.248718,0.639285
1.8137,4948,Real,Index_DIP,-17.891200,0.933247,20.798740,-0.483020,0.544193,-0.388317,0.565470
1.8137,4948,Real,Index_FingerTip,-17.888340,0.907292,20.792280,-0.483020,0.544193,-0.388317,0.565470
1.8137,4948,Real,Middle_MCP,-17.919300,0.965917,20.860320,-0.208942,0.703752,-0.053633,0.676905
1.8137,4948,Real,Middle_PIP,-17.919100,0.946553,20.811200,-0.301492,0.669348,-0.143985,0.663585
1.8137,4948,Real,Middle_DIP,-17.917370,0.930068,20.788970,-0.380169,0.628008,-0.223121,0.641322
1.8137,4948,Real,Middle_FingerTip,-17.914210,0.908457,20.770980,-0.380169,0.628008,-0.223121,0.641322
1.8137,4948,Real,Ring_MCP,-17.942390,0.960367,20.866650,-0.222335,0.703587,-0.030489,0.674243
1.8137,4948,Real,Ring_PIP,-17.942010,0.943894,20.823130,-0.306342,0.671284,-0.112351,0.665515
1.8137,4948,Real,Ring_DIP,-17.940080,0.929120,20.801410,-0.378086,0.633655,-0.184631,0.649188
1.8137,4948,Real,Ring_FingerTip,-17.936760,0.910573,20.783780,-0.378086,0.633655,-0.184631,0.649188
1.8137,4948,Real,Pinky_MCP,-17.961380,0.955305,20.877330,-0.234028,0.702373,-0.017785,0.672003
1.8137,4948,Real,Pinky_PIP,-17.960880,0.941420,20.840500,-0.317801,0.668655,-0.099469,0.664838
1.8137,4948,Real,Pinky_DIP,-17.959300,0.931197,20.825350,-0.389187,0.629785,-0.171753,0.649927
1.8137,4948,Real,Pinky_FingerTip,-17.956470,0.917528,20.812220,-0.389187,0.629785,-0.171753,0.649927
1.8137,4948,Virtual,Wrist,-17.922220,0.992411,20.967590,-0.153915,0.719203,-0.002519,0.677533
1.8137,4948,Virtual,Thumb_CMC,-17.892630,0.986093,20.931210,0.279941,0.192417,-0.433615,0.834618
1.8137,4948,Virtual,Thumb_MCP,-17.868480,0.959041,20.906440,0.215416,0.262655,-0.648542,0.681177
1.8137,4948,Virtual,Thumb_IP,-17.867460,0.921269,20.875200,0.060760,0.334215,-0.897729,0.280522
1.8137,4948,Virtual,Thumb_FingerTip,-17.891260,0.908072,20.866750,0.060760,0.334215,-0.897729,0.280522
1.8137,4948,Virtual,Index_MCP,-17.893260,0.969543,20.859160,-0.171135,0.708698,-0.078717,0.679900
1.8137,4948,Virtual,Index_PIP,-17.894050,0.953172,20.815290,-0.345235,0.642147,-0.248535,0.637723
1.8137,4948,Virtual,Index_DIP,-17.892700,0.933435,20.798490,-0.482930,0.546186,-0.387781,0.563991
1.8137,4948,Virtual,Index_FingerTip,-17.889940,0.907478,20.791990,-0.482930,0.546186,-0.387781,0.563991
1.8137,4948,Virtual,Middle_MCP,-17.920460,0.966127,20.860210,-0.207882,0.705499,-0.053768,0.675401
1.8137,4948,Virtual,Middle_PIP,-17.920520,0.946802,20.811070,-0.300676,0.671221,-0.143917,0.662077
1.8137,4948,Virtual,Middle_DIP,-17.918930,0.930331,20.788830,-0.379586,0.629966,-0.222871,0.639833
1.8137,4948,Virtual,Middle_FingerTip,-17.915900,0.908726,20.770800,-0.379586,0.629966,-0.222871,0.639833
1.8137,4948,Virtual,Ring_MCP,-17.943530,0.960631,20.866630,-0.221226,0.705336,-0.030592,0.672774
1.8137,4948,Virtual,Ring_PIP,-17.943390,0.944193,20.823100,-0.305455,0.673154,-0.112274,0.664045
1.8137,4948,Virtual,Ring_DIP,-17.941590,0.929431,20.801350,-0.377409,0.635611,-0.184394,0.647734
1.8137,4948,Virtual,Ring_FingerTip,-17.938390,0.910890,20.783700,-0.377409,0.635611,-0.184394,0.647734
1.8137,4948,Virtual,Pinky_MCP,-17.962490,0.955609,20.877390,-0.232895,0.704126,-0.017860,0.670558
1.8137,4948,Virtual,Pinky_PIP,-17.962190,0.941753,20.840540,-0.316889,0.670533,-0.099367,0.663395
1.8137,4948,Virtual,Pinky_DIP,-17.960700,0.931538,20.825370,-0.388487,0.631753,-0.171494,0.648503
1.8137,4948,Virtual,Pinky_FingerTip,-17.957970,0.917873,20.812230,-0.388487,0.631753,-0.171494,0.648503
1.8137,4948,Render,Wrist,-17.922220,0.992411,20.967590,-0.153915,0.719203,-0.002519,0.677533
1.8137,4948,Render,Thumb_CMC,-17.892630,0.986093,20.931210,0.198529,0.243300,-0.511081,0.800118
1.8137,4948,Render,Thumb_MCP,-17.876850,0.954423,20.905200,0.157579,0.271620,-0.631119,0.709282
1.8137,4948,Render,Thumb_IP,-17.874120,0.914724,20.876560,0.060035,0.308228,-0.828450,0.463749
1.8137,4948,Render,Thumb_FingerTip,-17.890160,0.893880,20.865580,0.060035,0.308228,-0.828450,0.463749
1.8137,4948,Render,Index_MCP,-17.893260,0.969543,20.859160,-0.178423,0.706899,-0.085714,0.679053
1.8137,4948,Render,Index_PIP,-17.893920,0.952279,20.815630,-0.366512,0.630246,-0.269718,0.629057
1.8137,4948,Render,Index_DIP,-17.892360,0.931480,20.800180,-0.511846,0.519186,-0.417803,0.542126
1.8137,4948,Render,Index_FingerTip,-17.889350,0.904997,20.796540,-0.511846,0.519186,-0.417803,0.542126
1.8137,4948,Render,Middle_MCP,-17.920460,0.966127,20.860210,-0.212866,0.704011,-0.058542,0.675004
1.8137,4948,Render,Middle_PIP,-17.920360,0.946126,20.811340,-0.316563,0.663876,-0.159631,0.658464
1.8137,4948,Render,Middle_DIP,-17.918480,0.928648,20.789900,-0.403769,0.614747,-0.247555,0.630693
1.8137,4948,Render,Middle_FingerTip,-17.915040,0.905763,20.773620,-0.403769,0.614747,-0.247555,0.630693
1.8137,4948,Render,Ring_MCP,-17.943530,0.960631,20.866630,-0.232059,0.701846,-0.040946,0.672224
1.8137,4948,Render,Ring_PIP,-17.943010,0.942911,20.823610,-0.338477,0.657170,-0.145082,0.657657
1.8137,4948,Render,Ring_DIP,-17.940520,0.926164,20.803420,-0.427268,0.603226,-0.235851,0.630821
1.8137,4948,Render,Ring_FingerTip,-17.936370,0.905187,20.788990,-0.427268,0.603226,-0.235851,0.630821
1.8137,4948,Render,Pinky_MCP,-17.962490,0.955609,20.877390,-0.243708,0.700457,-0.028182,0.670203
1.8137,4948,Render,Pinky_PIP,-17.961820,0.940680,20.840970,-0.349767,0.653985,-0.132159,0.657648
1.8137,4948,Render,Pinky_DIP,-17.959810,0.929098,20.826890,-0.438000,0.598490,-0.223055,0.632624
1.8137,4948,Render,Pinky_FingerTip,-17.956280,0.913647,20.816120,-0.438000,0.598490,-0.223055,0.632624
1.8284,4949,Real,Wrist,-17.920990,0.991859,20.968020,-0.157368,0.716303,-0.003037,0.679806
1.8284,4949,Real,Thumb_CMC,-17.891100,0.985523,20.931880,0.280029,0.187659,-0.427059,0.839040
1.8284,4949,Real,Thumb_MCP,-17.866300,0.958670,20.907550,0.219238,0.256060,-0.636989,0.693263
1.8284,4949,Real,Thumb_IP,-17.863490,0.920871,20.876450,0.072880,0.329121,-0.888353,0.311763
1.8284,4949,Real,Thumb_FingerTip,-17.886140,0.906452,20.866910,0.072880,0.329121,-0.888353,0.311763
1.8284,4949,Real,Index_MCP,-17.891120,0.968630,20.859900,-0.168406,0.706991,-0.073583,0.682926
1.8284,4949,Real,Index_PIP,-17.891610,0.952772,20.815840,-0.323763,0.650673,-0.225955,0.648651
1.8284,4949,Real,Index_DIP,-17.890280,0.934228,20.797730,-0.449486,0.571104,-0.353315,0.589043
1.8284,4949,Real,Index_FingerTip,-17.887640,0.909220,20.788170,-0.449486,0.571104,-0.353315,0.589043
1.8284,4949,Real,Middle_MCP,-17.918300,0.965077,20.860770,-0.207719,0.703355,-0.051190,0.677883
1.8284,4949,Real,Middle_PIP,-17.918020,0.945982,20.811540,-0.291850,0.672814,-0.133384,0.666599
1.8284,4949,Real,Middle_DIP,-17.916380,0.930167,20.788840,-0.363885,0.636744,-0.205694,0.647947
1.8284,4949,Real,Middle_FingerTip,-17.913420,0.909510,20.769720,-0.363885,0.636744,-0.205694,0.647947
1.8284,4949,Real,Ring_MCP,-17.941400,0.959492,20.867050,-0.217627,0.704383,-0.024711,0.675184
1.8284,4949,Real,Ring_PIP,-17.941100,0.943672,20.823290,-0.287249,0.678973,-0.092376,0.669291
1.8284,4949,Real,Ring_DIP,-17.939500,0.930139,20.800750,-0.347446,0.650229,-0.152497,0.658201
1.8284,4949,Real,Ring_FingerTip,-17.936710,0.913302,20.781390,-0.347446,0.650229,-0.152497,0.658201
1.8284,4949,Real,Pinky_MCP,-17.960410,0.954423,20.877700,-0.229344,0.703297,-0.012048,0.672778
1.8284,4949,Real,Pinky_PIP,-17.960000,0.941083,20.840660,-0.298798,0.676716,-0.079536,0.668169
1.8284,4949,Real,Pinky_DIP,-17.958690,0.931715,20.824940,-0.358744,0.646937,-0.139608,0.658244
1.8284,4949,Real,Pinky_FingerTip,-17.956310,0.919301,20.810540,-0.358744,0.646937,-0.139608,0.658244
1.8284,4949,Virtual,Wrist,-17.921600,0.992281,20.967680,-0.155104,0.717542,-0.002270,0.679023
1.8284,4949,Virtual,Thumb_CMC,-17.891830,0.986010,20.931430,0.281277,0.189408,-0.428201,0.837647
1.8284,4949,Virtual,Thumb_MCP,-17.867170,0.959189,20.906920,0.219969,0.258081,-0.637715,0.691613
1.8284,4949,Virtual,Thumb_IP,-17.864560,0.921506,20.875660,0.072574,0.331248,-0.888217,0.309966
1.8284,4949,Virtual,Thumb_FingerTip,-17.887280,0.907184,20.866130,0.072574,0.331248,-0.888217,0.309966
1.8284,4949,Virtual,Index_MCP,-17.892110,0.969401,20.859390,-0.166254,0.708388,-0.072821,0.682088
1.8284,4949,Virtual,Index_PIP,-17.892770,0.953719,20.815270,-0.321983,0.652519,-0.225023,0.648005
1.8284,4949,Virtual,Index_DIP,-17.891550,0.935243,20.797080,-0.448119,0.573274,-0.352272,0.588601
1.8284,4949,Virtual,Index_FingerTip,-17.889010,0.910266,20.787420,-0.448119,0.573274,-0.352272,0.588601
1.8284,4949,Virtual,Middle_MCP,-17.919300,0.965916,20.860320,-0.205548,0.704751,-0.050370,0.677156
1.8284,4949,Virtual,Middle_PIP,-17.919220,0.947015,20.811020,-0.289865,0.674464,-0.132481,0.665977
1.8284,4949,Virtual,Middle_DIP,-17.917690,0.931285,20.788250,-0.362093,0.638602,-0.204728,0.647429
1.8284,4949,Virtual,Middle_FingerTip,-17.914850,0.910695,20.769040,-0.362093,0.638602,-0.204728,0.647429
1.8284,4949,Virtual,Ring_MCP,-17.942400,0.960366,20.866660,-0.215419,0.705735,-0.023870,0.674510
1.8284,4949,Virtual,Ring_PIP,-17.942270,0.944718,20.822830,-0.285188,0.680540,-0.091472,0.668705
1.8284,4949,Virtual,Ring_DIP,-17.940770,0.931269,20.800230,-0.345536,0.651976,-0.151543,0.657699
1.8284,4949,Virtual,Ring_FingerTip,-17.938090,0.914502,20.780800,-0.345536,0.651976,-0.151543,0.657699
1.8284,4949,Virtual,Pinky_MCP,-17.961390,0.955304,20.877340,-0.227124,0.704636,-0.011189,0.672145
1.8284,4949,Virtual,Pinky_PIP,-17.961120,0.942109,20.840240,-0.296723,0.678271,-0.078617,0.667625
1.8284,4949,Virtual,Pinky_DIP,-17.959890,0.932799,20.824480,-0.356819,0.648673,-0.138643,0.657786
1.8284,4949,Virtual,Pinky_FingerTip,-17.957590,0.920436,20.810030,-0.356819,0.648673,-0.138643,0.657786
1.8284,4949,Render,Wrist,-17.921600,0.992281,20.967680,-0.155104,0.717542,-0.002270,0.679023
1.8284,4949,Render,Thumb_CMC,-17.891830,0.986010,20.931430,0.199503,0.242096,-0.509626,0.801168
1.8284,4949,Render,Thumb_MCP,-17.875880,0.954395,20.905470,0.158731,0.270585,-0.629848,0.710549
1.8284,4949,Render,Thumb_IP,-17.872930,0.914720,20.876810,0.061462,0.307627,-0.827664,0.465361
1.8284,4949,Render,Thumb_FingerTip,-17.888860,0.893844,20.865750,0.061462,0.307627,-0.827664,0.465361
1.8284,4949,Render,Index_MCP,-17.892110,0.969401,20.859390,-0.172147,0.706979,-0.078498,0.681458
1.8284,4949,Render,Index_PIP,-17.892670,0.952993,20.815530,-0.345778,0.640228,-0.248718,0.639285
1.8284,4949,Render,Index_DIP,-17.891200,0.933246,20.798750,-0.483020,0.544193,-0.388317,0.565470
1.8284,4949,Render,Index_FingerTip,-17.888350,0.907291,20.792290,-0.483020,0.544193,-0.388317,0.565470
1.8284,4949,Render,Middle_MCP,-17.919300,0.965916,20.860320,-0.208942,0.703752,-0.053632,0.676905
1.8284,4949,Render,Middle_PIP,-17.919110,0.946552,20.811200,-0.301492,0.669347,-0.143985,0.663585
1.8284,4949,Render,Middle_DIP,-17.917370,0.930067,20.788980,-0.380170,0.628008,-0.223120,0.641323
1.8284,4949,Render,Middle_FingerTip,-17.914210,0.908456,20.770990,-0.380170,0.628008,-0.223120,0.641323
1.8284,4949,Render,Ring_MCP,-17.942400,0.960366,20.866660,-0.222335,0.703587,-0.030489,0.674243
1.8284,4949,Render,Ring_PIP,-17.942020,0.943893,20.823130,-0.306342,0.671284,-0.112351,0.665515
1.8284,4949,Render,Ring_DIP,-17.940090,0.929119,20.801410,-0.378086,0.633654,-0.184631,0.649188
1.8284,4949,Render,Ring_FingerTip,-17.936760,0.910572,20.783790,-0.378086,0.633654,-0.184631,0.649188
1.8284,4949,Render,Pinky_MCP,-17.961390,0.955304,20.877340,-0.234028,0.702372,-0.017785,0.672003
1.8284,4949,Render,Pinky_PIP,-17.960890,0.941419,20.840500,-0.317801,0.668655,-0.099468,0.664838
1.8284,4949,Render,Pinky_DIP,-17.959310,0.931196,20.825350,-0.389187,0.629785,-0.171753,0.649927
1.8284,4949,Render,Pinky_FingerTip,-17.956480,0.917527,20.812230,-0.389187,0.629785,-0.171753,0.649927
